ticker,entry_date,entry_price,entry_cap_m,entry_sma_dollar_vol,signal_date,signal_price,signal_cap_m,signal_return_pct,peak_date,peak_price,peak_cap_m,peak_return_pct,days_low_to_signal,days_low_to_peak,year
FLNC,2026-04-29,11.83,1571.16,108.27,2026-05-08,24.16,3208.73,104.23,2026-05-08,24.16,3208.73,104.23,10.0,10.0,2026
PENG,2026-03-30,16.24,824.14,24.83,2026-05-05,36.45,1849.75,124.45,2026-05-08,44.23,2244.56,172.35,37.0,40.0,2026
INOD,2026-03-30,34.45,1124.98,80.2,2026-05-08,84.89,2772.11,146.42,2026-05-08,84.89,2772.11,146.42,40.0,40.0,2026
OGN,2026-03-30,5.7,1496.82,41.34,2026-04-27,13.16,3455.83,130.88,2026-05-06,13.41,3521.48,135.26,29.0,38.0,2026
CRDO,2026-03-30,87.81,16196.55,896.17,2026-04-21,183.32,33813.36,108.77,2026-04-24,195.04,35975.12,122.12,23.0,26.0,2026
CRML,2026-03-30,6.67,978.68,235.54,2026-04-27,14.45,2120.23,116.64,2026-04-27,14.45,2120.23,116.64,29.0,29.0,2026
APLD,2026-03-30,20.54,5871.14,873.99,2026-05-06,44.24,12642.44,115.33,2026-05-06,44.24,12642.44,115.33,38.0,38.0,2026
ALAB,2026-03-30,100.27,17187.07,866.86,2026-04-24,212.84,36482.47,112.27,2026-04-24,212.84,36482.47,112.27,26.0,26.0,2026
WOLF,2026-03-30,14.8,715.41,62.42,2026-04-24,31.23,1509.62,111.01,2026-04-24,31.23,1509.62,111.01,26.0,26.0,2026
RIOT,2026-03-30,11.83,4473.53,350.95,2026-05-06,23.7,8962.18,100.34,2026-05-07,24.11,9117.23,103.8,38.0,39.0,2026
BB,2026-03-30,3.15,1851.83,35.46,2026-05-08,6.37,3744.81,102.22,2026-05-08,6.37,3744.81,102.22,40.0,40.0,2026
INBX,2026-03-27,58.39,852.92,20.18,2026-04-29,124.82,1823.28,113.77,2026-05-06,141.84,2071.9,142.92,34.0,41.0,2026
APLS,2026-03-27,16.97,2172.52,60.47,2026-03-31,40.23,5150.3,137.07,2026-05-06,41.12,5264.23,142.31,5.0,41.0,2026
NAVN,2026-03-24,8.51,2133.98,28.93,2026-04-29,17.13,4295.54,101.29,2026-05-08,18.68,4684.22,119.51,37.0,46.0,2026
SWMR,2026-03-23,26.36,325.51,513.36,2026-04-02,66.48,820.93,152.2,2026-04-02,66.48,820.93,152.2,11.0,11.0,2026
SANM,2026-03-20,122.86,6585.02,116.59,2026-05-08,248.35,13311.0,102.14,2026-05-08,248.35,13311.0,102.14,50.0,50.0,2026
YSS,2026-03-19,17.68,2256.13,49.06,2026-04-09,36.01,4595.21,103.68,2026-04-09,36.01,4595.21,103.68,22.0,22.0,2026
XMTR,2026-03-12,36.1,1898.82,47.93,2026-05-07,78.5,4129.01,117.45,2026-05-08,80.01,4208.43,121.63,57.0,58.0,2026
HTZ,2026-03-12,3.89,1225.56,49.97,2026-04-20,7.81,2460.56,100.77,2026-04-20,7.81,2460.56,100.77,40.0,40.0,2026
BTDR,2026-03-06,7.28,1771.32,109.55,2026-05-06,15.1,3674.04,107.42,2026-05-06,15.1,3674.04,107.42,62.0,62.0,2026
AMD,2026-03-03,190.95,311363.19,10112.36,2026-05-06,421.39,687118.8,120.68,2026-05-08,455.19,742233.1,138.38,65.0,67.0,2026
QURE,2026-03-03,9.03,569.5,126.51,2026-03-10,18.26,1151.61,102.21,2026-03-10,18.26,1151.61,102.21,8.0,8.0,2026
HIMS,2026-02-27,14.52,3355.15,980.14,2026-04-20,31.01,7165.51,113.57,2026-04-20,31.01,7165.51,113.57,53.0,53.0,2026
ASST,2026-02-24,7.16,523.21,101.98,2026-04-17,15.61,1139.9,117.86,2026-04-22,16.66,1216.57,132.52,53.0,58.0,2026
CAR,2026-02-23,87.69,3097.65,103.3,2026-04-02,190.42,6726.58,117.15,2026-04-21,713.97,25220.98,714.2,39.0,58.0,2026
FROG,2026-02-23,34.75,4210.22,106.18,2026-05-08,70.55,8547.65,103.02,2026-05-08,70.55,8547.65,103.02,75.0,75.0,2026
STI,2026-02-19,3.2,24.79,26.38,2026-04-09,7.18,55.61,124.37,2026-04-09,7.18,55.61,124.37,50.0,50.0,2026
FJET,2026-02-12,4.64,204.97,72.88,2026-02-19,10.73,473.99,131.25,2026-02-19,10.73,473.99,131.25,8.0,8.0,2026
MANE,2026-02-09,37.03,1536.16,46.3,2026-04-14,74.99,3110.89,102.51,2026-04-15,80.5,3339.47,117.39,65.0,66.0,2026
CRCL,2026-02-05,50.23,12417.38,1318.67,2026-03-04,105.27,26023.84,109.58,2026-03-18,132.84,32839.43,164.46,28.0,42.0,2026
NBIS,2026-02-05,73.87,18755.46,1637.21,2026-04-13,154.56,39242.5,109.23,2026-04-15,166.77,42342.6,125.76,68.0,70.0,2026
AMSC,2026-02-05,25.95,1235.54,48.16,2026-04-30,53.54,2549.16,106.32,2026-04-30,53.54,2549.16,106.32,85.0,85.0,2026
NKTR,2026-02-05,35.12,1185.02,42.98,2026-03-06,70.7,2385.57,101.31,2026-03-06,70.7,2385.57,101.31,30.0,30.0,2026
MRVL,2026-02-04,73.73,64473.81,1515.51,2026-04-20,147.84,129279.91,100.52,2026-05-06,172.15,150537.99,133.49,76.0,92.0,2026
ARM,2026-02-03,104.55,111241.05,668.85,2026-04-24,234.81,249837.5,124.59,2026-04-24,234.81,249837.5,124.59,81.0,81.0,2026
DELL,2026-01-20,111.07,72216.46,897.98,2026-05-06,238.8,155265.07,115.0,2026-05-08,260.46,169348.15,134.5,107.0,109.0,2026
ACHC,2026-01-16,11.68,1074.17,54.33,2026-02-27,23.44,2155.71,100.68,2026-02-27,23.44,2155.71,100.68,43.0,43.0,2026
MOD,2026-01-07,119.68,6310.87,149.6,2026-04-09,241.52,12735.64,101.8,2026-04-13,256.99,13551.39,114.73,93.0,97.0,2026
TSSI,2025-12-29,6.92,194.27,43.28,2026-04-01,13.95,391.63,101.59,2026-04-01,13.95,391.63,101.59,94.0,94.0,2026
FJET,2025-12-19,6.69,295.52,42.21,2025-12-22,31.5,1391.48,370.85,2025-12-22,31.5,1391.48,370.85,4.0,4.0,2025
UAMY,2025-12-18,4.49,642.42,84.76,2026-03-11,10.51,1503.75,134.08,2026-03-16,10.98,1571.0,144.54,84.0,89.0,2026
STRL,2025-12-17,283.57,8701.62,189.42,2026-05-05,806.0,24732.88,184.23,2026-05-06,886.22,27194.51,212.52,140.0,141.0,2026
CRWV,2025-12-17,64.55,34095.32,2878.55,2026-05-06,137.98,72881.05,113.76,2026-05-06,137.98,72881.05,113.76,141.0,141.0,2026
VG,2025-12-16,5.92,14696.81,92.78,2026-03-05,12.28,30485.94,107.43,2026-03-06,12.48,30982.46,110.81,80.0,81.0,2026
ESLT,2025-12-01,454.95,21277.84,58.11,2026-03-06,936.14,43782.92,105.77,2026-03-06,936.14,43782.92,105.77,96.0,96.0,2026
SOC,2025-11-26,4.12,635.98,77.52,2025-12-18,8.25,1273.49,100.24,2025-12-18,8.25,1273.49,100.24,23.0,23.0,2025
AESI,2025-11-24,8.1,1011.74,25.22,2026-04-24,16.31,2037.21,101.36,2026-05-05,19.22,2400.69,137.28,152.0,163.0,2026
Q,2025-11-24,73.54,15402.33,186.45,2026-05-06,149.44,31298.95,103.21,2026-05-06,149.44,31298.95,103.21,164.0,164.0,2026
FCEL,2025-11-24,6.0,317.87,22.02,2026-04-23,12.17,644.74,102.83,2026-04-23,12.17,644.74,102.83,151.0,151.0,2026
FLY,2025-11-21,16.78,2688.75,53.26,2026-04-06,34.85,5584.2,107.69,2026-04-16,44.17,7077.59,163.23,137.0,147.0,2026
MYRG,2025-11-21,203.61,3170.42,40.69,2026-05-01,433.49,6749.89,112.9,2026-05-05,468.54,7295.65,130.12,162.0,166.0,2026
SNEX,2025-11-21,55.81,4422.76,41.55,2026-05-07,120.9,9581.51,116.64,2026-05-08,121.92,9662.34,118.47,168.0,169.0,2026
CAMT,2025-11-21,94.4,4394.19,44.73,2026-04-23,195.89,9118.41,107.51,2026-04-24,203.0,9449.37,115.04,154.0,155.0,2026
POWL,2025-11-21,94.02,3425.18,70.46,2026-03-25,194.85,7098.83,107.25,2026-03-25,194.85,7098.83,107.25,125.0,125.0,2026
MXL,2025-11-20,13.05,1168.57,20.7,2026-04-17,26.27,2352.37,101.3,2026-05-08,99.83,8939.37,664.98,149.0,170.0,2026
DOCN,2025-11-20,43.18,4506.45,89.61,2026-05-08,163.95,17110.51,279.69,2026-05-08,163.95,17110.51,279.69,170.0,170.0,2026
VICR,2025-11-20,83.28,3796.02,23.23,2026-04-24,273.53,12467.88,228.45,2026-05-06,280.34,12778.29,236.62,156.0,168.0,2026
SIMO,2025-11-20,80.16,2718.05,30.72,2026-04-29,217.5,7374.95,171.33,2026-05-08,253.59,8598.69,216.35,161.0,170.0,2026
VSH,2025-11-20,11.82,1608.76,25.36,2026-04-15,23.76,3233.86,101.02,2026-05-08,34.26,4662.97,189.85,147.0,170.0,2026
RCAT,2025-11-20,6.14,753.64,107.79,2026-01-13,13.06,1603.02,112.7,2026-01-22,17.36,2130.81,182.74,55.0,64.0,2026
STM,2025-11-20,21.2,18842.44,189.98,2026-04-17,44.22,39302.48,108.58,2026-05-08,59.17,52589.95,179.1,149.0,170.0,2026
IRDM,2025-11-20,15.84,1674.73,48.69,2026-04-02,32.86,3474.21,107.45,2026-04-16,43.41,4589.64,174.05,134.0,148.0,2026
DIOD,2025-11-20,42.36,1946.22,22.16,2026-04-13,88.26,4055.08,108.36,2026-05-06,116.05,5331.89,173.96,145.0,168.0,2026
FLEX,2025-11-20,54.5,20040.07,216.55,2026-05-06,134.73,49536.71,147.19,2026-05-08,142.17,52272.2,160.84,168.0,170.0,2026
POWI,2025-11-20,30.92,1722.86,36.46,2026-04-21,67.37,3753.86,117.88,2026-05-06,78.23,4358.97,153.01,153.0,168.0,2026
ON,2025-11-20,44.9,17596.45,466.47,2026-04-23,97.78,38320.29,117.77,2026-05-06,105.77,41451.6,135.57,155.0,168.0,2026
VECO,2025-11-20,26.39,1610.67,22.37,2026-05-06,62.01,3784.69,134.98,2026-05-06,62.01,3784.69,134.98,168.0,168.0,2026
MRNA,2025-11-20,22.36,8872.14,284.01,2026-01-21,49.81,19763.92,122.76,2026-01-22,51.87,20581.3,131.98,63.0,64.0,2026
ACLS,2025-11-20,74.12,2277.93,46.84,2026-05-06,171.0,5255.34,130.71,2026-05-06,171.0,5255.34,130.71,168.0,168.0,2026
GFS,2025-11-20,32.24,17680.95,90.93,2026-04-30,64.6,35427.7,100.37,2026-05-08,74.12,40648.63,129.9,162.0,170.0,2026
FIX,2025-11-20,876.19,30844.01,277.77,2026-04-30,1840.25,64781.26,110.03,2026-05-06,2011.49,70809.32,129.57,162.0,168.0,2026
GLW,2025-11-20,78.03,67155.57,462.55,2026-04-08,165.1,142091.3,111.59,2026-04-24,175.89,151377.59,125.41,140.0,156.0,2026
ALGM,2025-11-20,22.8,4224.63,60.19,2026-04-30,48.5,8986.61,112.72,2026-05-06,51.37,9518.39,125.31,162.0,168.0,2026
RXO,2025-11-20,10.48,1728.36,30.28,2026-05-07,23.11,3811.31,120.52,2026-05-07,23.11,3811.31,120.52,169.0,169.0,2026
CTRI,2025-11-20,19.37,1955.1,35.99,2026-05-01,39.25,3961.69,102.63,2026-05-06,41.8,4219.07,115.8,163.0,168.0,2026
SKYT,2025-11-20,13.56,666.57,21.89,2026-03-23,29.24,1437.36,115.63,2026-03-23,29.24,1437.36,115.63,124.0,124.0,2026
SYNA,2025-11-20,58.52,2261.08,26.89,2026-05-08,125.43,4846.32,114.34,2026-05-08,125.43,4846.32,114.34,170.0,170.0,2026
ARCB,2025-11-20,59.62,1327.37,24.59,2026-04-23,119.89,2669.2,101.09,2026-04-28,127.76,2844.42,114.29,155.0,160.0,2026
AEHR,2025-11-20,19.4,610.19,34.86,2026-02-25,41.48,1304.68,113.81,2026-02-25,41.48,1304.68,113.81,98.0,98.0,2026
LRCX,2025-11-20,139.59,174567.21,1289.4,2026-05-06,297.17,371632.18,112.89,2026-05-06,297.17,371632.18,112.89,168.0,168.0,2026
UI,2025-11-20,515.44,31194.84,88.48,2026-04-16,1039.13,62888.97,101.6,2026-04-17,1084.5,65634.8,110.4,148.0,149.0,2026
ECG,2025-11-20,80.42,4104.77,36.47,2026-05-05,168.32,8591.32,109.3,2026-05-06,169.16,8634.2,110.35,167.0,168.0,2026
RDW,2025-11-20,5.06,1006.53,60.46,2026-01-05,10.26,2040.91,102.77,2026-01-06,10.64,2116.5,110.28,47.0,48.0,2026
MCHP,2025-11-20,49.02,26526.46,550.41,2026-05-05,98.48,53291.02,100.9,2026-05-06,102.92,55693.66,109.96,167.0,168.0,2026
CAVA,2025-11-20,43.59,5074.42,307.9,2026-03-16,87.25,10156.98,100.16,2026-03-17,90.52,10537.65,107.66,117.0,118.0,2026
LUNR,2025-11-20,8.05,1287.69,81.0,2025-12-22,16.69,2669.76,107.33,2025-12-24,16.71,2672.96,107.58,33.0,35.0,2025
UMAC,2025-11-20,7.76,370.83,47.01,2026-01-06,16.0,764.6,106.19,2026-01-06,16.0,764.6,106.19,48.0,48.0,2026
NTLA,2025-11-20,8.04,956.19,87.03,2026-04-22,16.57,1970.66,106.09,2026-04-22,16.57,1970.66,106.09,154.0,154.0,2026
INTC,2025-11-20,33.62,168974.12,2991.25,2026-04-16,68.5,344281.0,103.75,2026-04-16,68.5,344281.0,103.75,148.0,148.0,2026
WLK,2025-11-20,56.38,7223.57,97.38,2026-03-12,114.22,14634.2,102.59,2026-03-12,114.22,14634.2,102.59,113.0,113.0,2026
ACMR,2025-11-20,29.67,1964.6,44.26,2026-05-08,59.85,3962.96,101.72,2026-05-08,59.85,3962.96,101.72,170.0,170.0,2026
PLXS,2025-11-20,132.74,3551.65,24.22,2026-05-08,266.55,7131.92,100.81,2026-05-08,266.55,7131.92,100.81,170.0,170.0,2026
CC,2025-11-20,10.48,1575.96,49.6,2026-02-11,21.02,3160.94,100.57,2026-02-11,21.02,3160.94,100.57,84.0,84.0,2026
ENTG,2025-11-20,68.8,10478.24,237.72,2026-02-11,137.79,20985.42,100.28,2026-02-11,137.79,20985.42,100.28,84.0,84.0,2026
VOYG,2025-11-19,17.99,1066.13,55.54,2026-01-23,37.09,2198.03,106.17,2026-01-23,37.09,2198.03,106.17,66.0,66.0,2026
FORM,2025-11-18,48.68,3794.84,34.49,2026-05-04,134.37,10474.78,176.03,2026-05-06,149.12,11624.62,206.33,168.0,170.0,2026
LASR,2025-11-18,28.6,1613.22,22.04,2026-04-15,66.42,3746.52,132.24,2026-04-24,75.79,4275.05,165.0,149.0,158.0,2026
SOLS,2025-11-18,41.43,6579.26,43.02,2026-05-05,83.56,13269.69,101.69,2026-05-05,83.56,13269.69,101.69,169.0,169.0,2026
AEVA,2025-11-17,9.19,579.21,50.78,2026-01-09,19.87,1252.34,116.21,2026-01-14,20.69,1304.02,125.14,54.0,59.0,2026
UMC,2025-11-17,7.02,17654.4,56.29,2026-05-06,15.23,38301.5,116.95,2026-05-08,15.42,38779.32,119.66,171.0,173.0,2026
KGS,2025-11-17,32.95,2909.35,51.6,2026-04-24,65.98,5825.76,100.24,2026-05-06,71.4,6304.32,116.69,159.0,171.0,2026
LSCC,2025-11-17,61.73,8457.5,140.35,2026-05-04,125.57,17204.08,103.42,2026-05-04,125.57,17204.08,103.42,169.0,169.0,2026
BKSY,2025-11-17,13.14,487.61,39.93,2026-01-12,26.61,987.47,102.51,2026-01-12,26.61,987.47,102.51,57.0,57.0,2026
POET,2025-11-17,4.17,636.81,39.53,2026-01-21,8.37,1278.19,100.72,2026-01-21,8.37,1278.19,100.72,66.0,66.0,2026
MTZ,2025-11-13,190.08,15019.85,169.19,2026-04-23,382.88,30254.62,101.43,2026-04-23,382.88,30254.62,101.43,162.0,162.0,2026
HUN,2025-11-06,7.42,1301.09,46.71,2026-05-05,14.99,2628.48,102.02,2026-05-06,15.1,2647.77,103.5,181.0,182.0,2026
GCT,2025-11-06,25.46,927.05,21.66,2026-04-17,51.8,1886.14,103.46,2026-04-17,51.8,1886.14,103.46,163.0,163.0,2026
ORLA,2025-11-05,9.52,3289.16,22.87,2026-02-23,19.23,6643.96,102.0,2026-03-02,21.7,7497.35,127.94,111.0,118.0,2026
APA,2025-11-05,21.66,7656.17,151.9,2026-03-27,44.39,15690.54,104.94,2026-03-27,44.39,15690.54,104.94,143.0,143.0,2026
AKAM,2025-11-05,72.98,10655.08,164.3,2026-05-08,147.71,21565.66,102.4,2026-05-08,147.71,21565.66,102.4,185.0,185.0,2026
GEV,2025-11-04,547.96,147247.81,1655.41,2026-04-22,1127.56,302997.92,105.77,2026-04-23,1149.53,308901.7,109.78,170.0,171.0,2026
GPCR,2025-10-24,26.39,1875.66,20.31,2026-04-07,54.68,3886.35,107.2,2026-04-09,55.14,3919.05,108.94,166.0,168.0,2026
MKSI,2025-10-22,134.42,9079.28,115.23,2026-04-17,278.59,18817.12,107.25,2026-04-24,280.98,18978.55,109.03,178.0,185.0,2026
PRAX,2025-10-16,162.71,4536.16,36.08,2026-04-20,342.57,9550.43,110.54,2026-04-24,344.82,9613.16,110.14,187.0,191.0,2026
FTI,2025-10-15,35.57,14181.83,166.16,2026-03-27,71.19,28383.59,100.14,2026-03-27,71.19,28383.59,100.14,164.0,164.0,2026
DAR,2025-10-13,29.91,4747.59,81.03,2026-03-30,60.37,9582.48,101.84,2026-04-02,64.65,10261.84,116.15,169.0,172.0,2026
TER,2025-10-10,132.08,20676.09,369.57,2026-03-24,320.14,50115.41,142.38,2026-04-24,418.08,65447.15,201.12,166.0,197.0,2026
ZIM,2025-10-10,12.44,1499.26,88.1,2026-02-17,27.85,3356.47,123.87,2026-02-20,29.27,3527.61,135.29,131.0,134.0,2026
AMKR,2025-10-10,28.26,7004.88,48.47,2026-04-10,57.96,14366.69,105.1,2026-04-14,61.32,15199.54,116.99,183.0,187.0,2026
KEYS,2025-10-10,159.49,27352.93,153.39,2026-04-09,322.94,55385.02,102.48,2026-04-24,346.96,59504.51,110.67,182.0,197.0,2026
DOW,2025-10-10,20.65,14883.31,335.81,2026-03-30,41.87,30177.44,102.76,2026-03-30,41.87,30177.44,102.76,172.0,172.0,2026
DAN,2025-10-10,18.13,1986.26,34.71,2026-04-10,36.46,3994.43,101.1,2026-04-13,36.69,4019.63,102.37,183.0,186.0,2026
NOK,2025-10-09,5.18,28917.53,105.5,2026-04-13,10.37,57890.88,100.19,2026-04-13,10.37,57890.88,100.19,187.0,187.0,2026
COGT,2025-10-01,14.13,2414.36,20.23,2026-04-01,35.24,6021.39,149.4,2026-04-09,37.35,6381.92,164.33,183.0,191.0,2026
CELC,2025-10-01,45.22,2185.78,31.0,2026-02-09,107.9,5215.53,138.61,2026-04-21,126.07,6093.8,142.63,132.0,203.0,2026
PTEN,2025-09-30,5.18,1966.42,65.4,2026-03-17,10.72,4069.5,106.95,2026-03-27,11.36,4312.46,119.31,169.0,179.0,2026
MLTX,2025-09-29,6.24,454.96,30.41,2025-11-12,12.77,930.32,104.48,2025-12-16,15.34,1117.55,145.64,45.0,79.0,2025
TXG,2025-09-29,11.34,1462.76,37.84,2026-01-21,22.68,2925.51,100.0,2026-01-22,23.19,2991.3,104.5,115.0,116.0,2026
AZN,2025-09-25,73.53,114033.86,350.7,2026-02-02,188.41,292195.29,156.24,2026-02-17,209.48,324871.66,184.89,131.0,146.0,2026
CENX,2025-09-24,25.85,2558.48,32.32,2026-03-16,55.64,5507.41,115.26,2026-03-17,56.49,5591.04,118.53,174.0,175.0,2026
REPL,2025-09-19,3.22,266.3,33.42,2026-01-28,7.36,607.73,128.22,2026-02-20,8.64,713.43,167.91,132.0,155.0,2026
BMA,2025-09-19,39.27,2510.89,28.65,2025-10-27,79.11,5058.22,101.45,2025-11-03,90.88,5810.78,131.42,39.0,46.0,2025
GGAL,2025-09-19,26.45,4248.54,80.26,2025-10-29,55.05,8842.43,108.13,2025-11-03,60.79,9764.42,129.83,41.0,46.0,2025
VIST,2025-09-19,33.7,3545.89,45.64,2026-03-17,69.11,7271.7,105.07,2026-03-30,76.55,8054.53,127.08,180.0,193.0,2026
FOFO,2025-09-18,10.62,80.4,27.78,2025-09-25,29.75,225.24,180.13,2025-09-26,45.0,340.7,323.73,8.0,9.0,2025
AG,2025-09-18,9.94,4907.79,165.39,2026-03-13,22.56,11138.81,126.96,2026-03-13,22.56,11138.81,126.96,177.0,177.0,2026
EXK,2025-09-10,5.88,1740.88,57.69,2026-02-27,13.9,4115.36,136.39,2026-02-27,13.9,4115.36,136.39,171.0,171.0,2026
TWST,2025-09-10,24.16,1504.47,42.56,2026-02-06,49.24,3066.24,103.81,2026-02-06,49.24,3066.24,103.81,150.0,150.0,2026
ASTS,2025-09-09,36.91,11024.23,422.67,2025-12-11,84.75,25313.02,129.61,2025-12-11,84.75,25313.02,129.61,94.0,94.0,2025
SEI,2025-09-09,24.92,1455.39,43.64,2025-12-02,50.46,2946.98,102.49,2025-12-05,55.36,3233.15,122.15,85.0,88.0,2025
LBRT,2025-09-09,10.02,1635.18,42.59,2025-12-10,20.18,3293.2,101.4,2025-12-11,20.69,3376.43,106.49,93.0,94.0,2025
AGX,2025-09-08,203.84,2845.7,81.0,2026-02-11,422.5,5898.3,107.27,2026-02-11,422.5,5898.3,107.27,157.0,157.0,2026
VRT,2025-09-08,121.82,46792.14,860.53,2026-02-11,248.51,95454.88,104.0,2026-02-11,248.51,95454.88,104.0,157.0,157.0,2026
RIG,2025-09-05,3.07,3427.47,101.41,2026-03-09,6.17,6888.44,100.98,2026-03-27,6.93,7736.94,125.0,186.0,204.0,2026
KIDZ,2025-09-05,49.68,336.89,28.64,2025-09-10,106.5,722.13,114.35,2025-09-10,106.5,722.13,114.35,6.0,6.0,2025
NVTS,2025-09-04,5.54,1294.77,169.17,2026-01-22,11.29,2638.62,103.79,2026-01-22,11.29,2638.62,103.79,141.0,141.0,2026
FLNC,2025-09-03,6.75,896.48,28.92,2025-12-30,19.86,2637.64,194.22,2026-02-03,32.23,4280.51,377.48,119.0,154.0,2025
AEIS,2025-09-03,145.25,5523.95,45.68,2026-02-11,308.77,11742.73,112.58,2026-03-02,340.42,12946.4,134.37,162.0,181.0,2026
AMAT,2025-09-03,156.25,124001.54,1232.41,2026-01-15,319.08,253225.04,104.21,2026-01-29,341.34,270890.79,118.46,135.0,149.0,2026
NUTX,2025-09-02,80.92,556.84,20.94,2025-12-08,181.06,1245.94,123.75,2025-12-11,190.49,1310.83,135.41,98.0,101.0,2025
MT,2025-09-02,32.44,24690.92,60.16,2026-02-11,66.65,50729.04,105.46,2026-02-11,66.65,50729.04,105.46,163.0,163.0,2026
TSEM,2025-08-29,58.82,6636.36,34.97,2026-02-26,123.84,13972.24,110.54,2026-03-02,138.59,15636.41,135.62,182.0,186.0,2026
HMY,2025-08-28,12.61,7879.17,76.15,2026-01-28,26.04,16270.7,106.5,2026-01-28,26.04,16270.7,106.5,154.0,154.0,2026
PCVX,2025-08-26,30.25,4367.71,73.67,2026-02-24,61.35,8858.16,102.81,2026-02-25,63.04,9102.17,108.4,183.0,184.0,2026
BEAM,2025-08-21,16.01,1647.1,45.29,2026-01-12,33.69,3466.0,110.43,2026-01-14,35.41,3642.95,121.17,145.0,147.0,2026
FN,2025-08-21,277.04,9926.27,171.26,2026-02-23,576.71,20663.37,108.17,2026-02-23,576.71,20663.37,108.17,187.0,187.0,2026
COHR,2025-08-20,86.55,16932.58,301.44,2025-12-24,191.37,37439.5,121.11,2026-04-22,350.47,68565.71,203.78,127.0,246.0,2025
ATI,2025-08-20,71.34,9735.8,149.31,2026-02-13,143.93,19642.19,101.75,2026-03-02,166.42,22711.41,122.25,178.0,195.0,2026
TMC,2025-08-20,4.67,2022.99,46.63,2026-01-23,9.44,4089.3,102.14,2026-01-23,9.44,4089.3,102.14,157.0,157.0,2026
BKD,2025-08-19,7.19,1717.11,20.08,2026-02-09,16.28,3887.97,126.43,2026-02-11,16.77,4004.99,133.24,175.0,177.0,2026
VAL,2025-08-19,44.25,3064.39,72.33,2026-02-12,88.89,6155.79,100.88,2026-02-13,95.96,6645.4,116.86,178.0,179.0,2026
MTSI,2025-08-19,121.0,9231.79,90.23,2026-02-13,244.16,18628.38,101.79,2026-03-02,258.54,19725.51,111.61,179.0,196.0,2026
MB,2025-08-15,3.55,60.9,25.38,2025-11-11,7.91,135.77,122.95,2025-11-11,7.91,135.77,122.95,89.0,89.0,2025
FSLY,2025-08-14,6.91,1081.42,20.98,2026-02-12,16.04,2510.26,132.13,2026-04-02,33.5,5242.75,326.21,183.0,232.0,2026
ARWR,2025-08-14,18.78,2645.29,28.25,2026-02-12,62.38,8786.66,232.16,2026-03-04,65.1,9169.79,153.5,183.0,203.0,2026
RVMD,2025-08-11,34.7,7377.1,74.32,2025-11-18,70.58,15005.06,103.4,2026-04-15,152.54,32429.46,221.14,100.0,248.0,2025
WYFI,2025-08-11,14.71,564.35,104.24,2025-10-01,31.99,1227.31,117.47,2025-10-13,39.13,1501.24,166.01,52.0,64.0,2025
KYMR,2025-08-11,37.68,3099.47,29.07,2025-12-08,94.3,7756.89,150.27,2025-12-08,94.3,7756.89,150.27,120.0,120.0,2025
ARRY,2025-08-11,5.48,842.97,43.38,2026-01-26,11.15,1715.16,103.47,2026-02-04,11.96,1839.76,118.25,169.0,178.0,2026
TNDM,2025-08-11,10.12,693.17,35.28,2025-11-21,21.28,1458.3,110.38,2025-11-25,21.84,1496.68,115.92,103.0,107.0,2025
APGE,2025-08-11,34.65,2610.53,30.31,2025-11-25,70.92,5343.11,104.68,2025-11-28,71.97,5422.21,107.71,107.0,110.0,2025
HUT,2025-08-08,19.45,2190.52,91.5,2025-12-31,45.94,5172.57,136.13,2026-01-28,64.6,7273.58,232.05,146.0,174.0,2025
KRMN,2025-08-08,45.78,6067.05,52.74,2026-01-07,91.72,12155.31,100.35,2026-01-28,115.29,15278.96,151.83,153.0,174.0,2026
CRNX,2025-08-08,26.85,2831.07,29.12,2026-01-12,55.35,5836.12,106.15,2026-01-15,56.43,5949.99,110.17,158.0,161.0,2026
ARVN,2025-08-07,6.24,402.59,20.99,2025-11-18,12.99,838.08,108.17,2025-11-18,12.99,838.08,108.17,104.0,104.0,2025
KMT,2025-08-07,19.97,1521.92,24.02,2026-02-06,40.32,3072.79,101.9,2026-02-10,41.1,3132.24,102.16,184.0,188.0,2026
VERA,2025-08-06,19.25,1381.82,34.16,2025-12-03,41.26,2961.76,114.34,2025-12-24,55.67,3996.15,189.19,120.0,141.0,2025
ONTO,2025-08-06,90.0,4476.92,148.16,2026-01-06,187.26,9314.98,108.07,2026-02-19,225.33,11208.72,121.02,154.0,198.0,2026
FORM,2025-08-06,27.62,2153.11,26.79,2025-10-30,59.25,4618.82,114.52,2025-10-30,59.25,4618.82,114.52,86.0,86.0,2025
KLIC,2025-08-06,32.11,1680.41,21.63,2026-02-05,66.4,3474.9,106.79,2026-02-11,74.87,3918.16,112.16,184.0,190.0,2026
TGB,2025-08-06,3.05,1115.18,28.23,2026-01-06,6.2,2266.93,103.28,2026-01-06,6.2,2266.93,103.28,154.0,154.0,2026
ONDS,2025-08-05,3.07,1504.42,21.04,2026-02-04,9.68,4743.58,215.31,2026-02-19,11.39,5581.55,217.27,184.0,199.0,2026
ALGT,2025-08-05,48.87,901.03,26.89,2026-02-04,99.86,1841.15,104.34,2026-02-06,114.79,2116.42,134.55,184.0,186.0,2026
ASML,2025-08-05,689.63,265795.58,1234.24,2026-01-22,1395.0,537657.64,102.28,2026-01-29,1455.16,560844.37,111.01,171.0,178.0,2026
SATS,2025-08-04,26.33,7630.64,77.11,2025-12-26,105.6,30603.69,301.06,2026-01-14,131.09,37990.88,397.87,145.0,164.0,2025
KRYS,2025-08-04,134.94,3978.0,52.77,2026-01-12,272.13,8022.33,101.67,2026-01-13,291.93,8606.03,116.34,162.0,163.0,2026
LHAI,2025-08-04,4.87,79.04,57.19,2025-10-01,9.82,159.38,101.64,2025-10-01,9.82,159.38,101.64,59.0,59.0,2025
AA,2025-08-01,28.4,7494.47,178.66,2026-01-05,61.44,16213.39,116.34,2026-01-12,65.67,17329.65,131.23,158.0,165.0,2026
TEVA,2025-08-01,15.38,17908.89,200.92,2025-12-22,31.21,36341.77,102.93,2026-02-03,36.25,42210.48,131.04,144.0,187.0,2025
AMPX,2025-08-01,6.36,900.75,22.06,2026-01-29,13.58,1923.3,113.52,2026-01-29,13.58,1923.3,113.52,182.0,182.0,2026
ENS,2025-08-01,89.2,3287.14,34.66,2026-01-27,179.89,6629.19,101.67,2026-02-03,189.93,6999.18,108.42,180.0,187.0,2026
DOCN,2025-08-01,25.74,2686.33,49.09,2025-11-10,51.67,5392.5,100.74,2025-11-10,51.67,5392.5,100.74,102.0,102.0,2025
TARS,2025-07-31,38.82,1670.19,28.99,2025-11-21,79.66,3427.29,105.2,2025-12-08,82.23,3537.86,111.82,114.0,131.0,2025
NEOG,2025-07-31,4.65,1012.18,35.09,2026-01-08,9.71,2113.61,108.82,2026-01-08,9.71,2113.61,108.82,162.0,162.0,2026
NKTR,2025-07-31,21.68,731.53,22.84,2025-12-22,43.48,1467.11,100.55,2025-12-26,44.49,1501.19,105.21,145.0,149.0,2025
PAAS,2025-07-31,27.02,11384.88,124.42,2025-12-26,55.39,23338.58,105.0,2025-12-26,55.39,23338.58,105.0,149.0,149.0,2025
ASX,2025-07-31,9.5,20842.48,110.94,2026-01-15,19.19,42101.82,102.0,2026-01-16,19.41,42584.49,104.32,169.0,170.0,2026
SCCO,2025-07-30,88.13,72801.19,142.22,2026-01-14,178.74,147651.44,102.81,2026-01-20,184.68,152557.86,109.55,169.0,175.0,2026
USAR,2025-07-29,11.05,2408.74,31.35,2026-01-22,22.71,4950.45,105.52,2026-01-26,26.72,5824.58,141.81,178.0,182.0,2026
SRPT,2025-07-25,11.93,1259.52,173.86,2025-10-28,24.22,2557.06,103.02,2025-10-28,24.22,2557.06,103.02,96.0,96.0,2025
SITM,2025-07-25,190.16,5019.62,60.81,2025-12-11,385.61,10178.88,102.78,2025-12-11,385.61,10178.88,102.78,140.0,140.0,2025
VSAT,2025-07-24,14.47,1965.48,35.16,2025-12-26,34.81,4728.29,140.57,2026-01-28,47.58,6462.86,223.89,156.0,189.0,2025
ALHC,2025-07-24,11.64,2406.38,46.43,2026-01-21,23.3,4816.9,100.17,2026-01-23,23.81,4922.33,104.55,182.0,184.0,2026
VCYT,2025-07-21,23.03,1837.62,31.42,2025-11-24,46.7,3726.32,102.78,2025-11-25,49.38,3940.16,114.42,127.0,128.0,2025
ATEC,2025-07-21,10.3,1584.8,21.4,2025-11-11,20.72,3186.51,101.07,2025-11-12,20.75,3191.13,101.36,114.0,115.0,2025
EGO,2025-07-18,19.75,5145.58,35.79,2026-01-12,40.12,10452.7,103.14,2026-01-28,49.71,12951.24,142.72,179.0,195.0,2026
AUGO,2025-07-17,23.5,1969.05,32.69,2025-12-17,48.37,4052.88,105.83,2026-04-17,109.14,9144.76,261.51,154.0,275.0,2025
VSCO,2025-07-16,17.7,1405.83,77.06,2025-10-29,36.23,2877.59,104.69,2025-10-29,36.23,2877.59,104.69,106.0,106.0,2025
PPTA,2025-07-10,14.58,1823.87,20.14,2026-01-08,29.42,3680.26,101.78,2026-01-27,34.96,4373.27,133.85,183.0,202.0,2026
MP,2025-07-09,30.03,5345.91,171.53,2026-01-07,62.5,11126.19,108.13,2026-01-07,62.5,11126.19,108.13,183.0,183.0,2026
DYN,2025-07-07,8.18,1351.5,30.59,2025-10-20,17.08,2821.95,108.8,2025-10-20,17.08,2821.95,108.8,106.0,106.0,2025
EWTX,2025-07-07,12.61,1356.75,26.12,2025-11-26,25.52,2745.77,102.38,2025-11-28,26.04,2801.72,106.5,143.0,145.0,2025
SNDX,2025-07-07,8.73,773.57,27.25,2025-11-11,17.73,1571.06,103.09,2025-11-11,17.73,1571.06,103.09,128.0,128.0,2025
RGC,2025-07-02,10.36,5122.91,20.25,2025-12-22,22.09,10923.26,113.22,2025-12-23,25.25,12485.84,143.73,174.0,175.0,2025
LQDA,2025-07-01,12.0,1066.72,21.43,2025-10-09,24.25,2155.67,102.08,2025-10-09,24.25,2155.67,102.08,101.0,101.0,2025
REAL,2025-06-30,4.79,577.14,22.57,2025-09-15,10.0,1204.88,108.77,2025-10-02,11.17,1345.85,133.19,78.0,95.0,2025
HP,2025-06-30,15.16,1514.95,42.68,2025-12-10,30.44,3041.9,100.79,2025-12-11,30.85,3082.87,103.5,164.0,165.0,2025
EQX,2025-06-27,5.68,4482.12,74.01,2025-10-07,11.48,9058.94,102.11,2025-10-16,12.72,10037.43,123.94,103.0,112.0,2025
PSLV,2025-06-27,12.15,7748.93,378.11,2025-12-26,26.04,16607.59,114.32,2025-12-26,26.04,16607.59,114.32,183.0,183.0,2025
AU,2025-06-27,43.88,22184.75,121.08,2025-12-22,90.0,45501.99,105.1,2025-12-26,91.25,46133.97,107.95,179.0,183.0,2025
RKLB,2025-06-25,32.35,18722.59,465.94,2025-12-19,70.52,40813.52,117.99,2025-12-22,77.55,44882.14,139.72,178.0,181.0,2025
AMR,2025-06-25,99.46,1268.4,39.81,2025-12-18,206.36,2631.67,107.48,2025-12-23,208.74,2662.02,109.87,177.0,182.0,2025
BTDR,2025-06-25,10.74,2613.19,83.18,2025-11-05,22.08,5372.37,105.59,2025-11-05,22.08,5372.37,105.59,134.0,134.0,2025
HCC,2025-06-25,41.13,2171.74,44.25,2025-11-10,82.36,4348.77,100.24,2025-11-12,84.05,4438.01,104.35,139.0,141.0,2025
SVM,2025-06-24,4.06,896.62,21.91,2025-12-09,8.19,1808.71,101.72,2025-12-22,8.92,1969.92,119.7,169.0,182.0,2025
RGTI,2025-06-23,10.79,3586.01,1054.09,2025-11-12,28.3,9405.38,162.28,2025-12-04,30.06,9990.31,178.59,143.0,165.0,2025
M,2025-06-23,10.64,2806.42,94.75,2025-11-25,21.85,5763.19,105.36,2025-12-12,24.15,6369.84,126.97,156.0,173.0,2025
TLRY,2025-06-20,3.6,430.58,29.1,2025-07-22,7.86,939.97,118.31,2025-07-22,7.86,939.97,118.31,33.0,33.0,2025
RUN,2025-06-17,5.78,1378.81,120.33,2025-10-09,20.32,4847.32,251.56,2025-10-15,21.29,5078.71,268.34,115.0,121.0,2025
AAOI,2025-06-13,15.47,1241.36,84.5,2025-12-10,34.98,2806.89,126.12,2025-12-11,36.32,2914.42,134.78,181.0,182.0,2025
TTMI,2025-06-13,35.38,3674.22,21.01,2025-12-08,75.43,7833.41,113.2,2025-12-11,80.24,8332.93,126.79,179.0,182.0,2025
VIAV,2025-06-13,9.18,2147.27,23.06,2025-12-08,18.59,4348.35,102.51,2025-12-11,19.57,4577.58,113.18,179.0,182.0,2025
UNFI,2025-06-13,21.3,1294.02,21.71,2025-10-15,43.04,2614.76,102.07,2025-10-15,43.04,2614.76,102.07,125.0,125.0,2025
AEO,2025-06-13,9.31,1551.74,83.11,2025-09-04,18.79,3131.82,101.83,2025-09-05,18.81,3135.15,102.04,84.0,85.0,2025
SATS,2025-06-09,15.99,4634.02,59.27,2025-07-08,32.66,9465.12,104.25,2025-07-08,32.66,9465.12,104.25,30.0,30.0,2025
PARR,2025-06-04,21.05,1055.54,20.6,2025-11-20,42.39,2125.62,101.38,2025-12-01,47.2,2366.81,124.23,170.0,181.0,2025
ALB,2025-06-02,55.09,6497.02,205.72,2025-11-12,110.32,13010.55,100.25,2026-02-25,195.87,23099.86,169.87,164.0,269.0,2025
SQM,2025-06-02,30.03,8577.7,42.17,2025-11-19,63.1,18023.75,110.12,2025-11-19,63.1,18023.75,110.12,171.0,171.0,2025
CIFR,2025-05-30,3.12,1276.23,57.91,2025-11-10,19.65,8037.82,529.81,2025-11-28,20.35,8324.15,552.24,165.0,183.0,2025
APLD,2025-05-30,6.83,1951.81,195.54,2025-11-20,21.37,6106.9,212.88,2026-01-27,41.35,11816.57,312.26,175.0,243.0,2025
ARQT,2025-05-30,13.04,1631.09,31.97,2025-11-17,26.17,3273.43,100.69,2025-12-05,31.2,3902.6,135.29,172.0,190.0,2025
CLF,2025-05-30,5.83,3325.52,183.3,2025-09-11,11.79,6725.19,102.23,2025-09-15,11.89,6782.23,103.95,105.0,109.0,2025
GLXY,2025-05-30,18.15,3482.09,99.75,2025-10-02,36.52,7006.39,101.21,2025-10-02,36.52,7006.39,101.21,126.0,126.0,2025
HOOD,2025-05-29,63.95,57587.3,1675.53,2025-11-26,128.2,115444.75,100.47,2025-11-26,128.2,115444.75,100.47,182.0,182.0,2025
BBIO,2025-05-28,32.26,6318.48,95.74,2025-10-29,66.62,13048.28,106.51,2025-10-29,66.62,13048.28,106.51,155.0,155.0,2025
ROIV,2025-05-28,10.62,7600.75,61.03,2025-11-12,21.32,15258.75,100.75,2025-11-12,21.32,15258.75,100.75,169.0,169.0,2025
NAMS,2025-05-27,17.01,1988.54,20.3,2025-10-22,35.0,4091.64,105.76,2025-11-26,41.45,4845.67,135.11,149.0,184.0,2025
FTRE,2025-05-23,4.06,384.01,21.13,2025-08-22,8.34,788.36,105.3,2026-01-12,18.4,1740.36,294.85,92.0,235.0,2025
MDGL,2025-05-23,267.56,6168.77,119.78,2025-11-11,541.5,12484.64,102.38,2025-11-11,541.5,12484.64,102.38,173.0,173.0,2025
SEDG,2025-05-22,14.94,908.93,70.34,2025-11-06,38.88,2364.61,160.15,2025-11-10,45.38,2759.93,203.65,169.0,173.0,2025
GH,2025-05-22,37.05,4912.83,90.48,2025-10-30,92.41,12253.56,149.42,2026-01-22,117.28,15551.32,186.19,162.0,246.0,2025
CYTK,2025-05-15,29.84,4007.26,76.02,2025-10-06,60.64,8143.45,103.22,2025-10-08,60.82,8167.62,103.82,145.0,147.0,2025
B,2025-05-14,17.63,29539.21,39.36,2025-09-22,35.36,59245.98,100.57,2025-09-22,35.36,59245.98,100.57,132.0,132.0,2025
ARDX,2025-05-14,3.28,810.26,24.53,2025-09-04,6.57,1622.98,100.3,2025-09-04,6.57,1622.98,100.3,114.0,114.0,2025
WULF,2025-05-09,3.01,1482.83,170.28,2025-11-04,15.01,7394.45,398.67,2026-02-09,16.65,8202.37,231.01,180.0,277.0,2025
GSAT,2025-05-09,17.58,2264.75,26.62,2025-09-08,37.94,4886.25,115.75,2025-09-08,37.94,4886.25,115.75,123.0,123.0,2025
WGS,2025-05-08,56.36,1673.22,80.32,2025-08-12,116.41,3455.98,106.55,2025-09-05,132.54,3934.85,135.17,97.0,121.0,2025
ASPN,2025-05-08,4.31,356.98,21.44,2025-10-06,8.7,720.58,101.86,2025-10-06,8.7,720.58,101.86,152.0,152.0,2025
BBAI,2025-05-07,3.05,1460.8,233.2,2025-10-24,7.05,3376.59,131.15,2025-10-27,7.1,3400.54,132.79,171.0,174.0,2025
XMTR,2025-05-07,29.95,1575.33,20.51,2025-11-04,62.62,3293.74,109.08,2025-11-10,66.39,3492.03,120.13,182.0,188.0,2025
FSLR,2025-05-06,126.76,13620.79,485.05,2025-10-31,266.94,28683.6,110.59,2025-11-05,277.39,29806.49,113.74,179.0,184.0,2025
MEDP,2025-05-06,288.77,8247.18,127.19,2025-10-23,596.61,17039.0,106.6,2025-10-24,605.2,17284.32,109.58,171.0,172.0,2025
VRDN,2025-05-06,12.03,1239.99,20.8,2025-10-17,24.21,2495.44,101.25,2025-10-17,24.21,2495.44,101.25,165.0,165.0,2025
BE,2025-05-05,16.32,4642.12,169.28,2025-07-24,33.06,9403.71,102.57,2026-02-25,174.77,49712.25,254.14,81.0,297.0,2025
LIF,2025-05-05,43.56,3514.77,20.08,2025-10-31,98.71,7964.72,126.61,2025-11-03,99.32,8013.94,128.01,180.0,183.0,2025
HL,2025-05-02,4.54,3045.03,96.94,2025-09-08,10.12,6787.61,122.91,2026-01-23,31.81,21335.36,459.05,130.0,267.0,2025
FTAI,2025-05-01,86.9,8914.46,272.47,2025-09-17,174.04,17853.54,100.28,2025-09-22,181.89,18658.82,109.31,140.0,145.0,2025
DQ,2025-04-30,12.74,862.07,22.84,2025-09-02,26.1,1766.09,104.87,2025-09-05,29.21,1976.53,129.28,126.0,129.0,2025
SIMO,2025-04-29,45.16,1531.28,20.1,2025-10-28,100.45,3406.04,122.43,2025-10-29,100.6,3411.13,103.23,183.0,184.0,2025
SBH,2025-04-25,7.79,755.7,22.98,2025-09-15,15.79,1531.77,102.7,2025-09-15,15.79,1531.77,102.7,144.0,144.0,2025
MB,2025-04-23,3.0,51.46,41.8,2025-06-06,7.75,132.95,158.33,2025-07-23,15.24,261.44,408.0,45.0,92.0,2025
SNDK,2025-04-22,29.62,4386.42,273.27,2025-09-04,62.5,9255.61,111.01,2026-05-08,1562.34,231366.55,703.76,136.0,382.0,2025
PONY,2025-04-22,4.16,1803.53,20.21,2025-04-28,10.32,4474.15,148.08,2025-10-02,24.06,10431.01,478.37,7.0,164.0,2025
PL,2025-04-22,3.04,1083.44,21.68,2025-10-21,12.91,4601.04,324.67,2026-04-16,39.89,14216.52,257.44,183.0,360.0,2025
BTSG,2025-04-22,16.09,3120.15,27.01,2025-10-21,32.25,6253.87,100.44,2025-10-23,33.5,6496.27,102.42,183.0,185.0,2025
OKLO,2025-04-21,20.39,3546.23,505.29,2025-10-09,138.13,24023.55,577.44,2025-10-14,174.14,30286.4,754.05,172.0,177.0,2025
CRWV,2025-04-21,35.42,18706.21,844.4,2025-05-16,80.3,42414.47,126.74,2025-06-20,183.58,96966.97,418.37,26.0,61.0,2025
INOD,2025-04-21,29.68,969.21,81.0,2025-09-11,60.97,1991.0,105.42,2025-10-08,93.19,3043.15,213.98,144.0,171.0,2025
PCT,2025-04-21,5.56,1006.51,26.27,2025-06-11,11.2,2025.67,101.26,2025-07-18,16.92,3060.21,204.04,52.0,89.0,2025
FLNC,2025-04-21,3.61,479.45,46.74,2025-07-01,7.34,974.84,103.32,2025-07-22,10.21,1356.01,182.83,72.0,93.0,2025
CORZ,2025-04-21,6.39,2031.29,159.29,2025-06-26,16.36,5200.6,156.03,2025-07-03,18.0,5721.94,181.69,67.0,74.0,2025
SPHR,2025-04-21,24.28,869.03,30.92,2025-09-05,48.9,1750.24,101.4,2026-02-27,119.01,4259.63,176.77,138.0,313.0,2025
RCAT,2025-04-21,4.66,571.98,64.19,2025-07-14,10.33,1267.93,121.67,2025-07-17,12.21,1498.68,162.02,85.0,88.0,2025
ALGM,2025-04-21,16.53,3062.86,65.11,2025-06-26,33.67,6238.74,103.69,2025-07-10,37.51,6950.26,126.92,67.0,81.0,2025
SMTC,2025-04-21,24.34,2266.41,112.02,2025-07-17,50.87,4736.73,109.0,2025-07-28,54.16,5043.08,122.51,88.0,99.0,2025
ATHR,2025-04-21,5.04,61.21,87.77,2025-05-05,11.08,134.56,119.84,2025-05-05,11.08,134.56,119.84,15.0,15.0,2025
POWL,2025-04-21,53.13,1935.49,109.53,2025-10-15,109.92,4004.57,106.9,2025-10-20,116.4,4240.64,119.1,178.0,183.0,2025
HUT,2025-04-21,10.64,1198.0,123.29,2025-07-03,21.9,2465.81,105.83,2025-07-03,21.9,2465.81,105.83,74.0,74.0,2025
NNE,2025-04-21,18.52,964.58,131.75,2025-06-18,37.97,1977.6,105.02,2025-06-18,37.97,1977.6,105.02,59.0,59.0,2025
WRBY,2025-04-21,14.0,1718.01,41.75,2025-09-18,28.34,3477.75,102.43,2025-09-22,28.56,3504.75,104.0,151.0,155.0,2025
MOD,2025-04-21,69.3,3654.27,109.29,2025-08-05,140.51,7409.26,102.76,2025-08-05,140.51,7409.26,102.76,107.0,107.0,2025
ORCL,2025-04-21,122.82,353235.97,1675.0,2025-07-17,248.75,715416.44,102.53,2025-07-17,248.75,715416.44,102.53,88.0,88.0,2025
CWK,2025-04-21,7.9,1850.97,23.41,2025-08-25,15.99,3746.47,102.41,2025-08-25,15.99,3746.47,102.41,127.0,127.0,2025
MIRM,2025-04-21,38.39,2341.07,20.48,2025-09-08,77.39,4719.34,101.59,2025-09-09,77.69,4737.63,102.37,141.0,142.0,2025
IDCC,2025-04-21,183.37,4739.2,74.01,2025-10-16,367.38,9494.95,100.35,2025-10-20,371.0,9588.51,102.32,179.0,183.0,2025
AAOI,2025-04-21,10.05,806.44,100.47,2025-05-13,20.29,1628.13,101.89,2025-05-13,20.29,1628.13,101.89,23.0,23.0,2025
BOOT,2025-04-21,89.13,2711.37,119.66,2025-07-28,178.66,5434.91,100.45,2025-07-28,178.66,5434.91,100.45,99.0,99.0,2025
ZETA,2025-04-21,11.02,2746.82,145.14,2025-09-22,22.08,5503.61,100.36,2025-09-22,22.08,5503.61,100.36,155.0,155.0,2025
RIOT,2025-04-21,6.29,2378.57,328.13,2025-07-10,12.59,4760.92,100.16,2025-07-10,12.59,4760.92,100.16,81.0,81.0,2025
LUMN,2025-04-21,3.07,3163.05,83.15,2025-09-10,6.14,6326.11,100.0,2025-09-10,6.14,6326.11,100.0,143.0,143.0,2025
HSAI,2025-04-17,10.95,1713.02,56.25,2025-06-26,23.1,3613.76,110.96,2025-06-26,23.1,3613.76,110.96,71.0,71.0,2025
ELF,2025-04-16,49.95,2949.66,254.43,2025-05-29,111.84,6604.4,123.9,2025-09-18,146.67,8661.19,193.63,44.0,156.0,2025
ELAN,2025-04-16,8.1,4045.54,56.02,2025-08-07,16.48,8230.93,103.46,2025-11-03,22.85,11412.42,140.27,114.0,202.0,2025
KSS,2025-04-16,6.13,688.11,127.86,2025-07-22,14.34,1609.71,133.93,2025-07-22,14.34,1609.71,133.93,98.0,98.0,2025
VNET,2025-04-16,4.74,1349.44,59.01,2025-09-12,9.57,2724.5,101.9,2025-09-22,10.05,2861.15,112.03,150.0,160.0,2025
SONO,2025-04-16,7.7,917.29,25.14,2025-09-15,15.56,1853.64,102.08,2025-09-15,15.56,1853.64,102.08,153.0,153.0,2025
APLD,2025-04-15,3.44,983.05,174.06,2025-05-22,7.48,2137.56,117.44,2025-05-27,7.59,2168.99,120.64,38.0,43.0,2025
BTDR,2025-04-15,7.2,1751.86,100.53,2025-05-13,14.43,3511.02,100.42,2025-05-13,14.43,3511.02,100.42,29.0,29.0,2025
CGON,2025-04-10,17.63,1551.62,20.05,2025-10-09,44.46,3912.92,152.18,2025-10-09,44.46,3912.92,152.18,183.0,183.0,2025
GCT,2025-04-10,11.58,421.65,24.72,2025-07-23,24.65,897.55,112.87,2025-07-23,24.65,897.55,112.87,105.0,105.0,2025
PTGX,2025-04-10,40.89,2629.69,38.66,2025-10-10,87.0,5595.09,112.77,2025-10-10,87.0,5595.09,112.77,184.0,184.0,2025
PRAX,2025-04-10,28.47,793.71,25.98,2025-07-23,57.09,1591.6,100.53,2025-07-25,59.22,1650.98,108.01,105.0,107.0,2025
INSM,2025-04-10,64.81,14047.73,130.49,2025-08-21,132.6,28741.38,104.6,2025-08-21,132.6,28741.38,104.6,134.0,134.0,2025
TVTX,2025-04-10,13.49,1254.47,30.73,2025-09-10,27.31,2539.64,102.45,2025-09-10,27.31,2539.64,102.45,154.0,154.0,2025
FUTU,2025-04-10,74.81,10487.95,314.91,2025-07-11,149.99,21027.77,100.49,2025-07-11,149.99,21027.77,100.49,93.0,93.0,2025
IREN,2025-04-08,5.3,1758.32,168.5,2025-06-23,10.66,3536.55,101.13,2025-11-05,76.41,25349.72,1063.01,77.0,212.0,2025
NBIS,2025-04-08,20.06,5093.2,330.89,2025-06-05,46.3,11755.49,130.81,2025-10-13,135.46,34393.05,553.76,59.0,189.0,2025
EOSE,2025-04-08,3.3,1120.36,29.8,2025-08-26,6.92,2349.36,109.7,2025-11-10,19.19,6515.06,405.0,141.0,217.0,2025
PGY,2025-04-08,8.88,735.89,25.83,2025-07-23,33.64,2787.78,278.83,2025-09-18,43.81,3630.57,393.36,107.0,164.0,2025
CDE,2025-04-08,4.81,4976.0,92.2,2025-08-05,9.75,10086.48,102.7,2025-10-16,23.1,23897.2,335.03,120.0,192.0,2025
JOBY,2025-04-08,5.33,5242.82,110.77,2025-07-07,10.66,10485.63,100.0,2025-08-04,20.39,20056.48,282.55,91.0,119.0,2025
GRAL,2025-04-08,21.39,917.99,32.12,2025-09-22,44.48,1908.93,107.95,2026-01-22,116.06,4980.9,269.38,168.0,290.0,2025
UEC,2025-04-08,4.0,1960.88,56.99,2025-07-17,8.16,4000.2,104.0,2025-10-15,16.74,8206.3,263.12,101.0,191.0,2025
ENVX,2025-04-08,4.78,1040.79,63.42,2025-07-02,9.73,2119.71,103.66,2025-07-17,15.93,3470.4,233.44,86.0,101.0,2025
UUUU,2025-04-08,3.44,859.54,31.41,2025-07-14,7.01,1751.57,103.78,2026-01-28,27.72,6926.31,227.27,98.0,296.0,2025
WWW,2025-04-08,10.07,825.55,24.2,2025-07-17,20.36,1669.13,102.18,2025-08-28,32.4,2656.18,221.75,101.0,143.0,2025
WBD,2025-04-08,7.69,19279.88,332.21,2025-09-11,16.17,40540.4,110.27,2025-12-12,29.98,75163.96,198.9,157.0,249.0,2025
MGNI,2025-04-08,9.0,1288.94,33.81,2025-06-16,18.58,2660.22,106.39,2025-08-28,26.52,3798.06,194.67,70.0,143.0,2025
COIN,2025-04-08,151.47,39905.25,2847.07,2025-06-20,308.38,81243.69,103.59,2025-07-18,419.78,110592.37,177.14,74.0,102.0,2025
REZI,2025-04-08,14.69,2224.38,21.55,2025-08-12,31.28,4736.46,112.93,2025-10-24,44.5,6738.24,173.68,127.0,200.0,2025
W,2025-04-08,24.14,3186.4,198.05,2025-06-16,48.36,6383.35,100.33,2025-11-26,112.55,14856.21,172.91,70.0,233.0,2025
HBM,2025-04-08,6.09,2418.92,43.3,2025-09-03,12.45,4945.09,104.43,2025-10-13,17.57,6978.74,154.64,149.0,189.0,2025
SOFI,2025-04-08,9.5,12186.04,687.58,2025-07-07,19.24,24679.94,102.53,2025-11-12,32.21,41317.09,151.64,91.0,219.0,2025
ADNT,2025-04-08,10.34,810.79,23.3,2025-07-01,21.04,1649.82,103.48,2025-10-03,25.87,2028.55,150.19,85.0,179.0,2025
IONS,2025-04-08,25.51,4215.85,53.44,2025-09-02,57.49,9500.94,125.36,2025-11-28,82.73,13672.17,146.88,148.0,235.0,2025
STX,2025-04-08,66.54,14920.2,286.8,2025-06-23,133.08,29840.39,100.0,2025-12-11,307.85,69027.77,144.19,77.0,248.0,2025
ACMR,2025-04-08,18.33,1213.72,34.39,2025-09-22,36.68,2428.76,100.11,2025-10-01,43.78,2898.89,138.84,168.0,177.0,2025
MKSI,2025-04-08,58.78,3970.24,98.53,2025-09-16,118.35,7993.85,101.34,2025-10-20,141.58,9562.9,134.68,162.0,196.0,2025
RMBS,2025-04-08,42.9,4638.54,55.43,2025-09-11,88.58,9578.77,106.5,2025-10-27,113.61,12285.44,132.86,157.0,203.0,2025
DK,2025-04-08,11.55,707.87,22.98,2025-07-02,23.14,1418.19,100.35,2025-07-10,26.67,1634.54,130.91,86.0,94.0,2025
KYMR,2025-04-08,21.05,1731.52,20.29,2025-06-02,43.13,3547.77,104.89,2025-06-10,48.6,3997.72,130.88,56.0,64.0,2025
SOUN,2025-04-08,7.18,3060.67,690.3,2025-08-11,15.9,6777.82,121.45,2025-08-14,16.54,7050.64,130.36,126.0,129.0,2025
LYFT,2025-04-08,9.97,3809.78,238.44,2025-09-15,20.44,7810.61,105.02,2025-09-29,22.93,8762.1,129.99,161.0,175.0,2025
MDB,2025-04-08,145.85,11721.9,516.39,2025-08-27,295.7,23765.27,102.74,2025-09-10,334.87,26913.34,129.6,142.0,156.0,2025
RUN,2025-04-08,5.66,1351.38,100.81,2025-05-13,11.9,2838.74,110.06,2025-05-15,12.85,3065.36,126.83,36.0,38.0,2025
NTLA,2025-04-08,6.28,746.88,36.64,2025-07-21,12.63,1502.08,101.11,2025-07-23,14.24,1693.55,126.75,105.0,107.0,2025
NXE,2025-04-08,4.06,2687.25,51.98,2025-09-15,8.44,5586.3,107.88,2025-09-26,9.1,6023.15,124.14,161.0,172.0,2025
EVR,2025-04-08,163.77,6335.03,122.93,2025-09-10,332.64,12867.34,103.11,2025-09-18,362.79,14033.62,121.52,156.0,164.0,2025
SMMT,2025-04-08,16.64,12915.35,47.53,2025-04-24,36.7,28485.17,120.55,2025-04-24,36.7,28485.17,120.55,17.0,17.0,2025
QS,2025-04-08,3.47,2134.55,68.85,2025-06-26,7.65,4705.86,120.46,2025-06-26,7.65,4705.86,120.46,80.0,80.0,2025
MLCO,2025-04-08,4.61,1790.02,22.27,2025-08-25,9.48,3681.0,105.64,2025-09-03,10.13,3933.39,119.74,140.0,149.0,2025
U,2025-04-08,16.75,7311.96,251.68,2025-07-16,33.94,14816.0,102.63,2025-07-18,36.75,16042.66,119.4,100.0,102.0,2025
AAP,2025-04-08,30.31,1828.58,99.9,2025-07-11,62.56,3774.2,106.4,2025-07-23,66.5,4011.89,119.4,95.0,107.0,2025
CRSP,2025-04-08,31.27,3015.95,85.34,2025-07-18,65.13,6281.71,108.28,2025-07-23,68.14,6572.02,117.91,102.0,107.0,2025
TER,2025-04-08,67.96,10638.61,305.64,2025-09-30,137.64,21546.46,102.53,2025-10-06,147.87,23147.89,117.58,176.0,182.0,2025
DYN,2025-04-08,6.81,1125.14,28.66,2025-06-05,13.99,2311.42,105.43,2025-06-10,14.78,2441.94,117.03,59.0,64.0,2025
GDS,2025-04-08,17.68,3542.68,72.58,2025-07-15,37.72,7558.24,113.35,2025-07-16,38.12,7638.39,115.61,99.0,100.0,2025
TSM,2025-04-08,141.37,733201.37,3017.67,2025-10-01,288.47,1496120.81,104.05,2025-10-08,304.52,1579362.53,115.41,177.0,184.0,2025
QURE,2025-04-08,8.34,525.98,21.16,2025-09-02,17.01,1072.78,103.96,2025-09-05,17.95,1132.06,115.23,148.0,151.0,2025
ARRY,2025-04-08,3.98,612.23,37.07,2025-05-13,8.25,1269.07,107.29,2025-05-15,8.44,1298.29,112.06,36.0,38.0,2025
SERV,2025-04-08,5.13,396.68,113.64,2025-05-16,10.83,837.43,111.11,2025-05-16,10.83,837.43,111.11,39.0,39.0,2025
TEM,2025-04-08,37.23,6685.2,449.2,2025-08-18,78.45,14086.86,110.72,2025-08-18,78.45,14086.86,110.72,133.0,133.0,2025
VKTX,2025-04-08,19.98,2319.79,192.45,2025-08-13,41.27,4791.68,106.56,2025-08-18,42.09,4886.89,110.66,128.0,133.0,2025
ALT,2025-04-08,3.67,713.28,20.27,2025-06-25,7.71,1498.48,110.08,2025-06-25,7.71,1498.48,110.08,79.0,79.0,2025
PBF,2025-04-08,14.37,1700.09,65.32,2025-09-09,29.98,3546.89,108.63,2025-09-09,29.98,3546.89,108.63,155.0,155.0,2025
ALNY,2025-04-08,224.32,29949.54,208.64,2025-08-15,448.91,59935.13,100.12,2025-08-21,467.55,62423.8,108.43,130.0,136.0,2025
CSIQ,2025-04-08,6.76,458.44,24.24,2025-07-09,13.6,922.31,101.18,2025-07-10,14.09,955.54,108.43,93.0,94.0,2025
TSLA,2025-04-08,221.86,833244.9,31271.08,2025-09-30,444.72,1670245.52,100.45,2025-10-01,459.46,1725604.89,107.09,176.0,177.0,2025
SITM,2025-04-08,116.79,3082.89,49.82,2025-06-24,241.6,6377.47,106.87,2025-06-24,241.6,6377.47,106.87,78.0,78.0,2025
AG,2025-04-08,5.24,2587.21,92.1,2025-09-12,10.54,5204.04,101.15,2025-09-15,10.79,5327.47,105.92,158.0,161.0,2025
NXT,2025-04-08,37.0,5493.61,104.64,2025-09-29,76.13,11303.47,105.76,2025-09-29,76.13,11303.47,105.76,175.0,175.0,2025
LTBR,2025-04-08,6.73,221.04,20.48,2025-07-30,13.82,453.91,105.35,2025-07-30,13.82,453.91,105.35,114.0,114.0,2025
AMD,2025-04-08,78.21,127529.28,4752.46,2025-07-16,160.08,261026.55,104.68,2025-07-17,160.41,261564.65,105.1,100.0,101.0,2025
TXG,2025-04-08,7.14,921.0,33.16,2025-07-28,14.64,1888.43,105.04,2025-07-28,14.64,1888.43,105.04,112.0,112.0,2025
CBRL,2025-04-08,35.11,784.74,39.52,2025-07-23,71.86,1606.14,104.67,2025-07-23,71.86,1606.14,104.67,107.0,107.0,2025
AMBA,2025-04-08,40.3,1764.69,47.05,2025-08-29,82.48,3611.71,104.67,2025-08-29,82.48,3611.71,104.67,144.0,144.0,2025
MYRG,2025-04-08,101.85,1585.91,30.72,2025-09-29,206.93,3222.11,103.17,2025-09-30,208.03,3239.24,104.25,175.0,176.0,2025
DDS,2025-04-08,294.77,4603.44,59.8,2025-09-16,592.79,9257.64,101.1,2025-09-18,602.07,9402.57,104.25,162.0,164.0,2025
PLAY,2025-04-08,16.06,557.91,45.26,2025-06-16,32.57,1131.46,102.8,2025-06-17,32.69,1135.63,103.55,70.0,71.0,2025
LMND,2025-04-08,25.12,1929.74,83.26,2025-08-06,51.07,3923.24,103.3,2025-08-06,51.07,3923.24,103.3,121.0,121.0,2025
CCJ,2025-04-08,36.68,15975.35,219.4,2025-06-26,74.46,32429.79,103.0,2025-06-26,74.46,32429.79,103.0,80.0,80.0,2025
GPCR,2025-04-08,14.15,1005.7,23.78,2025-10-06,28.68,2038.42,102.69,2025-10-09,30.55,2171.33,102.99,182.0,185.0,2025
MPWR,2025-04-08,455.19,22363.48,606.35,2025-09-18,917.78,45090.53,101.63,2025-09-22,922.81,45337.66,102.73,164.0,168.0,2025
MCHP,2025-04-08,35.34,19123.73,533.37,2025-06-25,71.6,38745.3,102.6,2025-06-25,71.6,38745.3,102.6,79.0,79.0,2025
IRON,2025-04-08,34.28,1309.46,20.45,2025-10-06,69.28,2646.43,102.1,2025-10-06,69.28,2646.43,102.1,182.0,182.0,2025
NIO,2025-04-08,3.14,7867.79,267.18,2025-08-22,6.34,15885.93,101.91,2025-08-22,6.34,15885.93,101.91,137.0,137.0,2025
HPE,2025-04-08,12.51,16598.94,318.37,2025-09-18,25.24,33489.8,101.76,2025-09-18,25.24,33489.8,101.76,164.0,164.0,2025
PI,2025-04-08,62.54,1904.91,88.48,2025-07-28,126.13,3841.8,101.68,2025-07-28,126.13,3841.8,101.68,112.0,112.0,2025
LC,2025-04-08,8.56,987.4,26.58,2025-08-28,17.25,1989.8,101.52,2025-08-28,17.25,1989.8,101.52,143.0,143.0,2025
ATI,2025-04-08,41.97,5727.66,100.86,2025-06-06,84.0,11463.52,100.14,2025-06-09,84.58,11542.67,101.52,60.0,63.0,2025
CENX,2025-04-08,13.7,1355.94,28.05,2025-09-19,27.57,2728.71,101.24,2025-09-19,27.57,2728.71,101.24,165.0,165.0,2025
PII,2025-04-08,31.97,1818.65,68.46,2025-10-03,64.3,3657.78,101.13,2025-10-06,64.32,3658.92,101.19,179.0,182.0,2025
DINO,2025-04-08,25.91,4670.94,97.95,2025-09-02,52.08,9388.74,101.0,2025-09-02,52.08,9388.74,101.0,148.0,148.0,2025
FIVE,2025-04-08,55.75,3082.69,174.03,2025-05-20,111.93,6189.16,100.77,2025-05-20,111.93,6189.16,100.77,43.0,43.0,2025
INTC,2025-04-08,18.13,91121.38,1943.16,2025-10-02,37.3,187469.8,105.74,2025-10-09,37.8,189982.8,100.64,178.0,185.0,2025
RNA,2025-04-08,24.08,373.6,44.76,2025-08-06,48.26,748.75,100.42,2025-08-06,48.26,748.75,100.42,121.0,121.0,2025
RBLX,2025-04-08,51.22,36672.43,500.76,2025-06-18,102.65,73495.22,100.41,2025-06-18,102.65,73495.22,100.41,72.0,72.0,2025
WYNN,2025-04-08,66.1,6860.3,230.48,2025-09-29,132.43,13744.48,100.35,2025-09-29,132.43,13744.48,100.35,175.0,175.0,2025
NVT,2025-04-08,45.2,7309.76,132.97,2025-08-04,90.49,14634.08,100.2,2025-08-04,90.49,14634.08,100.2,119.0,119.0,2025
ARWR,2025-04-08,9.99,1407.16,32.79,2025-08-13,19.99,2815.73,100.1,2025-08-13,19.99,2815.73,100.1,128.0,128.0,2025
CGNX,2025-04-08,23.27,3872.58,52.79,2025-09-22,46.54,7745.16,100.0,2025-09-22,46.54,7745.16,100.0,168.0,168.0,2025
DAN,2025-04-08,10.38,1137.2,23.98,2025-09-08,20.76,2274.39,100.0,2025-09-08,20.76,2274.39,100.0,154.0,154.0,2025
VG,2025-04-07,7.0,17377.98,97.93,2025-06-03,14.28,35451.08,104.0,2025-06-20,19.01,47193.63,171.57,58.0,75.0,2025
BTU,2025-04-07,10.31,1256.11,62.21,2025-09-17,21.27,2591.41,106.3,2026-01-21,38.83,4730.82,151.82,164.0,290.0,2025
PDYN,2025-04-07,5.47,258.43,44.65,2025-07-17,12.68,599.06,131.81,2025-07-17,12.68,599.06,131.81,102.0,102.0,2025
UMAC,2025-04-07,4.71,225.08,35.63,2025-06-16,10.26,490.3,117.83,2025-06-16,10.26,490.3,117.83,71.0,71.0,2025
KRMN,2025-04-07,26.77,3547.73,41.97,2025-07-16,53.74,7121.96,100.75,2025-07-17,56.3,7461.23,110.31,101.0,102.0,2025
MRCY,2025-04-07,41.52,2493.0,21.19,2025-10-03,83.5,5013.61,101.11,2025-10-06,84.0,5043.64,102.31,180.0,183.0,2025
LEU,2025-04-04,54.43,1070.79,85.92,2025-05-23,113.29,2228.73,108.14,2025-10-15,436.0,8577.34,596.15,50.0,195.0,2025
SEZL,2025-04-04,28.7,965.1,38.38,2025-05-08,74.98,2521.35,161.25,2025-07-03,182.16,6125.5,534.7,35.0,91.0,2025
LITE,2025-04-04,49.56,3855.77,166.91,2025-07-16,99.63,7751.21,101.03,2026-05-05,994.56,77376.77,428.01,104.0,397.0,2025
ALAB,2025-04-04,52.94,9074.34,465.55,2025-07-21,121.89,20892.91,130.24,2025-09-18,251.88,43174.23,375.78,109.0,168.0,2025
DAVE,2025-04-04,70.8,900.17,40.5,2025-05-19,182.97,2326.33,158.43,2025-07-03,281.79,3582.75,298.01,46.0,91.0,2025
SMR,2025-04-04,12.6,4360.93,228.78,2025-05-22,25.32,8763.4,100.95,2025-10-15,53.43,18492.43,291.72,49.0,195.0,2025
CLS,2025-04-04,66.15,7605.47,345.88,2025-06-18,136.25,15665.09,105.97,2025-11-05,352.61,40540.67,278.95,76.0,216.0,2025
MU,2025-04-04,64.72,72986.95,2147.51,2025-09-05,131.37,148150.42,102.98,2026-05-08,746.81,842203.07,270.86,155.0,400.0,2025
WDC,2025-04-04,30.54,10526.59,381.62,2025-06-24,62.07,21394.42,103.24,2026-05-06,483.15,166533.17,247.12,82.0,398.0,2025
CIEN,2025-04-04,53.5,7564.82,178.61,2025-09-04,116.92,16532.3,118.54,2026-05-06,576.79,81557.2,226.89,154.0,398.0,2025
RDDT,2025-04-04,86.91,16730.96,1006.44,2025-08-01,188.64,36314.91,117.05,2025-09-18,270.71,52114.12,211.48,120.0,168.0,2025
AVAV,2025-04-04,111.65,5650.06,74.57,2025-06-25,234.94,11889.16,110.43,2025-10-13,409.83,20739.48,192.74,83.0,193.0,2025
CRDO,2025-04-04,33.3,6142.18,261.05,2025-06-03,71.92,13265.64,115.98,2025-12-03,189.19,34896.08,176.07,61.0,244.0,2025
AFRM,2025-04-04,35.75,11972.62,479.31,2025-08-04,74.79,25047.06,109.2,2025-09-19,92.18,30870.95,157.85,123.0,169.0,2025
SSRM,2025-04-04,9.09,1886.09,20.0,2025-08-26,18.32,3801.24,101.54,2025-10-16,25.8,5353.27,157.23,145.0,196.0,2025
FIX,2025-04-04,296.51,10437.87,181.6,2025-07-25,688.74,24245.32,132.28,2025-10-29,1010.64,35576.98,154.22,113.0,209.0,2025
PLTR,2025-04-04,74.01,177425.06,6770.76,2025-07-24,154.86,371247.73,109.24,2025-10-02,187.05,448417.21,152.74,112.0,182.0,2025
UPST,2025-04-04,34.8,3330.76,425.56,2025-07-02,73.39,7024.27,110.89,2025-07-23,84.13,8052.21,141.75,90.0,111.0,2025
PRIM,2025-04-04,52.66,2857.06,57.91,2025-08-05,108.59,5891.54,106.21,2025-10-29,144.26,7826.82,140.55,124.0,209.0,2025
ANET,2025-04-04,64.37,81052.74,909.8,2025-08-06,138.78,174747.53,115.6,2025-10-09,158.23,199238.38,133.83,125.0,189.0,2025
STRL,2025-04-04,104.96,3220.8,73.19,2025-06-17,221.36,6792.64,110.9,2025-11-05,411.07,12614.08,131.28,75.0,216.0,2025
COHR,2025-04-04,50.58,9895.44,287.15,2025-07-28,104.3,20405.18,106.21,2025-08-12,116.56,22803.72,130.45,116.0,131.0,2025
UI,2025-04-04,273.45,16549.41,29.79,2025-09-04,565.13,34202.12,106.67,2025-10-31,787.18,47640.76,129.65,154.0,211.0,2025
RYTM,2025-04-04,46.95,3217.61,29.39,2025-08-11,94.31,6463.31,100.87,2025-09-04,104.57,7166.45,122.73,130.0,154.0,2025
APP,2025-04-04,219.37,73695.05,2142.98,2025-08-08,455.98,153181.7,107.86,2025-08-12,467.0,156883.76,112.88,127.0,131.0,2025
CVNA,2025-04-04,32.51,23289.4,811.69,2025-05-30,65.43,46868.18,101.24,2025-06-04,69.13,49515.58,112.61,57.0,62.0,2025
GFI,2025-04-04,19.94,17834.71,52.2,2025-09-19,41.32,36957.37,107.22,2025-09-22,42.3,37833.9,112.14,169.0,172.0,2025
RDW,2025-04-04,7.51,1493.88,22.0,2025-05-27,15.93,3168.78,112.12,2025-05-27,15.93,3168.78,112.12,54.0,54.0,2025
APH,2025-04-04,59.09,72694.55,510.69,2025-09-10,119.09,146508.62,101.54,2025-10-08,125.79,154751.19,109.41,160.0,188.0,2025
DELL,2025-04-04,71.63,46573.02,913.84,2025-10-01,149.68,97320.25,108.96,2025-10-01,149.68,97320.25,108.96,181.0,181.0,2025
SANM,2025-04-04,67.3,3607.13,31.13,2025-10-06,140.0,7503.68,108.02,2025-10-06,140.0,7503.68,108.02,186.0,186.0,2025
NRG,2025-04-04,83.61,17640.58,283.96,2025-08-01,167.63,35367.66,100.49,2025-08-04,173.91,36692.66,108.0,120.0,123.0,2025
AVGO,2025-04-04,146.29,692634.61,5903.39,2025-07-28,294.3,1393412.85,101.18,2025-07-30,302.62,1432805.29,106.86,116.0,118.0,2025
EXK,2025-04-04,3.15,932.62,33.67,2025-09-02,6.5,1924.45,106.35,2025-09-02,6.5,1924.45,106.35,152.0,152.0,2025
ECG,2025-04-04,33.6,1715.0,40.86,2025-07-09,67.45,3442.76,100.74,2025-07-16,69.27,3535.65,106.16,97.0,104.0,2025
LRCX,2025-04-04,59.09,73896.24,943.5,2025-09-15,119.21,149080.57,101.74,2025-11-10,166.37,208057.5,105.93,165.0,221.0,2025
AEIS,2025-04-04,79.03,3005.56,30.99,2025-08-12,158.81,6039.65,100.95,2025-08-13,162.52,6180.74,105.64,131.0,132.0,2025
RCL,2025-04-04,177.93,47719.93,529.7,2025-08-27,359.07,96300.77,101.8,2025-08-28,365.84,98116.45,105.61,146.0,147.0,2025
AMKR,2025-04-04,14.88,3688.34,41.58,2025-10-06,30.57,7577.46,105.44,2025-10-06,30.57,7577.46,105.44,186.0,186.0,2025
SEI,2025-04-04,15.96,932.1,25.23,2025-07-03,32.66,1907.42,104.64,2025-07-03,32.66,1907.42,104.64,91.0,91.0,2025
NVMI,2025-04-04,162.03,5149.79,51.48,2025-10-01,331.32,10530.33,104.48,2025-10-01,331.32,10530.33,104.48,181.0,181.0,2025
RKLB,2025-04-04,16.37,9474.15,420.46,2025-06-23,32.78,18971.46,100.24,2025-06-24,33.46,19365.01,104.4,81.0,82.0,2025
MTZ,2025-04-04,106.07,8381.5,135.42,2025-09-30,212.81,16815.94,100.63,2025-10-06,216.8,17131.22,104.39,180.0,186.0,2025
SYM,2025-04-04,17.5,2226.27,59.88,2025-06-18,35.7,4541.59,104.0,2025-06-18,35.7,4541.59,104.0,76.0,76.0,2025
BWXT,2025-04-04,89.24,8175.69,109.3,2025-08-05,182.0,16673.87,103.94,2025-08-05,182.0,16673.87,103.94,124.0,124.0,2025
IESC,2025-04-04,160.58,3199.38,42.98,2025-07-16,322.89,6433.22,101.08,2025-07-18,327.15,6518.1,103.73,104.0,106.0,2025
CEG,2025-04-04,170.96,61937.9,994.93,2025-07-30,345.27,125089.48,101.96,2025-07-31,347.84,126020.58,103.46,118.0,119.0,2025
IAG,2025-04-04,5.63,3254.14,57.84,2025-09-15,11.41,6594.98,102.66,2025-09-15,11.41,6594.98,102.66,165.0,165.0,2025
TSEM,2025-04-04,29.65,3345.26,30.3,2025-08-26,60.0,6769.5,102.36,2025-08-26,60.0,6769.5,102.36,145.0,145.0,2025
CVI,2025-04-04,16.06,1614.52,25.42,2025-07-10,32.49,3266.24,102.3,2025-07-10,32.49,3266.24,102.3,98.0,98.0,2025
NET,2025-04-04,97.08,34305.56,409.09,2025-06-30,195.83,69201.25,101.72,2025-06-30,195.83,69201.25,101.72,88.0,88.0,2025
AMSC,2025-04-04,15.8,752.27,33.49,2025-06-05,31.86,1516.93,101.65,2025-06-05,31.86,1516.93,101.65,63.0,63.0,2025
FLEX,2025-04-04,26.68,9809.54,150.54,2025-07-23,53.8,19780.86,101.65,2025-07-23,53.8,19780.86,101.65,111.0,111.0,2025
SHOP,2025-04-04,76.89,99776.66,874.0,2025-08-06,154.9,201006.7,101.46,2025-08-06,154.9,201006.7,101.46,125.0,125.0,2025
GLW,2025-04-04,39.07,33625.12,254.22,2025-09-16,78.7,67732.2,101.43,2025-09-16,78.7,67732.2,101.43,166.0,166.0,2025
FN,2025-04-04,171.03,6127.96,147.4,2025-08-08,343.99,12325.07,101.13,2025-08-08,343.99,12325.07,101.13,127.0,127.0,2025
VST,2025-04-04,98.07,33049.59,1110.5,2025-07-09,197.01,66392.37,100.89,2025-07-09,197.01,66392.37,100.89,97.0,97.0,2025
JBL,2025-04-04,116.88,12331.15,191.83,2025-09-23,234.45,24735.09,100.59,2025-09-23,234.45,24735.09,100.59,173.0,173.0,2025
VRT,2025-04-04,59.41,22819.9,933.9,2025-06-18,119.08,45739.68,100.44,2025-06-18,119.08,45739.68,100.44,76.0,76.0,2025
NEM,2025-04-04,44.18,47164.48,471.38,2025-10-06,88.51,94489.1,100.34,2025-10-06,88.51,94489.1,100.34,186.0,186.0,2025
ACLS,2025-04-04,42.42,1303.69,46.33,2025-08-13,84.97,2611.38,100.31,2025-08-13,84.97,2611.38,100.31,132.0,132.0,2025
NVDA,2025-04-04,94.31,2291733.0,32742.25,2025-10-02,188.89,4590027.0,100.29,2025-10-02,188.89,4590027.0,100.29,182.0,182.0,2025
CAMT,2025-04-04,50.56,2353.5,42.38,2025-09-18,101.15,4708.39,100.06,2025-09-18,101.15,4708.39,100.06,168.0,168.0,2025
SHLS,2025-04-03,3.05,511.7,25.61,2025-09-12,6.88,1154.27,125.57,2025-10-15,10.85,1820.32,233.85,163.0,196.0,2025
CLSK,2025-03-31,6.72,1718.66,338.01,2025-09-18,13.46,3442.43,100.3,2025-09-24,14.45,3695.63,115.03,172.0,178.0,2025
ASPI,2025-03-13,3.92,493.54,20.39,2025-05-23,8.59,1081.51,119.13,2025-05-23,8.59,1081.51,119.13,72.0,72.0,2025
RSI,2025-03-13,9.68,996.59,25.19,2025-07-31,20.16,2075.54,108.26,2025-07-31,20.16,2075.54,108.26,141.0,141.0,2025
CAR,2025-03-13,55.49,1960.18,61.82,2025-05-19,112.72,3981.66,103.13,2025-05-19,112.72,3981.66,103.13,68.0,68.0,2025
SIG,2025-03-13,46.42,1859.95,95.04,2025-08-27,93.37,3741.13,101.14,2025-08-27,93.37,3741.13,101.14,168.0,168.0,2025
LUNR,2025-03-11,6.48,1036.55,224.98,2025-07-23,13.37,2138.69,106.33,2025-07-23,13.37,2138.69,106.33,135.0,135.0,2025
QUBT,2025-03-10,4.52,1019.36,289.43,2025-05-28,12.79,2884.43,182.96,2025-10-03,24.62,5552.36,319.42,80.0,208.0,2025
IONQ,2025-03-10,18.27,6819.64,672.96,2025-05-22,45.79,17092.03,150.63,2025-10-13,82.09,30641.73,241.61,74.0,218.0,2025
GEV,2025-03-10,270.13,72589.33,1061.79,2025-07-14,555.04,149150.35,105.47,2025-08-06,664.55,178577.87,146.01,127.0,150.0,2025
TLN,2025-03-10,165.75,7524.22,229.66,2025-07-23,339.24,15399.8,104.67,2025-10-08,445.84,20238.91,144.14,136.0,213.0,2025
DY,2025-03-10,136.75,4105.04,81.1,2025-08-07,276.43,8298.04,102.14,2025-08-12,279.99,8404.91,104.75,151.0,156.0,2025
KGC,2025-03-10,10.56,12609.8,190.63,2025-09-02,21.46,25625.59,103.22,2025-09-12,23.28,27798.87,104.21,177.0,187.0,2025
AGX,2025-03-10,104.05,1452.59,49.23,2025-05-27,210.52,2938.96,102.33,2025-05-27,210.52,2938.96,102.33,79.0,79.0,2025
CALX,2025-03-10,29.4,1875.2,22.82,2025-08-13,58.84,3752.95,100.14,2025-08-13,58.84,3752.95,100.14,157.0,157.0,2025
SUNE,2025-03-05,34.86,118.75,27.47,2025-03-07,79.7,271.51,128.63,2025-03-07,79.7,271.51,128.63,3.0,3.0,2025
TNXP,2025-03-03,7.38,104.84,27.74,2025-03-14,15.0,213.08,103.25,2025-08-13,61.57,874.63,734.28,12.0,164.0,2025
SBSW,2025-02-28,3.19,2257.38,26.86,2025-06-05,6.5,4599.67,103.76,2025-10-16,12.82,9071.97,184.26,98.0,231.0,2025
QXO,2025-02-25,12.01,8706.38,34.47,2025-06-23,24.12,17485.26,100.83,2025-06-23,24.12,17485.26,100.83,119.0,119.0,2025
KTOS,2025-02-24,24.39,4573.61,38.49,2025-07-11,51.71,9696.66,112.01,2025-10-08,105.67,19815.24,265.39,138.0,227.0,2025
CELH,2025-02-12,21.28,5440.03,231.99,2025-06-16,43.49,11117.8,104.37,2025-08-29,62.88,16074.67,147.36,125.0,199.0,2025
SMCI,2025-02-03,26.85,16122.94,2979.63,2025-07-25,54.47,32708.25,102.87,2025-07-30,60.71,36455.26,126.11,173.0,178.0,2025
ASTS,2025-01-29,17.72,5292.59,345.7,2025-06-10,35.71,10665.82,101.52,2025-07-24,60.06,17938.64,238.94,133.0,177.0,2025
DGNX,2025-01-24,8.55,248.81,51.81,2025-07-25,51.23,1490.84,499.18,2025-07-30,55.88,1626.16,272.78,183.0,188.0,2025
TMDX,2025-01-21,56.73,1960.64,164.89,2025-05-12,118.73,4103.42,109.29,2025-06-12,143.04,4943.77,152.15,112.0,143.0,2025
TEM,2025-01-14,31.83,5715.55,81.05,2025-02-05,69.18,12422.29,117.34,2025-02-14,89.44,16060.27,180.99,23.0,32.0,2025
VSAT,2025-01-14,7.51,1020.09,31.86,2025-07-02,15.21,2066.0,102.53,2025-07-03,16.28,2211.34,116.78,170.0,171.0,2025
SLNO,2025-01-14,42.54,2217.19,29.48,2025-06-25,85.79,4471.39,101.67,2025-06-25,85.79,4471.39,101.67,163.0,163.0,2025
QBTS,2025-01-13,3.83,1418.73,153.1,2025-06-11,16.53,6123.15,331.59,2025-10-15,44.78,16587.7,617.63,150.0,276.0,2025
TME,2025-01-13,10.28,15930.19,99.88,2025-07-14,20.67,32030.84,101.07,2025-07-17,22.36,34649.71,115.0,183.0,186.0,2025
STNE,2025-01-10,7.85,1909.34,59.82,2025-06-24,15.77,3835.71,100.89,2025-06-24,15.77,3835.71,100.89,166.0,166.0,2025
MP,2024-12-31,15.6,2777.1,47.81,2025-06-16,34.65,6168.36,122.12,2025-06-20,37.74,6718.44,141.92,168.0,172.0,2025
EYE,2024-12-30,10.1,809.17,20.19,2025-06-02,21.19,1697.65,109.8,2025-10-02,29.26,2344.18,168.93,155.0,277.0,2025
HMY,2024-12-30,8.14,5086.16,42.9,2025-04-11,17.16,10722.17,110.81,2025-04-16,17.99,11240.78,121.01,103.0,108.0,2025
AU,2024-12-30,22.89,11572.67,66.32,2025-06-02,47.42,23974.5,107.16,2025-06-02,47.42,23974.5,107.16,155.0,155.0,2025
ROOT,2024-12-19,71.12,1125.57,33.13,2025-05-12,152.05,2406.39,113.79,2025-05-12,152.05,2406.39,113.79,145.0,145.0,2025
GOLD,2024-12-19,15.23,441.74,387.68,2025-12-03,31.38,910.16,106.04,2025-12-03,31.38,910.16,106.04,350.0,350.0,2025
CRK,2024-12-18,15.36,4511.17,31.26,2025-06-18,30.74,9028.21,100.13,2025-06-18,30.74,9028.21,100.13,183.0,183.0,2025
ACMR,2024-12-05,14.1,933.63,27.45,2025-03-14,29.18,1932.15,106.95,2025-03-17,29.98,1985.12,112.62,100.0,103.0,2025
RGTI,2024-12-02,3.02,1003.68,23.41,2025-06-04,11.82,3928.32,291.39,2025-06-11,12.52,4160.97,185.84,185.0,192.0,2025
URBN,2024-11-20,36.91,3159.54,64.9,2025-05-27,75.26,6442.35,103.9,2025-05-27,75.26,6442.35,103.9,189.0,189.0,2025
SEDG,2024-11-19,10.46,636.46,106.49,2025-05-16,22.02,1339.22,110.42,2025-05-16,22.02,1339.22,110.42,179.0,179.0,2025
AGL,2024-11-18,39.25,654.84,21.54,2025-01-21,85.25,1422.29,117.2,2025-01-23,92.25,1539.08,135.03,65.0,67.0,2025
SMCI,2024-11-14,18.01,10814.68,4215.23,2024-11-25,38.41,23064.51,113.27,2024-11-25,38.41,23064.51,113.27,12.0,12.0,2024
HOOD,2024-11-13,31.91,28735.12,381.38,2025-05-19,64.27,57875.46,101.41,2025-05-20,64.91,58451.78,101.46,188.0,189.0,2025
FCEL,2024-11-12,5.7,301.97,23.87,2024-11-29,11.87,628.85,108.25,2024-11-29,11.87,628.85,108.25,18.0,18.0,2024
HTZ,2024-11-06,3.09,973.51,24.68,2025-05-12,6.94,2186.47,124.6,2025-05-12,6.94,2186.47,124.6,188.0,188.0,2025
NFE,2024-11-01,8.0,2285.08,55.74,2025-01-02,16.3,4655.84,103.75,2025-01-02,16.3,4655.84,103.75,63.0,63.0,2025
HIMS,2024-10-31,18.83,4351.07,198.84,2025-05-02,40.82,9432.32,116.78,2025-05-16,64.65,14938.74,234.63,184.0,198.0,2025
GH,2024-10-24,20.2,2678.52,57.4,2025-01-21,45.13,5984.23,123.42,2025-01-30,49.94,6622.04,147.23,90.0,99.0,2025
BE,2024-10-23,9.04,2571.37,75.45,2024-11-15,21.14,6013.14,133.85,2025-01-24,29.81,8479.27,229.76,24.0,94.0,2024
NBIS,2024-10-23,17.16,4356.89,187.35,2024-12-06,36.77,9335.84,114.28,2024-12-06,36.77,9335.84,114.28,45.0,45.0,2024
ACHR,2024-10-21,3.06,2324.37,31.47,2025-04-15,7.12,5408.34,132.68,2025-05-16,13.3,10102.65,223.6,177.0,208.0,2025
ARQT,2024-10-21,8.31,1039.44,22.8,2025-03-20,16.77,2097.65,101.81,2025-03-24,17.29,2162.69,108.06,151.0,155.0,2025
XPEV,2024-10-17,10.22,9767.77,119.22,2025-03-31,20.72,19803.15,102.74,2025-04-02,21.12,20185.45,106.65,166.0,168.0,2025
LRN,2024-10-16,64.04,2723.29,54.58,2025-01-30,134.13,5703.86,109.45,2025-02-07,142.28,6050.43,122.17,107.0,115.0,2025
OKLO,2024-10-11,9.15,1591.37,33.2,2025-04-04,19.8,3443.61,116.39,2025-04-09,24.08,4187.99,163.17,176.0,181.0,2025
IRTC,2024-10-11,57.07,1875.46,37.58,2025-02-21,119.44,3925.09,109.29,2025-02-21,119.44,3925.09,109.29,134.0,134.0,2025
RELY,2024-10-10,12.69,2672.02,25.56,2025-02-05,25.41,5350.36,100.24,2025-02-10,25.7,5411.42,102.52,119.0,124.0,2025
GRAL,2024-10-03,12.57,539.46,21.54,2025-01-23,25.97,1114.54,106.6,2025-02-14,55.02,2361.27,337.71,113.0,135.0,2025
NVCR,2024-10-03,14.54,1684.04,22.8,2024-12-02,29.85,3457.26,105.3,2024-12-03,30.51,3533.7,109.83,61.0,62.0,2024
ASAN,2024-10-01,11.17,2651.35,28.07,2024-12-09,24.87,5903.23,122.65,2024-12-16,27.52,6532.24,146.37,70.0,77.0,2024
MNSO,2024-09-24,13.4,4059.32,28.43,2025-01-03,27.56,8348.88,105.67,2025-01-03,27.56,8348.88,105.67,102.0,102.0,2025
DJT,2024-09-23,12.15,3364.99,295.31,2024-10-11,25.28,7001.39,108.07,2024-10-29,51.51,14265.89,323.95,19.0,37.0,2024
MBLY,2024-09-12,10.57,8901.91,93.93,2025-01-03,21.7,18275.44,105.3,2025-01-06,21.84,18397.56,106.67,114.0,117.0,2025
SERV,2024-09-10,6.72,519.62,106.07,2025-01-21,19.41,1500.87,188.84,2025-02-13,22.92,1772.28,241.07,134.0,157.0,2025
ROOT,2024-09-10,35.83,567.06,25.78,2024-11-06,73.78,1167.66,105.92,2024-11-21,109.4,1731.4,205.33,58.0,73.0,2024
UPST,2024-09-10,33.66,3221.65,165.78,2025-02-10,70.94,6789.78,110.75,2025-02-12,88.77,8496.32,163.73,154.0,156.0,2025
EH,2024-09-10,11.62,836.46,21.49,2025-02-12,25.14,1809.7,116.35,2025-02-19,26.45,1904.0,127.62,156.0,163.0,2025
SYM,2024-09-10,17.86,2272.07,50.39,2024-11-19,39.02,4963.95,118.48,2024-11-19,39.02,4963.95,118.48,71.0,71.0,2024
CVNA,2024-09-10,26.14,18726.64,486.36,2025-02-10,53.56,38365.84,104.87,2025-02-14,57.07,40875.71,118.28,154.0,158.0,2025
GTLS,2024-09-10,106.83,5113.48,80.39,2025-01-16,215.95,10336.57,102.14,2025-01-21,218.35,10451.45,104.39,129.0,134.0,2025
DNA,2024-09-09,5.36,350.14,26.47,2024-12-06,11.66,761.68,117.54,2024-12-06,11.66,761.68,117.54,89.0,89.0,2024
WOLF,2024-09-09,7.59,366.89,100.4,2024-10-16,15.9,768.58,109.49,2024-10-17,16.21,783.57,113.57,38.0,39.0,2024
CRDO,2024-09-09,24.26,4474.76,55.32,2024-11-29,48.96,9030.67,101.81,2024-11-29,48.96,9030.67,101.81,82.0,82.0,2024
FSLY,2024-09-09,5.63,881.1,32.63,2024-12-09,11.34,1774.71,101.42,2024-12-09,11.34,1774.71,101.42,92.0,92.0,2024
RKLB,2024-09-06,5.81,3362.54,45.8,2025-02-18,27.74,16054.55,377.45,2025-02-18,27.74,16054.55,377.45,166.0,166.0,2025
HUT,2024-09-06,9.0,1013.35,56.08,2024-12-03,25.06,2821.61,178.44,2024-12-06,30.24,3404.85,236.0,89.0,92.0,2024
RIOT,2024-09-06,6.38,2412.6,221.12,2024-11-08,12.81,4844.12,100.78,2024-11-11,14.97,5660.92,134.64,64.0,67.0,2024
NET,2024-09-06,76.05,26874.1,237.92,2025-02-07,166.66,58893.33,119.15,2025-02-13,176.5,62370.53,132.08,155.0,161.0,2025
COIN,2024-09-06,147.35,38819.82,2085.93,2024-11-11,324.24,85422.05,120.05,2024-11-11,324.24,85422.05,120.05,67.0,67.0,2024
CLSK,2024-09-06,8.09,2069.04,494.7,2024-11-11,17.61,4503.81,117.68,2024-11-12,17.63,4508.92,117.92,67.0,68.0,2024
JOBY,2024-09-06,4.77,4691.98,30.7,2025-01-03,9.77,9610.19,104.82,2025-01-07,10.27,10102.01,115.3,120.0,124.0,2025
IREN,2024-09-06,6.44,2136.53,124.86,2024-11-29,13.51,4482.07,109.78,2024-11-29,13.51,4482.07,109.78,85.0,85.0,2024
CLS,2024-09-06,41.03,4717.35,115.52,2024-11-07,85.33,9810.66,107.97,2024-11-08,85.85,9870.44,109.24,63.0,64.0,2024
MARA,2024-09-06,13.37,5096.61,892.73,2024-11-27,26.92,10261.83,101.35,2024-11-29,27.42,10452.43,105.09,83.0,85.0,2024
UEC,2024-09-06,4.26,2088.34,41.21,2024-11-19,8.6,4215.9,101.88,2024-11-19,8.6,4215.9,101.88,75.0,75.0,2024
MSTR,2024-09-06,114.3,40056.19,2392.29,2024-11-01,229.71,80501.38,100.97,2024-11-01,229.71,80501.38,100.97,57.0,57.0,2024
SPOT,2024-09-06,322.77,66367.99,582.93,2025-02-13,648.32,133307.6,100.86,2025-02-13,648.32,133307.6,100.86,161.0,161.0,2025
AI,2024-09-05,21.12,3068.55,129.3,2024-12-16,42.94,6238.81,103.31,2024-12-16,42.94,6238.81,103.31,103.0,103.0,2024
APLD,2024-09-03,3.15,900.17,21.06,2024-11-06,7.07,2020.39,124.44,2024-11-25,10.68,3052.02,239.05,65.0,84.0,2024
OKLO,2024-09-03,5.59,972.21,33.89,2024-10-04,11.19,1946.16,100.18,2024-10-04,11.19,1946.16,100.18,32.0,32.0,2024
DQ,2024-08-28,14.04,950.03,23.35,2024-10-28,29.14,1971.79,107.55,2024-10-28,29.14,1971.79,107.55,62.0,62.0,2024
CNL,2024-08-22,3.03,280.56,41.69,2025-02-19,6.07,561.93,100.29,2025-02-19,6.07,561.93,100.29,182.0,182.0,2025
PTON,2024-08-20,3.2,1385.57,50.52,2025-02-18,9.63,4169.71,200.94,2025-02-19,9.79,4238.99,205.94,183.0,184.0,2025
HOLO,2024-08-14,232.64,5330.33,46.07,2024-08-22,555.04,12717.28,138.58,2024-08-22,555.04,12717.28,138.58,9.0,9.0,2024
TDOC,2024-08-14,6.79,1225.68,71.62,2025-02-10,13.86,2501.91,104.12,2025-02-10,13.86,2501.91,104.12,181.0,181.0,2025
ALGT,2024-08-14,36.36,670.38,21.01,2024-11-06,73.87,1361.96,103.16,2024-11-06,73.87,1361.96,103.16,85.0,85.0,2024
WRBY,2024-08-14,12.79,1569.53,20.03,2024-12-24,25.72,3156.24,101.09,2024-12-24,25.72,3156.24,101.09,133.0,133.0,2024
NNE,2024-08-13,6.65,346.35,38.49,2024-12-03,26.62,1386.45,300.3,2025-01-24,44.51,2318.22,569.32,113.0,165.0,2024
BROS,2024-08-12,29.1,3992.31,102.7,2025-01-14,59.08,8105.34,103.02,2025-02-18,85.37,11712.13,181.47,156.0,191.0,2025
XPEV,2024-08-12,6.63,6336.63,108.16,2024-10-02,13.34,12749.71,101.21,2024-10-02,13.34,12749.71,101.21,52.0,52.0,2024
PCRX,2024-08-09,11.7,460.37,21.63,2025-01-24,24.52,964.81,109.57,2025-02-11,27.25,1072.23,132.91,169.0,187.0,2025
DXYZ,2024-08-07,9.63,211.63,40.11,2024-11-07,22.1,485.68,129.49,2024-12-12,72.54,1594.16,653.27,93.0,128.0,2024
GEO,2024-08-07,12.12,1619.45,36.88,2024-11-07,24.43,3264.29,101.57,2025-01-17,35.35,4723.41,191.67,93.0,164.0,2024
SMTC,2024-08-07,27.61,2570.89,65.79,2024-11-26,63.11,5876.46,128.58,2025-01-21,77.15,7183.78,179.43,112.0,168.0,2024
SMMT,2024-08-07,9.4,7295.93,20.96,2025-01-22,23.52,18255.35,150.21,2025-01-23,24.65,19132.41,162.23,169.0,170.0,2025
LITE,2024-08-07,40.28,3133.78,66.43,2024-11-08,83.85,6523.53,108.17,2024-11-13,88.06,6851.07,118.62,94.0,99.0,2024
AAOI,2024-08-07,6.87,551.27,30.38,2024-09-12,14.52,1165.12,111.35,2024-09-13,14.61,1172.35,112.66,37.0,38.0,2024
VRT,2024-08-07,67.22,25819.79,779.4,2024-11-19,140.94,54136.3,109.67,2024-11-21,141.49,54347.56,110.49,105.0,107.0,2024
MRVL,2024-08-07,56.15,49100.83,879.76,2024-12-04,118.15,103317.24,110.42,2024-12-04,118.15,103317.24,110.42,120.0,120.0,2024
TEAM,2024-08-07,137.41,34870.24,318.11,2024-12-04,287.5,72958.26,109.23,2024-12-04,287.5,72958.26,109.23,120.0,120.0,2024
RBLX,2024-08-07,36.18,25904.11,288.47,2025-02-04,73.79,52832.07,103.95,2025-02-05,75.47,54034.92,108.6,182.0,183.0,2025
ATRC,2024-08-07,20.34,1030.04,21.56,2025-01-27,40.84,2068.18,100.79,2025-01-29,42.4,2147.18,108.46,174.0,176.0,2025
AMBA,2024-08-07,39.79,1742.36,31.75,2025-01-17,80.79,3537.7,103.04,2025-01-21,82.65,3619.15,107.72,164.0,168.0,2025
TPR,2024-08-07,36.29,7332.2,143.08,2025-01-21,74.05,14961.41,104.05,2025-01-24,74.65,15082.64,105.7,168.0,171.0,2025
LYFT,2024-08-07,9.08,3469.68,261.65,2024-11-11,18.59,7103.68,104.74,2024-11-11,18.59,7103.68,104.74,97.0,97.0,2024
AFRM,2024-08-07,24.12,8077.75,254.01,2024-10-14,49.26,16497.1,104.23,2024-10-14,49.26,16497.1,104.23,69.0,69.0,2024
SSRM,2024-08-07,4.35,902.59,21.79,2025-02-05,9.11,1890.24,109.43,2025-02-10,9.21,1910.99,104.21,183.0,188.0,2025
ALAB,2024-08-07,36.37,6234.11,121.87,2024-10-28,72.87,12490.5,100.36,2024-10-29,74.07,12696.19,103.66,83.0,84.0,2024
CCL,2024-08-07,14.01,19405.81,489.05,2025-01-30,28.49,39462.63,103.35,2025-01-30,28.49,39462.63,103.35,177.0,177.0,2025
AAL,2024-08-07,9.26,6124.43,428.04,2025-01-21,18.64,12328.22,101.3,2025-01-22,18.66,12341.45,101.51,168.0,169.0,2025
MP,2024-08-07,10.49,1867.42,52.01,2024-11-29,21.07,3750.86,100.86,2024-11-29,21.07,3750.86,100.86,115.0,115.0,2024
KVYO,2024-08-06,22.17,6635.03,29.69,2025-01-28,45.62,13653.15,105.77,2025-02-05,48.61,14547.99,119.26,176.0,184.0,2025
BILL,2024-08-06,43.97,4351.29,121.31,2024-11-12,89.01,8808.47,102.43,2024-11-13,89.67,8873.78,103.93,99.0,100.0,2024
IONQ,2024-08-05,6.57,2452.38,51.6,2024-10-18,13.3,4964.49,102.44,2025-01-06,51.07,19062.9,677.32,75.0,155.0,2024
AS,2024-08-05,10.47,6091.68,22.82,2024-11-20,20.96,12194.99,100.19,2025-01-30,33.78,19653.95,222.64,108.0,179.0,2024
UAL,2024-08-05,37.88,12294.7,408.8,2024-10-28,76.09,24696.51,100.87,2025-01-21,110.52,35871.45,191.76,85.0,170.0,2024
TARS,2024-08-05,21.54,926.74,22.16,2024-10-29,43.87,1887.46,103.67,2025-02-05,56.94,2449.78,164.35,86.0,185.0,2024
YPF,2024-08-05,18.06,7086.94,45.26,2024-11-20,37.17,14585.9,105.81,2025-01-07,46.03,18062.66,154.87,108.0,156.0,2024
INTA,2024-08-05,31.5,2427.44,22.85,2024-12-02,64.25,4951.21,103.97,2024-12-11,70.0,5394.31,122.22,120.0,129.0,2024
SHOP,2024-08-05,52.26,67815.43,697.92,2024-11-12,108.92,141340.54,108.42,2024-11-13,115.09,149347.07,120.23,100.0,101.0,2024
CRK,2024-08-05,8.14,2390.68,35.68,2024-12-11,16.89,4960.52,107.49,2024-12-12,17.59,5166.11,116.09,129.0,130.0,2024
DOCU,2024-08-05,49.73,9662.11,141.77,2024-12-06,106.99,20787.24,115.14,2024-12-06,106.99,20787.24,115.14,124.0,124.0,2024
CIEN,2024-08-05,45.77,6471.81,90.44,2025-01-22,94.85,13411.64,107.23,2025-01-23,98.18,13882.5,114.51,171.0,172.0,2025
SE,2024-08-05,59.94,36712.32,352.9,2025-01-29,121.92,74674.11,103.4,2025-01-30,123.38,75568.34,105.84,178.0,179.0,2025
ALK,2024-08-05,32.92,3668.24,83.24,2024-12-20,66.02,7356.54,100.55,2024-12-24,67.6,7532.6,105.35,138.0,142.0,2024
GGAL,2024-08-05,26.6,4273.44,28.09,2024-10-25,53.89,8656.1,102.56,2024-10-28,54.11,8691.44,103.38,82.0,85.0,2024
IBKR,2024-08-05,27.16,12100.48,109.11,2025-01-24,54.75,24389.18,101.56,2025-01-24,54.75,24389.18,101.56,173.0,173.0,2025
CORZ,2024-08-05,8.22,2613.02,58.64,2024-12-16,16.56,5264.18,101.46,2024-12-16,16.56,5264.18,101.46,134.0,134.0,2024
SITM,2024-08-05,112.1,2959.08,25.36,2024-11-07,225.51,5952.75,101.17,2024-11-07,225.51,5952.75,101.17,95.0,95.0,2024
HOOD,2024-08-05,16.42,14786.29,320.05,2024-11-12,33.0,29716.67,100.97,2024-11-12,33.0,29716.67,100.97,100.0,100.0,2024
DUOL,2024-08-05,158.85,7401.32,158.99,2024-11-06,318.85,14856.22,100.72,2024-11-06,318.85,14856.22,100.72,94.0,94.0,2024
CEG,2024-08-02,167.08,60532.19,575.76,2025-01-23,346.22,125433.66,107.22,2025-01-24,347.44,125875.66,107.95,175.0,176.0,2025
TLN,2024-07-25,109.08,4951.69,26.31,2025-01-10,221.8,10068.61,103.34,2025-01-10,221.8,10068.61,103.34,170.0,170.0,2025
QFIN,2024-07-18,18.93,2304.76,21.67,2024-11-27,37.88,4611.96,100.11,2024-11-29,38.11,4639.96,101.32,133.0,135.0,2024
AUR,2024-07-11,3.31,6491.58,22.12,2025-01-10,6.99,13708.81,111.18,2025-01-10,6.99,13708.81,111.18,184.0,184.0,2025
NWL,2024-07-10,5.73,2434.84,35.94,2024-12-09,11.51,4890.92,100.87,2024-12-10,11.63,4941.91,102.97,153.0,154.0,2024
HE,2024-07-08,7.74,1336.2,27.81,2024-07-19,17.51,3022.85,126.23,2024-07-19,17.51,3022.85,126.23,12.0,12.0,2024
VSCO,2024-07-03,15.95,1266.84,60.85,2024-11-04,32.48,2579.75,103.64,2024-12-13,48.71,3868.82,205.39,125.0,164.0,2024
LB,2024-07-01,22.96,639.19,258.49,2024-10-09,47.38,1319.02,106.36,2025-01-21,82.7,2302.3,193.05,101.0,205.0,2024
SOUN,2024-07-01,3.89,1658.22,229.5,2024-11-22,8.25,3516.79,112.08,2024-11-22,8.25,3516.79,112.08,145.0,145.0,2024
LUNR,2024-06-28,3.3,527.87,41.12,2024-09-18,7.47,1194.92,126.36,2025-01-24,23.07,3690.32,590.72,83.0,211.0,2024
RH,2024-06-25,214.92,4062.15,193.04,2024-12-13,446.04,8430.5,107.54,2024-12-13,446.04,8430.5,107.54,172.0,172.0,2024
VSAT,2024-06-25,12.04,1635.41,22.98,2024-08-08,24.49,3326.51,103.41,2024-08-08,24.49,3326.51,103.41,45.0,45.0,2024
RBRK,2024-06-21,28.65,5896.45,61.23,2024-12-06,64.63,13301.49,125.58,2025-02-13,78.72,16201.35,158.1,169.0,238.0,2024
UPST,2024-06-21,21.64,2071.2,197.11,2024-08-27,44.11,4221.84,103.84,2024-08-27,44.11,4221.84,103.84,68.0,68.0,2024
SOFI,2024-06-20,6.32,8106.92,377.63,2024-11-08,13.01,16688.46,105.85,2025-01-23,18.03,23127.82,185.28,142.0,218.0,2024
ZETA,2024-06-20,15.45,3851.03,22.63,2024-11-06,31.87,7943.84,106.28,2024-11-11,36.74,9157.72,137.8,140.0,145.0,2024
TWLO,2024-06-18,53.02,8047.05,186.83,2024-12-03,107.3,16285.34,102.38,2024-12-12,114.96,17447.92,116.82,169.0,178.0,2024
LBRDK,2024-06-18,49.82,7149.06,75.35,2024-11-06,101.4,14550.67,103.53,2024-11-06,101.4,14550.67,103.53,142.0,142.0,2024
TRUP,2024-06-17,26.4,1151.58,20.66,2024-11-12,53.75,2344.6,103.6,2024-11-12,53.75,2344.6,103.6,149.0,149.0,2024
LMND,2024-06-14,14.38,1104.68,29.67,2024-11-06,29.29,2250.08,103.69,2024-11-06,29.29,2250.08,103.69,146.0,146.0,2024
IOT,2024-06-14,28.07,16300.71,131.26,2024-11-22,56.35,32723.36,100.75,2024-11-22,56.35,32723.36,100.75,162.0,162.0,2024
TSLA,2024-06-11,170.66,640951.84,19188.99,2024-11-11,350.0,1314503.35,105.09,2024-11-11,350.0,1314503.35,105.09,154.0,154.0,2024
WULF,2024-06-07,3.09,1522.24,43.85,2024-12-05,7.71,3798.21,149.51,2024-12-16,8.24,4059.31,148.94,182.0,193.0,2024
TGTX,2024-06-06,15.81,2420.25,68.32,2024-11-13,34.9,5342.62,120.75,2024-11-13,34.9,5342.62,120.75,161.0,161.0,2024
RNA,2024-06-06,26.04,404.01,20.84,2024-11-13,52.5,814.54,101.61,2024-11-13,52.5,814.54,101.61,161.0,161.0,2024
CNK,2024-06-05,16.47,1923.49,49.47,2024-11-19,33.45,3906.55,103.1,2024-11-19,33.45,3906.55,103.1,168.0,168.0,2024
SMR,2024-06-04,6.98,2415.82,22.94,2024-11-22,30.21,10455.86,332.81,2024-11-22,30.21,10455.86,332.81,172.0,172.0,2024
AXON,2024-06-04,276.22,22263.91,138.43,2024-11-08,603.18,48617.56,118.37,2024-12-05,689.78,55597.7,147.1,158.0,185.0,2024
ASTS,2024-05-31,8.28,2471.57,28.57,2024-11-26,23.39,6986.1,182.66,2024-12-09,25.98,7761.17,206.43,180.0,193.0,2024
Z,2024-05-30,39.21,8971.32,198.6,2024-11-21,82.15,18796.07,109.51,2024-11-27,85.45,19551.11,117.93,176.0,182.0,2024
ZG,2024-05-30,38.66,8845.48,35.35,2024-11-21,79.26,18134.83,105.02,2024-11-27,82.33,18837.25,112.96,176.0,182.0,2024
VNO,2024-05-29,22.85,4298.03,62.43,2024-11-08,45.76,8607.35,100.26,2024-11-08,45.76,8607.35,100.26,164.0,164.0,2024
INSM,2024-05-24,22.0,4768.55,46.88,2024-05-28,48.06,10417.12,118.45,2024-08-22,79.01,17125.61,259.14,5.0,91.0,2024
YOU,2024-05-24,16.55,1667.65,28.18,2024-09-30,33.14,3339.33,100.24,2024-09-30,33.14,3339.33,100.24,130.0,130.0,2024
FWRD,2024-05-22,12.25,397.5,29.12,2024-07-15,24.84,806.03,102.78,2024-07-25,27.67,897.86,125.88,55.0,65.0,2024
DOCS,2024-05-13,22.99,4246.46,46.95,2024-11-08,58.25,10759.3,153.37,2024-11-11,61.25,11313.42,166.42,180.0,183.0,2024
HIMS,2024-05-03,11.26,2601.86,47.99,2024-10-15,22.8,5268.42,102.49,2024-10-15,22.8,5268.42,102.49,166.0,166.0,2024
TPL,2024-05-02,186.19,12842.12,45.31,2024-10-30,384.54,26523.65,106.54,2024-11-22,576.67,39775.26,197.22,182.0,205.0,2024
RDDT,2024-05-01,45.88,8832.31,419.2,2024-10-30,116.05,22340.67,152.94,2025-02-07,225.23,43358.81,344.33,183.0,283.0,2024
FTAI,2024-04-30,70.21,7202.35,45.95,2024-10-21,142.36,14603.71,102.76,2024-10-21,142.36,14603.71,102.76,175.0,175.0,2024
CHWY,2024-04-30,14.99,6245.99,173.7,2024-06-25,29.99,12496.14,100.07,2024-06-25,29.99,12496.14,100.07,57.0,57.0,2024
ALNY,2024-04-26,143.31,19133.69,116.33,2024-08-29,287.01,38319.44,100.27,2024-08-29,287.01,38319.44,100.27,126.0,126.0,2024
ENVX,2024-04-25,5.11,1113.23,43.72,2024-06-11,10.82,2356.08,111.64,2024-07-15,16.02,3490.27,213.53,48.0,82.0,2024
CORT,2024-04-25,22.21,2384.28,29.5,2024-09-30,46.28,4968.23,108.37,2024-10-18,49.75,5340.74,124.0,159.0,177.0,2024
DNLI,2024-04-25,14.96,2374.3,21.77,2024-09-13,30.77,4883.5,105.68,2024-09-19,31.05,4927.94,107.55,142.0,148.0,2024
GME,2024-04-22,10.01,4488.24,73.39,2024-05-13,30.45,13653.02,204.2,2024-05-14,48.75,21858.29,387.01,22.0,23.0,2024
CAVA,2024-04-22,59.61,6939.34,106.19,2024-09-09,120.09,13979.96,101.46,2024-10-24,138.65,16140.58,121.52,141.0,186.0,2024
APP,2024-04-19,66.8,22440.76,189.83,2024-10-03,135.25,45435.82,102.47,2025-02-14,510.13,171372.83,503.2,168.0,302.0,2024
PLTR,2024-04-19,20.47,49072.98,1311.0,2024-10-08,41.45,99368.58,102.49,2025-02-18,124.62,298753.02,313.2,173.0,306.0,2024
SITM,2024-04-19,73.44,1938.58,20.52,2024-07-09,147.6,3896.17,100.98,2024-07-16,163.19,4307.7,122.21,82.0,89.0,2024
CRDO,2024-04-19,16.92,3120.89,41.57,2024-08-21,36.08,6654.95,113.24,2024-08-23,36.45,6723.2,115.43,125.0,127.0,2024
COHR,2024-04-19,49.26,9637.19,98.97,2024-10-09,98.69,19307.64,100.35,2024-10-11,104.62,20467.79,112.38,174.0,176.0,2024
VST,2024-04-19,65.66,22127.42,226.56,2024-10-03,132.45,44635.65,101.72,2024-10-04,138.41,46644.17,110.8,168.0,169.0,2024
GH,2024-04-19,16.07,2130.88,40.5,2024-07-16,33.83,4485.86,110.52,2024-07-16,33.83,4485.86,110.52,89.0,89.0,2024
TWST,2024-04-19,27.95,1740.48,32.94,2024-07-15,56.15,3496.53,100.89,2024-07-16,58.66,3652.84,109.87,88.0,89.0,2024
PI,2024-04-19,116.32,3543.0,37.43,2024-10-11,235.65,7177.68,102.59,2024-10-14,238.58,7266.92,105.11,176.0,179.0,2024
BEKE,2024-04-19,12.58,14011.33,104.4,2024-10-03,25.71,28635.24,104.37,2024-10-04,25.8,28735.48,105.09,168.0,169.0,2024
FUTU,2024-04-17,54.33,7616.77,84.6,2024-10-02,112.85,15820.95,107.71,2024-10-07,128.93,18075.28,137.31,169.0,174.0,2024
POWL,2024-04-17,41.15,1499.04,31.27,2024-10-08,84.06,3062.32,104.29,2024-10-16,93.46,3405.02,127.15,175.0,183.0,2024
EAT,2024-04-17,44.07,1890.06,51.34,2024-10-15,89.53,3839.74,103.15,2024-10-16,90.76,3892.5,105.95,182.0,183.0,2024
DJT,2024-04-16,22.84,6325.63,656.17,2024-04-29,46.69,12930.97,104.42,2024-04-30,49.93,13828.3,118.61,14.0,15.0,2024
RIVN,2024-04-15,8.4,11280.08,617.02,2024-07-12,18.11,24319.31,115.6,2024-07-12,18.11,24319.31,115.6,89.0,89.0,2024
RKLB,2024-04-15,3.53,2042.99,33.21,2024-08-19,7.19,4161.22,103.68,2024-08-19,7.19,4161.22,103.68,127.0,127.0,2024
IREN,2024-04-15,4.33,1436.52,39.14,2024-08-21,8.68,2879.67,100.46,2024-08-21,8.68,2879.67,100.46,129.0,129.0,2024
GL,2024-04-11,49.17,3817.79,94.8,2024-08-22,98.95,7682.95,101.24,2024-09-26,109.6,8509.87,122.9,134.0,169.0,2024
GEV,2024-04-05,122.7,32971.94,1883.3,2024-09-20,245.46,65960.01,100.05,2024-10-21,276.43,74282.27,102.23,169.0,200.0,2024
TMDX,2024-03-22,70.86,2448.99,48.38,2024-06-10,144.67,4999.93,104.16,2024-06-10,144.67,4999.93,104.16,81.0,81.0,2024
ZIM,2024-03-19,9.25,1114.81,65.21,2024-06-18,19.01,2291.08,105.51,2024-07-01,22.97,2768.33,148.32,92.0,105.0,2024
SATS,2024-03-18,12.7,3680.56,26.08,2024-09-16,26.44,7662.51,108.19,2024-09-16,26.44,7662.51,108.19,183.0,183.0,2024
RUN,2024-03-14,9.51,2268.6,187.61,2024-08-13,19.27,4596.84,102.63,2024-08-13,19.27,4596.84,102.63,153.0,153.0,2024
DOC,2024-02-26,10.91,7521.57,29.99,2024-07-26,21.9,15098.29,100.73,2024-07-26,21.9,15098.29,100.73,152.0,152.0,2024
STI,2024-02-22,20.31,157.31,157.47,2024-03-11,87.5,677.75,330.82,2024-04-08,195.0,1510.41,860.12,19.0,47.0,2024
RILY,2024-02-21,15.2,564.38,23.56,2024-04-25,34.69,1288.06,128.22,2024-04-29,38.55,1431.38,153.62,65.0,69.0,2024
HMY,2024-02-13,5.47,3417.85,23.18,2024-07-16,10.97,6854.44,100.55,2024-07-16,10.97,6854.44,100.55,155.0,155.0,2024
SFM,2024-02-07,49.95,4697.51,61.33,2024-08-01,100.76,9475.9,101.72,2024-08-01,100.76,9475.9,101.72,177.0,177.0,2024
NVAX,2024-02-05,3.76,618.29,58.27,2024-05-10,8.88,1460.21,136.17,2024-06-05,20.97,3448.27,457.71,96.0,122.0,2024
CRS,2024-02-05,59.06,2934.43,32.94,2024-07-16,122.25,6074.07,106.99,2024-07-16,122.25,6074.07,106.99,163.0,163.0,2024
COIN,2024-02-05,117.3,30903.06,1207.79,2024-05-29,236.65,62346.19,101.75,2024-05-29,236.65,62346.19,101.75,115.0,115.0,2024
FSLR,2024-02-05,139.8,15021.98,344.94,2024-05-28,280.16,30104.13,100.4,2024-05-28,280.16,30104.13,100.4,114.0,114.0,2024
BILI,2024-02-02,8.94,3724.62,76.34,2024-06-21,18.14,7557.55,102.91,2024-06-21,18.14,7557.55,102.91,141.0,141.0,2024
TNDM,2024-01-30,22.09,1513.81,36.48,2024-06-07,48.85,3347.65,121.14,2024-06-07,48.85,3347.65,121.14,130.0,130.0,2024
LNTH,2024-01-24,51.07,3324.97,78.59,2024-07-10,106.18,6912.96,107.91,2024-07-11,123.62,8048.41,142.06,169.0,170.0,2024
MSTR,2024-01-23,45.02,15776.81,424.62,2024-05-06,126.88,44465.18,181.84,2024-07-22,180.01,63083.77,299.85,105.0,182.0,2024
HUT,2024-01-23,6.33,712.72,42.65,2024-06-20,13.01,1464.85,105.53,2024-06-20,13.01,1464.85,105.53,150.0,150.0,2024
CLSK,2024-01-19,6.87,1757.02,121.14,2024-06-04,16.09,4115.06,134.21,2024-07-16,19.79,5061.35,188.06,138.0,180.0,2024
SE,2024-01-17,34.82,21326.71,345.35,2024-05-16,71.44,43755.89,105.17,2024-05-17,73.76,45176.86,111.83,121.0,122.0,2024
MMYT,2024-01-09,44.86,4255.74,22.22,2024-07-09,90.72,8606.35,102.23,2024-07-09,90.72,8606.35,102.23,183.0,183.0,2024
CAMT,2024-01-05,67.93,3162.05,27.54,2024-07-08,137.24,6388.33,102.03,2024-07-08,137.24,6388.33,102.03,186.0,186.0,2024
VKTX,2024-01-03,17.4,2020.24,30.01,2024-06-10,56.38,6546.04,224.02,2024-07-26,65.98,7660.65,208.75,160.0,206.0,2024
VRT,2024-01-03,45.57,17503.84,241.01,2024-06-13,95.31,36609.41,109.15,2024-06-13,95.31,36609.41,109.15,163.0,163.0,2024
HUT,2023-12-12,8.43,948.61,32.33,2023-12-27,18.12,2040.77,115.13,2023-12-27,18.12,2040.77,115.13,16.0,16.0,2023
CVNA,2023-12-07,7.58,5429.47,616.97,2024-06-10,21.61,15478.99,185.09,2024-08-23,31.96,22889.71,131.03,187.0,261.0,2024
CEG,2023-12-07,110.53,40044.43,193.31,2024-05-15,223.31,80904.02,102.04,2024-05-15,223.31,80904.02,102.04,161.0,161.0,2024
STRL,2023-11-29,62.55,1919.41,27.02,2024-05-08,125.68,3856.61,100.93,2024-05-15,135.55,4159.48,116.71,162.0,169.0,2024
ZIM,2023-11-28,6.59,794.22,31.38,2024-01-04,13.61,1640.27,106.53,2024-01-05,14.59,1758.38,121.4,38.0,39.0,2024
MRNA,2023-11-21,77.14,30608.09,407.1,2024-05-22,163.33,64807.1,111.73,2024-05-24,166.61,66108.56,114.43,184.0,186.0,2024
NVCR,2023-11-16,11.83,1370.16,52.71,2024-05-20,24.05,2785.49,103.3,2024-05-20,24.05,2785.49,103.3,187.0,187.0,2024
PTCT,2023-11-16,20.0,1658.99,34.31,2024-05-20,40.12,3327.93,100.6,2024-05-20,40.12,3327.93,100.6,187.0,187.0,2024
APLD,2023-11-13,3.94,1125.93,42.06,2024-01-09,8.52,2434.76,116.24,2024-01-09,8.52,2434.76,116.24,58.0,58.0,2024
TOST,2023-11-13,13.81,8005.64,158.62,2024-05-15,27.71,16063.46,100.65,2024-05-15,27.71,16063.46,100.65,185.0,185.0,2024
INSP,2023-11-13,125.26,3609.14,133.28,2024-05-02,251.19,7237.58,100.53,2024-05-02,251.19,7237.58,100.53,172.0,172.0,2024
UPST,2023-11-10,20.87,1997.5,328.45,2023-12-13,42.71,4087.84,104.65,2023-12-19,47.31,4528.11,126.69,34.0,40.0,2023
MI,2023-11-10,6.44,119.1,36.21,2024-03-04,13.05,241.15,102.48,2024-03-05,13.27,245.21,105.9,116.0,117.0,2024
SG,2023-11-10,8.92,1059.89,22.44,2024-03-04,18.26,2169.69,104.71,2024-03-04,18.26,2169.69,104.71,116.0,116.0,2024
TME,2023-11-10,7.37,11420.77,50.04,2024-05-13,14.8,22934.52,100.81,2024-05-13,14.8,22934.52,100.81,186.0,186.0,2024
TNDM,2023-11-10,14.28,978.6,36.38,2023-12-15,28.63,1961.99,100.49,2023-12-15,28.63,1961.99,100.49,36.0,36.0,2023
THC,2023-11-09,52.66,4535.97,94.68,2024-04-30,112.29,9672.32,113.24,2024-05-15,132.97,11453.64,142.34,174.0,189.0,2024
HOOD,2023-11-09,7.93,7141.01,88.3,2024-02-27,16.25,14633.21,104.92,2024-07-16,24.63,22179.44,133.24,111.0,251.0,2024
MTZ,2023-11-09,47.6,3761.28,76.17,2024-05-03,101.8,8044.09,113.87,2024-05-24,112.21,8866.67,105.55,177.0,198.0,2024
MRVI,2023-11-08,4.7,693.23,29.29,2024-05-09,9.86,1454.31,109.79,2024-05-20,11.34,1672.61,130.02,184.0,195.0,2024
JXN,2023-11-08,38.94,2715.8,36.6,2024-05-09,78.65,5485.3,101.98,2024-05-09,78.65,5485.3,101.98,184.0,184.0,2024
SMTC,2023-11-01,13.43,1250.53,38.71,2024-03-27,27.86,2594.17,107.45,2024-05-08,40.85,3803.73,196.66,148.0,190.0,2024
RXRX,2023-11-01,5.09,2701.58,47.72,2023-12-22,10.32,5477.47,102.75,2023-12-26,10.79,5726.92,111.98,52.0,56.0,2023
DOCN,2023-11-01,19.82,2068.5,55.92,2024-02-15,40.88,4266.41,106.26,2024-02-15,40.88,4266.41,106.26,107.0,107.0,2024
JBLU,2023-11-01,3.69,1372.75,94.51,2024-02-13,7.38,2745.5,100.0,2024-02-13,7.38,2745.5,100.0,105.0,105.0,2024
ELF,2023-10-31,92.63,5470.01,133.58,2024-02-23,185.94,10980.17,100.73,2024-03-01,217.4,12837.96,134.7,116.0,123.0,2024
LYFT,2023-10-31,9.17,3504.08,156.16,2024-02-15,19.03,7271.82,107.52,2024-02-15,19.03,7271.82,107.52,108.0,108.0,2024
YPF,2023-10-31,9.93,3896.64,24.7,2024-03-21,20.19,7922.77,103.32,2024-03-25,20.37,7993.41,105.14,143.0,147.0,2024
SRPT,2023-10-31,67.31,7106.34,154.38,2024-02-20,136.14,14373.15,102.26,2024-02-20,136.14,14373.15,102.26,113.0,113.0,2024
SMCI,2023-10-30,23.66,14208.6,791.34,2024-03-26,102.51,61553.0,333.21,2024-04-01,103.72,62278.99,338.32,149.0,155.0,2024
TWST,2023-10-30,15.08,939.05,21.25,2023-12-13,31.21,1943.49,106.96,2024-02-15,41.5,2584.26,175.2,45.0,109.0,2023
NNOX,2023-10-30,4.97,345.86,26.78,2024-02-16,12.95,901.19,160.56,2024-02-16,12.95,901.19,160.56,110.0,110.0,2024
FROG,2023-10-30,21.45,2598.82,23.35,2024-02-15,47.64,5771.93,122.1,2024-02-15,47.64,5771.93,122.1,109.0,109.0,2024
CLS,2023-10-30,22.25,2558.15,30.73,2024-03-01,45.3,5208.28,103.6,2024-03-07,47.37,5446.28,112.9,124.0,130.0,2024
TMDX,2023-10-30,36.74,1269.77,47.14,2023-11-30,75.68,2615.57,105.99,2023-11-30,75.68,2615.57,105.99,32.0,32.0,2023
MKSI,2023-10-30,65.32,4411.98,58.72,2024-03-07,133.36,9007.69,104.16,2024-03-07,133.36,9007.69,104.16,130.0,130.0,2024
RVMD,2023-10-30,18.35,3901.15,43.1,2024-04-11,37.41,7953.23,103.87,2024-04-11,37.41,7953.23,103.87,165.0,165.0,2024
NTRA,2023-10-30,37.55,5361.33,54.79,2024-02-27,76.16,10874.01,102.82,2024-05-22,108.51,15492.89,101.13,121.0,206.0,2024
HIMS,2023-10-27,5.78,1335.59,23.53,2024-02-27,13.43,3103.28,132.35,2024-03-21,16.73,3865.82,189.45,124.0,147.0,2024
RUN,2023-10-27,8.84,2108.78,158.24,2023-12-14,17.94,4279.57,102.94,2023-12-27,20.32,4847.32,129.86,49.0,62.0,2023
DKS,2023-10-27,101.02,9036.13,195.87,2024-03-14,216.81,19393.42,114.62,2024-03-28,224.86,20113.48,122.59,140.0,154.0,2024
SLE,2023-10-27,508.8,746.84,175.39,2024-01-29,1022.4,1500.73,100.94,2024-01-30,1070.4,1571.18,110.38,95.0,96.0,2024
MOD,2023-10-27,39.04,2058.63,23.7,2024-02-14,78.13,4119.89,100.13,2024-02-15,80.64,4252.24,106.56,111.0,112.0,2024
LMND,2023-10-27,10.57,812.0,25.52,2024-02-27,21.72,1668.55,105.49,2024-02-27,21.72,1668.55,105.49,124.0,124.0,2024
PAGS,2023-10-27,7.05,1970.61,46.87,2024-03-20,14.37,4016.69,103.83,2024-03-20,14.37,4016.69,103.83,146.0,146.0,2024
MDGL,2023-10-27,120.4,2775.9,76.05,2024-01-16,243.92,5623.74,102.59,2024-01-16,243.92,5623.74,102.59,82.0,82.0,2024
VKTX,2023-10-27,9.24,1072.82,41.94,2023-12-08,18.48,2145.63,100.0,2023-12-08,18.48,2145.63,100.0,43.0,43.0,2023
AAOI,2023-10-26,6.87,551.27,26.14,2024-02-05,19.74,1583.99,187.34,2024-02-15,22.41,1798.24,226.2,103.0,113.0,2024
NVDA,2023-10-26,40.33,979921.8,20583.99,2024-03-01,82.28,1999379.7,104.03,2024-03-25,95.0,2308548.6,135.58,128.0,152.0,2024
AMD,2023-10-26,93.67,152738.36,6961.23,2024-02-29,192.53,313939.54,105.54,2024-03-07,211.38,344676.36,125.66,127.0,134.0,2024
UBER,2023-10-26,40.62,82686.03,920.34,2024-02-15,81.39,165677.4,100.37,2024-02-15,81.39,165677.4,100.37,113.0,113.0,2024
FIX,2023-10-25,152.12,5354.99,42.48,2024-02-29,305.73,10762.44,100.98,2024-03-04,320.2,11271.82,110.49,128.0,132.0,2024
BLD,2023-10-25,218.49,6148.78,59.36,2024-03-21,439.12,12357.79,100.98,2024-03-21,439.12,12357.79,100.98,149.0,149.0,2024
APP,2023-10-25,36.15,12144.21,84.56,2024-03-25,72.6,24389.21,100.83,2024-03-25,72.6,24389.21,100.83,153.0,153.0,2024
IBP,2023-10-25,106.34,2864.88,27.61,2024-02-15,212.85,5734.33,100.16,2024-02-15,212.85,5734.33,100.16,114.0,114.0,2024
FTAI,2023-10-23,32.78,3362.67,32.9,2024-03-25,66.0,6770.48,101.34,2024-04-24,73.45,7534.72,124.07,155.0,185.0,2024
PTGX,2023-10-23,14.05,903.57,20.31,2024-02-01,28.52,1834.16,102.99,2024-02-01,28.52,1834.16,102.99,102.0,102.0,2024
SNDX,2023-10-23,11.39,1009.27,20.59,2024-01-08,22.79,2019.42,100.09,2024-01-08,22.79,2019.42,100.09,78.0,78.0,2024
BEAM,2023-10-20,17.69,1819.93,24.49,2024-02-26,35.8,3683.08,102.37,2024-02-27,45.07,4636.77,154.78,130.0,131.0,2024
CRSP,2023-10-20,38.62,3724.85,61.61,2024-02-14,79.04,7623.31,104.66,2024-02-27,89.12,8595.52,130.76,118.0,131.0,2024
FRPT,2023-10-20,55.28,2716.61,41.17,2024-02-29,113.03,5554.61,104.47,2024-02-29,113.03,5554.61,104.47,133.0,133.0,2024
TGTX,2023-10-19,6.68,1022.6,80.38,2023-12-01,13.83,2117.15,107.04,2024-01-08,21.3,3260.68,218.86,44.0,82.0,2023
IOVA,2023-10-19,3.3,1473.46,39.81,2023-12-04,6.64,2964.78,101.21,2023-12-04,6.64,2964.78,101.21,47.0,47.0,2023
SPOT,2023-10-18,148.92,30620.94,270.25,2024-04-05,310.31,63805.96,108.37,2024-04-05,310.31,63805.96,108.37,171.0,171.0,2024
PLAY,2023-10-13,33.29,1156.47,49.26,2024-04-03,68.29,2372.35,105.14,2024-04-03,68.29,2372.35,105.14,174.0,174.0,2024
SHAK,2023-10-13,53.52,2159.57,53.54,2024-03-01,107.25,4327.62,100.39,2024-03-01,107.25,4327.62,100.39,141.0,141.0,2024
PVH,2023-10-13,70.19,3215.51,72.49,2024-03-28,140.61,6441.56,100.33,2024-03-28,140.61,6441.56,100.33,168.0,168.0,2024
M,2023-10-13,10.57,2787.96,163.36,2024-03-08,21.15,5578.56,100.09,2024-03-08,21.15,5578.56,100.09,148.0,148.0,2024
ARDX,2023-10-12,3.29,812.73,21.13,2023-12-19,6.64,1640.28,101.82,2023-12-19,6.64,1640.28,101.82,69.0,69.0,2023
OUT,2023-10-06,8.23,1448.64,32.25,2024-03-27,16.49,2902.49,100.36,2024-03-28,16.53,2909.43,100.84,174.0,175.0,2024
HASI,2023-10-05,14.36,1835.22,35.54,2023-12-14,29.38,3754.8,104.6,2023-12-14,29.38,3754.8,104.6,71.0,71.0,2023
VSCO,2023-10-05,14.3,1135.79,46.13,2023-12-26,28.82,2289.05,101.54,2023-12-26,28.82,2289.05,101.54,83.0,83.0,2023
BHVN,2023-10-04,22.93,3452.36,20.98,2024-03-28,54.69,8234.18,138.51,2024-03-28,54.69,8234.18,138.51,177.0,177.0,2024
VST,2023-10-04,31.39,10578.43,116.81,2024-03-14,63.11,21268.07,101.05,2024-03-14,63.11,21268.07,101.05,163.0,163.0,2024
MARA,2023-10-03,7.3,2782.74,415.11,2023-12-04,14.86,5664.59,103.56,2023-12-27,31.07,11843.8,325.62,63.0,86.0,2023
CYTK,2023-10-03,26.88,3609.76,29.78,2023-12-27,83.44,11205.3,210.42,2024-01-08,108.06,14511.56,302.01,86.0,98.0,2023
CLSK,2023-10-03,3.47,887.46,48.05,2023-12-01,7.64,1953.95,120.17,2023-12-27,13.43,3434.76,287.03,60.0,86.0,2023
CAVA,2023-10-03,29.98,3490.04,86.14,2024-03-07,61.72,7184.97,105.87,2024-03-28,70.05,8154.69,133.66,157.0,178.0,2024
MSTR,2023-10-03,31.13,10910.49,264.09,2023-12-27,67.07,23504.89,115.43,2024-01-02,68.52,24010.94,120.07,86.0,92.0,2023
PI,2023-10-03,49.23,1499.5,55.05,2024-01-22,100.42,3058.7,103.98,2024-01-23,104.01,3168.05,111.27,112.0,113.0,2024
RIOT,2023-10-03,8.78,3320.17,281.33,2023-12-22,17.78,6723.53,102.51,2023-12-22,17.78,6723.53,102.51,81.0,81.0,2023
COIN,2023-09-26,70.52,18578.72,957.38,2023-12-27,185.24,48802.06,162.68,2023-12-28,186.36,49097.13,164.27,93.0,94.0,2023
SNAP,2023-09-26,8.34,13820.72,270.59,2023-12-14,16.94,28072.31,103.12,2023-12-19,17.18,28470.02,106.0,80.0,85.0,2023
COHR,2023-09-21,28.92,5657.89,120.32,2024-02-06,58.0,11347.08,100.55,2024-02-09,62.35,12198.11,115.59,139.0,142.0,2024
CNM,2023-09-21,27.96,5260.47,35.6,2024-03-21,57.88,10889.7,107.01,2024-04-03,59.75,11241.53,110.39,183.0,196.0,2024
WSM,2023-09-12,69.53,8186.65,137.16,2024-03-13,141.94,16711.81,104.13,2024-03-28,158.76,18693.42,120.16,184.0,199.0,2024
WING,2023-09-05,151.2,4117.56,109.58,2024-02-14,307.73,8380.27,103.53,2024-03-07,370.76,10096.74,140.08,163.0,185.0,2024
DELL,2023-08-30,55.69,36209.01,208.9,2024-03-01,124.59,81007.01,123.72,2024-03-01,124.59,81007.01,123.72,185.0,185.0,2024
NTNX,2023-08-29,30.81,8298.64,40.47,2024-02-29,63.16,17012.08,105.0,2024-03-04,65.43,17623.5,110.39,185.0,189.0,2024
CRWD,2023-08-28,144.03,36660.9,574.87,2024-01-19,290.54,73953.04,101.72,2024-02-14,334.55,85155.19,132.28,145.0,171.0,2024
ESTC,2023-08-28,57.91,5993.74,71.0,2023-12-11,117.23,12133.42,102.43,2023-12-11,117.23,12133.42,102.43,106.0,106.0,2023
AFRM,2023-08-24,13.81,4624.95,207.6,2024-01-08,45.34,15184.3,228.31,2024-02-08,49.22,16483.71,256.41,138.0,169.0,2024
VFS,2023-08-18,15.4,36028.85,107.92,2023-08-22,36.72,85907.76,138.44,2023-08-28,82.35,192660.79,434.74,5.0,11.0,2023
S,2023-08-17,14.24,4845.54,117.69,2024-02-08,29.04,9881.63,103.93,2024-02-14,30.0,10208.29,110.67,176.0,182.0,2024
APLS,2023-08-07,23.65,3027.7,159.35,2023-09-19,48.3,6183.43,104.23,2023-09-20,48.53,6212.87,105.2,44.0,45.0,2023
GFAI,2023-07-18,4.09,127.81,30.05,2023-07-21,8.4,262.5,105.38,2023-07-21,8.4,262.5,105.38,4.0,4.0,2023
VRT,2023-07-06,24.08,9249.34,69.8,2023-12-28,48.96,18805.97,103.32,2023-12-28,48.96,18805.97,103.32,176.0,176.0,2023
HPP,2023-06-23,28.56,1549.15,23.65,2023-12-14,62.58,3394.47,119.12,2024-01-05,67.69,3671.64,116.82,175.0,197.0,2023
WW,2023-06-23,6.24,62.39,33.68,2023-10-10,13.21,132.08,111.7,2023-10-10,13.21,132.08,111.7,110.0,110.0,2023
TLRY,2023-06-23,15.2,1817.98,36.5,2023-09-05,30.9,3695.77,103.29,2023-09-05,30.9,3695.77,103.29,75.0,75.0,2023
UEC,2023-06-09,3.1,1519.68,23.37,2023-12-07,6.59,3230.55,112.58,2023-12-12,6.81,3338.4,118.27,182.0,187.0,2023
CVNA,2023-06-07,3.11,2224.79,219.96,2023-12-06,7.48,5354.97,140.7,2023-12-06,7.48,5354.97,140.7,183.0,183.0,2023
DLO,2023-06-05,9.82,2896.23,24.71,2023-08-16,20.45,6031.36,108.25,2023-08-16,20.45,6031.36,108.25,73.0,73.0,2023
TDS,2023-06-01,6.6,751.37,25.1,2023-08-04,14.84,1689.44,124.85,2023-08-31,21.49,2446.51,225.61,65.0,92.0,2023
UCAR,2023-05-31,3110.0,6634.09,21.63,2023-06-01,7590.0,16190.59,144.05,2023-06-02,9010.0,19219.66,189.71,2.0,3.0,2023
TAL,2023-05-31,5.43,3304.27,63.48,2023-11-24,11.39,6931.06,109.76,2023-11-30,12.53,7624.78,124.15,178.0,184.0,2023
PDD,2023-05-31,65.32,92976.26,791.26,2023-11-28,139.0,197852.11,112.8,2024-01-09,150.48,214192.7,111.82,182.0,224.0,2023
AMR,2023-05-31,134.97,1721.25,41.22,2023-11-22,272.24,3471.83,101.7,2023-11-27,279.72,3567.22,107.25,176.0,181.0,2023
NIO,2023-05-30,7.41,18566.99,470.0,2023-07-31,15.3,38336.71,106.48,2023-07-31,15.3,38336.71,106.48,63.0,63.0,2023
XPEV,2023-05-30,7.87,7521.76,187.33,2023-07-24,16.01,15301.57,103.43,2023-07-24,16.01,15301.57,103.43,56.0,56.0,2023
EDU,2023-05-25,36.0,5729.25,86.73,2023-11-24,75.4,11999.59,109.44,2023-12-12,82.76,13170.9,126.12,184.0,202.0,2023
MNSO,2023-05-25,14.74,4465.26,21.24,2023-09-14,29.64,8978.98,101.09,2023-09-14,29.64,8978.98,101.09,113.0,113.0,2023
VNO,2023-05-16,12.38,2328.65,81.72,2023-09-06,24.77,4659.18,100.08,2023-09-08,25.19,4738.18,103.47,114.0,116.0,2023
QS,2023-05-12,5.81,3573.99,47.62,2023-07-28,13.27,8162.98,128.4,2023-07-31,13.31,8187.58,129.09,78.0,81.0,2023
SIRI,2023-05-09,34.2,11512.4,77.75,2023-07-20,78.1,26290.02,128.36,2023-07-20,78.1,26290.02,128.36,73.0,73.0,2023
FSLY,2023-05-05,11.78,1843.57,50.25,2023-08-31,23.79,3723.14,101.95,2023-09-01,24.1,3771.65,104.58,119.0,120.0,2023
ANF,2023-05-04,21.83,976.64,40.9,2023-08-23,50.86,2275.4,132.98,2024-03-05,139.95,6261.16,183.76,112.0,307.0,2023
CRDO,2023-05-04,7.35,1355.71,21.0,2023-06-01,16.54,3050.8,125.03,2023-06-20,18.52,3416.01,151.97,29.0,48.0,2023
WAL,2023-05-04,18.2,1977.8,179.57,2023-05-22,37.86,4114.26,108.02,2023-05-22,37.86,4114.26,108.02,19.0,19.0,2023
GTLB,2023-05-04,26.77,4520.16,101.23,2023-07-13,54.12,9138.26,102.17,2023-07-13,54.12,9138.26,102.17,71.0,71.0,2023
COIN,2023-05-03,48.49,12774.84,1012.07,2023-07-18,104.59,27554.57,115.69,2023-07-19,110.15,29019.37,127.16,77.0,78.0,2023
AI,2023-05-02,17.24,2504.82,336.72,2023-08-02,39.87,5792.76,131.26,2023-08-02,39.87,5792.76,131.26,93.0,93.0,2023
TWST,2023-05-02,11.49,715.5,29.37,2023-07-12,23.21,1445.32,102.0,2023-07-26,26.57,1654.55,131.24,72.0,86.0,2023
DNA,2023-05-02,45.6,2978.8,36.72,2023-07-18,94.0,6140.5,106.14,2023-07-19,101.6,6636.97,122.81,78.0,79.0,2023
AFRM,2023-05-02,9.01,3017.44,212.61,2023-07-31,19.39,6493.68,115.21,2023-08-01,19.61,6567.36,117.65,91.0,92.0,2023
UPST,2023-05-02,12.1,1158.11,98.1,2023-05-18,24.59,2353.55,103.22,2023-05-18,24.59,2353.55,103.22,17.0,17.0,2023
SMCI,2023-04-25,9.33,5601.3,126.18,2023-09-15,24.93,14967.61,167.22,2023-10-10,31.03,18633.56,232.67,144.0,169.0,2023
RIVN,2023-04-25,12.0,16114.4,455.11,2023-07-07,24.7,33168.8,105.83,2023-07-12,25.91,34793.67,115.92,74.0,79.0,2023
EXTR,2023-04-21,15.71,2054.52,24.25,2023-08-10,31.71,4146.97,101.85,2023-08-11,32.27,4220.21,105.41,112.0,113.0,2023
VRT,2023-04-21,12.18,4678.45,46.89,2023-06-30,24.77,9514.38,103.37,2023-07-03,24.87,9552.79,104.19,71.0,74.0,2023
XPO,2023-04-05,29.83,3502.34,61.63,2023-07-07,60.03,7048.12,101.24,2023-07-10,60.05,7050.47,101.31,94.0,97.0,2023
XP,2023-03-23,10.65,5502.61,80.65,2023-06-15,21.86,11294.57,105.26,2023-08-23,27.46,14187.96,157.84,85.0,154.0,2023
FUBO,2023-03-23,12.48,367.36,29.39,2023-06-13,26.52,780.63,112.5,2023-06-13,26.52,780.63,112.5,83.0,83.0,2023
SLG,2023-03-23,19.96,1419.64,59.33,2023-09-08,40.4,2873.43,102.4,2023-09-12,40.92,2910.41,105.01,170.0,174.0,2023
BBIO,2023-03-22,12.84,2514.86,23.63,2023-09-05,29.62,5801.41,130.69,2023-09-05,29.62,5801.41,130.69,168.0,168.0,2023
FCNCA,2023-03-17,509.06,5914.48,87.61,2023-04-19,1063.4,12355.04,108.89,2023-04-19,1063.4,12355.04,108.89,34.0,34.0,2023
LI,2023-03-15,21.35,21799.61,225.29,2023-07-28,42.72,43619.65,100.09,2023-08-07,46.65,47632.41,118.5,136.0,146.0,2023
W,2023-03-14,31.02,4094.53,225.1,2023-06-27,63.77,8417.42,105.58,2023-07-03,68.31,9016.68,120.21,106.0,112.0,2023
CELH,2023-03-13,27.21,6956.82,101.31,2023-08-09,57.56,14713.82,111.5,2023-09-07,68.42,17490.91,151.42,150.0,179.0,2023
RIOT,2023-03-10,5.3,2004.2,73.87,2023-07-13,20.29,7672.69,282.83,2023-07-13,20.29,7672.69,282.83,126.0,126.0,2023
MARA,2023-03-10,5.33,2031.78,189.73,2023-07-13,19.3,7357.11,262.1,2023-07-13,19.3,7357.11,262.1,126.0,126.0,2023
MSTR,2023-03-10,19.2,6728.95,133.34,2023-07-14,45.89,16080.65,138.98,2023-07-14,45.89,16080.65,138.98,127.0,127.0,2023
NVDA,2023-02-21,20.66,501916.5,8201.78,2023-08-03,44.52,1081714.5,115.52,2023-08-07,45.42,1103620.95,119.88,164.0,168.0,2023
TTD,2023-01-19,44.26,20807.0,299.66,2023-07-17,90.69,42634.13,104.9,2023-07-17,90.69,42634.13,104.9,180.0,180.0,2023
LNTH,2023-01-09,47.76,3109.47,82.82,2023-05-09,97.32,6336.12,103.77,2023-05-12,99.65,6487.82,108.65,121.0,124.0,2023
ASAN,2023-01-06,11.78,2796.14,76.83,2023-05-31,23.88,5668.24,102.72,2023-05-31,23.88,5668.24,102.72,146.0,146.0,2023
AEHR,2023-01-05,17.27,543.2,26.57,2023-06-01,38.53,1211.89,123.1,2023-07-03,44.24,1391.49,156.17,148.0,180.0,2023
AMD,2023-01-05,62.33,101635.34,5800.77,2023-05-26,127.03,207135.2,103.8,2023-05-26,127.03,207135.2,103.8,142.0,142.0,2023
NU,2023-01-05,3.48,16914.89,125.88,2023-06-02,6.97,33878.38,100.29,2023-06-02,6.97,33878.38,100.29,149.0,149.0,2023
ENVX,2023-01-04,6.26,1362.95,68.31,2023-03-31,13.05,2842.18,108.53,2023-03-31,13.05,2842.18,108.53,87.0,87.0,2023
HKD,2023-01-03,9.84,3092.51,38.89,2023-01-05,29.95,9412.67,204.37,2023-01-05,29.95,9412.67,204.37,3.0,3.0,2023
TSLA,2023-01-03,108.1,405993.75,19680.0,2023-06-05,217.61,817283.07,101.3,2023-07-18,293.34,1101704.04,139.66,154.0,197.0,2023
LCID,2023-01-03,61.7,24078.85,275.58,2023-01-27,128.7,50226.05,108.59,2023-01-27,128.7,50226.05,108.59,25.0,25.0,2023
MSTR,2022-12-29,13.66,4788.17,142.46,2023-02-02,29.21,10237.63,113.81,2023-02-02,29.21,10237.63,113.81,36.0,36.0,2023
AI,2022-12-28,10.26,1490.69,28.51,2023-02-01,21.68,3149.91,111.31,2023-04-03,33.87,4921.01,230.12,36.0,97.0,2023
MARA,2022-12-28,3.14,1198.87,197.42,2023-01-12,7.03,2679.82,123.53,2023-01-23,9.0,3430.78,186.17,16.0,27.0,2023
TGTX,2022-12-28,8.46,1295.09,21.77,2023-06-30,24.84,3802.6,193.62,2023-07-10,26.5,4056.71,159.04,185.0,195.0,2023
COIN,2022-12-28,32.53,8570.13,864.2,2023-02-01,65.7,17308.87,101.97,2023-02-02,81.46,21460.89,150.42,36.0,37.0,2023
RIOT,2022-12-28,3.29,1244.12,82.97,2023-02-01,6.86,2594.12,108.51,2023-02-02,7.49,2832.35,127.66,36.0,37.0,2023
MEGL,2022-12-28,5.0,25.32,33.71,2023-01-06,11.08,56.11,121.6,2023-01-06,11.08,56.11,121.6,10.0,10.0,2023
DUOL,2022-12-28,65.38,3046.26,36.74,2023-03-21,132.12,6156.12,102.09,2023-04-03,143.08,6666.54,118.84,84.0,97.0,2023
GLBE,2022-12-28,18.62,3127.55,37.24,2023-06-12,37.97,6377.72,103.92,2023-06-14,38.52,6470.1,106.87,167.0,169.0,2023
CNK,2022-12-28,8.35,975.18,39.87,2023-04-28,16.88,1971.38,102.16,2023-05-01,17.1,1997.07,104.79,122.0,125.0,2023
APP,2022-12-27,9.3,3124.24,64.32,2023-05-11,22.0,7390.67,136.56,2023-09-18,44.01,14784.7,225.52,136.0,266.0,2023
PLTR,2022-12-27,6.0,14383.87,297.41,2023-05-23,12.64,30302.02,110.67,2023-08-01,19.99,47922.27,171.97,148.0,218.0,2023
AFRM,2022-12-27,8.91,2983.95,285.22,2023-02-02,21.14,7079.76,137.26,2023-02-02,21.14,7079.76,137.26,38.0,38.0,2023
QS,2022-12-27,5.18,3186.45,58.24,2023-02-15,11.84,7283.32,128.57,2023-02-15,11.84,7283.32,128.57,51.0,51.0,2023
CCL,2022-12-27,7.67,10624.02,527.48,2023-06-13,15.34,21248.04,100.0,2023-06-15,16.12,22328.45,110.17,169.0,171.0,2023
DKNG,2022-12-27,10.91,5408.55,291.37,2023-04-21,21.97,10891.47,101.37,2023-04-21,21.97,10891.47,101.37,116.0,116.0,2023
GOVX,2022-12-27,206.85,598.33,25.4,2023-01-25,416.25,1204.03,101.23,2023-01-25,416.25,1204.03,101.23,30.0,30.0,2023
PGY,2022-12-19,6.87,569.32,37.17,2022-12-28,14.88,1233.12,116.59,2022-12-29,15.96,1322.62,132.31,10.0,11.0,2022
SOFI,2022-12-09,4.34,5567.1,246.06,2023-06-12,9.16,11749.91,111.06,2023-06-14,9.74,12493.9,122.88,186.0,188.0,2023
SHPH,2022-11-30,290.0,1608.43,36.14,2022-12-05,600.0,3327.79,106.9,2022-12-05,600.0,3327.79,106.9,6.0,6.0,2022
MDB,2022-11-29,142.3,11436.58,432.39,2023-05-18,289.72,23284.66,103.6,2023-05-18,289.72,23284.66,103.6,171.0,171.0,2023
SHC,2022-11-17,5.95,1696.74,22.29,2023-01-10,17.25,4919.13,189.92,2023-02-02,18.68,5326.92,213.95,55.0,78.0,2023
APLS,2022-11-17,43.24,5535.64,72.51,2023-04-24,88.77,11364.45,105.3,2023-04-24,88.77,11364.45,105.3,159.0,159.0,2023
MNDY,2022-11-09,76.46,3911.76,67.74,2023-02-14,163.98,8389.35,114.47,2023-02-15,170.0,8697.34,122.34,98.0,99.0,2023
ALGN,2022-11-09,174.58,12503.09,242.36,2023-02-02,359.88,25773.93,106.14,2023-02-02,359.88,25773.93,106.14,86.0,86.0,2023
SE,2022-11-09,40.92,25062.87,442.64,2023-03-23,83.67,51246.58,104.47,2023-03-23,83.67,51246.58,104.47,135.0,135.0,2023
FOUR,2022-11-07,37.27,2956.59,41.78,2023-03-31,75.8,6013.13,103.38,2023-03-31,75.8,6013.13,103.38,145.0,145.0,2023
SPOT,2022-11-04,71.05,14609.31,200.4,2023-05-08,144.53,29718.27,103.42,2023-05-10,147.74,30378.31,106.92,186.0,188.0,2023
LU,2022-11-03,5.6,4853.46,37.7,2023-01-26,12.64,10954.95,125.71,2023-02-01,13.16,11405.63,135.0,85.0,91.0,2023
META,2022-11-03,88.91,225691.22,4144.8,2023-02-02,188.77,479178.17,112.32,2023-02-07,191.62,486412.67,115.52,92.0,97.0,2023
BLDR,2022-11-03,56.56,6083.59,150.68,2023-05-08,113.67,12226.33,100.97,2023-05-11,117.27,12613.55,105.56,187.0,190.0,2023
PEN,2022-11-03,151.88,5973.66,57.21,2023-05-05,310.08,12195.89,104.16,2023-05-08,310.69,12219.88,104.56,184.0,187.0,2023
GFI,2022-11-03,7.3,6529.26,80.56,2023-04-05,14.6,13058.51,100.0,2023-04-06,14.7,13147.95,101.37,154.0,155.0,2023
YMM,2022-11-02,4.73,4907.58,49.54,2023-01-05,9.48,9835.92,100.42,2023-01-06,9.56,9918.92,102.11,65.0,66.0,2023
BILI,2022-10-31,8.92,3716.28,136.3,2022-12-02,19.84,8265.81,122.42,2023-01-05,29.2,12165.41,227.35,33.0,67.0,2022
GDS,2022-10-31,8.63,1729.26,31.1,2022-12-05,17.81,3568.73,106.37,2023-01-04,27.23,5456.28,215.53,36.0,66.0,2022
TME,2022-10-31,3.61,5594.16,51.51,2022-12-02,7.4,11467.26,104.99,2023-01-04,9.18,14225.6,154.29,33.0,66.0,2022
VIPS,2022-10-31,6.97,3347.49,56.05,2023-01-03,14.37,6901.49,106.17,2023-02-01,15.93,7650.71,128.55,65.0,94.0,2023
ZLAB,2022-10-31,22.28,2503.24,21.94,2023-01-05,48.1,5404.22,115.89,2023-01-05,48.1,5404.22,115.89,67.0,67.0,2023
BIDU,2022-10-31,76.57,26053.15,370.44,2023-02-07,160.22,54515.28,109.25,2023-02-07,160.22,54515.28,109.25,100.0,100.0,2023
BZ,2022-10-28,10.74,4888.04,66.99,2023-01-04,23.57,10727.29,119.46,2023-01-26,26.03,11846.89,142.36,69.0,91.0,2023
WB,2022-10-24,10.71,2631.15,20.42,2023-01-20,22.02,5409.71,105.6,2023-02-02,25.44,6249.91,137.54,89.0,102.0,2023
EDU,2022-10-24,19.14,3046.05,71.12,2023-01-06,38.66,6152.57,101.99,2023-01-13,42.64,6785.97,122.78,75.0,82.0,2023
FUTU,2022-10-24,32.18,4511.46,123.92,2022-12-02,66.3,9294.89,106.03,2022-12-14,70.33,9859.88,118.55,40.0,52.0,2022
PDD,2022-10-24,44.46,63284.21,694.35,2022-12-08,91.11,129685.65,104.93,2022-12-08,91.11,129685.65,104.93,46.0,46.0,2022
TXG,2022-10-24,24.4,3147.38,60.69,2023-02-02,49.72,6413.43,103.77,2023-02-02,49.72,6413.43,103.77,102.0,102.0,2023
HTHT,2022-10-24,25.82,7940.27,48.03,2023-02-13,52.49,16141.93,103.29,2023-02-13,52.49,16141.93,103.29,113.0,113.0,2023
TAL,2022-10-24,3.26,1983.78,32.65,2022-12-09,6.61,4022.33,102.76,2022-12-09,6.61,4022.33,102.76,47.0,47.0,2022
BEKE,2022-10-24,9.77,10881.61,192.79,2023-01-13,19.66,21896.88,101.23,2023-01-13,19.66,21896.88,101.23,82.0,82.0,2023
ELF,2022-10-20,40.08,2366.81,20.28,2023-04-19,93.03,5493.63,132.11,2023-04-21,96.68,5709.17,141.22,182.0,184.0,2023
WYNN,2022-10-19,54.48,5654.3,202.76,2023-02-13,109.28,11341.81,100.59,2023-02-13,109.28,11341.81,100.59,118.0,118.0,2023
ACLS,2022-10-18,50.79,1560.93,26.88,2023-01-17,102.0,3134.77,100.83,2023-01-18,102.02,3135.38,100.87,92.0,93.0,2023
RIG,2022-10-17,3.09,3449.8,70.48,2023-04-19,6.33,7067.07,104.85,2023-04-19,6.33,7067.07,104.85,185.0,185.0,2023
AU,2022-10-14,12.38,6259.05,44.64,2023-04-04,25.38,12831.56,105.01,2023-05-04,29.13,14727.48,128.29,173.0,203.0,2023
FSLY,2022-10-14,7.44,1164.36,50.66,2023-02-16,16.06,2513.39,115.86,2023-02-16,16.06,2513.39,115.86,126.0,126.0,2023
W,2022-10-14,28.35,3742.1,224.43,2023-01-23,59.33,7831.35,109.28,2023-01-23,59.33,7831.35,109.28,102.0,102.0,2023
NVDA,2022-10-14,11.23,272816.1,9345.35,2023-02-14,22.97,558195.3,104.6,2023-02-14,22.97,558195.3,104.6,124.0,124.0,2023
LSCC,2022-10-14,45.35,6213.31,84.36,2023-02-15,92.43,12663.64,103.81,2023-02-15,92.43,12663.64,103.81,125.0,125.0,2023
KD,2022-10-14,8.23,1855.43,29.01,2023-02-08,16.48,3715.37,100.24,2023-02-08,16.48,3715.37,100.24,118.0,118.0,2023
SHOP,2022-10-11,25.67,33310.79,1348.94,2023-02-02,53.63,69593.22,108.92,2023-02-02,53.63,69593.22,108.92,115.0,115.0,2023
SMG,2022-10-11,40.24,2341.24,50.26,2023-02-01,80.52,4684.81,100.1,2023-02-02,83.92,4882.63,108.55,114.0,115.0,2023
ONON,2022-10-10,16.0,5295.96,51.16,2023-04-04,32.51,10760.73,103.19,2023-04-04,32.51,10760.73,103.19,177.0,177.0,2023
BHVN,2022-10-04,8.3,1249.66,180.11,2022-11-01,16.76,2523.4,101.93,2022-11-01,16.76,2523.4,101.93,29.0,29.0,2022
RCL,2022-10-03,37.59,10081.45,282.84,2023-02-14,75.37,20213.86,100.51,2023-02-15,75.75,20315.77,101.52,135.0,136.0,2023
PTON,2022-09-30,6.93,3000.63,173.66,2023-02-01,16.36,7083.75,136.08,2023-02-02,16.98,7352.2,145.02,125.0,126.0,2023
CENX,2022-09-30,5.28,522.58,25.37,2023-01-18,10.64,1053.08,101.52,2023-01-18,10.64,1053.08,101.52,111.0,111.0,2023
PVH,2022-09-30,44.8,2052.36,101.3,2023-01-23,90.12,4128.53,101.16,2023-01-23,90.12,4128.53,101.16,116.0,116.0,2023
GE,2022-09-30,38.57,40242.56,493.19,2023-04-03,77.35,80702.55,100.54,2023-04-03,77.35,80702.55,100.54,186.0,186.0,2023
BURL,2022-09-29,109.78,6897.51,175.15,2023-01-05,220.74,13869.15,101.07,2023-02-01,234.15,14711.71,113.29,99.0,126.0,2023
TEX,2022-09-27,29.34,3351.11,23.85,2023-02-28,59.21,6762.76,101.81,2023-03-03,60.32,6889.54,105.59,155.0,158.0,2023
HOLO,2022-09-26,13120.0,300610.16,30.14,2023-01-06,36400.0,834009.9,177.44,2023-01-23,103680.0,2375553.48,690.24,103.0,120.0,2023
PACB,2022-09-26,5.09,1580.38,47.26,2023-02-02,12.0,3725.85,135.76,2023-02-02,12.0,3725.85,135.76,130.0,130.0,2023
SMCI,2022-09-26,5.22,3131.51,28.77,2023-03-21,10.82,6500.22,107.57,2023-03-23,11.4,6845.49,118.6,177.0,179.0,2023
WFRD,2022-09-26,28.41,2043.4,20.03,2023-03-10,59.77,4298.98,110.38,2023-03-10,59.77,4298.98,110.38,166.0,166.0,2023
ATKR,2022-09-26,70.9,2394.1,44.55,2023-02-01,148.91,5028.28,110.03,2023-02-01,148.91,5028.28,110.03,129.0,129.0,2023
ILAG,2022-09-20,16.2,33.65,33.13,2022-10-04,32.4,67.29,100.0,2022-10-14,65.1,135.21,301.85,15.0,25.0,2022
SHPH,2022-09-02,2980.0,16528.0,63.26,2022-09-07,7280.0,40377.13,144.3,2022-09-13,8236.0,45679.4,176.38,6.0,12.0,2022
ANF,2022-08-31,14.39,643.79,53.02,2023-01-23,28.86,1291.15,100.56,2023-01-23,28.86,1291.15,100.56,146.0,146.0,2023
MEGL,2022-08-12,32.88,166.51,100.46,2022-08-15,70.92,359.14,115.69,2022-08-15,70.92,359.14,115.69,4.0,4.0,2022
INDO,2022-08-09,5.77,88.78,85.38,2022-08-24,11.92,183.41,106.59,2022-08-24,11.92,183.41,106.59,16.0,16.0,2022
PLRX,2022-08-01,16.5,1021.59,20.47,2023-01-25,34.65,2145.34,110.0,2023-01-26,36.26,2245.03,119.76,178.0,179.0,2023
AXSM,2022-08-01,36.06,1855.64,41.43,2022-12-23,73.79,3797.22,104.63,2022-12-30,77.13,3969.09,113.89,145.0,152.0,2022
VRAX,2022-07-29,54.0,400.87,35.9,2022-08-01,118.5,879.68,119.44,2022-08-02,120.1,891.55,122.41,4.0,5.0,2022
ILAG,2022-07-27,17.8,36.97,41.27,2022-08-05,36.0,74.77,102.25,2022-08-08,50.7,105.3,184.83,10.0,13.0,2022
FUBO,2022-07-26,28.44,837.15,68.19,2022-08-16,76.2,2242.99,167.93,2022-08-16,76.2,2242.99,167.93,22.0,22.0,2022
PACB,2022-07-18,3.92,1218.66,48.65,2022-08-11,7.94,2465.27,102.29,2022-08-12,8.79,2729.18,123.95,25.0,26.0,2022
MLCO,2022-07-14,4.81,1867.68,34.04,2022-12-06,10.06,3906.21,109.15,2023-04-21,14.39,5587.52,195.48,146.0,282.0,2022
CVNA,2022-07-14,4.05,2898.1,528.88,2022-08-05,9.4,6730.25,132.23,2022-08-16,10.92,7820.44,169.85,23.0,34.0,2022
FTI,2022-07-14,5.62,2240.7,74.53,2022-11-03,11.44,4561.15,103.56,2022-12-02,12.89,5139.27,129.36,113.0,142.0,2022
AMTD,2022-07-12,6.12,491.0,29.17,2022-07-22,13.2,1059.02,115.69,2022-07-22,13.2,1059.02,115.69,11.0,11.0,2022
BBBY,2022-07-06,4.06,300.46,113.34,2022-08-08,10.37,766.94,155.26,2022-08-17,20.98,1551.36,416.34,34.0,43.0,2022
EVGO,2022-07-06,5.6,788.37,28.62,2022-08-12,11.72,1649.94,109.29,2022-08-16,12.02,1692.18,114.64,38.0,42.0,2022
WTI,2022-07-06,3.72,553.45,24.58,2022-10-06,7.74,1151.54,108.06,2022-10-06,7.74,1151.54,108.06,93.0,93.0,2022
SI,2022-07-01,53.04,1099.41,108.69,2022-08-12,107.03,2218.51,101.79,2022-08-12,107.03,2218.51,101.79,43.0,43.0,2022
HUT,2022-06-30,6.65,748.75,36.37,2022-08-10,13.55,1525.65,103.76,2022-08-15,17.8,2004.18,167.67,42.0,47.0,2022
MARA,2022-06-30,5.34,2035.59,240.76,2022-07-19,12.9,4917.44,141.57,2022-07-21,13.49,5142.35,152.62,20.0,22.0,2022
COIN,2022-06-30,47.02,12387.57,940.8,2022-08-08,98.02,25823.68,108.46,2022-08-08,98.02,25823.68,108.46,40.0,40.0,2022
RIOT,2022-06-30,4.19,1584.45,136.24,2022-08-08,8.71,3293.7,107.88,2022-08-08,8.71,3293.7,107.88,40.0,40.0,2022
ARRY,2022-06-29,10.69,1644.4,47.6,2022-11-28,21.61,3324.19,102.15,2022-11-28,21.61,3324.19,102.15,153.0,153.0,2022
CROX,2022-06-17,47.21,2345.85,166.8,2022-11-15,96.66,4803.0,104.74,2022-11-18,101.42,5039.52,114.83,152.0,155.0,2022
CNR,2022-06-16,23.93,1206.25,48.78,2025-02-28,74.25,3742.77,210.28,2025-03-27,78.53,3958.51,228.17,989.0,1016.0,2025
STEM,2022-06-16,125.4,1123.2,43.98,2022-08-05,289.0,2588.56,130.46,2022-09-14,348.4,3120.6,177.83,51.0,91.0,2022
CALX,2022-06-16,32.32,2061.44,43.8,2022-10-25,71.4,4554.06,120.92,2022-10-26,73.69,4700.12,128.0,132.0,133.0,2022
GLBE,2022-06-16,17.07,2867.2,54.55,2022-08-17,36.68,6161.04,114.88,2022-08-25,37.44,6288.7,119.33,63.0,71.0,2022
AXSM,2022-06-16,21.74,1118.74,28.1,2022-07-07,45.11,2321.35,107.5,2022-07-08,45.6,2346.57,109.75,22.0,23.0,2022
WOLF,2022-06-16,58.67,2836.03,169.05,2022-08-25,120.82,5840.27,105.93,2022-08-25,120.82,5840.27,105.93,71.0,71.0,2022
ETSY,2022-06-16,69.0,6547.84,509.83,2022-12-01,139.39,13227.59,102.01,2022-12-02,140.49,13331.97,103.61,169.0,170.0,2022
ZLAB,2022-06-16,23.14,2599.87,33.46,2022-08-08,47.08,5289.61,103.46,2022-08-08,47.08,5289.61,103.46,54.0,54.0,2022
SRPT,2022-06-16,62.69,6618.57,64.95,2022-12-02,126.25,13329.0,101.39,2022-12-02,126.25,13329.0,101.39,170.0,170.0,2022
TGTX,2022-06-16,3.74,572.53,24.71,2022-08-08,7.52,1151.19,101.07,2022-08-08,7.52,1151.19,101.07,54.0,54.0,2022
TEN,2022-06-16,14.81,446.19,28.59,2024-07-01,29.73,895.69,100.74,2024-07-01,29.73,895.69,100.74,747.0,747.0,2024
NTNX,2022-06-14,13.75,3703.55,50.21,2022-11-01,28.17,7587.56,104.87,2022-11-01,28.17,7587.56,104.87,141.0,141.0,2022
MSTR,2022-06-13,15.22,5332.06,220.27,2022-08-03,31.37,10992.85,106.16,2022-08-12,35.28,12365.2,131.9,52.0,61.0,2022
VRM,2022-06-13,85.6,445.68,36.63,2022-08-05,185.6,966.33,116.82,2022-08-08,196.8,1024.64,129.91,54.0,57.0,2022
BEAM,2022-06-13,29.86,3071.97,58.21,2022-07-19,64.61,6647.03,116.38,2022-07-21,68.48,7045.17,129.34,37.0,39.0,2022
SENS,2022-06-13,18.8,981.42,20.19,2022-08-04,40.6,2119.44,115.96,2022-08-05,42.2,2202.97,124.47,53.0,54.0,2022
TWST,2022-06-13,26.2,1631.51,47.16,2022-08-05,52.77,3286.06,101.41,2022-08-08,56.56,3522.07,115.88,54.0,57.0,2022
NVAX,2022-06-13,36.28,5965.81,504.02,2022-07-07,73.14,12027.0,101.6,2022-07-08,76.12,12517.03,109.81,25.0,26.0,2022
PTCT,2022-06-13,25.6,2123.5,24.65,2022-08-05,53.5,4437.79,108.98,2022-08-10,53.71,4455.21,109.8,54.0,59.0,2022
FATE,2022-06-13,17.78,2067.49,52.29,2022-08-15,36.06,4193.12,102.81,2022-08-15,36.06,4193.12,102.81,64.0,64.0,2022
IOVA,2022-06-01,6.38,2848.69,36.03,2022-07-15,12.8,5715.23,100.63,2022-07-15,12.8,5715.23,100.63,45.0,45.0,2022
IMPP,2022-05-25,5.77,260.84,62.42,2022-06-09,12.3,556.13,113.21,2022-06-10,13.23,598.18,129.33,16.0,17.0,2022
CHWY,2022-05-24,23.31,9712.74,223.07,2022-08-08,47.71,19879.66,104.68,2022-08-08,47.71,19879.66,104.68,77.0,77.0,2022
WING,2022-05-24,69.05,1880.41,63.31,2022-08-10,138.29,3765.99,100.28,2022-08-10,138.29,3765.99,100.28,79.0,79.0,2022
FLNC,2022-05-12,6.31,838.04,25.01,2022-07-28,12.63,1677.41,100.16,2022-08-25,20.65,2742.56,227.26,78.0,106.0,2022
FSLR,2022-05-12,61.4,6597.64,129.55,2022-08-31,127.55,13705.68,107.74,2022-10-04,143.06,15372.28,133.0,112.0,146.0,2022
ARRY,2022-05-12,6.2,953.72,49.75,2022-06-06,13.57,2087.42,118.87,2022-06-07,13.88,2135.11,123.87,26.0,27.0,2022
RUN,2022-05-12,17.94,4279.57,199.76,2022-08-10,37.02,8831.09,106.35,2022-08-10,37.02,8831.09,106.35,91.0,91.0,2022
CSIQ,2022-05-12,22.54,1528.59,34.63,2022-08-18,45.19,3064.64,100.49,2022-08-18,45.19,3064.64,100.49,99.0,99.0,2022
ENVX,2022-05-11,6.57,1431.58,24.09,2022-08-10,14.13,3078.53,115.04,2022-08-16,21.84,4757.91,232.35,92.0,98.0,2022
BE,2022-05-11,12.13,3450.3,76.36,2022-08-08,25.15,7153.76,107.34,2022-08-12,30.46,8664.16,151.11,90.0,94.0,2022
KOD,2022-05-11,5.04,315.08,23.24,2022-08-08,11.11,695.25,120.66,2022-08-10,12.5,782.23,148.26,90.0,92.0,2022
AMC,2022-05-11,103.7,76919.53,1079.67,2022-08-05,221.8,164520.28,113.89,2022-08-11,254.6,188849.69,145.52,87.0,93.0,2022
PI,2022-05-11,41.29,1257.65,25.11,2022-07-28,82.93,2525.97,100.85,2022-08-12,97.84,2980.11,136.96,79.0,94.0,2022
AXON,2022-05-11,84.37,6800.4,73.21,2022-11-09,171.84,13850.66,103.67,2022-11-17,192.14,15486.88,127.55,183.0,191.0,2022
XMTR,2022-05-11,27.62,1452.78,24.33,2022-09-09,58.36,3069.67,111.3,2022-10-05,62.26,3274.8,125.42,122.0,148.0,2022
PLUG,2022-05-11,13.45,18760.4,560.69,2022-08-10,28.78,40143.08,113.98,2022-08-15,29.96,41788.97,122.75,92.0,97.0,2022
STAA,2022-05-11,50.24,2501.36,33.32,2022-08-11,102.03,5079.9,103.09,2022-08-12,111.58,5555.38,122.09,93.0,94.0,2022
TPL,2022-05-11,141.74,9776.51,36.27,2022-11-04,285.11,19665.38,101.15,2022-11-07,301.67,20807.74,112.83,178.0,181.0,2022
GH,2022-05-11,28.82,3821.53,88.92,2022-09-08,57.98,7688.14,101.18,2022-09-12,61.0,8088.6,111.66,121.0,125.0,2022
CHPT,2022-05-11,179.0,4370.51,169.49,2022-08-12,377.4,9214.69,110.84,2022-08-12,377.4,9214.69,110.84,94.0,94.0,2022
BNGO,2022-05-11,735.0,8152.62,21.58,2022-08-08,1530.0,16970.76,108.16,2022-08-08,1530.0,16970.76,108.16,90.0,90.0,2022
AFRM,2022-05-11,14.63,4899.57,837.43,2022-05-27,30.35,10164.17,107.45,2022-05-27,30.35,10164.17,107.45,17.0,17.0,2022
BBIO,2022-05-11,5.21,1020.44,44.05,2022-07-05,10.79,2113.34,107.1,2022-07-05,10.79,2113.34,107.1,56.0,56.0,2022
CYRX,2022-05-11,20.38,1027.2,23.41,2022-08-08,42.09,2121.43,106.53,2022-08-08,42.09,2121.43,106.53,90.0,90.0,2022
SPWR,2022-05-11,13.72,1996.41,68.81,2022-09-08,27.79,4042.28,102.48,2022-09-09,28.13,4091.74,104.95,121.0,122.0,2022
DKNG,2022-05-11,10.27,5091.28,519.47,2022-08-12,20.67,10247.0,101.27,2022-08-15,20.8,10311.45,102.53,94.0,97.0,2022
ABCL,2022-05-11,5.72,1746.12,20.91,2022-07-07,11.49,3507.49,100.87,2022-07-08,11.58,3534.97,102.45,58.0,59.0,2022
NTRA,2022-05-11,28.13,4016.36,96.09,2022-08-15,56.68,8092.68,101.49,2022-08-15,56.68,8092.68,101.49,97.0,97.0,2022
JMIA,2022-05-11,4.78,592.02,54.42,2022-08-12,9.56,1184.03,100.0,2022-08-12,9.56,1184.03,100.0,94.0,94.0,2022
RBLX,2022-05-10,23.19,16603.55,1758.73,2022-08-03,47.0,33651.0,102.67,2022-08-12,51.15,36622.31,120.57,86.0,95.0,2022
CCXI,2022-05-09,15.36,855.55,40.14,2022-08-04,50.43,2808.95,228.32,2022-10-19,51.99,2895.84,238.48,88.0,164.0,2022
CPNG,2022-05-09,9.35,16783.85,212.14,2022-07-20,18.88,33890.81,101.93,2022-07-21,18.99,34088.27,103.1,73.0,74.0,2022
BLTE,2022-05-02,8.87,354.49,21.37,2022-06-10,18.51,739.76,108.68,2022-07-05,44.0,1758.47,396.05,40.0,65.0,2022
SHLS,2022-04-26,9.78,1640.81,41.57,2022-06-17,19.57,3283.29,100.1,2022-06-17,19.57,3283.29,100.1,53.0,53.0,2022
EDU,2022-03-14,8.64,1375.66,62.84,2022-06-14,21.27,3385.03,146.07,2022-07-28,29.0,4615.23,235.49,93.0,137.0,2022
GME,2022-03-14,19.53,8755.65,405.5,2022-03-28,47.4,21251.86,142.72,2022-03-28,47.4,21251.86,142.72,15.0,15.0,2022
LI,2022-03-14,17.6,17970.64,247.05,2022-06-21,35.75,36502.87,103.12,2022-06-24,40.79,41649.01,131.76,100.0,103.0,2022
FUTU,2022-03-14,24.39,3419.34,319.04,2022-06-21,51.58,7231.23,111.48,2022-07-05,56.08,7862.11,129.93,100.0,114.0,2022
ATER,2022-03-14,25.68,277.96,129.97,2022-04-08,56.04,606.57,118.22,2022-04-08,56.04,606.57,118.22,26.0,26.0,2022
AMC,2022-03-14,135.6,100581.38,1338.5,2022-03-28,293.3,217555.44,116.3,2022-03-29,294.4,218371.37,117.11,15.0,16.0,2022
BEKE,2022-03-14,9.0,10024.01,207.83,2022-06-24,18.82,20961.31,109.11,2022-06-24,18.82,20961.31,109.11,103.0,103.0,2022
PDD,2022-03-14,25.53,36339.31,533.35,2022-06-02,52.67,74970.29,106.31,2022-06-02,52.67,74970.29,106.31,81.0,81.0,2022
GDS,2022-03-14,21.02,4211.94,62.84,2022-03-23,42.63,8542.1,102.81,2022-03-24,42.71,8558.13,103.19,10.0,11.0,2022
YMM,2022-03-14,4.65,4824.58,45.51,2022-07-05,9.44,9794.42,103.01,2022-07-05,9.44,9794.42,103.01,114.0,114.0,2022
GTLB,2022-03-14,33.1,5589.0,85.62,2022-08-08,66.62,11248.91,101.27,2022-08-08,66.62,11248.91,101.27,148.0,148.0,2022
BFRI,2022-03-08,45.0,540.34,89.67,2022-04-08,92.4,1109.5,105.33,2022-04-08,92.4,1109.5,105.33,32.0,32.0,2022
EPAM,2022-03-07,174.8,9132.33,369.68,2022-08-01,366.42,19143.41,109.62,2022-08-17,457.95,23925.35,161.99,148.0,164.0,2022
BMBL,2022-03-07,16.23,2116.9,79.91,2022-06-06,32.46,4233.8,100.0,2022-06-07,33.06,4312.05,103.7,92.0,93.0,2022
CAR,2022-02-23,149.52,5281.79,340.5,2022-04-20,319.42,11283.51,113.63,2022-04-20,319.42,11283.51,113.63,57.0,57.0,2022
HRB,2022-02-23,23.65,2997.88,44.18,2022-08-16,47.51,6022.38,100.89,2022-08-18,48.44,6140.26,104.82,175.0,177.0,2022
BRCC,2022-02-15,14.83,1735.17,86.61,2022-04-11,33.11,3874.0,123.26,2022-04-11,33.11,3874.0,123.26,56.0,56.0,2022
DQ,2022-02-03,35.72,2417.03,92.75,2022-06-27,72.11,4879.41,101.88,2022-06-27,72.11,4879.41,101.88,145.0,145.0,2022
META,2022-01-27,11.95,30334.16,24.76,2022-06-09,184.0,467069.89,1439.75,2022-06-09,184.0,467069.89,1439.75,134.0,134.0,2022
NFE,2022-01-27,19.97,5704.12,21.97,2022-03-31,42.61,12170.89,113.37,2022-04-04,48.29,13793.3,141.81,64.0,68.0,2022
ENPH,2022-01-27,119.97,15811.83,419.78,2022-07-27,254.77,33578.23,112.36,2022-09-14,320.62,42257.15,133.09,182.0,231.0,2022
BKKT,2022-01-27,85.25,4080.66,321.21,2022-02-09,190.5,9118.66,123.46,2022-02-09,190.5,9118.66,123.46,14.0,14.0,2022
CELH,2022-01-27,13.5,3450.3,77.69,2022-07-21,28.36,7249.96,110.13,2022-07-21,28.36,7249.96,110.13,176.0,176.0,2022
CLF,2022-01-27,16.21,9246.42,475.33,2022-03-24,32.67,18635.45,101.54,2022-03-28,33.07,18863.61,104.01,57.0,61.0,2022
CLSK,2022-01-27,5.58,1427.1,24.77,2022-03-09,11.19,2861.88,100.54,2022-03-09,11.19,2861.88,100.54,42.0,42.0,2022
CRK,2022-01-26,7.14,2096.99,26.76,2022-04-08,14.69,4314.39,105.74,2022-06-07,21.48,6308.59,200.84,73.0,133.0,2022
BBBY,2022-01-21,11.78,871.13,132.02,2022-03-28,23.93,1769.15,103.09,2022-03-29,24.75,1830.31,110.11,67.0,68.0,2022
RRC,2022-01-21,17.62,4151.66,93.93,2022-05-27,36.17,8522.46,105.28,2022-05-27,36.17,8522.46,105.28,127.0,127.0,2022
SQM,2021-12-20,47.38,13533.52,74.25,2022-05-19,95.23,27201.29,100.99,2022-05-27,113.33,32371.33,139.19,151.0,159.0,2022
KOS,2021-12-20,3.26,1933.8,26.16,2022-04-14,7.63,4526.03,134.05,2022-04-14,7.63,4526.03,134.05,116.0,116.0,2022
SOPA,2021-12-17,49.65,638.86,28.66,2021-12-20,168.9,2173.29,240.18,2021-12-22,244.65,3148.0,392.75,4.0,6.0,2021
SM,2021-12-17,27.06,6487.6,71.05,2022-06-07,54.36,13032.74,100.89,2022-06-07,54.36,13032.74,100.89,173.0,173.0,2022
PBF,2021-12-16,11.28,1334.52,49.26,2022-03-24,22.88,2706.9,102.84,2022-03-25,23.12,2735.29,104.96,99.0,100.0,2022
VLO,2021-12-14,68.19,20247.85,286.43,2022-06-06,138.69,41181.61,103.39,2022-06-07,145.08,43079.01,112.76,175.0,176.0,2022
BTU,2021-12-14,9.12,1111.13,93.28,2022-02-23,18.8,2290.48,106.14,2022-02-23,18.8,2290.48,106.14,72.0,72.0,2022
NOG,2021-12-14,18.45,1951.85,20.59,2022-06-09,37.01,3915.33,100.6,2022-06-10,37.02,3916.39,100.65,178.0,179.0,2022
AR,2021-12-01,15.83,4904.7,105.89,2022-04-08,33.14,10267.97,109.35,2022-06-07,48.31,14968.18,196.02,129.0,189.0,2022
PTEN,2021-12-01,6.94,2634.55,20.47,2022-02-28,14.43,5477.88,107.93,2022-05-27,19.81,7520.23,185.45,90.0,178.0,2022
ATI,2021-12-01,14.06,1918.77,26.27,2022-04-13,28.43,3879.85,102.2,2022-04-14,30.33,4139.15,115.72,134.0,135.0,2022
EQT,2021-12-01,18.36,11483.78,139.67,2022-04-06,37.32,23342.84,103.27,2022-04-06,37.32,23342.84,103.27,127.0,127.0,2022
HP,2021-12-01,21.28,2126.53,36.59,2022-03-10,42.81,4278.04,101.17,2022-03-10,42.81,4278.04,101.17,100.0,100.0,2022
LBRT,2021-12-01,8.75,1427.92,20.58,2022-04-18,17.55,2864.01,100.57,2022-04-18,17.55,2864.01,100.57,139.0,139.0,2022
ZIM,2021-10-14,43.31,5219.7,94.97,2022-03-16,88.62,10680.44,104.62,2022-03-16,88.62,10680.44,104.62,154.0,154.0,2022
IONQ,2021-10-06,7.25,2706.21,42.73,2021-10-29,15.04,5613.98,107.45,2021-11-17,31.0,11571.37,327.59,24.0,43.0,2021
BE,2021-10-04,16.91,4809.95,61.63,2021-11-08,35.56,10114.82,110.29,2021-11-08,35.56,10114.82,110.29,36.0,36.0,2021
TRUP,2021-10-04,76.95,3356.6,28.51,2021-12-07,155.41,6779.06,101.96,2021-12-07,155.41,6779.06,101.96,65.0,65.0,2021
GFI,2021-09-29,7.75,6931.74,63.38,2022-03-04,15.52,13881.38,100.26,2022-03-10,16.71,14945.73,115.61,157.0,163.0,2022
FLR,2021-09-22,14.8,2117.97,44.83,2022-03-23,29.74,4255.98,100.95,2022-03-23,29.74,4255.98,100.95,183.0,183.0,2022
EVGO,2021-09-20,7.28,1024.88,28.86,2021-11-09,14.8,2083.54,103.3,2021-11-11,19.23,2707.2,164.15,51.0,53.0,2021
MOS,2021-09-20,32.16,10221.95,157.37,2022-03-21,67.2,21359.29,108.96,2022-03-25,71.34,22675.18,112.2,183.0,187.0,2022
MUR,2021-09-20,19.93,2856.96,51.42,2022-03-21,41.06,5885.93,106.02,2022-03-21,41.06,5885.93,106.02,183.0,183.0,2022
FCEL,2021-09-10,167.4,8868.49,205.89,2021-11-12,336.9,17848.24,101.25,2021-11-12,336.9,17848.24,101.25,64.0,64.0,2021
OXY,2021-09-08,24.91,24776.35,459.73,2022-03-04,56.15,55848.74,125.41,2022-05-27,70.86,70479.81,162.64,178.0,262.0,2022
CF,2021-09-08,44.59,6850.33,98.8,2022-03-04,91.25,14018.67,104.64,2022-03-10,97.25,14940.45,114.21,178.0,184.0,2022
LCID,2021-09-01,177.9,69426.69,318.32,2021-10-29,369.9,144355.99,107.93,2021-10-29,369.9,144355.99,107.93,59.0,59.0,2021
RKLB,2021-08-26,9.96,5764.36,45.61,2021-09-09,20.72,11991.72,108.03,2021-09-09,20.72,11991.72,108.03,15.0,15.0,2021
UUUU,2021-08-20,4.53,1131.9,22.02,2021-11-03,9.77,2441.2,115.67,2021-11-12,10.99,2746.04,142.6,76.0,85.0,2021
SM,2021-08-20,15.26,3658.57,66.81,2021-10-11,30.63,7343.5,100.72,2021-10-11,30.63,7343.5,100.72,53.0,53.0,2021
F,2021-08-20,12.57,50087.59,979.05,2022-01-14,25.19,100374.41,100.4,2022-01-14,25.19,100374.41,100.4,148.0,148.0,2022
IRTC,2021-08-19,41.91,1377.26,53.52,2021-11-03,122.12,4013.16,191.39,2022-01-13,143.12,4703.27,241.49,77.0,148.0,2021
PBF,2021-08-19,7.44,880.21,50.26,2021-10-14,15.75,1863.36,111.69,2021-10-25,16.0,1892.94,115.05,57.0,68.0,2021
AXSM,2021-08-19,19.91,1024.56,26.09,2021-10-13,42.17,2170.06,111.8,2021-10-13,42.17,2170.06,111.8,56.0,56.0,2021
QS,2021-08-19,19.3,11872.3,431.28,2021-11-11,39.7,24421.26,105.7,2021-11-15,40.58,24962.59,110.26,85.0,89.0,2021
APA,2021-08-19,16.0,5655.52,152.0,2022-01-11,32.0,11311.05,100.0,2022-01-14,33.29,11767.02,108.06,146.0,149.0,2022
AA,2021-08-19,36.92,9742.81,260.88,2022-02-14,73.86,19490.91,100.05,2022-02-18,78.2,20636.19,107.37,180.0,184.0,2022
CLSK,2021-08-19,10.72,2741.67,39.99,2021-11-01,21.68,5544.72,102.24,2021-11-02,22.11,5654.7,106.25,75.0,76.0,2021
AMTX,2021-08-19,8.32,585.45,33.91,2021-09-27,17.0,1196.23,104.33,2021-09-27,17.0,1196.23,104.33,40.0,40.0,2021
CENX,2021-08-19,10.58,1047.15,24.68,2022-02-16,21.29,2107.16,101.23,2022-02-16,21.29,2107.16,101.23,182.0,182.0,2022
CVE,2021-08-19,7.4,13799.66,77.32,2022-01-14,14.85,27692.56,100.68,2022-01-18,14.87,27729.86,100.95,149.0,153.0,2022
APP,2021-08-16,55.88,18772.3,50.27,2021-11-11,114.85,38582.65,105.53,2021-11-11,114.85,38582.65,105.53,88.0,88.0,2021
ARRY,2021-08-02,12.96,1993.59,75.56,2021-11-12,26.55,4084.09,104.86,2021-11-15,27.09,4167.16,109.03,103.0,106.0,2021
NUVL,2021-07-30,18.25,1441.71,25.18,2021-09-02,37.02,2924.5,102.85,2021-09-07,38.35,3029.57,110.14,35.0,40.0,2021
YMM,2021-07-27,8.7,9026.64,129.41,2021-09-01,17.95,18623.92,106.32,2021-09-03,18.31,18997.44,110.46,37.0,39.0,2021
BTBT,2021-07-23,4.23,1381.42,40.68,2021-07-26,8.87,2896.74,109.69,2021-07-26,8.87,2896.74,109.69,4.0,4.0,2021
RSI,2021-07-23,9.7,998.65,23.07,2021-09-23,19.7,2028.19,103.09,2021-09-23,19.7,2028.19,103.09,63.0,63.0,2021
CAR,2021-07-19,68.74,2428.24,98.46,2021-10-08,138.2,4881.91,101.05,2021-11-02,357.17,12617.03,419.6,82.0,107.0,2021
TASK,2021-07-19,27.42,2511.07,26.95,2021-08-30,58.85,5389.38,114.62,2021-09-23,83.51,7647.7,204.56,43.0,67.0,2021
MARA,2021-07-19,22.35,8519.76,666.05,2021-11-19,54.68,20843.87,144.65,2021-11-19,54.68,20843.87,144.65,124.0,124.0,2021
BLDR,2021-07-19,40.47,4352.95,117.16,2021-12-22,81.06,8718.8,100.3,2021-12-31,85.71,9218.96,111.79,157.0,166.0,2021
ON,2021-07-19,34.79,13634.31,246.99,2021-12-27,69.78,27347.0,100.57,2021-12-27,69.78,27347.0,100.57,162.0,162.0,2021
M,2021-07-19,16.11,4249.2,300.25,2021-11-16,32.29,8516.86,100.43,2021-11-16,32.29,8516.86,100.43,121.0,121.0,2021
DVN,2021-07-19,24.93,28744.04,285.23,2022-01-12,49.9,57534.2,100.16,2022-01-12,49.9,57534.2,100.16,178.0,178.0,2022
DOCS,2021-07-06,46.82,8648.07,251.96,2021-09-02,98.21,18140.27,109.76,2021-09-10,102.02,18844.01,117.9,59.0,67.0,2021
RBC,2021-06-18,125.86,3979.56,39.85,2022-10-28,253.79,8024.58,101.64,2022-10-28,253.79,8024.58,101.64,498.0,498.0,2022
DLO,2021-06-11,31.0,9142.89,108.43,2021-08-19,62.43,18412.6,101.39,2021-08-24,69.0,20350.3,122.58,70.0,75.0,2021
BTU,2021-05-25,5.37,654.25,20.4,2021-11-05,11.64,1418.15,116.76,2021-11-08,12.25,1492.47,128.12,165.0,168.0,2021
CCXI,2021-05-21,9.59,534.16,40.21,2021-09-27,19.21,1070.0,100.31,2021-09-28,19.83,1104.53,106.78,130.0,131.0,2021
TSLA,2021-05-19,187.82,705400.06,26660.61,2021-11-01,402.86,1513043.31,114.49,2021-11-04,409.97,1539734.12,118.28,167.0,170.0,2021
TTD,2021-05-18,50.85,23905.01,661.08,2021-11-15,105.45,49572.93,107.37,2021-11-16,111.64,52482.9,119.29,182.0,183.0,2021
GLBE,2021-05-18,26.8,4501.53,75.14,2021-11-12,54.98,9234.85,105.15,2021-11-19,64.88,10897.72,103.51,179.0,186.0,2021
CLOV,2021-05-17,6.82,3585.51,226.92,2021-06-08,22.15,11645.01,224.78,2021-06-08,22.15,11645.01,224.78,23.0,23.0,2021
EH,2021-05-14,21.09,1518.16,177.16,2021-06-28,44.33,3191.09,110.19,2021-06-28,44.33,3191.09,110.19,46.0,46.0,2021
SITM,2021-05-13,79.48,2098.02,21.99,2021-08-05,185.0,4883.41,132.76,2021-12-08,334.98,8842.41,202.98,85.0,210.0,2021
NTLA,2021-05-13,60.88,7240.42,96.8,2021-09-09,160.81,19125.04,164.14,2021-09-09,160.81,19125.04,164.14,120.0,120.0,2021
SENS,2021-05-13,34.2,1785.34,89.7,2021-08-20,69.6,3633.33,103.51,2021-08-27,81.0,4228.44,136.84,100.0,107.0,2021
AVIR,2021-05-13,19.22,1538.12,20.34,2021-10-01,42.01,3361.94,118.57,2021-10-04,44.59,3568.41,132.0,142.0,145.0,2021
AVXL,2021-05-13,10.16,941.55,31.3,2021-11-02,21.38,1981.32,110.43,2021-11-08,23.31,2160.18,129.43,174.0,180.0,2021
WKHS,2021-05-13,22440.0,244443.92,356.98,2021-06-08,46740.0,509149.24,108.29,2021-06-09,50700.0,552286.41,125.94,27.0,28.0,2021
ARCT,2021-05-13,25.79,733.03,84.75,2021-08-03,58.25,1655.64,125.86,2021-08-03,58.25,1655.64,125.86,83.0,83.0,2021
U,2021-05-13,80.91,35320.05,420.18,2021-11-08,163.1,71198.86,101.58,2021-11-18,201.12,87795.92,116.03,180.0,190.0,2021
ZS,2021-05-13,160.92,25874.44,403.4,2021-11-02,325.87,52396.87,102.5,2021-11-19,368.78,59296.4,113.49,174.0,191.0,2021
NVDA,2021-05-13,13.67,332066.79,4332.91,2021-11-04,29.8,724164.3,118.08,2021-11-19,32.98,801535.5,112.97,176.0,191.0,2021
NVAX,2021-05-13,121.0,19897.01,776.43,2021-08-12,247.24,40655.68,104.33,2021-08-13,257.27,42304.99,112.62,92.0,93.0,2021
ENPH,2021-05-13,114.61,15105.39,584.82,2021-10-29,231.63,30528.42,102.1,2021-11-12,251.62,33163.07,112.48,170.0,184.0,2021
PCT,2021-05-13,10.82,1956.94,31.52,2021-06-08,22.47,4064.0,107.67,2021-06-08,22.47,4064.0,107.67,27.0,27.0,2021
DOCN,2021-05-13,35.43,3697.62,33.49,2021-09-03,73.46,7666.59,107.34,2021-09-03,73.46,7666.59,107.34,114.0,114.0,2021
MDB,2021-05-13,244.74,19669.64,282.32,2021-09-03,507.41,40780.3,107.33,2021-09-03,507.41,40780.3,107.33,114.0,114.0,2021
PERI,2021-05-13,14.11,554.95,20.74,2021-10-26,29.08,1143.73,106.09,2021-10-26,29.08,1143.73,106.09,167.0,167.0,2021
AFRM,2021-05-13,48.37,16199.04,296.12,2021-08-30,99.59,33352.55,105.89,2021-08-30,99.59,33352.55,105.89,110.0,110.0,2021
AMRC,2021-05-13,47.45,2512.54,26.1,2021-11-03,96.58,5114.05,103.54,2021-11-05,97.5,5162.76,105.48,175.0,177.0,2021
AMD,2021-05-13,73.09,119180.6,3780.66,2021-11-08,150.16,244850.99,105.45,2021-11-08,150.16,244850.99,105.45,180.0,180.0,2021
XPEV,2021-05-13,23.56,22517.49,1123.18,2021-10-25,48.09,45962.05,104.12,2021-10-25,48.09,45962.05,104.12,166.0,166.0,2021
LAC,2021-05-13,12.08,4213.76,89.37,2021-09-15,24.53,8556.59,103.06,2021-09-15,24.53,8556.59,103.06,126.0,126.0,2021
SPCE,2021-05-13,310.0,29269.02,550.67,2021-05-27,621.8,58707.99,100.58,2021-05-28,624.6,58972.36,101.48,15.0,16.0,2021
SNOW,2021-05-13,188.24,65074.57,1222.22,2021-11-09,376.7,130225.19,100.12,2021-11-09,376.7,130225.19,100.12,181.0,181.0,2021
EOSE,2021-05-13,10.6,3598.73,21.29,2021-05-27,21.21,7200.85,100.09,2021-05-27,21.21,7200.85,100.09,15.0,15.0,2021
LC,2021-05-12,12.1,1395.75,33.0,2021-09-09,30.5,3518.2,152.07,2021-11-01,47.61,5491.86,293.47,121.0,174.0,2021
SYNA,2021-05-12,117.08,4523.7,53.49,2021-11-05,249.21,9628.9,112.85,2021-12-07,292.85,11315.05,114.12,178.0,210.0,2021
MXL,2021-05-12,31.96,2861.89,22.55,2021-11-01,66.48,5953.02,108.01,2021-11-16,71.93,6441.04,108.98,174.0,189.0,2021
SI,2021-05-12,80.82,1675.23,136.36,2021-10-06,162.71,3372.64,101.32,2021-10-06,162.71,3372.64,101.32,148.0,148.0,2021
AMBA,2021-05-12,84.23,3688.34,68.19,2021-09-23,168.71,7387.62,100.3,2021-09-23,168.71,7387.62,100.3,135.0,135.0,2021
AUPH,2021-05-10,10.0,1286.02,51.56,2021-09-13,20.93,2691.63,109.3,2021-09-14,21.5,2764.94,115.0,127.0,128.0,2021
FUBO,2021-05-10,196.2,5775.26,584.07,2021-06-25,411.0,12098.03,109.48,2021-06-25,411.0,12098.03,109.48,47.0,47.0,2021
EDIT,2021-05-10,31.29,3063.49,130.44,2021-08-11,64.39,6304.19,105.78,2021-08-12,65.35,6398.18,108.85,94.0,95.0,2021
BEAM,2021-05-10,64.12,6596.62,81.72,2021-06-30,128.71,13241.58,100.73,2021-07-01,133.6,13744.66,108.36,52.0,53.0,2021
PLUG,2021-05-10,20.07,27994.15,1598.04,2021-11-01,41.65,58094.49,107.52,2021-11-01,41.65,58094.49,107.52,176.0,176.0,2021
LI,2021-05-10,17.01,17368.22,677.19,2021-06-29,34.25,34971.28,101.35,2021-06-30,34.94,35675.81,105.41,51.0,52.0,2021
JKS,2021-05-10,30.26,1584.72,185.29,2021-07-12,61.9,3241.71,104.56,2021-07-12,61.9,3241.71,104.56,64.0,64.0,2021
BILL,2021-05-06,130.33,12897.51,191.07,2021-08-27,283.98,28102.79,117.89,2021-09-08,297.53,29443.7,128.29,114.0,126.0,2021
DDOG,2021-05-06,71.36,25401.32,343.76,2021-09-16,144.14,51308.1,101.99,2021-09-16,144.14,51308.1,101.99,134.0,134.0,2021
AHT,2021-04-23,188.0,1217.58,29.01,2021-05-27,414.0,2681.27,120.21,2021-06-09,667.0,4319.82,254.79,35.0,48.0,2021
GSAT,2021-04-20,13.04,1679.15,37.12,2021-08-30,35.25,4539.81,170.36,2021-09-08,40.35,5196.63,209.48,133.0,142.0,2021
ATOS,2021-04-19,22.8,196.34,33.63,2021-07-21,63.6,547.68,178.95,2021-07-21,63.6,547.68,178.95,94.0,94.0,2021
MRNA,2021-04-05,129.91,51546.5,2134.64,2021-09-29,378.9,150342.31,191.66,2021-09-30,384.86,152707.16,196.25,178.0,179.0,2021
TEAM,2021-03-30,204.43,51877.76,356.56,2021-09-23,409.6,103943.32,100.36,2021-09-24,413.94,105044.67,102.48,178.0,179.0,2021
ASAN,2021-03-29,26.16,6209.42,63.68,2021-06-17,53.62,12727.42,104.97,2021-11-09,142.68,33867.0,406.86,81.0,226.0,2021
BHVN,2021-03-29,64.07,9646.44,49.24,2021-08-25,128.17,19297.4,100.05,2021-08-25,128.17,19297.4,100.05,150.0,150.0,2021
LSPD,2021-03-08,54.09,7426.61,30.29,2021-08-31,111.18,15265.12,105.55,2021-09-22,124.41,17081.61,123.36,177.0,199.0,2021
NET,2021-03-08,61.77,21827.92,362.03,2021-08-10,125.47,44337.85,103.12,2021-08-10,125.47,44337.85,103.12,156.0,156.0,2021
INMD,2021-03-08,32.12,1952.87,37.03,2021-08-27,65.0,3952.57,102.4,2021-09-07,67.86,4126.79,102.88,173.0,184.0,2021
SWBI,2021-03-04,15.79,702.56,44.93,2021-06-29,31.72,1411.34,100.89,2021-07-01,35.4,1575.08,124.19,118.0,120.0,2021
GLSI,2021-03-04,22.37,309.93,27.51,2021-06-29,47.3,655.32,111.44,2021-06-29,47.3,655.32,111.44,118.0,118.0,2021
DKS,2021-03-04,69.86,6248.9,131.83,2021-08-30,142.01,12702.64,103.28,2021-09-01,143.7,12853.81,105.7,180.0,182.0,2021
OCGN,2021-02-04,3.25,1100.19,61.43,2021-08-05,7.49,2535.5,130.46,2021-08-05,7.49,2535.5,130.46,183.0,183.0,2021
FTNT,2021-02-03,30.18,22097.77,154.05,2021-08-04,60.8,44514.73,101.44,2021-08-04,60.8,44514.73,101.44,183.0,183.0,2021
ZIM,2021-01-29,12.05,1452.26,45.38,2021-07-30,39.14,4717.13,224.81,2021-09-16,60.65,7309.51,162.67,183.0,231.0,2021
AA,2021-01-29,18.0,4750.02,93.78,2021-05-21,36.14,9536.98,100.78,2021-05-24,36.5,9631.98,102.78,113.0,116.0,2021
SLS,2021-01-28,5.5,1014.93,27.33,2021-06-11,11.43,2109.21,107.82,2021-06-28,13.71,2529.94,149.27,135.0,152.0,2021
LB,2021-01-27,37.54,1045.08,163.96,2021-07-12,76.56,2131.37,103.94,2021-07-12,76.56,2131.37,103.94,167.0,167.0,2021
CROX,2021-01-27,65.8,3269.58,64.08,2021-07-22,131.93,6555.56,100.5,2021-07-22,131.93,6555.56,100.5,177.0,177.0,2021
PBF,2021-01-08,6.58,778.47,38.02,2021-05-19,14.61,1728.49,122.04,2021-06-02,18.38,2174.51,179.33,132.0,146.0,2021
AMC,2021-01-05,19.8,14686.66,55.72,2021-01-25,44.2,32785.38,123.23,2021-06-02,625.5,463964.98,3059.09,21.0,149.0,2021
SM,2021-01-05,7.64,1831.68,20.46,2021-07-07,22.97,5507.03,200.65,2021-07-09,23.61,5660.47,185.84,184.0,186.0,2021
SKLZ,2021-01-04,364.0,5775.05,135.5,2021-02-04,779.8,12371.93,114.23,2021-02-05,874.4,13872.81,140.22,32.0,33.0,2021
IBIO,2020-12-31,525.0,18975.37,64.41,2021-02-03,1085.0,39215.76,106.67,2021-02-09,1310.0,47348.06,149.52,35.0,41.0,2021
SPT,2020-12-31,45.41,2728.36,26.52,2021-06-24,92.31,5546.24,103.28,2021-06-24,92.31,5546.24,103.28,176.0,176.0,2021
BNGO,2020-12-30,1260.0,13975.92,26.69,2021-07-01,4092.0,45388.46,224.76,2021-07-01,4092.0,45388.46,224.76,184.0,184.0,2021
RRC,2020-12-29,6.24,1470.28,43.11,2021-05-14,13.04,3072.51,108.97,2021-07-09,16.94,3991.44,125.27,137.0,193.0,2021
GEVO,2020-12-24,3.7,900.62,46.27,2021-06-28,7.81,1901.04,111.08,2021-06-28,7.81,1901.04,111.08,187.0,187.0,2021
MTDR,2020-12-22,11.86,1473.02,29.05,2021-06-10,33.05,4104.84,178.67,2021-06-25,37.02,4597.92,208.5,171.0,186.0,2021
DVN,2020-12-22,14.83,17098.84,108.37,2021-06-07,30.92,35650.45,108.5,2021-06-07,30.92,35650.45,108.5,168.0,168.0,2021
FANG,2020-12-22,44.05,12391.85,120.8,2021-06-08,89.64,25216.92,103.5,2021-06-08,89.64,25216.92,103.5,169.0,169.0,2021
MVIS,2020-12-18,5.05,1651.26,20.84,2021-06-22,17.49,5718.93,246.34,2021-06-29,18.39,6013.21,252.98,187.0,194.0,2021
SNDL,2020-12-18,4.36,1134.91,56.05,2021-06-02,11.3,2941.39,159.17,2021-06-03,12.9,3357.87,195.87,167.0,168.0,2021
UPST,2020-12-17,35.77,3423.6,324.28,2021-06-21,121.35,11614.6,239.25,2021-10-15,390.0,37327.51,364.01,187.0,303.0,2021
PUBM,2020-12-15,23.25,1079.81,70.33,2021-02-04,50.22,2332.38,116.0,2021-02-05,55.47,2576.21,138.58,52.0,53.0,2021
MSTR,2020-12-14,27.95,9796.07,42.54,2021-06-14,59.85,20973.95,114.11,2021-06-18,64.65,22655.05,117.08,183.0,187.0,2021
HYFM,2020-12-14,433.7,2066.41,143.78,2021-02-12,921.3,4389.64,112.43,2021-02-16,932.0,4440.62,114.9,61.0,65.0,2021
DDD,2020-12-11,9.9,1445.97,20.61,2021-06-07,31.36,4580.35,216.77,2021-06-28,40.06,5851.05,294.68,179.0,200.0,2021
QS,2020-12-01,35.42,21788.44,983.66,2020-12-09,75.14,46222.0,112.14,2020-12-10,76.61,47126.26,116.29,9.0,10.0,2020
CELH,2020-11-25,10.15,2593.91,21.07,2021-05-24,21.3,5444.3,109.89,2021-06-07,27.31,6982.38,130.17,181.0,195.0,2021
TLRY,2020-11-23,66.8,7989.56,75.72,2021-05-10,150.4,17988.48,125.15,2021-06-09,214.3,25631.18,190.77,169.0,199.0,2021
GME,2020-11-19,3.12,1396.69,71.97,2021-05-24,45.0,20178.0,1344.7,2021-06-09,75.64,33915.1,2278.62,187.0,203.0,2021
MARA,2020-11-19,3.09,1177.9,36.97,2021-05-24,23.15,8824.72,649.19,2021-06-29,31.89,12156.38,205.46,187.0,223.0,2021
MGNI,2020-11-19,14.17,2029.36,20.26,2021-05-24,30.34,4345.14,114.11,2021-05-24,30.34,4345.14,114.11,187.0,187.0,2021
FOXF,2020-11-19,80.05,3356.98,36.64,2021-04-26,164.79,6910.63,105.86,2021-04-26,164.79,6910.63,105.86,159.0,159.0,2021
API,2020-11-18,35.13,2970.23,34.9,2021-02-01,73.6,6222.86,109.51,2021-02-12,106.14,8974.11,202.13,76.0,87.0,2021
THC,2020-11-12,29.95,2579.8,41.4,2021-05-12,62.03,5343.08,107.11,2021-05-17,65.14,5610.96,117.5,182.0,187.0,2021
NVAX,2020-11-10,78.74,12947.86,667.94,2021-01-29,220.94,36330.96,180.59,2021-02-08,319.93,52608.69,306.31,81.0,91.0,2021
EQ,2020-11-10,3.48,220.03,30.32,2021-02-04,7.79,492.53,123.85,2021-02-12,10.5,663.88,201.72,87.0,95.0,2021
DOMO,2020-11-10,31.74,1432.95,20.82,2021-02-11,71.03,3206.75,123.79,2021-02-11,71.03,3206.75,123.79,94.0,94.0,2021
FLGT,2020-11-09,31.01,880.7,23.81,2021-03-18,106.37,3020.97,243.02,2021-03-22,109.78,3117.82,254.01,130.0,134.0,2021
ARCT,2020-11-09,34.61,983.72,36.63,2020-12-11,106.01,3013.13,206.3,2020-12-22,118.46,3367.0,242.27,33.0,44.0,2020
VIR,2020-11-09,25.51,4302.31,51.3,2021-01-26,77.38,13050.29,203.33,2021-01-27,83.07,14009.92,225.64,79.0,80.0,2021
ALT,2020-11-09,7.84,1522.77,55.0,2021-01-25,16.9,3284.6,115.7,2021-01-25,16.9,3284.6,115.7,78.0,78.0,2021
PS,2020-11-06,14.74,5896.0,29.31,2026-05-01,37.99,15196.0,157.73,2026-05-08,41.62,16648.0,182.36,2003.0,2010.0,2026
MUR,2020-11-06,7.04,1009.18,49.69,2021-01-06,14.69,2105.81,108.66,2021-01-14,15.57,2231.95,121.16,62.0,70.0,2021
LPLA,2020-11-06,76.15,6090.69,54.07,2021-04-28,152.62,12206.98,100.42,2021-04-30,156.7,12533.31,105.78,174.0,176.0,2021
MTDR,2020-11-06,6.48,804.82,33.09,2020-12-10,13.28,1649.39,104.94,2020-12-11,13.3,1651.87,105.25,35.0,36.0,2020
COTY,2020-11-04,3.02,2659.01,62.72,2021-05-05,9.83,8654.99,225.5,2021-05-07,10.34,9104.02,242.38,183.0,185.0,2021
BOXL,2020-11-04,314.4,1258.14,26.55,2021-02-08,676.8,2708.36,115.27,2021-02-16,864.0,3457.47,174.81,97.0,105.0,2021
CAR,2020-11-04,28.37,1002.17,109.14,2021-04-07,75.35,2661.74,165.6,2021-06-11,94.24,3329.03,171.82,155.0,220.0,2021
PACB,2020-11-04,12.4,3850.04,23.56,2021-04-12,30.74,9544.37,147.9,2021-04-27,33.64,10444.79,171.29,160.0,175.0,2021
STNG,2020-11-04,8.81,444.18,27.15,2021-03-10,18.6,937.77,111.12,2021-03-19,19.86,1001.3,125.43,127.0,136.0,2021
CCJ,2020-11-04,9.07,3950.28,24.55,2021-03-15,18.62,8109.62,105.29,2021-03-17,19.28,8397.08,112.57,132.0,134.0,2021
NUE,2020-11-04,46.95,10692.19,89.54,2021-05-06,95.69,21792.02,103.81,2021-05-11,101.98,23224.48,110.62,184.0,189.0,2021
CF,2020-11-04,26.66,4095.76,73.25,2021-05-07,55.1,8464.97,106.68,2021-05-07,55.1,8464.97,106.68,185.0,185.0,2021
TPR,2020-11-04,23.84,4816.75,98.2,2021-05-07,49.12,9924.44,106.04,2021-05-07,49.12,9924.44,106.04,185.0,185.0,2021
STLD,2020-11-04,30.76,4435.99,52.71,2021-05-06,61.65,8890.72,100.42,2021-05-07,63.36,9137.32,105.98,184.0,185.0,2021
NTLA,2020-11-03,25.27,3005.35,20.08,2021-05-06,66.48,7906.43,163.08,2021-05-07,67.74,8056.28,149.32,185.0,186.0,2021
PLAY,2020-11-02,16.71,580.5,113.1,2021-04-21,46.04,1599.4,175.52,2021-04-27,46.99,1632.4,181.21,171.0,177.0,2021
DDS,2020-11-02,44.18,689.96,21.26,2021-04-14,96.78,1511.42,119.06,2021-09-23,210.06,3280.52,134.02,164.0,326.0,2021
AMC,2020-11-02,21.5,15947.64,40.52,2020-11-24,45.8,33972.18,113.02,2020-11-24,45.8,33972.18,113.02,23.0,23.0,2020
INSG,2020-11-02,83.8,1360.96,37.68,2020-12-22,177.5,2882.71,111.81,2020-12-22,177.5,2882.71,111.81,51.0,51.0,2020
NOK,2020-11-02,3.27,18254.89,131.56,2021-01-27,6.55,36565.6,100.31,2021-01-27,6.55,36565.6,100.31,87.0,87.0,2021
BE,2020-10-30,12.64,3595.37,72.33,2021-02-09,41.82,11895.44,230.85,2021-02-09,41.82,11895.44,230.85,103.0,103.0,2021
TDC,2020-10-30,18.37,1728.62,27.3,2021-02-05,37.08,3489.23,101.85,2021-02-09,53.76,5058.82,192.65,99.0,103.0,2021
SBH,2020-10-30,8.37,811.96,21.64,2021-03-01,17.7,1717.06,111.47,2021-05-07,25.29,2453.35,178.22,123.0,190.0,2021
RKT,2020-10-30,18.23,51573.68,279.49,2021-03-02,41.6,117688.71,128.2,2021-03-02,41.6,117688.71,128.2,124.0,124.0,2021
REAL,2020-10-30,12.59,1516.94,26.44,2021-01-13,25.75,3102.56,104.53,2021-01-20,28.05,3379.68,122.8,76.0,83.0,2021
AYI,2020-10-30,89.14,2702.29,58.29,2021-04-26,181.77,5510.39,103.92,2021-04-29,191.71,5811.72,115.07,179.0,182.0,2021
UNFI,2020-10-30,14.57,885.16,30.74,2021-01-26,31.31,1902.14,114.89,2021-01-26,31.31,1902.14,114.89,89.0,89.0,2021
NAVI,2020-10-30,8.01,752.86,22.95,2021-04-28,16.2,1522.63,102.25,2021-04-29,16.98,1596.41,112.05,181.0,182.0,2021
COP,2020-10-30,28.62,34867.57,301.85,2021-03-05,58.34,71075.27,103.84,2021-03-11,59.83,72890.53,109.05,127.0,133.0,2021
ABG,2020-10-30,102.98,1917.36,20.9,2021-04-14,209.8,3906.22,103.73,2021-04-15,215.17,4006.21,108.94,167.0,168.0,2021
CVE,2020-10-30,3.28,6116.61,28.05,2021-01-05,6.64,12382.4,102.44,2021-01-07,6.81,12699.42,107.62,68.0,70.0,2021
IVZ,2020-10-30,13.11,5811.62,75.17,2021-04-15,26.83,11893.65,104.65,2021-04-15,26.83,11893.65,104.65,168.0,168.0,2021
RL,2020-10-30,66.85,4046.86,96.01,2021-05-03,136.31,8251.72,103.9,2021-05-03,136.31,8251.72,103.9,186.0,186.0,2021
PGNY,2020-10-30,24.37,1892.44,22.19,2021-01-19,48.92,3798.85,100.74,2021-01-19,48.92,3798.85,100.74,82.0,82.0,2021
WFC,2020-10-29,21.14,64692.41,1164.77,2021-04-16,43.84,134158.71,107.38,2021-05-06,46.63,142696.64,113.12,170.0,190.0,2021
LMND,2020-10-29,46.9,3602.9,109.36,2020-12-10,99.7,7659.03,112.58,2020-12-10,99.7,7659.03,112.58,43.0,43.0,2020
STX,2020-10-29,47.66,10686.75,146.8,2021-04-29,96.83,21712.09,103.17,2021-04-29,96.83,21712.09,103.17,183.0,183.0,2021
TS,2020-10-29,9.15,4619.1,21.1,2021-02-16,18.31,9243.25,100.11,2021-02-16,18.31,9243.25,100.11,111.0,111.0,2021
CLSK,2020-10-28,7.21,1843.98,27.96,2021-02-05,32.07,8202.0,344.8,2021-02-18,38.1,9744.19,428.43,101.0,114.0,2021
BNTX,2020-10-28,77.54,19608.65,199.99,2021-04-20,156.18,39495.46,101.42,2021-08-09,447.23,113097.43,395.33,175.0,286.0,2021
MAC,2020-10-28,6.53,1706.82,47.34,2021-01-14,14.2,3711.61,117.46,2021-01-27,22.38,5849.71,242.73,79.0,92.0,2021
TRIP,2020-10-28,18.72,2178.28,64.31,2021-02-17,38.05,4427.54,103.26,2021-03-17,61.03,7101.52,226.01,113.0,141.0,2021
ACB,2020-10-28,38.3,2264.55,94.3,2020-11-06,97.9,5788.49,155.61,2020-11-09,112.1,6628.09,192.69,10.0,13.0,2020
DK,2020-10-28,9.28,568.75,23.06,2021-01-12,19.09,1169.98,105.71,2021-02-24,26.33,1613.7,183.73,77.0,120.0,2021
CCL,2020-10-28,12.3,17037.22,697.88,2021-02-22,25.97,35972.07,111.14,2021-03-15,29.79,41263.31,142.2,118.0,139.0,2021
FTI,2020-10-28,5.34,2129.07,46.85,2021-01-06,10.88,4337.88,103.75,2021-01-12,12.83,5115.35,140.26,71.0,77.0,2021
OXY,2020-10-28,8.88,8832.36,458.91,2020-12-04,18.59,18490.26,109.35,2020-12-10,21.31,21195.67,139.98,38.0,44.0,2020
OVV,2020-10-28,8.58,2431.02,60.17,2021-04-09,23.87,6763.22,178.21,2021-07-01,32.94,9333.07,129.39,164.0,247.0,2021
LYFT,2020-10-28,22.23,8494.61,287.1,2020-12-04,46.1,17615.91,107.38,2021-01-12,50.68,19366.04,127.98,38.0,77.0,2020
VLO,2020-10-28,36.19,10746.0,249.97,2021-02-22,74.25,22047.26,105.17,2021-03-11,82.48,24491.02,127.91,118.0,135.0,2021
AEO,2020-10-28,13.61,2268.44,83.92,2021-03-15,30.62,5103.58,124.98,2021-03-15,30.62,5103.58,124.98,139.0,139.0,2021
WCC,2020-10-28,40.1,1953.07,36.48,2021-02-04,85.54,4166.22,113.32,2021-02-08,89.33,4350.81,122.77,100.0,104.0,2021
EOG,2020-10-28,32.51,17315.75,216.75,2021-02-22,66.1,35206.75,103.32,2021-02-24,72.37,38546.33,122.61,118.0,120.0,2021
BYD,2020-10-28,31.24,2322.07,50.28,2021-04-09,64.06,4761.59,105.06,2021-04-27,68.98,5127.29,120.81,164.0,182.0,2021
NOV,2020-10-28,8.01,2874.7,58.44,2021-03-05,17.29,6205.18,115.86,2021-03-05,17.29,6205.18,115.86,129.0,129.0,2021
PRLB,2020-10-28,117.51,2796.04,34.94,2021-01-27,251.49,5983.96,114.02,2021-01-27,251.49,5983.96,114.02,92.0,92.0,2021
APA,2020-10-28,7.79,2753.53,162.3,2020-12-10,16.5,5832.26,111.81,2020-12-10,16.5,5832.26,111.81,44.0,44.0,2020
NWSA,2020-10-28,12.97,7097.83,29.63,2021-03-12,26.21,14343.41,102.08,2021-03-19,27.3,14939.92,110.49,136.0,143.0,2021
ATI,2020-10-28,8.27,1128.61,25.31,2020-12-04,16.91,2307.71,104.47,2020-12-07,17.32,2363.67,109.43,38.0,41.0,2020
KIM,2020-10-28,10.22,6892.26,72.67,2021-04-26,20.58,13878.94,101.37,2021-05-07,21.46,14472.4,109.16,181.0,192.0,2021
COF,2020-10-28,72.07,44848.64,263.44,2021-04-28,144.36,89834.19,100.31,2021-05-07,157.71,98141.79,108.75,183.0,192.0,2021
SU,2020-10-28,11.28,13318.81,100.43,2021-03-11,23.01,27168.95,103.99,2021-03-12,23.53,27782.93,108.6,135.0,136.0,2021
NCLH,2020-10-28,15.03,6900.43,755.29,2021-04-06,31.08,14269.14,106.79,2021-04-07,31.31,14374.74,108.32,161.0,162.0,2021
SLB,2020-10-28,14.18,21199.92,253.41,2021-02-24,29.41,43969.65,107.4,2021-02-24,29.41,43969.65,107.4,120.0,120.0,2021
BRX,2020-10-28,10.83,3323.04,37.21,2021-04-23,21.7,6658.35,100.37,2021-04-29,22.42,6879.28,107.02,178.0,184.0,2021
PBF,2020-10-28,4.27,505.18,43.59,2020-12-10,8.83,1044.66,106.79,2020-12-10,8.83,1044.66,106.79,44.0,44.0,2020
DVN,2020-10-28,8.1,9339.22,103.63,2020-12-04,16.72,19277.99,106.42,2020-12-04,16.72,19277.99,106.42,38.0,38.0,2020
MPC,2020-10-28,27.5,8028.26,282.99,2021-02-23,55.77,16281.31,102.8,2021-02-24,56.65,16538.21,106.0,119.0,120.0,2021
FUN,2020-10-28,24.84,2538.75,22.3,2021-03-03,50.96,5208.31,105.15,2021-03-03,50.96,5208.31,105.15,127.0,127.0,2021
FANG,2020-10-28,24.6,6920.31,106.24,2020-12-10,49.94,14048.79,103.01,2020-12-11,50.11,14096.61,103.7,44.0,45.0,2020
SPG,2020-10-28,60.76,19737.78,448.14,2021-04-27,122.36,39748.42,101.38,2021-04-29,123.33,40063.53,102.98,182.0,184.0,2021
SBGI,2020-10-28,17.19,1240.53,26.9,2021-01-27,34.89,2517.86,102.97,2021-01-27,34.89,2517.86,102.97,92.0,92.0,2021
WYNN,2020-10-28,69.01,7162.32,392.17,2021-03-15,139.8,14509.38,102.58,2021-03-15,139.8,14509.38,102.58,139.0,139.0,2021
AAL,2020-10-28,10.95,7242.17,1061.99,2021-03-03,22.17,14662.91,102.47,2021-03-03,22.17,14662.91,102.47,127.0,127.0,2021
HXL,2020-10-28,31.71,2391.8,50.08,2021-03-17,64.16,4839.41,102.33,2021-03-17,64.16,4839.41,102.33,141.0,141.0,2021
MRNA,2020-10-28,65.74,26084.73,1290.36,2021-04-01,132.55,52594.02,101.63,2021-04-01,132.55,52594.02,101.63,156.0,156.0,2021
LPX,2020-10-28,27.9,1949.23,38.3,2021-03-26,56.05,3915.93,100.9,2021-03-26,56.05,3915.93,100.9,150.0,150.0,2021
TXT,2020-10-28,32.09,5580.1,49.8,2021-04-30,64.24,11170.63,100.19,2021-04-30,64.24,11170.63,100.19,185.0,185.0,2021
PSX,2020-10-28,44.22,17729.35,224.33,2021-03-08,88.47,35470.72,100.07,2021-03-08,88.47,35470.72,100.07,132.0,132.0,2021
FCNCA,2020-10-28,442.41,5140.11,20.95,2021-04-23,885.08,10283.24,100.06,2021-04-23,885.08,10283.24,100.06,178.0,178.0,2021
VALE,2020-10-28,10.53,44905.54,300.56,2021-04-29,21.06,89811.08,100.0,2021-04-29,21.06,89811.08,100.0,184.0,184.0,2021
HPQ,2020-10-28,17.35,15867.45,215.5,2021-04-29,34.7,31734.89,100.0,2021-04-29,34.7,31734.89,100.0,184.0,184.0,2021
LGND,2020-10-21,80.55,1614.09,31.79,2021-01-27,162.94,3265.05,102.28,2021-02-09,215.83,4324.87,167.95,99.0,112.0,2021
TME,2020-10-20,14.01,21710.31,138.17,2021-02-16,28.3,43854.51,102.0,2021-02-16,28.3,43854.51,102.0,120.0,120.0,2021
PRAX,2020-10-19,408.75,11395.45,64.03,2020-12-28,837.3,23342.9,104.84,2020-12-28,837.3,23342.9,104.84,71.0,71.0,2020
EPR,2020-10-16,21.55,1648.74,41.92,2021-02-19,43.27,3310.49,100.79,2021-03-15,50.49,3862.87,134.29,127.0,151.0,2021
CNK,2020-10-16,7.86,917.95,81.42,2020-11-24,16.95,1979.55,115.65,2020-11-24,16.95,1979.55,115.65,40.0,40.0,2020
EXPE,2020-10-15,90.23,10829.59,293.54,2021-03-17,185.27,22236.49,105.33,2021-03-17,185.27,22236.49,105.33,154.0,154.0,2021
FUBO,2020-10-14,111.84,3292.08,40.07,2020-11-17,259.92,7650.9,132.4,2020-12-22,744.0,21900.08,565.24,35.0,70.0,2020
STTK,2020-10-12,19.0,1456.93,47.64,2020-12-10,40.41,3098.66,112.68,2020-12-10,40.41,3098.66,112.68,60.0,60.0,2020
RIOT,2020-10-09,3.1,1170.38,20.46,2021-04-13,59.26,22409.24,1814.7,2021-04-13,59.26,22409.24,1814.7,187.0,187.0,2021
CCCC,2020-10-09,22.8,2512.12,29.23,2021-02-10,46.5,5123.41,103.95,2021-02-10,46.5,5123.41,103.95,125.0,125.0,2021
ALGT,2020-10-06,112.73,2078.44,29.58,2021-02-18,229.48,4230.99,103.57,2021-03-15,268.81,4956.13,138.45,136.0,161.0,2021
AG,2020-10-06,9.43,4655.98,69.24,2021-02-01,22.12,10921.56,134.57,2021-02-01,22.12,10921.56,134.57,119.0,119.0,2021
WIMI,2020-10-06,50.3,924.77,39.68,2021-01-26,100.9,1855.05,100.6,2021-01-26,100.9,1855.05,100.6,113.0,113.0,2021
FCEL,2020-10-05,56.7,3003.85,35.61,2020-11-17,123.6,6548.06,117.99,2021-02-09,838.8,44437.83,1379.37,44.0,128.0,2020
FUTU,2020-10-05,27.52,3858.15,29.59,2021-01-25,102.26,14336.29,271.58,2021-02-16,191.0,26777.15,594.04,113.0,135.0,2021
YALA,2020-10-05,6.6,1002.07,31.05,2020-11-30,15.41,2339.68,133.48,2021-02-11,40.62,6167.29,515.45,57.0,130.0,2020
PLTR,2020-10-05,9.03,21647.73,1306.63,2020-11-19,18.98,45500.98,110.19,2021-01-27,39.0,93495.17,331.89,46.0,115.0,2020
AR,2020-10-05,3.04,941.9,36.77,2021-04-07,10.27,3182.02,237.83,2021-07-09,15.22,4715.7,154.52,185.0,278.0,2021
VIPS,2020-10-05,14.98,7194.45,128.92,2021-01-08,30.01,14412.92,100.33,2021-01-08,30.01,14412.92,100.33,96.0,96.0,2021
BB,2020-10-02,4.44,2610.2,21.89,2021-01-14,9.11,5355.61,105.18,2021-01-27,25.1,14755.85,465.32,105.0,118.0,2021
BCRX,2020-10-02,3.37,856.53,35.87,2020-12-07,7.22,1835.05,114.24,2021-06-07,17.24,4381.76,235.74,67.0,249.0,2020
FATE,2020-10-02,38.09,4429.17,31.85,2021-03-31,82.45,9587.43,116.46,2021-04-05,83.66,9728.13,119.64,181.0,186.0,2021
CGC,2020-10-02,140.5,59406.07,87.98,2020-11-27,290.0,122617.52,106.41,2020-11-27,290.0,122617.52,106.41,57.0,57.0,2020
NBR,2020-10-01,23.34,345.34,29.23,2020-11-23,49.54,732.99,112.25,2021-03-08,130.49,1930.72,459.08,54.0,159.0,2020
CNQ,2020-10-01,7.77,16205.97,71.96,2021-03-10,15.9,33152.36,104.57,2021-03-15,16.2,33798.93,108.56,161.0,166.0,2021
TRGP,2020-10-01,13.58,2914.86,60.18,2020-12-10,28.06,6022.91,106.63,2020-12-16,28.28,6070.13,108.25,71.0,77.0,2020
HAL,2020-10-01,11.17,9331.39,248.4,2021-03-01,23.01,19222.5,106.0,2021-03-01,23.01,19222.5,106.0,152.0,152.0,2021
HP,2020-10-01,13.48,1347.07,51.34,2021-01-14,27.53,2751.1,104.23,2021-01-14,27.53,2751.1,104.23,106.0,106.0,2021
FHB,2020-10-01,14.42,1754.18,25.91,2021-02-23,28.87,3512.01,100.21,2021-02-24,29.32,3566.75,103.33,146.0,147.0,2021
RVLV,2020-09-30,16.43,1175.66,21.36,2021-02-04,39.34,2815.0,139.44,2021-07-02,72.4,5180.62,132.27,128.0,276.0,2021
NNOX,2020-09-30,23.52,1636.76,171.66,2021-02-24,53.65,3733.52,128.1,2021-02-24,53.65,3733.52,128.1,148.0,148.0,2021
SHAK,2020-09-30,64.48,2601.82,84.9,2021-03-15,129.68,5232.68,101.12,2021-03-15,129.68,5232.68,101.12,167.0,167.0,2021
KSS,2020-09-29,18.41,2066.58,212.71,2020-12-02,38.55,4327.36,109.4,2021-05-17,64.06,7190.94,182.45,65.0,231.0,2020
BHC,2020-09-29,14.88,5557.32,87.09,2021-02-11,30.11,11245.35,102.35,2021-03-11,34.38,12840.09,131.05,136.0,164.0,2021
M,2020-09-29,5.67,1495.53,236.5,2020-12-04,11.72,3091.28,106.7,2020-12-04,11.72,3091.28,106.7,67.0,67.0,2020
ESI,2020-09-29,10.31,2511.59,21.06,2021-03-12,20.78,5062.16,101.55,2021-03-12,20.78,5062.16,101.55,165.0,165.0,2021
CRON,2020-09-28,4.96,1866.31,29.36,2021-01-13,10.7,4026.1,115.73,2021-01-14,11.26,4236.82,127.02,108.0,109.0,2021
KC,2020-09-25,28.57,8552.99,62.52,2021-02-02,58.41,17486.18,104.45,2021-02-11,72.06,21572.58,152.22,131.0,140.0,2021
CAKE,2020-09-25,26.76,1329.58,68.65,2021-02-24,55.52,2758.53,107.47,2021-03-15,62.48,3104.34,133.48,153.0,172.0,2021
GT,2020-09-25,7.42,2132.79,41.55,2021-02-22,16.82,4834.72,126.68,2021-05-07,19.67,5653.92,124.54,151.0,225.0,2021
F,2020-09-25,6.51,25940.35,486.09,2021-03-12,13.37,53275.34,105.38,2021-03-12,13.37,53275.34,105.38,169.0,169.0,2021
WAL,2020-09-24,30.82,3349.22,29.47,2021-01-06,65.93,7164.63,113.92,2021-04-27,108.02,11738.56,179.34,105.0,216.0,2021
AMRN,2020-09-24,72.8,1526.55,71.96,2021-01-25,151.2,3170.53,107.69,2021-02-03,176.0,3690.56,141.76,124.0,133.0,2021
IAC,2020-09-24,113.4,8434.7,226.8,2021-02-02,233.16,17342.45,105.61,2021-02-17,263.29,19583.52,132.18,132.0,147.0,2021
LNC,2020-09-24,30.14,5763.17,78.9,2021-03-10,61.52,11763.44,104.11,2021-03-18,64.46,12325.6,113.87,168.0,176.0,2021
OZK,2020-09-24,20.4,2226.98,26.34,2021-02-22,41.41,4520.56,102.99,2021-02-24,43.03,4697.41,110.93,152.0,154.0,2021
BPOP,2020-09-24,35.0,2262.92,29.03,2021-03-08,71.69,4635.1,104.83,2021-03-15,73.52,4753.42,110.06,166.0,173.0,2021
SABR,2020-09-24,5.67,2241.43,67.93,2020-11-25,11.56,4569.82,103.88,2020-11-27,11.7,4625.17,106.35,63.0,65.0,2020
SDGR,2020-09-24,46.87,3502.16,73.52,2021-01-19,94.36,7050.65,101.32,2021-01-20,96.57,7215.78,106.04,118.0,119.0,2021
XPEV,2020-09-24,17.45,16677.85,271.83,2020-11-05,35.85,34263.66,105.44,2020-11-05,35.85,34263.66,105.44,43.0,43.0,2020
CRSR,2020-09-24,15.58,1665.22,110.81,2021-03-26,31.97,3417.02,105.2,2021-03-26,31.97,3417.02,105.2,184.0,184.0,2021
FHN,2020-09-24,8.66,4110.19,60.36,2021-03-12,17.65,8377.0,103.81,2021-03-15,17.7,8400.74,104.39,170.0,173.0,2021
WTFC,2020-09-24,37.67,2540.76,21.72,2021-02-25,76.95,5190.1,104.27,2021-02-25,76.95,5190.1,104.27,155.0,155.0,2021
BCO,2020-09-24,39.7,1634.87,30.03,2021-02-23,80.86,3329.86,103.68,2021-02-23,80.86,3329.86,103.68,153.0,153.0,2021
OKE,2020-09-24,24.48,15423.2,189.33,2021-03-05,49.57,31230.73,102.49,2021-03-05,49.57,31230.73,102.49,163.0,163.0,2021
VNET,2020-09-24,19.94,5676.75,29.74,2021-01-19,40.17,11436.06,101.45,2021-01-20,40.23,11453.14,101.76,118.0,119.0,2021
ALK,2020-09-24,35.7,3978.01,111.64,2021-03-15,71.98,8020.66,101.62,2021-03-15,71.98,8020.66,101.62,173.0,173.0,2021
ZION,2020-09-24,28.22,4150.93,76.11,2021-02-24,56.78,8351.87,101.2,2021-02-24,56.78,8351.87,101.2,154.0,154.0,2021
ALRM,2020-09-24,53.74,2658.26,31.44,2021-01-13,107.69,5326.41,100.37,2021-01-13,107.69,5326.41,100.37,112.0,112.0,2021
YELP,2020-09-24,19.22,1073.11,30.16,2021-02-09,38.51,2150.14,100.36,2021-02-09,38.51,2150.14,100.36,139.0,139.0,2021
JMIA,2020-09-23,7.26,899.17,63.66,2021-01-06,33.21,4113.15,357.44,2021-02-10,65.51,8113.58,802.34,106.0,141.0,2021
COHR,2020-09-23,104.81,20504.96,22.6,2021-02-08,219.5,42942.83,109.43,2021-04-26,270.1,52842.18,127.8,139.0,216.0,2021
AMG,2020-09-23,63.38,1674.0,30.16,2021-02-08,132.1,3489.04,108.43,2021-05-06,174.86,4618.42,124.41,139.0,226.0,2021
GBCI,2020-09-23,30.26,3938.12,20.59,2021-03-08,63.23,8228.92,108.96,2021-03-12,66.5,8654.49,119.76,167.0,171.0,2021
WBS,2020-09-23,24.02,3891.88,21.73,2021-01-11,48.4,7842.08,101.5,2021-01-14,52.24,8464.26,117.49,111.0,114.0,2021
TLRY,2020-09-23,47.0,5621.4,78.36,2020-11-06,96.3,11517.89,104.89,2020-11-09,101.0,12080.03,114.89,45.0,48.0,2020
SPCE,2020-09-23,314.6,29703.34,283.51,2021-01-14,660.6,62371.34,109.98,2021-01-14,660.6,62371.34,109.98,114.0,114.0,2021
AGCO,2020-09-23,70.59,5111.32,32.03,2021-03-15,142.82,10341.39,102.32,2021-03-18,147.43,10675.19,108.85,174.0,177.0,2021
SQM,2020-09-23,28.97,8274.93,21.47,2021-01-12,60.06,17155.41,107.32,2021-01-12,60.06,17155.41,107.32,112.0,112.0,2021
RF,2020-09-23,10.75,9173.83,113.54,2021-02-24,22.21,18953.56,106.6,2021-02-24,22.21,18953.56,106.6,155.0,155.0,2021
BCS,2020-09-23,4.64,15815.85,22.57,2021-03-03,9.45,32211.16,103.66,2021-03-03,9.45,32211.16,103.66,162.0,162.0,2021
SF,2020-09-23,21.18,3257.03,20.41,2021-02-24,42.95,6604.96,102.79,2021-02-24,42.95,6604.96,102.79,155.0,155.0,2021
ON,2020-09-23,20.08,7869.42,148.03,2021-02-09,40.61,15915.19,102.24,2021-02-09,40.61,15915.19,102.24,140.0,140.0,2021
EWBC,2020-09-23,30.85,4225.79,37.96,2021-01-14,62.37,8543.36,102.17,2021-01-14,62.37,8543.36,102.17,114.0,114.0,2021
JEF,2020-09-23,17.07,3489.66,33.91,2021-03-17,34.28,7007.94,100.82,2021-03-17,34.28,7007.94,100.82,176.0,176.0,2021
AER,2020-09-23,23.03,3631.49,46.12,2020-12-30,46.1,7269.28,100.17,2020-12-30,46.1,7269.28,100.17,99.0,99.0,2020
MGA,2020-09-22,43.48,11836.32,41.9,2021-03-03,88.65,24132.71,103.89,2021-03-03,88.65,24132.71,103.89,163.0,163.0,2021
ZLAB,2020-09-21,73.3,8235.53,28.61,2021-01-11,148.23,16654.2,102.22,2021-01-20,191.71,21539.34,161.54,113.0,122.0,2021
ORA,2020-09-21,54.86,3371.34,23.23,2021-01-07,112.37,6905.54,104.83,2021-01-08,115.43,7093.58,110.41,109.0,110.0,2021
WSM,2020-09-21,43.06,5069.41,110.59,2021-03-19,87.42,10293.06,103.04,2021-03-23,90.0,10597.43,109.05,180.0,184.0,2021
ZBRA,2020-09-21,248.73,12029.23,88.3,2021-02-23,498.02,24085.55,100.23,2021-02-24,512.69,24795.03,106.12,156.0,157.0,2021
VAC,2020-09-21,86.92,2985.1,40.64,2021-03-01,175.09,6013.13,101.44,2021-03-01,175.09,6013.13,101.44,162.0,162.0,2021
LEVI,2020-09-21,12.0,4615.16,21.12,2021-03-03,24.12,9276.46,101.0,2021-03-03,24.12,9276.46,101.0,164.0,164.0,2021
HGV,2020-09-21,20.24,1614.42,20.92,2021-02-24,40.62,3240.01,100.69,2021-02-24,40.62,3240.01,100.69,157.0,157.0,2021
CMPS,2020-09-21,28.83,3889.84,56.57,2020-12-11,57.85,7805.31,100.66,2020-12-11,57.85,7805.31,100.66,82.0,82.0,2020
AGO,2020-09-18,19.07,855.51,22.16,2021-01-12,38.36,1720.89,101.15,2021-01-12,38.36,1720.89,101.15,117.0,117.0,2021
CDLX,2020-09-17,64.26,3701.45,44.41,2020-12-10,135.14,7784.83,110.32,2021-01-08,147.2,8479.56,129.09,85.0,114.0,2020
HUBS,2020-09-17,270.11,13834.42,138.37,2021-02-19,543.49,27836.33,101.21,2021-02-19,543.49,27836.33,101.21,156.0,156.0,2021
AMCX,2020-09-15,20.77,912.38,24.69,2021-01-14,42.95,1886.7,106.79,2021-03-12,78.63,3454.04,278.57,122.0,179.0,2021
UI,2020-09-14,152.24,9213.69,21.08,2021-01-29,307.99,18639.8,102.31,2021-02-01,319.55,19339.42,109.9,138.0,141.0,2021
BLNK,2020-09-11,6.06,870.55,34.67,2021-01-15,47.1,6766.14,677.23,2021-01-26,60.72,8722.72,901.98,127.0,138.0,2021
GRWG,2020-09-11,13.7,823.25,40.03,2021-02-17,59.35,3566.4,333.21,2021-02-17,59.35,3566.4,333.21,160.0,160.0,2021
ARWR,2020-09-11,33.21,4677.86,43.84,2020-12-11,74.06,10431.87,123.01,2021-02-05,90.47,12743.33,172.42,92.0,148.0,2020
AMAT,2020-09-11,55.0,43648.54,485.69,2021-02-11,113.0,89677.91,105.45,2021-02-24,122.81,97463.23,123.29,154.0,167.0,2021
SKT,2020-09-11,5.51,632.97,24.04,2020-12-15,11.22,1288.91,103.63,2020-12-15,11.22,1288.91,103.63,96.0,96.0,2020
LRCX,2020-09-11,29.4,36765.54,611.13,2021-02-16,59.18,74007.54,101.3,2021-02-16,59.18,74007.54,101.3,159.0,159.0,2021
GE,2020-09-11,29.66,30940.37,684.05,2021-02-16,59.66,62245.5,101.18,2021-02-16,59.66,62245.5,101.18,159.0,159.0,2021
VRNS,2020-09-11,35.97,4130.24,34.69,2021-02-16,72.07,8274.28,100.33,2021-02-16,72.07,8274.28,100.33,159.0,159.0,2021
DQ,2020-09-10,19.31,1306.36,22.27,2021-01-19,82.83,5604.79,329.04,2021-02-09,124.13,8399.4,542.96,132.0,153.0,2021
SONO,2020-09-10,12.76,1520.08,51.47,2021-01-11,25.53,3041.35,100.08,2021-04-15,43.89,5228.56,206.92,124.0,218.0,2021
PD,2020-09-10,23.4,1793.6,46.17,2021-01-14,47.02,3604.05,100.94,2021-01-14,47.02,3604.05,100.94,127.0,127.0,2021
APPN,2020-09-08,55.51,4075.11,46.38,2021-02-26,171.9,12619.54,209.67,2021-03-01,186.98,13726.6,236.84,172.0,175.0,2021
NET,2020-09-08,32.94,11640.14,166.18,2020-12-15,81.46,28785.85,147.3,2021-02-09,93.46,33026.34,183.73,99.0,155.0,2020
ACMR,2020-09-08,19.66,1301.57,30.18,2021-02-11,39.81,2636.23,102.54,2021-02-16,46.66,3089.59,137.37,157.0,162.0,2021
FLR,2020-09-08,8.33,1192.08,29.08,2020-11-24,17.8,2547.29,113.69,2020-12-04,18.65,2668.93,123.89,78.0,88.0,2020
KODK,2020-09-08,5.53,539.73,176.36,2021-01-27,12.08,1179.01,118.44,2021-01-27,12.08,1179.01,118.44,142.0,142.0,2021
BLDP,2020-09-04,13.72,4136.25,46.88,2021-01-07,28.13,8480.52,105.03,2021-02-08,40.99,12357.5,198.76,126.0,158.0,2021
UONE,2020-09-01,34.3,154.86,38.43,2021-01-06,88.7,400.47,158.6,2021-01-06,88.7,400.47,158.6,128.0,128.0,2021
INMD,2020-09-01,15.4,936.45,23.28,2021-02-02,31.74,1929.77,106.07,2021-03-02,38.3,2329.28,148.73,155.0,183.0,2021
OMCL,2020-08-31,66.68,3032.53,23.21,2021-02-12,133.8,6085.08,100.66,2021-02-12,133.8,6085.08,100.66,166.0,166.0,2021
STAA,2020-08-28,45.65,2272.84,27.49,2021-01-22,91.37,4549.16,100.15,2021-01-22,91.37,4549.16,100.15,148.0,148.0,2021
PLCE,2020-08-26,18.9,419.92,35.67,2020-11-19,40.36,896.47,113.49,2021-06-09,98.66,2191.42,129.44,86.0,288.0,2020
OLN,2020-08-21,9.79,1114.66,36.75,2020-11-05,20.28,2309.02,107.15,2021-06-01,50.94,5799.88,135.62,77.0,285.0,2020
UA,2020-08-21,8.77,3735.06,57.33,2021-02-05,17.74,7555.29,102.28,2021-03-15,20.19,8598.72,115.71,169.0,207.0,2021
WDC,2020-08-21,33.71,11619.23,267.69,2021-02-18,68.71,23683.11,103.83,2021-02-19,68.88,23741.71,104.33,182.0,183.0,2021
MU,2020-08-21,42.66,48109.13,1223.52,2021-01-19,85.5,96421.26,100.42,2021-01-19,85.5,96421.26,100.42,152.0,152.0,2021
CSIQ,2020-08-20,25.69,1742.21,20.36,2021-02-12,60.47,4100.88,135.38,2021-02-12,60.47,4100.88,135.38,177.0,177.0,2021
GOOS,2020-08-19,22.49,2184.42,39.69,2021-02-18,45.33,4402.83,101.56,2021-02-22,45.46,4415.46,102.13,184.0,188.0,2021
UBER,2020-08-19,29.42,59887.32,940.67,2021-01-13,59.4,120914.58,101.9,2021-01-13,59.4,120914.58,101.9,148.0,148.0,2021
LI,2020-08-14,14.6,14907.46,46.59,2020-11-12,31.78,32449.26,117.67,2020-11-24,43.96,44885.76,201.1,91.0,103.0,2020
BEKE,2020-08-14,33.0,36754.69,1102.26,2020-10-09,66.45,74010.57,101.36,2020-10-09,66.45,74010.57,101.36,57.0,57.0,2020
MDB,2020-08-11,191.68,15405.23,199.07,2020-12-22,396.0,31826.33,106.59,2020-12-22,396.0,31826.33,106.59,134.0,134.0,2020
BL,2020-08-11,72.59,4258.2,39.79,2021-02-05,148.51,8711.73,104.59,2021-02-11,150.37,8820.84,106.04,179.0,185.0,2021
ESTC,2020-08-11,83.85,8678.56,104.83,2021-01-19,169.65,17558.95,102.33,2021-01-21,171.29,17728.69,104.28,162.0,164.0,2021
DKNG,2020-08-10,31.61,15670.43,441.22,2021-02-05,63.87,31663.09,102.06,2021-02-05,63.87,31663.09,102.06,180.0,180.0,2021
SFIX,2020-08-07,22.13,3021.24,60.88,2020-12-08,49.89,6811.11,125.44,2021-01-27,106.41,14527.36,380.84,124.0,174.0,2020
ADNT,2020-08-07,15.3,1199.72,23.98,2020-11-24,32.19,2524.13,110.39,2021-04-28,50.15,3932.43,136.33,110.0,265.0,2020
APPS,2020-08-05,16.29,1953.17,20.18,2021-02-04,77.19,9255.08,373.85,2021-03-01,94.74,11359.32,317.36,184.0,209.0,2021
WMS,2020-08-05,49.89,3886.21,20.05,2021-02-04,103.46,8059.08,107.38,2021-02-04,103.46,8059.08,107.38,184.0,184.0,2021
BBIO,2020-08-03,27.2,5327.43,24.42,2020-12-08,56.67,11099.46,108.35,2021-02-08,72.35,14170.56,161.95,128.0,190.0,2020
CPA,2020-08-03,40.78,1677.63,43.52,2020-11-25,83.48,3434.25,104.71,2020-11-25,83.48,3434.25,104.71,115.0,115.0,2020
GM,2020-07-31,24.89,22442.45,422.47,2021-01-14,51.53,46462.81,107.03,2021-01-20,55.86,50367.02,124.43,168.0,174.0,2021
TECK,2020-07-31,10.13,4959.49,50.9,2021-01-19,20.92,10242.11,106.52,2021-01-19,20.92,10242.11,106.52,173.0,173.0,2021
ALLY,2020-07-31,20.1,6161.11,127.26,2021-01-14,40.88,12530.66,103.38,2021-01-20,41.35,12674.73,105.72,168.0,174.0,2021
CX,2020-07-31,3.06,4415.43,26.91,2021-01-26,6.21,8960.73,102.94,2021-01-26,6.21,8960.73,102.94,180.0,180.0,2021
APLS,2020-07-31,25.89,3314.47,29.9,2020-12-08,52.24,6687.83,101.78,2020-12-08,52.24,6687.83,101.78,131.0,131.0,2020
SLM,2020-07-31,6.77,1276.77,40.62,2021-01-12,13.64,2572.41,101.48,2021-01-12,13.64,2572.41,101.48,166.0,166.0,2021
DAR,2020-07-28,27.6,4380.93,35.64,2021-01-15,64.34,10212.64,133.12,2021-02-08,71.8,11396.76,127.0,172.0,196.0,2021
AMBA,2020-07-28,43.91,1922.77,28.98,2020-12-03,88.49,3874.88,101.53,2020-12-04,95.01,4160.38,116.37,129.0,130.0,2020
BOOT,2020-07-28,18.3,556.69,25.79,2020-11-11,39.29,1195.22,114.7,2021-05-07,74.6,2269.36,112.6,107.0,284.0,2020
GRPN,2020-07-28,15.19,576.98,27.15,2020-11-24,31.49,1196.12,107.31,2020-11-27,31.84,1209.41,109.61,120.0,123.0,2020
BIDU,2020-07-28,115.69,39363.83,494.02,2021-01-08,240.25,81745.7,107.67,2021-01-08,240.25,81745.7,107.67,165.0,165.0,2021
PEB,2020-07-27,10.09,1143.9,40.37,2021-01-13,20.93,2372.82,107.43,2021-01-20,21.27,2411.36,110.8,171.0,178.0,2021
MGM,2020-07-27,14.96,3827.53,420.63,2020-12-04,30.72,7859.75,105.35,2020-12-04,30.72,7859.75,105.35,131.0,131.0,2020
BILI,2020-07-24,40.1,16706.61,196.66,2020-12-17,82.19,34242.3,104.96,2021-02-10,156.37,65147.44,287.63,147.0,202.0,2020
TWST,2020-07-24,54.64,3402.5,20.28,2021-01-19,205.49,12796.13,276.08,2021-01-20,207.97,12950.57,280.62,180.0,181.0,2021
KOD,2020-07-24,45.05,2819.16,20.07,2020-10-23,96.63,6046.95,114.5,2021-01-19,164.47,10292.28,265.08,92.0,180.0,2020
ALXO,2020-07-22,29.36,3950.68,20.38,2020-11-17,65.58,8824.44,123.37,2020-12-10,112.26,15105.7,282.36,119.0,142.0,2020
GH,2020-07-21,81.36,10788.33,89.37,2021-01-20,163.34,21658.87,100.76,2021-01-20,163.34,21658.87,100.76,184.0,184.0,2021
ANF,2020-07-20,9.38,419.65,31.45,2020-11-16,19.0,850.03,102.56,2021-05-17,42.81,1915.26,141.73,120.0,302.0,2020
SPWR,2020-07-13,8.97,1304.76,31.21,2021-01-06,29.73,4324.47,231.44,2021-01-29,54.01,7856.19,478.89,178.0,201.0,2021
CRNC,2020-07-13,34.73,1568.75,26.35,2020-11-27,90.6,4092.4,160.87,2021-02-12,133.43,6027.03,183.59,138.0,215.0,2020
BLDR,2020-07-13,19.34,2080.21,27.79,2020-12-18,39.44,4242.16,103.93,2021-01-07,42.39,4559.46,119.18,159.0,179.0,2020
MHK,2020-07-10,70.47,4295.37,99.87,2020-12-30,142.51,8686.43,102.23,2020-12-30,142.51,8686.43,102.23,174.0,174.0,2020
RRR,2020-07-09,9.98,583.49,24.96,2020-11-13,20.95,1224.86,109.92,2021-01-12,26.16,1529.46,161.08,128.0,188.0,2020
CLF,2020-07-09,4.99,2846.37,66.74,2020-11-24,10.85,6189.0,117.43,2021-05-11,21.38,12195.47,160.1,139.0,307.0,2020
OMF,2020-07-09,22.62,2613.31,33.58,2020-12-17,45.35,5239.33,100.49,2021-01-15,54.12,6252.54,127.78,162.0,191.0,2020
ACHC,2020-07-09,24.1,2216.41,22.18,2020-12-16,48.38,4449.36,100.75,2021-01-07,52.98,4872.41,119.83,161.0,183.0,2020
EVR,2020-07-09,53.7,2077.25,38.08,2020-12-18,108.06,4180.03,101.23,2021-01-19,120.47,4660.08,118.64,163.0,195.0,2020
MTZ,2020-07-09,37.14,2934.75,47.08,2021-01-06,78.64,6214.02,111.74,2021-01-22,82.3,6503.23,117.61,182.0,198.0,2021
SVC,2020-07-09,6.17,3993.27,23.52,2020-11-24,12.64,8180.7,104.86,2020-11-24,12.64,8180.7,104.86,139.0,139.0,2020
PVH,2020-07-09,42.51,1947.45,92.6,2020-11-24,86.38,3957.2,103.2,2020-11-24,86.38,3957.2,103.2,139.0,139.0,2020
BLMN,2020-07-09,9.69,829.6,35.03,2020-12-31,19.42,1662.63,100.41,2020-12-31,19.42,1662.63,100.41,176.0,176.0,2020
MOS,2020-07-09,11.68,3712.45,77.77,2020-12-18,23.39,7434.43,100.26,2020-12-18,23.39,7434.43,100.26,163.0,163.0,2020
CHWY,2020-06-30,44.69,18621.29,139.56,2020-12-15,91.13,37971.77,103.92,2020-12-21,107.49,44788.61,140.52,169.0,175.0,2020
IIPR,2020-06-30,88.02,2532.73,41.93,2020-12-15,176.9,5090.2,100.98,2020-12-22,197.64,5686.99,124.54,169.0,176.0,2020
HL,2020-06-29,3.07,2059.09,26.66,2020-12-28,6.26,4198.66,103.91,2020-12-28,6.26,4198.66,103.91,183.0,183.0,2020
SIG,2020-06-26,9.84,394.27,46.68,2020-11-18,26.97,1080.63,174.09,2021-06-30,80.79,3237.08,199.22,146.0,370.0,2020
IRTC,2020-06-26,109.59,3601.39,37.24,2020-11-03,221.0,7262.59,101.66,2020-11-13,261.17,8582.68,138.32,131.0,141.0,2020
SEDG,2020-06-26,129.53,7877.78,149.22,2020-11-23,264.8,16104.66,104.43,2021-01-07,365.97,22257.64,136.6,151.0,196.0,2020
URBN,2020-06-26,14.7,1258.34,44.91,2020-11-20,30.32,2595.0,106.22,2020-11-23,31.66,2710.14,115.37,148.0,151.0,2020
NEO,2020-06-26,27.27,3550.88,28.72,2020-12-22,56.47,7353.06,107.08,2020-12-22,56.47,7353.06,107.08,180.0,180.0,2020
HASI,2020-06-26,27.2,3476.19,23.08,2020-11-25,55.27,7063.56,103.2,2020-11-25,55.27,7063.56,103.2,153.0,153.0,2020
GKOS,2020-06-26,36.89,2166.69,33.75,2020-12-21,74.66,4385.07,102.39,2020-12-23,74.87,4397.41,102.95,179.0,181.0,2020
VC,2020-06-26,64.51,1722.03,25.86,2020-12-08,130.28,3477.7,101.95,2020-12-08,130.28,3477.7,101.95,166.0,166.0,2020
NVCR,2020-06-25,57.2,6624.96,68.51,2020-10-05,117.7,13632.12,105.77,2020-10-09,138.72,16066.68,142.52,103.0,107.0,2020
WKHS,2020-06-25,25680.0,279737.97,20.41,2020-12-23,68175.0,742645.48,165.48,2020-12-24,68910.0,750652.0,132.02,182.0,183.0,2020
LB,2020-06-24,13.86,385.85,165.16,2020-11-18,33.61,935.68,142.5,2021-01-12,47.29,1316.52,183.85,148.0,203.0,2020
GPI,2020-06-24,58.2,692.47,20.6,2020-11-17,121.52,1445.87,108.8,2020-11-24,131.26,1561.76,125.53,147.0,154.0,2020
ENPH,2020-06-17,39.04,5145.4,287.09,2020-10-26,103.67,13663.52,165.55,2021-01-07,213.76,28173.19,308.56,132.0,205.0,2020
FVRR,2020-06-12,60.08,2159.92,20.42,2020-11-24,194.74,7001.04,224.13,2021-02-12,323.1,11615.68,200.84,166.0,246.0,2020
EGHT,2020-06-12,14.27,1988.07,32.31,2020-12-10,28.65,3991.47,100.77,2021-01-25,38.13,5312.21,156.42,182.0,228.0,2020
UPWK,2020-06-11,11.38,1405.64,20.57,2020-11-09,27.98,3456.04,145.87,2021-02-16,57.04,7045.47,308.89,152.0,251.0,2020
EDIT,2020-06-11,25.01,2448.64,22.51,2020-12-09,50.58,4952.1,102.24,2021-01-08,90.58,8868.35,234.61,182.0,212.0,2020
PINS,2020-06-11,20.26,11348.79,260.35,2020-11-25,67.42,37765.81,232.77,2021-02-16,89.15,49938.03,170.97,168.0,251.0,2020
FCX,2020-06-11,9.91,14245.93,264.64,2020-12-01,23.64,33983.23,138.55,2021-01-14,31.99,45986.61,147.6,174.0,218.0,2020
AA,2020-06-11,10.42,2749.73,88.66,2020-12-01,21.83,5760.72,109.5,2021-01-07,25.23,6657.94,139.83,174.0,211.0,2020
CRSP,2020-06-11,59.7,5757.99,55.04,2020-11-27,121.55,11723.35,103.6,2020-12-23,173.23,16707.82,135.72,170.0,196.0,2020
MT,2020-06-11,9.99,7603.65,54.54,2020-12-03,20.4,15526.97,104.2,2021-01-07,25.52,19423.93,133.49,176.0,211.0,2020
STNE,2020-06-11,34.58,8410.83,104.79,2020-12-01,73.31,17831.06,112.0,2020-12-22,85.54,20805.74,125.46,174.0,195.0,2020
MED,2020-06-11,99.83,1110.02,26.31,2020-11-27,206.37,2294.65,106.72,2020-12-01,206.89,2300.43,107.24,170.0,174.0,2020
RARE,2020-06-11,66.46,6545.59,30.5,2020-12-08,137.68,13560.0,107.16,2020-12-08,137.68,13560.0,107.16,181.0,181.0,2020
FOUR,2020-06-11,31.75,2518.69,116.78,2020-11-24,63.91,5069.91,101.29,2020-11-24,63.91,5069.91,101.29,167.0,167.0,2020
ALGN,2020-06-11,238.28,17065.17,247.78,2020-11-23,476.58,34131.77,100.01,2020-11-23,476.58,34131.77,100.01,166.0,166.0,2020
ROKU,2020-06-04,102.93,15202.12,1564.35,2020-10-12,221.68,32740.75,115.37,2020-10-13,238.58,35236.04,131.78,131.0,132.0,2020
LAD,2020-05-29,120.59,2750.15,29.28,2020-11-20,281.64,6423.03,133.55,2020-11-24,308.63,7038.56,155.93,176.0,180.0,2020
RUN,2020-05-28,16.43,3919.36,38.07,2020-11-23,63.79,15217.06,288.25,2021-01-08,96.5,23020.01,234.08,180.0,226.0,2020
FG,2020-05-28,7.76,1028.08,33.92,2022-12-01,19.13,2534.44,146.52,2023-02-10,23.82,3155.79,206.96,918.0,989.0,2022
INSP,2020-05-27,79.23,2282.87,26.48,2020-11-13,174.66,5032.51,120.45,2021-01-19,223.53,6440.6,129.19,171.0,238.0,2020
KC,2020-05-22,17.18,5143.17,106.01,2020-07-06,37.36,11184.45,117.46,2020-07-09,40.56,12142.43,136.09,46.0,49.0,2020
PDD,2020-05-21,60.0,85403.79,306.78,2020-11-12,134.21,191034.04,123.68,2020-12-08,157.49,224170.71,120.57,176.0,202.0,2020
ALB,2020-05-19,63.51,7490.03,126.78,2020-11-16,128.92,15204.14,102.99,2020-11-16,128.92,15204.14,102.99,182.0,182.0,2020
UAA,2020-05-19,7.81,3326.2,94.65,2020-11-16,15.76,6712.03,101.79,2020-11-16,15.76,6712.03,101.79,182.0,182.0,2020
DY,2020-05-18,31.49,945.29,20.15,2020-11-13,70.84,2126.52,124.96,2020-11-16,73.86,2217.17,105.51,180.0,183.0,2020
KTB,2020-05-15,13.84,764.72,24.44,2020-10-15,28.64,1582.48,106.94,2020-12-09,46.09,2546.66,197.74,154.0,209.0,2020
CPRI,2020-05-15,12.87,1533.61,84.66,2020-11-09,27.0,3217.37,109.79,2021-05-07,59.5,7090.13,155.58,179.0,358.0,2020
UAL,2020-05-15,19.92,6465.43,584.43,2020-06-05,42.4,13763.38,112.88,2020-06-08,48.69,15803.3,144.43,22.0,25.0,2020
AAL,2020-05-15,9.04,5978.92,505.42,2020-06-05,18.59,12295.15,105.64,2020-06-08,20.31,13432.73,124.67,22.0,25.0,2020
RYAAY,2020-05-15,19.9,10363.05,47.42,2020-11-09,41.78,21759.28,109.97,2020-11-10,43.46,22634.15,118.41,179.0,180.0,2020
IVZ,2020-05-15,6.7,2970.09,81.69,2020-10-12,13.4,5940.17,100.0,2020-10-15,14.25,6316.98,112.69,151.0,154.0,2020
BKU,2020-05-15,13.99,1016.82,21.74,2020-11-09,28.18,2048.17,101.43,2020-11-10,29.45,2140.48,110.51,179.0,180.0,2020
EYE,2020-05-14,23.82,1908.35,24.92,2020-11-09,48.27,3867.18,102.64,2020-11-09,48.27,3867.18,102.64,180.0,180.0,2020
NSP,2020-05-14,43.77,1670.67,41.12,2020-11-05,88.09,3362.32,101.26,2020-11-05,88.09,3362.32,101.26,176.0,176.0,2020
ACB,2020-05-13,58.0,3429.34,52.81,2020-05-18,171.0,10110.65,194.83,2020-05-21,174.0,10288.03,200.0,6.0,9.0,2020
ZG,2020-05-13,46.25,10582.08,35.27,2020-11-04,100.61,23019.75,117.54,2020-11-06,119.58,27360.12,158.55,176.0,178.0,2020
Z,2020-05-13,46.53,10646.15,164.75,2020-11-04,99.95,22868.74,114.81,2020-11-06,118.42,27094.71,154.5,176.0,178.0,2020
RHP,2020-05-13,23.37,1474.86,33.47,2020-11-09,56.44,3561.89,141.51,2020-11-10,59.09,3729.13,152.85,181.0,182.0,2020
GTLS,2020-05-13,31.41,1503.46,25.6,2020-10-21,83.87,4014.49,167.02,2021-01-22,142.72,6831.38,126.47,162.0,255.0,2020
TCBI,2020-05-13,23.31,1017.97,27.23,2020-11-09,51.38,2243.81,120.42,2020-11-10,52.64,2298.84,125.83,181.0,182.0,2020
PLAY,2020-05-13,9.26,321.69,45.19,2020-10-20,18.79,652.75,102.92,2020-10-22,20.48,711.46,121.17,161.0,163.0,2020
RCL,2020-05-13,34.53,9260.77,516.3,2020-11-09,75.43,20229.95,118.45,2020-11-09,75.43,20229.95,118.45,181.0,181.0,2020
RH,2020-05-13,146.61,2771.04,226.3,2020-11-03,359.74,6799.36,145.37,2020-11-27,462.92,8749.54,117.77,175.0,199.0,2020
HWM,2020-05-13,10.65,4261.14,50.77,2020-11-09,22.43,8974.41,110.61,2020-11-10,23.0,9202.47,115.96,181.0,182.0,2020
PK,2020-05-13,6.93,1395.44,67.07,2020-11-09,14.45,2909.68,108.51,2020-11-09,14.45,2909.68,108.51,181.0,181.0,2020
DE,2020-05-13,125.82,33984.9,298.4,2020-11-10,253.97,68599.15,101.85,2020-11-10,253.97,68599.15,101.85,182.0,182.0,2020
TPR,2020-05-13,11.93,2410.39,99.4,2020-11-03,24.06,4861.2,101.68,2020-11-03,24.06,4861.2,101.68,175.0,175.0,2020
THC,2020-05-13,16.68,1436.77,44.36,2020-11-10,33.38,2875.25,100.12,2020-11-10,33.38,2875.25,100.12,182.0,182.0,2020
PFGC,2020-05-12,21.28,3342.87,54.47,2020-11-09,46.42,7292.11,118.14,2020-11-10,46.46,7298.39,118.22,182.0,183.0,2020
ALGT,2020-05-07,66.23,1221.1,28.15,2020-06-08,133.75,2465.99,101.95,2020-06-08,133.75,2465.99,101.95,33.0,33.0,2020
SNBR,2020-05-05,28.32,652.52,20.95,2020-10-21,61.61,1419.56,117.55,2020-11-17,72.7,1675.08,133.24,170.0,197.0,2020
BILL,2020-05-04,55.14,5456.68,36.33,2020-10-27,111.23,11007.37,101.72,2020-10-27,111.23,11007.37,101.72,177.0,177.0,2020
FSLY,2020-05-01,21.53,3369.44,37.94,2020-10-09,126.58,19809.77,487.92,2020-10-13,128.83,20161.9,498.37,162.0,166.0,2020
NIO,2020-05-01,3.18,7968.02,205.86,2020-10-23,27.16,68053.92,754.09,2021-02-09,62.84,157456.12,383.76,176.0,285.0,2020
TTD,2020-05-01,27.89,13111.32,468.39,2020-10-27,61.34,28834.57,119.92,2020-10-29,61.8,29051.76,121.58,180.0,182.0,2020
BNTX,2020-05-01,45.11,11407.61,25.13,2020-10-20,94.35,23859.63,109.16,2020-10-20,94.35,23859.63,109.16,173.0,173.0,2020
DKNG,2020-04-28,18.24,9042.35,171.28,2020-05-28,37.25,18466.42,104.22,2020-06-01,43.7,21663.96,139.58,31.0,35.0,2020
SNAP,2020-04-24,16.0,26514.57,423.99,2020-10-21,36.5,60486.37,128.12,2021-02-23,70.45,116746.99,237.57,181.0,306.0,2020
RWT,2020-04-24,3.15,394.43,20.55,2020-10-07,7.86,984.2,149.52,2020-11-10,9.43,1180.78,163.41,167.0,201.0,2020
CROX,2020-04-23,19.45,966.46,45.8,2020-10-07,47.1,2340.38,142.16,2020-11-23,62.2,3090.7,117.1,168.0,215.0,2020
DDS,2020-04-22,22.5,351.38,20.84,2020-10-12,53.45,834.73,137.56,2020-10-12,53.45,834.73,137.56,174.0,174.0,2020
AEO,2020-04-22,6.73,1121.72,63.33,2020-09-11,13.79,2298.44,104.9,2020-10-07,15.76,2626.79,134.18,143.0,169.0,2020
ETSY,2020-04-21,61.37,5823.78,171.37,2020-10-16,147.59,14005.73,140.49,2020-10-19,148.37,14079.75,141.76,179.0,182.0,2020
SE,2020-04-21,51.98,31836.95,187.43,2020-10-14,167.63,102670.78,222.49,2020-12-08,205.87,126092.19,132.41,177.0,232.0,2020
SBSW,2020-04-21,6.2,4387.38,29.16,2020-10-09,12.69,8979.97,104.68,2020-10-09,12.69,8979.97,104.68,172.0,172.0,2020
UNIT,2020-04-20,4.96,1203.66,24.41,2020-07-21,10.01,2429.17,101.81,2020-07-21,10.01,2429.17,101.81,93.0,93.0,2020
MTDR,2020-04-16,3.05,378.81,38.55,2020-10-07,8.73,1084.27,186.23,2020-10-08,9.4,1167.49,208.2,175.0,176.0,2020
CARR,2020-04-16,12.89,10706.18,486.3,2020-07-15,26.45,21968.85,105.2,2020-11-16,40.5,33638.51,127.91,91.0,215.0,2020
AMC,2020-04-13,20.8,15428.41,24.11,2020-04-29,51.9,38496.85,149.52,2020-04-29,51.9,38496.85,149.52,17.0,17.0,2020
KBH,2020-04-13,20.0,1252.96,62.01,2020-10-08,40.06,2509.69,100.3,2020-10-15,41.45,2596.77,104.39,179.0,186.0,2020
QDEL,2020-04-07,87.56,5970.8,25.63,2020-09-24,191.96,13089.94,119.23,2020-10-09,278.05,18960.5,181.63,171.0,186.0,2020
RRC,2020-04-07,3.05,718.65,44.38,2020-10-06,7.03,1656.42,130.49,2020-10-08,8.09,1906.18,115.73,183.0,185.0,2020
CAR,2020-04-03,10.58,373.74,48.89,2020-09-18,30.94,1092.96,192.44,2020-10-23,40.38,1426.42,276.33,169.0,204.0,2020
DIN,2020-04-03,20.39,258.65,26.31,2020-09-22,56.26,713.67,175.92,2020-10-02,57.6,730.67,182.49,173.0,183.0,2020
PII,2020-04-03,39.0,2218.56,64.88,2020-05-18,79.56,4525.86,104.0,2020-08-13,107.62,6122.09,175.95,46.0,133.0,2020
ABR,2020-04-03,4.06,780.99,20.66,2020-05-26,8.37,1610.06,106.16,2020-06-08,11.0,2115.97,170.94,54.0,67.0,2020
PBF,2020-04-03,5.76,681.46,52.28,2020-06-03,11.86,1403.14,105.9,2020-06-08,15.29,1808.94,165.45,62.0,67.0,2020
CVNA,2020-04-03,9.18,6576.96,157.15,2020-09-22,45.37,32495.14,394.08,2020-12-22,58.3,41762.48,159.71,173.0,264.0,2020
MFA,2020-04-03,4.36,442.96,37.11,2020-09-23,10.48,1064.73,140.37,2020-10-02,11.24,1141.94,157.8,174.0,183.0,2020
PFSI,2020-04-03,17.25,895.7,20.34,2020-09-18,59.04,3065.64,242.26,2020-10-15,66.8,3468.58,152.46,169.0,196.0,2020
KSS,2020-04-03,11.51,1292.03,176.8,2020-06-04,23.84,2676.12,107.12,2020-06-08,28.83,3236.26,150.48,63.0,67.0,2020
BYD,2020-04-03,11.22,833.98,32.56,2020-09-18,27.31,2029.96,143.4,2020-10-16,35.03,2603.79,148.09,169.0,197.0,2020
LPX,2020-04-03,13.86,968.33,41.31,2020-07-14,27.8,1942.24,100.58,2020-08-28,33.89,2367.72,144.52,103.0,148.0,2020
CC,2020-04-03,7.26,1091.74,46.14,2020-06-03,14.8,2225.59,103.86,2020-06-08,17.65,2654.17,143.11,62.0,67.0,2020
CDE,2020-04-03,3.12,3227.67,33.26,2020-10-01,7.64,7903.66,144.87,2020-10-14,8.31,8596.78,130.83,182.0,195.0,2020
SKT,2020-04-03,4.26,489.37,56.96,2020-06-05,8.81,1012.06,106.81,2020-06-08,9.72,1116.59,128.17,64.0,67.0,2020
CACC,2020-04-03,215.83,2257.6,63.42,2020-06-04,447.97,4685.8,107.56,2020-06-08,489.64,5121.67,126.86,63.0,67.0,2020
IVR,2020-04-03,19.5,1810.05,34.32,2020-04-08,40.8,3787.19,109.23,2020-04-09,44.2,4102.79,126.67,6.0,7.0,2020
ABG,2020-04-03,42.1,783.85,20.73,2020-07-07,85.73,1596.19,103.63,2020-10-21,123.0,2290.11,125.69,96.0,202.0,2020
CZR,2020-04-03,6.28,1279.09,181.21,2020-09-23,54.86,11173.72,773.57,2021-02-05,82.88,16880.74,123.58,174.0,309.0,2020
PLCE,2020-04-03,14.06,312.3,48.92,2020-04-28,28.58,634.82,103.27,2020-04-29,31.39,697.23,123.26,26.0,27.0,2020
PEGA,2020-04-03,30.5,5097.04,27.77,2020-08-24,61.06,10204.94,100.21,2020-09-02,67.41,11265.29,121.02,144.0,153.0,2020
STNE,2020-04-03,17.82,4334.33,84.25,2020-06-04,36.31,8831.62,103.76,2020-06-08,39.31,9561.3,120.59,63.0,67.0,2020
TREE,2020-04-03,137.12,1913.24,41.31,2020-06-04,284.39,3968.1,107.4,2020-06-09,295.25,4119.63,115.32,63.0,68.0,2020
FND,2020-04-03,27.04,2922.87,57.67,2020-06-03,55.41,5989.5,104.92,2020-06-09,57.0,6161.37,110.8,62.0,68.0,2020
LGIH,2020-04-03,34.39,798.96,24.35,2020-05-08,71.18,1653.67,106.98,2020-05-11,72.22,1677.84,110.0,36.0,39.0,2020
PMT,2020-04-03,7.0,610.42,25.27,2020-09-23,16.05,1399.6,129.29,2020-10-08,17.4,1517.32,109.39,174.0,189.0,2020
CMPR,2020-04-03,43.86,1062.82,34.36,2020-05-27,91.23,2210.69,108.0,2020-05-27,91.23,2210.69,108.0,55.0,55.0,2020
GLOB,2020-04-03,72.65,3136.99,33.17,2020-06-01,146.69,6334.01,101.91,2020-06-03,150.78,6510.61,107.54,60.0,62.0,2020
SNBR,2020-04-03,15.55,358.29,21.7,2020-04-27,32.17,741.23,106.88,2020-04-27,32.17,741.23,106.88,25.0,25.0,2020
PCTY,2020-04-03,74.02,3962.81,45.09,2020-07-01,150.88,8077.66,103.84,2020-07-02,152.99,8190.63,106.69,90.0,91.0,2020
MTG,2020-04-03,4.97,1051.11,40.29,2020-06-08,10.27,2172.01,106.64,2020-06-08,10.27,2172.01,106.64,67.0,67.0,2020
BRX,2020-04-03,7.87,2414.8,56.85,2020-06-08,16.04,4921.66,103.81,2020-06-08,16.04,4921.66,103.81,67.0,67.0,2020
SBGI,2020-04-03,12.25,884.03,42.68,2020-06-05,24.77,1787.54,102.2,2020-06-08,24.89,1796.2,103.18,64.0,67.0,2020
TWO,2020-04-03,9.68,1016.85,32.89,2020-04-09,19.64,2063.11,102.89,2020-04-09,19.64,2063.11,102.89,7.0,7.0,2020
VC,2020-04-03,40.38,1077.9,30.64,2020-06-05,81.67,2180.1,102.25,2020-06-05,81.67,2180.1,102.25,64.0,64.0,2020
APPN,2020-04-03,31.36,2302.2,39.16,2020-09-01,62.92,4619.09,100.64,2020-09-02,63.25,4643.32,101.69,152.0,153.0,2020
SBH,2020-04-03,6.79,658.69,29.12,2020-05-27,13.66,1325.14,101.18,2020-05-27,13.66,1325.14,101.18,55.0,55.0,2020
BC,2020-04-03,26.71,1735.47,45.31,2020-05-18,53.68,3487.83,100.97,2020-05-18,53.68,3487.83,100.97,46.0,46.0,2020
PAYC,2020-04-03,165.01,7693.94,218.32,2020-06-08,331.02,15434.5,100.61,2020-06-08,331.02,15434.5,100.61,67.0,67.0,2020
NOW,2020-04-03,49.91,51476.71,768.1,2020-09-02,99.94,103066.86,100.22,2020-09-02,99.94,103066.86,100.22,153.0,153.0,2020
BBBY,2020-04-02,3.24,239.29,112.04,2020-05-26,6.81,503.45,110.39,2021-01-27,48.08,3555.1,411.01,55.0,301.0,2020
MAC,2020-04-02,5.02,1312.13,70.1,2020-06-05,11.16,2917.01,122.31,2020-06-08,13.13,3431.93,161.55,65.0,68.0,2020
EAT,2020-04-02,10.1,433.17,39.55,2020-09-21,44.63,1914.08,341.88,2021-02-09,67.59,2898.79,126.81,173.0,314.0,2020
SFIX,2020-04-02,11.46,1564.55,54.67,2020-05-22,23.51,3209.64,105.15,2020-06-04,25.13,3430.81,119.28,51.0,64.0,2020
SPG,2020-04-02,44.01,14296.57,309.99,2020-06-05,88.6,28781.55,101.32,2020-06-08,95.5,31023.0,117.0,65.0,68.0,2020
OVV,2020-04-02,3.16,895.34,56.38,2020-10-01,7.4,2096.68,134.18,2020-10-22,9.99,2830.52,113.01,183.0,204.0,2020
CCL,2020-04-02,7.97,11039.56,376.79,2020-04-29,16.69,23117.98,109.41,2020-04-29,16.69,23117.98,109.41,28.0,28.0,2020
NCLH,2020-04-02,8.4,3856.53,150.89,2020-09-30,17.11,7855.37,103.69,2020-10-01,17.34,7960.97,106.43,182.0,183.0,2020
CAKE,2020-04-02,15.1,750.25,41.75,2020-08-28,30.79,1529.81,103.91,2020-08-28,30.79,1529.81,103.91,149.0,149.0,2020
SAIA,2020-04-02,64.18,1707.31,28.66,2020-07-17,129.91,3455.86,102.42,2020-07-20,130.21,3463.84,102.88,107.0,110.0,2020
KIM,2020-04-02,7.75,5226.52,79.3,2020-06-08,15.69,10581.18,102.45,2020-06-08,15.69,10581.18,102.45,68.0,68.0,2020
JKS,2020-04-01,13.6,712.23,24.57,2020-09-21,27.45,1437.56,101.84,2020-10-20,87.55,4585.01,502.55,174.0,203.0,2020
TGTX,2020-04-01,8.9,1362.44,20.44,2020-09-22,25.64,3925.06,188.09,2020-10-13,31.1,4760.9,201.36,175.0,196.0,2020
BLDP,2020-04-01,7.26,2188.71,26.39,2020-07-02,17.36,5233.62,139.12,2020-07-09,20.76,6257.13,185.88,93.0,100.0,2020
MELI,2020-04-01,447.34,22678.88,336.41,2020-06-12,896.43,45446.47,100.39,2020-10-20,1333.66,67612.8,133.46,73.0,203.0,2020
M,2020-04-01,4.43,1168.46,237.49,2020-06-08,9.55,2518.92,115.58,2020-06-08,9.55,2518.92,115.58,69.0,69.0,2020
APA,2020-04-01,4.02,1420.95,147.42,2020-04-09,8.2,2898.46,103.98,2020-04-13,8.38,2962.08,108.46,9.0,13.0,2020
CODX,2020-04-01,223.8,806.23,49.94,2020-09-21,455.1,1639.48,103.35,2020-09-21,455.1,1639.48,103.35,174.0,174.0,2020
FATE,2020-04-01,20.21,2350.05,20.96,2020-09-28,40.5,4709.41,100.4,2020-09-28,40.5,4709.41,100.4,181.0,181.0,2020
RVMD,2020-04-01,19.65,4177.52,20.11,2020-06-22,39.34,8363.54,100.2,2020-06-22,39.34,8363.54,100.2,83.0,83.0,2020
AMRN,2020-03-31,80.0,1677.53,173.07,2020-04-29,165.2,3464.1,106.5,2020-04-29,165.2,3464.1,106.5,30.0,30.0,2020
W,2020-03-27,46.3,6111.44,210.03,2020-09-23,286.72,37846.04,519.27,2020-10-01,317.38,41893.05,571.85,181.0,189.0,2020
CNX,2020-03-27,5.03,711.63,33.33,2020-04-15,10.74,1519.47,113.52,2020-04-21,12.93,1829.31,157.06,20.0,26.0,2020
JACK,2020-03-27,29.52,561.94,42.66,2020-09-22,83.22,1584.18,181.91,2020-10-05,84.46,1607.78,126.56,180.0,193.0,2020
BXMT,2020-03-24,13.02,2196.26,39.57,2020-06-03,26.29,4434.69,101.92,2020-06-08,29.23,4930.62,124.5,72.0,77.0,2020
ARI,2020-03-24,4.24,563.28,23.4,2020-03-26,9.42,1251.44,122.17,2020-03-26,9.42,1251.44,122.17,3.0,3.0,2020
YETI,2020-03-23,15.58,1179.31,52.87,2020-05-26,31.99,2421.44,105.33,2020-09-01,53.54,4052.64,243.65,65.0,163.0,2020
REAL,2020-03-23,5.46,657.86,28.29,2020-04-27,11.66,1404.89,113.55,2020-08-21,17.67,2129.02,223.63,36.0,152.0,2020
XP,2020-03-23,16.96,8762.85,79.41,2020-06-03,34.65,17902.87,104.3,2020-09-01,51.03,26366.05,200.88,73.0,163.0,2020
CDLX,2020-03-23,29.49,1698.79,36.75,2020-05-19,63.07,3633.19,113.87,2020-08-20,85.72,4937.96,190.67,58.0,151.0,2020
MPC,2020-03-23,16.62,4851.99,379.31,2020-05-18,34.95,10203.19,110.29,2020-06-08,42.21,12322.65,153.97,57.0,78.0,2020
OXY,2020-03-23,9.69,9638.01,447.54,2020-06-05,20.79,20678.46,114.55,2020-06-08,24.4,24269.09,151.81,75.0,78.0,2020
PVH,2020-03-23,29.05,1330.82,86.84,2020-06-05,62.75,2874.67,116.01,2020-06-08,69.46,3182.07,139.1,75.0,78.0,2020
GNRC,2020-03-23,79.01,4651.21,87.68,2020-08-03,162.67,9576.17,105.89,2020-11-06,233.04,13718.76,138.04,134.0,229.0,2020
ATI,2020-03-23,5.23,713.74,29.28,2020-06-03,10.48,1430.21,100.38,2020-06-05,12.13,1655.39,131.93,73.0,75.0,2020
BBY,2020-03-23,50.69,10680.14,202.33,2020-08-05,101.91,21471.95,101.05,2020-08-24,117.37,24729.29,131.54,136.0,155.0,2020
SITE,2020-03-23,57.19,2533.99,31.62,2020-07-15,116.19,5148.17,103.16,2020-08-03,131.94,5846.03,130.7,115.0,134.0,2020
CLF,2020-03-23,3.07,1751.17,87.44,2020-06-05,6.48,3696.29,111.07,2020-06-08,7.06,4027.13,129.97,75.0,78.0,2020
WY,2020-03-23,13.47,9712.44,105.18,2020-07-27,27.48,19814.25,104.01,2020-08-28,30.89,22273.01,129.32,127.0,159.0,2020
JBLU,2020-03-23,6.86,2552.05,107.68,2020-06-08,15.59,5799.77,127.26,2020-06-08,15.59,5799.77,127.26,78.0,78.0,2020
FIZZ,2020-03-23,18.6,1742.03,20.09,2020-08-25,37.44,3505.12,101.21,2020-09-02,42.14,3946.12,126.53,156.0,164.0,2020
EBAY,2020-03-23,26.34,11694.96,370.04,2020-07-01,52.96,23514.24,101.06,2020-07-10,59.27,26315.88,125.02,101.0,110.0,2020
PWR,2020-03-23,23.8,3571.43,57.78,2020-08-10,48.2,7232.9,102.52,2020-09-02,53.34,8004.21,124.12,141.0,164.0,2020
WST,2020-03-23,128.96,9110.71,68.61,2020-07-23,262.06,18513.91,103.21,2020-09-02,288.02,20347.92,123.34,123.0,164.0,2020
LEN,2020-03-23,28.41,6997.93,211.6,2020-05-21,57.12,14067.38,101.02,2020-05-27,62.91,15495.56,121.43,60.0,66.0,2020
EQH,2020-03-23,10.42,2933.43,98.11,2020-06-03,20.97,5903.46,101.25,2020-06-08,23.05,6489.02,121.21,73.0,78.0,2020
VVV,2020-03-23,9.14,1165.68,28.58,2020-05-26,19.03,2427.01,108.21,2020-06-08,20.05,2557.1,119.37,65.0,78.0,2020
NXST,2020-03-23,46.26,1412.73,59.89,2020-06-03,92.85,2835.54,100.71,2020-06-08,100.89,3081.08,118.09,73.0,78.0,2020
CTAS,2020-03-23,39.26,15709.42,167.01,2020-08-10,79.1,31646.89,101.45,2020-09-02,85.6,34245.46,117.99,141.0,164.0,2020
SEDG,2020-03-23,69.48,4225.65,138.32,2020-05-29,141.9,8630.1,104.23,2020-06-08,150.89,9176.86,117.17,68.0,78.0,2020
BTG,2020-03-23,3.0,3997.25,27.6,2020-09-21,6.54,8714.01,118.0,2020-09-22,6.62,8820.6,116.34,183.0,184.0,2020
JHG,2020-03-23,11.98,1845.83,29.78,2020-06-04,24.41,3760.99,103.76,2020-06-08,25.91,3992.1,116.28,74.0,78.0,2020
VRRM,2020-03-23,5.85,888.65,21.58,2020-06-03,12.63,1918.58,115.9,2020-06-03,12.63,1918.58,115.9,73.0,73.0,2020
PSX,2020-03-23,42.09,16875.35,292.7,2020-06-05,87.4,35041.72,107.65,2020-06-08,89.73,35975.9,113.19,75.0,78.0,2020
SNPS,2020-03-23,108.48,20780.65,160.14,2020-08-26,219.77,42099.59,102.59,2020-09-02,229.36,43936.67,111.43,157.0,164.0,2020
LAMR,2020-03-23,32.33,3280.69,38.04,2020-05-08,68.25,6925.68,111.1,2020-05-08,68.25,6925.68,111.1,47.0,47.0,2020
LB,2020-03-23,9.17,255.29,158.93,2020-06-05,18.68,520.04,103.71,2020-06-08,19.31,537.58,110.58,75.0,78.0,2020
ALGN,2020-03-23,137.72,9863.25,222.21,2020-06-05,288.21,20641.06,109.27,2020-06-08,289.75,20751.35,110.39,75.0,78.0,2020
SSD,2020-03-23,49.13,2021.13,25.33,2020-08-03,99.14,4078.45,101.79,2020-08-17,103.35,4251.65,110.36,134.0,148.0,2020
SYF,2020-03-23,12.8,4305.54,198.17,2020-06-08,26.87,9038.27,109.92,2020-06-08,26.87,9038.27,109.92,78.0,78.0,2020
SMG,2020-03-23,77.61,4515.5,45.37,2020-07-29,162.52,9455.73,109.41,2020-07-29,162.52,9455.73,109.41,129.0,129.0,2020
EYE,2020-03-23,13.7,1097.58,21.28,2020-04-27,28.18,2257.66,105.69,2020-04-29,28.68,2297.72,109.34,36.0,38.0,2020
ISRG,2020-03-23,122.58,43414.45,403.17,2020-09-01,247.19,87545.51,101.65,2020-09-02,255.04,90324.52,108.05,163.0,164.0,2020
CMI,2020-03-23,102.76,14179.76,215.63,2020-08-10,210.17,29001.16,104.53,2020-08-14,213.51,29462.05,107.78,141.0,145.0,2020
PH,2020-03-23,97.56,12300.99,196.44,2020-06-03,196.3,24750.76,101.21,2020-06-08,202.14,25487.1,107.2,73.0,78.0,2020
INSP,2020-03-23,41.62,1199.2,21.47,2020-05-22,86.18,2483.12,107.06,2020-05-22,86.18,2483.12,107.06,61.0,61.0,2020
INSM,2020-03-23,13.63,2954.34,26.6,2020-06-08,28.12,6095.08,106.31,2020-06-08,28.12,6095.08,106.31,78.0,78.0,2020
SWK,2020-03-23,72.03,11197.46,192.78,2020-06-05,146.64,22796.0,103.58,2020-06-08,148.23,23043.18,105.79,75.0,78.0,2020
NVST,2020-03-23,11.91,1938.09,102.53,2020-06-08,24.5,3986.83,105.71,2020-06-08,24.5,3986.83,105.71,78.0,78.0,2020
EXP,2020-03-23,43.17,1356.93,31.02,2020-09-16,87.95,2764.46,103.73,2020-09-17,88.77,2790.23,105.63,178.0,179.0,2020
KMT,2020-03-23,15.17,1156.11,30.2,2020-06-08,31.19,2376.99,105.6,2020-06-08,31.19,2376.99,105.6,78.0,78.0,2020
PHM,2020-03-23,17.74,3379.23,143.46,2020-05-27,36.45,6943.23,105.47,2020-05-27,36.45,6943.23,105.47,66.0,66.0,2020
CNMD,2020-03-23,39.81,1198.65,28.41,2020-06-05,81.76,2461.73,105.38,2020-06-05,81.76,2461.73,105.38,75.0,75.0,2020
GPC,2020-03-23,50.29,6921.14,77.89,2020-09-14,103.02,14178.08,104.85,2020-09-14,103.02,14178.08,104.85,176.0,176.0,2020
RVLV,2020-03-23,7.3,522.36,20.55,2020-05-13,14.64,1047.57,100.55,2020-05-14,14.93,1068.32,104.52,52.0,53.0,2020
OC,2020-03-23,31.11,2505.24,92.95,2020-07-27,63.57,5119.19,104.34,2020-07-27,63.57,5119.19,104.34,127.0,127.0,2020
BKR,2020-03-23,9.33,9256.0,103.83,2020-06-08,19.06,18908.83,104.29,2020-06-08,19.06,18908.83,104.29,78.0,78.0,2020
LKQ,2020-03-23,13.9,3541.59,71.8,2020-05-27,28.37,7228.42,104.1,2020-05-27,28.37,7228.42,104.1,66.0,66.0,2020
RH,2020-03-23,80.43,1520.19,209.4,2020-05-11,164.12,3101.99,104.05,2020-05-11,164.12,3101.99,104.05,50.0,50.0,2020
LSCC,2020-03-23,14.02,1920.85,35.0,2020-06-05,28.54,3910.2,103.57,2020-06-05,28.54,3910.2,103.57,75.0,75.0,2020
PCRX,2020-03-23,28.4,1117.48,28.69,2020-07-09,57.52,2263.29,102.54,2020-07-10,57.8,2274.31,103.52,109.0,110.0,2020
PNR,2020-03-23,22.85,3692.69,46.77,2020-08-20,45.99,7432.24,101.27,2020-08-24,46.45,7506.58,103.28,151.0,155.0,2020
VLO,2020-03-23,32.62,9685.95,302.32,2020-04-29,66.28,19680.7,103.19,2020-04-29,66.28,19680.7,103.19,38.0,38.0,2020
TXG,2020-03-23,51.57,6652.06,23.18,2020-08-13,104.76,13513.74,103.15,2020-08-13,104.76,13513.74,103.15,144.0,144.0,2020
AAPL,2020-03-23,56.09,823850.52,9867.35,2020-08-06,113.9,1672926.57,103.06,2020-08-06,113.9,1672926.57,103.06,137.0,137.0,2020
SIG,2020-03-23,5.84,234.0,49.05,2020-05-27,11.85,474.8,102.91,2020-05-27,11.85,474.8,102.91,66.0,66.0,2020
PYPL,2020-03-23,85.26,75208.31,844.75,2020-06-23,172.79,152419.01,102.66,2020-06-23,172.79,152419.01,102.66,93.0,93.0,2020
PAGS,2020-03-23,14.95,4178.81,94.5,2020-05-27,30.26,8458.26,102.41,2020-05-27,30.26,8458.26,102.41,66.0,66.0,2020
IQV,2020-03-23,84.0,14019.6,227.3,2020-09-02,169.75,28331.28,102.08,2020-09-02,169.75,28331.28,102.08,164.0,164.0,2020
NDSN,2020-03-23,99.46,5548.24,39.02,2020-06-05,200.64,11192.42,101.73,2020-06-08,200.98,11211.39,102.07,75.0,78.0,2020
PFG,2020-03-23,24.16,5218.86,63.05,2020-06-08,48.72,10524.12,101.66,2020-06-08,48.72,10524.12,101.66,78.0,78.0,2020
ACHC,2020-03-23,11.78,1083.37,21.63,2020-04-17,23.74,2183.3,101.53,2020-04-17,23.74,2183.3,101.53,26.0,26.0,2020
EMN,2020-03-23,38.39,4389.89,84.6,2020-06-05,76.92,8795.8,100.36,2020-06-08,77.34,8843.83,101.46,75.0,78.0,2020
TOL,2020-03-23,13.8,1306.96,82.4,2020-05-18,27.8,2632.85,101.45,2020-05-18,27.8,2632.85,101.45,57.0,57.0,2020
WHR,2020-03-23,64.22,4162.94,132.41,2020-05-27,129.19,8374.5,101.17,2020-05-27,129.19,8374.5,101.17,66.0,66.0,2020
WEX,2020-03-23,83.23,2885.43,77.54,2020-06-03,167.28,5799.29,100.99,2020-06-03,167.28,5799.29,100.99,73.0,73.0,2020
MGA,2020-03-23,24.22,6593.28,44.01,2020-07-27,48.65,13243.72,100.87,2020-07-27,48.65,13243.72,100.87,127.0,127.0,2020
SCCO,2020-03-23,22.25,18381.27,29.64,2020-08-26,44.62,36856.05,100.51,2020-08-26,44.62,36856.05,100.51,157.0,157.0,2020
ARCC,2020-03-23,8.08,5801.62,45.56,2020-06-08,16.2,11631.97,100.5,2020-06-08,16.2,11631.97,100.5,78.0,78.0,2020
IDXX,2020-03-23,182.94,14430.86,142.59,2020-07-27,366.67,28924.03,100.43,2020-07-27,366.67,28924.03,100.43,127.0,127.0,2020
DD,2020-03-23,11.91,4881.3,337.62,2020-06-08,23.87,9783.22,100.42,2020-06-08,23.87,9783.22,100.42,78.0,78.0,2020
APO,2020-03-23,23.8,13721.12,101.93,2020-05-26,47.61,27448.0,100.04,2020-05-27,47.68,27488.36,100.34,65.0,66.0,2020
MAS,2020-03-23,27.53,5553.75,130.48,2020-07-22,55.15,11125.65,100.33,2020-07-22,55.15,11125.65,100.33,122.0,122.0,2020
ASH,2020-03-23,39.76,1820.52,43.43,2020-07-27,79.65,3647.0,100.33,2020-07-27,79.65,3647.0,100.33,127.0,127.0,2020
MIDD,2020-03-23,43.86,2044.83,46.44,2020-06-08,87.78,4092.47,100.14,2020-06-08,87.78,4092.47,100.14,78.0,78.0,2020
KKR,2020-03-23,18.5,16454.16,97.06,2020-08-10,37.01,32917.2,100.05,2020-08-10,37.01,32917.2,100.05,141.0,141.0,2020
S,2020-03-20,7.5,2552.07,152.68,2021-11-08,69.89,23781.92,831.87,2021-11-12,76.3,25963.1,917.33,599.0,603.0,2021
PAAS,2020-03-20,11.77,4959.29,64.78,2020-05-15,24.5,10323.08,108.16,2020-08-05,39.15,16495.85,232.63,57.0,139.0,2020
BLMN,2020-03-20,4.83,413.52,22.18,2020-04-27,10.46,895.53,116.56,2020-04-29,13.53,1158.36,180.12,39.0,41.0,2020
AU,2020-03-20,14.05,7103.37,64.67,2020-06-23,29.03,14676.92,106.62,2020-07-27,37.91,19166.45,169.82,96.0,130.0,2020
IAC,2020-03-20,130.75,9725.19,221.28,2020-05-26,261.63,19460.05,100.1,2020-06-30,323.4,24054.51,147.34,68.0,103.0,2020
EGO,2020-03-20,5.15,1341.76,24.57,2020-07-07,10.4,2709.57,101.94,2020-08-05,12.71,3311.41,146.8,110.0,139.0,2020
DKS,2020-03-20,16.81,1503.64,83.32,2020-05-26,34.5,3085.99,105.23,2020-10-15,63.05,5639.75,145.62,68.0,210.0,2020
BA,2020-03-20,95.01,74896.6,2209.0,2020-06-05,205.43,161940.95,116.22,2020-06-08,230.5,181703.69,142.61,78.0,81.0,2020
BILI,2020-03-20,20.19,8411.63,93.02,2020-07-02,48.18,20072.93,138.63,2020-07-09,48.23,20093.76,138.88,105.0,112.0,2020
BHF,2020-03-20,16.15,927.75,49.17,2020-06-03,32.35,1858.37,100.31,2020-06-08,38.56,2215.11,138.76,76.0,81.0,2020
AA,2020-03-20,5.48,1446.12,88.71,2020-06-04,11.64,3071.68,112.41,2020-06-08,12.98,3425.29,136.86,77.0,81.0,2020
MTCH,2020-03-20,47.35,11045.17,173.4,2020-06-18,98.2,22906.77,107.39,2020-06-30,107.05,24971.18,126.08,91.0,103.0,2020
ALK,2020-03-20,23.56,2625.27,77.91,2020-06-08,50.24,5598.19,113.24,2020-06-08,50.24,5598.19,113.24,81.0,81.0,2020
CVNA,2020-03-20,5.87,4204.61,147.99,2020-03-25,12.5,8955.04,112.98,2020-03-25,12.5,8955.04,112.98,6.0,6.0,2020
SABR,2020-03-20,3.31,1308.49,41.9,2020-04-09,7.0,2767.19,111.48,2020-04-09,7.0,2767.19,111.48,21.0,21.0,2020
EBS,2020-03-20,49.34,2545.76,21.73,2020-07-16,99.47,5132.28,101.6,2020-07-17,104.2,5376.33,111.19,119.0,120.0,2020
MPWR,2020-03-20,135.22,6643.36,61.14,2020-08-04,275.62,13541.21,103.83,2020-08-06,282.5,13879.22,108.92,138.0,140.0,2020
PRI,2020-03-20,62.35,1944.32,24.68,2020-06-08,130.04,4055.17,108.56,2020-06-08,130.04,4055.17,108.56,81.0,81.0,2020
SSRM,2020-03-20,10.77,2234.68,21.79,2020-05-19,22.3,4627.05,107.06,2020-05-19,22.3,4627.05,107.06,61.0,61.0,2020
SBSW,2020-03-20,3.68,2604.12,36.51,2020-04-14,7.61,5385.15,106.79,2020-04-14,7.61,5385.15,106.79,26.0,26.0,2020
XPO,2020-03-20,14.07,1652.29,80.7,2020-06-04,28.23,3313.91,100.56,2020-06-05,28.9,3393.09,105.36,77.0,78.0,2020
ETSY,2020-03-20,31.69,3007.26,175.2,2020-04-20,65.05,6173.0,105.27,2020-04-20,65.05,6173.0,105.27,32.0,32.0,2020
LRCX,2020-03-20,18.79,23496.98,499.97,2020-07-30,37.85,47339.11,101.47,2020-08-04,38.5,48141.98,104.89,133.0,138.0,2020
GFI,2020-03-20,4.0,3577.67,41.94,2020-04-24,8.16,7298.46,104.0,2020-04-24,8.16,7298.46,104.0,36.0,36.0,2020
TER,2020-03-20,44.29,6933.25,148.34,2020-07-20,89.74,14048.09,102.62,2020-07-20,89.74,14048.09,102.62,123.0,123.0,2020
QCOM,2020-03-20,60.91,64199.14,812.6,2020-09-01,122.01,128598.54,100.31,2020-09-02,123.18,129831.72,102.23,166.0,167.0,2020
GIL,2020-03-20,10.14,1877.73,26.07,2020-08-24,20.49,3794.36,102.07,2020-08-24,20.49,3794.36,102.07,158.0,158.0,2020
AAP,2020-03-20,75.03,4526.5,154.51,2020-06-22,151.6,9145.91,102.05,2020-06-22,151.6,9145.91,102.05,95.0,95.0,2020
ALLY,2020-03-20,11.7,3586.32,125.46,2020-06-08,23.62,7240.07,101.88,2020-06-08,23.62,7240.07,101.88,81.0,81.0,2020
CROX,2020-03-20,10.77,535.16,46.02,2020-04-14,21.71,1078.76,101.58,2020-04-14,21.71,1078.76,101.58,26.0,26.0,2020
RUN,2020-03-20,8.36,1994.27,38.0,2020-05-27,16.85,4019.56,101.56,2020-05-27,16.85,4019.56,101.56,69.0,69.0,2020
KMX,2020-03-20,44.27,6278.4,123.18,2020-05-27,89.21,12651.83,101.51,2020-05-27,89.21,12651.83,101.51,69.0,69.0,2020
PTC,2020-03-20,48.45,5596.26,67.77,2020-09-02,97.6,11273.37,101.44,2020-09-02,97.6,11273.37,101.44,167.0,167.0,2020
LNC,2020-03-20,17.06,3262.1,92.82,2020-04-09,34.29,6556.7,101.0,2020-04-09,34.29,6556.7,101.0,21.0,21.0,2020
POOL,2020-03-20,167.78,6114.41,49.12,2020-08-26,335.85,12239.38,100.17,2020-08-27,336.67,12269.27,100.66,160.0,161.0,2020
OUT,2020-03-20,7.86,1384.52,31.24,2020-04-29,15.75,2772.53,100.25,2020-04-29,15.75,2772.53,100.25,41.0,41.0,2020
PLUG,2020-03-19,3.12,4351.86,49.23,2020-09-17,12.84,17909.56,311.54,2021-01-26,73.18,102073.34,849.16,183.0,314.0,2020
SPCE,2020-03-19,209.8,19808.52,322.66,2020-07-16,421.4,39786.99,100.86,2020-07-22,510.8,48227.8,143.47,120.0,126.0,2020
GTLS,2020-03-19,16.47,788.35,27.61,2020-04-27,35.58,1703.06,116.03,2020-04-29,39.0,1866.76,136.79,40.0,42.0,2020
WPM,2020-03-19,23.74,10780.27,68.79,2020-07-17,48.17,21873.87,102.91,2020-07-27,56.21,25524.81,136.77,121.0,131.0,2020
W,2020-03-19,23.52,3104.56,209.75,2020-03-25,51.33,6775.38,118.24,2020-03-26,55.08,7270.37,134.18,7.0,8.0,2020
CNQ,2020-03-19,3.87,8071.7,73.92,2020-04-29,8.69,18124.82,124.55,2020-04-29,8.69,18124.82,124.55,42.0,42.0,2020
HP,2020-03-19,12.8,1279.12,76.58,2020-06-05,26.84,2682.15,109.69,2020-06-08,28.29,2827.05,121.02,79.0,82.0,2020
BFAM,2020-03-19,69.95,3679.84,48.39,2020-09-16,143.06,7525.91,104.52,2020-09-16,143.06,7525.91,104.52,182.0,182.0,2020
WH,2020-03-19,21.59,1616.24,47.38,2020-05-08,43.5,3256.43,101.48,2020-05-08,43.5,3256.43,101.48,51.0,51.0,2020
FIVE,2020-03-19,52.27,2890.27,136.65,2020-05-27,104.66,5787.17,100.23,2020-05-27,104.66,5787.17,100.23,70.0,70.0,2020
TRGP,2020-03-18,4.73,1015.27,79.74,2020-04-24,9.72,2086.34,105.5,2020-06-08,26.15,5612.94,452.85,38.0,83.0,2020
TLRY,2020-03-18,24.7,2954.22,47.64,2020-03-25,50.4,6028.05,104.05,2020-05-26,108.1,12929.22,337.65,8.0,70.0,2020
LPSN,2020-03-18,224.25,2703.02,29.62,2020-05-06,492.3,5933.99,119.53,2020-09-01,945.3,11394.27,321.54,50.0,168.0,2020
MUR,2020-03-18,4.68,670.88,62.63,2020-04-29,11.57,1658.55,147.22,2020-06-08,18.34,2629.03,291.88,43.0,83.0,2020
BE,2020-03-18,3.07,873.24,21.81,2020-05-05,7.34,2087.82,139.09,2020-10-09,22.92,6519.45,285.86,49.0,206.0,2020
WIX,2020-03-18,81.5,4752.6,80.73,2020-05-11,165.83,9670.24,103.47,2020-08-05,309.59,18053.48,279.87,55.0,141.0,2020
HAL,2020-03-18,4.61,3851.18,269.33,2020-04-28,9.52,7952.99,106.51,2020-08-12,16.71,13959.5,262.47,42.0,148.0,2020
PLAY,2020-03-18,4.87,169.18,30.32,2020-03-23,9.96,346.0,104.52,2020-03-26,17.31,601.34,255.44,6.0,9.0,2020
ADNT,2020-03-18,6.53,512.04,32.12,2020-04-28,13.97,1095.44,113.94,2020-06-08,22.28,1747.05,241.19,42.0,83.0,2020
WING,2020-03-18,49.72,1354.0,41.84,2020-04-09,99.77,2716.99,100.66,2020-08-06,168.68,4593.59,239.26,23.0,142.0,2020
SVC,2020-03-18,4.17,2698.85,20.76,2020-06-03,8.38,5423.59,100.96,2020-06-08,13.07,8458.99,213.43,78.0,83.0,2020
WCC,2020-03-18,15.77,768.08,37.84,2020-05-27,33.45,1629.18,112.11,2020-08-28,48.34,2354.39,206.53,71.0,164.0,2020
SAIL,2020-03-18,12.78,7249.1,25.53,2020-06-23,25.91,14696.74,102.74,2020-10-13,47.81,27118.91,196.04,98.0,210.0,2020
PEB,2020-03-18,6.2,702.89,35.08,2020-05-20,12.57,1425.05,102.74,2020-06-08,18.32,2076.92,195.48,64.0,83.0,2020
CHDN,2020-03-18,30.52,2127.5,37.97,2020-05-22,61.13,4260.57,100.26,2020-09-02,90.14,6282.83,195.32,66.0,169.0,2020
BOOT,2020-03-18,10.46,318.2,31.45,2020-05-18,22.43,682.33,114.44,2020-06-05,29.04,883.41,177.63,62.0,80.0,2020
NUS,2020-03-18,12.52,615.69,20.42,2020-04-22,25.27,1242.7,101.84,2020-10-02,56.1,2758.81,169.84,36.0,199.0,2020
VTR,2020-03-18,16.97,8250.3,155.7,2020-05-26,35.54,17278.47,109.43,2020-06-08,45.69,22213.09,169.24,70.0,83.0,2020
WW,2020-03-18,11.23,112.29,70.22,2020-04-28,23.22,232.17,106.77,2020-06-16,30.08,300.76,167.85,42.0,91.0,2020
GLPI,2020-03-18,15.14,4287.98,44.3,2020-05-19,31.14,8818.11,105.65,2020-06-08,40.41,11444.99,166.91,63.0,83.0,2020
PENN,2020-03-18,4.52,604.97,60.18,2020-03-23,9.8,1311.67,116.81,2021-03-15,136.47,18265.6,157.34,6.0,363.0,2020
RHP,2020-03-18,14.08,888.58,27.42,2020-03-24,32.7,2063.67,132.24,2020-03-30,35.88,2264.36,154.83,7.0,13.0,2020
TPH,2020-03-18,6.14,522.91,32.98,2020-05-18,12.49,1063.7,103.42,2020-10-02,18.87,1607.04,148.62,62.0,199.0,2020
PFGC,2020-03-18,11.42,1793.97,41.94,2020-03-25,26.43,4151.88,131.44,2020-03-26,28.04,4404.8,145.53,8.0,9.0,2020
TNDM,2020-03-18,47.37,3246.22,98.96,2020-06-30,98.92,6778.9,108.82,2020-09-01,116.09,7955.54,145.07,105.0,168.0,2020
DECK,2020-03-18,15.19,2156.69,80.9,2020-05-27,32.55,4620.0,114.22,2020-08-11,37.22,5283.38,144.98,71.0,147.0,2020
HGV,2020-03-18,10.53,839.91,28.27,2020-05-26,21.5,1714.92,104.18,2020-06-08,25.65,2045.94,143.59,70.0,83.0,2020
HTZ,2020-03-18,3.38,1064.88,43.68,2020-03-24,8.21,2586.59,142.9,2020-03-24,8.21,2586.59,142.9,7.0,7.0,2020
DVN,2020-03-18,5.41,6237.68,150.46,2020-04-28,10.97,12648.3,102.77,2020-05-18,13.12,15127.23,142.51,42.0,62.0,2020
EPRT,2020-03-18,7.68,1660.77,34.57,2020-06-03,17.29,3738.89,125.13,2020-06-08,18.62,4026.5,142.45,78.0,83.0,2020
FANG,2020-03-18,15.56,4377.23,185.17,2020-04-03,31.59,8886.69,103.02,2020-04-08,37.48,10543.62,140.87,17.0,22.0,2020
OI,2020-03-18,4.64,711.31,24.61,2020-06-03,9.47,1451.75,104.09,2020-06-08,11.09,1700.09,139.01,78.0,83.0,2020
AEM,2020-03-18,36.36,18181.32,90.77,2020-07-27,74.12,37062.69,103.85,2020-09-14,86.47,43238.13,137.82,132.0,181.0,2020
DELL,2020-03-18,14.63,9513.89,127.24,2020-07-16,29.95,19476.01,104.71,2020-09-02,34.7,22563.82,137.17,121.0,169.0,2020
CHGG,2020-03-18,27.71,3102.38,57.97,2020-05-05,57.92,6484.65,109.02,2020-10-20,87.02,9742.65,136.47,49.0,217.0,2020
NTRA,2020-03-18,17.27,2465.78,27.04,2020-04-20,34.98,4994.39,102.55,2020-10-12,73.6,10508.5,135.97,34.0,209.0,2020
CTRE,2020-03-18,8.0,1889.92,21.34,2020-04-07,16.05,3791.66,100.63,2020-04-09,18.79,4438.95,134.88,21.0,23.0,2020
OHI,2020-03-18,14.87,4428.32,79.16,2020-04-08,32.12,9565.4,116.01,2020-04-14,34.89,10390.31,134.63,22.0,28.0,2020
ZG,2020-03-18,23.51,5379.13,30.16,2020-05-07,48.19,11025.96,104.98,2020-05-11,55.11,12609.27,134.41,51.0,55.0,2020
CBRL,2020-03-18,56.72,1267.75,62.21,2020-06-03,118.8,2655.3,109.45,2020-06-08,132.84,2969.11,134.2,78.0,83.0,2020
AVTR,2020-03-18,8.27,5646.39,60.22,2020-04-30,16.81,11477.12,103.26,2020-06-03,19.24,13136.21,132.65,44.0,78.0,2020
CAR,2020-03-18,7.78,274.83,43.5,2020-03-24,17.91,632.67,130.21,2020-03-24,17.91,632.67,130.21,7.0,7.0,2020
USFD,2020-03-18,9.72,2140.55,64.27,2020-04-24,19.51,4296.52,100.72,2020-04-29,22.37,4926.36,130.14,38.0,43.0,2020
DRI,2020-03-18,34.16,3912.52,172.19,2020-04-24,68.82,7882.3,101.46,2020-04-29,78.21,8957.78,128.95,38.0,43.0,2020
GT,2020-03-18,4.57,1313.59,48.7,2020-06-05,9.89,2842.77,116.41,2020-06-08,10.45,3003.73,128.67,80.0,83.0,2020
IRTC,2020-03-18,57.79,1899.12,27.58,2020-05-07,119.65,3931.99,107.04,2020-05-15,131.18,4310.89,126.99,51.0,59.0,2020
PMT,2020-03-18,5.68,495.31,23.67,2020-03-26,12.85,1120.55,126.23,2020-03-26,12.85,1120.55,126.23,9.0,9.0,2020
SBRA,2020-03-18,5.92,1492.97,43.37,2020-04-08,12.44,3137.24,110.14,2020-04-14,13.37,3371.78,125.84,22.0,28.0,2020
PBR,2020-03-18,4.31,27775.22,287.16,2020-06-03,8.77,56517.09,103.48,2020-06-08,9.72,62639.24,125.52,78.0,83.0,2020
MED,2020-03-18,51.98,577.97,33.46,2020-06-02,104.0,1156.39,100.08,2020-06-08,117.09,1301.94,125.26,77.0,83.0,2020
EPR,2020-03-18,13.92,1064.99,44.48,2020-04-28,28.21,2158.28,102.66,2020-04-29,31.16,2383.98,123.85,42.0,43.0,2020
AVGO,2020-03-18,16.79,79480.87,757.21,2020-08-25,33.61,159151.14,100.24,2020-09-02,37.5,177554.79,123.39,161.0,169.0,2020
FUN,2020-03-18,13.45,1374.64,23.19,2020-04-23,28.27,2889.31,110.19,2020-04-29,30.04,3070.21,123.35,37.0,43.0,2020
CGC,2020-03-18,97.3,41140.29,153.49,2020-05-26,200.1,84606.09,105.65,2020-05-28,217.2,91836.29,123.23,70.0,72.0,2020
Z,2020-03-18,25.01,5722.33,134.78,2020-05-08,52.97,12119.63,111.8,2020-05-11,55.76,12757.99,122.95,52.0,55.0,2020
DBI,2020-03-18,3.17,160.88,23.34,2020-03-24,6.81,345.6,114.83,2020-03-25,7.05,357.78,122.4,7.0,8.0,2020
CPA,2020-03-18,27.65,1137.48,33.2,2020-06-05,57.02,2345.72,106.22,2020-06-08,61.39,2525.5,122.03,80.0,83.0,2020
COP,2020-03-18,22.67,27618.73,405.8,2020-06-05,48.59,59196.91,114.34,2020-06-08,50.31,61292.37,121.92,80.0,83.0,2020
PS,2020-03-18,7.66,3064.0,25.76,2020-04-27,16.08,6432.0,109.92,2020-04-29,16.99,6796.0,121.8,41.0,43.0,2020
ARMK,2020-03-18,12.94,3401.1,114.62,2020-04-28,26.63,6999.32,105.8,2020-04-29,28.61,7519.74,121.1,42.0,43.0,2020
WGO,2020-03-18,20.57,581.43,32.51,2020-04-27,41.46,1171.9,101.56,2020-04-29,45.47,1285.25,121.05,41.0,43.0,2020
DXCM,2020-03-18,47.79,18440.87,219.43,2020-05-11,105.34,40647.86,120.42,2020-05-11,105.34,40647.86,120.42,55.0,55.0,2020
TMHC,2020-03-18,7.05,658.66,54.99,2020-04-29,15.53,1450.93,120.28,2020-04-29,15.53,1450.93,120.28,43.0,43.0,2020
CPRI,2020-03-18,7.52,896.1,85.84,2020-04-28,15.04,1792.19,100.0,2020-04-29,16.56,1973.32,120.21,42.0,43.0,2020
OMF,2020-03-18,14.34,1656.71,28.95,2020-06-05,30.1,3477.48,109.9,2020-06-08,31.55,3645.0,120.01,80.0,83.0,2020
ENPH,2020-03-18,23.99,3161.84,195.28,2020-06-16,52.76,6953.67,119.92,2020-06-16,52.76,6953.67,119.92,91.0,91.0,2020
DAN,2020-03-18,4.32,473.28,22.2,2020-04-08,8.76,959.71,102.78,2020-04-09,9.5,1040.79,119.91,22.0,23.0,2020
LPLA,2020-03-18,39.02,3120.93,58.62,2020-06-03,78.5,6278.65,101.18,2020-06-09,85.54,6841.73,119.22,78.0,84.0,2020
WTFC,2020-03-18,24.31,1639.65,24.12,2020-06-05,50.47,3404.09,107.61,2020-06-08,53.1,3581.48,118.43,80.0,83.0,2020
GPI,2020-03-18,32.39,385.38,20.02,2020-05-26,68.93,820.14,112.81,2020-05-27,70.75,841.8,118.43,70.0,71.0,2020
NCLH,2020-03-18,7.77,3567.29,120.29,2020-03-25,16.96,7786.51,118.28,2020-03-25,16.96,7786.51,118.28,8.0,8.0,2020
MTH,2020-03-18,13.64,910.15,36.54,2020-05-05,27.56,1837.99,101.94,2020-05-08,29.75,1984.4,118.03,49.0,52.0,2020
BWA,2020-03-18,19.73,4046.92,83.06,2020-08-10,40.49,8305.1,105.22,2020-09-02,42.93,8805.58,117.59,146.0,169.0,2020
PBR.A,2020-03-18,4.32,27839.66,88.78,2020-06-05,8.94,57612.64,106.94,2020-06-08,9.34,60190.38,116.2,80.0,83.0,2020
FCX,2020-03-18,5.31,7633.29,276.61,2020-06-05,10.86,15611.58,104.52,2020-06-10,11.47,16488.48,116.01,80.0,85.0,2020
BYD,2020-03-18,7.84,582.75,30.99,2020-03-26,16.92,1257.67,115.82,2020-03-26,16.92,1257.67,115.82,9.0,9.0,2020
RCL,2020-03-18,22.33,5988.79,303.99,2020-04-29,48.06,12889.45,115.23,2020-04-29,48.06,12889.45,115.23,43.0,43.0,2020
WDAY,2020-03-18,113.87,28431.69,357.39,2020-08-28,243.88,60893.31,114.17,2020-08-28,243.88,60893.31,114.17,164.0,164.0,2020
FLR,2020-03-18,3.4,486.56,43.45,2020-03-26,7.28,1041.81,114.12,2020-03-26,7.28,1041.81,114.12,9.0,9.0,2020
LYFT,2020-03-18,16.05,6133.09,322.23,2020-04-27,34.32,13114.49,113.83,2020-04-27,34.32,13114.49,113.83,41.0,41.0,2020
MOS,2020-03-18,7.01,2228.1,95.89,2020-06-05,14.1,4481.64,101.14,2020-06-08,14.98,4761.34,113.69,80.0,83.0,2020
APTV,2020-03-18,33.55,7099.87,126.21,2020-04-29,71.66,15164.73,113.59,2020-04-29,71.66,15164.73,113.59,43.0,43.0,2020
DIN,2020-03-18,17.0,215.65,23.94,2020-03-26,36.27,460.09,113.35,2020-03-26,36.27,460.09,113.35,9.0,9.0,2020
WSM,2020-03-18,15.33,1805.0,66.17,2020-04-27,30.75,3620.59,100.59,2020-04-29,32.69,3849.01,113.24,41.0,43.0,2020
VRT,2020-03-18,5.57,2139.49,31.4,2020-05-11,11.54,4432.62,107.18,2020-10-07,18.1,6952.37,112.94,55.0,204.0,2020
FITB,2020-03-18,11.67,10576.66,146.69,2020-06-05,23.49,21289.26,101.29,2020-06-08,24.77,22449.34,112.25,80.0,83.0,2020
TRMB,2020-03-18,21.32,4969.94,48.12,2020-06-04,43.06,10037.78,101.97,2020-06-08,45.18,10531.98,111.91,79.0,83.0,2020
UBER,2020-03-18,14.82,30167.58,904.03,2020-04-27,30.08,61230.82,102.97,2020-04-29,31.37,63856.74,111.67,41.0,43.0,2020
APLE,2020-03-18,4.84,1142.57,27.03,2020-04-29,10.24,2417.33,111.57,2020-04-29,10.24,2417.33,111.57,43.0,43.0,2020
QSR,2020-03-18,28.25,9802.3,151.02,2020-06-02,57.09,19809.32,102.09,2020-06-08,59.73,20725.35,111.43,77.0,83.0,2020
WMB,2020-03-18,9.25,11312.73,251.19,2020-04-27,18.52,22649.93,100.22,2020-05-11,19.53,23885.16,111.14,41.0,55.0,2020
MD,2020-03-18,7.89,647.94,29.39,2020-05-26,15.88,1304.1,101.27,2020-05-27,16.63,1365.69,110.77,70.0,71.0,2020
WAL,2020-03-18,22.16,2408.13,36.94,2020-06-05,45.05,4895.59,103.29,2020-06-08,46.65,5069.47,110.51,80.0,83.0,2020
MGM,2020-03-18,7.14,1826.78,200.14,2020-04-08,15.0,3837.77,110.08,2020-04-08,15.0,3837.77,110.08,22.0,22.0,2020
AIG,2020-03-18,18.78,9957.27,243.6,2020-06-08,39.44,20911.33,110.01,2020-06-08,39.44,20911.33,110.01,83.0,83.0,2020
ESNT,2020-03-18,19.54,1836.95,30.96,2020-06-08,41.02,3856.27,109.93,2020-06-08,41.02,3856.27,109.93,83.0,83.0,2020
VAC,2020-03-18,36.81,1264.17,37.7,2020-04-14,76.42,2624.5,107.61,2020-04-15,77.15,2649.57,109.59,28.0,29.0,2020
BLDR,2020-03-18,10.65,1145.51,31.2,2020-05-27,22.29,2397.51,109.3,2020-05-27,22.29,2397.51,109.3,71.0,71.0,2020
EOG,2020-03-18,29.76,15851.03,320.09,2020-06-08,62.11,33081.56,108.7,2020-06-08,62.11,33081.56,108.7,83.0,83.0,2020
CRH,2020-03-18,18.64,12455.25,26.11,2020-07-15,38.06,25431.7,104.18,2020-07-20,38.89,25986.31,108.64,120.0,125.0,2020
MRVL,2020-03-18,17.25,15084.4,227.33,2020-06-02,34.61,30265.0,100.64,2020-06-03,35.96,31445.52,108.46,77.0,78.0,2020
SRPT,2020-03-18,82.38,8697.37,130.78,2020-06-18,165.22,17443.3,100.56,2020-06-22,171.7,18127.44,108.42,93.0,97.0,2020
SPB,2020-03-18,24.36,565.01,33.15,2020-05-27,50.75,1177.11,108.33,2020-05-27,50.75,1177.11,108.33,71.0,71.0,2020
AXSM,2020-03-18,41.2,2120.14,67.05,2020-06-26,85.79,4414.73,108.23,2020-06-26,85.79,4414.73,108.23,101.0,101.0,2020
AN,2020-03-18,22.55,755.42,29.4,2020-07-21,45.16,1512.86,100.27,2020-10-21,64.24,2152.04,107.63,126.0,218.0,2020
NGVT,2020-03-18,27.84,968.04,26.82,2020-05-27,57.8,2009.8,107.61,2020-05-27,57.8,2009.8,107.61,71.0,71.0,2020
SERV,2020-03-18,20.36,1574.33,69.72,2020-07-30,40.82,3156.4,100.49,2020-08-06,42.19,3262.33,107.22,135.0,142.0,2020
VG,2020-03-18,4.53,11246.04,30.66,2020-05-07,9.06,22492.07,100.0,2020-05-11,9.38,23298.91,107.17,51.0,55.0,2020
WYNN,2020-03-18,43.02,4464.91,303.49,2020-04-29,89.03,9240.13,106.95,2020-04-29,89.03,9240.13,106.95,43.0,43.0,2020
SQM,2020-03-18,15.87,4533.07,25.94,2020-08-11,32.3,9226.1,103.53,2020-08-12,32.78,9363.21,106.55,147.0,148.0,2020
BILL,2020-03-18,29.21,2890.63,33.55,2020-04-29,60.3,5967.31,106.44,2020-04-29,60.3,5967.31,106.44,43.0,43.0,2020
AGCO,2020-03-18,36.97,2676.94,36.98,2020-09-09,74.94,5426.3,102.7,2020-09-16,76.26,5521.87,106.28,176.0,183.0,2020
PBA,2020-03-18,11.66,6778.48,36.84,2020-04-29,24.04,13975.53,106.17,2020-04-29,24.04,13975.53,106.17,43.0,43.0,2020
IIPR,2020-03-18,46.51,1338.3,39.29,2020-06-05,93.47,2689.55,100.97,2020-06-08,95.86,2758.32,106.11,80.0,83.0,2020
KBR,2020-03-18,13.08,1658.41,37.75,2020-06-05,26.33,3338.38,101.3,2020-06-08,26.95,3416.99,106.04,80.0,83.0,2020
MANH,2020-03-18,37.44,2215.12,39.28,2020-05-07,75.78,4483.49,102.4,2020-05-11,77.12,4562.77,105.98,51.0,55.0,2020
EXPE,2020-03-18,45.65,5479.01,324.01,2020-06-05,93.06,11169.25,103.86,2020-06-08,93.99,11280.88,105.89,80.0,83.0,2020
CDNS,2020-03-18,54.32,14982.33,122.01,2020-07-31,109.25,30132.9,101.12,2020-08-03,111.77,30827.95,105.76,136.0,139.0,2020
CNK,2020-03-18,6.58,768.46,56.03,2020-04-17,13.48,1574.3,104.86,2020-04-21,13.53,1580.14,105.62,31.0,35.0,2020
VICI,2020-03-18,11.2,12059.94,111.71,2020-06-05,22.99,24755.18,105.27,2020-06-05,22.99,24755.18,105.27,80.0,80.0,2020
SYY,2020-03-18,31.24,14938.42,214.69,2020-06-08,64.11,30656.29,105.22,2020-06-08,64.11,30656.29,105.22,83.0,83.0,2020
PINS,2020-03-18,10.92,6116.92,254.48,2020-06-05,22.13,12396.28,102.66,2020-06-10,22.41,12553.13,105.22,80.0,85.0,2020
GDOT,2020-03-18,16.98,962.11,28.64,2020-05-12,34.84,1974.08,105.18,2020-05-12,34.84,1974.08,105.18,56.0,56.0,2020
HALO,2020-03-18,13.9,1646.79,30.76,2020-07-02,28.51,3377.7,105.11,2020-07-02,28.51,3377.7,105.11,107.0,107.0,2020
RLJ,2020-03-18,4.28,650.26,22.96,2020-04-09,8.77,1332.42,104.91,2020-04-09,8.77,1332.42,104.91,23.0,23.0,2020
OLLI,2020-03-18,34.25,2077.65,80.75,2020-04-28,70.16,4256.0,104.85,2020-04-28,70.16,4256.0,104.85,42.0,42.0,2020
TKR,2020-03-18,24.27,1686.63,31.45,2020-06-08,49.71,3454.57,104.82,2020-06-08,49.71,3454.57,104.82,83.0,83.0,2020
LAD,2020-03-18,63.38,1445.43,30.59,2020-05-27,129.75,2959.06,104.72,2020-05-27,129.75,2959.06,104.72,71.0,71.0,2020
NXPI,2020-03-18,64.56,16299.53,360.1,2020-09-02,132.1,33351.43,104.62,2020-09-02,132.1,33351.43,104.62,169.0,169.0,2020
STNG,2020-03-18,13.02,656.44,37.64,2020-04-27,26.64,1343.14,104.61,2020-04-27,26.64,1343.14,104.61,41.0,41.0,2020
FSLR,2020-03-18,30.2,3245.09,85.02,2020-07-14,61.78,6638.47,104.57,2020-07-14,61.78,6638.47,104.57,119.0,119.0,2020
DHI,2020-03-18,28.78,8161.42,240.22,2020-05-27,58.83,16682.99,104.41,2020-05-27,58.83,16682.99,104.41,71.0,71.0,2020
ON,2020-03-18,8.45,3311.58,132.87,2020-04-29,17.25,6760.33,104.14,2020-04-29,17.25,6760.33,104.14,43.0,43.0,2020
KBH,2020-03-18,11.06,692.89,63.33,2020-04-09,22.57,1413.97,104.07,2020-04-09,22.57,1413.97,104.07,23.0,23.0,2020
TNET,2020-03-18,29.57,1358.58,25.25,2020-06-05,60.06,2759.44,103.11,2020-06-08,60.31,2770.92,103.96,80.0,83.0,2020
TTD,2020-03-18,14.44,6787.89,426.17,2020-04-29,29.42,13830.12,103.75,2020-04-29,29.42,13830.12,103.75,43.0,43.0,2020
SU,2020-03-18,10.45,12338.79,106.6,2020-06-05,21.22,25055.41,103.06,2020-06-08,21.28,25126.26,103.64,80.0,83.0,2020
HUBS,2020-03-18,104.71,5363.01,104.28,2020-06-01,213.22,10920.65,103.63,2020-06-01,213.22,10920.65,103.63,76.0,76.0,2020
THC,2020-03-18,11.01,948.37,37.97,2020-04-17,22.41,1930.33,103.54,2020-04-17,22.41,1930.33,103.54,31.0,31.0,2020
GDDY,2020-03-18,41.92,5562.65,104.06,2020-09-01,84.24,11178.39,100.95,2020-09-02,85.23,11309.76,103.32,168.0,169.0,2020
LYV,2020-03-18,29.5,6865.03,154.53,2020-09-16,59.97,13955.79,103.29,2020-09-16,59.97,13955.79,103.29,183.0,183.0,2020
SNAP,2020-03-18,8.37,13870.44,420.11,2020-04-22,17.01,28188.31,103.23,2020-04-22,17.01,28188.31,103.23,36.0,36.0,2020
ESTC,2020-03-18,44.12,4566.46,97.77,2020-06-01,89.66,9279.9,103.22,2020-06-01,89.66,9279.9,103.22,76.0,76.0,2020
ARWR,2020-03-18,20.56,2896.02,96.41,2020-06-23,41.76,5882.19,103.11,2020-06-23,41.76,5882.19,103.11,98.0,98.0,2020
THO,2020-03-18,34.61,1820.35,64.87,2020-04-29,70.29,3696.97,103.09,2020-04-29,70.29,3696.97,103.09,43.0,43.0,2020
EAT,2020-03-18,7.62,326.8,38.43,2020-03-25,15.47,663.47,103.02,2020-03-25,15.47,663.47,103.02,8.0,8.0,2020
NSP,2020-03-18,26.11,996.6,49.16,2020-05-05,53.0,2022.97,102.99,2020-05-05,53.0,2022.97,102.99,49.0,49.0,2020
DAR,2020-03-18,14.03,2226.97,34.62,2020-07-23,28.48,4520.61,102.99,2020-07-23,28.48,4520.61,102.99,128.0,128.0,2020
TREX,2020-03-18,31.53,3275.93,51.1,2020-05-22,63.86,6634.45,102.52,2020-05-26,64.0,6649.52,102.98,66.0,70.0,2020
NHI,2020-03-18,33.56,1626.69,20.2,2020-06-08,68.11,3301.37,102.95,2020-06-08,68.11,3301.37,102.95,83.0,83.0,2020
HCA,2020-03-18,68.13,15113.95,231.51,2020-09-02,138.17,30651.61,102.8,2020-09-02,138.17,30651.61,102.8,169.0,169.0,2020
CZR,2020-03-18,3.52,716.94,177.52,2020-03-25,7.13,1452.22,102.56,2020-03-25,7.13,1452.22,102.56,8.0,8.0,2020
PZZA,2020-03-18,35.55,1169.67,47.68,2020-04-24,72.0,2368.95,102.53,2020-04-24,72.0,2368.95,102.53,38.0,38.0,2020
FLEX,2020-03-18,5.88,2161.92,56.29,2020-06-08,11.83,4349.58,101.19,2020-06-09,11.89,4371.64,102.21,83.0,84.0,2020
MEDP,2020-03-18,61.71,1762.42,24.14,2020-07-29,124.76,3563.11,102.17,2020-07-29,124.76,3563.11,102.17,134.0,134.0,2020
DXC,2020-03-18,9.31,1580.47,135.72,2020-04-29,18.82,3194.88,102.15,2020-04-29,18.82,3194.88,102.15,43.0,43.0,2020
RGLD,2020-03-18,69.64,5910.11,69.9,2020-07-27,140.71,11941.58,102.05,2020-07-27,140.71,11941.58,102.05,132.0,132.0,2020
SNX,2020-03-18,32.98,2651.7,45.28,2020-09-02,66.64,5356.86,102.02,2020-09-02,66.64,5356.86,102.02,169.0,169.0,2020
HUYA,2020-03-18,12.36,2840.22,66.18,2020-07-20,24.82,5703.42,100.81,2020-07-21,24.97,5737.89,102.02,125.0,126.0,2020
FTI,2020-03-18,5.01,1997.5,82.05,2020-06-08,10.12,4034.86,102.0,2020-06-08,10.12,4034.86,102.0,83.0,83.0,2020
URI,2020-03-18,69.59,4359.57,188.0,2020-05-27,140.48,8800.59,101.87,2020-05-27,140.48,8800.59,101.87,71.0,71.0,2020
PLNT,2020-03-18,27.54,2187.85,92.45,2020-04-09,55.59,4416.22,101.85,2020-04-09,55.59,4416.22,101.85,23.0,23.0,2020
PK,2020-03-18,4.92,990.7,71.08,2020-03-26,9.93,1999.52,101.83,2020-03-26,9.93,1999.52,101.83,9.0,9.0,2020
VRNS,2020-03-18,17.06,1959.11,21.2,2020-07-08,34.41,3951.13,101.68,2020-07-08,34.41,3951.13,101.68,113.0,113.0,2020
JACK,2020-03-18,18.59,353.88,40.88,2020-03-25,37.49,713.66,101.67,2020-03-25,37.49,713.66,101.67,8.0,8.0,2020
MTZ,2020-03-18,23.36,1845.87,58.14,2020-06-05,47.07,3719.4,101.5,2020-06-05,47.07,3719.4,101.5,80.0,80.0,2020
BYND,2020-03-18,54.02,27838.8,703.1,2020-04-24,108.78,56058.95,101.37,2020-04-24,108.78,56058.95,101.37,38.0,38.0,2020
TDG,2020-03-18,245.79,13747.92,219.07,2020-06-08,494.94,27683.77,101.37,2020-06-08,494.94,27683.77,101.37,83.0,83.0,2020
FICO,2020-03-18,212.0,4916.47,86.45,2020-06-10,426.87,9899.5,101.35,2020-06-10,426.87,9899.5,101.35,85.0,85.0,2020
TXRH,2020-03-18,30.41,2002.61,55.68,2020-06-05,61.19,4029.58,101.22,2020-06-05,61.19,4029.58,101.22,80.0,80.0,2020
OKE,2020-03-18,15.37,9683.6,169.99,2020-04-29,30.92,19480.62,101.17,2020-04-29,30.92,19480.62,101.17,43.0,43.0,2020
SONO,2020-03-18,6.97,830.33,24.63,2020-06-17,14.01,1668.99,101.0,2020-06-17,14.01,1668.99,101.0,92.0,92.0,2020
ASML,2020-03-18,196.99,75923.43,222.95,2020-07-09,394.53,152058.83,100.28,2020-07-10,395.85,152567.58,100.95,114.0,115.0,2020
NICE,2020-03-18,117.47,6865.3,42.91,2020-08-26,236.02,13793.71,100.92,2020-08-26,236.02,13793.71,100.92,162.0,162.0,2020
AER,2020-03-18,15.14,2387.35,59.07,2020-05-08,30.42,4796.78,100.92,2020-05-08,30.42,4796.78,100.92,52.0,52.0,2020
CMG,2020-03-18,9.3,11934.81,412.85,2020-05-11,18.68,23959.68,100.75,2020-05-11,18.68,23959.68,100.75,55.0,55.0,2020
PANW,2020-03-18,22.1,17920.42,281.9,2020-08-06,44.31,35938.09,100.54,2020-08-06,44.31,35938.09,100.54,142.0,142.0,2020
LOW,2020-03-18,65.02,36415.29,482.56,2020-05-29,130.35,73004.2,100.48,2020-05-29,130.35,73004.2,100.48,73.0,73.0,2020
RGNX,2020-03-18,21.5,1109.77,21.02,2020-04-27,43.1,2224.7,100.47,2020-04-27,43.1,2224.7,100.47,41.0,41.0,2020
WEN,2020-03-18,7.47,1422.78,66.26,2020-03-30,14.97,2851.28,100.4,2020-03-30,14.97,2851.28,100.4,13.0,13.0,2020
CRL,2020-03-18,98.9,4763.79,55.02,2020-07-20,197.94,9534.32,100.14,2020-07-23,198.2,9546.84,100.4,125.0,128.0,2020
TECK,2020-03-18,6.12,2996.26,58.43,2020-06-08,12.26,6002.3,100.33,2020-06-08,12.26,6002.3,100.33,83.0,83.0,2020
CLH,2020-03-18,31.36,1657.25,28.51,2020-05-27,62.76,3316.62,100.13,2020-05-27,62.76,3316.62,100.13,71.0,71.0,2020
CLB,2020-03-17,7.99,368.31,30.72,2020-04-28,16.93,780.42,111.89,2020-06-08,29.15,1343.72,264.83,43.0,84.0,2020
INMD,2020-03-17,7.43,451.81,57.3,2020-06-01,15.12,919.73,103.57,2020-06-08,17.5,1063.85,135.46,77.0,84.0,2020
GVA,2020-03-17,10.1,441.84,23.49,2020-06-05,21.44,937.93,112.28,2020-06-08,21.6,944.93,113.86,81.0,84.0,2020
HRTX,2020-03-17,10.23,1929.78,24.72,2020-06-19,21.01,3963.3,105.38,2020-06-22,21.47,4050.08,109.87,95.0,98.0,2020
BL,2020-03-17,42.38,2486.05,27.39,2020-07-01,87.16,5112.89,105.66,2020-07-02,88.07,5166.27,107.81,107.0,108.0,2020
APLS,2020-03-17,17.91,2292.86,37.12,2020-04-22,36.24,4639.49,102.35,2020-04-22,36.24,4639.49,102.35,37.0,37.0,2020
HLF,2020-03-17,23.34,2419.64,44.92,2020-07-02,46.72,4843.44,100.17,2020-07-02,46.72,4843.44,100.17,108.0,108.0,2020
NVAX,2020-03-16,6.91,1136.27,34.52,2020-08-10,178.51,29353.85,2483.36,2020-08-10,178.51,29353.85,2483.36,148.0,148.0,2020
TWLO,2020-03-16,71.7,10882.19,380.91,2020-05-07,170.89,25936.63,138.34,2020-10-13,337.88,51281.35,235.13,53.0,212.0,2020
DDOG,2020-03-16,28.96,10308.61,113.8,2020-05-12,68.86,24511.42,137.78,2020-10-13,116.87,41601.07,201.68,58.0,212.0,2020
NVDA,2020-03-16,4.91,119313.0,2291.09,2020-07-06,9.84,239094.99,100.39,2020-09-02,14.35,348619.95,192.19,113.0,171.0,2020
ADPT,2020-03-16,16.96,2714.35,27.58,2020-05-07,36.06,5771.2,112.62,2020-07-08,48.81,7811.77,187.79,53.0,115.0,2020
LULU,2020-03-16,138.98,16065.9,392.14,2020-05-26,281.41,32530.61,102.48,2020-09-02,398.29,46041.78,186.58,72.0,171.0,2020
NET,2020-03-16,15.92,5625.72,39.69,2020-06-17,35.8,12650.79,124.87,2020-08-03,42.51,15021.93,167.02,94.0,141.0,2020
SPOT,2020-03-16,117.64,24189.14,205.47,2020-06-22,236.06,48538.67,100.66,2020-09-01,291.75,59989.65,148.0,99.0,170.0,2020
CRWD,2020-03-16,33.01,8402.25,228.28,2020-04-20,68.43,17417.93,107.3,2020-10-13,152.8,38893.18,147.17,36.0,212.0,2020
MDB,2020-03-16,98.97,7954.17,178.45,2020-05-19,200.22,16091.59,102.3,2020-06-01,238.38,19158.49,140.86,65.0,78.0,2020
SAM,2020-03-16,306.3,3189.64,61.55,2020-07-14,622.93,6486.85,103.37,2020-10-23,1091.1,11362.11,138.7,121.0,222.0,2020
JD,2020-03-16,35.24,48131.52,464.56,2020-08-19,72.56,99103.95,105.9,2020-09-02,83.21,113649.94,136.12,157.0,171.0,2020
FDX,2020-03-16,90.49,21591.53,462.15,2020-08-07,183.53,43791.5,102.82,2020-12-08,301.45,71928.01,134.03,145.0,268.0,2020
BHVN,2020-03-16,27.51,4141.93,39.3,2020-05-22,58.38,8789.75,112.21,2020-10-12,78.23,11778.39,132.55,68.0,211.0,2020
TSCO,2020-03-16,13.47,7065.39,142.95,2020-07-08,27.12,14224.12,101.32,2020-08-26,30.93,16219.13,129.56,115.0,164.0,2020
DT,2020-03-16,19.37,5777.12,47.6,2020-06-16,39.96,11918.11,106.3,2020-07-09,44.06,13140.94,127.47,93.0,116.0,2020
CRM,2020-03-16,124.3,101684.08,890.19,2020-08-26,272.32,222772.4,119.08,2020-09-01,281.25,230077.62,126.27,164.0,170.0,2020
AMD,2020-03-16,38.71,63120.55,2484.55,2020-07-30,78.2,127512.97,102.01,2020-08-06,86.71,141389.38,124.0,137.0,144.0,2020
SHAK,2020-03-16,32.51,1311.8,112.75,2020-08-28,67.45,2721.66,107.47,2020-09-15,72.16,2911.71,121.89,166.0,184.0,2020
BOX,2020-03-16,9.12,1262.66,27.89,2020-05-22,19.09,2643.0,109.32,2020-05-29,19.98,2766.22,119.08,68.0,75.0,2020
LYB,2020-03-16,34.9,11265.19,198.05,2020-06-03,70.5,22756.33,102.01,2020-06-08,76.39,24657.53,118.88,80.0,85.0,2020
SPWR,2020-03-16,4.49,653.11,36.8,2020-07-08,9.42,1370.22,109.8,2020-07-09,9.78,1422.58,117.82,115.0,116.0,2020
PD,2020-03-16,12.87,986.48,23.04,2020-05-19,25.87,1982.92,101.01,2020-05-22,27.88,2136.99,116.63,65.0,68.0,2020
FSLY,2020-03-16,11.13,1741.85,33.8,2020-04-16,22.97,3594.8,106.38,2020-04-20,23.98,3752.87,115.45,32.0,36.0,2020
FIVN,2020-03-16,56.45,4322.04,44.93,2020-07-01,114.13,8738.25,102.18,2020-07-09,120.94,9259.65,114.24,108.0,116.0,2020
ARGX,2020-03-16,108.83,6767.9,23.59,2020-05-29,219.3,13637.78,101.51,2020-06-02,232.72,14472.34,113.84,75.0,79.0,2020
VEEV,2020-03-16,120.93,19735.62,224.39,2020-07-01,242.22,39529.99,100.3,2020-07-09,256.69,41891.47,112.26,108.0,116.0,2020
BEAM,2020-03-16,13.31,1369.32,182.81,2020-06-02,28.05,2885.76,110.74,2020-06-03,28.13,2893.99,111.34,79.0,80.0,2020
BLD,2020-03-16,59.12,1663.76,32.67,2020-05-26,118.6,3337.66,100.61,2020-05-27,124.79,3511.86,111.08,72.0,73.0,2020
EPAM,2020-03-16,160.13,8365.9,64.23,2020-08-26,323.01,16875.48,101.72,2020-09-02,337.74,17645.04,110.92,164.0,171.0,2020
RAMP,2020-03-16,26.21,1654.5,26.44,2020-08-07,53.47,3375.29,104.01,2020-08-10,55.24,3487.02,110.76,145.0,148.0,2020
IOVA,2020-03-16,19.54,8724.66,37.64,2020-05-22,41.0,18306.6,109.83,2020-05-22,41.0,18306.6,109.83,68.0,68.0,2020
DOW,2020-03-16,22.0,15856.31,219.12,2020-06-08,45.9,33082.03,108.64,2020-06-08,45.9,33082.03,108.64,85.0,85.0,2020
SMTC,2020-03-16,26.99,2513.16,21.39,2020-06-03,54.01,5029.11,100.11,2020-06-05,56.29,5241.42,108.56,80.0,82.0,2020
CRSP,2020-03-16,33.68,3248.4,57.34,2020-05-21,67.78,6537.3,101.25,2020-05-22,69.94,6745.63,107.66,67.0,68.0,2020
WLK,2020-03-16,29.87,3827.03,37.37,2020-08-10,61.37,7862.91,105.46,2020-08-11,61.5,7879.56,105.89,148.0,149.0,2020
MCHP,2020-03-16,27.88,15089.56,253.61,2020-09-01,56.18,30398.28,101.45,2020-09-02,57.34,31031.41,105.65,170.0,171.0,2020
RARE,2020-03-16,33.8,3328.94,25.64,2020-04-27,68.97,6792.8,104.05,2020-04-27,68.97,6792.8,104.05,43.0,43.0,2020
RNG,2020-03-16,138.96,11723.32,231.68,2020-05-12,278.8,23520.89,100.63,2020-05-13,283.0,23875.22,103.66,58.0,59.0,2020
NTNX,2020-03-16,12.49,3364.17,90.59,2020-06-08,25.35,6827.99,102.96,2020-06-08,25.35,6827.99,102.96,85.0,85.0,2020
QTWO,2020-03-16,50.63,3169.46,34.75,2020-08-06,102.54,6419.05,102.53,2020-08-06,102.54,6419.05,102.53,144.0,144.0,2020
EDIT,2020-03-16,14.88,1456.85,21.62,2020-05-22,30.1,2946.98,102.28,2020-05-22,30.1,2946.98,102.28,68.0,68.0,2020
BZUN,2020-03-16,22.96,1334.63,46.5,2020-07-08,46.14,2682.04,100.96,2020-07-08,46.14,2682.04,100.96,115.0,115.0,2020
RPD,2020-03-16,33.4,2232.14,28.34,2020-09-02,67.08,4483.0,100.84,2020-09-02,67.08,4483.0,100.84,171.0,171.0,2020
SWKS,2020-03-16,67.9,10212.56,236.42,2020-06-05,136.16,20479.28,100.53,2020-06-05,136.16,20479.28,100.53,82.0,82.0,2020
KNSL,2020-03-16,84.33,1944.89,22.92,2020-07-27,169.1,3899.92,100.52,2020-07-27,169.1,3899.92,100.52,134.0,134.0,2020
ROKU,2020-03-16,63.84,9428.77,2208.06,2020-04-16,128.0,18904.8,100.5,2020-04-16,128.0,18904.8,100.5,32.0,32.0,2020
OKTA,2020-03-16,96.08,16847.29,234.87,2020-05-22,192.49,33752.44,100.34,2020-05-22,192.49,33752.44,100.34,68.0,68.0,2020
FRPT,2020-03-16,43.78,2151.47,22.26,2020-06-23,87.58,4304.17,100.06,2020-06-23,87.58,4304.17,100.06,100.0,100.0,2020
ZM,2020-03-13,107.47,31675.87,376.43,2020-08-28,299.27,88207.3,178.47,2020-10-19,568.34,167513.41,320.46,169.0,221.0,2020
AG,2020-03-13,5.0,2468.71,46.23,2020-05-29,10.01,4942.35,100.2,2020-06-01,10.73,5297.85,114.6,78.0,81.0,2020
MRNA,2020-03-13,21.3,8451.55,134.66,2020-08-24,64.88,25743.49,204.6,2020-10-13,78.29,31064.4,110.17,165.0,215.0,2020
KGC,2020-03-13,3.47,4143.56,72.39,2020-04-24,7.09,8466.24,104.32,2020-04-24,7.09,8466.24,104.32,43.0,43.0,2020
ZS,2020-03-12,39.5,6351.23,141.31,2020-05-29,98.09,15771.96,148.33,2020-09-01,159.36,25623.61,303.44,79.0,174.0,2020
DOCU,2020-03-12,68.68,13343.93,163.9,2020-05-29,139.74,27150.28,103.47,2020-09-01,268.8,52225.52,291.38,79.0,174.0,2020
FCEL,2020-03-12,32.7,1732.38,33.2,2020-06-29,70.05,3711.1,114.22,2020-08-19,95.1,5038.2,190.83,110.0,161.0,2020
PTON,2020-03-12,19.51,8447.67,164.69,2020-05-07,44.12,19103.6,126.14,2021-01-13,167.42,72491.51,186.04,57.0,308.0,2020
BGS,2020-03-12,11.63,935.18,24.33,2020-05-12,23.5,1889.66,102.06,2020-05-13,24.86,1999.02,113.76,62.0,63.0,2020
AMZN,2020-03-12,83.83,901773.86,6965.33,2020-08-26,172.09,1851217.86,105.29,2020-09-02,176.57,1899409.71,110.63,168.0,175.0,2020
DK,2020-03-12,8.85,542.39,42.56,2020-04-08,18.49,1133.21,108.93,2020-04-08,18.49,1133.21,108.93,28.0,28.0,2020
SI,2020-03-12,7.63,158.15,21.07,2020-04-29,15.76,326.67,106.55,2020-04-30,15.9,329.57,108.39,49.0,50.0,2020
SFM,2020-03-12,13.32,1252.67,30.23,2020-07-21,27.41,2577.75,105.78,2020-07-21,27.41,2577.75,105.78,132.0,132.0,2020
INO,2020-03-10,68.4,5580.89,76.82,2020-08-31,143.88,11739.45,110.35,2020-08-31,143.88,11739.45,110.35,175.0,175.0,2020
BJ,2020-02-28,19.26,2459.36,46.66,2020-07-09,38.73,4945.53,101.09,2020-08-24,47.11,6015.59,144.6,133.0,179.0,2020
EQT,2020-02-26,4.96,3102.37,60.61,2020-04-07,10.75,6723.89,116.73,2020-08-07,17.17,10739.46,246.17,42.0,164.0,2020
SDGR,2020-02-13,26.6,1987.57,78.3,2020-05-11,54.9,4102.17,106.39,2020-07-09,93.46,6983.4,251.35,89.0,148.0,2020
S,2020-02-03,4.28,1456.38,80.27,2020-02-12,8.6,2926.38,100.93,2020-02-21,10.05,3419.78,134.81,10.0,19.0,2020
TSLA,2019-11-26,21.93,82355.51,2169.6,2020-05-11,54.09,203132.08,146.65,2021-01-26,294.36,1105547.27,221.27,168.0,428.0,2020
SPCE,2019-11-25,144.4,13633.7,30.89,2020-01-15,296.8,28022.73,105.54,2020-02-19,747.0,70528.9,417.31,52.0,87.0,2020
VAL,2019-11-20,3.52,243.77,66.54,2020-01-03,7.42,513.85,110.8,2020-01-06,7.7,533.24,118.75,45.0,48.0,2020
PDD,2019-11-20,31.4,44694.65,205.23,2020-05-18,66.46,94598.93,111.66,2020-05-18,66.46,94598.93,111.66,181.0,181.0,2020
CHWY,2019-11-18,22.13,9221.06,103.65,2020-04-16,44.91,18712.96,102.94,2020-04-16,44.91,18712.96,102.94,151.0,151.0,2020
SHOP,2019-11-07,28.58,37080.48,713.45,2020-04-17,59.04,76612.23,106.61,2020-09-01,113.43,147195.56,251.96,163.0,300.0,2020
BAND,2019-11-07,47.57,1523.06,20.67,2020-05-05,97.49,3121.37,104.94,2020-05-15,113.49,3633.64,116.3,181.0,191.0,2020
ENPH,2019-11-04,17.95,2366.44,112.05,2020-02-04,36.9,4863.35,105.51,2020-02-21,59.09,7787.96,229.1,93.0,110.0,2020
MMSI,2019-10-31,20.66,1232.17,26.61,2020-04-29,42.17,2515.65,104.16,2020-04-29,42.17,2515.65,104.16,182.0,182.0,2020
DAO,2019-10-28,12.4,1495.87,29.19,2020-02-10,29.5,3558.72,137.9,2020-02-10,29.5,3558.72,137.9,106.0,106.0,2020
PCG,2019-10-28,3.8,8368.45,138.01,2019-11-05,8.0,17617.8,110.53,2019-11-05,8.0,17617.8,110.53,9.0,9.0,2019
SE,2019-10-22,26.7,16353.34,119.34,2020-04-16,53.95,33043.54,102.06,2020-04-16,53.95,33043.54,102.06,178.0,178.0,2020
ZM,2019-10-22,62.0,18273.98,207.16,2020-03-05,125.0,36842.69,101.61,2020-03-05,125.0,36842.69,101.61,136.0,136.0,2020
DT,2019-10-16,17.25,5144.83,28.78,2020-02-11,35.69,10644.58,106.9,2020-02-12,36.21,10799.67,109.91,119.0,120.0,2020
BNTX,2019-10-14,12.75,3224.27,23.43,2019-12-09,29.0,7333.64,127.45,2020-03-18,92.0,23265.35,621.57,57.0,157.0,2019
EHTH,2019-10-14,53.12,1685.92,46.21,2020-01-24,123.26,3912.4,132.06,2020-01-24,123.26,3912.4,132.06,103.0,103.0,2020
MRNA,2019-10-14,13.93,5527.23,31.25,2020-02-26,29.16,11570.29,109.33,2020-02-26,29.16,11570.29,109.33,136.0,136.0,2020
IOVA,2019-10-14,17.95,8014.72,31.68,2020-03-02,35.99,16069.62,100.5,2020-03-02,35.99,16069.62,100.5,141.0,141.0,2020
Z,2019-10-10,28.77,6582.63,119.1,2020-02-20,63.63,14558.66,121.17,2020-02-21,65.0,14872.12,125.93,134.0,135.0,2020
BILI,2019-10-08,13.44,5599.42,49.83,2020-02-12,27.53,11469.65,104.84,2020-02-14,28.69,11952.93,113.47,128.0,130.0,2020
AMD,2019-10-08,28.23,46031.86,1910.49,2020-02-18,56.89,92764.87,101.52,2020-02-19,58.9,96042.38,108.64,134.0,135.0,2020
NBR,2019-10-08,78.0,1154.08,33.27,2019-12-23,157.5,2330.36,101.92,2019-12-23,157.5,2330.36,101.92,77.0,77.0,2019
TXG,2019-10-02,46.07,5942.61,54.5,2020-01-23,95.06,12261.88,106.34,2020-01-28,106.62,13753.01,131.43,114.0,119.0,2020
ZG,2019-10-02,28.6,6543.73,37.34,2020-02-20,64.17,14682.21,124.37,2020-02-21,65.59,15007.11,129.34,142.0,143.0,2020
RNG,2019-10-02,121.51,10251.16,97.69,2020-02-18,245.73,20730.95,102.23,2020-02-19,248.79,20989.1,104.75,140.0,141.0,2020
AXSM,2019-10-01,16.71,859.89,23.19,2019-11-21,34.12,1755.81,104.19,2019-12-26,106.24,5467.09,535.79,52.0,87.0,2019
QURE,2019-10-01,37.13,2341.7,39.62,2019-12-26,74.62,4706.1,100.97,2019-12-26,74.62,4706.1,100.97,87.0,87.0,2019
ARWR,2019-09-27,26.96,3797.51,43.26,2020-01-10,58.01,8171.12,115.17,2020-01-10,58.01,8171.12,115.17,106.0,106.0,2020
DXCM,2019-09-10,36.31,14011.05,160.97,2020-02-18,74.0,28554.6,103.8,2020-02-20,75.63,29182.61,108.28,162.0,164.0,2020
SIG,2019-09-04,11.01,441.15,37.68,2020-01-16,30.13,1207.24,173.66,2020-01-16,30.13,1207.24,173.66,135.0,135.0,2020
ESPR,2019-09-04,34.47,8873.68,23.64,2020-02-12,70.11,18048.55,103.39,2020-02-13,73.84,19008.77,114.22,162.0,163.0,2020
CAR,2019-08-28,24.08,850.63,37.04,2020-02-20,50.34,1778.26,109.05,2020-02-20,50.34,1778.26,109.05,177.0,177.0,2020
TDOC,2019-08-27,55.3,9982.37,85.38,2020-02-13,112.02,20221.08,102.57,2020-03-10,146.07,26367.55,137.36,171.0,197.0,2020
PENN,2019-08-15,16.78,2245.89,37.83,2020-02-06,34.9,4671.13,107.99,2020-02-13,38.28,5123.52,128.13,176.0,183.0,2020
INSM,2019-08-15,15.49,3357.5,26.15,2020-02-04,33.04,7161.5,113.3,2020-02-05,33.98,7365.25,119.37,174.0,175.0,2020
TEVA,2019-08-15,6.16,7172.87,181.07,2020-02-10,12.35,14380.67,100.49,2020-02-12,13.45,15661.54,118.34,180.0,182.0,2020
VAL,2019-08-15,3.74,259.0,75.93,2019-09-16,7.71,533.93,106.15,2019-09-16,7.71,533.93,106.15,33.0,33.0,2019
THO,2019-08-15,42.72,2246.9,48.9,2020-02-12,85.51,4497.48,100.16,2020-02-13,86.88,4569.53,103.37,182.0,183.0,2020
BBBY,2019-08-15,6.73,497.41,89.31,2019-12-04,13.46,995.48,100.13,2019-12-04,13.46,995.48,100.13,112.0,112.0,2019
VIPS,2019-08-14,6.26,3006.49,56.9,2019-11-25,12.66,6080.23,102.24,2020-01-13,15.26,7328.93,143.77,104.0,153.0,2019
FSLY,2019-08-14,14.85,2324.02,23.12,2019-08-28,31.92,4995.48,114.95,2019-08-28,31.92,4995.48,114.95,15.0,15.0,2019
DOCU,2019-08-14,43.91,8531.33,123.38,2020-02-13,88.03,17103.47,100.48,2020-02-19,91.49,17775.72,108.03,184.0,190.0,2020
NTNX,2019-08-14,18.2,4902.15,142.0,2019-11-29,37.35,10060.18,105.22,2019-11-29,37.35,10060.18,105.22,108.0,108.0,2019
ACAD,2019-07-23,22.22,3804.86,31.71,2019-11-11,45.24,7746.71,103.6,2019-11-25,47.76,8178.23,114.94,112.0,126.0,2019
THC,2019-07-22,17.57,1513.43,34.36,2019-12-06,35.53,3060.45,102.22,2019-12-20,38.75,3337.81,120.55,138.0,152.0,2019
MYGN,2019-06-25,22.67,2141.14,27.16,2019-08-02,47.08,4446.62,107.68,2019-08-02,47.08,4446.62,107.68,39.0,39.0,2019
CRUS,2019-06-25,40.78,2080.08,27.91,2019-12-23,82.17,4191.28,101.5,2019-12-23,82.17,4191.28,101.5,182.0,182.0,2019
CROX,2019-06-19,17.76,882.49,39.14,2019-10-30,38.53,1914.54,116.95,2019-10-30,38.53,1914.54,116.95,134.0,134.0,2019
PDD,2019-06-03,19.03,27087.23,181.32,2019-10-24,39.96,56878.92,109.98,2019-11-05,43.53,61960.45,128.74,144.0,156.0,2019
WW,2019-06-03,17.27,172.68,24.09,2019-09-12,34.67,346.66,100.75,2019-09-30,37.82,378.15,118.99,102.0,120.0,2019
TSLA,2019-06-03,11.93,44810.67,2623.04,2019-11-19,23.97,90017.19,100.88,2019-11-19,23.97,90017.19,100.88,170.0,170.0,2019
SYNA,2019-05-31,26.45,1021.97,24.56,2019-11-07,53.65,2072.91,102.84,2020-02-07,84.53,3266.04,173.65,161.0,253.0,2019
VC,2019-05-31,44.51,1188.15,43.74,2019-10-24,91.05,2430.49,104.56,2019-11-05,95.87,2559.16,115.39,147.0,159.0,2019
RH,2019-05-31,85.15,1609.4,140.17,2019-09-13,173.63,3281.74,103.91,2019-09-13,173.63,3281.74,103.91,106.0,106.0,2019
AU,2019-05-02,11.35,5738.31,43.81,2019-08-27,23.5,11881.08,107.05,2019-08-27,23.5,11881.08,107.05,118.0,118.0,2019
PLMR,2019-04-18,18.5,490.51,45.89,2019-09-20,37.94,1005.95,105.08,2019-09-23,38.01,1007.81,105.46,156.0,159.0,2019
PODD,2019-04-18,82.13,5688.71,58.05,2019-09-03,167.95,11633.0,104.49,2019-09-03,167.95,11633.0,104.49,139.0,139.0,2019
WTW,2019-04-12,17.7,1671.73,106.43,2022-01-10,232.62,21970.49,1214.24,2022-03-29,243.39,22987.69,1275.08,1005.0,1083.0,2022
SEDG,2019-03-26,36.68,2230.81,31.28,2019-08-07,80.3,4883.7,118.92,2019-08-21,87.85,5342.88,139.5,135.0,149.0,2019
ADNT,2019-03-22,12.57,985.66,48.18,2019-04-17,25.36,1988.56,101.75,2019-04-18,25.91,2031.69,106.13,27.0,28.0,2019
SHAK,2019-03-06,51.2,2065.96,38.84,2019-09-04,104.61,4221.09,104.32,2019-09-04,104.61,4221.09,104.32,183.0,183.0,2019
SE,2019-02-21,15.71,9622.13,21.24,2019-08-13,34.62,21204.21,120.37,2019-08-19,36.1,22110.69,129.79,174.0,180.0,2019
PCG,2019-01-17,6.36,14006.15,341.05,2019-01-29,13.99,30809.12,119.97,2019-06-27,23.95,52743.28,276.57,13.0,162.0,2019
RUN,2019-01-03,9.78,2333.01,23.36,2019-07-01,19.83,4730.43,102.76,2019-07-02,20.33,4849.71,107.87,180.0,181.0,2019
OLED,2019-01-03,79.31,3707.81,113.13,2019-03-21,161.62,7555.88,103.78,2019-03-21,161.62,7555.88,103.78,78.0,78.0,2019
WRD,2018-12-24,12.01,4020.57,31.12,2025-02-14,31.5,10545.22,162.28,2025-02-18,40.4,13524.66,236.39,2245.0,2249.0,2025
ROKU,2018-12-24,27.17,4012.84,412.25,2019-02-22,64.47,9521.82,137.28,2019-09-06,169.86,25087.26,200.64,61.0,257.0,2019
STNE,2018-12-24,16.71,4064.34,60.35,2019-03-18,34.6,8415.7,107.06,2019-03-26,43.56,10595.02,160.68,85.0,93.0,2019
SBGI,2018-12-24,25.22,1820.02,41.9,2019-05-06,60.48,4364.57,139.81,2019-05-10,61.81,4460.55,145.08,134.0,138.0,2019
ARWR,2018-12-24,10.74,1512.8,33.28,2019-05-22,21.79,3069.27,102.89,2019-07-22,29.98,4222.89,134.04,150.0,211.0,2019
SHOP,2018-12-24,11.91,15455.07,240.39,2019-04-30,24.35,31601.78,104.48,2019-07-26,33.65,43671.27,114.21,128.0,215.0,2019
VEEV,2018-12-24,80.01,13057.53,120.15,2019-06-07,162.2,26470.83,102.72,2019-06-20,171.15,27931.46,113.91,166.0,179.0,2019
W,2018-12-24,80.44,10617.8,208.05,2019-02-26,163.51,21582.75,103.27,2019-03-12,171.57,22646.64,113.29,65.0,79.0,2019
CRC,2018-12-24,13.92,1236.03,66.31,2019-04-05,29.41,2611.46,111.28,2019-04-05,29.41,2611.46,111.28,103.0,103.0,2019
PAYC,2018-12-24,111.54,5200.79,98.59,2019-06-19,225.89,10532.6,102.52,2019-06-20,230.15,10731.23,106.34,178.0,179.0,2019
TTD,2018-12-24,10.44,4907.46,150.96,2019-03-21,21.36,10040.1,104.59,2019-03-21,21.36,10040.1,104.59,88.0,88.0,2019
BLD,2018-12-24,42.3,1190.41,21.99,2019-05-14,85.75,2413.19,102.72,2019-05-15,86.34,2429.79,104.11,142.0,143.0,2019
ARRY,2018-12-24,13.38,2058.2,38.48,2019-05-24,27.09,4167.16,102.47,2019-05-28,27.14,4174.85,102.84,152.0,156.0,2019
PUMP,2018-12-24,11.68,1432.17,22.81,2019-04-10,23.51,2882.73,101.28,2019-04-11,23.65,2899.89,102.48,108.0,109.0,2019
SFIX,2018-12-24,16.72,2282.66,98.3,2019-03-12,33.78,4611.73,102.03,2019-03-12,33.78,4611.73,102.03,79.0,79.0,2019
MELI,2018-12-24,257.52,13055.54,251.89,2019-04-01,518.11,26266.72,101.19,2019-04-01,518.11,26266.72,101.19,99.0,99.0,2019
YETI,2018-12-24,12.51,946.93,24.31,2019-03-01,25.09,1899.15,100.56,2019-03-01,25.09,1899.15,100.56,68.0,68.0,2019
NBR,2018-12-24,94.5,1398.21,69.16,2019-04-01,189.0,2796.43,100.0,2019-04-02,189.5,2803.82,100.53,99.0,100.0,2019
FND,2018-12-24,24.0,2594.26,52.76,2019-04-24,48.12,5201.49,100.5,2019-04-24,48.12,5201.49,100.5,122.0,122.0,2019
COTY,2018-12-24,6.11,5379.65,89.29,2019-05-07,12.25,10785.71,100.49,2019-05-07,12.25,10785.71,100.49,135.0,135.0,2019
P,2018-12-21,7.71,2560.9,78.94,2026-04-17,66.97,22244.26,768.61,2026-05-08,78.16,25961.05,913.75,2675.0,2696.0,2026
PAGS,2018-12-21,17.49,4888.79,94.88,2019-06-07,35.77,9998.41,104.52,2019-07-05,40.51,11323.33,115.02,169.0,197.0,2019
CRSP,2018-12-21,22.73,2192.28,41.91,2019-06-17,47.07,4539.84,107.08,2019-06-18,48.2,4648.83,112.05,179.0,180.0,2019
CVNA,2018-12-21,5.97,4274.81,68.25,2019-04-02,12.56,8999.45,110.52,2019-04-02,12.56,8999.45,110.52,103.0,103.0,2019
NVCR,2018-12-21,29.72,3442.2,31.45,2019-06-18,59.8,6926.09,101.21,2019-06-19,61.51,7124.15,106.97,180.0,181.0,2019
ACB,2018-12-21,585.6,34624.54,33.72,2019-03-18,1192.8,70526.21,103.69,2019-03-19,1195.2,70668.12,104.1,88.0,89.0,2019
SNAP,2018-12-21,4.99,8269.23,192.95,2019-02-25,10.12,16770.47,102.81,2019-02-25,10.12,16770.47,102.81,67.0,67.0,2019
WGO,2018-12-18,19.96,564.19,20.83,2019-06-19,40.0,1130.63,100.4,2019-06-19,40.0,1130.63,100.4,184.0,184.0,2019
TROX,2018-12-10,7.05,1124.64,24.11,2019-04-11,14.28,2278.0,102.55,2019-04-23,15.28,2437.53,116.74,123.0,135.0,2019
HUYA,2018-12-07,14.66,3368.74,125.15,2019-03-05,29.96,6884.54,104.37,2019-03-05,29.96,6884.54,104.37,89.0,89.0,2019
TNDM,2018-11-20,28.45,1949.65,98.1,2019-02-27,61.86,4239.21,117.43,2019-03-21,73.56,5041.0,158.56,100.0,122.0,2019
ZS,2018-11-20,32.25,5185.5,59.44,2019-03-13,64.8,10419.24,100.93,2019-03-28,71.05,11424.18,120.31,114.0,129.0,2019
OKTA,2018-11-20,47.82,8385.07,127.79,2019-04-15,95.69,16778.9,100.1,2019-04-15,95.69,16778.9,100.1,147.0,147.0,2019
MTCH,2018-11-19,36.26,8458.24,116.04,2019-05-16,74.02,17266.39,104.14,2019-05-16,74.02,17266.39,104.14,179.0,179.0,2019
FTDR,2018-11-16,21.08,1480.55,48.07,2019-05-17,42.34,2973.75,100.85,2019-05-20,42.73,3001.14,102.7,183.0,186.0,2019
PBYI,2018-11-02,20.07,1021.55,46.98,2019-03-12,40.25,2048.7,100.55,2019-03-13,42.0,2137.78,109.27,131.0,132.0,2019
CRON,2018-10-29,6.8,2558.65,124.53,2019-02-21,22.47,8454.82,230.44,2019-03-05,23.7,8917.63,248.53,116.0,128.0,2019
VIPS,2018-10-29,4.5,2161.22,81.85,2019-05-02,9.11,4375.26,102.44,2019-05-03,9.16,4399.28,102.21,186.0,187.0,2019
TREE,2018-10-29,186.15,2597.35,53.2,2019-04-22,372.56,5198.34,100.14,2019-04-22,372.56,5198.34,100.14,176.0,176.0,2019
TWLO,2018-10-24,63.98,9710.49,178.06,2019-03-14,130.0,19730.6,103.19,2019-03-21,135.66,20589.64,112.04,142.0,149.0,2019
MDB,2018-10-11,63.1,5071.32,55.51,2019-03-14,130.94,10523.59,107.51,2019-03-21,154.64,12428.34,145.07,155.0,162.0,2019
GH,2018-10-05,29.2,3871.92,191.28,2019-02-28,66.64,8836.46,128.22,2019-03-15,97.98,12992.14,235.55,147.0,162.0,2019
ACAD,2018-09-11,13.49,2309.97,50.02,2019-03-13,27.38,4688.44,102.97,2019-03-13,27.38,4688.44,102.97,184.0,184.0,2019
AU,2018-08-16,7.16,3619.94,31.55,2019-02-19,14.98,7573.55,109.22,2019-02-20,15.51,7841.51,114.23,188.0,189.0,2019
CGC,2018-08-14,246.2,104098.04,43.35,2019-01-28,507.7,214665.22,106.21,2019-01-28,507.7,214665.22,106.21,168.0,168.0,2019
TLRY,2018-07-31,221.0,26432.53,152.18,2018-08-27,534.4,63916.5,141.81,2018-09-19,2140.6,256024.8,868.6,28.0,51.0,2018
MDXG,2018-07-16,3.22,479.61,26.14,2018-10-04,6.45,960.7,100.31,2018-10-04,6.45,960.7,100.31,81.0,81.0,2018
CRON,2018-05-09,5.52,2077.02,22.19,2018-08-27,12.04,4530.31,118.12,2018-08-29,12.74,4793.7,130.8,111.0,113.0,2018
BILI,2018-05-04,9.99,4162.07,24.2,2018-06-13,20.07,8361.64,100.9,2018-06-14,20.5,8540.78,105.21,41.0,42.0,2018
DDD,2018-05-03,9.31,1359.79,30.12,2018-08-10,19.88,2903.62,113.53,2018-08-10,19.88,2903.62,113.53,100.0,100.0,2018
W,2018-04-30,62.3,8223.38,144.04,2018-07-17,124.65,16453.36,100.08,2018-07-17,124.65,16453.36,100.08,79.0,79.0,2018
PAY,2018-04-09,15.0,1886.84,25.3,2021-05-28,30.5,3836.57,103.33,2021-06-02,33.5,4213.94,123.33,1146.0,1151.0,2021
MDGL,2018-04-06,101.55,2341.3,22.3,2018-07-18,287.0,6616.97,182.62,2018-07-19,288.72,6656.63,184.31,104.0,105.0,2018
ROKU,2018-04-03,30.29,4473.64,293.57,2018-08-24,63.26,9343.11,108.85,2018-08-27,64.1,9467.17,111.62,144.0,147.0,2018
AMD,2018-04-02,9.53,15539.62,673.28,2018-07-30,19.42,31666.26,103.78,2018-07-30,19.42,31666.26,103.78,120.0,120.0,2018
AAOI,2018-03-28,23.65,1897.74,67.07,2018-07-12,48.8,3915.85,106.34,2018-07-12,48.8,3915.85,106.34,107.0,107.0,2018
RH,2018-03-27,75.31,1423.42,101.76,2018-06-12,155.0,2929.62,105.82,2018-06-15,160.87,3040.57,113.61,78.0,81.0,2018
LULU,2018-03-27,78.71,9098.77,130.27,2018-09-18,158.44,18315.45,101.3,2018-09-18,158.44,18315.45,101.3,176.0,176.0,2018
MOH,2018-03-23,74.6,3886.66,95.64,2018-09-13,149.74,7801.45,100.72,2018-09-14,151.73,7905.13,103.39,175.0,176.0,2018
CRC,2018-03-07,13.97,1240.46,25.83,2018-05-09,31.41,2789.05,124.84,2018-10-03,49.97,4437.08,178.23,64.0,211.0,2018
DXCM,2018-03-01,13.51,5212.18,93.72,2018-08-02,31.17,12028.63,130.78,2018-09-11,36.72,14168.29,126.34,155.0,195.0,2018
SAM,2018-02-28,163.05,1697.91,27.1,2018-07-13,326.2,3396.86,100.06,2018-07-13,326.2,3396.86,100.06,136.0,136.0,2018
GOOS,2018-02-09,30.46,2958.53,26.05,2018-07-10,61.58,5981.17,102.17,2018-07-10,61.58,5981.17,102.17,152.0,152.0,2018
TTD,2018-02-09,4.28,2012.06,55.86,2018-05-18,8.56,4025.54,100.07,2018-05-18,8.56,4025.54,100.07,99.0,99.0,2018
ETSY,2018-02-08,17.73,1682.51,32.79,2018-06-14,41.65,3952.43,134.91,2018-08-24,49.04,4653.71,133.19,127.0,198.0,2018
NTNX,2018-02-05,30.34,8172.05,111.88,2018-06-13,63.5,17103.65,109.29,2018-06-18,63.71,17160.22,109.99,129.0,134.0,2018
P,2018-01-22,4.13,1371.79,54.65,2018-06-19,8.33,2766.83,101.69,2018-06-20,8.49,2819.98,105.57,149.0,150.0,2018
TDOC,2018-01-18,31.3,5650.06,35.19,2018-07-05,62.8,11336.22,100.64,2018-07-09,65.15,11760.43,108.15,169.0,173.0,2018
OKTA,2018-01-16,26.35,4620.38,22.13,2018-07-12,54.66,9584.44,107.44,2018-07-18,56.35,9880.77,110.42,178.0,184.0,2018
TWLO,2017-12-29,23.6,3581.86,50.9,2018-05-09,52.41,7954.47,122.08,2018-09-25,87.7,13310.57,139.29,132.0,271.0,2018
SRPT,2017-12-15,52.6,5553.31,101.37,2018-06-18,105.24,11110.84,100.08,2018-06-20,153.69,16226.01,184.51,186.0,188.0,2018
DYN,2017-12-14,11.0,1817.41,47.01,2020-11-03,23.94,3955.35,117.64,2020-11-03,23.94,3955.35,117.64,1056.0,1056.0,2020
NFLX,2017-12-12,18.57,78207.16,1252.37,2018-06-13,37.99,159980.87,104.56,2018-06-20,41.68,175489.24,123.78,184.0,191.0,2018
MDB,2017-12-08,25.76,2070.32,21.58,2018-06-08,51.92,4172.79,101.55,2018-06-15,59.23,4760.29,129.75,183.0,190.0,2018
WTW,2017-12-04,42.8,4042.37,57.75,2018-06-05,85.93,8115.91,100.77,2018-06-06,87.86,8298.2,105.28,184.0,185.0,2018
BZUN,2017-12-01,27.44,1595.04,91.92,2018-05-23,56.67,3294.14,106.52,2018-06-12,66.33,3855.66,122.88,174.0,194.0,2018
MOMO,2017-12-01,22.56,3333.18,210.56,2018-05-31,45.92,6784.56,103.55,2018-06-14,53.86,7957.68,120.02,182.0,196.0,2018
ATHM,2017-11-30,55.37,6377.01,58.58,2018-05-31,112.72,12982.07,103.58,2018-06-05,117.87,13575.2,112.03,183.0,188.0,2018
FOSL,2017-11-08,5.67,334.96,24.1,2018-02-14,16.97,1002.53,199.29,2018-06-26,31.14,1839.65,324.25,99.0,231.0,2018
THC,2017-11-06,12.65,1089.63,59.88,2018-05-01,28.52,2456.63,125.45,2018-07-26,38.88,3349.01,120.91,177.0,263.0,2018
VIPS,2017-10-30,7.87,3779.73,81.11,2018-01-16,16.04,7703.54,103.81,2018-01-16,16.04,7703.54,103.81,79.0,79.0,2018
ROKU,2017-10-26,18.57,2742.67,204.0,2017-11-13,42.71,6308.0,129.99,2017-11-13,42.71,6308.0,129.99,19.0,19.0,2017
SEDG,2017-09-25,26.8,1629.93,20.08,2018-03-27,55.2,3357.16,105.97,2018-03-27,55.2,3357.16,105.97,184.0,184.0,2018
SAN,2017-09-05,3.03,43679.11,46.11,2017-10-20,6.29,90530.61,107.26,2018-01-26,7.24,104192.21,138.54,46.0,144.0,2017
SM,2017-08-30,12.79,3066.39,71.28,2018-01-09,26.16,6271.83,104.53,2018-01-10,26.89,6446.84,110.24,133.0,134.0,2018
MTCH,2017-08-23,18.61,4341.09,22.4,2018-02-12,37.99,8861.8,104.14,2018-02-20,42.1,9820.52,126.22,174.0,182.0,2018
NKTR,2017-08-21,266.85,9004.09,33.3,2017-11-13,556.5,18777.5,108.54,2018-03-08,1626.6,54884.98,406.97,85.0,200.0,2017
CRC,2017-08-21,6.54,580.72,22.6,2017-11-06,14.13,1254.67,116.06,2018-01-26,24.37,2163.93,272.63,78.0,159.0,2017
GOOS,2017-08-21,17.15,1665.75,22.03,2018-01-23,35.23,3421.84,105.42,2018-02-07,38.12,3702.54,122.27,156.0,171.0,2018
URBN,2017-08-15,16.82,1439.81,74.99,2017-12-18,34.5,2953.24,105.11,2018-01-02,35.84,3067.95,113.08,126.0,141.0,2017
ARRY,2017-08-02,7.31,1124.47,33.53,2018-01-22,15.56,2393.54,112.86,2018-01-22,15.56,2393.54,112.86,174.0,174.0,2018
ANF,2017-07-12,8.89,397.73,46.68,2017-12-07,17.79,795.9,100.11,2017-12-08,18.01,805.74,102.59,149.0,150.0,2017
CGNX,2017-06-30,42.45,7064.51,57.56,2017-11-16,137.94,22955.9,224.95,2017-11-21,144.86,24107.52,241.25,140.0,145.0,2017
HTZ,2017-06-21,8.7,2740.96,63.17,2017-07-19,17.53,5522.88,101.49,2017-07-19,17.53,5522.88,101.49,29.0,29.0,2017
CAR,2017-06-20,21.62,763.73,72.77,2017-12-15,43.92,1551.47,103.15,2017-12-18,45.5,1607.29,110.45,179.0,182.0,2017
NTNX,2017-06-12,17.28,4654.35,41.58,2017-11-27,34.64,9330.25,100.46,2017-11-27,34.64,9330.25,100.46,169.0,169.0,2017
RH,2017-06-02,42.54,804.04,81.84,2017-10-24,85.27,1611.67,100.45,2017-10-24,85.27,1611.67,100.45,145.0,145.0,2017
ALNY,2017-05-30,64.09,8556.82,55.69,2017-11-10,139.98,18689.09,118.41,2017-11-10,139.98,18689.09,118.41,165.0,165.0,2017
PBYI,2017-05-08,29.0,1476.08,35.19,2017-05-24,74.95,3814.91,158.45,2017-11-08,132.45,6741.63,330.73,17.0,185.0,2017
DYN,2017-05-04,5.93,979.75,30.73,2017-10-31,12.45,2056.98,109.95,2017-10-31,12.45,2056.98,109.95,181.0,181.0,2017
MYGN,2017-04-21,17.61,1663.23,25.52,2017-09-27,36.0,3400.14,104.43,2017-10-06,37.14,3507.81,110.9,160.0,169.0,2017
ATHM,2017-04-13,28.9,3328.44,20.49,2017-08-11,61.52,7085.31,112.87,2017-09-13,67.05,7722.21,132.01,121.0,154.0,2017
WTW,2017-03-21,14.4,1360.05,20.41,2017-08-29,47.08,4446.61,226.94,2017-10-18,47.52,4488.17,164.15,162.0,212.0,2017
WB,2017-03-21,47.75,11730.87,86.35,2017-08-23,97.41,23930.97,104.0,2017-08-24,98.21,24127.5,105.68,156.0,157.0,2017
IAG,2017-03-14,3.39,1959.42,39.52,2017-09-05,6.93,4005.54,104.42,2017-09-07,7.21,4167.38,112.68,176.0,178.0,2017
TAL,2017-03-08,15.09,9183.63,20.62,2017-09-01,30.93,18821.58,104.95,2017-09-13,32.92,20032.54,107.7,178.0,190.0,2017
PI,2017-03-07,27.36,833.36,23.85,2017-06-16,55.71,1696.87,103.62,2017-06-19,55.85,1701.14,104.13,102.0,105.0,2017
RH,2017-02-07,25.08,474.03,69.63,2017-05-03,51.75,978.11,106.34,2017-05-10,59.99,1133.86,139.19,86.0,93.0,2017
NKTR,2017-01-30,176.25,5947.05,21.86,2017-03-28,358.95,12111.74,103.66,2017-03-29,363.0,12248.4,105.96,58.0,59.0,2017
ALNY,2017-01-30,36.88,4923.94,56.79,2017-05-22,73.93,9870.58,100.46,2017-05-23,74.87,9996.09,103.01,113.0,114.0,2017
TREE,2017-01-26,106.1,1480.42,30.03,2017-07-27,217.15,3029.9,104.67,2017-07-27,217.15,3029.9,104.67,183.0,183.0,2017
VRTX,2017-01-20,81.37,20652.15,149.62,2017-07-21,163.17,41413.43,100.53,2017-07-24,166.11,42159.62,104.07,183.0,186.0,2017
MOMO,2016-12-19,17.16,2535.35,58.77,2017-03-16,34.73,5131.27,102.39,2017-03-17,35.01,5172.64,104.02,88.0,89.0,2017
COHR,2016-12-06,128.98,25233.56,20.1,2017-06-08,261.85,51228.16,103.02,2017-06-08,261.85,51228.16,103.02,185.0,185.0,2017
SHOP,2016-11-14,3.79,4918.11,33.69,2017-04-20,7.61,9869.96,100.69,2017-04-25,7.66,9946.52,102.24,158.0,163.0,2017
AMD,2016-11-10,6.3,10264.63,215.8,2017-03-24,13.7,22339.23,117.63,2017-04-03,14.64,23871.99,132.57,135.0,145.0,2017
CYH,2016-11-09,4.66,656.67,55.3,2017-02-27,9.69,1365.48,107.94,2017-02-28,9.75,1373.94,109.23,111.0,112.0,2017
W,2016-11-08,32.26,4258.21,51.83,2017-05-11,64.54,8519.05,100.06,2017-05-11,64.54,8519.05,100.06,185.0,185.0,2017
OLED,2016-11-02,50.8,2374.95,44.44,2017-05-05,111.3,5203.37,119.09,2017-06-08,127.1,5942.04,128.19,185.0,219.0,2017
CXW,2016-10-28,13.18,1303.35,43.04,2017-01-10,26.48,2618.57,100.91,2017-02-24,35.03,3464.06,165.78,75.0,120.0,2017
ASIX,2016-10-06,14.01,377.7,57.44,2017-02-16,28.45,766.98,103.07,2017-02-21,29.62,798.53,111.42,134.0,139.0,2017
SDRL,2016-09-27,51679.61,3227363.07,33.55,2016-12-12,105233.61,6571780.75,103.63,2016-12-12,105233.61,6571780.75,103.63,77.0,77.0,2016
GEO,2016-09-01,13.12,1753.07,26.96,2017-02-21,30.77,4111.88,134.55,2017-02-27,32.65,4362.2,148.83,174.0,180.0,2017
CRC,2016-08-02,9.13,810.7,29.8,2016-12-01,18.34,1628.5,100.88,2016-12-01,18.34,1628.5,100.88,122.0,122.0,2016
NBR,2016-08-01,430.5,6369.64,76.13,2016-12-05,874.5,12939.02,103.14,2016-12-05,874.5,12939.02,103.14,127.0,127.0,2016
CC,2016-07-06,5.93,891.74,26.12,2016-09-02,13.63,2049.65,129.85,2017-05-16,45.38,6824.14,119.12,59.0,315.0,2016
IONS,2016-06-27,20.62,3407.71,76.71,2016-11-11,42.57,7035.23,106.45,2016-12-27,55.12,9109.27,145.09,138.0,184.0,2016
XPO,2016-06-27,8.06,946.14,36.85,2016-12-07,16.63,1951.96,106.31,2016-12-08,17.07,2003.94,111.8,164.0,165.0,2016
SLM,2016-06-27,5.58,1052.35,24.92,2016-12-07,11.37,2144.3,103.76,2016-12-08,11.52,2172.59,106.45,164.0,165.0,2016
UAL,2016-06-27,37.75,12252.51,296.61,2016-12-20,76.05,24683.53,101.46,2016-12-20,76.05,24683.53,101.46,177.0,177.0,2016
LPLA,2016-06-27,21.15,1691.64,32.39,2016-12-01,42.45,3395.27,100.71,2016-12-01,42.45,3395.27,100.71,158.0,158.0,2016
PRTA,2016-06-27,33.81,1770.06,23.06,2016-11-14,67.64,3541.17,100.06,2016-11-14,67.64,3541.17,100.06,141.0,141.0,2016
TWLO,2016-06-24,26.3,3991.65,368.02,2016-08-12,53.29,8088.03,102.62,2016-08-16,59.34,9006.26,125.63,50.0,54.0,2016
EXEL,2016-06-07,7.12,1789.65,22.89,2016-12-02,17.37,4366.04,143.96,2016-12-06,18.25,4587.23,151.38,179.0,183.0,2016
CLF,2016-05-24,3.02,1722.65,21.25,2016-11-18,7.41,4226.77,145.36,2016-11-25,9.91,5652.81,222.8,179.0,186.0,2016
VALE,2016-05-24,3.91,16674.33,120.71,2016-11-10,8.0,34116.27,104.6,2016-11-10,8.0,34116.27,104.6,171.0,171.0,2016
NGVT,2016-05-20,24.93,866.86,102.47,2016-11-17,50.5,1755.97,102.57,2016-11-17,50.5,1755.97,102.57,182.0,182.0,2016
AMBA,2016-05-12,35.38,1549.25,81.25,2016-08-30,72.18,3160.68,104.01,2016-08-30,72.18,3160.68,104.01,111.0,111.0,2016
STX,2016-05-11,18.72,4197.57,185.93,2016-09-27,38.42,8614.88,105.24,2016-09-30,38.55,8644.03,105.93,140.0,143.0,2016
PBYI,2016-05-10,21.87,1113.17,41.67,2016-07-26,45.67,2324.58,108.82,2016-09-27,70.41,3583.83,221.95,78.0,141.0,2016
NTES,2016-04-27,26.63,16992.08,176.77,2016-10-24,53.44,34099.01,100.68,2016-10-25,53.92,34407.87,102.49,181.0,182.0,2016
AMD,2016-04-25,3.45,5625.57,34.68,2016-10-20,6.96,11348.98,101.74,2016-10-20,6.96,11348.98,101.74,179.0,179.0,2016
SRPT,2016-04-21,11.02,1163.45,47.59,2016-08-10,24.03,2537.0,118.06,2016-10-05,62.35,6582.68,465.79,112.0,168.0,2016
SUNE,2016-04-04,42.2,143.76,188.27,2016-04-14,117.02,398.64,177.3,2016-04-14,117.02,398.64,177.3,11.0,11.0,2016
PTCT,2016-03-28,5.51,457.05,29.93,2016-09-23,11.66,967.19,111.62,2016-09-30,14.01,1162.12,145.36,180.0,187.0,2016
SM,2016-03-08,14.69,3521.91,65.94,2016-09-01,37.56,9004.96,155.68,2016-09-06,39.04,9359.79,165.76,178.0,183.0,2016
PBR.A,2016-03-03,3.4,21910.85,40.12,2016-08-31,7.9,50910.49,132.35,2016-09-08,8.82,56839.31,151.28,182.0,190.0,2016
ACAD,2016-02-29,17.26,2955.53,47.91,2016-05-24,34.9,5976.13,102.2,2016-06-08,41.55,7114.85,140.73,86.0,101.0,2016
EXEL,2016-02-29,3.64,914.93,25.11,2016-06-06,7.33,1842.43,101.37,2016-06-06,7.33,1842.43,101.37,99.0,99.0,2016
SM,2016-02-24,7.6,1822.09,64.7,2016-03-04,15.6,3740.08,105.26,2016-03-07,17.2,4123.68,126.32,10.0,13.0,2016
S,2016-02-24,3.05,1037.84,84.38,2016-08-23,6.12,2082.49,100.66,2016-08-23,6.12,2082.49,100.66,182.0,182.0,2016
DYN,2016-02-22,7.43,1227.58,53.58,2016-04-01,14.92,2465.07,100.81,2016-04-01,14.92,2465.07,100.81,40.0,40.0,2016
MUR,2016-02-19,15.76,2259.19,101.38,2016-04-21,31.63,4534.15,100.7,2016-04-27,36.24,5194.99,129.95,63.0,69.0,2016
NUS,2016-02-19,28.13,1383.34,45.33,2016-08-05,59.5,2926.02,111.52,2016-08-05,59.5,2926.02,111.52,169.0,169.0,2016
DVN,2016-02-19,18.65,21503.26,259.62,2016-06-06,37.56,43306.3,101.39,2016-06-07,38.76,44689.89,107.83,109.0,110.0,2016
PBR,2016-02-16,3.06,19719.76,141.53,2016-08-12,8.73,56259.32,185.29,2016-08-18,9.44,60834.82,199.68,179.0,185.0,2016
HTZ,2016-02-11,7.1,2236.88,129.32,2016-07-01,43.87,13821.38,517.89,2016-07-26,52.61,16574.94,640.99,142.0,167.0,2016
TRGP,2016-02-11,15.43,3311.96,58.04,2016-04-12,32.19,6909.39,108.62,2016-06-06,44.96,9650.39,191.38,62.0,117.0,2016
MTZ,2016-02-11,12.75,1007.49,21.67,2016-08-05,28.25,2232.27,121.57,2016-08-24,30.92,2443.25,112.95,177.0,196.0,2016
MT,2016-02-11,9.06,6895.8,50.91,2016-07-26,18.24,13882.93,101.32,2016-07-26,18.24,13882.93,101.32,167.0,167.0,2016
YELP,2016-02-11,15.23,850.34,68.31,2016-07-26,30.66,1711.85,101.31,2016-07-26,30.66,1711.85,101.31,167.0,167.0,2016
CX,2016-02-11,3.95,5696.63,91.67,2016-08-10,8.11,11696.28,105.32,2016-08-12,8.39,12112.43,100.87,182.0,184.0,2016
SDRL,2016-02-10,43646.51,2725700.41,61.24,2016-03-04,159858.69,9983086.79,266.26,2016-03-07,162268.62,10133585.58,271.78,24.0,27.0,2016
OLN,2016-02-10,12.78,1455.09,63.74,2016-07-12,25.94,2953.45,102.97,2016-07-20,26.28,2992.16,105.63,154.0,162.0,2016
EDIT,2016-02-09,12.81,1254.18,20.73,2016-02-26,27.49,2691.44,114.6,2016-04-05,42.04,4115.98,228.18,18.0,57.0,2016
PAYC,2016-02-09,22.5,1049.11,31.12,2016-07-08,45.48,2120.6,102.13,2016-08-05,51.5,2401.3,128.89,151.0,179.0,2016
GRPN,2016-02-09,44.4,1686.49,31.36,2016-02-26,89.8,3410.96,102.25,2016-03-03,97.2,3692.04,118.92,18.0,24.0,2016
MELI,2016-02-09,85.82,4350.83,56.06,2016-08-05,172.98,8769.6,101.56,2016-08-08,173.72,8807.11,102.42,179.0,182.0,2016
TREE,2016-02-09,54.98,767.14,47.02,2016-08-05,110.02,1535.11,100.11,2016-08-05,110.02,1535.11,100.11,179.0,179.0,2016
Z,2016-02-08,16.01,3663.12,38.66,2016-06-07,32.07,7337.67,100.31,2016-08-01,39.84,9115.46,148.84,121.0,176.0,2016
WMB,2016-02-08,11.16,13648.66,377.72,2016-06-01,22.59,27627.53,102.42,2016-06-07,23.57,28826.07,111.2,115.0,121.0,2016
ZG,2016-02-08,17.06,3903.36,20.67,2016-06-17,34.16,7815.87,100.23,2016-06-23,35.5,8122.46,108.09,131.0,137.0,2016
SRPT,2016-02-08,10.74,1133.89,56.58,2016-03-21,21.71,2292.06,102.14,2016-03-21,21.71,2292.06,102.14,43.0,43.0,2016
MBLY,2016-02-08,24.54,20667.25,199.35,2016-07-22,49.6,41772.43,102.12,2016-07-22,49.6,41772.43,102.12,166.0,166.0,2016
AVXL,2016-01-28,3.43,317.86,25.47,2016-07-07,6.94,643.14,102.33,2016-07-11,7.73,716.35,125.36,162.0,166.0,2016
HUN,2016-01-25,7.91,1387.01,59.45,2016-06-06,16.25,2849.42,105.44,2016-06-08,16.54,2900.27,109.1,134.0,136.0,2016
TK,2016-01-20,4.92,428.1,24.87,2016-04-13,10.45,909.27,112.4,2016-04-22,11.43,994.55,132.32,85.0,94.0,2016
DDD,2016-01-20,6.42,937.69,35.18,2016-03-14,14.45,2110.53,125.08,2016-03-14,14.45,2110.53,125.08,55.0,55.0,2016
RGLD,2016-01-20,25.33,2149.67,40.41,2016-03-17,50.97,4325.65,101.22,2016-03-21,52.27,4435.98,106.36,58.0,62.0,2016
GLNG,2016-01-20,10.04,1021.87,44.05,2016-03-07,20.57,2093.61,104.88,2016-03-07,20.57,2093.61,104.88,48.0,48.0,2016
ATI,2016-01-19,7.62,1039.9,32.63,2016-03-02,15.35,2094.82,101.44,2016-03-22,17.57,2397.79,130.58,44.0,64.0,2016
NEM,2016-01-19,16.31,17411.79,152.17,2016-04-28,32.99,35218.57,102.27,2016-04-29,34.97,37332.32,114.41,101.0,102.0,2016
GOLD,2016-01-19,60.48,1754.17,53.79,2016-07-05,122.47,3552.17,102.5,2016-07-06,125.41,3637.44,107.36,169.0,170.0,2016
RRC,2016-01-19,20.45,4818.48,166.47,2016-04-27,41.88,9867.86,104.79,2016-04-27,41.88,9867.86,104.79,100.0,100.0,2016
CNQ,2016-01-19,7.88,16435.39,104.82,2016-07-12,15.87,33100.22,101.4,2016-07-14,16.06,33496.5,103.81,176.0,178.0,2016
FTK,2016-01-19,33.12,1198.2,24.0,2016-05-10,66.36,2400.74,100.36,2016-05-11,67.5,2441.98,103.8,113.0,114.0,2016
CNX,2016-01-15,4.99,705.97,92.19,2016-03-03,10.3,1457.22,106.41,2016-07-29,19.38,2741.84,168.79,49.0,197.0,2016
WYNN,2016-01-14,51.5,5345.02,295.34,2016-06-17,103.19,10709.75,100.37,2016-06-17,103.19,10709.75,100.37,156.0,156.0,2016
FCX,2016-01-13,3.74,5376.36,400.06,2016-02-22,7.93,11399.62,112.03,2016-02-22,7.93,11399.62,112.03,41.0,41.0,2016
OKE,2015-12-18,18.93,11926.52,91.65,2016-05-04,38.17,24048.35,101.64,2016-08-19,49.71,31318.93,133.27,139.0,246.0,2016
AEM,2015-12-17,25.05,12525.91,78.38,2016-06-03,50.16,25081.82,100.24,2016-06-13,51.43,25716.86,105.31,170.0,180.0,2016
AU,2015-11-27,6.27,3169.97,31.98,2016-02-25,12.63,6385.45,101.44,2016-02-25,12.63,6385.45,101.44,91.0,91.0,2016
SUNE,2015-11-20,564.0,1921.33,361.95,2015-12-16,1242.0,4231.02,120.21,2015-12-21,1348.0,4592.12,139.01,27.0,32.0,2015
AVXL,2015-11-17,3.24,300.26,43.34,2015-11-30,6.99,647.78,115.74,2015-11-30,6.99,647.78,115.74,14.0,14.0,2015
PCRX,2015-10-06,36.62,1440.92,56.41,2015-12-17,73.62,2896.79,101.04,2015-12-29,79.39,3123.83,116.79,73.0,85.0,2015
ABX,2015-09-23,5.94,571.06,151.55,2016-02-08,11.91,1145.01,100.51,2016-02-08,11.91,1145.01,100.51,139.0,139.0,2016
BTU,2015-08-04,15.3,1864.06,58.48,2015-08-27,34.2,4166.72,123.53,2015-08-31,40.5,4934.28,164.71,24.0,28.0,2015
ASPS,2015-03-19,49.92,563.05,26.53,2015-04-28,100.84,1137.37,102.0,2015-04-28,100.84,1137.37,102.0,41.0,41.0,2015
PBR,2015-03-13,5.01,32286.28,457.36,2015-05-05,10.19,65668.09,103.39,2015-05-05,10.19,65668.09,103.39,54.0,54.0,2015
SHAK,2015-02-17,39.05,1575.7,94.2,2015-05-05,78.36,3161.88,100.67,2015-05-05,78.36,3161.88,100.67,78.0,78.0,2015
CSIQ,2015-01-22,19.01,1289.2,108.63,2015-05-11,39.09,2650.96,105.63,2015-05-11,39.09,2650.96,105.63,110.0,110.0,2015
SRPT,2015-01-13,11.61,1225.74,26.95,2015-05-20,26.24,2770.32,126.01,2015-10-05,41.79,4412.03,242.54,128.0,266.0,2015
AMBA,2014-12-16,45.78,2004.65,70.26,2015-06-01,94.52,4138.92,106.47,2015-06-18,126.7,5548.05,176.76,168.0,185.0,2015
W,2014-12-16,18.4,2428.74,32.28,2015-06-18,37.53,4953.83,103.97,2015-06-18,37.53,4953.83,103.97,185.0,185.0,2015
NFLX,2014-12-16,4.52,19035.34,993.93,2015-06-05,9.05,38090.88,100.11,2015-06-05,9.05,38090.88,100.11,172.0,172.0,2015
SN,2014-12-15,6.48,917.05,41.81,2015-02-03,14.22,2012.42,119.44,2015-02-09,15.97,2260.08,146.45,51.0,57.0,2015
MTDR,2014-12-08,14.44,1793.46,23.12,2015-04-14,29.25,3632.88,102.56,2015-04-15,29.35,3645.3,103.25,128.0,129.0,2015
CRUS,2014-12-02,16.88,861.0,26.54,2015-03-12,34.21,1744.96,102.67,2015-03-12,34.21,1744.96,102.67,101.0,101.0,2015
OPK,2014-11-20,8.13,6138.9,20.54,2015-05-14,16.68,12594.94,105.17,2015-06-03,19.12,14437.36,133.74,176.0,196.0,2015
ACAD,2014-10-14,22.88,3917.88,29.29,2015-03-10,45.88,7856.3,100.52,2015-03-10,45.88,7856.3,100.52,148.0,148.0,2015
JBLU,2014-10-13,9.41,3500.7,85.54,2015-03-17,19.16,7127.88,103.61,2015-03-24,19.58,7284.13,108.08,156.0,163.0,2015
INCY,2014-10-13,45.6,9110.07,68.51,2015-03-05,91.97,18373.96,101.69,2015-03-05,91.97,18373.96,101.69,144.0,144.0,2015
SWKS,2014-10-13,45.32,6816.4,167.45,2015-03-02,91.13,13706.5,101.08,2015-03-02,91.13,13706.5,101.08,141.0,141.0,2015
NXPI,2014-10-13,53.9,13608.19,203.86,2015-03-20,108.03,27274.45,100.43,2015-03-20,108.03,27274.45,100.43,159.0,159.0,2015
CLDX,2014-10-01,185.55,14564.2,33.68,2015-02-24,381.82,29970.24,105.78,2015-03-19,476.7,37417.17,156.91,147.0,170.0,2015
ALNY,2014-07-17,52.02,6945.32,55.14,2014-12-08,106.42,14208.41,104.58,2014-12-09,106.59,14231.11,104.9,145.0,146.0,2014
GPRO,2014-06-26,31.34,5127.01,79.81,2014-09-08,63.52,10391.44,102.68,2014-10-07,93.85,15353.22,199.46,75.0,104.0,2014
PBYI,2014-06-04,54.99,2798.96,36.8,2014-07-23,233.43,11881.46,324.5,2014-09-18,275.07,14000.91,400.22,50.0,107.0,2014
CMCM,2014-05-13,62.55,1941.47,35.36,2014-08-11,133.75,4151.42,113.83,2014-09-08,151.7,4708.56,142.53,91.0,119.0,2014
AMBA,2014-05-08,22.27,975.18,35.9,2014-11-03,47.56,2082.6,113.56,2014-12-03,56.23,2462.25,117.95,180.0,210.0,2014
MNKD,2014-03-31,20.1,6209.9,35.92,2014-05-28,40.85,12620.61,103.23,2014-06-30,54.8,16930.47,172.64,59.0,92.0,2014
PBR.A,2014-03-17,10.68,68825.83,117.81,2014-09-02,21.86,140873.85,104.68,2014-09-02,21.86,140873.85,104.68,170.0,170.0,2014
PBR,2014-03-17,10.27,66183.64,241.34,2014-09-02,20.65,133076.17,101.07,2014-09-02,20.65,133076.17,101.07,170.0,170.0,2014
Z,2014-01-27,76.95,17606.3,104.07,2014-07-25,158.86,36347.46,106.45,2014-07-28,160.32,36681.51,108.34,180.0,183.0,2014
FANG,2014-01-13,44.43,12498.75,30.56,2014-06-16,89.9,25290.07,102.34,2014-06-23,91.41,25714.85,105.74,155.0,162.0,2014
MYGN,2013-12-30,20.79,1963.58,56.85,2014-04-30,42.21,3986.66,103.03,2014-04-30,42.21,3986.66,103.03,122.0,122.0,2014
TSLA,2013-11-26,8.03,30170.86,1600.87,2014-02-25,16.53,62094.51,105.81,2014-03-04,16.99,63807.12,111.49,92.0,99.0,2014
SRPT,2013-11-13,12.89,1360.88,76.04,2014-01-16,28.0,2956.13,117.22,2014-01-21,28.02,2958.25,117.38,65.0,70.0,2014
CRTO,2013-11-11,29.16,1465.13,56.87,2014-03-05,58.9,2959.4,101.99,2014-03-05,58.9,2959.4,101.99,115.0,115.0,2014
KPTI,2013-11-07,239.7,5405.53,49.73,2014-01-30,495.75,11179.78,106.82,2014-01-31,523.65,11808.96,118.46,85.0,86.0,2014
ILMN,2013-10-08,75.58,11435.25,85.36,2014-01-31,152.0,22997.6,101.11,2014-01-31,152.0,22997.6,101.11,116.0,116.0,2014
VIPS,2013-08-28,3.89,1867.29,20.64,2014-01-22,10.78,5177.8,177.29,2014-03-06,17.6,8452.28,317.93,148.0,191.0,2014
SUNE,2013-08-19,1292.0,4401.35,41.83,2013-11-12,2588.0,8816.32,100.31,2013-11-14,2650.0,9027.53,105.11,86.0,88.0,2013
CSIQ,2013-08-15,10.64,721.84,22.61,2013-12-26,29.59,2006.7,178.0,2014-03-04,43.67,2961.56,249.08,134.0,202.0,2013
DELL,2013-07-31,3.55,2310.06,368.79,2018-12-28,23.03,14971.12,548.08,2019-05-16,35.38,23002.12,816.73,1977.0,2116.0,2018
HIMX,2013-07-19,5.17,901.78,22.43,2013-12-24,13.55,2363.47,162.09,2014-01-22,14.8,2581.5,156.06,159.0,188.0,2013
JAZZ,2013-07-18,71.01,4455.37,47.28,2014-01-13,146.84,9213.16,106.79,2014-01-23,159.07,9980.5,123.92,180.0,190.0,2014
YELP,2013-07-18,39.75,2219.37,38.04,2014-01-15,80.93,4518.58,103.6,2014-01-17,82.36,4598.42,106.36,182.0,184.0,2014
BIDU,2013-07-03,89.22,30357.34,398.11,2013-12-10,179.93,61221.66,101.67,2013-12-10,179.93,61221.66,101.67,161.0,161.0,2013
DDD,2013-06-24,42.7,6236.64,194.87,2013-12-20,86.42,12622.26,102.39,2013-12-23,90.94,13282.44,107.15,180.0,183.0,2013
INCY,2013-06-21,19.07,3809.85,29.95,2013-09-30,38.15,7621.69,100.05,2013-10-03,40.82,8155.11,114.05,102.0,105.0,2013
P,2013-06-05,14.2,4716.57,73.15,2013-11-13,29.25,9715.46,105.99,2013-11-15,31.56,10482.74,122.25,162.0,164.0,2013
Z,2013-06-05,49.93,11424.07,31.79,2013-09-11,100.5,22994.58,101.28,2013-09-11,100.5,22994.58,101.28,99.0,99.0,2013
ACAD,2013-05-08,11.65,1994.9,26.67,2013-10-14,23.51,4025.76,101.8,2013-10-14,23.51,4025.76,101.8,160.0,160.0,2013
NOK,2013-04-19,3.07,17138.38,196.25,2013-09-12,6.36,35504.92,107.17,2013-11-25,8.1,45218.53,135.47,147.0,221.0,2013
HLF,2013-04-18,17.57,1821.47,235.52,2013-09-16,35.32,3661.6,101.02,2013-09-19,36.73,3807.78,109.05,152.0,155.0,2013
TSLA,2013-04-17,3.03,11379.84,60.16,2013-10-14,11.98,44998.45,295.42,2013-10-15,12.26,46055.32,304.71,181.0,182.0,2013
SPWR,2013-04-05,9.41,1368.76,24.41,2013-08-12,22.22,3232.08,136.13,2013-10-22,34.39,5002.3,182.81,130.0,201.0,2013
ASPS,2013-03-25,269.4,3038.55,22.84,2013-09-06,540.16,6092.44,100.5,2013-09-10,545.48,6152.44,102.48,166.0,170.0,2013
GRPN,2013-02-28,90.6,3441.35,74.59,2013-07-03,182.78,6942.71,101.74,2013-07-03,182.78,6942.71,101.74,126.0,126.0,2013
NUS,2013-02-22,38.19,1878.06,63.41,2013-07-10,79.36,3902.67,107.8,2013-10-04,99.5,4893.09,115.0,139.0,225.0,2013
RDN,2013-02-11,6.51,877.84,20.28,2013-08-02,14.59,1967.39,124.12,2013-08-02,14.59,1967.39,124.12,173.0,173.0,2013
GME,2013-01-31,5.8,2600.58,76.96,2013-07-30,11.73,5258.32,102.2,2013-08-26,13.1,5871.47,122.51,181.0,208.0,2013
YELP,2013-01-22,19.9,1111.08,24.98,2013-07-17,39.97,2231.65,100.85,2013-07-17,39.97,2231.65,100.85,177.0,177.0,2013
BBY,2012-12-28,11.29,2378.75,152.27,2013-03-20,23.07,4860.74,104.34,2013-03-20,23.07,4860.74,104.34,83.0,83.0,2013
VRTX,2012-12-07,38.88,9867.95,115.54,2013-04-19,85.6,21725.74,120.16,2013-04-19,85.6,21725.74,120.16,134.0,134.0,2013
HPQ,2012-11-20,11.71,10709.38,424.66,2013-03-26,23.64,21619.97,101.88,2013-03-28,23.84,21802.88,103.59,127.0,129.0,2013
P,2012-11-16,7.18,2384.86,43.89,2013-05-02,14.54,4829.5,102.51,2013-05-06,14.68,4876.0,104.46,168.0,172.0,2013
DAL,2012-11-16,9.33,6129.76,119.83,2013-05-08,18.66,12259.51,100.0,2013-05-08,18.66,12259.51,100.0,174.0,174.0,2013
Z,2012-11-15,23.36,5344.81,37.08,2013-03-04,47.25,10810.89,102.27,2013-05-07,62.94,14400.79,169.43,110.0,174.0,2013
MU,2012-11-15,5.47,6168.71,163.61,2013-05-16,11.06,12472.74,102.19,2013-05-17,11.31,12754.67,106.76,183.0,184.0,2013
MBI,2012-11-13,6.81,346.86,21.71,2013-05-06,14.04,714.86,106.09,2013-05-13,15.7,799.66,130.54,175.0,182.0,2013
LNG,2012-11-13,14.11,2965.03,76.7,2013-04-30,28.48,5984.7,101.84,2013-04-30,28.48,5984.7,101.84,169.0,169.0,2013
GRPN,2012-11-13,52.6,1997.96,75.63,2013-01-04,105.4,4003.51,100.38,2013-01-07,106.0,4026.3,101.52,53.0,56.0,2013
REGN,2012-11-08,137.66,14432.14,111.48,2013-05-13,280.51,29408.4,103.77,2013-05-14,282.8,29648.48,100.94,187.0,188.0,2013
FSLR,2012-11-02,22.54,2422.0,125.51,2013-04-24,45.11,4847.22,100.13,2013-04-24,45.11,4847.22,100.13,174.0,174.0,2013
DECK,2012-10-31,4.77,677.34,83.32,2013-04-10,9.75,1384.48,104.4,2013-04-11,9.85,1397.74,106.36,162.0,163.0,2013
SRPT,2012-10-02,14.99,1582.59,20.47,2013-04-04,34.43,3634.99,129.69,2013-04-05,36.21,3822.91,141.56,185.0,186.0,2013
DDD,2012-09-26,21.69,3167.5,40.75,2013-01-18,43.88,6408.99,102.34,2013-01-22,46.53,6796.52,114.57,115.0,119.0,2013
VC,2012-08-03,28.42,758.64,20.24,2013-01-15,57.25,1528.23,101.44,2013-01-15,57.25,1528.23,101.44,166.0,166.0,2013
GNW,2012-08-02,4.12,1578.0,68.38,2013-01-04,8.28,3171.32,100.97,2013-01-07,8.33,3190.47,102.18,156.0,159.0,2013
TEX,2012-07-25,14.11,1611.6,85.85,2013-01-02,29.65,3386.52,110.13,2013-01-28,33.0,3769.15,133.88,162.0,188.0,2013
THC,2012-07-25,17.56,1512.57,38.99,2013-01-15,35.47,3055.28,101.99,2013-02-01,39.33,3387.77,112.82,175.0,192.0,2013
BCS,2012-07-25,8.62,29365.67,74.31,2013-01-09,17.32,59046.64,101.07,2013-01-11,17.85,60843.99,107.19,169.0,171.0,2013
CDE,2012-07-18,15.36,15890.09,34.34,2012-10-31,30.91,31976.73,101.24,2012-11-01,31.86,32959.51,107.42,106.0,107.0,2012
EDU,2012-07-18,9.5,1511.88,37.0,2012-11-15,19.31,3073.1,103.26,2012-11-20,19.53,3108.12,105.58,121.0,126.0,2012
GPOR,2012-06-25,15.9,285.81,21.86,2012-09-17,32.56,585.09,104.72,2012-09-17,32.56,585.09,104.72,85.0,85.0,2012
CVI,2012-06-21,24.47,2459.98,53.84,2012-12-20,49.49,4975.26,102.25,2012-12-20,49.49,4975.26,102.25,183.0,183.0,2012
KBH,2012-06-04,6.53,409.09,60.2,2012-09-14,13.65,855.15,109.04,2012-09-14,13.65,855.15,109.04,103.0,103.0,2012
LPX,2012-06-04,8.56,598.04,26.69,2012-11-21,17.23,1203.77,101.29,2012-11-23,17.77,1241.5,107.59,171.0,173.0,2012
FSLR,2012-06-01,11.77,1264.73,163.63,2012-08-21,24.14,2593.92,105.1,2012-08-28,25.7,2761.55,118.35,82.0,89.0,2012
PHM,2012-04-10,7.69,1464.84,88.4,2012-09-12,15.55,2962.06,102.21,2012-09-21,16.98,3234.46,120.81,156.0,165.0,2012
LNG,2011-12-19,7.96,1672.69,36.19,2012-04-27,18.74,3937.97,135.43,2012-04-27,18.74,3937.97,135.43,131.0,131.0,2012
BPOP,2011-12-19,11.15,720.9,20.15,2012-03-16,22.4,1448.27,100.9,2012-03-19,23.0,1487.06,106.28,89.0,92.0,2012
AMRN,2011-12-15,120.6,2528.87,24.94,2012-04-30,244.2,5120.66,102.49,2012-05-02,247.3,5185.66,105.06,138.0,140.0,2012
SWKS,2011-12-14,14.04,2111.7,100.9,2012-03-15,28.29,4254.98,101.5,2012-03-15,28.29,4254.98,101.5,93.0,93.0,2012
ILMN,2011-12-13,25.96,3927.75,116.77,2012-01-25,55.15,8344.2,112.44,2012-01-25,55.15,8344.2,112.44,44.0,44.0,2012
VAC,2011-12-01,15.9,546.05,31.17,2012-05-14,32.15,1104.13,102.2,2012-05-16,33.05,1135.04,107.86,166.0,168.0,2012
VRTX,2011-11-25,26.6,6751.22,120.69,2012-05-07,58.12,14751.17,118.5,2012-05-25,64.85,16459.28,143.8,165.0,183.0,2012
CX,2011-11-25,3.09,4464.06,75.58,2012-04-25,6.37,9197.38,106.03,2012-04-27,6.43,9274.43,107.76,153.0,155.0,2012
AGO,2011-11-25,9.17,411.38,28.27,2012-03-13,18.82,844.3,105.23,2012-03-15,18.98,851.47,106.98,110.0,112.0,2012
CRUS,2011-11-25,14.33,730.94,38.51,2012-05-29,29.39,1499.11,105.09,2012-05-29,29.39,1499.11,105.09,187.0,187.0,2012
INCY,2011-11-25,11.78,2353.43,28.19,2012-05-16,23.7,4734.84,101.19,2012-05-16,23.7,4734.84,101.19,174.0,174.0,2012
CLNE,2011-10-04,9.87,2173.62,24.5,2012-02-27,20.13,4433.12,103.95,2012-02-27,20.13,4433.12,103.95,147.0,147.0,2012
LNG,2011-10-03,4.0,840.55,28.86,2011-10-26,10.32,2168.61,158.0,2011-10-28,11.93,2506.93,198.25,24.0,26.0,2011
TEX,2011-10-03,9.61,1097.62,59.74,2012-01-24,19.3,2204.38,100.83,2012-02-21,26.41,3016.46,174.82,114.0,142.0,2012
PHM,2011-10-03,3.54,674.32,58.54,2012-01-06,7.1,1352.45,100.56,2012-03-15,9.61,1830.57,171.47,96.0,165.0,2012
STX,2011-10-03,9.49,2127.93,158.53,2012-01-12,19.37,4343.32,104.11,2012-04-23,29.32,6574.39,143.12,102.0,204.0,2012
VHC,2011-10-03,247.6,1036.42,46.75,2011-12-19,500.0,2092.93,101.94,2011-12-23,547.0,2289.66,120.92,78.0,82.0,2011
RF,2011-10-03,3.02,2577.21,108.84,2012-03-14,6.17,5265.35,104.3,2012-04-03,6.65,5674.97,120.2,164.0,184.0,2012
LEN,2011-10-03,12.13,2986.81,70.6,2012-03-12,24.31,5987.71,100.47,2012-03-28,26.34,6487.08,117.19,162.0,178.0,2012
MTW,2011-10-03,24.04,863.27,44.49,2011-11-03,48.32,1735.15,101.0,2011-11-04,49.76,1786.86,106.99,32.0,33.0,2011
AKAM,2011-10-03,18.65,2722.9,153.28,2012-02-09,38.06,5556.76,104.08,2012-02-13,38.57,5631.22,106.81,130.0,134.0,2012
MU,2011-10-03,4.33,4883.09,307.35,2012-02-28,8.88,10014.28,105.08,2012-02-28,8.88,10014.28,105.08,149.0,149.0,2012
MAS,2011-10-03,6.91,1393.98,64.99,2012-03-21,14.1,2844.46,104.05,2012-03-21,14.1,2844.46,104.05,171.0,171.0,2012
WLK,2011-10-03,16.16,2069.83,26.63,2012-03-13,32.84,4208.2,103.31,2012-03-13,32.84,4208.2,103.31,163.0,163.0,2012
GTLS,2011-10-03,37.35,1787.78,26.5,2012-03-19,75.76,3626.3,102.84,2012-03-19,75.76,3626.3,102.84,169.0,169.0,2012
WCC,2011-10-03,32.09,1562.94,31.53,2012-02-01,64.37,3135.13,100.59,2012-02-01,64.37,3135.13,100.59,122.0,122.0,2012
MELI,2011-10-03,49.53,2511.03,48.39,2012-02-15,99.24,5031.19,100.36,2012-02-15,99.24,5031.19,100.36,136.0,136.0,2012
KBH,2011-08-23,5.27,330.16,46.32,2012-02-03,10.81,677.23,105.12,2012-02-03,10.81,677.23,105.12,165.0,165.0,2012
MBI,2011-08-22,6.03,307.13,32.74,2011-12-15,12.17,619.87,101.82,2011-12-15,12.17,619.87,101.82,116.0,116.0,2011
URI,2011-08-19,13.11,821.3,54.82,2011-11-11,26.44,1656.37,101.68,2011-11-15,26.66,1670.16,103.36,85.0,89.0,2011
PANL,2011-08-08,22.8,1489.27,44.5,2011-08-25,46.73,3052.34,104.96,2011-09-19,58.36,3812.0,155.96,18.0,43.0,2011
REGN,2011-08-08,44.96,4713.56,53.54,2012-01-31,90.86,9525.67,102.09,2012-02-13,114.65,12019.8,130.17,177.0,190.0,2012
WPRT,2011-08-08,203.8,3545.25,22.25,2012-01-31,416.0,7236.63,104.12,2012-01-31,416.0,7236.63,104.12,177.0,177.0,2012
NOG,2011-08-08,132.5,14017.32,52.99,2011-11-04,266.8,28225.07,101.36,2011-11-07,269.5,28510.71,103.4,89.0,92.0,2011
IDCC,2011-06-16,35.02,905.09,44.06,2011-07-21,74.27,1919.51,112.08,2011-07-21,74.27,1919.51,112.08,36.0,36.0,2011
SQNS,2011-04-18,796.0,12732.73,26.11,2011-05-31,1917.0,30664.13,140.83,2011-05-31,1917.0,30664.13,140.83,44.0,44.0,2011
AG,2011-01-25,10.49,5179.4,39.17,2011-03-31,21.24,10487.07,102.48,2011-04-05,25.61,12644.72,144.13,66.0,71.0,2011
PLD,2010-12-15,13.46,12549.27,118.71,2011-06-03,34.0,31699.49,152.6,2011-07-07,37.26,34738.91,161.84,171.0,205.0,2011
CRUS,2010-11-01,12.51,638.1,106.62,2011-02-17,25.15,1282.84,101.04,2011-02-17,25.15,1282.84,101.04,109.0,109.0,2011
ARM,2010-10-04,15.37,16353.66,38.61,2023-09-14,63.59,67659.67,313.73,2024-02-12,148.97,158503.87,771.68,4729.0,4880.0,2023
Q,2010-10-04,6.28,1315.29,180.91,2013-05-09,42.11,8819.58,570.54,2013-08-01,46.29,9695.05,606.72,949.0,1033.0,2013
SM,2010-09-23,35.4,8487.1,45.78,2011-02-25,72.07,17278.69,103.59,2011-02-28,72.47,17374.59,104.72,156.0,159.0,2011
CDE,2010-09-01,17.23,17824.62,42.03,2011-03-03,34.5,35690.62,100.23,2011-03-04,34.7,35897.52,100.58,184.0,185.0,2011
KG,2010-08-31,8.71,73.86,52.24,2025-05-28,33.0,279.83,278.87,2025-05-28,33.0,279.83,278.87,5385.0,5385.0,2025
JBL,2010-08-31,10.25,1081.4,64.21,2011-01-03,20.89,2203.95,103.8,2011-01-18,21.62,2280.97,110.93,126.0,141.0,2011
TER,2010-08-31,8.98,1405.75,70.05,2011-02-08,17.99,2816.19,100.33,2011-02-14,18.2,2849.07,102.67,162.0,168.0,2011
DECK,2010-08-31,7.24,1027.01,62.41,2010-12-21,14.5,2058.74,100.46,2010-12-21,14.5,2058.74,100.46,113.0,113.0,2010
LULU,2010-08-30,15.95,1843.8,50.76,2010-12-10,34.35,3970.81,115.36,2011-02-11,42.16,4873.06,164.29,103.0,166.0,2010
URI,2010-08-30,11.23,703.52,21.36,2011-01-19,25.45,1594.35,126.63,2011-04-05,34.09,2135.62,132.06,143.0,219.0,2011
TTWO,2010-08-30,8.18,1515.66,21.14,2011-02-16,16.59,3072.06,102.69,2011-02-16,16.59,3072.06,102.69,171.0,171.0,2011
SD,2010-08-27,4.0,147.67,72.33,2011-02-07,8.09,298.67,102.25,2011-04-04,12.97,478.83,152.33,165.0,221.0,2011
MTW,2010-08-26,34.44,1236.73,36.47,2011-02-02,72.88,2617.09,111.61,2011-02-16,82.6,2966.13,139.84,161.0,175.0,2011
BGC,2010-08-26,21.8,10462.11,30.47,2011-02-11,44.66,21432.93,104.86,2011-02-17,45.48,21826.46,108.62,170.0,176.0,2011
TEX,2010-08-26,18.12,2069.6,56.6,2011-02-03,36.52,4171.19,101.55,2011-02-04,36.7,4191.75,102.54,162.0,163.0,2011
DCTH,2010-08-25,173420800000.0,5986771640057.6,21.19,2010-12-10,353427200000.0,12200889038598.4,103.8,2010-12-10,353427200000.0,12200889038598.4,103.8,108.0,108.0,2010
NXPI,2010-08-24,10.68,2696.39,24.99,2011-01-03,21.43,5410.46,100.66,2011-04-26,34.18,8629.46,178.34,133.0,246.0,2011
CIEN,2010-08-16,12.02,1699.61,106.0,2011-01-10,24.82,3509.51,106.49,2011-01-18,25.49,3604.25,112.06,148.0,156.0,2011
DDS,2010-08-16,19.34,302.03,27.61,2011-01-03,38.83,606.41,100.78,2011-01-03,38.83,606.41,100.78,141.0,141.0,2011
SWKS,2010-08-13,17.05,2564.42,99.75,2011-02-04,34.92,5252.18,104.81,2011-02-17,36.98,5562.01,115.38,176.0,189.0,2011
HL,2010-07-19,4.64,3112.11,59.46,2010-11-30,9.59,6432.13,106.68,2010-12-29,11.34,7605.88,144.4,135.0,164.0,2010
ADCT,2010-07-15,12.5,1589.89,33.26,2020-06-15,39.67,5045.67,217.36,2020-07-02,51.05,6493.11,305.16,3624.0,3641.0,2020
VSH,2010-07-07,7.05,959.54,20.67,2010-11-24,14.51,1974.89,105.82,2011-03-03,18.94,2577.83,136.45,141.0,240.0,2010
IMAX,2010-07-06,12.25,673.94,28.63,2010-11-22,25.25,1389.15,106.12,2011-01-03,28.47,1566.3,132.41,140.0,182.0,2010
TEN,2010-07-06,19.67,592.61,27.65,2010-12-03,39.9,1202.09,102.85,2011-01-05,43.6,1313.56,104.79,151.0,184.0,2010
BWA,2010-07-06,36.08,7400.55,70.55,2010-12-21,72.56,14883.14,101.11,2010-12-23,73.14,15002.11,102.72,169.0,171.0,2010
HUN,2010-07-06,8.3,1455.4,47.48,2010-12-07,16.66,2921.32,100.72,2010-12-07,16.66,2921.32,100.72,155.0,155.0,2010
FCX,2010-07-01,29.09,41817.77,1198.39,2010-12-22,58.2,83657.1,100.05,2010-12-31,60.04,86316.53,105.14,175.0,184.0,2010
MBI,2010-07-01,5.51,280.65,61.16,2010-09-15,11.05,562.82,100.54,2010-09-16,11.19,569.95,103.09,77.0,78.0,2010
RCL,2010-06-30,22.77,6106.8,113.07,2010-12-21,46.63,12505.93,104.79,2011-01-14,49.96,13399.02,111.43,175.0,199.0,2010
NOV,2010-06-30,33.07,11868.44,254.12,2010-12-29,66.31,23797.9,100.51,2010-12-31,67.25,24135.25,101.65,183.0,185.0,2010
FOSL,2010-06-30,34.7,2049.96,25.6,2010-11-10,69.7,4117.64,100.86,2010-11-10,69.7,4117.64,100.86,134.0,134.0,2010
FFIV,2010-06-09,66.81,3769.37,83.67,2010-11-26,135.04,7618.86,102.13,2010-11-26,135.04,7618.86,102.13,171.0,171.0,2010
APC,2010-06-09,34.83,1656.87,383.73,2010-12-02,69.88,3324.21,100.63,2010-12-02,69.88,3324.21,100.63,177.0,177.0,2010
CF,2010-06-08,11.71,1799.31,197.8,2010-10-13,23.68,3637.63,102.17,2010-10-13,23.68,3637.63,102.17,128.0,128.0,2010
PAY,2010-05-25,16.82,2115.78,20.44,2010-10-29,33.83,4255.45,101.13,2010-11-04,35.5,4465.52,111.06,158.0,164.0,2010
LVS,2010-05-20,19.85,13153.35,610.07,2010-10-26,41.0,27168.13,106.55,2010-11-08,52.8,34987.25,165.99,160.0,173.0,2010
BPOP,2010-02-08,17.5,1131.46,24.2,2010-04-13,35.0,2262.92,100.0,2010-04-26,40.2,2599.12,129.71,65.0,78.0,2010
AIG,2010-02-08,14.45,7659.62,1028.6,2010-04-23,28.93,15340.03,100.27,2010-04-26,29.02,15384.94,100.86,75.0,78.0,2010
MED,2010-01-29,16.65,185.13,23.7,2010-05-11,33.44,371.82,100.84,2010-05-13,36.78,408.96,120.9,103.0,105.0,2010
BIDU,2010-01-12,38.65,13150.43,708.21,2010-05-12,78.21,26609.8,102.35,2010-05-12,78.21,26609.8,102.35,121.0,121.0,2010
MBI,2009-12-15,3.25,165.54,40.07,2010-04-05,6.78,345.33,108.62,2010-04-26,10.55,537.35,224.62,112.0,133.0,2010
CROX,2009-11-30,4.87,241.99,20.07,2010-04-13,9.79,486.46,101.03,2010-04-23,10.96,544.6,125.05,135.0,145.0,2010
RDN,2009-11-27,4.47,602.76,21.05,2010-02-23,9.38,1264.85,109.84,2010-04-23,18.33,2471.71,310.07,89.0,148.0,2010
ZION,2009-11-20,12.55,1846.0,93.81,2010-04-14,26.36,3877.34,110.04,2010-04-23,30.0,4412.75,139.04,146.0,155.0,2010
CAL,2009-11-02,11.32,381.95,89.92,2010-03-11,22.82,769.97,101.59,2010-03-15,23.26,784.81,105.48,130.0,134.0,2010
MTG,2009-11-02,3.93,831.16,26.45,2010-02-25,7.99,1689.81,103.31,2010-02-25,7.99,1689.81,103.31,116.0,116.0,2010
AMD,2009-10-30,4.6,7500.76,119.96,2010-03-16,9.4,15327.65,104.35,2010-03-17,9.67,15767.91,110.22,138.0,139.0,2010
F,2009-10-28,6.96,27733.46,554.0,2010-04-21,14.13,56303.71,103.02,2010-04-26,14.46,57618.66,107.76,176.0,181.0,2010
SIRI,2009-10-09,5.45,1835.25,27.05,2010-02-18,11.3,3803.81,107.26,2010-02-18,11.3,3803.81,107.26,133.0,133.0,2010
DECK,2009-09-04,3.54,502.66,40.09,2010-03-05,7.15,1015.25,101.98,2010-03-09,7.3,1035.68,106.04,183.0,187.0,2010
HURN,2009-08-12,11.99,194.38,21.27,2009-09-25,24.0,389.08,100.17,2009-10-05,26.66,432.21,122.35,45.0,55.0,2009
AIV,2009-07-10,9.56,1375.77,35.17,2009-12-14,19.6,2819.48,104.94,2010-01-07,22.04,3170.32,130.44,158.0,182.0,2009
JLL,2009-07-10,29.55,1370.93,34.84,2009-12-21,60.04,2785.47,103.18,2010-01-08,63.83,2961.3,116.01,165.0,183.0,2009
ARE,2009-07-10,31.11,5421.52,64.63,2009-12-17,62.34,10863.96,100.39,2009-12-28,66.98,11672.57,115.3,161.0,172.0,2009
PLD,2009-07-10,6.73,6274.63,135.92,2009-11-13,13.6,12679.8,102.08,2009-11-16,14.29,13323.11,112.33,127.0,130.0,2009
AIG,2009-07-09,6.18,3276.78,144.94,2009-09-11,24.48,12979.24,296.1,2009-09-21,31.55,16729.54,410.55,65.0,75.0,2009
SNDK,2009-07-08,13.33,1974.04,94.8,2009-12-22,27.44,4063.58,105.85,2010-01-06,31.43,4654.46,135.78,168.0,183.0,2009
TEX,2009-07-08,10.6,1210.7,48.33,2009-10-09,21.92,2503.63,106.79,2009-10-19,24.11,2753.76,127.45,94.0,104.0,2009
CLF,2009-07-08,20.43,11653.57,132.04,2009-11-13,41.3,23558.13,102.15,2009-12-02,45.95,26210.55,124.91,129.0,148.0,2009
MI,2009-07-08,210.0,3880.56,49.47,2009-09-21,421.0,7779.61,100.48,2009-09-22,446.5,8250.82,112.62,76.0,77.0,2009
CENX,2009-07-08,5.12,506.75,23.4,2009-11-18,10.26,1015.47,100.39,2009-11-18,10.26,1015.47,100.39,134.0,134.0,2009
CRM,2009-07-07,8.89,7274.54,86.2,2009-12-22,17.82,14581.81,100.45,2010-01-04,18.7,15301.7,110.35,169.0,182.0,2009
WSM,2009-07-07,5.3,624.62,24.34,2009-10-13,10.84,1276.33,104.34,2009-10-15,11.12,1309.89,109.71,99.0,101.0,2009
DAL,2009-06-23,5.4,3547.77,95.16,2009-12-11,11.25,7391.19,108.33,2009-12-23,11.81,7759.1,107.92,172.0,184.0,2009
CAL,2009-06-23,8.07,272.29,92.33,2009-09-15,16.26,548.63,101.49,2009-09-16,16.62,560.77,105.95,85.0,86.0,2009
IAG,2009-06-22,9.04,5225.12,25.84,2009-11-13,18.42,10646.76,103.76,2009-12-01,20.34,11756.52,125.0,145.0,163.0,2009
ALK,2009-06-11,7.8,869.15,20.43,2009-12-04,16.01,1783.98,105.26,2009-12-09,16.42,1830.22,110.58,177.0,182.0,2009
KMX,2009-05-22,9.91,1405.44,32.67,2009-09-22,21.2,3006.6,113.93,2009-09-22,21.2,3006.6,113.93,124.0,124.0,2009
GGB,2009-05-13,6.32,12428.87,50.22,2009-11-05,13.01,25591.77,105.91,2009-11-10,13.29,26138.31,110.3,177.0,182.0,2009
GNW,2009-05-05,3.26,1248.61,36.89,2009-11-02,10.17,3895.2,211.96,2010-01-14,13.61,5212.76,122.39,182.0,255.0,2009
OI,2009-04-28,17.93,2748.66,60.8,2009-10-22,37.55,5756.4,109.43,2009-10-22,37.55,5756.4,109.43,178.0,178.0,2009
DOW,2009-04-27,12.61,9088.55,277.0,2009-10-22,26.46,19070.82,109.83,2009-10-22,26.46,19070.82,109.83,179.0,179.0,2009
IBN,2009-04-23,3.19,11441.92,54.69,2009-10-21,7.11,25470.97,122.61,2009-10-22,7.15,25633.68,117.59,182.0,183.0,2009
SLG,2009-04-20,14.18,1008.67,68.45,2009-10-13,41.87,2977.82,195.22,2009-12-28,51.05,3631.21,182.64,177.0,253.0,2009
COF,2009-04-20,13.38,8326.28,276.55,2009-10-07,36.94,22987.5,176.08,2009-10-23,40.95,25482.89,153.09,171.0,187.0,2009
RCL,2009-04-20,10.27,2754.36,45.08,2009-10-09,23.77,6374.99,131.45,2009-10-15,23.95,6423.27,133.2,173.0,179.0,2009
BIDU,2009-04-20,20.0,6805.05,473.51,2009-10-14,41.02,13956.48,105.09,2009-10-14,41.02,13956.48,105.09,178.0,178.0,2009
STX,2009-04-15,5.85,1311.74,57.48,2009-09-23,15.46,3466.58,164.27,2009-10-14,16.11,3612.33,154.1,162.0,183.0,2009
FITB,2009-04-09,3.58,3244.6,97.85,2009-10-08,10.13,9180.94,182.96,2009-10-22,10.8,9788.16,198.34,183.0,197.0,2009
STI,2009-04-08,541.5,4194.29,209.98,2009-09-11,1094.5,8477.65,102.12,2009-09-16,1205.0,9333.55,122.53,157.0,162.0,2009
IP,2009-04-07,6.86,3632.49,92.68,2009-09-15,24.93,13200.86,263.41,2009-10-15,25.33,13412.66,226.42,162.0,192.0,2009
FLEX,2009-04-07,3.02,1110.38,33.33,2009-10-01,6.97,2562.69,130.79,2009-10-14,7.85,2886.24,146.08,178.0,191.0,2009
WYNN,2009-04-07,26.71,2772.14,103.7,2009-10-01,65.6,6808.41,145.6,2009-10-08,69.91,7255.73,133.73,178.0,185.0,2009
LNC,2009-04-06,6.38,1219.94,105.68,2009-09-09,24.34,4654.13,281.5,2009-10-09,27.84,5323.38,217.08,157.0,187.0,2009
F,2009-04-03,3.25,12950.25,162.31,2009-10-02,6.84,27255.3,110.46,2009-10-06,7.14,28450.71,104.58,183.0,187.0,2009
MGM,2009-04-02,3.14,803.37,49.01,2009-10-01,10.71,2740.17,241.08,2009-10-08,12.33,3154.65,145.62,183.0,190.0,2009
AMD,2009-04-01,3.02,4924.41,52.33,2009-09-22,6.08,9914.05,101.32,2009-09-22,6.08,9914.05,101.32,175.0,175.0,2009
LVS,2009-03-31,3.01,1994.54,121.3,2009-09-29,17.37,11510.01,477.08,2009-10-08,18.28,12113.01,311.71,183.0,192.0,2009
MTW,2009-03-30,12.28,440.97,30.6,2009-09-09,31.52,1131.87,156.68,2010-01-15,54.8,1967.85,172.37,164.0,292.0,2009
LAMR,2009-03-30,9.64,978.22,25.79,2009-09-24,25.01,2537.89,159.44,2009-09-30,27.44,2784.48,166.15,179.0,185.0,2009
BAC,2009-03-30,6.03,42792.44,2324.75,2009-09-14,16.99,120571.08,181.76,2009-10-14,18.59,131925.62,131.8,169.0,199.0,2009
BXP,2009-03-30,31.92,5064.94,210.29,2009-09-14,65.66,10418.66,105.7,2009-09-18,70.55,11194.59,121.02,169.0,173.0,2009
WFC,2009-03-30,13.37,40914.73,2109.47,2009-09-10,27.86,85256.88,108.38,2009-09-16,29.41,90000.17,119.97,165.0,171.0,2009
KIM,2009-03-30,6.97,4700.5,135.36,2009-09-15,14.15,9542.62,103.01,2009-09-17,15.26,10291.19,118.94,170.0,172.0,2009
DB,2009-03-30,37.4,71552.32,55.55,2009-09-17,77.79,148825.0,107.99,2009-09-28,77.99,149207.63,108.53,172.0,183.0,2009
MAS,2009-03-30,6.7,1351.62,68.15,2009-09-21,13.66,2755.69,103.88,2009-09-21,13.66,2755.69,103.88,176.0,176.0,2009
GT,2009-03-30,6.19,1779.25,41.51,2009-09-21,16.45,4728.37,165.75,2009-10-09,17.23,4952.57,100.12,176.0,194.0,2009
MAC,2009-03-27,5.8,1516.01,70.16,2009-04-09,12.08,3157.48,108.28,2009-09-22,35.35,9239.82,509.48,14.0,180.0,2009
AMR,2009-03-23,3.18,40.55,105.58,2009-09-21,9.03,115.16,183.96,2009-09-21,9.03,115.16,183.96,183.0,183.0,2009
PRU,2009-03-20,16.69,5796.86,293.83,2009-09-10,49.34,17137.02,195.63,2009-09-16,54.63,18974.37,227.32,175.0,181.0,2009
JOE,2009-03-20,14.59,837.61,44.99,2009-08-03,29.32,1683.25,100.96,2009-09-16,33.9,1946.19,132.35,137.0,181.0,2009
UDR,2009-03-20,7.1,2306.9,55.75,2009-09-14,14.25,4630.05,100.7,2009-09-16,14.98,4867.24,110.99,179.0,181.0,2009
BMR,2009-03-20,6.06,94.11,27.13,2009-05-04,12.13,188.38,100.17,2009-05-04,12.13,188.38,100.17,46.0,46.0,2009
STLD,2009-03-17,6.9,995.07,93.36,2009-06-04,14.84,2140.12,115.07,2009-06-11,16.26,2344.9,135.65,80.0,87.0,2009
MT,2009-03-17,51.3,39045.75,177.61,2009-06-01,108.33,82452.76,111.17,2009-06-02,109.08,83023.6,112.63,77.0,78.0,2009
HUN,2009-03-13,3.01,527.8,31.47,2009-09-11,8.48,1486.96,181.73,2009-09-17,9.72,1704.39,217.65,183.0,189.0,2009
JCI,2009-03-11,8.68,5295.8,102.79,2009-04-21,17.52,10689.23,101.84,2009-09-16,27.48,16765.98,163.22,42.0,190.0,2009
MU,2009-03-11,3.2,3608.75,82.95,2009-09-09,7.8,8796.33,143.75,2009-09-22,8.63,9732.34,133.24,183.0,196.0,2009
OIS,2009-03-11,11.47,690.42,23.18,2009-05-19,23.26,1400.1,102.79,2009-10-19,39.81,2396.3,119.34,70.0,223.0,2009
SD,2009-03-11,4.64,171.3,37.04,2009-04-17,9.34,344.82,101.29,2009-04-17,9.34,344.82,101.29,38.0,38.0,2009
GIL,2009-03-10,3.16,584.25,21.0,2009-09-08,10.29,1905.51,226.15,2009-09-08,10.29,1905.51,226.15,183.0,183.0,2009
ASH,2009-03-09,3.06,140.23,33.97,2009-09-04,17.82,815.85,481.79,2009-09-21,21.83,999.53,439.54,180.0,197.0,2009
BCS,2009-03-09,3.08,10503.57,32.98,2009-07-27,18.56,63272.95,502.39,2009-09-16,23.5,80085.47,351.78,141.0,192.0,2009
PFG,2009-03-09,5.88,1270.15,88.44,2009-04-08,12.31,2659.11,109.35,2009-09-16,30.83,6659.66,340.43,31.0,192.0,2009
MFC,2009-03-09,7.13,11899.19,58.21,2009-04-09,15.05,25116.8,111.08,2009-08-03,24.55,40971.26,244.32,32.0,148.0,2009
THC,2009-03-09,3.6,310.09,20.48,2009-04-21,8.2,706.32,127.78,2009-10-20,24.96,2149.98,205.88,44.0,226.0,2009
HLF,2009-03-09,3.07,318.27,23.83,2009-05-06,6.33,655.97,106.11,2009-08-03,8.94,927.06,191.29,59.0,148.0,2009
TEL,2009-03-09,7.44,2171.7,76.79,2009-04-17,16.23,4737.47,118.15,2009-09-10,23.94,6987.99,163.95,40.0,186.0,2009
NWL,2009-03-09,4.54,1929.17,46.94,2009-04-30,10.45,4440.5,130.18,2009-09-23,15.85,6735.11,156.47,53.0,199.0,2009
JEF,2009-03-09,8.43,1723.36,26.83,2009-04-22,17.45,3567.34,107.0,2009-09-09,25.1,5131.25,149.5,45.0,185.0,2009
EPR,2009-03-09,12.7,971.65,22.92,2009-07-23,25.71,1967.01,102.44,2009-09-22,35.19,2692.3,133.05,137.0,198.0,2009
JBL,2009-03-09,3.16,333.39,28.35,2009-04-09,6.63,699.48,109.81,2009-10-14,15.38,1622.63,132.68,32.0,220.0,2009
LBTYA,2009-03-09,4.68,1583.99,51.77,2009-07-22,9.66,3267.71,106.3,2009-09-14,12.42,4199.17,127.68,136.0,190.0,2009
AMP,2009-03-09,13.8,1240.58,96.85,2009-05-28,29.48,2650.17,113.62,2009-06-01,30.93,2780.52,124.13,81.0,85.0,2009
STT,2009-03-09,17.61,4873.87,352.85,2009-07-23,48.68,13473.02,176.43,2009-09-16,54.7,15139.16,121.55,137.0,192.0,2009
EBAY,2009-03-09,4.32,1919.15,273.25,2009-07-23,9.06,4021.4,109.54,2009-08-07,9.49,4213.87,119.57,137.0,152.0,2009
AES,2009-03-09,4.91,3501.6,77.34,2009-05-29,9.99,7124.45,103.46,2009-06-12,10.69,7623.66,117.72,82.0,96.0,2009
SM,2009-03-09,11.58,2776.29,25.88,2009-07-23,23.75,5694.03,105.09,2009-10-22,37.22,8923.45,116.9,137.0,228.0,2009
ADSK,2009-03-09,11.78,2487.29,94.21,2009-08-07,23.76,5016.81,101.7,2009-08-14,25.38,5358.87,115.45,152.0,159.0,2009
SNDK,2009-03-09,7.65,1132.89,118.48,2009-06-05,15.67,2320.57,104.84,2009-06-09,16.44,2434.6,114.9,89.0,93.0,2009
NWS,2009-03-09,5.65,3091.96,54.53,2009-06-01,11.91,6517.74,110.8,2009-06-02,12.07,6605.3,113.63,85.0,86.0,2009
NWSA,2009-03-09,4.99,2730.78,147.17,2009-06-01,10.4,5691.4,108.42,2009-06-02,10.61,5806.32,112.63,85.0,86.0,2009
JPM,2009-03-09,15.9,42604.23,2280.11,2009-04-09,32.75,87754.0,105.97,2009-04-13,33.7,90299.53,111.95,32.0,36.0,2009
XRX,2009-03-09,7.33,958.01,58.96,2009-08-04,14.69,1920.62,100.48,2009-08-10,15.35,2007.94,109.59,149.0,155.0,2009
R,2009-03-09,19.27,745.58,49.53,2009-08-07,38.79,1500.82,101.3,2009-08-12,40.13,1552.67,108.25,152.0,157.0,2009
A,2009-03-09,8.9,2514.71,83.36,2009-08-18,18.18,5136.58,104.26,2009-09-04,18.5,5227.55,107.88,163.0,180.0,2009
KLAC,2009-03-09,15.54,2029.95,112.21,2009-07-23,31.48,4112.15,102.57,2009-08-04,32.29,4217.96,107.79,137.0,149.0,2009
WHR,2009-03-09,19.39,1256.92,112.37,2009-04-24,40.73,2640.25,110.06,2009-10-19,73.76,4781.35,107.31,47.0,225.0,2009
LNC,2009-03-09,5.01,957.98,113.18,2009-03-27,10.37,1982.88,106.99,2009-03-27,10.37,1982.88,106.99,19.0,19.0,2009
SFD,2009-03-09,5.6,2203.47,31.63,2009-04-09,11.59,4560.4,106.96,2009-04-09,11.59,4560.4,106.96,32.0,32.0,2009
CAL,2009-03-09,6.44,217.29,136.43,2009-04-09,13.32,449.43,106.83,2009-04-09,13.32,449.43,106.83,32.0,32.0,2009
AFL,2009-03-09,5.74,2924.12,245.2,2009-04-09,12.48,6349.59,117.15,2009-10-07,21.59,10988.98,106.7,32.0,213.0,2009
MAN,2009-03-09,23.75,1104.13,34.73,2009-07-23,47.9,2226.85,101.68,2009-07-24,49.03,2279.39,106.44,137.0,138.0,2009
DD,2009-03-09,20.26,8304.72,295.12,2009-08-06,40.74,16702.16,101.12,2009-08-13,41.71,17098.39,105.89,151.0,158.0,2009
IVZ,2009-03-09,9.51,4215.75,65.83,2009-07-23,19.52,8653.15,105.26,2009-07-23,19.52,8653.15,105.26,137.0,137.0,2009
DOW,2009-03-09,6.33,4562.29,318.61,2009-04-24,12.99,9362.43,105.21,2009-04-24,12.99,9362.43,105.21,47.0,47.0,2009
ALL,2009-03-09,14.12,3634.78,187.71,2009-08-12,28.42,7315.9,101.27,2009-08-13,28.93,7447.19,104.89,157.0,158.0,2009
PKG,2009-03-09,9.82,874.25,21.65,2009-07-23,20.11,1790.35,104.79,2009-07-23,20.11,1790.35,104.79,137.0,137.0,2009
LAMR,2009-03-09,5.44,552.02,31.59,2009-03-26,11.12,1128.4,104.41,2009-03-26,11.12,1128.4,104.41,18.0,18.0,2009
JLL,2009-03-09,16.94,785.91,27.01,2009-04-24,34.6,1605.22,104.25,2009-04-24,34.6,1605.22,104.25,47.0,47.0,2009
FCX,2009-03-09,16.16,23230.5,789.6,2009-09-04,33.0,47438.51,104.21,2009-09-04,33.0,47438.51,104.21,180.0,180.0,2009
MAS,2009-03-09,3.67,740.37,77.2,2009-03-23,7.49,1510.99,104.09,2009-03-23,7.49,1510.99,104.09,15.0,15.0,2009
MGA,2009-03-09,5.0,1360.44,41.21,2009-06-19,10.19,2774.65,103.95,2009-06-19,10.19,2774.65,103.95,103.0,103.0,2009
SEIC,2009-03-09,9.45,1136.58,21.14,2009-07-27,19.15,2303.23,102.65,2009-08-03,19.25,2315.25,103.7,141.0,148.0,2009
TRMB,2009-03-09,6.04,1409.16,24.2,2009-07-30,12.31,2869.6,103.64,2009-07-30,12.31,2869.6,103.64,144.0,144.0,2009
AMG,2009-03-09,29.19,770.97,57.29,2009-06-09,58.61,1548.01,100.79,2009-06-10,59.24,1564.65,102.95,93.0,94.0,2009
CX,2009-03-09,3.57,5156.68,94.58,2009-04-09,7.24,10441.78,102.49,2009-04-09,7.24,10441.78,102.49,32.0,32.0,2009
RL,2009-03-09,31.94,1933.53,97.82,2009-08-03,64.58,3909.44,102.19,2009-08-03,64.58,3909.44,102.19,148.0,148.0,2009
RGA,2009-03-09,21.59,1414.34,38.22,2009-08-12,43.63,2858.16,102.08,2009-08-12,43.63,2858.16,102.08,157.0,157.0,2009
FFIV,2009-03-09,18.57,1047.71,61.08,2009-07-23,37.52,2116.85,102.05,2009-07-23,37.52,2116.85,102.05,137.0,137.0,2009
MBI,2009-03-09,3.09,157.39,59.38,2009-09-04,6.24,317.83,101.94,2009-09-04,6.24,317.83,101.94,180.0,180.0,2009
UBS,2009-03-09,7.24,23731.31,78.22,2009-05-04,14.58,47790.4,101.38,2009-05-04,14.58,47790.4,101.38,57.0,57.0,2009
FDX,2009-03-09,34.28,8179.44,238.07,2009-08-03,68.94,16449.55,101.11,2009-08-03,68.94,16449.55,101.11,148.0,148.0,2009
BAP,2009-03-09,34.58,2744.5,21.88,2009-08-07,69.48,5514.39,100.93,2009-08-07,69.48,5514.39,100.93,152.0,152.0,2009
CM,2009-03-09,13.91,12798.66,35.47,2009-07-20,27.89,25664.88,100.53,2009-07-20,27.89,25664.88,100.53,134.0,134.0,2009
RKT,2009-03-09,22.88,64728.79,20.11,2009-08-04,45.84,129683.91,100.35,2009-08-04,45.84,129683.91,100.35,149.0,149.0,2009
OI,2009-03-09,9.73,1491.6,78.5,2009-04-24,19.49,2987.81,100.31,2009-04-24,19.49,2987.81,100.31,47.0,47.0,2009
ANF,2009-03-09,17.11,765.48,107.87,2009-08-14,34.25,1532.29,100.18,2009-08-14,34.25,1532.29,100.18,159.0,159.0,2009
MHK,2009-03-09,17.11,1042.91,55.1,2009-04-03,34.25,2087.65,100.18,2009-04-03,34.25,2087.65,100.18,26.0,26.0,2009
DHI,2009-03-09,6.89,1953.86,92.82,2009-08-26,13.79,3910.56,100.15,2009-08-26,13.79,3910.56,100.15,171.0,171.0,2009
HIG,2009-03-06,3.62,992.35,274.04,2009-03-18,8.86,2428.8,144.75,2009-10-08,29.2,8004.62,220.53,13.0,217.0,2009
BGC,2009-03-06,13.65,6550.82,35.5,2009-06-01,40.94,19647.66,199.93,2009-08-05,42.5,20396.32,211.36,88.0,153.0,2009
ATI,2009-03-06,17.49,2386.87,69.97,2009-05-29,35.41,4832.42,102.46,2009-06-11,43.26,5903.71,147.34,85.0,98.0,2009
BAC,2009-03-06,3.14,22283.29,2384.87,2009-03-18,7.67,54430.85,144.27,2009-03-18,7.67,54430.85,144.27,13.0,13.0,2009
IR,2009-03-06,11.84,4633.43,101.05,2009-07-23,24.08,9423.39,103.38,2009-09-16,32.74,12812.37,137.25,140.0,195.0,2009
COF,2009-03-06,8.31,5171.25,375.18,2009-04-09,17.46,10865.23,110.11,2009-04-13,19.21,11954.24,131.17,35.0,39.0,2009
IP,2009-03-06,4.09,2165.72,114.38,2009-03-24,9.2,4871.56,124.94,2009-03-24,9.2,4871.56,124.94,19.0,19.0,2009
SLG,2009-03-06,8.41,598.32,81.88,2009-04-17,18.61,1323.31,121.17,2009-04-17,18.61,1323.31,121.17,43.0,43.0,2009
AIV,2009-03-06,6.31,907.39,50.19,2009-06-01,12.93,1860.68,105.06,2009-06-12,13.94,2005.79,121.05,88.0,99.0,2009
BEN,2009-03-06,12.89,6696.41,144.52,2009-07-23,26.98,14021.53,109.39,2009-09-18,34.49,17920.57,119.71,140.0,197.0,2009
PNC,2009-03-06,18.51,7432.96,382.03,2009-04-09,38.48,15452.21,107.89,2009-04-13,40.3,16183.05,117.72,35.0,39.0,2009
TXT,2009-03-06,3.75,652.08,88.69,2009-04-06,8.26,1436.32,120.27,2010-01-19,22.98,3995.97,116.38,32.0,320.0,2009
AXP,2009-03-06,10.26,7000.67,441.24,2009-04-15,20.62,14069.57,100.97,2009-04-17,21.81,14881.54,112.57,41.0,43.0,2009
CXW,2009-03-06,9.82,971.08,26.65,2009-08-07,19.97,1974.8,103.36,2009-08-21,20.78,2054.9,111.61,155.0,169.0,2009
SPG,2009-03-06,26.19,8507.77,359.87,2009-05-06,54.84,17814.67,109.39,2009-05-06,54.84,17814.67,109.39,62.0,62.0,2009
ZION,2009-03-06,6.48,953.15,116.87,2009-04-13,13.44,1976.91,107.41,2009-04-13,13.44,1976.91,107.41,39.0,39.0,2009
BWA,2009-03-06,15.18,3113.64,48.09,2009-05-04,31.43,6446.76,107.05,2009-05-04,31.43,6446.76,107.05,60.0,60.0,2009
KBR,2009-03-06,11.71,1484.71,65.08,2009-08-21,24.1,3055.64,105.81,2009-08-25,24.12,3058.17,105.98,169.0,173.0,2009
OSG,2009-03-06,126.12,5677.11,32.61,2009-06-11,259.74,11691.83,105.95,2009-06-11,259.74,11691.83,105.95,98.0,98.0,2009
URBN,2009-03-06,14.13,1209.55,106.64,2009-08-13,29.06,2487.57,105.66,2009-08-13,29.06,2487.57,105.66,161.0,161.0,2009
RJF,2009-03-06,7.65,1491.5,43.89,2009-08-24,15.32,2985.61,100.18,2009-08-26,15.71,3060.97,105.23,172.0,174.0,2009
CEG,2009-03-06,15.5,5615.57,123.03,2009-08-21,31.32,11347.07,102.06,2009-08-28,31.69,11481.12,104.45,169.0,176.0,2009
USB,2009-03-06,8.82,13691.28,645.65,2009-04-09,17.64,27382.57,100.0,2009-04-13,18.01,27956.92,104.2,35.0,39.0,2009
ALV,2009-03-06,12.33,923.06,26.04,2009-04-17,25.16,1883.56,104.06,2009-04-17,25.16,1883.56,104.06,43.0,43.0,2009
UA,2009-03-06,12.24,5214.21,23.39,2009-05-04,24.97,10635.62,103.97,2009-05-04,24.97,10635.62,103.97,60.0,60.0,2009
MIR,2009-03-06,9.25,2263.07,62.73,2009-07-27,18.72,4579.96,102.38,2009-07-27,18.72,4579.96,102.38,144.0,144.0,2009
WYNN,2009-03-06,15.43,1601.43,120.55,2009-04-06,31.2,3238.15,102.2,2009-04-06,31.2,3238.15,102.2,32.0,32.0,2009
GT,2009-03-06,3.51,1008.91,50.04,2009-03-26,7.07,2032.19,101.42,2009-03-26,7.07,2032.19,101.42,21.0,21.0,2009
AA,2009-03-06,12.54,3310.13,306.87,2009-05-06,25.23,6658.34,101.15,2009-05-06,25.23,6658.34,101.15,62.0,62.0,2009
MAR,2009-03-06,12.63,3330.39,104.35,2009-08-07,25.28,6666.05,100.16,2009-08-07,25.28,6666.05,100.16,155.0,155.0,2009
MTW,2009-03-06,9.68,347.6,36.82,2009-03-26,19.36,695.21,100.0,2009-03-26,19.36,695.21,100.0,21.0,21.0,2009
AIG,2009-03-05,4.56,2419.86,353.86,2009-03-16,10.82,5737.89,137.12,2009-05-08,26.21,13895.64,474.23,12.0,65.0,2009
C,2009-03-05,10.2,17396.88,1752.83,2009-03-16,23.3,39739.94,128.43,2009-08-28,52.3,89201.67,412.75,12.0,177.0,2009
EMN,2009-03-05,9.0,1029.15,47.06,2009-04-24,20.01,2288.14,122.33,2009-06-04,22.52,2574.59,150.17,51.0,92.0,2009
CI,2009-03-05,12.87,3404.53,105.57,2009-07-24,26.2,6930.75,103.57,2009-08-27,30.57,8086.76,137.53,142.0,176.0,2009
UNM,2009-03-05,7.99,1276.61,85.08,2009-04-29,16.11,2574.0,101.63,2009-05-08,18.94,3026.16,137.05,56.0,65.0,2009
ING,2009-03-05,3.03,8700.66,27.71,2009-03-23,7.13,20473.82,135.31,2009-03-23,7.13,20473.82,135.31,19.0,19.0,2009
HST,2009-03-05,3.4,2328.66,115.95,2009-04-23,7.1,4862.79,108.82,2009-04-24,7.8,5342.22,129.41,50.0,51.0,2009
PRU,2009-03-05,11.29,3921.3,316.79,2009-03-18,24.92,8655.34,120.73,2009-03-18,24.92,8655.34,120.73,14.0,14.0,2009
GE,2009-03-05,33.19,34632.95,2250.1,2009-05-06,68.13,71085.49,105.25,2009-05-08,72.42,75558.48,118.17,63.0,65.0,2009
M,2009-03-05,6.58,1735.55,139.26,2009-07-23,13.28,3502.75,101.82,2009-09-22,18.77,4950.8,114.03,141.0,202.0,2009
TROW,2009-03-05,21.01,4501.74,149.8,2009-06-03,42.65,9138.47,103.0,2009-06-09,44.68,9573.43,112.66,91.0,97.0,2009
WFC,2009-03-05,8.12,24848.74,2089.27,2009-03-18,17.22,52696.46,112.07,2009-03-18,17.22,52696.46,112.07,14.0,14.0,2009
MET,2009-03-05,12.1,7785.59,471.48,2009-03-18,25.56,16446.24,111.24,2009-03-18,25.56,16446.24,111.24,14.0,14.0,2009
WMS,2009-03-05,15.67,1220.62,29.56,2009-04-23,31.88,2483.31,103.45,2009-04-29,32.68,2545.63,108.55,50.0,56.0,2009
HOG,2009-03-05,8.2,863.2,109.2,2009-04-03,16.56,1743.24,101.95,2009-04-06,17.1,1800.09,108.54,30.0,33.0,2009
BBT,2009-03-05,13.32,1119.25,270.7,2009-05-06,27.7,2327.57,107.96,2009-05-06,27.7,2327.57,107.96,63.0,63.0,2009
DAL,2009-03-05,3.93,2581.99,129.4,2009-04-21,8.11,5328.22,106.36,2009-04-21,8.11,5328.22,106.36,48.0,48.0,2009
VNO,2009-03-05,28.95,5445.43,271.85,2009-08-07,59.57,11204.98,105.77,2009-08-07,59.57,11204.98,105.77,156.0,156.0,2009
ALB,2009-03-05,15.81,1864.55,24.93,2009-08-06,31.9,3762.12,101.77,2009-08-12,32.44,3825.8,105.19,155.0,161.0,2009
ROK,2009-03-05,17.73,1972.89,56.32,2009-07-20,36.45,4055.94,105.58,2009-09-16,44.51,4952.8,103.99,138.0,196.0,2009
MTB,2009-03-05,30.5,4466.57,115.37,2009-08-07,61.19,8960.97,100.62,2009-08-10,61.62,9023.94,102.03,156.0,159.0,2009
MI,2009-03-05,155.5,2873.47,73.92,2009-03-23,312.5,5774.65,100.96,2009-03-23,312.5,5774.65,100.96,19.0,19.0,2009
FMX,2009-03-05,19.91,6782.97,44.34,2009-08-03,40.01,13630.67,100.95,2009-08-03,40.01,13630.67,100.95,152.0,152.0,2009
PPG,2009-03-05,14.24,3174.1,87.35,2009-08-04,28.52,6357.11,100.28,2009-08-05,28.56,6364.91,100.53,153.0,154.0,2009
RIO,2009-03-03,3.07,4988.53,641.1,2011-02-09,75.18,122261.59,2350.86,2011-02-14,75.9,123432.49,2324.92,709.0,714.0,2011
HLX,2009-03-03,3.21,472.82,28.38,2009-08-31,11.7,1723.36,264.49,2009-09-16,15.99,2355.26,215.38,182.0,198.0,2009
GNK,2009-03-03,90.4,3939.37,43.5,2009-06-10,246.9,10759.17,173.12,2009-06-11,260.8,11364.89,188.5,100.0,101.0,2009
CE,2009-03-03,7.52,824.66,46.82,2009-04-02,15.62,1712.93,107.71,2009-09-16,27.5,3015.72,141.86,31.0,198.0,2009
NVR,2009-03-03,319.56,862.59,50.85,2009-08-20,643.66,1737.43,101.42,2009-08-26,693.65,1872.36,117.06,171.0,177.0,2009
TS,2009-03-03,15.1,7622.78,90.34,2009-05-28,30.29,15290.99,100.6,2009-06-02,32.28,16295.59,113.77,87.0,92.0,2009
ADBE,2009-03-03,15.99,6463.16,232.68,2009-07-23,32.31,13059.7,102.06,2009-08-07,33.22,13427.52,107.75,143.0,158.0,2009
FTI,2009-03-03,23.79,9485.12,80.91,2009-08-21,47.93,19109.78,101.47,2009-08-28,48.67,19404.82,104.58,172.0,179.0,2009
LZ,2009-03-03,23.75,4076.63,28.96,2009-06-29,47.9,8221.93,101.68,2009-06-29,47.9,8221.93,101.68,119.0,119.0,2009
BLK,2009-03-03,90.57,14059.54,105.62,2009-06-09,182.14,28274.32,101.1,2009-06-09,182.14,28274.32,101.1,99.0,99.0,2009
TRN,2009-03-03,6.47,514.4,34.7,2009-04-24,13.0,1033.57,100.93,2009-04-24,13.0,1033.57,100.93,53.0,53.0,2009
CMI,2009-03-02,18.45,2545.9,135.85,2009-07-20,38.49,5311.2,108.62,2009-08-13,48.49,6691.09,162.82,141.0,165.0,2009
CLF,2009-03-02,12.01,6850.68,174.23,2009-05-01,25.29,14425.79,110.57,2009-05-08,31.02,17694.26,158.28,61.0,68.0,2009
SID,2009-03-02,6.0,7949.93,84.29,2009-07-21,12.01,15926.39,100.33,2009-08-24,14.01,18578.58,133.69,142.0,176.0,2009
CAT,2009-03-02,22.17,10211.32,520.83,2009-08-03,45.12,20781.91,103.52,2009-08-04,47.89,22057.75,116.01,155.0,156.0,2009
KB,2009-03-02,16.82,5965.85,23.58,2009-06-01,35.52,12598.51,111.18,2009-06-01,35.52,12598.51,111.18,92.0,92.0,2009
NBR,2009-03-02,425.0,6288.26,142.0,2009-05-05,860.5,12731.88,102.47,2009-05-06,893.0,13212.75,110.12,65.0,66.0,2009
CPT,2009-03-02,17.56,1740.03,44.14,2009-08-07,36.59,3625.72,108.37,2009-08-07,36.59,3625.72,108.37,159.0,159.0,2009
CMC,2009-03-02,8.89,985.79,36.56,2009-06-01,18.01,1997.08,102.59,2009-06-02,18.35,2034.78,106.41,92.0,93.0,2009
ISRG,2009-03-02,9.48,3357.85,192.17,2009-07-23,23.93,8475.12,152.4,2009-10-19,29.38,10404.53,105.02,144.0,232.0,2009
RCL,2009-03-02,5.5,1475.07,59.08,2009-04-13,11.23,3011.83,104.18,2009-04-13,11.23,3011.83,104.18,43.0,43.0,2009
MICC,2009-03-02,31.71,19414.76,57.6,2009-06-01,64.06,39221.36,102.02,2009-06-01,64.06,39221.36,102.02,92.0,92.0,2009
AMX,2009-03-02,11.83,35583.46,274.02,2009-08-25,23.83,71678.26,101.44,2009-08-25,23.83,71678.26,101.44,177.0,177.0,2009
RS,2009-03-02,19.82,1011.78,52.51,2009-07-22,39.73,2028.16,100.45,2009-07-22,39.73,2028.16,100.45,143.0,143.0,2009
CTSH,2009-03-02,17.38,8220.74,124.07,2009-08-12,34.81,16465.13,100.29,2009-08-12,34.81,16465.13,100.29,164.0,164.0,2009
CIEN,2009-02-23,5.09,719.72,40.63,2009-04-24,11.21,1585.08,120.24,2009-05-04,12.25,1732.13,140.67,61.0,71.0,2009
TEX,2009-02-23,7.57,864.62,69.65,2009-05-04,15.5,1770.36,104.76,2009-05-08,17.9,2044.48,136.46,71.0,75.0,2009
ATHR,2009-02-23,11.53,140.03,34.9,2009-07-22,24.35,295.72,111.19,2009-09-04,27.98,339.81,125.28,150.0,194.0,2009
TD,2009-02-23,26.2,43723.34,66.07,2009-06-02,53.4,89115.5,103.82,2009-06-02,53.4,89115.5,103.82,100.0,100.0,2009
CRI,2009-02-23,14.13,520.69,20.16,2009-07-30,28.74,1059.07,103.4,2009-07-30,28.74,1059.07,103.4,158.0,158.0,2009
BMO,2009-02-23,19.51,13752.99,21.89,2009-05-26,39.28,27689.25,101.33,2009-05-26,39.28,27689.25,101.33,93.0,93.0,2009
RY,2009-02-23,20.62,28672.45,50.16,2009-06-02,41.5,57706.43,101.26,2009-06-02,41.5,57706.43,101.26,100.0,100.0,2009
BNS,2009-02-23,17.95,22106.7,22.14,2009-07-15,36.02,44350.7,100.62,2009-07-15,36.02,44350.7,100.62,143.0,143.0,2009
GRMN,2009-02-20,15.17,2925.63,47.04,2009-08-05,33.66,6491.54,121.89,2009-08-05,33.66,6491.54,121.89,167.0,167.0,2009
LEN,2009-02-20,5.59,1376.19,83.36,2009-07-27,11.3,2782.85,102.21,2009-07-27,11.3,2782.85,102.21,158.0,158.0,2009
RMBS,2009-02-19,6.29,680.18,35.62,2009-05-29,12.92,1397.13,105.41,2009-08-26,19.5,2108.67,153.25,100.0,189.0,2009
STI,2009-02-19,335.0,2594.8,258.81,2009-03-18,709.0,5491.69,111.64,2009-03-18,709.0,5491.69,111.64,28.0,28.0,2009
VMI,2009-02-17,38.45,746.45,24.71,2009-07-20,76.95,1493.88,100.13,2009-07-21,77.19,1498.54,100.75,154.0,155.0,2009
FOSL,2009-02-11,11.26,665.2,21.17,2009-06-01,23.49,1387.71,108.61,2009-06-10,24.26,1433.2,115.45,111.0,120.0,2009
TDC,2009-02-10,13.05,1228.01,24.76,2009-08-06,26.66,2508.71,104.29,2009-08-12,26.97,2537.88,104.94,178.0,184.0,2009
STX,2009-01-23,3.11,697.35,64.63,2009-03-26,6.56,1470.94,110.93,2009-03-26,6.56,1470.94,110.93,63.0,63.0,2009
ACH,2009-01-22,10.25,783.49,23.37,2009-06-01,26.44,2021.02,157.95,2009-08-04,32.54,2487.29,202.14,131.0,195.0,2009
MS,2009-01-20,13.1,20662.43,893.91,2009-06-05,30.97,48848.51,136.41,2009-06-08,31.39,49510.97,139.62,137.0,140.0,2009
AN,2009-01-20,7.91,264.98,33.88,2009-06-01,16.99,569.16,114.79,2009-08-03,20.69,693.12,121.05,133.0,196.0,2009
CME,2009-01-20,31.81,11528.1,412.81,2009-05-28,63.87,23142.44,100.75,2009-06-11,68.42,24791.9,115.06,129.0,143.0,2009
DB,2009-01-20,21.27,40692.99,65.07,2009-03-23,43.77,83739.17,105.78,2009-03-23,43.77,83739.17,105.78,63.0,63.0,2009
STT,2009-01-20,14.89,4121.06,342.7,2009-02-06,30.49,8438.63,104.77,2009-02-09,30.53,8449.7,105.04,18.0,21.0,2009
BVN,2009-01-14,14.36,3647.25,28.01,2009-06-01,28.74,7299.58,100.14,2009-06-02,29.12,7396.1,102.79,139.0,140.0,2009
SYNA,2008-12-24,14.43,557.54,43.6,2009-04-02,28.93,1117.79,100.49,2009-04-03,29.78,1150.63,106.38,100.0,101.0,2009
RIG,2008-12-24,42.24,47158.48,862.66,2009-06-11,84.65,94506.75,100.4,2009-06-11,84.65,94506.75,100.4,170.0,170.0,2009
EAT,2008-12-15,7.74,331.95,27.79,2009-06-12,16.34,700.79,111.11,2009-06-12,16.34,700.79,111.11,180.0,180.0,2009
BIDU,2008-12-10,10.45,3557.0,819.73,2009-04-17,21.01,7148.37,100.97,2009-04-17,21.01,7148.37,100.97,129.0,129.0,2009
SWKS,2008-12-05,3.81,573.05,48.56,2009-03-11,7.7,1158.13,102.1,2009-03-13,7.72,1161.13,102.62,97.0,99.0,2009
FCX,2008-12-05,8.4,12075.26,1015.23,2009-03-06,16.94,24351.77,101.67,2009-03-06,16.94,24351.77,101.67,92.0,92.0,2009
PAY,2008-12-04,3.22,405.04,21.88,2009-03-25,6.75,849.08,109.63,2009-04-09,8.23,1035.25,155.59,112.0,127.0,2009
HP,2008-12-04,18.1,1808.75,95.32,2009-06-01,36.79,3676.46,103.26,2009-06-01,36.79,3676.46,103.26,180.0,180.0,2009
SLAB,2008-12-04,17.54,578.5,31.36,2009-06-01,35.33,1165.25,101.43,2009-06-01,35.33,1165.25,101.43,180.0,180.0,2009
FLS,2008-12-04,13.65,1741.86,118.06,2009-06-05,27.38,3493.09,100.54,2009-06-05,27.38,3493.09,100.54,184.0,184.0,2009
GNK,2008-12-03,68.5,2985.03,56.39,2008-12-16,148.6,6475.55,116.93,2008-12-17,181.1,7891.8,164.38,14.0,15.0,2008
PLD,2008-12-02,3.2,2983.48,178.79,2009-06-04,9.09,8474.95,184.06,2009-06-08,9.2,8577.51,154.14,185.0,189.0,2009
DSX,2008-12-02,5.78,713.51,35.76,2008-12-17,11.87,1466.45,105.53,2008-12-17,11.87,1466.45,105.53,16.0,16.0,2008
CBL,2008-12-01,3.23,99.95,22.86,2008-12-16,6.54,202.38,102.48,2008-12-24,8.12,251.27,151.39,16.0,24.0,2008
SNDA,2008-12-01,316.2,14969.94,24.2,2009-04-02,634.5,30039.31,100.66,2009-06-09,954.9,45208.09,144.0,123.0,191.0,2009
WSM,2008-12-01,3.06,360.29,31.55,2009-05-28,6.26,737.66,104.74,2009-06-02,7.35,865.41,140.2,179.0,184.0,2009
COO,2008-12-01,3.06,598.03,20.63,2009-06-01,6.82,1330.68,122.51,2009-06-04,7.27,1418.97,135.74,183.0,186.0,2009
MAC,2008-12-01,9.85,2574.6,84.5,2008-12-19,20.84,5447.18,111.57,2008-12-22,21.44,5604.01,117.66,19.0,22.0,2008
DDS,2008-11-24,3.0,46.85,20.78,2009-05-28,9.28,144.93,209.33,2009-10-22,15.43,240.97,126.58,186.0,333.0,2009
HIG,2008-11-21,4.95,1356.95,249.41,2008-12-05,14.59,3999.57,194.75,2009-01-06,19.68,5394.89,297.58,15.0,47.0,2008
SFD,2008-11-21,5.69,2238.89,57.13,2008-12-19,11.69,4599.75,105.45,2009-01-06,15.03,5913.96,164.15,29.0,47.0,2008
CX,2008-11-21,3.64,5259.42,131.54,2008-12-08,8.36,12058.18,129.27,2008-12-10,9.43,13610.22,158.78,18.0,20.0,2008
SLG,2008-11-21,11.0,782.16,80.96,2008-12-08,27.0,1920.25,145.51,2008-12-08,27.0,1920.25,145.51,18.0,18.0,2008
LVS,2008-11-21,3.23,2140.32,219.8,2008-12-17,7.5,4969.78,132.2,2008-12-17,7.5,4969.78,132.2,27.0,27.0,2008
RCL,2008-11-21,6.64,1780.81,79.9,2008-12-30,13.34,3577.72,100.9,2009-01-05,15.18,4071.2,128.61,40.0,46.0,2008
TER,2008-11-21,3.14,491.54,32.33,2009-05-27,6.97,1091.1,121.97,2009-06-01,7.49,1172.5,127.66,188.0,193.0,2009
C,2008-11-21,37.7,64300.25,2118.62,2008-11-28,82.9,141392.33,119.89,2008-11-28,82.9,141392.33,119.89,8.0,8.0,2008
KBH,2008-11-21,8.02,502.44,98.8,2009-04-16,16.28,1019.91,102.99,2009-04-17,17.45,1093.21,117.58,147.0,148.0,2009
BGC,2008-11-21,7.62,3656.94,51.28,2008-11-28,16.51,7923.37,116.67,2008-11-28,16.51,7923.37,116.67,8.0,8.0,2008
EAT,2008-11-21,3.99,171.12,29.44,2008-12-10,8.55,366.69,114.29,2008-12-10,8.55,366.69,114.29,20.0,20.0,2008
DHI,2008-11-21,4.34,1230.74,103.59,2009-02-06,9.14,2591.92,110.6,2009-02-06,9.14,2591.92,110.6,78.0,78.0,2009
CI,2008-11-21,8.82,2333.18,117.81,2009-01-02,17.79,4706.03,101.7,2009-01-06,18.17,4806.55,106.01,43.0,47.0,2009
LEN,2008-11-21,3.46,853.37,91.37,2008-11-26,7.04,1734.9,103.3,2008-11-26,7.04,1734.9,103.3,6.0,6.0,2008
AMG,2008-11-21,18.99,501.57,72.21,2008-12-17,38.58,1018.98,103.16,2008-12-17,38.58,1018.98,103.16,27.0,27.0,2008
WCC,2008-11-21,11.89,579.1,24.73,2009-04-17,24.13,1175.25,102.94,2009-04-17,24.13,1175.25,102.94,148.0,148.0,2009
CCI,2008-11-21,10.19,4447.45,76.1,2009-01-28,20.68,9025.83,102.94,2009-01-28,20.68,9025.83,102.94,69.0,69.0,2009
AMP,2008-11-21,12.37,1112.03,117.28,2009-01-06,25.1,2256.42,102.91,2009-01-06,25.1,2256.42,102.91,47.0,47.0,2009
CYH,2008-11-21,11.35,1599.4,35.99,2009-04-30,22.84,3218.54,101.23,2009-04-30,22.84,3218.54,101.23,161.0,161.0,2009
EQIX,2008-11-21,35.14,3465.66,85.0,2009-04-29,70.39,6942.16,100.31,2009-04-29,70.39,6942.16,100.31,160.0,160.0,2009
LNC,2008-11-20,5.07,969.45,121.41,2008-11-26,11.58,2214.25,128.4,2009-01-06,25.01,4782.24,393.29,7.0,48.0,2008
RMBS,2008-11-20,5.2,562.31,31.83,2008-12-01,11.39,1231.68,119.04,2009-01-08,18.5,2000.53,255.77,12.0,50.0,2008
CDE,2008-11-20,3.6,3724.24,21.71,2008-12-16,7.9,8172.64,119.44,2008-12-18,9.8,10138.21,172.22,27.0,29.0,2008
EXPE,2008-11-20,12.1,1452.27,74.74,2009-04-30,27.22,3267.0,124.96,2009-10-26,53.04,6365.97,157.48,162.0,341.0,2009
STLD,2008-11-20,5.23,754.23,145.39,2008-12-10,11.35,1636.82,117.02,2008-12-17,12.79,1844.48,144.55,21.0,28.0,2008
SNDK,2008-11-20,5.32,787.84,189.27,2009-01-02,11.08,1640.83,108.27,2009-01-06,12.94,1916.28,143.23,44.0,48.0,2009
BBY,2008-11-20,17.42,3670.31,309.07,2009-03-26,37.67,7936.89,116.25,2009-04-09,41.09,8657.47,135.88,127.0,141.0,2009
AGO,2008-11-20,6.12,274.55,34.3,2008-12-05,12.91,579.16,110.95,2008-12-08,14.29,641.07,133.5,16.0,19.0,2008
IPI,2008-11-20,143.4,1926.3,112.95,2009-05-18,307.2,4126.63,114.23,2009-06-01,336.5,4520.21,132.23,180.0,194.0,2009
FSLR,2008-11-20,87.23,9373.16,774.74,2009-04-30,187.29,20124.94,114.71,2009-05-20,202.4,21748.56,132.03,162.0,182.0,2009
HLX,2008-11-20,4.0,589.18,53.01,2009-01-05,8.66,1275.58,116.5,2009-01-06,9.09,1338.92,127.25,47.0,48.0,2009
MET,2008-11-20,16.48,10603.84,483.94,2008-12-16,34.43,22153.53,108.92,2008-12-19,37.41,24070.97,127.0,27.0,30.0,2008
CCJ,2008-11-20,11.81,5143.64,103.97,2009-05-01,24.46,10653.14,107.11,2009-05-20,26.66,11611.31,125.74,163.0,182.0,2009
PAAS,2008-11-20,9.3,3918.56,33.21,2009-05-06,18.96,7988.8,103.87,2009-06-02,23.86,10053.41,125.09,168.0,195.0,2009
SU,2008-11-20,14.66,17309.72,342.43,2009-05-06,30.16,35611.27,105.73,2009-05-08,32.39,38244.34,120.94,168.0,170.0,2009
PBR.A,2008-11-20,12.56,80941.24,406.83,2009-03-19,25.96,167295.75,106.69,2009-03-23,27.72,178637.84,120.7,120.0,124.0,2009
CENX,2008-11-20,4.42,437.47,65.75,2008-12-10,9.21,911.55,108.37,2008-12-17,9.72,962.03,119.91,21.0,28.0,2008
AEO,2008-11-20,7.11,1185.06,84.57,2009-04-16,14.6,2433.45,105.34,2009-04-24,15.6,2600.12,119.41,148.0,156.0,2009
TEX,2008-11-20,9.33,1065.64,116.29,2009-01-02,18.74,2140.42,100.86,2009-01-06,20.46,2336.87,119.29,44.0,48.0,2009
AMSC,2008-11-20,85.5,4070.85,32.65,2009-01-02,171.5,8165.51,100.58,2009-01-06,187.0,8903.5,118.71,44.0,48.0,2009
DRI,2008-11-20,13.54,1550.8,84.41,2008-12-19,28.55,3269.97,110.86,2009-01-02,29.54,3383.36,118.17,30.0,44.0,2008
KMX,2008-11-20,6.23,883.54,41.05,2009-03-24,12.51,1774.18,100.8,2009-03-26,13.49,1913.16,116.53,125.0,127.0,2009
PLCE,2008-11-20,16.67,370.27,41.0,2009-05-07,36.0,799.63,115.96,2009-05-07,36.0,799.63,115.96,169.0,169.0,2009
HMY,2008-11-20,5.58,3486.58,22.55,2009-01-26,11.32,7073.13,102.87,2009-02-06,11.97,7479.27,114.52,68.0,79.0,2009
MTW,2008-11-20,18.44,662.17,66.38,2008-12-10,39.52,1419.15,114.32,2008-12-10,39.52,1419.15,114.32,21.0,21.0,2008
WDC,2008-11-20,9.93,3422.69,137.35,2009-04-01,19.91,6862.62,100.5,2009-09-16,36.85,12701.54,113.13,133.0,301.0,2009
GGB,2008-11-20,3.33,6557.94,111.29,2009-05-06,7.1,13959.11,112.86,2009-05-06,7.1,13959.11,112.86,168.0,168.0,2009
MS,2008-11-20,9.2,14511.02,1006.6,2009-01-06,19.58,30883.24,112.83,2009-01-06,19.58,30883.24,112.83,48.0,48.0,2009
RS,2008-11-20,12.63,644.74,78.28,2009-02-06,26.86,1371.16,112.67,2009-02-06,26.86,1371.16,112.67,79.0,79.0,2009
TSN,2008-11-20,4.4,1549.37,82.52,2009-01-02,9.35,3292.41,112.5,2009-01-02,9.35,3292.41,112.5,44.0,44.0,2009
KB,2008-11-20,14.7,5213.91,35.99,2009-01-05,29.9,10605.16,103.4,2009-01-06,31.11,11034.34,111.63,47.0,48.0,2009
CF,2008-11-20,7.88,1209.98,441.81,2009-05-15,15.95,2450.39,102.51,2009-05-26,16.61,2552.09,110.92,177.0,188.0,2009
PWR,2008-11-20,10.72,1608.64,89.55,2009-01-27,21.84,3277.31,103.73,2009-01-28,22.61,3392.86,110.91,69.0,70.0,2009
UNM,2008-11-20,9.48,1514.68,85.61,2009-01-05,19.45,3107.65,105.17,2009-01-06,19.97,3190.73,110.65,47.0,48.0,2009
ENS,2008-11-20,5.96,219.63,23.61,2009-02-06,12.55,462.48,110.57,2009-02-06,12.55,462.48,110.57,79.0,79.0,2009
SID,2008-11-20,3.94,5218.18,148.7,2009-01-06,8.28,10986.69,110.55,2009-01-06,8.28,10986.69,110.55,48.0,48.0,2009
PRU,2008-11-20,13.73,4768.77,334.06,2008-12-05,28.52,9905.71,107.72,2008-12-09,28.64,9947.39,108.59,16.0,20.0,2008
PVH,2008-11-20,13.63,624.41,39.29,2009-04-17,28.37,1299.67,108.14,2009-04-17,28.37,1299.67,108.14,149.0,149.0,2009
MELI,2008-11-20,8.28,419.77,23.77,2008-12-12,17.17,870.47,107.37,2008-12-12,17.17,870.47,107.37,23.0,23.0,2008
URI,2008-11-20,4.4,275.64,27.44,2008-12-31,9.12,571.34,107.27,2008-12-31,9.12,571.34,107.27,42.0,42.0,2008
ARW,2008-11-20,11.82,604.4,31.89,2009-05-04,24.37,1246.13,106.18,2009-05-04,24.37,1246.13,106.18,166.0,166.0,2009
ATI,2008-11-20,15.24,2079.81,117.34,2009-01-06,31.42,4287.9,106.17,2009-01-06,31.42,4287.9,106.17,48.0,48.0,2009
CMC,2008-11-20,6.33,701.92,54.05,2008-12-10,13.03,1444.86,105.85,2008-12-10,13.03,1444.86,105.85,21.0,21.0,2008
BKE,2008-11-20,14.58,751.13,36.37,2009-03-18,29.82,1536.27,104.53,2009-03-19,30.0,1545.54,105.76,119.0,120.0,2009
CLF,2008-11-20,14.11,8048.55,348.65,2008-12-17,29.0,16542.03,105.53,2008-12-17,29.0,16542.03,105.53,28.0,28.0,2008
AKAM,2008-11-20,9.29,1356.34,136.51,2009-03-18,18.96,2768.16,104.09,2009-03-19,19.09,2787.14,105.49,119.0,120.0,2009
EME,2008-11-20,11.28,501.29,30.13,2009-01-02,23.17,1029.68,105.41,2009-01-02,23.17,1029.68,105.41,44.0,44.0,2009
PKX,2008-11-20,43.34,12816.47,90.22,2009-05-08,89.0,26319.02,105.35,2009-05-08,89.0,26319.02,105.35,170.0,170.0,2009
CAKE,2008-11-20,5.32,264.33,29.95,2009-01-06,10.91,542.07,105.08,2009-01-06,10.91,542.07,105.08,48.0,48.0,2009
BYD,2008-11-20,3.02,224.48,29.05,2009-01-06,6.18,459.36,104.64,2009-01-06,6.18,459.36,104.64,48.0,48.0,2009
MOS,2008-11-20,22.31,7091.16,792.02,2009-02-06,45.05,14318.99,101.93,2009-02-09,45.64,14506.52,104.57,79.0,82.0,2009
CNQ,2008-11-20,6.74,14068.11,325.83,2009-05-08,13.78,28735.87,104.26,2009-05-08,13.78,28735.87,104.26,170.0,170.0,2009
AU,2008-11-20,13.71,6931.47,60.08,2008-12-10,27.99,14151.12,104.16,2008-12-10,27.99,14151.12,104.16,21.0,21.0,2008
GLW,2008-11-20,7.82,6730.19,344.39,2009-04-03,15.96,13735.78,104.09,2009-04-03,15.96,13735.78,104.09,135.0,135.0,2009
PFG,2008-11-20,9.43,2037.0,105.81,2008-12-05,19.2,4147.44,103.61,2008-12-05,19.2,4147.44,103.61,16.0,16.0,2008
FNF,2008-11-20,7.04,1894.87,34.25,2008-12-08,14.31,3851.64,103.27,2008-12-08,14.31,3851.64,103.27,19.0,19.0,2008
SBAC,2008-11-20,10.64,1128.51,64.03,2009-02-06,21.46,2276.11,101.69,2009-02-09,21.56,2286.72,102.63,79.0,82.0,2009
TSM,2008-11-20,5.82,30189.0,178.84,2009-05-04,11.78,61101.5,102.4,2009-05-04,11.78,61101.5,102.4,166.0,166.0,2009
GS,2008-11-20,52.0,15340.39,2459.48,2009-03-18,105.25,31049.53,102.4,2009-03-18,105.25,31049.53,102.4,119.0,119.0,2009
PBR,2008-11-20,14.94,96278.83,1029.92,2009-02-09,30.23,194813.2,102.34,2009-02-09,30.23,194813.2,102.34,82.0,82.0,2009
MRVL,2008-11-20,4.78,4179.91,191.91,2009-03-26,9.65,8438.52,101.88,2009-03-26,9.65,8438.52,101.88,127.0,127.0,2009
NOV,2008-11-20,17.86,6409.75,507.41,2009-05-08,36.04,12934.34,101.79,2009-05-08,36.04,12934.34,101.79,170.0,170.0,2009
SBUX,2008-11-20,3.58,4085.82,204.56,2009-04-30,7.23,8240.03,101.67,2009-04-30,7.23,8240.03,101.67,162.0,162.0,2009
AIZ,2008-11-20,12.77,632.72,85.25,2008-12-16,25.75,1275.85,101.64,2008-12-16,25.75,1275.85,101.64,27.0,27.0,2008
OII,2008-11-20,9.79,976.51,64.93,2009-03-23,19.7,1965.48,101.28,2009-03-23,19.7,1965.48,101.28,124.0,124.0,2009
OSK,2008-11-20,3.92,245.58,27.76,2008-12-08,7.89,494.3,101.28,2008-12-08,7.89,494.3,101.28,19.0,19.0,2008
ICE,2008-11-20,10.14,5733.17,204.81,2009-05-05,20.4,11536.45,101.22,2009-05-05,20.4,11536.45,101.22,167.0,167.0,2009
BTU,2008-11-20,243.75,29697.04,554.6,2009-05-06,489.9,59686.49,100.98,2009-05-06,489.9,59686.49,100.98,168.0,168.0,2009
BHP,2008-11-20,24.62,62543.3,319.97,2009-04-02,49.24,125086.59,100.0,2009-04-03,49.34,125340.63,100.41,134.0,135.0,2009
IMA,2008-11-20,13.88,156.55,32.99,2009-02-19,27.81,313.67,100.36,2009-02-19,27.81,313.67,100.36,92.0,92.0,2009
CRS,2008-11-20,11.93,592.75,31.65,2009-01-06,23.89,1186.99,100.25,2009-01-06,23.89,1186.99,100.25,48.0,48.0,2009
CNX,2008-11-20,18.83,2664.02,388.78,2009-05-04,37.7,5333.71,100.21,2009-05-04,37.7,5333.71,100.21,166.0,166.0,2009
ROC,2008-11-19,5.87,112.0,21.87,2009-01-06,12.4,236.59,111.24,2009-01-06,12.4,236.59,111.24,49.0,49.0,2009
M,2008-11-19,5.68,1498.17,163.27,2009-01-05,11.66,3075.46,105.28,2009-01-06,11.69,3083.37,105.81,48.0,49.0,2009
DKS,2008-11-19,9.56,855.13,67.21,2009-04-22,19.62,1754.99,105.23,2009-04-22,19.62,1754.99,105.23,155.0,155.0,2009
CRM,2008-11-19,5.49,4491.12,133.33,2009-05-05,11.22,9182.65,104.46,2009-05-05,11.22,9182.65,104.46,168.0,168.0,2009
NTES,2008-11-19,3.14,2001.17,30.51,2009-05-06,6.4,4085.3,104.15,2009-05-06,6.4,4085.3,104.15,169.0,169.0,2009
LVS,2008-10-28,4.95,3280.05,218.14,2008-10-30,10.38,6878.18,109.7,2008-10-31,14.19,9402.82,186.67,3.0,4.0,2008
AEM,2008-10-27,21.7,10850.79,217.23,2008-12-16,46.45,23226.68,114.06,2009-03-25,58.17,29087.11,168.06,51.0,150.0,2008
KGC,2008-10-27,7.66,9146.88,129.35,2008-12-10,16.31,19475.93,112.92,2009-02-18,19.49,23273.19,154.44,45.0,115.0,2008
AN,2008-10-27,4.21,141.04,45.13,2008-11-28,8.54,286.09,102.85,2008-12-10,10.27,344.04,143.94,33.0,45.0,2008
GVA,2008-10-27,22.67,991.74,24.03,2008-12-05,45.83,2004.91,102.16,2008-12-08,49.09,2147.53,116.54,40.0,43.0,2008
BVN,2008-10-27,9.82,2494.15,37.5,2008-12-16,20.97,5326.1,113.54,2008-12-16,20.97,5326.1,113.54,51.0,51.0,2008
CECO,2008-10-27,12.47,447.34,27.16,2009-02-24,25.12,901.13,101.44,2009-02-25,26.15,938.08,109.7,121.0,122.0,2009
NEM,2008-10-27,21.54,22995.09,354.66,2009-01-23,44.44,47442.04,106.31,2009-01-23,44.44,47442.04,106.31,89.0,89.0,2009
GFI,2008-10-27,4.9,4382.65,75.21,2008-12-16,10.08,9015.74,105.71,2008-12-16,10.08,9015.74,105.71,51.0,51.0,2008
ACH,2008-10-27,7.31,558.76,34.84,2008-12-10,14.86,1135.87,103.28,2008-12-10,14.86,1135.87,103.28,45.0,45.0,2008
ABX,2008-10-27,18.14,1743.95,473.74,2008-12-29,36.52,3510.98,101.32,2008-12-31,36.77,3535.01,102.7,64.0,66.0,2008
ACM,2008-10-27,15.22,1967.77,25.45,2008-12-08,30.5,3943.3,100.39,2008-12-08,30.5,3943.3,100.39,43.0,43.0,2008
PENN,2008-10-24,12.76,1707.84,45.83,2009-04-02,27.57,3690.06,116.07,2009-05-05,34.62,4633.66,136.48,161.0,194.0,2009
GOLD,2008-10-23,23.11,670.23,40.92,2009-02-11,48.64,1410.77,110.49,2009-02-17,49.35,1431.35,113.56,112.0,118.0,2009
VIV,2008-10-16,3.0,4793.41,20.3,2009-04-20,14.48,23136.19,382.67,2009-04-20,14.48,23136.19,382.67,187.0,187.0,2009
MS,2008-10-10,9.68,15268.12,936.19,2008-10-14,21.94,34605.63,126.65,2008-10-14,21.94,34605.63,126.65,5.0,5.0,2008
SQM,2008-10-10,15.25,4355.98,55.71,2009-02-06,31.24,8923.33,104.85,2009-02-09,31.34,8951.89,105.51,120.0,123.0,2009
KEY,2008-10-09,6.42,6960.73,151.32,2008-11-04,13.59,14734.63,111.68,2008-11-04,13.59,14734.63,111.68,27.0,27.0,2008
JBLU,2008-10-09,3.44,1279.74,36.16,2009-01-16,6.96,2589.25,102.33,2009-01-20,7.09,2637.61,106.1,100.0,104.0,2009
ESI,2008-10-09,66.0,16078.08,101.97,2009-02-03,133.21,32450.91,101.83,2009-02-03,133.21,32450.91,101.83,118.0,118.0,2009
DAL,2008-10-08,5.64,3705.45,119.25,2009-01-16,11.43,7509.45,102.66,2009-01-16,11.43,7509.45,102.66,101.0,101.0,2009
WB,2008-09-30,3.5,859.85,1268.95,2014-07-16,19.03,4675.15,443.71,2014-09-11,24.34,5979.67,466.05,2116.0,2173.0,2014
AIG,2008-09-17,26.73,14171.35,1156.4,2008-09-22,61.54,32629.95,130.25,2008-09-23,65.19,34565.2,143.91,6.0,7.0,2008
RF,2008-07-15,6.88,5871.25,188.88,2008-09-18,14.6,12459.34,112.21,2008-09-19,19.8,16896.91,187.79,66.0,67.0,2008
HBAN,2008-07-15,4.64,9405.89,89.78,2008-09-18,10.5,21284.87,126.29,2008-09-19,12.75,25845.91,174.78,66.0,67.0,2008
CAL,2008-07-15,6.65,224.38,102.35,2008-07-23,14.8,499.36,122.56,2008-07-23,14.8,499.36,122.56,9.0,9.0,2008
STI,2008-07-15,1349.0,10448.93,276.57,2008-09-18,2752.5,21319.99,104.04,2008-09-19,2960.0,22927.22,119.42,66.0,67.0,2008
BPOP,2008-07-15,51.2,3310.33,27.46,2008-09-18,105.0,6788.75,105.08,2008-09-19,111.7,7221.94,118.16,66.0,67.0,2008
AMR,2008-07-15,4.41,56.24,125.45,2008-07-22,9.25,117.96,109.75,2008-07-23,9.55,121.79,116.55,8.0,9.0,2008
MTG,2008-07-15,3.7,782.51,38.15,2008-08-05,8.01,1694.04,116.49,2008-08-05,8.01,1694.04,116.49,22.0,22.0,2008
WB,2008-07-15,9.08,2230.71,1083.11,2008-08-01,18.98,4662.87,109.03,2008-08-01,18.98,4662.87,109.03,18.0,18.0,2008
ZION,2008-07-15,19.27,2834.46,132.86,2008-09-16,40.18,5910.15,108.51,2008-09-16,40.18,5910.15,108.51,64.0,64.0,2008
BBT,2008-07-15,19.82,1665.43,237.28,2008-09-19,41.14,3456.9,107.57,2008-09-19,41.14,3456.9,107.57,67.0,67.0,2008
WBS,2008-07-15,13.75,2227.86,20.39,2008-09-19,28.0,4536.74,103.64,2008-09-19,28.0,4536.74,103.64,67.0,67.0,2008
BAC,2008-07-15,18.52,131428.86,1817.61,2008-09-19,37.48,265980.22,102.38,2008-09-19,37.48,265980.22,102.38,67.0,67.0,2008
MI,2008-07-14,575.0,10625.35,97.44,2008-09-19,1475.0,27256.34,156.52,2008-09-19,1475.0,27256.34,156.52,68.0,68.0,2008
FHN,2008-07-14,5.04,2392.07,53.23,2008-07-23,10.61,5035.69,110.52,2008-07-23,10.61,5035.69,110.52,10.0,10.0,2008
DAL,2008-07-14,4.64,3048.45,77.51,2008-08-11,9.34,6136.33,101.29,2008-08-11,9.34,6136.33,101.29,29.0,29.0,2008
MBI,2008-07-11,3.9,198.64,120.94,2008-08-05,8.42,428.86,115.9,2008-09-05,16.61,846.01,325.9,26.0,57.0,2008
JBLU,2008-07-11,3.14,1168.14,30.29,2008-09-02,6.32,2351.16,101.27,2008-09-02,6.32,2351.16,101.27,54.0,54.0,2008
EWBC,2008-06-30,7.06,967.07,30.42,2008-08-05,14.6,1999.89,106.8,2008-08-05,14.6,1999.89,106.8,37.0,37.0,2008
FITB,2008-06-18,9.26,8392.44,173.72,2008-09-19,18.88,17111.16,103.89,2008-09-19,18.88,17111.16,103.89,94.0,94.0,2008
PAY,2008-04-28,10.29,1294.37,59.02,2008-08-28,20.62,2593.78,100.39,2008-08-28,20.62,2593.78,100.39,123.0,123.0,2008
ESI,2008-03-31,45.93,11188.88,96.47,2008-07-24,95.82,23342.44,108.62,2008-07-25,97.61,23778.5,112.52,116.0,117.0,2008
SYNA,2008-03-27,15.53,600.17,52.45,2008-06-05,31.62,1221.72,103.56,2008-06-05,31.62,1221.72,103.56,71.0,71.0,2008
JBL,2008-03-27,9.03,952.69,44.57,2008-08-08,18.28,1928.59,102.44,2008-08-08,18.28,1928.59,102.44,135.0,135.0,2008
CSIQ,2008-03-20,16.71,1133.22,40.07,2008-06-05,40.7,2760.14,143.57,2008-06-18,51.0,3458.65,205.21,78.0,91.0,2008
COCO,2008-03-17,6.62,378.09,22.25,2008-06-05,13.35,762.45,101.66,2008-06-05,13.35,762.45,101.66,81.0,81.0,2008
VRTX,2008-03-10,14.59,3703.02,62.3,2008-06-03,29.53,7494.87,102.4,2008-06-03,29.53,7494.87,102.4,86.0,86.0,2008
SD,2008-01-23,30.0,1107.55,32.43,2008-06-09,61.14,2257.18,103.8,2008-06-18,68.54,2530.38,128.47,139.0,148.0,2008
GGB,2008-01-23,9.66,19002.55,71.71,2008-05-16,19.39,38153.63,100.78,2008-05-20,20.28,39902.45,109.98,115.0,119.0,2008
PLCE,2008-01-22,15.63,347.17,32.8,2008-05-22,32.98,732.55,111.0,2008-07-22,40.41,897.58,158.54,122.0,183.0,2008
HP,2008-01-22,34.85,3482.59,40.72,2008-06-17,70.5,7045.13,102.3,2008-06-23,76.99,7693.68,120.92,148.0,154.0,2008
SOHU,2008-01-22,39.82,1038.07,65.16,2008-05-12,82.2,2142.87,106.43,2008-05-15,83.88,2186.67,110.65,112.0,115.0,2008
TS,2008-01-18,36.52,18436.02,106.72,2008-06-30,74.5,37609.08,104.0,2008-06-30,74.5,37609.08,104.0,165.0,165.0,2008
GNK,2008-01-17,363.4,15835.9,43.22,2008-05-02,732.3,31911.47,101.51,2008-05-16,840.0,36604.72,131.15,107.0,121.0,2008
ACI,2008-01-17,34.92,17269.16,105.02,2008-06-03,70.1,34666.89,100.74,2008-06-03,70.1,34666.89,100.74,139.0,139.0,2008
HOV,2008-01-09,120.0,712.58,40.17,2008-01-31,249.75,1483.06,108.12,2008-02-01,302.25,1794.82,151.88,23.0,24.0,2008
BZH,2008-01-09,24.95,681.98,39.67,2008-03-24,52.85,1444.59,111.82,2008-03-24,52.85,1444.59,111.82,76.0,76.0,2008
TT,2007-12-11,35.77,7907.15,64.05,2020-03-02,100.55,22227.13,181.1,2020-03-04,117.82,26044.76,229.38,4466.0,4468.0,2020
OIS,2007-12-04,30.79,1853.36,36.18,2008-06-05,62.1,3738.01,101.69,2008-06-05,62.1,3738.01,101.69,185.0,185.0,2008
CLF,2007-11-19,37.33,21290.73,126.45,2008-04-16,75.13,42855.25,101.29,2008-06-30,119.19,67987.72,179.46,150.0,225.0,2008
THC,2007-11-02,12.8,1102.55,44.92,2008-04-28,26.8,2308.47,109.38,2008-04-28,26.8,2308.47,109.38,179.0,179.0,2008
CF,2007-10-22,15.32,2353.6,86.7,2008-04-21,31.22,4796.31,103.79,2008-04-21,31.22,4796.31,103.79,183.0,183.0,2008
BOW,2007-09-26,14.1,463.02,31.64,2024-08-20,28.87,948.03,104.75,2024-09-04,31.49,1034.07,123.33,6174.0,6189.0,2024
FSLR,2007-09-17,94.8,10186.58,197.42,2008-02-29,205.15,22044.19,116.4,2008-03-05,213.19,22907.55,124.88,166.0,171.0,2008
MELI,2007-08-16,26.6,1348.55,91.27,2007-12-13,53.63,2718.89,101.62,2007-12-28,78.81,3995.44,196.28,120.0,135.0,2007
BIDU,2007-08-16,16.89,5746.53,418.62,2007-12-31,38.98,13263.05,130.8,2007-12-31,38.98,13263.05,130.8,138.0,138.0,2007
PBR.A,2007-08-16,45.42,292703.12,149.01,2007-11-08,99.65,642181.11,119.4,2007-11-08,99.65,642181.11,119.4,85.0,85.0,2007
KGC,2007-08-16,10.91,13027.73,52.93,2008-01-10,22.65,27046.58,107.61,2008-01-14,23.41,27954.1,114.57,148.0,152.0,2008
MASI,2007-08-16,19.55,1023.82,23.58,2007-12-13,41.18,2156.56,110.64,2007-12-21,41.79,2188.5,113.76,120.0,128.0,2007
CNX,2007-08-16,36.4,5149.78,124.83,2007-12-26,73.58,10409.92,102.14,2007-12-26,73.58,10409.92,102.14,133.0,133.0,2007
SID,2007-08-16,7.23,9585.4,54.57,2007-12-10,14.5,19221.73,100.53,2007-12-10,14.5,19221.73,100.53,117.0,117.0,2007
MOS,2007-07-27,34.61,11000.67,77.03,2007-12-03,72.2,22948.53,108.61,2008-02-25,117.06,37207.13,201.78,130.0,214.0,2007
BMRN,2007-06-26,17.41,3365.08,28.7,2007-12-14,36.44,7043.28,109.3,2007-12-14,36.44,7043.28,109.3,172.0,172.0,2007
LTM,2007-06-07,10.05,2884.86,20.44,2007-11-26,49.23,14134.33,389.95,2007-11-30,54.32,15595.71,440.61,173.0,177.0,2007
SIRI,2007-05-16,26.9,9055.08,161.03,2007-06-13,255.5,86006.39,849.81,2007-06-13,255.5,86006.39,849.81,29.0,29.0,2007
PBR,2007-05-14,25.46,164041.35,253.37,2007-11-08,58.38,376254.33,129.37,2007-11-08,58.38,376254.33,129.37,179.0,179.0,2007
CF,2007-05-01,7.7,1182.95,34.75,2007-10-18,15.56,2390.78,102.1,2007-10-19,15.79,2425.81,105.06,171.0,172.0,2007
KBR,2007-04-24,20.63,2615.68,58.17,2007-10-08,41.32,5238.96,100.29,2007-10-12,44.01,5580.03,113.33,168.0,172.0,2007
BIDU,2007-04-02,9.35,3182.04,270.23,2007-07-06,19.76,6723.39,111.29,2007-07-13,21.26,7235.47,127.38,96.0,103.0,2007
GME,2007-03-23,6.83,3063.52,62.19,2007-09-21,13.82,6196.54,102.27,2007-09-24,14.04,6296.31,100.82,183.0,186.0,2007
SPWR,2007-03-23,41.77,6075.78,30.72,2007-09-21,83.87,12199.57,100.79,2007-09-21,83.87,12199.57,100.79,183.0,183.0,2007
FRPT,2007-03-07,14.81,727.8,33.43,2007-05-30,30.27,1487.55,104.39,2007-05-30,30.27,1487.55,104.39,85.0,85.0,2007
FSLR,2007-03-05,44.13,4741.93,32.19,2007-08-20,94.01,10101.69,113.03,2007-09-04,106.98,11495.36,131.06,169.0,184.0,2007
NVT,2007-03-05,30.58,4945.41,40.23,2007-08-01,63.29,10235.29,106.97,2007-08-08,65.26,10553.88,113.41,150.0,157.0,2007
GRMN,2007-03-05,51.23,9880.02,145.67,2007-08-08,103.93,20043.55,102.87,2007-08-08,103.93,20043.55,102.87,157.0,157.0,2007
ISRG,2007-01-19,10.38,3675.82,98.43,2007-07-20,22.07,7814.82,112.6,2007-07-30,23.91,8467.64,120.65,183.0,193.0,2007
NOV,2007-01-11,27.0,9688.19,157.8,2007-06-22,54.46,19546.86,101.76,2007-06-22,54.46,19546.86,101.76,163.0,163.0,2007
CMI,2007-01-10,28.58,3943.04,129.35,2007-07-09,58.82,8116.52,105.84,2007-07-09,58.82,8116.52,105.84,181.0,181.0,2007
SID,2007-01-10,4.71,6243.65,24.09,2007-07-12,9.5,12597.89,101.77,2007-07-13,9.57,12695.1,103.04,184.0,185.0,2007
MOS,2007-01-10,19.76,6280.65,22.18,2007-06-18,39.77,12640.76,101.27,2007-06-19,39.98,12707.51,102.33,160.0,161.0,2007
CROX,2006-12-01,20.87,1037.02,43.7,2007-06-05,42.52,2113.05,103.76,2007-06-22,46.91,2330.94,124.13,187.0,204.0,2007
BN,2006-11-27,7.13,15961.47,20.66,2023-01-12,23.43,52423.31,228.44,2023-02-02,25.45,56927.55,256.66,5891.0,5912.0,2023
FSLR,2006-11-21,24.6,2643.35,175.16,2007-02-20,49.21,5287.78,100.04,2007-02-26,51.85,5571.46,110.77,92.0,98.0,2007
AMKR,2006-10-06,5.05,1251.76,32.72,2006-11-24,10.33,2560.52,104.55,2006-11-24,10.33,2560.52,104.55,50.0,50.0,2006
HAWK,2006-10-03,10.01,931.72,23.06,2009-08-25,26.0,2420.06,159.74,2009-09-17,35.13,3269.87,250.95,1058.0,1081.0,2009
AD,2006-10-02,27.76,2399.66,28.84,2025-08-12,75.98,6567.94,173.7,2025-08-13,76.11,6579.17,174.17,6890.0,6891.0,2025
LEA,2006-09-25,9.15,458.37,36.74,2007-02-05,19.32,967.84,111.15,2007-02-06,20.31,1017.43,121.97,134.0,135.0,2007
DAKT,2006-09-22,18.72,904.14,20.81,2006-11-21,37.73,1822.29,101.55,2006-11-21,37.73,1822.29,101.55,61.0,61.0,2006
MGM,2006-08-25,34.65,8865.25,59.68,2007-01-23,70.15,17947.96,102.45,2007-01-24,72.1,18446.87,108.08,152.0,153.0,2007
RMBS,2006-08-11,10.26,1109.49,137.96,2006-11-16,21.72,2348.73,111.7,2006-11-24,23.1,2497.96,125.15,98.0,106.0,2006
AVT,2006-08-11,16.89,1385.39,28.62,2007-02-08,34.21,2806.04,102.55,2007-02-14,35.31,2896.27,105.89,182.0,188.0,2007
CAL,2006-08-11,14.77,498.46,117.1,2006-11-21,29.59,998.28,100.27,2006-11-24,30.25,1020.77,104.78,103.0,106.0,2006
AMR,2006-08-11,18.83,240.14,133.44,2007-01-11,37.94,483.84,101.49,2007-01-11,37.94,483.84,101.49,154.0,154.0,2007
MICC,2006-07-18,33.0,20204.57,41.03,2007-01-16,66.58,40764.25,101.76,2007-01-23,72.72,44523.53,118.97,183.0,190.0,2007
MA,2006-07-18,4.39,3878.93,145.01,2006-11-03,8.95,7908.96,103.9,2007-02-08,11.47,10138.24,118.26,109.0,206.0,2006
GT,2006-07-18,9.86,2834.14,30.81,2006-12-20,19.73,5671.16,100.1,2006-12-20,19.73,5671.16,100.1,156.0,156.0,2006
LU,2006-07-17,8.16,7072.18,99.07,2020-10-30,51.4,44547.81,529.9,2020-11-16,78.88,68364.42,866.67,5220.0,5237.0,2020
CRM,2006-07-17,5.46,4468.62,57.89,2006-11-13,11.0,8998.59,101.37,2006-11-13,11.0,8998.59,101.37,120.0,120.0,2006
IBN,2006-07-17,3.86,13846.28,38.7,2007-01-08,7.77,27842.72,101.08,2007-01-08,7.77,27842.72,101.08,176.0,176.0,2007
TTWO,2006-07-10,9.34,1729.54,35.22,2006-12-04,19.2,3555.37,105.57,2006-12-14,20.33,3764.62,117.67,148.0,158.0,2006
ICE,2006-06-13,9.2,5202.71,94.22,2006-11-14,19.31,10920.05,109.89,2007-02-21,32.77,18532.98,169.55,155.0,254.0,2006
JEF,2006-06-13,12.58,2571.76,27.69,2006-06-15,27.22,5564.65,116.38,2006-07-03,30.49,6233.14,142.37,3.0,21.0,2006
STN,2006-05-24,17.87,2038.38,60.84,2006-05-31,36.5,4163.45,104.25,2006-06-01,36.83,4200.52,106.07,8.0,9.0,2006
