ticker,entry_date,entry_price,next_earnings,exit_date,trading_bars_held,exit_close,realized_pct,mfe_pct,capture,peak_date,peak_return_pct
INOD,2026-03-30,34.45,2026-05-07,2026-05-06,26,46.51,35.007256894049334,146.42,0.2390879449122342,2026-05-08,146.42
OGN,2026-03-30,5.7,2026-04-30,2026-04-29,21,13.34,134.03508771929822,135.26,0.9909440168512365,2026-05-06,135.26
APLD,2026-03-30,20.54,2026-04-08,2026-04-07,5,25.18,22.590068159688425,115.33,0.19587330408123146,2026-05-06,115.33
ALAB,2026-03-30,100.27,2026-05-05,2026-05-04,24,201.25,100.70808816196273,112.27000000000001,0.8970169071164401,2026-04-24,112.27
WOLF,2026-03-30,14.8,2026-05-08,2026-05-07,27,45.16,205.1351351351351,111.01,1.8478978032171434,2026-04-24,111.01
RIOT,2026-03-30,11.83,2026-04-30,2026-04-29,21,15.98,35.08030431107354,103.8,0.3379605424958915,2026-05-07,103.8
BB,2026-03-30,3.15,2026-04-09,2026-04-08,6,3.53,12.063492063492065,102.22,0.11801498790346375,2026-05-08,102.22
APLS,2026-03-27,16.97,2026-05-07,2026-05-06,27,41.12,142.3099587507366,142.31,0.9999997101450115,2026-05-06,142.31
SANM,2026-03-20,122.86,2026-04-27,2026-04-24,24,192.16,56.40566498453523,102.14000000000001,0.552238740792395,2026-05-08,102.14
XMTR,2026-03-12,36.1,2026-05-05,2026-05-04,36,52.99,46.78670360110804,121.63,0.38466417496594624,2026-05-08,121.63
HTZ,2026-03-12,3.89,2026-05-07,2026-05-06,38,6.48,66.58097686375322,100.77000000000001,0.660722207638714,2026-04-20,100.77
AMD,2026-03-03,190.95,2026-05-05,2026-05-04,43,341.54,78.86357685257923,138.38,0.5699058885140861,2026-05-08,138.38
QURE,2026-03-03,9.03,2026-05-07,2026-05-06,45,22.82,152.71317829457365,102.21000000000001,1.494111909740472,2026-03-10,102.21
HIMS,2026-02-27,14.52,2026-05-04,2026-05-01,44,27.41,88.7741046831956,113.57,0.7816686156836806,2026-04-20,113.57
CAR,2026-02-23,87.69,2026-05-07,2026-05-06,51,164.23,87.28475310753791,714.2,0.12221331994894695,2026-04-21,714.2
FROG,2026-02-23,34.75,2026-05-07,2026-05-06,51,53.81,54.84892086330937,103.02,0.5324104141264742,2026-05-08,103.02
CRCL,2026-02-05,50.23,2026-02-25,2026-02-24,12,61.37,22.177981286084012,164.46,0.13485334601777949,2026-03-18,164.46
NKTR,2026-02-05,35.12,2026-03-12,2026-03-11,23,73.33,108.7984054669704,101.31000000000002,1.0739157582368017,2026-03-06,101.31
MRVL,2026-02-04,73.73,2026-03-05,2026-03-04,19,78.09,5.9134680591346855,133.49,0.04429895916648951,2026-05-06,133.49
DELL,2026-01-20,111.07,2026-02-26,2026-02-25,25,123.48,11.173134059602052,134.5,0.08307162869592605,2026-05-08,134.5
ACHC,2026-01-16,11.68,2026-02-25,2026-02-24,25,17.17,47.00342465753427,100.68,0.46685960128659376,2026-02-27,100.68
MOD,2026-01-07,119.68,2026-02-04,2026-02-03,18,199.48,66.677807486631,114.73,0.5811715112580057,2026-04-13,114.73
TSSI,2025-12-29,6.92,2026-03-11,2026-03-10,48,11.05,59.6820809248555,101.59,0.5874798791697559,2026-04-01,101.59
STRL,2025-12-17,283.57,2026-02-25,2026-02-24,45,459.72,62.11870084987836,212.52,0.2922957879252699,2026-05-06,212.52
CRWV,2025-12-17,64.55,2026-02-26,2026-02-25,46,98.01,51.83578621223859,113.75999999999999,0.4556591614999876,2026-05-06,113.76
VG,2025-12-16,5.92,2026-03-02,2026-02-27,49,9.69,63.682432432432435,110.81,0.5746993270682468,2026-03-06,110.81
ESLT,2025-12-01,454.95,2026-03-17,2026-03-16,71,874.5,92.21892515661064,105.76999999999998,0.8718816787048373,2026-03-06,105.77
SOC,2025-11-26,4.12,2026-02-27,2026-02-26,61,7.91,91.99029126213591,100.24,0.9177004315855538,2025-12-18,100.24
AESI,2025-11-24,8.1,2026-02-23,2026-02-20,59,11.71,44.567901234567906,137.28,0.3246496302051858,2026-05-05,137.28
Q,2025-11-24,73.54,2026-02-26,2026-02-25,62,119.86,62.98612999728037,103.21000000000001,0.6102715821846756,2026-05-06,103.21
FCEL,2025-11-24,6.0,2025-12-18,2025-12-17,16,7.9,31.666666666666664,102.83,0.3079516353852637,2026-04-23,102.83
FLY,2025-11-21,16.78,2026-03-19,2026-03-18,78,23.19,38.20023837902264,163.23,0.23402706842506063,2026-04-16,163.23
MYRG,2025-11-21,203.61,2026-02-25,2026-02-24,62,279.0,37.02666863120672,130.12,0.28455785913930765,2026-05-05,130.12
CAMT,2025-11-21,94.4,2026-02-18,2026-02-17,57,157.0,66.31355932203388,115.04,0.576439145706136,2026-04-24,115.04
POWL,2025-11-21,94.02,2026-02-03,2026-02-02,47,146.78671371460842,56.12286078984092,107.25,0.523290077294554,2026-03-25,107.25
MXL,2025-11-20,13.05,2026-01-29,2026-01-28,45,19.14,46.66666666666666,664.98,0.07017754919947465,2026-05-08,664.98
DOCN,2025-11-20,43.18,2026-02-24,2026-02-23,62,59.24,37.19314497452524,279.69,0.13297988835684235,2026-05-08,279.69
VICR,2025-11-20,83.28,2026-03-02,2026-02-27,66,201.4,141.83477425552354,236.62,0.5994200585560119,2026-05-06,236.62
SIMO,2025-11-20,80.16,2026-02-03,2026-02-02,48,119.75,49.38872255489022,216.35,0.2282815925809578,2026-05-08,216.35
VSH,2025-11-20,11.82,2026-02-04,2026-02-03,49,20.74,75.46531302876478,189.85,0.3974996735779025,2026-05-08,189.85
RCAT,2025-11-20,6.14,2026-03-18,2026-03-17,78,16.97,176.3843648208469,182.74,0.9652203393939307,2026-01-22,182.74
STM,2025-11-20,21.2,2026-01-29,2026-01-28,45,30.33,43.06603773584905,179.1,0.2404580554765441,2026-05-08,179.1
IRDM,2025-11-20,15.84,2026-02-12,2026-02-11,55,18.46,16.540404040404045,174.05,0.09503248515026741,2026-04-16,174.05
DIOD,2025-11-20,42.36,2026-02-10,2026-02-09,53,61.11,44.263456090651566,173.96,0.2544461720547917,2026-05-06,173.96
FLEX,2025-11-20,54.5,2026-02-04,2026-02-03,49,65.99,21.08256880733943,160.84,0.13107789609139162,2026-05-08,160.84
POWI,2025-11-20,30.92,2026-02-05,2026-02-04,50,47.25,52.81371280724449,153.01,0.3451651055960035,2026-05-06,153.01
ON,2025-11-20,44.9,2026-02-09,2026-02-06,52,65.2,45.21158129175949,135.57,0.3334925226212251,2026-05-06,135.57
VECO,2025-11-20,26.39,2026-02-25,2026-02-24,63,29.36,11.25426297840091,134.98,0.08337726313824945,2026-05-06,134.98
MRNA,2025-11-20,22.36,2026-02-13,2026-02-12,56,40.11,79.38282647584973,131.98,0.6014761818142881,2026-01-22,131.98
ACLS,2025-11-20,74.12,2026-02-17,2026-02-13,57,94.55,27.563410685375047,130.71,0.2108745366488795,2026-05-06,130.71
GFS,2025-11-20,32.24,2026-02-11,2026-02-10,54,41.9,29.962779156327525,129.9,0.23066034762376844,2026-05-08,129.9
FIX,2025-11-20,876.19,2026-02-19,2026-02-18,59,1319.47,50.59176662596012,129.57,0.39045895366180544,2026-05-06,129.57
GLW,2025-11-20,78.03,2026-01-28,2026-01-27,44,109.74,40.638216070742004,125.41,0.3240428679590304,2026-04-24,125.41
ALGM,2025-11-20,22.8,2026-01-29,2026-01-28,45,34.55,51.535087719298225,125.31000000000002,0.4112607750323056,2026-05-06,125.31
RXO,2025-11-20,10.48,2026-02-06,2026-02-05,51,16.58,58.20610687022898,120.52000000000001,0.48295807227206256,2026-05-07,120.52
CTRI,2025-11-20,19.37,2026-02-25,2026-02-24,63,30.96,59.8347960764068,115.8,0.5167080835613714,2026-05-06,115.8
SKYT,2025-11-20,13.56,2026-02-25,2026-02-24,63,28.12,107.37463126843659,115.63,0.9286053037138856,2026-03-23,115.63
SYNA,2025-11-20,58.52,2026-02-05,2026-02-04,50,87.7,49.8632946001367,114.34,0.43609668182732814,2026-05-08,114.34
ARCB,2025-11-20,59.62,2026-01-30,2026-01-29,46,85.31,43.08956725930897,114.29,0.3770195752848803,2026-04-28,114.29
AEHR,2025-11-20,19.4,2026-01-08,2026-01-07,31,24.18,24.63917525773196,113.81000000000002,0.21649393952844176,2026-02-25,113.81
LRCX,2025-11-20,139.59,2026-01-28,2026-01-27,44,238.46,70.8288559352389,112.89,0.6274147925878192,2026-05-06,112.89
UI,2025-11-20,515.44,2026-02-06,2026-02-05,51,576.0,11.749185162191523,110.4,0.10642377864303915,2026-04-17,110.4
ECG,2025-11-20,80.42,2026-02-24,2026-02-23,62,106.08,31.907485700074602,110.35,0.2891480353427694,2026-05-06,110.35
RDW,2025-11-20,5.06,2026-02-25,2026-02-24,63,8.42,66.40316205533598,110.28,0.6021324089167209,2026-01-06,110.28
MCHP,2025-11-20,49.02,2026-02-05,2026-02-04,50,78.23,59.587923296613624,109.96,0.5419054501328995,2026-05-06,109.96
CAVA,2025-11-20,43.59,2026-02-24,2026-02-23,62,68.35,56.80201881165403,107.66,0.5276055992165524,2026-03-17,107.66
LUNR,2025-11-20,8.05,2026-03-19,2026-03-18,79,18.11,124.96894409937886,107.58000000000001,1.1616373312825699,2025-12-24,107.58
NTLA,2025-11-20,8.04,2026-02-26,2026-02-25,64,13.42,66.91542288557216,106.08999999999999,0.6307420386989552,2026-04-22,106.09
INTC,2025-11-20,33.62,2026-01-22,2026-01-21,40,54.25,61.362284354550866,103.75000000000001,0.591443704622177,2026-04-16,103.75
WLK,2025-11-20,56.38,2026-02-24,2026-02-23,62,93.02,64.98758424973394,102.59,0.6334689955135387,2026-03-12,102.59
ACMR,2025-11-20,29.67,2026-02-26,2026-02-25,64,68.47,130.77182339063026,101.71999999999998,1.2856058139071007,2026-05-08,101.72
PLXS,2025-11-20,132.74,2026-01-28,2026-01-27,44,173.51,30.714178092511666,100.81,0.30467392215565586,2026-05-08,100.81
CC,2025-11-20,10.48,2026-02-19,2026-02-18,59,21.15,101.8129770992366,100.57000000000001,1.012359322852109,2026-02-11,100.57
ENTG,2025-11-20,68.8,2026-02-10,2026-02-09,53,122.39,77.89244186046514,100.27999999999999,0.7767495199487948,2026-02-11,100.28
VOYG,2025-11-19,17.99,2026-03-09,2026-03-06,72,26.72,48.52695942190106,106.17000000000002,0.4570684696420934,2026-01-23,106.17
FORM,2025-11-18,48.68,2026-02-04,2026-02-03,51,74.69,53.430566967953986,206.32999999999998,0.25895685052078704,2026-05-06,206.33
LASR,2025-11-18,28.6,2026-02-26,2026-02-25,66,60.6,111.88811188811188,165.0,0.6781097690188599,2026-04-24,165.0
SOLS,2025-11-18,41.43,2026-02-11,2026-02-10,56,63.8,53.99468983828144,101.69,0.5309734471263786,2026-05-05,101.69
AEVA,2025-11-17,9.19,2026-02-26,2026-02-25,67,13.64,48.422198041349304,125.14,0.386944206819157,2026-01-14,125.14
UMC,2025-11-17,7.02,2026-01-28,2026-01-27,47,12.48,77.77777777777779,119.65999999999998,0.6499897858747936,2026-05-08,119.66
KGS,2025-11-17,32.95,2026-02-25,2026-02-24,66,51.12,55.14415781487099,116.69,0.47256969590257075,2026-05-06,116.69
LSCC,2025-11-17,61.73,2026-02-10,2026-02-09,56,87.54,41.81111291106432,103.42,0.40428459592984256,2026-05-04,103.42
BKSY,2025-11-17,13.14,2026-02-26,2026-02-25,67,20.19,53.65296803652968,102.51000000000002,0.5233925279146393,2026-01-12,102.51
POET,2025-11-17,4.17,2026-03-31,2026-03-30,90,5.08,21.822541966426854,100.72000000000001,0.21666542857850332,2026-01-21,100.72
MTZ,2025-11-13,190.08,2026-02-26,2026-02-25,69,285.26,50.073653198653176,101.42999999999999,0.49367695157895275,2026-04-23,101.43
HUN,2025-11-06,7.42,2026-02-17,2026-02-13,67,13.21,78.03234501347711,103.49999999999999,0.7539357006133055,2026-05-06,103.5
GCT,2025-11-06,25.46,2026-02-26,2026-02-25,74,35.31,38.68813825608799,103.46,0.3739429562738062,2026-04-17,103.46
APA,2025-11-05,21.66,2026-02-25,2026-02-24,74,28.62,32.13296398891967,104.93999999999998,0.3062032017240297,2026-03-27,104.94
GEV,2025-11-04,547.96,2026-01-28,2026-01-27,56,692.7,26.414336812906058,109.78000000000002,0.240611557778339,2026-04-23,109.78
GPCR,2025-10-24,26.39,2025-11-06,2025-11-05,8,32.21,22.05380826070482,108.94,0.20243995098866185,2026-04-09,108.94
MKSI,2025-10-22,134.42,2025-11-05,2025-11-04,9,137.2,2.06814462133611,109.03,0.01896858315450894,2026-04-24,109.03
PRAX,2025-10-16,162.71,2025-11-05,2025-11-04,13,171.75,5.5558969946530645,110.13999999999999,0.050443953101988966,2026-04-24,110.14
FTI,2025-10-15,35.57,2025-10-23,2025-10-22,5,37.51,5.4540342985661905,100.14,0.054464093255104755,2026-03-27,100.14
DAR,2025-10-13,29.91,2025-10-23,2025-10-22,7,31.12,4.045469742561014,116.14999999999999,0.034829700753861506,2026-04-02,116.15
TER,2025-10-10,132.08,2025-10-28,2025-10-27,11,147.5,11.674742580254382,201.12,0.05804864051439132,2026-04-24,201.12
ZIM,2025-10-10,12.44,2025-11-20,2025-11-19,28,16.75,34.64630225080387,135.29,0.2560891584803302,2026-02-20,135.29
AMKR,2025-10-10,28.26,2025-10-27,2025-10-24,10,32.77,15.958952583156405,116.99,0.13641296335717928,2026-04-14,116.99
KEYS,2025-10-10,159.49,2025-11-24,2025-11-21,30,172.71,8.288920935481858,110.67,0.07489763201844997,2026-04-24,110.67
DOW,2025-10-10,20.65,2025-10-23,2025-10-22,8,21.7,5.084745762711873,102.76,0.049481761022887046,2026-03-30,102.76
DAN,2025-10-10,18.13,2025-10-29,2025-10-28,12,20.03,10.47986762272477,102.37,0.10237244918164276,2026-04-13,102.37
NOK,2025-10-09,5.18,2025-10-23,2025-10-22,9,5.55,7.14285714285714,100.19,0.0712931145110005,2026-04-13,100.19
COGT,2025-10-01,14.13,2025-11-07,2025-11-06,26,14.72,4.175513092710537,164.33,0.025409317183171277,2026-04-09,164.33
CELC,2025-10-01,45.22,2025-11-12,2025-11-11,29,79.165,75.06634232640425,142.63,0.5263012152170249,2026-04-21,142.63
PTEN,2025-09-30,5.18,2025-10-23,2025-10-22,16,6.08,17.374517374517385,119.31,0.14562498847135516,2026-03-27,119.31
MLTX,2025-09-29,6.24,2025-11-05,2025-11-04,26,10.13,62.33974358974359,145.64,0.42803998619708594,2025-12-16,145.64
TXG,2025-09-29,11.34,2025-11-06,2025-11-05,27,13.49,18.959435626102294,104.5,0.18143000599140952,2026-01-22,104.5
AZN,2025-09-25,73.53,2025-11-06,2025-11-05,29,162.3,120.72623419012646,184.89,0.6529624868306911,2026-02-17,184.89
CENX,2025-09-24,25.85,2025-11-06,2025-11-05,30,28.65,10.831721470019339,118.53,0.09138379709794431,2026-03-17,118.53
REPL,2025-09-19,3.22,2025-11-06,2025-11-05,33,8.58,166.45962732919256,167.91,0.9913622019486186,2026-02-20,167.91
BMA,2025-09-19,39.27,2025-11-26,2025-11-25,47,76.49,94.7797300738477,131.42,0.7211971547241494,2025-11-03,131.42
GGAL,2025-09-19,26.45,2025-11-25,2025-11-24,46,46.8,76.93761814744802,129.83,0.5926027739925133,2025-11-03,129.83
VIST,2025-09-19,33.7,2025-10-22,2025-10-21,22,35.02,3.9169139465875302,127.08,0.03082242639744673,2026-03-30,127.08
AG,2025-09-18,9.94,2025-11-05,2025-11-04,33,11.56,16.297786720321938,126.95999999999998,0.12836946062005308,2026-03-13,126.96
EXK,2025-09-10,5.88,2025-11-07,2025-11-06,41,7.32,24.489795918367353,136.39,0.17955712235770477,2026-02-27,136.39
TWST,2025-09-10,24.16,2025-11-14,2025-11-13,46,29.9,23.758278145695357,103.81,0.22886309744432476,2026-02-06,103.81
ASTS,2025-09-09,36.91,2025-11-10,2025-11-07,43,69.19,87.45597399078842,129.61,0.674762549114948,2025-12-11,129.61
SEI,2025-09-09,24.92,2025-11-03,2025-10-31,38,53.23,113.60353130016048,122.15,0.9300330028666433,2025-12-05,122.15
LBRT,2025-09-09,10.02,2025-10-16,2025-10-15,26,12.34,23.15369261477047,106.49,0.21742598004291927,2025-12-11,106.49
AGX,2025-09-08,203.84,2025-12-04,2025-12-03,61,351.09,72.23802982731553,107.27,0.6734224837076119,2026-02-11,107.27
VRT,2025-09-08,121.82,2025-10-22,2025-10-21,31,174.8,43.49039566573636,104.0,0.41817688140131115,2026-02-11,104.0
RIG,2025-09-05,3.07,2025-10-29,2025-10-28,37,3.75,22.1498371335505,125.0,0.177198697068404,2026-03-27,125.0
NVTS,2025-09-04,5.54,2025-11-03,2025-10-31,41,13.46,142.9602888086643,103.79,1.3773994489706551,2026-01-22,103.79
FLNC,2025-09-03,6.75,2025-11-24,2025-11-21,57,15.4,128.14814814814815,377.48,0.3394832789767621,2026-02-03,377.48
AEIS,2025-09-03,145.25,2025-11-04,2025-11-03,43,205.61,41.555938037865744,134.37,0.3092649999096952,2026-03-02,134.37
AMAT,2025-09-03,156.25,2025-11-13,2025-11-12,50,230.73,47.6672,118.46,0.4023906803984468,2026-01-29,118.46
NUTX,2025-09-02,80.92,2025-11-18,2025-11-17,54,103.95,28.460207612456756,135.41,0.21017803421059567,2025-12-11,135.41
MT,2025-09-02,32.44,2025-11-06,2025-11-05,46,37.42,15.351418002466112,105.46,0.14556626211327622,2026-02-11,105.46
TSEM,2025-08-29,58.82,2025-11-10,2025-11-07,49,84.07,42.92757565453926,135.62,0.31652835610189695,2026-03-02,135.62
PCVX,2025-08-26,30.25,2025-11-04,2025-11-03,48,42.83,41.58677685950414,108.4,0.3836418529474551,2026-02-25,108.4
BEAM,2025-08-21,16.01,2025-11-04,2025-11-03,51,24.25,51.46783260462209,121.17,0.4247572221228199,2026-01-14,121.17
FN,2025-08-21,277.04,2025-11-03,2025-10-31,50,440.57,59.027577245163144,108.17000000000002,0.5456926804581967,2026-02-23,108.17
COHR,2025-08-20,86.55,2025-11-05,2025-11-04,53,128.7,48.700173310225296,203.77999999999997,0.23898406767212335,2026-04-22,203.78
ATI,2025-08-20,71.34,2025-10-28,2025-10-27,47,91.71,28.553406223717403,122.24999999999999,0.23356569508153296,2026-03-02,122.25
TMC,2025-08-20,4.67,2025-11-13,2025-11-12,59,5.64,20.770877944325484,102.14000000000001,0.2033569409078273,2026-01-23,102.14
BKD,2025-08-19,7.19,2025-11-06,2025-11-05,55,9.27,28.929068150208614,133.24,0.2171199951231508,2026-02-11,133.24
VAL,2025-08-19,44.25,2025-10-29,2025-10-28,49,56.5,27.683615819209038,116.86000000000001,0.23689556579846857,2026-02-13,116.86
MTSI,2025-08-19,121.0,2025-11-06,2025-11-05,55,149.68,23.702479338842974,111.61000000000001,0.2123687782353102,2026-03-02,111.61
FSLY,2025-08-14,6.91,2025-11-05,2025-11-04,57,7.96,15.195369030390736,326.21,0.046581554919808525,2026-04-02,326.21
ARWR,2025-08-14,18.78,2025-11-25,2025-11-24,71,44.26,135.6762513312034,153.5,0.8838843734931818,2026-03-04,153.5
RVMD,2025-08-11,34.7,2025-11-05,2025-11-04,60,58.57,68.78962536023054,221.14,0.3110682163345869,2026-04-15,221.14
WYFI,2025-08-11,14.71,2025-11-13,2025-11-12,66,22.74,54.58871515975525,166.01,0.328827872777274,2025-10-13,166.01
KYMR,2025-08-11,37.68,2025-11-04,2025-11-03,59,59.72,58.49256900212314,150.27,0.3892498103555143,2025-12-08,150.27
ARRY,2025-08-11,5.48,2025-11-05,2025-11-04,60,7.73,41.058394160583944,118.25000000000001,0.3472168639372849,2026-02-04,118.25
TNDM,2025-08-11,10.12,2025-11-06,2025-11-05,61,14.67,44.96047430830041,115.92,0.3878577838880298,2025-11-25,115.92
APGE,2025-08-11,34.65,2025-11-10,2025-11-07,63,54.71,57.89321789321791,107.71,0.5374915782491683,2025-11-28,107.71
HUT,2025-08-08,19.45,2025-11-04,2025-11-03,60,55.0,182.77634961439588,232.05,0.7876593389976121,2026-01-28,232.05
KRMN,2025-08-08,45.78,2025-11-06,2025-11-05,62,79.73,74.15902140672783,151.83,0.4884345742391347,2026-01-28,151.83
CRNX,2025-08-08,26.85,2025-11-06,2025-11-05,62,42.53,58.39851024208566,110.17000000000002,0.5300763387681371,2026-01-15,110.17
ARVN,2025-08-07,6.24,2025-11-05,2025-11-04,62,9.54,52.88461538461537,108.17000000000002,0.48890279545729287,2025-11-18,108.17
KMT,2025-08-07,19.97,2025-11-05,2025-11-04,62,22.11,10.716074111166751,102.16000000000001,0.10489500891901675,2026-02-10,102.16
VERA,2025-08-06,19.25,2025-11-05,2025-11-04,63,24.35,26.4935064935065,189.19,0.14003650559493896,2025-12-24,189.19
FORM,2025-08-06,27.62,2025-10-29,2025-10-28,58,42.42,53.584359160028974,114.52,0.4679039395741265,2025-10-30,114.52
KLIC,2025-08-06,32.11,2025-11-19,2025-11-18,73,35.56,10.744316412332623,112.16,0.09579454718556189,2026-02-11,112.16
ALGT,2025-08-05,48.87,2025-11-04,2025-11-03,63,61.93,26.723961530591378,134.55,0.19861732835816703,2026-02-06,134.55
ASML,2025-08-05,689.63,2025-10-15,2025-10-14,49,983.18,42.56630367008396,111.01,0.3834456685891718,2026-01-29,111.01
SATS,2025-08-04,26.33,2025-11-06,2025-11-05,66,72.32,174.66767945309533,397.87,0.43900691043078227,2026-01-14,397.87
KRYS,2025-08-04,134.94,2025-11-03,2025-10-31,63,197.51,46.36875648436343,116.34,0.3985624590369901,2026-01-13,116.34
AA,2025-08-01,28.4,2025-10-22,2025-10-21,56,37.23,31.091549295774644,131.23,0.23692409735407033,2026-01-12,131.23
TEVA,2025-08-01,15.38,2025-11-05,2025-11-04,66,20.46,33.0299089726918,131.04,0.2520597449075992,2026-02-03,131.04
NEOG,2025-07-31,4.65,2025-10-09,2025-10-08,48,5.82,25.161290322580633,108.81999999999998,0.23121935602444987,2026-01-08,108.82
ASX,2025-07-31,9.5,2025-10-30,2025-10-29,63,14.43,51.89473684210526,104.32,0.4974572166612851,2026-01-16,104.32
SCCO,2025-07-30,88.13,2025-10-27,2025-10-24,61,127.2951,44.44014523998641,109.55,0.4056608419898349,2026-01-20,109.55
USAR,2025-07-29,11.05,2025-08-11,2025-08-08,8,16.26,47.149321266968336,141.81,0.33248234445362346,2026-01-26,141.81
SRPT,2025-07-25,11.93,2025-08-06,2025-08-05,7,16.75,40.40234702430847,103.02,0.3921796449651376,2025-10-28,103.02
SITM,2025-07-25,190.16,2025-08-06,2025-08-05,7,197.73,3.980858224652928,102.78,0.03873183717311664,2025-12-11,102.78
VSAT,2025-07-24,14.47,2025-08-05,2025-08-04,7,20.28,40.15203870076019,223.88999999999996,0.1793382406572879,2026-01-28,223.89
VCYT,2025-07-21,23.03,2025-08-06,2025-08-05,11,25.01,8.597481545809815,114.42000000000002,0.075139674408406,2025-11-25,114.42
ATEC,2025-07-21,10.3,2025-07-31,2025-07-30,7,10.73,4.174757281553387,101.36,0.04118742385115812,2025-11-12,101.36
EGO,2025-07-18,19.75,2025-07-31,2025-07-30,8,20.48,3.696202531645576,142.72,0.025898280070386602,2026-01-28,142.72
AUGO,2025-07-17,23.5,2025-11-04,2025-11-03,76,32.91,40.04255319148935,261.51,0.1531205429677234,2026-04-17,261.51
VSCO,2025-07-16,17.7,2025-08-28,2025-08-27,30,22.78,28.70056497175142,104.69,0.27414810365604564,2025-10-29,104.69
PPTA,2025-07-10,14.58,2025-08-13,2025-08-12,23,17.37,19.135802469135797,133.85,0.14296453096104444,2026-01-27,133.85
MP,2025-07-09,30.03,2025-08-07,2025-08-06,20,67.51,124.8085248085248,108.13,1.1542451198420864,2026-01-07,108.13
DYN,2025-07-07,8.18,2025-07-28,2025-07-25,14,9.95,21.638141809290957,108.80000000000001,0.19887997986480657,2025-10-20,108.8
EWTX,2025-07-07,12.61,2025-08-07,2025-08-06,22,13.515,7.176843774781938,106.5,0.06738820445804637,2025-11-28,106.5
SNDX,2025-07-07,8.73,2025-08-04,2025-08-01,19,9.98,14.318442153493693,103.08999999999999,0.13889263899014156,2025-11-11,103.09
RGC,2025-07-02,10.36,2025-07-16,2025-07-15,8,13.7,32.23938223938223,143.73,0.22430517108037457,2025-12-23,143.73
LQDA,2025-07-01,12.0,2025-08-12,2025-08-11,28,21.2,76.66666666666666,102.08,0.7510449320794148,2025-10-09,102.08
REAL,2025-06-30,4.79,2025-08-07,2025-08-06,26,5.75,20.041753653444673,133.19,0.1504749129322372,2025-10-02,133.19
HP,2025-06-30,15.16,2025-08-06,2025-08-05,25,15.61,2.968337730870707,103.49999999999999,0.028679591602615528,2025-12-11,103.5
AU,2025-06-27,43.88,2025-08-01,2025-07-31,23,46.25,5.401093892433906,107.95000000000002,0.05003329219484859,2025-12-26,107.95
RKLB,2025-06-25,32.35,2025-08-07,2025-08-06,29,44.1,36.32148377125193,139.72,0.2599590879705978,2025-12-22,139.72
AMR,2025-06-25,99.46,2025-08-08,2025-08-07,30,129.45,30.152825256384475,109.87,0.27444093252375057,2025-12-23,109.87
BTDR,2025-06-25,10.74,2025-08-18,2025-08-15,36,13.39,24.674115456238365,105.59,0.2336785250140957,2025-11-05,105.59
HCC,2025-06-25,41.13,2025-08-06,2025-08-05,28,54.17,31.70435205446145,104.35,0.30382704412516964,2025-11-12,104.35
RGTI,2025-06-23,10.79,2025-08-12,2025-08-11,34,15.98,48.100092678405936,178.59,0.2693325084181977,2025-12-04,178.59
M,2025-06-23,10.64,2025-09-03,2025-09-02,49,13.49,26.785714285714278,126.97,0.21096096940784656,2025-12-12,126.97
TLRY,2025-06-20,3.6,2025-07-28,2025-07-25,24,6.8999999999999995,91.66666666666666,118.31,0.7748006649198432,2025-07-22,118.31
RUN,2025-06-17,5.78,2025-08-06,2025-08-05,33,9.42,62.97577854671279,268.34,0.23468651168932247,2025-10-15,268.34
AAOI,2025-06-13,15.47,2025-08-07,2025-08-06,36,23.23,50.16160310277957,134.78,0.37217393606454646,2025-12-11,134.78
TTMI,2025-06-13,35.38,2025-07-30,2025-07-29,30,48.52,37.13962690785755,126.79,0.2929223669678803,2025-12-11,126.79
VIAV,2025-06-13,9.18,2025-08-07,2025-08-06,36,10.04,9.368191721132902,113.18,0.08277250151204188,2025-12-11,113.18
UNFI,2025-06-13,21.3,2025-09-30,2025-09-29,73,31.76,49.10798122065727,102.07,0.4811206154664179,2025-10-15,102.07
AEO,2025-06-13,9.31,2025-09-03,2025-09-02,54,13.51,45.11278195488722,102.03999999999999,0.44210880002829495,2025-09-05,102.04
SATS,2025-06-09,15.99,2025-08-01,2025-07-31,36,32.59,103.8148843026892,104.25,0.9958262283231577,2025-07-08,104.25
PARR,2025-06-04,21.05,2025-08-05,2025-08-04,41,30.53,45.035629453681715,124.22999999999999,0.3625181474175458,2025-12-01,124.23
ALB,2025-06-02,55.09,2025-07-30,2025-07-29,39,71.6,29.969141404973666,169.87,0.17642397954302505,2026-02-25,169.87
SQM,2025-06-02,30.03,2025-08-20,2025-08-19,54,45.05,50.01665001665001,110.11999999999999,0.45420132597757,2025-11-19,110.12
CIFR,2025-05-30,3.12,2025-08-07,2025-08-06,46,5.21,66.98717948717947,552.24,0.12130084652900816,2025-11-28,552.24
APLD,2025-05-30,6.83,2025-07-30,2025-07-29,40,10.12,48.16983894582722,312.26,0.1542619578102454,2026-01-27,312.26
ARQT,2025-05-30,13.04,2025-08-06,2025-08-05,45,15.325,17.523006134969332,135.29,0.12952181340061594,2025-12-05,135.29
CLF,2025-05-30,5.83,2025-07-21,2025-07-18,33,9.48,62.607204116638094,103.95,0.6022819058839642,2025-09-15,103.95
GLXY,2025-05-30,18.15,2025-08-05,2025-08-04,44,28.89,59.173553719008275,101.21,0.5846611374272135,2025-10-02,101.21
HOOD,2025-05-29,63.95,2025-07-30,2025-07-29,41,103.32,61.56372165754493,100.47,0.6127572574653621,2025-11-26,100.47
BBIO,2025-05-28,32.26,2025-08-05,2025-08-04,46,47.75,48.01611903285803,106.51000000000002,0.4508132478908837,2025-10-29,106.51
NAMS,2025-05-27,17.01,2025-08-06,2025-08-05,48,21.73,27.74838330393885,135.11,0.20537623642912328,2025-11-26,135.11
FTRE,2025-05-23,4.06,2025-08-06,2025-08-05,49,6.56,61.57635467980296,294.85,0.20883959531898577,2026-01-12,294.85
MDGL,2025-05-23,267.56,2025-08-05,2025-08-04,48,312.11,16.650470922409923,102.38000000000001,0.16263401955860443,2025-11-11,102.38
SEDG,2025-05-22,14.94,2025-08-07,2025-08-06,51,25.79,72.62382864792502,203.65000000000003,0.35661099262423285,2025-11-10,203.65
GH,2025-05-22,37.05,2025-07-30,2025-07-29,45,43.32,16.92307692307693,186.19,0.09089143843964193,2026-01-22,186.19
CYTK,2025-05-15,29.84,2025-08-07,2025-08-06,56,35.14,17.76139410187667,103.82000000000001,0.1710787334027805,2025-10-08,103.82
B,2025-05-14,17.63,2025-08-11,2025-08-08,59,23.43,32.89846851956892,100.57000000000001,0.32712010062214303,2025-09-22,100.57
ARDX,2025-05-14,3.28,2025-08-04,2025-08-01,54,4.33,32.01219512195124,100.29999999999998,0.31916445784597447,2025-09-04,100.3
WULF,2025-05-09,3.01,2025-08-08,2025-08-07,61,4.94,64.11960132890368,231.01,0.2775620160551651,2026-02-09,231.01
GSAT,2025-05-09,17.58,2025-08-07,2025-08-06,60,26.15,48.7485779294653,115.75,0.4211540209889011,2025-09-08,115.75
WGS,2025-05-08,56.36,2025-07-29,2025-07-28,54,84.91,50.65649396735272,135.17,0.37476136692574336,2025-09-05,135.17
ASPN,2025-05-08,4.31,2025-08-07,2025-08-06,61,8.24,91.18329466357311,101.86,0.895182551183714,2025-10-06,101.86
BBAI,2025-05-07,3.05,2025-08-11,2025-08-08,64,7.14,134.09836065573774,132.79,1.0098528553033943,2025-10-27,132.79
XMTR,2025-05-07,29.95,2025-08-05,2025-08-04,60,30.97,3.405676126878121,120.13000000000001,0.028349921975177897,2025-11-10,120.13
FSLR,2025-05-06,126.76,2025-07-31,2025-07-30,58,179.13,41.31429473019879,113.74,0.36323452374009835,2025-11-05,113.74
MEDP,2025-05-06,288.77,2025-07-21,2025-07-18,50,311.87,7.999445925823334,109.57999999999998,0.0730009666528868,2025-10-24,109.58
VRDN,2025-05-06,12.03,2025-08-06,2025-08-05,62,17.44,44.97090606816294,101.25,0.44415709696951056,2025-10-17,101.25
BE,2025-05-05,16.32,2025-07-31,2025-07-30,59,37.62,130.5147058823529,254.14,0.5135543632736008,2026-02-25,254.14
HL,2025-05-02,4.54,2025-08-06,2025-08-05,64,6.14,35.24229074889866,459.05000000000007,0.07677222687920414,2026-01-23,459.05
FTAI,2025-05-01,86.9,2025-07-29,2025-07-28,59,114.38,31.622554660529325,109.31,0.28929242210712036,2025-09-22,109.31
DQ,2025-04-30,12.74,2025-08-26,2025-08-25,80,23.9,87.59811616954474,129.28,0.6775844381926419,2025-09-05,129.28
SIMO,2025-04-29,45.16,2025-07-30,2025-07-29,62,77.43,71.45704162976088,103.23,0.6922119696770404,2025-10-29,103.23
SBH,2025-04-25,7.79,2025-05-12,2025-05-09,10,8.17,4.878048780487809,102.70000000000002,0.04749804070582092,2025-09-15,102.7
SNDK,2025-04-22,29.62,2025-05-07,2025-05-06,10,33.83,14.213369345037119,703.76,0.02019633020495214,2026-05-08,703.76
PONY,2025-04-22,4.16,2026-03-26,2026-03-25,232,11.39,173.7980769230769,478.36999999999995,0.3633130775823671,2025-10-02,478.37
PL,2025-04-22,3.04,2025-06-04,2025-06-03,29,3.84,26.315789473684205,257.44,0.10222105917372672,2026-04-16,257.44
BTSG,2025-04-22,16.09,2025-05-02,2025-05-01,7,17.9,11.249223119950269,102.42,0.10983424253027015,2025-10-23,102.42
OKLO,2025-04-21,20.39,2025-05-13,2025-05-12,15,28.85,41.49092692496321,754.05,0.055024105729014276,2025-10-14,754.05
CRWV,2025-04-21,35.42,2025-05-14,2025-05-13,16,63.26,78.59966120835684,418.37,0.18787116955889963,2025-06-20,418.37
INOD,2025-04-21,29.68,2025-05-08,2025-05-07,12,36.76,23.8544474393531,213.97999999999996,0.11147979923055007,2025-10-08,213.98
PCT,2025-04-21,5.56,2025-05-07,2025-05-06,11,6.56,17.985611510791365,204.04,0.08814747848848935,2025-07-18,204.04
FLNC,2025-04-21,3.61,2025-05-07,2025-05-06,11,4.19,16.066481994459856,182.83,0.08787661759262626,2025-07-22,182.83
CORZ,2025-04-21,6.39,2025-05-07,2025-05-06,11,8.99,40.688575899843514,181.69,0.2239450487084788,2025-07-03,181.69
SPHR,2025-04-21,24.28,2025-05-08,2025-05-07,12,29.78,22.652388797364086,176.77,0.12814611527614464,2026-02-27,176.77
RCAT,2025-04-21,4.66,2025-08-14,2025-08-13,79,9.39,101.5021459227468,162.02,0.6264791132128552,2025-07-17,162.02
ALGM,2025-04-21,16.53,2025-05-08,2025-05-07,12,18.69,13.067150635208712,126.92000000000002,0.1029558039332549,2025-07-10,126.92
SMTC,2025-04-21,24.34,2025-05-27,2025-05-23,24,37.28,53.163516844700084,122.51,0.4339524679185379,2025-07-28,122.51
ATHR,2025-04-21,5.04,2025-12-17,2025-12-16,166,6.01,19.246031746031743,119.84000000000002,0.16059772818784832,2025-05-05,119.84
POWL,2025-04-21,53.13,2025-05-06,2025-05-05,10,63.98669999239338,20.434217941640085,119.09999999999998,0.17157193905659185,2025-10-20,119.1
HUT,2025-04-21,10.64,2025-05-08,2025-05-07,12,12.66,18.984962406015036,105.83,0.17939112166696625,2025-07-03,105.83
NNE,2025-04-21,18.52,2025-05-15,2025-05-14,17,26.48,42.98056155507559,105.02,0.4092607270527099,2025-06-18,105.02
WRBY,2025-04-21,14.0,2025-05-08,2025-05-07,12,16.16,15.428571428571436,104.0,0.1483516483516484,2025-09-22,104.0
MOD,2025-04-21,69.3,2025-05-20,2025-05-19,20,104.11,50.230880230880224,102.76,0.4888174409388889,2025-08-05,102.76
ORCL,2025-04-21,122.82,2025-06-11,2025-06-10,35,177.48,44.504152418172936,102.53000000000002,0.4340598109643317,2025-07-17,102.53
CWK,2025-04-21,7.9,2025-04-29,2025-04-28,5,9.01,14.050632911392391,102.41,0.13719981360601885,2025-08-25,102.41
MIRM,2025-04-21,38.39,2025-05-07,2025-05-06,11,41.0,6.798645480593901,102.37,0.0664124790523972,2025-09-09,102.37
IDCC,2025-04-21,183.37,2025-05-01,2025-04-30,7,201.0,9.614440748213982,102.32,0.09396443264478091,2025-10-20,102.32
AAOI,2025-04-21,10.05,2025-05-08,2025-05-07,12,13.98,39.10447761194029,101.88999999999999,0.3837911238781067,2025-05-13,101.89
BOOT,2025-04-21,89.13,2025-05-14,2025-05-13,16,135.1,51.57634915292271,100.44999999999999,0.5134529532396487,2025-07-28,100.45
ZETA,2025-04-21,11.02,2025-05-01,2025-04-30,7,13.06,18.51179673321235,100.36,0.18445393317270176,2025-09-22,100.36
RIOT,2025-04-21,6.29,2025-05-01,2025-04-30,7,7.24,15.103338632750397,100.16000000000001,0.15079211893720443,2025-07-10,100.16
LUMN,2025-04-21,3.07,2025-05-01,2025-04-30,7,3.54,15.309446254071668,100.0,0.15309446254071668,2025-09-10,100.0
HSAI,2025-04-17,10.95,2025-05-26,2025-05-23,25,21.45,95.89041095890411,110.96,0.8641889956642405,2025-06-26,110.96
ELF,2025-04-16,49.95,2025-05-28,2025-05-27,27,91.72,83.62362362362362,193.63,0.43187328215474674,2025-09-18,193.63
ELAN,2025-04-16,8.1,2025-05-07,2025-05-06,13,9.51,17.407407407407405,140.27,0.12409928999363659,2025-11-03,140.27
KSS,2025-04-16,6.13,2025-05-29,2025-05-28,28,8.1,32.13703099510603,133.93,0.2399539385881134,2025-07-22,133.93
VNET,2025-04-16,4.74,2025-05-28,2025-05-27,27,6.04,27.42616033755274,112.03,0.2448108572485293,2025-09-22,112.03
SONO,2025-04-16,7.7,2025-05-07,2025-05-06,13,9.19,19.35064935064934,102.08,0.18956357122501313,2025-09-15,102.08
APLD,2025-04-15,3.44,2025-07-30,2025-07-29,71,10.12,194.1860465116279,120.63999999999999,1.6096323484054038,2025-05-27,120.64
BTDR,2025-04-15,7.2,2025-05-15,2025-05-14,20,14.09,95.69444444444444,100.42,0.9529420876762044,2025-05-13,100.42
CGON,2025-04-10,17.63,2025-05-13,2025-05-12,21,25.16,42.711287577992074,152.18,0.28066294899455957,2025-10-09,152.18
GCT,2025-04-10,11.58,2025-05-12,2025-05-09,20,14.5,25.21588946459412,112.87,0.22340648059355117,2025-07-23,112.87
PTGX,2025-04-10,40.89,2025-05-06,2025-05-05,16,44.28,8.290535583272195,112.77,0.07351720832909636,2025-10-10,112.77
PRAX,2025-04-10,28.47,2025-05-02,2025-05-01,14,38.06,33.68458025992274,108.01,0.31186538524139185,2025-07-25,108.01
INSM,2025-04-10,64.81,2025-05-08,2025-05-07,18,68.28,5.354112019750046,104.60000000000001,0.051186539385755694,2025-08-21,104.6
TVTX,2025-04-10,13.49,2025-05-01,2025-04-30,13,20.81,54.26241660489251,102.45,0.529647795069717,2025-09-10,102.45
FUTU,2025-04-10,74.81,2025-05-28,2025-05-27,31,106.88,42.868600454484685,100.49,0.42659568568499046,2025-07-11,100.49
IREN,2025-04-08,5.3,2025-05-14,2025-05-13,24,8.12,53.207547169811306,1063.01,0.05005366569440674,2025-11-05,1063.01
NBIS,2025-04-08,20.06,2025-05-20,2025-05-19,28,37.56,87.23828514456633,553.76,0.157538076322895,2025-10-13,553.76
EOSE,2025-04-08,3.3,2025-05-06,2025-05-05,18,5.06,53.33333333333332,405.0,0.1316872427983539,2025-11-10,405.0
PGY,2025-04-08,8.88,2025-05-07,2025-05-06,19,11.49,29.391891891891888,393.36,0.07472008310934483,2025-09-18,393.36
CDE,2025-04-08,4.81,2025-05-07,2025-05-06,19,5.79,20.374220374220386,335.03,0.060813122330001454,2025-10-16,335.03
JOBY,2025-04-08,5.33,2025-05-07,2025-05-06,19,6.36,19.324577861163238,282.55,0.06839348030848784,2025-08-04,282.55
GRAL,2025-04-08,21.39,2025-05-13,2025-05-12,23,35.99,68.25619448340345,269.38,0.25338256174698737,2026-01-22,269.38
ENVX,2025-04-08,4.78,2025-04-30,2025-04-29,14,6.77,41.63179916317989,233.44,0.17834046934192896,2025-07-17,233.44
WWW,2025-04-08,10.07,2025-05-08,2025-05-07,20,14.8,46.97120158887786,221.74999999999997,0.21182052576720573,2025-08-28,221.75
WBD,2025-04-08,7.69,2025-05-08,2025-05-07,20,8.56,11.313394018205457,198.9,0.05687980904075142,2025-12-12,198.9
MGNI,2025-04-08,9.0,2025-05-07,2025-05-06,19,12.33,37.000000000000014,194.67,0.190065238608928,2025-08-28,194.67
COIN,2025-04-08,151.47,2025-05-08,2025-05-07,20,196.56,29.768270944741527,177.14,0.16804940129130366,2025-07-18,177.14
REZI,2025-04-08,14.69,2025-05-06,2025-05-05,18,17.61,19.877467665078274,173.68,0.11444880046682562,2025-10-24,173.68
W,2025-04-08,24.14,2025-05-01,2025-04-30,15,30.16,24.937862468931236,172.91,0.1442245241393282,2025-11-26,172.91
HBM,2025-04-08,6.09,2025-05-12,2025-05-09,22,7.71,26.60098522167489,154.64,0.17201878699996698,2025-10-13,154.64
SOFI,2025-04-08,9.5,2025-04-29,2025-04-28,13,13.2,38.947368421052616,151.64,0.2568409945993974,2025-11-12,151.64
ADNT,2025-04-08,10.34,2025-05-07,2025-05-06,19,12.64,22.24371373307543,150.19,0.14810382670667444,2025-10-03,150.19
IONS,2025-04-08,25.51,2025-04-30,2025-04-29,14,29.81,16.856134849078774,146.88,0.11476126667401128,2025-11-28,146.88
STX,2025-04-08,66.54,2025-04-29,2025-04-28,13,82.16,23.474601743312284,144.19,0.16280325780783886,2025-12-11,144.19
ACMR,2025-04-08,18.33,2025-05-07,2025-05-06,19,19.58,6.819421713038731,138.84,0.049117125562076716,2025-10-01,138.84
MKSI,2025-04-08,58.78,2025-05-07,2025-05-06,19,72.67,23.630486560054443,134.68,0.1754565381649424,2025-10-20,134.68
RMBS,2025-04-08,42.9,2025-04-28,2025-04-25,12,50.94,18.741258741258736,132.86,0.14106020428465102,2025-10-27,132.86
DK,2025-04-08,11.55,2025-05-07,2025-05-06,19,14.03,21.471861471861466,130.91,0.16402002499321264,2025-07-10,130.91
KYMR,2025-04-08,21.05,2025-05-09,2025-05-08,21,30.77,46.175771971496424,130.88,0.3528099936697465,2025-06-10,130.88
SOUN,2025-04-08,7.18,2025-05-08,2025-05-07,20,9.17,27.715877437325908,130.36,0.21261029025257677,2025-08-14,130.36
LYFT,2025-04-08,9.97,2025-05-08,2025-05-07,20,12.59,26.27883650952858,129.99,0.20216044703076066,2025-09-29,129.99
MDB,2025-04-08,145.85,2025-06-04,2025-06-03,38,193.75,32.84196091875216,129.6,0.25341019227432215,2025-09-10,129.6
RUN,2025-04-08,5.66,2025-05-07,2025-05-06,19,7.06,24.734982332155475,126.83,0.19502469709181958,2025-05-15,126.83
NTLA,2025-04-08,6.28,2025-05-08,2025-05-07,20,7.29,16.082802547770704,126.75,0.12688601615598186,2025-07-23,126.75
EVR,2025-04-08,163.77,2025-04-30,2025-04-29,14,199.0,21.511876412041264,121.52000000000001,0.17702334111291362,2025-09-18,121.52
SMMT,2025-04-08,16.64,2025-05-01,2025-04-30,15,24.12,44.95192307692308,120.55,0.3728902785310915,2025-04-24,120.55
QS,2025-04-08,3.47,2025-04-23,2025-04-22,9,3.87,11.527377521613836,120.46,0.09569464985566857,2025-06-26,120.46
MLCO,2025-04-08,4.61,2025-05-08,2025-05-07,20,5.64,22.342733188720153,119.74000000000001,0.18659372965358403,2025-09-03,119.74
U,2025-04-08,16.75,2025-05-07,2025-05-06,19,21.32,27.28358208955224,119.39999999999999,0.22850571264281608,2025-07-18,119.4
AAP,2025-04-08,30.31,2025-05-22,2025-05-21,30,31.31,3.2992411745298655,119.39999999999999,0.027631835632578438,2025-07-23,119.4
CRSP,2025-04-08,31.27,2025-05-06,2025-05-05,18,37.62,20.307003517748633,117.91,0.17222460790220195,2025-07-23,117.91
TER,2025-04-08,67.96,2025-04-28,2025-04-25,12,77.12,13.4785167745733,117.58,0.11463273324182091,2025-10-06,117.58
DYN,2025-04-08,6.81,2025-05-08,2025-05-07,20,9.4,38.032305433186494,117.03000000000002,0.32497911162254545,2025-06-10,117.03
GDS,2025-04-08,17.68,2025-05-20,2025-05-19,28,27.08,53.16742081447963,115.60999999999999,0.45988600306616756,2025-07-16,115.61
TSM,2025-04-08,141.37,2025-04-17,2025-04-16,6,151.67,7.285845653250322,115.41,0.06313010703795445,2025-10-08,115.41
QURE,2025-04-08,8.34,2025-05-09,2025-05-08,21,12.25,46.88249400479616,115.23,0.4068601406300109,2025-09-05,115.23
ARRY,2025-04-08,3.98,2025-05-06,2025-05-05,18,4.93,23.86934673366834,112.06,0.2130050574127105,2025-05-15,112.06
SERV,2025-04-08,5.13,2025-05-08,2025-05-07,20,5.99,16.76413255360625,111.11,0.15087870176947393,2025-05-16,111.11
TEM,2025-04-08,37.23,2025-05-06,2025-05-05,18,54.07,45.23233951114693,110.72,0.40852907795472304,2025-08-18,110.72
VKTX,2025-04-08,19.98,2025-04-23,2025-04-22,9,25.48,27.527527527527518,110.66,0.2487577040260936,2025-08-18,110.66
ALT,2025-04-08,3.67,2025-05-13,2025-05-12,23,6.01,63.760217983651216,110.08,0.5792170965084594,2025-06-25,110.08
PBF,2025-04-08,14.37,2025-05-01,2025-04-30,15,17.18,19.55462769659013,108.63000000000001,0.18001130163481663,2025-09-09,108.63
ALNY,2025-04-08,224.32,2025-05-01,2025-04-30,15,263.24,17.35021398002854,108.43,0.1600130404872133,2025-08-21,108.43
CSIQ,2025-04-08,6.76,2025-05-15,2025-05-14,25,10.11,49.55621301775148,108.43,0.4570341512289171,2025-07-10,108.43
TSLA,2025-04-08,221.86,2025-04-22,2025-04-21,8,227.5,2.542143694221566,107.09,0.02373838541620661,2025-10-01,107.09
SITM,2025-04-08,116.79,2025-05-07,2025-05-06,19,165.27,41.51040328795275,106.87,0.38841960595071345,2025-06-24,106.87
AG,2025-04-08,5.24,2025-05-07,2025-05-06,19,6.39,21.94656488549618,105.91999999999999,0.20719944189479023,2025-09-15,105.92
NXT,2025-04-08,37.0,2025-05-14,2025-05-13,24,54.09,46.18918918918919,105.76,0.43673590383121397,2025-09-29,105.76
AMD,2025-04-08,78.21,2025-05-06,2025-05-05,18,100.59,28.61526658995015,105.1,0.27226704652664274,2025-07-17,105.1
TXG,2025-04-08,7.14,2025-05-08,2025-05-07,20,8.31,16.38655462184875,105.04,0.15600299525750902,2025-07-28,105.04
CBRL,2025-04-08,35.11,2025-06-05,2025-06-04,39,57.77,64.5400170891484,104.67,0.6166047300004625,2025-07-23,104.67
AMBA,2025-04-08,40.3,2025-05-29,2025-05-28,34,62.4,54.838709677419374,104.67,0.5239200313119268,2025-08-29,104.67
MYRG,2025-04-08,101.85,2025-04-30,2025-04-29,14,125.63,23.348060873834076,104.25,0.22396221461711344,2025-09-30,104.25
DDS,2025-04-08,294.77,2025-05-15,2025-05-14,25,387.0,31.28880143840962,104.25,0.3001323878984136,2025-09-18,104.25
PLAY,2025-04-08,16.06,2025-06-10,2025-06-09,42,25.57,59.21544209215443,103.54999999999998,0.5718536175002843,2025-06-17,103.55
LMND,2025-04-08,25.12,2025-05-06,2025-05-05,18,30.0,19.426751592356673,103.3,0.1880614868572766,2025-08-06,103.3
CCJ,2025-04-08,36.68,2025-05-01,2025-04-30,15,45.15,23.091603053435115,103.0,0.22419032090713706,2025-06-26,103.0
GPCR,2025-04-08,14.15,2025-05-08,2025-05-07,20,26.6,87.98586572438163,102.99000000000001,0.8543146492317859,2025-10-09,102.99
MPWR,2025-04-08,455.19,2025-05-01,2025-04-30,15,593.1,30.29723851578463,102.73,0.2949210407454943,2025-09-22,102.73
MCHP,2025-04-08,35.34,2025-05-08,2025-05-07,20,48.08,36.04980192416522,102.60000000000001,0.35136259185346225,2025-06-25,102.6
IRON,2025-04-08,34.28,2025-05-07,2025-05-06,19,42.575,24.197782963827308,102.1,0.2370008125742146,2025-10-06,102.1
NIO,2025-04-08,3.14,2025-06-03,2025-06-02,37,3.52,12.101910828025474,101.91,0.11875096485158941,2025-08-22,101.91
HPE,2025-04-08,12.51,2025-06-03,2025-06-02,37,17.34,38.60911270983214,101.76,0.3794134503717781,2025-09-18,101.76
PI,2025-04-08,62.54,2025-04-23,2025-04-22,9,74.29,18.78797569555486,101.68000000000002,0.1847755280837417,2025-07-28,101.68
LC,2025-04-08,8.56,2025-04-29,2025-04-28,13,10.98,28.27102803738317,101.51999999999998,0.2784774235360833,2025-08-28,101.52
ATI,2025-04-08,41.97,2025-05-01,2025-04-30,15,54.38,29.568739575887548,101.51999999999998,0.2912602401092154,2025-06-09,101.52
CENX,2025-04-08,13.7,2025-05-07,2025-05-06,19,16.45,20.07299270072993,101.24,0.1982713621170479,2025-09-19,101.24
PII,2025-04-08,31.97,2025-04-29,2025-04-28,13,33.74,5.5364404128871,101.19,0.054713315672369804,2025-10-06,101.19
DINO,2025-04-08,25.91,2025-05-01,2025-04-30,15,30.07,16.05557699729834,101.0,0.15896610888414195,2025-09-02,101.0
FIVE,2025-04-08,55.75,2025-06-04,2025-06-03,38,122.21,119.21076233183854,100.77000000000001,1.1829985346019503,2025-05-20,100.77
INTC,2025-04-08,18.13,2025-04-24,2025-04-23,10,20.59,13.568670711527853,100.64,0.1348238345740049,2025-10-09,100.64
RBLX,2025-04-08,51.22,2025-05-01,2025-04-30,15,67.05,30.905896134322532,100.41,0.3077969936691817,2025-06-18,100.41
WYNN,2025-04-08,66.1,2025-05-06,2025-05-05,18,82.98,25.537065052950105,100.34999999999998,0.25447997063228806,2025-09-29,100.35
NVT,2025-04-08,45.2,2025-05-02,2025-05-01,16,56.39,24.75663716814158,100.2,0.2470722272269619,2025-08-04,100.2
ARWR,2025-04-08,9.99,2025-05-12,2025-05-09,22,13.03,30.430430430430413,100.1,0.3040003040003038,2025-08-13,100.1
CGNX,2025-04-08,23.27,2025-04-30,2025-04-29,14,26.8,15.169746454662668,100.0,0.1516974645466267,2025-09-22,100.0
DAN,2025-04-08,10.38,2025-04-30,2025-04-29,14,12.99,25.144508670520228,100.0,0.25144508670520227,2025-09-08,100.0
VG,2025-04-07,7.0,2025-05-13,2025-05-12,24,9.91,41.57142857142857,171.57,0.2423001024155072,2025-06-20,171.57
BTU,2025-04-07,10.31,2025-05-08,2025-05-07,21,14.33,38.991270611057224,151.82,0.25682565281950487,2026-01-21,151.82
PDYN,2025-04-07,5.47,2025-05-07,2025-05-06,20,5.85,6.946983546617913,131.81,0.05270452580697908,2025-07-17,131.81
KRMN,2025-04-07,26.77,2025-05-13,2025-05-12,24,39.26,46.656705267090025,110.31,0.4229598881977158,2025-07-17,110.31
MRCY,2025-04-07,41.52,2025-05-06,2025-05-05,19,51.16,23.217726396917126,102.31000000000002,0.2269350639909796,2025-10-06,102.31
SEZL,2025-04-04,28.7,2025-05-07,2025-05-06,21,55.19,92.29965156794424,534.7,0.17261950919757665,2025-07-03,534.7
LITE,2025-04-04,49.56,2025-05-06,2025-05-05,20,63.17,27.461662631154148,428.01,0.0641612640619475,2026-05-05,428.01
ALAB,2025-04-04,52.94,2025-05-06,2025-05-05,20,72.15,36.28636191915378,375.78,0.09656278119951509,2025-09-18,375.78
DAVE,2025-04-04,70.8,2025-05-08,2025-05-07,22,107.83,52.302259887005654,298.01,0.1755050497869389,2025-07-03,298.01
SMR,2025-04-04,12.6,2025-05-12,2025-05-09,24,17.45,38.49206349206349,291.72,0.13194866136042604,2025-10-15,291.72
CLS,2025-04-04,66.15,2025-04-24,2025-04-23,12,88.19,33.31821617535902,278.95,0.11944153495378748,2025-11-05,278.95
MU,2025-04-04,64.72,2025-06-25,2025-06-24,54,127.91,97.63597033374536,270.86,0.3604665522179183,2026-05-08,270.86
WDC,2025-04-04,30.54,2025-04-30,2025-04-29,16,40.62,33.005893909626714,247.12,0.13356221232448492,2026-05-06,247.12
CIEN,2025-04-04,53.5,2025-06-05,2025-06-04,41,83.89,56.803738317757,226.89,0.25035805155695273,2026-05-06,226.89
RDDT,2025-04-04,86.91,2025-05-01,2025-04-30,17,116.57,34.12725808307444,211.48,0.16137345414731627,2025-09-18,211.48
AVAV,2025-04-04,111.65,2025-06-24,2025-06-23,53,191.23,71.27630989699954,192.74,0.3698054887257421,2025-10-13,192.74
CRDO,2025-04-04,33.3,2025-06-02,2025-05-30,38,60.96,83.06306306306308,176.07,0.4717615894988532,2025-12-03,176.07
AFRM,2025-04-04,35.75,2025-05-08,2025-05-07,22,51.54,44.16783216783215,157.85,0.2798088829130957,2025-09-19,157.85
SSRM,2025-04-04,9.09,2025-05-06,2025-05-05,20,10.48,15.291529152915295,157.23,0.09725579821227054,2025-10-16,157.23
FIX,2025-04-04,296.51,2025-04-24,2025-04-23,12,355.7,19.96222724360055,154.22,0.129439938033981,2025-10-29,154.22
PLTR,2025-04-04,74.01,2025-05-05,2025-05-02,19,124.28,67.92325361437643,152.74,0.44469853093083955,2025-10-02,152.74
UPST,2025-04-04,34.8,2025-05-06,2025-05-05,20,52.0,49.42528735632186,141.75,0.34867927588234116,2025-07-23,141.75
PRIM,2025-04-04,52.66,2025-05-05,2025-05-02,19,66.18,25.67413596657806,140.55,0.18266905703719713,2025-10-29,140.55
ANET,2025-04-04,64.37,2025-05-06,2025-05-05,20,90.38,40.40702190461394,133.83,0.30192798254960723,2025-10-09,133.83
STRL,2025-04-04,104.96,2025-05-05,2025-05-02,19,165.64,57.8125,131.28,0.44037553321145645,2025-11-05,131.28
COHR,2025-04-04,50.58,2025-05-07,2025-05-06,21,69.79,37.979438513246365,130.45,0.29114172873320326,2025-08-12,130.45
UI,2025-04-04,273.45,2025-05-09,2025-05-08,23,353.24,29.179008959590426,129.65,0.22505984542684476,2025-10-31,129.65
RYTM,2025-04-04,46.95,2025-05-07,2025-05-06,21,62.71,33.56762513312033,122.73,0.2735079046127298,2025-09-04,122.73
APP,2025-04-04,219.37,2025-05-07,2025-05-06,21,304.62,38.861284587682896,112.88,0.344270770620862,2025-08-12,112.88
CVNA,2025-04-04,32.51,2025-05-07,2025-05-06,21,51.762,59.21870193786529,112.61000000000001,0.5258742734913887,2025-06-04,112.61
RDW,2025-04-04,7.51,2025-05-12,2025-05-09,24,11.31,50.599201065246355,112.12,0.4512950505284192,2025-05-27,112.12
APH,2025-04-04,59.09,2025-04-23,2025-04-22,11,65.75,11.270942629886616,109.41000000000001,0.10301565332132909,2025-10-08,109.41
DELL,2025-04-04,71.63,2025-05-29,2025-05-28,36,113.77,58.83009912048025,108.96,0.5399238171850244,2025-10-01,108.96
SANM,2025-04-04,67.3,2025-04-28,2025-04-25,14,82.24,22.199108469539365,108.02000000000001,0.20550924337659102,2025-10-06,108.02
NRG,2025-04-04,83.61,2025-05-12,2025-05-09,24,119.33,42.722162420763055,108.0,0.39557557797002824,2025-08-04,108.0
AVGO,2025-04-04,146.29,2025-06-05,2025-06-04,41,261.08,78.46742771207875,106.86,0.7343012138506341,2025-07-30,106.86
EXK,2025-04-04,3.15,2025-05-13,2025-05-12,25,3.35,6.349206349206349,106.35,0.05970104700711189,2025-09-02,106.35
ECG,2025-04-04,33.6,2025-05-13,2025-05-12,25,50.1,49.10714285714286,106.15999999999998,0.4625767036279471,2025-07-16,106.16
LRCX,2025-04-04,59.09,2025-04-23,2025-04-22,11,63.48,7.429345066847182,105.93,0.07013447622814294,2025-11-10,105.93
AEIS,2025-04-04,79.03,2025-04-30,2025-04-29,16,97.23,23.029229406554474,105.64,0.21799724921009536,2025-08-13,105.64
RCL,2025-04-04,177.93,2025-04-29,2025-04-28,15,216.31,21.57028044736693,105.61,0.20424467803585766,2025-08-28,105.61
AMKR,2025-04-04,14.88,2025-04-28,2025-04-25,14,17.55,17.943548387096776,105.44,0.17017781095501494,2025-10-06,105.44
SEI,2025-04-04,15.96,2025-04-28,2025-04-25,14,20.73,29.887218045112785,104.64,0.2856194385045182,2025-07-03,104.64
NVMI,2025-04-04,162.03,2025-05-08,2025-05-07,22,200.72,23.878294143059932,104.47999999999999,0.22854416293127805,2025-10-01,104.48
RKLB,2025-04-04,16.37,2025-05-08,2025-05-07,22,22.29,36.163714111178976,104.4,0.3463957290342814,2025-06-24,104.4
MTZ,2025-04-04,106.07,2025-05-01,2025-04-30,17,127.32,20.033939851041758,104.39,0.19191435818605,2025-10-06,104.39
SYM,2025-04-04,17.5,2025-05-07,2025-05-06,21,22.95,31.14285714285714,104.0,0.2994505494505494,2025-06-18,104.0
BWXT,2025-04-04,89.24,2025-05-05,2025-05-02,19,112.61,26.187808157776793,103.93999999999998,0.25195120413485467,2025-08-05,103.94
IESC,2025-04-04,160.58,2025-08-01,2025-07-31,80,353.07,119.87171503300536,103.73000000000002,1.155612793145718,2025-07-18,103.73
CEG,2025-04-04,170.96,2025-05-06,2025-05-05,20,248.27,45.22110435189517,103.46,0.43708780545036896,2025-07-31,103.46
IAG,2025-04-04,5.63,2025-05-06,2025-05-05,20,6.96,23.6234458259325,102.66,0.23011344073575393,2025-09-15,102.66
TSEM,2025-04-04,29.65,2025-05-14,2025-05-13,26,40.09,35.2107925801012,102.36000000000001,0.3439897672928996,2025-08-26,102.36
CVI,2025-04-04,16.06,2025-04-28,2025-04-25,14,18.41,14.632627646326291,102.3,0.14303643838051117,2025-07-10,102.3
NET,2025-04-04,97.08,2025-05-08,2025-05-07,22,121.71,25.370828182941896,101.71999999999998,0.24941828728806428,2025-06-30,101.72
AMSC,2025-04-04,15.8,2025-05-21,2025-05-20,31,24.68,56.20253164556961,101.64999999999999,0.5529024264197699,2025-06-05,101.65
FLEX,2025-04-04,26.68,2025-05-07,2025-05-06,21,36.77,37.81859070464768,101.64999999999999,0.37204712941119217,2025-07-23,101.65
SHOP,2025-04-04,76.89,2025-05-08,2025-05-07,22,94.5,22.902848224736626,101.46,0.22573278360670834,2025-08-06,101.46
GLW,2025-04-04,39.07,2025-04-29,2025-04-28,15,44.1,12.874328128999224,101.42999999999999,0.12692820791678225,2025-09-16,101.43
FN,2025-04-04,171.03,2025-05-05,2025-05-02,19,218.26,27.615038297374728,101.12999999999998,0.27306475128423546,2025-08-08,101.13
VST,2025-04-04,98.07,2025-05-08,2025-05-07,22,139.5,42.245334964821055,100.88999999999999,0.4187266821768368,2025-07-09,100.89
JBL,2025-04-04,116.88,2025-06-17,2025-06-16,49,180.82,54.70568104038329,100.59,0.5438481065750401,2025-09-23,100.59
VRT,2025-04-04,59.41,2025-04-23,2025-04-22,11,71.82,20.888739269483246,100.44,0.20797231451098416,2025-06-18,100.44
NEM,2025-04-04,44.18,2025-04-23,2025-04-22,11,54.54,23.449524671797196,100.34,0.23370066445881196,2025-10-06,100.34
ACLS,2025-04-04,42.42,2025-05-06,2025-05-05,20,52.09,22.79585101367281,100.31000000000002,0.22725402266646202,2025-08-13,100.31
NVDA,2025-04-04,94.31,2025-05-28,2025-05-27,35,135.5,43.67511398579153,100.29,0.43548822400829124,2025-10-02,100.29
CAMT,2025-04-04,50.56,2025-05-13,2025-05-12,25,69.2,36.86708860759494,100.05999999999999,0.3684498161862376,2025-09-18,100.06
SHLS,2025-04-03,3.05,2025-05-06,2025-05-05,21,3.76,23.278688524590162,233.84999999999997,0.09954538603630603,2025-10-15,233.85
CLSK,2025-03-31,6.72,2025-05-08,2025-05-07,26,8.03,19.494047619047606,115.03000000000002,0.1694692481878432,2025-09-24,115.03
ASPI,2025-03-13,3.92,2025-03-31,2025-03-28,11,4.185,6.760204081632648,119.13,0.05674644574525852,2025-05-23,119.13
RSI,2025-03-13,9.68,2025-04-30,2025-04-29,32,12.36,27.685950413223146,108.26,0.2557357326179858,2025-07-31,108.26
CAR,2025-03-13,55.49,2025-05-07,2025-05-06,37,97.29,75.32888808794378,103.13,0.7304265304755531,2025-05-19,103.13
LUNR,2025-03-11,6.48,2025-03-25,2025-03-24,9,9.22,42.28395061728396,106.32999999999998,0.39766717405514873,2025-07-23,106.33
QUBT,2025-03-10,4.52,2025-03-20,2025-03-19,7,8.37,85.17699115044249,319.42,0.26666142117100516,2025-10-03,319.42
IONQ,2025-03-10,18.27,2025-05-07,2025-05-06,40,29.42,61.02900930487139,241.61,0.25259306032395756,2025-10-13,241.61
GEV,2025-03-10,270.13,2025-04-23,2025-04-22,30,326.07,20.70854773627513,146.01,0.14182965369683673,2025-08-06,146.01
DY,2025-03-10,136.75,2025-05-21,2025-05-20,50,193.62,41.586837294332724,104.75000000000001,0.3970103798981644,2025-08-12,104.75
KGC,2025-03-10,10.56,2025-05-06,2025-05-05,39,14.51,37.40530303030303,104.21000000000001,0.3589415893897229,2025-09-12,104.21
AGX,2025-03-10,104.05,2025-03-27,2025-03-26,12,119.52,14.86785199423355,102.32999999999998,0.14529318864686358,2025-05-27,102.33
CALX,2025-03-10,29.4,2025-04-21,2025-04-17,28,33.84,15.102040816326557,100.14,0.15080927517801632,2025-08-13,100.14
TNXP,2025-03-03,7.38,2025-03-18,2025-03-17,10,16.28,120.59620596205964,734.28,0.16423735627016894,2025-08-13,734.28
SMCI,2025-02-03,26.85,2025-02-25,2025-02-24,14,51.61,92.21601489757913,126.10999999999999,0.7312347545601391,2025-07-30,126.11
ASTS,2025-01-29,17.72,2025-03-03,2025-02-28,21,27.11,52.990970654627546,238.94000000000003,0.221775218274996,2025-07-24,238.94
DGNX,2025-01-24,8.55,2025-10-30,2025-10-29,192,126.4,1378.3625730994152,272.78,5.0530191843222205,2025-07-30,272.78
TMDX,2025-01-21,56.73,2025-02-27,2025-02-26,25,73.76,30.019390093425002,152.15,0.19730128224400265,2025-06-12,152.15
TEM,2025-01-14,31.83,2025-02-24,2025-02-21,26,68.09,113.91768771599122,180.99,0.6294142644123499,2025-02-14,180.99
VSAT,2025-01-14,7.51,2025-02-06,2025-02-05,15,9.23,22.902796271637825,116.78,0.19611916656651676,2025-07-03,116.78
SLNO,2025-01-14,42.54,2025-02-27,2025-02-26,29,45.1,6.017865538316891,101.66999999999999,0.059190179387399344,2025-06-25,101.67
QBTS,2025-01-13,3.83,2025-03-13,2025-03-12,40,5.82,51.958224543080945,617.63,0.08412516319330496,2025-10-15,617.63
TME,2025-01-13,10.28,2025-03-18,2025-03-17,43,13.06,27.042801556420248,114.99999999999999,0.23515479614278478,2025-07-17,115.0
STNE,2025-01-10,7.85,2025-03-18,2025-03-17,44,10.19,29.808917197452224,100.88999999999999,0.29545958169741526,2025-06-24,100.89
MP,2024-12-31,15.6,2025-02-20,2025-02-19,32,22.99,47.37179487179486,141.92,0.333792241204868,2025-06-20,141.92
EYE,2024-12-30,10.1,2025-02-26,2025-02-25,37,11.44,13.267326732673258,168.93,0.0785374222025292,2025-10-02,168.93
AU,2024-12-30,22.89,2025-02-19,2025-02-18,32,32.19,40.62909567496722,107.15999999999998,0.3791442298895784,2025-06-02,107.16
ROOT,2024-12-19,71.12,2025-02-26,2025-02-25,43,97.09,36.51574803149607,113.79000000000002,0.3209047194964062,2025-05-12,113.79
GOLD,2024-12-19,15.23,2025-02-06,2025-02-05,30,27.71,81.9435325016415,106.04,0.7727605856435449,2025-12-03,106.04
CRK,2024-12-18,15.36,2025-02-18,2025-02-14,38,18.56,20.833333333333325,100.12999999999998,0.2080628516262192,2025-06-18,100.13
ACMR,2024-12-05,14.1,2025-02-25,2025-02-24,52,23.49,66.59574468085106,112.62,0.5913314214247118,2025-03-17,112.62
RGTI,2024-12-02,3.02,2025-03-05,2025-03-04,61,7.86,160.26490066225168,185.84,0.8623810840629126,2025-06-11,185.84
SEDG,2024-11-19,10.46,2025-02-19,2025-02-18,59,16.93,61.85468451242828,110.42,0.560176458181745,2025-05-16,110.42
AGL,2024-11-18,39.25,2025-02-25,2025-02-24,64,91.0,131.84713375796179,135.03,0.9764284511439071,2025-01-23,135.03
SMCI,2024-11-14,18.01,2025-02-25,2025-02-24,66,51.61,186.56302054414212,113.27000000000001,1.6470647174374689,2024-11-25,113.27
HOOD,2024-11-13,31.91,2025-02-12,2025-02-11,59,53.34,67.1576308367283,101.46,0.6619123875096422,2025-05-20,101.46
FCEL,2024-11-12,5.7,2024-12-19,2024-12-18,25,9.82,72.28070175438597,108.25,0.6677201085855516,2024-11-29,108.25
GH,2024-10-24,20.2,2024-11-06,2024-11-05,8,23.52,16.43564356435643,147.23,0.11163243608202424,2025-01-30,147.23
BE,2024-10-23,9.04,2024-11-07,2024-11-06,10,10.97,21.34955752212391,229.76000000000002,0.0929211243128652,2025-01-24,229.76
NBIS,2024-10-23,17.16,2025-02-20,2025-02-19,79,44.83,161.24708624708623,114.28,1.410982553789694,2024-12-06,114.28
ACHR,2024-10-21,3.06,2024-11-07,2024-11-06,12,3.21,4.90196078431373,223.59999999999997,0.021922901539864627,2025-05-16,223.6
ARQT,2024-10-21,8.31,2024-11-06,2024-11-05,11,9.3,11.913357400722013,108.06,0.11024761614586354,2025-03-24,108.06
XPEV,2024-10-17,10.22,2024-11-19,2024-11-18,22,13.01,27.29941291585125,106.65,0.2559719917098101,2025-04-02,106.65
OKLO,2024-10-11,9.15,2024-11-14,2024-11-13,23,23.08,152.24043715846994,163.17,0.9330173264599494,2025-04-09,163.17
IRTC,2024-10-11,57.07,2024-10-30,2024-10-29,12,77.0,34.922025582617835,109.28999999999999,0.3195354157069982,2025-02-21,109.29
RELY,2024-10-10,12.69,2024-10-30,2024-10-29,13,14.91,17.49408983451537,102.51999999999998,0.170640751409631,2025-02-10,102.52
GRAL,2024-10-03,12.57,2024-11-12,2024-11-11,27,15.3,21.718377088305484,337.71,0.06431073136213167,2025-02-14,337.71
NVCR,2024-10-03,14.54,2024-10-30,2024-10-29,18,16.89,16.16231086657498,109.83000000000001,0.1471575240514885,2024-12-03,109.83
ASAN,2024-10-01,11.17,2024-12-05,2024-12-04,45,15.83,41.718889883616825,146.37,0.28502350128863035,2024-12-16,146.37
MNSO,2024-09-24,13.4,2024-11-29,2024-11-27,46,18.49,37.98507462686567,105.67,0.35946886180435006,2025-01-03,105.67
DJT,2024-09-23,12.15,2025-08-15,2025-08-14,223,17.62,45.02057613168724,323.95,0.13897384204873356,2024-10-29,323.95
MBLY,2024-09-12,10.57,2024-10-31,2024-10-30,34,12.42,17.502365184484383,106.67,0.16407954611872486,2025-01-06,106.67
SERV,2024-09-10,6.72,2024-11-07,2024-11-06,41,10.09,50.14880952380953,241.07,0.20802592410424167,2025-02-13,241.07
ROOT,2024-09-10,35.83,2024-10-30,2024-10-29,35,39.57,10.43818029584147,205.33,0.05083611891024921,2024-11-21,205.33
UPST,2024-09-10,33.66,2024-11-07,2024-11-06,41,53.98,60.36838978015449,163.73,0.36870695523211683,2025-02-12,163.73
EH,2024-09-10,11.62,2024-11-18,2024-11-15,48,16.55,42.426850258175584,127.62,0.3324467188385487,2025-02-19,127.62
SYM,2024-09-10,17.86,2024-11-18,2024-11-15,48,29.49,65.11758118701007,118.48,0.5496082139349263,2024-11-19,118.48
CVNA,2024-09-10,26.14,2024-10-30,2024-10-29,35,41.748000000000005,59.70925784238717,118.28,0.5048127988027322,2025-02-14,118.28
GTLS,2024-09-10,106.83,2024-11-01,2024-10-31,37,120.72,13.001965739960685,104.39,0.12455183197586632,2025-01-21,104.39
DNA,2024-09-09,5.36,2024-11-12,2024-11-11,45,8.76,63.43283582089552,117.54,0.5396702043635827,2024-12-06,117.54
WOLF,2024-09-09,7.59,2024-11-06,2024-11-05,41,12.87,69.56521739130434,113.57,0.6125316315162838,2024-10-17,113.57
CRDO,2024-09-09,24.26,2024-12-02,2024-11-29,58,48.96,101.81368507831823,101.81,1.000036195642061,2024-11-29,101.81
FSLY,2024-09-09,5.63,2024-11-06,2024-11-05,41,7.67,36.23445825932505,101.42,0.3572713297113494,2024-12-09,101.42
RKLB,2024-09-06,5.81,2024-11-12,2024-11-11,46,14.78,154.38898450946647,377.45,0.40903161878253136,2025-02-18,377.45
HUT,2024-09-06,9.0,2024-11-13,2024-11-12,47,23.86,165.11111111111111,236.0,0.6996233521657251,2024-12-06,236.0
RIOT,2024-09-06,6.38,2024-10-30,2024-10-29,37,10.87,70.37617554858933,134.64,0.5226988677108536,2024-11-11,134.64
NET,2024-09-06,76.05,2024-11-07,2024-11-06,43,92.51,21.643655489809355,132.08,0.16386777324204535,2025-02-13,132.08
COIN,2024-09-06,147.35,2024-10-30,2024-10-29,37,219.66,49.07363420427553,120.04999999999998,0.4087766281072514,2024-11-11,120.05
CLSK,2024-09-06,8.09,2024-12-02,2024-11-29,59,14.35,77.37948084054389,117.92,0.6562031957305282,2024-11-12,117.92
JOBY,2024-09-06,4.77,2024-11-06,2024-11-05,42,5.1,6.91823899371069,115.3,0.060002072798878495,2025-01-07,115.3
IREN,2024-09-06,6.44,2024-11-26,2024-11-25,56,10.41,61.645962732919244,109.78000000000002,0.5615409248762911,2024-11-29,109.78
CLS,2024-09-06,41.03,2024-10-23,2024-10-22,32,56.0,36.485498415793316,109.24000000000001,0.3339939437549736,2024-11-08,109.24
MARA,2024-09-06,13.37,2024-11-12,2024-11-11,46,25.01,87.06058339566196,105.08999999999999,0.8284383233006182,2024-11-29,105.09
MSTR,2024-09-06,114.3,2024-10-30,2024-10-29,37,258.24,125.93175853018374,100.97,1.247219555612397,2024-11-01,100.97
SPOT,2024-09-06,322.77,2024-11-12,2024-11-11,46,410.19,27.08430151501069,100.86,0.2685336259667925,2025-02-13,100.86
AI,2024-09-05,21.12,2024-12-09,2024-12-06,65,40.52,91.85606060606062,103.31000000000002,0.8891303901467487,2024-12-16,103.31
APLD,2024-09-03,3.15,2024-10-09,2024-10-08,25,7.85,149.20634920634922,239.05000000000004,0.6241637699491704,2024-11-25,239.05
OKLO,2024-09-03,5.59,2024-11-14,2024-11-13,51,23.08,312.88014311270126,100.18,3.1231797076532364,2024-10-04,100.18
DQ,2024-08-28,14.04,2024-10-30,2024-10-29,43,22.51,60.32763532763534,107.54999999999998,0.5609264093689944,2024-10-28,107.55
CNL,2024-08-22,3.03,2024-11-13,2024-11-12,57,3.62,19.471947194719476,100.29,0.19415641833402605,2025-02-19,100.29
TDOC,2024-08-14,6.79,2024-10-30,2024-10-29,53,8.92,31.36966126656848,104.12000000000002,0.301283723267081,2025-02-10,104.12
ALGT,2024-08-14,36.36,2024-10-30,2024-10-29,53,60.69,66.9141914191419,103.16000000000001,0.6486447403949389,2024-11-06,103.16
WRBY,2024-08-14,12.79,2024-11-07,2024-11-06,59,18.97,48.31899921813918,101.09000000000002,0.47798001007161117,2024-12-24,101.09
NNE,2024-08-13,6.65,2024-12-30,2024-12-27,95,26.92,304.8120300751879,569.32,0.5353966663303378,2025-01-24,569.32
BROS,2024-08-12,29.1,2024-11-06,2024-11-05,60,33.63,15.567010309278363,181.47,0.08578283082205522,2025-02-18,181.47
XPEV,2024-08-12,6.63,2024-08-20,2024-08-19,5,7.2,8.597285067873317,101.21,0.08494501598531091,2024-10-02,101.21
PCRX,2024-08-09,11.7,2024-11-06,2024-11-05,61,17.28,47.6923076923077,132.91,0.3588315980160086,2025-02-11,132.91
GEO,2024-08-07,12.12,2024-11-07,2024-11-06,64,21.5,77.3927392739274,191.67,0.40378118262601037,2025-01-17,191.67
SMTC,2024-08-07,27.61,2024-08-27,2024-08-26,13,37.03,34.118073161897875,179.43,0.19014698301230495,2025-01-21,179.43
SMMT,2024-08-07,9.4,2024-10-30,2024-10-29,58,21.83,132.23404255319147,162.23,0.8151022779584015,2025-01-23,162.23
AAOI,2024-08-07,6.87,2024-11-07,2024-11-06,64,16.21,135.95342066957787,112.66000000000001,1.206758571538948,2024-09-13,112.66
VRT,2024-08-07,67.22,2024-10-23,2024-10-22,53,112.47,67.3162749181791,110.49,0.6092521940282298,2024-11-21,110.49
MRVL,2024-08-07,56.15,2024-08-29,2024-08-28,15,68.44,21.887800534283166,110.42,0.19822315281908315,2024-12-04,110.42
TEAM,2024-08-07,137.41,2024-10-31,2024-10-30,59,190.44,38.59253329452006,109.23,0.3533144126569629,2024-12-04,109.23
RBLX,2024-08-07,36.18,2024-10-31,2024-10-30,59,43.14,19.237147595356554,108.59999999999998,0.17713763899959994,2025-02-05,108.6
ATRC,2024-08-07,20.34,2024-10-29,2024-10-28,57,28.75,41.347099311701086,108.46000000000001,0.3812197981901262,2025-01-29,108.46
AMBA,2024-08-07,39.79,2024-08-27,2024-08-26,13,51.15,28.54988690625786,107.72,0.2650379400878004,2025-01-21,107.72
TPR,2024-08-07,36.29,2024-08-15,2024-08-14,5,37.96,4.601818682832737,105.69999999999999,0.04353660059444406,2025-01-24,105.7
LYFT,2024-08-07,9.08,2024-11-06,2024-11-05,63,13.8,51.98237885462555,104.74,0.4962992061736258,2024-11-11,104.74
AFRM,2024-08-07,24.12,2024-08-28,2024-08-27,14,32.51,34.78441127694858,104.23,0.3337274419739862,2024-10-14,104.23
SSRM,2024-08-07,4.35,2024-11-06,2024-11-05,63,6.06,39.31034482758622,104.21000000000001,0.3772223858323214,2025-02-10,104.21
ALAB,2024-08-07,36.37,2024-11-04,2024-11-01,61,72.65,99.75254330492167,103.66,0.9623050675759375,2024-10-29,103.66
CCL,2024-08-07,14.01,2024-09-30,2024-09-27,36,18.54,32.33404710920771,103.34999999999998,0.3128596720774815,2025-01-30,103.35
AAL,2024-08-07,9.26,2024-10-24,2024-10-23,54,12.83,38.55291576673867,101.51,0.3797942642768069,2025-01-22,101.51
MP,2024-08-07,10.49,2024-11-07,2024-11-06,64,19.68,87.60724499523356,100.86,0.8686024687213322,2024-11-29,100.86
BILL,2024-08-06,43.97,2024-08-22,2024-08-21,11,51.47,17.05708437571072,103.93,0.16412089267498042,2024-11-13,103.93
AS,2024-08-05,10.47,2024-08-20,2024-08-19,10,12.35,17.956064947468953,222.64,0.08065066900587924,2025-01-30,222.64
UAL,2024-08-05,37.88,2024-10-15,2024-10-14,49,63.53,67.71383315733897,191.76,0.35311761137535963,2025-01-21,191.76
INTA,2024-08-05,31.5,2024-08-13,2024-08-12,5,32.62,3.5555555555555562,122.22,0.029091438026145937,2024-12-11,122.22
CRK,2024-08-05,8.14,2024-10-30,2024-10-29,60,11.95,46.80589680589679,116.09,0.40318629344385215,2024-12-12,116.09
DOCU,2024-08-05,49.73,2024-09-05,2024-09-04,21,57.42,15.463502915745032,115.14,0.1343017449691248,2024-12-06,115.14
CIEN,2024-08-05,45.77,2024-09-04,2024-09-03,20,55.35,20.930740659820835,114.51,0.18278526469147527,2025-01-23,114.51
SE,2024-08-05,59.94,2024-08-13,2024-08-12,5,66.92,11.644978311644994,105.84,0.11002436046527772,2025-01-30,105.84
ALK,2024-08-05,32.92,2024-10-31,2024-10-30,61,47.27,43.59052247873634,105.35,0.41376860444932456,2024-12-24,105.35
GGAL,2024-08-05,26.6,2024-08-23,2024-08-22,13,33.12,24.511278195488707,103.38000000000001,0.23709884112486657,2024-10-28,103.38
IBKR,2024-08-05,27.16,2024-10-15,2024-10-14,49,37.825,39.26730486008838,101.56,0.38664144210406043,2025-01-24,101.56
QFIN,2024-07-18,18.93,2024-08-13,2024-08-12,17,20.69,9.297411516112009,101.32,0.09176284559921052,2024-11-29,101.32
AUR,2024-07-11,3.31,2024-07-31,2024-07-30,13,3.96,19.63746223564955,111.18,0.17662765097724004,2025-01-10,111.18
NWL,2024-07-10,5.73,2024-07-26,2024-07-25,11,6.34,10.64572425828969,102.97,0.10338665881605992,2024-12-10,102.97
HE,2024-07-08,7.74,2024-08-09,2024-08-08,23,15.98,106.45994832041343,126.23,0.8433807202757937,2024-07-19,126.23
VSCO,2024-07-03,15.95,2024-08-28,2024-08-27,38,24.72,54.98432601880878,205.39000000000001,0.26770692837435506,2024-12-13,205.39
LB,2024-07-01,22.96,2024-11-07,2024-11-06,90,61.54,168.0313588850174,193.05,0.8704033094276995,2025-01-21,193.05
SOUN,2024-07-01,3.89,2024-08-08,2024-08-07,26,4.3,10.539845758354737,112.08,0.09403859527439987,2024-11-22,112.08
LUNR,2024-06-28,3.3,2024-08-13,2024-08-12,30,3.72,12.727272727272743,590.72,0.02154535605239833,2025-01-24,590.72
RH,2024-06-25,214.92,2024-09-12,2024-09-11,54,247.02,14.935790061418208,107.54000000000002,0.1388859034909634,2024-12-13,107.54
VSAT,2024-06-25,12.04,2024-08-07,2024-08-06,29,17.54,45.68106312292359,103.41,0.4417470565992031,2024-08-08,103.41
RBRK,2024-06-21,28.65,2024-09-09,2024-09-06,53,30.72,7.225130890052367,158.1,0.045699752625252166,2025-02-13,158.1
UPST,2024-06-21,21.64,2024-08-06,2024-08-05,30,23.815,10.050831792975966,103.84,0.0967915234300459,2024-08-27,103.84
SOFI,2024-06-20,6.32,2024-07-30,2024-07-29,26,7.33,15.981012658227844,185.28,0.08625330666141971,2025-01-23,185.28
ZETA,2024-06-20,15.45,2024-07-31,2024-07-30,27,20.98,35.792880258899686,137.8,0.2597451397597945,2024-11-11,137.8
TWLO,2024-06-18,53.02,2024-08-01,2024-07-31,29,59.13,11.523953225198035,116.82,0.09864709146719772,2024-12-12,116.82
LBRDK,2024-06-18,49.82,2024-08-08,2024-08-07,34,59.99606741573034,20.425667233501276,103.53000000000002,0.19729225570850262,2024-11-06,103.53
TRUP,2024-06-17,26.4,2024-08-08,2024-08-07,35,33.66,27.499999999999993,103.60000000000001,0.26544401544401536,2024-11-12,103.6
LMND,2024-06-14,14.38,2024-07-30,2024-07-29,29,22.94,59.52712100139082,103.69,0.5740873854893511,2024-11-06,103.69
IOT,2024-06-14,28.07,2024-09-05,2024-09-04,55,38.66,37.72711079444244,100.75,0.3744626381582376,2024-11-22,100.75
TSLA,2024-06-11,170.66,2024-07-23,2024-07-22,27,251.51,47.374897456931905,105.08999999999999,0.45080309693531173,2024-11-11,105.09
WULF,2024-06-07,3.09,2024-08-12,2024-08-09,43,3.79,22.653721682847895,148.94,0.1520996487367255,2024-12-16,148.94
TGTX,2024-06-06,15.81,2024-08-06,2024-08-05,40,17.21,8.855154965211899,120.75,0.07333461668912544,2024-11-13,120.75
CNK,2024-06-05,16.47,2024-08-02,2024-08-01,39,23.09,40.19429265330905,103.1,0.38985734872268724,2024-11-19,103.1
SMR,2024-06-04,6.98,2024-08-08,2024-08-07,44,8.68,24.35530085959885,332.81,0.07318079642919037,2024-11-22,332.81
AXON,2024-06-04,276.22,2024-08-06,2024-08-05,42,286.16,3.5985808413583342,147.1,0.024463499941253124,2024-12-05,147.1
ASTS,2024-05-31,8.28,2024-08-14,2024-08-13,50,20.96,153.1400966183575,206.43000000000004,0.7418500054176113,2024-12-09,206.43
Z,2024-05-30,39.21,2024-08-07,2024-08-06,46,42.41,8.161183371588866,117.93,0.06920362394292262,2024-11-27,117.93
ZG,2024-05-30,38.66,2024-08-07,2024-08-06,46,41.3,6.828763579927566,112.96,0.06045293537471287,2024-11-27,112.96
VNO,2024-05-29,22.85,2024-08-05,2024-08-02,45,28.49,24.682713347921204,100.26000000000002,0.24618704715660483,2024-11-08,100.26
INSM,2024-05-24,22.0,2024-08-08,2024-08-07,50,70.99,222.68181818181816,259.14,0.8593108674145952,2024-08-22,259.14
YOU,2024-05-24,16.55,2024-08-06,2024-08-05,48,19.47,17.64350453172203,100.24,0.17601261504112165,2024-09-30,100.24
FWRD,2024-05-22,12.25,2024-08-07,2024-08-06,51,21.37,74.44897959183675,125.88,0.5914281823310831,2024-07-25,125.88
FTAI,2024-04-30,70.21,2024-07-23,2024-07-22,56,105.23,49.878934624697344,102.76,0.48539251289117696,2024-10-21,102.76
CHWY,2024-04-30,14.99,2024-05-29,2024-05-28,19,16.91,12.808539026017352,100.07,0.12799579320493007,2024-06-25,100.07
DNLI,2024-04-25,14.96,2024-05-07,2024-05-06,7,17.14,14.572192513368986,107.54999999999998,0.1354922595385308,2024-09-19,107.55
GME,2024-04-22,10.01,2024-06-07,2024-06-06,32,46.55,365.034965034965,387.01,0.9432184311386399,2024-05-14,387.01
CAVA,2024-04-22,59.61,2024-05-28,2024-05-24,24,82.93,39.12095286025836,121.52000000000001,0.3219301584945553,2024-10-24,121.52
APP,2024-04-19,66.8,2024-05-08,2024-05-07,12,77.09,15.404191616766472,503.2,0.030612463467341956,2025-02-14,503.2
PLTR,2024-04-19,20.47,2024-05-06,2024-05-03,10,23.33,13.97166585246703,313.2,0.04460940565921785,2025-02-18,313.2
SITM,2024-04-19,73.44,2024-05-08,2024-05-07,12,97.0,32.080610021786505,122.21,0.2625039687569471,2024-07-16,122.21
CRDO,2024-04-19,16.92,2024-05-29,2024-05-28,26,20.73,22.517730496453893,115.43,0.19507693404187723,2024-08-23,115.43
COHR,2024-04-19,49.26,2024-05-06,2024-05-03,10,56.51,14.71782379212343,112.38,0.13096479615699796,2024-10-11,112.38
VST,2024-04-19,65.66,2024-05-10,2024-05-09,14,93.17,41.89765458422177,110.79999999999998,0.37813767675290405,2024-10-04,110.8
GH,2024-04-19,16.07,2024-05-09,2024-05-08,13,18.64,15.992532669570636,110.52,0.14470261192155842,2024-07-16,110.52
TWST,2024-04-19,27.95,2024-05-02,2024-05-01,8,31.96,14.347048300536681,109.87,0.13058203604748048,2024-07-16,109.87
BEKE,2024-04-19,12.58,2024-05-23,2024-05-22,23,18.87,50.0,105.08999999999999,0.47578266247977924,2024-10-04,105.09
FUTU,2024-04-17,54.33,2024-05-28,2024-05-24,27,74.64,37.38266151297627,137.31,0.27225010205357414,2024-10-07,137.31
POWL,2024-04-17,41.15,2024-04-30,2024-04-29,8,49.88671468460714,21.231384409737885,127.15,0.16697903586109228,2024-10-16,127.15
EAT,2024-04-17,44.07,2024-04-30,2024-04-29,8,49.66,12.684365781710905,105.95000000000002,0.11972029996895614,2024-10-16,105.95
DJT,2024-04-16,22.84,2025-08-15,2025-08-14,333,17.62,-22.854640980735553,118.61,-0.19268730276313595,2024-04-30,118.61
RIVN,2024-04-15,8.4,2024-05-06,2024-05-03,14,10.07,19.880952380952376,115.6,0.1719805569286538,2024-07-12,115.6
RKLB,2024-04-15,3.53,2024-05-06,2024-05-03,14,4.0,13.31444759206799,103.68000000000002,0.12841866890497675,2024-08-19,103.68
IREN,2024-04-15,4.33,2024-05-15,2024-05-14,21,4.87,12.471131639722866,100.46,0.12414027114993895,2024-08-21,100.46
GL,2024-04-11,49.17,2024-04-22,2024-04-19,6,66.74,35.73317063249948,122.9,0.29074996446297374,2024-09-26,122.9
GEV,2024-04-05,122.7,2024-04-25,2024-04-24,13,146.18,19.13610431947841,102.23,0.1871867780443941,2024-10-21,102.23
TMDX,2024-03-22,70.86,2024-04-30,2024-04-29,25,97.25,37.24244990121366,104.15999999999998,0.35755040227739693,2024-06-10,104.16
ZIM,2024-03-19,9.25,2024-05-21,2024-05-20,43,19.18,107.35135135135137,148.32,0.7237820344616462,2024-07-01,148.32
SATS,2024-03-18,12.7,2024-05-08,2024-05-07,35,17.35,36.61417322834648,108.19000000000001,0.3384247456173997,2024-09-16,108.19
RUN,2024-03-14,9.51,2024-05-08,2024-05-07,37,11.78,23.869610935857,102.63,0.23257927444077756,2024-08-13,102.63
DOC,2024-02-26,10.91,2024-04-25,2024-04-24,41,18.63,70.76076993583867,100.73,0.7024795982908633,2024-07-26,100.73
SFM,2024-02-07,49.95,2024-02-22,2024-02-21,9,52.63,5.36536536536536,101.71999999999998,0.052746415310316166,2024-08-01,101.72
NVAX,2024-02-05,3.76,2024-02-28,2024-02-27,15,6.02,60.106382978723396,457.71,0.13131979414634462,2024-06-05,457.71
CRS,2024-02-05,59.06,2024-05-01,2024-04-30,59,85.7,45.10667118184897,106.98999999999998,0.4215970761926252,2024-07-16,106.99
COIN,2024-02-05,117.3,2024-02-15,2024-02-14,7,160.38,36.72634271099744,101.75,0.3609468571105399,2024-05-29,101.75
FSLR,2024-02-05,139.8,2024-02-27,2024-02-26,14,144.58,3.4191702432045723,100.4,0.0340554805100057,2024-05-28,100.4
BILI,2024-02-02,8.94,2024-03-07,2024-03-06,22,10.81,20.917225950783003,102.91,0.20325746721196195,2024-06-21,102.91
TNDM,2024-01-30,22.09,2024-02-21,2024-02-20,14,23.56,6.654594839293804,121.14,0.05493309261427937,2024-06-07,121.14
LNTH,2024-01-24,51.07,2024-02-22,2024-02-21,19,56.71,11.04366555707852,142.06,0.0777394450026645,2024-07-11,142.06
MSTR,2024-01-23,45.02,2024-02-06,2024-02-05,9,49.06,8.973789426921375,299.85,0.029927595220681585,2024-07-22,299.85
HUT,2024-01-23,6.33,2024-05-15,2024-05-14,78,7.79,23.06477093206951,105.52999999999999,0.21856127103259276,2024-06-20,105.53
CLSK,2024-01-19,6.87,2024-02-08,2024-02-07,13,9.31,35.51673944687046,188.06,0.18885855283883046,2024-07-16,188.06
SE,2024-01-17,34.82,2024-03-04,2024-03-01,31,51.05,46.611143021252154,111.83000000000001,0.41680356810562597,2024-05-17,111.83
MMYT,2024-01-09,44.86,2024-01-23,2024-01-22,8,50.03,11.52474364690148,102.23,0.11273347986795931,2024-07-09,102.23
CAMT,2024-01-05,67.93,2024-02-20,2024-02-16,29,87.77,29.20653614014426,102.03,0.2862543971395105,2024-07-08,102.03
VKTX,2024-01-03,17.4,2024-02-07,2024-02-06,23,24.61,41.436781609195414,208.75,0.1984995526189002,2024-07-26,208.75
VRT,2024-01-03,45.57,2024-02-21,2024-02-20,32,62.02,36.09831029185868,109.15000000000002,0.33072203657222793,2024-06-13,109.15
HUT,2023-12-12,8.43,2024-05-15,2024-05-14,105,7.79,-7.591933570581255,115.13,-0.06594227022132594,2023-12-27,115.13
CVNA,2023-12-07,7.58,2024-02-22,2024-02-21,50,9.88,30.3430079155673,131.03,0.23157298264189344,2024-08-23,131.03
CEG,2023-12-07,110.53,2024-02-27,2024-02-26,53,133.22,20.528363340269618,102.03999999999999,0.20117957017120364,2024-05-15,102.04
STRL,2023-11-29,62.55,2024-02-26,2024-02-23,58,87.02,39.12070343725021,116.71000000000001,0.3351958138741342,2024-05-15,116.71
ZIM,2023-11-28,6.59,2024-03-13,2024-03-12,71,11.66,76.93474962063733,121.39999999999999,0.6337294037943767,2024-01-05,121.4
MRNA,2023-11-21,77.14,2024-02-22,2024-02-21,61,87.59,13.546798029556651,114.43,0.11838502166876387,2024-05-24,114.43
NVCR,2023-11-16,11.83,2024-02-22,2024-02-21,64,15.62,32.03719357565511,103.3,0.3101374015068259,2024-05-20,103.3
PTCT,2023-11-16,20.0,2024-02-29,2024-02-28,69,28.2,40.99999999999999,100.6,0.4075546719681908,2024-05-20,100.6
APLD,2023-11-13,3.94,2024-01-16,2024-01-12,41,7.49,90.1015228426396,116.23999999999998,0.775133541316583,2024-01-09,116.24
TOST,2023-11-13,13.81,2024-02-15,2024-02-14,63,20.15,45.9087617668356,100.64999999999999,0.456122819342629,2024-05-15,100.65
INSP,2023-11-13,125.26,2024-02-06,2024-02-05,56,216.16,72.56905636276542,100.53,0.7218646808193119,2024-05-02,100.53
UPST,2023-11-10,20.87,2024-02-13,2024-02-12,62,35.47,69.95687589841877,126.69,0.5521894064126511,2023-12-19,126.69
SG,2023-11-10,8.92,2024-02-29,2024-02-28,73,12.4,39.01345291479821,104.71,0.3725857407582677,2024-03-04,104.71
TNDM,2023-11-10,14.28,2024-02-21,2024-02-20,67,23.56,64.9859943977591,100.49,0.6466911573067877,2023-12-15,100.49
THC,2023-11-09,52.66,2024-02-08,2024-02-07,60,88.11,67.31864793011775,142.34,0.4729425876782194,2024-05-15,142.34
HOOD,2023-11-09,7.93,2024-02-13,2024-02-12,63,12.01,51.450189155107196,133.24,0.3861467213682617,2024-07-16,133.24
MTZ,2023-11-09,47.6,2024-02-29,2024-02-28,74,74.76,57.05882352941176,105.54999999999998,0.5405857274221864,2024-05-24,105.55
MRVI,2023-11-08,4.7,2024-02-22,2024-02-21,70,5.26,11.91489361702127,130.02,0.09163892952639034,2024-05-20,130.02
JXN,2023-11-08,38.94,2024-02-21,2024-02-20,69,51.28,31.68977914740627,101.98,0.31074503968823564,2024-05-09,101.98
SMTC,2023-11-01,13.43,2023-12-06,2023-12-05,23,16.68,24.199553239017124,196.66,0.12305274707117424,2024-05-08,196.66
RXRX,2023-11-01,5.09,2023-11-09,2023-11-08,5,5.63,10.609037328094306,111.98000000000002,0.09474046551254067,2023-12-26,111.98
JBLU,2023-11-01,3.69,2024-01-30,2024-01-29,59,5.5,49.05149051490516,100.0,0.4905149051490516,2024-02-13,100.0
LYFT,2023-10-31,9.17,2023-11-08,2023-11-07,5,10.83,18.10250817884407,107.52,0.16836410136573726,2024-02-15,107.52
YPF,2023-10-31,9.93,2023-11-09,2023-11-08,6,10.03,1.007049345417932,105.14000000000001,0.009578175246508768,2024-03-25,105.14
TWST,2023-10-30,15.08,2023-11-17,2023-11-16,13,19.07,26.45888594164456,175.2,0.1510210384797064,2024-02-15,175.2
NNOX,2023-10-30,4.97,2023-11-28,2023-11-27,19,6.31,26.961770623742453,160.56,0.16792333472684637,2024-02-16,160.56
CLS,2023-10-30,22.25,2024-01-29,2024-01-26,60,31.99,43.77528089887639,112.9,0.3877349946756102,2024-03-07,112.9
NTRA,2023-10-30,37.55,2023-11-08,2023-11-07,6,43.64,16.218375499334226,101.12999999999998,0.160371556405955,2024-05-22,101.13
HIMS,2023-10-27,5.78,2023-11-06,2023-11-03,5,6.48,12.110726643598625,189.45,0.0639257146666594,2024-03-21,189.45
DKS,2023-10-27,101.02,2023-11-21,2023-11-20,16,119.01,17.80835478123144,122.59,0.14526759753023444,2024-03-28,122.59
SLE,2023-10-27,508.8,2023-11-15,2023-11-14,12,633.6,24.52830188679245,110.38,0.22221690421083937,2024-01-30,110.38
PAGS,2023-10-27,7.05,2023-11-15,2023-11-14,12,8.4,19.14893617021278,103.83,0.18442585158636987,2024-03-20,103.83
MDGL,2023-10-27,120.4,2023-11-06,2023-11-03,5,146.89,22.001661129568095,102.59,0.2144620443470913,2024-01-16,102.59
VKTX,2023-10-27,9.24,2024-02-07,2024-02-06,68,24.61,166.34199134199133,100.0,1.6634199134199132,2023-12-08,100.0
AAOI,2023-10-26,6.87,2023-11-09,2023-11-08,9,9.85,43.37700145560406,226.2,0.19176393216447418,2024-02-15,226.2
NVDA,2023-10-26,40.33,2023-11-21,2023-11-20,17,50.409,24.991321596826175,135.58,0.184328968851056,2024-03-25,135.58
UBER,2023-10-26,40.62,2023-11-07,2023-11-06,7,48.14,18.513047759724287,100.37,0.18444801992352583,2024-02-15,100.37
APP,2023-10-25,36.15,2023-11-08,2023-11-07,9,40.89,13.112033195020745,100.83,0.13004099171894024,2024-03-25,100.83
IBP,2023-10-25,106.34,2023-11-08,2023-11-07,9,123.34,15.986458529245805,100.16000000000001,0.15960921055556915,2024-02-15,100.16
PTGX,2023-10-23,14.05,2023-11-02,2023-11-01,7,15.11,7.544483985765105,102.99000000000001,0.07325452942776099,2024-02-01,102.99
SNDX,2023-10-23,11.39,2023-11-02,2023-11-01,7,13.92,22.21246707638278,100.09000000000002,0.22192493831934038,2024-01-08,100.09
BEAM,2023-10-20,17.69,2023-11-08,2023-11-07,12,24.99,41.266252119841695,154.78,0.2666123021051925,2024-02-27,154.78
CRSP,2023-10-20,38.62,2023-11-06,2023-11-03,9,50.99,32.030036250647356,130.76,0.24495286211874698,2024-02-27,130.76
FRPT,2023-10-20,55.28,2023-11-06,2023-11-03,10,58.25,5.372648335745289,104.47,0.05142766665784713,2024-02-29,104.47
TGTX,2023-10-19,6.68,2023-11-01,2023-10-31,8,7.73,15.718562874251507,218.86,0.07182017213858863,2024-01-08,218.86
IOVA,2023-10-19,3.3,2023-11-07,2023-11-06,12,4.32,30.90909090909093,101.21,0.30539562206393567,2023-12-04,101.21
PLAY,2023-10-13,33.29,2023-12-05,2023-12-04,35,42.67,28.176629618504066,105.14000000000001,0.26799153146760574,2024-04-03,105.14
SHAK,2023-10-13,53.52,2023-11-02,2023-11-01,13,57.27,7.006726457399104,100.39,0.06979506382507325,2024-03-01,100.39
PVH,2023-10-13,70.19,2023-11-29,2023-11-28,31,90.07,28.323122951987468,100.33000000000001,0.28229964070554636,2024-03-28,100.33
M,2023-10-13,10.57,2023-11-16,2023-11-15,23,12.61,19.29990539262061,100.09000000000002,0.19282551096633635,2024-03-08,100.09
ARDX,2023-10-12,3.29,2023-10-31,2023-10-30,12,3.62,10.030395136778125,101.82,0.0985110502531735,2023-12-19,101.82
OUT,2023-10-06,8.23,2023-11-02,2023-11-01,18,10.040983606557377,22.00466107603132,100.84,0.2182136163826985,2024-03-28,100.84
HASI,2023-10-05,14.36,2023-11-02,2023-11-01,19,17.67,23.050139275766025,104.60000000000001,0.22036462022720862,2023-12-14,104.6
VSCO,2023-10-05,14.3,2023-11-29,2023-11-28,37,22.33,56.15384615384613,101.54,0.5530219239102435,2023-12-26,101.54
BHVN,2023-10-04,22.93,2023-11-14,2023-11-13,28,28.77,25.468818142171834,138.51,0.18387710737254953,2024-03-28,138.51
VST,2023-10-04,31.39,2023-11-07,2023-11-06,23,35.33,12.551768079006042,101.05,0.1242134396734888,2024-03-14,101.05
MARA,2023-10-03,7.3,2023-11-08,2023-11-07,25,9.18,25.753424657534254,325.62,0.0790904264404344,2023-12-27,325.62
CYTK,2023-10-03,26.88,2023-11-02,2023-11-01,21,35.1,30.58035714285716,302.01,0.1012561078866831,2024-01-08,302.01
CLSK,2023-10-03,3.47,2023-11-30,2023-11-29,40,6.59,89.91354466858787,287.03,0.3132548676744169,2023-12-27,287.03
CAVA,2023-10-03,29.98,2023-11-07,2023-11-06,24,34.18,14.009339559706468,133.66,0.10481325422494739,2024-03-28,133.66
MSTR,2023-10-03,31.13,2023-11-01,2023-10-31,20,42.339,36.00706713780919,120.07,0.29988396050478217,2024-01-02,120.07
PI,2023-10-03,49.23,2023-10-25,2023-10-24,15,53.07,7.800121876904331,111.27,0.07010085267281685,2024-01-23,111.27
RIOT,2023-10-03,8.78,2023-11-08,2023-11-07,25,11.07,26.08200455580867,102.51000000000002,0.254433758226599,2023-12-22,102.51
COIN,2023-09-26,70.52,2023-11-02,2023-11-01,26,77.81,10.337492909812829,164.27,0.06292988926652966,2023-12-28,164.27
SNAP,2023-09-26,8.34,2023-10-24,2023-10-23,19,9.49,13.788968824940051,106.0,0.1300846115560382,2023-12-19,106.0
COHR,2023-09-21,28.92,2023-11-06,2023-11-03,31,32.85,13.589211618257258,115.58999999999999,0.11756390360980412,2024-02-09,115.59
CNM,2023-09-21,27.96,2023-12-05,2023-12-04,51,36.09,29.077253218884124,110.39000000000001,0.2634047759659763,2024-04-03,110.39
WSM,2023-09-12,69.53,2023-11-16,2023-11-15,46,80.695,16.057816769739674,120.16,0.13363695713831286,2024-03-28,120.16
WING,2023-09-05,151.2,2023-11-01,2023-10-31,40,182.77,20.879629629629637,140.08,0.14905503733316416,2024-03-07,140.08
AFRM,2023-08-24,13.81,2023-11-08,2023-11-07,52,22.09,59.95655322230267,256.41,0.23383079139777177,2024-02-08,256.41
VFS,2023-08-18,15.4,2024-02-22,2024-02-21,127,5.26,-65.84415584415584,434.74,-0.15145640116887296,2023-08-28,434.74
S,2023-08-17,14.24,2023-08-31,2023-08-30,9,16.28,14.32584269662922,110.67,0.12944648682234772,2024-02-14,110.67
APLS,2023-08-07,23.65,2023-11-01,2023-10-31,60,48.66,105.75052854122622,105.2,1.005233161038272,2023-09-20,105.2
VRT,2023-07-06,24.08,2023-08-02,2023-08-01,18,26.53,10.17441860465118,103.32,0.09847482195752208,2023-12-28,103.32
HPP,2023-06-23,28.56,2023-08-01,2023-07-31,25,41.09,43.87254901960787,116.82,0.3755568311899321,2024-01-05,116.82
TLRY,2023-06-23,15.2,2023-07-26,2023-07-25,21,16.8,10.526315789473696,103.29000000000002,0.10191030873728041,2023-09-05,103.29
CVNA,2023-06-07,3.11,2023-07-19,2023-07-18,27,7.96,155.9485530546624,140.7,1.1083763543330662,2023-12-06,140.7
DLO,2023-06-05,9.82,2023-08-15,2023-08-14,48,13.67,39.20570264765784,108.25,0.3621773916642756,2023-08-16,108.25
TDS,2023-06-01,6.6,2023-08-04,2023-08-03,43,7.9,19.696969696969703,225.61,0.08730539292127876,2023-08-31,225.61
TAL,2023-05-31,5.43,2023-07-27,2023-07-26,38,6.6,21.54696132596685,124.15,0.17355587052732058,2023-11-30,124.15
PDD,2023-05-31,65.32,2023-08-29,2023-08-28,61,80.76,23.637477036129837,111.82,0.21138863384126133,2024-01-09,111.82
AMR,2023-05-31,134.97,2023-08-04,2023-08-03,44,166.43,23.30888345558273,107.25,0.21733224667210005,2023-11-27,107.25
NIO,2023-05-30,7.41,2023-06-09,2023-06-08,7,7.79,5.128205128205132,106.47999999999999,0.04816120518599861,2023-07-31,106.48
XPEV,2023-05-30,7.87,2023-08-18,2023-08-17,55,15.65,98.85641677255401,103.43,0.9557808834240937,2023-07-24,103.43
EDU,2023-05-25,36.0,2023-07-26,2023-07-25,40,49.87,38.52777777777776,126.12,0.3054850759417837,2023-12-12,126.12
MNSO,2023-05-25,14.74,2024-05-14,2024-05-13,242,25.35,71.98100407055632,101.09000000000002,0.7120487097690802,2023-09-14,101.09
VNO,2023-05-16,12.38,2023-07-31,2023-07-28,50,22.15,78.91760904684975,103.47,0.7627100516753624,2023-09-08,103.47
QS,2023-05-12,5.81,2023-07-26,2023-07-25,49,9.36,61.10154905335627,129.09,0.4733251921400285,2023-07-31,129.09
SIRI,2023-05-09,34.2,2023-08-01,2023-07-31,56,51.0,49.122807017543856,128.36,0.3826955984539097,2023-07-20,128.36
FSLY,2023-05-05,11.78,2023-08-02,2023-08-01,59,17.94,52.29202037351446,104.58000000000001,0.5000193189282316,2023-09-01,104.58
ANF,2023-05-04,21.83,2023-05-24,2023-05-23,13,23.01,5.405405405405417,183.76,0.0294155714268906,2024-03-05,183.76
CRDO,2023-05-04,7.35,2023-05-31,2023-05-30,17,13.68,86.12244897959185,151.97,0.5667069091241156,2023-06-20,151.97
WAL,2023-05-04,18.2,2023-07-18,2023-07-17,49,39.83,118.84615384615383,108.02000000000001,1.1002236053152548,2023-05-22,108.02
GTLB,2023-05-04,26.77,2023-06-05,2023-06-02,20,33.73,25.99925289503173,102.17,0.25447051869464354,2023-07-13,102.17
AI,2023-05-02,17.24,2023-05-31,2023-05-30,19,43.95,154.9303944315546,131.26,1.1803321227453496,2023-08-02,131.26
DNA,2023-05-02,45.6,2023-05-10,2023-05-09,5,54.800000000000004,20.175438596491226,122.81,0.16428172458668858,2023-07-19,122.81
RIVN,2023-04-25,12.0,2023-05-09,2023-05-08,9,13.87,15.583333333333327,115.92,0.13443179204048764,2023-07-12,115.92
XPO,2023-04-05,29.83,2023-05-04,2023-05-03,19,44.4,48.843446195105614,101.31000000000002,0.48211870689078673,2023-07-10,101.31
XP,2023-03-23,10.65,2023-05-15,2023-05-12,35,15.38,44.4131455399061,157.84,0.28138080043022107,2023-08-23,157.84
FUBO,2023-03-23,12.48,2023-05-05,2023-05-04,29,13.440000000000001,7.692307692307709,112.5,0.06837606837606852,2023-06-13,112.5
SLG,2023-03-23,19.96,2023-04-19,2023-04-18,17,24.5,22.745490981963922,105.01,0.2166030947715829,2023-09-12,105.01
BBIO,2023-03-22,12.84,2023-05-04,2023-05-03,29,14.4,12.149532710280386,130.69,0.09296451687413258,2023-09-05,130.69
FCNCA,2023-03-17,509.06,2023-05-10,2023-05-09,36,1093.86,114.87840333163084,108.89,1.0549949796274298,2023-04-19,108.89
LI,2023-03-15,21.35,2023-05-10,2023-05-09,38,24.77,16.01873536299765,118.5,0.1351792013755076,2023-08-07,118.5
W,2023-03-14,31.02,2023-05-04,2023-05-03,35,31.29,0.8704061895551174,120.21,0.00724071366404723,2023-07-03,120.21
CELH,2023-03-13,27.21,2023-05-08,2023-05-05,38,34.753299999999996,27.722528482175647,151.42,0.18308366452368016,2023-09-07,151.42
RIOT,2023-03-10,5.3,2023-05-10,2023-05-09,41,11.44,115.84905660377358,282.83,0.4096066775228002,2023-07-13,282.83
MSTR,2023-03-10,19.2,2023-05-01,2023-04-28,34,32.838,71.03125000000001,138.98,0.511089725140308,2023-07-14,138.98
TTD,2023-01-19,44.26,2023-02-15,2023-02-14,18,49.92,12.788070492544069,104.90000000000002,0.1219072496906012,2023-07-17,104.9
LNTH,2023-01-09,47.76,2023-02-23,2023-02-22,30,58.25,21.963986599664985,108.65,0.2021535812210307,2023-05-12,108.65
ASAN,2023-01-06,11.78,2023-03-08,2023-03-07,40,17.48,48.38709677419355,102.71999999999998,0.47105818510702446,2023-05-31,102.72
AEHR,2023-01-05,17.27,2023-03-30,2023-03-29,57,37.85,119.16618413433699,156.17,0.7630542622420248,2023-07-03,156.17
AMD,2023-01-05,62.33,2023-01-31,2023-01-30,16,72.45,16.23616236162362,103.8,0.15641774914858977,2023-05-26,103.8
NU,2023-01-05,3.48,2023-02-14,2023-02-13,26,4.87,39.94252873563218,100.29,0.3982703034762406,2023-06-02,100.29
ENVX,2023-01-04,6.26,2023-02-22,2023-02-21,32,7.97,27.316293929712465,108.52999999999999,0.2516934850245321,2023-03-31,108.53
TSLA,2023-01-03,108.1,2023-01-25,2023-01-24,14,143.89,33.108233117483806,139.66,0.23706310409196482,2023-07-18,139.66
LCID,2023-01-03,61.7,2023-02-22,2023-02-21,33,99.0,60.45380875202593,108.59,0.5567161686345513,2023-01-27,108.59
MSTR,2022-12-29,13.66,2023-02-02,2023-02-01,22,26.792,96.13469985358714,113.81000000000002,0.8446946652630448,2023-02-02,113.81
AI,2022-12-28,10.26,2023-03-02,2023-03-01,42,20.73,102.04678362573101,230.12,0.4434503025627108,2023-04-03,230.12
MARA,2022-12-28,3.14,2023-03-16,2023-03-15,52,7.09,125.79617834394905,186.17,0.6757059587685935,2023-01-23,186.17
TGTX,2022-12-28,8.46,2023-02-28,2023-02-27,40,15.93,88.29787234042553,159.04,0.5551928592833597,2023-07-10,159.04
COIN,2022-12-28,32.53,2023-02-21,2023-02-17,35,65.2,100.4303719643406,150.42,0.6676663473230993,2023-02-02,150.42
RIOT,2022-12-28,3.29,2023-03-02,2023-03-01,42,6.14,86.62613981762917,127.66,0.6785691666742062,2023-02-02,127.66
DUOL,2022-12-28,65.38,2023-02-28,2023-02-27,40,89.0,36.12725604160294,118.84000000000002,0.3039991252238551,2023-04-03,118.84
GLBE,2022-12-28,18.62,2023-02-22,2023-02-21,36,26.1,40.171858216971,106.87,0.3758946216615608,2023-06-14,106.87
CNK,2022-12-28,8.35,2023-02-24,2023-02-23,38,13.09,56.76646706586828,104.79,0.5417164525800962,2023-05-01,104.79
APP,2022-12-27,9.3,2023-02-08,2023-02-07,28,12.85,38.172043010752674,225.52000000000004,0.1692623404166046,2023-09-18,225.52
PLTR,2022-12-27,6.0,2023-02-13,2023-02-10,31,7.51,25.16666666666667,171.97,0.14634335446104943,2023-08-01,171.97
AFRM,2022-12-27,8.91,2023-02-08,2023-02-07,28,17.21,93.15375982042649,137.26,0.6786664710798958,2023-02-02,137.26
QS,2022-12-27,5.18,2023-02-15,2023-02-14,33,8.95,72.77992277992279,128.57,0.5660723557589079,2023-02-15,128.57
CCL,2022-12-27,7.67,2023-03-27,2023-03-24,60,9.23,20.33898305084747,110.17000000000002,0.1846145325483114,2023-06-15,110.17
DKNG,2022-12-27,10.91,2023-02-16,2023-02-15,34,17.78,62.96975252062329,101.37,0.6211872597476895,2023-04-21,101.37
GOVX,2022-12-27,206.85,2023-03-23,2023-03-22,58,264.0,27.628716461203773,101.23,0.2729301240857826,2023-01-25,101.23
PGY,2022-12-19,6.87,2023-02-15,2023-02-14,38,16.080000000000002,134.06113537117906,132.31,1.0132350946351678,2022-12-29,132.31
SOFI,2022-12-09,4.34,2023-01-30,2023-01-27,32,5.94,36.866359447004626,122.88,0.3000192012288788,2023-06-14,122.88
SHC,2022-11-17,5.95,2023-02-28,2023-02-27,67,17.17,188.5714285714286,213.95,0.8813808299669484,2023-02-02,213.95
APLS,2022-11-17,43.24,2023-02-21,2023-02-17,62,55.49,28.330249768732664,105.3,0.26904320768027223,2023-04-24,105.3
ALGN,2022-11-09,174.58,2023-02-01,2023-01-31,55,269.73,54.50223393286746,106.13999999999999,0.5134938188512104,2023-02-02,106.14
FOUR,2022-11-07,37.27,2023-02-28,2023-02-27,75,57.06,53.09900724443251,103.38000000000001,0.5136293987660331,2023-03-31,103.38
SPOT,2022-11-04,71.05,2023-01-31,2023-01-30,57,100.0,40.74595355383532,106.91999999999999,0.3810882300209065,2023-05-10,106.92
LU,2022-11-03,5.6,2022-11-23,2022-11-22,13,6.56,17.14285714285715,135.0,0.126984126984127,2023-02-01,135.0
META,2022-11-03,88.91,2023-02-01,2023-01-31,59,148.97,67.55145652907434,115.52,0.584759838374951,2023-02-07,115.52
PEN,2022-11-03,151.88,2023-02-23,2023-02-22,74,261.35,72.07663945219913,104.56,0.689332818020267,2023-05-08,104.56
YMM,2022-11-02,4.73,2022-11-23,2022-11-22,14,6.14,29.80972515856235,102.10999999999999,0.2919373730150069,2023-01-06,102.11
BILI,2022-10-31,8.92,2022-11-29,2022-11-28,19,12.59,41.143497757847534,227.35,0.18096986038199928,2023-01-05,227.35
GDS,2022-10-31,8.63,2022-11-21,2022-11-18,14,14.46,67.5550405561993,215.53,0.3134368327202677,2023-01-04,215.53
TME,2022-10-31,3.61,2022-11-15,2022-11-14,10,4.45,23.26869806094183,154.29,0.15081144637333482,2023-01-04,154.29
VIPS,2022-10-31,6.97,2022-11-22,2022-11-21,15,8.9,27.690100430416088,128.55,0.21540334835018346,2023-02-01,128.55
ZLAB,2022-10-31,22.28,2022-11-09,2022-11-08,6,29.83,33.88689407540393,115.89,0.2924056784485627,2023-01-05,115.89
BIDU,2022-10-31,76.57,2022-11-22,2022-11-21,15,94.56,23.49484132166646,109.25,0.21505575580472733,2023-02-07,109.25
BZ,2022-10-28,10.74,2022-11-29,2022-11-28,20,15.08,40.4096834264432,142.36,0.2838556014782467,2023-01-26,142.36
WB,2022-10-24,10.71,2022-11-17,2022-11-16,17,14.81,38.281979458450046,137.54,0.2783334263374294,2023-02-02,137.54
FUTU,2022-10-24,32.18,2022-11-21,2022-11-18,19,50.62,57.30267246737104,118.55,0.48336290567162415,2022-12-14,118.55
PDD,2022-10-24,44.46,2022-11-28,2022-11-25,23,65.75,47.88573999100314,104.93,0.4563589058515499,2022-12-08,104.93
TXG,2022-10-24,24.4,2022-11-02,2022-11-01,6,28.22,15.655737704918039,103.77000000000001,0.15086959337879963,2023-02-02,103.77
HTHT,2022-10-24,25.82,2022-11-28,2022-11-25,23,33.34,29.124709527498084,103.29000000000002,0.2819702732839392,2023-02-13,103.29
BEKE,2022-10-24,9.77,2022-11-30,2022-11-29,25,15.11,54.65711361310133,101.23,0.5399299971658731,2023-01-13,101.23
ELF,2022-10-20,40.08,2022-11-02,2022-11-01,8,43.7,9.031936127744533,141.22,0.06395649431910873,2023-04-21,141.22
WYNN,2022-10-19,54.48,2022-11-09,2022-11-08,14,70.42,29.258443465491936,100.59,0.29086831161638266,2023-02-13,100.59
ACLS,2022-10-18,50.79,2022-11-02,2022-11-01,10,58.76,15.692065367198271,100.87000000000002,0.15556721886783254,2023-01-18,100.87
RIG,2022-10-17,3.09,2022-11-02,2022-11-01,11,3.66,18.446601941747588,104.85,0.17593325647827932,2023-04-19,104.85
AU,2022-10-14,12.38,2024-08-06,2024-08-05,452,26.63,115.10500807754443,128.29,0.8972250999886541,2023-05-04,128.29
FSLY,2022-10-14,7.44,2022-11-02,2022-11-01,12,8.53,14.650537634408579,115.86000000000001,0.12645035071990832,2023-02-16,115.86
W,2022-10-14,28.35,2022-11-03,2022-11-02,13,35.6,25.573192239858898,109.28,0.23401530234131496,2023-01-23,109.28
NVDA,2022-10-14,11.23,2022-11-16,2022-11-15,22,16.666,48.40605520926091,104.60000000000001,0.46277299435239877,2023-02-14,104.6
LSCC,2022-10-14,45.35,2022-10-31,2022-10-28,10,51.13,12.745314222712235,103.81,0.1227753995059458,2023-02-15,103.81
KD,2022-10-14,8.23,2022-11-02,2022-11-01,12,9.95,20.899149453219913,100.24,0.20849111585414917,2023-02-08,100.24
SHOP,2022-10-11,25.67,2022-10-27,2022-10-26,11,29.06,13.206077132839876,108.91999999999999,0.12124565858281196,2023-02-02,108.92
SMG,2022-10-11,40.24,2022-11-02,2022-11-01,15,46.36,15.208747514910526,108.55,0.14010822215486438,2023-02-02,108.55
ONON,2022-10-10,16.0,2022-11-16,2022-11-15,26,20.16,26.0,103.19,0.25196239945731175,2023-04-04,103.19
BHVN,2022-10-04,8.3,2022-11-09,2022-11-08,25,15.57,87.59036144578312,101.93,0.8593187623445807,2022-11-01,101.93
RCL,2022-10-03,37.59,2022-11-03,2022-11-02,22,49.66,32.109603617983495,101.51999999999998,0.31628845171378545,2023-02-15,101.52
PTON,2022-09-30,6.93,2022-11-03,2022-11-02,23,8.63,24.531024531024535,145.02,0.16915614764187378,2023-02-02,145.02
CENX,2022-09-30,5.28,2022-11-07,2022-11-04,25,7.28,37.87878787878787,101.51999999999998,0.3731165078682808,2023-01-18,101.52
PVH,2022-09-30,44.8,2022-11-30,2022-11-29,41,64.88,44.82142857142857,101.16000000000001,0.4430746201208834,2023-01-23,101.16
GE,2022-09-30,38.57,2022-10-25,2022-10-24,16,45.70451680992939,18.49758052872541,100.54,0.18398230086259607,2023-04-03,100.54
BURL,2022-09-29,109.78,2022-11-22,2022-11-21,37,157.64,43.596283476042984,113.29,0.3848202266399769,2023-02-01,113.29
TEX,2022-09-27,29.34,2022-10-27,2022-10-26,21,35.52,21.063394683026605,105.59,0.19948285522328443,2023-03-03,105.59
PACB,2022-09-26,5.09,2022-11-07,2022-11-04,29,8.25,62.082514734774065,135.76,0.45729607200039823,2023-02-02,135.76
SMCI,2022-09-26,5.22,2022-11-01,2022-10-31,25,6.9590000000000005,33.31417624521074,118.6,0.2808952465869371,2023-03-23,118.6
WFRD,2022-09-26,28.41,2022-10-25,2022-10-24,20,37.75,32.87574797606476,110.38,0.2978415290457036,2023-03-10,110.38
ATKR,2022-09-26,70.9,2022-11-18,2022-11-17,38,100.62,41.9181946403385,110.03,0.3809705956588067,2023-02-01,110.03
ANF,2022-08-31,14.39,2022-11-22,2022-11-21,57,18.63,29.46490618485058,100.56,0.2930082158398029,2023-01-23,100.56
AXSM,2022-08-01,36.06,2022-08-09,2022-08-08,5,43.31,20.10537992235164,113.89,0.17653332094434665,2022-12-30,113.89
FUBO,2022-07-26,28.44,2022-08-04,2022-08-03,6,35.04,23.206751054852305,167.93,0.1381930033636176,2022-08-16,167.93
PACB,2022-07-18,3.92,2022-08-03,2022-08-02,11,4.85,23.72448979591837,123.95,0.1914037095273769,2022-08-12,123.95
MLCO,2022-07-14,4.81,2022-08-18,2022-08-17,24,5.53,14.968814968814993,195.48,0.07657466221002145,2023-04-21,195.48
CVNA,2022-07-14,4.05,2022-08-04,2022-08-03,14,6.98,72.3456790123457,169.85,0.42593864593668357,2022-08-16,169.85
FTI,2022-07-14,5.62,2022-07-27,2022-07-26,8,6.37,13.345195729537362,129.36,0.10316323229388807,2022-12-02,129.36
BBBY,2022-07-06,4.06,2022-07-28,2022-07-27,15,28.28,596.5517241379312,416.3399999999999,1.43284749036348,2022-08-17,416.34
EVGO,2022-07-06,5.6,2022-08-09,2022-08-08,23,9.72,73.5714285714286,114.64000000000001,0.6417605423188119,2022-08-16,114.64
WTI,2022-07-06,3.72,2022-08-08,2022-08-05,22,4.6,23.655913978494603,108.06,0.21891462130755693,2022-10-06,108.06
HUT,2022-06-30,6.65,2024-05-15,2024-05-14,470,7.79,17.142857142857125,167.67,0.10224164813536785,2022-08-15,167.67
MARA,2022-06-30,5.34,2022-08-08,2022-08-05,25,14.17,165.3558052434457,152.62,1.0834478131532284,2022-07-21,152.62
COIN,2022-06-30,47.02,2022-08-09,2022-08-08,26,98.02,108.46448319863886,108.46000000000001,1.0000413350418482,2022-08-08,108.46
RIOT,2022-06-30,4.19,2022-08-15,2022-08-12,30,9.93,136.99284009546537,107.88,1.2698631821974915,2022-08-08,107.88
ARRY,2022-06-29,10.69,2022-08-09,2022-08-08,27,18.68,74.74275023386343,102.15,0.7316960375317026,2022-11-28,102.15
CROX,2022-06-17,47.21,2022-08-04,2022-08-03,31,77.38,63.90595212878627,114.82999999999998,0.5565266230844402,2022-11-18,114.83
CNR,2022-06-16,23.93,2022-08-04,2022-08-03,32,57.57,140.57668198913498,228.17,0.616105018140575,2025-03-27,228.17
STEM,2022-06-16,125.4,2022-08-05,2022-08-04,33,246.6,96.65071770334927,177.83,0.5435006337701697,2022-09-14,177.83
CALX,2022-06-16,32.32,2022-07-25,2022-07-22,24,45.28,40.09900990099009,128.0,0.3132735148514851,2022-10-26,128.0
GLBE,2022-06-16,17.07,2022-08-16,2022-08-15,40,27.34,60.164030462800234,119.33,0.5041819363345365,2022-08-25,119.33
AXSM,2022-06-16,21.74,2022-08-09,2022-08-08,35,43.31,99.21803127874887,109.74999999999999,0.904036731469238,2022-07-08,109.75
WOLF,2022-06-16,58.67,2022-08-17,2022-08-16,41,88.59,50.997102437361505,105.93,0.4814226606000331,2022-08-25,105.93
ETSY,2022-06-16,69.0,2022-07-27,2022-07-26,26,93.3,35.21739130434782,103.61,0.3399034002929044,2022-12-02,103.61
ZLAB,2022-06-16,23.14,2022-08-09,2022-08-08,35,47.08,103.45721694036301,103.46,0.9999731001388267,2022-08-08,103.46
SRPT,2022-06-16,62.69,2022-08-02,2022-08-01,30,91.55,46.03605040676344,101.39,0.45404921991087327,2022-12-02,101.39
TGTX,2022-06-16,3.74,2022-08-08,2022-08-05,34,6.23,66.57754010695187,101.07,0.6587270219348162,2022-08-08,101.07
TEN,2022-06-16,14.81,2022-06-30,2022-06-29,8,9.03,-39.027683997299135,100.73999999999998,-0.38741000592911595,2024-07-01,100.74
NTNX,2022-06-14,13.75,2022-08-31,2022-08-30,53,18.12,31.7818181818182,104.86999999999999,0.30305919883492133,2022-11-01,104.87
MSTR,2022-06-13,15.22,2022-08-02,2022-08-01,33,27.574,81.16951379763468,131.9,0.6153867611647815,2022-08-12,131.9
BEAM,2022-06-13,29.86,2022-08-09,2022-08-08,38,63.69,113.29537843268587,129.34,0.8759500420031379,2022-07-21,129.34
TWST,2022-06-13,26.2,2022-08-05,2022-08-04,36,46.83,78.74045801526717,115.88000000000001,0.6794999828725161,2022-08-08,115.88
NVAX,2022-06-13,36.28,2022-08-08,2022-08-05,37,60.27,66.12458654906285,109.81,0.6021727215104531,2022-07-08,109.81
PTCT,2022-06-13,25.6,2022-08-04,2022-08-03,35,47.82,86.796875,109.79999999999998,0.7904997723132969,2022-08-10,109.8
FATE,2022-06-13,17.78,2022-08-03,2022-08-02,34,30.63,72.27221597300336,102.81,0.7029687381869794,2022-08-15,102.81
IOVA,2022-06-01,6.38,2022-08-04,2022-08-03,43,12.04,88.71473354231973,100.63,0.8815932976480149,2022-07-15,100.63
IMPP,2022-05-25,5.77,2024-05-16,2024-05-15,495,3.59,-37.781629116117855,129.33,-0.29213352753512606,2022-06-10,129.33
WING,2022-05-24,69.05,2022-07-28,2022-07-27,43,99.68,44.35916002896454,100.27999999999999,0.4423530118564474,2022-08-10,100.28
FLNC,2022-05-12,6.31,2022-08-15,2022-08-12,63,18.12,187.16323296354997,227.25999999999996,0.8235643446429199,2022-08-25,227.26
FSLR,2022-05-12,61.4,2022-07-28,2022-07-27,51,76.76,25.016286644951148,133.0,0.18809238078910637,2022-10-04,133.0
ARRY,2022-05-12,6.2,2022-08-09,2022-08-08,59,18.68,201.29032258064515,123.87000000000002,1.6250126954116826,2022-06-07,123.87
RUN,2022-05-12,17.94,2022-08-03,2022-08-02,55,31.21,73.96878483835006,106.35,0.695522189359192,2022-08-10,106.35
CSIQ,2022-05-12,22.54,2022-05-24,2022-05-23,7,29.14,29.281277728482703,100.49,0.2913849908297612,2022-08-18,100.49
ENVX,2022-05-11,6.57,2022-08-10,2022-08-09,61,14.41,119.33028919330289,232.35000000000002,0.5135798975395003,2022-08-16,232.35
BE,2022-05-11,12.13,2022-08-09,2022-08-08,60,25.15,107.33718054410551,151.11,0.7103248001065813,2022-08-12,151.11
KOD,2022-05-11,5.04,2022-08-09,2022-08-08,60,11.11,120.43650793650791,148.26,0.812333117068042,2022-08-10,148.26
AMC,2022-05-11,103.7,2022-08-04,2022-08-03,57,182.10000000000002,75.60270009643205,145.52,0.5195347725153383,2022-08-11,145.52
PI,2022-05-11,41.29,2022-07-27,2022-07-26,51,68.19,65.14894647614436,136.96,0.47567863957465206,2022-08-12,136.96
AXON,2022-05-11,84.37,2022-08-09,2022-08-08,60,116.23,37.762237762237746,127.55000000000001,0.29605831252244413,2022-11-17,127.55
XMTR,2022-05-11,27.62,2022-08-10,2022-08-09,61,41.94,51.84648805213612,125.42,0.4133829377462615,2022-10-05,125.42
PLUG,2022-05-11,13.45,2022-08-09,2022-08-08,60,25.62,90.4832713754647,122.75,0.7371345936901401,2022-08-15,122.75
STAA,2022-05-11,50.24,2022-08-10,2022-08-09,61,82.89,64.98805732484077,122.09,0.5322963168551131,2022-08-12,122.09
TPL,2022-05-11,141.74,2022-08-03,2022-08-02,56,202.4744,42.849160434598545,112.83000000000001,0.3797674415899897,2022-11-07,112.83
GH,2022-05-11,28.82,2022-08-04,2022-08-03,57,52.08,80.70784177654406,111.66,0.7227999442642312,2022-09-12,111.66
CHPT,2022-05-11,179.0,2022-05-31,2022-05-27,12,269.0,50.27932960893855,110.84,0.45362080123546145,2022-08-12,110.84
BNGO,2022-05-11,735.0,2022-08-04,2022-08-03,57,1355.9999999999998,84.48979591836732,108.16,0.7811556575292837,2022-08-08,108.16
BBIO,2022-05-11,5.21,2022-08-04,2022-08-03,57,7.94,52.39923224568139,107.1,0.4892552030409094,2022-07-05,107.1
CYRX,2022-05-11,20.38,2022-08-04,2022-08-03,57,36.89,81.01079489695782,106.52999999999999,0.7604505293997731,2022-08-08,106.53
DKNG,2022-05-11,10.27,2022-08-05,2022-08-04,58,16.36,59.29892891918209,102.53000000000002,0.5783568606181809,2022-08-15,102.53
ABCL,2022-05-11,5.72,2022-08-09,2022-08-08,60,11.76,105.59440559440559,102.45,1.030692099506155,2022-07-08,102.45
NTRA,2022-05-11,28.13,2022-08-04,2022-08-03,57,48.99,74.15570565232849,101.49,0.7306700724438714,2022-08-15,101.49
RBLX,2022-05-10,23.19,2022-08-09,2022-08-08,61,48.9,110.86675291073735,120.57,0.9195218786658154,2022-08-12,120.57
BLTE,2022-05-02,8.87,2022-08-10,2022-08-09,68,28.22,218.1510710259301,396.05,0.5508169953943444,2022-07-05,396.05
SHLS,2022-04-26,9.78,2022-05-16,2022-05-13,13,12.58,28.62985685071575,100.1,0.28601255595120634,2022-06-17,100.1
EDU,2022-03-14,8.64,2022-04-26,2022-04-25,29,10.4,20.370370370370374,235.49,0.0865020611082015,2022-07-28,235.49
LI,2022-03-14,17.6,2022-05-10,2022-05-09,39,18.9,7.386363636363624,131.76,0.05605922614119327,2022-06-24,131.76
FUTU,2022-03-14,24.39,2022-06-06,2022-06-03,57,36.86,51.127511275112745,129.93,0.3935004331187004,2022-07-05,129.93
ATER,2022-03-14,25.68,2022-05-09,2022-05-06,38,51.84,101.86915887850469,118.22,0.861691413284594,2022-04-08,118.22
AMC,2022-03-14,135.6,2022-05-09,2022-05-06,38,137.6,1.4749262536873253,117.11,0.012594366439136926,2022-03-29,117.11
BEKE,2022-03-14,9.0,2022-05-31,2022-05-27,53,11.49,27.66666666666666,109.11,0.25356673693214793,2022-06-24,109.11
GDS,2022-03-14,21.02,2022-03-22,2022-03-21,5,37.02,76.11798287345388,103.19,0.7376488310248462,2022-03-24,103.19
YMM,2022-03-14,4.65,2022-06-08,2022-06-07,59,7.96,71.18279569892472,103.01,0.6910280137746307,2022-07-05,103.01
GTLB,2022-03-14,33.1,2022-06-06,2022-06-03,57,40.93,23.65558912386707,101.27,0.23358930703927197,2022-08-08,101.27
BFRI,2022-03-08,45.0,2022-04-08,2022-04-07,22,80.8,79.55555555555556,105.32999999999998,0.7552981634439909,2022-04-08,105.33
EPAM,2022-03-07,174.8,2022-05-05,2022-05-04,41,312.6,78.83295194508008,161.99,0.4866532004758323,2022-08-17,161.99
CAR,2022-02-23,149.52,2022-05-02,2022-04-29,46,267.67,79.0195291599786,113.62999999999998,0.6954107996125901,2022-04-20,113.63
HRB,2022-02-23,23.65,2022-05-10,2022-05-09,52,24.27,2.6215644820295925,104.82000000000001,0.025010155333234044,2022-08-18,104.82
BRCC,2022-02-15,14.83,2022-04-19,2022-04-18,42,23.0,55.091031692515166,123.26000000000002,0.44694979468209606,2022-04-11,123.26
DQ,2022-02-03,35.72,2022-02-28,2022-02-25,15,42.92,20.156774916013443,101.88,0.1978482029447727,2022-06-27,101.88
NFE,2022-01-27,19.97,2022-02-28,2022-02-25,20,25.86,29.494241362043063,141.81,0.20798421382161386,2022-04-04,141.81
ENPH,2022-01-27,119.97,2022-02-08,2022-02-07,7,140.77,17.337667750270903,133.09,0.13027025133571946,2022-09-14,133.09
BKKT,2022-01-27,85.25,2022-05-12,2022-05-11,72,53.75,-36.950146627565985,123.46,-0.2992884061847237,2022-02-09,123.46
CELH,2022-01-27,13.5,2022-03-01,2022-02-28,21,21.296699999999998,57.75333333333332,110.13,0.5244105451133508,2022-07-21,110.13
CLF,2022-01-27,16.21,2022-02-11,2022-02-10,10,20.95,29.241209130166546,104.01,0.281138439863153,2022-03-28,104.01
CLSK,2022-01-27,5.58,2022-02-09,2022-02-08,8,7.52,34.76702508960572,100.54,0.34580291515422434,2022-03-09,100.54
CRK,2022-01-26,7.14,2022-02-15,2022-02-14,13,7.44,4.201680672268915,200.84,0.020920537105501468,2022-06-07,200.84
BBBY,2022-01-21,11.78,2022-02-23,2022-02-22,21,36.45,209.42275042444828,110.11,1.9019412444323702,2022-03-29,110.11
RRC,2022-01-21,17.62,2022-02-22,2022-02-18,20,20.43,15.947786606129387,105.28,0.15147973600046913,2022-05-27,105.28
SQM,2021-12-20,47.38,2022-03-03,2022-03-02,49,65.86,39.00379907133811,139.19,0.2802198367076522,2022-05-27,139.19
KOS,2021-12-20,3.26,2022-02-28,2022-02-25,46,4.5,38.036809815950924,134.05,0.28375091246513184,2022-04-14,134.05
SOPA,2021-12-17,49.65,2022-03-30,2022-03-29,69,46.949999999999996,-5.438066465256808,392.75,-0.013846127218986143,2021-12-22,392.75
SM,2021-12-17,27.06,2022-02-24,2022-02-23,45,34.35,26.940133037694025,100.88999999999999,0.2670248095717517,2022-06-07,100.89
PBF,2021-12-16,11.28,2022-02-10,2022-02-09,37,19.82,75.70921985815605,104.95999999999998,0.7213149757827367,2022-03-25,104.96
VLO,2021-12-14,68.19,2022-01-27,2022-01-26,29,81.3,19.22569291684997,112.76000000000002,0.17050100139100713,2022-06-07,112.76
BTU,2021-12-14,9.12,2022-02-10,2022-02-09,39,13.59,49.01315789473686,106.13999999999999,0.4617783860442516,2022-02-23,106.14
NOG,2021-12-14,18.45,2022-02-24,2022-02-23,48,22.95,24.390243902439025,100.64999999999999,0.24232731149964257,2022-06-10,100.65
AR,2021-12-01,15.83,2022-02-16,2022-02-15,52,20.45,29.185091598231196,196.02,0.14888833587506986,2022-06-07,196.02
PTEN,2021-12-01,6.94,2022-02-10,2022-02-09,48,10.97,58.06916426512969,185.45,0.3131257172560242,2022-05-27,185.45
ATI,2021-12-01,14.06,2022-02-02,2022-02-01,42,18.81,33.783783783783775,115.72,0.29194420829401807,2022-04-14,115.72
EQT,2021-12-01,18.36,2022-02-09,2022-02-08,47,21.18,15.35947712418302,103.27,0.14873125907023355,2022-04-06,103.27
HP,2021-12-01,21.28,2022-01-31,2022-01-28,40,28.44,33.64661654135339,101.17,0.3325750374750755,2022-03-10,101.17
LBRT,2021-12-01,8.75,2022-02-08,2022-02-07,46,12.32,40.80000000000001,100.57000000000001,0.40568758078949996,2022-04-18,100.57
ZIM,2021-10-14,43.31,2021-11-17,2021-11-16,23,50.1,15.677672592934645,104.62,0.14985349448417745,2022-03-16,104.62
IONQ,2021-10-06,7.25,2021-11-15,2021-11-12,27,20.15,177.93103448275863,327.59,0.5431516056129877,2021-11-17,327.59
BE,2021-10-04,16.91,2021-11-04,2021-11-03,22,31.97,89.05972797161441,110.28999999999999,0.8075050137964858,2021-11-08,110.29
TRUP,2021-10-04,76.95,2021-11-03,2021-11-02,21,102.18,32.78752436647174,101.95999999999998,0.321572424151351,2021-12-07,101.96
GFI,2021-09-29,7.75,2022-03-30,2022-03-29,125,15.31,97.5483870967742,115.60999999999999,0.843771188450603,2022-03-10,115.61
FLR,2021-09-22,14.8,2021-11-05,2021-11-04,31,20.29,37.09459459459459,100.95,0.36745512228424554,2022-03-23,100.95
EVGO,2021-09-20,7.28,2021-11-12,2021-11-11,38,19.23,164.14835164835165,164.15,0.9999899582598334,2021-11-11,164.15
MOS,2021-09-20,32.16,2021-11-01,2021-10-29,29,41.57,29.259950248756226,112.20000000000002,0.2607838703097703,2022-03-25,112.2
MUR,2021-09-20,19.93,2021-11-04,2021-11-03,32,27.9,39.98996487706974,106.02000000000001,0.3771926511702484,2022-03-21,106.02
OXY,2021-09-08,24.91,2021-11-04,2021-11-03,40,33.85,35.889201124046565,162.64,0.22066650961661688,2022-05-27,162.64
CF,2021-09-08,44.59,2021-11-03,2021-11-02,39,56.41,26.508185691859154,114.21,0.2321003913130125,2022-03-10,114.21
LCID,2021-09-01,177.9,2021-11-15,2021-11-12,51,439.3,146.93648116919618,107.93000000000002,1.361405366155806,2021-10-29,107.93
RKLB,2021-08-26,9.96,2021-11-15,2021-11-12,55,14.37,44.27710843373491,108.03,0.4098593764115052,2021-09-09,108.03
SM,2021-08-20,15.26,2021-10-28,2021-10-27,47,32.26,111.40235910878111,100.72000000000001,1.1060599593802731,2021-10-11,100.72
F,2021-08-20,12.57,2021-10-27,2021-10-26,46,15.94,26.80986475735878,100.4,0.26703052547170103,2022-01-14,100.4
IRTC,2021-08-19,41.91,2021-11-04,2021-11-03,53,122.12,191.3863039847292,241.49000000000004,0.7925226882468392,2022-01-13,241.49
PBF,2021-08-19,7.44,2021-10-28,2021-10-27,48,14.7,97.5806451612903,115.05000000000001,0.8481585846265997,2021-10-25,115.05
AXSM,2021-08-19,19.91,2021-11-08,2021-11-05,55,40.2,101.90858864892016,111.79999999999998,0.911525837646871,2021-10-13,111.8
QS,2021-08-19,19.3,2021-10-26,2021-10-25,46,25.53,32.27979274611399,110.26,0.2927606815355885,2021-11-15,110.26
APA,2021-08-19,16.0,2021-11-03,2021-11-02,52,27.29,70.5625,108.06,0.6529937071997038,2022-01-14,108.06
AA,2021-08-19,36.92,2021-10-14,2021-10-13,38,48.4,31.09425785482123,107.37,0.2895991231705432,2022-02-18,107.37
CLSK,2021-08-19,10.72,2021-12-14,2021-12-13,80,12.24,14.179104477611926,106.25,0.13345039508340636,2021-11-02,106.25
AMTX,2021-08-19,8.32,2021-11-11,2021-11-10,58,20.13,141.9471153846154,104.32999999999998,1.360558951256737,2021-09-27,104.33
CENX,2021-08-19,10.58,2021-11-03,2021-11-02,52,13.19,24.669187145557657,101.23,0.2436944299669827,2022-02-16,101.23
CVE,2021-08-19,7.4,2021-11-03,2021-11-02,52,12.0,62.16216216216215,100.95,0.6157717896202293,2022-01-18,100.95
APP,2021-08-16,55.88,2021-11-10,2021-11-09,60,103.57,85.34359341445953,105.52999999999999,0.8087140473273907,2021-11-11,105.53
ARRY,2021-08-02,12.96,2021-08-11,2021-08-10,6,15.18,17.129629629629626,109.03,0.1571093243110119,2021-11-15,109.03
NUVL,2021-07-30,18.25,2021-09-08,2021-09-07,26,38.35,110.13698630136987,110.13999999999999,0.9999726375646439,2021-09-07,110.14
YMM,2021-07-27,8.7,2021-08-10,2021-08-09,9,13.24,52.183908045977034,110.46000000000001,0.4724235745607191,2021-09-03,110.46
BTBT,2021-07-23,4.23,2021-12-23,2021-12-22,106,6.77,60.047281323877044,109.69,0.5474271248416177,2021-07-26,109.69
RSI,2021-07-23,9.7,2021-08-12,2021-08-11,13,13.32,37.319587628866,103.08999999999999,0.36200977426390535,2021-09-23,103.09
CAR,2021-07-19,68.74,2021-08-03,2021-08-02,10,85.94,25.021821355833573,419.6000000000001,0.059632558045361224,2021-11-02,419.6
TASK,2021-07-19,27.42,2021-08-10,2021-08-09,15,30.99,13.01969365426694,204.55999999999997,0.06364730961217706,2021-09-23,204.56
MARA,2021-07-19,22.35,2021-08-13,2021-08-12,18,33.84,51.40939597315437,144.65,0.3554054336201477,2021-11-19,144.65
BLDR,2021-07-19,40.47,2021-08-05,2021-08-04,12,45.95,13.540894489745492,111.79,0.12112795858078085,2021-12-31,111.79
ON,2021-07-19,34.79,2021-08-02,2021-07-30,9,39.06,12.273641851106643,100.57000000000001,0.12204078603069148,2021-12-27,100.57
M,2021-07-19,16.11,2021-08-19,2021-08-18,22,18.07,12.166356300434522,100.42999999999999,0.12114264961101785,2021-11-16,100.43
DVN,2021-07-19,24.93,2021-08-03,2021-08-02,10,25.49,2.2462896109105346,100.16000000000001,0.022427012888483772,2022-01-12,100.16
DOCS,2021-07-06,46.82,2021-08-10,2021-08-09,24,53.55,14.374199060230675,117.9,0.1219185670927114,2021-09-10,117.9
RBC,2021-06-18,125.86,2021-08-05,2021-08-04,32,230.17,82.8778007309709,101.64,0.8154053594152982,2022-10-28,101.64
DLO,2021-06-11,31.0,2021-08-18,2021-08-17,46,48.51,56.48387096774192,122.58,0.460791898904731,2021-08-24,122.58
BTU,2021-05-25,5.37,2021-07-29,2021-07-28,44,10.77,100.5586592178771,128.12,0.7848787013571424,2021-11-08,128.12
TSLA,2021-05-19,187.82,2021-07-26,2021-07-23,45,214.45999999999998,14.183792993291444,118.28,0.11991708651751305,2021-11-04,118.28
TTD,2021-05-18,50.85,2021-08-09,2021-08-06,56,84.04,65.27040314650935,119.29,0.5471573740171796,2021-11-16,119.29
GLBE,2021-05-18,26.8,2021-08-16,2021-08-13,61,70.05,161.38059701492534,103.51000000000002,1.5590821854402988,2021-11-19,103.51
CLOV,2021-05-17,6.82,2021-08-11,2021-08-10,59,8.41,23.31378299120235,224.77999999999997,0.1037182266714225,2021-06-08,224.78
EH,2021-05-14,21.09,2022-12-02,2022-12-01,391,4.76,-77.43006164058795,110.18999999999998,-0.7026959038078588,2021-06-28,110.19
SITM,2021-05-13,79.48,2021-08-04,2021-08-03,56,137.63,73.16305988928032,202.98,0.36044467380668205,2021-12-08,202.98
NTLA,2021-05-13,60.88,2021-08-05,2021-08-04,57,146.94,141.36005256241785,164.14,0.8612163553211762,2021-09-09,164.14
AVIR,2021-05-13,19.22,2021-08-12,2021-08-11,62,33.01,71.74817898022894,132.0,0.5435468104562798,2021-10-04,132.0
AVXL,2021-05-13,10.16,2021-08-12,2021-08-11,62,18.0,77.16535433070865,129.43,0.5961937288936774,2021-11-08,129.43
WKHS,2021-05-13,22440.0,2021-08-09,2021-08-06,59,30300.0,35.02673796791444,125.94000000000001,0.2781224231214423,2021-06-09,125.94
ARCT,2021-05-13,25.79,2021-08-09,2021-08-06,59,49.3,91.15936409461031,125.86,0.7242917852741961,2021-08-03,125.86
U,2021-05-13,80.91,2021-08-10,2021-08-09,60,110.25,36.262513904338164,116.03000000000002,0.31252705252381424,2021-11-18,116.03
ZS,2021-05-13,160.92,2021-05-25,2021-05-24,7,174.4,8.376833209047984,113.49000000000001,0.07381120106659604,2021-11-19,113.49
NVDA,2021-05-13,13.67,2021-05-26,2021-05-25,8,15.64775,14.46781272860278,112.97,0.1280677412463732,2021-11-19,112.97
NVAX,2021-05-13,121.0,2021-08-05,2021-08-04,57,223.81,84.96694214876032,112.62,0.7544569539048155,2021-08-13,112.62
ENPH,2021-05-13,114.61,2021-07-27,2021-07-26,50,176.68,54.157577872785964,112.48,0.48148628976516683,2021-11-12,112.48
DOCN,2021-05-13,35.43,2021-08-05,2021-08-04,57,58.8,65.961049957663,107.34000000000002,0.6145057756443355,2021-09-03,107.34
MDB,2021-05-13,244.74,2021-06-03,2021-06-02,13,287.6,17.51246220478877,107.33,0.16316465298414956,2021-09-03,107.33
PERI,2021-05-13,14.11,2021-08-03,2021-08-02,55,18.59,31.75053153791638,106.08999999999999,0.2992792114046223,2021-10-26,106.09
AFRM,2021-05-13,48.37,2021-09-09,2021-09-08,81,87.54,80.97994624767419,105.89,0.7647553711178978,2021-08-30,105.89
AMRC,2021-05-13,47.45,2021-08-02,2021-07-30,54,68.53,44.425711275026345,105.47999999999999,0.4211766332482589,2021-11-05,105.48
AMD,2021-05-13,73.09,2021-07-27,2021-07-26,50,91.82,25.625940621151997,105.45,0.24301508412661924,2021-11-08,105.45
XPEV,2021-05-13,23.56,2021-08-26,2021-08-25,72,40.87,73.47198641765704,104.12000000000002,0.7056471995549081,2021-10-25,104.12
SPCE,2021-05-13,310.0,2021-08-05,2021-08-04,57,615.6,98.58064516129032,101.48000000000002,0.9714292980024666,2021-05-28,101.48
SNOW,2021-05-13,188.24,2021-05-26,2021-05-25,8,229.96,22.163195920101984,100.12,0.22136631961747885,2021-11-09,100.12
EOSE,2021-05-13,10.6,2021-08-11,2021-08-10,61,15.55,46.69811320754717,100.09000000000002,0.4665612269711976,2021-05-27,100.09
LC,2021-05-12,12.1,2021-07-28,2021-07-27,52,15.94,31.735537190082642,293.47,0.1081389484106813,2021-11-01,293.47
SYNA,2021-05-12,117.08,2021-08-05,2021-08-04,58,145.68,24.42774171506663,114.12,0.21405311702652147,2021-12-07,114.12
MXL,2021-05-12,31.96,2021-07-28,2021-07-27,52,41.37,29.44305381727157,108.98,0.27016933214600447,2021-11-16,108.98
AMBA,2021-05-12,84.23,2021-06-01,2021-05-28,12,100.38,19.173691083936827,100.29999999999998,0.19116342057763538,2021-09-23,100.3
AUPH,2021-05-10,10.0,2021-08-05,2021-08-04,60,11.47,14.700000000000003,114.99999999999999,0.12782608695652176,2021-09-14,115.0
EDIT,2021-05-10,31.29,2021-08-04,2021-08-03,59,42.11,34.579737935442644,108.85000000000001,0.31768247988463616,2021-08-12,108.85
PLUG,2021-05-10,20.07,2021-06-22,2021-06-21,29,29.85,48.729446935724965,107.52,0.4532128621254182,2021-11-01,107.52
LI,2021-05-10,17.01,2021-05-26,2021-05-25,11,19.99,17.519106407995277,105.41,0.16619966234698108,2021-06-30,105.41
JKS,2021-05-10,30.26,2021-06-25,2021-06-24,32,37.86,25.11566424322538,104.56,0.24020336881432072,2021-07-12,104.56
BILL,2021-05-06,130.33,2021-08-26,2021-08-25,77,219.41,68.34957415790683,128.29,0.5327739820555526,2021-09-08,128.29
DDOG,2021-05-06,71.36,2021-08-05,2021-08-04,62,114.93,61.056614349775806,101.99000000000001,0.5986529497968017,2021-09-16,101.99
AHT,2021-04-23,188.0,2021-05-04,2021-05-03,6,336.0,78.72340425531914,254.79,0.3089736812878023,2021-06-09,254.79
GSAT,2021-04-20,13.04,2021-05-06,2021-05-05,11,18.0,38.036809815950924,209.48,0.1815772857358742,2021-09-08,209.48
ATOS,2021-04-19,22.8,2021-05-14,2021-05-13,18,35.4,55.263157894736835,178.95,0.30881898795605944,2021-07-21,178.95
MRNA,2021-04-05,129.91,2021-05-06,2021-05-05,22,162.84,25.348318066353627,196.25,0.1291634041597637,2021-09-30,196.25
TEAM,2021-03-30,204.43,2021-04-29,2021-04-28,20,235.96,15.423372303477967,102.47999999999999,0.1505012910175446,2021-09-24,102.48
ASAN,2021-03-29,26.16,2021-06-03,2021-06-02,45,36.86,40.90214067278286,406.86,0.10053124090051335,2021-11-09,406.86
LSPD,2021-03-08,54.09,2021-05-20,2021-05-19,51,57.44,6.19338140136807,123.36,0.05020575065959849,2021-09-22,123.36
NET,2021-03-08,61.77,2021-05-06,2021-05-05,41,79.02,27.926177756192306,103.12,0.27081242975361036,2021-08-10,103.12
INMD,2021-03-08,32.12,2021-05-05,2021-05-04,40,42.07,30.977584059775843,102.88,0.3011040441269036,2021-09-07,102.88
SWBI,2021-03-04,15.79,2021-06-17,2021-06-16,72,20.55,30.145661811272962,124.19,0.24273823827420052,2021-07-01,124.19
GLSI,2021-03-04,22.37,2021-03-31,2021-03-30,18,32.9,47.07197139025479,111.44000000000001,0.42239744607192015,2021-06-29,111.44
OCGN,2021-02-04,3.25,2021-03-18,2021-03-17,28,9.55,193.84615384615387,130.46,1.485866578615314,2021-08-05,130.46
ZIM,2021-01-29,12.05,2021-03-22,2021-03-19,34,28.25,134.43983402489624,162.67,0.8264574538937496,2021-09-16,162.67
AA,2021-01-29,18.0,2021-04-15,2021-04-14,51,33.39,85.5,102.78,0.8318739054290718,2021-05-24,102.78
SLS,2021-01-28,5.5,2021-03-23,2021-03-22,36,10.27,86.72727272727272,149.27,0.581009397248427,2021-06-28,149.27
CROX,2021-01-27,65.8,2021-02-23,2021-02-22,17,83.14,26.352583586626153,100.49999999999999,0.26221476205598165,2021-07-22,100.5
PBF,2021-01-08,6.58,2021-02-11,2021-02-10,22,9.54,44.98480243161094,179.33,0.25084928585072735,2021-06-02,179.33
AMC,2021-01-05,19.8,2021-03-10,2021-03-09,43,105.0,430.30303030303025,3059.09,0.14066373670046656,2021-06-02,3059.09
SM,2021-01-05,7.64,2021-02-17,2021-02-16,28,13.94,82.4607329842932,185.84,0.44371896784488374,2021-07-09,185.84
SKLZ,2021-01-04,364.0,2021-03-10,2021-03-09,44,507.2,39.340659340659336,140.22,0.2805638235676746,2021-02-05,140.22
IBIO,2020-12-31,525.0,2021-02-16,2021-02-12,29,1210.0,130.47619047619045,149.52,0.8726336976738259,2021-02-09,149.52
SPT,2020-12-31,45.41,2021-02-23,2021-02-22,34,70.19,54.569478088526765,103.28,0.5283644276580826,2021-06-24,103.28
BNGO,2020-12-30,1260.0,2021-03-23,2021-03-22,55,5430.0,330.9523809523809,224.76,1.4724701056788616,2021-07-01,224.76
RRC,2020-12-29,6.24,2021-02-23,2021-02-22,36,10.3,65.06410256410258,125.27,0.5193909360908644,2021-07-09,125.27
GEVO,2020-12-24,3.7,2021-03-17,2021-03-16,54,9.2,148.6486486486486,111.08,1.338212537348295,2021-06-28,111.08
MTDR,2020-12-22,11.86,2021-02-23,2021-02-22,40,20.26,70.82630691399665,208.5,0.3396945175731254,2021-06-25,208.5
DVN,2020-12-22,14.83,2021-02-16,2021-02-12,35,19.98,34.726904922454494,108.5,0.3200636398382903,2021-06-07,108.5
FANG,2020-12-22,44.05,2021-02-22,2021-02-19,39,65.57,48.85357548240634,103.49999999999999,0.47201522205223523,2021-06-08,103.5
MVIS,2020-12-18,5.05,2021-03-11,2021-03-10,54,14.35,184.15841584158414,252.98,0.7279564228064833,2021-06-29,252.98
SNDL,2020-12-18,4.36,2021-03-18,2021-03-17,59,15.4,253.21100917431193,195.87,1.2927503404008367,2021-06-03,195.87
UPST,2020-12-17,35.77,2021-03-17,2021-03-16,59,60.05,67.87811014816883,364.01,0.186473201692725,2021-10-15,364.01
PUBM,2020-12-15,23.25,2021-02-23,2021-02-22,45,47.25,103.2258064516129,138.58,0.7448824249647343,2021-02-05,138.58
MSTR,2020-12-14,27.95,2021-01-28,2021-01-27,29,54.010000000000005,93.23792486583187,117.08000000000001,0.7963608205144505,2021-06-18,117.08
HYFM,2020-12-14,433.7,2021-03-30,2021-03-29,71,519.0,19.667973253400973,114.9,0.17117470194430784,2021-02-16,114.9
DDD,2020-12-11,9.9,2021-03-02,2021-03-01,52,38.79,291.8181818181818,294.68,0.9902883867862827,2021-06-28,294.68
QS,2020-12-01,35.42,2021-02-16,2021-02-12,50,54.64,54.26312817617165,116.29,0.46661904012530436,2020-12-10,116.29
CELH,2020-11-25,10.15,2021-03-11,2021-03-10,70,20.1833,98.8502463054187,130.17,0.759393457059374,2021-06-07,130.17
TLRY,2020-11-23,66.8,2021-07-28,2021-07-27,168,127.30000000000001,90.56886227544913,190.77,0.474754218563973,2021-06-09,190.77
GME,2020-11-19,3.12,2020-12-08,2020-12-07,11,4.0875,31.009615384615397,2278.62,0.013608945495350432,2021-06-09,2278.62
MARA,2020-11-19,3.09,2021-03-16,2021-03-15,77,43.1,1294.822006472492,205.46,6.3020636935291146,2021-06-29,205.46
MGNI,2020-11-19,14.17,2021-02-24,2021-02-23,63,52.72,272.0536344389555,114.11,2.384134908763084,2021-05-24,114.11
FOXF,2020-11-19,80.05,2021-02-25,2021-02-24,64,141.75,77.07682698313553,105.86,0.7281015207173204,2021-04-26,105.86
API,2020-11-18,35.13,2021-02-22,2021-02-19,62,98.08,179.19157415314544,202.13,0.8865164703564311,2021-02-12,202.13
THC,2020-11-12,29.95,2021-02-09,2021-02-08,58,52.31,74.65776293823039,117.5,0.6353852164955778,2021-05-17,117.5
NVAX,2020-11-10,78.74,2021-03-01,2021-02-26,73,231.23,193.66268732537466,306.31,0.6322440903835156,2021-02-08,306.31
EQ,2020-11-10,3.48,2021-03-24,2021-03-23,90,7.5,115.51724137931036,201.72,0.5726613195484354,2021-02-12,201.72
DOMO,2020-11-10,31.74,2020-12-03,2020-12-02,15,36.91,16.288594833018276,123.79,0.13158247704191192,2021-02-11,123.79
FLGT,2020-11-09,31.01,2021-03-04,2021-03-03,77,92.79,199.22605611093198,254.01,0.7843236727330892,2021-03-22,254.01
ARCT,2020-11-09,34.61,2021-03-01,2021-02-26,74,52.67,52.18145044784745,242.27000000000004,0.21538552213582965,2020-12-22,242.27
ALT,2020-11-09,7.84,2021-02-25,2021-02-24,72,19.58,149.74489795918365,115.7,1.294251494893549,2021-01-25,115.7
MUR,2020-11-06,7.04,2021-01-28,2021-01-27,54,14.0,98.86363636363636,121.16,0.8159758696239382,2021-01-14,121.16
LPLA,2020-11-06,76.15,2021-02-04,2021-02-03,59,115.85,52.133946158896904,105.78,0.4928525823302789,2021-04-30,105.78
MTDR,2020-11-06,6.48,2021-02-23,2021-02-22,71,20.26,212.6543209876543,105.25,2.0204686079587106,2020-12-11,105.25
BOXL,2020-11-04,314.4,2020-11-16,2020-11-13,7,403.2,28.24427480916032,174.81,0.16157127629517945,2021-02-16,174.81
CAR,2020-11-04,28.37,2021-02-16,2021-02-12,68,44.71,57.59605216778287,171.82,0.3352115712244376,2021-06-11,171.82
PACB,2020-11-04,12.4,2021-02-10,2021-02-09,65,39.54,218.87096774193546,171.29,1.2777801841434728,2021-04-27,171.29
CCJ,2020-11-04,9.07,2021-02-10,2021-02-09,65,15.14,66.92392502756339,112.57,0.5945094166080074,2021-03-17,112.57
NUE,2020-11-04,46.95,2021-01-28,2021-01-27,56,51.33,9.329073482428107,110.62,0.0843344194759366,2021-05-11,110.62
CF,2020-11-04,26.66,2021-02-17,2021-02-16,69,45.24,69.69242310577646,106.67999999999999,0.6532848060159023,2021-05-07,106.68
TPR,2020-11-04,23.84,2021-02-04,2021-02-03,61,34.6,45.134228187919476,106.04,0.4256339889468076,2021-05-07,106.04
STLD,2020-11-04,30.76,2021-01-25,2021-01-22,53,38.7,25.812743823146956,105.98,0.2435624063327699,2021-05-07,105.98
PLAY,2020-11-02,16.71,2020-12-10,2020-12-09,26,25.63,53.38120885697186,181.21,0.29458202558894026,2021-04-27,181.21
DDS,2020-11-02,44.18,2020-11-12,2020-11-11,7,46.02,4.16478044363966,134.02,0.031075812890909264,2021-09-23,134.02
AMC,2020-11-02,21.5,2021-03-10,2021-03-09,86,105.0,388.3720930232558,113.01999999999998,3.4363129802093066,2020-11-24,113.02
NOK,2020-11-02,3.27,2021-02-04,2021-02-03,63,4.7,43.73088685015291,100.31000000000002,0.43595740055979376,2021-01-27,100.31
BE,2020-10-30,12.64,2021-02-10,2021-02-09,68,41.82,230.85443037974684,230.85,1.000019191595178,2021-02-09,230.85
SBH,2020-10-30,8.37,2020-11-12,2020-11-11,8,10.82,29.271206690561534,178.22,0.16424198569499235,2021-05-07,178.22
RKT,2020-10-30,18.23,2020-11-10,2020-11-09,6,21.45,17.6631925397696,128.2,0.13777841294672077,2021-03-02,128.2
REAL,2020-10-30,12.59,2020-11-09,2020-11-06,5,15.62,24.066719618745026,122.8,0.19598305878456862,2021-01-20,122.8
AYI,2020-10-30,89.14,2021-01-07,2021-01-06,45,128.3,43.93089522100069,115.06999999999998,0.3817753995046554,2021-04-29,115.07
UNFI,2020-10-30,14.57,2020-12-09,2020-12-08,26,18.8,29.032258064516125,114.89,0.25269612729146246,2021-01-26,114.89
NAVI,2020-10-30,8.01,2021-01-26,2021-01-25,57,11.32,41.323345817727855,112.05000000000001,0.36879380470975326,2021-04-29,112.05
COP,2020-10-30,28.62,2021-02-02,2021-02-01,62,40.71,42.24318658280923,109.05,0.387374475770832,2021-03-11,109.05
ABG,2020-10-30,102.98,2021-02-02,2021-02-01,62,151.32,46.94115362206253,108.94,0.43088997266442564,2021-04-15,108.94
CVE,2020-10-30,3.28,2021-02-09,2021-02-08,67,6.46,96.95121951219514,107.62,0.9008661913417129,2021-01-07,107.62
IVZ,2020-10-30,13.11,2021-01-26,2021-01-25,57,21.04,60.488176964149496,104.65,0.5780045577080698,2021-04-15,104.65
RL,2020-10-30,66.85,2021-02-04,2021-02-03,64,105.19,57.352281226626786,103.90000000000002,0.5519950069935206,2021-05-03,103.9
WFC,2020-10-29,21.14,2021-01-15,2021-01-14,52,34.75,64.38032166508987,113.12,0.5691329708724352,2021-05-06,113.12
LMND,2020-10-29,46.9,2020-11-10,2020-11-09,7,65.62,39.91471215351814,112.57999999999998,0.3545453202479849,2020-12-10,112.58
STX,2020-10-29,47.66,2021-01-21,2021-01-20,55,61.42,28.87117079311794,103.17,0.2798407559670247,2021-04-29,103.17
CLSK,2020-10-28,7.21,2020-12-17,2020-12-16,34,16.53,129.26490984743415,428.43,0.3017176898149853,2021-02-18,428.43
BNTX,2020-10-28,77.54,2020-11-10,2020-11-09,8,104.8,35.156048491101345,395.33,0.08892835982875406,2021-08-09,395.33
MAC,2020-10-28,6.53,2020-11-05,2020-11-04,5,7.23,10.719754977029105,242.73,0.044163288332835275,2021-01-27,242.73
TRIP,2020-10-28,18.72,2020-11-05,2020-11-04,5,19.72,5.341880341880345,226.01,0.02363559285819364,2021-03-17,226.01
ACB,2020-10-28,38.3,2020-11-09,2020-11-06,7,97.89999999999999,155.61357702349866,192.69,0.8075851213010465,2020-11-09,192.69
CCL,2020-10-28,12.3,2021-01-26,2021-01-25,59,19.22,56.26016260162601,142.2,0.39564108721255986,2021-03-15,142.2
FTI,2020-10-28,5.34,2021-02-24,2021-02-23,79,7.14,33.70786516853932,140.26,0.24032414921245773,2021-01-12,140.26
OXY,2020-10-28,8.88,2020-11-09,2020-11-06,7,10.01,12.725225225225213,139.98,0.09090745267341915,2020-12-10,139.98
OVV,2020-10-28,8.58,2021-02-17,2021-02-16,74,22.7,164.56876456876458,129.39,1.2718816335788283,2021-07-01,129.39
LYFT,2020-10-28,22.23,2020-11-10,2020-11-09,8,37.69,69.54565901934322,127.98,0.5434103689587687,2021-01-12,127.98
VLO,2020-10-28,36.19,2021-01-28,2021-01-27,61,58.73,62.28239845261121,127.91,0.48692360607154417,2021-03-11,127.91
AEO,2020-10-28,13.61,2020-11-24,2020-11-23,18,18.18,33.57825128581926,124.98,0.26866899732612626,2021-03-15,124.98
WCC,2020-10-28,40.1,2020-11-05,2020-11-04,5,43.95,9.600997506234421,122.77,0.07820312377807624,2021-02-08,122.77
EOG,2020-10-28,32.51,2020-11-05,2020-11-04,5,36.04,10.858197477699182,122.61,0.08855882454693079,2021-02-24,122.61
BYD,2020-10-28,31.24,2021-02-16,2021-02-12,73,54.09,73.14340588988478,120.81,0.6054416512696364,2021-04-27,120.81
NOV,2020-10-28,8.01,2021-02-04,2021-02-03,66,13.62,70.0374531835206,115.86000000000001,0.6045007179658259,2021-03-05,115.86
APA,2020-10-28,7.79,2020-11-05,2020-11-04,5,8.99,15.404364569961482,111.81,0.13777269090386798,2020-12-10,111.81
NWSA,2020-10-28,12.97,2020-11-05,2020-11-04,5,13.54,4.394757131842697,110.49,0.03977515731598061,2021-03-19,110.49
KIM,2020-10-28,10.22,2020-11-05,2020-11-04,5,10.73,4.990215264187858,109.16,0.045714687286440625,2021-05-07,109.16
COF,2020-10-28,72.07,2021-01-26,2021-01-25,59,102.53,42.26446510337174,108.74999999999999,0.38863875957123445,2021-05-07,108.75
SU,2020-10-28,11.28,2021-02-03,2021-02-02,65,16.85,49.379432624113505,108.59999999999998,0.45469090814100843,2021-03-12,108.6
NCLH,2020-10-28,15.03,2020-11-09,2020-11-06,7,16.97,12.907518296739863,108.32,0.11916098870697805,2021-04-07,108.32
SLB,2020-10-28,14.18,2021-01-22,2021-01-21,57,24.19,70.59238363892808,107.4,0.6572847638633899,2021-02-24,107.4
SPG,2020-10-28,60.76,2020-11-09,2020-11-06,7,61.86,1.8104015799868423,102.98,0.01758012798588893,2021-04-29,102.98
WYNN,2020-10-28,69.01,2020-11-05,2020-11-04,5,76.12,10.302854658745098,102.58,0.10043726514666697,2021-03-15,102.58
AAL,2020-10-28,10.95,2021-01-28,2021-01-27,61,16.56,51.23287671232877,102.47,0.4999792789336271,2021-03-03,102.47
HXL,2020-10-28,31.71,2021-01-25,2021-01-22,58,48.34,52.44402396720278,102.32999999999998,0.5124990126766616,2021-03-17,102.33
FCNCA,2020-10-28,442.41,2021-04-28,2021-04-27,123,884.99,100.0384258945322,100.05999999999999,0.9997843883123346,2021-04-23,100.06
VALE,2020-10-28,10.53,2021-02-25,2021-02-24,80,18.05,71.4150047483381,100.0,0.7141500474833811,2021-04-29,100.0
HPQ,2020-10-28,17.35,2020-11-24,2020-11-23,18,21.19,22.13256484149855,100.0,0.22132564841498548,2021-04-29,100.0
LGND,2020-10-21,80.55,2020-10-30,2020-10-29,6,51.821584529008106,-35.66532026193904,167.95,-0.21235677440868733,2021-02-09,167.95
TME,2020-10-20,14.01,2020-11-10,2020-11-09,14,15.12,7.922912205567445,102.0,0.07767560985850436,2021-02-16,102.0
PRAX,2020-10-19,408.75,2020-11-23,2020-11-20,24,518.55,26.862385321100902,104.84,0.2562226757067999,2020-12-28,104.84
EPR,2020-10-16,21.55,2020-11-04,2020-11-03,12,25.19,16.890951276102093,134.29,0.12577966547101121,2021-03-15,134.29
CNK,2020-10-16,7.86,2020-11-05,2020-11-04,13,8.54,8.651399491094125,115.65,0.07480674008728166,2020-11-24,115.65
EXPE,2020-10-15,90.23,2020-11-04,2020-11-03,13,98.8,9.497949684140528,105.32999999999998,0.09017326197797901,2021-03-17,105.33
FUBO,2020-10-14,111.84,2020-11-10,2020-11-09,18,175.8,57.18884120171674,565.24,0.10117621046231114,2020-12-22,565.24
STTK,2020-10-12,19.0,2020-11-13,2020-11-12,23,28.74,51.263157894736835,112.68,0.45494460325467545,2020-12-10,112.68
RIOT,2020-10-09,3.1,2020-11-09,2020-11-06,20,3.65,17.741935483870954,1814.7000000000003,0.009776787063355347,2021-04-13,1814.7
CCCC,2020-10-09,22.8,2020-11-12,2020-11-11,23,26.81,17.58771929824561,103.95,0.16919402884315157,2021-02-10,103.95
ALGT,2020-10-06,112.73,2020-10-28,2020-10-27,15,132.29,17.351193116295562,138.45,0.12532461622459778,2021-03-15,138.45
AG,2020-10-06,9.43,2020-11-05,2020-11-04,21,10.46,10.92258748674444,134.57,0.08116658606483199,2021-02-01,134.57
WIMI,2020-10-06,50.3,2026-04-22,2026-04-21,1390,1.95,-96.12326043737575,100.6,-0.9554996067333573,2021-01-26,100.6
FCEL,2020-10-05,56.7,2021-01-21,2021-01-20,73,502.80000000000007,786.7724867724869,1379.37,0.5703853837422062,2021-02-09,1379.37
FUTU,2020-10-05,27.52,2020-11-19,2020-11-18,32,43.0,56.25,594.04,0.0946905932260454,2021-02-16,594.04
YALA,2020-10-05,6.6,2021-03-15,2021-03-12,109,23.91,262.2727272727273,515.45,0.5088228291254773,2021-02-11,515.45
PLTR,2020-10-05,9.03,2020-11-12,2020-11-11,27,15.96,76.74418604651166,331.89,0.2312338004956813,2021-01-27,331.89
AR,2020-10-05,3.04,2020-10-28,2020-10-27,16,3.66,20.394736842105267,154.52,0.1319876834203033,2021-07-09,154.52
VIPS,2020-10-05,14.98,2020-11-13,2020-11-12,28,22.15,47.863818424566084,100.33000000000001,0.47706387346323215,2021-01-08,100.33
BB,2020-10-02,4.44,2020-12-17,2020-12-16,52,8.24,85.58558558558558,465.32,0.18392844834863228,2021-01-27,465.32
BCRX,2020-10-02,3.37,2020-11-05,2020-11-04,23,4.27,26.706231454005923,235.74,0.11328680518370206,2021-06-07,235.74
FATE,2020-10-02,38.09,2020-11-05,2020-11-04,23,49.82,30.795484379102113,119.63999999999999,0.2574012402131571,2021-04-05,119.64
CGC,2020-10-02,140.5,2020-11-09,2020-11-06,25,235.0,67.25978647686833,106.41000000000001,0.6320814441957365,2020-11-27,106.41
NBR,2020-10-01,23.34,2020-11-03,2020-11-02,22,30.12,29.04884318766068,459.08,0.0632762115266635,2021-03-08,459.08
CNQ,2020-10-01,7.77,2020-11-05,2020-11-04,24,8.202742409402546,5.56940037841116,108.56000000000002,0.05130250901263043,2021-03-15,108.56
TRGP,2020-10-01,13.58,2020-11-05,2020-11-04,24,16.72,23.122238586156097,108.25,0.2136003564540979,2020-12-16,108.25
HAL,2020-10-01,11.17,2020-10-19,2020-10-16,11,12.25,9.668755595344681,106.0,0.09121467542778,2021-03-01,106.0
HP,2020-10-01,13.48,2020-11-19,2020-11-18,34,19.77,46.66172106824924,104.23,0.447680332612964,2021-01-14,104.23
FHB,2020-10-01,14.42,2020-10-23,2020-10-22,15,16.77,16.296809986130366,103.32999999999998,0.15771615199971323,2021-02-24,103.33
RVLV,2020-09-30,16.43,2020-11-11,2020-11-10,29,21.84,32.92757151552039,132.27,0.24894209961079902,2021-07-02,132.27
NNOX,2020-09-30,23.52,2020-11-09,2020-11-06,27,34.07,44.85544217687074,128.1,0.3501595798350566,2021-02-24,128.1
SHAK,2020-09-30,64.48,2020-10-29,2020-10-28,20,66.18,2.636476426799006,101.12,0.02607274947388257,2021-03-15,101.12
KSS,2020-09-29,18.41,2020-11-17,2020-11-16,34,26.15,42.04236827810972,182.45,0.23043227337960934,2021-05-17,182.45
BHC,2020-09-29,14.88,2020-11-03,2020-11-02,24,17.34,16.532258064516125,131.05,0.12615229351023366,2021-03-11,131.05
M,2020-09-29,5.67,2020-11-19,2020-11-18,36,8.99,58.553791887125215,106.69999999999999,0.54877030822048,2020-12-04,106.7
ESI,2020-09-29,10.31,2020-10-27,2020-10-26,19,12.23,18.622696411251205,101.55000000000001,0.1833845042959252,2021-03-12,101.55
CRON,2020-09-28,4.96,2020-11-05,2020-11-04,27,5.54,11.693548387096776,127.02,0.09206068640447784,2021-01-14,127.02
KC,2020-09-25,28.57,2020-11-18,2020-11-17,37,37.31,30.591529576478838,152.22,0.2009691865489347,2021-02-11,152.22
CAKE,2020-09-25,26.76,2020-10-29,2020-10-28,23,29.05,8.55754857997011,133.48,0.06411109214841257,2021-03-15,133.48
GT,2020-09-25,7.42,2020-10-30,2020-10-29,24,9.93,33.82749326145553,124.54,0.27161950587325784,2021-05-07,124.54
F,2020-09-25,6.51,2020-10-28,2020-10-27,22,7.92,21.658986175115214,105.37999999999998,0.20553222789063597,2021-03-12,105.38
WAL,2020-09-24,30.82,2020-10-22,2020-10-21,19,38.78,25.827384815055154,179.34,0.14401352077091087,2021-04-27,179.34
AMRN,2020-09-24,72.8,2020-11-05,2020-11-04,29,99.80000000000001,37.08791208791211,141.76,0.26162466201969603,2021-02-03,141.76
IAC,2020-09-24,113.4,2020-11-05,2020-11-04,29,71.48950663070906,-36.95810702759342,132.18,-0.2796043805991332,2021-02-17,132.18
LNC,2020-09-24,30.14,2020-11-04,2020-11-03,28,37.39,24.054412740544116,113.87,0.21124451339724348,2021-03-18,113.87
OZK,2020-09-24,20.4,2020-10-22,2020-10-21,19,22.95,12.5,110.93000000000002,0.11268367438925447,2021-02-24,110.93
BPOP,2020-09-24,35.0,2020-10-28,2020-10-27,23,39.26,12.171428571428567,110.06,0.11058902936060845,2021-03-15,110.06
SABR,2020-09-24,5.67,2020-11-06,2020-11-05,30,7.515,32.53968253968254,106.35,0.3059678659114484,2020-11-27,106.35
SDGR,2020-09-24,46.87,2020-11-12,2020-11-11,34,51.43,9.72903776402816,106.04,0.09174875296141229,2021-01-20,106.04
XPEV,2020-09-24,17.45,2020-11-12,2020-11-11,34,33.53,92.14899713467051,105.44,0.8739472414137947,2020-11-05,105.44
CRSR,2020-09-24,15.58,2020-11-10,2020-11-09,32,26.32,68.93453145057767,105.2,0.6552712115073922,2021-03-26,105.2
FHN,2020-09-24,8.66,2020-10-23,2020-10-22,20,11.45,32.21709006928406,104.39,0.3086223782860816,2021-03-15,104.39
WTFC,2020-09-24,37.67,2020-10-21,2020-10-20,18,48.78,29.492965224316436,104.27,0.28285187709136317,2021-02-25,104.27
BCO,2020-09-24,39.7,2020-10-29,2020-10-28,24,43.91,10.604534005037758,103.68000000000002,0.10228138507945367,2021-02-23,103.68
OKE,2020-09-24,24.48,2020-10-27,2020-10-26,22,29.51,20.547385620915026,102.49,0.20048185794628773,2021-03-05,102.49
VNET,2020-09-24,19.94,2020-11-24,2020-11-23,42,24.8,24.373119358074224,101.76,0.2395157169622074,2021-01-20,101.76
ALK,2020-09-24,35.7,2020-10-22,2020-10-21,19,39.69,11.176470588235276,101.62,0.10998298158074471,2021-03-15,101.62
ZION,2020-09-24,28.22,2020-10-19,2020-10-16,16,31.14,10.347271438695959,101.2,0.10224576520450553,2021-02-24,101.2
ALRM,2020-09-24,53.74,2020-11-05,2020-11-04,29,64.8,20.580573129884616,100.37,0.20504705718725333,2021-01-13,100.37
YELP,2020-09-24,19.22,2020-11-05,2020-11-04,29,20.97,9.105098855358996,100.36,0.09072438078277197,2021-02-09,100.36
JMIA,2020-09-23,7.26,2020-11-10,2020-11-09,33,16.0,120.38567493112949,802.34,0.15004321725344552,2021-02-10,802.34
COHR,2020-09-23,104.81,2020-11-05,2020-11-04,30,47.43,-54.74668447667208,127.8,-0.42837781280651077,2021-04-26,127.8
AMG,2020-09-23,63.38,2020-10-26,2020-10-23,22,79.4,25.276112338277066,124.41,0.20316785096276077,2021-05-06,124.41
GBCI,2020-09-23,30.26,2020-10-22,2020-10-21,20,35.26,16.523463317911414,119.76,0.13797147059044265,2021-03-12,119.76
WBS,2020-09-23,24.02,2020-10-22,2020-10-21,20,29.48,22.731057452123228,117.49000000000001,0.1934722738286086,2021-01-14,117.49
TLRY,2020-09-23,47.0,2021-07-28,2021-07-27,211,127.30000000000001,170.85106382978728,114.89,1.4870838526398056,2020-11-09,114.89
SPCE,2020-09-23,314.6,2020-11-05,2020-11-04,30,360.6,14.621741894469164,109.98000000000002,0.13294909887678819,2021-01-14,109.98
AGCO,2020-09-23,70.59,2020-11-03,2020-11-02,28,80.12,13.500495820937818,108.85000000000001,0.12402844116617197,2021-03-18,108.85
SQM,2020-09-23,28.97,2020-11-19,2020-11-18,40,45.34,56.50673110113913,107.32,0.5265256345614903,2021-01-12,107.32
RF,2020-09-23,10.75,2020-10-20,2020-10-19,18,12.34,14.790697674418606,106.59999999999998,0.13874950914088752,2021-02-24,106.6
BCS,2020-09-23,4.64,2024-02-20,2024-02-16,855,7.47,60.99137931034484,103.66,0.588379117406375,2021-03-03,103.66
SF,2020-09-23,21.18,2020-10-27,2020-10-26,23,27.351155555555554,29.13671178260413,102.79,0.2834586222648519,2021-02-24,102.79
ON,2020-09-23,20.08,2020-10-31,2020-10-30,27,25.09,24.95019920318726,102.24,0.24403559471036054,2021-02-09,102.24
EWBC,2020-09-23,30.85,2020-10-22,2020-10-21,20,38.34,24.27876823338737,102.17,0.2376310877301299,2021-01-14,102.17
JEF,2020-09-23,17.07,2021-01-04,2020-12-31,69,23.518164435946463,37.774835594296796,100.82,0.3746760126393255,2021-03-17,100.82
AER,2020-09-23,23.03,2020-11-10,2020-11-09,33,35.52,54.23360833695181,100.17,0.5414156767190956,2020-12-30,100.17
MGA,2020-09-22,43.48,2020-11-06,2020-11-05,32,55.38,27.368905243790252,103.88999999999999,0.263441190141402,2021-03-03,103.89
ZLAB,2020-09-21,73.3,2021-03-01,2021-02-26,109,147.52,101.25511596180084,161.54,0.6268114148929109,2021-01-20,161.54
ORA,2020-09-21,54.86,2020-11-03,2020-11-02,30,72.08,31.388990156762663,110.40999999999998,0.2842948116725176,2021-01-08,110.41
WSM,2020-09-21,43.06,2020-11-19,2020-11-18,42,48.58,12.81932187645145,109.05,0.11755453348419487,2021-03-23,109.05
ZBRA,2020-09-21,248.73,2020-11-03,2020-11-02,30,293.07,17.826558919310088,106.12000000000002,0.16798491254532685,2021-02-24,106.12
VAC,2020-09-21,86.92,2020-11-04,2020-11-03,31,102.49,17.913023469857325,101.44,0.17658737647730013,2021-03-01,101.44
LEVI,2020-09-21,12.0,2020-10-06,2020-10-05,10,15.01,25.083333333333325,101.0,0.24834983498349825,2021-03-03,101.0
HGV,2020-09-21,20.24,2020-10-29,2020-10-28,27,20.68,2.1739130434782705,100.69,0.02159015834222138,2021-02-24,100.69
CMPS,2020-09-21,28.83,2020-11-12,2020-11-11,37,35.8,24.176205341657987,100.66,0.24017688596918327,2020-12-11,100.66
AGO,2020-09-18,19.07,2020-11-05,2020-11-04,33,26.32,38.01782905086524,101.15,0.37585594711680903,2021-01-12,101.15
CDLX,2020-09-17,64.26,2020-11-02,2020-10-30,31,73.82,14.87706193588545,129.09,0.11524565757134907,2021-01-08,129.09
HUBS,2020-09-17,270.11,2020-11-05,2020-11-04,34,326.07,20.717485468883034,101.21,0.20469800878256136,2021-02-19,101.21
AMCX,2020-09-15,20.77,2020-11-02,2020-10-30,33,21.25,2.3110255175734284,278.57,0.008296031581194775,2021-03-12,278.57
UI,2020-09-14,152.24,2020-11-06,2020-11-05,38,197.8,29.926431949553333,109.89999999999999,0.27230602319884745,2021-02-01,109.9
BLNK,2020-09-11,6.06,2020-11-13,2020-11-12,44,10.44,72.27722772277228,901.98,0.08013174097293983,2021-01-26,901.98
GRWG,2020-09-11,13.7,2020-11-11,2020-11-10,42,19.43,41.82481751824818,333.21,0.12552089528600038,2021-02-17,333.21
ARWR,2020-09-11,33.21,2020-11-23,2020-11-20,50,68.8,107.16651610960555,172.42,0.6215434178726688,2021-02-05,172.42
AMAT,2020-09-11,55.0,2020-11-12,2020-11-11,43,71.16,29.381818181818176,123.29,0.23831469041948392,2021-02-24,123.29
SKT,2020-09-11,5.51,2020-11-05,2020-11-04,38,6.34,15.063520871143377,103.63,0.145358688325228,2020-12-15,103.63
LRCX,2020-09-11,29.4,2020-10-21,2020-10-20,27,36.357,23.66326530612246,101.29999999999998,0.23359590627958995,2021-02-16,101.3
GE,2020-09-11,29.66,2020-10-28,2020-10-27,32,35.38735761728448,19.31003916818772,101.18,0.19084838078857205,2021-02-16,101.18
VRNS,2020-09-11,35.97,2020-10-26,2020-10-23,30,41.42333333333333,15.160782133259199,100.33000000000001,0.15110916110095882,2021-02-16,100.33
DQ,2020-09-10,19.31,2020-11-23,2020-11-20,51,41.71,116.0020714655619,542.96,0.2136475457963052,2021-02-09,542.96
SONO,2020-09-10,12.76,2020-11-18,2020-11-17,48,17.14,34.326018808777434,206.92,0.16589029000955655,2021-04-15,206.92
PD,2020-09-10,23.4,2020-12-03,2020-12-02,58,34.28,46.49572649572651,100.94000000000001,0.4606273677008768,2021-01-14,100.94
APPN,2020-09-08,55.51,2020-11-05,2020-11-04,41,70.66,27.292379751396133,236.83999999999997,0.11523551659937568,2021-03-01,236.84
NET,2020-09-08,32.94,2020-11-05,2020-11-04,41,56.12,70.37037037037037,183.73,0.3830096901451607,2021-02-09,183.73
ACMR,2020-09-08,19.66,2020-11-05,2020-11-04,41,30.33330172597041,54.28942892151787,137.37,0.39520585951458004,2021-02-16,137.37
FLR,2020-09-08,8.33,2020-10-22,2020-10-21,31,11.68,40.21608643457382,123.89000000000001,0.32461123928140945,2020-12-04,123.89
KODK,2020-09-08,5.53,2026-05-07,2026-05-06,1421,14.51,162.38698010849907,118.43999999999998,1.371048464273042,2021-01-27,118.44
BLDP,2020-09-04,13.72,2020-11-05,2020-11-04,42,15.83,15.379008746355671,198.76,0.07737476728896998,2021-02-08,198.76
INMD,2020-09-01,15.4,2020-11-12,2020-11-11,50,21.8,41.55844155844155,148.73,0.2794220504164698,2021-03-02,148.73
OMCL,2020-08-31,66.68,2020-10-27,2020-10-26,39,84.1,26.124775044990976,100.66,0.2595348206337272,2021-02-12,100.66
STAA,2020-08-28,45.65,2020-11-04,2020-11-03,46,70.44,54.30449069003287,100.15,0.5422315595609872,2021-01-22,100.15
PLCE,2020-08-26,18.9,2020-11-19,2020-11-18,59,37.75,99.73544973544975,129.44,0.7705149083393831,2021-06-09,129.44
OLN,2020-08-21,9.79,2020-11-04,2020-11-03,51,18.37,87.64044943820228,135.62,0.6462206860212526,2021-06-01,135.62
UA,2020-08-21,8.77,2020-10-30,2020-10-29,48,12.04,37.28620296465222,115.71000000000001,0.3222383801283572,2021-03-15,115.71
WDC,2020-08-21,33.71,2020-10-28,2020-10-27,46,30.476190476190478,-9.593027362235308,104.32999999999998,-0.09194888682292061,2021-02-19,104.33
MU,2020-08-21,42.66,2020-09-29,2020-09-28,25,49.72,16.549460853258324,100.42,0.16480243829175786,2021-01-19,100.42
CSIQ,2020-08-20,25.69,2020-11-19,2020-11-18,63,38.72,50.72012456208641,135.38,0.37465005585822436,2021-02-12,135.38
GOOS,2020-08-19,22.49,2020-11-05,2020-11-04,54,32.91,46.331702979101806,102.12999999999998,0.45365419542839336,2021-02-22,102.13
UBER,2020-08-19,29.42,2020-11-05,2020-11-04,54,40.99,39.3269884432359,101.9,0.38593707991399306,2021-01-13,101.9
LI,2020-08-14,14.6,2020-11-13,2020-11-12,63,31.78,117.67123287671235,201.10000000000002,0.5851379059011056,2020-11-24,201.1
BEKE,2020-08-14,33.0,2020-11-16,2020-11-13,64,72.53,119.78787878787878,101.36,1.1818062232426871,2020-10-09,101.36
MDB,2020-08-11,191.68,2020-09-02,2020-09-01,15,250.72,30.801335559265432,106.59,0.2889702182124536,2020-12-22,106.59
BL,2020-08-11,72.59,2020-10-29,2020-10-28,55,92.17,26.97341231574597,106.04,0.2543701651805542,2021-02-11,106.04
ESTC,2020-08-11,83.85,2020-08-26,2020-08-25,10,104.33,24.424567680381635,104.28,0.23422101726487954,2021-01-21,104.28
SFIX,2020-08-07,22.13,2020-09-22,2020-09-21,30,29.06,31.31495707184817,380.84,0.08222601898920327,2021-01-27,380.84
ADNT,2020-08-07,15.3,2020-11-30,2020-11-27,78,31.98,109.01960784313727,136.33,0.7996743771960482,2021-04-28,136.33
APPS,2020-08-05,16.29,2020-10-29,2020-10-28,59,30.03,84.34622467771639,317.36,0.2657745925060386,2021-03-01,317.36
BBIO,2020-08-03,27.2,2020-08-11,2020-08-10,5,28.48,4.705882352941182,161.95,0.029057624902384577,2021-02-08,161.95
GM,2020-07-31,24.89,2020-11-05,2020-11-04,67,35.24,41.58296504620329,124.42999999999999,0.3341876158981218,2021-01-20,124.43
TECK,2020-07-31,10.13,2020-10-27,2020-10-26,60,13.35,31.78677196446198,106.52,0.29841130270805466,2021-01-19,106.52
ALLY,2020-07-31,20.1,2020-10-16,2020-10-15,53,27.87,38.656716417910445,105.72,0.3656518768247299,2021-01-20,105.72
CX,2020-07-31,3.06,2020-10-28,2020-10-27,61,3.98,30.065359477124186,102.93999999999998,0.29206682997012035,2021-01-26,102.94
APLS,2020-07-31,25.89,2020-11-02,2020-10-30,64,31.9,23.213595983005007,101.78,0.2280762034093634,2020-12-08,101.78
SLM,2020-07-31,6.77,2020-10-21,2020-10-20,56,9.44,39.43870014771049,101.48000000000002,0.38863520050956335,2021-01-12,101.48
DAR,2020-07-28,27.6,2020-08-05,2020-08-04,5,28.0,1.4492753623188248,127.0,0.011411617026132479,2021-02-08,127.0
AMBA,2020-07-28,43.91,2020-09-01,2020-08-31,24,52.7,20.01821908449102,116.36999999999999,0.17202216279531682,2020-12-04,116.37
GRPN,2020-07-28,15.19,2020-08-06,2020-08-05,6,16.54,8.887425938117177,109.61000000000001,0.08108225470410707,2020-11-27,109.61
BIDU,2020-07-28,115.69,2020-08-13,2020-08-12,11,126.11,9.00682859365547,107.67,0.0836521648895279,2021-01-08,107.67
BILI,2020-07-24,40.1,2020-08-26,2020-08-25,22,47.0,17.206982543640905,287.63,0.05982332351855127,2021-02-10,287.63
TWST,2020-07-24,54.64,2020-08-06,2020-08-05,8,66.45,21.614202049780395,280.62,0.07702302775917752,2021-01-20,280.62
KOD,2020-07-24,45.05,2020-08-10,2020-08-07,10,48.1,6.7702552719201,265.08,0.02554042278527275,2021-01-19,265.08
ALXO,2020-07-22,29.36,2020-08-27,2020-08-26,25,43.39,47.786103542234336,282.36,0.169238219089936,2020-12-10,282.36
GH,2020-07-21,81.36,2020-08-06,2020-08-05,11,85.06,4.547689282202549,100.76,0.04513387536921942,2021-01-20,100.76
ANF,2020-07-20,9.38,2020-08-27,2020-08-26,27,11.13,18.656716417910445,141.73,0.13163561996691206,2021-05-17,141.73
CRNC,2020-07-13,34.73,2020-08-04,2020-08-03,15,41.48,19.43564641520299,183.59,0.10586440664090085,2021-02-12,183.59
BLDR,2020-07-13,19.34,2020-07-30,2020-07-29,12,23.7,22.543950361944166,119.17999999999999,0.18915883841201683,2021-01-07,119.18
MHK,2020-07-10,70.47,2020-08-06,2020-08-05,18,85.18,20.87413083581666,102.23,0.204187917791418,2020-12-30,102.23
RRR,2020-07-09,9.98,2020-08-04,2020-08-03,17,11.69,17.13426853707414,161.08,0.10637117293937258,2021-01-12,161.08
CLF,2020-07-09,4.99,2020-07-30,2020-07-29,14,5.81,16.43286573146292,160.1,0.10264126003412193,2021-05-11,160.1
OMF,2020-07-09,22.62,2020-07-27,2020-07-24,11,25.2,11.405835543766575,127.78,0.08926150840324443,2021-01-15,127.78
ACHC,2020-07-09,24.1,2020-08-04,2020-08-03,17,30.22,25.394190871369293,119.83,0.2119184751011374,2021-01-07,119.83
EVR,2020-07-09,53.7,2020-07-22,2020-07-21,8,59.34,10.502793296089386,118.63999999999999,0.08852657869259428,2021-01-19,118.64
MTZ,2020-07-09,37.14,2020-07-30,2020-07-29,14,39.89,7.404415724286473,117.60999999999999,0.06295736522648136,2021-01-22,117.61
SVC,2020-07-09,6.17,2020-08-07,2020-08-06,20,7.3,18.31442463533226,104.86,0.17465596638691838,2020-11-24,104.86
PVH,2020-07-09,42.51,2020-09-01,2020-08-31,37,55.76,31.16913667372383,103.2,0.30202651815623865,2020-11-24,103.2
BLMN,2020-07-09,9.69,2020-07-24,2020-07-23,10,10.76,11.042311661506709,100.41,0.10997223047013953,2020-12-31,100.41
MOS,2020-07-09,11.68,2020-08-03,2020-07-31,16,13.47,15.325342465753433,100.26000000000002,0.15285599905997838,2020-12-18,100.26
CHWY,2020-06-30,44.69,2020-09-10,2020-09-09,49,61.5,37.61467889908256,140.52,0.2676820303094404,2020-12-21,140.52
IIPR,2020-06-30,88.02,2020-08-05,2020-08-04,24,105.98,20.404453533287903,124.54,0.16383855414555887,2020-12-22,124.54
HL,2020-06-29,3.07,2020-08-06,2020-08-05,26,6.42,109.12052117263843,103.91,1.0501445594518184,2020-12-28,103.91
SIG,2020-06-26,9.84,2020-09-02,2020-09-01,46,18.24,85.36585365853657,199.22,0.4285004199304115,2021-06-30,199.22
IRTC,2020-06-26,109.59,2020-08-06,2020-08-05,27,190.09,73.45560726343645,138.32,0.5310555759357753,2020-11-13,138.32
SEDG,2020-06-26,129.53,2020-08-03,2020-07-31,24,175.1,35.181039141511604,136.6,0.25754787072848906,2021-01-07,136.6
URBN,2020-06-26,14.7,2020-08-25,2020-08-24,40,20.32,38.23129251700681,115.36999999999999,0.33137984326087205,2020-11-23,115.37
NEO,2020-06-26,27.27,2020-07-28,2020-07-27,20,36.82,35.02016868353501,107.08,0.3270467751544174,2020-12-22,107.08
HASI,2020-06-26,27.2,2020-08-06,2020-08-05,27,36.88,35.58823529411765,103.2,0.3448472412220703,2020-11-25,103.2
GKOS,2020-06-26,36.89,2020-08-06,2020-08-05,27,50.04,35.64651667118459,102.95,0.34625076902559093,2020-12-23,102.95
VC,2020-06-26,64.51,2020-07-30,2020-07-29,22,75.72,17.37715082932878,101.95,0.17044777664863933,2020-12-08,101.95
NVCR,2020-06-25,57.2,2020-07-30,2020-07-29,23,68.0,18.881118881118873,142.52,0.13248048611506366,2020-10-09,142.52
WKHS,2020-06-25,25680.0,2020-08-10,2020-08-07,30,49560.0,92.99065420560748,132.02,0.7043679306590477,2020-12-24,132.02
GPI,2020-06-24,58.2,2020-07-30,2020-07-29,24,89.12,53.127147766323034,125.53,0.4232227178070822,2020-11-24,125.53
ENPH,2020-06-17,39.04,2020-08-04,2020-08-03,32,61.21,56.78790983606559,308.56,0.18404170934685504,2021-01-07,308.56
FVRR,2020-06-12,60.08,2020-08-05,2020-08-04,36,104.22,73.46870838881492,200.84,0.3658071519060691,2021-02-12,200.84
EGHT,2020-06-12,14.27,2020-07-30,2020-07-29,32,17.09,19.76173791170288,156.42,0.12633766725292728,2021-01-25,156.42
UPWK,2020-06-11,11.38,2020-08-04,2020-08-03,36,16.82,47.80316344463971,308.89,0.15475788612334393,2021-02-16,308.89
EDIT,2020-06-11,25.01,2020-08-06,2020-08-05,38,32.49,29.908036785285887,234.61000000000004,0.12747980386720892,2021-01-08,234.61
PINS,2020-06-11,20.26,2020-07-31,2020-07-30,34,25.19,24.333662388943722,170.97,0.14232708889830803,2021-02-16,170.97
FCX,2020-06-11,9.91,2020-07-23,2020-07-22,28,13.62,37.436932391523705,147.6,0.2536377533301064,2021-01-14,147.6
AA,2020-06-11,10.42,2020-07-15,2020-07-14,22,12.61,21.0172744721689,139.83,0.15030590339818994,2021-01-07,139.83
CRSP,2020-06-11,59.7,2020-07-27,2020-07-24,30,90.35,51.340033500837514,135.72,0.3782790561511753,2020-12-23,135.72
MT,2020-06-11,9.99,2020-07-30,2020-07-29,33,11.55,15.615615615615619,133.49,0.1169796660095559,2021-01-07,133.49
STNE,2020-06-11,34.58,2020-08-11,2020-08-10,41,47.18,36.437246963562764,125.46,0.29042919626624236,2020-12-22,125.46
MED,2020-06-11,99.83,2020-08-05,2020-08-04,37,174.42,74.7170189321847,107.24000000000001,0.6967271440897491,2020-12-01,107.24
RARE,2020-06-11,66.46,2020-07-30,2020-07-29,33,76.25,14.730665061691251,107.15999999999998,0.13746421296837674,2020-12-08,107.16
FOUR,2020-06-11,31.75,2020-08-06,2020-08-05,38,39.41,24.125984251968504,101.29000000000002,0.238187227287674,2020-11-24,101.29
ALGN,2020-06-11,238.28,2020-07-22,2020-07-21,27,315.33,32.33590733590732,100.01,0.3233267406850047,2020-11-23,100.01
ROKU,2020-06-04,102.93,2020-08-05,2020-08-04,42,166.44,61.70212765957446,131.78,0.4682207289389471,2020-10-13,131.78
LAD,2020-05-29,120.59,2020-07-22,2020-07-21,36,174.79,44.94568372170163,155.93,0.2882426968620639,2020-11-24,155.93
RUN,2020-05-28,16.43,2020-08-10,2020-08-07,50,46.0,179.9756542909312,234.08,0.7688638682968694,2021-01-08,234.08
INSP,2020-05-27,79.23,2020-08-04,2020-08-03,47,101.41,27.99444654802472,129.19,0.21669205471030822,2021-01-19,129.19
KC,2020-05-22,17.18,2020-06-03,2020-06-02,6,22.86,33.061699650756694,136.09,0.24293996363257178,2020-07-09,136.09
ALB,2020-05-19,63.51,2020-08-05,2020-08-04,53,85.33,34.35679420563691,102.99000000000001,0.3335934965106992,2020-11-16,102.99
UAA,2020-05-19,7.81,2020-07-31,2020-07-30,50,11.45,46.60691421254801,101.79,0.4578732116371747,2020-11-16,101.79
KTB,2020-05-15,13.84,2020-08-06,2020-08-05,56,21.26,53.612716763005785,197.74,0.2711273225599564,2020-12-09,197.74
CPRI,2020-05-15,12.87,2020-07-01,2020-06-30,31,15.63,21.445221445221453,155.58,0.1378404772157183,2021-05-07,155.58
UAL,2020-05-15,19.92,2020-07-21,2020-07-20,44,32.33,62.29919678714857,144.43,0.4313452661299492,2020-06-08,144.43
AAL,2020-05-15,9.04,2020-07-23,2020-07-22,46,11.36,25.663716814159287,124.66999999999999,0.20585318692676097,2020-06-08,124.67
IVZ,2020-05-15,6.7,2020-07-28,2020-07-27,49,10.71,59.85074626865672,112.69,0.5311096483153493,2020-10-15,112.69
BKU,2020-05-15,13.99,2020-07-29,2020-07-28,50,18.16,29.807005003573984,110.50999999999999,0.26972224236335157,2020-11-10,110.51
EYE,2020-05-14,23.82,2020-08-06,2020-08-05,57,33.92,42.4013434089001,102.64,0.4131073987616923,2020-11-09,102.64
NSP,2020-05-14,43.77,2020-08-03,2020-07-31,54,66.86,52.75302718757138,101.25999999999999,0.5209660990279615,2020-11-05,101.26
ZG,2020-05-13,46.25,2020-08-06,2020-08-05,58,70.64,52.735135135135145,158.55,0.33260886241018695,2020-11-06,158.55
Z,2020-05-13,46.53,2020-08-06,2020-08-05,58,70.6,51.730066623683626,154.5,0.33482243769374515,2020-11-06,154.5
RHP,2020-05-13,23.37,2020-08-04,2020-08-03,56,30.63,31.065468549422338,152.85,0.2032415345071792,2020-11-10,152.85
GTLS,2020-05-13,31.41,2020-07-23,2020-07-22,48,55.64,77.14103788602355,126.47,0.6099552295882309,2021-01-22,126.47
TCBI,2020-05-13,23.31,2020-07-22,2020-07-21,47,28.18,20.892320892320893,125.83,0.16603608751745128,2020-11-10,125.83
PLAY,2020-05-13,9.26,2020-06-11,2020-06-10,19,17.31,86.93304535637148,121.17,0.7174469370006724,2020-10-22,121.17
RH,2020-05-13,146.61,2020-06-04,2020-06-03,14,255.26,74.10817815974352,117.77,0.6292619356350811,2020-11-27,117.77
PK,2020-05-13,6.93,2020-08-05,2020-08-04,57,8.67,25.108225108225103,108.50999999999999,0.23139088663003504,2020-11-09,108.51
DE,2020-05-13,125.82,2020-05-22,2020-05-21,6,142.81,13.503417580670817,101.85,0.1325814195451234,2020-11-10,101.85
TPR,2020-05-13,11.93,2020-08-13,2020-08-12,63,15.6,30.762782900251473,101.68000000000002,0.3025450717963362,2020-11-03,101.68
THC,2020-05-13,16.68,2020-08-03,2020-07-31,55,26.44,58.51318944844126,100.12,0.5844305777910633,2020-11-10,100.12
PFGC,2020-05-12,21.28,2020-08-12,2020-08-11,63,34.71,63.11090225563909,118.22,0.5338428544716554,2020-11-10,118.22
SNBR,2020-05-05,28.32,2020-07-15,2020-07-14,48,51.73,82.66242937853106,133.24,0.6204025020904462,2020-11-17,133.24
NIO,2020-05-01,3.18,2020-05-28,2020-05-27,17,4.17,31.132075471698094,383.76,0.0811238155922923,2021-02-09,383.76
BNTX,2020-05-01,45.11,2020-05-12,2020-05-11,6,49.98,10.795832409665262,109.16,0.0988991609533278,2020-10-20,109.16
DKNG,2020-04-28,18.24,2020-05-15,2020-05-14,12,25.31,38.76096491228071,139.58,0.27769712646712075,2020-06-01,139.58
SNAP,2020-04-24,16.0,2020-07-21,2020-07-20,59,25.27,57.9375,237.57000000000002,0.24387548932946077,2021-02-23,237.57
RWT,2020-04-24,3.15,2020-05-07,2020-05-06,8,4.06,28.888888888888875,163.41,0.1767877662865729,2020-11-10,163.41
CROX,2020-04-23,19.45,2020-07-30,2020-07-29,67,37.37,92.13367609254499,117.10000000000001,0.7867948428056788,2020-11-23,117.1
DDS,2020-04-22,22.5,2020-05-14,2020-05-13,15,24.03,6.800000000000006,137.56,0.04943297470194829,2020-10-12,137.56
AEO,2020-04-22,6.73,2020-06-03,2020-06-02,28,10.29,52.8974739970282,134.18,0.39422770902540016,2020-10-07,134.18
ETSY,2020-04-21,61.37,2020-05-07,2020-05-06,11,78.24,27.48900114062245,141.76,0.193912254095813,2020-10-19,141.76
SE,2020-04-21,51.98,2020-05-18,2020-05-15,18,61.96,19.199692189303597,132.41,0.1450018290861989,2020-12-08,132.41
UNIT,2020-04-20,4.96,2020-05-11,2020-05-08,14,12.274086378737541,147.4614189261601,101.81,1.4483981821644247,2020-07-21,101.81
MTDR,2020-04-16,3.05,2020-04-29,2020-04-28,8,4.93,61.63934426229509,208.2,0.2960583297900821,2020-10-08,208.2
CARR,2020-04-16,12.89,2020-05-08,2020-05-07,15,16.41,27.307990690457707,127.91,0.21349379009035813,2020-11-16,127.91
AMC,2020-04-13,20.8,2020-06-09,2020-06-08,39,64.5,210.09615384615384,149.52,1.4051374655307238,2020-04-29,149.52
KBH,2020-04-13,20.0,2020-06-24,2020-06-23,50,34.07,70.35,104.39,0.6739151259699204,2020-10-15,104.39
QDEL,2020-04-07,87.56,2020-05-06,2020-05-05,19,141.19,61.24942896299679,181.63,0.3372208829102945,2020-10-09,181.63
RRC,2020-04-07,3.05,2020-04-30,2020-04-29,15,6.15,101.63934426229511,115.73,0.8782454356026537,2020-10-08,115.73
CAR,2020-04-03,10.58,2020-05-04,2020-05-01,19,13.9,31.379962192816645,276.33,0.1135597372446591,2020-10-23,276.33
DIN,2020-04-03,20.39,2020-04-29,2020-04-28,16,37.43,83.57037763609611,182.49,0.4579449703331476,2020-10-02,182.49
PII,2020-04-03,39.0,2020-04-28,2020-04-27,15,67.51,73.1025641025641,175.95,0.41547351010266614,2020-08-13,175.95
ABR,2020-04-03,4.06,2020-05-08,2020-05-07,23,6.94,70.93596059113302,170.94,0.41497578443391264,2020-06-08,170.94
PBF,2020-04-03,5.76,2020-05-15,2020-05-14,28,9.27,60.9375,165.45,0.36831368993653674,2020-06-08,165.45
CVNA,2020-04-03,9.18,2020-05-06,2020-05-05,21,17.2,87.36383442265796,159.71,0.5470154306095921,2020-12-22,159.71
MFA,2020-04-03,4.36,2020-06-16,2020-06-15,49,11.48,163.30275229357798,157.8,1.0348716875385169,2020-10-02,157.8
PFSI,2020-04-03,17.25,2020-05-07,2020-05-06,22,27.96,62.08695652173915,152.46,0.40723439932926103,2020-10-15,152.46
KSS,2020-04-03,11.51,2020-05-19,2020-05-18,30,18.82,63.509991311902695,150.48,0.42204938405039005,2020-06-08,150.48
BYD,2020-04-03,11.22,2020-04-28,2020-04-27,15,16.44,46.524064171123,148.09,0.31416074124601934,2020-10-16,148.09
LPX,2020-04-03,13.86,2020-05-05,2020-05-04,20,19.61,41.486291486291485,144.52,0.2870626313748373,2020-08-28,144.52
CC,2020-04-03,7.26,2020-05-05,2020-05-04,20,10.91,50.275482093663925,143.11,0.3513065620408352,2020-06-08,143.11
CDE,2020-04-03,3.12,2020-04-22,2020-04-21,11,4.17,33.653846153846146,130.83,0.25723340330081895,2020-10-14,130.83
SKT,2020-04-03,4.26,2020-05-11,2020-05-08,24,6.57,54.22535211267607,128.17,0.42307366866408735,2020-06-08,128.17
CACC,2020-04-03,215.83,2020-05-27,2020-05-26,35,352.96,63.53611638789787,126.86,0.5008364842180189,2020-06-08,126.86
IVR,2020-04-03,19.5,2020-06-22,2020-06-19,53,43.4,122.56410256410257,126.66999999999999,0.9675858732462507,2020-04-09,126.67
ABG,2020-04-03,42.1,2020-05-05,2020-05-04,20,65.98,56.72209026128265,125.69,0.45128562543784434,2020-10-21,125.69
CZR,2020-04-03,6.28,2020-05-11,2020-05-08,24,21.09,235.82802547770697,123.58,1.9083025204540134,2021-02-05,123.58
PLCE,2020-04-03,14.06,2020-06-11,2020-06-10,46,47.02,234.42389758179232,123.26000000000002,1.9018651434511786,2020-04-29,123.26
PEGA,2020-04-03,30.5,2020-04-29,2020-04-28,16,38.82,27.278688524590166,121.02,0.22540644955040628,2020-09-02,121.02
STNE,2020-04-03,17.82,2020-05-26,2020-05-22,34,24.46,37.261503928170605,120.59,0.30899331559972304,2020-06-08,120.59
TREE,2020-04-03,137.12,2020-05-05,2020-05-04,20,245.39,78.96003500583429,115.32,0.6847037374768842,2020-06-09,115.32
FND,2020-04-03,27.04,2020-04-30,2020-04-29,17,42.77,58.17307692307694,110.79999999999998,0.5250277700638714,2020-06-09,110.8
LGIH,2020-04-03,34.39,2020-05-05,2020-05-04,20,62.47,81.65164291945332,110.00000000000001,0.7422876629041211,2020-05-11,110.0
PMT,2020-04-03,7.0,2020-05-07,2020-05-06,22,9.72,38.857142857142854,109.39000000000001,0.35521659070429523,2020-10-08,109.39
CMPR,2020-04-03,43.86,2020-05-05,2020-05-04,20,64.22,46.4204286365709,108.0,0.42981878367195275,2020-05-27,108.0
GLOB,2020-04-03,72.65,2020-05-14,2020-05-13,27,107.89,48.50653819683413,107.54000000000002,0.4510557764258334,2020-06-03,107.54
SNBR,2020-04-03,15.55,2020-04-22,2020-04-21,11,21.4,37.62057877813503,106.88,0.35198894814871845,2020-04-27,106.88
PCTY,2020-04-03,74.02,2020-05-07,2020-05-06,22,114.57,54.78249121858958,106.69,0.5134735328389688,2020-07-02,106.69
MTG,2020-04-03,4.97,2020-05-07,2020-05-06,22,6.73,35.41247484909458,106.64,0.3320749704528749,2020-06-08,106.64
BRX,2020-04-03,7.87,2020-05-07,2020-05-06,22,10.49,33.29097839898347,103.81,0.32069144012121636,2020-06-08,103.81
SBGI,2020-04-03,12.25,2020-05-06,2020-05-05,21,15.38,25.55102040816326,103.18,0.24763539841212695,2020-06-08,103.18
TWO,2020-04-03,9.68,2020-05-06,2020-05-05,21,18.16,87.60330578512396,102.88999999999999,0.851426822675906,2020-04-09,102.89
VC,2020-04-03,40.38,2020-04-30,2020-04-29,17,59.19,46.58246656760772,102.25,0.4555742451599777,2020-06-05,102.25
APPN,2020-04-03,31.36,2020-05-07,2020-05-06,22,49.23,56.98341836734693,101.69,0.5603640315404359,2020-09-02,101.69
SBH,2020-04-03,6.79,2020-05-06,2020-05-05,21,9.66,42.26804123711341,101.18,0.4177509511475925,2020-05-27,101.18
BC,2020-04-03,26.71,2020-04-30,2020-04-29,17,48.72,82.40359415949081,100.97,0.8161195816528752,2020-05-18,100.97
PAYC,2020-04-03,165.01,2020-04-28,2020-04-27,15,226.1,37.02199866674747,100.61,0.367975337111097,2020-06-08,100.61
NOW,2020-04-03,49.91,2020-04-29,2020-04-28,16,59.2,18.61350430775397,100.22,0.18572644489876242,2020-09-02,100.22
BBBY,2020-04-02,3.24,2020-04-30,2020-04-29,18,12.08,272.8395061728395,411.01,0.6638269292057115,2021-01-27,411.01
MAC,2020-04-02,5.02,2020-05-11,2020-05-08,25,6.84,36.25498007968129,161.55,0.22441956100081265,2020-06-08,161.55
EAT,2020-04-02,10.1,2020-04-29,2020-04-28,17,19.14,89.50495049504951,126.81,0.705819339918378,2021-02-09,126.81
SFIX,2020-04-02,11.46,2020-06-08,2020-06-05,44,24.96,117.80104712041886,119.28,0.9876009986621298,2020-06-04,119.28
SPG,2020-04-02,44.01,2020-05-11,2020-05-08,25,58.02,31.833674164962524,117.0,0.27208268517061984,2020-06-08,117.0
OVV,2020-04-02,3.16,2020-05-07,2020-05-06,23,5.15,62.9746835443038,113.01,0.5572487704123865,2020-10-22,113.01
CCL,2020-04-02,7.97,2020-06-18,2020-06-17,52,19.09,139.5232120451694,109.41000000000001,1.27523272137071,2020-04-29,109.41
NCLH,2020-04-02,8.4,2020-05-14,2020-05-13,28,10.31,22.738095238095248,106.43,0.21364366473828098,2020-10-01,106.43
CAKE,2020-04-02,15.1,2020-05-05,2020-05-04,21,20.02,32.58278145695363,103.91,0.31356733189253816,2020-08-28,103.91
SAIA,2020-04-02,64.18,2020-04-29,2020-04-28,17,85.47,33.172327827983786,102.88,0.32243709008537896,2020-07-20,102.88
KIM,2020-04-02,7.75,2020-05-08,2020-05-07,24,10.05,29.67741935483872,102.45,0.2896771044884209,2020-06-08,102.45
JKS,2020-04-01,13.6,2020-06-15,2020-06-12,50,17.85,31.25000000000002,502.55,0.062182867376380506,2020-10-20,502.55
TGTX,2020-04-01,8.9,2020-05-11,2020-05-08,26,18.82,111.46067415730339,201.36,0.5535393035225634,2020-10-13,201.36
BLDP,2020-04-01,7.26,2020-05-05,2020-05-04,22,9.84,35.53719008264462,185.88,0.191183505932024,2020-07-09,185.88
MELI,2020-04-01,447.34,2020-05-05,2020-05-04,22,607.4,35.78039075423616,133.46,0.26809823733130644,2020-10-20,133.46
M,2020-04-01,4.43,2020-06-09,2020-06-08,46,9.55,115.57562076749437,115.58,0.9999621108106452,2020-06-08,115.58
APA,2020-04-01,4.02,2020-05-05,2020-05-04,22,12.06,200.00000000000006,108.46000000000001,1.8439977872026558,2020-04-13,108.46
CODX,2020-04-01,223.8,2020-05-14,2020-05-13,29,702.6,213.94101876675603,103.34999999999998,2.0700630746662414,2020-09-21,103.35
FATE,2020-04-01,20.21,2020-05-11,2020-05-08,26,28.84,42.70163285502227,100.4,0.4253150682771142,2020-09-28,100.4
RVMD,2020-04-01,19.65,2020-05-14,2020-05-13,29,34.39,75.01272264631045,100.2,0.7486299665300444,2020-06-22,100.2
AMRN,2020-03-31,80.0,2020-04-30,2020-04-29,20,165.2,106.5,106.5,1.0,2020-04-29,106.5
W,2020-03-27,46.3,2020-05-05,2020-05-04,25,134.11,189.65442764578836,571.85,0.3316506560213139,2020-10-01,571.85
CNX,2020-03-27,5.03,2020-04-27,2020-04-24,19,11.5,128.6282306163022,157.06,0.818975108979385,2020-04-21,157.06
JACK,2020-03-27,29.52,2020-05-13,2020-05-12,31,65.83,123.00135501355012,126.56,0.971881755796066,2020-10-05,126.56
BXMT,2020-03-24,13.02,2020-04-28,2020-04-27,23,20.1,54.37788018433181,124.50000000000001,0.4367701219625044,2020-06-08,124.5
ARI,2020-03-24,4.24,2020-05-07,2020-05-06,30,7.67,80.89622641509433,122.17,0.6621611395194755,2020-03-26,122.17
YETI,2020-03-23,15.58,2020-05-07,2020-05-06,31,27.26,74.9679075738126,243.65,0.3076868769702959,2020-09-01,243.65
REAL,2020-03-23,5.46,2020-05-06,2020-05-05,30,12.12,121.97802197802194,223.63,0.5454457003891336,2020-08-21,223.63
XP,2020-03-23,16.96,2020-05-22,2020-05-21,42,28.48,67.92452830188678,200.88,0.3381348481774531,2020-09-01,200.88
CDLX,2020-03-23,29.49,2020-05-11,2020-05-08,33,50.66,71.78704645642591,190.67,0.3764989062591174,2020-08-20,190.67
MPC,2020-03-23,16.62,2020-05-05,2020-05-04,29,31.53,89.71119133574005,153.97,0.5826537074478149,2020-06-08,153.97
OXY,2020-03-23,9.69,2020-05-05,2020-05-04,29,15.52,60.165118679050565,151.81,0.3963185473885157,2020-06-08,151.81
PVH,2020-03-23,29.05,2020-06-11,2020-06-10,55,59.61,105.19793459552496,139.1,0.7562755901906898,2020-06-08,139.1
GNRC,2020-03-23,79.01,2020-04-30,2020-04-29,26,103.68,31.22389570940387,138.04,0.22619455019852125,2020-11-06,138.04
ATI,2020-03-23,5.23,2020-05-05,2020-05-04,29,7.2,37.66730401529637,131.93,0.28550977044869524,2020-06-05,131.93
BBY,2020-03-23,50.69,2020-05-21,2020-05-20,41,81.54,60.860130203195915,131.54,0.46267394103083415,2020-08-24,131.54
SITE,2020-03-23,57.19,2020-04-29,2020-04-28,25,86.44,51.14530512327331,130.7,0.3913183253502166,2020-08-03,130.7
CLF,2020-03-23,3.07,2020-05-11,2020-05-08,33,4.82,57.00325732899025,129.97,0.4385878074093272,2020-06-08,129.97
WY,2020-03-23,13.47,2020-05-01,2020-04-30,27,21.87,62.360801781737194,129.32,0.4822208612877915,2020-08-28,129.32
JBLU,2020-03-23,6.86,2020-05-07,2020-05-06,31,8.02,16.90962099125364,127.25999999999999,0.13287459524794623,2020-06-08,127.26
FIZZ,2020-03-23,18.6,2020-07-01,2020-06-30,69,30.51,64.03225806451613,126.53000000000002,0.5060638430768681,2020-09-02,126.53
EBAY,2020-03-23,26.34,2020-04-29,2020-04-28,25,39.08,48.36750189825361,125.02,0.38687811468767885,2020-07-10,125.02
PWR,2020-03-23,23.8,2020-05-07,2020-05-06,31,33.91,42.478991596638636,124.12,0.3422413116068211,2020-09-02,124.12
WST,2020-03-23,128.96,2020-04-23,2020-04-22,21,170.12,31.9168734491315,123.34,0.2587714727511878,2020-09-02,123.34
LEN,2020-03-23,28.41,2020-06-15,2020-06-12,57,56.935043562439496,100.40494038169481,121.43000000000002,0.8268544872082253,2020-05-27,121.43
EQH,2020-03-23,10.42,2020-05-07,2020-05-06,31,16.4,57.38963531669865,121.21,0.47347277713636376,2020-06-08,121.21
VVV,2020-03-23,9.14,2020-05-06,2020-05-05,30,16.65,82.1663019693654,119.37,0.6883329309656145,2020-06-08,119.37
NXST,2020-03-23,46.26,2020-05-06,2020-05-05,30,65.26,41.072200605274546,118.09,0.3478042222480696,2020-06-08,118.09
CTAS,2020-03-23,39.26,2020-07-23,2020-07-22,84,72.34,84.25878757004585,117.99,0.7141180402580376,2020-09-02,117.99
SEDG,2020-03-23,69.48,2020-05-06,2020-05-05,30,107.86,55.238917674150834,117.17,0.4714424995660223,2020-06-08,117.17
JHG,2020-03-23,11.98,2020-04-30,2020-04-29,26,16.06,34.05676126878128,116.28,0.2928858038250884,2020-06-08,116.28
VRRM,2020-03-23,5.85,2020-05-11,2020-05-08,33,9.05,54.70085470085473,115.9,0.4719659594551745,2020-06-03,115.9
PSX,2020-03-23,42.09,2020-05-01,2020-04-30,27,73.17,73.84176764076977,113.19,0.6523700648535187,2020-06-08,113.19
SNPS,2020-03-23,108.48,2020-05-20,2020-05-19,40,162.02,49.354719764011804,111.43,0.4429212937630064,2020-09-02,111.43
LAMR,2020-03-23,32.33,2020-05-07,2020-05-06,31,53.59,65.75935663470463,111.1,0.5918933990522468,2020-05-08,111.1
ALGN,2020-03-23,137.72,2020-04-29,2020-04-28,25,203.51,47.770839384257904,110.39000000000001,0.43274607649477215,2020-06-08,110.39
SSD,2020-03-23,49.13,2020-04-27,2020-04-24,23,60.02,22.165682882149397,110.35999999999999,0.2008488843978742,2020-08-17,110.36
SYF,2020-03-23,12.8,2020-04-21,2020-04-20,19,15.59,21.796874999999982,109.92,0.19829762554585137,2020-06-08,109.92
SMG,2020-03-23,77.61,2020-05-06,2020-05-05,30,130.43,68.05823991753641,109.41000000000001,0.622047709693231,2020-07-29,109.41
EYE,2020-03-23,13.7,2020-05-07,2020-05-06,31,24.0,75.18248175182482,109.33999999999999,0.6876027231738141,2020-04-29,109.34
ISRG,2020-03-23,122.58,2020-04-16,2020-04-15,16,170.33332251232684,38.956862875123875,108.05,0.36054477441114186,2020-09-02,108.05
CMI,2020-03-23,102.76,2020-04-28,2020-04-27,24,151.44,47.37251848968469,107.78000000000002,0.43952976887812845,2020-08-14,107.78
PH,2020-03-23,97.56,2020-04-30,2020-04-29,26,156.86,60.78310783107832,107.2,0.56700660290185,2020-06-08,107.2
INSP,2020-03-23,41.62,2020-05-05,2020-05-04,29,67.26,61.60499759730902,107.06,0.5754249728872504,2020-05-22,107.06
INSM,2020-03-23,13.63,2020-04-30,2020-04-29,26,21.05,54.43873807776962,106.30999999999999,0.5120754216703003,2020-06-08,106.31
SWK,2020-03-23,72.03,2020-04-30,2020-04-29,26,122.09,69.4988199361377,105.79,0.6569507508851281,2020-06-08,105.79
NVST,2020-03-23,11.91,2020-05-12,2020-05-11,34,17.45,46.51553316540722,105.71,0.44002963925274075,2020-06-08,105.71
EXP,2020-03-23,43.17,2020-05-19,2020-05-18,39,59.46,37.73453787352328,105.63,0.35723315226283514,2020-09-17,105.63
KMT,2020-03-23,15.17,2020-05-04,2020-05-01,28,23.52,55.04284772577455,105.60000000000001,0.521239088312259,2020-06-08,105.6
PHM,2020-03-23,17.74,2020-04-23,2020-04-22,21,24.07,35.68207440811726,105.47,0.3383149180631199,2020-05-27,105.47
CNMD,2020-03-23,39.81,2020-04-29,2020-04-28,25,67.66,69.95729716151719,105.37999999999998,0.6638574412745987,2020-06-05,105.38
GPC,2020-03-23,50.29,2020-05-06,2020-05-05,30,75.0,49.13501690196858,104.85,0.4686220019262621,2020-09-14,104.85
RVLV,2020-03-23,7.3,2020-05-13,2020-05-12,35,14.49,98.49315068493152,104.52,0.9423378366334819,2020-05-14,104.52
OC,2020-03-23,31.11,2020-04-29,2020-04-28,25,40.1,28.89746062359371,104.34,0.2769547692504668,2020-07-27,104.34
BKR,2020-03-23,9.33,2020-04-22,2020-04-21,20,12.75,36.65594855305465,104.29000000000002,0.3514809526613735,2020-06-08,104.29
LKQ,2020-03-23,13.9,2020-04-30,2020-04-29,26,25.3,82.01438848920863,104.1,0.7878423485995066,2020-05-27,104.1
RH,2020-03-23,80.43,2020-06-04,2020-06-03,50,255.26,217.36914086783537,104.05,2.089083525880205,2020-05-11,104.05
LSCC,2020-03-23,14.02,2020-04-28,2020-04-27,24,19.53,39.300998573466494,103.56999999999998,0.3794631512355557,2020-06-05,103.57
PCRX,2020-03-23,28.4,2020-05-07,2020-05-06,31,41.74,46.97183098591551,103.52,0.4537464353353508,2020-07-10,103.52
PNR,2020-03-23,22.85,2020-04-30,2020-04-29,26,35.24,54.223194748358864,103.28,0.5250115680514994,2020-08-24,103.28
VLO,2020-03-23,32.62,2020-04-29,2020-04-28,25,57.87,77.40649908031882,103.19,0.7501356631487434,2020-04-29,103.19
TXG,2020-03-23,51.57,2020-05-11,2020-05-08,33,82.96,60.868722125266615,103.15,0.5900990996147999,2020-08-13,103.15
AAPL,2020-03-23,56.09,2020-04-30,2020-04-29,26,71.9325,28.244785166696374,103.06,0.274061567695482,2020-08-06,103.06
SIG,2020-03-23,5.84,2020-06-09,2020-06-08,53,16.87,188.86986301369865,102.91,1.835291643316477,2020-05-27,102.91
PYPL,2020-03-23,85.26,2020-05-06,2020-05-05,30,125.43,47.11470795214638,102.66,0.4589392942932631,2020-06-23,102.66
PAGS,2020-03-23,14.95,2020-05-28,2020-05-27,45,30.26,102.40802675585287,102.41,0.9999807319192743,2020-05-27,102.41
IQV,2020-03-23,84.0,2020-04-28,2020-04-27,24,131.88,56.999999999999986,102.08,0.558385579937304,2020-09-02,102.08
NDSN,2020-03-23,99.46,2020-05-20,2020-05-19,40,172.44,73.37623165091496,102.07,0.7188814700785242,2020-06-08,102.07
PFG,2020-03-23,24.16,2020-04-27,2020-04-24,23,29.98,24.08940397350994,101.66,0.23696049550963938,2020-06-08,101.66
ACHC,2020-03-23,11.78,2020-05-04,2020-05-01,28,22.47,90.74702886247879,101.53000000000002,0.8937952217322839,2020-04-17,101.53
EMN,2020-03-23,38.39,2020-04-30,2020-04-29,26,63.47,65.32951289398281,101.46,0.6438942725604456,2020-06-08,101.46
TOL,2020-03-23,13.8,2020-05-27,2020-05-26,44,30.13,118.33333333333331,101.44999999999999,1.1664202398554295,2020-05-18,101.45
WHR,2020-03-23,64.22,2020-04-30,2020-04-29,26,122.5,90.75054500155714,101.17,0.8970104280078792,2020-05-27,101.17
WEX,2020-03-23,83.23,2020-05-07,2020-05-06,31,130.15,56.37390364051424,100.99000000000001,0.5582127303744355,2020-06-03,100.99
MGA,2020-03-23,24.22,2020-05-07,2020-05-06,31,36.45,50.49545829892652,100.87000000000002,0.5005993684834591,2020-07-27,100.87
SCCO,2020-03-23,22.25,2020-04-23,2020-04-22,21,28.7807,29.351460674157302,100.51,0.2920252778246672,2020-08-26,100.51
ARCC,2020-03-23,8.08,2020-05-05,2020-05-04,29,12.41,53.589108910891085,100.49999999999999,0.5332249642874735,2020-06-08,100.5
IDXX,2020-03-23,182.94,2020-04-30,2020-04-29,26,272.74,49.08713239313436,100.42999999999999,0.48876961458861257,2020-07-27,100.43
DD,2020-03-23,11.91,2020-05-05,2020-05-04,29,18.711297071129707,57.1057688591915,100.42,0.5686692776258863,2020-06-08,100.42
APO,2020-03-23,23.8,2020-05-01,2020-04-30,27,40.49,70.12605042016806,100.34,0.698884297589875,2020-05-27,100.34
MAS,2020-03-23,27.53,2020-04-29,2020-04-28,25,41.72,51.54377043225571,100.33000000000001,0.5137423545525337,2020-07-22,100.33
ASH,2020-03-23,39.76,2020-05-05,2020-05-04,29,59.16,48.792756539235405,100.33000000000001,0.4863227004807675,2020-07-27,100.33
MIDD,2020-03-23,43.86,2020-05-07,2020-05-06,31,54.82,24.988600091199274,100.14,0.24953664960254918,2020-06-08,100.14
KKR,2020-03-23,18.5,2020-05-06,2020-05-05,30,24.6,32.97297297297299,100.05,0.32956494725610186,2020-08-10,100.05
PAAS,2020-03-20,11.77,2020-05-06,2020-05-05,31,22.24,88.95497026338145,232.63,0.3823882141743604,2020-08-05,232.63
BLMN,2020-03-20,4.83,2020-05-05,2020-05-04,30,10.42,115.73498964803312,180.12,0.6425438021765107,2020-04-29,180.12
AU,2020-03-20,14.05,2022-03-30,2022-03-29,510,23.49,67.1886120996441,169.82,0.39564604934427106,2020-07-27,169.82
IAC,2020-03-20,130.75,2020-08-10,2020-08-07,97,72.61926789025178,-44.4594509443581,147.34,-0.3017473255352118,2020-06-30,147.34
EGO,2020-03-20,5.15,2020-04-30,2020-04-29,27,9.75,89.32038834951454,146.8,0.6084495119176739,2020-08-05,146.8
DKS,2020-03-20,16.81,2020-06-02,2020-06-01,49,36.46,116.8947055324212,145.62,0.8027379860762341,2020-10-15,145.62
BA,2020-03-20,95.01,2020-04-29,2020-04-28,26,131.3,38.19597937059258,142.61,0.2678352105083274,2020-06-08,142.61
BILI,2020-03-20,20.19,2020-05-18,2020-05-15,39,30.88,52.94700346706289,138.88,0.38124282450362107,2020-07-09,138.88
BHF,2020-03-20,16.15,2020-05-11,2020-05-08,34,28.73,77.89473684210529,138.76,0.5613630501737192,2020-06-08,138.76
AA,2020-03-20,5.48,2020-04-22,2020-04-21,21,7.32,33.57664233576643,136.86,0.24533568855594348,2020-06-08,136.86
MTCH,2020-03-20,47.35,2020-08-04,2020-08-03,93,110.405,133.16789862724394,126.08,1.0562174700764908,2020-06-30,126.08
ALK,2020-03-20,23.56,2020-05-05,2020-05-04,30,28.77,22.11375212224109,113.23999999999998,0.19528216285977654,2020-06-08,113.24
CVNA,2020-03-20,5.87,2020-05-06,2020-05-05,31,17.2,193.01533219761495,112.98000000000002,1.708402657086342,2020-03-25,112.98
SABR,2020-03-20,3.31,2020-05-08,2020-05-07,33,6.68,101.81268882175227,111.48,0.9132821028144266,2020-04-09,111.48
EBS,2020-03-20,49.34,2020-04-30,2020-04-29,27,73.95,49.87839481151195,111.18999999999998,0.4485870564934972,2020-07-17,111.19
MPWR,2020-03-20,135.22,2020-04-28,2020-04-27,25,193.87,43.37376127791748,108.91999999999999,0.39821668451999154,2020-08-06,108.92
PRI,2020-03-20,62.35,2020-04-29,2020-04-28,26,100.91,61.844426623897355,108.56000000000002,0.5696796851869689,2020-06-08,108.56
SSRM,2020-03-20,10.77,2020-05-14,2020-05-13,37,17.97,66.85236768802227,107.06,0.6244383307306396,2020-05-19,107.06
XPO,2020-03-20,14.07,2020-05-04,2020-05-01,29,22.2365,58.041933191186914,105.36000000000001,0.5508915450947884,2020-06-05,105.36
ETSY,2020-03-20,31.69,2020-05-07,2020-05-06,32,78.24,146.89176396339536,105.27,1.3953810578834935,2020-04-20,105.27
LRCX,2020-03-20,18.79,2020-04-22,2020-04-21,21,24.363,29.65939329430549,104.89,0.2827666440490561,2020-08-04,104.89
GFI,2020-03-20,4.0,2022-03-30,2022-03-29,510,15.31,282.75,104.0,2.71875,2020-04-24,104.0
TER,2020-03-20,44.29,2020-04-21,2020-04-20,20,62.47,41.04764055091443,102.62,0.3999964972803979,2020-07-20,102.62
QCOM,2020-03-20,60.91,2020-04-29,2020-04-28,26,75.29,23.608602856673787,102.23,0.23093615236891116,2020-09-02,102.23
GIL,2020-03-20,10.14,2020-04-29,2020-04-28,26,15.71,54.930966469428014,102.07,0.5381695549076909,2020-08-24,102.07
AAP,2020-03-20,75.03,2020-05-19,2020-05-18,40,131.11,74.74343595894976,102.05,0.7324197546197919,2020-06-22,102.05
ALLY,2020-03-20,11.7,2020-04-20,2020-04-17,19,15.37,31.367521367521366,101.88,0.3078869392179169,2020-06-08,101.88
CROX,2020-03-20,10.77,2020-04-23,2020-04-22,22,23.3,116.34168987929434,101.58,1.1453208296839372,2020-04-14,101.58
RUN,2020-03-20,8.36,2020-05-06,2020-05-05,31,13.25,58.4928229665072,101.56,0.5759435108951082,2020-05-27,101.56
KMX,2020-03-20,44.27,2020-04-02,2020-04-01,8,52.36,18.27422633837812,101.51,0.18002390245668523,2020-05-27,101.51
PTC,2020-03-20,48.45,2020-04-29,2020-04-28,26,66.37,36.98658410732713,101.44,0.3646153796069316,2020-09-02,101.44
LNC,2020-03-20,17.06,2020-05-06,2020-05-05,31,32.47,90.3282532239156,101.0,0.8943391408308475,2020-04-09,101.0
POOL,2020-03-20,167.78,2020-04-23,2020-04-22,22,190.42,13.493861008463458,100.66,0.1340538546439843,2020-08-27,100.66
OUT,2020-03-20,7.86,2020-05-08,2020-05-07,33,14.805327868852457,88.36294998540019,100.25,0.8814259350164608,2020-04-29,100.25
PLUG,2020-03-19,3.12,2020-05-07,2020-05-06,33,4.17,33.653846153846146,849.16,0.0396319258488932,2021-01-26,849.16
SPCE,2020-03-19,209.8,2020-05-05,2020-05-04,31,333.6,59.00857959961869,143.47,0.41129559907728924,2020-07-22,143.47
GTLS,2020-03-19,16.47,2020-04-23,2020-04-22,23,27.8,68.79174256223439,136.79,0.5029003769444725,2020-04-29,136.79
WPM,2020-03-19,23.74,2020-05-06,2020-05-05,32,42.57,79.31760741364786,136.77,0.5799342503008543,2020-07-27,136.77
W,2020-03-19,23.52,2020-05-05,2020-05-04,31,134.11,470.19557823129253,134.18,3.5042150710336304,2020-03-26,134.18
CNQ,2020-03-19,3.87,2020-05-07,2020-05-06,33,7.482859941234084,93.35555403705642,124.55000000000001,0.7495427863272294,2020-04-29,124.55
HP,2020-03-19,12.8,2020-04-30,2020-04-29,28,21.22,65.78124999999999,121.02,0.5435568501074202,2020-06-08,121.02
BFAM,2020-03-19,69.95,2020-05-06,2020-05-05,32,121.15,73.1951393852752,104.52,0.7002979275284654,2020-09-16,104.52
WH,2020-03-19,21.59,2020-05-04,2020-05-01,30,36.15,67.43862899490505,101.48000000000002,0.6645509360948466,2020-05-08,101.48
FIVE,2020-03-19,52.27,2020-06-09,2020-06-08,55,107.34,105.35680122441171,100.22999999999999,1.051150366401394,2020-05-27,100.23
TRGP,2020-03-18,4.73,2020-05-07,2020-05-06,34,11.66,146.51162790697674,452.85,0.3235323570872844,2020-06-08,452.85
TLRY,2020-03-18,24.7,2021-07-28,2021-07-27,342,127.30000000000001,415.3846153846154,337.65,1.2302224652291291,2020-05-26,337.65
LPSN,2020-03-18,224.25,2020-05-05,2020-05-04,32,343.5,53.17725752508362,321.54,0.16538302396306406,2020-09-01,321.54
MUR,2020-03-18,4.68,2020-05-06,2020-05-05,33,10.46,123.50427350427356,291.88,0.4231337313425845,2020-06-08,291.88
BE,2020-03-18,3.07,2020-05-11,2020-05-08,36,8.3,170.3583061889251,285.86,0.5959501370913213,2020-10-09,285.86
WIX,2020-03-18,81.5,2020-05-14,2020-05-13,39,166.2,103.92638036809814,279.87,0.37133805112408663,2020-08-05,279.87
HAL,2020-03-18,4.61,2020-04-20,2020-04-17,21,7.58,64.42516268980476,262.47,0.24545724345565115,2020-08-12,262.47
PLAY,2020-03-18,4.87,2020-06-11,2020-06-10,58,17.31,255.441478439425,255.43999999999997,1.000005787814849,2020-03-26,255.44
ADNT,2020-03-18,6.53,2020-05-05,2020-05-04,32,14.81,126.79938744257275,241.19000000000003,0.5257240658508758,2020-06-08,241.19
WING,2020-03-18,49.72,2020-05-06,2020-05-05,33,120.94,143.24215607401447,239.26,0.5986882724818795,2020-08-06,239.26
SVC,2020-03-18,4.17,2020-05-11,2020-05-08,36,6.52,56.35491606714626,213.43,0.2640440241163204,2020-06-08,213.43
WCC,2020-03-18,15.77,2020-04-30,2020-04-29,29,29.12,84.6544071020926,206.53,0.40988915461236913,2020-08-28,206.53
PEB,2020-03-18,6.2,2020-05-07,2020-05-06,34,10.11,63.064516129032235,195.48,0.3226136491151639,2020-06-08,195.48
CHDN,2020-03-18,30.52,2020-04-29,2020-04-28,28,51.005,67.11992136304063,195.32,0.34364080157198773,2020-09-02,195.32
BOOT,2020-03-18,10.46,2020-05-20,2020-05-19,43,21.96,109.94263862332696,177.63,0.618941837658768,2020-06-05,177.63
NUS,2020-03-18,12.52,2020-05-06,2020-05-05,33,27.34,118.37060702875402,169.84,0.6969536447759892,2020-10-02,169.84
VTR,2020-03-18,16.97,2020-05-08,2020-05-07,35,27.08,59.575721862109596,169.24,0.3520191554130796,2020-06-08,169.24
GLPI,2020-03-18,15.14,2020-04-30,2020-04-29,29,28.830052606118176,90.42306873261674,166.91,0.5417474611024908,2020-06-08,166.91
PENN,2020-03-18,4.52,2020-05-07,2020-05-06,34,15.755,248.56194690265488,157.34,1.5797759431972471,2021-03-15,157.34
RHP,2020-03-18,14.08,2020-05-07,2020-05-06,34,29.13,106.88920454545455,154.83,0.6903649457175904,2020-03-30,154.83
TPH,2020-03-18,6.14,2020-04-23,2020-04-22,24,9.61,56.51465798045603,148.62,0.3802628043362672,2020-10-02,148.62
PFGC,2020-03-18,11.42,2020-05-04,2020-05-01,31,26.91,135.63922942206656,145.53,0.9320362084935516,2020-03-26,145.53
TNDM,2020-03-18,47.37,2020-04-30,2020-04-29,29,74.57,57.42030821194848,145.07,0.3958110444057936,2020-09-01,145.07
DECK,2020-03-18,15.19,2020-05-21,2020-05-20,44,27.084999999999997,78.30809743252138,144.98,0.5401303450994716,2020-08-11,144.98
HGV,2020-03-18,10.53,2020-04-30,2020-04-29,29,20.93,98.76543209876544,143.59,0.6878294595637959,2020-06-08,143.59
DVN,2020-03-18,5.41,2020-05-05,2020-05-04,32,11.42,111.090573012939,142.51,0.779528264773974,2020-05-18,142.51
EPRT,2020-03-18,7.68,2020-05-11,2020-05-08,36,13.32,73.4375,142.45,0.5155317655317656,2020-06-08,142.45
FANG,2020-03-18,15.56,2020-05-04,2020-05-01,31,40.28,158.86889460154242,140.87,1.1277695364629972,2020-04-08,140.87
OI,2020-03-18,4.64,2020-04-29,2020-04-28,28,7.75,67.02586206896552,139.01,0.48216575835526604,2020-06-08,139.01
AEM,2020-03-18,36.36,2020-04-30,2020-04-29,29,60.62,66.72167216721672,137.82,0.48412184129456337,2020-09-14,137.82
DELL,2020-03-18,14.63,2020-05-28,2020-05-27,48,23.0885960466295,57.816787741828435,137.17,0.4214973226057333,2020-09-02,137.17
CHGG,2020-03-18,27.71,2020-05-04,2020-05-01,31,42.36,52.869000360880534,136.47,0.38740382766088177,2020-10-20,136.47
NTRA,2020-03-18,17.27,2020-05-06,2020-05-05,33,36.31,110.24898668210774,135.97,0.8108331740980198,2020-10-12,135.97
CTRE,2020-03-18,8.0,2020-05-07,2020-05-06,34,15.675,95.93750000000001,134.88,0.7112803973902729,2020-04-09,134.88
OHI,2020-03-18,14.87,2020-05-04,2020-05-01,31,27.08,82.11163416274378,134.63,0.6099059211375161,2020-04-14,134.63
ZG,2020-03-18,23.51,2020-05-07,2020-05-06,34,42.92,82.56061250531688,134.41,0.6142445688960411,2020-05-11,134.41
CBRL,2020-03-18,56.72,2020-06-02,2020-06-01,51,107.69,89.86248236953456,134.2,0.6696161130367703,2020-06-08,134.2
AVTR,2020-03-18,8.27,2020-04-29,2020-04-28,28,13.81,66.98911729141477,132.65,0.5050065381938542,2020-06-03,132.65
CAR,2020-03-18,7.78,2020-05-04,2020-05-01,31,13.9,78.66323907455013,130.21,0.604125943280471,2020-03-24,130.21
USFD,2020-03-18,9.72,2020-05-05,2020-05-04,32,19.94,105.14403292181069,130.14,0.8079301745951337,2020-04-29,130.14
DRI,2020-03-18,34.16,2020-06-25,2020-06-24,68,70.81,107.28922716627638,128.95,0.8320219245155207,2020-04-29,128.95
GT,2020-03-18,4.57,2020-04-30,2020-04-29,29,8.06,76.36761487964989,128.67,0.593515309548845,2020-06-08,128.67
IRTC,2020-03-18,57.79,2020-05-07,2020-05-06,34,109.87,90.11939781969201,126.99000000000001,0.7096574361736515,2020-05-15,126.99
PMT,2020-03-18,5.68,2020-05-07,2020-05-06,34,9.72,71.1267605633803,126.23,0.5634695441921912,2020-03-26,126.23
SBRA,2020-03-18,5.92,2020-05-06,2020-05-05,33,12.235,106.67229729729728,125.84,0.847681955636501,2020-04-14,125.84
PBR,2020-03-18,4.31,2020-05-15,2020-05-14,40,6.04,40.139211136890964,125.51999999999998,0.3197833901919293,2020-06-08,125.52
MED,2020-03-18,51.98,2020-05-05,2020-05-04,32,73.51,41.41977683724512,125.26000000000002,0.3306704202238952,2020-06-08,125.26
EPR,2020-03-18,13.92,2020-05-06,2020-05-05,33,26.97,93.75,123.85,0.7569640694388373,2020-04-29,123.85
AVGO,2020-03-18,16.79,2020-06-04,2020-06-03,53,30.953,84.35378201310304,123.39,0.6836354811014105,2020-09-02,123.39
FUN,2020-03-18,13.45,2020-05-06,2020-05-05,33,26.86,99.70260223048328,123.35000000000001,0.8082902491324141,2020-04-29,123.35
CGC,2020-03-18,97.3,2020-05-29,2020-05-28,49,217.2,123.22713257965057,123.22999999999999,0.9999767311502927,2020-05-28,123.23
Z,2020-03-18,25.01,2020-05-07,2020-05-06,34,43.43,73.65053978408636,122.95,0.5990283837664607,2020-05-11,122.95
DBI,2020-03-18,3.17,2020-06-18,2020-06-17,63,7.33,131.23028391167196,122.39999999999999,1.0721428424156205,2020-03-25,122.4
CPA,2020-03-18,27.65,2020-05-06,2020-05-05,33,41.54,50.23508137432189,122.03,0.41166173378941157,2020-06-08,122.03
COP,2020-03-18,22.67,2020-04-30,2020-04-29,29,42.21,86.19320688134098,121.92,0.7069652795385578,2020-06-08,121.92
ARMK,2020-03-18,12.94,2020-05-05,2020-05-04,32,18.447725631768954,42.56356747889454,121.09999999999998,0.3514745456556114,2020-04-29,121.1
WGO,2020-03-18,20.57,2020-06-24,2020-06-23,67,70.9,244.67671366067088,121.05,2.021286358204634,2020-04-29,121.05
DXCM,2020-03-18,47.79,2020-04-28,2020-04-27,27,83.7625,75.27202343586525,120.41999999999999,0.6250790851674577,2020-05-11,120.42
TMHC,2020-03-18,7.05,2020-05-06,2020-05-05,33,14.37,103.82978723404253,120.28000000000002,0.8632340142504367,2020-04-29,120.28
CPRI,2020-03-18,7.52,2020-07-01,2020-06-30,72,15.63,107.84574468085108,120.21,0.8971445360689717,2020-04-29,120.21
OMF,2020-03-18,14.34,2020-04-27,2020-04-24,26,19.07,32.98465829846584,120.00999999999999,0.2748492483831834,2020-06-08,120.01
ENPH,2020-03-18,23.99,2020-05-05,2020-05-04,32,43.98,83.32638599416424,119.92,0.6948497831401288,2020-06-16,119.92
DAN,2020-03-18,4.32,2020-04-30,2020-04-29,29,10.44,141.66666666666666,119.91000000000001,1.1814416367831428,2020-04-09,119.91
LPLA,2020-03-18,39.02,2020-04-30,2020-04-29,29,61.45,57.483341875961045,119.22,0.4821619013249543,2020-06-09,119.22
WTFC,2020-03-18,24.31,2020-04-21,2020-04-20,22,33.855,39.26367749897162,118.43,0.33153489402154535,2020-06-08,118.43
GPI,2020-03-18,32.39,2020-05-05,2020-05-04,32,53.71,65.82278481012658,118.43,0.5557948561186066,2020-05-27,118.43
NCLH,2020-03-18,7.77,2020-05-14,2020-05-13,39,10.31,32.6898326898327,118.28,0.2763766713715987,2020-03-25,118.28
MTH,2020-03-18,13.64,2020-04-28,2020-04-27,27,22.34,63.782991202346025,118.02999999999999,0.5403964348245872,2020-05-08,118.03
BWA,2020-03-18,19.73,2020-05-06,2020-05-05,33,23.71417253521127,20.19347458292584,117.58999999999999,0.1717278219485147,2020-09-02,117.59
FCX,2020-03-18,5.31,2020-04-24,2020-04-23,25,7.81,47.08097928436912,116.01000000000002,0.4058355252510052,2020-06-10,116.01
BYD,2020-03-18,7.84,2020-04-28,2020-04-27,27,16.44,109.69387755102042,115.82,0.9471065234935282,2020-03-26,115.82
RCL,2020-03-18,22.33,2020-05-20,2020-05-19,43,42.15,88.75951634572326,115.23,0.7702813186298989,2020-04-29,115.23
WDAY,2020-03-18,113.87,2020-05-27,2020-05-26,47,168.34,47.8352507245104,114.16999999999999,0.4189826637865499,2020-08-28,114.17
FLR,2020-03-18,3.4,2020-10-22,2020-10-21,151,11.68,243.52941176470586,114.12,2.1339766190387826,2020-03-26,114.12
LYFT,2020-03-18,16.05,2020-05-06,2020-05-05,33,26.68,66.23052959501557,113.83000000000001,0.5818372098305856,2020-04-27,113.83
MOS,2020-03-18,7.01,2020-05-05,2020-05-04,32,10.98,56.6333808844508,113.69,0.498138630349642,2020-06-08,113.69
APTV,2020-03-18,33.55,2020-05-05,2020-05-04,32,64.27,91.56482861400895,113.59000000000002,0.8060993803504616,2020-04-29,113.59
DIN,2020-03-18,17.0,2020-04-29,2020-04-28,28,37.43,120.17647058823529,113.35,1.0602247074392175,2020-03-26,113.35
WSM,2020-03-18,15.33,2020-05-28,2020-05-27,48,36.675,139.2367906066536,113.23999999999998,1.2295725062403182,2020-04-29,113.24
VRT,2020-03-18,5.57,2020-05-05,2020-05-04,32,10.09,81.14901256732495,112.94,0.7185143666311753,2020-10-07,112.94
FITB,2020-03-18,11.67,2020-04-21,2020-04-20,22,16.68,42.930591259640096,112.25,0.382455155987885,2020-06-08,112.25
TRMB,2020-03-18,21.32,2020-05-06,2020-05-05,33,32.83,53.98686679174482,111.91,0.4824132498592157,2020-06-08,111.91
UBER,2020-03-18,14.82,2020-05-07,2020-05-06,34,27.82,87.71929824561404,111.67,0.7855225060053196,2020-04-29,111.67
APLE,2020-03-18,4.84,2020-05-18,2020-05-15,41,8.16,68.59504132231406,111.57,0.6148161810729952,2020-04-29,111.57
QSR,2020-03-18,28.25,2020-05-01,2020-04-30,30,49.3,74.51327433628319,111.43,0.6687002991679366,2020-06-08,111.43
WMB,2020-03-18,9.25,2020-05-04,2020-05-01,31,18.55,100.54054054054053,111.14,0.9046296611529651,2020-05-11,111.14
MD,2020-03-18,7.89,2020-05-07,2020-05-06,34,13.84,75.41191381495564,110.77,0.6807972719595166,2020-05-27,110.77
WAL,2020-03-18,22.16,2020-04-16,2020-04-15,19,29.66,33.84476534296028,110.50999999999999,0.30625975335227834,2020-06-08,110.51
MGM,2020-03-18,7.14,2020-04-30,2020-04-29,29,17.46,144.53781512605045,110.08,1.3130252100840338,2020-04-08,110.08
AIG,2020-03-18,18.78,2020-05-04,2020-05-01,31,23.9,27.26304579339722,110.01,0.24782334145438797,2020-06-08,110.01
ESNT,2020-03-18,19.54,2020-05-08,2020-05-07,35,28.96,48.2088024564995,109.93000000000002,0.43854091200308826,2020-06-08,109.93
VAC,2020-03-18,36.81,2020-05-22,2020-05-21,45,90.89,146.91659875033957,109.59,1.3406022333273069,2020-04-15,109.59
BLDR,2020-03-18,10.65,2020-04-30,2020-04-29,29,19.54,83.47417840375586,109.3,0.7637161793573272,2020-05-27,109.3
EOG,2020-03-18,29.76,2020-05-07,2020-05-06,34,45.84,54.03225806451613,108.7,0.49707689111790365,2020-06-08,108.7
CRH,2020-03-18,18.64,2024-05-10,2024-05-09,1043,80.32,330.901287553648,108.64,3.045851321370103,2020-07-20,108.64
MRVL,2020-03-18,17.25,2020-05-28,2020-05-27,48,30.7,77.97101449275361,108.46000000000001,0.7188918909529192,2020-06-03,108.46
SRPT,2020-03-18,82.38,2020-05-06,2020-05-05,33,119.44,44.98664724447683,108.42,0.41492941564726826,2020-06-22,108.42
SPB,2020-03-18,24.36,2020-04-30,2020-04-29,29,42.92,76.1904761904762,108.33,0.70331834386113,2020-05-27,108.33
AXSM,2020-03-18,41.2,2020-05-08,2020-05-07,35,91.82,122.86407766990285,108.23,1.1352127660528768,2020-06-26,108.23
AN,2020-03-18,22.55,2020-05-11,2020-05-08,36,38.32,69.93348115299334,107.63000000000001,0.649758256554802,2020-10-21,107.63
NGVT,2020-03-18,27.84,2020-04-29,2020-04-28,28,42.54,52.801724137931025,107.61,0.49067674136168593,2020-05-27,107.61
WYNN,2020-03-18,43.02,2020-05-06,2020-05-05,33,79.67,85.19293351929333,106.95000000000002,0.7965678683430886,2020-04-29,106.95
SQM,2020-03-18,15.87,2020-05-20,2020-05-19,43,23.57,48.5192186515438,106.54999999999998,0.45536573112664297,2020-08-12,106.55
BILL,2020-03-18,29.21,2020-05-07,2020-05-06,34,65.9,125.60766860664158,106.44,1.180079562257061,2020-04-29,106.44
AGCO,2020-03-18,36.97,2020-05-05,2020-05-04,32,49.64,34.27103056532324,106.28,0.3224598284279567,2020-09-16,106.28
PBA,2020-03-18,11.66,2020-05-07,2020-05-06,34,22.01,88.76500857632934,106.17000000000002,0.8360648825122853,2020-04-29,106.17
IIPR,2020-03-18,46.51,2020-05-06,2020-05-05,33,77.07,65.70629972049021,106.11,0.6192281568230158,2020-06-08,106.11
KBR,2020-03-18,13.08,2020-04-29,2020-04-28,28,21.37,63.37920489296636,106.04,0.5976914833361595,2020-06-08,106.04
MANH,2020-03-18,37.44,2020-04-21,2020-04-20,22,55.35,47.83653846153848,105.98,0.45137326346044987,2020-05-11,105.98
EXPE,2020-03-18,45.65,2020-05-20,2020-05-19,43,76.35,67.25082146768892,105.89,0.6351007788052595,2020-06-08,105.89
CDNS,2020-03-18,54.32,2020-04-20,2020-04-17,21,78.65,44.79013254786452,105.76,0.4235073047264043,2020-08-03,105.76
CNK,2020-03-18,6.58,2020-06-03,2020-06-02,52,15.95,142.40121580547108,105.62,1.348241013117507,2020-04-21,105.62
VICI,2020-03-18,11.2,2020-04-30,2020-04-29,29,17.9,59.821428571428555,105.27,0.568266634097355,2020-06-05,105.27
SYY,2020-03-18,31.24,2020-05-05,2020-05-04,32,53.83,72.31113956466069,105.22,0.6872375932775203,2020-06-08,105.22
PINS,2020-03-18,10.92,2020-05-05,2020-05-04,32,21.43,96.24542124542124,105.22,0.9147065315094206,2020-06-10,105.22
GDOT,2020-03-18,16.98,2020-05-11,2020-05-08,36,31.5,85.51236749116606,105.18,0.8130097688834955,2020-05-12,105.18
HALO,2020-03-18,13.9,2020-05-11,2020-05-08,36,23.61,69.85611510791365,105.10999999999999,0.6646000866512574,2020-07-02,105.11
RLJ,2020-03-18,4.28,2020-05-11,2020-05-08,36,9.09,112.38317757009347,104.91,1.0712341775816745,2020-04-09,104.91
OLLI,2020-03-18,34.25,2020-05-28,2020-05-27,48,89.87,162.39416058394164,104.85,1.5488236584066917,2020-04-28,104.85
TKR,2020-03-18,24.27,2020-05-01,2020-04-30,30,37.58,54.841367943963746,104.82000000000001,0.5231956491505796,2020-06-08,104.82
LAD,2020-03-18,63.38,2020-04-22,2020-04-21,23,87.95,38.766172294099086,104.71999999999998,0.37018881105900586,2020-05-27,104.72
NXPI,2020-03-18,64.56,2020-04-28,2020-04-27,27,97.13,50.449194547707556,104.62,0.48221367374983326,2020-09-02,104.62
STNG,2020-03-18,13.02,2020-05-06,2020-05-05,33,21.25,63.21044546850998,104.61,0.6042485944795907,2020-04-27,104.61
FSLR,2020-03-18,30.2,2020-05-07,2020-05-06,34,43.12,42.78145695364237,104.56999999999998,0.4091178823146445,2020-07-14,104.57
DHI,2020-03-18,28.78,2020-04-28,2020-04-27,27,42.11,46.31688672689367,104.41,0.4436058493141813,2020-05-27,104.41
ON,2020-03-18,8.45,2020-05-09,2020-05-08,36,17.12,102.60355029585804,104.14000000000001,0.9852463058945461,2020-04-29,104.14
KBH,2020-03-18,11.06,2020-06-24,2020-06-23,67,34.07,208.04701627486435,104.07,1.9991065270958428,2020-04-09,104.07
TNET,2020-03-18,29.57,2020-04-28,2020-04-27,27,44.82,51.572539736219134,103.95999999999998,0.49608060538879517,2020-06-08,103.96
TTD,2020-03-18,14.44,2020-05-07,2020-05-06,34,31.224000000000004,116.23268698060944,103.75000000000001,1.1203150552347898,2020-04-29,103.75
SU,2020-03-18,10.45,2020-05-05,2020-05-04,32,16.83,61.052631578947356,103.64,0.5890836701943976,2020-06-08,103.64
HUBS,2020-03-18,104.71,2020-05-06,2020-05-05,33,171.42,63.70929233120046,103.63,0.6147765350882993,2020-06-01,103.63
THC,2020-03-18,11.01,2020-05-04,2020-05-01,31,17.49,58.855585831062655,103.54,0.5684333188242481,2020-04-17,103.54
GDDY,2020-03-18,41.92,2020-05-06,2020-05-05,33,68.62,63.69274809160306,103.32,0.6164609764963518,2020-09-02,103.32
LYV,2020-03-18,29.5,2020-05-07,2020-05-06,34,38.49,30.474576271186436,103.29000000000002,0.29503898026126857,2020-09-16,103.29
SNAP,2020-03-18,8.37,2020-04-21,2020-04-20,22,12.92,54.360812425328575,103.23,0.5265989772869183,2020-04-22,103.23
ESTC,2020-03-18,44.12,2020-06-03,2020-06-02,52,88.74,101.13327289211243,103.22,0.9797836939751252,2020-06-01,103.22
ARWR,2020-03-18,20.56,2020-05-07,2020-05-06,34,34.23,66.48832684824902,103.10999999999999,0.6448290839709924,2020-06-23,103.11
THO,2020-03-18,34.61,2020-06-08,2020-06-05,55,100.0,188.9338341519792,103.08999999999999,1.8327076743814066,2020-04-29,103.09
EAT,2020-03-18,7.62,2020-04-29,2020-04-28,28,19.14,151.1811023622047,103.02,1.4674927427897955,2020-03-25,103.02
NSP,2020-03-18,26.11,2020-05-04,2020-05-01,31,47.08,80.31405591727308,102.99000000000001,0.7798238267528214,2020-05-05,102.99
DAR,2020-03-18,14.03,2020-05-06,2020-05-05,33,20.51,46.186742694226666,102.99000000000001,0.44845851727572256,2020-07-23,102.99
TREX,2020-03-18,31.53,2020-05-04,2020-05-01,31,45.945,45.71836346336822,102.98,0.4439538110639757,2020-05-26,102.98
NHI,2020-03-18,33.56,2020-05-11,2020-05-08,36,52.7,57.032181168057214,102.95,0.5539794188252279,2020-06-08,102.95
HCA,2020-03-18,68.13,2020-04-21,2020-04-20,22,110.43,62.0871862615588,102.8,0.6039609558517393,2020-09-02,102.8
CZR,2020-03-18,3.52,2020-05-11,2020-05-08,36,21.09,499.14772727272725,102.56,4.866885016309743,2020-03-25,102.56
PZZA,2020-03-18,35.55,2020-05-06,2020-05-05,33,76.16,114.23347398030943,102.53000000000002,1.1141468251273716,2020-04-24,102.53
FLEX,2020-03-18,5.88,2020-05-07,2020-05-06,34,6.669178598342125,13.421404733709608,102.21000000000001,0.13131205100977994,2020-06-09,102.21
MEDP,2020-03-18,61.71,2020-04-28,2020-04-27,27,86.46,40.106951871657735,102.17,0.3925511585754892,2020-07-29,102.17
DXC,2020-03-18,9.31,2020-05-28,2020-05-27,48,17.68,89.90332975295381,102.15,0.8801109129021419,2020-04-29,102.15
RGLD,2020-03-18,69.64,2020-05-06,2020-05-05,33,128.44,84.43423319931074,102.05,0.8273810210613497,2020-07-27,102.05
SNX,2020-03-18,32.98,2020-06-25,2020-06-24,68,51.3942,55.834445118253505,102.02,0.5472892091575525,2020-09-02,102.02
HUYA,2020-03-18,12.36,2020-05-20,2020-05-19,43,18.75,51.6990291262136,102.02,0.5067538632249912,2020-07-21,102.02
FTI,2020-03-18,5.01,2020-04-22,2020-04-21,23,5.602678571428572,11.829911605360731,102.0,0.11597952554275227,2020-06-08,102.0
URI,2020-03-18,69.59,2020-04-29,2020-04-28,28,116.55,67.48095990803276,101.86999999999999,0.6624223020323231,2020-05-27,101.87
PLNT,2020-03-18,27.54,2020-05-05,2020-05-04,32,57.44,108.56935366739289,101.85,1.0659730355168668,2020-04-09,101.85
PK,2020-03-18,4.92,2020-05-11,2020-05-08,36,8.72,77.23577235772359,101.83,0.7584775837938091,2020-03-26,101.83
VRNS,2020-03-18,17.06,2020-05-04,2020-05-01,31,21.46666666666667,25.830402500976966,101.68000000000002,0.2540362165713706,2020-07-08,101.68
JACK,2020-03-18,18.59,2020-05-13,2020-05-12,38,65.83,254.11511565357722,101.66999999999999,2.49941099295345,2020-03-25,101.67
MTZ,2020-03-18,23.36,2020-04-30,2020-04-29,29,37.93,62.37157534246576,101.49999999999999,0.6144982792361159,2020-06-05,101.5
BYND,2020-03-18,54.02,2020-05-05,2020-05-04,32,95.16,76.1569788967049,101.37,0.7512772900927779,2020-04-24,101.37
TDG,2020-03-18,245.79,2020-05-05,2020-05-04,32,342.43,39.31811709182635,101.37,0.387867387706682,2020-06-08,101.37
FICO,2020-03-18,212.0,2020-04-29,2020-04-28,28,324.89,53.25,101.34999999999998,0.5254070054267391,2020-06-10,101.35
TXRH,2020-03-18,30.41,2020-05-04,2020-05-01,31,44.86,47.517264057875686,101.22,0.46944540661801704,2020-06-05,101.22
OKE,2020-03-18,15.37,2020-04-28,2020-04-27,27,28.52,85.55627846454132,101.17,0.845668463621047,2020-04-29,101.17
SONO,2020-03-18,6.97,2020-05-07,2020-05-06,34,10.05,44.18938307030131,101.0,0.43751864426040904,2020-06-17,101.0
ASML,2020-03-18,196.99,2020-04-15,2020-04-14,18,288.93,46.67241991979287,100.95,0.4623320447725891,2020-07-10,100.95
NICE,2020-03-18,117.47,2020-05-14,2020-05-13,39,169.17,44.01123691155186,100.92000000000002,0.4361002468445488,2020-08-26,100.92
AER,2020-03-18,15.14,2020-05-05,2020-05-04,32,27.23,79.85468956406869,100.92000000000002,0.7912672370597372,2020-05-08,100.92
CMG,2020-03-18,9.3,2020-04-21,2020-04-20,22,16.1746,73.9204301075269,100.75,0.7337015395288028,2020-05-11,100.75
PANW,2020-03-18,22.1,2020-05-21,2020-05-20,44,39.079966666666664,76.83242835595775,100.54,0.7641976164308507,2020-08-06,100.54
LOW,2020-03-18,65.02,2020-05-20,2020-05-19,43,116.87,79.74469394032606,100.48000000000002,0.7936374795016525,2020-05-29,100.48
RGNX,2020-03-18,21.5,2020-05-07,2020-05-06,34,41.24,91.8139534883721,100.47,0.9138444658940194,2020-04-27,100.47
WEN,2020-03-18,7.47,2020-05-06,2020-05-05,33,18.81,151.80722891566262,100.4,1.5120241923870779,2020-03-30,100.4
CRL,2020-03-18,98.9,2020-05-07,2020-05-06,34,143.66,45.25783619817996,100.4,0.4507752609380474,2020-07-23,100.4
TECK,2020-03-18,6.12,2020-04-21,2020-04-20,22,7.49,22.38562091503269,100.33000000000001,0.2231199134359881,2020-06-08,100.33
CLH,2020-03-18,31.36,2020-04-29,2020-04-28,28,56.31,79.55994897959184,100.12999999999998,0.7945665532766589,2020-05-27,100.13
CLB,2020-03-17,7.99,2020-04-22,2020-04-21,24,12.08,51.18898623279098,264.83,0.19328998313178636,2020-06-08,264.83
INMD,2020-03-17,7.43,2020-05-06,2020-05-05,34,13.005,75.03364737550473,135.46,0.5539173732135296,2020-06-08,135.46
GVA,2020-03-17,10.1,2021-02-25,2021-02-24,237,36.28,259.2079207920792,113.86,2.2765494536455226,2020-06-08,113.86
HRTX,2020-03-17,10.23,2020-05-06,2020-05-05,34,14.38,40.56695992179864,109.87,0.36922690381176515,2020-06-22,109.87
BL,2020-03-17,42.38,2020-04-30,2020-04-29,30,59.5,40.39641340254836,107.81,0.37470005938733286,2020-07-02,107.81
APLS,2020-03-17,17.91,2020-04-29,2020-04-28,29,36.51,103.85259631490786,102.34999999999998,1.0146809605755533,2020-04-22,102.35
HLF,2020-03-17,23.34,2020-05-07,2020-05-06,35,33.8,44.81576692373606,100.17,0.4473970941772592,2020-07-02,100.17
NVAX,2020-03-16,6.91,2020-05-11,2020-05-08,38,18.73,171.0564399421129,2483.36,0.06888104823388992,2020-08-10,2483.36
TWLO,2020-03-16,71.7,2020-05-06,2020-05-05,35,116.57,62.5801952580195,235.13000000000002,0.2661514704972547,2020-10-13,235.13
DDOG,2020-03-16,28.96,2020-05-11,2020-05-08,38,51.73,78.62569060773478,201.68,0.3898536821089587,2020-10-13,201.68
NVDA,2020-03-16,4.91,2020-05-21,2020-05-20,46,8.97,82.68839103869654,192.19,0.43024294208177605,2020-09-02,192.19
ADPT,2020-03-16,16.96,2020-05-12,2020-05-11,39,38.12,124.76415094339619,187.79,0.6643812287310091,2020-07-08,187.79
LULU,2020-03-16,138.98,2020-06-11,2020-06-10,60,323.25,132.58742265074113,186.58,0.710619694772972,2020-09-02,186.58
NET,2020-03-16,15.92,2020-05-07,2020-05-06,36,24.95,56.72110552763818,167.02,0.3396066670317218,2020-08-03,167.02
SPOT,2020-03-16,117.64,2020-04-29,2020-04-28,30,139.78,18.820129207752466,148.0,0.12716303518751668,2020-09-01,148.0
CRWD,2020-03-16,33.01,2020-06-02,2020-06-01,53,94.84,187.30687670402912,147.17,1.2727245818035546,2020-10-13,147.17
MDB,2020-03-16,98.97,2020-06-04,2020-06-03,55,233.96,136.39486713145396,140.86,0.968300916736149,2020-06-01,140.86
SAM,2020-03-16,306.3,2020-04-22,2020-04-21,25,410.56,34.03852432255958,138.7,0.24541113426502947,2020-10-23,138.7
JD,2020-03-16,35.24,2020-05-15,2020-05-14,42,48.96,38.93303064699205,136.12,0.2860199136570089,2020-09-02,136.12
FDX,2020-03-16,90.49,2020-06-30,2020-06-29,73,134.55,48.690463034589484,134.03,0.3632803330193948,2020-12-08,134.03
TSCO,2020-03-16,13.47,2020-04-23,2020-04-22,26,19.086000000000002,41.69265033407574,129.56,0.3218018704389915,2020-08-26,129.56
DT,2020-03-16,19.37,2020-05-12,2020-05-11,39,33.5,72.9478575116159,127.47,0.5722747117879964,2020-07-09,127.47
CRM,2020-03-16,124.3,2020-05-28,2020-05-27,50,176.6,42.07562349155269,126.27,0.33321947803558005,2020-09-01,126.27
AMD,2020-03-16,38.71,2020-04-28,2020-04-27,29,56.49,45.931283905967454,124.0,0.3704135798868343,2020-08-06,124.0
SHAK,2020-03-16,32.51,2020-05-04,2020-05-01,33,51.7,59.027991387265466,121.89000000000001,0.48427263423796424,2020-09-15,121.89
BOX,2020-03-16,9.12,2020-05-27,2020-05-26,49,19.52,114.03508771929825,119.08000000000001,0.9576342603232972,2020-05-29,119.08
LYB,2020-03-16,34.9,2020-05-01,2020-04-30,32,57.95,66.04584527220632,118.87999999999998,0.5555673390999859,2020-06-08,118.88
PD,2020-03-16,12.87,2020-06-04,2020-06-03,55,28.32,120.04662004662006,116.63,1.02929452153494,2020-05-22,116.63
FSLY,2020-03-16,11.13,2020-05-06,2020-05-05,35,22.74,104.31266846361184,115.45,0.9035311257133983,2020-04-20,115.45
FIVN,2020-03-16,56.45,2020-05-04,2020-05-01,33,91.83,62.67493356953055,114.23999999999998,0.5486251187809048,2020-07-09,114.24
ARGX,2020-03-16,108.83,2020-05-14,2020-05-13,41,148.36,36.32270513645135,113.84,0.3190680352815473,2020-06-02,113.84
VEEV,2020-03-16,120.93,2020-05-28,2020-05-27,50,191.99,58.76126684859009,112.26,0.5234390419436138,2020-07-09,112.26
BEAM,2020-03-16,13.31,2020-05-12,2020-05-11,39,20.71,55.59729526671675,111.33999999999999,0.49934700257514597,2020-06-03,111.34
BLD,2020-03-16,59.12,2020-05-05,2020-05-04,34,89.01,50.55818673883628,111.08,0.4551511229639564,2020-05-27,111.08
EPAM,2020-03-16,160.13,2020-05-07,2020-05-06,36,222.97,39.243114969087614,110.92,0.3537965648132673,2020-09-02,110.92
RAMP,2020-03-16,26.21,2020-05-21,2020-05-20,46,38.89,48.37848149561237,110.76000000000002,0.43678657905031026,2020-08-10,110.76
IOVA,2020-03-16,19.54,2020-05-05,2020-05-04,34,32.25,65.0460593654043,109.83000000000001,0.5922430971993472,2020-05-22,109.83
DOW,2020-03-16,22.0,2020-04-30,2020-04-29,31,37.47,70.31818181818181,108.64,0.6472586691658856,2020-06-08,108.64
SMTC,2020-03-16,26.99,2020-05-27,2020-05-26,49,49.05,81.7339755464987,108.56000000000002,0.7528921844740115,2020-06-05,108.56
CRSP,2020-03-16,33.68,2020-04-28,2020-04-27,29,55.0,63.30166270783848,107.66,0.5879775469797369,2020-05-22,107.66
WLK,2020-03-16,29.87,2020-05-04,2020-05-01,33,40.38,35.1858051556746,105.89,0.33228638356478046,2020-08-11,105.89
MCHP,2020-03-16,27.88,2020-05-07,2020-05-06,36,41.88,50.21520803443329,105.65,0.4752977570698844,2020-09-02,105.65
RARE,2020-03-16,33.8,2020-05-06,2020-05-05,35,64.68,91.36094674556216,104.05,0.8780485030808474,2020-04-27,104.05
RNG,2020-03-16,138.96,2020-05-06,2020-05-05,35,234.17,68.51611974668967,103.66,0.6609697062192714,2020-05-13,103.66
NTNX,2020-03-16,12.49,2020-05-27,2020-05-26,49,24.41,95.43634907926342,102.95999999999998,0.9269264673588135,2020-06-08,102.96
QTWO,2020-03-16,50.63,2020-05-06,2020-05-05,35,79.74,57.49555599446967,102.53000000000002,0.56076812634809,2020-08-06,102.53
EDIT,2020-03-16,14.88,2020-05-07,2020-05-06,36,25.01,68.07795698924733,102.27999999999999,0.6656038031799699,2020-05-22,102.28
RPD,2020-03-16,33.4,2020-05-07,2020-05-06,36,47.75,42.96407185628743,100.84,0.4260617994475152,2020-09-02,100.84
SWKS,2020-03-16,67.9,2020-05-04,2020-05-01,33,98.83,45.55228276877761,100.53,0.453121284877923,2020-06-05,100.53
KNSL,2020-03-16,84.33,2020-04-30,2020-04-29,31,117.67,39.535159492470065,100.51999999999998,0.39330640163619246,2020-07-27,100.52
ROKU,2020-03-16,63.84,2020-05-07,2020-05-06,36,127.52,99.74937343358394,100.49999999999999,0.9925310789411339,2020-04-16,100.5
OKTA,2020-03-16,96.08,2020-05-28,2020-05-27,50,179.42,86.74021648626145,100.34,0.8644629906942539,2020-05-22,100.34
FRPT,2020-03-16,43.78,2020-05-04,2020-05-01,33,72.78,66.24029237094564,100.05999999999999,0.6620057202772901,2020-06-23,100.06
ZM,2020-03-13,107.47,2020-06-02,2020-06-01,54,204.15,89.95998883409324,320.46,0.2807214280537142,2020-10-19,320.46
AG,2020-03-13,5.0,2020-05-14,2020-05-13,42,7.65,53.0,114.6,0.4624781849912741,2020-06-01,114.6
MRNA,2020-03-13,21.3,2020-05-07,2020-05-06,37,48.95,129.81220657276995,110.17000000000002,1.1782899752452567,2020-10-13,110.17
KGC,2020-03-13,3.47,2020-05-05,2020-05-04,35,6.85,97.40634005763687,104.32,0.9337264192641571,2020-04-24,104.32
ZS,2020-03-12,39.5,2020-05-28,2020-05-27,52,74.53,88.68354430379748,303.44,0.2922605599255124,2020-09-01,303.44
DOCU,2020-03-12,68.68,2020-06-04,2020-06-03,57,147.45,114.69132207338374,291.38,0.3936142565494672,2020-09-01,291.38
FCEL,2020-03-12,32.7,2020-06-12,2020-06-11,63,76.5,133.94495412844037,190.83,0.7019072165196266,2020-08-19,190.83
PTON,2020-03-12,19.51,2020-05-06,2020-05-05,37,36.22,85.64838544336236,186.04,0.460376184924545,2021-01-13,186.04
BGS,2020-03-12,11.63,2020-05-05,2020-05-04,36,19.72,69.5614789337919,113.75999999999999,0.6114757290241905,2020-05-13,113.76
AMZN,2020-03-12,83.83,2020-04-30,2020-04-29,33,118.63550000000001,41.51914589049268,110.63000000000001,0.3752973505422822,2020-09-02,110.63
DK,2020-03-12,8.85,2020-05-05,2020-05-04,36,22.12,149.9435028248588,108.93000000000002,1.3765124651139151,2020-04-08,108.93
SFM,2020-03-12,13.32,2020-05-05,2020-05-04,36,21.76,63.36336336336337,105.78,0.5990108088803494,2020-07-21,105.78
INO,2020-03-10,68.4,2020-05-11,2020-05-08,42,130.32,90.52631578947366,110.35,0.8203562826413563,2020-08-31,110.35
BJ,2020-02-28,19.26,2020-05-21,2020-05-20,57,28.97,50.41536863966769,144.6,0.3486540016574529,2020-08-24,144.6
EQT,2020-02-26,4.96,2020-05-07,2020-05-06,49,13.63,174.7983870967742,246.17,0.710071849115547,2020-08-07,246.17
SDGR,2020-02-13,26.6,2020-05-13,2020-05-12,61,58.73,120.78947368421052,251.35,0.48056285531812415,2020-07-09,251.35
