ticker,E_idx,date,example_matched
A,1024,2020-01-29,False
A,1438,2021-09-20,False
A,1441,2021-09-23,False
AA,2532,2026-01-29,False
AAA,8,2020-09-21,False
AAAA,8,2025-07-28,False
AAAA,12,2025-08-01,False
AAAC,8,2025-12-23,False
AAAU,1433,2024-04-26,False
AAAU,1813,2025-10-31,False
AAAU,1815,2025-11-04,False
AAAU,1817,2025-11-06,False
AACB,8,2025-04-17,False
AACBR,1,2025-04-10,False
AACBU,8,2025-02-26,False
AACBU,27,2025-03-25,False
AACIU,8,2025-06-03,False
AAEQ,2,2025-12-12,False
AAEQ,5,2025-12-17,False
AAEQ,10,2025-12-24,False
AAEQ,19,2026-01-08,False
AAEQ,26,2026-01-20,False
AALG,2,2025-07-15,False
AAM,8,2024-09-26,False
AAMI,1236,2020-11-30,False
AAMI,1795,2023-02-21,False
AAMI,1801,2023-03-01,False
AAMI,1804,2023-03-06,False
AAMI,2406,2025-07-30,False
AAON,1295,2021-02-25,False
AAON,1751,2022-12-15,False
AAOX,1,2026-03-25,False
AAPB,4,2022-08-15,False
AAPB,13,2022-08-26,False
AAPD,1,2022-08-10,False
AAPD,3,2022-08-12,False
AAPD,9,2022-08-22,False
AAPG,6,2025-02-03,False
AAPG,28,2025-03-06,False
AAPL,1423,2021-08-27,False
AAPL,1503,2021-12-21,False
AAPL,1505,2021-12-23,False
AAPL,1518,2022-01-12,False
AAPL,2150,2024-07-22,False
AAPL,2441,2025-09-18,False
AAPR,18,2024-04-25,False
AAPU,4,2022-08-15,False
AAPU,13,2022-08-26,False
AAPU,18,2022-09-02,False
AAPW,5,2025-02-26,False
AAPW,8,2025-03-03,False
AAPW,13,2025-03-10,False
AAPW,19,2025-03-18,False
AAPX,2,2024-01-16,False
AAPX,16,2024-02-05,False
AAPX,20,2024-02-09,False
AAPY,6,2023-11-06,False
AAPY,41,2023-12-27,False
AARD,1,2025-02-14,False
AAUC,3,2024-08-20,False
AAUC,17,2024-09-10,False
AAUC,376,2026-02-17,False
AAUGD,1,2021-03-23,False
AAUGD,5,2021-03-29,False
AAUGD,9,2021-04-05,False
AAUM,4,2025-10-07,False
AAUM,6,2025-10-09,False
AAUM,10,2025-10-15,False
AAUM,14,2025-10-21,False
AAUM,18,2025-10-27,False
AAUM,23,2025-11-04,False
AAUM,25,2025-11-10,False
AAUM,27,2025-11-12,False
AAUS,7,2025-08-01,False
AAUS,9,2025-08-05,False
AAUS,21,2025-08-21,False
ABBV,1254,2020-12-24,False
ABBV,2460,2025-10-15,False
ABCB,2015,2024-01-05,False
ABCB,2017,2024-01-09,False
ABCL,1,2020-12-14,False
ABCL,5,2020-12-18,False
ABCS,8,2024-01-03,False
ABCS,10,2024-01-05,False
ABCS,16,2024-01-16,False
ABCS,18,2024-01-18,False
ABCS,20,2024-01-22,False
ABCS,22,2024-01-24,False
ABEQ,3,2020-01-27,False
ABEQ,9,2020-02-04,False
ABEQ,22,2020-02-24,False
ABEV,1376,2021-06-22,False
ABEV,2324,2025-04-01,False
ABG,1793,2023-02-16,False
ABG,1801,2023-03-01,False
ABI,8,2025-07-09,False
ABIG,1,2025-04-10,False
ABIG,5,2025-04-16,False
ABIG,9,2025-04-23,False
ABIG,35,2025-05-30,False
ABIG,37,2025-06-03,False
ABLD,2,2021-12-17,False
ABLD,7,2021-12-27,False
ABLD,27,2022-01-25,False
ABLD,31,2022-01-31,False
ABLS,1,2025-02-20,False
ABLS,7,2025-02-28,False
ABLS,10,2025-03-05,False
ABLS,13,2025-03-10,False
ABLS,15,2025-03-12,False
ABLS,19,2025-03-18,False
ABLV,8,2022-09-22,False
ABLVW,1,2022-09-13,False
ABM,1315,2021-03-25,False
ABNB,1,2020-12-11,False
ABNG,1,2025-11-18,False
ABNG,5,2025-11-24,False
ABNG,7,2025-11-26,False
ABNY,7,2024-07-05,False
ABNY,15,2024-07-17,False
ABNY,17,2024-07-19,False
ABNY,25,2024-07-31,False
ABOS,2,2021-07-06,False
ABOS,8,2021-07-14,False
ABOT,1,2020-12-09,False
ABOT,7,2020-12-17,False
ABOT,17,2021-01-04,False
ABOT,19,2021-01-06,False
ABP,8,2022-03-25,False
ABPWW,1,2022-03-08,False
ABSI,1,2021-07-23,False
ABSI,3,2021-07-27,False
ABT,2029,2024-01-26,False
ABT,2032,2024-01-31,False
ABUF,5,2026-04-14,False
ABUS,2445,2025-09-24,False
ABVE,11,2021-04-22,False
ABVE,16,2021-04-29,False
ABVE,36,2021-05-28,False
ABVEW,1,2024-07-01,False
ABVX,1,2023-10-20,False
ABX,8,2020-09-24,False
ABX,15,2020-10-05,False
ABX,20,2020-10-12,False
ABX,22,2020-10-14,False
ABX,24,2020-10-16,False
ABX,27,2020-10-21,False
ABXB,8,2020-12-18,False
ABXL,8,2023-12-06,False
ABXL,34,2024-01-16,False
ACAA,1,2026-04-13,False
ACAAU,8,2026-03-03,False
ACAAU,24,2026-03-25,False
ACAAU,28,2026-03-31,False
ACCL,1,2025-10-20,False
ACDC,3,2022-05-18,False
ACDC,8,2022-05-25,False
ACEI,8,2025-10-07,False
ACEI,11,2025-10-10,False
ACEI,13,2025-10-14,False
ACEI,35,2025-11-13,False
ACEP,4,2025-11-28,False
ACEP,6,2025-12-02,False
ACES,411,2020-03-03,False
ACES,413,2020-03-05,False
ACES,645,2021-02-04,False
ACGCU,5,2026-04-14,False
ACGL,1733,2022-11-18,False
ACGL,2198,2024-09-27,False
ACGR,12,2020-02-06,False
ACGR,399,2021-08-19,False
ACHR,6,2020-12-29,False
ACHR,8,2020-12-31,False
ACHR,14,2021-01-11,False
ACHR,1218,2025-10-27,True
ACHR-WS,2,2021-09-15,False
ACHR-WS,403,2025-10-27,False
ACHR-WT,1,2024-12-10,False
ACI,5,2020-07-06,False
ACI,14,2020-07-17,False
ACI,26,2020-08-04,False
ACI,28,2020-08-06,False
ACI,308,2021-09-16,False
ACII,8,2025-10-07,False
ACII,11,2025-10-10,False
ACII,16,2025-10-17,False
ACII,32,2025-11-10,False
ACII,35,2025-11-13,False
ACKY,7,2025-09-18,False
ACKY,18,2025-10-03,False
ACKY,30,2025-10-21,False
ACLC,6,2020-07-23,False
ACLC,8,2020-07-27,False
ACLO,8,2024-11-29,False
ACLS,1880,2023-06-23,False
ACLX,2,2022-02-08,False
ACM,1755,2022-12-21,False
ACNB,1526,2022-01-26,False
ACNB,1529,2022-01-31,False
ACNB,1535,2022-02-08,False
ACNB,1750,2022-12-15,False
ACNB,2016,2024-01-09,False
ACOG,1,2024-11-12,False
ACON,1,2022-04-25,False
ACONW,1,2022-04-25,False
ACR,2013,2024-01-03,False
ACR,2179,2024-08-30,False
ACR,2181,2024-09-04,False
ACR,2322,2025-03-28,False
ACRV,1,2022-11-16,False
ACSG,4,2025-10-22,False
ACSG,7,2025-10-27,False
ACSG,15,2025-11-06,False
ACSG,18,2025-11-11,False
ACSG,20,2025-11-13,False
ACSG,25,2025-11-20,False
ACSV,7,2025-10-27,False
ACSV,17,2025-11-10,False
ACSV,22,2025-11-17,False
ACSV,27,2025-11-24,False
ACT,1,2021-09-17,False
ACT,3,2021-09-21,False
ACT,5,2021-09-23,False
ACT,15,2021-10-07,False
ACT,17,2021-10-11,False
ACT,20,2021-10-14,False
ACTS,1,2026-03-20,False
ACTS,5,2026-03-26,False
ACTU,2,2024-08-15,False
ACTU,13,2024-08-30,False
ACVA,1,2021-03-25,False
ACVA,5,2021-03-31,False
ACVF,6,2020-11-06,False
ACVT,7,2025-05-09,False
ACVT,19,2025-05-28,False
ACVT,22,2025-06-02,False
ACXP,1,2021-06-28,False
ACYN,8,2026-03-09,False
ACYN,23,2026-03-30,False
ADACW,1,2026-02-10,False
ADAG,1,2021-02-10,False
ADAM,1316,2021-03-26,False
ADAMG,8,2025-01-28,False
ADAMG,35,2025-03-07,False
ADAMH,8,2025-07-21,False
ADAMI,8,2024-07-12,False
ADAMI,24,2024-08-05,False
ADAMI,26,2024-08-07,False
ADAMI,29,2024-08-12,False
ADAMI,32,2024-08-15,False
ADAMN,1467,2023-08-08,False
ADAMO,8,2026-01-27,False
ADAMO,35,2026-03-06,False
ADAMZ,8,2021-12-01,False
ADAMZ,18,2021-12-15,False
ADAMZ,321,2023-03-02,False
ADBE,2151,2024-07-23,False
ADBG,1,2025-03-24,False
ADBG,3,2025-03-26,False
ADBG,8,2025-04-02,False
ADBU,2,2026-03-27,False
ADBU,4,2026-03-31,False
ADBU,8,2026-04-07,False
ADC,2195,2024-09-24,False
ADCT,2,2020-05-19,False
ADCT,15,2020-06-08,False
ADCT,52,2020-07-30,False
ADFI,8,2020-08-28,False
ADGM,1,2024-08-05,False
ADIV,8,2021-04-09,False
ADIV,25,2021-05-04,False
ADIV,29,2021-05-10,False
ADIV,37,2021-05-20,False
ADM,1590,2022-04-27,False
ADM,1913,2023-08-10,False
ADNT,1051,2020-12-18,False
ADP,1237,2020-12-01,False
ADP,1493,2021-12-07,False
ADPV,8,2022-11-16,False
ADPV,530,2024-12-16,False
ADPV,684,2025-07-31,False
ADSE,14,2021-03-30,False
ADSE,34,2021-04-28,False
ADSE,36,2021-04-30,False
ADTX,8,2020-07-13,False
ADUS,2077,2024-04-05,False
ADVB,1,2025-03-07,False
ADVB,4,2025-03-12,False
ADVE,3,2023-09-27,False
ADVE,6,2023-10-02,False
ADVE,11,2023-10-09,False
ADVE,20,2023-10-20,False
ADVE,23,2023-10-25,False
ADVE,26,2023-10-30,False
ADXN,1,2020-01-31,False
AEAE,1,2021-12-14,False
AEAE,5,2021-12-20,False
AEAE,9,2021-12-27,False
AEAE,13,2021-12-31,False
AEAE,17,2022-01-06,False
AEAE,25,2022-01-19,False
AEAEW,1,2021-12-14,False
AEAQ,8,2026-02-05,False
AEAQW,2,2026-01-28,False
AEBI,1,2025-07-03,False
AEBI,15,2025-07-24,False
AEE,2168,2024-08-15,False
AEG,2019,2024-01-11,False
AEI,1,2020-11-25,False
AEIS,1255,2020-12-28,False
AEIS,2425,2025-08-26,False
AEM,1361,2021-06-01,False
AEMS,8,2025-07-14,False
AEMS,22,2025-08-01,False
AEMS,24,2025-08-05,False
AEMS,27,2025-08-08,False
AENT,1,2021-03-25,False
AENT,8,2021-04-06,False
AENT,24,2021-04-28,False
AENT,37,2021-05-17,False
AENTW,1,2023-03-22,False
AEON,8,2021-05-11,False
AEON,14,2021-06-15,False
AEON,17,2021-06-22,False
AEON,23,2021-07-02,False
AEON,26,2021-07-09,False
AEP,1585,2022-04-20,False
AEP,2309,2025-03-11,False
AERO,1,2025-11-07,False
AERO,12,2025-11-24,False
AERT,8,2021-12-30,False
AERTW,4,2021-12-28,False
AERTW,15,2022-01-12,False
AERTW,20,2022-01-21,False
AES,1279,2021-02-02,False
AES,1295,2021-02-25,False
AESI,1,2023-03-10,False
AESI,4,2023-03-15,False
AESI,8,2023-03-21,False
AESI,10,2023-03-23,False
AESR,15,2020-01-09,False
AESR,26,2020-01-27,False
AESR,30,2020-01-31,False
AETH,1,2023-10-03,False
AETH,3,2023-10-05,False
AETH,5,2023-10-09,False
AETH,11,2023-10-17,False
AETH,13,2023-10-19,False
AEVA,10,2020-03-12,False
AEVA,13,2020-03-17,False
AEVA,21,2020-03-27,False
AEVA,24,2020-04-01,False
AEVA,1346,2025-07-08,True
AEVA,1355,2025-07-21,True
AEXA,6,2025-10-06,False
AEXA,26,2025-11-03,False
AEXA,30,2025-11-07,False
AEXA,34,2025-11-13,False
AFBI,8,2021-02-05,False
AFBI,26,2021-03-04,False
AFCG,1,2021-03-22,False
AFCG,7,2021-03-30,False
AFCG,23,2021-04-22,False
AFGE,6,2020-09-28,False
AFGE,15,2020-10-09,False
AFGE,28,2020-10-28,False
AFIX,16,2025-01-03,False
AFIX,21,2025-01-14,False
AFJK,8,2024-02-01,False
AFJKR,2,2024-01-24,False
AFJKU,8,2023-12-14,False
AFL,2188,2024-09-13,False
AFL,2190,2024-09-17,False
AFL,2192,2024-09-19,False
AFMC,22,2020-01-07,False
AFMC,24,2020-01-09,False
AFMC,37,2020-01-29,False
AFMC,292,2021-02-02,False
AFOS,7,2025-07-08,False
AFOS,79,2025-10-17,False
AFOS,81,2025-10-21,False
AFRI,8,2021-02-18,False
AFRI,14,2021-02-26,False
AFRI,16,2021-03-02,False
AFRI,25,2021-03-15,False
AFRIW,1,2021-02-08,False
AFRM,1,2021-01-14,False
AFRU,4,2025-09-22,False
AFSC,1,2025-02-18,False
AFSC,10,2025-03-03,False
AFSC,14,2025-03-07,False
AFSC,17,2025-03-12,False
AFSM,25,2020-01-10,False
AFSM,290,2021-01-29,False
AFSM,292,2021-02-02,False
AFSM,308,2021-02-25,False
AFSM,1028,2024-01-05,False
AFYA,1114,2023-12-20,False
AFYA,1125,2024-01-08,False
AGBK,1,2026-02-12,False
AGBK,5,2026-02-19,False
AGCC,1,2025-10-23,False
AGCO,2553,2026-03-02,False
AGEM,7,2025-02-27,False
AGEM,14,2025-03-10,False
AGEM,16,2025-03-12,False
AGGA,8,2025-05-13,False
AGGH,8,2022-02-28,False
AGGH,26,2022-03-24,False
AGGH,29,2022-03-29,False
AGGS,8,2024-05-14,False
AGGS,19,2024-05-30,False
AGH,1,2025-02-13,False
AGI,1854,2023-05-16,False
AGI,2459,2025-10-14,False
AGIQ,7,2025-09-12,False
AGIQ,32,2025-10-17,False
AGIQ,34,2025-10-21,False
AGIQ,49,2025-11-11,False
AGIX,4,2024-07-24,False
AGIX,8,2024-07-30,False
AGIX,10,2024-08-01,False
AGIX,16,2024-08-09,False
AGL,1,2021-04-16,False
AGL,4,2021-04-21,False
AGM,1479,2021-11-16,False
AGM,1485,2021-11-24,False
AGM,1938,2023-09-15,False
AGM-P-H,8,2025-09-05,False
AGM-P-H,34,2025-10-13,False
AGMB,1,2026-02-06,False
AGMB,5,2026-02-12,False
AGMI,3,2024-05-08,False
AGMI,19,2024-05-31,False
AGMI,373,2025-10-29,False
AGNC,1790,2023-02-13,False
AGNC,2536,2026-02-04,False
AGNCL,1,2022-09-12,False
AGNCL,4,2022-09-15,False
AGNCL,10,2022-09-23,False
AGNCL,14,2022-09-29,False
AGNCL,18,2022-10-05,False
AGO,2036,2024-02-06,False
AGO,2040,2024-02-12,False
AGO,2060,2024-03-12,False
AGOX,2,2021-05-12,False
AGOX,4,2021-05-14,False
AGOX,7,2021-05-19,False
AGOX,27,2021-06-17,False
AGQI,8,2023-12-04,False
AGQI,36,2024-01-16,False
AGRH,8,2022-07-07,False
AGRO,1010,2020-01-08,False
AGRO,1249,2020-12-17,False
AGRW,1,2025-03-28,False
AGRW,5,2025-04-03,False
AGRW,10,2025-04-10,False
AGRZ,1,2025-10-02,False
AGYS,1039,2020-02-20,False
AHCO,1061,2022-08-15,False
AHH,2021,2024-01-16,False
AHL,4,2025-05-14,False
AHL,13,2025-05-28,False
AHL,15,2025-05-30,False
AHL,18,2025-06-04,False
AHL,26,2025-06-16,False
AHL-PF,7,2024-12-04,False
AHL-PF,24,2024-12-30,False
AHL-PF,37,2025-01-21,False
AHLT,7,2023-09-12,False
AHLT,28,2023-10-11,False
AHLT,31,2023-10-16,False
AHLT,616,2026-02-17,False
AHMA,1,2025-10-22,False
AHMA,4,2025-10-27,False
AHR,1,2024-02-08,False
AHR,8,2024-02-20,False
AHR,14,2024-02-28,False
AHR,26,2024-03-15,False
AHR,118,2024-07-29,False
AHR,168,2024-10-08,False
AHR,173,2024-10-15,False
AHR,405,2025-09-19,False
AHR,407,2025-09-23,False
AHRT,2021,2024-01-16,False
AHRT-P-A,1,2026-02-02,False
AHRT-P-A,9,2026-02-12,False
AHRT-P-A,25,2026-03-09,False
AHRT-PA,1297,2024-10-11,False
AHYB,10,2021-12-03,False
AHYB,36,2022-01-11,False
AI,1,2020-12-10,False
AIB,1,2026-03-18,False
AIBD,3,2024-05-20,False
AIBD,7,2024-05-24,False
AIBD,18,2024-06-11,False
AIBD,21,2024-06-14,False
AIBD,26,2024-06-24,False
AIBU,6,2024-05-23,False
AIBU,13,2024-06-04,False
AIDX,1,2026-02-20,False
AIEQ,1563,2024-01-05,False
AIEQ,1575,2024-01-24,False
AIFD,7,2024-05-15,False
AIFD,20,2024-06-04,False
AIG,1248,2020-12-16,False
AII,4,2025-05-14,False
AII,9,2025-05-21,False
AII,13,2025-05-28,False
AII,18,2025-06-04,False
AII,26,2025-06-16,False
AIIA-R,8,2025-12-05,False
AIIA-U,8,2025-10-17,False
AIIA-U,19,2025-11-24,False
AIIA-U,27,2025-12-05,False
AIIO,5,2020-03-31,False
AILE,1,2024-04-18,False
AILEQ,8,2021-05-07,False
AILEQ,19,2021-06-09,False
AILEQ,22,2021-06-15,False
AILEQ,25,2021-06-18,False
AIMDW,1,2022-08-10,False
AIN,1736,2022-11-23,False
AINP,14,2024-12-26,False
AINP,25,2025-01-14,False
AIOO,8,2025-07-14,False
AIOT,1027,2020-02-03,False
AIP,1,2021-10-28,False
AIPI,4,2024-06-10,False
AIPI,6,2024-06-12,False
AIPI,33,2024-07-23,False
AIPO,5,2025-08-01,False
AIPO,8,2025-08-06,False
AIPO,17,2025-08-19,False
AIPO,19,2025-08-21,False
AIPO,22,2025-08-26,False
AIPO,25,2025-08-29,False
AIPO,66,2025-10-28,False
AIQ,1196,2023-02-15,False
AIQ,1287,2023-06-28,False
AIQ,1292,2023-07-06,False
AIQ,1883,2025-11-11,False
AIRE,1,2023-10-24,False
AIRJ,10,2022-02-15,False
AIRJ,17,2022-02-25,False
AIRJ,22,2022-03-04,False
AIRJW,2,2024-03-13,False
AIRO,1,2025-06-13,False
AIRR,2547,2026-02-27,False
AIRS,1,2021-11-01,False
AIRS,7,2021-11-09,False
AIRT,1231,2021-09-22,False
AIS,4,2024-12-09,False
AIS,8,2024-12-13,False
AIS,10,2024-12-17,False
AIS,13,2024-12-20,False
AIS,15,2024-12-24,False
AIS,17,2024-12-27,False
AIS,234,2025-11-10,False
AISP,2,2021-05-12,False
AISP,10,2021-05-24,False
AISP,23,2021-06-11,False
AISPW,1,2021-05-11,False
AIT,1244,2020-12-10,False
AIV,1673,2022-08-25,False
AIV,1679,2022-09-02,False
AIVC,2434,2025-11-11,False
AIX,1,2020-07-13,False
AIXI,2,2023-03-13,False
AIYY,2,2023-11-30,False
AIYY,4,2023-12-04,False
AIYY,6,2023-12-06,False
AIYY,10,2023-12-12,False
AIZ,2190,2024-09-17,False
AIZ,2247,2024-12-06,False
AIZN,3,2020-12-01,False
AIZN,8,2020-12-08,False
AIZN,11,2020-12-11,False
AIZN,19,2020-12-23,False
AIZN,32,2021-01-13,False
AJAN,8,2024-01-12,False
AJG,1261,2021-01-06,False
AJG,1354,2021-05-20,False
AJUL,8,2024-07-12,False
AJUL,20,2024-07-30,False
AJUL,24,2024-08-05,False
AKA,1,2021-09-23,False
AKA,3,2021-09-27,False
AKA,14,2021-10-12,False
AKAF,7,2025-07-08,False
AKAF,14,2025-07-17,False
AKAF,29,2025-08-07,False
AKAN,1,2022-03-16,False
AKO-A,1449,2023-02-24,False
AKR,1315,2021-03-25,False
AKRE,1,2025-10-28,False
AKRE,8,2025-11-06,False
AKRE,10,2025-11-10,False
AKRE,13,2025-11-13,False
AKRE,18,2025-11-20,False
AKRE,20,2025-11-24,False
AKTS,1,2026-01-12,False
AKTS,9,2026-01-23,False
AL,1792,2023-02-15,False
ALAB,1,2024-03-21,False
ALAI,5,2024-04-12,False
ALAI,8,2024-04-17,False
ALAI,14,2024-04-25,False
ALAI,17,2024-04-30,False
ALB-PA,2,2024-03-08,False
ALB-PA,4,2024-03-12,False
ALB-PA,6,2024-03-14,False
ALB-PA,12,2024-03-22,False
ALBG,3,2026-01-15,False
ALCO,2009,2023-12-27,False
ALCO,2015,2024-01-05,False
ALCY,8,2023-07-07,False
ALCY,17,2023-07-20,False
ALCYU,8,2023-05-15,False
ALCYU,686,2026-01-28,False
ALCYW,1,2023-06-28,False
ALDF,8,2024-12-26,False
ALDFU,8,2024-11-01,False
ALF,8,2024-08-14,False
ALFUU,9,2024-06-24,False
ALFUW,2,2024-08-02,False
ALG,1244,2020-12-10,False
ALG,1815,2023-03-21,False
ALGM,1,2020-10-30,False
ALGM,1185,2025-07-22,False
ALGN,2508,2025-12-23,False
ALGS,1,2020-10-19,False
ALGS,5,2020-10-23,False
ALH,4,2025-10-15,False
ALH,20,2025-11-06,False
ALHC,1,2021-03-29,False
ALHC,1198,2026-01-02,False
ALIL,1,2025-04-10,False
ALIL,5,2025-04-16,False
ALIL,7,2025-04-21,False
ALIL,37,2025-06-03,False
ALIS,8,2025-12-02,False
ALIT,6,2020-07-27,False
ALIT,16,2020-08-10,False
ALIT,26,2020-08-24,False
ALK,1896,2023-07-18,False
ALK,1899,2023-07-21,False
ALK,2098,2024-05-06,False
ALK,2265,2025-01-03,False
ALK,2267,2025-01-07,False
ALKS,1433,2021-09-13,False
ALKS,1435,2021-09-15,False
ALKT,1,2021-04-15,False
ALKT,3,2021-04-19,False
ALKT,5,2021-04-21,False
ALKT,7,2021-04-23,False
ALL,1367,2021-06-09,False
ALL,1370,2021-06-14,False
ALL,2048,2024-02-23,False
ALL-P-J,4,2023-05-22,False
ALL-P-J,7,2023-05-25,False
ALLR,8,2022-01-03,False
ALLT,1039,2020-02-20,False
ALLW,2,2025-03-10,False
ALLW,8,2025-03-18,False
ALLW,25,2025-04-10,False
ALLY,1278,2021-02-01,False
ALMS,1,2024-07-01,False
ALMS,6,2024-07-09,False
ALMU,4,2022-11-22,False
ALMU,6,2022-11-25,False
ALNT,1676,2022-08-30,False
ALNY,2431,2025-09-04,False
ALOT,1996,2024-02-09,False
ALOV,8,2026-03-26,False
ALOVU,8,2026-02-02,False
ALOVW,1,2026-03-19,False
ALPS,1,2021-10-20,False
ALRG,8,2025-07-18,False
ALRG,20,2025-08-05,False
ALRG,22,2025-08-07,False
ALRM,2061,2024-03-13,False
ALRM,2254,2024-12-17,False
ALRS,1750,2024-01-09,False
ALSA,8,2022-02-01,False
ALSN,2243,2024-12-02,False
ALTI,8,2021-05-07,False
ALTI,18,2021-05-21,False
ALTI,31,2021-06-10,False
ALTI,35,2021-06-16,False
ALTL,1,2020-06-26,False
ALTL,4,2020-07-01,False
ALTL,7,2020-07-07,False
ALTL,12,2020-07-14,False
ALTL,26,2020-08-03,False
ALTL,123,2020-12-18,False
ALTL,126,2020-12-23,False
ALUB-U,8,2025-11-26,False
ALUB-U,28,2026-01-06,False
ALUB-U,31,2026-01-09,False
ALUB-U,36,2026-01-16,False
ALUB-UN,8,2025-11-25,False
ALUB-UN,26,2025-12-22,False
ALUB-UN,30,2025-12-29,False
ALUB-UN,34,2026-01-05,False
ALUB-WT,2,2026-01-08,False
ALUR,8,2021-04-09,False
ALUR,17,2021-04-22,False
ALUR,19,2021-04-26,False
ALUR,21,2021-04-28,False
ALUR,30,2021-05-11,False
ALUR,34,2021-05-17,False
ALUR,36,2021-05-19,False
ALVO,3,2020-11-13,False
ALVO,5,2020-11-17,False
ALVO,13,2020-11-30,False
ALVOW,1,2022-06-15,False
ALXO,3,2020-07-22,False
ALXO,6,2020-07-27,False
ALZN,1,2021-06-16,False
AM,2231,2026-03-20,False
AM,2242,2026-04-07,False
AMAL,1368,2024-01-05,False
AMAL,1371,2024-01-10,False
AMAT,1252,2020-12-22,False
AMAT,1255,2020-12-28,False
AMAT,1257,2020-12-30,False
AMAX,5,2021-11-22,False
AMAX,10,2021-11-30,False
AMAX,14,2021-12-06,False
AMAX,25,2021-12-21,False
AMBA,2010,2023-12-28,False
AMBIQ,1,2023-03-07,False
AMBP,2,2020-10-01,False
AMBP,4,2020-10-05,False
AMBP,8,2020-10-09,False
AMBP,10,2020-10-13,False
AMBP,12,2020-10-15,False
AMBP,22,2020-11-02,False
AMBP,25,2020-11-05,False
AMBQ,1,2025-07-30,False
AMCI,3,2023-01-30,False
AMCI,8,2023-02-06,False
AMCI,11,2023-02-09,False
AMCI,17,2023-02-17,False
AMCI,32,2023-03-13,False
AMD,2415,2025-08-12,False
AMDD,2,2025-02-14,False
AMDD,7,2025-02-24,False
AMDD,26,2025-03-21,False
AMDG,1,2025-01-27,False
AMDG,5,2025-01-31,False
AMDL,1,2024-03-19,False
AMDL,5,2024-03-25,False
AMDL,8,2024-03-28,False
AMDS,2,2020-06-08,False
AMDS,8,2020-06-16,False
AMDS,24,2020-07-08,False
AMDW,1,2025-07-25,False
AMDW,4,2025-07-30,False
AMDW,13,2025-08-12,False
AMDY,1,2023-09-20,False
AMDY,8,2023-09-29,False
AMDY,20,2023-10-17,False
AMDY,23,2023-10-20,False
AMDY,25,2023-10-24,False
AMDY,475,2025-08-12,False
AME,1236,2020-11-30,False
AME,2246,2024-12-05,False
AME,2548,2026-02-23,False
AMG,2015,2024-01-05,False
AMG,2532,2026-01-29,False
AMGN,1007,2020-01-03,False
AMGN,1012,2020-01-10,False
AMGN,1734,2022-11-21,False
AMGN,1923,2023-08-24,False
AMGN,1927,2023-08-30,False
AMGN,2323,2025-03-31,False
AMGN,2559,2026-03-10,False
AMID,2,2022-08-19,False
AMID,7,2022-08-26,False
AMID,15,2022-09-08,False
AMID,23,2022-09-20,False
AMIX,2,2024-01-31,False
AMJB,5,2024-02-02,False
AMJB,13,2024-02-14,False
AMKR,1892,2023-07-12,False
AMKR,2016,2024-01-08,False
AMLX,1,2022-01-10,False
AMN,1045,2020-02-28,False
AMN,1047,2020-03-03,False
AMOD,8,2023-08-24,False
AMOD,24,2023-09-18,False
AMOD,30,2023-09-26,False
AMOD,36,2023-10-04,False
AMODW,1,2021-10-26,False
AMODW,6,2021-11-02,False
AMP,2222,2024-10-31,False
AMPGR,1,2026-02-04,False
AMPGZ,1,2026-02-04,False
AMPGZ,5,2026-02-10,False
AMPL,1,2021-09-29,False
AMPL,4,2021-10-04,False
AMPX,1,2022-09-16,False
AMPX-WT,2,2024-12-11,False
AMR,1771,2023-10-11,False
AMR,1854,2024-02-09,False
AMRC,1027,2020-02-03,False
AMRC,1049,2020-03-05,False
AMRX,2500,2025-12-11,False
AMRX,2551,2026-02-26,False
AMRZ,2,2025-06-25,False
AMRZ,10,2025-07-08,False
AMSF,2235,2024-11-19,False
AMST,1,2020-09-28,False
AMST,6,2020-10-05,False
AMT,2017,2024-01-09,False
AMT,2168,2024-08-15,False
AMT,2170,2024-08-19,False
AMTB,823,2021-12-06,False
AMTB,1346,2024-01-05,False
AMTM,1,2024-09-25,False
AMUN,8,2025-10-30,False
AMUU,5,2025-02-20,False
AMWL,2,2020-09-21,False
AMX,2488,2025-11-24,False
AMYY,2,2025-09-18,False
AMYY,8,2025-09-26,False
AMYY,40,2025-11-11,False
AMYY,42,2025-11-13,False
AMYY,44,2025-11-17,False
AMYY,49,2025-11-24,False
AMZD,2,2022-09-09,False
AMZD,7,2022-09-16,False
AMZD,35,2022-10-26,False
AMZE,2,2021-12-16,False
AMZN,1142,2020-07-17,False
AMZO,1,2026-03-25,False
AMZO,4,2026-03-30,False
AMZP,4,2023-11-06,False
AMZP,7,2023-11-09,False
AMZP,25,2023-12-06,False
AMZP,42,2024-01-02,False
AMZU,2,2022-09-09,False
AMZU,4,2022-09-13,False
AMZU,16,2022-09-29,False
AMZW,1,2025-06-20,False
AMZW,6,2025-06-27,False
AMZY,5,2023-08-01,False
AMZY,19,2023-08-21,False
AMZY,22,2023-08-24,False
AMZY,24,2023-08-28,False
AMZZ,4,2024-03-22,False
AMZZ,6,2024-03-26,False
AMZZ,26,2024-04-24,False
AMZZ,30,2024-04-30,False
AN,1325,2021-04-09,False
ANABV,1,2026-04-07,False
ANABV,3,2026-04-09,False
ANABV,6,2026-04-14,False
ANDE,1485,2021-11-24,False
ANDE,2488,2025-11-24,False
ANDG,1,2025-12-17,False
ANEB,3,2021-05-12,False
ANEB,8,2021-05-19,False
ANEL,2,2025-09-08,False
ANET,1031,2020-02-07,False
ANET,1381,2021-06-29,False
ANET,1486,2021-11-26,False
ANEW,1,2020-10-19,False
ANEW,6,2020-10-26,False
ANEW,8,2020-10-28,False
ANEW,12,2020-11-03,False
ANEW,24,2020-11-19,False
ANF,1317,2021-03-29,False
ANF,2013,2024-01-03,False
ANF,2015,2024-01-05,False
ANGH,5,2020-08-28,False
ANGH,8,2020-09-02,False
ANGH,13,2020-09-10,False
ANGH,37,2020-10-14,False
ANGHW,1,2022-02-01,False
ANGIV,2,2025-03-26,False
ANGIV,4,2025-03-28,False
ANGX,1,2025-09-12,False
ANIK,2569,2026-03-24,False
ANIP,1938,2023-09-15,False
ANIP,2077,2024-04-05,False
ANL,1,2023-10-02,False
ANNA,2,2022-02-24,False
ANNA,8,2022-03-04,False
ANNA,20,2022-03-22,False
ANNA,24,2022-03-28,False
ANNX,2,2020-07-28,False
ANNX,4,2020-07-30,False
ANPA,1,2025-07-09,False
ANRO,1,2024-02-02,False
ANSC,8,2024-01-16,False
ANSCU,8,2023-11-21,False
ANSCW,1,2024-01-04,False
ANSCW,5,2024-01-10,False
ANTA,1,2025-05-14,False
ANTX,2,2022-03-29,False
ANTX,6,2022-04-04,False
ANTX,10,2022-04-08,False
ANTX,14,2022-04-14,False
ANVS,1,2020-01-30,False
AOCT,8,2024-10-11,False
AOCT,24,2024-11-04,False
AOHY,8,2024-03-01,False
AOHY,36,2024-04-11,False
AOMD,8,2025-06-06,False
AOMD,11,2025-06-11,False
AOMD,23,2025-06-30,False
AOMN,10,2024-08-15,False
AOMN,12,2024-08-19,False
AOMR,1,2021-06-18,False
AOMR,7,2021-06-28,False
AOMR,9,2021-06-30,False
AOMR,15,2021-07-09,False
AOMR,17,2021-07-13,False
AON,2312,2025-03-14,False
AONC,2,2021-05-19,False
AONC,6,2021-06-08,False
AONC,8,2021-06-11,False
AONC,11,2021-06-21,False
AONC,17,2021-07-01,False
AONC,19,2021-07-07,False
AOS,1492,2021-12-06,False
AOS,2553,2026-03-02,False
AOTG,1,2022-06-30,False
AOTG,5,2022-07-07,False
AOTG,12,2022-07-18,False
AOTG,40,2022-08-25,False
AOTS,5,2025-12-31,False
AOTS,8,2026-01-06,False
AOTS,13,2026-01-13,False
AOTS,16,2026-01-16,False
AOTS,24,2026-01-29,False
AOUT,1,2020-08-24,False
APAC,8,2021-09-24,False
APAC,21,2021-10-13,False
APAC,23,2021-10-15,False
APAD,8,2025-09-09,False
APAM,2017,2024-01-09,False
APCB,17,2023-05-26,False
APD,1757,2022-12-23,False
APG,131,2020-02-14,False
APG,849,2022-12-20,False
APG,885,2023-02-13,False
APG,887,2023-02-15,False
APG,997,2023-07-26,False
APGE,1,2023-07-14,False
APH,1246,2020-12-14,False
APH,2015,2024-01-05,False
APH,2424,2025-08-25,False
APHU,2,2026-02-20,False
APHU,6,2026-02-26,False
API,1,2020-06-29,False
APIE,8,2023-04-28,False
APIE,10,2023-05-02,False
APIE,12,2023-05-04,False
APIE,18,2023-05-12,False
APIE,22,2023-05-18,False
APIE,25,2023-05-23,False
APIE,28,2023-05-26,False
APIE,33,2023-06-05,False
APLM,8,2021-12-08,False
APLMW,1,2023-03-28,False
APLU,17,2024-12-31,False
APLU,25,2025-01-14,False
APLX,1,2025-09-10,False
APLY,8,2023-04-28,False
APLY,25,2023-05-23,False
APLZ,1,2026-01-23,False
APMU,19,2023-05-31,False
APO,2053,2024-03-01,False
APO,2248,2024-12-09,False
APOC,8,2024-10-11,False
APOG,1900,2023-07-27,False
APOS,2,2023-08-31,False
APOS,8,2023-09-11,False
APOS,27,2023-10-06,False
APOS,29,2023-10-10,False
APOS,32,2023-10-13,False
APP,1,2021-04-16,False
APP,5,2021-04-22,False
APP,13,2021-05-04,False
APP,609,2023-09-15,False
APP,1193,2026-01-14,True
APPX,1,2025-04-28,False
APRB,8,2025-10-24,False
APRB,18,2025-11-07,False
APRB,25,2025-11-18,False
APRB,27,2025-11-20,False
APRH,8,2023-04-14,False
APRJ,8,2023-04-14,False
APRP,9,2024-04-12,False
APRP,18,2024-04-25,False
APRT,4,2020-06-10,False
APRT,8,2020-06-16,False
APRT,12,2020-06-22,False
APRT,16,2020-06-26,False
APRW,7,2020-06-10,False
APRW,16,2020-06-23,False
APRZ,7,2021-04-13,False
APRZ,33,2021-05-19,False
APRZ,35,2021-05-21,False
APUE,8,2023-05-15,False
APUS,1,2025-05-12,False
APXM,8,2025-05-01,False
AQEC,7,2025-11-28,False
AQLT,4,2024-12-18,False
AQLT,10,2024-12-27,False
AQLT,18,2025-01-10,False
AQLT,20,2025-01-14,False
AQN,1049,2020-03-05,False
AQWA,7,2021-04-21,False
AQWA,17,2021-05-05,False
AQWA,29,2021-05-21,False
ARAI,1,2025-05-16,False
ARB,3,2020-05-12,False
ARB,7,2020-05-18,False
ARB,15,2020-05-29,False
ARB,25,2020-06-12,False
ARBB,2,2023-04-10,False
ARBB,4,2023-04-12,False
ARBE,6,2020-11-09,False
ARBE,8,2020-11-11,False
ARBE,14,2020-11-19,False
ARBE,18,2020-11-25,False
ARBEW,1,2021-10-05,False
ARBK,2,2021-09-27,False
ARBK,7,2021-10-04,False
ARBK,15,2021-10-14,False
ARCB,1800,2023-02-28,False
ARCC,1248,2020-12-16,False
ARCIU,8,2026-02-03,False
ARCIU,16,2026-02-13,False
ARCIU,19,2026-02-19,False
ARCIW,1,2026-03-18,False
ARCO,1373,2021-06-17,False
ARCO,1557,2022-03-10,False
ARCX,1,2025-06-11,False
ARDT,2,2024-07-22,False
ARDT,16,2024-08-09,False
ARDT,18,2024-08-13,False
ARE,2015,2024-01-05,False
AREA,7,2024-09-16,False
AREA,27,2024-10-14,False
AREBW,1,2022-02-08,False
ARES,1440,2021-09-22,False
ARES-PB,4,2024-10-15,False
ARES-PB,16,2024-10-31,False
ARES-PB,19,2024-11-05,False
ARES-PB,21,2024-11-07,False
ARES-PB,29,2024-11-19,False
ARGT,1433,2021-09-13,False
ARGT,1690,2022-09-20,False
ARGT,1792,2023-02-15,False
ARGT,1796,2023-02-22,False
ARGT,2012,2024-01-02,False
ARGT,2260,2024-12-26,False
ARGX,657,2020-01-03,False
ARGX,660,2020-01-08,False
ARGX,2094,2025-09-23,False
ARGX,2148,2025-12-09,False
ARHS,1,2021-11-05,False
ARHS,10,2021-11-18,False
ARI,2015,2024-01-05,False
ARIS,2516,2026-01-06,False
ARKB,1,2024-01-12,False
ARKB,9,2024-01-25,False
ARKC,4,2021-12-20,False
ARKC,18,2022-01-12,False
ARKD,7,2026-01-13,False
ARKD,11,2026-01-20,False
ARKD,17,2026-01-28,False
ARKD,21,2026-02-03,False
ARKD,25,2026-02-09,False
ARKD,27,2026-02-11,False
ARKF,521,2021-03-01,False
ARKF,1126,2023-07-26,False
ARKF,1241,2024-01-09,False
ARKF,1243,2024-01-11,False
ARKF,1485,2024-12-27,False
ARKF,1631,2025-07-31,False
ARKG,1006,2020-01-07,False
ARKI,5,2026-04-09,False
ARKK,999,2020-01-03,False
ARKK,1894,2023-07-26,False
ARKK,2399,2025-07-31,False
ARKQ,2402,2025-07-31,False
ARKQ,2474,2025-11-11,False
ARKT,7,2025-10-10,False
ARKT,14,2025-10-21,False
ARKT,19,2025-10-28,False
ARKT,23,2025-11-03,False
ARKW,1899,2023-07-26,False
ARKW,2013,2024-01-08,False
ARKW,2257,2024-12-26,False
ARKW,2404,2025-07-31,False
ARKX,5,2021-04-07,False
ARKX,7,2021-04-09,False
ARKX,13,2021-04-19,False
ARKX,18,2021-04-26,False
ARKX,21,2021-04-29,False
ARKX,24,2021-05-04,False
ARKX,28,2021-05-10,False
ARKX,1089,2025-07-31,False
ARKX,1150,2025-10-27,False
ARL,2032,2024-01-31,False
ARL,2038,2024-02-08,False
ARLI,7,2026-04-14,False
ARLO,1227,2023-06-21,False
ARLP,1457,2021-10-15,False
ARLP,2107,2024-05-17,False
ARLP,2130,2024-06-21,False
ARLU,9,2024-04-12,False
ARLU,18,2024-04-25,False
ARM,1,2023-09-15,False
ARM,8,2023-09-26,False
ARM,536,2025-11-03,True
ARMG,2,2024-12-09,False
ARMH,2,2025-03-18,False
ARMH,6,2025-03-24,False
ARMH,13,2025-04-02,False
ARMN,2516,2026-01-06,False
ARMU,2,2025-03-06,False
ARMW,1,2025-10-24,False
ARMW,3,2025-10-28,False
ARMW,7,2025-11-03,False
ARMY,7,2026-03-05,False
ARMY,13,2026-03-13,False
AROC,1921,2023-08-22,False
AROC,2056,2024-03-06,False
AROC,2564,2026-03-17,False
AROW,1986,2023-11-28,False
ARP,8,2023-01-05,False
ARP,30,2023-02-07,False
ARP,33,2023-02-10,False
ARP,37,2023-02-16,False
ARQQ,5,2021-04-09,False
ARQQ,7,2021-04-13,False
ARQQ,20,2021-04-30,False
ARQQ,26,2021-05-10,False
ARQQW,1,2021-04-09,False
ARQT,1,2020-02-03,False
ARR,1048,2020-03-04,False
ARRY,4,2020-10-21,False
ARTCW,1,2026-03-02,False
ARTV,1,2024-07-22,False
ARTV,3,2024-07-24,False
ARTV,6,2024-07-29,False
ARTV,9,2024-08-01,False
ARTV,14,2024-08-08,False
ARTV,17,2024-08-13,False
ARTW,1730,2023-02-14,False
ARTY,671,2021-03-01,False
ARVLF,8,2020-02-21,False
ARVLF,18,2020-03-11,False
ARVLF,21,2020-03-18,False
ARVLF,24,2020-03-23,False
ARVLF,26,2020-03-26,False
ARVN,339,2020-02-04,False
ARVR,1,2022-04-21,False
ARVR,3,2022-04-25,False
ARVR,7,2022-04-29,False
ARVR,9,2022-05-03,False
ARVR,11,2022-05-05,False
ARVR,18,2022-05-16,False
ARW,1258,2020-12-31,False
ARWG,8,2026-01-12,False
ARWG,13,2026-01-20,False
ARWG,16,2026-01-23,False
ARWG,21,2026-01-30,False
ARWG,24,2026-02-04,False
ARX,2,2025-07-28,False
ARX,10,2025-08-07,False
AS,2,2024-02-05,False
AS,12,2024-02-20,False
ASA,2303,2025-03-03,False
ASAN,1,2020-10-01,False
ASAN,5,2020-10-07,False
ASAN,7,2020-10-09,False
ASAN,14,2020-10-20,False
ASB,2017,2024-01-09,False
ASBP,8,2022-04-22,False
ASBP,23,2022-05-13,False
ASBP,26,2022-05-18,False
ASBPW,2,2025-02-21,False
ASC,2118,2024-06-04,False
ASCE,3,2025-07-11,False
ASCE,5,2025-07-15,False
ASCE,8,2025-07-18,False
ASCE,20,2025-08-05,False
ASCE,22,2025-08-07,False
ASCI,7,2025-10-29,False
ASCI,13,2025-11-06,False
ASCI,16,2025-11-11,False
ASCI,18,2025-11-13,False
ASCI,20,2025-11-17,False
ASCI,23,2025-11-20,False
ASCI,26,2025-11-25,False
ASCRF,1,2024-09-26,False
ASEA,1216,2020-12-28,False
ASEA,1219,2020-12-31,False
ASGM,7,2025-08-14,False
ASHR,1147,2020-07-24,False
ASHR,1274,2021-01-26,False
ASHS,1145,2020-07-23,False
ASHS,2540,2026-02-11,False
ASIA,1,2023-09-25,False
ASIA,7,2023-10-03,False
ASIA,10,2023-10-06,False
ASIA,23,2023-10-25,False
ASIA,26,2023-10-30,False
ASIC,1,2025-06-12,False
ASIC,5,2025-06-18,False
ASLE,1528,2025-03-27,False
ASLV,1,2025-03-28,False
ASLV,5,2025-04-03,False
ASLV,10,2025-04-10,False
ASLV,12,2025-04-14,False
ASMF,8,2024-05-13,False
ASMF,23,2024-06-04,False
ASMF,28,2024-06-11,False
ASMF,30,2024-06-13,False
ASMF,36,2024-06-24,False
ASMG,2,2024-12-09,False
ASMH,5,2025-03-21,False
ASMH,8,2025-03-26,False
ASMH,13,2025-04-02,False
ASMH,148,2025-10-15,False
ASMH,167,2025-11-11,False
ASML,2065,2024-03-19,False
ASML,2461,2025-10-16,False
ASMU,1,2026-02-12,False
ASMU,3,2026-02-17,False
ASMU,5,2026-02-19,False
ASND,2025,2024-01-22,False
ASND,2027,2024-01-24,False
ASNS,1,2022-05-16,False
ASO,7,2020-10-13,False
ASO,36,2020-11-23,False
ASPC,8,2025-01-16,False
ASPCR,1,2025-01-06,False
ASPCU,8,2024-11-20,False
ASPI,2,2022-11-14,False
ASPSW,1,2025-05-08,False
ASPSZ,1,2025-05-08,False
ASST,1,2023-02-06,False
ASTE,1006,2020-01-02,False
ASTE,1916,2023-08-15,False
ASTE,1921,2023-08-22,False
ASTL,8,2021-03-16,False
ASTL,11,2021-03-19,False
ASTL,17,2021-03-29,False
ASTL,34,2021-04-22,False
ASTL,37,2021-04-27,False
ASTL,699,2023-12-12,False
ASTL,719,2024-01-11,False
ASTX,1,2025-07-14,False
ASUR,1721,2022-12-15,False
ASUUF,2,2024-09-23,False
ASUUF,11,2024-10-04,False
ASUUF,16,2024-10-11,False
ASX,1279,2021-02-02,False
ATAI,2,2021-06-22,False
ATAI,7,2021-06-29,False
ATAT,1,2022-11-14,False
ATCH,8,2021-03-22,False
ATCH,12,2021-03-26,False
ATCH,16,2021-04-01,False
ATCH,31,2021-04-23,False
ATCH,33,2021-04-27,False
ATCH,35,2021-04-29,False
ATCL,8,2026-03-02,False
ATCL,20,2026-03-18,False
ATCL,26,2026-03-26,False
ATCL,30,2026-04-01,False
ATEN,1396,2021-07-21,False
ATEN,1736,2022-11-23,False
ATEN,1738,2022-11-28,False
ATEN,2260,2024-12-26,False
ATEX,1387,2021-07-08,False
ATEX,1389,2021-07-12,False
ATEX,2152,2024-07-24,False
ATEX,2575,2026-04-01,False
ATFV,1,2021-05-04,False
ATFV,5,2021-05-10,False
ATFV,12,2021-05-19,False
ATFV,1081,2025-08-21,False
ATGL,1,2023-11-01,False
ATHR,1,2025-04-11,False
ATHS,8,2024-03-27,False
ATHS,15,2024-04-08,False
ATHS,20,2024-04-15,False
ATHS,27,2024-04-24,False
ATI,2534,2026-02-02,False
ATI,2560,2026-03-11,False
ATII,8,2025-04-15,False
ATIIU,8,2025-02-24,False
ATKR,1146,2020-12-29,False
ATLC,2172,2024-12-23,False
ATLN,1,2021-08-30,False
ATLO,2551,2026-02-27,False
ATLO,2554,2026-03-04,False
ATMP,2578,2026-04-07,False
ATMU,1,2023-05-30,False
ATMU,6,2023-06-06,False
ATMU,11,2023-06-13,False
ATMU,14,2023-06-16,False
ATMU,220,2024-04-12,False
ATMU,222,2024-04-16,False
ATMU,563,2025-08-26,False
ATMU,580,2025-09-19,False
ATRC,1259,2021-01-04,False
ATRC,1263,2021-01-08,False
ATRC,1273,2021-01-25,False
ATRC,1275,2021-01-27,False
ATRO,2384,2025-06-27,False
ATS,1435,2021-09-15,False
ATTR,8,2025-11-07,False
AUAU,3,2025-12-12,False
AUAU,5,2025-12-16,False
AUAU,7,2025-12-18,False
AUAU,38,2026-02-04,False
AUBN,902,2020-01-08,False
AUBN,904,2020-01-10,False
AUBN,921,2020-02-05,False
AUGM,8,2024-08-29,False
AUGP,8,2024-05-22,False
AUGT,1,2023-08-02,False
AUGT,10,2023-08-15,False
AUGT,15,2023-08-22,False
AUGT,18,2023-08-25,False
AUGT,30,2023-09-13,False
AUGT,33,2023-09-18,False
AUGU,1,2024-08-02,False
AUGU,8,2024-08-13,False
AUGU,22,2024-09-03,False
AUGU,26,2024-09-09,False
AUGW,1,2023-08-02,False
AUGW,9,2023-08-14,False
AUGW,15,2023-08-22,False
AUGW,18,2023-08-25,False
AUGZ,7,2020-08-12,False
AUGZ,27,2020-09-10,False
AUGZ,31,2020-09-16,False
AUMI,2,2023-12-15,False
AUMI,4,2023-12-19,False
AUMI,19,2024-01-11,False
AUMI,21,2024-01-16,False
AUNA,1,2024-03-25,False
AUNA,4,2024-03-28,False
AUPH,2262,2024-12-30,False
AUR,14,2021-05-28,False
AUR,34,2021-06-28,False
AUR,37,2021-07-01,False
AURA,1,2021-11-01,False
AURE,1,2023-07-07,False
AUROW,1,2021-11-02,False
AUROW,3,2021-11-04,False
AUSF,1347,2024-01-05,False
AUSF,1353,2024-01-16,False
AUSM,8,2025-07-18,False
AUST,1,2022-05-05,False
AUUD,1,2021-02-18,False
AUUD,4,2021-02-23,False
AVA,1326,2021-04-12,False
AVA,2334,2025-04-15,False
AVAH,1,2021-04-29,False
AVAH,4,2021-05-04,False
AVAH,9,2021-05-11,False
AVAH,15,2021-05-19,False
AVAL,1259,2021-01-04,False
AVAL,1264,2021-01-11,False
AVAL,1268,2021-01-15,False
AVAL,1270,2021-01-20,False
AVAL,2306,2025-03-06,False
AVAL,2485,2025-11-19,False
AVAV,1250,2020-12-18,False
AVAV,2133,2024-06-26,False
AVB,1377,2021-06-23,False
AVBC,1,2025-08-04,False
AVBC,8,2025-08-13,False
AVBC,139,2026-02-20,False
AVBP,2,2024-01-29,False
AVBP,14,2024-02-14,False
AVD,1020,2020-01-23,False
AVD,1593,2022-05-02,False
AVDE,333,2021-01-22,False
AVDS,8,2023-08-01,False
AVDS,13,2023-08-08,False
AVDS,18,2023-08-15,False
AVDS,25,2023-08-24,False
AVDV,333,2021-01-22,False
AVEE,5,2023-11-16,False
AVEE,16,2023-12-04,False
AVEE,22,2023-12-12,False
AVES,2,2021-10-04,False
AVES,8,2021-10-12,False
AVES,21,2021-10-29,False
AVES,23,2021-11-02,False
AVES,27,2021-11-08,False
AVGB,8,2025-04-30,False
AVGE,5,2022-10-06,False
AVGE,8,2022-10-11,False
AVGE,14,2022-10-19,False
AVGO,1513,2022-01-05,False
AVGO,2136,2024-07-01,False
AVGU,3,2025-07-18,False
AVGU,7,2025-07-24,False
AVGV,3,2023-07-05,False
AVGV,7,2023-07-11,False
AVGV,27,2023-08-08,False
AVGV,32,2023-08-15,False
AVGV,35,2023-08-18,False
AVGW,5,2025-07-31,False
AVGW,8,2025-08-05,False
AVGW,21,2025-08-22,False
AVGW,24,2025-08-27,False
AVGW,26,2025-08-29,False
AVGX,2,2024-08-26,False
AVIE,5,2022-10-06,False
AVIG,8,2020-10-27,False
AVIR,1,2020-11-02,False
AVIV,8,2021-10-12,False
AVIV,29,2021-11-10,False
AVIV,36,2021-11-19,False
AVL,1,2024-10-11,False
AVL,6,2024-10-18,False
AVL,8,2024-10-22,False
AVL,14,2024-10-30,False
AVLC,8,2023-10-10,False
AVLC,19,2023-10-25,False
AVLC,24,2023-11-01,False
AVLV,3,2021-09-28,False
AVLV,5,2021-09-30,False
AVLV,11,2021-10-08,False
AVLV,13,2021-10-12,False
AVMA,4,2023-07-06,False
AVMA,7,2023-07-11,False
AVMA,27,2023-08-08,False
AVMA,32,2023-08-15,False
AVMA,35,2023-08-18,False
AVMC,6,2023-11-17,False
AVMC,38,2024-01-05,False
AVMC,41,2024-01-10,False
AVMC,44,2024-01-16,False
AVMU,8,2020-12-22,False
AVMV,6,2023-11-17,False
AVMV,36,2024-01-03,False
AVMV,38,2024-01-05,False
AVMV,41,2024-01-10,False
AVNM,3,2023-07-05,False
AVNM,7,2023-07-11,False
AVNM,28,2023-08-09,False
AVNM,35,2023-08-18,False
AVNT,2553,2026-03-02,False
AVNV,3,2023-07-05,False
AVNV,7,2023-07-11,False
AVNV,28,2023-08-09,False
AVNV,35,2023-08-18,False
AVO,1,2020-10-02,False
AVO,8,2020-10-13,False
AVO,101,2021-02-26,False
AVPT,910,2023-06-20,False
AVPT,912,2023-06-22,False
AVPT,1293,2024-12-26,False
AVR,1,2024-12-13,False
AVR,6,2024-12-20,False
AVR,9,2024-12-26,False
AVR,14,2025-01-03,False
AVRE,7,2021-10-11,False
AVRE,29,2021-11-10,False
AVRE,33,2021-11-16,False
AVRE,37,2021-11-22,False
AVS,4,2024-10-16,False
AVS,24,2024-11-13,False
AVSC,2,2022-01-18,False
AVSC,7,2022-01-25,False
AVSC,12,2022-02-01,False
AVSC,16,2022-02-07,False
AVSC,21,2022-02-14,False
AVSC,496,2024-01-05,False
AVSD,4,2022-03-23,False
AVSD,7,2022-03-28,False
AVSD,17,2022-04-11,False
AVSD,22,2022-04-19,False
AVSE,4,2022-04-05,False
AVSE,8,2022-04-11,False
AVSE,11,2022-04-14,False
AVSE,15,2022-04-21,False
AVSE,23,2022-05-03,False
AVSE,25,2022-05-05,False
AVSF,8,2020-10-27,False
AVSU,4,2022-03-23,False
AVSU,7,2022-03-28,False
AVSU,17,2022-04-11,False
AVSU,20,2022-04-14,False
AVSU,22,2022-04-19,False
AVSU,24,2022-04-21,False
AVSU,29,2022-04-28,False
AVT,1281,2021-02-04,False
AVT,1894,2023-07-14,False
AVT,2556,2026-03-05,False
AVTM,8,2026-02-12,False
AVTM,14,2026-02-23,False
AVTM,20,2026-03-03,False
AVTM,22,2026-03-05,False
AVTM,26,2026-03-11,False
AVTR,387,2020-11-25,False
AVUQ,1,2025-03-28,False
AVUQ,5,2025-04-03,False
AVUQ,10,2025-04-10,False
AVUQ,18,2025-04-23,False
AVUV,1076,2024-01-05,False
AVX,1,2021-07-09,False
AVXC,8,2024-04-03,False
AVXC,15,2024-04-12,False
AVXC,23,2024-04-24,False
AVXX,3,2025-10-29,False
AVY,1246,2020-12-14,False
AVY,1354,2021-05-20,False
AVY,1358,2021-05-26,False
AWAY,2,2020-02-18,False
AWAY,4,2020-02-20,False
AWAY,14,2020-03-05,False
AWAY,281,2021-03-26,False
AWI,1911,2023-08-08,False
AWI,2015,2024-01-05,False
AWI,2076,2024-04-04,False
AX,1482,2021-11-19,False
AXAC,8,2022-04-06,False
AXAC,34,2022-05-13,False
AXAC,37,2022-05-18,False
AXG,2,2025-10-08,False
AXIA,2346,2025-05-07,False
AXIA,2500,2025-12-16,False
AXIA-P-C,1,2025-12-31,False
AXIA-P-C,5,2026-01-07,False
AXIA-P-C,24,2026-02-04,False
AXIN,8,2025-08-13,False
AXON,1741,2022-12-01,False
AXON,1743,2022-12-05,False
AXON,2065,2024-03-19,False
AXON,2076,2024-04-04,False
AXP,2026,2024-01-23,False
AXPG,1,2026-02-20,False
AXSM,2497,2025-12-08,False
AXUP,4,2025-09-22,False
AXUP,10,2025-09-30,False
AYI,2040,2024-02-12,False
AYI,2238,2024-11-22,False
AZ,2,2020-06-04,False
AZI,1,2024-08-29,False
AZI,3,2024-09-03,False
AZN,1377,2021-06-23,False
AZN,2314,2025-03-18,False
AZTD,1,2022-08-19,False
AZTD,6,2022-08-26,False
AZTD,8,2022-08-30,False
AZTD,10,2022-09-01,False
AZTD,14,2022-09-08,False
AZTR,1,2023-06-16,False
AZYY,4,2025-09-22,False
AZYY,13,2025-10-03,False
AZZ,1938,2023-09-15,False
AZZ,2060,2024-03-12,False
AZZ,2553,2026-03-02,False
B,2452,2025-10-03,False
B,2456,2025-10-09,False
BA,2012,2024-01-02,False
BA,2015,2024-01-05,False
BA-PA,2,2024-10-31,False
BA-PA,5,2024-11-05,False
BA-PA,9,2024-11-11,False
BA-PA,14,2024-11-18,False
BA-PA,16,2024-11-20,False
BABO,4,2024-08-14,False
BABO,7,2024-08-19,False
BABO,12,2024-08-26,False
BABO,20,2024-09-06,False
BABO,53,2024-10-23,False
BABO,156,2025-03-25,False
BABU,1,2026-02-12,False
BABU,5,2026-02-19,False
BABU,7,2026-02-23,False
BABU,9,2026-02-25,False
BABW,3,2025-10-28,False
BABW,5,2025-10-30,False
BABW,11,2025-11-07,False
BABW,19,2025-11-19,False
BABX,1,2022-12-14,False
BACA,8,2021-12-01,False
BACA,19,2021-12-16,False
BACC,8,2025-08-14,False
BACQ,8,2024-12-12,False
BACQU,8,2024-11-12,False
BAER,8,2021-03-29,False
BAER,10,2021-03-31,False
BAER,24,2021-04-21,False
BAER,27,2021-04-26,False
BAER,29,2021-04-28,False
BAER,33,2021-05-04,False
BAERW,1,2023-01-24,False
BAFE,7,2024-11-27,False
BAFE,18,2024-12-13,False
BAFE,20,2024-12-17,False
BAFE,27,2024-12-27,False
BAFE,34,2025-01-08,False
BAFN,1,2020-01-21,False
BAGY,4,2025-05-05,False
BAGY,25,2025-06-04,False
BAGY,28,2025-06-09,False
BAH,1916,2023-08-15,False
BAI,1,2024-10-23,False
BAI,7,2024-10-31,False
BAI,21,2024-11-20,False
BAIG,1,2025-08-21,False
BAIV,1,2026-02-27,False
BAIV,8,2026-03-10,False
BAIV,10,2026-03-12,False
BAIV,14,2026-03-18,False
BAIV,16,2026-03-20,False
BAIV,22,2026-03-30,False
BAK,1346,2021-05-10,False
BALI,3,2023-10-03,False
BALI,8,2023-10-10,False
BALI,16,2023-10-20,False
BALI,19,2023-10-25,False
BALI,24,2023-11-01,False
BALL,1047,2020-03-03,False
BALL,2549,2026-02-24,False
BALL,2563,2026-03-16,False
BALQ,7,2025-12-12,False
BALQ,10,2025-12-17,False
BALQ,13,2025-12-22,False
BALQ,31,2026-01-20,False
BALT,8,2021-07-14,False
BALY,1350,2024-08-09,False
BAM,2,2021-02-24,False
BAM,277,2024-01-05,False
BAM,498,2024-11-20,False
BAMA,8,2023-10-10,False
BAMA,19,2023-10-25,False
BAMA,23,2023-10-31,False
BAMB,8,2023-10-09,False
BAMD,2,2023-10-02,False
BAMD,8,2023-10-10,False
BAMD,10,2023-10-12,False
BAMD,21,2023-10-27,False
BAMD,23,2023-10-31,False
BAMG,4,2023-10-03,False
BAMG,8,2023-10-09,False
BAMG,20,2023-10-25,False
BAMG,25,2023-11-01,False
BAMO,8,2023-10-10,False
BAMO,19,2023-10-25,False
BAMO,23,2023-10-31,False
BAMU,8,2023-10-09,False
BAMV,3,2023-10-02,False
BAMV,8,2023-10-09,False
BAMV,17,2023-10-20,False
BAMV,20,2023-10-25,False
BAMV,24,2023-10-31,False
BAMY,3,2023-10-03,False
BAMY,8,2023-10-10,False
BAMY,19,2023-10-25,False
BAMY,23,2023-10-31,False
BANC-P-F,8,2023-12-13,False
BANC-P-F,27,2024-01-11,False
BANC-P-F,32,2024-01-19,False
BANC-PF,8,2023-12-13,False
BANC-PF,27,2024-01-11,False
BANC-PF,32,2024-01-19,False
BANF,1545,2022-02-22,False
BANL,1,2023-03-24,False
BANR,2017,2024-01-09,False
BAOS,1,2021-02-09,False
BAP,1467,2021-10-29,False
BAP,2540,2026-02-10,False
BAP,2545,2026-02-18,False
BAP,2547,2026-02-20,False
BAR,1655,2024-04-26,False
BAR,2035,2025-10-31,False
BARK,1,2020-12-21,False
BASG,7,2025-06-26,False
BASG,35,2025-08-06,False
BASG,37,2025-08-08,False
BASV,7,2025-06-26,False
BASV,19,2025-07-15,False
BASV,21,2025-07-17,False
BASV,23,2025-07-21,False
BASV,37,2025-08-08,False
BATRK,1784,2023-05-18,False
BATRK,2323,2025-07-15,False
BATT,665,2021-01-27,False
BATT,671,2021-02-04,False
BATT,1851,2025-10-16,False
BAYA,8,2024-01-11,False
BAYAR,2,2024-01-03,False
BAYAU,8,2023-12-27,False
BAYAU,30,2024-01-30,False
BB,2456,2025-10-09,False
BBAI,1,2021-04-06,False
BBAI,9,2021-04-16,False
BBAI,16,2021-04-27,False
BBAI,23,2021-05-06,False
BBAI,32,2021-05-19,False
BBAI-WT,1,2021-04-05,False
BBB,3,2024-01-03,False
BBB,10,2024-01-12,False
BBB,13,2024-01-18,False
BBB,18,2024-01-25,False
BBB,56,2024-03-20,False
BBB,58,2024-03-22,False
BBBI,6,2024-02-02,False
BBBI,8,2024-02-06,False
BBBI,15,2024-02-15,False
BBBI,18,2024-02-21,False
BBBI,21,2024-02-26,False
BBBL,6,2024-02-02,False
BBBL,10,2024-02-08,False
BBBL,13,2024-02-13,False
BBBL,19,2024-02-22,False
BBBL,21,2024-02-26,False
BBBS,8,2024-02-06,False
BBBS,14,2024-02-14,False
BBBY-WT,1,2025-10-14,False
BBBY-WT,6,2025-10-21,False
BBC,1011,2020-01-10,False
BBC,1023,2020-01-29,False
BBC,1259,2021-01-05,False
BBC,2024,2024-01-22,False
BBC,2477,2025-11-10,False
BBCQ,6,2026-02-05,False
BBCQ,8,2026-02-09,False
BBCQ,14,2026-02-18,False
BBCQ,37,2026-03-23,False
BBCQW,2,2026-01-30,False
BBCQW,6,2026-02-05,False
BBD,2181,2024-09-04,False
BBD,2191,2024-09-18,False
BBDC,1936,2023-09-13,False
BBEM,8,2023-05-23,False
BBEM,11,2023-05-26,False
BBEM,34,2023-06-30,False
BBHL,3,2025-11-20,False
BBHL,7,2025-11-26,False
BBHL,21,2025-12-17,False
BBHM,3,2025-11-20,False
BBHM,7,2025-11-26,False
BBHM,22,2025-12-18,False
BBHM,26,2025-12-24,False
BBIB,8,2023-05-02,False
BBIB,26,2023-05-26,False
BBIB,28,2023-05-31,False
BBIN,27,2020-01-15,False
BBIN,37,2020-01-30,False
BBIO,387,2021-01-08,False
BBJP,1932,2026-02-25,False
BBLB,4,2023-04-26,False
BBLB,7,2023-05-01,False
BBLB,12,2023-05-08,False
BBLB,15,2023-05-11,False
BBLB,20,2023-05-18,False
BBLB,26,2023-05-26,False
BBLB,183,2024-01-11,False
BBLGW,1,2021-10-14,False
BBLU,2,2022-10-19,False
BBLU,7,2022-10-26,False
BBMC,3,2020-04-20,False
BBMC,7,2020-04-24,False
BBMC,197,2021-01-26,False
BBMC,202,2021-02-02,False
BBNX,2,2025-02-03,False
BBNX,6,2025-02-07,False
BBNX,13,2025-02-19,False
BBOT,2,2025-08-11,False
BBOT,5,2025-08-14,False
BBP,1001,2020-01-02,False
BBP,1004,2020-01-07,False
BBP,1668,2022-08-25,False
BBP,2023,2024-01-25,False
BBSB,8,2023-05-02,False
BBSB,19,2023-05-17,False
BBSB,27,2023-05-30,False
BBSC,7,2020-12-02,False
BBSC,26,2021-01-04,False
BBSC,781,2024-01-05,False
BBSI,2254,2024-12-17,False
BBT,1370,2021-06-14,False
BBU,1942,2024-02-20,False
BBUC,1,2022-03-08,False
BBUC,463,2024-01-09,False
BBVA,2086,2024-04-18,False
BBVA,2431,2025-09-04,False
BBW,2087,2024-04-19,False
BBY,1007,2020-01-03,False
BBY,1180,2020-09-10,False
BBYY,7,2025-10-30,False
BBYY,13,2025-11-07,False
BBYY,15,2025-11-11,False
BBYY,21,2025-11-19,False
BC,1792,2023-02-15,False
BCAB,1,2020-12-17,False
BCAL,1233,2024-12-12,False
BCAL,1236,2024-12-17,False
BCAR,8,2025-09-02,False
BCAT,7,2020-10-06,False
BCAT,21,2020-10-26,False
BCAT,29,2020-11-05,False
BCAX,1,2024-09-13,False
BCBP,1553,2022-03-04,False
BCC,1922,2023-08-23,False
BCCC,1,2025-06-05,False
BCCC,5,2025-06-11,False
BCCC,13,2025-06-24,False
BCD,1098,2022-03-21,False
BCD,1110,2022-04-06,False
BCDF,5,2022-08-09,False
BCDF,7,2022-08-11,False
BCDF,18,2022-08-26,False
BCDF,22,2022-09-01,False
BCDF,363,2024-01-11,False
BCE,2427,2025-08-28,False
BCEM,2,2026-04-14,False
BCFN,7,2025-12-24,False
BCFN,18,2026-01-12,False
BCFN,23,2026-01-20,False
BCFN,26,2026-01-23,False
BCFN,29,2026-01-28,False
BCG,1,2024-03-28,False
BCGD,1,2025-12-16,False
BCGD,8,2025-12-26,False
BCGD,23,2026-01-20,False
BCGD,26,2026-01-23,False
BCGD,33,2026-02-03,False
BCGD,37,2026-02-09,False
BCHI,5,2025-02-21,False
BCHI,9,2025-02-27,False
BCHI,14,2025-03-06,False
BCHI,16,2025-03-10,False
BCHP,5,2023-07-20,False
BCHP,8,2023-07-25,False
BCHP,18,2023-08-08,False
BCHP,22,2023-08-14,False
BCHP,27,2023-08-21,False
BCI,1250,2022-03-18,False
BCI,1264,2022-04-07,False
BCIL,7,2024-04-02,False
BCIL,11,2024-04-08,False
BCIL,13,2024-04-10,False
BCIL,15,2024-04-12,False
BCIL,21,2024-04-22,False
BCKT,8,2025-10-06,False
BCLO,8,2025-02-11,False
BCLO,27,2025-03-11,False
BCLO,35,2025-03-21,False
BCML,1184,2021-03-26,False
BCML,1418,2022-03-01,False
BCML,1421,2022-03-04,False
BCML,1426,2022-03-11,False
BCOR,3,2025-05-05,False
BCPL,8,2026-01-23,False
BCPL,37,2026-03-06,False
BCS,2380,2025-06-23,False
BCS,2524,2026-01-16,False
BCSF,531,2020-12-28,False
BCSF,594,2021-03-30,False
BCSF,597,2021-04-05,False
BCSM,8,2025-12-26,False
BCSM,23,2026-01-20,False
BCSM,27,2026-01-26,False
BCSM,29,2026-01-28,False
BCSS-U,7,2025-10-13,False
BCSS-U,20,2025-11-20,False
BCSS-U,28,2025-12-03,False
BCSS-WS,8,2025-12-03,False
BCTK,2,2025-12-17,False
BCTK,6,2025-12-23,False
BCTK,16,2026-01-08,False
BCTK,23,2026-01-20,False
BCTK,27,2026-01-26,False
BCTXL,1,2026-01-15,False
BCUS,6,2024-01-02,False
BCUS,13,2024-01-11,False
BCV,1259,2021-01-04,False
BCV,1263,2021-01-08,False
BDBT,8,2025-07-03,False
BDBT,16,2025-07-16,False
BDC,1253,2020-12-23,False
BDC,2406,2025-07-30,False
BDCX,2,2020-06-05,False
BDCX,4,2020-06-09,False
BDCX,10,2020-06-17,False
BDCX,17,2020-06-26,False
BDCX,145,2020-12-29,False
BDCX,206,2021-03-29,False
BDCZ,553,2021-03-29,False
BDEC,37,2020-01-27,False
BDGS,8,2023-05-23,False
BDIV,1,2024-08-01,False
BDIV,9,2024-08-13,False
BDMD,1,2024-09-27,False
BDMDW,1,2024-09-30,False
BDRY,649,2021-02-01,False
BDSX,2,2020-10-30,False
BDSX,5,2020-11-04,False
BDTX,1,2020-01-31,False
BDTX,4,2020-02-05,False
BDTX,6,2020-02-07,False
BDTX,9,2020-02-12,False
BDTX,15,2020-02-21,False
BDVG,8,2023-07-13,False
BDVG,27,2023-08-09,False
BDVG,31,2023-08-15,False
BDVG,33,2023-08-17,False
BDVG,37,2023-08-23,False
BDVL,9,2025-09-26,False
BDVL,19,2025-10-10,False
BDVL,21,2025-10-14,False
BDVL,36,2025-11-04,False
BDYN,8,2025-09-25,False
BDYN,21,2025-10-14,False
BDYN,24,2025-10-17,False
BE,1825,2025-10-28,True
BEAG,8,2024-12-27,False
BEAGR,1,2024-12-17,False
BEAGU,8,2024-11-04,False
BEAM,1,2020-02-07,False
BEAT,1,2021-11-12,False
BEAT,5,2021-11-18,False
BEBE-UN,10,2026-01-02,False
BEBE-WS,1,2026-02-09,False
BEBE-WS,4,2026-02-12,False
BEBE-WT,1,2026-02-09,False
BEDY,6,2025-12-16,False
BEDY,8,2025-12-18,False
BEDZ,7,2021-04-30,False
BEDZ,13,2021-05-10,False
BEDZ,19,2021-05-18,False
BEEP,8,2021-06-07,False
BEEP,26,2021-07-01,False
BEEX,2,2024-12-18,False
BEEX,8,2024-12-27,False
BEEX,16,2025-01-10,False
BEEX,18,2025-01-14,False
BEEZ,5,2023-11-15,False
BEEZ,7,2023-11-17,False
BEEZ,39,2024-01-05,False
BEEZ,41,2024-01-09,False
BEG,1,2025-12-17,False
BEGS,2,2025-02-11,False
BEGS,4,2025-02-13,False
BEGS,6,2025-02-18,False
BEGS,16,2025-03-04,False
BEGS,18,2025-03-06,False
BEKE,1,2020-08-14,False
BELT,1,2024-06-20,False
BELT,9,2024-07-02,False
BELT,19,2024-07-17,False
BELT,23,2024-07-23,False
BELT,26,2024-07-26,False
BEMB,8,2023-03-08,False
BEMB,14,2023-03-16,False
BEMB,37,2023-04-19,False
BEN,1792,2023-02-15,False
BEN,1910,2023-08-07,False
BEN,2015,2024-01-05,False
BEN,2017,2024-01-09,False
BEN,2019,2024-01-11,False
BENF,8,2021-12-15,False
BENJ,8,2025-02-04,False
BEP,2478,2025-11-10,False
BEPC,1,2020-07-27,False
BEPC,69,2020-10-30,False
BEPC,1336,2025-11-17,False
BEPH,12,2021-05-04,False
BEPH,14,2021-05-06,False
BEPH,16,2021-05-10,False
BEPH,22,2021-05-18,False
BEPI,7,2021-12-23,False
BEPI,23,2022-01-18,False
BEPI,29,2022-01-26,False
BEPJ,8,2024-04-09,False
BEPJ,21,2024-04-26,False
BEPJ,23,2024-04-30,False
BERZ,1,2021-08-19,False
BERZ,7,2021-08-27,False
BERZ,11,2021-09-02,False
BESF,5,2025-06-11,False
BESF,7,2025-06-13,False
BESF,14,2025-06-25,False
BESF,16,2025-06-27,False
BESF,101,2025-10-28,False
BESS-WT,1,2026-02-23,False
BETA,2,2025-11-06,False
BETA,6,2025-11-12,False
BETE,1,2023-10-03,False
BETE,5,2023-10-09,False
BETE,9,2023-10-13,False
BETE,11,2023-10-17,False
BETE,475,2025-08-25,False
BETH,1,2023-10-03,False
BETH,5,2023-10-09,False
BETH,9,2023-10-13,False
BETR,1,2021-05-03,False
BETR,6,2021-05-10,False
BETR,15,2021-05-21,False
BETRW,1,2023-08-22,False
BETZ,3,2020-06-09,False
BETZ,9,2020-06-17,False
BETZ,167,2021-02-02,False
BEX,1,2025-11-14,False
BEZ,1,2026-02-12,False
BFAP,1,2025-04-07,False
BFAP,5,2025-04-11,False
BFC,1478,2022-12-08,False
BFC,1482,2022-12-14,False
BFC,1610,2023-06-21,False
BFEB,7,2020-02-12,False
BFEB,20,2020-03-03,False
BFEB,22,2020-03-05,False
BFEW,4,2026-04-14,False
BFIX,8,2022-02-23,False
BFIX,10,2022-02-25,False
BFIX,18,2022-03-09,False
BFIX,27,2022-03-22,False
BFJA,6,2026-01-20,False
BFJA,8,2026-01-22,False
BFJA,13,2026-01-29,False
BFJA,20,2026-02-09,False
BFJA,22,2026-02-11,False
BFJA,24,2026-02-13,False
BFJA,26,2026-02-18,False
BFJL,7,2025-07-11,False
BFJL,17,2025-07-25,False
BFJL,20,2025-07-30,False
BFJL,25,2025-08-06,False
BFLB,2,2025-10-10,False
BFLB,8,2025-10-20,False
BFLB,22,2025-11-07,False
BFLB,26,2025-11-13,False
BFLB,31,2025-11-20,False
BFLB,34,2025-11-25,False
BFLY,8,2020-07-23,False
BFLY,17,2020-08-05,False
BFLY,23,2020-08-13,False
BFLY,29,2020-08-21,False
BFOC,4,2025-10-08,False
BFOC,6,2025-10-10,False
BFOC,8,2025-10-14,False
BFOC,14,2025-10-22,False
BFOC,16,2025-10-24,False
BFOC,22,2025-11-03,False
BFOC,27,2025-11-10,False
BFOR,1279,2021-02-02,False
BFRG,8,2023-02-07,False
BFRGW,8,2023-02-07,False
BFRI,1,2021-11-01,False
BFRZ,8,2025-05-23,False
BFS,1316,2021-03-26,False
BFST,909,2021-11-19,False
BFST,912,2021-11-24,False
BFST,1442,2024-01-05,False
BFST,1444,2024-01-09,False
BFXU,4,2026-04-14,False
BG,2476,2025-11-06,False
BG,2553,2026-03-02,False
BGC,1250,2020-12-18,False
BGC,1673,2022-08-25,False
BGDV,3,2024-12-17,False
BGDV,8,2024-12-24,False
BGDV,10,2024-12-27,False
BGDV,18,2025-01-10,False
BGI,1862,2023-05-26,False
BGIG,4,2023-09-21,False
BGIG,10,2023-09-29,False
BGIG,16,2023-10-09,False
BGIG,18,2023-10-11,False
BGIN,1,2025-10-22,False
BGL,1,2025-06-27,False
BGLC,1,2020-09-17,False
BGLD,8,2021-02-02,False
BGLD,10,2021-02-04,False
BGLD,13,2021-02-09,False
BGLD,15,2021-02-11,False
BGLD,17,2021-02-16,False
BGLD,24,2021-02-25,False
BGLD,26,2021-03-01,False
BGM,1,2021-01-13,False
BGRO,7,2024-06-14,False
BGRO,32,2024-07-23,False
BH,1808,2023-03-10,False
BH,1811,2023-03-15,False
BH,1873,2023-06-13,False
BHAVU,8,2026-03-27,False
BHB,1315,2021-03-25,False
BHB,2015,2024-01-05,False
BHC,1007,2020-01-03,False
BHDG,7,2026-03-27,False
BHIL,2,2021-03-02,False
BHIL,6,2021-03-08,False
BHIL,12,2021-03-16,False
BHIL,25,2021-04-05,False
BHM,1,2022-09-29,False
BHM,5,2022-10-05,False
BHP,1258,2020-12-31,False
BHP,1275,2021-01-27,False
BHRB,1484,2024-01-11,False
BHRB,1487,2024-01-17,False
BHRB,1630,2024-08-12,False
BHV,2021,2024-01-16,False
BHV,2025,2024-01-22,False
BHVN,2,2022-09-27,False
BHYB,7,2023-11-07,False
BIAF,1,2022-09-02,False
BIB,1006,2020-01-02,False
BIB,1009,2020-01-07,False
BIB,2025,2024-01-22,False
BIDD,8,2024-11-29,False
BIDD,21,2024-12-18,False
BIDD,26,2024-12-26,False
BIDD,35,2025-01-10,False
BIDG,3,2025-12-23,False
BIGY,7,2024-12-03,False
BIGY,18,2024-12-18,False
BIGY,20,2024-12-20,False
BIGY,24,2024-12-27,False
BIGY,32,2025-01-10,False
BIGY,34,2025-01-14,False
BIII-UN,8,2026-01-14,False
BIII-UN,31,2026-02-18,False
BIII-UN,33,2026-02-20,False
BIII-WS,8,2026-02-10,False
BILD,8,2023-12-11,False
BILD,20,2023-12-28,False
BILD,31,2024-01-16,False
BILD,37,2024-01-24,False
BILI,462,2020-01-29,False
BILL,1259,2024-12-13,False
BILL,1261,2024-12-17,False
BILS,8,2020-10-06,False
BILT,8,2025-08-12,False
BILT,20,2025-08-28,False
BILT,22,2025-09-02,False
BILT,28,2025-09-10,False
BILZ,8,2023-07-05,False
BINC,8,2023-06-05,False
BINI,8,2024-01-04,False
BINT,7,2025-07-02,False
BINT,17,2025-07-17,False
BINT,27,2025-07-31,False
BINT,32,2025-08-07,False
BINV,5,2023-10-12,False
BINV,8,2023-10-17,False
BINV,18,2023-10-31,False
BIO,1438,2021-09-20,False
BIOA,1,2024-09-27,False
BIOR,1,2020-06-22,False
BIOR,13,2020-07-09,False
BIORQ,1,2020-06-22,False
BIPC,1,2020-04-01,False
BIPC,3,2020-04-03,False
BIPC,127,2020-09-30,False
BIPH,8,2026-03-26,False
BIPH,13,2026-04-02,False
BIPI,1,2022-01-27,False
BIPI,3,2022-01-31,False
BIPI,13,2022-02-14,False
BIPI,15,2022-02-16,False
BIPJ,8,2024-06-17,False
BIPJ,36,2024-07-29,False
BIRD,1,2021-11-04,False
BIRK,1,2023-10-11,False
BIRK,328,2025-01-31,False
BITB,1,2024-01-12,False
BITB,9,2024-01-25,False
BITC,1,2023-03-22,False
BITC,25,2023-04-26,False
BITC,449,2025-01-02,False
BITI,2,2022-06-23,False
BITI,6,2022-06-29,False
BITK,1,2025-09-25,False
BITK,5,2025-10-01,False
BITK,19,2025-10-21,False
BITO,2,2021-10-21,False
BITO,9,2021-11-01,False
BITQ,1,2021-05-11,False
BITQ,11,2021-05-25,False
BITS,1,2021-11-17,False
BITS,6,2021-11-24,False
BITS,9,2021-11-30,False
BITS,15,2021-12-08,False
BITU,1,2024-04-03,False
BITU,3,2024-04-05,False
BITX,1,2023-06-28,False
BITX,3,2023-06-30,False
BITX,5,2023-07-05,False
BITX,9,2023-07-11,False
BITY,4,2025-05-05,False
BITY,25,2025-06-04,False
BITY,28,2025-06-09,False
BIXI,8,2025-12-30,False
BIXI,10,2026-01-02,False
BIYA,1,2025-03-24,False
BIZD,1255,2020-12-28,False
BIZD,1316,2021-03-26,False
BJ,811,2021-09-17,False
BJDX,1,2021-11-11,False
BK,2043,2024-02-15,False
BKAG,8,2020-05-06,False
BKAG,12,2020-05-12,False
BKCG,3,2025-04-03,False
BKCG,8,2025-04-10,False
BKCG,16,2025-04-23,False
BKCH,1,2021-07-15,False
BKCH,6,2021-07-22,False
BKCI,7,2021-12-17,False
BKCI,9,2021-12-21,False
BKCI,22,2022-01-10,False
BKCI,25,2022-01-13,False
BKD,2549,2026-02-24,False
BKDV,5,2024-11-11,False
BKDV,11,2024-11-19,False
BKDV,24,2024-12-09,False
BKDV,28,2024-12-13,False
BKE,1290,2021-02-18,False
BKE,2253,2024-12-16,False
BKE,2257,2024-12-20,False
BKE,2425,2025-08-26,False
BKE,2445,2025-09-24,False
BKE,2453,2025-10-06,False
BKEM,4,2020-04-30,False
BKEM,8,2020-05-06,False
BKEM,12,2020-05-12,False
BKF,2209,2024-10-14,False
BKFI,8,2026-01-23,False
BKFI,37,2026-03-06,False
BKGI,4,2022-11-09,False
BKGI,7,2022-11-14,False
BKGI,18,2022-11-30,False
BKGI,29,2022-12-15,False
BKGI,35,2022-12-23,False
BKH,2500,2025-12-11,False
BKHA,8,2024-05-23,False
BKHAR,1,2024-05-14,False
BKHAU,8,2024-04-03,False
BKHY,5,2020-05-01,False
BKHY,8,2020-05-06,False
BKHY,13,2020-05-13,False
BKHY,40,2020-06-22,False
BKIE,4,2020-04-30,False
BKIE,8,2020-05-06,False
BKIE,12,2020-05-12,False
BKIE,36,2020-06-16,False
BKIE,38,2020-06-18,False
BKKT,1,2020-11-20,False
BKKT,5,2020-11-27,False
BKKT,8,2020-12-02,False
BKKT-WT,1,2021-10-14,False
BKLC,3,2020-04-15,False
BKLC,5,2020-04-17,False
BKMC,1,2020-04-13,False
BKMC,3,2020-04-15,False
BKMC,6,2020-04-20,False
BKMC,200,2021-01-26,False
BKMI,8,2026-01-23,False
BKMI,36,2026-03-05,False
BKMS,8,2026-01-23,False
BKNG,2259,2024-12-24,False
BKNU,1,2025-09-18,False
BKNU,7,2025-09-26,False
BKNU,13,2025-10-06,False
BKR,1250,2020-12-18,False
BKR,1915,2023-08-14,False
BKR,2416,2025-08-13,False
BKSE,1,2020-04-13,False
BKSE,6,2020-04-20,False
BKSE,185,2021-01-04,False
BKSE,205,2021-02-02,False
BKSE,940,2024-01-05,False
BKSY,8,2020-01-03,False
BKSY,37,2020-02-14,False
BKU,2017,2024-01-09,False
BKUI,8,2021-08-23,False
BKV,3,2024-10-01,False
BKV,8,2024-10-08,False
BKV,11,2024-10-11,False
BKV,25,2024-10-31,False
BKV,28,2024-11-05,False
BKV,50,2024-12-06,False
BLBD,2023,2024-01-18,False
BLCN,785,2021-03-02,False
BLCN,1502,2024-01-05,False
BLCO,2,2022-05-09,False
BLCR,7,2023-11-06,False
BLCR,28,2023-12-06,False
BLCR,48,2024-01-05,False
BLCV,1,2023-05-24,False
BLCV,8,2023-06-05,False
BLCV,51,2023-08-07,False
BLDG,3,2020-09-29,False
BLDG,5,2020-10-01,False
BLDG,16,2020-10-16,False
BLDG,22,2020-10-26,False
BLDG,27,2020-11-02,False
BLDG,30,2020-11-05,False
BLDR,1863,2023-05-30,False
BLDX,6,2026-02-10,False
BLDX,28,2026-03-13,False
BLDX,31,2026-03-18,False
BLDX,33,2026-03-20,False
BLFY,4,2021-07-22,False
BLFY,6,2021-07-26,False
BLFY,12,2021-08-03,False
BLGR,7,2025-07-02,False
BLGR,28,2025-08-01,False
BLIN,1877,2023-06-30,False
BLIV,1,2025-04-04,False
BLK,2015,2024-01-05,False
BLK,2017,2024-01-09,False
BLK,2019,2024-01-11,False
BLKB,1294,2021-02-24,False
BLKB,1299,2021-03-03,False
BLKB,1482,2021-11-19,False
BLLN,1,2025-11-07,False
BLLN,4,2025-11-12,False
BLLN,9,2025-11-19,False
BLMN,1806,2023-03-08,False
BLMZF,1,2024-07-25,False
BLND,1,2021-07-19,False
BLOK,733,2020-12-14,False
BLOK,761,2021-01-26,False
BLOK,1390,2023-07-27,False
BLOK,1393,2023-08-01,False
BLOX,2,2025-06-20,False
BLOX,28,2025-07-29,False
BLOX,30,2025-07-31,False
BLOX,34,2025-08-06,False
BLRK,9,2026-02-13,False
BLRKW,1,2026-02-04,False
BLSG,1,2025-10-28,False
BLSH,1,2025-08-13,False
BLST,8,2025-07-03,False
BLSX,1,2025-10-24,False
BLSX,3,2025-10-28,False
BLTD,8,2025-07-03,False
BLTD,10,2025-07-08,False
BLTD,17,2025-07-17,False
BLTD,21,2025-07-23,False
BLTE,1,2022-05-02,False
BLUC,7,2025-07-02,False
BLUC,28,2025-08-01,False
BLUC,30,2025-08-05,False
BLUI,8,2025-07-03,False
BLUW,8,2025-08-12,False
BLUWU,8,2025-06-23,False
BLUX,7,2025-07-02,False
BLUX,34,2025-08-11,False
BLV,2019,2024-01-11,False
BLZE,1,2021-11-12,False
BLZR,8,2025-11-13,False
BLZR,18,2025-11-28,False
BLZR,21,2025-12-03,False
BMAR,1,2020-03-03,False
BMAR,3,2020-03-05,False
BMAY,7,2020-05-12,False
BMAY,31,2020-06-16,False
BMAY,35,2020-06-22,False
BMBL,1,2021-02-12,False
BMBL,3,2021-02-17,False
BMEA,1,2021-04-19,False
BMEA,5,2021-04-23,False
BMEA,9,2021-04-29,False
BMEA,13,2021-05-05,False
BMEA,15,2021-05-07,False
BMED,5,2020-10-08,False
BMED,19,2020-10-28,False
BMED,23,2020-11-03,False
BMED,833,2024-01-25,False
BMEZ,7,2020-02-07,False
BMEZ,18,2020-02-25,False
BMEZ,20,2020-02-27,False
BMEZ,27,2020-03-09,False
BMGL,1,2025-02-26,False
BMGL,6,2025-03-05,False
BMGL,8,2025-03-07,False
BMGL,13,2025-03-14,False
BMHL,3,2025-07-15,False
BMHL,7,2025-07-21,False
BMHL,18,2025-08-05,False
BMI,1279,2021-02-02,False
BMN,8,2022-11-08,False
BMN,24,2022-12-01,False
BMN,26,2022-12-05,False
BMN,28,2022-12-07,False
BMN,34,2022-12-15,False
BMN,36,2022-12-19,False
BMNG,1,2025-10-28,False
BMNU,3,2025-10-01,False
BMNZ,1,2025-11-14,False
BMO,1253,2020-12-23,False
BMO,1257,2020-12-30,False
BMO,1371,2021-06-15,False
BMO,1376,2021-06-22,False
BMO,1380,2021-06-28,False
BMO,2021,2024-01-16,False
BMO,2024,2024-01-19,False
BMOP,8,2026-01-23,False
BMOP,37,2026-03-06,False
BMR,1,2023-03-01,False
BMRC,2015,2024-01-05,False
BMRN,1007,2020-01-03,False
BMRN,1010,2020-01-08,False
BMVP,1274,2021-01-26,False
BMY,1590,2022-04-27,False
BN,1318,2021-03-30,False
BNAI,2,2021-04-30,False
BNAI,8,2021-05-10,False
BNAI,10,2021-05-12,False
BNAI,13,2021-05-17,False
BNAI,15,2021-05-19,False
BNAI,23,2021-06-01,False
BNAI,26,2021-06-04,False
BNAIW,1,2021-04-26,False
BNDD,2,2021-09-23,False
BNDD,5,2021-09-28,False
BNDD,12,2021-10-07,False
BNDD,14,2021-10-11,False
BNDI,12,2022-09-16,False
BNDI,16,2022-09-22,False
BNDI,18,2022-09-26,False
BNDI,26,2022-10-06,False
BNDP,8,2025-12-16,False
BNDS,8,2025-01-28,False
BNDS,36,2025-03-10,False
BNDY,9,2025-07-17,False
BNGE,1,2022-01-27,False
BNGE,5,2022-02-02,False
BNGE,20,2022-02-24,False
BNGE,22,2022-02-28,False
BNGE,866,2025-07-11,False
BNGE,881,2025-08-01,False
BNH,5,2020-10-28,False
BNH,8,2020-11-02,False
BNH,33,2020-12-08,False
BNH,816,2024-01-22,False
BNKD,4,2025-02-26,False
BNKK,1,2020-11-02,False
BNKU,1,2025-02-21,False
BNKU,5,2025-02-27,False
BNKU,7,2025-03-03,False
BNL,2,2020-09-21,False
BNL,7,2020-09-28,False
BNL,16,2020-10-09,False
BNL,33,2020-11-03,False
BNL,36,2020-11-06,False
BNL,198,2021-07-01,False
BNL,836,2024-01-16,False
BNO,1276,2021-01-28,False
BNO,1469,2021-11-02,False
BNO,1473,2021-11-08,False
BNO,2090,2024-04-24,False
BNR,1,2020-06-15,False
BNR,3,2020-06-17,False
BNR,14,2020-07-02,False
BNRG,1,2022-05-26,False
BNS,1253,2020-12-23,False
BNS,1275,2021-01-27,False
BNS,1313,2021-03-23,False
BNT,1,2021-06-29,False
BNT,9,2021-07-12,False
BNT,13,2021-07-16,False
BNZI,8,2021-02-25,False
BNZI,12,2021-03-03,False
BNZI,26,2021-03-23,False
BNZIW,1,2021-02-16,False
BOAT,4,2021-08-10,False
BOAT,166,2022-03-31,False
BOAT,618,2024-01-19,False
BOAT,716,2024-06-10,False
BOAT,724,2024-06-21,False
BOAT,1158,2026-03-17,False
BOBP,8,2025-06-03,False
BOBP,20,2025-06-20,False
BOC,883,2020-12-14,False
BOCN,5,2022-02-14,False
BOCN,14,2022-03-02,False
BODI,6,2021-01-26,False
BODI,11,2021-02-02,False
BODI,14,2021-02-05,False
BOED,1,2025-04-24,False
BOED,7,2025-05-02,False
BOED,11,2025-05-08,False
BOED,17,2025-05-16,False
BOEG,2,2025-06-17,False
BOEG,6,2025-06-24,False
BOEU,2,2025-04-25,False
BOEU,4,2025-04-29,False
BOEU,42,2025-06-24,False
BOF,1,2023-06-16,False
BOH,2015,2024-01-05,False
BOH-PB,7,2024-07-01,False
BOH-PB,31,2024-08-05,False
BOH-PB,36,2024-08-12,False
BOKF,1482,2021-11-19,False
BOKF,1485,2021-11-24,False
BOLD,1,2024-04-01,False
BOLD,14,2024-04-18,False
BOLT,4,2021-02-11,False
BON,2,2021-06-28,False
BOSC,2382,2025-07-07,False
BOTJ,1796,2024-01-10,False
BOTT,6,2024-04-30,False
BOTT,26,2024-05-29,False
BOTT,30,2024-06-04,False
BOTT,373,2025-10-16,False
BOTT,381,2025-10-28,False
BOTT,448,2026-02-04,False
BOTZ,1840,2024-01-10,False
BOUT,600,2021-02-02,False
BOW,1,2024-05-24,False
BOW,3,2024-05-29,False
BOW,12,2024-06-11,False
BOW,14,2024-06-13,False
BOW,222,2025-04-14,False
BOWN,8,2023-08-28,False
BOXA,8,2024-12-31,False
BOXA,14,2025-01-10,False
BOXA,16,2025-01-14,False
BOXX,8,2023-01-10,False
BP,1802,2023-03-02,False
BPAC,5,2022-02-01,False
BPAC,8,2022-02-04,False
BPAC,13,2022-02-11,False
BPACU,8,2021-12-14,False
BPACU,28,2022-01-12,False
BPACU,36,2022-01-25,False
BPAY,1,2022-08-19,False
BPAY,6,2022-08-26,False
BPAY,10,2022-09-01,False
BPAY,14,2022-09-08,False
BPAY,22,2022-09-20,False
BPAY,727,2025-07-15,False
BPAY,739,2025-07-31,False
BPH,8,2025-01-21,False
BPH,11,2025-01-24,False
BPH,17,2025-02-03,False
BPH,19,2025-02-05,False
BPH,32,2025-02-25,False
BPH,35,2025-02-28,False
BPI,1,2025-04-03,False
BPI,6,2025-04-10,False
BPI,8,2025-04-14,False
BPOP,2017,2024-01-09,False
BPRE,1,2025-12-17,False
BPRE,4,2025-12-22,False
BPRE,12,2026-01-05,False
BPRN,1795,2024-08-14,False
BPRO,1,2026-01-23,False
BPRO,3,2026-01-27,False
BPRO,13,2026-02-10,False
BQ,1,2020-10-01,False
BR,1674,2022-08-26,False
BR,1938,2023-09-15,False
BRAI,1,2026-02-13,False
BRAZ,4,2023-08-24,False
BRAZ,16,2023-09-12,False
BRAZ,25,2023-09-25,False
BRAZ,29,2023-09-29,False
BRBI,1,2025-09-22,False
BRBR,1293,2024-12-06,False
BRBR,1297,2024-12-12,False
BRBR,1309,2024-12-31,False
BRBS,683,2021-06-07,False
BRBS,1561,2024-12-03,False
BRC,2553,2026-03-02,False
BRCB,5,2025-09-19,False
BRCB,19,2025-10-09,False
BRCC,1,2022-02-08,False
BRCE,6,2025-10-30,False
BRCE,11,2025-11-06,False
BRCE,14,2025-11-11,False
BRCE,16,2025-11-13,False
BRCE,18,2025-11-17,False
BRCE,21,2025-11-20,False
BRCE,24,2025-11-25,False
BREM,8,2025-10-28,False
BRES,5,2026-02-12,False
BRES,8,2026-02-18,False
BRES,11,2026-02-23,False
BRES,17,2026-03-03,False
BRES,19,2026-03-05,False
BRES,24,2026-03-12,False
BRES,28,2026-03-18,False
BRF,1256,2020-12-29,False
BRHY,8,2024-07-01,False
BRHY,32,2024-08-05,False
BRIA,1,2024-11-29,False
BRIA,6,2024-12-06,False
BRIB,8,2026-03-03,False
BRIB,26,2026-03-27,False
BRIE,8,2025-11-03,False
BRIE,12,2025-11-07,False
BRIE,21,2025-11-20,False
BRIE,24,2025-11-25,False
BRIF,4,2024-12-27,False
BRIF,8,2025-01-03,False
BRIF,12,2025-01-10,False
BRIF,14,2025-01-14,False
BRIF,27,2025-02-03,False
BRIF,205,2025-10-17,False
BRK-B,1184,2020-09-16,False
BRKC,8,2025-06-17,False
BRKC,11,2025-06-23,False
BRKC,20,2025-07-07,False
BRKC,22,2025-07-09,False
BRKC,24,2025-07-11,False
BRKC,26,2025-07-15,False
BRKD,7,2024-12-20,False
BRKD,15,2025-01-03,False
BRKD,28,2025-01-24,False
BRKD,31,2025-01-29,False
BRKR,2079,2024-04-09,False
BRKR,2500,2025-12-11,False
BRKU,1,2024-12-12,False
BRKU,3,2024-12-16,False
BRKU,11,2024-12-27,False
BRKU,16,2025-01-06,False
BRKU,18,2025-01-08,False
BRKU,21,2025-01-14,False
BRKW,4,2025-06-25,False
BRKW,9,2025-07-02,False
BRKW,11,2025-07-07,False
BRKW,17,2025-07-15,False
BRKW,20,2025-07-18,False
BRLN,8,2022-10-18,False
BRLS,8,2021-10-18,False
BRLSW,1,2025-04-22,False
BRLT,1,2021-09-24,False
BRN,2043,2024-05-09,False
BRNS,1,2021-05-04,False
BRNS,6,2021-05-11,False
BRNY,3,2022-10-19,False
BRNY,6,2022-10-24,False
BRNY,18,2022-11-09,False
BRNY,38,2022-12-08,False
BRNY,42,2022-12-14,False
BRO,1049,2020-03-05,False
BRO,2312,2025-03-14,False
BROS,1,2021-09-16,False
BRR,3,2025-06-12,False
BRRR,1,2024-01-12,False
BRRR,9,2024-01-25,False
BRRWW,1,2025-07-29,False
BRSHF,2,2022-08-05,False
BRSL,2440,2025-09-17,False
BRSP,1491,2024-01-05,False
BRTR,8,2023-12-27,False
BRTR,14,2024-01-05,False
BRTR,18,2024-01-11,False
BRTR,22,2024-01-18,False
BRX,2561,2026-03-12,False
BRZE,1,2021-11-18,False
BSAA,8,2025-08-19,False
BSAC,2546,2026-02-19,False
BSBK,3,2020-01-22,False
BSBK,6,2020-01-27,False
BSBK,8,2020-01-29,False
BSBK,14,2020-02-06,False
BSBK,19,2020-02-13,False
BSBK,21,2020-02-18,False
BSBK,25,2020-02-24,False
BSBK,300,2021-03-26,False
BSBR,1990,2023-11-29,False
BSCU,12,2020-10-05,False
BSCV,18,2021-10-12,False
BSCV,21,2021-10-15,False
BSCV,24,2021-10-20,False
BSCV,28,2021-10-26,False
BSCW,9,2022-09-22,False
BSCW,11,2022-09-26,False
BSCW,16,2022-10-03,False
BSCW,18,2022-10-05,False
BSCW,23,2022-10-12,False
BSCW,26,2022-10-17,False
BSCX,8,2023-10-02,False
BSCX,13,2023-10-09,False
BSCX,16,2023-10-12,False
BSCX,26,2023-10-26,False
BSCY,8,2024-06-25,False
BSCY,13,2024-07-02,False
BSCY,28,2024-07-24,False
BSCZ,8,2025-06-24,False
BSCZ,24,2025-07-17,False
BSJS,3,2020-09-21,False
BSJS,5,2020-09-23,False
BSJS,11,2020-10-01,False
BSJS,28,2020-10-26,False
BSJS,30,2020-10-28,False
BSJS,33,2020-11-02,False
BSJT,10,2021-09-29,False
BSJT,17,2021-10-08,False
BSJT,21,2021-10-14,False
BSJU,3,2022-09-13,False
BSJU,5,2022-09-15,False
BSJU,8,2022-09-20,False
BSJU,10,2022-09-22,False
BSJU,15,2022-09-29,False
BSJU,17,2022-10-03,False
BSJU,27,2022-10-17,False
BSJV,8,2023-10-02,False
BSJV,12,2023-10-06,False
BSJV,16,2023-10-12,False
BSJV,26,2023-10-26,False
BSJW,8,2024-06-25,False
BSJW,36,2024-08-05,False
BSJX,8,2025-06-24,False
BSJX,24,2025-07-17,False
BSLK,2,2021-05-11,False
BSLK,6,2021-05-17,False
BSLK,10,2021-05-21,False
BSLK,15,2021-05-28,False
BSLKW,1,2024-08-14,False
BSM,1293,2021-02-23,False
BSMC,5,2023-10-12,False
BSMC,7,2023-10-16,False
BSMC,16,2023-10-27,False
BSMC,19,2023-11-01,False
BSMU,8,2020-10-22,False
BSMV,8,2021-10-01,False
BSMV,25,2021-10-27,False
BSMV,27,2021-10-29,False
BSMW,8,2023-03-13,False
BSMW,33,2023-04-18,False
BSMW,37,2023-04-24,False
BSMY,8,2024-09-23,False
BSMY,25,2024-10-16,False
BSMY,28,2024-10-21,False
BSMZ,8,2025-09-29,False
BSOL,1,2025-10-29,False
BSR,8,2023-04-28,False
BSR,26,2023-05-24,False
BSRR,2012,2024-01-05,False
BSSX,1,2023-09-21,False
BSSX,7,2023-09-29,False
BSSX,15,2023-10-11,False
BSSX,26,2023-10-26,False
BSTP,3,2022-03-11,False
BSTP,7,2022-03-17,False
BSTP,24,2022-04-11,False
BSTP,27,2022-04-14,False
BSTP,31,2022-04-21,False
BSTP,34,2022-04-26,False
BSTP,36,2022-04-28,False
BSTZ,389,2021-01-11,False
BSVN,738,2021-08-27,False
BSVN,1321,2023-12-29,False
BSVN,1474,2024-08-09,False
BSVO,2,2023-03-15,False
BSVO,4,2023-03-17,False
BSVO,7,2023-03-22,False
BSVO,10,2023-03-27,False
BSVO,23,2023-04-14,False
BSY,1,2020-09-24,False
BSY,10,2020-10-07,False
BSY,193,2021-06-30,False
BTBD,2,2021-11-16,False
BTBD,9,2021-11-26,False
BTC,1,2024-08-01,False
BTCC,1,2025-04-03,False
BTCC,6,2025-04-10,False
BTCC,8,2025-04-14,False
BTCC,44,2025-06-05,False
BTCI,4,2024-10-23,False
BTCI,6,2024-10-25,False
BTCL,2,2024-07-12,False
BTCO,1,2024-01-12,False
BTCO,9,2024-01-25,False
BTCW,1,2024-01-12,False
BTCW,9,2024-01-25,False
BTCZ,2,2024-07-12,False
BTDR,1,2021-07-29,False
BTDR,4,2021-08-03,False
BTDR,9,2021-08-10,False
BTDR,12,2021-08-13,False
BTEC,665,2020-01-08,False
BTEC,667,2020-01-10,False
BTEC,1680,2024-01-22,False
BTEC,1682,2024-01-24,False
BTEC,2162,2025-12-16,False
BTF,2,2021-10-26,False
BTF,6,2021-11-01,False
BTF,961,2025-08-25,False
BTFD,1,2021-10-22,False
BTFD,3,2021-10-26,False
BTFD,7,2021-11-01,False
BTFD,963,2025-08-25,False
BTFL,1,2025-12-31,False
BTGD,3,2024-10-21,False
BTGD,5,2024-10-23,False
BTGD,7,2024-10-25,False
BTGO,1,2026-01-22,False
BTI,1020,2020-01-23,False
BTI,1025,2020-01-30,False
BTI,1530,2022-01-31,False
BTM,8,2022-05-09,False
BTM,15,2022-05-31,False
BTMD,5,2021-05-05,False
BTMD,9,2021-05-11,False
BTMD,11,2021-05-13,False
BTMD,13,2021-05-17,False
BTMD,22,2021-05-28,False
BTMWW,2,2023-06-30,False
BTOC,1,2024-05-15,False
BTOC,3,2024-05-17,False
BTOC,20,2024-06-12,False
BTOP,1,2023-10-03,False
BTOP,5,2023-10-09,False
BTOP,11,2023-10-17,False
BTOT,8,2025-12-23,False
BTQ,625,2025-10-27,True
BTR,8,2023-04-28,False
BTR,22,2023-05-18,False
BTR,26,2023-05-24,False
BTR,28,2023-05-26,False
BTRN,1,2024-03-22,False
BTRN,3,2024-03-26,False
BTRN,12,2024-04-09,False
BTRN,300,2025-06-03,False
BTRN,304,2025-06-09,False
BTSG,1,2024-01-29,False
BTSG,3,2024-01-31,False
BTSG,5,2024-02-02,False
BTSGU,3,2024-01-31,False
BTSGU,5,2024-02-02,False
BTSGU,7,2024-02-06,False
BTSGU,11,2024-02-12,False
BTSGU,16,2024-02-20,False
BTSGU,209,2024-11-22,False
BTTC,1,2025-10-03,False
BTX,6,2021-04-06,False
BTX,24,2021-04-30,False
BU,1,2025-11-20,False
BU,4,2025-11-25,False
BUCK,8,2022-11-09,False
BUD,2323,2025-03-31,False
BUD,2553,2026-03-02,False
BUD,2563,2026-03-16,False
BUDA,1,2026-01-07,False
BUDA,3,2026-01-09,False
BUFB,1,2022-02-10,False
BUFB,6,2022-02-17,False
BUFB,8,2022-02-22,False
BUFB,14,2022-03-02,False
BUFB,21,2022-03-11,False
BUFB,23,2022-03-15,False
BUFC,8,2023-12-26,False
BUFD,8,2021-02-02,False
BUFD,29,2021-03-04,False
BUFE,3,2026-04-14,False
BUFG,8,2021-11-05,False
BUFG,22,2021-11-26,False
BUFG,24,2021-11-30,False
BUFG,26,2021-12-02,False
BUFG,28,2021-12-06,False
BUFH,8,2025-07-08,False
BUFI,6,2024-12-18,False
BUFI,14,2024-12-31,False
BUFM,6,2024-12-18,False
BUFM,8,2024-12-20,False
BUFM,14,2024-12-31,False
BUFM,21,2025-01-13,False
BUFP,8,2024-06-26,False
BUFP,27,2024-07-24,False
BUFP,31,2024-07-30,False
BUFP,37,2024-08-07,False
BUFQ,2,2022-06-16,False
BUFQ,6,2022-06-23,False
BUFR,8,2020-08-28,False
BUFR,14,2020-09-08,False
BUFR,20,2020-09-16,False
BUFR,22,2020-09-18,False
BUFR,25,2020-09-23,False
BUFR,29,2020-09-29,False
BUFS,8,2024-06-14,False
BUFS,11,2024-06-20,False
BUFS,15,2024-06-26,False
BUFS,37,2024-07-29,False
BUFT,8,2021-11-05,False
BUFT,22,2021-11-26,False
BUFT,26,2021-12-02,False
BUFT,28,2021-12-06,False
BUFX,8,2025-07-08,False
BUFY,11,2024-10-11,False
BUFY,13,2024-10-15,False
BUFY,15,2024-10-17,False
BUFY,17,2024-10-21,False
BUFY,21,2024-10-25,False
BUFY,26,2024-11-01,False
BUFZ,7,2023-11-06,False
BUG,299,2021-01-08,False
BUG,312,2021-01-28,False
BUG,1070,2024-02-02,False
BULD,1,2022-05-06,False
BULD,9,2022-05-18,False
BULG,2,2025-08-13,False
BULL,8,2022-08-30,False
BULL,23,2022-09-21,False
BULL,29,2022-09-29,False
BULU,2,2025-08-01,False
BULZ,2,2021-08-20,False
BULZ,4,2021-08-24,False
BULZ,21,2021-09-17,False
BUR,830,2021-05-21,False
BURL,2140,2024-07-08,False
BURU,8,2020-11-04,False
BUSA,7,2023-10-16,False
BUSA,16,2023-10-27,False
BUSA,19,2023-11-01,False
BUSE,2015,2024-01-05,False
BUSEP,8,2025-05-27,False
BUSEP,11,2025-05-30,False
BUUU,4,2025-08-19,False
BUXX,8,2023-08-22,False
BUYO,7,2024-10-17,False
BUYO,17,2024-10-31,False
BUYO,19,2024-11-04,False
BUYO,31,2024-11-20,False
BUYW,1,2022-09-13,False
BUYW,8,2022-09-22,False
BUYW,13,2022-09-29,False
BUYW,15,2022-10-03,False
BUYW,21,2022-10-11,False
BUYW,24,2022-10-14,False
BUYW,26,2022-10-18,False
BUYZ,3,2020-03-03,False
BUYZ,5,2020-03-05,False
BUYZ,102,2020-07-23,False
BUZZ,2,2021-03-08,False
BUZZ,4,2021-03-10,False
BUZZ,6,2021-03-12,False
BUZZ,16,2021-03-26,False
BUZZ,21,2021-04-05,False
BUZZ,31,2021-04-19,False
BUZZ,610,2023-08-07,False
BUZZ,715,2024-01-05,False
BV,1462,2024-04-22,False
BVAL,7,2025-07-02,False
BVAL,17,2025-07-17,False
BVAL,34,2025-08-11,False
BVC,1,2021-03-29,False
BVC,4,2021-04-01,False
BVFL,862,2024-01-03,False
BVFL,868,2024-01-11,False
BVFL,870,2024-01-16,False
BVFL,1013,2024-08-12,False
BVFL,1016,2024-08-15,False
BVS,1,2021-02-12,False
BWEB,2,2022-10-06,False
BWEB,8,2022-10-14,False
BWEB,11,2022-10-19,False
BWEB,24,2022-11-07,False
BWEB,203,2023-07-27,False
BWEB,317,2024-01-09,False
BWEB,707,2025-07-31,False
BWET,1,2023-05-04,False
BWFG,1310,2021-03-19,False
BWFG,1314,2021-03-25,False
BWFG,1316,2021-03-29,False
BWFG,2014,2024-01-05,False
BWIV-UN,8,2026-04-01,False
BWMN,3,2021-05-12,False
BWMN,11,2021-05-24,False
BWMN,16,2021-06-01,False
BWMN,18,2021-06-03,False
BWMN,24,2021-06-11,False
BWMN,1092,2025-09-12,False
BWMN,1095,2025-09-17,False
BWNB,1,2021-12-20,False
BWNB,8,2021-12-30,False
BWNB,17,2022-01-12,False
BWNB,20,2022-01-18,False
BWNB,26,2022-01-26,False
BWNB,28,2022-01-28,False
BWNB,32,2022-02-03,False
BWNB,716,2024-10-24,False
BWNB,718,2024-10-28,False
BWOW,1,2025-11-28,False
BWOW,5,2025-12-04,False
BWTG,6,2023-11-17,False
BWTG,38,2024-01-05,False
BWXT,2062,2024-03-14,False
BWXT,2067,2024-03-21,False
BWXT,2227,2024-11-07,False
BX,1412,2021-08-12,False
BX,1418,2021-08-20,False
BX,1903,2023-07-27,False
BX,1909,2023-08-04,False
BXC,2013,2024-01-05,False
BXMT,1911,2023-08-08,False
BXSL,4,2021-11-03,False
BXSL,23,2021-12-01,False
BYAH,1,2024-12-30,False
BYFC,2362,2025-08-07,False
BYND,192,2020-02-05,False
BYRE,6,2022-05-27,False
BYRE,19,2022-06-16,False
BYRE,21,2022-06-21,False
BYRE,23,2022-06-23,False
BZ,2,2021-06-15,False
BZAI,8,2022-02-10,False
BZAIW,1,2025-01-14,False
BZFD,8,2021-03-17,False
BZFD,20,2021-04-05,False
BZFD,33,2021-04-22,False
BZFDW,1,2021-03-08,False
C,2021,2024-01-16,False
C,2025,2024-01-22,False
C,2411,2025-08-06,False
C,2424,2025-08-25,False
C,2524,2026-01-16,False
C,2532,2026-01-29,False
CA,8,2023-12-27,False
CA,28,2024-01-26,False
CAAA,8,2024-03-11,False
CAAA,33,2024-04-16,False
CAAP,1068,2022-04-29,False
CAAP,1492,2024-01-08,False
CABR,1,2025-06-18,False
CABZ,2,2026-01-16,False
CABZ,6,2026-01-23,False
CABZ,9,2026-01-28,False
CABZ,17,2026-02-09,False
CABZ,19,2026-02-11,False
CAC,1315,2021-03-25,False
CAC,1325,2021-04-09,False
CACI,1026,2020-01-31,False
CADE,2010,2023-12-28,False
CADE,2015,2024-01-05,False
CADL,1,2021-07-28,False
CADL,4,2021-08-02,False
CAEP,8,2025-07-09,False
CAEP,21,2025-07-28,False
CAEP,24,2025-07-31,False
CAEP,28,2025-08-06,False
CAEP,31,2025-08-11,False
CAEP,34,2025-08-14,False
CAFG,6,2023-05-10,False
CAFG,8,2023-05-12,False
CAFX,8,2024-09-20,False
CAFX,18,2024-10-04,False
CAFX,20,2024-10-08,False
CAFX,26,2024-10-16,False
CAFX,28,2024-10-18,False
CAH,1674,2022-08-26,False
CAH,1687,2022-09-15,False
CAH,1691,2022-09-21,False
CAH,2497,2025-12-08,False
CAI,1,2025-06-20,False
CAI,12,2025-07-08,False
CAIE,7,2025-07-07,False
CAIE,28,2025-08-05,False
CAIE,32,2025-08-11,False
CAIQ,7,2025-12-02,False
CAIQ,18,2025-12-17,False
CALC,1,2020-09-28,False
CALF,1648,2024-01-05,False
CALI,8,2023-07-25,False
CALM,1585,2022-04-20,False
CALM,1588,2022-04-25,False
CALM,2184,2024-09-09,False
CALM,2220,2024-10-29,False
CALX,1170,2020-08-26,False
CAM,8,2025-10-16,False
CAML,2,2023-08-24,False
CAML,7,2023-08-31,False
CAML,17,2023-09-15,False
CAML,20,2023-09-20,False
CAML,24,2023-09-26,False
CAML,27,2023-09-29,False
CAML,31,2023-10-05,False
CAMP,1,2024-10-14,False
CAMP,4,2024-10-17,False
CAMX,4,2023-02-17,False
CAMX,8,2023-02-24,False
CAMX,12,2023-03-02,False
CAMX,17,2023-03-09,False
CAMX,21,2023-03-15,False
CAMX,23,2023-03-17,False
CAMX,26,2023-03-22,False
CANC,1,2023-08-15,False
CANC,583,2025-12-09,False
CANC,588,2025-12-16,False
CANE,1849,2023-05-25,False
CANQ,3,2024-02-16,False
CANQ,8,2024-02-26,False
CANQ,22,2024-03-15,False
CANQ,25,2024-03-20,False
CANQ,35,2024-04-04,False
CANQ,37,2024-04-08,False
CAOS,1,2023-03-07,False
CAOS,3,2023-03-09,False
CAOS,9,2023-03-17,False
CAPE,3,2022-04-08,False
CAPE,7,2022-04-14,False
CAPE,9,2022-04-19,False
CAPE,11,2022-04-21,False
CAPE,14,2022-04-26,False
CAPE,17,2022-04-29,False
CAPE,21,2022-05-05,False
CAPN,8,2024-11-05,False
CAPNR,2,2024-10-28,False
CAPNR,15,2025-01-16,False
CAPNU,8,2024-10-02,False
CAPT,8,2022-04-14,False
CAPT,28,2022-05-13,False
CAPT,32,2022-05-19,False
CAPT,34,2022-05-23,False
CAPTW,1,2022-04-05,False
CAQUU,10,2026-02-19,False
CAQUU,15,2026-02-26,False
CAQUW,1,2026-04-02,False
CARD,1,2023-06-29,False
CARG,816,2021-01-11,False
CARG,826,2021-01-26,False
CARG,1791,2024-11-25,False
CARG,1806,2024-12-17,False
CARK,7,2023-12-18,False
CARK,16,2024-01-02,False
CARK,19,2024-01-05,False
CARL,7,2025-07-31,False
CARL,14,2025-08-11,False
CARR,2,2020-03-23,False
CARR,295,2021-05-20,False
CARR,355,2021-08-16,False
CARR,359,2021-08-20,False
CARR,361,2021-08-24,False
CARR,857,2023-08-15,False
CARR,862,2023-08-22,False
CARR,1489,2026-02-23,False
CARR,1494,2026-03-02,False
CART,1,2023-09-19,False
CARU,1,2023-06-29,False
CARY,8,2022-11-18,False
CARZ,1256,2021-02-02,False
CAS,7,2025-01-24,False
CAS,15,2025-02-05,False
CAS,37,2025-03-10,False
CASH,2548,2026-02-23,False
CASH,2560,2026-03-11,False
CAT,2418,2025-08-15,False
CAT,2480,2025-11-12,False
CAT,2484,2025-11-18,False
CAT,2486,2025-11-20,False
CATF,8,2024-07-30,False
CATF,21,2024-08-16,False
CATY,2015,2024-01-05,False
CAUD,8,2021-09-16,False
CAUD,29,2021-10-15,False
CAVA,1,2023-06-16,False
CAVA,5,2023-06-23,False
CB,1232,2020-11-23,False
CB,1246,2020-12-14,False
CBAN,1263,2021-06-07,False
CBAN,1273,2021-06-21,False
CBAN,1913,2024-01-08,False
CBAN,1916,2024-01-11,False
CBAN,1921,2024-01-19,False
CBFV,930,2020-01-06,False
CBK,7,2025-10-13,False
CBK,12,2025-10-20,False
CBK,25,2025-11-06,False
CBK,28,2025-11-11,False
CBL,2,2021-11-04,False
CBL,4,2021-11-08,False
CBL,17,2021-11-26,False
CBL,19,2021-11-30,False
CBL,28,2021-12-13,False
CBL,696,2024-08-12,False
CBL,973,2025-09-19,False
CBL,980,2025-09-30,False
CBL,1043,2025-12-30,False
CBL,1045,2026-01-02,False
CBLL,1,2024-10-11,False
CBLS,7,2020-11-24,False
CBLS,52,2021-02-01,False
CBLS,69,2021-02-25,False
CBNA,1,2024-10-04,False
CBNA,9,2024-10-16,False
CBNA,249,2025-10-02,False
CBNA,254,2025-10-09,False
CBNA,257,2025-10-14,False
CBNA,263,2025-10-22,False
CBNK,637,2021-04-09,False
CBNK,991,2022-09-02,False
CBOA,8,2025-04-17,False
CBOJ,8,2025-02-03,False
CBOJ,26,2025-02-28,False
CBOL,8,2025-10-24,False
CBOL,15,2025-11-04,False
CBOL,20,2025-11-11,False
CBOL,26,2025-11-19,False
CBOO,8,2025-10-17,False
CBOO,21,2025-11-05,False
CBOO,24,2025-11-10,False
CBOO,27,2025-11-13,False
CBOO,35,2025-11-25,False
CBOY,8,2025-07-18,False
CBOY,13,2025-07-25,False
CBOY,35,2025-08-26,False
CBRE,1011,2020-01-09,False
CBRE,1316,2021-03-26,False
CBRE,2166,2024-08-13,False
CBRE,2184,2024-09-09,False
CBRL,1315,2021-03-25,False
CBSE,6,2020-11-23,False
CBSE,52,2021-02-01,False
CBSE,69,2021-02-25,False
CBT,1370,2021-06-14,False
CBT,1556,2022-03-09,False
CBT,2090,2024-04-24,False
CBTA,4,2025-04-11,False
CBTA,41,2025-06-05,False
CBTA,52,2025-06-23,False
CBTJ,5,2025-02-11,False
CBTJ,9,2025-02-18,False
CBTJ,21,2025-03-06,False
CBTJ,26,2025-03-13,False
CBTL,1,2025-10-15,False
CBTL,6,2025-10-22,False
CBTL,8,2025-10-24,False
CBTL,14,2025-11-03,False
CBTL,20,2025-11-11,False
CBTO,2,2025-10-09,False
CBTO,5,2025-10-14,False
CBTO,11,2025-10-22,False
CBTO,13,2025-10-24,False
CBTO,19,2025-11-03,False
CBTO,25,2025-11-11,False
CBTY,5,2025-07-15,False
CBTY,7,2025-07-17,False
CBTY,13,2025-07-25,False
CBTY,16,2025-07-30,False
CBTY,18,2025-08-01,False
CBTY,21,2025-08-06,False
CBTY,30,2025-08-19,False
CBU,2164,2024-08-09,False
CBU,2168,2024-08-15,False
CBXA,7,2025-04-16,False
CBXJ,9,2025-02-18,False
CBXJ,14,2025-02-25,False
CBXJ,22,2025-03-07,False
CBXJ,26,2025-03-13,False
CBXL,2,2025-10-16,False
CBXL,6,2025-10-22,False
CBXL,8,2025-10-24,False
CBXL,14,2025-11-03,False
CBXL,20,2025-11-11,False
CBXL,22,2025-11-13,False
CBXL,26,2025-11-19,False
CBXO,13,2025-10-24,False
CBXO,19,2025-11-03,False
CBXO,26,2025-11-12,False
CBXY,5,2025-07-15,False
CBXY,7,2025-07-17,False
CBXY,13,2025-07-25,False
CBXY,21,2025-08-06,False
CBXY,33,2025-08-22,False
CBXY,36,2025-08-27,False
CBZ,1315,2021-03-25,False
CBZ,1480,2021-11-17,False
CBZ,2061,2024-03-13,False
CBZ,2063,2024-03-15,False
CCAP,5,2020-02-10,False
CCAP,14,2020-02-24,False
CCAP,17,2020-02-27,False
CCAP,23,2020-03-06,False
CCAP,884,2023-08-08,False
CCAP,886,2023-08-10,False
CCAP,892,2023-08-18,False
CCB,854,2021-12-07,False
CCB,1097,2022-11-23,False
CCBG,2165,2024-08-15,False
CCC,2,2020-10-07,False
CCC,7,2020-10-14,False
CCC,9,2020-10-16,False
CCC,17,2020-10-28,False
CCC,19,2020-10-30,False
CCC,683,2023-06-23,False
CCCC,2,2020-10-06,False
CCCX,9,2025-07-18,False
CCEF,8,2024-01-26,False
CCFE,2,2025-06-16,False
CCFE,8,2025-06-25,False
CCFE,35,2025-08-04,False
CCG,1,2025-04-14,False
CCG,3,2025-04-16,False
CCGWW,1,2023-09-19,False
CCHH,1,2025-10-06,False
CCHH,4,2025-10-09,False
CCI,2001,2023-12-14,False
CCI,2004,2023-12-19,False
CCI,2015,2024-01-05,False
CCI,2170,2024-08-19,False
CCI,2323,2025-03-31,False
CCII,9,2025-09-04,False
CCIRW,1,2024-12-03,False
CCIX,8,2024-07-03,False
CCIXU,8,2024-05-14,False
CCIXU,32,2024-06-18,False
CCIXW,2,2024-06-24,False
CCJ,2228,2024-11-08,False
CCK,1236,2020-11-30,False
CCL,2015,2024-01-05,False
CCLDO,6,2022-02-11,False
CCLDO,8,2022-02-15,False
CCLDO,10,2022-02-17,False
CCLDO,14,2022-02-24,False
CCLDO,20,2022-03-04,False
CCLDO,25,2022-03-11,False
CCMG,7,2024-01-25,False
CCNR,5,2024-07-18,False
CCNR,8,2024-07-23,False
CCNR,13,2024-07-30,False
CCNR,15,2024-08-01,False
CCNR,23,2024-08-13,False
CCNR,321,2025-10-21,False
CCOI,1790,2023-02-13,False
CCOI,1792,2023-02-15,False
CCOI,2021,2024-01-16,False
CCRP,8,2025-12-23,False
CCS,1046,2020-03-02,False
CCS,1049,2020-03-05,False
CCSB,8,2024-04-24,False
CCSI,1,2021-10-01,False
CCSO,1,2022-09-21,False
CCSO,7,2022-09-29,False
CCSO,9,2022-10-03,False
CCSO,11,2022-10-05,False
CCTG,1,2024-01-19,False
CCU,1292,2021-02-22,False
CCU,1792,2023-02-15,False
CCU,2327,2025-04-04,False
CCU,2332,2025-04-11,False
CCUP,1,2025-08-12,False
CCUP,14,2025-08-29,False
CCXIW,1,2026-02-11,False
CDAQ,8,2021-12-16,False
CDEI,4,2023-02-06,False
CDEI,6,2023-02-08,False
CDEI,12,2023-02-16,False
CDEI,17,2023-02-24,False
CDEI,22,2023-03-03,False
CDIG,8,2025-09-29,False
CDIG,16,2025-10-09,False
CDIG,28,2025-10-27,False
CDIO,8,2022-01-27,False
CDIOW,1,2022-01-18,False
CDLR,3,2023-12-29,False
CDLR,10,2024-01-10,False
CDLR,15,2024-01-18,False
CDLR,21,2024-01-26,False
CDNA,1213,2020-10-28,False
CDNL,1,2025-12-11,False
CDNL,12,2025-12-29,False
CDNS,1442,2021-09-24,False
CDRE,1,2021-11-05,False
CDRE,466,2023-09-14,False
CDRE,526,2023-12-08,False
CDRE,533,2023-12-19,False
CDT,8,2022-04-14,False
CDTG,1,2024-04-19,False
CDTG,3,2024-04-23,False
CDTG,15,2024-05-09,False
CDTTW,1,2023-09-22,False
CDX,8,2022-02-28,False
CDX,16,2022-03-10,False
CDX,22,2022-03-18,False
CDX,24,2022-03-22,False
CDZI,1080,2020-04-20,False
CDZI,1082,2020-04-22,False
CE,1192,2020-09-28,False
CE,2018,2024-01-10,False
CEF,2092,2024-04-26,False
CEF,2472,2025-10-31,False
CEFA,7,2020-07-28,False
CEFA,29,2020-10-02,False
CEFA,31,2020-10-06,False
CEFA,394,2022-12-27,False
CEFD,5,2020-06-10,False
CEFD,12,2020-06-19,False
CEFD,22,2020-07-06,False
CEFZ,8,2025-08-14,False
CEG,2,2022-01-21,False
CEG,25,2022-02-24,False
CEG,362,2023-06-29,False
CEG,385,2023-08-02,False
CEG,543,2024-03-19,False
CEGX,2,2025-07-15,False
CEGX,6,2025-07-21,False
CELG-RI,1,2024-12-06,False
CELT,2,2025-10-10,False
CELUW,1,2021-07-20,False
CENQW,1,2021-10-05,False
CENQW,7,2021-10-13,False
CENQW,12,2021-10-20,False
CENT,1331,2021-04-19,False
CENT,1921,2023-08-22,False
CENT,2061,2024-03-13,False
CENT,2563,2026-03-16,False
CENTA,1331,2021-04-19,False
CENTA,1921,2023-08-22,False
CEPF,9,2025-09-03,False
CEPI,3,2024-12-09,False
CEPI,8,2024-12-16,False
CEPI,15,2024-12-26,False
CEPO,8,2025-01-21,False
CEPO,95,2025-05-27,False
CEPO,97,2025-05-29,False
CEPS,8,2026-02-18,False
CEPT,1,2025-05-05,False
CEPT,7,2025-05-13,False
CEPT,25,2025-06-09,False
CEPT,30,2025-06-16,False
CEPU,1734,2024-12-24,False
CEPV,8,2025-11-14,False
CEPV,11,2025-11-19,False
CERO,8,2021-12-10,False
CERO,10,2021-12-14,False
CERO,16,2021-12-22,False
CEROW,1,2024-02-13,False
CERT,1,2020-12-14,False
CERY,1,2024-09-06,False
CERY,7,2024-09-16,False
CERY,32,2024-10-21,False
CERY,35,2024-10-24,False
CF,1463,2021-10-25,False
CF,1471,2021-11-04,False
CF,1573,2022-04-01,False
CFBK,2033,2024-02-01,False
CFBK,2039,2024-02-09,False
CFBK,2238,2024-11-22,False
CFBK,2240,2024-11-26,False
CFFN,2239,2024-11-25,False
CFG-P-I,8,2025-08-07,False
CFG-PH,9,2024-05-31,False
CFG-PH,35,2024-07-10,False
CFIT,4,2025-04-03,False
CFIT,15,2025-04-21,False
CFIT,17,2025-04-23,False
CFND,2,2025-08-11,False
CFND,6,2025-08-15,False
CFND,12,2025-08-25,False
CFND,14,2025-08-27,False
CFR,1317,2021-03-29,False
CG,1028,2020-02-04,False
CG,1294,2021-02-24,False
CG,2011,2023-12-29,False
CG,2017,2024-01-09,False
CG,2019,2024-01-11,False
CG,2235,2024-11-19,False
CG,2424,2025-08-25,False
CGBL,3,2023-10-03,False
CGBL,8,2023-10-10,False
CGBL,19,2023-10-25,False
CGBL,24,2023-11-01,False
CGBSW,1,2024-07-10,False
CGCB,2,2023-10-02,False
CGCB,8,2023-10-10,False
CGCB,14,2023-10-18,False
CGCB,22,2023-10-30,False
CGCP,8,2022-03-08,False
CGCP,14,2022-03-16,False
CGCP,18,2022-03-22,False
CGCP,25,2022-03-31,False
CGCP,28,2022-04-05,False
CGCT,9,2025-07-07,False
CGCTU,8,2025-05-12,False
CGCV,8,2024-07-10,False
CGCV,32,2024-08-13,False
CGDG,2,2023-10-02,False
CGDG,8,2023-10-10,False
CGDG,19,2023-10-25,False
CGDG,24,2023-11-01,False
CGDV,3,2022-03-01,False
CGDV,7,2022-03-07,False
CGDV,11,2022-03-11,False
CGDV,13,2022-03-15,False
CGDV,32,2022-04-11,False
CGDV,36,2022-04-18,False
CGEM,1,2021-01-11,False
CGGE,7,2024-07-09,False
CGGE,18,2024-07-24,False
CGGE,22,2024-07-30,False
CGGE,29,2024-08-08,False
CGGE,32,2024-08-13,False
CGGG,3,2025-07-01,False
CGGG,7,2025-07-08,False
CGGG,37,2025-08-19,False
CGGO,1,2022-02-23,False
CGGO,4,2022-02-28,False
CGGO,7,2022-03-03,False
CGGO,12,2022-03-10,False
CGGR,4,2022-03-01,False
CGGR,6,2022-03-03,False
CGGR,11,2022-03-10,False
CGHM,8,2024-07-10,False
CGHM,35,2024-08-16,False
CGHY,8,2025-07-09,False
CGIB,8,2024-07-10,False
CGIC,7,2024-07-09,False
CGIC,17,2024-07-23,False
CGIC,22,2024-07-30,False
CGIC,24,2024-08-01,False
CGIC,28,2024-08-07,False
CGIC,31,2024-08-12,False
CGIE,2,2023-10-02,False
CGIE,8,2023-10-10,False
CGIE,19,2023-10-25,False
CGIE,22,2023-10-30,False
CGMM,8,2025-01-29,False
CGMM,14,2025-02-06,False
CGMM,16,2025-02-10,False
CGMM,19,2025-02-13,False
CGMM,23,2025-02-20,False
CGMM,26,2025-02-25,False
CGMM,28,2025-02-27,False
CGMS,9,2022-11-09,False
CGMS,37,2022-12-20,False
CGMU,8,2022-11-08,False
CGNG,7,2024-07-09,False
CGNG,13,2024-07-17,False
CGNG,17,2024-07-23,False
CGNG,24,2024-08-01,False
CGNG,30,2024-08-09,False
CGNT,1,2021-02-01,False
CGNX,1272,2021-01-22,False
CGON,1,2024-01-26,False
CGON,5,2024-02-01,False
CGRO,1,2023-10-18,False
CGRO,6,2023-10-25,False
CGRO,8,2023-10-27,False
CGRO,10,2023-10-31,False
CGRO,30,2023-11-29,False
CGSD,8,2022-11-08,False
CGSM,8,2023-10-10,False
CGTL,2,2024-11-29,False
CGTX,1,2021-10-11,False
CGTX,4,2021-10-14,False
CGTX,9,2021-10-21,False
CGTX,12,2021-10-26,False
CGUI,8,2024-07-10,False
CGUS,2,2022-02-28,False
CGUS,5,2022-03-03,False
CGUS,11,2022-03-11,False
CGV,8,2022-08-11,False
CGV,16,2022-08-23,False
CGV,23,2022-09-01,False
CGV,26,2022-09-07,False
CGV,28,2022-09-09,False
CGVV,8,2025-07-09,False
CGVV,12,2025-07-15,False
CGVV,14,2025-07-17,False
CGVV,16,2025-07-21,False
CGVV,27,2025-08-05,False
CGVV,29,2025-08-07,False
CGVV,31,2025-08-11,False
CGXU,3,2022-02-28,False
CGXU,6,2022-03-03,False
CGXU,11,2022-03-10,False
CHA,1,2025-04-17,False
CHAC,8,2025-05-30,False
CHAC,33,2025-07-08,False
CHAC,37,2025-07-14,False
CHACR,1,2025-05-20,False
CHACR,7,2025-05-30,False
CHAI,8,2020-10-07,False
CHAR,8,2024-12-09,False
CHARR,2,2024-11-27,False
CHARR,6,2024-12-05,False
CHARR,8,2024-12-10,False
CHARU,8,2024-11-05,False
CHAT,3,2023-05-23,False
CHAT,5,2023-05-25,False
CHAT,27,2023-06-28,False
CHAT,538,2025-07-14,False
CHAT,568,2025-08-25,False
CHAU,2445,2025-09-24,False
CHCT,1794,2023-02-17,False
CHD,1161,2020-08-13,False
CHD,1176,2020-09-03,False
CHD,2559,2026-03-10,False
CHDN,1856,2023-05-18,False
CHEC,8,2025-11-21,False
CHEF,2063,2024-03-15,False
CHEF,2301,2025-02-27,False
CHEF,2305,2025-03-05,False
CHIQ,1239,2020-12-03,False
CHIQ,1241,2020-12-07,False
CHIQ,1243,2020-12-09,False
CHKP,2304,2025-03-04,False
CHMG,1997,2024-01-09,False
CHMI,1791,2023-02-14,False
CHMI,1794,2023-02-17,False
CHMI,1798,2023-02-24,False
CHMI,1801,2023-03-01,False
CHNU,1,2026-04-02,False
CHOW,1,2025-09-17,False
CHPG,8,2025-07-02,False
CHPG,29,2025-08-01,False
CHPGU,8,2025-06-09,False
CHPS,4,2023-07-19,False
CHPS,9,2023-07-26,False
CHPS,21,2023-08-11,False
CHPS,23,2023-08-15,False
CHPS,26,2023-08-18,False
CHPS,141,2024-02-02,False
CHPS,513,2025-07-30,False
CHPX,4,2025-10-07,False
CHPX,6,2025-10-09,False
CHPX,29,2025-11-11,False
CHPY,1,2025-04-04,False
CHPY,152,2025-11-10,False
CHRI,8,2025-10-06,False
CHRI,17,2025-10-17,False
CHRI,31,2025-11-06,False
CHRI,34,2025-11-11,False
CHRI,36,2025-11-13,False
CHSN,1,2023-03-31,False
CHTR,1924,2023-08-25,False
CHTR,2169,2024-08-16,False
CHYM,1,2025-06-13,False
CI,1910,2023-08-07,False
CIA,2432,2025-09-05,False
CIB,1258,2020-12-31,False
CIB,2306,2025-03-06,False
CIB,2486,2025-11-20,False
CIB,2540,2026-02-10,False
CIBR,1263,2021-01-08,False
CIBR,2035,2024-02-05,False
CICB,7,2024-10-18,False
CICB,18,2024-11-04,False
CICB,25,2024-11-13,False
CICB,28,2024-11-18,False
CICB,31,2024-11-21,False
CIEN,1261,2021-01-06,False
CIEN,1276,2021-01-28,False
CIFG,1,2025-12-12,False
CIFR,8,2020-10-30,False
CIFR,21,2020-11-18,False
CIFR,33,2020-12-07,False
CIFU,1,2025-11-24,False
CIG-C,1374,2021-06-18,False
CIGI,1245,2020-12-11,False
CIGI,1797,2023-02-23,False
CIGI,1807,2023-03-09,False
CIGI,2184,2024-09-09,False
CIGI,2429,2025-09-02,False
CIGI,2433,2025-09-08,False
CIGI,2442,2025-09-19,False
CIGL,1,2025-04-22,False
CIGL,3,2025-04-24,False
CIMN,7,2024-06-06,False
CIMN,16,2024-06-20,False
CIMN,20,2024-06-26,False
CIMN,22,2024-06-28,False
CIMO,8,2024-09-04,False
CIMO,37,2024-10-15,False
CIMP,8,2025-09-30,False
CINF,1370,2021-06-14,False
CINF,2190,2024-09-17,False
CING,1,2021-12-09,False
CINGW,1,2021-12-09,False
CINT,1,2021-11-11,False
CINT,3,2021-11-15,False
CINT,707,2024-09-05,False
CINT,711,2024-09-11,False
CION,6,2021-10-13,False
CION,8,2021-10-15,False
CION,12,2021-10-21,False
CION,14,2021-10-25,False
CION,566,2024-01-05,False
CION,677,2024-06-14,False
CISO,1,2020-08-05,False
CISS,1,2023-06-15,False
CITR,4,2025-12-05,False
CIVB,2229,2024-11-19,False
CIVB,2241,2024-12-06,False
CIVB,2246,2024-12-13,False
CIZ,1,2021-05-17,False
CIZN,2217,2026-03-10,False
CIZN,2219,2026-03-12,False
CJMB,2,2025-02-05,False
CKX,1397,2023-09-28,False
CL,2546,2026-02-19,False
CLAR,1376,2021-06-22,False
CLBK,1437,2024-01-05,False
CLBT,8,2020-11-18,False
CLBT,43,2021-01-11,False
CLBT,689,2023-08-07,False
CLCG,6,2025-07-31,False
CLCG,21,2025-08-21,False
CLCG,23,2025-08-25,False
CLCG,25,2025-08-27,False
CLCG,27,2025-08-29,False
CLCV,6,2025-07-31,False
CLCV,14,2025-08-12,False
CLDI,8,2021-11-11,False
CLDI,12,2021-11-17,False
CLFD,1486,2021-11-26,False
CLFD,1488,2021-11-30,False
CLIK,1,2024-10-10,False
CLIM,4,2026-03-18,False
CLIM,14,2026-04-01,False
CLIP,1,2023-06-22,False
CLIX,637,2020-06-02,False
CLIX,689,2020-08-14,False
CLMB,2009,2024-01-10,False
CLNK,1,2026-01-15,False
CLOA,8,2023-01-25,False
CLOA,34,2023-03-03,False
CLOB,8,2024-10-07,False
CLOC,8,2025-11-04,False
CLOD,3,2023-12-20,False
CLOD,8,2023-12-28,False
CLOD,15,2024-01-09,False
CLOI,10,2022-07-08,False
CLOI,13,2022-07-13,False
CLOI,16,2022-07-18,False
CLOV,5,2020-06-19,False
CLOV,16,2020-07-07,False
CLOV,37,2020-08-05,False
CLOX,8,2023-07-31,False
CLOZ,8,2023-02-03,False
CLOZ,30,2023-03-08,False
CLOZ,37,2023-03-17,False
CLRC,8,2022-06-14,False
CLRO,2021,2024-01-16,False
CLRO,2025,2024-01-22,False
CLS,1802,2023-03-02,False
CLS,2065,2024-03-19,False
CLSE,7,2022-03-02,False
CLSE,13,2022-03-10,False
CLSE,30,2022-04-04,False
CLSE,34,2022-04-08,False
CLSK,1895,2025-10-28,True
CLSKW,1,2024-11-05,False
CLSM,3,2021-07-16,False
CLSM,8,2021-07-23,False
CLSM,18,2021-08-06,False
CLSM,27,2021-08-19,False
CLST,6,2021-10-21,False
CLST,8,2021-10-25,False
CLST,14,2021-11-02,False
CLST,36,2021-12-03,False
CLSX,1,2025-09-17,False
CLSZ,2,2026-02-23,False
CLW,2120,2024-06-06,False
CLX,2194,2024-09-23,False
CLX,2196,2024-09-25,False
CLYM,1,2021-08-11,False
CM,1185,2020-09-17,False
CM,1192,2020-09-28,False
CM,1253,2020-12-23,False
CM,1373,2021-06-17,False
CM,1375,2021-06-21,False
CM,1380,2021-06-28,False
CM,2017,2024-01-09,False
CM,2202,2024-10-03,False
CM,2205,2024-10-08,False
CM,2208,2024-10-11,False
CMBO,8,2025-11-14,False
CMBT,1467,2021-10-29,False
CMC,1779,2023-01-27,False
CMC,1911,2023-08-08,False
CMC,1916,2023-08-15,False
CMCAW,1,2022-01-24,False
CMCI,7,2023-09-01,False
CMCI,26,2023-09-29,False
CMCI,28,2023-10-03,False
CMCI,34,2023-10-11,False
CMCO,1793,2023-02-16,False
CMDB,1,2025-05-02,False
CMDY,885,2022-03-21,False
CMDY,898,2022-04-07,False
CME,1488,2021-11-30,False
CME,2563,2026-03-16,False
CMG,1851,2023-05-11,False
CMG,1854,2023-05-16,False
CMG,2009,2023-12-27,False
CMG,2079,2024-04-09,False
CMG,2089,2024-04-23,False
CMGG,3,2025-11-20,False
CMI,2090,2024-04-24,False
CMI,2432,2025-09-05,False
CMND,3,2021-09-07,False
CMND,7,2021-10-04,False
CMND,12,2021-10-15,False
CMND,16,2021-10-25,False
CMPS,1,2020-09-21,False
CMPX,4,2021-04-19,False
CMPX,6,2021-04-29,False
CMRC,1,2020-08-06,False
CMRE,1441,2021-09-23,False
CMRE,2125,2024-06-13,False
CMRE,2128,2024-06-18,False
CMRE,2139,2024-07-05,False
CMRE,2143,2024-07-11,False
CMRE,2506,2025-12-19,False
CMRE,2509,2025-12-24,False
CMS,1585,2022-04-20,False
CMTG,6,2021-11-11,False
CMTG,8,2021-11-15,False
CMTG,17,2021-11-29,False
CNA,1259,2021-01-04,False
CNAV,4,2024-10-07,False
CNAV,7,2024-10-10,False
CNAV,18,2024-10-25,False
CNAV,20,2024-10-29,False
CNAV,24,2024-11-04,False
CNBS,352,2020-12-11,False
CNCK,1,2021-09-13,False
CNCK,8,2021-09-22,False
CNCK,34,2021-10-28,False
CNEQ,5,2024-04-12,False
CNEQ,8,2024-04-17,False
CNEQ,17,2024-04-30,False
CNEY,1,2021-02-08,False
CNGL,8,2022-02-02,False
CNH,1754,2022-12-20,False
CNH,1759,2022-12-28,False
CNH,2553,2026-03-02,False
CNI,1192,2020-09-28,False
CNI,1194,2020-09-30,False
CNK,2072,2024-03-28,False
CNL,2,2021-07-16,False
CNL,6,2021-07-22,False
CNL,10,2021-07-28,False
CNL,15,2021-08-04,False
CNL,18,2021-08-09,False
CNM,1,2021-07-23,False
CNM,470,2023-06-05,False
CNM,503,2023-07-24,False
CNM,685,2024-04-12,False
CNM,693,2024-04-24,False
CNNE,2406,2025-07-30,False
CNO,1007,2020-01-03,False
CNOB,1482,2021-11-19,False
CNQ,1529,2022-01-28,False
CNQ,2087,2024-04-19,False
CNQ,2090,2024-04-24,False
CNQQ,4,2025-10-02,False
CNQQ,7,2025-10-07,False
CNQQ,15,2025-10-17,False
CNQQ,18,2025-10-22,False
CNRG,317,2020-01-29,False
CNRG,319,2020-01-31,False
CNS,1250,2020-12-18,False
CNS,1254,2020-12-24,False
CNTA,1,2021-06-01,False
CNTA,3,2021-06-03,False
CNTB,1,2021-03-22,False
CNTB,6,2021-03-29,False
CNTN,1,2022-01-13,False
CNTX,1,2021-10-21,False
CNX,2090,2024-04-24,False
CNXC,3,2020-11-30,False
CNXT,1147,2020-07-24,False
CNYA,1025,2020-07-21,False
CNYA,1029,2020-07-28,False
CNYA,1045,2020-08-19,False
CNYA,1154,2021-01-26,False
COAL,7,2024-02-02,False
COAL,12,2024-02-09,False
COAL,14,2024-02-13,False
COAL,16,2024-02-15,False
COAL,22,2024-02-26,False
COAL,24,2024-02-28,False
COAL,506,2026-01-30,False
COCH,8,2021-05-11,False
COCH,16,2021-05-21,False
COCH,18,2021-05-25,False
COCH,20,2021-05-27,False
COCH,22,2021-06-01,False
COCH,26,2021-06-07,False
COCHW,1,2021-04-27,False
COCO,2,2021-10-25,False
COCO,4,2021-10-27,False
COCO,8,2021-11-02,False
COCO,784,2024-12-04,False
CODI,1436,2021-09-16,False
CODI,2017,2024-01-09,False
COEP,6,2020-12-28,False
COEP,16,2021-01-12,False
COEP,26,2021-01-27,False
COEPW,3,2020-12-22,False
COF,1371,2021-06-15,False
COF,2021,2024-01-16,False
COF,2038,2024-02-08,False
COFS,1342,2023-01-13,False
COFS,1348,2023-01-24,False
COHN,2301,2025-08-07,False
COHR,2052,2024-02-29,False
COHX,1,2026-02-20,False
COHX,3,2026-02-24,False
COIA,4,2025-09-16,False
COIG,2,2025-03-18,False
COII,1,2025-06-05,False
COII,4,2025-06-10,False
COIN,1,2021-04-15,False
COIN,3,2021-04-19,False
COIN,9,2021-04-27,False
COIN,13,2021-05-03,False
COIO,2,2025-08-15,False
COIO,8,2025-08-25,False
COIO,14,2025-09-03,False
COIO,16,2025-09-05,False
COIW,1,2025-02-20,False
COKE,1376,2021-06-22,False
COKE,1380,2021-06-28,False
COKE,1501,2021-12-17,False
COKE,1872,2023-06-12,False
COKE,2022,2024-01-17,False
COKE,2027,2024-01-24,False
COKE,2030,2024-01-29,False
COKE,2183,2024-09-06,False
COKE,2503,2025-12-16,False
COLA,8,2025-03-27,False
COLAU,9,2025-02-04,False
COLB,2010,2023-12-28,False
COLB,2015,2024-01-05,False
COLL,1778,2023-01-26,False
COLM,1750,2022-12-14,False
COLO,2025,2024-01-22,False
COLO,2029,2024-01-26,False
COLO,2305,2025-03-05,False
COLO,2311,2025-03-13,False
COLO,2544,2026-02-17,False
COM,932,2021-03-10,False
COMB,1202,2022-03-18,False
COMB,1216,2022-04-07,False
COMP,1,2021-04-05,False
COMP,7,2021-04-13,False
COMT,1563,2022-03-18,False
CON,5,2024-08-01,False
CON,9,2024-08-07,False
CONI,1,2024-09-05,False
CONI,3,2024-09-09,False
CONL,1,2022-08-10,False
CONX,1,2025-11-20,False
CONX,4,2025-11-25,False
CONY,1,2023-08-16,False
CONY,7,2023-08-24,False
CONY,100,2024-01-08,False
COO,1031,2020-02-07,False
COO,1195,2020-10-01,False
COO,1209,2020-10-21,False
COOK,1,2021-07-30,False
COOT,2,2020-12-14,False
COOT,8,2020-12-22,False
COOT,10,2020-12-24,False
COOT,31,2021-01-27,False
COOT,33,2021-01-29,False
COOTW,1,2020-12-11,False
COP,1461,2021-10-21,False
COP,1469,2021-11-02,False
COP,1472,2021-11-05,False
COP,1544,2022-02-18,False
COP,2088,2024-04-22,False
COP,2090,2024-04-24,False
COPA,1,2024-09-25,False
COPA,5,2024-10-01,False
COPA,14,2024-10-14,False
COPA,19,2024-10-21,False
COPA,21,2024-10-23,False
COPA,202,2025-07-17,False
COPA,272,2025-10-24,False
COPA,274,2025-10-28,False
COPJ,1,2023-02-03,False
COPJ,5,2023-02-09,False
COPJ,10,2023-02-16,False
COPJ,13,2023-02-22,False
COPJ,15,2023-02-24,False
COPJ,684,2025-10-24,False
COPL,8,2025-06-12,False
COPL-U,8,2025-05-19,False
COPL-WS,8,2025-06-12,False
COPP,4,2024-03-12,False
COPP,413,2025-10-28,False
COPX,1272,2021-01-22,False
COPX,2116,2024-05-31,False
COPX,2395,2025-07-15,False
COPX,2467,2025-10-24,False
COPX,2469,2025-10-28,False
COR,1590,2022-04-27,False
COR,1749,2022-12-13,False
COR,2044,2024-02-16,False
COR,2046,2024-02-21,False
CORB,8,2025-11-20,False
CORB,22,2025-12-11,False
CORD,1,2025-09-29,False
CORO,9,2024-12-17,False
CORO,18,2024-12-31,False
CORO,24,2025-01-10,False
CORO,26,2025-01-14,False
CORZ,1,2024-01-25,False
CORZ,3,2024-01-29,False
CORZZ,1,2024-01-25,False
COST,1586,2022-04-21,False
COST,2012,2024-01-02,False
COST,2136,2024-07-01,False
COST,2146,2024-07-16,False
COSW,1,2025-10-24,False
COSW,3,2025-10-28,False
COSW,9,2025-11-05,False
COSW,12,2025-11-10,False
COSW,14,2025-11-12,False
COSW,17,2025-11-17,False
COSW,20,2025-11-20,False
COSW,22,2025-11-24,False
COTG,2,2025-09-22,False
COTG,5,2025-09-25,False
COTG,9,2025-10-01,False
COTG,12,2025-10-06,False
COTG,14,2025-10-08,False
COUR,1,2021-03-31,False
COWG,1,2022-12-27,False
COWG,5,2023-01-03,False
COWG,9,2023-01-09,False
COWG,23,2023-01-30,False
COWG,36,2023-02-16,False
COWG,494,2024-12-12,False
COWS,2,2023-09-15,False
COWS,5,2023-09-20,False
COWS,9,2023-09-26,False
COWS,12,2023-09-29,False
COWS,17,2023-10-06,False
COWS,21,2023-10-12,False
COYA,2,2023-01-03,False
COYA,4,2023-01-05,False
COYA,6,2023-01-09,False
COYA,18,2023-01-26,False
COYY,2,2025-07-31,False
COYY,9,2025-08-11,False
COZX,1,2025-11-06,False
CPA,1888,2023-07-06,False
CPA,2015,2024-01-05,False
CPAC,2070,2024-03-26,False
CPAG,8,2025-08-22,False
CPAG,32,2025-09-26,False
CPAI,5,2023-12-06,False
CPAI,8,2023-12-11,False
CPAI,30,2024-01-12,False
CPAI,32,2024-01-17,False
CPBI,9,2023-11-02,False
CPBI,33,2023-12-07,False
CPBI,220,2024-09-06,False
CPER,1227,2021-01-26,False
CPER,2484,2026-01-28,False
CPF,2166,2024-08-13,False
CPF,2188,2024-09-13,False
CPHY,8,2025-08-22,False
CPII,9,2022-07-13,False
CPII,11,2022-07-15,False
CPII,15,2022-07-21,False
CPII,30,2022-08-11,False
CPLB,8,2021-07-12,False
CPLB,34,2021-08-17,False
CPLS,8,2023-12-26,False
CPLS,16,2024-01-08,False
CPLS,19,2024-01-11,False
CPLS,22,2024-01-17,False
CPLS,27,2024-01-24,False
CPNG,3,2021-03-16,False
CPNG,9,2021-03-24,False
CPNJ,8,2024-07-02,False
CPNJ,20,2024-07-19,False
CPNJ,26,2024-07-29,False
CPNJ,30,2024-08-02,False
CPNM,8,2025-03-13,False
CPNM,11,2025-03-18,False
CPNM,13,2025-03-20,False
CPNM,26,2025-04-08,False
CPNQ,8,2024-12-12,False
CPNQ,20,2024-12-31,False
CPNQ,26,2025-01-10,False
CPNS,8,2024-09-13,False
CPOP,1,2021-07-01,False
CPRA,2,2025-04-03,False
CPRA,10,2025-04-15,False
CPRJ,8,2024-07-12,False
CPRJ,31,2024-08-14,False
CPRO,8,2024-10-11,False
CPRT,1873,2023-06-13,False
CPRT,1875,2023-06-15,False
CPRT,2079,2024-04-09,False
CPSA,8,2024-08-13,False
CPSD,8,2024-12-12,False
CPSD,13,2024-12-19,False
CPSD,19,2024-12-30,False
CPSD,26,2025-01-10,False
CPSF,8,2025-02-13,False
CPSF,28,2025-03-14,False
CPSJ,8,2024-07-12,False
CPSJ,19,2024-07-29,False
CPSJ,24,2024-08-05,False
CPSL,8,2024-09-19,False
CPSM,8,2024-05-13,False
CPSO,8,2024-10-11,False
CPSP,2,2025-04-03,False
CPSP,8,2025-04-11,False
CPSP,10,2025-04-15,False
CPSR,9,2025-03-14,False
CPSR,11,2025-03-18,False
CPSR,19,2025-03-28,False
CPSR,28,2025-04-10,False
CPST,8,2024-09-13,False
CPSU,8,2025-06-12,False
CPSY,8,2025-01-15,False
CPXR,1,2025-01-22,False
CPXR,4,2025-01-27,False
CPXR,9,2025-02-03,False
CPXR,25,2025-02-26,False
CPXR,29,2025-03-04,False
CPZ,27,2020-01-07,False
CPZ,37,2020-01-22,False
CQP,2578,2026-04-07,False
CR,3,2023-04-03,False
CR,13,2023-04-18,False
CR,21,2023-04-28,False
CR,23,2023-05-02,False
CRAC,8,2025-12-19,False
CRAI,1733,2022-11-18,False
CRAI,2126,2024-06-14,False
CRAK,1194,2020-12-24,False
CRAK,2342,2025-07-24,False
CRANR,1,2026-01-13,False
CRANR,4,2026-01-16,False
CRANR,8,2026-01-26,False
CRAQ,8,2025-07-03,False
CRAQU,8,2025-06-05,False
CRBD,8,2024-12-18,False
CRBD,13,2024-12-26,False
CRBD,19,2025-01-06,False
CRBD,27,2025-01-17,False
CRBG,4,2022-09-21,False
CRBG,10,2022-09-29,False
CRBG,14,2022-10-05,False
CRBG,352,2024-02-09,False
CRBU,2,2021-07-27,False
CRBU,5,2021-07-30,False
CRC,1,2020-10-29,False
CRCA,1,2025-08-08,False
CRCA,3,2025-08-12,False
CRCD,1,2025-09-29,False
CRCG,1,2025-08-12,False
CRCL,1,2025-06-05,False
CRCO,1,2025-10-01,False
CRCO,3,2025-10-03,False
CRCO,12,2025-10-16,False
CRCO,15,2025-10-21,False
CRCT,3,2021-03-30,False
CRDD,1,2026-04-02,False
CRDD,3,2026-04-07,False
CRDD,5,2026-04-09,False
CRDO,1,2022-01-28,False
CRDT,8,2023-07-10,False
CRDU,1,2025-09-17,False
CRDU,3,2025-09-19,False
CRE,1,2025-07-24,False
CRED,7,2023-05-12,False
CRED,11,2023-05-25,False
CRED,15,2023-06-02,False
CRED,27,2023-06-22,False
CRED,143,2024-01-12,False
CRESW,1,2021-06-28,False
CRESY,1887,2023-07-05,False
CRESY,2259,2024-12-24,False
CREV,2,2023-11-01,False
CRGO,8,2021-11-30,False
CRGO,22,2021-12-20,False
CRGOW,3,2023-01-27,False
CRGY,1,2021-12-09,False
CRH,1815,2023-03-21,False
CRH,2015,2024-01-05,False
CRH,2075,2024-04-03,False
CRM,2017,2024-01-09,False
CRM,2218,2024-10-25,False
CRMG,2,2025-04-08,False
CRML,8,2022-02-28,False
CRML,37,2022-05-13,False
CRMLW,1,2024-02-27,False
CRMU,1,2026-02-11,False
CRMX,1,2026-01-14,False
CRNT,2036,2024-02-06,False
CRPT,3,2021-09-24,False
CRPT,8,2021-10-01,False
CRS,2121,2024-06-07,False
CRS,2403,2025-07-25,False
CRSH,6,2024-05-10,False
CRSH,16,2024-05-24,False
CRSH,19,2024-05-30,False
CRSR,1,2020-09-24,False
CRTO,1799,2023-02-27,False
CRTO,1802,2023-03-02,False
CRTO,2176,2024-08-27,False
CRUS,1256,2020-12-29,False
CRUS,1801,2023-03-01,False
CRUS,1812,2023-03-16,False
CRUS,2454,2025-10-07,False
CRUX,10,2026-03-30,False
CRVL,1026,2020-01-31,False
CRVL,1414,2021-08-16,False
CRVL,1793,2023-02-16,False
CRVL,1795,2023-02-21,False
CRVL,1808,2023-03-10,False
CRWG,1,2025-08-12,False
CRWL,2,2024-11-14,False
CRWL,6,2024-11-20,False
CRWU,1,2025-07-28,False
CRWV,1,2025-03-31,False
CRXP,8,2025-12-23,False
CSAI,1,2025-01-31,False
CSAN,1,2021-03-09,False
CSAN,5,2021-03-15,False
CSAN,18,2021-04-01,False
CSB,1223,2021-01-27,False
CSB,1963,2024-01-05,False
CSCL,4,2025-07-01,False
CSCL,7,2025-07-07,False
CSCL,18,2025-07-22,False
CSCL,24,2025-07-30,False
CSCS,1,2025-06-26,False
CSCS,3,2025-06-30,False
CSCS,6,2025-07-03,False
CSCS,9,2025-07-09,False
CSCS,23,2025-07-29,False
CSD,1259,2021-01-04,False
CSD,2080,2024-04-10,False
CSEX,2,2025-11-17,False
CSGP,1893,2023-07-13,False
CSGS,2240,2024-11-26,False
CSGS,2297,2025-02-21,False
CSGS,2486,2025-11-20,False
CSHI,8,2022-09-12,False
CSHP,8,2024-07-30,False
CSHR,1,2026-03-31,False
CSHRW,1,2026-03-31,False
CSIO,4,2025-12-16,False
CSIO,8,2025-12-22,False
CSL,1679,2022-09-02,False
CSL,2015,2024-01-05,False
CSMD,2,2023-08-24,False
CSMD,7,2023-08-31,False
CSMD,17,2023-09-15,False
CSMD,19,2023-09-19,False
CSMD,23,2023-09-25,False
CSMD,27,2023-09-29,False
CSNR,1,2025-02-06,False
CSNR,9,2025-02-19,False
CSNR,17,2025-03-03,False
CSNR,22,2025-03-10,False
CSNR,25,2025-03-13,False
CSPF,8,2025-02-18,False
CSPF,25,2025-03-13,False
CSPI,1781,2023-01-31,False
CSR,2113,2024-05-28,False
CSRE,8,2025-02-18,False
CSRE,22,2025-03-10,False
CSRE,27,2025-03-17,False
CSRE,30,2025-03-20,False
CSRE,36,2025-03-28,False
CSSD,8,2025-12-22,False
CSTK,6,2025-05-15,False
CSTK,12,2025-05-23,False
CSTK,17,2025-06-02,False
CSTL,1604,2025-12-10,False
CSTWF,1,2025-04-28,False
CSV,1435,2021-09-15,False
CSV,1437,2021-09-17,False
CSV,1445,2021-09-29,False
CSV,2236,2024-11-20,False
CSV,2248,2024-12-09,False
CSW,1683,2022-09-09,False
CSW,1792,2023-02-15,False
CSW,2017,2024-01-09,False
CSWC,1924,2023-08-25,False
CSWC,2029,2024-01-26,False
CSWC,2406,2025-07-30,False
CTA,1,2022-03-09,False
CTA,4,2022-03-14,False
CTA,8,2022-03-18,False
CTA,12,2022-03-24,False
CTA,15,2022-03-29,False
CTAP,3,2025-12-12,False
CTAP,7,2025-12-18,False
CTAS,2019,2024-01-11,False
CTEC,1,2020-10-30,False
CTEC,4,2020-11-04,False
CTEF,7,2025-06-30,False
CTEV,8,2020-04-16,False
CTEV,35,2020-05-26,False
CTEX,2,2021-10-04,False
CTEX,6,2021-10-08,False
CTIF,7,2025-07-07,False
CTIF,13,2025-07-15,False
CTIF,24,2025-07-30,False
CTIF,30,2025-08-07,False
CTIF,32,2025-08-11,False
CTKB,1,2021-07-26,False
CTNM,1,2024-04-05,False
CTNM,6,2024-04-12,False
CTNM,23,2024-05-07,False
CTNT,1,2023-08-02,False
CTOR,1,2024-08-13,False
CTRA,1456,2021-10-14,False
CTRA,1459,2021-10-19,False
CTRE,1257,2020-12-30,False
CTRI,4,2024-04-24,False
CTRI,35,2024-06-07,False
CTRI,152,2024-11-22,False
CTRN,1280,2021-02-03,False
CTVA,185,2020-02-19,False
CTWO,1,2025-06-23,False
CTWO,6,2025-06-30,False
CTWO,10,2025-07-07,False
CTWO,14,2025-07-11,False
CTWO,21,2025-07-22,False
CTWO,25,2025-07-28,False
CUB,8,2024-08-22,False
CUBB,8,2020-01-06,False
CUBB,37,2020-02-18,False
CUBE,2021,2024-01-16,False
CUBWU,8,2024-06-27,False
CUBWW,1,2024-08-12,False
CUK,2015,2024-01-05,False
CUK,2397,2025-07-17,False
CUPR,1,2025-04-11,False
CUPR,3,2025-04-15,False
CURB,1,2024-09-27,False
CURB,17,2024-10-21,False
CURE,1009,2020-01-07,False
CURE,1342,2021-05-04,False
CURI,1,2020-01-09,False
CURI,9,2020-01-22,False
CURI,12,2020-01-27,False
CURI,35,2020-02-28,False
CURI,37,2020-03-03,False
CURR,8,2022-01-21,False
CURV,1,2021-07-02,False
CURV,3,2021-07-07,False
CURV,11,2021-07-19,False
CURX,1,2025-08-27,False
CUSD,8,2021-10-01,False
CUSD,31,2021-11-03,False
CUT,1194,2020-09-30,False
CUT,1259,2021-01-04,False
CUT,1272,2021-01-22,False
CUZ,1911,2023-08-08,False
CV,1,2025-07-03,False
CVAR,7,2022-01-04,False
CVAR,22,2022-01-26,False
CVAR,26,2022-02-01,False
CVAR,28,2022-02-03,False
CVAR,30,2022-02-07,False
CVAR,35,2022-02-14,False
CVE,1482,2021-11-19,False
CVE,2085,2024-04-17,False
CVE,2097,2024-05-03,False
CVEO,2553,2026-03-02,False
CVEO,2564,2026-03-17,False
CVI,1919,2023-08-18,False
CVIE,3,2023-02-03,False
CVIE,8,2023-02-10,False
CVIE,12,2023-02-16,False
CVIE,14,2023-02-21,False
CVIE,17,2023-02-24,False
CVIE,21,2023-03-02,False
CVKD,1,2023-01-23,False
CVLC,3,2023-02-03,False
CVLC,6,2023-02-08,False
CVLC,12,2023-02-16,False
CVLC,14,2023-02-21,False
CVLC,17,2023-02-24,False
CVLC,22,2023-03-03,False
CVLC,26,2023-03-09,False
CVLG,1450,2021-10-06,False
CVLT,1295,2021-02-25,False
CVLT,1377,2021-06-23,False
CVLT,1737,2022-11-25,False
CVLT,1748,2022-12-12,False
CVLT,1878,2023-06-21,False
CVMC,3,2023-02-03,False
CVMC,6,2023-02-08,False
CVMC,12,2023-02-16,False
CVMC,14,2023-02-21,False
CVMC,22,2023-03-03,False
CVMC,26,2023-03-09,False
CVNA,1088,2021-08-24,False
CVNX,1,2025-06-03,False
CVNX,3,2025-06-05,False
CVNY,4,2025-02-05,False
CVNY,6,2025-02-07,False
CVNY,19,2025-02-27,False
CVRD,7,2023-08-31,False
CVRD,17,2023-09-15,False
CVRD,21,2023-09-21,False
CVRD,24,2023-09-26,False
CVRD,27,2023-09-29,False
CVRD,31,2023-10-05,False
CVRD,33,2023-10-09,False
CVRT,6,2023-10-12,False
CVRT,15,2023-10-25,False
CVRT,17,2023-10-27,False
CVRT,20,2023-11-01,False
CVRT,23,2023-11-06,False
CVRX,1,2021-07-01,False
CVS,1363,2021-06-03,False
CVS,1370,2021-06-14,False
CVSA,2122,2024-06-10,False
CVSB,8,2023-02-10,False
CVX,2578,2026-04-07,False
CW,1920,2023-08-21,False
CW,2238,2024-11-22,False
CW,2403,2025-07-25,False
CWAN,4,2021-09-30,False
CWAN,10,2021-10-08,False
CWBC,1754,2022-12-20,False
CWBC,1805,2023-03-07,False
CWBC,2015,2024-01-05,False
CWCO,1837,2023-04-21,False
CWCO,2401,2025-07-23,False
CWD,1,2023-05-18,False
CWEN,1432,2021-09-10,False
CWEN,1490,2021-12-02,False
CWEN-A,1434,2021-09-14,False
CWEN-A,1490,2021-12-02,False
CWENA,1434,2021-09-14,False
CWENA,1490,2021-12-02,False
CWII,1,2025-11-05,False
CWS,1803,2024-01-16,False
CWVX,1,2025-07-14,False
CX,2535,2026-02-03,False
CXAI,1,2021-02-05,False
CXAI,8,2021-02-17,False
CXAI,15,2021-02-26,False
CXAI,17,2021-03-02,False
CXAI,26,2021-03-15,False
CXAIW,1,2021-02-08,False
CXAIW,3,2021-02-10,False
CXM,1,2021-06-24,False
CXM,18,2021-07-20,False
CXRN,2,2024-12-17,False
CXRN,7,2024-12-24,False
CXSE,1147,2020-07-24,False
CXW,1984,2023-11-20,False
CXW,2000,2023-12-13,False
CYAB,2,2026-03-25,False
CYCU,1,2025-02-19,False
CYN,2,2021-10-22,False
CYN,4,2021-10-26,False
CYN,13,2021-11-08,False
CZA,1236,2020-11-30,False
CZAR,7,2023-12-22,False
CZAR,21,2024-01-16,False
CZFS,780,2021-01-21,False
CZWI,1210,2021-01-25,False
CZWI,1483,2022-02-23,False
CZWI,1487,2022-03-01,False
CZWI,1846,2023-08-09,False
DAAQ,8,2025-06-12,False
DAAQ,21,2025-07-02,False
DAAQ,24,2025-07-08,False
DAAQ,26,2025-07-10,False
DAAQU,9,2025-05-09,False
DAAQU,23,2025-05-30,False
DAAQW,2,2025-06-04,False
DAAQW,9,2025-06-13,False
DABS,8,2025-03-14,False
DABS,28,2025-04-11,False
DABS,33,2025-04-21,False
DAC,1549,2022-02-28,False
DAC,2024,2024-01-19,False
DAC,2125,2024-06-13,False
DAC,2131,2024-06-24,False
DADS,8,2025-08-15,False
DADS,16,2025-08-27,False
DADS,18,2025-08-29,False
DADS,22,2025-09-05,False
DAIC,8,2022-01-24,False
DAK,2,2025-08-01,False
DAK,8,2025-08-11,False
DAKT,2261,2024-12-27,False
DAKT,2450,2025-10-01,False
DAL,1905,2023-07-31,False
DAL,2008,2023-12-26,False
DAMD,1,2025-11-17,False
DAN,1911,2023-08-08,False
DAN,2442,2025-09-19,False
DAN,2537,2026-02-05,False
DANA,8,2025-12-15,False
DAO,185,2020-07-22,False
DAPP,1,2021-04-15,False
DAPP,10,2021-04-28,False
DAPR,8,2021-04-29,False
DAPR,18,2021-05-13,False
DAPR,23,2021-05-20,False
DAR,1023,2020-01-28,False
DARP,1,2021-12-20,False
DARP,5,2021-12-27,False
DARP,11,2022-01-04,False
DARP,15,2022-01-10,False
DARP,17,2022-01-12,False
DARP,978,2025-11-11,False
DASH,1,2020-12-10,False
DASH,669,2023-08-09,False
DASH,822,2024-03-19,False
DASX,1,2025-10-24,False
DASX,4,2025-10-29,False
DAT,3,2021-10-04,False
DAT,7,2021-10-08,False
DAT,809,2024-12-17,False
DAT,812,2024-12-20,False
DAT,816,2024-12-27,False
DAVA,736,2021-06-30,False
DAVE,2,2021-04-28,False
DAVE,6,2021-05-05,False
DAVE,8,2021-05-10,False
DAVE,10,2021-05-17,False
DAVE,13,2021-06-03,False
DAVEW,2,2022-01-05,False
DAWN,1,2021-05-28,False
DB,2019,2024-01-11,False
DB,2087,2024-04-19,False
DB,2380,2025-06-23,False
DB,2433,2025-09-08,False
DBB,2096,2024-05-02,False
DBC,1563,2022-03-18,False
DBC,1577,2022-04-07,False
DBCA,8,2026-03-09,False
DBCAU,8,2026-02-20,False
DBCAU,37,2026-04-02,False
DBCAW,1,2026-02-26,False
DBD,2,2023-08-16,False
DBD,6,2023-08-22,False
DBD,490,2025-07-29,False
DBE,1563,2022-03-18,False
DBGI,1,2021-05-17,False
DBJP,2549,2026-02-24,False
DBMF,761,2022-05-13,False
DBND,11,2022-04-22,False
DBND,14,2022-04-27,False
DBND,18,2022-05-03,False
DBND,24,2022-05-11,False
DBO,1276,2021-01-28,False
DBO,1473,2021-11-08,False
DBO,1563,2022-03-18,False
DBP,1174,2020-09-02,False
DBP,1178,2020-09-09,False
DBP,1181,2020-09-14,False
DBP,2091,2024-04-26,False
DBP,2471,2025-10-31,False
DBP,2473,2025-11-04,False
DBSC,1,2025-12-17,False
DBSC,8,2025-12-29,False
DBSC,30,2026-01-30,False
DBSC,32,2026-02-03,False
DBSC,37,2026-02-10,False
DBVT,1024,2020-01-29,False
DBX,1343,2023-07-26,False
DC,1,2022-04-06,False
DCBG,8,2024-07-16,False
DCBG,17,2024-07-29,False
DCBG,22,2024-08-05,False
DCBG,25,2024-08-08,False
DCBO,1,2020-05-15,False
DCBO,267,2021-09-13,False
DCGO,2,2020-12-21,False
DCGO,6,2020-12-28,False
DCGO,9,2020-12-31,False
DCGO,14,2021-01-08,False
DCI,2080,2024-04-10,False
DCMB,8,2023-04-13,False
DCMT,1,2024-02-02,False
DCMT,9,2024-02-14,False
DCMT,15,2024-02-23,False
DCO,2533,2026-01-30,False
DCOM-P,5,2026-04-14,False
DCOMG,7,2024-07-12,False
DCOMG,18,2024-07-29,False
DCOMG,23,2024-08-05,False
DCOMG,26,2024-08-08,False
DCOR,2,2023-09-15,False
DCOR,5,2023-09-20,False
DCOR,9,2023-09-26,False
DCOR,14,2023-10-03,False
DCOR,17,2023-10-06,False
DCPE,6,2022-04-08,False
DCPE,10,2022-04-14,False
DCPE,12,2022-04-19,False
DCPE,14,2022-04-21,False
DCPE,17,2022-04-26,False
DCPE,20,2022-04-29,False
DCPE,24,2022-05-05,False
DCRE,8,2023-04-17,False
DCX,8,2022-01-20,False
DD,1274,2021-01-26,False
DD,1277,2021-01-29,False
DD,2490,2025-11-26,False
DD,2553,2026-03-02,False
DDC,1,2023-11-20,False
DDC,4,2023-11-24,False
DDEC,8,2021-01-04,False
DDEC,24,2021-01-27,False
DDEC,26,2021-01-29,False
DDEC,28,2021-02-02,False
DDFA,7,2026-04-14,False
DDFD,8,2025-12-11,False
DDFD,33,2026-01-20,False
DDFF,9,2026-02-13,False
DDFF,26,2026-03-11,False
DDFF,31,2026-03-18,False
DDFJ,8,2026-01-14,False
DDFJ,34,2026-02-23,False
DDFL,8,2025-07-14,False
DDFM,9,2026-03-13,False
DDFM,12,2026-03-18,False
DDFM,16,2026-03-24,False
DDFM,18,2026-03-26,False
DDFM,20,2026-03-30,False
DDFN,9,2025-11-14,False
DDFN,11,2025-11-18,False
DDFN,14,2025-11-21,False
DDFO,8,2025-10-13,False
DDFO,11,2025-10-16,False
DDFO,27,2025-11-07,False
DDFO,34,2025-11-18,False
DDFO,36,2025-11-20,False
DDFS,8,2025-09-12,False
DDFS,30,2025-10-14,False
DDFS,32,2025-10-16,False
DDI,1,2021-09-01,False
DDI,7,2021-09-10,False
DDI,9,2021-09-14,False
DDIV,1299,2021-03-26,False
DDL,1,2021-06-30,False
DDM,2013,2024-01-03,False
DDNQ,8,2026-01-14,False
DDNQ,11,2026-01-20,False
DDNQ,28,2026-02-12,False
DDOG,552,2021-11-26,False
DDOG,1463,2025-07-17,False
DDSQ,8,2026-01-14,False
DDSQ,11,2026-01-20,False
DDSQ,23,2026-02-05,False
DDSQ,29,2026-02-13,False
DDTA,7,2026-04-14,False
DDTD,8,2025-12-11,False
DDTD,12,2025-12-17,False
DDTD,33,2026-01-20,False
DDTF,8,2026-02-12,False
DDTF,14,2026-02-23,False
DDTF,26,2026-03-11,False
DDTF,30,2026-03-17,False
DDTJ,8,2026-01-14,False
DDTJ,11,2026-01-20,False
DDTJ,23,2026-02-05,False
DDTL,8,2025-07-14,False
DDTM,8,2026-03-12,False
DDTM,12,2026-03-18,False
DDTM,18,2026-03-26,False
DDTM,21,2026-03-31,False
DDTN,16,2025-11-25,False
DDTN,31,2025-12-17,False
DDTO,7,2025-10-10,False
DDTO,12,2025-10-17,False
DDTO,27,2025-11-07,False
DDTO,32,2025-11-14,False
DDTO,34,2025-11-18,False
DDTO,36,2025-11-20,False
DDTS,8,2025-09-12,False
DDTS,28,2025-10-10,False
DDTS,30,2025-10-14,False
DDTS,32,2025-10-16,False
DDV,8,2025-11-25,False
DDX,6,2021-09-28,False
DDX,14,2021-10-08,False
DDXX,2,2025-11-17,False
DDXX,5,2025-11-20,False
DDXX,8,2025-11-25,False
DE,1910,2023-08-07,False
DE,2561,2026-03-12,False
DEA,2010,2023-12-28,False
DEA,2015,2024-01-05,False
DEA,2168,2024-08-15,False
DEC,1088,2024-12-26,False
DECM,8,2025-01-06,False
DECO,4,2024-09-16,False
DECO,6,2024-09-18,False
DECO,21,2024-10-09,False
DECP,8,2024-06-06,False
DECT,2,2022-12-05,False
DECT,9,2022-12-14,False
DECT,15,2022-12-22,False
DECT,18,2022-12-28,False
DECT,23,2023-01-05,False
DECU,8,2024-12-12,False
DECU,12,2024-12-18,False
DECU,16,2024-12-24,False
DECU,18,2024-12-27,False
DECU,20,2024-12-31,False
DECU,26,2025-01-10,False
DECU,28,2025-01-14,False
DECW,2,2022-12-05,False
DECW,10,2022-12-15,False
DECW,18,2022-12-28,False
DECW,23,2023-01-05,False
DECZ,8,2020-12-11,False
DECZ,14,2020-12-21,False
DEED,8,2020-05-12,False
DEFI,1,2022-09-19,False
DEFI,5,2022-09-23,False
DEFI,9,2022-09-29,False
DEFI,19,2022-10-13,False
DEFI,22,2022-10-18,False
DEFR,8,2025-05-27,False
DEHP,6,2022-05-05,False
DEHP,15,2022-05-18,False
DEI,2221,2024-10-30,False
DELL,1183,2021-04-30,False
DELL,1187,2021-05-06,False
DELL,1189,2021-05-10,False
DELL,1783,2023-09-19,False
DEMZ,5,2020-11-10,False
DEMZ,7,2020-11-12,False
DEMZ,13,2020-11-20,False
DEMZ,41,2021-01-04,False
DERM,1,2021-11-15,False
DES,1275,2021-01-27,False
DESK,1,2023-09-22,False
DESK,7,2023-10-02,False
DESK,15,2023-10-12,False
DESK,24,2023-10-25,False
DEVS,8,2022-01-07,False
DEXC,7,2024-11-25,False
DEXC,22,2024-12-17,False
DEXC,29,2024-12-27,False
DFAC,3,2021-06-17,False
DFAC,8,2021-06-24,False
DFAC,23,2021-07-16,False
DFAC,27,2021-07-22,False
DFAE,8,2020-12-14,False
DFAE,41,2021-02-02,False
DFAI,7,2020-11-30,False
DFAI,43,2021-01-22,False
DFAR,2,2022-02-28,False
DFAR,4,2022-03-02,False
DFAR,7,2022-03-07,False
DFAR,32,2022-04-11,False
DFAR,36,2022-04-18,False
DFAS,3,2021-06-17,False
DFAS,8,2021-06-24,False
DFAS,11,2021-06-29,False
DFAS,17,2021-07-08,False
DFAS,20,2021-07-13,False
DFAS,23,2021-07-16,False
DFAT,2,2021-06-16,False
DFAT,8,2021-06-24,False
DFAT,10,2021-06-28,False
DFAT,17,2021-07-08,False
DFAT,20,2021-07-13,False
DFAT,23,2021-07-16,False
DFAT,645,2024-01-05,False
DFAU,7,2020-11-30,False
DFAW,3,2023-10-02,False
DFAW,8,2023-10-09,False
DFAW,20,2023-10-25,False
DFAW,25,2023-11-01,False
DFAX,4,2021-09-17,False
DFAX,11,2021-09-28,False
DFAX,13,2021-09-30,False
DFAX,19,2021-10-08,False
DFCA,8,2023-07-10,False
DFCA,30,2023-08-09,False
DFCF,8,2021-11-29,False
DFCF,35,2022-01-06,False
DFDV,1,2023-07-26,False
DFEB,1,2020-02-25,False
DFEB,3,2020-02-27,False
DFEB,8,2020-03-05,False
DFEB,12,2020-03-11,False
DFEB,21,2020-03-24,False
DFEM,6,2022-05-05,False
DFEM,15,2022-05-18,False
DFEV,6,2022-05-05,False
DFEV,15,2022-05-18,False
DFGP,8,2023-11-20,False
DFGR,6,2022-12-15,False
DFGR,15,2022-12-29,False
DFGX,8,2023-11-20,False
DFH,2,2021-01-25,False
DFH,4,2021-01-27,False
DFH,748,2024-01-11,False
DFHY,8,2020-12-17,False
DFIC,4,2022-03-30,False
DFIC,8,2022-04-05,False
DFIC,12,2022-04-11,False
DFIC,17,2022-04-19,False
DFIC,19,2022-04-21,False
DFIC,25,2022-04-29,False
DFII,2,2025-04-07,False
DFII,5,2025-04-10,False
DFII,7,2025-04-14,False
DFIN,1132,2021-03-26,False
DFIN,1302,2021-11-26,False
DFIN,1490,2022-08-26,False
DFIN,1773,2023-10-12,False
DFIP,4,2021-11-22,False
DFIP,8,2021-11-29,False
DFIP,12,2021-12-03,False
DFIP,16,2021-12-09,False
DFIP,18,2021-12-13,False
DFIP,35,2022-01-06,False
DFIS,4,2022-03-30,False
DFIS,8,2022-04-05,False
DFIS,12,2022-04-11,False
DFIS,17,2022-04-19,False
DFIS,25,2022-04-29,False
DFIV,4,2021-09-17,False
DFIV,9,2021-09-24,False
DFIV,11,2021-09-28,False
DFIV,17,2021-10-06,False
DFIV,19,2021-10-08,False
DFIV,36,2021-11-02,False
DFJ,2551,2026-02-26,False
DFLI,8,2021-09-03,False
DFLIW,1,2021-08-25,False
DFLIW,6,2021-09-01,False
DFLV,5,2022-12-14,False
DFLV,14,2022-12-28,False
DFMC,4,2026-03-26,False
DFMC,7,2026-03-31,False
DFNM,8,2021-11-29,False
DFNSW,1,2026-02-10,False
DFNV,2,2020-12-09,False
DFNV,7,2020-12-16,False
DFNV,18,2021-01-04,False
DFNV,20,2021-01-06,False
DFRA,4,2021-12-17,False
DFRA,8,2021-12-23,False
DFRA,29,2022-01-25,False
DFRA,33,2022-01-31,False
DFSB,8,2022-11-29,False
DFSB,26,2022-12-23,False
DFSB,31,2023-01-03,False
DFSC,1,2020-12-16,False
DFSD,8,2021-11-29,False
DFSE,5,2022-11-09,False
DFSE,18,2022-11-29,False
DFSE,28,2022-12-13,False
DFSE,30,2022-12-15,False
DFSE,35,2022-12-22,False
DFSI,5,2022-11-09,False
DFSI,30,2022-12-15,False
DFSI,33,2022-12-20,False
DFSI,35,2022-12-22,False
DFSI,37,2022-12-27,False
DFSU,1,2022-11-03,False
DFSU,5,2022-11-09,False
DFSU,25,2022-12-08,False
DFSV,3,2022-03-01,False
DFSV,6,2022-03-04,False
DFSV,11,2022-03-11,False
DFSV,13,2022-03-15,False
DFSV,27,2022-04-04,False
DFSV,468,2024-01-05,False
DFTT,1,2025-11-13,False
DFTT,3,2025-11-17,False
DFTT,6,2025-11-20,False
DFTT,9,2025-11-25,False
DFTT,24,2025-12-17,False
DFTT,26,2025-12-19,False
DFUS,8,2021-06-24,False
DFUS,23,2021-07-16,False
DFUV,2,2022-05-11,False
DFUV,7,2022-05-18,False
DFUV,32,2022-06-24,False
DFVE,2,2024-02-05,False
DFVE,8,2024-02-13,False
DFVX,7,2023-11-13,False
DG,2066,2024-03-20,False
DGCB,8,2023-11-20,False
DGICA,1625,2022-06-16,False
DGICA,1627,2022-06-21,False
DGII,2180,2024-09-03,False
DGIN,3,2022-02-23,False
DGIN,6,2022-02-28,False
DGJA,8,2026-01-30,False
DGJA,18,2026-02-13,False
DGJA,35,2026-03-11,False
DGLO,7,2025-08-14,False
DGLO,22,2025-09-05,False
DGLO,24,2025-09-09,False
DGLO,30,2025-09-17,False
DGLO,32,2025-09-19,False
DGNX,1,2025-01-23,False
DGOC,8,2025-10-30,False
DGOC,14,2025-11-07,False
DGOC,19,2025-11-14,False
DGOC,21,2025-11-18,False
DGOC,24,2025-11-21,False
DGP,1366,2021-06-08,False
DGP,2088,2024-04-22,False
DGP,2092,2024-04-26,False
DGP,2096,2024-05-02,False
DGP,2472,2025-10-31,False
DGP,2476,2025-11-06,False
DGRE,1281,2021-02-04,False
DGRS,1259,2021-01-04,False
DGRS,2015,2024-01-05,False
DGX,1423,2021-08-27,False
DGX,1511,2022-01-03,False
DGX,1749,2022-12-13,False
DGXX,1,2021-01-11,False
DGXX,4,2021-01-14,False
DH,1,2021-09-16,False
DH,3,2021-09-20,False
DH,15,2021-10-06,False
DHAI,2,2024-02-16,False
DHAI,5,2024-02-22,False
DHAIW,1,2024-02-12,False
DHCNI,1254,2020-12-24,False
DHCNI,1938,2023-09-15,False
DHCNI,1940,2023-09-19,False
DHCNI,2208,2024-10-11,False
DHCNL,1219,2020-12-22,False
DHCNL,1900,2023-09-08,False
DHCNL,2171,2024-10-07,False
DHDG,10,2024-11-04,False
DHI,1505,2021-12-23,False
DHI,2010,2023-12-28,False
DHIL,1477,2021-11-12,False
DHLX,8,2025-10-09,False
DHLX,12,2025-10-15,False
DHLX,15,2025-10-20,False
DHLX,21,2025-10-28,False
DHLX,26,2025-11-04,False
DHR,1439,2021-09-21,False
DHSB,19,2025-03-14,False
DHSB,21,2025-03-18,False
DHSB,23,2025-03-20,False
DIBS,1,2021-06-11,False
DIBS,5,2021-06-17,False
DIEM,1167,2021-01-22,False
DIG,2088,2024-04-22,False
DIHP,5,2022-03-31,False
DIHP,8,2022-04-05,False
DIHP,12,2022-04-11,False
DIHP,17,2022-04-19,False
DIHP,19,2022-04-21,False
DIHP,25,2022-04-29,False
DIME,2,2025-10-09,False
DINT,692,2020-11-30,False
DINT,1672,2024-10-23,False
DIOD,1209,2020-10-21,False
DIOD,1212,2020-10-26,False
DIOD,1417,2021-08-19,False
DIOD,1433,2021-09-13,False
DIPS,5,2024-07-31,False
DIPS,7,2024-08-02,False
DIPS,21,2024-08-22,False
DIS,2248,2024-12-09,False
DIS,2250,2024-12-11,False
DIS,2252,2024-12-13,False
DIS,2257,2024-12-20,False
DISO,4,2023-08-31,False
DISO,12,2023-09-13,False
DISO,21,2023-09-26,False
DISO,24,2023-09-29,False
DISO,26,2023-10-03,False
DISO,326,2024-12-11,False
DISO,328,2024-12-13,False
DISV,4,2022-03-30,False
DISV,8,2022-04-05,False
DISV,12,2022-04-11,False
DISV,16,2022-04-18,False
DISV,25,2022-04-29,False
DIVD,3,2022-10-05,False
DIVD,8,2022-10-12,False
DIVE,8,2025-09-26,False
DIVE,15,2025-10-07,False
DIVE,18,2025-10-10,False
DIVE,22,2025-10-16,False
DIVG,7,2023-12-18,False
DIVG,23,2024-01-11,False
DIVG,25,2024-01-16,False
DIVG,31,2024-01-24,False
DIVL,9,2023-08-28,False
DIVL,20,2023-09-13,False
DIVL,22,2023-09-15,False
DIVN,7,2025-07-08,False
DIVN,12,2025-07-15,False
DIVN,14,2025-07-17,False
DIVN,16,2025-07-21,False
DIVN,30,2025-08-08,False
DIVP,8,2024-03-19,False
DIVP,28,2024-04-17,False
DIVP,30,2024-04-19,False
DIVS,7,2021-04-08,False
DIVY,4,2021-01-14,False
DIVY,7,2021-01-21,False
DIVY,15,2021-02-03,False
DIVY,50,2021-03-26,False
DIVZ,1,2021-01-29,False
DIVZ,7,2021-02-08,False
DJAN,6,2021-01-27,False
DJAN,8,2021-01-29,False
DJAN,23,2021-02-22,False
DJAN,26,2021-02-25,False
DJD,1688,2022-12-13,False
DJIA,7,2022-03-07,False
DJIA,11,2022-03-11,False
DJIA,26,2022-04-01,False
DJP,1562,2022-03-17,False
DJP,1577,2022-04-07,False
DJT,8,2021-10-12,False
DJTU,2,2025-03-06,False
DJTWW,2,2021-10-04,False
DJTWW,11,2021-10-15,False
DJUL,8,2020-07-30,False
DJUL,37,2020-09-10,False
DJUN,8,2020-07-02,False
DKI,1,2025-08-08,False
DKL,1597,2022-05-06,False
DKNG,134,2020-02-05,False
DKNX,1,2025-08-01,False
DKNX,5,2025-08-07,False
DKNX,9,2025-08-13,False
DKS,1295,2021-02-25,False
DKS,1437,2021-09-17,False
DKS,2018,2024-01-10,False
DKS,2079,2024-04-09,False
DKUP,1,2025-07-31,False
DKUP,6,2025-08-07,False
DKUP,10,2025-08-13,False
DLAG,8,2025-10-02,False
DLAG,14,2025-10-10,False
DLAG,16,2025-10-14,False
DLAG,19,2025-10-17,False
DLAG,34,2025-11-07,False
DLB,1810,2023-03-14,False
DLFE,13,2026-03-12,False
DLFE,17,2026-03-18,False
DLFE,23,2026-03-26,False
DLFE,26,2026-03-31,False
DLHC,1944,2023-10-26,False
DLHC,1946,2023-10-30,False
DLLL,1,2025-02-14,False
DLLL,4,2025-02-20,False
DLNV,8,2025-12-05,False
DLNV,37,2026-01-20,False
DLO,2,2021-06-07,False
DLO,8,2021-06-15,False
DLR,2228,2024-11-08,False
DLTH,1192,2020-09-28,False
DLTR,2510,2025-12-26,False
DLTR,2512,2025-12-30,False
DLUX,7,2026-04-14,False
DLX,2252,2024-12-13,False
DLX,2547,2026-02-20,False
DLXY,1,2025-07-10,False
DMAA,8,2025-03-07,False
DMAAR,3,2025-02-28,False
DMAAR,7,2025-03-06,False
DMAAR,12,2025-03-17,False
DMAAR,15,2025-03-21,False
DMAAU,3,2025-01-10,False
DMAR,8,2021-04-01,False
DMAT,1,2022-01-27,False
DMAT,6,2022-02-03,False
DMAT,8,2022-02-07,False
DMAT,18,2022-02-22,False
DMAT,31,2022-03-11,False
DMAT,35,2022-03-17,False
DMAT,940,2025-10-24,False
DMAT,1009,2026-02-04,False
DMAX,8,2025-01-15,False
DMAY,8,2020-05-29,False
DMAY,16,2020-06-11,False
DMAY,19,2020-06-16,False
DMAY,24,2020-06-23,False
DMBS,11,2023-04-20,False
DMBS,30,2023-05-17,False
DMBS,36,2023-05-25,False
DMII,8,2025-12-15,False
DMLP,1462,2021-10-22,False
DMLP,1471,2021-11-04,False
DMLP,1473,2021-11-08,False
DMRA,4,2020-11-04,False
DMRA,8,2020-11-10,False
DMRA,18,2020-11-24,False
DMRA,26,2020-12-07,False
DMX,8,2024-12-13,False
DMXF,8,2020-06-26,False
DMXF,11,2020-07-01,False
DMXF,33,2020-08-03,False
DMYY,8,2022-12-19,False
DMYY,16,2022-12-30,False
DMYY,32,2023-01-25,False
DNA,5,2021-04-26,False
DNA,8,2021-04-29,False
DNA,13,2021-05-06,False
DNA,15,2021-05-10,False
DNA,24,2021-05-21,False
DNMX,8,2025-12-02,False
DNNG,2,2026-02-12,False
DNUT,1,2021-07-02,False
DNUT,6,2021-07-12,False
DNUT,360,2022-12-05,False
DOCN,1,2021-03-25,False
DOCN,5,2021-03-31,False
DOCN,7,2021-04-05,False
DOCS,1,2021-06-25,False
DOCS,3,2021-06-29,False
DOCT,7,2020-10-28,False
DOCT,10,2020-11-02,False
DOCU,1428,2023-12-29,False
DOCU,1434,2024-01-09,False
DOGD,1,2025-08-13,False
DOGD,6,2025-08-20,False
DOGG,3,2023-05-02,False
DOGG,10,2023-05-11,False
DOGG,13,2023-05-16,False
DOGG,16,2023-05-19,False
DOGG,24,2023-06-01,False
DOJE,1,2025-09-19,False
DOLE,2,2021-08-03,False
DOLE,4,2021-08-05,False
DOLE,6,2021-08-09,False
DOLE,32,2021-09-15,False
DOLE,347,2022-12-14,False
DOLE,409,2023-03-16,False
DOLE,796,2024-09-30,False
DOO,1347,2021-05-11,False
DORM,1493,2021-12-07,False
DORM,2249,2024-12-10,False
DORM,2442,2025-09-19,False
DOUG,1,2021-12-31,False
DOUG,10,2022-01-13,False
DOV,2070,2024-03-26,False
DPZ,1916,2023-08-15,False
DRAG,4,2024-10-08,False
DRAG,8,2024-10-14,False
DRAG,15,2024-10-23,False
DRAI,1,2024-07-11,False
DRAI,5,2024-07-17,False
DRAI,9,2024-07-23,False
DRAI,15,2024-07-31,False
DRAI,18,2024-08-05,False
DRAM,2,2026-04-07,False
DRAM,4,2026-04-09,False
DRAY,7,2025-07-24,False
DRAY,18,2025-08-08,False
DRAY,21,2025-08-13,False
DRAY,41,2025-09-11,False
DRCT,1,2022-02-14,False
DRDB,8,2025-02-13,False
DRDBU,9,2024-12-26,False
DRES,6,2025-10-09,False
DRES,12,2025-10-17,False
DRES,23,2025-11-03,False
DRES,26,2025-11-06,False
DRES,29,2025-11-11,False
DRES,31,2025-11-13,False
DRGN,4,2025-07-21,False
DRGN,7,2025-07-24,False
DRI,1206,2020-10-16,False
DRIV,702,2021-02-02,False
DRIV,704,2021-02-04,False
DRKY,2,2025-10-10,False
DRKY,8,2025-10-20,False
DRKY,32,2025-11-21,False
DRKY,49,2025-12-17,False
DRLL,4,2022-08-15,False
DRLL,19,2022-09-06,False
DRLL,23,2022-09-12,False
DRLL,429,2024-04-24,False
DRLL,889,2026-02-25,False
DRMA,2,2021-08-17,False
DRNL,4,2026-03-09,False
DRNZ,1,2025-10-30,False
DRNZ,3,2025-11-03,False
DRNZ,9,2025-11-11,False
DRNZ,15,2025-11-19,False
DRS,2137,2024-07-02,False
DRTS,1,2021-03-09,False
DRTS,4,2021-03-12,False
DRTS,8,2021-03-18,False
DRTS,13,2021-03-25,False
DRTSW,1,2022-03-08,False
DRUG,1,2021-03-23,False
DRUG,8,2021-04-01,False
DRVN,1,2021-01-19,False
DRVN,4,2021-01-22,False
DRVN,11,2021-02-02,False
DRVN,24,2021-02-22,False
DSCF,6,2021-09-28,False
DSCF,14,2021-10-08,False
DSCO,8,2026-02-12,False
DSCO,27,2026-03-12,False
DSCO,30,2026-03-17,False
DSCO,32,2026-03-19,False
DSEP,8,2020-10-01,False
DSEP,27,2020-10-28,False
DSEP,30,2020-11-02,False
DSGN,1,2021-03-29,False
DSGR,1801,2023-03-02,False
DSGX,1451,2021-10-07,False
DSGX,2008,2023-12-26,False
DSMC,1,2022-10-07,False
DSMC,6,2022-10-14,False
DSMC,9,2022-10-19,False
DSP,1,2021-02-11,False
DSPY,2,2025-04-03,False
DSPY,7,2025-04-10,False
DSTX,4,2020-12-21,False
DSTX,8,2020-12-28,False
DSTX,33,2021-02-03,False
DSWL,1356,2021-07-08,False
DSWL,2364,2025-08-11,False
DSWL,2392,2025-09-19,False
DSX-WT,1,2023-12-15,False
DSY,8,2023-01-24,False
DSYWW,1,2023-01-12,False
DSYWW,4,2023-01-18,False
DTAN,7,2024-09-19,False
DTAN,19,2024-10-07,False
DTAN,23,2024-10-11,False
DTAN,25,2024-10-15,False
DTAN,27,2024-10-17,False
DTAN,33,2024-10-25,False
DTAN,35,2024-10-29,False
DTB,8,2020-10-19,False
DTB,22,2020-11-06,False
DTCK,1,2023-09-20,False
DTCK,4,2023-09-25,False
DTCR,1,2020-10-30,False
DTCR,5,2020-11-05,False
DTCR,7,2020-11-09,False
DTCR,15,2020-11-19,False
DTCR,21,2020-11-30,False
DTCR,32,2020-12-15,False
DTCR,1263,2025-11-10,False
DTCR,1325,2026-02-10,False
DTCR,1338,2026-03-02,False
DTCX,2,2022-03-23,False
DTCX,10,2022-04-04,False
DTCX,14,2022-04-08,False
DTE,1337,2021-04-27,False
DTG,8,2021-12-09,False
DTG,34,2022-01-18,False
DTG,36,2022-01-20,False
DTI,8,2022-01-10,False
DTI,594,2024-05-10,False
DTK,8,2025-10-02,False
DTK,19,2025-10-17,False
DTM,3,2021-06-23,False
DTM,7,2021-06-29,False
DTM,19,2021-07-16,False
DTM,715,2024-04-23,False
DTM,726,2024-05-08,False
DTM,872,2024-12-05,False
DTM,877,2024-12-12,False
DTM,1189,2026-03-16,False
DTSQ,8,2024-09-26,False
DTSQR,3,2024-09-19,False
DTSQU,9,2024-08-06,False
DTSTW,2,2021-05-18,False
DTSTW,6,2021-05-24,False
DUBS,8,2023-06-27,False
DUBS,10,2023-06-29,False
DUBS,33,2023-08-02,False
DUBS,36,2023-08-07,False
DUHP,6,2022-03-04,False
DUHP,11,2022-03-11,False
DUHP,32,2022-04-11,False
DUHP,36,2022-04-18,False
DUKH,8,2024-07-23,False
DUKH,17,2024-08-05,False
DUKQ,4,2024-07-17,False
DUKQ,9,2024-07-24,False
DUKQ,13,2024-07-30,False
DUKQ,23,2024-08-13,False
DUKX,4,2024-07-17,False
DUKX,9,2024-07-24,False
DUKX,13,2024-07-30,False
DUKX,15,2024-08-01,False
DUKX,21,2024-08-09,False
DUKX,23,2024-08-13,False
DUKZ,8,2024-07-23,False
DUKZ,10,2024-07-25,False
DULL,3,2023-02-27,False
DULL,11,2023-03-09,False
DUNK,5,2025-09-23,False
DUNK,8,2025-09-26,False
DUNK,13,2025-10-03,False
DUNK,23,2025-10-17,False
DUNK,26,2025-10-22,False
DUOG,1,2025-12-12,False
DUOG,6,2025-12-19,False
DUOL,4,2021-08-03,False
DUOL,13,2021-08-16,False
DUOL,20,2021-08-25,False
DUOL,391,2023-02-15,False
DURA,1037,2022-12-21,False
DUSB,8,2023-10-09,False
DUSL,1524,2023-08-02,False
DV,1,2021-04-22,False
DV,9,2021-05-04,False
DV,683,2024-01-08,False
DV,712,2024-02-20,False
DVA,1236,2020-11-30,False
DVA,1245,2020-12-11,False
DVA,1875,2023-06-15,False
DVA,2074,2024-04-02,False
DVAL,2,2022-11-02,False
DVAL,7,2022-11-09,False
DVAL,27,2022-12-08,False
DVAL,31,2022-12-14,False
DVAL,37,2022-12-22,False
DVDN,5,2023-11-09,False
DVDN,7,2023-11-13,False
DVDN,43,2024-01-05,False
DVDN,46,2024-01-10,False
DVGR,5,2025-12-12,False
DVGR,8,2025-12-17,False
DVGR,10,2025-12-19,False
DVGR,37,2026-01-30,False
DVIN,3,2025-07-28,False
DVIN,6,2025-07-31,False
DVIN,13,2025-08-11,False
DVLU,596,2021-03-30,False
DVLU,1294,2024-01-16,False
DVN,2091,2024-04-25,False
DVN,2099,2024-05-07,False
DVND,7,2022-08-15,False
DVND,16,2022-08-26,False
DVND,24,2022-09-08,False
DVND,32,2022-09-20,False
DVQQ,1,2024-12-18,False
DVQQ,7,2024-12-27,False
DVQQ,13,2025-01-07,False
DVQQ,15,2025-01-10,False
DVRE,2,2025-07-25,False
DVRE,5,2025-07-30,False
DVRE,10,2025-08-06,False
DVRE,17,2025-08-15,False
DVSP,1,2024-12-18,False
DVSP,7,2024-12-27,False
DVSP,13,2025-01-07,False
DVSP,15,2025-01-10,False
DVSP,17,2025-01-14,False
DVUT,3,2025-07-28,False
DVUT,7,2025-08-01,False
DVUT,21,2025-08-21,False
DVUT,23,2025-08-25,False
DVUT,26,2025-08-28,False
DVVY,1,2026-03-18,False
DVVY,7,2026-03-26,False
DVXB,1,2025-07-24,False
DVXB,3,2025-07-28,False
DVXB,10,2025-08-06,False
DVXB,13,2025-08-11,False
DVXC,2,2025-07-25,False
DVXC,7,2025-08-01,False
DVXC,9,2025-08-05,False
DVXC,53,2025-10-07,False
DVXE,5,2025-07-30,False
DVXE,10,2025-08-06,False
DVXE,13,2025-08-11,False
DVXE,15,2025-08-13,False
DVXE,18,2025-08-18,False
DVXF,3,2025-07-28,False
DVXF,6,2025-07-31,False
DVXF,11,2025-08-07,False
DVXF,14,2025-08-12,False
DVXK,6,2025-07-31,False
DVXK,23,2025-08-25,False
DVXK,25,2025-08-27,False
DVXK,27,2025-08-29,False
DVXP,3,2025-07-28,False
DVXP,5,2025-07-30,False
DVXP,9,2025-08-05,False
DVXP,26,2025-08-28,False
DVXP,28,2025-09-02,False
DVXV,3,2025-07-28,False
DVXV,5,2025-07-30,False
DVXV,10,2025-08-06,False
DVXV,14,2025-08-12,False
DVXV,31,2025-09-05,False
DVXY,1,2025-07-24,False
DVXY,4,2025-07-29,False
DVXY,9,2025-08-05,False
DVXY,11,2025-08-07,False
DVXY,13,2025-08-11,False
DVY,1313,2021-03-23,False
DWAS,1261,2021-01-06,False
DWAW,7,2020-01-08,False
DWAW,19,2020-01-27,False
DWAW,23,2020-01-31,False
DWAW,26,2020-02-05,False
DWLD,1957,2024-10-23,False
DWTX,1,2020-12-18,False
DWUS,8,2020-01-09,False
DWUS,23,2020-01-31,False
DX,1910,2023-08-07,False
DX,2027,2024-01-24,False
DXCM,1047,2020-03-03,False
DXCM,1414,2021-08-16,False
DXCM,1416,2021-08-18,False
DXF,1,2025-01-27,False
DXIV,6,2024-09-20,False
DXIV,14,2024-10-02,False
DXIV,17,2024-10-07,False
DXIV,23,2024-10-15,False
DXIV,25,2024-10-17,False
DXIV,27,2024-10-21,False
DXIV,33,2024-10-29,False
DXJ,2080,2024-04-10,False
DXPE,2291,2025-02-12,False
DXST,1,2025-01-23,False
DXUV,7,2024-09-23,False
DXUV,17,2024-10-07,False
DXUV,31,2024-10-25,False
DXUV,34,2024-10-30,False
DXYZ,1,2024-03-27,False
DY,2124,2024-06-12,False
DYFI,3,2024-01-16,False
DYFI,8,2024-01-23,False
DYFI,11,2024-01-26,False
DYFI,24,2024-02-14,False
DYLD,8,2021-07-12,False
DYLD,32,2021-08-13,False
DYLG,8,2023-08-07,False
DYLG,14,2023-08-15,False
DYLG,23,2023-08-28,False
DYN,1,2020-09-18,False
DYN,4,2020-09-23,False
DYN,14,2020-10-07,False
DYNB,8,2025-10-06,False
DYNB,30,2025-11-05,False
DYNB,33,2025-11-10,False
DYNF,1104,2023-08-07,False
DYOR,9,2025-12-02,False
DYTA,8,2023-04-12,False
DYTA,25,2023-05-05,False
EA,2435,2025-09-10,False
EAFG,6,2024-04-01,False
EAFG,9,2024-04-04,False
EAFG,13,2024-04-10,False
EAFG,15,2024-04-12,False
EAFG,24,2024-04-25,False
EAGL,8,2024-04-05,False
EAGL,13,2024-04-12,False
EAGL,15,2024-04-16,False
EAGL,19,2024-04-22,False
EAGL,21,2024-04-24,False
EALT,8,2023-10-12,False
EALT,14,2023-10-20,False
EALT,17,2023-10-25,False
EALT,22,2023-11-01,False
EAOA,4,2020-06-24,False
EAOA,6,2020-06-26,False
EAOA,8,2020-06-30,False
EAOK,8,2020-06-30,False
EAOM,8,2020-06-30,False
EAOR,4,2020-06-24,False
EAOR,6,2020-06-26,False
EAOR,8,2020-06-30,False
EAPR,8,2021-04-13,False
EAPR,29,2021-05-12,False
EAPR,31,2021-05-14,False
EAPR,36,2021-05-21,False
EART,5,2022-02-03,False
EART,7,2022-02-07,False
EART,17,2022-02-22,False
EART,30,2022-03-11,False
EART,34,2022-03-17,False
EART,939,2025-10-24,False
EART,1008,2026-02-04,False
EASY,8,2025-10-10,False
EASY,15,2025-10-21,False
EASY,27,2025-11-06,False
EASY,29,2025-11-10,False
EAT,2124,2024-06-12,False
EAT,2128,2024-06-18,False
EAT,2251,2024-12-12,False
EATZ,7,2021-04-30,False
EATZ,20,2021-05-19,False
EATZ,22,2021-05-21,False
EATZ,26,2021-05-27,False
EATZ,682,2024-01-05,False
EBAY,1122,2020-06-18,False
EBAY,1149,2020-07-28,False
EBAY,2071,2024-03-27,False
EBAY,2433,2025-09-08,False
EBC,1,2020-10-16,False
EBC,6,2020-10-23,False
EBC,9,2020-10-28,False
EBC,14,2020-11-04,False
EBC,58,2021-01-08,False
EBC,60,2021-01-12,False
EBC,810,2024-01-05,False
EBF,2564,2026-03-17,False
EBI,2,2025-03-03,False
EBI,5,2025-03-06,False
EBI,7,2025-03-10,False
EBI,10,2025-03-13,False
EBI,13,2025-03-18,False
EBI,23,2025-04-01,False
EBI,25,2025-04-03,False
EBIT,4,2024-07-16,False
EBIT,24,2024-08-13,False
EBIZ,1253,2024-01-05,False
EBMT,960,2020-01-02,False
EBMT,1973,2024-01-17,False
EBMT,2464,2026-01-02,False
EBMT,2498,2026-02-23,False
EBON,1,2020-06-29,False
EBUF,8,2024-07-12,False
EBUF,20,2024-07-30,False
EBUF,23,2024-08-02,False
EBUF,26,2024-08-07,False
EC,1257,2020-12-30,False
ECAT,8,2021-10-08,False
ECAT,12,2021-10-14,False
ECAT,24,2021-11-01,False
ECAT,27,2021-11-04,False
ECAT,29,2021-11-08,False
ECBK,9,2022-08-10,False
ECBK,24,2022-08-31,False
ECCC,8,2021-06-24,False
ECCC,25,2021-07-20,False
ECCC,30,2021-07-27,False
ECCC,32,2021-07-29,False
ECCC,35,2021-08-03,False
ECCU,8,2025-01-02,False
ECCU,26,2025-01-30,False
ECCV,1,2022-01-27,False
ECCV,9,2022-02-08,False
ECCV,16,2022-02-17,False
ECCV,19,2022-02-23,False
ECCV,26,2022-03-04,False
ECCW,7,2021-04-08,False
ECCW,17,2021-04-22,False
ECDA,1,2022-12-09,False
ECDA,9,2022-12-21,False
ECF,1264,2021-01-11,False
ECG,1,2024-10-29,False
ECG,3,2024-10-31,False
ECH,2324,2025-04-01,False
ECH,2504,2025-12-17,False
ECH,2536,2026-02-04,False
ECH,2540,2026-02-10,False
ECH,2545,2026-02-18,False
ECML,4,2023-05-24,False
ECML,7,2023-05-30,False
ECNS,1298,2021-03-02,False
ECNS,2428,2025-08-29,False
ECO,1,2020-04-16,False
ECO,607,2025-11-26,False
ECO,609,2025-12-01,False
ECPG,1379,2021-06-25,False
ECPG,1482,2021-11-19,False
ECPG,1495,2021-12-09,False
ECPG,2564,2026-03-17,False
ECX,1,2021-04-01,False
ECX,8,2021-04-13,False
ECX,16,2021-04-23,False
ECX,18,2021-04-27,False
ECX,21,2021-04-30,False
ECX,28,2021-05-11,False
ECXWW,2,2021-04-06,False
EDBL,1,2022-05-06,False
EDBLW,1,2022-05-06,False
EDEN,1759,2022-12-28,False
EDGE,3,2025-01-27,False
EDGE,8,2025-02-03,False
EDGE,25,2025-02-27,False
EDGE,27,2025-03-03,False
EDGF,8,2024-10-15,False
EDGF,18,2024-10-29,False
EDGF,20,2024-10-31,False
EDGH,3,2024-10-08,False
EDGH,8,2024-10-15,False
EDGH,22,2024-11-04,False
EDGH,24,2024-11-06,False
EDGH,26,2024-11-08,False
EDGH,32,2024-11-18,False
EDGH,35,2024-11-21,False
EDGI,8,2024-10-15,False
EDGI,12,2024-10-21,False
EDGI,16,2024-10-25,False
EDGI,22,2024-11-04,False
EDGI,24,2024-11-06,False
EDGI,26,2024-11-08,False
EDGU,7,2024-10-14,False
EDGU,16,2024-10-25,False
EDGU,20,2024-10-31,False
EDGU,22,2024-11-04,False
EDGU,35,2024-11-21,False
EDHL,1,2025-04-17,False
EDRY,1387,2024-01-02,False
EDTK,1,2020-07-24,False
EDV,2019,2024-01-11,False
EE,2,2022-04-18,False
EE,8,2022-04-26,False
EE,973,2026-03-03,False
EEE,2,2026-02-03,False
EEE,7,2026-02-10,False
EEE,11,2026-02-17,False
EEE,15,2026-02-23,False
EEE,26,2026-03-10,False
EEFT,2015,2024-01-05,False
EEFT,2017,2024-01-09,False
EEIQ,1,2021-03-26,False
EEMS,1142,2020-07-17,False
EES,1259,2021-01-04,False
EES,2015,2024-01-05,False
EETH,1,2023-10-03,False
EETH,3,2023-10-05,False
EETH,5,2023-10-09,False
EETH,11,2023-10-17,False
EETH,13,2023-10-19,False
EFAA,5,2024-07-24,False
EFAA,9,2024-07-30,False
EFAA,11,2024-08-01,False
EFAA,19,2024-08-13,False
EFAA,36,2024-09-06,False
EFAS,1793,2024-01-16,False
EFAX,1433,2022-12-19,False
EFC-P-D,1,2023-12-13,False
EFC-P-D,7,2023-12-27,False
EFC-P-D,15,2024-01-12,False
EFFI,6,2024-12-20,False
EFFI,14,2025-01-03,False
EFIV,7,2020-08-06,False
EFIV,31,2020-09-10,False
EFIV,35,2020-09-16,False
EFNL,2318,2025-03-24,False
EFO,1157,2021-01-22,False
EFRA,4,2022-11-09,False
EFRA,24,2022-12-08,False
EFSC,2167,2024-08-14,False
EFTR,10,2021-03-15,False
EFTR,12,2021-03-23,False
EFTR,14,2021-03-26,False
EFTR,31,2021-05-04,False
EFTR,33,2021-05-06,False
EFTR,37,2021-05-13,False
EFTY,1,2025-08-08,False
EFX,1129,2020-06-29,False
EFX,1256,2020-12-29,False
EFX,1359,2021-05-27,False
EFX,2017,2024-01-09,False
EFX,2019,2024-01-11,False
EFXT,2257,2024-12-20,False
EGBN,2017,2024-01-09,False
EGG,1,2025-06-18,False
EGGQ,1,2024-12-31,False
EGGQ,5,2025-01-07,False
EGGQ,7,2025-01-10,False
EGGQ,13,2025-01-21,False
EGGQ,24,2025-02-05,False
EGGS,2,2024-12-31,False
EGGS,6,2025-01-07,False
EGGS,10,2025-01-14,False
EGGS,14,2025-01-21,False
EGGS,25,2025-02-05,False
EGGY,10,2025-01-14,False
EGGY,25,2025-02-05,False
EGHA,8,2025-07-11,False
EGHA,29,2025-08-11,False
EGHA,32,2025-08-14,False
EGHAU,8,2025-05-20,False
EGLE,2,2025-04-21,False
EGLE,6,2025-04-25,False
EGLE,26,2025-05-23,False
EGLE,31,2025-06-02,False
EGOXF,1,2023-10-23,False
EGRX,1232,2020-11-23,False
EGUS,1,2023-02-03,False
EGUS,4,2023-02-08,False
EGUS,10,2023-02-16,False
EGUS,15,2023-02-24,False
EGUS,19,2023-03-02,False
EGY,1021,2020-01-24,False
EGY,2087,2024-04-19,False
EHAB,2,2022-06-27,False
EHC,1254,2020-12-24,False
EHCC,8,2026-03-26,False
EHCC,13,2026-04-02,False
EHGO,2,2024-07-03,False
EHLD,2,2025-03-11,False
EHLS,2,2024-04-04,False
EHLS,5,2024-04-09,False
EHLS,8,2024-04-12,False
EHLS,11,2024-04-17,False
EHLS,16,2024-04-24,False
EHY,1,2025-10-10,False
EHY,9,2025-10-22,False
EICA,7,2021-10-28,False
EICA,27,2021-11-26,False
EICA,32,2021-12-03,False
EICA,34,2021-12-07,False
EIDO,1259,2021-01-04,False
EIG,1332,2021-04-20,False
EIKN,1,2026-02-06,False
EIKN,6,2026-02-13,False
EIKN,17,2026-03-03,False
EINC,1253,2020-12-23,False
EINC,2246,2024-12-05,False
EINC,2578,2026-04-07,False
EIPI,7,2024-05-15,False
EIPI,17,2024-05-30,False
EIPI,19,2024-06-03,False
EIPI,30,2024-06-18,False
EIPX,3,2022-11-08,False
EIPX,7,2022-11-14,False
EIPX,28,2022-12-14,False
EIPX,840,2026-03-13,False
EIRL,1270,2021-01-20,False
EIRL,1792,2023-02-15,False
EIS,1279,2021-02-02,False
EIS,2019,2024-01-11,False
EIS,2400,2025-07-22,False
EIX,2188,2024-09-13,False
EIX,2191,2024-09-18,False
EIX,2193,2024-09-20,False
EJAN,8,2020-01-14,False
EJAN,16,2020-01-27,False
EJAN,19,2020-01-30,False
EJAN,24,2020-02-06,False
EJH,8,2021-05-24,False
EKG,4,2022-03-29,False
EKG,6,2022-03-31,False
EKG,19,2022-04-20,False
EL,1236,2020-11-30,False
EL,2531,2026-01-28,False
ELA,2263,2024-12-31,False
ELAB,1,2023-11-22,False
ELCV,8,2024-10-11,False
ELCV,18,2024-10-25,False
ELCV,23,2024-11-01,False
ELCV,25,2024-11-05,False
ELF,1669,2023-05-11,False
ELFY,6,2025-04-21,False
ELFY,34,2025-05-30,False
ELIL,1,2025-03-27,False
ELIL,3,2025-03-31,False
ELIS,5,2025-04-02,False
ELLA,4,2026-04-14,False
ELM,8,2025-02-24,False
ELM,16,2025-03-06,False
ELM,18,2025-03-10,False
ELM,21,2025-03-13,False
ELM,24,2025-03-18,False
ELOG,1,2025-08-29,False
ELON,1,2025-02-14,False
ELON,4,2025-02-20,False
ELPC,1,2024-01-02,False
ELPC,7,2024-01-10,False
ELPC,10,2024-01-16,False
ELPC,14,2024-01-22,False
ELPC,17,2024-01-25,False
ELPW,8,2023-05-11,False
ELS,1377,2021-06-23,False
ELSE,1393,2022-07-06,False
ELTX,2,2021-02-09,False
ELTX,4,2021-02-11,False
ELUT,1,2020-10-09,False
ELUT,14,2020-10-28,False
ELVN,2,2020-03-16,False
ELVN,4,2020-03-18,False
ELVN,14,2020-04-01,False
ELVN,16,2020-04-03,False
ELVN,18,2020-04-07,False
ELVR,1,2025-09-03,False
ELVR,3,2025-09-05,False
ELWT,2,2025-11-07,False
EM,1,2021-04-05,False
EM,4,2021-04-08,False
EMAT,1,2026-01-05,False
EMBC,1,2022-03-22,False
EMBD,6,2020-06-11,False
EMBD,8,2020-06-15,False
EMBD,14,2020-06-23,False
EMBJ,2007,2023-12-22,False
EMBJ,2010,2023-12-28,False
EMBJ,2079,2024-04-09,False
EMC,1,2023-05-16,False
EMC,3,2023-05-18,False
EMC,6,2023-05-23,False
EMC,10,2023-05-30,False
EMC,12,2023-06-01,False
EMC,14,2023-06-05,False
EMC,31,2023-06-29,False
EMCG,8,2022-10-12,False
EMCGR,1,2022-10-03,False
EMCGU,8,2022-08-19,False
EMCGW,1,2025-04-28,False
EMDM,1,2023-03-06,False
EMDM,5,2023-03-10,False
EMDM,8,2023-03-15,False
EMDM,12,2023-03-21,False
EME,1742,2022-12-02,False
EME,1750,2022-12-14,False
EME,1920,2023-08-21,False
EME,1923,2023-08-24,False
EME,1935,2023-09-12,False
EME,2083,2024-04-15,False
EME,2414,2025-08-11,False
EME,2420,2025-08-19,False
EMEQ,7,2024-09-16,False
EMEQ,25,2024-10-10,False
EMEQ,31,2024-10-18,False
EMEQ,34,2024-10-23,False
EMEQ,36,2024-10-25,False
EMEQ,278,2025-10-15,False
EMES,10,2025-05-30,False
EMES,12,2025-06-03,False
EMES,25,2025-06-23,False
EMET,2,2021-11-15,False
EMET,8,2021-11-23,False
EMET,10,2021-11-26,False
EMET,992,2025-10-27,False
EMET,1064,2026-02-10,False
EMHC,8,2021-04-19,False
EMHC,15,2021-04-28,False
EMKT,3,2025-10-30,False
EMKT,6,2025-11-04,False
EMKT,9,2025-11-07,False
EMKT,11,2025-11-11,False
EMKT,13,2025-11-13,False
EMKT,18,2025-11-20,False
EMKT,20,2025-11-24,False
EMKT,22,2025-11-26,False
EMM,1,2023-05-16,False
EMM,6,2023-05-23,False
EMM,10,2023-05-30,False
EMM,31,2023-06-29,False
EMM,34,2023-07-05,False
EMN,2017,2024-01-09,False
EMOP,6,2025-06-27,False
EMOP,14,2025-07-10,False
EMOP,29,2025-07-31,False
EMOP,31,2025-08-04,False
EMOT,8,2024-07-10,False
EMOT,17,2024-07-23,False
EMOT,22,2024-07-30,False
EMOT,32,2024-08-13,False
EMPB,4,2024-12-18,False
EMPB,7,2024-12-23,False
EMPB,18,2025-01-10,False
EMPB,21,2025-01-15,False
EMPB,23,2025-01-17,False
EMPD,8,2021-10-18,False
EMPG,1,2025-07-03,False
EMR,1236,2020-11-30,False
EMR,1919,2023-08-18,False
EMR,2251,2024-12-12,False
EMSF,7,2023-10-03,False
EMSF,11,2023-10-09,False
EMSF,23,2023-10-25,False
EMSF,26,2023-10-30,False
EMXC,784,2021-01-26,False
EMXC,791,2021-02-04,False
EMXF,8,2020-10-23,False
EMXF,11,2020-10-28,False
ENAV,5,2023-01-18,False
ENAV,8,2023-01-23,False
ENAV,26,2023-02-16,False
ENAV,36,2023-03-03,False
ENB,2199,2024-09-30,False
ENB,2567,2026-03-20,False
ENDW,4,2025-04-16,False
ENDW,6,2025-04-21,False
ENFR,1374,2021-06-22,False
ENFR,2576,2026-04-07,False
ENGN,8,2022-02-24,False
ENGN,10,2022-02-28,False
ENGN,35,2022-05-17,False
ENGS,1,2025-04-02,False
ENGS,6,2025-04-09,False
ENHI,2,2025-12-31,False
ENHI,11,2026-01-15,False
ENHI,22,2026-02-02,False
ENHU,1,2025-11-06,False
ENHU,6,2025-11-13,False
ENHU,8,2025-11-17,False
ENHU,11,2025-11-20,False
ENHU,14,2025-11-25,False
ENHU,28,2025-12-16,False
ENHU,30,2025-12-18,False
ENIC,1813,2023-07-06,False
ENIC,1827,2023-07-26,False
ENLT,3,2021-02-16,False
ENOR,1272,2021-01-22,False
ENOR,2559,2026-03-10,False
ENPX,1,2025-09-17,False
ENR,1751,2022-12-15,False
ENR,2253,2024-12-16,False
ENS,1801,2023-03-01,False
ENS,2125,2024-06-13,False
ENSG,2164,2024-08-09,False
ENTA,1444,2021-09-28,False
ENTA,1481,2021-11-18,False
ENVA,1797,2023-02-23,False
ENVA,1910,2023-08-07,False
ENVA,2163,2024-08-08,False
ENVA,2166,2024-08-13,False
ENVX,1,2021-01-06,False
ENVX,3,2021-01-08,False
EOCT,8,2021-10-12,False
EOCT,24,2021-11-03,False
EOCT,26,2021-11-05,False
EOCT,37,2021-11-22,False
EOG,2090,2024-04-24,False
EONR,8,2022-04-19,False
EONR-WT,1,2024-12-12,False
EOSE,8,2020-06-16,False
EOSE,28,2020-07-16,False
EPAI,8,2025-12-31,False
EPAI,28,2026-01-30,False
EPAI,30,2026-02-03,False
EPAM,1180,2020-09-10,False
EPAM,1440,2021-09-22,False
EPEM,6,2025-06-13,False
EPEM,8,2025-06-17,False
EPEM,37,2025-07-30,False
EPHE,2204,2024-10-07,False
EPIN,6,2025-06-13,False
EPIN,8,2025-06-17,False
EPIN,11,2025-06-23,False
EPM,1459,2021-10-19,False
EPMB,7,2025-05-12,False
EPMB,18,2025-05-28,False
EPMB,22,2025-06-03,False
EPMV,6,2025-05-09,False
EPMV,18,2025-05-28,False
EPMV,22,2025-06-03,False
EPOL,1372,2021-06-16,False
EPOW,1,2021-02-10,False
EPOW,5,2021-02-17,False
EPOW,14,2021-03-02,False
EPRX,1,2024-04-08,False
EPSB,7,2025-05-13,False
EPSB,16,2025-05-27,False
EPSB,20,2025-06-02,False
EPSM,2,2025-03-28,False
EPSV,6,2025-05-12,False
EPSV,17,2025-05-28,False
EPSV,21,2025-06-03,False
EPU,2015,2024-01-05,False
EPU,2018,2024-01-10,False
EPU,2021,2024-01-16,False
EPU,2024,2024-01-19,False
EPU,2085,2024-04-17,False
EPU,2540,2026-02-10,False
EPWKF,6,2025-02-14,False
EPWKF,16,2025-03-03,False
EPWKF,18,2025-03-05,False
EQBK,1316,2021-03-26,False
EQIX,1377,2021-06-23,False
EQPT,1,2026-01-23,False
EQR,1318,2021-03-30,False
EQS,2291,2025-09-23,False
EQTY,2,2022-12-14,False
EQTY,8,2022-12-22,False
EQTY,11,2022-12-28,False
EQWM,1274,2021-01-26,False
EQWM,1279,2021-02-02,False
EQWM,2076,2024-04-04,False
EQWM,2080,2024-04-10,False
EQX,873,2020-02-03,False
EQX,876,2020-02-06,False
ERAS,1,2021-07-19,False
ERAS,4,2021-07-22,False
ERAS,23,2021-08-18,False
ERET,7,2022-11-29,False
ERET,19,2022-12-15,False
ERET,28,2022-12-29,False
ERIC,2019,2024-01-11,False
ERIC,2021,2024-01-16,False
ERIE,1925,2023-08-28,False
ERIE,1932,2023-09-07,False
ERIE,2066,2024-03-20,False
ERIE,2075,2024-04-03,False
ERIE,2204,2024-10-07,False
ERIE,2209,2024-10-14,False
ERNAW,1,2026-02-09,False
ERNZ,7,2024-05-10,False
ERNZ,20,2024-05-30,False
ERNZ,23,2024-06-04,False
ERNZ,27,2024-06-10,False
ERNZ,30,2024-06-13,False
ERNZ,32,2024-06-17,False
ERNZ,34,2024-06-20,False
ERO,1700,2025-10-27,False
ERO,1702,2025-10-29,False
ERTH,1273,2021-01-25,False
ERTH,1279,2021-02-02,False
ERTH,1281,2021-02-04,False
ERX,2088,2024-04-22,False
ES,1047,2020-03-03,False
ESAB,4,2022-04-04,False
ESAB,9,2022-04-11,False
ESAB,26,2022-05-05,False
ESAB,227,2023-02-23,False
ESAB,512,2024-04-12,False
ESAB,514,2024-04-16,False
ESBG,1,2025-11-20,False
ESBG,6,2025-11-28,False
ESBG,32,2026-01-07,False
ESBG,59,2026-02-17,False
ESE,2560,2026-03-11,False
ESEA,2421,2025-09-09,False
ESEA,2429,2025-09-19,False
ESGA,8,2020-07-17,False
ESGB,8,2021-07-09,False
ESGB,35,2021-08-17,False
ESGE,1091,2021-02-02,False
ESGL,8,2022-04-20,False
ESGLW,2,2023-08-02,False
ESGY,4,2020-01-27,False
ESGY,7,2020-02-20,False
ESGY,14,2020-03-05,False
ESHAR,2,2025-04-15,False
ESIM,7,2025-12-29,False
ESIX,4,2022-01-18,False
ESIX,9,2022-01-25,False
ESIX,13,2022-01-31,False
ESIX,18,2022-02-07,False
ESIX,498,2024-01-05,False
ESK,1,2025-09-26,False
ESK,4,2025-10-01,False
ESK,17,2025-10-20,False
ESLA,8,2021-09-24,False
ESLAW,1,2021-09-15,False
ESLAW,3,2021-09-17,False
ESLAW,12,2021-09-30,False
ESLG,8,2025-10-10,False
ESLG,13,2025-10-17,False
ESLG,16,2025-10-22,False
ESLG,27,2025-11-06,False
ESLG,30,2025-11-11,False
ESLG,32,2025-11-13,False
ESLT,2234,2024-11-18,False
ESLT,2325,2025-04-02,False
ESLT,2340,2025-04-24,False
ESLV,7,2025-10-09,False
ESLV,10,2025-10-14,False
ESLV,12,2025-10-16,False
ESLV,15,2025-10-21,False
ESLV,27,2025-11-06,False
ESML,683,2021-01-04,False
ESML,703,2021-02-02,False
ESML,1439,2024-01-05,False
ESMV,8,2021-11-16,False
ESMV,17,2021-11-30,False
ESMV,22,2021-12-07,False
ESNT,1212,2020-10-26,False
ESP,1812,2023-03-16,False
ESP,2057,2024-03-07,False
ESQ,1086,2021-10-25,False
ESQ,1108,2021-11-24,False
ESSC,7,2025-10-09,False
ESSC,12,2025-10-16,False
ESSC,25,2025-11-04,False
ESSC,29,2025-11-10,False
ESTC,1560,2024-12-18,False
ESUM,6,2024-12-27,False
ESUM,12,2025-01-07,False
ESUM,14,2025-01-10,False
ESUM,31,2025-02-05,False
ET,2252,2024-12-13,False
ET,2556,2026-03-05,False
ET,2562,2026-03-13,False
ET-P-I,5,2023-11-06,False
ET-P-I,8,2023-11-09,False
ET-P-I,24,2023-12-04,False
ET-P-I,28,2023-12-08,False
ET-PI,1,2023-11-06,False
ET-PI,4,2023-11-09,False
ET-PI,8,2023-11-15,False
ET-PI,20,2023-12-04,False
ET-PI,24,2023-12-08,False
ETCO,7,2025-09-15,False
ETCO,20,2025-10-02,False
ETD,1290,2021-02-18,False
ETEC,2,2023-04-03,False
ETEC,10,2023-04-17,False
ETEC,16,2023-04-25,False
ETEC,21,2023-05-02,False
ETEC,24,2023-05-05,False
ETFT,4,2025-12-08,False
ETFT,8,2025-12-12,False
ETFT,12,2025-12-18,False
ETFT,32,2026-01-20,False
ETFT,35,2026-01-23,False
ETH,1,2024-07-24,False
ETH,5,2024-07-30,False
ETHA,1,2024-07-24,False
ETHA,5,2024-07-30,False
ETHB,1,2026-03-13,False
ETHB,3,2026-03-17,False
ETHB,15,2026-04-02,False
ETHD,1,2024-06-10,False
ETHD,3,2024-06-12,False
ETHM,8,2024-12-19,False
ETHMU,8,2024-12-04,False
ETHT,1,2024-06-10,False
ETHU,2,2024-06-06,False
ETHV,1,2024-07-24,False
ETHV,5,2024-07-30,False
ETHW,1,2024-07-24,False
ETHW,5,2024-07-30,False
ETOR,1,2025-05-14,False
ETOR,16,2025-06-05,False
ETQ,2,2024-10-28,False
ETRL,1,2025-09-04,False
ETS,1,2025-08-22,False
ETTY,1,2025-10-10,False
ETU,1,2024-10-25,False
EUAD,1,2024-10-23,False
EUAD,7,2024-10-31,False
EUAD,9,2024-11-04,False
EUAD,25,2024-11-26,False
EUDA,8,2021-12-28,False
EUDAW,1,2021-12-15,False
EUFN,1792,2023-02-15,False
EUFN,2322,2025-03-28,False
EUIG,8,2025-11-18,False
EURK,9,2024-09-24,False
EURKR,1,2025-04-23,False
EURKR,3,2025-04-29,False
EURKU,8,2024-07-15,False
EUSB,8,2020-07-08,False
EUSB,34,2020-08-13,False
EUSB,37,2020-08-18,False
EUSM,1,2024-12-18,False
EUSM,7,2024-12-27,False
EUSM,13,2025-01-07,False
EUSM,15,2025-01-10,False
EUSM,32,2025-02-05,False
EVAC,9,2025-09-04,False
EVAC,11,2025-09-08,False
EVAC-U,8,2025-07-17,False
EVAC-U,20,2025-08-22,False
EVAC-U,26,2025-09-03,False
EVAC-U,28,2025-09-05,False
EVAC-U,30,2025-09-09,False
EVAC-WS,4,2025-08-28,False
EVAX,1,2021-02-08,False
EVC,1397,2021-07-22,False
EVC,1792,2023-02-15,False
EVCM,1,2021-07-02,False
EVCM,3,2021-07-07,False
EVCM,9,2021-07-15,False
EVCM,13,2021-07-21,False
EVCM,409,2023-02-15,False
EVEX,1,2022-05-10,False
EVEX-WT,2,2024-12-11,False
EVGO,7,2020-12-02,False
EVGO,32,2021-01-08,False
EVGOW,1,2020-11-23,False
EVGOW,3,2020-11-25,False
EVH,1419,2021-08-23,False
EVH,1459,2021-10-19,False
EVH,1462,2021-10-22,False
EVHY,8,2023-10-31,False
EVIM,8,2023-10-31,False
EVLN,8,2024-02-21,False
EVLU,8,2024-09-18,False
EVLU,24,2024-10-10,False
EVLU,27,2024-10-15,False
EVLU,30,2024-10-18,False
EVLU,33,2024-10-23,False
EVLU,35,2024-10-25,False
EVLV,7,2020-10-01,False
EVLV,12,2020-10-08,False
EVLV,15,2020-10-13,False
EVLV,20,2020-10-21,False
EVLVW,1,2021-07-20,False
EVLVW,11,2021-08-03,False
EVMN,1,2025-11-07,False
EVMN,4,2025-11-12,False
EVMO,8,2025-08-14,False
EVMT,2,2022-04-28,False
EVMT,7,2022-05-05,False
EVMT,12,2022-05-12,False
EVMT,14,2022-05-16,False
EVMT,16,2022-05-18,False
EVMT,20,2022-05-24,False
EVMT,942,2026-01-28,False
EVMT,952,2026-02-11,False
EVNT,8,2021-09-30,False
EVNT,24,2021-10-22,False
EVNT,26,2021-10-26,False
EVO,1131,2021-01-13,False
EVOX,8,2025-12-15,False
EVPF,9,2026-03-18,False
EVPF,13,2026-03-24,False
EVPF,18,2026-03-31,False
EVR,1220,2020-11-05,False
EVR,1907,2023-08-02,False
EVR,2015,2024-01-05,False
EVR,2017,2024-01-09,False
EVSB,8,2023-10-31,False
EVSD,8,2024-06-28,False
EVSM,8,2024-04-05,False
EVTL,8,2020-11-12,False
EVTL,13,2020-11-19,False
EVTR,9,2024-04-08,False
EVTR,11,2024-04-10,False
EVTR,19,2024-04-22,False
EVTR,22,2024-04-25,False
EVUS,4,2023-02-08,False
EVUS,10,2023-02-16,False
EVUS,12,2023-02-21,False
EVUS,20,2023-03-03,False
EVUS,22,2023-03-07,False
EVUS,24,2023-03-09,False
EVX,995,2020-11-30,False
EVYM,8,2025-03-11,False
EVYM,12,2025-03-17,False
EVYM,20,2025-03-27,False
EW,2045,2024-02-20,False
EW,2066,2024-03-20,False
EWCZ,2,2021-08-09,False
EWCZ,4,2021-08-11,False
EWH,2209,2024-10-14,False
EWH,2216,2024-10-23,False
EWH,2218,2024-10-25,False
EWI,2322,2025-03-28,False
EWJ,2550,2026-02-25,False
EWJV,1752,2026-02-25,False
EWM,2540,2026-02-10,False
EWO,1281,2021-02-04,False
EWO,1292,2021-02-22,False
EWO,2380,2025-06-23,False
EWP,1253,2020-12-23,False
EWS,1244,2020-12-10,False
EWT,1281,2021-02-04,False
EWTX,1,2021-03-29,False
EWV,1664,2022-10-10,False
EWX,1272,2021-01-22,False
EWY,1250,2020-12-18,False
EWY,1272,2021-01-22,False
EWY,1281,2021-02-04,False
EWY,1750,2022-12-14,False
EWY,2540,2026-02-10,False
EWZ,1579,2022-04-11,False
EWZS,1024,2020-01-29,False
EWZS,1884,2023-06-29,False
EXC,2308,2025-03-10,False
EXC,2312,2025-03-14,False
EXE,1,2021-02-11,False
EXE,5,2021-02-18,False
EXE,8,2021-02-23,False
EXE,23,2021-03-16,False
EXEL,1934,2023-09-11,False
EXEL,2172,2024-08-21,False
EXEL,2179,2024-08-30,False
EXEL,2238,2024-11-22,False
EXEQ,5,2026-02-23,False
EXEQ,8,2026-02-26,False
EXEQ,11,2026-03-03,False
EXEQ,13,2026-03-05,False
EXEQ,18,2026-03-12,False
EXEQ,22,2026-03-18,False
EXEQ,24,2026-03-20,False
EXEQ,26,2026-03-24,False
EXEQ,28,2026-03-26,False
EXFY,1,2021-11-11,False
EXFY,3,2021-11-15,False
EXLS,2236,2024-11-20,False
EXLS,2238,2024-11-22,False
EXOD,1,2021-09-17,False
EXOZ,1,2024-11-14,False
EXP,2064,2024-03-18,False
EXPI,1128,2020-07-16,False
EXPO,1422,2021-08-26,False
EXPO,1437,2021-09-17,False
EXR,1343,2021-05-05,False
EXR,2017,2024-01-09,False
EXUS,6,2025-06-27,False
EXUS,15,2025-07-11,False
EXUS,19,2025-07-17,False
EXUS,22,2025-07-22,False
EXUS,28,2025-07-30,False
EXUS,31,2025-08-04,False
EXUS,33,2025-08-06,False
EYE,982,2021-09-22,False
EYEG,8,2023-12-28,False
EYEG,11,2024-01-04,False
EYEG,14,2024-01-25,False
EYEG,17,2024-02-02,False
EYEG,19,2024-02-08,False
EYEG,22,2024-02-13,False
EYEG,27,2024-02-27,False
EZA,2539,2026-02-09,False
EZBC,1,2024-01-12,False
EZBC,9,2024-01-25,False
EZET,1,2024-07-24,False
EZET,5,2024-07-30,False
EZGO,1,2021-01-27,False
EZJ,1074,2021-01-22,False
EZJ,2350,2026-02-24,False
EZM,2015,2024-01-05,False
EZMO,7,2025-10-27,False
EZMO,18,2025-11-11,False
EZMO,20,2025-11-13,False
EZMO,22,2025-11-17,False
EZMO,25,2025-11-20,False
EZMO,28,2025-11-25,False
EZPW,1370,2021-06-14,False
EZPW,1464,2021-10-26,False
EZPW,2056,2024-03-06,False
EZPZ,1,2025-02-21,False
EZPZ,10,2025-03-06,False
EZRA,2,2021-02-11,False
EZRO,4,2025-10-22,False
EZRO,7,2025-10-27,False
EZRO,15,2025-11-06,False
EZRO,19,2025-11-12,False
EZRO,25,2025-11-20,False
FA,4,2021-06-29,False
FA,13,2021-07-13,False
FAAR,1363,2022-03-21,False
FACT,2,2021-04-21,False
FACT,7,2021-04-28,False
FACT,10,2021-05-03,False
FACT,15,2021-05-10,False
FACT,21,2021-05-18,False
FACT,23,2021-05-20,False
FACT,26,2021-05-25,False
FACTU,8,2024-12-09,False
FACTW,1,2024-12-23,False
FAF,2015,2024-01-05,False
FAI,4,2024-11-27,False
FAI,7,2024-12-03,False
FAI,20,2024-12-20,False
FAI,22,2024-12-24,False
FAI,24,2024-12-27,False
FAI,171,2025-08-01,False
FAI,242,2025-11-11,False
FAN,1272,2021-01-22,False
FAN,1281,2021-02-04,False
FAN,2017,2024-01-09,False
FAPR,8,2021-04-29,False
FAPR,24,2021-05-21,False
FARX,8,2025-01-03,False
FAS,2019,2024-01-11,False
FAST,1506,2021-12-27,False
FAST,2043,2024-02-15,False
FAST,2411,2025-08-06,False
FATBB,1,2021-08-25,False
FATN,1,2025-04-09,False
FB,8,2025-07-09,False
FBCG,5,2020-06-11,False
FBCG,772,2023-06-29,False
FBCV,3,2020-06-09,False
FBCV,12,2020-06-22,False
FBDC,7,2025-07-10,False
FBDC,21,2025-07-30,False
FBDC,29,2025-08-11,False
FBGL,1,2025-02-07,False
FBIN,1354,2021-05-20,False
FBIN,2010,2023-12-28,False
FBIN,2015,2024-01-05,False
FBIZ,1316,2021-03-26,False
FBIZ,1545,2022-02-22,False
FBIZ,2017,2024-01-09,False
FBIZ,2163,2024-08-08,False
FBK,1139,2021-03-29,False
FBK,1837,2024-01-05,False
FBL,2,2022-12-15,False
FBL,6,2022-12-21,False
FBLA,1,2024-10-24,False
FBLA,8,2024-11-04,False
FBLA,23,2024-11-25,False
FBLA,26,2024-11-29,False
FBLG,1,2024-01-31,False
FBNC,1743,2022-12-05,False
FBNC,2166,2024-08-13,False
FBNC,2441,2025-09-18,False
FBOT,7,2023-06-22,False
FBOT,14,2023-07-03,False
FBOT,28,2023-07-24,False
FBT,1006,2020-01-02,False
FBT,1009,2020-01-07,False
FBT,2500,2025-12-11,False
FBTC,1,2024-01-12,False
FBTC,9,2024-01-25,False
FBUF,10,2024-04-25,False
FBUF,34,2024-05-30,False
FBY,1,2023-07-31,False
FBY,3,2023-08-02,False
FBY,7,2023-08-08,False
FBY,10,2023-08-11,False
FBY,12,2023-08-15,False
FBY,17,2023-08-22,False
FBY,19,2023-08-24,False
FBY,21,2023-08-28,False
FBYD,10,2021-05-25,False
FBYD,12,2021-05-28,False
FBYD,37,2021-07-07,False
FBYDW,1,2021-05-07,False
FBYDW,4,2021-05-12,False
FBYY,6,2025-10-29,False
FBYY,15,2025-11-11,False
FBYY,19,2025-11-17,False
FBYY,21,2025-11-19,False
FC,1398,2021-07-23,False
FCA,2216,2024-10-23,False
FCAP,1674,2023-08-11,False
FCBC,1315,2021-03-25,False
FCBC,1326,2021-04-12,False
FCBC,1742,2022-12-02,False
FCBC,1884,2023-06-29,False
FCBD,8,2025-01-03,False
FCCO,1703,2022-11-30,False
FCFS,1726,2022-11-09,False
FCFS,1734,2022-11-21,False
FCFY,8,2023-09-06,False
FCFY,17,2023-09-19,False
FCFY,19,2023-09-21,False
FCFY,22,2023-09-26,False
FCFY,26,2023-10-02,False
FCFY,104,2024-01-24,False
FCG,1461,2021-10-21,False
FCG,2090,2024-04-24,False
FCHL,1,2025-09-05,False
FCHL,3,2025-09-09,False
FCLD,1,2021-10-08,False
FCLD,6,2021-10-15,False
FCNCA,1673,2022-08-25,False
FCO,1799,2023-02-27,False
FCRS-U,8,2025-10-09,False
FCRS-U,27,2025-11-28,False
FCRS-WS,9,2025-12-01,False
FCRS-WS,11,2025-12-03,False
FCRS-WS,23,2025-12-19,False
FCRS-WS,25,2025-12-23,False
FCRX,8,2021-06-09,False
FCRX,15,2021-06-18,False
FCRX,21,2021-06-28,False
FCSH,8,2021-12-30,False
FCSH,21,2022-01-19,False
FCSH,27,2022-01-27,False
FCTE,7,2024-07-12,False
FCTE,25,2024-08-07,False
FCTE,29,2024-08-13,False
FCUS,3,2023-01-03,False
FCUS,7,2023-01-09,False
FCUS,489,2024-12-09,False
FCVT,1161,2021-02-02,False
FCXG,1,2026-02-20,False
FDAT,11,2023-05-05,False
FDAT,16,2023-05-12,False
FDBC,1782,2024-01-02,False
FDCF,4,2023-06-16,False
FDCF,8,2023-06-23,False
FDCF,10,2023-06-27,False
FDCF,12,2023-06-29,False
FDCF,33,2023-07-31,False
FDCF,37,2023-08-04,False
FDD,2323,2025-03-31,False
FDEC,8,2021-01-04,False
FDEC,24,2021-01-27,False
FDEC,26,2021-01-29,False
FDEC,28,2021-02-02,False
FDFF,10,2023-06-27,False
FDFF,12,2023-06-29,False
FDFF,35,2023-08-02,False
FDFF,38,2023-08-07,False
FDFF,143,2024-01-05,False
FDFF,382,2024-12-17,False
FDG,1,2020-04-03,False
FDG,4,2020-04-08,False
FDG,994,2024-03-15,False
FDIF,1,2023-06-21,False
FDIF,3,2023-06-23,False
FDIF,9,2023-07-03,False
FDIF,11,2023-07-06,False
FDIF,26,2023-07-27,False
FDIF,28,2023-07-31,False
FDIF,34,2023-08-08,False
FDIG,1,2022-04-22,False
FDIG,10,2022-05-05,False
FDIQ,2010,2023-12-28,False
FDIQ,2015,2024-01-05,False
FDIS,1903,2023-07-27,False
FDIV,1,2023-09-21,False
FDIV,4,2023-09-26,False
FDIV,8,2023-10-02,False
FDIV,13,2023-10-09,False
FDIV,16,2023-10-12,False
FDIV,26,2023-10-26,False
FDLS,2,2022-08-26,False
FDLS,6,2022-09-01,False
FDLS,10,2022-09-08,False
FDLS,13,2022-09-13,False
FDLS,18,2022-09-20,False
FDLS,25,2022-09-29,False
FDLS,27,2022-10-03,False
FDM,1293,2021-02-25,False
FDMT,2,2020-12-15,False
FDN,2257,2024-12-20,False
FDND,9,2024-04-04,False
FDND,15,2024-04-12,False
FDND,20,2024-04-19,False
FDND,24,2024-04-25,False
FDND,190,2024-12-20,False
FDP,2190,2024-09-17,False
FDRS,2,2025-12-31,False
FDRS,7,2026-01-08,False
FDRS,11,2026-01-14,False
FDRS,13,2026-01-16,False
FDRS,21,2026-01-29,False
FDRV,7,2021-10-18,False
FDRV,31,2021-11-19,False
FDRV,35,2021-11-26,False
FDRV,43,2021-12-08,False
FDRX,2,2026-01-16,False
FDRX,8,2026-01-27,False
FDSB,1,2024-08-02,False
FDSB,7,2024-08-12,False
FDSB,29,2024-09-12,False
FDSB,31,2024-09-16,False
FDSB,34,2024-09-19,False
FDT,1272,2021-01-22,False
FDT,2410,2025-08-05,False
FDTS,1814,2025-08-05,False
FDTX,4,2023-06-16,False
FDTX,8,2023-06-23,False
FDTX,10,2023-06-27,False
FDTX,12,2023-06-29,False
FDTX,33,2023-07-31,False
FDUS,1248,2020-12-16,False
FDUS,1335,2021-04-23,False
FDV,7,2022-11-28,False
FDV,15,2022-12-08,False
FDV,20,2022-12-15,False
FDV,24,2022-12-21,False
FDV,28,2022-12-28,False
FDX,1793,2023-02-16,False
FE,2193,2024-09-20,False
FEAC,7,2024-12-03,False
FEAC,15,2024-12-13,False
FEAC,17,2024-12-17,False
FEAC,24,2024-12-27,False
FEAM,1,2022-03-16,False
FEAT,1,2024-12-18,False
FEAT,6,2024-12-26,False
FEAT,13,2025-01-07,False
FEBM,13,2025-03-13,False
FEBM,16,2025-03-18,False
FEBM,30,2025-04-07,False
FEBO,2,2023-12-04,False
FEBO,12,2023-12-18,False
FEBP,8,2024-02-13,False
FEBT,5,2023-02-08,False
FEBT,8,2023-02-13,False
FEBT,13,2023-02-21,False
FEBT,20,2023-03-02,False
FEBT,25,2023-03-09,False
FEBU,8,2025-02-13,False
FEBU,19,2025-03-03,False
FEBU,22,2025-03-06,False
FEBU,24,2025-03-10,False
FEBU,26,2025-03-12,False
FEBU,29,2025-03-17,False
FEBW,8,2023-02-13,False
FEBW,14,2023-02-22,False
FEBW,20,2023-03-02,False
FEBW,27,2023-03-13,False
FEBZ,7,2021-02-10,False
FEBZ,14,2021-02-22,False
FEBZ,17,2021-02-25,False
FEBZ,21,2021-03-03,False
FEBZ,25,2021-03-09,False
FEDM,5,2021-09-28,False
FEDM,13,2021-10-08,False
FEDM,36,2021-11-10,False
FEGE,8,2025-01-03,False
FEGE,12,2025-01-10,False
FEIG,15,2021-10-12,False
FELC,8,2023-12-01,False
FELC,29,2024-01-03,False
FELC,31,2024-01-05,False
FELE,1672,2022-08-24,False
FELG,8,2023-12-01,False
FELG,11,2023-12-06,False
FELG,28,2024-01-02,False
FELG,32,2024-01-08,False
FELV,7,2023-11-30,False
FELV,35,2024-01-11,False
FELV,37,2024-01-16,False
FEMD,7,2026-02-05,False
FEMD,18,2026-02-23,False
FEMD,24,2026-03-03,False
FEMD,26,2026-03-05,False
FEMD,34,2026-03-17,False
FEMR,3,2024-11-26,False
FEMR,8,2024-12-04,False
FEMR,18,2024-12-18,False
FEMR,26,2024-12-31,False
FEMY,1,2021-06-21,False
FENI,8,2023-12-01,False
FENY,1469,2021-11-02,False
FENY,1472,2021-11-05,False
FENY,2090,2024-04-24,False
FEOE,8,2025-01-03,False
FEOE,12,2025-01-10,False
FEP,1270,2021-01-20,False
FEP,1272,2021-01-22,False
FEP,1274,2021-01-26,False
FEPI,2,2023-10-13,False
FEPI,5,2023-10-18,False
FEPI,7,2023-10-20,False
FEPI,10,2023-10-25,False
FEPI,14,2023-10-31,False
FERA,8,2025-05-01,False
FERAR,1,2025-04-22,False
FERAU,8,2025-03-11,False
FERG,1121,2024-01-05,False
FESM,1,2023-11-21,False
FESM,7,2023-11-30,False
FESM,35,2024-01-11,False
FESM,37,2024-01-16,False
FESM,39,2024-01-18,False
FETH,1,2024-07-24,False
FETH,5,2024-07-30,False
FEUS,5,2021-09-28,False
FEUS,9,2021-10-04,False
FEUS,13,2021-10-08,False
FEX,1274,2021-01-26,False
FEXD,8,2022-01-26,False
FFAI,8,2020-09-15,False
FFAI,28,2020-10-13,False
FFAI,31,2020-10-16,False
FFAI,36,2020-10-23,False
FFAIW,1,2025-03-11,False
FFBC,1733,2022-11-18,False
FFDI,7,2024-12-03,False
FFDI,17,2024-12-17,False
FFDI,26,2024-12-31,False
FFDI,28,2025-01-03,False
FFDI,32,2025-01-10,False
FFEB,1,2020-02-25,False
FFEB,6,2020-03-03,False
FFEB,8,2020-03-05,False
FFEM,8,2024-12-04,False
FFEM,21,2024-12-23,False
FFEM,26,2024-12-31,False
FFEM,28,2025-01-03,False
FFEM,36,2025-01-16,False
FFGX,7,2024-12-03,False
FFGX,17,2024-12-17,False
FFGX,26,2024-12-31,False
FFIC,1316,2021-03-26,False
FFIV,2296,2025-02-20,False
FFLC,3,2020-06-09,False
FFLC,9,2020-06-17,False
FFLC,12,2020-06-22,False
FFLG,8,2021-02-17,False
FFLG,11,2021-02-22,False
FFLG,13,2021-02-24,False
FFLG,17,2021-03-02,False
FFLG,25,2021-03-12,False
FFLG,782,2024-03-15,False
FFLS,2,2023-06-23,False
FFLS,8,2023-07-03,False
FFLS,10,2023-07-06,False
FFLS,14,2023-07-12,False
FFLS,25,2023-07-27,False
FFLS,27,2023-07-31,False
FFLV,7,2024-03-06,False
FFLV,27,2024-04-04,False
FFLV,31,2024-04-10,False
FFLV,37,2024-04-18,False
FFND,2,2021-08-26,False
FFND,8,2021-09-03,False
FFND,17,2021-09-17,False
FFND,20,2021-09-22,False
FFND,32,2021-10-08,False
FFOG,6,2023-11-14,False
FFOG,19,2023-12-04,False
FFOG,21,2023-12-06,False
FFOG,89,2024-03-15,False
FFOX,3,2025-06-13,False
FFOX,8,2025-06-23,False
FFSM,7,2021-02-16,False
FFSM,22,2021-03-09,False
FFSM,36,2021-03-29,False
FFUT,8,2025-06-17,False
FFUT,13,2025-06-25,False
FFUT,27,2025-07-16,False
FFUT,29,2025-07-18,False
FG,1,2022-11-23,False
FGBI,1452,2021-11-16,False
FGBI,1454,2021-11-18,False
FGBI,1545,2022-03-31,False
FGDL,2,2022-07-05,False
FGDL,9,2022-07-14,False
FGDL,14,2022-07-21,False
FGDL,458,2024-04-26,False
FGDL,838,2025-10-31,False
FGDL,840,2025-11-04,False
FGDL,842,2025-11-06,False
FGI,1,2022-01-26,False
FGII,8,2026-03-20,False
FGIIU,8,2026-01-28,False
FGIIW,1,2026-03-11,False
FGL,3,2024-10-28,False
FGMC,9,2025-02-25,False
FGMCR,2,2025-02-12,False
FGMCU,8,2025-02-10,False
FGMCU,27,2025-03-10,False
FGN,7,2023-12-21,False
FGN,19,2024-01-10,False
FGRU,1,2026-02-19,False
FGSI,7,2025-07-08,False
FGSI,27,2025-08-05,False
FGSI,29,2025-08-07,False
FGSI,31,2025-08-11,False
FGSI,37,2025-08-19,False
FGSM,4,2024-12-27,False
FGSM,8,2025-01-03,False
FGSM,12,2025-01-10,False
FGSM,14,2025-01-14,False
FGSM,34,2025-02-12,False
FGSN,8,2025-01-31,False
FGSN,15,2025-02-11,False
FGSN,17,2025-02-13,False
FGSN,22,2025-02-21,False
FGSN,37,2025-03-14,False
FHDG,8,2024-11-29,False
FHDG,21,2024-12-18,False
FHDG,23,2024-12-20,False
FHDG,29,2024-12-31,False
FHDG,36,2025-01-13,False
FHEQ,1,2024-04-12,False
FHEQ,10,2024-04-25,False
FHEQ,13,2024-04-30,False
FHEQ,34,2024-05-30,False
FHI,2434,2025-09-09,False
FHLC,1009,2020-01-07,False
FHN,1564,2022-03-21,False
FHN,2252,2024-12-13,False
FHN,2524,2026-01-16,False
FHN-P-H,10,2026-03-20,False
FHN-P-H,12,2026-03-24,False
FHTX,1,2020-10-26,False
FHTX,7,2020-11-03,False
FHYS,8,2021-12-30,False
FHYS,15,2022-01-10,False
FHYS,20,2022-01-18,False
FHYS,30,2022-02-01,False
FHYS,35,2022-02-08,False
FIAT,1,2024-07-11,False
FIAX,3,2022-12-05,False
FIAX,8,2022-12-12,False
FIBK,2015,2024-01-05,False
FICO,2033,2024-02-01,False
FICO,2173,2024-08-22,False
FICS,7,2020-12-28,False
FICS,27,2021-01-27,False
FICS,35,2021-02-08,False
FIDI,739,2020-12-23,False
FIG,1,2025-07-31,False
FIGB,10,2021-03-18,False
FIGG,1,2025-10-15,False
FIGR,1,2025-09-12,False
FIGR,96,2026-01-29,True
FIGS,2,2021-06-01,False
FIGX,8,2025-08-28,False
FIHL,3,2023-07-05,False
FIHL,14,2023-07-20,False
FIHL,16,2023-07-24,False
FIHL,25,2023-08-04,False
FIHL,200,2024-04-16,False
FIIG,8,2023-08-15,False
FIIG,14,2023-08-23,False
FIIG,27,2023-09-12,False
FIIG,29,2023-09-14,False
FILL,8,2020-03-23,False
FINT,2,2024-12-24,False
FINT,8,2025-01-03,False
FINT,10,2025-01-07,False
FINT,12,2025-01-10,False
FINT,14,2025-01-14,False
FINW,2,2021-11-23,False
FINW,6,2021-11-30,False
FINW,8,2021-12-02,False
FINW,46,2022-01-27,False
FINW,942,2025-08-25,False
FINX,1814,2024-01-09,False
FINX,1822,2024-01-22,False
FINX,2051,2024-12-17,False
FIP,1,2022-07-21,False
FIS,2084,2024-04-16,False
FISI,2164,2024-08-09,False
FITB,2027,2024-01-24,False
FITBM,8,2026-02-12,False
FITBM,18,2026-02-27,False
FITBM,20,2026-03-03,False
FITBM,26,2026-03-11,False
FITBM,30,2026-03-17,False
FITE,779,2021-02-02,False
FIVG,1239,2024-02-02,False
FIVG,1627,2025-08-21,False
FIVG,1629,2025-08-25,False
FIVY,1,2024-12-18,False
FIVY,6,2024-12-26,False
FIVY,13,2025-01-07,False
FIX,1490,2021-12-02,False
FIX,2063,2024-03-15,False
FIX,2065,2024-03-19,False
FIX,2420,2025-08-19,False
FIXP,8,2025-02-04,False
FIXP,34,2025-03-13,False
FIXT,8,2025-06-27,False
FIXT,21,2025-07-17,False
FIZZ,2149,2024-07-19,False
FJAN,6,2021-01-27,False
FJAN,8,2021-01-29,False
FJAN,11,2021-02-03,False
FJAN,24,2021-02-23,False
FJAN,26,2021-02-25,False
FJAN,30,2021-03-03,False
FJET,1,2025-12-19,False
FJIKY,1,2025-01-24,False
FJUL,8,2020-07-30,False
FJUL,35,2020-09-08,False
FJUL,37,2020-09-10,False
FJUN,2,2020-06-24,False
FJUN,4,2020-06-26,False
FJUN,8,2020-07-02,False
FKU,2380,2025-06-23,False
FKWL,2166,2024-08-13,False
FLAG,2,2025-04-21,False
FLAG,6,2025-04-25,False
FLAG,20,2025-05-15,False
FLAG,26,2025-05-23,False
FLAG,31,2025-06-02,False
FLAO,9,2024-04-12,False
FLAO,18,2024-04-25,False
FLCC,1,2024-08-01,False
FLCC,9,2024-08-13,False
FLCC,25,2024-09-05,False
FLCE,4,2024-12-27,False
FLCE,8,2025-01-03,False
FLCE,12,2025-01-10,False
FLCE,14,2025-01-14,False
FLCE,34,2025-02-12,False
FLCG,1,2024-08-01,False
FLCG,9,2024-08-13,False
FLCG,23,2024-09-03,False
FLCG,25,2024-09-05,False
FLCH,1751,2024-10-23,False
FLCV,1,2024-08-01,False
FLCV,9,2024-08-13,False
FLCV,31,2024-09-13,False
FLD,8,2022-02-22,False
FLDB,8,2024-03-07,False
FLDZ,2,2022-01-05,False
FLDZ,8,2022-01-13,False
FLDZ,15,2022-01-25,False
FLDZ,19,2022-01-31,False
FLEX,2406,2025-07-30,False
FLG,1316,2021-03-26,False
FLG-P-U,4,2024-10-29,False
FLG-P-U,6,2024-10-31,False
FLG-P-U,8,2024-11-04,False
FLG-P-U,16,2024-11-14,False
FLG-P-U,24,2024-11-26,False
FLGV,8,2020-06-25,False
FLJJ,8,2024-02-13,False
FLJP,2075,2026-02-27,False
FLKR,670,2020-07-17,False
FLKR,778,2020-12-18,False
FLKR,800,2021-01-22,False
FLKR,809,2021-02-04,False
FLKR,2068,2026-02-10,False
FLLA,525,2020-12-23,False
FLMX,679,2021-01-20,False
FLNC,3,2021-11-02,False
FLNC,9,2021-11-10,False
FLOC,3,2025-01-22,False
FLOC,9,2025-01-30,False
FLOC,13,2025-02-05,False
FLOC,15,2025-02-07,False
FLOC,21,2025-02-18,False
FLOW,2,2023-07-14,False
FLOW,7,2023-07-21,False
FLOW,27,2023-08-18,False
FLOW,33,2023-08-28,False
FLRG,1,2020-09-18,False
FLRG,4,2020-09-23,False
FLRG,8,2020-09-29,False
FLRG,26,2020-10-23,False
FLRG,33,2020-11-03,False
FLSP,7,2020-01-03,False
FLSP,14,2020-01-14,False
FLSP,17,2020-01-17,False
FLTW,681,2020-08-11,False
FLTW,799,2021-01-29,False
FLTW,803,2021-02-04,False
FLUD,8,2020-07-28,False
FLUT,2205,2024-10-08,False
FLUX,1,2020-08-17,False
FLV,1,2020-04-03,False
FLV,4,2020-04-08,False
FLV,26,2020-05-11,False
FLV,30,2020-05-15,False
FLWS,1051,2020-03-09,False
FLX,2,2024-10-07,False
FLXN,8,2025-07-16,False
FLXR,8,2024-07-05,False
FLXS,1806,2023-03-08,False
FLY,1,2025-08-08,False
FLYD,1,2022-06-23,False
FLYE,1,2024-06-07,False
FLYT,1,2025-10-24,False
FLYT,3,2025-10-28,False
FLYU,1,2022-06-23,False
FLYW,1,2021-05-27,False
FLYW,13,2021-06-15,False
FLYW,896,2024-12-17,False
FLYX,1,2021-07-20,False
FLYX,9,2021-08-27,False
FLYX,11,2021-09-01,False
FLYX,13,2021-09-03,False
FLYX-WT,1,2024-12-10,False
FMAG,8,2021-02-17,False
FMAG,14,2021-02-25,False
FMAG,17,2021-03-02,False
FMAG,22,2021-03-09,False
FMAG,25,2021-03-12,False
FMAO,907,2020-01-17,False
FMAO,915,2020-01-30,False
FMAR,8,2021-04-01,False
FMAT,1270,2021-01-20,False
FMAY,8,2020-05-29,False
FMAY,20,2020-06-16,False
FMAY,24,2020-06-22,False
FMAY,28,2020-06-26,False
FMBH,1320,2021-04-19,False
FMBH,2152,2024-08-09,False
FMCE,8,2024-11-21,False
FMCE,19,2024-12-09,False
FMCE,25,2024-12-17,False
FMCE,31,2024-12-26,False
FMCE,33,2024-12-30,False
FMCX,1,2022-04-26,False
FMCX,4,2022-04-29,False
FMCX,8,2022-05-05,False
FMCX,15,2022-05-16,False
FMCX,17,2022-05-18,False
FMDE,7,2023-11-30,False
FMDE,29,2024-01-03,False
FMDE,31,2024-01-05,False
FMDE,35,2024-01-11,False
FMDE,37,2024-01-16,False
FMED,2,2023-06-14,False
FMED,8,2023-06-23,False
FMED,14,2023-07-03,False
FMED,16,2023-07-06,False
FMET,3,2022-04-26,False
FMET,8,2022-05-03,False
FMET,10,2022-05-05,False
FMET,17,2022-05-16,False
FMET,19,2022-05-18,False
FMFC,1,2025-06-26,False
FMIL,5,2020-06-09,False
FMIL,11,2020-06-17,False
FMIL,14,2020-06-22,False
FMKT,7,2025-06-20,False
FMNB,2015,2024-01-05,False
FMNY,8,2021-05-25,False
FMNY,29,2021-06-24,False
FMQQ,4,2021-10-04,False
FMQQ,8,2021-10-08,False
FMQQ,11,2021-10-13,False
FMQQ,23,2021-10-29,False
FMQQ,26,2021-11-03,False
FMS,1804,2023-03-06,False
FMS,1808,2023-03-10,False
FMTL,4,2025-11-11,False
FMTL,6,2025-11-13,False
FMTL,14,2025-11-25,False
FMTL,65,2026-02-10,False
FMTM,6,2025-03-28,False
FMTM,8,2025-04-01,False
FMTM,17,2025-04-14,False
FMUB,8,2025-04-17,False
FMUB,14,2025-04-28,False
FMUN,1,2025-04-08,False
FMUN,9,2025-04-21,False
FMX,1745,2022-12-07,False
FMX,1749,2022-12-13,False
FMX,1802,2023-03-02,False
FMX,1883,2023-06-28,False
FMX,2322,2025-03-28,False
FN,1279,2021-02-02,False
FN,1750,2022-12-14,False
FNCL,2019,2024-01-11,False
FNCL,2021,2024-01-16,False
FND,1081,2021-08-11,False
FNDA,2015,2024-01-05,False
FNDC,1272,2021-01-22,False
FNDE,1272,2021-01-22,False
FNDF,1272,2021-01-22,False
FNF,1792,2023-02-15,False
FNF,2015,2024-01-05,False
FNF,2020,2024-01-12,False
FNGB,1,2025-02-21,False
FNGG,2,2021-10-04,False
FNGG,6,2021-10-08,False
FNGG,437,2023-06-28,False
FNGO,302,2020-01-31,False
FNGS,318,2021-02-24,False
FNGS,816,2023-02-15,False
FNGS,907,2023-06-28,False
FNGU,1,2025-02-21,False
FNK,2013,2024-01-05,False
FNUC,1,2021-11-22,False
FNV,2459,2025-10-14,False
FNWB,1543,2022-02-17,False
FNWD,2160,2024-08-05,False
FNX,1274,2021-01-26,False
FNX,1279,2021-02-02,False
FNX,2015,2024-01-05,False
FOCT,5,2020-10-26,False
FOCT,7,2020-10-28,False
FOCT,9,2020-10-30,False
FOCT,11,2020-11-03,False
FOFO,1,2025-09-15,False
FONR,1576,2022-04-06,False
FOPC,8,2025-01-03,False
FOR,1852,2023-05-16,False
FOR,1877,2023-06-22,False
FOR,1913,2023-08-14,False
FOR,1915,2023-08-16,False
FOR,1921,2023-08-24,False
FOR,2008,2023-12-28,False
FORA,1,2021-03-04,False
FORH,7,2021-05-10,False
FORH,9,2021-05-12,False
FORH,11,2021-05-14,False
FORH,15,2021-05-20,False
FORH,37,2021-06-22,False
FORH,39,2021-06-24,False
FORL,8,2023-05-26,False
FORL,25,2023-06-22,False
FORL,27,2023-06-26,False
FORL,34,2023-07-06,False
FORM,1028,2020-02-04,False
FORM,1253,2020-12-23,False
FORM,1799,2023-02-27,False
FORM,1803,2023-03-03,False
FORR,1006,2020-01-02,False
FORR,1009,2020-01-07,False
FORR,1482,2021-11-19,False
FOUR,3,2020-06-10,False
FOUR-PA,6,2025-05-09,False
FOUR-PA,18,2025-05-28,False
FOUR-PA,34,2025-06-23,False
FOWF,6,2024-12-27,False
FOWF,15,2025-01-13,False
FOWF,31,2025-02-05,False
FOX,1380,2024-09-05,False
FOX,1382,2024-09-09,False
FOXA,1383,2024-09-09,False
FOXF,1292,2021-02-22,False
FOXF,1493,2021-12-07,False
FOXO,8,2021-02-10,False
FOXO,21,2021-03-02,False
FOXO,28,2021-03-11,False
FOXO,30,2021-03-15,False
FOXX,8,2022-08-18,False
FOXXW,1,2022-08-04,False
FOXY,6,2025-02-12,False
FOXY,8,2025-02-14,False
FOXY,13,2025-02-24,False
FPA,1218,2021-02-03,False
FPA,2419,2026-03-09,False
FPAG,7,2021-12-29,False
FPAG,14,2022-01-07,False
FPAG,20,2022-01-18,False
FPAG,22,2022-01-20,False
FPAG,25,2022-01-25,False
FPAG,29,2022-01-31,False
FPAS,8,2024-11-13,False
FPAS,32,2024-12-18,False
FPAS,34,2024-12-20,False
FPAS,37,2024-12-26,False
FPFD,8,2021-06-29,False
FPI,1254,2020-12-24,False
FPI,2559,2026-03-10,False
FPI,2564,2026-03-17,False
FPRO,8,2021-02-17,False
FPRO,17,2021-03-02,False
FPRO,22,2021-03-09,False
FPS,1,2026-02-06,False
FR,2019,2024-01-11,False
FRAF,1990,2023-11-29,False
FRD,1256,2020-12-29,False
FRD,2443,2025-09-22,False
FRDD,2,2025-07-25,False
FRDD,6,2025-07-31,False
FRDD,14,2025-08-12,False
FRDD,20,2025-08-20,False
FRDD,22,2025-08-22,False
FRDD,27,2025-08-29,False
FRDM,420,2021-01-22,False
FRDM,423,2021-01-27,False
FRDU,1,2025-07-24,False
FRDU,3,2025-07-28,False
FRDU,9,2025-08-05,False
FREL,2015,2024-01-05,False
FRGN,7,2025-12-12,False
FRHC,655,2020-09-15,False
FRHC,665,2020-09-29,False
FRHC,667,2020-10-01,False
FRHC,1699,2024-11-07,False
FRIZ,7,2025-09-10,False
FRIZ,20,2025-09-29,False
FRIZ,34,2025-10-17,False
FRME,2015,2024-01-05,False
FRMEP,5,2020-08-25,False
FRMEP,7,2020-08-27,False
FRMEP,14,2020-09-08,False
FRMEP,21,2020-09-17,False
FRMI,1,2025-10-02,False
FRNW,1,2021-10-08,False
FRNW,5,2021-10-14,False
FRNW,26,2021-11-12,False
FRNW,30,2021-11-18,False
FRNW,32,2021-11-22,False
FRO,1017,2020-01-17,False
FROG,3,2020-09-21,False
FROG,19,2020-10-13,False
FRPT,2064,2024-03-18,False
FRSH,2,2021-09-24,False
FRSH,7,2021-10-01,False
FRST,2409,2025-08-04,False
FRT,1315,2021-03-25,False
FRTY,1,2021-03-02,False
FRTY,9,2021-03-12,False
FRTY,19,2021-03-26,False
FRTY,23,2021-04-01,False
FRTY,764,2024-03-13,False
FRTY,954,2024-12-12,False
FRWD,1,2026-01-14,False
FRWD,4,2026-01-20,False
FRWD,7,2026-01-23,False
FRWD,18,2026-02-09,False
FRWD,20,2026-02-11,False
FRWD,23,2026-02-17,False
FSBW,1304,2021-03-26,False
FSBW,1743,2022-12-21,False
FSBW,1748,2022-12-29,False
FSCC,1,2024-08-01,False
FSCC,9,2024-08-13,False
FSCO,1,2022-11-15,False
FSCO,14,2022-12-05,False
FSCS,889,2021-01-04,False
FSCS,1645,2024-01-05,False
FSEC,8,2021-03-16,False
FSEP,2,2020-09-23,False
FSEP,7,2020-09-30,False
FSEP,25,2020-10-26,False
FSEP,27,2020-10-28,False
FSEP,31,2020-11-03,False
FSGS,903,2021-01-27,False
FSHP,8,2024-08-27,False
FSHPR,3,2024-08-19,False
FSHPU,8,2024-07-01,False
FSIG,8,2021-12-02,False
FSIG,33,2022-01-19,False
FSK,1317,2021-03-29,False
FSLR,1697,2022-09-29,False
FSM,2088,2024-04-22,False
FSMD,486,2021-02-02,False
FSML,1,2025-12-12,False
FSML,4,2025-12-17,False
FSML,9,2025-12-24,False
FSML,12,2025-12-30,False
FSML,33,2026-01-30,False
FSML,35,2026-02-03,False
FSOL,1,2025-11-19,False
FSOL,5,2025-11-25,False
FSS,1742,2022-12-02,False
FSSL,1,2025-11-14,False
FSSL,9,2025-11-26,False
FSTR,1665,2022-08-15,False
FSTR,1927,2023-08-30,False
FSTR,1930,2023-09-05,False
FSV,1159,2020-08-11,False
FSYD,8,2022-03-02,False
FSYD,11,2022-03-07,False
FSYD,14,2022-03-10,False
FSYD,19,2022-03-17,False
FTAG,2107,2026-02-25,False
FTAG,2110,2026-03-02,False
FTAI,1009,2020-01-07,False
FTAI,1011,2020-01-09,False
FTAI,2041,2024-02-13,False
FTAI,2045,2024-02-20,False
FTAI,2540,2026-02-10,False
FTAIN,8,2021-03-30,False
FTAIN,35,2021-05-07,False
FTAIN,37,2021-05-11,False
FTBD,6,2023-02-03,False
FTBD,8,2023-02-07,False
FTBD,17,2023-02-21,False
FTBD,24,2023-03-02,False
FTBI,8,2025-06-10,False
FTCA,8,2025-11-06,False
FTCA,30,2025-12-09,False
FTCB,8,2023-11-20,False
FTCE,7,2024-10-14,False
FTCE,16,2024-10-25,False
FTCE,19,2024-10-30,False
FTCE,23,2024-11-05,False
FTCI,1,2021-04-29,False
FTCI,7,2021-05-07,False
FTDR,1505,2024-09-09,False
FTDR,1698,2025-06-17,False
FTDS,1042,2021-02-04,False
FTEL,1,2023-08-09,False
FTGC,1564,2022-03-21,False
FTGS,5,2022-11-02,False
FTGS,8,2022-11-07,False
FTGS,30,2022-12-08,False
FTGS,34,2022-12-14,False
FTHB,8,2026-03-03,False
FTHB,21,2026-03-20,False
FTHB,26,2026-03-27,False
FTHF,4,2023-11-06,False
FTHF,23,2023-12-04,False
FTHF,25,2023-12-06,False
FTHF,28,2023-12-11,False
FTHF,424,2025-07-14,False
FTHM,1,2020-08-03,False
FTHY,7,2020-07-08,False
FTHY,26,2020-08-04,False
FTI,2084,2024-04-18,False
FTI,2086,2024-04-22,False
FTI,2088,2024-04-24,False
FTI,2557,2026-03-10,False
FTIF,1,2023-03-15,False
FTIF,6,2023-03-22,False
FTIF,8,2023-03-24,False
FTIF,23,2023-04-17,False
FTII,8,2022-04-21,False
FTKI,2,2025-03-03,False
FTKI,11,2025-03-14,False
FTKI,16,2025-03-21,False
FTKI,19,2025-03-26,False
FTLF,1187,2020-09-21,False
FTLF,1428,2021-09-03,False
FTLF,1430,2021-09-08,False
FTLF,1450,2021-10-06,False
FTLF,1696,2022-09-28,False
FTMA,8,2025-11-20,False
FTMA,10,2025-11-24,False
FTMA,21,2025-12-10,False
FTMH,8,2025-11-06,False
FTMH,32,2025-12-11,False
FTMN,8,2025-11-20,False
FTMS,8,2025-11-06,False
FTMU,8,2025-11-06,False
FTMU,30,2025-12-09,False
FTMU,32,2025-12-11,False
FTNJ,8,2025-11-20,False
FTNT,1432,2021-09-10,False
FTNT,2238,2024-11-22,False
FTNY,9,2025-11-07,False
FTOH,8,2025-11-20,False
FTPA,8,2025-11-20,False
FTRB,9,2024-01-18,False
FTRB,15,2024-01-26,False
FTRB,32,2024-02-21,False
FTRE,4,2023-06-23,False
FTRE,18,2023-07-14,False
FTRI,1155,2020-12-24,False
FTRI,1447,2022-02-23,False
FTRK,1,2025-05-27,False
FTW,8,2024-10-09,False
FTW-U,8,2025-11-13,False
FTW-WS,8,2025-11-10,False
FTWO,2,2023-09-05,False
FTWO,8,2023-09-13,False
FTWO,10,2023-09-15,False
FTWO,14,2023-09-21,False
FTWO,17,2023-09-26,False
FTWO,20,2023-09-29,False
FTWO,25,2023-10-06,False
FTWO,182,2024-05-22,False
FTXH,1655,2024-02-05,False
FTXN,1747,2024-04-24,False
FTXO,1824,2024-01-22,False
FTXR,1424,2023-08-08,False
FUFU,8,2021-12-21,False
FUFUW,1,2024-02-27,False
FULT,2015,2024-01-05,False
FULT,2017,2024-01-09,False
FUN,2146,2024-07-16,False
FUNC,1735,2022-12-08,False
FUNC,2007,2024-01-11,False
FUNC,2011,2024-01-18,False
FUNC,2155,2024-08-14,False
FUND,1292,2021-02-22,False
FUSB,983,2020-01-13,False
FUSE,8,2022-03-17,False
FUSI,8,2023-03-28,False
FUTG,1,2025-10-15,False
FV,1279,2021-02-02,False
FVAV,8,2026-03-09,False
FVC,1227,2021-02-02,False
FVCB,2356,2026-02-23,False
FVN,8,2024-11-14,False
FVNNU,9,2024-09-24,False
FVR,3,2024-10-04,False
FVR,7,2024-10-10,False
FVR,12,2024-10-17,False
FVR,22,2024-10-31,False
FVR,24,2024-11-04,False
FVR,26,2024-11-06,False
FWD,7,2023-03-30,False
FWD,18,2023-04-17,False
FWD,28,2023-05-01,False
FWD,32,2023-05-05,False
FWD,250,2024-03-19,False
FWD,664,2025-11-11,False
FWRG,1,2021-10-04,False
FWRG,4,2021-10-07,False
FWRG,9,2021-10-14,False
FWRG,20,2021-10-29,False
FWRG,26,2021-11-08,False
FXD,2015,2024-01-05,False
FXED,9,2021-01-14,False
FXED,37,2021-02-25,False
FXN,1472,2021-11-05,False
FXN,2090,2024-04-24,False
FXNC,841,2021-01-28,False
FXNC,1736,2024-12-20,False
FXO,2021,2024-01-16,False
FXZ,2537,2026-02-05,False
FYC,1277,2021-01-29,False
FYC,1279,2021-02-02,False
FYC,1297,2021-03-01,False
FYEE,1,2024-04-12,False
FYEE,10,2024-04-25,False
FYLD,1269,2021-01-22,False
FYT,2015,2024-01-05,False
FYX,1295,2021-02-25,False
FYX,2015,2024-01-05,False
G,2303,2025-03-03,False
GABC,1316,2021-03-26,False
GABC,1320,2021-04-01,False
GABC,1325,2021-04-09,False
GABC,1330,2021-04-16,False
GABC,2015,2024-01-05,False
GABC,2239,2024-11-25,False
GABF,7,2022-05-18,False
GAEM,8,2024-08-23,False
GAID,8,2026-01-05,False
GAID,22,2026-01-26,False
GAID,26,2026-01-30,False
GAID,34,2026-02-11,False
GAIN,1260,2021-01-05,False
GAIN,1318,2021-03-30,False
GAIN,1344,2021-05-06,False
GAIN,1489,2021-12-01,False
GAIN,1494,2021-12-08,False
GAING,8,2026-03-03,False
GAINI,8,2024-12-31,False
GAINI,36,2025-02-12,False
GALDY,5,2024-07-15,False
GALDY,8,2024-07-18,False
GALDY,13,2024-07-25,False
GALDY,19,2024-08-02,False
GALDY,43,2024-09-06,False
GALDY,46,2024-09-11,False
GAMB,2,2021-07-27,False
GAMB,6,2021-08-02,False
GAMR,1110,2020-08-20,False
GAMR,2338,2025-07-14,False
GANX,1,2021-03-19,False
GANX,3,2021-03-23,False
GAPR,8,2023-05-04,False
GARA,8,2026-01-05,False
GARP,5,2020-01-24,False
GARP,10,2020-01-31,False
GARY,7,2026-01-02,False
GARY,34,2026-02-11,False
GASS,2527,2026-01-22,False
GASS,2565,2026-03-18,False
GAST,2,2022-01-07,False
GAST,8,2022-01-18,False
GAST,13,2022-01-25,False
GAST,16,2022-01-28,False
GAST,18,2022-02-01,False
GATE,8,2021-12-03,False
GATX,1579,2022-04-11,False
GATX,2035,2024-02-05,False
GAUD,8,2026-01-05,False
GAUD,25,2026-01-29,False
GAUG,8,2023-08-31,False
GAUG,18,2023-09-15,False
GAUG,22,2023-09-21,False
GAUG,26,2023-09-27,False
GAUG,28,2023-09-29,False
GAUG,30,2023-10-03,False
GAUG,32,2023-10-05,False
GAUZ,1,2024-06-07,False
GAUZ,5,2024-06-13,False
GAVA,1,2026-03-13,False
GAVA,3,2026-03-17,False
GAVA,15,2026-04-02,False
GBCI,1316,2021-03-26,False
GBDC,1193,2020-09-29,False
GBHI,8,2025-11-28,False
GBLI,1032,2020-02-10,False
GBLI,1241,2020-12-07,False
GBLI,1780,2023-01-30,False
GBND,8,2025-07-09,False
GBND,14,2025-07-17,False
GBTG,2,2022-06-02,False
GBTG,635,2024-12-09,False
GBTG,833,2025-09-25,False
GBUG,1,2025-02-21,False
GBUG,5,2025-02-27,False
GBUG,9,2025-03-05,False
GBXA,8,2025-01-15,False
GBXA,37,2025-02-27,False
GCAD,3,2023-01-09,False
GCAD,6,2023-01-12,False
GCAD,8,2023-01-17,False
GCAD,16,2023-01-27,False
GCAD,252,2024-01-05,False
GCAD,617,2025-06-23,False
GCAD,770,2026-01-30,False
GCAL,8,2024-08-06,False
GCBC,1556,2022-04-06,False
GCC,1563,2022-03-18,False
GCDT,1,2026-01-12,False
GCL,8,2022-05-02,False
GCL,19,2022-05-17,False
GCLWW,1,2025-02-11,False
GCOR,8,2020-09-22,False
GCT,1,2022-08-19,False
GCTS,1,2024-03-25,False
GCTS-WT,1,2024-12-10,False
GDDY,2121,2024-06-07,False
GDDY,2259,2024-12-24,False
GDDY,2261,2024-12-27,False
GDDY,2265,2025-01-03,False
GDE,7,2022-03-28,False
GDE,20,2022-04-14,False
GDE,22,2022-04-19,False
GDE,24,2022-04-21,False
GDE,910,2025-10-31,False
GDEC,8,2023-12-29,False
GDEC,10,2024-01-03,False
GDEV,8,2020-10-15,False
GDEV,21,2020-11-03,False
GDFN,4,2025-10-01,False
GDFN,7,2025-10-06,False
GDFN,13,2025-10-14,False
GDFN,20,2025-10-23,False
GDFN,22,2025-10-27,False
GDFN,28,2025-11-04,False
GDHG,5,2023-04-19,False
GDHG,11,2023-04-27,False
GDIV,7,2022-06-02,False
GDIV,17,2022-06-16,False
GDIV,20,2022-06-22,False
GDIV,22,2022-06-24,False
GDMN,2,2021-12-20,False
GDMN,7,2021-12-28,False
GDMN,19,2022-01-13,False
GDMN,32,2022-02-02,False
GDOC,1,2021-11-10,False
GDOC,9,2021-11-22,False
GDOC,12,2021-11-26,False
GDOC,14,2021-11-30,False
GDOC,17,2021-12-03,False
GDOC,21,2021-12-09,False
GDOG,3,2025-11-28,False
GDOG,7,2025-12-04,False
GDRX,1,2020-09-24,False
GDST,8,2022-04-27,False
GDSTR,1,2025-04-28,False
GDT,4,2026-01-28,False
GDT,10,2026-02-05,False
GDTC,1,2023-04-14,False
GDTC,11,2023-04-28,False
GDXD,2,2020-12-07,False
GDXD,6,2020-12-11,False
GDXU,1,2020-12-04,False
GDXU,3,2020-12-08,False
GDXW,1,2025-10-31,False
GDXW,6,2025-11-07,False
GDXY,1,2024-05-22,False
GDXY,5,2024-05-29,False
GDXY,9,2024-06-04,False
GDXY,12,2024-06-07,False
GDXY,15,2024-06-12,False
GE,1254,2020-12-24,False
GECC,1934,2023-09-11,False
GECCG,8,2025-09-24,False
GECCG,20,2025-10-10,False
GECCG,22,2025-10-14,False
GECCH,8,2024-10-08,False
GEHC,1,2022-12-16,False
GEHC,8,2022-12-28,False
GEHC,317,2024-03-22,False
GEHC,322,2024-04-01,False
GELS,1,2024-10-30,False
GEMD,2,2022-02-22,False
GEMD,6,2022-02-28,False
GEMD,9,2022-03-03,False
GEMD,18,2022-03-16,False
GEME,2,2025-01-27,False
GEME,8,2025-02-04,False
GEME,27,2025-03-04,False
GEME,29,2025-03-06,False
GEME,31,2025-03-10,False
GEMG,1,2025-11-06,False
GEMI,1,2025-09-12,False
GEN,1047,2020-03-03,False
GEN,1378,2021-06-24,False
GEN,1382,2021-06-30,False
GEN,2013,2024-01-03,False
GEN,2017,2024-01-09,False
GENB,1,2026-02-27,False
GEND,6,2025-01-22,False
GEND,16,2025-02-05,False
GEND,19,2025-02-10,False
GENI,1,2020-10-06,False
GENI,9,2020-10-16,False
GENI,26,2020-11-10,False
GENI,33,2020-11-19,False
GENK,1,2023-06-29,False
GENM,8,2024-06-04,False
GENT,8,2024-06-04,False
GENVR,2,2025-04-22,False
GENW,7,2025-01-23,False
GENW,16,2025-02-05,False
GEO,2093,2024-04-29,False
GEOA,10,2025-07-22,False
GEOA,22,2025-08-07,False
GEOA,24,2025-08-11,False
GEOA,35,2025-08-26,False
GETY,5,2020-09-28,False
GETY,7,2020-09-30,False
GETY,10,2020-10-05,False
GETY,13,2020-10-08,False
GETY,16,2020-10-13,False
GETY,21,2020-10-20,False
GETY,26,2020-10-27,False
GEV,1,2024-03-28,False
GEV,3,2024-04-02,False
GEV,8,2024-04-09,False
GEV,345,2025-08-13,False
GEVG,1,2025-12-17,False
GEVX,4,2025-07-17,False
GEW,7,2025-10-03,False
GEW,14,2025-10-14,False
GEW,17,2025-10-17,False
GEW,20,2025-10-22,False
GEW,32,2025-11-07,False
GEW,36,2025-11-13,False
GFAI,3,2021-08-09,False
GFEB,8,2023-03-03,False
GFEB,18,2023-03-17,False
GFF,1903,2023-07-27,False
GFF,1905,2023-07-31,False
GFF,2062,2024-03-14,False
GFGF,1,2021-12-17,False
GFGF,6,2021-12-27,False
GFGF,19,2022-01-13,False
GFGF,26,2022-01-25,False
GFI,2299,2025-02-25,False
GFL,2,2020-03-05,False
GFL,1202,2024-12-10,False
GFLW,3,2024-12-09,False
GFLW,9,2024-12-17,False
GFLW,16,2024-12-27,False
GFLW,22,2025-01-07,False
GFLW,24,2025-01-10,False
GFLW,26,2025-01-14,False
GFR,7,2021-12-22,False
GFR,25,2022-01-19,False
GFS,1,2021-10-29,False
GGG,1212,2020-10-26,False
GGLL,1,2022-09-08,False
GGLL,3,2022-09-12,False
GGLL,9,2022-09-20,False
GGLL,15,2022-09-28,False
GGLL,767,2025-09-29,False
GGLS,1,2022-09-09,False
GGLS,5,2022-09-15,False
GGLS,20,2022-10-06,False
GGLS,31,2022-10-21,False
GGOV,8,2025-07-09,False
GGR,10,2021-03-15,False
GGR,18,2021-03-25,False
GGROW,2,2021-03-03,False
GGRP,1,2021-07-02,False
GGRW,2,2021-02-18,False
GGRW,6,2021-02-24,False
GGRW,10,2021-03-02,False
GGRW,16,2021-03-10,False
GGRW,18,2021-03-12,False
GGRW,775,2024-03-15,False
GGT,1321,2021-04-05,False
GGT,1890,2023-07-10,False
GGTL,2,2022-01-07,False
GGTL,8,2022-01-18,False
GGTL,13,2022-01-25,False
GGTL,16,2022-01-28,False
GGTL,18,2022-02-01,False
GGUS,7,2023-12-11,False
GGUS,21,2024-01-02,False
GGUS,24,2024-01-05,False
GGUS,26,2024-01-09,False
GGZ,1192,2020-09-28,False
GGZ,2015,2024-01-05,False
GH,585,2021-02-02,False
GHLD,1,2020-10-23,False
GHLD,5,2020-10-29,False
GHLD,9,2020-11-04,False
GHLD,18,2020-11-17,False
GHLD,23,2020-11-24,False
GHLD,25,2020-11-27,False
GHM,1809,2023-03-13,False
GHM,1811,2023-03-15,False
GHM,1820,2023-03-28,False
GHM,2396,2025-07-17,False
GHM,2398,2025-07-21,False
GHRS,1,2021-06-28,False
GHRS,11,2021-07-13,False
GHTA,10,2021-12-01,False
GHTA,13,2021-12-06,False
GHTA,26,2021-12-23,False
GIAX,2,2024-08-01,False
GIAX,10,2024-08-13,False
GIAX,24,2024-09-03,False
GIAX,27,2024-09-06,False
GIBO,8,2023-08-31,False
GIBO,29,2023-11-06,False
GIBOW,1,2025-05-06,False
GIC,1926,2023-08-29,False
GIF,1,2026-02-27,False
GIF,3,2026-03-03,False
GIF,5,2026-03-05,False
GIF,25,2026-04-02,False
GIFT,1,2021-01-11,False
GIFT,671,2023-09-11,False
GIGGU,8,2024-09-11,False
GIGGU,26,2024-10-07,False
GIGGW,1,2024-09-12,False
GIGL,8,2025-07-09,False
GIGL,14,2025-07-17,False
GIGM,1794,2023-02-17,False
GIII,2010,2023-12-28,False
GILD,1753,2022-12-19,False
GILD,2313,2025-03-17,False
GILD,2548,2026-02-23,False
GILD,2554,2026-03-03,False
GIND,3,2025-04-04,False
GIND,7,2025-04-10,False
GINN,1,2020-11-10,False
GINN,8,2020-11-19,False
GINN,70,2021-02-22,False
GINX,7,2024-03-11,False
GINX,25,2024-04-05,False
GINX,30,2024-04-12,False
GIPR,1,2021-10-06,False
GIPR,6,2021-10-13,False
GITS,1,2023-08-02,False
GIXXR,1,2026-03-20,False
GIXXU,8,2026-02-04,False
GJAN,8,2023-02-02,False
GJAN,20,2023-02-21,False
GJAN,27,2023-03-02,False
GJAN,34,2023-03-13,False
GJUL,21,2023-08-22,False
GJUL,24,2023-08-25,False
GJUN,8,2023-06-30,False
GJUN,32,2023-08-04,False
GJUN,34,2023-08-08,False
GK,6,2021-07-13,False
GK,9,2021-07-16,False
GKAT,8,2025-09-05,False
GKAT,37,2025-10-16,False
GKOS,2113,2024-05-28,False
GL,2188,2024-09-13,False
GL,2416,2025-08-13,False
GLAD,1912,2023-08-09,False
GLBE,4,2021-05-18,False
GLBL,7,2024-09-26,False
GLBL,14,2024-10-07,False
GLBL,28,2024-10-25,False
GLBL,32,2024-10-31,False
GLCR,1,2025-03-28,False
GLCR,5,2025-04-03,False
GLCR,10,2025-04-10,False
GLCR,12,2025-04-14,False
GLD,1164,2020-08-18,False
GLD,2092,2024-04-26,False
GLD,2472,2025-10-31,False
GLDB,2,2025-10-28,False
GLDB,6,2025-11-03,False
GLDB,9,2025-11-06,False
GLDB,11,2025-11-10,False
GLDB,14,2025-11-13,False
GLDB,23,2025-11-26,False
GLDD,1277,2021-01-29,False
GLDM,540,2020-08-18,False
GLDM,1467,2024-04-26,False
GLDM,1847,2025-10-31,False
GLDM,1849,2025-11-04,False
GLDM,1851,2025-11-06,False
GLDN,4,2026-02-24,False
GLDN,15,2026-03-11,False
GLDW,3,2025-11-04,False
GLDW,7,2025-11-10,False
GLDW,16,2025-11-21,False
GLDX,7,2021-11-11,False
GLDX,22,2021-12-03,False
GLDY,2,2025-04-04,False
GLDY,8,2025-04-14,False
GLDY,22,2025-05-05,False
GLDY,32,2025-05-19,False
GLE,3,2024-09-25,False
GLED-UN,8,2026-03-16,False
GLGG,1,2025-08-21,False
GLGG,3,2025-08-25,False
GLIBA,1,2025-07-14,False
GLIBA,17,2025-08-05,False
GLIBK,2,2025-07-15,False
GLIBK,14,2025-07-31,False
GLIBK,17,2025-08-05,False
GLIN,1281,2021-02-04,False
GLIX,8,2025-10-16,False
GLIX,24,2025-11-07,False
GLIX,36,2025-11-25,False
GLND,1,2026-03-24,False
GLNG,2582,2026-04-14,False
GLOB,1437,2021-09-17,False
GLOB,1440,2021-09-22,False
GLOO,1,2025-11-19,False
GLOO,4,2025-11-24,False
GLOO,13,2025-12-08,False
GLOV,8,2022-02-22,False
GLOW,7,2024-07-16,False
GLOW,13,2024-07-24,False
GLOW,17,2024-07-30,False
GLP,1540,2022-02-14,False
GLP,1544,2022-02-18,False
GLRE,1797,2023-02-23,False
GLRY,1,2020-12-09,False
GLRY,5,2020-12-15,False
GLRY,16,2020-12-31,False
GLRY,19,2021-01-06,False
GLRY,55,2021-03-01,False
GLSI,1,2020-09-28,False
GLSI,8,2020-10-07,False
GLTO,4,2020-11-04,False
GLTO,8,2020-11-10,False
GLTO,18,2020-11-24,False
GLTO,26,2020-12-07,False
GLTR,1182,2020-09-14,False
GLTR,2470,2025-10-29,False
GLTR,2472,2025-10-31,False
GLTR,2474,2025-11-04,False
GLU,1358,2021-05-26,False
GLU,1361,2021-06-01,False
GLU,1371,2021-06-15,False
GLUE,1,2021-06-25,False
GLUE,14,2021-07-15,False
GLW,2138,2024-07-03,False
GLW,2151,2024-07-23,False
GLW,2422,2025-08-21,False
GLWG,1,2026-03-11,False
GLWG,5,2026-03-17,False
GLWG,7,2026-03-19,False
GLXG,2,2024-09-13,False
GLXG,4,2024-09-17,False
GLXU,2,2025-08-12,False
GLXU,4,2025-08-14,False
GM,1243,2020-12-09,False
GM,2015,2024-01-05,False
GM,2025,2024-01-22,False
GM,2027,2024-01-24,False
GMAB,1380,2021-06-28,False
GMAB,2461,2025-10-16,False
GMAB,2467,2025-10-24,False
GMAR,8,2023-03-30,False
GMAR,26,2023-04-26,False
GMAR,32,2023-05-04,False
GMAY,8,2023-06-02,False
GME-WT,1,2025-10-09,False
GME-WT,4,2025-10-14,False
GME-WT,6,2025-10-16,False
GME-WT,12,2025-10-24,False
GMED,1007,2020-01-03,False
GMED,2251,2024-12-12,False
GMET,2,2021-11-15,False
GMET,8,2021-11-23,False
GMET,10,2021-11-26,False
GMET,992,2025-10-27,False
GMEU,5,2025-05-01,False
GMEX,1,2023-08-09,False
GMEY,4,2025-09-15,False
GMEY,6,2025-09-17,False
GMEY,22,2025-10-09,False
GMEY,25,2025-10-14,False
GMGT,8,2021-04-23,False
GMHS,8,2023-07-11,False
GMM,2,2023-10-11,False
GMM,6,2023-10-17,False
GMMA,8,2024-09-27,False
GMMA,34,2024-11-04,False
GMMF,8,2025-02-18,False
GMNY,8,2024-08-06,False
GMNY,16,2024-08-16,False
GMOC,8,2025-11-07,False
GMOD,8,2025-10-24,False
GMOD,19,2025-11-10,False
GMOD,30,2025-11-25,False
GMOI,6,2024-11-06,False
GMOI,8,2024-11-08,False
GMOI,10,2024-11-12,False
GMOI,18,2024-11-22,False
GMOV,2,2024-10-31,False
GMOV,7,2024-11-07,False
GMOV,16,2024-11-20,False
GMOV,32,2024-12-13,False
GMRE,2015,2024-01-05,False
GMTL,1,2026-03-23,False
GMUB,8,2024-08-06,False
GMUN,8,2023-03-21,False
GMUN,32,2023-04-26,False
GMUN,34,2023-04-28,False
GNL,2550,2026-02-25,False
GNL-P-D,1,2023-09-13,False
GNL-P-D,6,2023-09-20,False
GNL-P-D,13,2023-09-29,False
GNL-P-E,2,2023-09-15,False
GNL-P-E,4,2023-09-19,False
GNL-P-E,12,2023-09-29,False
GNL-P-E,16,2023-10-05,False
GNL-PD,1,2023-09-13,False
GNL-PD,6,2023-09-20,False
GNL-PD,13,2023-09-29,False
GNL-PD,18,2023-10-06,False
GNL-PE,2,2023-09-15,False
GNL-PE,4,2023-09-19,False
GNL-PE,12,2023-09-29,False
GNL-PE,16,2023-10-05,False
GNL-PE,19,2023-10-10,False
GNLX,1,2023-01-27,False
GNLX,6,2023-02-03,False
GNOM,183,2020-01-08,False
GNOM,433,2021-01-05,False
GNOM,451,2021-02-01,False
GNOV,8,2023-12-01,False
GNOV,29,2024-01-03,False
GNR,1253,2020-12-23,False
GNR,1256,2020-12-29,False
GNRC,1180,2020-09-10,False
GNRC,1182,2020-09-14,False
GNRC,2397,2025-07-17,False
GNRC,2423,2025-08-22,False
GNS,1,2022-04-13,False
GNTA,2,2021-12-17,False
GNTA,4,2021-12-21,False
GNTA,6,2021-12-23,False
GNTA,13,2022-01-04,False
GNTA,15,2022-01-06,False
GNTA,20,2022-01-13,False
GNTX,1246,2020-12-14,False
GOCO,1,2020-07-16,False
GOCO,3,2020-07-20,False
GOCO,13,2020-08-03,False
GOCT,2,2023-10-25,False
GOCT,8,2023-11-02,False
GOGO,2415,2025-08-12,True
GOLF,922,2020-06-30,False
GOLF,1162,2021-06-14,False
GOLF,1471,2022-09-02,False
GOLS,8,2026-01-14,False
GOLS,11,2026-01-20,False
GOLS,19,2026-01-30,False
GOLS,21,2026-02-03,False
GOLS,23,2026-02-05,False
GOLS,25,2026-02-09,False
GOLY,7,2021-05-27,False
GOLY,26,2021-06-24,False
GOOD,2557,2026-03-06,False
GOOG,1297,2021-03-01,False
GOOG,2448,2025-09-29,False
GOOG,2452,2025-10-03,False
GOOG,2497,2025-12-08,False
GOOGL,2448,2025-09-29,False
GOOGL,2453,2025-10-06,False
GOOGL,2456,2025-10-09,False
GOOGL,2497,2025-12-08,False
GOOP,7,2023-11-09,False
GOOP,21,2023-11-30,False
GOOP,23,2023-12-04,False
GOOP,25,2023-12-06,False
GOOP,29,2023-12-12,False
GOOP,148,2024-06-04,False
GOOP,478,2025-09-29,False
GOOP,482,2025-10-03,False
GOOP,527,2025-12-08,False
GOOW,5,2025-07-31,False
GOOW,8,2025-08-05,False
GOOW,46,2025-09-29,False
GOOW,51,2025-10-06,False
GOOW,95,2025-12-08,False
GOOX,4,2024-01-18,False
GOOX,6,2024-01-22,False
GOOX,17,2024-02-06,False
GOOX,429,2025-09-29,False
GOOY,2,2023-08-01,False
GOOY,8,2023-08-09,False
GOOY,10,2023-08-11,False
GOOY,15,2023-08-18,False
GOOY,27,2023-09-06,False
GOOY,214,2024-06-04,False
GOOY,544,2025-09-29,False
GOOY,549,2025-10-06,False
GOOY,598,2025-12-15,False
GOP,1,2023-02-08,False
GOP,7,2023-02-16,False
GOP,9,2023-02-21,False
GOP,16,2023-03-02,False
GOP,21,2023-03-09,False
GOP,25,2023-03-15,False
GOU,2,2025-12-04,False
GOU,4,2025-12-08,False
GOU,6,2025-12-10,False
GOU,15,2025-12-23,False
GOVZ,4,2020-09-30,False
GOVZ,6,2020-10-02,False
GOVZ,9,2020-10-07,False
GOVZ,14,2020-10-14,False
GOVZ,20,2020-10-22,False
GOVZ,25,2020-10-29,False
GOVZ,829,2024-01-11,False
GP,1,2020-08-31,False
GPAC,2,2021-03-09,False
GPAC,8,2021-03-17,False
GPAC,10,2021-03-19,False
GPAC,12,2021-03-23,False
GPAC,16,2021-03-29,False
GPACW,1,2021-03-09,False
GPAT,8,2024-07-15,False
GPATU,8,2024-05-21,False
GPATW,1,2024-07-02,False
GPCR,1,2023-02-03,False
GPGI,8,2020-12-02,False
GPGI,571,2023-03-01,False
GPIQ,5,2023-11-02,False
GPIQ,26,2023-12-04,False
GPIQ,28,2023-12-06,False
GPIX,5,2023-11-02,False
GPIX,7,2023-11-06,False
GPK,1270,2021-01-20,False
GPMT,1644,2024-01-05,False
GPN,1920,2023-08-21,False
GPN,1923,2023-08-24,False
GPOR,1,2021-05-19,False
GPOR,9,2021-06-01,False
GPOR,11,2021-06-03,False
GPOR,13,2021-06-07,False
GPOR,112,2021-10-26,False
GPOR,909,2024-12-27,False
GPRF,8,2024-08-13,False
GPRK,1548,2022-02-25,False
GPT,4,2024-09-24,False
GPT,6,2024-09-26,False
GPT,25,2024-10-23,False
GPT,27,2024-10-25,False
GPT,30,2024-10-30,False
GPTY,1,2025-01-24,False
GPTY,9,2025-02-05,False
GPUS-PD,1,2022-06-08,False
GPZ,6,2025-06-13,False
GPZ,8,2025-06-17,False
GPZ,11,2025-06-23,False
GPZ,37,2025-07-30,False
GPZ,42,2025-08-06,False
GQGU,10,2025-07-28,False
GQGU,12,2025-07-30,False
GQGU,14,2025-08-01,False
GQGU,35,2025-09-02,False
GQGU,37,2025-09-04,False
GQI,5,2023-12-20,False
GQI,8,2023-12-26,False
GQI,13,2024-01-03,False
GQI,15,2024-01-05,False
GQQQ,7,2024-10-10,False
GQQQ,21,2024-10-30,False
GQQQ,24,2024-11-04,False
GQQQ,37,2024-11-21,False
GRAB,5,2020-12-08,False
GRAB,21,2020-12-31,False
GRAB,24,2021-01-06,False
GRAB,1008,2024-12-04,False
GRABW,1,2020-12-10,False
GRAF,8,2024-08-28,False
GRAG,1,2025-12-12,False
GRAG,6,2025-12-19,False
GRAG,8,2025-12-23,False
GRAL,2,2024-06-14,False
GRAN,1,2025-07-02,False
GRAN,3,2025-07-07,False
GRBK,1792,2023-02-15,False
GRBK,2010,2023-12-28,False
GRC,1482,2021-11-19,False
GRC,1490,2021-12-02,False
GRC,1492,2021-12-06,False
GRC,2155,2024-07-29,False
GRC,2553,2026-03-02,False
GRC,2556,2026-03-05,False
GRCL,3,2021-01-13,False
GRCL,12,2021-01-27,False
GRDN,2,2024-09-30,False
GRDN,249,2025-09-25,False
GREE,1026,2020-01-31,False
GREK,1911,2023-08-08,False
GREK,2425,2025-08-26,False
GRF,1270,2021-01-20,False
GRF,1531,2022-02-01,False
GRI,8,2021-02-23,False
GRID,1234,2021-01-22,False
GRID,1241,2021-02-02,False
GRID,1243,2021-02-04,False
GRIN,3,2025-07-01,False
GRIN,8,2025-07-09,False
GRIN,12,2025-07-15,False
GRIN,23,2025-07-30,False
GRIN,25,2025-08-01,False
GRIN,28,2025-08-06,False
GRML,1,2026-02-10,False
GRML,7,2026-02-19,False
GRMLW,1,2026-03-10,False
GRMN,1246,2020-12-14,False
GRMN,1432,2021-09-10,False
GRMN,1435,2021-09-15,False
GRMN,2568,2026-03-23,False
GRN,345,2021-01-22,False
GRN,430,2021-05-25,False
GRND,1,2021-01-15,False
GRND,6,2021-01-25,False
GRND,8,2021-01-27,False
GRND,24,2021-02-19,False
GRND,26,2021-02-23,False
GRND,30,2021-03-01,False
GRNI,1,2025-11-18,False
GRNJ,2,2025-11-20,False
GRNJ,6,2025-11-26,False
GRNJ,22,2025-12-19,False
GRNJ,24,2025-12-23,False
GRNT,1,2020-11-09,False
GRNT,9,2020-11-19,False
GRNY,5,2024-11-14,False
GRNY,8,2024-11-19,False
GRNY,27,2024-12-17,False
GRNY,30,2024-12-20,False
GRNY,34,2024-12-27,False
GRO,1,2024-11-29,False
GRO,4,2024-12-04,False
GROV,2,2021-05-17,False
GROV,8,2021-05-25,False
GROV,10,2021-05-27,False
GROY,1,2021-03-10,False
GROY-WS,1,2021-03-10,False
GROY-WT,1,2024-06-14,False
GROY-WT,3,2024-06-18,False
GROZ,2,2024-12-09,False
GROZ,7,2024-12-16,False
GROZ,21,2025-01-07,False
GROZ,23,2025-01-10,False
GROZ,25,2025-01-14,False
GRP-U,1152,2020-08-19,False
GRPZ,2,2024-04-01,False
GRPZ,9,2024-04-10,False
GRPZ,11,2024-04-12,False
GRPZ,14,2024-04-17,False
GRPZ,17,2024-04-22,False
GRRR,1,2022-07-15,False
GRRRW,1,2022-07-12,False
GRTUF,1151,2020-08-19,False
GRVY,1862,2023-07-31,False
GRW,8,2024-05-16,False
GRW,17,2024-05-30,False
GRZZ,1,2021-12-16,False
GRZZ,3,2021-12-20,False
GRZZ,5,2021-12-22,False
GRZZ,7,2021-12-27,False
GRZZ,13,2022-01-04,False
GRZZ,17,2022-01-10,False
GRZZ,19,2022-01-12,False
GRZZ,980,2025-11-11,False
GS,1277,2021-01-29,False
GS,2023,2024-01-18,False
GS,2397,2025-07-17,False
GS,2535,2026-02-03,False
GSC,5,2023-10-12,False
GSC,7,2023-10-16,False
GSC,14,2023-10-25,False
GSC,16,2023-10-27,False
GSC,19,2023-11-01,False
GSEE,4,2020-05-21,False
GSEE,21,2020-06-16,False
GSEE,24,2020-06-19,False
GSEE,180,2021-02-02,False
GSEP,3,2023-09-21,False
GSEP,6,2023-09-26,False
GSEP,13,2023-10-05,False
GSEP,26,2023-10-24,False
GSG,1276,2021-01-28,False
GSG,1563,2022-03-18,False
GSGO,1,2025-11-18,False
GSGO,3,2025-11-20,False
GSGO,7,2025-11-26,False
GSGO,21,2025-12-17,False
GSGO,23,2025-12-19,False
GSGO,36,2026-01-09,False
GSHD,1671,2024-12-17,False
GSHR,8,2025-05-22,False
GSHRU,8,2025-04-01,False
GSHRW,1,2025-05-14,False
GSIB,3,2023-12-20,False
GSIB,7,2023-12-27,False
GSIB,17,2024-01-11,False
GSIB,19,2024-01-16,False
GSIB,25,2024-01-24,False
GSID,3,2020-05-21,False
GSID,5,2020-05-26,False
GSID,7,2020-05-28,False
GSID,20,2020-06-16,False
GSID,24,2020-06-22,False
GSID,30,2020-06-30,False
GSIG,8,2020-07-21,False
GSIW,1,2023-12-04,False
GSJY,2402,2026-02-25,False
GSK,2553,2026-03-02,False
GSKH,3,2025-01-13,False
GSKH,8,2025-01-21,False
GSKH,28,2025-02-19,False
GSKH,286,2026-03-02,False
GSL,2125,2024-06-13,False
GSL,2128,2024-06-18,False
GSL,2425,2025-08-26,False
GSM,2015,2024-01-05,False
GSPY,3,2021-01-04,False
GSPY,8,2021-01-11,False
GSPY,19,2021-01-27,False
GSPY,24,2021-02-03,False
GSPY,36,2021-02-22,False
GSRF,8,2025-10-30,False
GSRF,26,2025-11-25,False
GSRF,28,2025-11-28,False
GSSC,895,2021-02-22,False
GSUN,1,2022-06-23,False
GSUS,4,2020-05-21,False
GSUS,6,2020-05-26,False
GSUS,25,2020-06-22,False
GSUS,29,2020-06-26,False
GSWO,7,2022-03-28,False
GSWO,17,2022-04-11,False
GSWO,21,2022-04-18,False
GSWO,24,2022-04-21,False
GSWO,27,2022-04-26,False
GSWO,29,2022-04-28,False
GTE,1460,2021-10-20,False
GTE,2087,2024-04-19,False
GTEK,1,2021-09-17,False
GTEK,7,2021-09-27,False
GTEK,12,2021-10-04,False
GTEK,16,2021-10-08,False
GTEN,8,2025-07-03,False
GTEN,14,2025-07-14,False
GTEN,36,2025-08-13,False
GTENU,8,2025-05-14,False
GTERA,8,2025-08-06,False
GTES,1557,2024-04-04,False
GTES,1561,2024-04-10,False
GTES,1565,2024-04-16,False
GTLB,2,2021-10-18,False
GTM,1,2020-06-05,False
GTN,1253,2020-12-23,False
GTOC,8,2025-08-04,False
GTOH,8,2022-12-21,False
GTOH,12,2022-12-28,False
GTOH,15,2023-01-03,False
GTOH,34,2023-01-31,False
GTOP,3,2025-12-11,False
GTOP,7,2025-12-17,False
GTOP,11,2025-12-23,False
GTOP,21,2026-01-08,False
GTOP,28,2026-01-20,False
GTOQ,8,2020-12-16,False
GTOS,8,2022-12-21,False
GTPE,4,2025-10-29,False
GTPE,8,2025-11-04,False
GTPE,10,2025-11-06,False
GTPE,12,2025-11-10,False
GTPE,15,2025-11-13,False
GTPE,17,2025-11-17,False
GTPE,20,2025-11-20,False
GTPE,23,2025-11-25,False
GTR,7,2021-10-18,False
GTR,32,2021-11-22,False
GTR,35,2021-11-26,False
GTX,1344,2024-01-22,False
GTY,2552,2026-02-27,False
GUG,8,2021-12-07,False
GUG,21,2021-12-27,False
GUG,25,2021-12-31,False
GUG,27,2022-01-04,False
GUG,35,2022-01-14,False
GUMI,8,2024-08-06,False
GUNR,1256,2020-12-29,False
GUSA,2,2022-04-14,False
GUSA,6,2022-04-21,False
GUSA,12,2022-04-29,False
GUSA,16,2022-05-05,False
GUSA,24,2022-05-17,False
GUSE,1,2025-11-18,False
GUSE,3,2025-11-20,False
GUSE,7,2025-11-26,False
GUSE,21,2025-12-17,False
GUTS,1,2024-02-02,False
GV,1,2022-05-18,False
GVA,1807,2023-03-09,False
GVA,2251,2024-12-12,False
GVA,2426,2025-08-27,False
GVA,2433,2025-09-08,False
GVH,1,2023-11-09,False
GVLE,7,2025-11-26,False
GVLE,22,2025-12-18,False
GVLU,1,2022-06-08,False
GVLU,12,2022-06-24,False
GVUS,3,2023-12-05,False
GVUS,8,2023-12-12,False
GVUS,28,2024-01-11,False
GVUS,30,2024-01-16,False
GVUS,32,2024-01-18,False
GVUS,34,2024-01-22,False
GWH,8,2020-12-10,False
GWH,24,2021-01-05,False
GWH,28,2021-01-11,False
GWH-WT,1,2020-11-16,False
GWRE,2384,2025-06-27,False
GWW,1488,2021-11-30,False
GWW,1505,2021-12-23,False
GWW,2238,2024-11-22,False
GXAI,1,2023-02-16,False
GXDW,311,2021-01-29,False
GXG,2025,2024-01-22,False
GXG,2029,2024-01-26,False
GXG,2305,2025-03-05,False
GXG,2311,2025-03-13,False
GXG,2544,2026-02-17,False
GXIG,8,2025-06-30,False
GXIG,20,2025-07-17,False
GXLC,8,2025-10-06,False
GXLC,17,2025-10-17,False
GXLC,31,2025-11-06,False
GXLC,34,2025-11-11,False
GXLC,36,2025-11-13,False
GXO,1,2021-07-23,False
GXO,3,2021-07-27,False
GXO,821,2024-10-25,False
GXPC,8,2025-08-01,False
GXPC,22,2025-08-21,False
GXPD,3,2025-07-29,False
GXPD,5,2025-07-31,False
GXPD,9,2025-08-06,False
GXPD,12,2025-08-11,False
GXPE,6,2025-07-30,False
GXPE,11,2025-08-06,False
GXPE,16,2025-08-13,False
GXPE,19,2025-08-18,False
GXPE,36,2025-09-11,False
GXPE,150,2026-02-25,False
GXPS,6,2025-07-30,False
GXPS,10,2025-08-05,False
GXPS,24,2025-08-25,False
GXPS,27,2025-08-28,False
GXPS,29,2025-09-02,False
GXPS,31,2025-09-04,False
GXPT,7,2025-08-01,False
GXPT,21,2025-08-21,False
GXPT,25,2025-08-27,False
GXPT,27,2025-08-29,False
GXRP,1,2025-11-25,False
GXRP,3,2025-11-28,False
GXRP,7,2025-12-04,False
GXTG,317,2021-01-29,False
GXUS,8,2023-06-20,False
GXUS,16,2023-06-30,False
GXUS,18,2023-07-05,False
GYLD,1253,2020-12-23,False
H,2019,2024-01-11,False
H,2062,2024-03-14,False
HACK,1262,2021-01-07,False
HACK,2035,2024-02-05,False
HACQ,6,2026-04-14,False
HACQU,9,2026-02-26,False
HACQW,1,2026-04-08,False
HAFN,1,2022-06-03,False
HAFN,724,2026-03-18,False
HAKY,5,2026-01-28,False
HAKY,8,2026-02-02,False
HAKY,14,2026-02-10,False
HAKY,27,2026-03-02,False
HALO,1922,2023-08-23,False
HALO,2190,2024-09-17,False
HALO,2450,2025-10-01,False
HAPI,1,2022-10-14,False
HAPI,5,2022-10-20,False
HAPI,7,2022-10-24,False
HAPI,17,2022-11-07,False
HAPS,7,2023-04-24,False
HAPS,12,2023-05-01,False
HAPS,16,2023-05-05,False
HAPS,20,2023-05-11,False
HARD,8,2023-04-10,False
HARD,16,2023-04-20,False
HARD,20,2023-04-26,False
HARD,33,2023-05-15,False
HASI,1047,2020-03-03,False
HAUS,4,2022-03-07,False
HAUS,6,2022-03-09,False
HAUS,16,2022-03-23,False
HAUS,29,2022-04-11,False
HAUS,32,2022-04-14,False
HAVA,8,2025-12-26,False
HAYW,3,2021-03-16,False
HAYW,9,2021-03-24,False
HAYW,14,2021-03-31,False
HAYW,24,2021-04-15,False
HAYW,26,2021-04-19,False
HAYW,28,2021-04-21,False
HAYW,489,2023-02-17,False
HBAN,2025,2024-01-22,False
HBANL,7,2023-03-09,False
HBANZ,7,2026-02-11,False
HBANZ,26,2026-03-11,False
HBANZ,32,2026-03-19,False
HBCP,2015,2024-01-05,False
HBDC,8,2025-06-24,False
HBM,2114,2024-05-29,False
HBNB,1,2025-07-01,False
HBR,2,2025-10-30,False
HBRD,19,2026-03-24,False
HBRD,23,2026-03-30,False
HBT,307,2020-12-30,False
HBTA,1,2025-01-24,False
HBTA,9,2025-02-05,False
HBTA,24,2025-02-27,False
HBTA,26,2025-03-03,False
HBTC,5,2025-03-26,False
HBTC,11,2025-04-03,False
HBTC,16,2025-04-10,False
HCA,2044,2024-02-16,False
HCA,2497,2025-12-08,False
HCACR,1,2026-01-28,False
HCACR,16,2026-03-23,False
HCAI,1,2025-02-06,False
HCHL,3,2025-06-26,False
HCI,2076,2024-04-04,False
HCICR,1,2026-04-01,False
HCKT,2163,2024-08-08,False
HCKT,2168,2024-08-15,False
HCMAU,8,2025-08-13,False
HCMT,1,2023-06-23,False
HCMT,6,2023-06-30,False
HCMT,32,2023-08-08,False
HCMT,257,2024-07-01,False
HCOW,8,2023-10-02,False
HCOW,12,2023-10-06,False
HCOW,16,2023-10-12,False
HCOW,22,2023-10-20,False
HCOW,25,2023-10-25,False
HCRB,7,2020-03-02,False
HCRB,18,2020-03-17,False
HCRB,26,2020-03-27,False
HCTI,1,2021-10-14,False
HCTI,3,2021-10-18,False
HCWB,1,2021-07-21,False
HCWB,5,2021-07-27,False
HCWC,1,2024-09-17,False
HD,1350,2021-05-14,False
HD,1500,2021-12-16,False
HD,2015,2024-01-05,False
HDB,1232,2020-11-23,False
HDB,1245,2020-12-11,False
HDGE,1978,2023-11-10,False
HDL,1,2024-05-20,False
HDL,7,2024-05-29,False
HDUS,6,2022-11-28,False
HDUS,14,2022-12-08,False
HDUS,18,2022-12-14,False
HDUS,24,2022-12-22,False
HDUS,27,2022-12-28,False
HDUS,29,2022-12-30,False
HE,1330,2021-04-16,False
HEAL,6,2020-08-07,False
HEAL,12,2020-08-17,False
HEAL,25,2020-09-03,False
HEAL,31,2020-09-14,False
HEAL,128,2021-02-02,False
HECA,8,2025-07-14,False
HECA,26,2025-08-07,False
HECA,36,2025-08-21,False
HECO,4,2024-09-16,False
HECO,6,2024-09-18,False
HECO,21,2024-10-09,False
HEDG,8,2025-10-23,False
HEDG,26,2025-11-18,False
HEDG,28,2025-11-20,False
HEFT,8,2025-12-04,False
HEFT,18,2025-12-18,False
HEGD,8,2021-01-06,False
HELE,1020,2020-01-23,False
HELO,8,2023-10-11,False
HELO,18,2023-10-25,False
HELO,23,2023-11-01,False
HELS,1,2025-12-12,False
HELS,3,2025-12-16,False
HELS,9,2025-12-24,False
HELS,25,2026-01-20,False
HELX,4,2020-03-04,False
HELX,217,2021-01-06,False
HELX,235,2021-02-02,False
HELX,1454,2025-12-09,False
HEMI,7,2025-12-29,False
HEMI,21,2026-01-20,False
HEMI,29,2026-01-30,False
HEPS,4,2021-07-08,False
HEPS,6,2021-07-12,False
HEPS,14,2021-07-22,False
HEPS,27,2021-08-10,False
HEQQ,1,2025-03-28,False
HEQQ,5,2025-04-03,False
HEQQ,10,2025-04-10,False
HEQQ,12,2025-04-14,False
HEQQ,18,2025-04-23,False
HEQT,8,2021-11-11,False
HEQT,18,2021-11-26,False
HEQT,20,2021-11-30,False
HEQT,24,2021-12-06,False
HEQT,34,2021-12-20,False
HERE,9,2023-02-07,False
HERE,12,2023-02-10,False
HERE,20,2023-02-23,False
HERE,23,2023-02-28,False
HERE,25,2023-03-02,False
HERE,28,2023-03-07,False
HERZ,1275,2021-01-27,False
HERZ,1280,2021-02-03,False
HESM,1211,2022-01-26,False
HEWJ,2549,2026-02-24,False
HF,8,2023-08-15,False
HF,17,2023-08-28,False
HFEQ,7,2025-07-24,False
HFEQ,15,2025-08-05,False
HFEQ,37,2025-09-05,False
HFFG,968,2021-11-23,False
HFGM,7,2025-04-25,False
HFGM,27,2025-05-23,False
HFGO,5,2021-11-17,False
HFGO,7,2021-11-19,False
HFGO,11,2021-11-26,False
HFGO,13,2021-11-30,False
HFGO,18,2021-12-07,False
HFGO,20,2021-12-09,False
HFMF,8,2025-07-25,False
HFMF,15,2025-08-05,False
HFND,8,2022-10-21,False
HFRO-P-B,1,2025-03-14,False
HFRO-P-B,9,2025-03-26,False
HFRO-P-B,15,2025-04-03,False
HFRO-P-B,23,2025-04-15,False
HFSI,16,2021-10-14,False
HFSP,9,2024-11-06,False
HFSP,11,2024-11-08,False
HFSP,16,2024-11-15,False
HFSP,24,2024-11-27,False
HFWA,1734,2022-11-21,False
HFWA,1736,2022-11-23,False
HFWA,1738,2022-11-28,False
HFWA,2015,2024-01-05,False
HG,7,2023-11-21,False
HG,17,2023-12-06,False
HG,19,2023-12-08,False
HG,23,2023-12-14,False
HG,28,2023-12-21,False
HGAS,3,2021-02-24,False
HGAS,7,2021-03-02,False
HGAS,12,2021-03-09,False
HGAS,15,2021-03-12,False
HGAS,20,2021-03-19,False
HGAS,26,2021-03-29,False
HGER,3,2022-02-15,False
HGER,7,2022-02-22,False
HGER,25,2022-03-18,False
HGRO,2,2025-06-13,False
HGRO,7,2025-06-23,False
HGRO,35,2025-08-01,False
HGRO,37,2025-08-05,False
HGTY,8,2021-06-11,False
HGTY,25,2021-07-07,False
HGTY,32,2021-07-16,False
HGTY,34,2021-07-20,False
HHH,1297,2021-03-01,False
HIDE,8,2022-11-30,False
HIDE,14,2022-12-08,False
HIDV,7,2023-03-31,False
HIDV,28,2023-05-02,False
HIDV,34,2023-05-10,False
HIG,1324,2021-04-08,False
HIG,1327,2021-04-13,False
HIGH,8,2022-11-09,False
HIGH,26,2022-12-06,False
HIGH,30,2022-12-12,False
HIMS,1021,2023-12-15,False
HIMS,1026,2023-12-22,False
HIMU,8,2025-02-21,False
HIMU,26,2025-03-19,False
HIMU,31,2025-03-26,False
HIMU,34,2025-03-31,False
HIMU,36,2025-04-02,False
HIMZ,1,2025-03-14,False
HIPO,5,2021-01-19,False
HIT,2,2024-12-26,False
HIT,8,2025-01-06,False
HIVE,2468,2025-10-27,True
HIYS,8,2022-12-15,False
HIYS,16,2022-12-28,False
HIYS,19,2023-01-03,False
HIYS,37,2023-01-30,False
HIYY,1,2025-09-24,False
HIYY,5,2025-09-30,False
HKD,1,2022-07-18,False
HKIT,1,2023-04-03,False
HKPD,1,2025-01-16,False
HLF,1372,2021-06-16,False
HLI,1485,2021-11-24,False
HLIO,1792,2023-02-15,False
HLLY,7,2020-12-08,False
HLLY,15,2020-12-18,False
HLLY-WS,1,2021-07-15,False
HLLY-WS,21,2021-08-12,False
HLLY-WT,1,2024-12-10,False
HLMN,7,2020-12-14,False
HLMN,26,2021-01-12,False
HLMN,38,2021-01-29,False
HLMN,555,2023-02-17,False
HLN,1,2022-07-19,False
HLN,4,2022-07-22,False
HLN,7,2022-07-27,False
HLN,12,2022-08-03,False
HLN,121,2023-01-09,False
HLNE,1631,2023-08-23,False
HLNE,1724,2024-01-05,False
HLNE,1727,2024-01-10,False
HLP,2,2023-03-31,False
HLP,4,2023-04-04,False
HLTHQ,1,2024-06-04,False
HLTHQ,334,2026-01-16,False
HLX,1918,2023-08-17,False
HLXC,5,2026-01-28,False
HLXC,7,2026-01-30,False
HLXC,13,2026-02-09,False
HLXC,37,2026-03-16,False
HLXX,2,2026-03-26,False
HMH,1,2026-04-02,False
HMH,7,2026-04-14,False
HMKIY,7,2025-03-21,False
HMKIY,20,2025-04-09,False
HMR,1,2025-02-21,False
HMYY,4,2025-12-08,False
HMYY,14,2025-12-22,False
HMYY,17,2025-12-26,False
HNGE,2,2025-05-23,False
HNGE,4,2025-05-28,False
HNGE,17,2025-06-16,False
HNST,1,2021-05-05,False
HNVR,7,2022-05-20,False
HNVR,15,2022-06-02,False
HNVR,26,2022-06-17,False
HODL,1,2024-01-12,False
HODL,9,2024-01-25,False
HODU,1,2025-11-20,False
HOFT,1910,2023-08-07,False
HOFT,2024,2024-01-19,False
HOFVW,1,2020-07-06,False
HOII,2,2025-11-06,False
HOLA,8,2025-07-24,False
HOLA,14,2025-08-01,False
HOLA,18,2025-08-07,False
HOLA,37,2025-09-04,False
HOLD,8,2025-08-26,False
HOLD,23,2025-09-17,False
HOLO,8,2021-08-18,False
HOLO,12,2021-08-24,False
HOLO,34,2021-09-24,False
HOLOW,1,2022-09-20,False
HOLX,1160,2020-08-12,False
HOLX,1162,2020-08-14,False
HOMB,1316,2021-03-26,False
HOMB,1325,2021-04-09,False
HOMZ,1208,2024-01-05,False
HON,1236,2020-11-30,False
HON,1748,2022-12-12,False
HON,2240,2024-11-26,False
HON,2556,2026-03-05,False
HOOD,1,2021-07-30,False
HOOG,1,2025-03-24,False
HOOW,2,2025-06-23,False
HOOW,4,2025-06-25,False
HOOX,2,2025-03-21,False
HOOY,2,2025-05-12,False
HOOY,4,2025-05-14,False
HOOY,57,2025-07-31,False
HOOZ,1,2025-11-14,False
HOOZ,4,2025-11-19,False
HOPE,2015,2024-01-05,False
HOPE,2017,2024-01-09,False
HOUR,1,2022-01-10,False
HOVR,8,2023-04-14,False
HOVRW,1,2024-01-17,False
HOWL,2,2021-05-04,False
HOYY,4,2025-10-06,False
HOYY,12,2025-10-16,False
HOYY,15,2025-10-21,False
HPAI,1,2021-12-07,False
HPAI,9,2021-12-27,False
HPAIW,1,2021-12-09,False
HPAIW,4,2021-12-14,False
HPAIW,12,2021-12-28,False
HPCO,1,2022-08-31,False
HPE,1253,2020-12-23,False
HPE,1750,2022-12-14,False
HPE,1755,2022-12-21,False
HPE-PC,4,2024-09-17,False
HPE-PC,27,2024-10-18,False
HPE-PC,32,2024-10-25,False
HPE-PC,36,2024-10-31,False
HPQ,1500,2021-12-16,False
HQGO,7,2023-12-15,False
HQGO,22,2024-01-09,False
HQH,2027,2024-01-24,False
HQH,2465,2025-10-22,False
HQH,2473,2025-11-03,False
HQL,1007,2020-01-03,False
HQL,1263,2021-01-08,False
HQL,2027,2024-01-24,False
HQL,2034,2024-02-02,False
HQL,2479,2025-11-11,False
HQL,2481,2025-11-13,False
HQWWW,1,2026-03-23,False
HR,2113,2024-05-28,False
HRB,1679,2022-09-02,False
HRB,1952,2023-10-05,False
HRI,1191,2021-03-26,False
HRL,1509,2021-12-30,False
HRMY,1,2020-08-20,False
HRMY,569,2022-11-21,False
HRMY,1345,2025-12-26,False
HRMY,1353,2026-01-08,False
HRTS,3,2023-11-27,False
HRTS,7,2023-12-01,False
HRTS,44,2024-01-26,False
HRZN,2027,2024-01-24,False
HSAI,3,2023-02-14,False
HSAI,15,2023-03-03,False
HSBC,1787,2023-02-08,False
HSBC,1789,2023-02-10,False
HSBC,2113,2024-05-28,False
HSBC,2312,2025-03-14,False
HSBC,2314,2025-03-18,False
HSBC,2542,2026-02-12,False
HSBC,2549,2026-02-24,False
HSBH,1,2024-10-08,False
HSBH,6,2024-10-15,False
HSBH,8,2024-10-17,False
HSBH,108,2025-03-14,False
HSBH,110,2025-03-18,False
HSBH,345,2026-02-24,False
HSCS,1,2022-06-16,False
HSCSW,1,2025-04-07,False
HSHP,1,2022-10-27,False
HSHP,17,2023-04-21,False
HSHP,196,2024-01-08,False
HSHP,633,2025-10-06,False
HSHP,739,2026-03-10,False
HSHP,744,2026-03-17,False
HSIC,1361,2021-06-01,False
HSLV,1,2026-02-06,False
HSLV,3,2026-02-10,False
HSMV,3,2020-04-13,False
HSMV,27,2020-05-15,False
HSPOW,1,2023-01-27,False
HSPT,8,2025-02-18,False
HSPTR,1,2025-02-06,False
HSPTU,8,2024-11-26,False
HST,2025,2024-01-22,False
HSTM,1279,2021-02-02,False
HSTM,1281,2021-02-04,False
HSTM,1664,2022-08-12,False
HSTM,1979,2023-11-13,False
HSUN,17,2021-10-14,False
HSY,2547,2026-02-20,False
HTAX,8,2025-03-18,False
HTAX,12,2025-03-24,False
HTAX,15,2025-03-27,False
HTAX,19,2025-04-02,False
HTAX,22,2025-04-07,False
HTAX,26,2025-04-11,False
HTB,2015,2024-01-05,False
HTBK,1741,2022-12-01,False
HTCO,8,2021-10-07,False
HTCO,22,2021-11-15,False
HTCO,25,2021-11-18,False
HTCR,1,2022-02-11,False
HTFC,6,2022-07-06,False
HTFC,8,2022-07-08,False
HTFC,12,2022-07-14,False
HTFC,14,2022-07-18,False
HTFC,17,2022-07-21,False
HTFC,20,2022-07-26,False
HTFL,1,2025-08-08,False
HTH,1279,2021-02-02,False
HTH,2015,2024-01-05,False
HTHT,2455,2025-10-08,False
HTHT,2515,2026-01-05,False
HTLD,2553,2026-03-02,False
HTLM,4,2024-10-07,False
HTO,2572,2026-03-27,False
HTZ,1,2021-07-02,False
HTZ,418,2023-03-01,False
HTZWW,1,2021-07-02,False
HUBB,2079,2024-04-09,False
HUBC,8,2022-01-13,False
HUBC,17,2022-01-27,False
HUBCW,1,2023-02-28,False
HUDI,1,2021-01-25,False
HUHU,1,2024-10-23,False
HUHU,5,2024-10-29,False
HUHU,13,2024-11-08,False
HUIZ,3,2020-02-18,False
HUM,1006,2020-01-02,False
HUM,1351,2021-05-17,False
HUMA,7,2020-12-10,False
HUMA,31,2021-01-15,False
HUMAW,1,2020-11-25,False
HUMN,2,2025-06-30,False
HUMN,5,2025-07-03,False
HUMN,11,2025-07-14,False
HUMN,27,2025-08-05,False
HUN,1192,2020-09-28,False
HUTG,1,2026-01-13,False
HVAC,3,2025-02-07,False
HVAC,5,2025-02-11,False
HVAC,11,2025-02-20,False
HVAC,16,2025-02-27,False
HVAC,20,2025-03-05,False
HVAC,23,2025-03-10,False
HVAC,26,2025-03-13,False
HVAC,139,2025-08-25,False
HVII,8,2025-02-19,False
HVIIR,3,2025-02-11,False
HVIIR,7,2025-02-27,False
HVIIU,8,2025-01-29,False
HVMC,8,2025-10-15,False
HVMCU,8,2025-08-22,False
HVT,1750,2022-12-14,False
HWAY,4,2024-09-18,False
HWAY,6,2024-09-20,False
HWAY,14,2024-10-02,False
HWAY,31,2024-10-25,False
HWAY,36,2024-11-01,False
HWBK,1996,2023-12-07,False
HWBK,2017,2024-01-09,False
HWC,2017,2024-01-09,False
HWCPZ,8,2020-06-29,False
HWH,8,2022-04-05,False
HWH,34,2022-05-12,False
HWH,37,2022-05-17,False
HWKN,2406,2025-07-30,False
HWM,1852,2024-03-14,False
HWM,1912,2024-06-10,False
HWM,2348,2026-03-09,False
HWSM,2,2025-04-02,False
HWSM,8,2025-04-10,False
HXHX,1,2025-04-14,False
HY,2034,2024-02-02,False
HYAC,4,2021-05-14,False
HYAC,11,2021-06-02,False
HYAC,14,2021-06-08,False
HYAC,22,2021-06-25,False
HYAC,26,2021-07-07,False
HYAC-UN,8,2023-08-07,False
HYAC-WT,1,2025-05-12,False
HYAC-WT,5,2025-05-20,False
HYAC-WT,7,2025-05-22,False
HYBB,8,2020-10-20,False
HYBB,12,2020-10-26,False
HYBB,15,2020-10-29,False
HYBI,8,2024-10-10,False
HYBI,21,2024-10-29,False
HYBI,23,2024-10-31,False
HYBI,37,2024-11-20,False
HYBL,8,2022-03-02,False
HYBL,19,2022-03-17,False
HYBX,8,2024-11-29,False
HYBX,11,2024-12-04,False
HYBX,23,2024-12-20,False
HYBX,26,2024-12-26,False
HYBX,28,2024-12-30,False
HYDR,1,2021-07-15,False
HYDR,4,2021-07-20,False
HYDR,6,2021-07-22,False
HYDR,20,2021-08-11,False
HYDR,1009,2025-07-22,False
HYDR,1077,2025-10-27,False
HYFI,9,2023-05-26,False
HYFM,1,2020-12-11,False
HYGW,4,2022-08-26,False
HYGW,12,2022-09-08,False
HYGW,17,2022-09-15,False
HYGW,23,2022-09-23,False
HYGW,26,2022-09-28,False
HYGW,29,2022-10-03,False
HYIN,2,2021-05-10,False
HYIN,8,2021-05-18,False
HYIN,10,2021-05-20,False
HYIN,33,2021-06-23,False
HYIN,35,2021-06-25,False
HYIN,37,2021-06-29,False
HYKE,7,2024-01-23,False
HYMU,8,2021-03-26,False
HYNE,1,2025-12-05,False
HYNE,3,2025-12-09,False
HYNE,9,2025-12-17,False
HYNE,11,2025-12-19,False
HYP,1,2025-09-24,False
HYP,8,2025-10-03,False
HYP,25,2025-10-28,False
HYPR,7,2021-02-05,False
HYPR,21,2021-02-26,False
HYPR,25,2021-03-04,False
HYPR,27,2021-03-08,False
HYPR,30,2021-03-11,False
HYPR,32,2021-03-15,False
HYRM,8,2022-02-23,False
HYRM,16,2022-03-07,False
HYRM,19,2022-03-10,False
HYRM,23,2022-03-16,False
HYSD,8,2024-09-17,False
HYTI,8,2025-02-26,False
HYTI,22,2025-03-18,False
HYTI,34,2025-04-03,False
HYTR,8,2020-02-03,False
HYTR,22,2020-02-24,False
HYTR,25,2020-02-27,False
HYTR,30,2020-03-05,False
IAC,1306,2021-03-12,False
IACOU,8,2026-02-24,False
IACOW,1,2026-04-07,False
IAG,1488,2021-11-30,False
IAI,1272,2021-01-22,False
IAI,1910,2023-08-07,False
IALT,8,2025-12-22,False
IAPR,8,2021-04-14,False
IAPR,20,2021-04-30,False
IAT,2010,2023-12-28,False
IAT,2017,2024-01-09,False
IAU,1164,2020-08-18,False
IAU,2092,2024-04-26,False
IAU,2472,2025-10-31,False
IAU,2474,2025-11-04,False
IAUG,1,2024-08-02,False
IAUG,8,2024-08-13,False
IAUG,26,2024-09-09,False
IAUG,30,2024-09-13,False
IAUI,8,2025-06-17,False
IAUI,15,2025-06-27,False
IAUI,17,2025-07-01,False
IAUI,20,2025-07-07,False
IAUM,7,2021-07-12,False
IAUM,19,2021-07-28,False
IAUM,30,2021-08-12,False
IAUM,32,2021-08-16,False
IAUM,34,2021-08-18,False
IAUM,710,2024-04-26,False
IAUM,1090,2025-10-31,False
IAUM,1092,2025-11-04,False
IAUX,4,2021-04-28,False
IAUX,12,2021-05-10,False
IAUX,29,2021-06-03,False
IAUX,1118,2025-10-03,False
IAUX-WS,1,2025-07-24,False
IAUX-WS,9,2025-08-05,False
IAUX-WS,11,2025-08-07,False
IAUX-WS,51,2025-10-03,False
IBAC,8,2024-05-13,False
IBACR,1,2024-05-02,False
IBAT,5,2024-03-28,False
IBAT,13,2024-04-10,False
IBAT,15,2024-04-12,False
IBAT,20,2024-04-19,False
IBAT,23,2024-04-24,False
IBAT,412,2025-11-11,False
IBB,1009,2020-01-07,False
IBB,2026,2024-01-23,False
IBB,2504,2025-12-17,False
IBBQ,2,2021-06-15,False
IBBQ,8,2021-06-23,False
IBBQ,21,2021-07-13,False
IBBQ,24,2021-07-16,False
IBBQ,659,2024-01-25,False
IBCA,8,2025-04-07,False
IBCA,17,2025-04-21,False
IBCA,32,2025-05-12,False
IBCB,7,2026-04-07,False
IBCP,1987,2023-11-27,False
IBCP,2012,2024-01-03,False
IBCP,2014,2024-01-05,False
IBCP,2162,2024-08-08,False
IBCP,2164,2024-08-12,False
IBDV,8,2020-07-08,False
IBDV,35,2020-08-14,False
IBDV,37,2020-08-18,False
IBDW,8,2021-07-08,False
IBDW,34,2021-08-13,False
IBDW,36,2021-08-17,False
IBDX,8,2022-07-13,False
IBDX,30,2022-08-12,False
IBDX,33,2022-08-17,False
IBDY,7,2023-07-05,False
IBDY,11,2023-07-11,False
IBDY,23,2023-07-27,False
IBDY,29,2023-08-04,False
IBDY,31,2023-08-08,False
IBDY,35,2023-08-14,False
IBDZ,8,2024-06-06,False
IBDZ,25,2024-07-02,False
IBEX,2,2020-08-11,False
IBFR,4,2026-03-02,False
IBFR,7,2026-03-05,False
IBFR,12,2026-03-12,False
IBFR,16,2026-03-18,False
IBFR,18,2026-03-20,False
IBFR,21,2026-03-25,False
IBFR,24,2026-03-30,False
IBG,1,2024-09-27,False
IBGA,8,2024-06-25,False
IBGA,11,2024-06-28,False
IBGA,17,2024-07-09,False
IBGA,28,2024-07-24,False
IBGB,8,2025-04-07,False
IBGB,16,2025-04-17,False
IBGB,19,2025-04-23,False
IBGB,30,2025-05-08,False
IBGC,8,2026-04-08,False
IBGK,7,2024-06-24,False
IBGK,11,2024-06-28,False
IBGK,17,2024-07-09,False
IBGK,28,2024-07-24,False
IBGL,8,2025-04-07,False
IBGL,16,2025-04-17,False
IBGL,19,2025-04-23,False
IBGL,30,2025-05-08,False
IBGL,32,2025-05-12,False
IBGM,8,2026-04-08,False
IBHF,8,2020-11-24,False
IBHG,8,2021-07-21,False
IBHH,1,2022-03-11,False
IBHH,8,2022-03-22,False
IBHH,26,2022-04-18,False
IBHH,32,2022-04-26,False
IBHI,1,2022-03-11,False
IBHI,8,2022-03-22,False
IBHI,19,2022-04-06,False
IBHI,21,2022-04-08,False
IBHI,26,2022-04-18,False
IBHI,32,2022-04-26,False
IBHJ,8,2023-07-06,False
IBHJ,26,2023-08-01,False
IBHJ,29,2023-08-04,False
IBHJ,31,2023-08-08,False
IBHK,8,2024-06-06,False
IBHL,6,2025-04-03,False
IBHL,11,2025-04-10,False
IBHL,15,2025-04-16,False
IBHM,7,2026-04-07,False
IBIC,8,2023-09-27,False
IBID,8,2023-09-27,False
IBID,12,2023-10-03,False
IBID,14,2023-10-05,False
IBIE,8,2023-09-27,False
IBIE,15,2023-10-06,False
IBIF,11,2023-10-06,False
IBIF,23,2023-10-24,False
IBIG,11,2023-10-06,False
IBIG,15,2023-10-12,False
IBIG,23,2023-10-24,False
IBIG,25,2023-10-26,False
IBIH,7,2023-10-02,False
IBIH,11,2023-10-06,False
IBIH,15,2023-10-12,False
IBIH,23,2023-10-24,False
IBIH,25,2023-10-26,False
IBII,2,2023-09-25,False
IBII,7,2023-10-02,False
IBII,11,2023-10-06,False
IBII,15,2023-10-12,False
IBII,21,2023-10-20,False
IBII,25,2023-10-26,False
IBIJ,2,2023-09-25,False
IBIJ,7,2023-10-02,False
IBIJ,11,2023-10-06,False
IBIJ,15,2023-10-12,False
IBIJ,21,2023-10-20,False
IBIJ,25,2023-10-26,False
IBIK,8,2024-06-06,False
IBIK,25,2024-07-02,False
IBIL,8,2025-04-07,False
IBIL,11,2025-04-10,False
IBIL,17,2025-04-21,False
IBIL,19,2025-04-23,False
IBIL,32,2025-05-12,False
IBIM,8,2026-04-08,False
IBIT,1,2024-01-12,False
IBIT,9,2024-01-25,False
IBKR,1272,2021-01-22,False
IBKR,1469,2021-11-02,False
IBKR,1480,2021-11-17,False
IBKR,1807,2023-03-09,False
IBKR,2064,2024-03-18,False
IBKR,2252,2024-12-13,False
IBKR,2424,2025-08-25,False
IBLC,2,2022-04-29,False
IBLC,4,2022-05-03,False
IBLC,6,2022-05-05,False
IBM,1744,2022-12-06,False
IBM,2008,2023-12-26,False
IBM,2065,2024-03-19,False
IBM,2477,2025-11-07,False
IBMR,14,2023-06-01,False
IBMS,8,2024-06-06,False
IBMS,24,2024-07-01,False
IBMT,8,2025-04-07,False
IBMT,17,2025-04-21,False
IBMU,8,2026-04-08,False
IBMV,8,2026-04-08,False
IBMW,3,2026-04-14,False
IBN,1012,2020-01-10,False
IBN,1236,2020-11-30,False
IBN,1691,2022-09-21,False
IBO,1,2024-09-17,False
IBOT,8,2023-04-19,False
IBP,2018,2024-01-10,False
IBRN,1,2022-08-29,False
IBRN,5,2022-09-02,False
IBRN,17,2022-09-21,False
IBRN,36,2022-10-18,False
IBRN,344,2024-01-10,False
IBRN,347,2024-01-16,False
IBRN,351,2024-01-22,False
IBRN,353,2024-01-24,False
IBRN,355,2024-01-26,False
IBRN,806,2025-11-12,False
IBRN,832,2025-12-19,False
IBTA,1,2024-04-18,False
IBTG,7,2020-03-10,False
IBTG,15,2020-03-20,False
IBTH,7,2020-03-10,False
IBTH,11,2020-03-16,False
IBTH,15,2020-03-20,False
IBTI,7,2020-03-10,False
IBTI,15,2020-03-20,False
IBTJ,7,2020-03-10,False
IBTJ,15,2020-03-20,False
IBTJ,31,2020-04-14,False
IBTK,8,2020-07-30,False
IBTK,18,2020-08-13,False
IBTK,26,2020-08-25,False
IBTL,8,2021-09-10,False
IBTL,19,2021-09-27,False
IBTL,26,2021-10-06,False
IBTM,8,2022-07-20,False
IBTM,25,2022-08-12,False
IBTM,28,2022-08-17,False
IBTM,36,2022-08-29,False
IBTO,8,2023-07-12,False
IBTO,19,2023-07-27,False
IBTO,27,2023-08-08,False
IBTO,35,2023-08-18,False
IBTP,8,2024-06-25,False
IBTP,13,2024-07-02,False
IBTQ,8,2025-04-07,False
IBTQ,18,2025-04-22,False
IBTQ,30,2025-05-08,False
IBTQ,33,2025-05-13,False
IBTR,8,2026-04-08,False
IBUF,8,2024-07-12,False
IBUF,17,2024-07-25,False
IBUF,30,2024-08-13,False
ICAP,5,2022-01-05,False
ICAP,7,2022-01-07,False
ICAP,19,2022-01-26,False
ICAP,22,2022-01-31,False
ICAP,519,2024-01-24,False
ICE,1274,2021-01-26,False
ICE,1478,2021-11-15,False
ICE,2019,2024-01-11,False
ICFI,2066,2024-03-20,False
ICG,4,2023-03-22,False
ICG,6,2023-03-24,False
ICG,12,2023-04-03,False
ICG,27,2023-04-25,False
ICL,1254,2020-12-24,False
ICL,1271,2021-01-21,False
ICL,1377,2021-06-23,False
ICL,1505,2021-12-23,False
ICLN,1209,2020-10-21,False
ICLN,1271,2021-01-21,False
ICLO,8,2022-12-21,False
ICLR,1364,2021-06-04,False
ICLR,2070,2024-03-26,False
ICOI,1,2025-04-04,False
ICON,1,2024-07-15,False
ICON,3,2024-07-17,False
ICON,12,2024-07-30,False
ICOP,3,2023-06-28,False
ICOP,7,2023-07-05,False
ICOP,31,2023-08-08,False
ICOP,236,2024-05-31,False
ICOP,589,2025-10-28,False
ICOW,884,2021-01-22,False
ICPI,8,2025-12-03,False
ICPY,8,2025-09-22,False
ICPY,11,2025-09-25,False
ICPY,14,2025-09-30,False
ICPY,22,2025-10-10,False
ICPY,24,2025-10-14,False
ICPY,27,2025-10-17,False
ICPY,30,2025-10-22,False
ICRC,5,2025-10-09,False
ICRC,13,2025-10-21,False
ICU,8,2021-03-30,False
ICUCW,1,2021-03-19,False
ICUI,2198,2024-09-27,False
IDAI,4,2021-03-02,False
IDCC,1806,2023-03-08,False
IDCC,2016,2024-01-08,False
IDCC,2172,2024-08-21,False
IDCC,2176,2024-08-27,False
IDCC,2250,2024-12-11,False
IDCC,2260,2024-12-26,False
IDCC,2424,2025-08-25,False
IDEC,8,2023-12-13,False
IDEC,21,2024-01-03,False
IDEC,27,2024-01-11,False
IDEC,29,2024-01-16,False
IDEC,33,2024-01-22,False
IDEF,6,2025-05-30,False
IDEQ,7,2025-05-21,False
IDEQ,28,2025-06-23,False
IDGT,1294,2021-02-24,False
IDGT,1297,2021-03-01,False
IDME,8,2021-08-03,False
IDME,18,2021-08-17,False
IDME,23,2021-08-24,False
IDME,25,2021-08-26,False
IDNA,143,2020-01-07,False
IDNA,147,2020-01-13,False
IDOG,1253,2020-12-23,False
IDRV,451,2021-02-02,False
IDT,2023,2024-01-18,False
IDT,2217,2024-10-24,False
IDUB,8,2021-08-04,False
IDUB,17,2021-08-17,False
IDUB,22,2021-08-24,False
IDUB,24,2021-08-26,False
IDVO,3,2022-09-13,False
IDVO,6,2022-09-16,False
IDVO,8,2022-09-20,False
IDVO,15,2022-09-29,False
IDVO,17,2022-10-03,False
IDVY,1,2026-02-12,False
IDVY,8,2026-02-24,False
IDVY,20,2026-03-12,False
IDVY,24,2026-03-18,False
IDVZ,1,2024-12-30,False
IDVZ,7,2025-01-08,False
IDVZ,42,2025-03-03,False
IDX,1259,2021-01-04,False
IDXX,1414,2021-08-16,False
IDXX,1416,2021-08-18,False
IDXX,2016,2024-01-08,False
IDXX,2025,2024-01-22,False
IDYN,7,2025-08-18,False
IDYN,16,2025-08-29,False
IDYN,18,2025-09-03,False
IDYN,20,2025-09-05,False
IDYN,35,2025-09-26,False
IE,1,2022-06-29,False
IEAG,8,2026-03-20,False
IEAG,20,2026-04-08,False
IEAGR,3,2026-03-13,False
IEAGR,10,2026-03-25,False
IEAGR,12,2026-03-27,False
IEAGR,17,2026-04-06,False
IEAGU,7,2026-01-27,False
IEO,1472,2021-11-05,False
IEO,2090,2024-04-24,False
IETC,1321,2023-06-29,False
IETH,3,2025-10-07,False
IETH,12,2025-10-20,False
IEUS,1268,2021-01-22,False
IEX,2546,2026-02-19,False
IEX,2548,2026-02-23,False
IEZ,1564,2022-03-21,False
IEZ,1918,2023-08-17,False
IEZ,2560,2026-03-11,False
IFBD,1,2021-04-21,False
IFEB,9,2024-02-14,False
IFED,2,2021-09-17,False
IFED,8,2021-09-27,False
IFF,2553,2026-03-02,False
IFLO,6,2025-07-07,False
IFLO,12,2025-07-15,False
IFLO,14,2025-07-17,False
IFLO,28,2025-08-06,False
IFLR,7,2025-12-02,False
IFS,593,2021-11-09,False
IFS,1175,2024-03-06,False
IFS,1177,2024-03-08,False
IFS,1184,2024-03-19,False
IFS,1666,2026-02-20,False
IGCB,7,2024-11-27,False
IGCB,21,2024-12-18,False
IGCB,27,2024-12-27,False
IGCB,29,2024-12-31,False
IGCB,33,2025-01-07,False
IGE,2562,2026-03-13,False
IGE,2565,2026-03-18,False
IGGY,5,2025-09-25,False
IGGY,9,2025-10-01,False
IGGY,21,2025-10-17,False
IGGY,23,2025-10-21,False
IGGY,37,2025-11-10,False
IGIC,1507,2024-12-05,False
IGLB,2019,2024-01-11,False
IGLD,8,2021-03-15,False
IGLD,18,2021-03-29,False
IGLD,22,2021-04-05,False
IGM,1883,2023-06-28,False
IGME,1,2025-06-11,False
IGTR,8,2022-11-30,False
IGTR,11,2022-12-05,False
IGTR,15,2022-12-09,False
IGTR,19,2022-12-15,False
IGTR,26,2022-12-27,False
IGV,2254,2024-12-17,False
IH,1,2020-10-12,False
IHAK,1169,2024-02-05,False
IHE,2516,2026-01-06,False
IHG,1800,2023-02-28,False
IHG,2060,2024-03-12,False
IHS,1,2021-10-15,False
IHS,3,2021-10-19,False
IHS,5,2021-10-21,False
IHS,7,2021-10-25,False
IHS,12,2021-11-01,False
IHS,15,2021-11-04,False
IHS,17,2021-11-08,False
IHT,2277,2025-01-23,False
III,1370,2021-06-14,False
IIIN,1878,2023-06-21,False
IIIN,1884,2023-06-29,False
IINN,2,2021-07-16,False
IINN,14,2021-08-03,False
IINNW,1,2021-07-15,False
IJAN,8,2020-01-14,False
IJAN,16,2020-01-27,False
IJAN,22,2020-02-04,False
IJAN,34,2020-02-21,False
IJH,1274,2021-01-26,False
IJH,1279,2021-02-02,False
IJJ,1259,2021-01-04,False
IJJ,2015,2024-01-05,False
IJK,1279,2021-02-02,False
IJK,2080,2024-04-10,False
IJR,2015,2024-01-05,False
IJS,1317,2021-03-29,False
IJS,2015,2024-01-05,False
IJT,1279,2021-02-02,False
IJT,1292,2021-02-22,False
IJUN,8,2024-06-13,False
IJUN,14,2024-06-24,False
IJUN,16,2024-06-26,False
IJUN,37,2024-07-26,False
IKT,1,2020-12-24,False
ILAG,1,2022-07-14,False
ILDR,7,2021-06-07,False
ILDR,32,2021-07-13,False
ILDR,37,2021-07-20,False
ILF,1258,2020-12-31,False
ILF,1579,2022-04-11,False
ILF,1885,2023-06-30,False
ILF,2544,2026-02-17,False
ILIT,7,2023-07-05,False
ILIT,22,2023-07-26,False
ILIT,26,2023-08-01,False
ILIT,588,2025-10-27,False
ILLUU,10,2026-03-11,False
ILMN,1298,2021-03-02,False
ILOW,8,2024-07-25,False
ILOW,10,2024-07-29,False
ILOW,21,2024-08-13,False
ILS,8,2025-04-11,False
ILS,11,2025-04-16,False
ILS,14,2025-04-22,False
ILTB,2019,2024-01-11,False
IMA,1,2021-03-29,False
IMAQ,8,2021-08-27,False
IMAR,8,2024-03-13,False
IMAR,24,2024-04-05,False
IMAR,29,2024-04-12,False
IMAR,37,2024-04-24,False
IMAX,2169,2024-08-16,False
IMAY,7,2024-05-10,False
IMAY,19,2024-05-29,False
IMAY,30,2024-06-13,False
IMAY,36,2024-06-24,False
IMCC,1,2020-05-29,False
IMCR,1,2021-02-08,False
IMF,7,2025-03-28,False
IMF,11,2025-04-03,False
IMF,16,2025-04-10,False
IMF,25,2025-04-28,False
IMFL,1,2021-02-25,False
IMFL,8,2021-03-08,False
IMFL,24,2021-03-30,False
IMKTA,1325,2021-04-09,False
IMKTA,1492,2021-12-06,False
IMKTA,1509,2021-12-30,False
IMMR,1755,2022-12-21,False
IMMX,1,2021-12-17,False
IMNM,1,2020-10-05,False
IMNM,4,2020-10-08,False
IMO,2085,2024-04-17,False
IMO,2556,2026-03-05,False
IMOM,1255,2021-02-05,False
IMOS,1253,2020-12-28,False
IMOS,2492,2025-12-04,False
IMPP,1,2021-12-07,False
IMPP,968,2025-10-15,False
IMPTV,3,2021-12-09,False
IMPTV,5,2021-12-13,False
IMPTV,10,2021-12-20,False
IMPTV,14,2021-12-27,False
IMPTV,18,2021-12-31,False
IMRA,2,2025-04-07,False
IMRX,1,2021-08-02,False
IMSI,8,2022-12-15,False
IMSI,19,2023-01-03,False
IMSR,8,2024-10-22,False
IMST,2,2025-04-07,False
IMTG,8,2026-03-09,False
IMTG,13,2026-03-16,False
IMTG,15,2026-03-18,False
IMTG,19,2026-03-24,False
IMTG,23,2026-03-30,False
IMXI,1152,2022-03-31,False
IMXI,1155,2022-04-05,False
INAB,7,2021-08-10,False
INAB,9,2021-08-12,False
INAC,8,2025-08-11,False
INBS,1,2020-12-24,False
INBX,1,2024-05-30,False
INCM,8,2023-06-21,False
INCM,37,2023-08-02,False
INCO,1275,2021-01-27,False
INCY,1752,2022-12-16,False
INCY,2431,2025-09-04,False
INCY,2484,2025-11-18,False
INCY,2489,2025-11-25,False
IND,4,2025-12-02,False
IND,8,2025-12-08,False
IND,12,2025-12-12,False
IND,15,2025-12-17,False
IND,27,2026-01-06,False
INDA,1272,2021-01-22,False
INDB,2015,2024-01-05,False
INDB,2017,2024-01-09,False
INDE,9,2023-10-05,False
INDE,23,2023-10-25,False
INDE,26,2023-10-30,False
INDH,7,2024-05-20,False
INDH,17,2024-06-04,False
INDI,319,2021-01-11,False
INDL,2026,2024-01-23,False
INDS,1400,2024-01-05,False
INDV,2482,2025-11-14,False
INDZ,2,2026-02-23,False
INDZ,6,2026-02-27,False
INDZ,13,2026-03-10,False
INDZ,15,2026-03-12,False
INDZ,19,2026-03-18,False
INEO,1,2024-10-24,False
INFL,3,2021-01-15,False
INFL,6,2021-01-21,False
INFL,10,2021-01-27,False
INFL,12,2021-01-29,False
INFL,14,2021-02-02,False
INFL,35,2021-03-04,False
INFO,8,2024-10-22,False
INFO,11,2024-10-25,False
INFO,15,2024-10-31,False
INFO,17,2024-11-04,False
INFO,31,2024-11-22,False
INFQ,2,2026-01-09,False
INFQ,11,2026-01-23,False
INFQ-WS,1,2026-01-14,False
INFQ-WS,7,2026-01-23,False
INFU,1047,2020-03-03,False
INFY,2163,2024-08-08,False
INFY,2166,2024-08-13,False
ING,1790,2023-02-13,False
ING,2322,2025-03-28,False
INGM,1,2024-10-25,False
INGM,7,2024-11-04,False
INGM,9,2024-11-06,False
INGM,18,2024-11-19,False
INGM,24,2024-11-27,False
INGN,1351,2021-05-17,False
INGR,1759,2022-12-28,False
INGR,2193,2024-09-20,False
INHD,1,2023-12-15,False
INKT,1,2021-10-18,False
INKT,5,2021-10-22,False
INKT,7,2021-10-26,False
INLF,2,2025-01-06,False
INMU,8,2021-03-30,False
INOD,2461,2025-10-16,True
INOV,8,2023-11-13,False
INQQ,8,2022-04-13,False
INQQ,11,2022-04-19,False
INQQ,13,2022-04-21,False
INQQ,19,2022-04-29,False
INQQ,22,2022-05-04,False
INQQ,335,2023-08-03,False
INR,2,2025-02-04,False
INR,7,2025-02-11,False
INR,12,2025-02-19,False
INRO,2,2024-04-02,False
INRO,4,2024-04-04,False
INRO,10,2024-04-12,False
INRO,15,2024-04-19,False
INRO,19,2024-04-25,False
INSM,2434,2025-09-15,False
INSM,2439,2025-09-22,False
INSM,2441,2025-09-24,False
INSW,1522,2022-12-05,False
INSW,2227,2025-09-29,False
INTA,1,2021-07-01,False
INTA,5,2021-07-08,False
INTA,8,2021-07-13,False
INTA,13,2021-07-20,False
INTJ,1,2024-03-21,False
INTL,1,2022-12-05,False
INTL,9,2022-12-15,False
INTL,17,2022-12-28,False
INTM,8,2025-08-04,False
INTR,1,2022-06-24,False
INTS,2,2023-07-05,False
INTS,7,2023-07-12,False
INTS,10,2023-07-17,False
INTW,1,2025-02-14,False
INV,5,2021-12-06,False
INV,13,2021-12-16,False
INVG,8,2025-06-16,False
INVG,26,2025-07-14,False
INVG,29,2025-07-17,False
INVH,1105,2021-06-23,False
INVN,2,2025-01-10,False
INVN,7,2025-01-17,False
INVN,23,2025-02-11,False
INVN,26,2025-02-14,False
INVN,29,2025-02-20,False
INVN,32,2025-02-25,False
INVN,34,2025-02-27,False
INVZ,7,2020-07-09,False
INVZ,17,2020-07-23,False
INVZ,23,2020-07-31,False
INVZ,27,2020-08-06,False
INVZW,1,2020-06-29,False
IOBT,1,2021-11-08,False
IOCT,8,2021-10-12,False
IOCT,37,2021-11-22,False
ION,2,2022-12-05,False
ION,9,2022-12-14,False
ION,15,2022-12-22,False
ION,18,2022-12-28,False
ION,20,2022-12-30,False
ION,23,2023-01-05,False
IONL,1,2025-03-26,False
IONQ,4,2021-01-08,False
IONQ,7,2021-01-13,False
IONQ,23,2021-02-05,False
IONQ,30,2021-02-17,False
IONQ,1209,2025-10-27,True
IONQ-WS,1,2021-09-28,False
IONQ-WS,436,2025-10-27,False
IONQ-WT,1,2024-12-10,False
IONR,1,2022-07-01,False
IONX,1,2025-03-13,False
IONZ,1,2025-06-25,False
IOPP,4,2024-03-11,False
IOPP,13,2024-03-22,False
IOPP,35,2024-04-24,False
IOSP,1755,2022-12-21,False
IOT,1,2021-12-16,False
IOT,319,2023-03-24,False
IOT,701,2024-10-01,False
IOTR,1,2025-04-11,False
IOYY,2,2025-11-06,False
IOYY,4,2025-11-10,False
IOYY,16,2025-11-26,False
IP,1365,2021-06-07,False
IPAR,1481,2021-11-18,False
IPAR,1488,2021-11-30,False
IPAR,1829,2023-04-11,False
IPAV,3,2024-09-03,False
IPAV,6,2024-09-06,False
IPAV,11,2024-09-13,False
IPAV,27,2024-10-07,False
IPAV,36,2024-10-18,False
IPAY,1999,2024-01-05,False
IPAY,2009,2024-01-22,False
IPCX,2,2025-06-18,False
IPCX,7,2025-06-26,False
IPCX,11,2025-07-02,False
IPCX,15,2025-07-09,False
IPCX,19,2025-07-15,False
IPCXU,8,2025-05-06,False
IPEX,8,2025-03-19,False
IPFXU,8,2026-04-02,False
IPGP,1279,2021-02-02,False
IPGP,1802,2023-03-02,False
IPO,1894,2023-07-26,False
IPOD,8,2025-06-25,False
IPODU,8,2025-05-19,False
IPOS,632,2020-07-24,False
IPOS,638,2020-08-03,False
IPSC,1,2021-06-21,False
IPSC,3,2021-06-23,False
IPST,1,2024-11-25,False
IPST,3,2024-11-27,False
IPST,12,2024-12-11,False
IPW,1,2021-05-13,False
IPX,1,2022-06-22,False
IPX,431,2024-03-08,False
IQDG,1119,2021-01-22,False
IQDY,1677,2022-12-21,False
IQHI,8,2022-11-04,False
IQM,3,2020-03-03,False
IQM,5,2020-03-05,False
IQM,235,2021-02-02,False
IQM,237,2021-02-04,False
IQMM,8,2026-03-03,False
IQQQ,8,2024-04-02,False
IQQQ,10,2024-04-04,False
IQQQ,12,2024-04-08,False
IQQQ,14,2024-04-10,False
IQQQ,16,2024-04-12,False
IQQQ,19,2024-04-17,False
IQQQ,25,2024-04-25,False
IQRA,1,2023-05-11,False
IQRA,4,2023-05-16,False
IQRA,9,2023-05-23,False
IQRA,15,2023-06-01,False
IQRA,34,2023-06-29,False
IQSI,19,2020-01-15,False
IQSI,26,2020-01-27,False
IQSI,29,2020-01-30,False
IQSI,32,2020-02-04,False
IQSM,6,2022-11-02,False
IQSM,11,2022-11-09,False
IQSM,32,2022-12-09,False
IQSU,30,2020-01-31,False
IQSZ,7,2025-07-25,False
IQSZ,12,2025-08-01,False
IQSZ,16,2025-08-07,False
IQV,1346,2021-05-10,False
IQV,1348,2021-05-12,False
IQV,1351,2021-05-17,False
IR,894,2020-11-30,False
IR,1719,2024-03-13,False
IR,1721,2024-03-15,False
IRAB-UN,8,2026-02-13,False
IRAB-UN,15,2026-02-25,False
IRAB-UN,18,2026-03-02,False
IRAB-UN,23,2026-03-09,False
IRAB-WS,8,2026-03-11,False
IRDM,1679,2022-09-02,False
IRE,1,2025-10-22,False
IREG,1,2025-12-17,False
IREN,1,2021-11-18,False
IREN,989,2025-10-28,True
IRET,6,2024-02-02,False
IRET,9,2024-02-07,False
IRET,25,2024-03-01,False
IREX,1,2025-10-24,False
IREZ,1,2026-01-23,False
IRHO,8,2026-02-19,False
IRHO,29,2026-03-20,False
IRHOR,2,2026-02-10,False
IRHOU,10,2025-12-31,False
IRM,1284,2021-02-09,False
IRM,1582,2022-04-14,False
IRM,2155,2024-07-29,False
IRMD,2432,2025-09-05,False
IROC,8,2022-12-21,False
IROC,15,2023-01-03,False
IRON,4,2020-08-18,False
IRON,8,2020-08-24,False
IRON,109,2021-01-25,False
IRON,1309,2025-11-03,False
IRS,2254,2024-12-17,False
IRS-WT,1,2021-06-04,False
IRT,1491,2021-12-03,False
IRTR,4,2023-10-25,False
IRTR,8,2023-10-31,False
IRVH,8,2022-07-18,False
IRVH,10,2022-07-20,False
IRVH,22,2022-08-05,False
IRVH,24,2022-08-09,False
IRVH,27,2022-08-12,False
IRVH,29,2022-08-16,False
IRWD,1007,2020-01-03,False
IRWD,1009,2020-01-07,False
ISBG,4,2026-01-27,False
ISBG,6,2026-01-29,False
ISCB,1256,2021-01-04,False
ISCB,2012,2024-01-05,False
ISCG,1261,2021-01-06,False
ISCG,1279,2021-02-02,False
ISCV,2015,2024-01-05,False
ISDB,8,2022-12-15,False
ISEP,8,2023-09-14,False
ISEP,20,2023-10-02,False
ISEP,24,2023-10-06,False
ISHP,2039,2024-11-18,False
ISMD,1714,2024-01-05,False
ISMF,8,2025-03-25,False
ISMF,15,2025-04-03,False
ISMF,24,2025-04-16,False
ISPC,2,2021-06-21,False
ISPR,1,2023-04-05,False
ISPR,5,2023-04-12,False
ISPY,8,2024-01-03,False
ISPY,10,2024-01-05,False
ISPY,12,2024-01-09,False
ISRA,1273,2021-01-26,False
ISRA,2018,2024-01-11,False
ISRL,8,2023-03-10,False
ISSB,3,2026-01-26,False
ISSB,5,2026-01-28,False
ISTR,1316,2021-03-26,False
ISTR,1631,2022-06-27,False
ISTR,2043,2024-02-15,False
ISTR,2045,2024-02-20,False
ISTR,2252,2024-12-13,False
ISUL,2,2025-10-09,False
ISUL,6,2025-10-15,False
ISUNQ,2001,2025-12-17,False
ISUNQ,2075,2026-04-14,False
ISVL,7,2021-04-06,False
ISVL,25,2021-04-30,False
ISWN,3,2021-01-29,False
ISWN,9,2021-02-08,False
ISWN,21,2021-02-25,False
ISWN,25,2021-03-03,False
IT,1368,2021-06-10,False
IT,2008,2023-12-26,False
ITA,2539,2026-02-09,False
ITAN,8,2021-07-12,False
ITAN,14,2021-07-20,False
ITAN,16,2021-07-22,False
ITB,2010,2023-12-28,False
ITB,2015,2024-01-05,False
ITDB,4,2023-10-25,False
ITDB,8,2023-10-31,False
ITDB,53,2024-01-05,False
ITDC,4,2023-10-25,False
ITDC,8,2023-10-31,False
ITDC,53,2024-01-05,False
ITDD,4,2023-10-25,False
ITDD,8,2023-10-31,False
ITDD,53,2024-01-05,False
ITDE,1,2023-10-20,False
ITDE,4,2023-10-25,False
ITDE,8,2023-10-31,False
ITDE,53,2024-01-05,False
ITDF,1,2023-10-20,False
ITDF,4,2023-10-25,False
ITDF,9,2023-11-01,False
ITDF,53,2024-01-05,False
ITDG,1,2023-10-20,False
ITDG,4,2023-10-25,False
ITDG,9,2023-11-01,False
ITDG,53,2024-01-05,False
ITDH,1,2023-10-20,False
ITDH,4,2023-10-25,False
ITDH,9,2023-11-01,False
ITDH,53,2024-01-05,False
ITDI,1,2023-10-20,False
ITDI,4,2023-10-25,False
ITDI,9,2023-11-01,False
ITDI,53,2024-01-05,False
ITDJ,8,2024-11-25,False
ITDJ,23,2024-12-17,False
ITDJ,26,2024-12-20,False
ITDJ,30,2024-12-27,False
ITDJ,32,2024-12-31,False
ITDJ,37,2025-01-08,False
ITGR,2537,2026-02-05,False
ITGR,2542,2026-02-12,False
ITHA,8,2026-01-30,False
ITHA,24,2026-02-24,False
ITHAW,1,2026-01-21,False
ITIC,1469,2021-12-09,False
ITOC,1,2025-12-15,False
ITOC,5,2025-12-19,False
ITOC,9,2025-12-26,False
ITOL,9,2025-09-24,False
ITOL,12,2025-09-29,False
ITOL,26,2025-10-17,False
ITOL,28,2025-10-21,False
ITRN,2510,2025-12-26,False
ITUB,1549,2022-02-28,False
ITUB,1553,2022-03-04,False
ITUB,2017,2024-01-09,False
ITWO,1,2024-09-06,False
ITWO,7,2024-09-16,False
ITWO,22,2024-10-07,False
ITWO,25,2024-10-10,False
IVA,1,2020-07-13,False
IVA,5,2020-07-17,False
IVDAW,1,2022-04-04,False
IVEP,3,2026-04-14,False
IVES,7,2025-06-13,False
IVES,26,2025-07-14,False
IVES,96,2025-10-21,False
IVES,111,2025-11-11,False
IVOG,1279,2021-02-02,False
IVOG,2080,2024-04-10,False
IVOO,1274,2021-01-26,False
IVOO,1279,2021-02-02,False
IVOV,1259,2021-01-04,False
IVOV,2015,2024-01-05,False
IVP,1,2023-08-31,False
IVRS,1,2023-02-17,False
IVRS,5,2023-02-24,False
IVRS,9,2023-03-02,False
IVSI,7,2025-12-12,False
IVSI,31,2026-01-20,False
IVSS,8,2025-12-16,False
IVSS,14,2025-12-24,False
IVSS,19,2026-01-02,False
IVSS,41,2026-02-04,False
IVT,1584,2022-04-19,False
IVVB,8,2023-07-13,False
IVVB,24,2023-08-04,False
IVVB,28,2023-08-10,False
IVVB,31,2023-08-15,False
IVVB,34,2023-08-18,False
IVVB,37,2023-08-23,False
IVVD,1,2021-08-09,False
IVVM,8,2023-07-13,False
IVVM,24,2023-08-04,False
IVVM,26,2023-08-08,False
IVVM,28,2023-08-10,False
IVVM,36,2023-08-22,False
IVVW,8,2024-03-27,False
IVVW,19,2024-04-12,False
IVVW,28,2024-04-25,False
IVZ,2017,2024-01-09,False
IVZ,2019,2024-01-11,False
IVZ,2025,2024-01-22,False
IVZ,2415,2025-08-12,False
IWC,1259,2021-01-04,False
IWC,1292,2021-02-22,False
IWC,1295,2021-02-25,False
IWC,2015,2024-01-05,False
IWDL,7,2021-02-17,False
IWDL,628,2023-08-07,False
IWFG,2,2022-06-27,False
IWFG,5,2022-06-30,False
IWFG,8,2022-07-06,False
IWFG,11,2022-07-11,False
IWFG,434,2024-03-15,False
IWFL,6,2021-02-16,False
IWFL,8,2021-02-18,False
IWFL,16,2021-03-02,False
IWLG,2,2022-06-27,False
IWLG,8,2022-07-06,False
IWLG,10,2022-07-08,False
IWM,1277,2021-01-29,False
IWMI,8,2024-07-08,False
IWMI,26,2024-08-01,False
IWMI,31,2024-08-08,False
IWMI,34,2024-08-13,False
IWML,3,2021-02-10,False
IWML,6,2021-02-16,False
IWML,10,2021-02-22,False
IWMW,7,2024-03-26,False
IWMW,13,2024-04-04,False
IWMW,17,2024-04-10,False
IWMW,19,2024-04-12,False
IWMW,22,2024-04-17,False
IWMW,26,2024-04-23,False
IWMW,28,2024-04-25,False
IWMY,1,2023-11-01,False
IWN,2015,2024-01-05,False
IWO,1277,2021-01-29,False
IWR,1274,2021-01-26,False
IX,2552,2026-02-27,False
IXAQF,3,2021-12-07,False
IXAQF,11,2021-12-20,False
IXC,1257,2020-12-30,False
IXC,1472,2021-11-05,False
IXHL,1,2022-03-03,False
IXN,1883,2023-06-28,False
IXN,2478,2025-11-10,False
IYC,2260,2024-12-26,False
IYE,2090,2024-04-24,False
IYE,2550,2026-02-25,False
IYF,2019,2024-01-11,False
IYF,2021,2024-01-16,False
IYG,2019,2024-01-11,False
IYK,1182,2020-09-14,False
IYK,1272,2021-01-22,False
IYRI,7,2025-01-27,False
IYRI,12,2025-02-03,False
IYRI,36,2025-03-10,False
IYT,1193,2020-09-29,False
IYW,1884,2023-06-29,False
IYW,2408,2025-08-01,False
IZM,1,2023-03-16,False
IZM,3,2023-03-20,False
IZRL,1778,2024-12-31,False
JA,8,2026-03-03,False
JAAA,8,2020-10-29,False
JABS,8,2025-08-04,False
JACS,8,2025-02-11,False
JACS-U,9,2025-02-05,False
JADE,7,2024-05-29,False
JADE,14,2024-06-07,False
JAGU,1,2026-02-10,False
JAJL,8,2024-07-12,False
JAJL,17,2024-07-25,False
JAJL,19,2024-07-29,False
JAJL,24,2024-08-05,False
JANB,8,2025-10-24,False
JANB,25,2025-11-18,False
JANB,27,2025-11-20,False
JANH,8,2024-01-12,False
JANI,7,2026-02-11,False
JANI,19,2026-03-02,False
JANI,22,2026-03-05,False
JANI,26,2026-03-11,False
JANI,30,2026-03-17,False
JANJ,8,2024-01-12,False
JANM,8,2025-01-31,False
JANM,28,2025-03-03,False
JANM,33,2025-03-10,False
JANP,8,2024-01-12,False
JANT,8,2021-01-14,False
JANT,16,2021-01-27,False
JANT,18,2021-01-29,False
JANT,21,2021-02-03,False
JANT,36,2021-02-25,False
JANU,5,2025-01-10,False
JANU,8,2025-01-15,False
JANU,22,2025-02-05,False
JANU,36,2025-02-26,False
JANW,8,2021-01-14,False
JANW,16,2021-01-27,False
JANW,37,2021-02-26,False
JANX,1,2021-06-14,False
JANZ,7,2021-01-13,False
JANZ,16,2021-01-27,False
JANZ,18,2021-01-29,False
JANZ,20,2021-02-02,False
JANZ,33,2021-02-22,False
JANZ,36,2021-02-25,False
JAPN,6,2025-05-21,False
JAPN,39,2025-07-10,False
JAVA,7,2021-10-14,False
JAVA,33,2021-11-19,False
JAVA,36,2021-11-24,False
JAZZ,1209,2020-10-21,False
JAZZ,2497,2025-12-08,False
JBBB,8,2022-01-25,False
JBBB,33,2022-03-02,False
JBBB,37,2022-03-08,False
JBDI,1,2024-08-28,False
JBGS,1636,2024-01-05,False
JBHT,1916,2023-08-15,False
JBI,8,2020-01-03,False
JBIO,1,2021-07-01,False
JBL,1910,2023-08-07,False
JBL,2397,2025-07-17,False
JBND,11,2023-10-27,False
JBS,2,2025-06-13,False
JBS,4,2025-06-17,False
JBS,8,2025-06-24,False
JBS,24,2025-07-17,False
JBTM,1792,2023-02-15,False
JCAP,2,2025-06-30,False
JCAP,6,2025-07-07,False
JCAP,14,2025-07-17,False
JCAP,25,2025-08-01,False
JCHI,6,2023-03-24,False
JCHI,14,2023-04-05,False
JCHI,18,2023-04-12,False
JCHI,23,2023-04-19,False
JCHI,31,2023-05-01,False
JCHI,404,2024-10-23,False
JCPI,9,2022-04-25,False
JCPI,17,2022-05-05,False
JCPI,22,2022-05-12,False
JCSE,1,2022-04-25,False
JD,1025,2020-01-30,False
JDIV,10,2024-10-10,False
JDIV,21,2024-10-25,False
JDIV,25,2024-10-31,False
JDOC,4,2023-11-08,False
JDOC,7,2023-11-13,False
JDOC,51,2024-01-18,False
JDVI,7,2024-01-02,False
JDVI,12,2024-01-09,False
JDVI,16,2024-01-16,False
JDVI,24,2024-01-26,False
JDZG,1,2024-05-16,False
JEDI,4,2025-10-02,False
JEDI,13,2025-10-15,False
JEDI,18,2025-10-22,False
JEDI,21,2025-10-27,False
JEDI,26,2025-11-03,False
JEDI,31,2025-11-10,False
JEF,1478,2021-11-15,False
JEF,1910,2023-08-07,False
JEF,2162,2024-08-07,False
JEF,2164,2024-08-09,False
JEF,2249,2024-12-10,False
JEF,2261,2024-12-27,False
JEM,1,2025-06-10,False
JEMA,1,2021-03-12,False
JEMA,5,2021-03-18,False
JEMA,8,2021-03-23,False
JEMA,13,2021-03-30,False
JEMA,26,2021-04-19,False
JEMA,37,2021-05-04,False
JEMB,7,2024-08-23,False
JENA,8,2025-07-31,False
JENA-U,8,2025-06-11,False
JENA-U,27,2025-08-04,False
JEPI,7,2020-06-02,False
JEPI,14,2020-06-11,False
JEPI,20,2020-06-19,False
JEPI,22,2020-06-23,False
JEPI,25,2020-06-26,False
JEPQ,1,2022-05-05,False
JEPQ,10,2022-05-18,False
JEPQ,13,2022-05-23,False
JEPY,3,2023-09-21,False
JEPY,6,2023-09-26,False
JEPY,9,2023-09-29,False
JEPY,27,2023-10-25,False
JEPY,149,2024-04-22,False
JETD,4,2023-06-26,False
JETD,16,2023-07-13,False
JETU,2,2023-06-22,False
JEWL,1,2022-12-12,False
JFB,2,2025-03-10,False
JFB,4,2025-03-12,False
JFBRW,1,2022-08-29,False
JFBRW,4,2022-09-01,False
JFLI,9,2025-02-27,False
JFLI,11,2025-03-03,False
JFLI,16,2025-03-10,False
JFLI,20,2025-03-14,False
JFLI,22,2025-03-18,False
JFLI,24,2025-03-20,False
JFLX,8,2025-10-09,False
JGLO,1,2023-09-15,False
JGLO,4,2023-09-20,False
JGLO,8,2023-09-26,False
JGLO,12,2023-10-02,False
JGLO,16,2023-10-06,False
JGLO,26,2023-10-20,False
JGRO,4,2022-08-15,False
JGRO,6,2022-08-17,False
JGRO,13,2022-08-26,False
JGRO,18,2022-09-02,False
JGRO,21,2022-09-08,False
JGRO,29,2022-09-20,False
JGRW,7,2024-08-22,False
JGRW,19,2024-09-10,False
JHAC,7,2023-11-13,False
JHAC,43,2024-01-05,False
JHAC,45,2024-01-09,False
JHAC,49,2024-01-16,False
JHAI,5,2025-08-27,False
JHAI,7,2025-08-29,False
JHAI,43,2025-10-21,False
JHCB,8,2021-04-13,False
JHCB,34,2021-05-19,False
JHCP,8,2024-12-31,False
JHCP,16,2025-01-14,False
JHCP,36,2025-02-12,False
JHCR,8,2024-12-31,False
JHCR,16,2025-01-14,False
JHDV,1,2022-09-29,False
JHDV,6,2022-10-06,False
JHDV,12,2022-10-14,False
JHDV,14,2022-10-18,False
JHEM,427,2020-07-17,False
JHG,1017,2021-06-14,False
JHG,1662,2024-01-05,False
JHG,1665,2024-01-10,False
JHHY,8,2024-05-14,False
JHHY,18,2024-05-29,False
JHI,1138,2020-07-14,False
JHID,7,2023-01-03,False
JHID,33,2023-02-09,False
JHID,37,2023-02-15,False
JHID,42,2023-02-23,False
JHLN,8,2025-09-02,False
JHMB,8,2021-08-31,False
JHMM,1269,2021-01-26,False
JHMU,7,2023-11-13,False
JHPI,8,2021-12-28,False
JHPI,30,2022-01-28,False
JHPI,32,2022-02-01,False
JHPI,36,2022-02-07,False
JHSC,804,2021-02-02,False
JIDE,7,2026-02-06,False
JIDE,29,2026-03-11,False
JIG,5,2020-05-29,False
JIG,7,2020-06-02,False
JIII,8,2024-11-25,False
JIII,29,2024-12-26,False
JIRE,3,2022-06-16,False
JIRE,7,2022-06-23,False
JIRE,14,2022-07-05,False
JIRE,17,2022-07-08,False
JIRE,21,2022-07-14,False
JIVE,5,2023-09-21,False
JIVE,8,2023-09-26,False
JIVE,11,2023-09-29,False
JIVE,17,2023-10-09,False
JIVE,20,2023-10-12,False
JKHY,2509,2025-12-24,False
JKHY,2512,2025-12-30,False
JKJ,1254,2021-01-04,False
JKJ,2010,2024-01-05,False
JKK,1253,2021-01-06,False
JKK,1271,2021-02-02,False
JKL,2015,2024-01-05,False
JKS,2398,2025-07-18,False
JL,1,2024-01-25,False
JLHL,2,2025-06-30,False
JLQD,8,2021-09-21,False
JLQD,23,2021-10-12,False
JMEE,2,2022-05-11,False
JMEE,7,2022-05-18,False
JMEE,32,2022-06-24,False
JMHI,18,2023-08-10,False
JMHI,26,2023-08-22,False
JMID,7,2024-09-27,False
JMID,27,2024-10-25,False
JMID,29,2024-10-29,False
JMID,33,2024-11-04,False
JMMF,8,2025-12-23,False
JMSB,1142,2020-11-05,False
JMSB,1540,2022-06-07,False
JMSB,1544,2022-06-13,False
JMSI,8,2023-07-27,False
JMSI,11,2023-08-01,False
JMSI,13,2023-08-03,False
JMSI,19,2023-08-11,False
JMSI,26,2023-08-22,False
JMTG,11,2025-07-16,False
JNEU,7,2024-06-12,False
JNEU,32,2024-07-19,False
JNEU,34,2024-07-23,False
JNEU,37,2024-07-26,False
JNJ,2563,2026-03-16,False
JNJ,2566,2026-03-19,False
JOBX,1,2025-09-10,False
JOBX,4,2025-09-15,False
JOBY,3,2020-11-12,False
JOBY,8,2020-11-19,False
JOBY,57,2021-02-02,False
JOBY-WS,2,2021-08-10,False
JOBY-WT,2,2021-08-10,False
JOET,7,2020-11-30,False
JOET,30,2021-01-04,False
JOET,43,2021-01-22,False
JOJO,2,2021-07-20,False
JOJO,8,2021-07-28,False
JOJO,10,2021-07-30,False
JOJO,23,2021-08-18,False
JOJO,36,2021-09-07,False
JOUT,2432,2025-09-05,False
JOYT,8,2025-08-29,False
JOYT,37,2025-10-10,False
JOYY,1298,2021-03-02,False
JPAN,2,2023-09-26,False
JPAN,5,2023-09-29,False
JPAN,12,2023-10-10,False
JPAN,15,2023-10-13,False
JPAN,18,2023-10-18,False
JPAN,24,2023-10-26,False
JPAN,26,2023-10-30,False
JPAN,607,2026-02-25,False
JPEF,2,2023-08-02,False
JPEF,6,2023-08-08,False
JPEF,11,2023-08-15,False
JPEF,18,2023-08-24,False
JPHY,8,2025-07-08,False
JPIE,8,2021-11-12,False
JPIE,20,2021-12-01,False
JPLD,8,2023-08-10,False
JPM,1909,2023-08-04,False
JPM,2024,2024-01-19,False
JPM,2026,2024-01-23,False
JPM,2080,2024-04-10,False
JPM,2395,2025-07-15,False
JPMO,8,2023-09-22,False
JPMO,11,2023-09-27,False
JPMO,13,2023-09-29,False
JPMO,17,2023-10-05,False
JPMO,28,2023-10-20,False
JPO,8,2023-09-22,False
JPO,11,2023-09-27,False
JPO,13,2023-09-29,False
JPO,17,2023-10-05,False
JPO,28,2023-10-20,False
JPRE,5,2022-05-31,False
JPRE,7,2022-06-02,False
JPRE,17,2022-06-16,False
JPRE,19,2022-06-21,False
JPRE,21,2022-06-23,False
JPSE,1051,2021-02-02,False
JPSE,1067,2021-02-25,False
JPSV,1,2023-03-09,False
JPSV,7,2023-03-17,False
JPSV,10,2023-03-22,False
JPSV,13,2023-03-27,False
JPSV,15,2023-03-29,False
JPSV,26,2023-04-14,False
JPXN,2539,2026-02-24,False
JPXN,2542,2026-02-27,False
JPY,1,2025-04-08,False
JPY,3,2025-04-10,False
JRE,5,2021-06-30,False
JRE,8,2021-07-06,False
JRE,35,2021-08-12,False
JSCP,8,2021-03-12,False
JSCP,14,2021-03-22,False
JSI,8,2023-11-21,False
JSMD,1874,2023-08-07,False
JSMD,2202,2024-11-22,False
JSPR,8,2020-01-23,False
JSPR,31,2020-02-26,False
JSPR,36,2020-03-04,False
JSPRW,3,2020-01-21,False
JSPRW,5,2020-02-14,False
JSTC,7,2020-12-21,False
JSTC,15,2021-01-04,False
JSTC,31,2021-01-27,False
JSTC,37,2021-02-04,False
JTAI,8,2021-10-13,False
JTEK,4,2023-10-11,False
JTEK,14,2023-10-25,False
JTEK,19,2023-11-01,False
JUCY,8,2022-11-11,False
JULB,8,2025-10-24,False
JULB,18,2025-11-07,False
JULB,23,2025-11-14,False
JULB,27,2025-11-20,False
JULB,29,2025-11-24,False
JULH,8,2023-07-14,False
JULJ,8,2023-07-14,False
JULM,8,2024-08-06,False
JULM,30,2024-09-06,False
JULP,8,2024-05-20,False
JULT,8,2020-07-14,False
JULU,7,2024-07-11,False
JULU,13,2024-07-19,False
JULU,16,2024-07-24,False
JULU,20,2024-07-30,False
JULU,29,2024-08-12,False
JULW,8,2020-07-14,False
JULZ,7,2020-07-14,False
JUNM,8,2024-07-05,False
JUNM,25,2024-07-30,False
JUNM,29,2024-08-05,False
JUNP,7,2024-06-12,False
JUNP,32,2024-07-19,False
JUNP,35,2024-07-24,False
JUNP,37,2024-07-26,False
JUNS,1,2024-12-04,False
JUNT,7,2023-06-12,False
JUNW,8,2023-06-13,False
JUNZ,8,2021-06-11,False
JUNZ,13,2021-06-18,False
JUSA,2,2025-03-18,False
JUSA,8,2025-03-26,False
JUSA,10,2025-03-28,False
JUSA,12,2025-04-01,False
JUSA,14,2025-04-03,False
JUSA,19,2025-04-10,False
JWEL,1,2021-03-18,False
JXN,1,2021-09-02,False
JXN,5,2021-09-09,False
JXN,14,2021-09-22,False
JXN,660,2024-04-18,False
JXN-P-A,5,2023-03-24,False
JXN-P-A,30,2023-05-02,False
JXN-P-A,33,2023-05-05,False
JXX,8,2025-02-18,False
JXX,15,2025-02-27,False
JXX,17,2025-03-03,False
JXX,20,2025-03-06,False
JXX,24,2025-03-12,False
JYD,1,2023-04-24,False
JYNT,1236,2020-11-30,False
JYNT,1248,2020-12-16,False
JZ,1,2022-08-29,False
JZXN,1,2021-05-19,False
K-W,1,2023-09-26,False
K-W,3,2023-09-28,False
K-W,5,2023-10-02,False
K-W,13,2023-10-12,False
K-W,17,2023-10-18,False
K-W,26,2023-10-31,False
K-W,498,2025-09-19,False
KALU,2084,2024-04-16,False
KALU,2088,2024-04-22,False
KALU,2531,2026-01-28,False
KAPA,1,2024-09-17,False
KAPR,2,2020-04-03,False
KAPR,5,2020-04-08,False
KAPR,15,2020-04-23,False
KAPR,28,2020-05-12,False
KARO,2,2021-04-06,False
KARO,4,2021-04-08,False
KARS,726,2020-12-09,False
KARS,1699,2024-10-23,False
KARS,1944,2025-10-16,False
KAT,8,2025-09-05,False
KAT,35,2025-10-14,False
KAT,37,2025-10-16,False
KAUG,1,2024-08-02,False
KAUG,9,2024-08-14,False
KAUG,25,2024-09-06,False
KB,1009,2020-01-07,False
KB,2377,2025-06-17,False
KBA,1127,2020-07-21,False
KBA,1130,2020-07-24,False
KBA,1257,2021-01-26,False
KBA,2199,2024-10-23,False
KBAB,2,2025-03-14,False
KBAB,4,2025-03-18,False
KBDC,10,2024-06-06,False
KBDC,37,2024-07-17,False
KBDU,1,2025-11-21,False
KBDU,3,2025-11-25,False
KBE,2017,2024-01-09,False
KBFR,7,2026-03-05,False
KBFR,12,2026-03-12,False
KBFR,16,2026-03-18,False
KBFR,18,2026-03-20,False
KBFR,24,2026-03-30,False
KBH,1861,2023-05-25,False
KBH,2015,2024-01-05,False
KBON,8,2026-02-06,False
KBON,15,2026-02-18,False
KBONW,1,2026-01-28,False
KBSX,8,2022-04-22,False
KBUF,3,2024-02-13,False
KBUF,7,2024-02-20,False
KBUF,20,2024-03-08,False
KBUF,32,2024-03-26,False
KBWD,1316,2021-03-26,False
KBWD,1910,2023-08-07,False
KBWR,2010,2023-12-28,False
KBWR,2015,2024-01-05,False
KC,2,2020-05-12,False
KCAI,3,2024-09-03,False
KCAI,7,2024-09-09,False
KCAI,9,2024-09-11,False
KCAI,15,2024-09-19,False
KCAI,39,2024-10-23,False
KCCA,1,2021-10-06,False
KCCA,9,2021-10-18,False
KCE,1910,2023-08-07,False
KCE,2015,2024-01-05,False
KCE,2021,2024-01-16,False
KCHV,8,2025-07-31,False
KCHV,17,2025-08-13,False
KCHVU,8,2025-06-09,False
KCOP,1,2026-02-17,False
KCOP,5,2026-02-23,False
KCOP,17,2026-03-11,False
KCOP,21,2026-03-17,False
KCSH,8,2024-08-07,False
KD,1,2021-10-25,False
KDEC,11,2024-12-17,False
KDEC,20,2024-12-31,False
KDEC,26,2025-01-10,False
KDEF,4,2025-02-11,False
KDEF,258,2026-02-17,False
KDK,8,2023-06-23,False
KDRN,8,2022-01-03,False
KDRN,20,2022-01-20,False
KDRN,26,2022-01-28,False
KDVD,8,2025-12-18,False
KDVD,12,2025-12-24,False
KDVD,16,2025-12-31,False
KDVD,36,2026-01-30,False
KEAT,8,2024-04-09,False
KEAT,11,2024-04-12,False
KEAT,19,2024-04-24,False
KEMQ,1871,2025-03-25,False
KEMX,450,2021-01-26,False
KEN,2413,2025-08-08,False
KEP,2058,2024-03-08,False
KEP,2063,2024-03-15,False
KEQU,1610,2022-08-08,False
KEUA,1,2021-10-06,False
KEUA,8,2021-10-15,False
KEUA,22,2021-11-04,False
KEX,2501,2025-12-12,False
KEX,2505,2025-12-18,False
KEY,2010,2023-12-28,False
KEY,2524,2026-01-16,False
KEYS,1273,2021-01-25,False
KEYS,1276,2021-01-28,False
KEYS,1284,2021-02-09,False
KEYS,2019,2024-01-11,False
KEYS,2563,2026-03-16,False
KFEB,8,2025-02-13,False
KFEB,13,2025-02-21,False
KFEB,19,2025-03-03,False
KFEB,24,2025-03-10,False
KFEB,27,2025-03-13,False
KFII,9,2025-03-25,False
KFIIR,2,2025-03-14,False
KFIIU,8,2025-02-18,False
KFRC,1311,2021-03-19,False
KFRC,2007,2023-12-22,False
KFS,1667,2022-08-22,False
KFS,1671,2022-08-26,False
KFY,2017,2024-01-09,False
KGLD,8,2025-07-18,False
KGLD,16,2025-07-30,False
KGLD,19,2025-08-04,False
KGLD,32,2025-08-21,False
KGLD,82,2025-10-31,False
KGRN,594,2020-02-26,False
KGRN,700,2020-07-28,False
KGRN,793,2020-12-08,False
KGRN,830,2021-02-02,False
KGRN,832,2021-02-04,False
KGS,2,2023-07-03,False
KGS,7,2023-07-11,False
KGS,179,2024-03-15,False
KGS,374,2024-12-23,False
KGS,680,2026-03-17,False
KHPI,8,2024-09-17,False
KHPI,36,2024-10-25,False
KIDZ,9,2022-02-18,False
KIDZ,11,2022-02-23,False
KIM-P-N,8,2024-01-12,False
KIM-P-N,12,2024-01-19,False
KIM-P-N,22,2024-02-02,False
KIM-P-N,26,2024-02-08,False
KIM-P-N,28,2024-02-12,False
KIM-PN,1033,2021-01-28,False
KIM-PN,1738,2023-12-28,False
KIQQ,5,2026-01-14,False
KIQQ,8,2026-01-20,False
KIQQ,25,2026-02-12,False
KIQQ,28,2026-02-18,False
KITT,8,2021-08-16,False
KITTW,1,2022-09-13,False
KITTW,3,2022-09-15,False
KJAN,8,2020-01-14,False
KJAN,21,2020-02-03,False
KJAN,35,2020-02-24,False
KJD,1,2025-10-16,False
KJD,4,2025-10-21,False
KJUL,5,2020-07-09,False
KJUL,8,2020-07-14,False
KJUN,9,2024-06-14,False
KJUN,12,2024-06-20,False
KJUN,16,2024-06-26,False
KKR,2251,2024-12-12,False
KKRS,10,2021-05-05,False
KKRS,14,2021-05-11,False
KKRS,21,2021-05-20,False
KKRT,8,2025-06-11,False
KKRT,30,2025-07-15,False
KKRT,33,2025-07-18,False
KKRT,37,2025-07-24,False
KLAC,2133,2024-06-26,False
KLAG,4,2025-12-24,False
KLAR,1,2025-09-10,False
KLC,4,2024-10-15,False
KLGDD,8,2021-05-26,False
KLGDD,14,2021-06-04,False
KLIC,1253,2020-12-23,False
KLIP,2,2023-01-17,False
KLIP,8,2023-01-25,False
KLIP,18,2023-02-08,False
KLIP,20,2023-02-10,False
KLIP,25,2023-02-17,False
KLIP,32,2023-03-01,False
KLMN,6,2024-12-19,False
KLMN,9,2024-12-24,False
KLMN,14,2025-01-02,False
KLMN,20,2025-01-13,False
KLMN,22,2025-01-15,False
KLMT,7,2024-07-08,False
KLMT,18,2024-07-23,False
KLMT,23,2024-07-30,False
KLMT,25,2024-08-01,False
KLMT,32,2024-08-12,False
KLRS,1,2020-07-31,False
KLTR,1,2021-07-22,False
KLTR,7,2021-07-30,False
KLXY,3,2023-09-12,False
KLXY,7,2023-09-18,False
KLXY,10,2023-09-21,False
KLXY,12,2023-09-25,False
KLXY,17,2023-10-02,False
KLXY,20,2023-10-05,False
KMAR,5,2025-03-10,False
KMAR,9,2025-03-14,False
KMAR,11,2025-03-18,False
KMAR,19,2025-03-28,False
KMAR,23,2025-04-03,False
KMAY,7,2025-05-12,False
KMAY,16,2025-05-23,False
KMAY,21,2025-06-02,False
KMI,2222,2024-10-31,False
KMI,2243,2024-12-02,False
KMI,2246,2024-12-05,False
KMI,2250,2024-12-11,False
KMI,2564,2026-03-17,False
KMID,3,2024-10-21,False
KMID,12,2024-11-01,False
KMID,26,2024-11-21,False
KMID,37,2024-12-09,False
KMLI,1,2025-06-13,False
KMLI,3,2025-06-17,False
KMLM,7,2020-12-29,False
KMLM,25,2021-01-27,False
KMLM,27,2021-01-29,False
KMLM,29,2021-02-02,False
KMLM,271,2022-04-07,False
KMPB,7,2022-03-23,False
KMPB,27,2022-04-21,False
KMPB,34,2022-05-02,False
KMPB,37,2022-05-05,False
KMPR,2038,2024-02-08,False
KMPR,2246,2024-12-05,False
KMRK,1,2025-07-17,False
KMT,2547,2026-02-20,False
KMT,2549,2026-02-24,False
KMTS,1,2025-03-07,False
KMTS,5,2025-03-13,False
KN,1494,2021-12-08,False
KNDI,1733,2022-11-18,False
KNDI,1742,2022-12-02,False
KNF,1,2023-05-26,False
KNF,6,2023-06-05,False
KNF,26,2023-07-05,False
KNOP,2128,2024-06-18,False
KNOV,6,2024-11-11,False
KNOV,13,2024-11-20,False
KNOV,25,2024-12-09,False
KNOV,29,2024-12-13,False
KNOV,31,2024-12-17,False
KNOV,37,2024-12-26,False
KNOW,8,2024-03-05,False
KNOW,29,2024-04-04,False
KNOW,33,2024-04-10,False
KNOW,35,2024-04-12,False
KNRG,8,2025-06-09,False
KNRX,1,2025-09-30,False
KNSL,1023,2020-08-20,False
KNTK,1444,2023-07-25,False
KNTK,1624,2024-04-11,False
KNTK,2103,2026-03-11,False
KNX,2015,2024-01-05,False
KOF,2010,2023-12-28,False
KOF,2012,2024-01-02,False
KOID,6,2025-06-13,False
KOID,8,2025-06-17,False
KOID,10,2025-06-20,False
KOID,22,2025-07-09,False
KOID,39,2025-08-01,False
KOID,81,2025-10-01,False
KOKU,5,2020-04-16,False
KOKU,7,2020-04-20,False
KOMP,1186,2023-07-26,False
KONG,5,2021-07-29,False
KONG,7,2021-08-02,False
KONG,15,2021-08-12,False
KONG,32,2021-09-07,False
KOP,2564,2026-03-17,False
KORE,2,2020-12-15,False
KORE,8,2020-12-23,False
KORE,10,2020-12-28,False
KOYN,8,2025-10-01,False
KPDD,1,2025-03-13,False
KPDD,4,2025-03-18,False
KPHO,1,2025-12-05,False
KPHO,5,2025-12-11,False
KPHO,11,2025-12-19,False
KPLT,8,2020-01-13,False
KPLT,26,2020-02-07,False
KPLTW,1,2020-01-03,False
KPRO,8,2024-02-21,False
KPRO,32,2024-03-26,False
KQQQ,1,2024-07-24,False
KQQQ,7,2024-08-01,False
KQQQ,15,2024-08-13,False
KR,2081,2024-04-11,False
KRAQ,8,2026-04-01,False
KRAQU,8,2026-02-09,False
KRAQU,12,2026-02-13,False
KRAQU,18,2026-02-24,False
KRAQW,1,2026-03-23,False
KRBN,5,2020-08-06,False
KRBN,8,2020-08-11,False
KRBN,14,2020-08-19,False
KRBN,30,2020-09-11,False
KRBN,215,2021-06-08,False
KRBP,1,2020-10-19,False
KRBP,5,2020-10-23,False
KRBP,10,2020-10-30,False
KRBP,14,2020-11-06,False
KRE,2010,2023-12-28,False
KRE,2017,2024-01-09,False
KREF-P-A,7,2021-04-21,False
KREF-P-A,22,2021-05-12,False
KREF-P-A,24,2021-05-14,False
KRG,1750,2022-12-14,False
KRMN,2,2025-02-18,False
KRMN,8,2025-02-26,False
KRNT,1039,2020-02-20,False
KRNY,2015,2024-01-05,False
KROP,1,2021-07-15,False
KROP,6,2021-07-22,False
KROP,9,2021-07-27,False
KROP,15,2021-08-04,False
KROP,1165,2026-03-11,False
KROS,1,2020-04-09,False
KRP,1198,2021-11-05,False
KRSP-U,8,2026-01-15,False
KRSP-U,21,2026-02-09,False
KRSP-U,24,2026-02-12,False
KRSP-UN,7,2025-10-14,False
KRSP-UN,20,2025-11-21,False
KRSP-UN,28,2025-12-04,False
KRSP-UN,33,2025-12-11,False
KRSP-UN,35,2025-12-15,False
KRSP-WS,1,2025-11-24,False
KRSP-WS,6,2025-12-02,False
KRT,1,2021-04-16,False
KRT,3,2021-04-20,False
KRT,7,2021-04-26,False
KRT,19,2021-05-12,False
KRUZ,8,2023-01-12,False
KRYP,1,2026-02-05,False
KRYP,4,2026-02-10,False
KRYP,9,2026-02-18,False
KRYS,2084,2026-01-07,False
KRYS,2100,2026-01-30,False
KRYS,2102,2026-02-03,False
KSCP,1,2022-01-28,False
KSEP,8,2024-09-13,False
KSEP,22,2024-10-03,False
KSEP,24,2024-10-07,False
KSEP,27,2024-10-10,False
KSLV,5,2025-10-07,False
KSLV,7,2025-10-09,False
KSLV,23,2025-10-31,False
KSPI,3,2021-01-06,False
KSPY,6,2024-07-24,False
KSPY,10,2024-07-30,False
KSPY,20,2024-08-13,False
KSPY,37,2024-09-06,False
KSTR,3,2021-01-27,False
KSTR,5,2021-01-29,False
KSTR,8,2021-02-03,False
KSTR,11,2021-02-08,False
KSTR,26,2021-03-02,False
KSTR,124,2021-07-21,False
KSTR,1162,2025-09-09,False
KT,1371,2021-06-15,False
KT,1379,2021-06-25,False
KT,2559,2026-03-10,False
KT,2564,2026-03-17,False
KTB,1174,2024-01-09,False
KTEC,4,2021-06-15,False
KTEC,9,2021-06-22,False
KTEC,24,2021-07-14,False
KTEC,26,2021-07-16,False
KTTA,1,2021-09-16,False
KTUP,1,2025-09-17,False
KTWOR,2,2026-02-27,False
KTWOR,6,2026-03-06,False
KTWOR,8,2026-03-16,False
KTWOR,14,2026-03-30,False
KTWOU,8,2026-02-10,False
KURE,623,2020-07-24,False
KVAC,9,2023-09-27,False
KVAC,25,2023-10-19,False
KVACU,9,2023-08-04,False
KVACW,2,2023-09-18,False
KVLE,8,2020-12-07,False
KVLE,23,2020-12-29,False
KVLE,26,2021-01-04,False
KVUE,1,2023-05-05,False
KVUE,8,2023-05-16,False
KVUE,12,2023-05-22,False
KVUE,17,2023-05-30,False
KVUE,20,2023-06-02,False
KVUE,26,2023-06-12,False
KVYO,4,2023-09-26,False
KW,2442,2025-09-19,False
KWM,1,2025-05-07,False
KWM,4,2025-05-12,False
KWMWW,1,2025-05-13,False
KWR,1236,2020-11-30,False
KWR,1241,2020-12-07,False
KWT,7,2020-09-15,False
KWT,20,2020-10-02,False
KWT,35,2020-10-23,False
KYIV,8,2024-12-13,False
KYLD,1,2025-11-03,False
KYLD,7,2025-11-11,False
KYLD,13,2025-11-19,False
KYMR,1,2020-08-24,False
KYMR,1300,2025-10-24,False
KYN,1381,2021-06-29,False
KYN,2218,2024-10-25,False
KYN,2248,2024-12-09,False
KYNB,1792,2023-02-15,False
KYTX,6,2024-02-16,False
KYTX,12,2024-02-27,False
KYTX,14,2024-02-29,False
LABX,2,2025-08-14,False
LABX,8,2025-08-22,False
LAC,1,2023-10-03,False
LACG,1,2025-12-12,False
LAD,1170,2020-08-26,False
LAD,1898,2023-07-20,False
LAD,1903,2023-07-27,False
LADR,1316,2021-03-26,False
LADR,1903,2023-07-27,False
LAES,1,2023-05-23,False
LAFA,8,2025-12-09,False
LAMR,2218,2024-10-25,False
LAND,1361,2021-06-01,False
LAND,1364,2021-06-04,False
LAND,2559,2026-03-10,False
LANV,5,2021-03-22,False
LANV,8,2021-03-25,False
LANV,11,2021-03-30,False
LANV,14,2021-04-05,False
LANV,30,2021-04-27,False
LANV-WT,1,2024-12-11,False
LAPR,8,2024-04-11,False
LARK,2265,2025-01-03,False
LASE,1,2022-10-03,False
LATA,1,2025-11-11,False
LATA,9,2025-11-21,False
LAUR,762,2020-02-12,False
LAUR,1649,2023-08-22,False
LAUR,1840,2024-05-24,False
LAW,1,2021-07-22,False
LAW,3,2021-07-26,False
LAW,1054,2025-10-01,False
LAWR,2,2025-07-21,False
LAYS,2,2025-03-10,False
LAZ,1910,2023-08-07,False
LAZ,2038,2024-02-08,False
LAZ,2045,2024-02-20,False
LB,1,2024-07-01,False
LB,3,2024-07-03,False
LBAY,6,2020-11-25,False
LBAY,8,2020-11-30,False
LBAY,21,2020-12-17,False
LBAY,24,2020-12-22,False
LBGJ,1,2024-10-24,False
LBGJ,5,2024-10-30,False
LBGJ,14,2024-11-12,False
LBO,7,2023-12-11,False
LBO,28,2024-01-11,False
LBO,32,2024-01-18,False
LBRDA,1924,2023-08-25,False
LBRDA,2169,2024-08-16,False
LBRDA,2171,2024-08-20,False
LBRDK,1924,2023-08-25,False
LBRDK,2169,2024-08-16,False
LBRDK,2171,2024-08-20,False
LBRT,1462,2023-11-02,False
LBRX,1,2025-09-12,False
LBRX,7,2025-09-22,False
LBRX,11,2025-09-26,False
LBRX,13,2025-09-30,False
LBTYB,2425,2025-08-26,False
LBTYK,2252,2024-12-13,False
LC,2015,2024-01-05,False
LCAP,2,2025-03-28,False
LCAP,6,2025-04-03,False
LCAP,11,2025-04-10,False
LCAP,19,2025-04-23,False
LCCC,8,2025-07-03,False
LCCCU,8,2025-05-12,False
LCDL,1,2025-04-23,False
LCDL,4,2025-04-28,False
LCDS,6,2024-08-16,False
LCDS,17,2024-09-03,False
LCDS,19,2024-09-05,False
LCDS,23,2024-09-11,False
LCDS,25,2024-09-13,False
LCF,7,2022-08-09,False
LCF,20,2022-08-26,False
LCF,25,2022-09-02,False
LCFY,1,2022-03-28,False
LCFYW,1,2022-03-28,False
LCID,12,2020-10-06,False
LCID,15,2020-10-09,False
LCID,19,2020-10-15,False
LCID,25,2020-10-23,False
LCIZ,1,2026-01-23,False
LCIZ,3,2026-01-27,False
LCLG,1,2022-08-09,False
LCLG,5,2022-08-15,False
LCLG,7,2022-08-17,False
LCLG,14,2022-08-26,False
LCLG,19,2022-09-02,False
LCLG,22,2022-09-08,False
LCO,6,2026-01-15,False
LCO,19,2026-02-04,False
LCO,23,2026-02-10,False
LCOW,6,2025-05-15,False
LCOW,29,2025-06-18,False
LCOW,31,2025-06-23,False
LCR,8,2020-01-16,False
LCR,19,2020-02-03,False
LCTD,8,2021-04-20,False
LCTD,16,2021-04-30,False
LCTD,18,2021-05-04,False
LCTU,8,2021-04-20,False
LCTU,29,2021-05-19,False
LDDR,4,2025-01-13,False
LDEM,1,2020-02-13,False
LDEM,5,2020-02-20,False
LDEM,10,2020-02-27,False
LDEM,15,2020-03-05,False
LDI,1,2021-02-12,False
LDOS,1256,2020-12-29,False
LDOS,1919,2023-08-18,False
LDOS,2066,2024-03-20,False
LDRC,8,2024-11-20,False
LDRH,8,2024-11-20,False
LDRH,27,2024-12-18,False
LDRT,8,2024-11-20,False
LDRX,7,2025-05-14,False
LDRX,14,2025-05-23,False
LDRX,19,2025-06-02,False
LDTCW,1,2021-03-02,False
LECO,2060,2024-03-12,False
LEG,1370,2021-06-14,False
LEGH,749,2021-12-06,False
LEGH,1693,2025-09-11,False
LEGN,1,2020-06-08,False
LEGN,4,2020-06-11,False
LEGO-WS,1,2026-03-17,False
LEGR,754,2021-01-26,False
LEGT,8,2024-04-10,False
LEN,1891,2023-07-11,False
LEN,2010,2023-12-28,False
LEN,2015,2024-01-05,False
LEN-B,1854,2023-05-16,False
LEN-B,2010,2023-12-28,False
LENS,6,2025-02-06,False
LENS,18,2025-02-25,False
LENS,20,2025-02-27,False
LENS,22,2025-03-03,False
LENS,27,2025-03-10,False
LENS,189,2025-10-29,False
LENS,191,2025-10-31,False
LENS,255,2026-02-04,False
LENS,259,2026-02-10,False
LENZ,1,2021-06-28,False
LESL,2,2020-11-02,False
LESL,14,2020-11-18,False
LEU,2468,2025-10-27,True
LEUX,1,2026-02-20,False
LEUX,5,2026-02-26,False
LEXI,8,2021-07-14,False
LEXI,10,2021-07-16,False
LEXI,34,2021-08-19,False
LFACU,516,2020-07-09,False
LFAI,7,2024-09-25,False
LFAI,14,2024-10-04,False
LFAI,23,2024-10-17,False
LFAI,25,2024-10-21,False
LFAO,3,2024-09-19,False
LFAO,14,2024-10-04,False
LFAO,23,2024-10-17,False
LFAO,25,2024-10-21,False
LFAW,5,2024-09-23,False
LFAW,13,2024-10-03,False
LFAW,19,2024-10-11,False
LFAW,23,2024-10-17,False
LFAW,25,2024-10-21,False
LFBE,8,2025-01-17,False
LFDR,8,2024-12-27,False
LFGY,4,2025-01-21,False
LFGY,6,2025-01-23,False
LFGY,12,2025-01-31,False
LFGY,15,2025-02-05,False
LFS,1,2025-10-10,False
LFSC,8,2024-10-31,False
LFSC,24,2024-11-22,False
LFSC,292,2025-12-19,False
LFST,1,2021-06-11,False
LFST,3,2021-06-15,False
LFST,19,2021-07-08,False
LFT,2028,2024-01-25,False
LGCB,1,2023-12-20,False
LGCF,5,2023-12-20,False
LGCF,7,2023-12-22,False
LGCF,21,2024-01-16,False
LGCF,25,2024-01-22,False
LGCL,2,2024-03-07,False
LGCY,1,2024-09-27,False
LGCY,3,2024-10-01,False
LGDX,1,2025-03-03,False
LGDX,4,2025-03-06,False
LGDX,6,2025-03-10,False
LGDX,9,2025-03-13,False
LGDX,12,2025-03-18,False
LGDX,22,2025-04-01,False
LGHT,2,2024-01-12,False
LGHT,8,2024-01-23,False
LGHT,11,2024-01-26,False
LGHT,16,2024-02-02,False
LGL,1654,2022-07-29,False
LGL,2020,2024-01-12,False
LGN,3,2025-09-17,False
LGN,14,2025-10-02,False
LGND,2021,2024-01-16,False
LGND,2038,2024-02-08,False
LGND,2407,2025-07-31,False
LGND,2485,2025-11-19,False
LGPS,1,2025-03-26,False
LGRO,1,2023-08-24,False
LGRO,7,2023-09-01,False
LGRO,16,2023-09-15,False
LGRO,19,2023-09-20,False
LGRO,23,2023-09-26,False
LGRO,26,2023-09-29,False
LGRO,31,2023-10-06,False
LGVN,1,2021-02-16,False
LHAI,1,2025-07-23,False
LHSW,1,2025-04-04,False
LI,1,2020-07-31,False
LI,4,2020-08-05,False
LI,239,2021-07-13,False
LIAE,8,2024-09-26,False
LIAM,8,2024-09-26,False
LIAU,8,2024-09-26,False
LIBD,3,2025-01-10,False
LIBD,8,2025-01-17,False
LIBD,30,2025-02-20,False
LICN,1,2023-02-07,False
LICN,3,2023-02-09,False
LIDR,2,2021-01-13,False
LIDRW,1,2021-01-07,False
LIEN,6,2022-02-14,False
LIEN,8,2022-02-16,False
LIEN,14,2022-02-25,False
LIEN,17,2022-03-02,False
LIEN,19,2022-03-04,False
LIEN,23,2022-03-10,False
LIEN,25,2022-03-14,False
LIEN,579,2024-05-28,False
LIF,4,2024-06-12,False
LIF,32,2024-07-24,False
LIFE,1,2026-01-30,False
LIFT,8,2025-10-06,False
LII,1678,2022-09-01,False
LII,1916,2023-08-15,False
LII,1921,2023-08-22,False
LIMI,1,2024-09-25,False
LIMI,21,2024-10-23,False
LIMN,1,2021-05-27,False
LIMN,5,2021-06-07,False
LIMN,10,2021-06-14,False
LIMN,13,2021-06-17,False
LIMN,24,2021-07-02,False
LIMN,26,2021-07-07,False
LIN,2070,2024-03-26,False
LIN,2077,2024-04-05,False
LINC,1933,2023-09-13,False
LINC,2372,2025-06-13,False
LIND,2531,2026-01-28,False
LINE,4,2024-07-30,False
LINE,17,2024-08-16,False
LINE,27,2024-08-30,False
LINE,31,2024-09-06,False
LINT,1,2025-11-20,False
LINT,4,2025-11-25,False
LION,3,2021-12-14,False
LION,8,2021-12-21,False
LION,11,2021-12-27,False
LION,21,2022-01-12,False
LION,27,2022-01-31,False
LION,1004,2026-01-09,False
LIPO,1,2022-12-20,False
LITL,7,2025-05-08,False
LITL,20,2025-05-28,False
LITL,22,2025-05-30,False
LITL,34,2025-06-17,False
LITL,36,2025-06-20,False
LITM,1,2021-11-22,False
LITP,1,2023-02-03,False
LITP,5,2023-02-09,False
LITP,8,2023-02-14,False
LITP,10,2023-02-16,False
LITP,15,2023-02-24,False
LITP,18,2023-03-01,False
LITP,685,2025-10-27,False
LITX,2,2026-01-29,False
LIVE,1779,2023-01-27,False
LJAN,8,2024-01-12,False
LJUL,8,2024-07-12,False
LJUL,26,2024-08-07,False
LKFN,1232,2020-11-23,False
LKFN,1311,2021-03-19,False
LKFN,2015,2024-01-05,False
LKOR,1823,2024-01-11,False
LKSP,8,2025-11-18,False
LLDR,6,2024-09-18,False
LLDR,17,2024-10-03,False
LLDR,26,2024-10-16,False
LLII,3,2025-11-07,False
LLII,23,2025-12-08,False
LLII,27,2025-12-12,False
LLY,1024,2020-01-29,False
LLY,1376,2021-06-22,False
LLY,1864,2023-05-31,False
LLY,2063,2024-03-15,False
LLY,2065,2024-03-19,False
LLYVA,1,2023-08-07,False
LLYVA,5,2023-08-11,False
LLYVA,15,2023-08-25,False
LLYVA,18,2023-08-30,False
LLYVA,339,2024-12-09,False
LLYVA,345,2024-12-17,False
LLYVA,352,2024-12-27,False
LLYVK,1,2023-08-07,False
LLYVK,5,2023-08-11,False
LLYVK,15,2023-08-25,False
LLYVK,339,2024-12-09,False
LLYVK,345,2024-12-17,False
LLYVK,352,2024-12-27,False
LLYX,8,2024-06-21,False
LLYX,66,2024-09-13,False
LMAT,1388,2021-07-09,False
LMB,1131,2020-10-21,False
LMBO,1,2024-07-18,False
LMBO,4,2024-07-23,False
LMND,2,2020-07-07,False
LMNX,1,2025-10-17,False
LMNX,3,2025-10-21,False
LMRI,3,2025-12-15,False
LMRI,9,2025-12-23,False
LMRI,18,2026-01-07,False
LMT,1545,2022-02-22,False
LMT,1559,2022-03-14,False
LMT,2190,2024-09-17,False
LMT,2193,2024-09-20,False
LMT,2464,2025-10-21,False
LMTL,1,2025-08-07,False
LMTL,4,2025-08-12,False
LMTL,6,2025-08-14,False
LMTL,53,2025-10-21,False
LMTS,4,2025-08-12,False
LMTS,10,2025-08-20,False
LMTS,14,2025-08-26,False
LMTS,19,2025-09-03,False
LMTS,28,2025-09-16,False
LMUB,6,2025-03-26,False
LMUB,9,2025-03-31,False
LMUB,11,2025-04-02,False
LMUB,14,2025-04-07,False
LMUB,22,2025-04-17,False
LNC,2442,2025-09-19,False
LNG,1376,2021-06-22,False
LNG,2251,2024-12-12,False
LNG,2579,2026-04-08,False
LNGX,6,2025-11-06,False
LNGX,19,2025-11-25,False
LNGX,30,2025-12-11,False
LNGX,35,2025-12-18,False
LNGX,108,2026-04-07,False
LNKB,1,2020-06-04,False
LNKB,1055,2026-01-29,False
LNKS,1,2024-12-06,False
LNN,1296,2021-02-26,False
LNSR,1,2020-10-05,False
LNSR,382,2022-04-08,False
LNZA,1,2021-09-27,False
LNZA,9,2021-10-07,False
LNZA,17,2021-10-19,False
LNZAW,1,2023-02-07,False
LOAR,1,2024-04-25,False
LOB,2017,2024-01-09,False
LOBO,1,2024-03-22,False
LOCL,3,2021-04-22,False
LOCL,7,2021-04-28,False
LOCL,17,2021-05-12,False
LOCL,27,2021-05-26,False
LOCT,8,2023-10-12,False
LOCT,19,2023-10-27,False
LODI,8,2024-12-16,False
LOGI,2301,2025-02-27,False
LOGI,2307,2025-03-07,False
LOGO,7,2025-06-06,False
LOGO,12,2025-06-13,False
LOGO,17,2025-06-23,False
LOKV,8,2025-05-01,False
LOKVU,8,2025-03-11,False
LOMA,1754,2024-10-23,False
LOMA,1797,2024-12-24,False
LOMA,1799,2024-12-27,False
LONA,1,2020-09-21,False
LONA,7,2020-09-29,False
LONA,300,2021-11-26,False
LONZ,1,2022-06-10,False
LONZ,20,2022-07-11,False
LOOP,1113,2020-09-29,False
LOPE,1742,2022-12-02,False
LOPE,1984,2023-11-20,False
LOPE,2240,2024-11-26,False
LOPP,7,2021-02-10,False
LOPP,17,2021-02-25,False
LOPP,37,2021-03-25,False
LOT,8,2021-05-18,False
LOT,13,2021-05-25,False
LOT,27,2021-06-15,False
LOTI,8,2025-10-10,False
LOTI,27,2025-11-06,False
LOTI,29,2025-11-10,False
LOTMY,4,2025-05-15,False
LOTMY,22,2025-06-11,False
LOTWW,1,2024-02-21,False
LOTWW,3,2024-02-23,False
LOUP,381,2020-01-30,False
LOUP,612,2020-12-29,False
LOUP,1371,2024-01-05,False
LOUP,1835,2025-11-11,False
LOW,1130,2020-06-30,False
LOW,1181,2020-09-11,False
LOW,1504,2021-12-22,False
LOW,1506,2021-12-27,False
LOWV,7,2023-03-31,False
LOWV,30,2023-05-04,False
LOWV,36,2023-05-12,False
LPA,1,2024-03-26,False
LPAA,8,2024-09-13,False
LPAAU,8,2024-07-23,False
LPAAW,1,2024-09-04,False
LPAAW,10,2024-09-18,False
LPBB,9,2024-12-11,False
LPBBU,8,2024-10-18,False
LPBBU,32,2024-11-21,False
LPCV,8,2026-02-20,False
LPCVW,1,2026-02-10,False
LPG,1250,2020-12-18,False
LPRE,1,2025-04-07,False
LPRE,4,2025-04-10,False
LPRE,34,2025-05-23,False
LPRO,648,2020-10-19,False
LPX,2015,2024-01-05,False
LQAI,7,2023-11-16,False
LQAI,40,2024-01-05,False
LQD,2019,2024-01-11,False
LQDA,1657,2025-02-28,False
LQDB,8,2021-06-03,False
LQDT,1921,2023-08-22,False
LQDW,6,2022-08-31,False
LQDW,9,2022-09-06,False
LQDW,17,2022-09-16,False
LQDW,21,2022-09-22,False
LQDW,23,2022-09-26,False
LQDW,26,2022-09-29,False
LQDW,28,2022-10-03,False
LQIG,8,2022-05-24,False
LQIG,20,2022-06-10,False
LQIG,26,2022-06-21,False
LQIG,28,2022-06-23,False
LQPE,1,2025-01-29,False
LQPE,3,2025-01-31,False
LQPE,9,2025-02-10,False
LQPE,11,2025-02-12,False
LQPE,23,2025-03-03,False
LQPE,26,2025-03-06,False
LQTI,8,2025-02-26,False
LQTI,21,2025-03-17,False
LQTI,36,2025-04-07,False
LRCU,1,2025-08-20,False
LRCU,4,2025-08-25,False
LRCU,6,2025-08-27,False
LRCX,1249,2020-12-17,False
LRCX,1252,2020-12-22,False
LRCX,1257,2020-12-30,False
LRCX,2065,2024-03-19,False
LRCX,2406,2025-07-30,False
LRCX,2461,2025-10-16,False
LRE,1,2023-09-28,False
LRGC,1,2023-09-21,False
LRGC,4,2023-09-26,False
LRGC,9,2023-10-03,False
LRGC,11,2023-10-05,False
LRGC,25,2023-10-25,False
LRGG,8,2024-05-28,False
LRGG,12,2024-06-03,False
LRHC,1,2023-10-10,False
LRN,2001,2023-12-14,False
LRN,2108,2024-05-20,False
LRN,2301,2025-02-27,False
LRN,2303,2025-03-03,False
LRN,2546,2026-02-19,False
LRND,2,2022-02-10,False
LRND,7,2022-02-17,False
LRND,14,2022-03-01,False
LRND,21,2022-03-10,False
LRNZ,1,2020-03-03,False
LRNZ,3,2020-03-05,False
LRNZ,972,2024-01-10,False
LSAK,1267,2021-01-14,False
LSAT,2,2020-10-29,False
LSAT,6,2020-11-04,False
LSAT,36,2020-12-17,False
LSB,2,2021-08-09,False
LSB,8,2021-08-17,False
LSB,10,2021-08-19,False
LSB,14,2021-08-25,False
LSBCF,2,2021-08-09,False
LSBCF,8,2021-08-17,False
LSBCF,10,2021-08-19,False
LSBCF,14,2021-08-25,False
LSDIF,1,2023-02-10,False
LSDIF,5,2023-02-16,False
LSE,1,2024-12-20,False
LSE,3,2024-12-24,False
LSEQ,2,2023-12-06,False
LSEQ,8,2023-12-14,False
LSEQ,10,2023-12-18,False
LSEQ,20,2024-01-03,False
LSF,1,2020-09-24,False
LSGR,4,2023-07-06,False
LSGR,7,2023-07-11,False
LSGR,19,2023-07-27,False
LSGR,21,2023-07-31,False
LSGR,31,2023-08-14,False
LSH,1,2024-07-01,False
LSH,3,2024-07-03,False
LST,8,2025-01-31,False
LST,16,2025-02-12,False
LST,21,2025-02-20,False
LST,26,2025-02-27,False
LSVD,4,2024-12-27,False
LSVD,8,2025-01-03,False
LSVD,12,2025-01-10,False
LSVD,14,2025-01-14,False
LSVD,27,2025-02-03,False
LSVD,34,2025-02-12,False
LTAX,8,2026-01-26,False
LTC,2561,2026-03-12,False
LTCC,1,2025-10-29,False
LTCH,3,2021-01-06,False
LTCH,7,2021-01-12,False
LTCH,12,2021-01-20,False
LTCHW,1,2021-01-04,False
LTH,1,2021-10-08,False
LTH,5,2021-10-14,False
LTH,9,2021-10-20,False
LTH,850,2025-02-27,False
LTL,1809,2024-02-29,False
LTL,2015,2024-12-23,False
LTL,2211,2025-10-07,False
LTM,2,2024-07-29,False
LTM,5,2024-08-01,False
LTM,11,2024-08-09,False
LTM,13,2024-08-13,False
LTM,161,2025-03-18,False
LTM,227,2025-06-23,False
LTRN,1,2020-06-12,False
LTRN,7,2020-06-22,False
LTTI,2,2025-02-18,False
LTTI,7,2025-02-26,False
LTTI,20,2025-03-17,False
LTTI,27,2025-03-26,False
LU,2,2020-11-03,False
LUCD,1,2021-10-15,False
LUCK,8,2021-05-07,False
LUCK,13,2021-05-17,False
LUCK,16,2021-06-02,False
LUCK,18,2021-06-07,False
LUCK,32,2021-07-13,False
LUCY,1,2022-08-16,False
LUCYW,1,2022-08-16,False
LUD,3,2025-03-03,False
LUD,8,2025-03-10,False
LULG,1,2025-11-06,False
LULG,5,2025-11-12,False
LULG,11,2025-11-20,False
LULU,1418,2021-08-20,False
LULU,2258,2024-12-23,False
LUNG,1,2020-10-02,False
LUNG,11,2020-10-16,False
LUNL,1,2026-01-14,False
LUNR,8,2021-11-30,False
LUNR,33,2022-02-07,False
LUNR,37,2022-02-24,False
LUV,1316,2021-03-26,False
LUV,1899,2023-07-21,False
LUXE,2,2021-01-25,False
LUXE,16,2021-02-12,False
LUXHQ,1,2022-08-15,False
LVDS,1,2025-07-15,False
LVDS,8,2025-07-24,False
LVDS,20,2025-08-11,False
LVIG,10,2026-03-24,False
LVIG,14,2026-03-30,False
LVLN,8,2025-12-01,False
LVLU,1,2021-11-12,False
LVLU,4,2021-11-17,False
LVLU,18,2021-12-08,False
LVRO,8,2021-11-11,False
LVRO,12,2021-11-17,False
LVRO,28,2021-12-10,False
LVRO,33,2021-12-17,False
LVRO,36,2021-12-22,False
LVRO,550,2024-01-10,False
LVS,2217,2024-10-24,False
LVS,2224,2024-11-04,False
LVWR,7,2020-12-03,False
LVWR,31,2021-01-08,False
LVWR-WT,1,2024-12-11,False
LW,1457,2022-08-26,False
LXEH,1,2020-10-02,False
LXEO,1,2023-11-03,False
LXEO,5,2023-11-09,False
LYEL,1,2021-06-18,False
LYEL,4,2021-06-23,False
LYEL,8,2021-06-29,False
LYLD,4,2024-07-18,False
LYLD,8,2024-07-24,False
LYLD,23,2024-08-14,False
LYRA,1,2020-05-04,False
LYRA,7,2020-05-12,False
LYTS,2249,2024-12-10,False
LYTS,2252,2024-12-13,False
LYTS,2434,2025-09-09,False
LYV,2246,2024-12-05,False
LYV,2252,2024-12-13,False
LZ,3,2021-07-06,False
LZ,9,2021-07-14,False
LZ,22,2021-08-02,False
LZM,8,2021-12-23,False
LZM,26,2022-01-20,False
LZM,33,2022-01-31,False
LZM-WT,2,2025-05-16,False
LZMH,1,2025-02-28,False
MA,1026,2020-01-31,False
MAA,1377,2021-06-23,False
MAAY,2,2025-11-06,False
MAAY,11,2025-11-19,False
MAAY,16,2025-11-26,False
MAC,2222,2024-10-31,False
MACI,8,2024-07-29,False
MACIU,8,2024-06-28,False
MACIW,3,2024-07-24,False
MACIW,7,2024-07-31,False
MADE,1,2024-07-19,False
MADE,3,2024-07-23,False
MADE,10,2024-08-01,False
MADE,18,2024-08-13,False
MAGC,3,2024-10-08,False
MAGC,7,2024-10-14,False
MAGC,14,2024-10-23,False
MAGG,8,2023-09-11,False
MAGG,12,2023-09-15,False
MAGG,26,2023-10-05,False
MAGH,3,2025-08-14,False
MAGO,9,2026-01-13,False
MAGO,13,2026-01-20,False
MAGO,17,2026-01-26,False
MAGS,5,2023-04-18,False
MAGS,7,2023-04-20,False
MAGX,2,2024-03-04,False
MAGX,6,2024-03-08,False
MAGX,26,2024-04-08,False
MAGX,99,2024-07-23,False
MAGY,7,2025-05-02,False
MAGY,22,2025-05-23,False
MAIA,1,2022-07-29,False
MAIN,1344,2021-05-06,False
MAIN,2291,2025-02-12,False
MAKX,3,2021-10-04,False
MAKX,8,2021-10-11,False
MAKX,33,2021-11-15,False
MAKX,35,2021-11-17,False
MAKX,793,2024-11-22,False
MAKX,804,2024-12-10,False
MAKX,960,2025-07-29,False
MAMB,8,2021-04-06,False
MAMB,34,2021-05-12,False
MAMK,1,2025-07-08,False
MAMO,1,2024-04-03,False
MAN,1744,2022-12-06,False
MAN,1903,2023-07-27,False
MANE,3,2026-02-09,False
MANI,8,2025-09-30,False
MAPP,4,2023-09-20,False
MAPP,12,2023-10-23,False
MAR,2216,2024-10-23,False
MARB,8,2020-02-18,False
MARB,20,2020-03-05,False
MARB,24,2020-03-11,False
MARM,8,2024-04-09,False
MARM,13,2024-04-16,False
MARM,17,2024-04-22,False
MARM,20,2024-04-25,False
MARO,2,2024-12-12,False
MARS,1,2026-03-06,False
MARS,5,2026-03-12,False
MARS,7,2026-03-16,False
MART,5,2023-03-07,False
MART,7,2023-03-09,False
MART,13,2023-03-17,False
MARU,3,2025-03-06,False
MARU,5,2025-03-10,False
MARU,13,2025-03-20,False
MARU,19,2025-03-28,False
MARU,23,2025-04-03,False
MARU,28,2025-04-10,False
MARU,30,2025-04-14,False
MARW,7,2023-03-09,False
MARW,9,2023-03-13,False
MARW,13,2023-03-17,False
MARZ,2,2021-03-03,False
MARZ,8,2021-03-11,False
MAS,2010,2023-12-28,False
MAS,2015,2024-01-05,False
MASI,1416,2021-08-18,False
MASI,2016,2024-01-08,False
MASI,2235,2024-11-19,False
MASK,1,2025-01-10,False
MASK,8,2025-01-22,False
MASS,1,2020-12-21,False
MATE,4,2025-12-23,False
MATE,37,2026-02-11,False
MATV,1792,2023-02-15,False
MATW,1311,2021-03-19,False
MATW,1316,2021-03-26,False
MATW,1751,2022-12-15,False
MATW,1755,2022-12-21,False
MATW,1776,2023-01-24,False
MATX,1442,2021-09-24,False
MATX,1916,2023-08-15,False
MATX,2035,2024-02-05,False
MAVF,5,2025-03-03,False
MAVF,8,2025-03-06,False
MAVF,10,2025-03-10,False
MAVF,17,2025-03-19,False
MAVF,26,2025-04-01,False
MAX,3,2020-11-02,False
MAXI,4,2022-10-06,False
MAXI,10,2022-10-14,False
MAXI,12,2022-10-18,False
MAXJ,8,2024-07-12,False
MAXJ,20,2024-07-30,False
MAXJ,24,2024-08-05,False
MAXN,1,2020-08-27,False
MAYM,8,2025-05-30,False
MAYP,7,2024-05-10,False
MAYT,1,2023-05-02,False
MAYT,9,2023-05-12,False
MAYU,7,2024-05-10,False
MAYU,20,2024-05-30,False
MAYW,8,2023-05-11,False
MAYZ,5,2021-05-10,False
MAYZ,14,2021-05-21,False
MAZE,1,2025-01-31,False
MB,1,2025-04-11,False
MBAK,1,2025-11-20,False
MBAV,8,2024-10-03,False
MBAVU,9,2024-08-13,False
MBAVW,2,2024-09-25,False
MBBA,8,2026-02-05,False
MBBA,28,2026-03-06,False
MBBA,34,2026-03-16,False
MBBA,37,2026-03-19,False
MBBB,8,2020-12-14,False
MBBB,27,2021-01-12,False
MBBB,29,2021-01-14,False
MBC,1,2022-12-12,False
MBC,332,2024-04-09,False
MBCC,5,2021-03-31,False
MBCC,7,2021-04-05,False
MBCC,28,2021-05-04,False
MBCC,32,2021-05-10,False
MBCC,36,2021-05-14,False
MBCC,39,2021-05-19,False
MBIN,856,2021-03-25,False
MBIN,1021,2021-11-17,False
MBIN,1333,2023-02-15,False
MBIN,1341,2023-02-28,False
MBIN,1344,2023-03-03,False
MBIN,1559,2024-01-10,False
MBINM,7,2022-10-04,False
MBLY,1,2022-10-27,False
MBLY,10,2022-11-09,False
MBLY,21,2022-11-25,False
MBND,8,2021-02-17,False
MBND,19,2021-03-04,False
MBNE,26,2022-05-12,False
MBNE,28,2022-05-16,False
MBOX,4,2021-05-11,False
MBOX,8,2021-05-17,False
MBOX,12,2021-05-21,False
MBOX,17,2021-05-28,False
MBS,8,2024-03-01,False
MBS,25,2024-03-26,False
MBS,37,2024-04-12,False
MBSF,8,2024-03-11,False
MBSX,4,2025-05-06,False
MBSX,6,2025-05-08,False
MBVI,8,2025-10-29,False
MBVI,13,2025-11-05,False
MBVI,26,2025-11-24,False
MBWM,2015,2024-01-05,False
MBX,1,2024-09-13,False
MC,1212,2020-10-26,False
MC,1221,2020-11-06,False
MC,1279,2021-02-02,False
MC,1281,2021-02-04,False
MC,1910,2023-08-07,False
MC,2017,2024-01-09,False
MCAG,8,2021-12-14,False
MCB,965,2021-09-10,False
MCBS,658,2021-12-16,False
MCDS,7,2024-08-19,False
MCDS,25,2024-09-13,False
MCFT,2546,2026-02-19,False
MCGA,1,2025-09-04,False
MCGA,3,2025-09-08,False
MCGA,9,2025-09-16,False
MCGA,12,2025-09-19,False
MCGA,24,2025-10-07,False
MCH,1,2022-07-15,False
MCH,6,2022-07-22,False
MCH,8,2022-07-26,False
MCH,17,2022-08-08,False
MCH,19,2022-08-10,False
MCH,25,2022-08-18,False
MCHI,2216,2024-10-23,False
MCHPP,3,2025-03-26,False
MCHPP,7,2025-04-01,False
MCHS,1,2024-01-16,False
MCHS,4,2024-01-19,False
MCHS,9,2024-01-26,False
MCHS,14,2024-02-05,False
MCHS,18,2024-02-09,False
MCHS,182,2024-10-23,False
MCHS,526,2026-03-11,False
MCO,2015,2024-01-05,False
MCOW,1,2025-08-29,False
MCOW,7,2025-09-09,False
MCOW,18,2025-09-24,False
MCOW,26,2025-10-06,False
MCOW,29,2025-10-09,False
MCOW,32,2025-10-14,False
MCRI,1018,2020-01-21,False
MCRP,2,2025-03-10,False
MCS,2236,2024-11-20,False
MCS,2250,2024-12-11,False
MCTA,1,2025-10-22,False
MCVT,2,2026-03-27,False
MCVT,8,2026-04-07,False
MCW,2,2021-06-29,False
MCY,1313,2021-03-23,False
MCY,2057,2024-03-07,False
MCY,2059,2024-03-11,False
MCY,2062,2024-03-14,False
MCY,2247,2024-12-06,False
MDAA,4,2025-10-09,False
MDAA,8,2025-10-15,False
MDAA,10,2025-10-17,False
MDAA,12,2025-10-21,False
MDAA,27,2025-11-11,False
MDAA,29,2025-11-13,False
MDAI,8,2021-04-16,False
MDAI,15,2021-04-27,False
MDAI,17,2021-04-29,False
MDAI,32,2021-05-20,False
MDAIW,1,2023-09-12,False
MDBH,1,2023-09-22,False
MDBX,1,2025-08-20,False
MDBX,4,2025-08-25,False
MDEV,8,2021-07-06,False
MDEV,18,2021-07-20,False
MDEV,35,2021-08-12,False
MDEV,37,2021-08-16,False
MDIA,1,2020-01-07,False
MDLN,1,2025-12-18,False
MDLN,5,2025-12-24,False
MDLN,15,2026-01-09,False
MDLV,4,2023-05-02,False
MDLV,14,2023-05-16,False
MDLV,18,2023-05-22,False
MDLV,20,2023-05-24,False
MDLV,28,2023-06-06,False
MDLZ,1857,2023-05-19,False
MDPL,8,2024-03-19,False
MDPL,19,2024-04-04,False
MDPL,23,2024-04-10,False
MDPL,25,2024-04-12,False
MDPL,28,2024-04-17,False
MDRX,1492,2021-12-06,False
MDST,3,2024-04-12,False
MDST,9,2024-04-22,False
MDST,34,2024-05-28,False
MDT,2027,2024-01-24,False
MDT,2029,2024-01-26,False
MDU,2088,2024-04-22,False
MDU,2486,2025-11-20,False
MDV,1,2022-02-14,False
MDY,1274,2021-01-26,False
MDY,1279,2021-02-02,False
MDYG,1279,2021-02-02,False
MDYG,2080,2024-04-10,False
MDYV,1259,2021-01-04,False
MDYV,2015,2024-01-05,False
MEDI,7,2022-11-29,False
MEDI,19,2022-12-15,False
MEDI,23,2022-12-21,False
MEDI,25,2022-12-23,False
MEDP,1103,2020-12-29,False
MEDP,1913,2024-03-20,False
MEDX,8,2023-02-10,False
MEDX,11,2023-02-15,False
MEDX,14,2023-02-21,False
MEDX,17,2023-02-24,False
MEDX,19,2023-02-28,False
MEDX,24,2023-03-07,False
MEG,2,2020-07-27,False
MEG,6,2020-07-31,False
MEGI,8,2021-11-08,False
MEGI,31,2021-12-10,False
MEGL,1,2022-08-08,False
MEHA,1,2025-11-06,False
MEI,1750,2022-12-14,False
MELI,2007,2023-12-22,False
MELI,2010,2023-12-28,False
MELI,2180,2024-09-03,False
MELI,2196,2024-09-25,False
MEM,7,2022-07-22,False
MEM,29,2022-08-23,False
MEM,32,2022-08-26,False
MEM,36,2022-09-01,False
MEMA,7,2025-12-29,False
MEMA,33,2026-02-05,False
MEME,2,2025-10-10,False
MEMS,2,2024-01-16,False
MEMS,10,2024-01-26,False
MEMS,16,2024-02-05,False
MEMS,22,2024-02-13,False
MEMX,7,2023-01-23,False
MEMX,16,2023-02-03,False
MEMX,20,2023-02-09,False
MEMX,24,2023-02-15,False
MEMX,27,2023-02-21,False
MEMX,33,2023-03-01,False
MEMY,1,2026-01-21,False
MEMY,3,2026-01-23,False
MEMY,7,2026-01-29,False
MEMY,15,2026-02-10,False
MENS,1,2025-06-18,False
MEOH,1221,2020-11-06,False
MESH,8,2026-02-11,False
MESHW,1,2026-02-02,False
MESO,1031,2020-02-07,False
METCB,1,2023-06-20,False
METCI,8,2025-08-13,False
METCZ,7,2024-12-12,False
METCZ,25,2025-01-10,False
METD,3,2024-06-10,False
METD,10,2024-06-20,False
METD,15,2024-06-27,False
METD,19,2024-07-03,False
METD,23,2024-07-10,False
METL,4,2025-09-16,False
METL,6,2025-09-18,False
METL,33,2025-10-27,False
METU,6,2024-06-13,False
METV,1,2021-07-01,False
METV,4,2021-07-07,False
METV,9,2021-07-14,False
METV,13,2021-07-20,False
METV,17,2021-07-26,False
METV,23,2021-08-03,False
METV,25,2021-08-05,False
METV,1026,2025-08-01,False
METW,1,2025-06-20,False
METW,5,2025-06-26,False
METW,22,2025-07-22,False
METW,25,2025-07-25,False
MEVO,8,2026-03-03,False
MEVOU,8,2026-02-10,False
MEVOW,1,2026-02-20,False
MFA,2015,2024-01-05,False
MFAN,11,2024-02-08,False
MFAN,13,2024-02-12,False
MFAN,15,2024-02-14,False
MFAO,8,2024-05-06,False
MFEM,858,2021-02-03,False
MFG,1300,2021-03-04,False
MFG,1788,2023-02-09,False
MFG,2548,2026-02-23,False
MFI,1,2024-04-23,False
MFIC,1317,2021-03-29,False
MFIG,3,2025-12-12,False
MFIG,6,2025-12-17,False
MFIG,8,2025-12-19,False
MFIG,20,2026-01-08,False
MFIG,35,2026-01-30,False
MFIN,1250,2020-12-18,False
MFIN,2000,2023-12-13,False
MFIN,2236,2024-11-20,False
MFMO,3,2025-12-12,False
MFMO,6,2025-12-17,False
MFMO,9,2025-12-22,False
MFMO,20,2026-01-08,False
MFMO,27,2026-01-20,False
MFSB,17,2024-12-31,False
MFSB,26,2025-01-15,False
MFSG,8,2024-12-17,False
MFSG,11,2024-12-20,False
MFSG,13,2024-12-24,False
MFSG,15,2024-12-27,False
MFSG,23,2025-01-10,False
MFSG,25,2025-01-14,False
MFSI,9,2024-12-18,False
MFSI,17,2024-12-31,False
MFSI,23,2025-01-10,False
MFSI,25,2025-01-14,False
MFSM,16,2024-12-30,False
MFSV,8,2024-12-17,False
MFSV,13,2024-12-24,False
MFSV,15,2024-12-27,False
MFSV,17,2024-12-31,False
MFSV,23,2025-01-10,False
MFUL,22,2021-12-06,False
MFUT,4,2024-06-04,False
MFUT,12,2024-06-14,False
MFUT,18,2024-06-25,False
MFUT,20,2024-06-27,False
MFUT,34,2024-07-18,False
MFUT,425,2026-02-09,False
MFVL,8,2025-12-19,False
MFVL,34,2026-01-29,False
MG,1843,2023-05-01,False
MG,2180,2024-09-03,False
MG,2437,2025-09-12,False
MGAM,1,2022-08-01,False
MGIH,1,2023-04-05,False
MGLD,1,2022-03-08,False
MGMT,4,2020-12-09,False
MGMT,7,2020-12-14,False
MGMT,17,2020-12-29,False
MGMT,40,2021-02-02,False
MGMT,78,2021-03-29,False
MGN,1,2025-09-29,False
MGNR,5,2024-02-13,False
MGNR,7,2024-02-15,False
MGNR,48,2024-04-16,False
MGNR,51,2024-04-19,False
MGNR,54,2024-04-24,False
MGNR,432,2025-10-27,False
MGOV,14,2023-08-23,False
MGOV,30,2023-09-15,False
MGPI,1586,2022-04-21,False
MGRB,7,2020-10-08,False
MGRB,23,2020-10-30,False
MGRB,27,2020-11-05,False
MGRB,29,2020-11-09,False
MGRD,13,2021-08-11,False
MGRE,12,2024-04-15,False
MGRT,2,2025-07-17,False
MGRX,1,2023-03-22,False
MGX,1,2024-02-09,False
MGY,1623,2024-04-22,False
MGY,1626,2024-04-25,False
MGYR,1345,2024-01-25,False
MGYR,1561,2024-12-26,False
MH,2,2025-07-25,False
MHK,2165,2024-08-12,False
MHLA,2,2026-03-02,False
MHLA,4,2026-03-04,False
MHLA,6,2026-03-06,False
MHLA,10,2026-03-12,False
MHLA,15,2026-03-19,False
MHO,1791,2023-02-14,False
MHO,2017,2024-01-09,False
MHO,2019,2024-01-11,False
MHO,2441,2025-09-18,False
MHUAF,1,2022-02-17,False
MHY,8,2025-09-30,False
MHY,16,2025-10-10,False
MIAX,1,2025-08-15,False
MIAX,4,2025-08-20,False
MIAX,46,2025-10-20,False
MICC,1,2025-12-09,False
MICC,4,2025-12-12,False
MICC,15,2025-12-30,False
MICC,20,2026-01-07,False
MICC,24,2026-01-13,False
MID,1,2020-07-16,False
MID,6,2020-07-23,False
MID,22,2020-08-14,False
MID,25,2020-08-19,False
MIDD,1246,2020-12-14,False
MIDD,2293,2025-02-14,False
MIDE,1,2021-02-25,False
MIDE,4,2021-03-02,False
MIDE,8,2021-03-08,False
MIDE,23,2021-03-29,False
MIDU,1910,2023-08-07,False
MIG,8,2020-12-16,False
MILK,8,2024-12-31,False
MILK,16,2025-01-14,False
MILK,36,2025-02-12,False
MIMI,6,2025-01-16,False
MINN,8,2021-03-24,False
MINO,8,2021-09-21,False
MINO,21,2021-10-08,False
MINV,7,2022-07-22,False
MINV,15,2022-08-03,False
MINV,17,2022-08-05,False
MINV,20,2022-08-10,False
MINV,27,2022-08-19,False
MINV,30,2022-08-24,False
MINV,32,2022-08-26,False
MIR,8,2020-09-01,False
MIR,32,2020-10-06,False
MIR,35,2020-10-09,False
MIR,37,2020-10-13,False
MIR,113,2021-02-02,False
MIRA,1,2023-08-04,False
MIRM,1550,2025-09-17,False
MIRM,1654,2026-02-17,False
MISL,5,2022-11-02,False
MISL,7,2022-11-04,False
MISL,18,2022-11-21,False
MISL,20,2022-11-23,False
MISL,30,2022-12-08,False
MISL,35,2022-12-15,False
MITN,9,2024-02-20,False
MITN,22,2024-03-08,False
MITP,8,2024-05-31,False
MITQ,1,2021-07-09,False
MJSC,5,2025-09-24,False
MJSC,10,2025-10-01,False
MJSC,14,2025-10-07,False
MJSC,17,2025-10-10,False
MJSC,19,2025-10-14,False
MJSC,22,2025-10-17,False
MKAM,8,2023-04-24,False
MKAM,10,2023-04-26,False
MKAM,16,2023-05-04,False
MKAM,22,2023-05-12,False
MKC,1522,2022-01-19,False
MKCV,1392,2022-01-19,False
MKDW,1,2023-03-27,False
MKDWW,1,2023-03-27,False
MKL,1579,2022-04-11,False
MKLY,8,2025-10-14,False
MKOR,3,2023-07-20,False
MKOR,8,2023-07-27,False
MKOR,16,2023-08-08,False
MKOR,18,2023-08-10,False
MKOR,21,2023-08-15,False
MKOR,26,2023-08-22,False
MKOR,511,2025-07-30,False
MKSI,1250,2020-12-18,False
MKSI,2015,2024-01-05,False
MKTN,4,2025-10-01,False
MKTN,6,2025-10-03,False
MKTN,14,2025-10-15,False
MKTW,8,2020-09-24,False
MKTW,11,2020-09-29,False
MKTW,13,2020-10-01,False
MKTW,23,2020-10-15,False
MKTW,25,2020-10-19,False
MKTW,28,2020-10-22,False
MKTW,30,2020-10-26,False
MKTW,34,2020-10-30,False
MKTX,2019,2024-01-11,False
MKZR,4,2024-06-04,False
MLAA,8,2026-03-31,False
MLAAU,8,2026-02-06,False
MLAAW,1,2026-03-23,False
MLAC,8,2025-02-13,False
MLACR,1,2025-02-04,False
MLACU,8,2024-12-26,False
MLCI,2436,2025-09-11,False
MLCIL,7,2026-02-11,False
MLCIL,10,2026-02-17,False
MLCIL,14,2026-02-23,False
MLCIL,16,2026-02-25,False
MLCIL,20,2026-03-03,False
MLCIL,23,2026-03-06,False
MLCIL,26,2026-03-11,False
MLDR,8,2024-09-20,False
MLDR,26,2024-10-16,False
MLEC,8,2021-03-12,False
MLEC,12,2021-03-18,False
MLEC,17,2021-03-25,False
MLEC,20,2021-03-30,False
MLEC,37,2021-04-23,False
MLECW,1,2021-03-03,False
MLGO,7,2021-04-22,False
MLGO,30,2021-05-25,False
MLI,1485,2021-11-24,False
MLI,1491,2021-12-03,False
MLI,1493,2021-12-07,False
MLM,1225,2020-11-12,False
MLM,2066,2024-03-20,False
MLM,2076,2024-04-04,False
MLP,1834,2023-04-25,False
MLP,2025,2024-01-29,False
MLPD,8,2024-05-20,False
MLPD,15,2024-05-30,False
MLPD,18,2024-06-04,False
MLPI,7,2025-12-30,False
MLPI,16,2026-01-13,False
MLPI,18,2026-01-15,False
MLPI,58,2026-03-16,False
MLPR,1,2020-06-04,False
MLPR,4,2020-06-09,False
MLPX,1253,2020-12-23,False
MLPX,2578,2026-04-07,False
MLR,1751,2022-12-15,False
MLR,1838,2023-04-24,False
MLTX,3,2020-10-23,False
MLTX,13,2020-11-06,False
MLTX,28,2020-11-30,False
MLYS,1,2023-02-10,False
MMA,1,2024-04-01,False
MMA,4,2024-04-04,False
MMATQ,1,2021-06-29,False
MMATQ,1019,2025-07-21,False
MMAX,2,2025-04-03,False
MMAX,8,2025-04-11,False
MMAX,10,2025-04-15,False
MMCA,8,2022-01-03,False
MMCA,26,2022-01-28,False
MMED,1,2026-03-06,False
MMED,9,2026-03-18,False
MMED,11,2026-03-20,False
MMI,1482,2021-11-19,False
MMID,8,2025-10-06,False
MMID,17,2025-10-17,False
MMID,28,2025-11-03,False
MMID,30,2025-11-05,False
MMID,33,2025-11-10,False
MMK,8,2026-02-25,False
MMKT,8,2024-10-07,False
MMLG,1,2020-07-23,False
MMLG,7,2020-07-31,False
MMLG,35,2020-09-10,False
MMLG,37,2020-09-14,False
MMM,2019,2024-01-11,False
MMM,2294,2025-02-18,False
MMMA,8,2025-12-29,False
MMS,1802,2023-03-02,False
MMS,2446,2025-09-25,False
MMSC,7,2021-10-25,False
MMSC,27,2021-11-22,False
MMSC,30,2021-11-26,False
MMSC,32,2021-11-30,False
MMSD,8,2025-05-16,False
MMTX,8,2025-12-26,False
MMYT,2048,2024-02-23,False
MNBD,7,2022-06-01,False
MNBD,15,2022-06-13,False
MNBD,23,2022-06-24,False
MNDR,1,2024-04-11,False
MNDY,1,2021-06-11,False
MNFYY,8,2025-01-29,False
MNR,4,2023-10-31,False
MNR,8,2023-11-06,False
MNR,10,2023-11-08,False
MNR,16,2023-11-16,False
MNR,22,2023-11-27,False
MNR,25,2023-11-30,False
MNR,28,2023-12-05,False
MNRS,1,2025-01-31,False
MNRS,4,2025-02-05,False
MNRS,8,2025-02-11,False
MNRS,187,2025-10-28,False
MNSB,1521,2022-12-09,False
MNSO,2,2020-10-19,False
MNSO,9,2020-10-28,False
MNTK,1,2021-01-25,False
MNTK,9,2021-02-04,False
MNTN,1,2025-05-22,False
MNTS,8,2020-01-14,False
MNTSW,3,2020-01-21,False
MNVT,1,2026-03-19,False
MNVT,6,2026-03-26,False
MNVT,10,2026-04-01,False
MNY,3,2020-12-10,False
MNZL,1,2025-11-20,False
MNZL,5,2025-11-26,False
MNZL,19,2025-12-17,False
MNZL,21,2025-12-19,False
MNZL,24,2025-12-24,False
MO,1326,2021-04-12,False
MOB,1,2022-08-26,False
MOBBW,1,2022-08-26,False
MOBQW,2,2021-12-13,False
MOBX,8,2021-08-25,False
MOBXW,1,2021-08-16,False
MOD,2061,2024-03-13,False
MODL,2,2022-10-14,False
MODL,4,2022-10-18,False
MODL,6,2022-10-20,False
MODL,20,2022-11-09,False
MODL,44,2022-12-14,False
MOG-A,1996,2023-12-07,False
MOG-A,2532,2026-01-29,False
MOG-A,2560,2026-03-11,False
MOLN,2,2021-06-18,False
MOLN,4,2021-06-22,False
MOLN,6,2021-06-24,False
MOLN,16,2021-07-09,False
MOLN,19,2021-07-14,False
MONDQ,3,2021-03-29,False
MONDQ,6,2021-04-01,False
MONDQ,8,2021-04-06,False
MONDQ,11,2021-04-09,False
MONDQ,23,2021-04-27,False
MONDQ,27,2021-05-03,False
MONDQ,1232,2026-03-19,False
MOO,2560,2026-03-11,False
MOOD,8,2022-06-01,False
MOOD,15,2022-06-10,False
MOOD,24,2022-06-24,False
MORN,1228,2020-11-17,False
MORN,2002,2023-12-15,False
MORT,1910,2023-08-07,False
MOS,2375,2025-06-13,False
MOTO,299,2021-01-26,False
MOTO,304,2021-02-02,False
MOVE,1,2021-03-24,False
MOVE,5,2021-03-30,False
MP,1,2020-06-23,False
MP,9,2020-07-06,False
MPB,2097,2024-08-09,False
MPB,2099,2024-08-13,False
MPC,1545,2022-02-22,False
MPC,1928,2023-08-31,False
MPL,1,2025-10-22,False
MPLT,1,2025-10-28,False
MPLT,4,2025-10-31,False
MPLX,1254,2020-12-24,False
MPLX,1259,2021-01-04,False
MPLX,2312,2025-03-14,False
MPLY,2,2025-05-20,False
MPLY,8,2025-05-29,False
MPLY,23,2025-06-20,False
MPRO,7,2021-04-05,False
MPTI,1,2022-10-04,False
MPTI,3,2022-10-06,False
MPTI-R,2,2026-02-26,False
MPTI-R,7,2026-03-05,False
MPTI-R,11,2026-03-11,False
MPTI-R,13,2026-03-13,False
MPTI-R,15,2026-03-17,False
MPTI-R-W,3,2026-02-26,False
MPTI-R-W,8,2026-03-05,False
MPTI-R-W,12,2026-03-11,False
MPTI-R-W,14,2026-03-13,False
MPTI-R-W,16,2026-03-17,False
MPTI-WS,2,2025-04-29,False
MPTI-WS,6,2025-05-05,False
MPWR,1433,2021-09-13,False
MQ,1,2021-06-10,False
MQ,4,2021-06-15,False
MQ,12,2021-06-25,False
MQQQ,2,2024-09-05,False
MQQQ,5,2024-09-10,False
MQQQ,7,2024-09-12,False
MQQQ,24,2024-10-07,False
MQQQ,36,2024-10-23,False
MQQQ,299,2025-11-11,False
MRAI,1,2021-10-28,False
MRAL,1,2025-03-10,False
MRBK,773,2021-03-31,False
MRBK,945,2021-12-03,False
MRBK,959,2021-12-23,False
MRBK,1366,2023-08-17,False
MRBK,1369,2023-08-22,False
MRBK,1371,2023-08-24,False
MRBK,1466,2024-01-10,False
MRBK,1677,2024-11-11,False
MRBK,1996,2026-02-23,False
MRCC,1338,2021-04-28,False
MRCC,1342,2021-05-04,False
MRCP,8,2024-03-13,False
MRCP,23,2024-04-04,False
MRCP,27,2024-04-10,False
MRCP,29,2024-04-12,False
MRCP,33,2024-04-18,False
MRCP,37,2024-04-24,False
MRLN,8,2024-12-12,False
MRM,1,2020-12-30,False
MRM,5,2021-01-06,False
MRNO,1,2024-03-19,False
MRNOW,1,2022-03-15,False
MRNX,1,2026-02-05,False
MRNX,4,2026-02-10,False
MRNY,1,2023-10-25,False
MRNY,6,2023-11-01,False
MRNY,15,2023-11-14,False
MRP,1,2025-02-06,False
MRP,149,2025-09-10,False
MRSH,1354,2021-05-20,False
MRSK,7,2020-07-07,False
MRT,8,2021-09-14,False
MRT,32,2021-10-28,False
MRVI,1,2020-11-23,False
MRVI,5,2020-11-30,False
MRVI,15,2020-12-14,False
MRVU,1,2026-02-12,False
MRVU,6,2026-02-20,False
MRX,5,2024-05-01,False
MRX,8,2024-05-06,False
MRX,13,2024-05-13,False
MS-PQ,1,2024-07-24,False
MS-PQ,5,2024-07-30,False
MS-PQ,7,2024-08-01,False
MS-PQ,32,2024-09-06,False
MSA,1212,2020-10-26,False
MSA,1900,2023-07-24,False
MSA,2553,2026-03-02,False
MSAI,8,2021-11-29,False
MSAI,18,2021-12-13,False
MSAI,21,2021-12-16,False
MSAIW,1,2023-12-20,False
MSBI,1217,2021-03-25,False
MSBI,1447,2022-02-22,False
MSBI,1917,2024-01-05,False
MSBIP,7,2022-08-29,False
MSBIP,19,2022-09-15,False
MSBIP,25,2022-09-23,False
MSBIP,28,2022-09-28,False
MSBIP,31,2022-10-03,False
MSBIP,33,2022-10-05,False
MSBT,3,2026-04-14,False
MSCI,1418,2021-08-20,False
MSCI,1437,2021-09-17,False
MSDD,3,2025-06-13,False
MSDL,2,2024-01-26,False
MSDL,11,2024-02-08,False
MSDL,21,2024-02-23,False
MSDL,26,2024-03-01,False
MSFD,2,2022-09-09,False
MSFD,6,2022-09-15,False
MSFD,21,2022-10-06,False
MSFD,32,2022-10-21,False
MSFD,865,2026-02-19,False
MSFL,4,2024-03-22,False
MSFL,8,2024-03-28,False
MSFL,13,2024-04-05,False
MSFL,18,2024-04-12,False
MSFL,26,2024-04-24,False
MSFO,7,2023-09-06,False
MSFO,17,2023-09-20,False
MSFO,21,2023-09-26,False
MSFO,26,2023-10-03,False
MSFO,77,2023-12-14,False
MSFT,1997,2023-12-08,False
MSFU,3,2022-09-12,False
MSFU,9,2022-09-20,False
MSFU,12,2022-09-23,False
MSFU,14,2022-09-27,False
MSFU,16,2022-09-29,False
MSFW,6,2025-08-01,False
MSFW,14,2025-08-13,False
MSFW,17,2025-08-18,False
MSFW,22,2025-08-25,False
MSFW,24,2025-08-27,False
MSFW,26,2025-08-29,False
MSFX,4,2024-01-18,False
MSFX,6,2024-01-22,False
MSFX,27,2024-02-21,False
MSFX,29,2024-02-23,False
MSFY,4,2023-11-06,False
MSFY,7,2023-11-09,False
MSFY,31,2023-12-14,False
MSGE,2,2023-04-19,False
MSGE,8,2023-04-27,False
MSGE,10,2023-05-01,False
MSGE,698,2026-01-28,False
MSGM,1,2021-01-14,False
MSGR,1,2021-12-10,False
MSGR,3,2021-12-14,False
MSGR,7,2021-12-20,False
MSGR,15,2021-12-31,False
MSGS,2535,2026-02-03,False
MSGY,2,2025-07-09,False
MSI,2441,2025-09-18,False
MSI,2559,2026-03-10,False
MSI,2561,2026-03-12,False
MSI,2564,2026-03-17,False
MSIF,1,2023-08-25,False
MSII,1,2025-06-05,False
MSII,5,2025-06-11,False
MSII,12,2025-06-23,False
MSII,18,2025-07-01,False
MSLC,6,2024-12-17,False
MSLC,13,2024-12-27,False
MSLC,21,2025-01-10,False
MSLC,23,2025-01-14,False
MSM,1867,2023-06-05,False
MSMR,3,2021-11-22,False
MSMR,6,2021-11-26,False
MSMR,14,2021-12-08,False
MSMR,16,2021-12-10,False
MSOO,1,2025-08-14,False
MSOO,8,2025-08-25,False
MSOO,14,2025-09-03,False
MSOS,1,2020-09-03,False
MSOS,10,2020-09-17,False
MSOS,17,2020-09-28,False
MSOS,123,2021-03-02,False
MSOX,2,2022-08-26,False
MSPR,2,2020-10-23,False
MSPR,8,2020-11-02,False
MSPRW,1,2022-05-25,False
MSPRZ,3,2020-10-26,False
MSS,1,2023-10-06,False
MSSM,3,2024-12-12,False
MSSM,6,2024-12-17,False
MSSM,13,2024-12-27,False
MSSM,15,2024-12-31,False
MSSM,21,2025-01-10,False
MSSS,8,2024-03-19,False
MSSS,19,2024-04-04,False
MSSS,23,2024-04-10,False
MSSS,25,2024-04-12,False
MSST,1,2025-11-19,False
MST,1,2025-05-05,False
MST,3,2025-05-07,False
MST,5,2025-05-09,False
MSTB,7,2020-10-09,False
MSTB,20,2020-10-28,False
MSTB,24,2020-11-03,False
MSTI,8,2023-09-18,False
MSTI,15,2023-09-27,False
MSTI,19,2023-10-03,False
MSTI,21,2023-10-05,False
MSTK,3,2025-10-28,False
MSTQ,4,2022-03-21,False
MSTQ,6,2022-03-23,False
MSTQ,18,2022-04-08,False
MSTQ,22,2022-04-14,False
MSTQ,25,2022-04-20,False
MSTU,1,2024-09-19,False
MSTW,1,2025-07-25,False
MSTW,5,2025-07-31,False
MSTX,3,2024-08-20,False
MSTX,5,2024-08-22,False
MSTY,2,2024-02-26,False
MSTY,4,2024-02-28,False
MSTZ,1,2024-09-19,False
MSW,1,2024-11-25,False
MT,1256,2020-12-29,False
MT,2314,2025-03-18,False
MTB,2546,2026-02-19,False
MTB-PJ,8,2024-05-17,False
MTBA,8,2023-11-17,False
MTCH,2425,2025-08-26,False
MTEK,1,2022-02-03,False
MTEKW,1,2022-02-03,False
MTEN,1,2024-04-19,False
MTH,1798,2023-02-24,False
MTH,1801,2023-03-01,False
MTH,2010,2023-12-28,False
MTH,2015,2024-01-05,False
MTRN,1485,2021-11-24,False
MTRN,1494,2021-12-08,False
MTRN,2432,2025-09-05,False
MTSI,1737,2022-11-25,False
MTUL,4,2021-02-11,False
MTUL,6,2021-02-16,False
MTUL,16,2021-03-02,False
MTUM,2063,2024-03-15,False
MTX,2017,2024-01-09,False
MTX,2553,2026-03-02,False
MTYY,1,2025-09-24,False
MTYY,9,2025-10-06,False
MTYY,15,2025-10-14,False
MTZ,1276,2021-01-28,False
MTZ,1360,2021-05-28,False
MU,1257,2020-12-30,False
MU,1279,2021-02-02,False
MU,2082,2024-04-12,False
MUD,1,2024-10-11,False
MUD,4,2024-10-18,False
MUD,8,2024-10-24,False
MUD,18,2024-11-11,False
MUFG,1298,2021-03-02,False
MULL,1,2024-11-13,False
MULL,6,2024-11-20,False
MULT,8,2025-09-10,False
MUNA,8,2025-08-29,False
MUNA,29,2025-09-30,False
MUNA,33,2025-10-06,False
MUNB,8,2025-08-29,False
MUNC,8,2025-08-29,False
MUND,8,2025-08-29,False
MUND,29,2025-09-30,False
MUNX,8,2025-11-11,False
MUNY,7,2025-06-03,False
MUNY,17,2025-06-17,False
MUR,2090,2024-04-24,False
MUSA,1592,2022-04-29,False
MUSE,8,2024-11-29,False
MUSE,29,2024-12-31,False
MUSI,8,2021-07-14,False
MUSQ,7,2023-07-18,False
MUSQ,13,2023-07-26,False
MUSQ,17,2023-08-01,False
MUSQ,22,2023-08-08,False
MUSQ,26,2023-08-14,False
MUU,3,2024-10-15,False
MUZEU,8,2026-02-09,False
MUZEW,1,2026-03-24,False
MVAL,1,2024-04-01,False
MVAL,8,2024-04-10,False
MVAL,10,2024-04-12,False
MVAL,16,2024-04-22,False
MVBF,1088,2021-03-26,False
MVBF,1690,2023-08-17,False
MVFD,8,2024-03-19,False
MVFD,19,2024-04-04,False
MVFD,23,2024-04-10,False
MVFD,25,2024-04-12,False
MVFD,29,2024-04-18,False
MVFD,32,2024-04-23,False
MVFG,8,2024-03-19,False
MVFG,19,2024-04-04,False
MVFG,25,2024-04-12,False
MVFG,29,2024-04-18,False
MVFG,34,2024-04-25,False
MVLL,1,2025-03-10,False
MVLL,4,2025-03-13,False
MVO,1540,2022-02-14,False
MVPA,3,2024-02-05,False
MVPA,7,2024-02-09,False
MVPL,4,2024-03-05,False
MVPL,7,2024-03-08,False
MVPL,25,2024-04-04,False
MVPL,27,2024-04-08,False
MVRL,1,2020-06-04,False
MVRL,4,2020-06-09,False
MVRL,904,2024-01-05,False
MVSTW,1,2021-07-27,False
MVSTW,5,2021-08-02,False
MVV,1279,2021-02-02,False
MWA,1800,2023-02-28,False
MWA,2112,2024-05-24,False
MWA,2116,2024-05-31,False
MWA,2553,2026-03-02,False
MWG,1,2023-04-04,False
MWH,3,2026-02-17,False
MWH,8,2026-02-24,False
MWH,20,2026-03-12,False
MWYN,1,2025-03-14,False
MWYN,3,2025-03-18,False
MX,1028,2020-02-04,False
MX,1279,2021-02-02,False
MXCT,1,2021-08-02,False
MXCT,7,2021-08-10,False
MXI,1272,2021-01-22,False
MXI,1274,2021-01-26,False
MYCF,8,2024-10-04,False
MYCG,8,2024-10-04,False
MYCH,8,2024-10-04,False
MYCH,26,2024-10-30,False
MYCI,12,2024-10-10,False
MYCI,14,2024-10-14,False
MYCI,17,2024-10-17,False
MYCI,26,2024-10-30,False
MYCJ,8,2024-10-04,False
MYCJ,11,2024-10-09,False
MYCJ,19,2024-10-21,False
MYCJ,26,2024-10-30,False
MYCJ,31,2024-11-06,False
MYCK,16,2024-10-16,False
MYCK,19,2024-10-21,False
MYCK,26,2024-10-30,False
MYCK,31,2024-11-06,False
MYCL,15,2024-10-15,False
MYCL,26,2024-10-30,False
MYCL,31,2024-11-06,False
MYCM,8,2024-10-04,False
MYCM,11,2024-10-09,False
MYCM,15,2024-10-15,False
MYCM,26,2024-10-30,False
MYCN,8,2024-10-04,False
MYCN,16,2024-10-16,False
MYCN,19,2024-10-21,False
MYCN,26,2024-10-30,False
MYCN,31,2024-11-06,False
MYCO,8,2025-09-29,False
MYCO,37,2025-11-07,False
MYE,1755,2022-12-21,False
MYFW,678,2021-04-16,False
MYHB,8,2026-03-10,False
MYHB,11,2026-03-13,False
MYHB,16,2026-03-20,False
MYHB,22,2026-03-30,False
MYHC,8,2026-03-10,False
MYHC,11,2026-03-13,False
MYHC,14,2026-03-18,False
MYHC,16,2026-03-20,False
MYHC,18,2026-03-24,False
MYHC,22,2026-03-30,False
MYHD,8,2026-03-10,False
MYHD,11,2026-03-13,False
MYHD,14,2026-03-18,False
MYHD,18,2026-03-24,False
MYHD,22,2026-03-30,False
MYHE,12,2026-03-16,False
MYHE,14,2026-03-18,False
MYHE,18,2026-03-24,False
MYHE,22,2026-03-30,False
MYLD,3,2024-01-09,False
MYLD,7,2024-01-16,False
MYLD,10,2024-01-19,False
MYLD,21,2024-02-05,False
MYLD,25,2024-02-09,False
MYMF,8,2024-10-04,False
MYMG,8,2024-10-04,False
MYMG,21,2024-10-23,False
MYMG,25,2024-10-29,False
MYMG,27,2024-10-31,False
MYMH,8,2024-10-04,False
MYMH,14,2024-10-14,False
MYMH,19,2024-10-21,False
MYMH,22,2024-10-24,False
MYMH,26,2024-10-30,False
MYMI,8,2024-10-04,False
MYMI,11,2024-10-09,False
MYMI,14,2024-10-14,False
MYMI,19,2024-10-21,False
MYMI,22,2024-10-24,False
MYMI,27,2024-10-31,False
MYMI,31,2024-11-06,False
MYMJ,8,2024-10-04,False
MYMJ,14,2024-10-14,False
MYMJ,22,2024-10-24,False
MYMJ,26,2024-10-30,False
MYMJ,31,2024-11-06,False
MYMK,8,2025-09-29,False
MYPS,1,2020-12-22,False
MYPS,6,2020-12-30,False
MYPSW,1,2020-12-21,False
MYSE,1,2021-08-16,False
MYY,2324,2025-04-17,False
MZTI,1684,2022-09-12,False
MZTI,1690,2022-09-20,False
MZTI,1699,2022-10-03,False
MZTI,1746,2022-12-08,False
MZYX-UN,8,2026-03-09,False
NA,1,2022-07-14,False
NABL,1,2021-07-20,False
NAKA,1,2024-06-03,False
NAKAW,1,2024-06-03,False
NAMI,1,2024-12-09,False
NAMM,1,2025-06-04,False
NAMS,1,2021-02-09,False
NAMS,5,2021-02-16,False
NAMS,10,2021-02-23,False
NAMS,15,2021-03-02,False
NAMS,19,2021-03-08,False
NAMS,21,2021-03-10,False
NAMS,23,2021-03-12,False
NAMS,26,2021-03-17,False
NAMSW,1,2021-02-09,False
NANC,1,2023-02-08,False
NANC,7,2023-02-16,False
NANC,12,2023-02-24,False
NANC,16,2023-03-02,False
NANC,21,2023-03-09,False
NANC,26,2023-03-16,False
NANR,2100,2024-05-08,False
NANR,2537,2026-02-05,False
NAPR,6,2020-04-09,False
NATH,1315,2021-03-26,False
NATH,1683,2022-09-12,False
NATL,1,2023-10-12,False
NATL,5,2023-10-18,False
NATO,8,2024-10-23,False
NATO,14,2024-10-31,False
NATO,17,2024-11-05,False
NATO,31,2024-11-25,False
NATO,172,2025-06-23,False
NATO,331,2026-02-09,False
NAUG,1,2024-08-02,False
NAUG,8,2024-08-13,False
NAUG,22,2024-09-03,False
NAUG,25,2024-09-06,False
NAUT,7,2020-08-18,False
NAUT,31,2020-09-22,False
NAUT,35,2020-09-28,False
NAVI,1380,2021-06-28,False
NAVN,1,2025-10-31,False
NBBK,1,2023-12-29,False
NBBK,8,2024-01-10,False
NBBK,26,2024-02-06,False
NBBK,30,2024-02-12,False
NBCE,2,2023-10-18,False
NBCE,7,2023-10-25,False
NBCE,9,2023-10-27,False
NBCM,4,2022-10-28,False
NBCM,8,2022-11-03,False
NBCM,20,2022-11-21,False
NBCM,25,2022-11-29,False
NBCM,33,2022-12-09,False
NBCM,35,2022-12-13,False
NBCR,1,2024-08-02,False
NBCR,8,2024-08-13,False
NBCR,22,2024-09-03,False
NBCR,25,2024-09-06,False
NBCT,3,2022-04-11,False
NBCT,6,2022-04-14,False
NBCT,10,2022-04-21,False
NBCT,16,2022-04-29,False
NBCT,18,2022-05-03,False
NBCT,20,2022-05-05,False
NBDS,1,2022-04-08,False
NBDS,5,2022-04-14,False
NBDS,8,2022-04-20,False
NBDS,15,2022-04-29,False
NBFC,8,2024-07-08,False
NBFR,12,2026-03-12,False
NBFR,16,2026-03-18,False
NBFR,18,2026-03-20,False
NBFR,22,2026-03-26,False
NBFR,26,2026-04-01,False
NBGX,5,2024-12-27,False
NBGX,8,2025-01-02,False
NBGX,11,2025-01-07,False
NBGX,13,2025-01-10,False
NBGX,15,2025-01-14,False
NBGX,30,2025-02-05,False
NBHC,1737,2022-11-25,False
NBHC,1742,2022-12-02,False
NBHC,2155,2024-07-29,False
NBIE,3,2026-03-12,False
NBIE,7,2026-03-18,False
NBIE,11,2026-03-24,False
NBIE,13,2026-03-26,False
NBIE,15,2026-03-30,False
NBIG,1,2025-10-28,False
NBIG,3,2025-10-30,False
NBIL,1,2025-10-08,False
NBIZ,1,2026-01-23,False
NBIZ,3,2026-01-27,False
NBJP,3,2024-09-17,False
NBJP,8,2024-09-24,False
NBJP,14,2024-10-02,False
NBJP,17,2024-10-07,False
NBJP,19,2024-10-09,False
NBJP,23,2024-10-15,False
NBJP,25,2024-10-17,False
NBJP,33,2024-10-29,False
NBN,1277,2021-02-25,False
NBN,1893,2023-08-08,False
NBN,2221,2024-11-25,False
NBOS,8,2024-02-08,False
NBP,1,2020-01-21,False
NBP,3,2020-01-23,False
NBP,16,2020-02-11,False
NBRG,8,2026-04-02,False
NBRGR,1,2026-03-25,False
NBSD,8,2024-07-05,False
NBSM,6,2024-04-01,False
NBSM,10,2024-04-05,False
NBSM,13,2024-04-10,False
NBSM,15,2024-04-12,False
NBSM,18,2024-04-17,False
NBSM,23,2024-04-24,False
NBST,1,2021-04-30,False
NBST,13,2021-05-18,False
NBST,15,2021-05-20,False
NBST,17,2021-05-24,False
NBST,23,2021-06-02,False
NBTB,2162,2024-08-07,False
NBTR,8,2024-12-31,False
NBTR,16,2025-01-14,False
NBTX,1,2020-12-14,False
NBTX,5,2020-12-18,False
NBXG,8,2021-06-08,False
NBXG,27,2021-07-06,False
NBXG,36,2021-07-19,False
NBXG,1049,2025-07-31,False
NCDL,4,2024-01-31,False
NCDL,8,2024-02-06,False
NCDL,10,2024-02-08,False
NCDL,13,2024-02-13,False
NCDL,18,2024-02-21,False
NCDL,26,2024-03-04,False
NCEL,1,2021-02-01,False
NCEW,2,2024-12-20,False
NCI,1,2024-04-24,False
NCIQ,8,2025-02-03,False
NCIQ,18,2025-02-18,False
NCIQ,21,2025-02-21,False
NCL,1,2023-10-20,False
NCLH,1897,2023-07-19,False
NCLO,8,2024-12-23,False
NCNO,1,2020-07-15,False
NCNO,5,2020-07-21,False
NCPB,8,2024-03-18,False
NCPB,22,2024-04-08,False
NCPB,24,2024-04-10,False
NCPB,26,2024-04-12,False
NCPB,35,2024-04-25,False
NCPLW,1,2022-07-14,False
NCSM,1847,2024-09-20,False
NCT,1,2025-03-31,False
NCT,5,2025-04-04,False
NDAA,10,2024-10-31,False
NDAA,12,2024-11-04,False
NDAA,25,2024-11-21,False
NDAQ,1671,2022-08-23,False
NDAQ,1673,2022-08-25,False
NDAQ,1679,2022-09-02,False
NDAQ,2190,2024-09-17,False
NDEC,8,2024-12-12,False
NDEC,20,2024-12-31,False
NDEC,28,2025-01-14,False
NDIA,4,2023-08-24,False
NDIA,7,2023-08-29,False
NDIA,27,2023-09-27,False
NDIA,29,2023-09-29,False
NDIA,31,2023-10-03,False
NDIV,2,2022-08-26,False
NDIV,4,2022-08-30,False
NDIV,12,2022-09-12,False
NDIV,18,2022-09-20,False
NDIV,26,2022-09-30,False
NDIV,878,2026-02-25,False
NDLS,1045,2020-02-28,False
NDMO,8,2020-09-09,False
NDMO,11,2020-09-14,False
NDMO,21,2020-09-28,False
NDOW,8,2024-05-24,False
NDOW,11,2024-05-30,False
NDOW,14,2024-06-04,False
NDOW,22,2024-06-14,False
NDSN,2553,2026-03-02,False
NDVG,7,2021-08-13,False
NDVG,28,2021-09-14,False
NDVG,31,2021-09-17,False
NDVG,34,2021-09-22,False
NE,3,2021-06-14,False
NE,6,2021-06-17,False
NE,8,2021-06-21,False
NE,18,2021-07-06,False
NE,22,2021-07-12,False
NE,212,2022-04-11,False
NE-WT,1,2024-12-12,False
NE-WTA,1,2024-12-12,False
NEBX,1,2025-09-10,False
NECB,967,2021-04-21,False
NECB,1171,2022-02-22,False
NECB,1175,2022-02-28,False
NECB,1787,2024-08-07,False
NECB,1789,2024-08-09,False
NECB,1849,2024-11-04,False
NEE,2114,2024-05-29,False
NEE,2126,2024-06-14,False
NEE,2473,2025-11-03,False
NEE-P-T,2,2024-11-01,False
NEE-P-T,5,2024-11-06,False
NEE-P-T,8,2024-11-11,False
NEE-P-T,12,2024-11-15,False
NEE-P-U,8,2025-06-02,False
NEE-P-V,4,2026-03-05,False
NEE-P-V,8,2026-03-11,False
NEE-P-V,15,2026-03-20,False
NEE-P-V,19,2026-03-26,False
NEE-P-V,21,2026-03-30,False
NEE-P-W,8,2026-04-07,False
NEE-PS,4,2024-06-26,False
NEE-PS,6,2024-06-28,False
NEE-PS,11,2024-07-08,False
NEE-PS,13,2024-07-10,False
NEE-PS,39,2024-08-15,False
NEHI,2,2025-12-05,False
NEHI,6,2025-12-11,False
NEHI,15,2025-12-24,False
NELS,7,2025-10-24,False
NELS,17,2025-11-07,False
NELS,21,2025-11-13,False
NELS,23,2025-11-17,False
NELS,26,2025-11-20,False
NELS,29,2025-11-25,False
NEM,1361,2021-06-01,False
NEMD,8,2025-08-21,False
NEMG,2,2025-11-19,False
NEMG,6,2025-11-25,False
NEN,1544,2022-02-18,False
NEO,1028,2020-02-04,False
NEOG,1281,2021-02-04,False
NEOG,1792,2023-02-15,False
NEOV,1,2020-05-21,False
NEOV,3,2020-05-26,False
NEOV,94,2020-10-02,False
NEOV,100,2020-10-12,False
NEOV,102,2020-10-14,False
NERD,1400,2024-12-24,False
NESR,2057,2025-10-09,False
NETG,1,2025-11-18,False
NETG,7,2025-11-26,False
NETG,25,2025-12-23,False
NETX,1,2025-10-09,False
NETX,10,2025-10-22,False
NETZ,1,2022-02-03,False
NETZ,6,2022-02-10,False
NETZ,18,2022-03-01,False
NETZ,544,2024-04-04,False
NEU,2034,2024-02-02,False
NEUP,1,2021-12-17,False
NEUP,8,2021-12-29,False
NEUP,11,2022-01-03,False
NEWT,1328,2021-04-19,False
NEWT,1373,2021-06-22,False
NEWT,1375,2021-06-24,False
NEWT,1881,2023-06-30,False
NEWT,2527,2026-01-28,False
NEWTH,8,2024-09-27,False
NEWTO,1,2026-02-06,False
NEWTO,4,2026-02-11,False
NEWTO,8,2026-02-18,False
NEWTO,10,2026-02-20,False
NEWTO,12,2026-02-24,False
NEWTO,16,2026-03-02,False
NEWTO,33,2026-03-25,False
NEWZ,8,2024-04-24,False
NEWZ,37,2024-06-05,False
NEXA,1488,2023-09-28,False
NEXA,1563,2024-01-17,False
NEXN,2,2021-06-22,False
NEXN,4,2021-06-24,False
NEXN,6,2021-06-28,False
NEXR,1,2022-08-29,False
NEXRW,1,2026-03-30,False
NEXT,2191,2025-07-31,False
NFBK,1325,2021-04-09,False
NFBK,1683,2022-09-09,False
NFBK,2018,2024-01-10,False
NFBK,2021,2024-01-16,False
NFEB,7,2025-02-12,False
NFEB,17,2025-02-27,False
NFEB,19,2025-03-03,False
NFEB,22,2025-03-06,False
NFEB,24,2025-03-10,False
NFEB,27,2025-03-13,False
NFEB,29,2025-03-17,False
NFGC,1,2020-09-15,False
NFGC,11,2020-09-29,False
NFLP,4,2023-11-02,False
NFLP,6,2023-11-06,False
NFLP,27,2023-12-06,False
NFLP,31,2023-12-12,False
NFLU,6,2024-10-07,False
NFLW,4,2025-06-25,False
NFLW,14,2025-07-10,False
NFLW,16,2025-07-14,False
NFLW,19,2025-07-17,False
NFLX,1884,2023-06-29,False
NFLX,2062,2024-03-14,False
NFLY,1,2023-08-09,False
NFLY,3,2023-08-11,False
NFLY,5,2023-08-15,False
NFLY,12,2023-08-24,False
NFLY,14,2023-08-28,False
NFLY,24,2023-09-12,False
NFRX,6,2026-02-09,False
NFRX,23,2026-03-05,False
NFRX,32,2026-03-18,False
NFRX,34,2026-03-20,False
NFXL,2,2024-10-07,False
NFXL,4,2024-10-09,False
NFXL,6,2024-10-11,False
NFXS,1,2024-10-04,False
NFXS,3,2024-10-08,False
NFXS,8,2024-10-15,False
NFXS,15,2024-10-24,False
NGG,1367,2021-06-09,False
NGG,1515,2022-01-07,False
NGG,1530,2022-01-31,False
NGG,2009,2023-12-27,False
NGG,2559,2026-03-10,False
NGL,2454,2025-10-07,False
NGS,1971,2023-11-01,False
NGS,2251,2024-12-12,False
NGVT,2471,2026-03-02,False
NHC,2018,2024-01-10,False
NHC,2126,2024-06-14,False
NHC,2165,2024-08-12,False
NHC,2564,2026-03-17,False
NHI,2198,2024-09-27,False
NHIC,8,2025-04-30,False
NHICU,8,2025-03-12,False
NHPAP,36,2020-01-31,False
NHPAP,1221,2024-10-16,False
NHPAP,1440,2025-09-03,False
NHPAP,1445,2025-09-10,False
NHPBP,7,2021-10-13,False
NHPBP,19,2021-10-29,False
NHPBP,21,2021-11-02,False
NHPBP,35,2021-11-22,False
NHPBP,985,2025-09-08,False
NHYB,8,2025-10-06,False
NHYB,12,2025-10-10,False
NHYB,32,2025-11-07,False
NHYM,8,2025-02-04,False
NHYM,30,2025-03-07,False
NHYM,32,2025-03-11,False
NHYM,35,2025-03-14,False
NHYM,37,2025-03-18,False
NIHI,8,2025-09-29,False
NIHI,19,2025-10-14,False
NIHI,21,2025-10-16,False
NIHI,37,2025-11-07,False
NIKL,6,2023-03-30,False
NIKL,27,2023-05-01,False
NIKL,30,2023-05-04,False
NIKL,561,2025-06-17,False
NIKL,646,2025-10-17,False
NIKL,648,2025-10-21,False
NIOBW,4,2023-03-24,False
NIOBW,13,2023-04-06,False
NIOG,3,2025-12-23,False
NIPG,1,2024-07-29,False
NIQ,2,2025-07-25,False
NIQ,11,2025-08-07,False
NIQ,13,2025-08-11,False
NITE,6,2024-07-02,False
NITE,20,2024-07-23,False
NITE,26,2024-07-31,False
NIVF,8,2022-04-05,False
NIVFW,1,2022-03-18,False
NIXT,6,2024-09-18,False
NIXT,17,2024-10-03,False
NIXT,19,2024-10-07,False
NIXT,23,2024-10-11,False
NIXT,33,2024-10-25,False
NIXT,36,2024-10-30,False
NIXXW,1,2021-07-01,False
NIXXW,3,2021-07-06,False
NJAN,8,2020-01-14,False
NJAN,20,2020-01-31,False
NJNK,8,2024-09-17,False
NJNK,22,2024-10-07,False
NJNK,26,2024-10-11,False
NJR,1580,2022-04-12,False
NJUL,7,2020-07-13,False
NJUL,11,2020-07-17,False
NJUL,15,2020-07-23,False
NJUL,18,2020-07-28,False
NJUL,21,2020-07-31,False
NJUN,7,2024-06-12,False
NJUN,35,2024-07-24,False
NKLR,1,2025-10-07,False
NKSH,2013,2024-01-05,False
NKTX,1,2020-07-13,False
NLOP,1,2023-10-30,False
NLR,2137,2024-11-08,False
NLR,2302,2025-07-11,False
NLSI,7,2025-12-19,False
NLSI,27,2026-01-21,False
NLY-PJ,8,2025-08-13,False
NMAI,1,2021-11-23,False
NMAI,5,2021-11-30,False
NMAI,8,2021-12-03,False
NMAI,18,2021-12-17,False
NMAR,3,2025-03-06,False
NMAR,5,2025-03-10,False
NMAR,11,2025-03-18,False
NMAR,13,2025-03-20,False
NMAR,19,2025-03-28,False
NMAR,21,2025-04-01,False
NMAR,23,2025-04-03,False
NMAR,28,2025-04-10,False
NMAX,1,2025-04-01,False
NMAY,7,2025-05-12,False
NMB,8,2024-09-20,False
NMB,22,2024-10-10,False
NMB,24,2024-10-14,False
NMB,35,2024-10-29,False
NMBL,2,2025-11-04,False
NMBL,9,2025-11-13,False
NMBL,11,2025-11-17,False
NMBL,14,2025-11-20,False
NMBL,17,2025-11-25,False
NMBL,33,2025-12-18,False
NMFC,1245,2020-12-11,False
NMFC,1248,2020-12-16,False
NMFC,1255,2020-12-28,False
NMHIW,1,2024-03-12,False
NMM,2025,2024-01-22,False
NMP,8,2025-09-15,False
NMR,1006,2020-01-02,False
NMR,2041,2024-02-13,False
NMR,2531,2026-01-28,False
NMRA,1,2023-09-15,False
NMRK,1954,2025-09-26,False
NN,5,2020-11-09,False
NN,8,2020-11-12,False
NNAVW,2,2021-10-27,False
NNE,1,2024-05-09,False
NNEX,1,2025-11-14,False
NNI,1508,2021-12-29,False
NNI,1743,2022-12-05,False
NNNN,1,2025-02-20,False
NNNN,4,2025-02-25,False
NNOV,7,2024-11-12,False
NNOV,15,2024-11-22,False
NNOX,1,2020-08-24,False
NOC,1352,2021-05-18,False
NOC,1355,2021-05-21,False
NOC,2190,2024-09-17,False
NODE,5,2025-05-21,False
NODE,7,2025-05-23,False
NODE,12,2025-06-02,False
NODE,15,2025-06-05,False
NODE,51,2025-07-29,False
NOEM,8,2025-01-29,False
NOEMR,2,2025-01-21,False
NOEMR,6,2025-02-06,False
NOEMU,8,2024-12-04,False
NOEMW,1,2025-01-17,False
NOEQ,3,2026-03-26,False
NOEQ,8,2026-04-02,False
NOG,1918,2023-08-17,False
NOMA,1,2025-11-04,False
NOMD,2065,2024-03-19,False
NOTE,1,2020-12-08,False
NOTE,7,2020-12-16,False
NOTE,9,2020-12-18,False
NOTE,15,2020-12-29,False
NOTE,37,2021-02-01,False
NOTE-WT,1,2024-12-10,False
NOVM,8,2024-11-29,False
NOVM,22,2024-12-19,False
NOVM,35,2025-01-10,False
NOVP,8,2024-06-04,False
NOVT,1663,2022-08-11,False
NOVTU,4,2025-11-13,False
NOVTU,12,2025-11-25,False
NOVZ,4,2020-11-09,False
NOVZ,6,2020-11-11,False
NOVZ,28,2021-02-01,False
NOW,1043,2020-02-26,False
NOW,2012,2024-01-02,False
NOWL,2,2025-07-17,False
NOWL,6,2025-07-23,False
NOWL,8,2025-07-25,False
NP,1,2025-10-02,False
NP,3,2025-10-06,False
NP,15,2025-10-22,False
NPAC,3,2025-06-20,False
NPAC,17,2025-07-11,False
NPACU,8,2025-05-06,False
NPACU,11,2025-05-09,False
NPB,4,2025-02-21,False
NPB,8,2025-02-27,False
NPB,10,2025-03-03,False
NPB,13,2025-03-06,False
NPB,15,2025-03-10,False
NPB,19,2025-03-14,False
NPB,29,2025-03-28,False
NPCE,4,2021-04-28,False
NPCT,4,2021-05-04,False
NPCT,9,2021-05-11,False
NPCT,14,2021-05-18,False
NPCT,34,2021-06-16,False
NPFD,8,2021-12-29,False
NPFD,28,2022-01-27,False
NPFD,31,2022-02-01,False
NPFD,33,2022-02-03,False
NPFE,1,2026-03-12,False
NPFE,7,2026-03-20,False
NPFE,9,2026-03-24,False
NPFE,11,2026-03-26,False
NPFE,15,2026-04-01,False
NPFI,8,2024-03-18,False
NPFI,28,2024-04-16,False
NPFI,31,2024-04-19,False
NPFI,35,2024-04-25,False
NPK,2544,2026-02-17,False
NPKI,2476,2025-11-06,False
NPO,1500,2021-12-16,False
NPO,1737,2022-11-25,False
NPO,1907,2023-08-02,False
NPWR,1,2021-08-09,False
NPWR,9,2021-08-19,False
NPWR-WT,1,2024-12-10,False
NPXYY,1,2024-04-25,False
NPXYY,4,2024-04-30,False
NPXYY,12,2024-05-10,False
NRDS,1,2021-11-05,False
NRDS,6,2021-11-12,False
NRDY,2,2020-12-01,False
NRDY,4,2020-12-03,False
NRDY,19,2020-12-24,False
NREF,6,2020-02-18,False
NREF,8,2020-02-20,False
NREF,13,2020-02-27,False
NREF,15,2020-03-02,False
NREF,18,2020-03-05,False
NRES,7,2024-03-07,False
NRES,34,2024-04-16,False
NRES,37,2024-04-19,False
NRES,40,2024-04-24,False
NRG,1990,2023-11-29,False
NRG,2091,2024-04-25,False
NRGD,3,2025-02-25,False
NRGU,1,2025-02-21,False
NRGU,6,2025-02-28,False
NRGV,7,2021-04-08,False
NRGV,17,2021-04-22,False
NRGV,23,2021-04-30,False
NRGV,25,2021-05-04,False
NRGV,30,2021-05-11,False
NRIM,1316,2021-03-26,False
NRIM,1746,2022-12-08,False
NRIM,1756,2022-12-22,False
NRIM,2374,2025-06-12,False
NRIM,2512,2025-12-30,False
NRIX,2,2020-07-28,False
NRIX,4,2020-07-30,False
NRIX,6,2020-08-03,False
NRIX,11,2020-08-10,False
NRKBY,8,2023-03-24,False
NRP,1478,2021-11-15,False
NRP,1920,2023-08-21,False
NRSH,3,2023-12-05,False
NRSH,8,2023-12-12,False
NRSH,26,2024-01-09,False
NRSH,28,2024-01-11,False
NRSH,34,2024-01-22,False
NRSH,36,2024-01-24,False
NRSN,1,2021-12-10,False
NRSNW,1,2021-12-10,False
NRXS,2,2023-08-11,False
NSA,2017,2024-01-09,False
NSA,2155,2024-07-29,False
NSA-PB,2,2024-08-02,False
NSA-PB,4,2024-08-06,False
NSA-PB,12,2024-08-16,False
NSA-PB,14,2024-08-20,False
NSCI,8,2025-10-06,False
NSCR,8,2024-03-15,False
NSCR,21,2024-04-04,False
NSCR,27,2024-04-12,False
NSCR,31,2024-04-18,False
NSCR,36,2024-04-25,False
NSEP,3,2024-09-06,False
NSEP,7,2024-09-12,False
NSI,7,2023-12-18,False
NSI,19,2024-01-05,False
NSI,21,2024-01-09,False
NSI,23,2024-01-11,False
NSI,25,2024-01-16,False
NSI,30,2024-01-23,False
NSIT,1317,2021-03-29,False
NSIT,1750,2022-12-14,False
NSIT,2011,2023-12-29,False
NSP,1030,2020-02-06,False
NSP,1438,2021-09-20,False
NSRX,2,2025-08-14,False
NSRX,6,2025-08-20,False
NSRX,14,2025-09-02,False
NSRX,16,2025-09-04,False
NSRX,20,2025-09-10,False
NSSC,1674,2022-08-26,False
NSSC,2447,2025-09-26,False
NSTS,4,2022-01-25,False
NSTS,8,2022-01-31,False
NSTS,10,2022-02-02,False
NSTS,12,2022-02-04,False
NSTS,25,2022-02-24,False
NSTS,1004,2026-01-21,False
NTAP,2007,2023-12-22,False
NTAP,2147,2024-07-17,False
NTAP,2150,2024-07-22,False
NTCL,4,2024-12-18,False
NTCT,1279,2021-02-02,False
NTHI,1,2025-03-27,False
NTNX,1198,2021-07-07,False
NTRA,2502,2025-12-15,False
NTRBW,1,2021-10-04,False
NTRS,2397,2025-07-17,False
NTSE,7,2021-06-01,False
NTSE,17,2021-06-15,False
NTSE,23,2021-06-23,False
NTSE,33,2021-07-08,False
NTSE,36,2021-07-13,False
NTSI,7,2021-06-01,False
NTSI,28,2021-06-30,False
NTSI,31,2021-07-06,False
NTSI,33,2021-07-08,False
NTSK,1,2025-09-18,False
NTST,4,2020-08-19,False
NTST,7,2020-08-24,False
NTST,21,2020-09-14,False
NTST,28,2020-09-23,False
NTST,32,2020-09-29,False
NTWO,8,2025-01-10,False
NTWOU,8,2024-11-13,False
NTWOW,1,2025-04-29,False
NU,1,2021-12-10,False
NU,11,2021-12-27,False
NU,403,2023-07-20,False
NUAI,6,2022-01-14,False
NUAI,8,2022-01-19,False
NUAI,14,2022-01-27,False
NUCLW,1,2026-02-24,False
NUDV,2,2021-09-30,False
NUDV,8,2021-10-08,False
NUDV,10,2021-10-12,False
NUE,1329,2021-04-15,False
NUE,1578,2022-04-08,False
NUG,1,2025-11-18,False
NUG,5,2025-11-24,False
NUG,17,2025-12-11,False
NUG,23,2025-12-19,False
NUGO,4,2021-10-04,False
NUGO,8,2021-10-08,False
NUGY,2,2025-11-20,False
NUGY,6,2025-11-26,False
NUGY,32,2026-01-06,False
NUKKW,1,2023-12-22,False
NUKZ,7,2024-02-02,False
NUKZ,16,2024-02-15,False
NUKZ,19,2024-02-21,False
NUKZ,60,2024-04-19,False
NUKZ,209,2024-11-20,False
NUKZ,219,2024-12-05,False
NULG,1669,2024-01-11,False
NUMG,1560,2023-07-26,False
NUMI,8,2025-02-04,False
NUMI,36,2025-03-17,False
NUS,1205,2020-10-15,False
NUSB,8,2024-03-18,False
NUSC,996,2021-01-04,False
NUSC,1016,2021-02-02,False
NUSC,1752,2024-01-05,False
NUTR,4,2025-08-21,False
NUVB,1,2020-08-26,False
NUVB,4,2020-08-31,False
NUVB,6,2020-09-02,False
NUVB-WS,2,2021-02-10,False
NUVB-WS,7,2021-02-18,False
NUVL,1,2021-07-30,False
NVA,4,2024-07-31,False
NVAWW,1,2024-07-25,False
NVBT,1,2022-11-02,False
NVBT,6,2022-11-09,False
NVBT,26,2022-12-08,False
NVBT,31,2022-12-15,False
NVBU,7,2024-11-12,False
NVBU,14,2024-11-21,False
NVBU,34,2024-12-20,False
NVBW,1,2022-11-02,False
NVBW,8,2022-11-11,False
NVBW,29,2022-12-13,False
NVBW,31,2022-12-15,False
NVBW,34,2022-12-20,False
NVCT,1,2022-02-07,False
NVD,1,2023-08-23,False
NVD,4,2023-08-28,False
NVD,9,2023-09-05,False
NVDA,1399,2021-07-26,False
NVDA,1887,2023-07-05,False
NVDA,2420,2025-08-19,False
NVDB,3,2025-09-15,False
NVDB,7,2025-09-19,False
NVDD,4,2023-09-19,False
NVDD,15,2023-10-04,False
NVDD,19,2023-10-10,False
NVDD,23,2023-10-16,False
NVDG,2,2024-12-09,False
NVDL,1,2022-12-14,False
NVDO,4,2025-08-19,False
NVDO,8,2025-08-25,False
NVDO,16,2025-09-05,False
NVDO,18,2025-09-09,False
NVDQ,2,2023-10-23,False
NVDQ,6,2023-10-27,False
NVDS,1,2022-07-15,False
NVDS,9,2022-07-27,False
NVDU,1,2023-09-14,False
NVDU,10,2023-09-27,False
NVDW,2,2025-02-21,False
NVDW,125,2025-08-19,False
NVDX,1,2023-10-20,False
NVDX,4,2023-10-25,False
NVDY,5,2023-05-18,False
NVDY,32,2023-06-28,False
NVDY,37,2023-07-06,False
NVDY,573,2025-08-25,False
NVDY,577,2025-08-29,False
NVEC,1282,2021-02-05,False
NVII,2,2025-05-30,False
NVII,4,2025-06-03,False
NVII,6,2025-06-05,False
NVII,57,2025-08-19,False
NVII,61,2025-08-25,False
NVIR,6,2023-03-02,False
NVIR,11,2023-03-09,False
NVIR,20,2023-03-22,False
NVIR,22,2023-03-24,False
NVIT,2,2025-11-20,False
NVIT,5,2025-11-25,False
NVIT,7,2025-11-28,False
NVIT,10,2025-12-03,False
NVIT,23,2025-12-22,False
NVMI,1256,2020-12-29,False
NVMI,1274,2021-01-26,False
NVMI,2135,2024-06-28,False
NVMZ,5,2020-11-06,False
NVNI,8,2022-01-10,False
NVNIW,1,2022-01-03,False
NVNIW,14,2022-01-25,False
NVO,1376,2021-06-22,False
NVO,1380,2021-06-28,False
NVO,1430,2021-09-08,False
NVO,1433,2021-09-13,False
NVO,2067,2024-03-21,False
NVOH,3,2025-01-13,False
NVOH,6,2025-01-16,False
NVOH,10,2025-01-23,False
NVOH,20,2025-02-06,False
NVOX,5,2024-12-10,False
NVR,1513,2022-01-05,False
NVR,2209,2024-10-14,False
NVRI,2447,2025-09-26,False
NVS,1755,2022-12-21,False
NVS,1854,2023-05-16,False
NVS,1857,2023-05-19,False
NVS,2323,2025-03-31,False
NVST,359,2021-02-22,False
NVT,1330,2023-07-31,False
NVT,1847,2025-08-21,False
NVT,1849,2025-08-25,False
NVTS,1,2021-01-26,False
NVTS,6,2021-02-02,False
NVTS,8,2021-02-04,False
NVTS,19,2021-02-22,False
NVTS,21,2021-02-24,False
NVTS,194,2021-10-29,False
NVTX,2,2025-09-10,False
NVVE,5,2020-05-08,False
NVVE,8,2020-05-13,False
NVVE,13,2020-05-20,False
NVVEW,1,2020-05-01,False
NVX,1,2022-02-03,False
NVYY,6,2025-05-21,False
NVYY,8,2025-05-23,False
NVYY,10,2025-05-28,False
NVYY,67,2025-08-19,False
NWAX-U,8,2025-12-19,False
NWAX-U,20,2026-01-26,False
NWAX-U,26,2026-02-03,False
NWAX-UN,8,2025-12-16,False
NWAX-UN,23,2026-01-08,False
NWAX-UN,26,2026-01-13,False
NWAX-WS,10,2026-02-09,False
NWAX-WS,21,2026-02-25,False
NWAX-WS,23,2026-02-27,False
NWBI,1672,2022-08-24,False
NWE,2500,2025-12-11,False
NWFL,1735,2022-12-27,False
NWG,1792,2023-02-15,False
NWG,2087,2024-04-19,False
NWG,2114,2024-05-29,False
NWGL,1,2023-09-13,False
NWL,2555,2026-03-04,False
NWLG,8,2021-08-17,False
NWLG,10,2021-08-19,False
NWLG,27,2021-09-14,False
NWLG,30,2021-09-17,False
NWLG,33,2021-09-22,False
NWLG,36,2021-09-27,False
NWPX,2187,2024-09-12,False
NWPX,2437,2025-09-12,False
NWPX,2550,2026-02-25,False
NWS,2022,2024-01-22,False
NWSA,1320,2021-04-01,False
NWTG,1,2023-08-16,False
NX,1890,2023-07-12,False
NXDR,2,2021-11-10,False
NXDR,6,2021-11-16,False
NXDR,14,2021-11-29,False
NXDT,1282,2021-02-05,False
NXDT,1380,2021-06-28,False
NXDT,1384,2021-07-02,False
NXDT,1388,2021-07-09,False
NXDT,1901,2023-07-25,False
NXG,1257,2020-12-30,False
NXG,2090,2024-04-24,False
NXG,2248,2024-12-09,False
NXGL,1,2021-12-23,False
NXGL,8,2022-01-04,False
NXL,1,2022-09-19,False
NXPI,1910,2023-08-07,False
NXPLW,1,2021-06-01,False
NXST,1679,2022-09-02,False
NXT,3,2023-02-14,False
NXT,5,2023-02-16,False
NXT,13,2023-03-01,False
NXT,23,2023-03-15,False
NXTE,2,2022-10-03,False
NXTE,4,2022-10-05,False
NXTE,11,2022-10-14,False
NXTE,14,2022-10-19,False
NXTE,40,2022-11-25,False
NXTE,772,2025-10-28,False
NXTG,1159,2021-02-04,False
NXTI,7,2024-04-25,False
NXTI,10,2024-04-30,False
NXTI,32,2024-05-31,False
NXTI,35,2024-06-05,False
NXTI,37,2024-06-07,False
NXTT,1,2020-07-29,False
NXUS,8,2025-10-06,False
NXXT,1,2021-09-16,False
NYAX,1,2022-09-22,False
NYAX,10,2022-10-05,False
NYAX,13,2022-10-10,False
NYAX,540,2025-02-24,False
NYC,1,2020-08-19,False
NYC,217,2021-06-29,False
NYM,8,2025-11-20,False
NYT,1045,2020-02-28,False
NYT,1737,2022-11-25,False
NYT,2128,2024-06-18,False
NYT,2515,2026-01-05,False
NYXH,5,2021-05-05,False
NYXH,14,2021-05-18,False
NYXH,63,2021-07-28,False
NYXH,954,2025-02-13,False
NZAC,2019,2024-01-11,False
NZUS,3,2022-04-21,False
NZUS,9,2022-04-29,False
NZUS,11,2022-05-03,False
NZUS,13,2022-05-05,False
NZUS,20,2022-05-16,False
O,2561,2026-03-12,False
OABI,4,2021-10-06,False
OABI,8,2021-10-12,False
OABI,10,2021-10-14,False
OABI,14,2021-10-20,False
OABI,579,2024-01-22,False
OACC,8,2024-12-27,False
OACCU,8,2024-11-05,False
OACCU,15,2024-11-14,False
OACCU,30,2024-12-06,False
OACCW,1,2024-12-17,False
OACCW,3,2024-12-19,False
OACP,3,2022-04-05,False
OACP,15,2022-04-22,False
OACP,22,2022-05-03,False
OACP,24,2022-05-05,False
OACP,26,2022-05-09,False
OAEM,3,2022-09-20,False
OAEM,10,2022-09-29,False
OAEM,14,2022-10-05,False
OAEM,16,2022-10-07,False
OAEM,24,2022-10-19,False
OAIM,3,2022-09-20,False
OAIM,10,2022-09-29,False
OAIM,12,2022-10-03,False
OAIM,22,2022-10-17,False
OAIM,24,2022-10-19,False
OAKG,8,2025-12-23,False
OAKG,28,2026-01-23,False
OAKG,33,2026-01-30,False
OAKG,37,2026-02-05,False
OAKI,8,2025-12-23,False
OAKI,29,2026-01-26,False
OAKI,33,2026-01-30,False
OAKM,10,2024-12-17,False
OAKM,19,2024-12-31,False
OAKM,25,2025-01-10,False
OAKU,9,2023-06-01,False
OAKUR,3,2023-05-23,False
OALC,2,2021-11-17,False
OALC,8,2021-11-26,False
OALC,10,2021-11-30,False
OALC,13,2021-12-03,False
OALC,15,2021-12-07,False
OALC,24,2021-12-20,False
OARK,1,2022-11-25,False
OARK,671,2025-07-31,False
OASC,1,2024-06-14,False
OASC,8,2024-06-26,False
OBAI,1,2026-02-05,False
OBIL,8,2022-11-28,False
OBIO,3,2020-08-07,False
OBIO,10,2020-08-18,False
OBIO,14,2020-08-24,False
OBIO,17,2020-08-27,False
OBK,1037,2021-04-15,False
OBND,9,2021-10-11,False
OBOR,848,2021-01-27,False
OC,1921,2023-08-22,False
OCCI,563,2020-12-31,False
OCFC,1736,2022-11-23,False
OCFC,2017,2024-01-09,False
OCG,1,2020-12-16,False
OCS,2,2021-05-20,False
OCS,6,2021-05-26,False
OCS,8,2021-05-28,False
OCS,26,2021-06-24,False
OCSAW,1,2021-05-17,False
OCSL,1750,2022-12-14,False
OCTB,8,2025-10-24,False
OCTB,18,2025-11-07,False
OCTB,25,2025-11-18,False
OCTB,27,2025-11-20,False
OCTB,30,2025-11-25,False
OCTH,8,2023-10-12,False
OCTH,20,2023-10-30,False
OCTJ,8,2023-10-12,False
OCTJ,17,2023-10-25,False
OCTJ,19,2023-10-27,False
OCTM,8,2024-10-31,False
OCTP,8,2024-05-30,False
OCTT,7,2020-10-12,False
OCTT,17,2020-10-26,False
OCTT,19,2020-10-28,False
OCTT,21,2020-10-30,False
OCTT,23,2020-11-03,False
OCTU,8,2024-10-11,False
OCTU,18,2024-10-25,False
OCTU,22,2024-10-31,False
OCTU,24,2024-11-04,False
OCTU,37,2024-11-21,False
OCTW,8,2020-10-13,False
OCTW,19,2020-10-28,False
OCTW,22,2020-11-02,False
OCTZ,7,2020-10-12,False
OCTZ,17,2020-10-26,False
OCTZ,19,2020-10-28,False
OCTZ,21,2020-10-30,False
OCTZ,23,2020-11-03,False
ODD,1,2023-07-20,False
ODD,3,2023-07-24,False
ODDS,4,2022-04-14,False
ODDS,7,2022-04-20,False
ODDS,16,2022-05-03,False
ODDS,816,2025-07-14,False
ODFL,1488,2021-11-30,False
ODFL,1494,2021-12-08,False
ODFL,1912,2023-08-09,False
ODHY,11,2025-07-16,False
ODTE,6,2026-04-10,False
OEI,7,2025-10-31,False
OEI,12,2025-11-07,False
OEI,19,2025-11-18,False
OEI,21,2025-11-20,False
OEI,24,2025-11-25,False
OFAL,2,2025-05-23,False
OFAL,4,2025-05-28,False
OFIX,2438,2025-09-15,False
OFLX,1007,2020-01-03,False
OFLX,1012,2020-01-10,False
OFLX,1016,2020-01-16,False
OFLX,1024,2020-01-29,False
OFRM,1,2026-02-06,False
OFRM,17,2026-03-03,False
OFS,1316,2021-03-26,False
OFS,1579,2022-04-11,False
OFS,1584,2022-04-19,False
OFSSO,8,2025-08-05,False
OGIG,417,2020-01-31,False
OGN,1,2021-05-17,False
OGN,4,2021-05-20,False
OGN,12,2021-06-02,False
OGS,2573,2026-03-30,False
OGSP,8,2024-04-22,False
OIH,1564,2022-03-21,False
OIH,1918,2023-08-17,False
OIH,2560,2026-03-11,False
OILD,2,2021-11-11,False
OILK,1090,2021-01-28,False
OILK,1287,2021-11-08,False
OILK,1377,2022-03-18,False
OILK,2395,2026-04-10,False
OILT,3,2023-12-27,False
OILT,8,2024-01-04,False
OILT,15,2024-01-16,False
OILT,18,2024-01-19,False
OILT,21,2024-01-24,False
OILT,82,2024-04-22,False
OILT,84,2024-04-24,False
OILU,3,2021-11-16,False
OILU,10,2021-11-26,False
OILU,611,2024-04-19,False
OIM,8,2026-03-19,False
OIMAU,8,2026-01-27,False
OIMAW,1,2026-03-10,False
OIO,1,2026-03-06,False
OIOWW,1,2026-02-19,False
OKE,1467,2021-10-29,False
OKE,1479,2021-11-16,False
OKLL,1,2025-06-25,False
OKLO,7,2021-07-19,False
OKLO,15,2021-07-29,False
OKLO,1081,2025-10-27,True
OKLS,1,2025-11-28,False
OKTG,1,2025-11-18,False
OKTG,5,2025-11-24,False
OKTG,7,2025-11-26,False
OKTG,9,2025-12-01,False
OKTG,25,2025-12-23,False
OKUR,1,2021-04-09,False
OKUR,6,2021-04-16,False
OKYO,1,2022-05-18,False
OLMA,1,2020-11-20,False
OLMA,3,2020-11-24,False
OLP,1386,2021-07-07,False
OLP,2010,2023-12-28,False
OLP,2017,2024-01-09,False
OLPX,1,2021-10-01,False
OLPX,4,2021-10-06,False
OLPX,12,2021-10-18,False
OM,1,2020-09-16,False
OMAB,1745,2022-12-07,False
OMAH,3,2025-03-10,False
OMAH,9,2025-03-18,False
OMAH,21,2025-04-03,False
OMAH,26,2025-04-10,False
OMAH,28,2025-04-14,False
OMC,1315,2021-03-25,False
OMC,1802,2023-03-02,False
OMC,2035,2024-02-05,False
OMDA,1,2025-06-06,False
OMF,2013,2024-01-03,False
OMF,2015,2024-01-05,False
OMF,2027,2024-01-24,False
OMFL,732,2020-12-23,False
OMFS,558,2021-02-22,False
OMH,4,2023-03-27,False
OMH,6,2023-03-29,False
OMSE,2,2025-05-15,False
ON,1279,2021-02-02,False
ONB,1316,2021-03-26,False
ONB,2015,2024-01-05,False
ONCH,8,2025-09-24,False
ONCH,21,2025-10-13,False
ONCO,1,2022-02-22,False
OND,1,2021-10-27,False
ONDG,2,2026-01-14,False
ONDL,1,2025-12-31,False
ONDS,1322,2025-10-27,True
ONDU,1,2026-01-14,False
ONEG,1,2024-12-31,False
ONEH,8,2026-02-10,False
ONEH,13,2026-02-18,False
ONEH,21,2026-03-02,False
ONEH,35,2026-03-20,False
ONEW,1,2020-02-10,False
ONEW,3,2020-02-12,False
ONEW,15,2020-03-02,False
ONEY,950,2020-12-23,False
ONEZ,8,2025-02-06,False
ONEZ,20,2025-02-25,False
ONEZ,25,2025-03-04,False
ONEZ,27,2025-03-06,False
ONFO,1,2022-08-25,False
ONFOW,1,2022-08-29,False
ONL,1,2021-11-05,False
ONMD,7,2021-07-06,False
ONMD,14,2021-07-15,False
ONMD,17,2021-07-20,False
ONMD,25,2021-07-30,False
ONMDW,1,2023-11-07,False
ONOF,6,2021-01-22,False
ONOF,8,2021-01-26,False
ONOF,11,2021-01-29,False
ONOF,14,2021-02-03,False
ONOF,26,2021-02-22,False
ONOF,29,2021-02-25,False
ONOF,31,2021-03-01,False
ONON,1,2021-09-16,False
ONON,3,2021-09-20,False
ONTF,1,2021-02-04,False
ONTF,5,2021-02-10,False
ONTF,9,2021-02-17,False
ONTO,1256,2020-12-29,False
ONTO,1878,2023-06-21,False
OOQB,2,2025-02-21,False
OOSB,2,2025-02-21,False
OOSB,12,2025-03-07,False
OOSP,8,2024-04-22,False
OPAD,4,2020-12-17,False
OPAD,6,2020-12-21,False
OPAD,19,2021-01-11,False
OPAD,32,2021-01-29,False
OPAL,8,2021-06-04,False
OPAL,23,2021-06-25,False
OPAL,27,2021-07-01,False
OPAL,29,2021-07-06,False
OPBK,1271,2021-12-08,False
OPBK,1796,2024-01-11,False
OPBK,1939,2024-08-07,False
OPBK,1941,2024-08-09,False
OPBK,2029,2024-12-13,False
OPEG,1,2025-12-12,False
OPEN,4,2020-06-24,False
OPEN,12,2020-07-07,False
OPEN,16,2020-07-13,False
OPEN,1325,2025-09-26,True
OPENL,1,2025-11-25,False
OPENL,3,2025-11-28,False
OPENW,1,2025-11-25,False
OPENW,8,2025-12-05,False
OPENZ,1,2025-11-25,False
OPEX,1,2025-10-24,False
OPFI,8,2020-12-03,False
OPFI-WS,1,2021-07-19,False
OPFI-WT,2,2024-12-11,False
OPHC,1827,2024-01-25,False
OPLN,2084,2024-04-16,False
OPP-PC,8,2024-12-17,False
OPTX,8,2022-02-07,False
OPTX,12,2022-02-11,False
OPTXW,1,2023-11-07,False
OPTZ,5,2024-04-30,False
OPTZ,8,2024-05-03,False
OPTZ,26,2024-05-30,False
OPTZ,29,2024-06-04,False
OPXS,1400,2021-10-15,False
OPY,1259,2021-01-04,False
OPY,1750,2022-12-14,False
OPY,1784,2023-02-03,False
OPY,2546,2026-02-19,False
OR,2459,2025-10-14,False
OR,2462,2025-10-17,False
OR,2536,2026-02-04,False
ORA,2409,2025-08-04,False
ORA,2467,2025-10-24,False
ORBS,1,2022-05-19,False
ORBS,5,2022-05-25,False
ORBS,7,2022-05-27,False
ORC,2027,2024-01-24,False
ORCL,1750,2022-12-14,False
ORCL,1884,2023-06-29,False
ORCL,1891,2023-07-11,False
ORCS,1,2025-11-20,False
ORCS,4,2025-11-25,False
ORCS,14,2025-12-10,False
ORCS,26,2025-12-29,False
ORCS,28,2025-12-31,False
ORCU,1,2025-11-20,False
ORCX,2,2025-02-11,False
ORCX,8,2025-02-20,False
ORGN,9,2020-09-18,False
ORGN,11,2020-09-22,False
ORGN,14,2020-09-25,False
ORGN,26,2020-10-13,False
ORGN,28,2020-10-15,False
ORGNW,1,2020-09-08,False
ORGNW,7,2020-09-16,False
ORGNW,9,2020-09-18,False
ORI,1370,2021-06-14,False
ORI,1372,2021-06-16,False
ORIC,6,2020-05-04,False
ORIC,24,2020-05-29,False
ORIQ,8,2025-09-19,False
ORIS,1,2024-10-18,False
ORKT,1,2024-07-26,False
ORKT,6,2024-08-02,False
ORLG,2,2026-01-20,False
ORLG,4,2026-01-22,False
ORLG,18,2026-02-11,False
ORLG,21,2026-02-17,False
ORLY,1351,2021-05-17,False
ORLY,1354,2021-05-20,False
ORO,2,2025-10-21,False
ORO,6,2025-10-27,False
ORO,11,2025-11-03,False
ORO,16,2025-11-10,False
ORO,25,2025-11-21,False
OS,5,2024-07-31,False
OS,7,2024-08-02,False
OS,14,2024-08-13,False
OSBC,1743,2022-12-05,False
OSCG,1,2025-11-06,False
OSCR,1,2021-03-04,False
OSCX,1,2025-09-26,False
OSCX,3,2025-09-30,False
OSEA,3,2022-09-13,False
OSEA,8,2022-09-20,False
OSEA,15,2022-09-29,False
OSEA,17,2022-10-03,False
OSEA,27,2022-10-17,False
OSIS,2258,2024-12-23,False
OSPN,2188,2024-09-13,False
OSRH,8,2023-03-29,False
OSRHW,1,2025-02-19,False
OST,1,2022-04-28,False
OSTX,1,2024-08-02,False
OSUR,1995,2023-12-06,False
OSW,1395,2024-01-05,False
OSW,1398,2024-01-10,False
OSW,1401,2024-01-16,False
OSW,1403,2024-01-18,False
OSW,1405,2024-01-22,False
OSW,1408,2024-01-25,False
OTEX,1797,2023-02-23,False
OTF,1,2025-06-13,False
OTF,5,2025-06-20,False
OTF,8,2025-06-25,False
OTF,11,2025-06-30,False
OTGA,8,2025-11-13,False
OTGL,5,2025-07-21,False
OTGL,8,2025-07-24,False
OTGL,10,2025-07-28,False
OTGL,14,2025-08-01,False
OTGL,16,2025-08-05,False
OTGL,28,2025-08-21,False
OTGL,30,2025-08-25,False
OTH,1,2025-11-14,False
OTH,6,2025-11-21,False
OTIS,1,2020-03-20,False
OTIS,6,2020-03-27,False
OTLY,2,2021-05-24,False
OTTR,1444,2021-09-28,False
OTTR,1492,2021-12-06,False
OUNZ,1164,2020-08-18,False
OUNZ,2092,2024-04-26,False
OUNZ,2472,2025-10-31,False
OUST,8,2020-10-21,False
OUST,17,2020-11-03,False
OUST,35,2020-11-30,False
OUSTZ,1,2024-12-20,False
OVLH,7,2021-01-27,False
OVLH,27,2021-02-25,False
OVLH,30,2021-03-02,False
OVLY,1703,2023-03-06,False
OVLY,1809,2023-08-07,False
OVT,8,2021-01-28,False
OVT,29,2021-03-01,False
OVT,32,2021-03-04,False
OVT,34,2021-03-08,False
OVV,1477,2021-11-12,False
OVV,1930,2023-09-05,False
OVV,2090,2024-04-24,False
OWL,3,2020-12-17,False
OWL,5,2020-12-21,False
OWL,18,2021-01-11,False
OWL,21,2021-01-14,False
OWL,819,2024-03-19,False
OWL,975,2024-10-30,False
OWL,981,2024-11-07,False
OWLS,1,2025-10-17,False
OWLT,8,2020-11-17,False
OWLT,19,2020-12-03,False
OWNB,2,2025-03-13,False
OWNB,5,2025-03-18,False
OWNS,8,2021-08-06,False
OXLC,1252,2020-12-22,False
OXLC,1794,2023-02-17,False
OXLCG,8,2025-03-12,False
OXLCG,26,2025-04-07,False
OXLCI,8,2024-07-19,False
OXLCI,19,2024-08-05,False
OXLCI,23,2024-08-09,False
OXLCI,27,2024-08-15,False
OXLCN,1,2022-06-13,False
OXLCN,9,2022-06-24,False
OXLCN,24,2022-07-18,False
OXSQ,1336,2021-04-26,False
OXSQH,8,2025-08-22,False
OXY-WT,2,2020-08-26,False
OXY-WT,8,2020-09-03,False
OYSE,9,2025-07-23,False
OYSEU,8,2025-06-04,False
OZEM,1,2024-05-22,False
OZEM,8,2024-06-03,False
OZEM,20,2024-06-20,False
OZEM,43,2024-07-24,False
OZK,2010,2023-12-28,False
OZK,2015,2024-01-05,False
PAA,1376,2021-06-22,False
PAAA,8,2023-08-07,False
PAAS,1013,2020-01-13,False
PAAS,2094,2024-04-30,False
PAB,8,2021-04-27,False
PAB,24,2021-05-19,False
PABD,8,2024-01-31,False
PABD,17,2024-02-13,False
PABU,1,2022-04-21,False
PABU,7,2022-04-29,False
PABU,9,2022-05-03,False
PABU,11,2022-05-05,False
PABU,18,2022-05-16,False
PAC,1799,2023-02-27,False
PAC,2514,2026-01-02,False
PACH,9,2025-08-27,False
PACK,469,2020-01-16,False
PACK,1707,2024-12-17,False
PACS,4,2024-04-17,False
PACS,7,2024-04-22,False
PACS,45,2024-06-14,False
PACS,50,2024-06-24,False
PAGP,1376,2021-06-22,False
PAGP,1384,2021-07-02,False
PAGP,2566,2026-03-19,False
PAGP,2579,2026-04-08,False
PAII,9,2025-09-22,False
PAII-U,8,2025-07-30,False
PAII-U,20,2025-09-10,False
PAII-U,28,2025-09-22,False
PAII-WS,8,2025-09-22,False
PAL,5,2024-05-16,False
PAL,8,2024-05-21,False
PAL,10,2024-05-23,False
PAL,13,2024-05-29,False
PAL,24,2024-06-13,False
PALC,1,2020-06-26,False
PALC,6,2020-07-06,False
PALD,4,2025-04-01,False
PALL,2470,2025-10-29,False
PALOU,8,2026-03-03,False
PALU,1,2025-03-27,False
PALU,5,2025-04-02,False
PAM,2201,2024-10-02,False
PAM,2260,2024-12-26,False
PAM,2262,2024-12-30,False
PAMC,1,2020-06-26,False
PAMC,5,2020-07-02,False
PAMC,7,2020-07-07,False
PAMC,22,2020-07-28,False
PAMC,152,2021-02-02,False
PAMC,949,2024-04-04,False
PANG,1,2025-03-24,False
PANG,3,2025-03-26,False
PANG,8,2025-04-02,False
PANL,1970,2023-12-07,False
PANW,1259,2021-01-04,False
PANW,1810,2023-03-14,False
PAPI,1,2023-10-20,False
PAPI,6,2023-10-27,False
PAPI,9,2023-11-01,False
PAPI,20,2023-11-16,False
PAPL,1,2023-11-02,False
PAR,1261,2021-01-06,False
PARK,1,2025-12-04,False
PARR,1922,2023-08-23,False
PARR,2402,2025-07-24,False
PARR,2404,2025-07-28,False
PASG,1,2020-03-02,False
PASW,1,2025-07-21,False
PATH,2,2021-04-23,False
PATH,10,2021-05-05,False
PATH,1136,2025-10-28,True
PATK,2019,2024-01-11,False
PATN,5,2024-09-24,False
PATN,18,2024-10-11,False
PATN,20,2024-10-15,False
PATN,24,2024-10-21,False
PATN,28,2024-10-25,False
PATN,31,2024-10-30,False
PATN,33,2024-11-01,False
PATX,1,2026-01-14,False
PAWZ,1298,2024-01-05,False
PAX,1,2021-01-25,False
PAX,1125,2025-07-17,False
PAX,1255,2026-01-22,False
PAXS,8,2022-02-08,False
PAXS,21,2022-02-28,False
PAXS,25,2022-03-04,False
PAY,1,2021-05-27,False
PAYC,1432,2021-09-10,False
PAYC,2237,2024-11-21,False
PAYH,8,2026-01-12,False
PAYH,18,2026-01-27,False
PAYH,21,2026-01-30,False
PAYH,28,2026-02-10,False
PAYO,3,2020-10-21,False
PAYO,8,2020-10-28,False
PAYO,11,2020-11-02,False
PAYO,1045,2024-12-12,False
PAYP,1,2026-03-13,False
PAYR,8,2025-10-20,False
PAYR,22,2025-11-07,False
PAYX,1585,2022-04-20,False
PB,2015,2024-01-05,False
PBAP,15,2024-04-22,False
PBAP,18,2024-04-25,False
PBAU,8,2024-05-22,False
PBD,1182,2020-09-14,False
PBD,1209,2020-10-21,False
PBD,2413,2025-08-08,False
PBDC,1,2022-10-03,False
PBDC,3,2022-10-05,False
PBDC,11,2022-10-17,False
PBDE,8,2024-06-06,False
PBE,1261,2021-01-06,False
PBE,2026,2024-01-23,False
PBEE,2,2021-04-23,False
PBEE,13,2021-05-11,False
PBEE,16,2021-05-14,False
PBEE,21,2021-05-21,False
PBEE,767,2024-05-20,False
PBEU,7,2025-12-05,False
PBFB,8,2024-02-13,False
PBFR,8,2024-06-26,False
PBFR,30,2024-07-29,False
PBFR,34,2024-08-02,False
PBFR,37,2024-08-07,False
PBFS,122,2020-01-10,False
PBH,2073,2024-04-01,False
PBH,2252,2024-12-13,False
PBJA,8,2024-01-12,False
PBJL,8,2024-05-20,False
PBJN,8,2024-06-13,False
PBJN,37,2024-07-26,False
PBL,1,2022-12-15,False
PBL,6,2022-12-22,False
PBL,9,2022-12-28,False
PBL,11,2022-12-30,False
PBL,14,2023-01-05,False
PBM,3,2021-12-20,False
PBM,7,2021-12-28,False
PBM,11,2022-01-06,False
PBM,15,2022-01-13,False
PBMR,8,2024-03-13,False
PBMR,23,2024-04-04,False
PBMR,30,2024-04-15,False
PBMR,33,2024-04-18,False
PBMR,37,2024-04-24,False
PBMWW,1,2024-01-23,False
PBMY,7,2024-05-10,False
PBNV,8,2024-06-04,False
PBOC,8,2024-05-30,False
PBOG,7,2025-12-05,False
PBOG,12,2025-12-12,False
PBOG,16,2025-12-18,False
PBOG,21,2025-12-26,False
PBOT,5,2025-10-23,False
PBOT,19,2025-11-12,False
PBOT,22,2025-11-17,False
PBOT,25,2025-11-20,False
PBOT,27,2025-11-24,False
PBPH,2,2025-11-28,False
PBPH,6,2025-12-04,False
PBPH,8,2025-12-08,False
PBPH,11,2025-12-11,False
PBPH,37,2026-01-21,False
PBQQ,8,2025-01-15,False
PBQQ,36,2025-02-26,False
PBR,1373,2021-06-17,False
PBR,1375,2021-06-21,False
PBRG,6,2025-12-29,False
PBSE,8,2024-05-28,False
PBT,2398,2025-07-18,False
PBW,1026,2020-01-31,False
PBW,1209,2020-10-21,False
PBW,2468,2025-10-27,False
PBYI,2544,2026-02-17,False
PC,1,2024-09-26,False
PCAP,8,2025-07-23,False
PCAP,26,2025-08-18,False
PCAP,28,2025-08-20,False
PCAPU,7,2025-06-02,False
PCAPU,27,2025-07-01,False
PCAPU,29,2025-07-03,False
PCAR,1907,2023-08-02,False
PCAR,2021,2024-01-16,False
PCAR,2079,2024-04-09,False
PCAR,2240,2024-11-26,False
PCB,853,2021-03-29,False
PCB,955,2021-08-23,False
PCB,959,2021-08-27,False
PCB,962,2021-09-01,False
PCCE,4,2024-03-21,False
PCCE,13,2024-04-04,False
PCCE,19,2024-04-12,False
PCCE,24,2024-04-19,False
PCCE,51,2024-05-29,False
PCCE,153,2024-10-23,False
PCFI,8,2025-04-03,False
PCFI,13,2025-04-10,False
PCFI,15,2025-04-14,False
PCFI,17,2025-04-16,False
PCFI,21,2025-04-23,False
PCGG,8,2023-09-12,False
PCGG,11,2023-09-15,False
PCGG,14,2023-09-20,False
PCGG,18,2023-09-26,False
PCGG,23,2023-10-03,False
PCGG,26,2023-10-06,False
PCHI,7,2025-04-03,False
PCHI,16,2025-04-16,False
PCI,8,2025-08-13,False
PCIG,8,2024-03-27,False
PCIG,11,2024-04-02,False
PCIG,13,2024-04-04,False
PCIG,17,2024-04-10,False
PCIG,19,2024-04-12,False
PCIG,25,2024-04-22,False
PCL,8,2025-08-13,False
PCL,11,2025-08-18,False
PCL,17,2025-08-26,False
PCL,21,2025-09-02,False
PCL,37,2025-09-24,False
PCLA,1,2025-01-17,False
PCLG,8,2025-10-10,False
PCLG,16,2025-10-22,False
PCLG,27,2025-11-06,False
PCLG,30,2025-11-11,False
PCLN,4,2025-10-22,False
PCLN,7,2025-10-27,False
PCLN,15,2025-11-06,False
PCLN,20,2025-11-13,False
PCLN,25,2025-11-20,False
PCLO,8,2024-12-13,False
PCMM,8,2024-12-13,False
PCOR,2,2021-05-24,False
PCOR,8,2021-06-02,False
PCPI,6,2026-04-14,False
PCR,4,2025-09-29,False
PCR,6,2025-10-01,False
PCR,8,2025-10-03,False
PCR,10,2025-10-07,False
PCR,12,2025-10-09,False
PCR,14,2025-10-13,False
PCR,16,2025-10-15,False
PCR,19,2025-10-20,False
PCRB,8,2023-02-01,False
PCRB,26,2023-02-28,False
PCRB,28,2023-03-02,False
PCS,8,2025-08-13,False
PCSC,9,2024-06-25,False
PCT,2,2020-07-20,False
PCT,10,2020-08-21,False
PCT,95,2021-01-12,False
PCTTW,1,2020-07-17,False
PCTY,1674,2022-08-26,False
PCTY,2251,2024-12-12,False
PCVX,1,2020-06-15,False
PCVX,18,2020-07-09,False
PDBA,6,2022-09-01,False
PDBA,10,2022-09-08,False
PDBA,21,2022-09-23,False
PDBA,26,2022-09-30,False
PDBA,28,2022-10-04,False
PDBC,1563,2022-03-18,False
PDBC,1577,2022-04-07,False
PDCC,3,2024-07-23,False
PDCC,7,2024-07-29,False
PDCC,17,2024-08-12,False
PDCC,21,2024-08-16,False
PDD,1355,2023-12-13,False
PDDL,1,2025-07-16,False
PDDL,3,2025-07-18,False
PDDL,17,2025-08-07,False
PDFS,1490,2021-12-02,False
PDLB,1739,2024-09-03,False
PDO,8,2021-02-11,False
PDO,26,2021-03-10,False
PDO,29,2021-03-15,False
PDS,1918,2023-08-17,False
PDYN,8,2021-03-18,False
PDYN,13,2021-03-25,False
PDYN,16,2021-03-30,False
PDYNW,1,2021-03-09,False
PEBK,1202,2020-12-09,False
PEBK,2194,2024-12-27,False
PEBO,1991,2023-11-30,False
PEBO,2015,2024-01-05,False
PECO,8,2021-03-09,False
PECO,62,2021-05-25,False
PECO,65,2021-05-28,False
PEG,2209,2024-10-14,False
PEG,2211,2024-10-16,False
PELI,8,2025-06-25,False
PELIU,8,2025-06-04,False
PEMX,3,2023-05-23,False
PEMX,8,2023-05-31,False
PEMX,28,2023-06-29,False
PEMX,32,2023-07-06,False
PEN,1169,2020-08-25,False
PEN,2304,2025-03-05,False
PENG,1533,2023-06-28,False
PEPG,1,2022-05-09,False
PEPG,5,2022-05-13,False
PEPS,4,2024-11-14,False
PEPS,8,2024-11-20,False
PEPS,29,2024-12-20,False
PEPS,33,2024-12-27,False
PERF,1,2021-03-02,False
PERF,7,2021-03-10,False
PERF,9,2021-03-12,False
PERF,13,2021-03-18,False
PERF,15,2021-03-22,False
PERF,22,2021-03-31,False
PERF-WT,1,2022-10-27,False
PERI,1801,2023-03-01,False
PETVW,4,2021-08-17,False
PEVC,7,2025-02-12,False
PEVC,19,2025-03-03,False
PEVC,22,2025-03-06,False
PEVMD,1,2022-06-09,False
PEW-WS,1,2025-07-14,False
PEZ,1156,2020-08-31,False
PEZ,1158,2020-09-02,False
PEZ,1163,2020-09-10,False
PEZ,1998,2024-01-05,False
PEZ,2001,2024-01-10,False
PFAI,1,2025-04-22,False
PFDE,8,2026-01-13,False
PFDE,12,2026-01-20,False
PFDE,16,2026-01-26,False
PFDE,29,2026-02-12,False
PFE,1427,2021-09-02,False
PFE,1429,2021-09-07,False
PFE,1495,2021-12-09,False
PFEB,8,2020-02-13,False
PFEB,14,2020-02-24,False
PFEB,17,2020-02-27,False
PFEB,22,2020-03-05,False
PFFV,10,2020-07-09,False
PFFV,12,2020-07-13,False
PFFV,16,2020-07-17,False
PFG,1737,2022-11-25,False
PFG,1910,2023-08-07,False
PFGC,1018,2020-01-21,False
PFIX,2,2021-05-13,False
PFIX,8,2021-05-21,False
PFIX,24,2021-06-15,False
PFLT,1248,2020-12-16,False
PFLT,1256,2020-12-29,False
PFOE,5,2026-01-08,False
PFOE,12,2026-01-20,False
PFOE,19,2026-01-29,False
PFOE,22,2026-02-03,False
PFOE,26,2026-02-09,False
PFOE,29,2026-02-12,False
PFRL,8,2022-06-06,False
PFRL,26,2022-07-01,False
PFRL,29,2022-07-07,False
PFRL,32,2022-07-12,False
PFS,1316,2021-03-26,False
PFSA,1,2025-07-14,False
PFSI,1792,2023-02-15,False
PFSI,1908,2023-08-03,False
PFSI,2010,2023-12-28,False
PFUT,8,2021-06-08,False
PFUT,32,2021-07-13,False
PFUT,37,2021-07-20,False
PFX,1374,2021-06-18,False
PFX,1376,2021-06-22,False
PFX,1379,2021-06-25,False
PG,1186,2020-09-18,False
PG,1768,2023-01-11,False
PGAC,8,2025-08-14,False
PGC,2243,2024-12-02,False
PGC,2564,2026-03-17,False
PGJ,2215,2024-10-22,False
PGNY,317,2021-01-29,False
PGR,1969,2023-10-30,False
PGR,2083,2024-04-15,False
PGR,2086,2024-04-18,False
PGRI,4,2025-10-29,False
PGRI,12,2025-11-10,False
PGRI,17,2025-11-17,False
PGRI,24,2025-11-26,False
PGRO,8,2021-06-08,False
PGY,2,2021-04-23,False
PGY,10,2021-05-05,False
PGY,18,2021-05-17,False
PGY,24,2021-05-25,False
PGYWW,1,2022-06-22,False
PH,1797,2023-02-23,False
PHAR,1,2020-12-24,False
PHAR,6,2021-01-04,False
PHAR,9,2021-01-07,False
PHAR,15,2021-01-15,False
PHEQ,1,2023-10-20,False
PHEQ,4,2023-10-25,False
PHEQ,9,2023-11-01,False
PHG,2207,2024-10-10,False
PHI,1449,2021-10-05,False
PHI,2499,2025-12-10,False
PHIN,1,2023-06-29,False
PHIN,648,2026-01-28,False
PHM,1791,2023-02-14,False
PHM,1797,2023-02-23,False
PHM,1865,2023-06-01,False
PHM,1891,2023-07-11,False
PHM,2010,2023-12-28,False
PHM,2015,2024-01-05,False
PHO,1236,2020-11-30,False
PHOE,1,2025-04-25,False
PHVS,1,2021-02-08,False
PHVS,3,2021-02-10,False
PHXE-P,2,2025-10-02,False
PHXE-P,4,2025-10-06,False
PHXE-P,15,2025-10-21,False
PHXE-P,19,2025-10-27,False
PHXE-P,21,2025-10-29,False
PHXE-P,23,2025-10-31,False
PHXE-P,27,2025-11-06,False
PHXE-P,29,2025-11-10,False
PHXE-P,115,2026-03-17,False
PHYD,8,2023-02-01,False
PHYD,21,2023-02-21,False
PHYD,26,2023-02-28,False
PHYD,35,2023-03-13,False
PHYS,1164,2020-08-18,False
PHYS,2092,2024-04-26,False
PHYS,2472,2025-10-31,False
PICK,1272,2021-01-22,False
PICS,1,2026-01-30,False
PID,1253,2020-12-23,False
PID,1256,2020-12-29,False
PIE,2448,2025-09-29,False
PIEQ,2,2024-11-08,False
PIEQ,4,2024-11-12,False
PIEQ,12,2024-11-22,False
PIEQ,27,2024-12-16,False
PIFI,8,2020-10-14,False
PIII,2,2021-04-08,False
PIII,4,2021-04-12,False
PIII,8,2021-04-16,False
PIII,10,2021-04-20,False
PIII,12,2021-04-22,False
PIII,14,2021-04-26,False
PIII,16,2021-04-28,False
PIII,18,2021-04-30,False
PIII,20,2021-05-04,False
PIII,23,2021-05-07,False
PIII,27,2021-05-13,False
PIIIW,1,2021-04-08,False
PINC,2359,2025-05-21,False
PINE,1523,2025-12-16,False
PINE,1525,2025-12-18,False
PINE-PA,7,2025-11-17,False
PINE-PA,9,2025-11-19,False
PINE-PA,35,2025-12-29,False
PINK,7,2021-10-19,False
PINK,31,2021-11-22,False
PINK,36,2021-11-30,False
PINK,575,2024-01-24,False
PINK,1048,2025-12-11,False
PINS,1289,2024-05-24,False
PIO,2015,2024-01-05,False
PIO,2018,2024-01-10,False
PIPE,1,2025-02-21,False
PIPE,8,2025-03-04,False
PIPE,16,2025-03-14,False
PIPE,266,2026-03-13,False
PIPE,269,2026-03-18,False
PIPE,282,2026-04-07,False
PIPR,1750,2022-12-14,False
PIPR,2011,2023-12-29,False
PIPR,2164,2024-08-09,False
PIPR,2424,2025-08-25,False
PIRBF,2541,2026-02-11,False
PIT,3,2022-12-28,False
PIT,6,2023-01-03,False
PIT,12,2023-01-11,False
PIT,26,2023-02-01,False
PJBF,1,2023-12-20,False
PJBF,8,2024-01-02,False
PJBF,13,2024-01-09,False
PJFG,1,2022-12-15,False
PJFG,6,2022-12-22,False
PJFG,8,2022-12-27,False
PJFG,12,2023-01-03,False
PJFG,14,2023-01-05,False
PJFM,1,2023-12-20,False
PJFM,8,2024-01-02,False
PJFM,11,2024-01-05,False
PJFM,15,2024-01-11,False
PJFM,17,2024-01-16,False
PJFV,1,2022-12-15,False
PJFV,6,2022-12-22,False
PJFV,9,2022-12-28,False
PJFV,14,2023-01-05,False
PJFV,30,2023-01-30,False
PJFV,37,2023-02-08,False
PJIO,1,2023-12-20,False
PJIO,8,2024-01-02,False
PJIO,15,2024-01-11,False
PJP,1294,2021-02-24,False
PJT,1228,2020-11-17,False
PJT,1910,2023-08-07,False
PJT,2164,2024-08-09,False
PK,1786,2024-01-22,False
PKBK,1314,2021-03-29,False
PKBK,2544,2026-02-20,False
PKE,1259,2021-01-04,False
PKE,2407,2025-07-31,False
PKE,2409,2025-08-04,False
PKE,2533,2026-01-30,False
PKST,1,2023-04-14,False
PKW,1274,2021-01-26,False
PKX,1252,2020-12-22,False
PKX,1256,2020-12-29,False
PKX,1750,2022-12-14,False
PL,9,2021-05-07,False
PL,17,2021-05-20,False
PL,19,2021-05-24,False
PL,1131,2025-10-27,True
PL-WT,1,2021-04-27,False
PLAY,1793,2023-02-16,False
PLBC,1006,2020-01-02,False
PLBC,1324,2021-04-08,False
PLBC,1326,2021-04-12,False
PLBL,1,2025-08-05,False
PLBL,3,2025-08-07,False
PLBL,19,2025-08-29,False
PLBY,7,2020-09-10,False
PLBY,18,2020-09-25,False
PLBY,20,2020-09-29,False
PLBY,24,2020-10-05,False
PLBY,27,2020-10-08,False
PLBY,30,2020-10-13,False
PLBY,32,2020-10-15,False
PLBY,35,2020-10-20,False
PLD,2010,2023-12-28,False
PLD,2019,2024-01-11,False
PLD,2024,2024-01-19,False
PLDR,8,2021-06-08,False
PLGI,9,2025-12-23,False
PLGI,29,2026-01-23,False
PLGI,33,2026-01-29,False
PLGI,36,2026-02-03,False
PLMK,8,2025-02-12,False
PLMKU,9,2025-01-28,False
PLMKU,38,2025-03-11,False
PLOO,1,2025-08-14,False
PLOO,8,2025-08-25,False
PLOO,10,2025-08-27,False
PLOO,12,2025-08-29,False
PLOW,2560,2026-03-11,False
PLOW,2564,2026-03-17,False
PLPC,1253,2020-12-23,False
PLPC,1675,2022-08-29,False
PLRX,2,2020-06-05,False
PLRZ,1,2024-10-30,False
PLSM,1,2025-12-16,False
PLSM,3,2025-12-18,False
PLTA,1,2025-09-11,False
PLTA,4,2025-09-16,False
PLTD,1,2024-12-12,False
PLTD,6,2024-12-19,False
PLTD,11,2024-12-27,False
PLTG,1,2025-04-25,False
PLTG,3,2025-04-29,False
PLTI,1,2025-11-05,False
PLTI,5,2025-11-11,False
PLTI,15,2025-11-25,False
PLTK,4,2021-01-14,False
PLTK,16,2021-02-02,False
PLTM,1869,2025-10-29,False
PLTR,1,2020-10-01,False
PLTR,6,2020-10-08,False
PLTR,1022,2024-10-23,False
PLTS,1,2025-09-22,False
PLTU,1,2024-12-12,False
PLTU,3,2024-12-16,False
PLTW,1,2025-02-20,False
PLTY,5,2024-10-15,False
PLTY,8,2024-10-18,False
PLTY,11,2024-10-23,False
PLTZ,1,2025-06-09,False
PLTZ,10,2025-06-23,False
PLU,1,2026-01-08,False
PLUL,2,2026-01-15,False
PLUS,1442,2021-09-24,False
PLUS,1802,2023-03-02,False
PLUS,2180,2024-09-03,False
PLUT,3,2025-02-10,False
PLUT,8,2025-02-18,False
PLUT,11,2025-02-21,False
PLUT,16,2025-02-28,False
PLXS,1750,2022-12-14,False
PLXS,2254,2024-12-17,False
PLXS,2547,2026-02-20,False
PLXS,2549,2026-02-24,False
PLYX,1,2026-02-02,False
PLYY,7,2025-10-02,False
PLYY,15,2025-10-14,False
PM,2190,2024-09-17,False
PM,2312,2025-03-14,False
PMAP,2,2025-04-03,False
PMAP,8,2025-04-11,False
PMAP,10,2025-04-15,False
PMAR,1,2020-03-03,False
PMAR,3,2020-03-05,False
PMAU,8,2025-08-13,False
PMAX,2,2024-09-09,False
PMAY,7,2020-05-12,False
PMAY,32,2020-06-17,False
PMAY,35,2020-06-22,False
PMBS,18,2024-10-17,False
PMBS,26,2024-10-29,False
PMBS,32,2024-11-06,False
PMDE,8,2025-12-12,False
PMEC,1,2023-10-10,False
PMFB,8,2025-02-13,False
PMFB,28,2025-03-14,False
PMFB,32,2025-03-20,False
PMI,1,2025-09-02,False
PMIO,8,2024-07-11,False
PMJA,8,2025-01-15,False
PMJL,8,2025-07-14,False
PMJN,8,2025-06-12,False
PMMF,8,2025-02-18,False
PMMR,9,2025-03-14,False
PMMR,11,2025-03-18,False
PMMR,26,2025-04-08,False
PMMY,8,2025-05-13,False
PMNT,1,2024-02-09,False
PMNT,4,2024-02-14,False
PMO,2011,2023-12-29,False
PMOC,8,2025-10-13,False
PMSE,8,2025-09-12,False
PMT-P-C,8,2021-08-27,False
PMT-P-C,14,2021-09-07,False
PMTR,4,2025-06-26,False
PMTR,9,2025-07-03,False
PMTR,12,2025-07-09,False
PMTR,29,2025-08-01,False
PMTRU,8,2025-05-23,False
PMTU,2,2023-10-02,False
PMTU,11,2023-10-13,False
PMTV,8,2025-02-27,False
PMTV,11,2025-03-04,False
PMTV,16,2025-03-11,False
PMTV,18,2025-03-13,False
PMTW,8,2025-06-25,False
PMVP,1,2020-09-28,False
PMVP,11,2020-10-12,False
PMVP,23,2020-10-28,False
PN,1,2025-03-05,False
PN,5,2025-03-11,False
PN,10,2025-03-18,False
PNC,2019,2024-01-11,False
PNC,2544,2026-02-17,False
PNC,2546,2026-02-19,False
PNFP,1315,2021-03-25,False
PNFP-P-B,8,2026-01-14,False
PNFP-P-B,27,2026-02-11,False
PNFP-P-C,8,2026-01-14,False
PNFP-P-C,23,2026-02-05,False
PNFP-P-C,27,2026-02-11,False
PNFP-P-C,35,2026-02-24,False
PNFP-P-C,37,2026-02-26,False
PNFP-PA,7,2026-01-13,False
PNFP-PA,27,2026-02-11,False
PNFP-PR-A,7,2026-01-13,False
PNFP-PR-A,27,2026-02-11,False
PNFP-PR-B,8,2026-01-14,False
PNFP-PR-B,27,2026-02-11,False
PNFP-PR-C,8,2026-01-14,False
PNFP-PR-C,23,2026-02-05,False
PNFP-PR-C,27,2026-02-11,False
PNR,1792,2023-02-15,False
PNR,1795,2023-02-21,False
PNR,1797,2023-02-23,False
PNR,2080,2024-04-10,False
PNW,1234,2020-11-25,False
POAS,2,2025-11-17,False
POAS,4,2025-11-19,False
PODC,1,2023-09-08,False
POLEU,8,2024-09-17,False
POLEU,28,2024-10-15,False
POLEU,30,2024-10-17,False
POLEW,2,2024-10-30,False
POM,1,2025-10-09,False
PONX,1,2025-09-10,False
PONY,2,2024-12-02,False
POOL,1355,2021-05-21,False
POOL,1359,2021-05-27,False
POOL,1369,2021-06-11,False
POST,2047,2024-02-22,False
POST,2053,2024-03-01,False
POW,2,2025-10-30,False
POW,5,2025-11-04,False
POW,7,2025-11-06,False
POW,10,2025-11-11,False
POW,12,2025-11-13,False
POW,14,2025-11-17,False
POW,17,2025-11-20,False
POW,19,2025-11-24,False
POW,23,2025-12-01,False
POW,92,2026-03-12,False
POWI,1417,2021-08-19,False
POWL,1006,2020-01-02,False
POWL,1761,2022-12-30,False
PPA,2539,2026-02-09,False
PPEM,4,2023-01-31,False
PPEM,7,2023-02-15,False
PPEM,9,2023-02-21,False
PPEM,12,2023-02-24,False
PPEM,16,2023-03-09,False
PPEM,18,2023-03-13,False
PPEM,20,2023-03-15,False
PPG,2019,2024-01-11,False
PPG,2549,2026-02-24,False
PPG,2552,2026-02-27,False
PPHC,3,2026-02-02,False
PPHC,19,2026-02-25,False
PPHC,38,2026-03-24,False
PPI,7,2022-01-10,False
PPI,21,2022-01-31,False
PPI,575,2024-04-16,False
PPIE,8,2023-02-01,False
PPIE,14,2023-02-09,False
PPIE,19,2023-02-16,False
PPIE,21,2023-02-21,False
PPIE,24,2023-02-24,False
PPIE,26,2023-02-28,False
PPIE,29,2023-03-03,False
PPLT,2470,2025-10-29,False
PPYA,8,2022-03-16,False
PPYAW,1,2022-03-07,False
PQAP,8,2025-01-15,False
PQAP,37,2025-02-27,False
PQDI,8,2020-06-29,False
PQJA,8,2025-01-15,False
PQJA,32,2025-02-26,False
PQJL,8,2025-01-15,False
PQJL,36,2025-02-26,False
PQNT,8,2025-10-28,False
PQNT,17,2025-11-10,False
PQNT,25,2025-11-20,False
PQNT,28,2025-11-25,False
PQOC,8,2025-01-15,False
PQOC,36,2025-02-26,False
PR,2014,2024-04-17,False
PR,2017,2024-04-22,False
PR,2019,2024-04-24,False
PR,2511,2026-04-14,False
PRA,1925,2023-08-28,False
PRAA,1793,2023-02-16,False
PRAB,8,2026-03-23,False
PRAE,8,2024-01-02,False
PRAE,16,2024-01-12,False
PRAX,1,2020-10-19,False
PRAY,2,2022-02-10,False
PRAY,7,2022-02-17,False
PRAY,9,2022-02-22,False
PRAY,16,2022-03-03,False
PRAY,21,2022-03-10,False
PRAY,23,2022-03-14,False
PRAY,25,2022-03-16,False
PRCH,8,2020-01-24,False
PRCH,13,2020-01-31,False
PRCH,37,2020-03-06,False
PRCS,3,2024-12-17,False
PRCS,10,2024-12-27,False
PRCS,12,2024-12-31,False
PRCS,16,2025-01-07,False
PRCS,18,2025-01-10,False
PRCS,20,2025-01-14,False
PRCS,34,2025-02-04,False
PRCT,1,2021-09-16,False
PRDO,1750,2022-12-14,False
PRDO,1920,2023-08-21,False
PRDO,2107,2024-05-17,False
PRE,1,2021-07-19,False
PRE,9,2021-08-04,False
PRE,20,2021-09-01,False
PRE,24,2021-09-13,False
PRENW,2,2022-05-18,False
PRFD,8,2023-01-31,False
PRFD,30,2023-03-03,False
PRFD,34,2023-03-09,False
PRFX,1,2020-09-02,False
PRFX,4,2020-09-08,False
PRFX,6,2020-09-10,False
PRFZ,1279,2021-02-02,False
PRFZ,1295,2021-02-25,False
PRHIZ,2,2023-09-22,False
PRIM,1256,2020-12-29,False
PRIM,1277,2021-01-29,False
PRIM,1792,2023-02-15,False
PRIM,1893,2023-07-14,False
PRIM,2250,2024-12-12,False
PRIV,8,2025-03-11,False
PRIV,12,2025-03-17,False
PRIV,33,2025-04-15,False
PRIV,36,2025-04-21,False
PRK,2010,2023-12-28,False
PRK,2015,2024-01-05,False
PRLB,2434,2025-09-09,False
PRLD,1,2020-09-28,False
PRM,1,2021-11-10,False
PRM,4,2021-11-15,False
PRM,18,2021-12-06,False
PRM,968,2025-09-19,False
PRM,976,2025-10-01,False
PRMB,2077,2024-04-05,False
PRMB,2079,2024-04-09,False
PRMB,2085,2024-04-17,False
PRMB,2128,2024-06-18,False
PRMB,2130,2024-06-21,False
PRMB,2133,2024-06-26,False
PRMB,2135,2024-06-28,False
PRME,2,2022-10-24,False
PRME,4,2022-10-26,False
PRMR,3,2025-12-12,False
PRMR,6,2025-12-17,False
PRMR,8,2025-12-19,False
PRMR,20,2026-01-08,False
PRMR,27,2026-01-20,False
PRMR,35,2026-01-30,False
PROK,9,2021-07-14,False
PROK,11,2021-07-16,False
PROK,14,2021-07-21,False
PROK,20,2021-07-29,False
PROK,25,2021-08-05,False
PROK,33,2021-08-17,False
PROV,2026,2024-02-14,False
PRSD,8,2025-09-22,False
PRST,8,2021-02-18,False
PRST,10,2021-02-22,False
PRST,13,2021-02-25,False
PRST,16,2021-03-02,False
PRST,25,2021-03-15,False
PRST,27,2021-03-17,False
PRTC,4,2020-11-20,False
PRVA,1,2021-04-29,False
PRVS,4,2024-12-18,False
PRVS,10,2024-12-27,False
PRVS,18,2025-01-10,False
PRVS,33,2025-02-03,False
PRXV,2,2025-04-10,False
PRXV,4,2025-04-14,False
PRXV,36,2025-05-30,False
PRZO,1,2023-07-28,False
PSA,1343,2021-05-05,False
PSA,2198,2024-09-27,False
PSA,2211,2024-10-16,False
PSA-P-R,9,2021-11-23,False
PSA-P-R,27,2021-12-20,False
PSBD,5,2024-01-25,False
PSBD,8,2024-01-30,False
PSBD,10,2024-02-01,False
PSBD,12,2024-02-05,False
PSBD,14,2024-02-07,False
PSBD,16,2024-02-09,False
PSBD,18,2024-02-13,False
PSBD,20,2024-02-15,False
PSBD,26,2024-02-26,False
PSCF,2012,2024-01-05,False
PSCH,1009,2020-01-07,False
PSCJ,8,2021-07-13,False
PSCJ,12,2021-07-19,False
PSCM,1166,2021-01-20,False
PSCM,1906,2024-01-05,False
PSCM,2424,2026-01-30,False
PSCM,2444,2026-03-02,False
PSCQ,8,2021-10-12,False
PSCT,1279,2021-02-02,False
PSCT,1292,2021-02-22,False
PSCT,1297,2021-03-01,False
PSCU,1288,2021-02-24,False
PSCW,8,2021-04-14,False
PSCW,33,2021-05-19,False
PSCX,8,2021-01-06,False
PSCX,22,2021-01-27,False
PSDM,8,2023-08-07,False
PSEC,1300,2021-03-04,False
PSEC,1303,2021-03-09,False
PSFD,6,2021-01-04,False
PSFD,8,2021-01-06,False
PSFD,22,2021-01-27,False
PSFD,24,2021-01-29,False
PSFD,27,2021-02-03,False
PSFE,16,2020-11-02,False
PSFE,35,2020-11-30,False
PSFE,64,2021-01-12,False
PSFF,8,2021-01-12,False
PSFF,18,2021-01-27,False
PSFF,20,2021-01-29,False
PSFJ,8,2021-07-13,False
PSFJ,13,2021-07-20,False
PSFJ,35,2021-08-19,False
PSFM,8,2021-04-14,False
PSFM,35,2021-05-21,False
PSFO,8,2021-10-12,False
PSH,8,2024-01-02,False
PSH,11,2024-01-05,False
PSI,1279,2021-02-02,False
PSIG,1,2024-07-22,False
PSIL,1,2021-09-17,False
PSIL,5,2021-09-23,False
PSIL,11,2021-10-01,False
PSIL,16,2021-10-08,False
PSIL,18,2021-10-12,False
PSKY,2395,2025-07-15,False
PSLV,2470,2025-10-29,False
PSLV,2472,2025-10-31,False
PSMD,8,2021-01-06,False
PSMD,22,2021-01-27,False
PSMD,24,2021-01-29,False
PSMD,26,2021-02-02,False
PSMJ,8,2021-07-13,False
PSMJ,12,2021-07-19,False
PSMJ,35,2021-08-19,False
PSMO,8,2021-10-12,False
PSMO,23,2021-11-02,False
PSMO,26,2021-11-05,False
PSMO,32,2021-11-15,False
PSMR,8,2021-04-14,False
PSMR,34,2021-05-20,False
PSMT,1257,2020-12-30,False
PSMT,1272,2021-01-22,False
PSMT,1275,2021-01-27,False
PSMT,2548,2026-02-23,False
PSN,177,2020-01-21,False
PSN,1091,2023-09-07,False
PSN,1097,2023-09-15,False
PSN,1225,2024-03-20,False
PSN,1229,2024-03-26,False
PSN,1235,2024-04-04,False
PSNY,1,2021-05-19,False
PSNY,9,2021-06-01,False
PSNYW,1,2021-05-18,False
PSO,2255,2024-12-18,False
PSP,2015,2024-01-05,False
PSP,2018,2024-01-10,False
PSP,2021,2024-01-16,False
PSQA,9,2024-09-24,False
PSQH,8,2021-07-19,False
PSQH,19,2021-08-03,False
PSQH-WT,1,2024-01-23,False
PSQO,8,2024-09-24,False
PSQO,36,2024-11-01,False
PSTG,1882,2023-06-27,False
PSTL,515,2021-06-01,False
PSTL,1718,2026-03-17,False
PSTP,7,2022-03-17,False
PSTP,28,2022-04-18,False
PSTP,31,2022-04-21,False
PSTP,34,2022-04-26,False
PSTP,36,2022-04-28,False
PSTR,7,2024-05-09,False
PSTR,20,2024-05-29,False
PSTR,24,2024-06-04,False
PSWD,1,2023-07-14,False
PSWD,5,2023-07-20,False
PSWD,8,2023-07-25,False
PSWD,18,2023-08-08,False
PSWD,22,2023-08-14,False
PSWD,30,2023-08-24,False
PSX,1943,2023-09-22,False
PSX,1946,2023-09-27,False
PTA,8,2020-11-09,False
PTC,2035,2024-02-05,False
PTEST-X,8,2024-06-05,False
PTF,1905,2023-07-31,False
PTGX,1651,2023-03-06,False
PTH,1009,2020-01-07,False
PTH,1014,2020-01-14,False
PTH,2027,2024-01-24,False
PTHL,2,2024-09-09,False
PTHS,3,2024-02-22,False
PTIR,1,2024-09-05,False
PTIXW,2,2021-04-29,False
PTIXW,4,2021-05-03,False
PTL,6,2024-04-04,False
PTL,8,2024-04-08,False
PTL,10,2024-04-10,False
PTL,12,2024-04-12,False
PTL,21,2024-04-25,False
PTLE,1,2024-10-17,False
PTLE,3,2024-10-21,False
PTLE,12,2024-11-01,False
PTLO,1,2021-10-22,False
PTNM,1,2025-05-30,False
PTOR,9,2026-03-27,False
PTORU,8,2026-02-03,False
PTORW,1,2026-03-18,False
PTRB,8,2021-12-20,False
PTRB,26,2022-01-14,False
PTRB,29,2022-01-20,False
PTRN,1,2025-09-22,False
PUBM,1,2020-12-10,False
PUGBY,4,2024-07-23,False
PUGBY,11,2024-08-01,False
PUGBY,18,2024-08-12,False
PUGBY,20,2024-08-14,False
PULT,8,2023-02-01,False
PUMP,1607,2023-08-07,False
PURR,1,2025-12-04,False
PURR,5,2025-12-10,False
PUSH,8,2024-07-11,False
PVAL,8,2021-06-08,False
PVAL,14,2021-06-16,False
PVAL,20,2021-06-24,False
PVAL,22,2021-06-28,False
PVAL,34,2021-07-15,False
PVEX,6,2025-07-09,False
PVEX,14,2025-07-21,False
PVEX,27,2025-08-07,False
PVEX,29,2025-08-11,False
PVEX,37,2025-08-21,False
PVH,2025,2024-01-22,False
PVLA,1444,2021-09-28,False
PWER,3,2023-12-04,False
PWER,8,2023-12-11,False
PWER,23,2024-01-03,False
PWER,27,2024-01-09,False
PWM,1,2023-07-07,False
PWP,2,2020-11-24,False
PWP,4,2020-11-27,False
PWP,6,2020-12-01,False
PWP,14,2020-12-11,False
PWP,49,2021-02-03,False
PWP,688,2023-08-18,False
PWR,1183,2020-09-15,False
PWR,1444,2021-09-28,False
PWRD,5,2022-02-10,False
PWRD,17,2022-03-01,False
PWRD,543,2024-04-04,False
PWS,782,2021-01-22,False
PWS,784,2021-01-26,False
PX,4,2021-10-27,False
PX,7,2021-11-01,False
PX,27,2021-11-30,False
PX,794,2024-12-18,False
PXE,1946,2023-09-27,False
PXE,2090,2024-04-24,False
PXED,1,2025-10-10,False
PXED,8,2025-10-21,False
PXF,1272,2021-01-22,False
PXIU,1,2025-09-18,False
PXJ,1564,2022-03-21,False
PXJ,1918,2023-08-17,False
PXJ,2560,2026-03-11,False
PXJ,2565,2026-03-18,False
PXJ,2567,2026-03-20,False
PXLV,1236,2020-11-30,False
PXSG,1279,2021-02-02,False
PYLD,11,2023-07-10,False
PYLD,24,2023-07-27,False
PYLD,30,2023-08-04,False
PYLD,32,2023-08-08,False
PYLD,37,2023-08-15,False
PYPD,1,2020-06-29,False
PYPG,2,2025-04-08,False
PYPS,3,2021-03-22,False
PYPS,5,2021-03-24,False
PYPS,7,2021-03-26,False
PYPS,21,2021-04-19,False
PYPS,24,2021-04-22,False
PYPS,1007,2025-03-27,False
PYPS,1022,2025-04-17,False
PYPU,2,2026-03-27,False
PYPU,5,2026-04-01,False
PYPU,8,2026-04-07,False
PYPY,1,2023-09-27,False
PYPY,5,2023-10-03,False
PYPY,7,2023-10-05,False
PYPY,9,2023-10-09,False
PYPY,12,2023-10-12,False
PYPY,15,2023-10-17,False
PYPY,21,2023-10-25,False
PYPY,25,2023-10-31,False
PYXS,1,2021-10-11,False
PYXS,5,2021-10-15,False
PYXS,359,2023-03-15,False
PYZ,1258,2021-01-20,False
PZIV,4,2026-04-07,False
PZIV,6,2026-04-09,False
PZLV,7,2026-04-10,False
PZZA,1423,2021-08-27,False
Q,3,2025-10-29,False
Q,6,2025-11-03,False
QABA,1316,2021-03-26,False
QABA,2015,2024-01-05,False
QABA,2017,2024-01-09,False
QALT,8,2025-09-05,False
QAT,1563,2022-03-18,False
QB,8,2025-07-09,False
QB,25,2025-08-01,False
QBER,8,2024-07-12,False
QBER,37,2024-08-22,False
QBF,3,2025-02-11,False
QBF,7,2025-02-18,False
QBF,10,2025-02-21,False
QBF,17,2025-03-04,False
QBF,19,2025-03-06,False
QBIG,6,2024-12-12,False
QBIG,22,2025-01-07,False
QBIG,26,2025-01-14,False
QBIG,30,2025-01-21,False
QBKF,7,2026-04-14,False
QBKV,7,2026-04-14,False
QBSF,8,2025-07-14,False
QBTS,7,2020-12-22,False
QBTS,19,2021-01-11,False
QBTS,31,2021-01-28,False
QBTS,47,2021-02-22,False
QBTX,1,2025-04-28,False
QBTZ,2,2025-10-09,False
QBUF,8,2024-07-12,False
QBUF,13,2024-07-19,False
QBUF,16,2024-07-24,False
QBUF,20,2024-07-30,False
QBUF,22,2024-08-01,False
QBUF,27,2024-08-08,False
QBUL,8,2024-07-12,False
QBUL,19,2024-07-29,False
QBY,2,2025-11-28,False
QBY,7,2025-12-05,False
QBY,10,2025-12-10,False
QBY,15,2025-12-17,False
QBY,17,2025-12-19,False
QBY,26,2026-01-05,False
QCAP,8,2024-05-02,False
QCJA,8,2025-01-31,False
QCJA,27,2025-02-28,False
QCJA,33,2025-03-10,False
QCJL,2,2024-07-24,False
QCJL,8,2024-08-01,False
QCJL,14,2024-08-09,False
QCJL,33,2024-09-06,False
QCLN,1026,2020-01-31,False
QCLN,1241,2020-12-07,False
QCLR,8,2021-09-08,False
QCLR,15,2021-09-17,False
QCLR,17,2021-09-21,False
QCLR,22,2021-09-28,False
QCLR,28,2021-10-06,False
QCMD,1,2025-06-26,False
QCMD,5,2025-07-02,False
QCMD,9,2025-07-09,False
QCMD,22,2025-07-28,False
QCMD,24,2025-07-30,False
QCML,4,2025-02-20,False
QCMU,4,2025-07-01,False
QCMU,18,2025-07-22,False
QCOC,8,2024-10-31,False
QCOC,10,2024-11-04,False
QCOC,22,2024-11-20,False
QCOM,2017,2024-01-09,False
QCRH,2015,2024-01-05,False
QCRH,2165,2024-08-12,False
QDEC,8,2021-01-04,False
QDIV,508,2020-11-30,False
QDPL,3,2021-07-16,False
QDPL,8,2021-07-23,False
QDPL,27,2021-08-19,False
QDTE,1,2024-03-08,False
QDTE,4,2024-03-13,False
QDTE,9,2024-03-20,False
QDTE,19,2024-04-04,False
QDTE,21,2024-04-08,False
QDTE,23,2024-04-10,False
QDTE,25,2024-04-12,False
QDTY,5,2025-02-21,False
QDTY,9,2025-02-27,False
QDTY,11,2025-03-03,False
QDTY,19,2025-03-13,False
QDTY,22,2025-03-18,False
QDVO,7,2024-09-03,False
QDVO,10,2024-09-06,False
QDVO,12,2024-09-10,False
QETA,9,2023-12-12,False
QETAR,1,2025-03-27,False
QETAR,5,2025-04-03,False
QETAU,8,2023-10-17,False
QETH,1,2024-07-24,False
QETH,5,2024-07-30,False
QEW,2,2026-03-20,False
QEW,4,2026-03-24,False
QEW,6,2026-03-26,False
QEW,10,2026-04-01,False
QFLR,4,2024-01-31,False
QFLR,8,2024-02-06,False
QFLR,18,2024-02-21,False
QFLR,35,2024-03-15,False
QGEN,1174,2020-09-01,False
QGEN,2536,2026-02-04,False
QGEN,2539,2026-02-09,False
QGRD,8,2025-07-22,False
QGRD,16,2025-08-01,False
QGRD,30,2025-08-21,False
QGRD,34,2025-08-27,False
QGRD,36,2025-08-29,False
QGRW,1,2022-12-16,False
QGRW,5,2022-12-22,False
QGRW,7,2022-12-27,False
QGRW,11,2023-01-03,False
QGRW,13,2023-01-05,False
QGRW,41,2023-02-15,False
QGRW,133,2023-06-29,False
QH,1,2020-07-13,False
QHDG,9,2024-09-03,False
QHDG,12,2024-09-06,False
QHDG,14,2024-09-10,False
QIDX,5,2025-01-10,False
QIDX,7,2025-01-14,False
QIDX,27,2025-02-12,False
QIDX,32,2025-02-20,False
QIDX,37,2025-02-27,False
QIS,8,2023-07-21,False
QJUN,8,2021-07-01,False
QJUN,20,2021-07-20,False
QLD,1026,2020-01-31,False
QLD,2479,2025-11-11,False
QLDY,8,2025-09-30,False
QLDY,16,2025-10-10,False
QLDY,21,2025-10-17,False
QLTI,1,2024-10-30,False
QLTI,6,2024-11-06,False
QLTI,8,2024-11-08,False
QLTI,13,2024-11-15,False
QLTI,18,2024-11-22,False
QLTY,8,2023-11-28,False
QLTY,14,2023-12-06,False
QLTY,32,2024-01-03,False
QLVE,254,2020-07-17,False
QMAG,8,2024-08-29,False
QMAG,10,2024-09-03,False
QMAG,13,2024-09-06,False
QMAG,15,2024-09-10,False
QMAR,2,2021-03-24,False
QMAR,8,2021-04-01,False
QMAR,30,2021-05-04,False
QMAR,32,2021-05-06,False
QMAR,34,2021-05-10,False
QMFE,3,2025-02-27,False
QMFE,5,2025-03-03,False
QMFE,8,2025-03-06,False
QMFE,10,2025-03-10,False
QMFE,16,2025-03-18,False
QMFE,18,2025-03-20,False
QMFE,24,2025-03-28,False
QMID,4,2024-01-31,False
QMID,7,2024-02-05,False
QMID,34,2024-03-14,False
QMMM,1,2024-07-22,False
QMMM,8,2024-07-31,False
QMMM,20,2024-08-16,False
QMMY,8,2024-05-31,False
QMNV,8,2024-11-29,False
QMNV,21,2024-12-18,False
QMNV,23,2024-12-20,False
QMNV,29,2024-12-31,False
QMNV,37,2025-01-14,False
QNC,1,2026-01-21,False
QNXT,4,2024-10-30,False
QNXT,8,2024-11-05,False
QNXT,19,2024-11-20,False
QNXT,36,2024-12-16,False
QOWZ,6,2023-12-14,False
QOWZ,17,2024-01-02,False
QOWZ,20,2024-01-05,False
QOWZ,22,2024-01-09,False
QPUX,8,2025-07-22,False
QPX,3,2021-01-04,False
QPX,8,2021-01-11,False
QQA,4,2024-07-23,False
QQA,11,2024-08-01,False
QQA,19,2024-08-13,False
QQDN,2,2025-06-16,False
QQDN,4,2025-06-18,False
QQDN,6,2025-06-23,False
QQDN,13,2025-07-02,False
QQHG,6,2025-05-15,False
QQLV,3,2024-12-09,False
QQLV,9,2024-12-17,False
QQLV,17,2024-12-30,False
QQLV,21,2025-01-06,False
QQLV,24,2025-01-10,False
QQLV,26,2025-01-14,False
QQMG,7,2021-11-08,False
QQMG,20,2021-11-26,False
QQMG,23,2021-12-01,False
QQQA,8,2021-06-02,False
QQQA,20,2021-06-18,False
QQQA,36,2021-07-13,False
QQQA,1124,2025-11-10,False
QQQD,3,2024-03-12,False
QQQD,7,2024-03-18,False
QQQD,9,2024-03-20,False
QQQD,11,2024-03-22,False
QQQD,16,2024-04-01,False
QQQD,24,2024-04-11,False
QQQG,2,2024-08-22,False
QQQG,6,2024-08-28,False
QQQG,9,2024-09-03,False
QQQG,16,2024-09-12,False
QQQH,8,2020-01-03,False
QQQI,1,2024-01-31,False
QQQI,7,2024-02-08,False
QQQI,15,2024-02-21,False
QQQI,32,2024-03-15,False
QQQJ,5,2020-10-20,False
QQQJ,9,2020-10-26,False
QQQJ,11,2020-10-28,False
QQQJ,13,2020-10-30,False
QQQJ,15,2020-11-03,False
QQQJ,58,2021-01-06,False
QQQJ,76,2021-02-02,False
QQQM,1,2020-10-14,False
QQQM,3,2020-10-16,False
QQQM,9,2020-10-26,False
QQQM,11,2020-10-28,False
QQQM,15,2020-11-03,False
QQQP,4,2024-10-07,False
QQQP,6,2024-10-09,False
QQQP,16,2024-10-23,False
QQQS,1,2022-10-14,False
QQQS,4,2022-10-19,False
QQQS,7,2022-10-24,False
QQQS,18,2022-11-08,False
QQQT,7,2024-07-02,False
QQQT,17,2024-07-17,False
QQQT,21,2024-07-23,False
QQQT,26,2024-07-30,False
QQQU,1,2024-03-08,False
QQQU,4,2024-03-13,False
QQQU,19,2024-04-04,False
QQQU,21,2024-04-08,False
QQQU,94,2024-07-23,False
QQQY,1,2023-09-15,False
QQQY,4,2023-09-20,False
QQQY,11,2023-09-29,False
QQQY,13,2023-10-03,False
QQQY,26,2023-10-20,False
QQUP,1,2025-06-13,False
QQUP,3,2025-06-17,False
QQUP,5,2025-06-20,False
QQUP,7,2025-06-24,False
QQUP,34,2025-08-01,False
QQWZ,4,2025-05-13,False
QQWZ,6,2025-05-15,False
QQWZ,30,2025-06-20,False
QQXL,4,2025-08-19,False
QQXL,10,2025-08-27,False
QQXL,12,2025-08-29,False
QQXL,36,2025-10-03,False
QRMI,8,2021-09-08,False
QRMI,18,2021-09-22,False
QRMI,22,2021-09-28,False
QRMI,26,2021-10-04,False
QRVO,1247,2020-12-15,False
QRVO,2287,2025-02-06,False
QS,8,2020-08-27,False
QS,1305,2025-10-27,True
QSEA,8,2025-05-22,False
QSEAR,1,2025-05-13,False
QSEAR,15,2025-06-05,False
QSEAU,8,2025-03-28,False
QSI,8,2020-11-25,False
QSI,25,2020-12-21,False
QSIAW,1,2020-11-09,False
QSIX,5,2024-10-01,False
QSIX,8,2024-10-04,False
QSIX,21,2024-10-23,False
QSIX,23,2024-10-25,False
QSML,3,2024-01-30,False
QSML,7,2024-02-05,False
QSML,9,2024-02-07,False
QSML,24,2024-02-29,False
QSOL,2,2025-12-17,False
QSOL,5,2025-12-22,False
QSPT,5,2021-09-27,False
QSPT,10,2021-10-04,False
QSPT,14,2021-10-08,False
QSPT,16,2021-10-12,False
QSR,1756,2022-12-22,False
QSU,1,2025-10-22,False
QTAC,1,2025-12-17,False
QTAC,5,2025-12-23,False
QTAC,15,2026-01-08,False
QTAC,26,2026-01-26,False
QTAP,7,2021-04-13,False
QTAP,22,2021-05-04,False
QTAP,26,2021-05-10,False
QTAP,30,2021-05-14,False
QTAP,33,2021-05-19,False
QTI,8,2021-11-16,False
QTI,27,2021-12-14,False
QTJA,1,2022-01-04,False
QTJA,8,2022-01-13,False
QTJA,10,2022-01-18,False
QTJA,19,2022-01-31,False
QTJL,8,2021-07-13,False
QTJL,12,2021-07-19,False
QTJL,35,2021-08-19,False
QTOC,2,2021-10-04,False
QTOC,8,2021-10-12,False
QTOP,4,2024-10-30,False
QTOP,8,2024-11-05,False
QTOP,19,2024-11-20,False
QTOP,24,2024-11-27,False
QTPI,8,2025-01-02,False
QTPI,13,2025-01-10,False
QTPI,15,2025-01-14,False
QTR,7,2021-09-03,False
QTR,14,2021-09-15,False
QTR,17,2021-09-20,False
QTR,21,2021-09-24,False
QTR,24,2021-09-29,False
QTUM,597,2021-02-02,False
QTUM,599,2021-02-04,False
QTUM,615,2021-03-01,False
QTUM,1387,2024-03-26,False
QTUM,1796,2025-11-11,False
QTWO,1243,2020-12-09,False
QTWO,1263,2021-01-08,False
QTWO,2253,2024-12-16,False
QUBX,1,2025-06-25,False
QUCY,2,2026-02-17,False
QUIZ,4,2025-08-25,False
QUIZ,8,2025-08-29,False
QUIZ,12,2025-09-05,False
QUIZ,25,2025-09-24,False
QUIZ,27,2025-09-26,False
QULL,7,2021-02-17,False
QULL,13,2021-02-25,False
QULL,16,2021-03-02,False
QULL,20,2021-03-08,False
QUMS,8,2025-10-10,False
QUSA,5,2025-05-13,False
QUSA,7,2025-05-15,False
QUSA,13,2025-05-23,False
QUSA,27,2025-06-13,False
QUSA,30,2025-06-18,False
QUSA,35,2025-06-26,False
QUVU,2,2023-10-18,False
QUVU,9,2023-10-27,False
QUVU,12,2023-11-01,False
QVCC,32,2020-01-16,False
QVCC,37,2020-01-24,False
QVCC,1591,2026-04-01,False
QVCGP,5,2020-09-09,False
QVCGP,7,2020-09-11,False
QVCGP,17,2020-09-25,False
QVCGP,19,2020-09-29,False
QVML,8,2021-07-13,False
QVMM,3,2021-07-06,False
QVMM,8,2021-07-13,False
QVMM,11,2021-07-16,False
QVMM,16,2021-07-23,False
QVMS,2,2021-07-02,False
QVMS,8,2021-07-13,False
QVMS,11,2021-07-16,False
QVMS,15,2021-07-22,False
QVMS,633,2024-01-05,False
QVOY,5,2022-12-14,False
QVOY,14,2022-12-28,False
QVOY,35,2023-01-30,False
QXAS,8,2026-01-09,False
QXAS,16,2026-01-22,False
QXQ,8,2024-06-27,False
QXQ,21,2024-07-17,False
QXQ,25,2024-07-23,False
QYLG,1,2020-09-23,False
QYLG,6,2020-09-30,False
QYLG,24,2020-10-26,False
QYLG,26,2020-10-28,False
QYLG,30,2020-11-03,False
R,1921,2023-08-22,False
R,1925,2023-08-28,False
RA,1081,2021-03-23,False
RA,1085,2021-03-29,False
RAA,1,2025-02-27,False
RAA,3,2025-03-03,False
RAA,6,2025-03-06,False
RAA,8,2025-03-10,False
RAA,14,2025-03-18,False
RAA,16,2025-03-20,False
RAA,22,2025-03-28,False
RAA,24,2025-04-01,False
RAA,26,2025-04-03,False
RAAA,8,2025-07-21,False
RAAQ,8,2025-06-12,False
RAAQ,24,2025-07-08,False
RAAQU,9,2025-05-09,False
RAAQW,2,2025-06-04,False
RAC,8,2025-05-01,False
RACE,1490,2021-12-02,False
RACE,1750,2022-12-14,False
RACE,1795,2023-02-21,False
RACE,1993,2023-12-04,False
RAFE,8,2020-01-03,False
RAFE,10,2020-01-07,False
RAFE,26,2020-01-31,False
RAIN,1,2025-01-03,False
RAL,1,2025-06-26,False
RAL,3,2025-06-30,False
RANG,8,2025-01-24,False
RANGR,1,2025-01-14,False
RANGU,8,2025-01-02,False
RANGU,30,2025-02-05,False
RANI,1,2021-08-02,False
RANI,5,2021-08-06,False
RAPP,1,2024-06-10,False
RAUS,8,2025-09-24,False
RAUS,22,2025-10-14,False
RAUS,25,2025-10-17,False
RAY,2,2024-05-17,False
RAYA,1,2022-12-15,False
RAYD,4,2021-12-21,False
RAYD,6,2021-12-23,False
RAYD,18,2022-01-11,False
RAYD,20,2022-01-13,False
RAYD,22,2022-01-18,False
RAYE,2,2021-12-17,False
RAYE,8,2021-12-28,False
RAYE,25,2022-01-21,False
RAYE,33,2022-02-02,False
RAYJ,6,2024-04-12,False
RAYJ,15,2024-04-25,False
RAYJ,19,2024-05-01,False
RAYS,5,2021-09-16,False
RAYS,13,2021-09-28,False
RAYS,17,2021-10-04,False
RAYS,21,2021-10-08,False
RB,8,2025-07-09,False
RBA,1171,2020-08-27,False
RBA,1175,2020-09-02,False
RBA,2249,2024-12-10,False
RBC,1239,2020-12-03,False
RBC,1679,2022-09-02,False
RBC,2561,2026-03-12,False
RBIL,8,2025-03-07,False
RBLU,1,2025-03-05,False
RBLX,2,2021-03-12,False
RBLX,13,2021-03-29,False
RBLY,1,2025-07-30,False
RBLY,3,2025-08-01,False
RBLY,17,2025-08-21,False
RBNE,1,2025-04-14,False
RBOT,8,2020-09-17,False
RBOT,18,2020-10-01,False
RBOT,20,2020-10-05,False
RBOT,28,2020-10-15,False
RBRK,1,2024-04-25,False
RBRK,172,2024-12-30,False
RBSTF,6,2025-07-29,False
RBSTF,14,2025-08-08,False
RBUF,8,2024-07-12,False
RBUF,31,2024-08-14,False
RC,1192,2020-09-28,False
RCAX,1,2026-02-04,False
RCD,8,2025-01-02,False
RCD,15,2025-01-14,False
RCG,1253,2020-12-23,False
RCGE,7,2025-03-10,False
RCGE,10,2025-03-13,False
RCGE,15,2025-03-20,False
RCGE,25,2025-04-03,False
RCI,2410,2025-08-05,False
RCKTW,1,2023-02-28,False
RCL,1899,2023-07-21,False
RCL,2018,2024-01-10,False
RCLO,8,2025-11-03,False
RCMT,1999,2023-12-15,False
RCT,2,2025-03-25,False
RCTR,1,2025-08-01,False
RCTR,5,2025-08-07,False
RCTR,7,2025-08-11,False
RCTR,13,2025-08-19,False
RCTR,19,2025-08-27,False
RCTR,25,2025-09-05,False
RDAC,8,2024-12-12,False
RDACR,1,2025-04-30,False
RDACR,5,2025-05-28,False
RDACU,8,2024-10-22,False
RDAG,2,2025-06-25,False
RDAG,10,2025-07-08,False
RDAG,34,2025-08-11,False
RDAGU,8,2025-05-13,False
RDDT,2,2024-03-20,False
RDFI,9,2020-11-03,False
RDI,1664,2022-08-12,False
RDIV,2010,2023-12-28,False
RDNT,2133,2024-06-26,False
RDTE,6,2024-09-18,False
RDTE,17,2024-10-03,False
RDTE,19,2024-10-07,False
RDTE,23,2024-10-11,False
RDTE,33,2024-10-25,False
RDTE,36,2024-10-30,False
RDTL,1,2025-03-26,False
RDTY,2,2025-03-10,False
RDTY,5,2025-03-13,False
RDTY,8,2025-03-18,False
RDTY,16,2025-03-28,False
RDTY,19,2025-04-02,False
RDTY,25,2025-04-10,False
RDVI,4,2022-10-26,False
RDVI,34,2022-12-08,False
RDVI,38,2022-12-14,False
RDW,1,2021-01-15,False
RDW,7,2021-01-26,False
RDW,14,2021-02-04,False
RDW,26,2021-02-23,False
RDW,30,2021-03-01,False
RDWR,1274,2021-01-26,False
RDWU,1,2026-02-02,False
RDY,1167,2020-08-21,False
RDY,1363,2021-06-03,False
RDY,2167,2024-08-14,False
RDYY,3,2025-09-12,False
RDYY,15,2025-09-30,False
RDZN,8,2022-01-26,False
RDZN,27,2022-02-23,False
RDZNW,1,2023-09-19,False
REAI,4,2023-06-20,False
REAI,10,2023-06-28,False
REAI,35,2023-08-03,False
REAI,37,2023-08-07,False
REAL,1654,2026-01-28,True
REAX,1,2020-06-25,False
REBN,1,2022-08-15,False
RECT,1,2024-06-21,False
RECT,12,2024-07-09,False
REE,6,2021-01-22,False
REFA,8,2025-12-23,False
REFI,1,2021-12-09,False
REFI,4,2021-12-14,False
REFI,9,2021-12-21,False
REFI,12,2021-12-27,False
REFI,48,2022-02-16,False
REFI,53,2022-02-24,False
REG,1316,2021-03-26,False
REG,2561,2026-03-12,False
REGCP,1292,2023-02-23,False
REGN,1401,2021-07-28,False
REGS,2,2026-03-18,False
REGS,4,2026-03-20,False
REGS,8,2026-03-26,False
REGS,12,2026-04-01,False
REGS,14,2026-04-06,False
REIT,4,2021-03-04,False
REIT,8,2021-03-10,False
REIT,21,2021-03-29,False
REIT,725,2024-01-16,False
REK,1711,2022-10-21,False
REKT,2,2024-07-19,False
REKT,4,2024-07-23,False
REKT,27,2024-08-23,False
RELL,1464,2021-10-26,False
RELY,1,2021-09-24,False
RELY,6,2021-10-01,False
RELY,9,2021-10-06,False
REM,1910,2023-08-07,False
REMC,8,2025-12-24,False
REMC,27,2026-01-23,False
REMC,32,2026-01-30,False
REMC,34,2026-02-03,False
REMG,3,2022-01-13,False
REMG,8,2022-01-21,False
REMG,11,2022-01-26,False
REMG,17,2022-02-03,False
REMX,1281,2021-02-04,False
REMX,2409,2025-08-04,False
REMX,2411,2025-08-06,False
RENEW,1049,2020-03-05,False
RENEW,1270,2021-01-20,False
RENEW,1272,2021-01-22,False
RENT,1,2021-10-28,False
RENT,7,2021-11-05,False
RENX,1,2023-09-20,False
RERE,1,2021-06-21,False
RERE,5,2021-06-25,False
RES,1564,2022-03-21,False
RESM,1,2025-12-12,False
RESM,9,2025-12-24,False
RESM,12,2025-12-30,False
RESM,33,2026-01-30,False
RESM,36,2026-02-04,False
REVB,8,2020-11-30,False
REVBW,1,2022-01-11,False
REVBW,3,2022-01-13,False
REX,1938,2023-09-15,False
REX,2402,2025-07-24,False
REX,2414,2025-08-11,False
REXR,2025,2024-01-22,False
REYN,4,2020-02-06,False
REYN,15,2020-02-24,False
REYN,17,2020-02-26,False
REYN,23,2020-03-05,False
REYN,25,2020-03-09,False
REZI,1547,2024-12-09,False
REZI,1552,2024-12-16,False
RF,2524,2026-01-16,False
RF-PF,8,2024-08-01,False
RF-PF,11,2024-08-06,False
RFAI,8,2024-07-17,False
RFAIR,1,2024-07-08,False
RFAIU,8,2024-05-30,False
RFAM,8,2026-03-10,False
RFAM,16,2026-03-20,False
RFAMR,1,2026-02-27,False
RFAMU,8,2026-02-25,False
RFAMU,23,2026-03-18,False
RFG,1279,2021-02-02,False
RFG,2080,2024-04-10,False
RFIL,2149,2024-07-23,False
RFIL,2153,2024-07-29,False
RFIL,2294,2025-02-20,False
RFIX,1,2024-12-11,False
RFIX,6,2024-12-18,False
RFIX,9,2024-12-23,False
RFIX,11,2024-12-26,False
RFIX,15,2025-01-02,False
RFIX,23,2025-01-15,False
RFLR,8,2024-09-27,False
RFLR,12,2024-10-03,False
RFLR,14,2024-10-07,False
RFLR,17,2024-10-10,False
RFLR,31,2024-10-30,False
RFLR,33,2024-11-01,False
RFMZ,5,2021-03-03,False
RFMZ,8,2021-03-08,False
RFMZ,13,2021-03-15,False
RFV,2015,2024-01-05,False
RGC,1,2021-07-19,False
RGC,6,2021-07-26,False
RGC,9,2021-07-29,False
RGCO,1386,2021-07-29,False
RGEF,3,2024-10-31,False
RGEF,8,2024-11-07,False
RGEF,19,2024-11-22,False
RGFC,1,2021-11-08,False
RGFC,4,2021-11-11,False
RGLO,7,2025-06-10,False
RGLO,15,2025-06-23,False
RGR,2548,2026-02-23,False
RGT,2541,2026-02-11,False
RGTI,8,2021-05-04,False
RGTI,21,2021-05-21,False
RGTI,24,2021-05-26,False
RGTIW,1,2022-03-01,False
RGTU,1,2025-06-25,False
RGTX,8,2025-03-24,False
RGTZ,1,2025-10-10,False
RGYY,1,2025-11-26,False
RGYY,8,2025-12-08,False
RGYY,15,2025-12-17,False
RGYY,17,2025-12-19,False
RGYY,19,2025-12-23,False
RHI,1304,2021-03-10,False
RHI,1306,2021-03-12,False
RHI,1360,2021-05-28,False
RHI,1482,2021-11-19,False
RHLD,1,2025-02-21,False
RHP,2025,2024-01-22,False
RHRX,8,2021-11-18,False
RHRX,13,2021-11-26,False
RHRX,15,2021-11-30,False
RHRX,19,2021-12-06,False
RHTX,8,2021-11-18,False
RHTX,10,2021-11-22,False
RHTX,13,2021-11-26,False
RHTX,15,2021-11-30,False
RHTX,21,2021-12-08,False
RIBB,8,2025-03-19,False
RIBBR,1,2025-04-23,False
RIBBU,8,2025-01-28,False
RIET,1,2021-09-23,False
RIET,9,2021-10-05,False
RIET,575,2024-01-05,False
RIFR,5,2025-05-21,False
RIFR,7,2025-05-23,False
RIFR,17,2025-06-09,False
RIFR,25,2025-06-20,False
RIFR,29,2025-06-26,False
RILA,3,2025-01-07,False
RILA,5,2025-01-10,False
RILA,8,2025-01-15,False
RILA,32,2025-02-20,False
RILA,36,2025-02-26,False
RILY,1165,2020-09-09,False
RILY,1229,2020-12-09,False
RILYN,1598,2026-02-03,False
RILYN,1601,2026-02-06,False
RILYN,1608,2026-02-18,False
RINT,7,2025-05-23,False
RINT,23,2025-06-17,False
RINT,26,2025-06-23,False
RINT,29,2025-06-26,False
RIO,1258,2020-12-31,False
RIO,1274,2021-01-26,False
RIO,1532,2022-02-02,False
RIOX,2,2025-01-07,False
RISN,8,2020-07-28,False
RISN,26,2020-08-21,False
RISR,1,2021-10-04,False
RISR,6,2021-10-11,False
RISR,16,2021-10-25,False
RISR,21,2021-11-01,False
RISR,25,2021-11-05,False
RISR,85,2022-02-02,False
RISR,100,2022-02-24,False
RISR,102,2022-02-28,False
RITA,8,2021-12-21,False
RITA,18,2022-01-05,False
RITA,20,2022-01-07,False
RITA,25,2022-01-14,False
RITA,27,2022-01-19,False
RITA,30,2022-01-24,False
RITM-P-F,8,2026-01-27,False
RITM-P-F,15,2026-02-05,False
RITM-P-F,30,2026-02-27,False
RITM-P-F,35,2026-03-06,False
RITM-PE,8,2025-10-01,False
RITM-PE,20,2025-10-17,False
RITR,2,2024-08-23,False
RIVN,4,2021-11-09,False
RJDI,5,2025-10-09,False
RJDI,8,2025-10-14,False
RJDI,11,2025-10-17,False
RJDI,13,2025-10-21,False
RJDI,22,2025-11-03,False
RJDI,26,2025-11-07,False
RJDI,35,2025-11-20,False
RJF,1300,2021-03-04,False
RJF,1304,2021-03-10,False
RJF,1911,2023-08-08,False
RJMI,8,2025-10-14,False
RJVI,8,2025-10-14,False
RJVI,27,2025-11-10,False
RKLB,7,2020-12-04,False
RKLB,21,2020-12-24,False
RKLB,25,2020-12-31,False
RKLX,1,2025-03-14,False
RKLZ,1,2025-11-19,False
RKNG,1,2026-01-23,False
RKNG,5,2026-01-29,False
RKNG,13,2026-02-10,False
RKT,1,2020-08-07,False
RKTL,1,2026-01-14,False
RKTL,3,2026-01-16,False
RL,1750,2022-12-14,False
RL,2013,2024-01-03,False
RL,2015,2024-01-05,False
RL,2025,2024-01-22,False
RLAY,1,2020-07-17,False
RLJ,2015,2024-01-05,False
RLJ,2515,2026-01-05,False
RLMD,1548,2022-04-19,False
RLTY,8,2022-03-08,False
RLTY,19,2022-03-23,False
RLTY,32,2022-04-11,False
RLX,1,2021-01-25,False
RLYB,1,2021-07-30,False
RMBS,1039,2020-02-20,False
RMBS,1390,2021-07-13,False
RMBS,1398,2021-07-23,False
RMBS,1750,2022-12-14,False
RMBS,1755,2022-12-21,False
RMBS,1801,2023-03-01,False
RMCA,8,2024-08-23,False
RMCO,5,2021-05-12,False
RMCO,8,2021-05-17,False
RMCO,13,2021-05-24,False
RMCO,35,2021-06-24,False
RMCOW,1,2025-04-22,False
RMD,1236,2020-11-30,False
RMD,1439,2021-09-21,False
RMIF,8,2023-06-22,False
RMIX,4,2026-04-10,False
RMME,8,2025-12-12,False
RMMZ,4,2022-02-17,False
RMMZ,21,2022-03-15,False
RMMZ,28,2022-03-24,False
RMNY,8,2024-08-23,False
RMOP,8,2024-08-23,False
RMSG,2,2024-11-19,False
RMT,1295,2021-02-25,False
RNA,3,2020-06-17,False
RNAZ,8,2021-07-21,False
RND,7,2024-05-13,False
RNEW,8,2021-01-05,False
RNEW,32,2021-02-09,False
RNEW,35,2021-02-12,False
RNG,1047,2020-03-03,False
RNGR,1846,2024-12-12,False
RNGR,1848,2024-12-16,False
RNGT,8,2025-12-05,False
RNIN,3,2025-05-20,False
RNIN,8,2025-05-28,False
RNIN,12,2025-06-03,False
RNIN,24,2025-06-20,False
RNR,1799,2023-02-27,False
RNRG,1256,2021-01-22,False
RNRG,1258,2021-01-26,False
RNRG,1265,2021-02-04,False
RNSC,1029,2021-01-27,False
RNST,1733,2022-11-18,False
RNST,1736,2022-11-23,False
RNST,1745,2022-12-07,False
RNST,2017,2024-01-09,False
RNTY,1,2025-04-21,False
RNTY,7,2025-04-29,False
RNTY,26,2025-05-27,False
RNTY,31,2025-06-03,False
RNW,3,2021-02-04,False
RNWWW,3,2021-02-04,False
RNWWW,10,2021-02-16,False
RNWZ,4,2022-12-15,False
RNWZ,8,2022-12-21,False
RNWZ,13,2022-12-29,False
RNWZ,17,2023-01-05,False
RNXT,1,2021-08-27,False
ROAM,1275,2021-01-27,False
ROBN,2,2025-02-04,False
ROBN,4,2025-02-06,False
ROBO,1297,2021-03-01,False
ROBT,759,2021-03-01,False
ROC,1,2026-02-23,False
ROC,4,2026-02-26,False
ROCK,1181,2020-09-11,False
ROCK,1921,2023-08-22,False
ROCQ,2,2026-03-20,False
ROCQ,6,2026-03-26,False
ROCQ,10,2026-04-01,False
ROCY,6,2026-03-26,False
ROCY,9,2026-03-31,False
ROE,11,2023-08-15,False
ROE,20,2023-08-28,False
ROG,1815,2023-03-21,False
ROIV,1,2020-12-09,False
ROIV,9,2020-12-21,False
ROIV,1243,2025-11-19,False
ROIV,1246,2025-11-24,False
ROKT,546,2020-12-23,False
ROKT,1700,2025-07-31,False
ROKT,1757,2025-10-21,False
ROLR,2,2024-10-25,False
ROLR,4,2024-10-29,False
ROM,1883,2023-06-28,False
ROMA,1,2024-01-10,False
RONB,8,2025-12-26,False
RONB,20,2026-01-14,False
RONB,23,2026-01-20,False
RONB,27,2026-01-26,False
ROOT,1,2020-10-29,False
ROOT,7,2020-11-06,False
ROPE,6,2024-12-27,False
ROPE,14,2025-01-10,False
ROSC,1279,2021-02-02,False
ROSC,2015,2024-01-05,False
ROST,1759,2022-12-28,False
ROST,2511,2025-12-29,False
RPAY,363,2020-03-05,False
RPC,1875,2024-12-18,False
RPD,1247,2020-12-15,False
RPD,1407,2021-08-05,False
RPD,1414,2021-08-16,False
RPD,1417,2021-08-19,False
RPGL,1,2025-10-15,False
RPHS,3,2022-04-05,False
RPHS,7,2022-04-11,False
RPHS,10,2022-04-14,False
RPHS,14,2022-04-21,False
RPHS,17,2022-04-26,False
RPHS,20,2022-04-29,False
RPHS,24,2022-05-05,False
RPID,1,2021-07-16,False
RPM,1913,2023-08-10,False
RPM,1915,2023-08-14,False
RPM,1920,2023-08-21,False
RPRX,4,2020-06-15,False
RPRX,1448,2026-03-17,False
RPRX,1453,2026-03-24,False
RPT,1911,2023-08-08,False
RPV,1315,2021-03-25,False
RR,1,2023-11-17,False
RR,3,2023-11-21,False
RR,486,2025-10-27,True
RRR,1241,2021-04-01,False
RS,2053,2024-03-01,False
RSBA,8,2024-12-31,False
RSBA,11,2025-01-06,False
RSBA,16,2025-01-14,False
RSBA,36,2025-02-12,False
RSBT,4,2023-02-14,False
RSBT,6,2023-02-16,False
RSBT,8,2023-02-21,False
RSBT,10,2023-02-23,False
RSBT,12,2023-02-27,False
RSBY,8,2024-09-03,False
RSBY,26,2024-09-27,False
RSBY,29,2024-10-02,False
RSBY,404,2026-04-02,False
RSBY,410,2026-04-14,False
RSDE,8,2025-01-06,False
RSDE,12,2025-01-13,False
RSDE,33,2025-02-12,False
RSEE,3,2022-01-25,False
RSEE,8,2022-02-01,False
RSEE,17,2022-02-14,False
RSEE,19,2022-02-16,False
RSEE,21,2022-02-18,False
RSEE,26,2022-02-28,False
RSHGY,4,2025-02-07,False
RSHGY,7,2025-02-12,False
RSHO,8,2023-05-23,False
RSHO,13,2023-05-31,False
RSI,8,2020-05-06,False
RSI,12,2020-05-12,False
RSI,17,2020-05-19,False
RSI,23,2020-05-28,False
RSI,26,2020-06-02,False
RSI,32,2020-06-10,False
RSI,180,2021-01-11,False
RSI,1313,2025-07-17,False
RSJN,9,2024-07-08,False
RSJN,24,2024-07-29,False
RSJN,36,2024-08-14,False
RSKD,1,2021-07-30,False
RSKD,4,2021-08-04,False
RSKD,11,2021-08-13,False
RSKD,13,2021-08-17,False
RSKD,17,2021-08-23,False
RSMC,6,2024-10-21,False
RSMC,12,2024-10-30,False
RSMC,15,2024-11-04,False
RSMC,27,2024-11-20,False
RSMC,29,2024-11-22,False
RSMR,8,2025-04-03,False
RSMR,13,2025-04-10,False
RSMR,15,2025-04-14,False
RSMR,17,2025-04-16,False
RSMV,5,2025-01-21,False
RSMV,7,2025-01-23,False
RSMV,26,2025-02-20,False
RSMV,31,2025-02-27,False
RSPA,5,2024-07-24,False
RSPA,8,2024-07-29,False
RSPA,19,2024-08-13,False
RSPA,36,2024-09-06,False
RSPC,600,2021-03-30,False
RSPD,2015,2024-01-05,False
RSPE,6,2021-11-26,False
RSPE,13,2021-12-07,False
RSPF,2021,2024-01-16,False
RSPG,1472,2021-11-05,False
RSPG,2090,2024-04-24,False
RSPR,2018,2024-01-10,False
RSSB,6,2023-12-13,False
RSSB,21,2024-01-05,False
RSSB,27,2024-01-16,False
RSSE,8,2024-10-03,False
RSSE,24,2024-10-25,False
RSSE,27,2024-10-30,False
RSSE,30,2024-11-04,False
RSSL,1,2024-06-06,False
RSSL,6,2024-06-13,False
RSSL,10,2024-06-20,False
RSSL,14,2024-06-26,False
RSSL,36,2024-07-29,False
RSSS,1953,2025-01-15,False
RSST,7,2023-09-15,False
RSST,19,2023-10-03,False
RSST,25,2023-10-11,False
RSST,547,2025-11-10,False
RSSX,4,2025-06-05,False
RSSX,7,2025-06-10,False
RSSX,99,2025-10-21,False
RSSY,3,2024-06-03,False
RSSY,7,2024-06-07,False
RSSY,37,2024-07-23,False
RSVR,7,2021-01-14,False
RSVR,37,2021-03-01,False
RSVR,1308,2026-03-23,False
RSVRW,1,2021-01-26,False
RTAC,4,2025-06-13,False
RTAC,7,2025-06-18,False
RTAC,35,2025-07-30,False
RTACU,1,2025-05-14,False
RTAI,8,2020-11-02,False
RTO,1864,2023-05-31,False
RTO,2537,2026-02-05,False
RTRE,8,2024-06-13,False
RTRE,20,2024-07-02,False
RTX,2190,2024-09-17,False
RTXG,3,2025-06-10,False
RTXG,5,2025-06-12,False
RTXG,17,2025-07-01,False
RTYY,3,2025-12-05,False
RTYY,8,2025-12-12,False
RTYY,15,2025-12-23,False
RUBI,1,2025-08-05,False
RULE,7,2021-11-11,False
RULE,11,2021-11-17,False
RULE,14,2021-11-22,False
RULE,17,2021-11-26,False
RULE,19,2021-11-30,False
RULE,22,2021-12-03,False
RULE,26,2021-12-09,False
RULE,28,2021-12-13,False
RUM,8,2021-04-26,False
RUM,17,2021-05-07,False
RUM,19,2021-05-11,False
RUM,23,2021-05-17,False
RUM,27,2021-05-21,False
RUMBW,1,2023-12-11,False
RUMBW,5,2023-12-15,False
RUNN,7,2023-06-15,False
RUSC,5,2025-05-21,False
RUSC,9,2025-05-28,False
RUSC,12,2025-06-02,False
RUSC,25,2025-06-20,False
RUSHA,2552,2026-02-27,False
RVER,1,2024-04-04,False
RVER,5,2024-04-10,False
RVER,7,2024-04-12,False
RVER,15,2024-04-24,False
RVLPQ,1877,2026-04-14,False
RVMD,1,2020-02-14,False
RVMD,5,2020-02-21,False
RVMD,1202,2024-11-21,False
RVMD,1471,2025-12-19,False
RVRB,4,2022-11-09,False
RVRB,25,2022-12-09,False
RVRB,28,2022-12-14,False
RVSB,1315,2021-03-29,False
RVSB,1323,2021-04-09,False
RVSB,2007,2023-12-27,False
RVSB,2258,2024-12-26,False
RVSB,2260,2024-12-30,False
RVSB,2266,2025-01-08,False
RVSB,2354,2025-05-16,False
RVSN,1,2022-04-01,False
RVSNW,1,2022-04-01,False
RVT,1259,2021-01-04,False
RVT,2015,2024-01-05,False
RVTY,1417,2021-08-19,False
RW,7,2025-06-30,False
RW,28,2025-07-30,False
RW,32,2025-08-05,False
RW,36,2025-08-11,False
RWAY,1,2021-10-22,False
RWAY,4,2021-10-27,False
RWAY,8,2021-11-02,False
RWAY,13,2021-11-09,False
RWAY,15,2021-11-11,False
RWAYI,7,2026-02-13,False
RWAYI,22,2026-03-09,False
RWAYI,28,2026-03-17,False
RWAYL,8,2022-08-11,False
RWAYL,24,2022-09-02,False
RWAYL,27,2022-09-08,False
RWAYL,33,2022-09-16,False
RWEM,1,2021-12-17,False
RWEM,8,2021-12-29,False
RWEM,24,2022-01-21,False
RWEM,32,2022-02-02,False
RWIN,4,2026-04-13,False
RWJ,2015,2024-01-05,False
RWK,2015,2024-01-05,False
RWLC,3,2021-12-21,False
RWLC,5,2021-12-23,False
RWLC,7,2021-12-28,False
RWLC,17,2022-01-11,False
RWLC,19,2022-01-13,False
RWLC,21,2022-01-18,False
RWLC,26,2022-01-25,False
RWM,2336,2025-04-17,False
RWT,1918,2023-08-17,False
RWT,1921,2023-08-22,False
RWTN,8,2024-02-14,False
RWTN,23,2024-03-07,False
RWTN,28,2024-03-14,False
RWTO,8,2024-07-08,False
RWTP,8,2025-02-11,False
RWTP,27,2025-03-11,False
RWTP,30,2025-03-14,False
RWTP,32,2025-03-18,False
RWTQ,8,2025-12-08,False
RWTQ,33,2026-01-14,False
RWTQ,35,2026-01-16,False
RXL,1009,2020-01-07,False
RXO,2,2022-10-31,False
RXRX,1,2021-04-19,False
RXRX,4,2021-04-22,False
RXST,2,2021-08-03,False
RXST,472,2023-06-15,False
RXT,1,2020-08-06,False
RXT,6,2020-08-13,False
RXT,33,2020-09-22,False
RY,1246,2020-12-14,False
RY,2024,2024-01-19,False
RY,2520,2026-01-12,False
RYAAY,2499,2025-12-10,False
RYAM,2460,2025-10-15,False
RYAN,4,2021-07-28,False
RYAN,19,2021-08-18,False
RYAN,682,2024-04-09,False
RYDE,1,2024-03-07,False
RYET,1,2025-04-09,False
RYJ,1259,2021-01-04,False
RYLG,1,2022-10-06,False
RYLG,7,2022-10-14,False
RYLG,9,2022-10-18,False
RYLG,25,2022-11-09,False
RYM,1,2021-01-29,False
RYN,2433,2025-09-08,False
RYOJ,2,2025-08-15,False
RYSE,7,2023-02-14,False
RYSE,27,2023-03-15,False
RYSE,31,2023-03-21,False
RZG,1292,2021-02-22,False
RZLV,8,2021-11-22,False
RZLVW,4,2021-11-17,False
RZLVW,7,2021-11-22,False
RZLVW,18,2021-12-08,False
S,1,2021-07-01,False
S,13,2021-07-20,False
SAAQ,8,2026-04-01,False
SAAQU,8,2026-02-09,False
SAAQU,18,2026-02-24,False
SAAQU,21,2026-02-27,False
SAAQW,1,2026-03-23,False
SABS,7,2021-02-19,False
SABS,14,2021-03-02,False
SABS,21,2021-03-11,False
SABS,23,2021-03-15,False
SABS,29,2021-03-23,False
SABSW,1,2021-02-10,False
SAC-UN,8,2025-12-16,False
SAC-UN,11,2025-12-19,False
SAC-WT,1,2026-01-27,False
SACH,1189,2021-11-01,False
SAEF,1,2021-11-17,False
SAEF,7,2021-11-26,False
SAEF,14,2021-12-07,False
SAEF,536,2024-01-05,False
SAFX,8,2021-12-13,False
SAFX,36,2022-03-11,False
SAGP,1,2022-01-26,False
SAGP,7,2022-02-03,False
SAGP,15,2022-02-15,False
SAGP,21,2022-02-24,False
SAGP,31,2022-03-10,False
SAGT,1,2025-03-07,False
SAIA,1923,2023-08-24,False
SAIC,1254,2020-12-24,False
SAIC,1915,2023-08-14,False
SAIC,2008,2023-12-26,False
SAIC,2219,2024-10-28,False
SAIH,8,2021-07-09,False
SAIH,12,2021-07-15,False
SAIHW,1,2021-06-29,False
SAIL,1,2025-02-14,False
SAIL,3,2025-02-19,False
SAIL,11,2025-03-03,False
SAJ,7,2022-11-14,False
SAJ,15,2022-11-25,False
SAJ,22,2022-12-06,False
SAJ,26,2022-12-12,False
SAM,2547,2026-02-20,False
SAMM,4,2024-04-10,False
SAMM,6,2024-04-12,False
SAMM,14,2024-04-24,False
SAMT,1,2022-01-26,False
SAMT,7,2022-02-03,False
SAMT,31,2022-03-10,False
SAN,1371,2021-06-15,False
SAN,1792,2023-02-15,False
SAN,1795,2023-02-21,False
SANA,2,2021-02-08,False
SAP,1750,2022-12-14,False
SAP,2004,2023-12-19,False
SAP,2009,2023-12-27,False
SAPH,7,2025-01-17,False
SAPH,35,2025-02-28,False
SAPH,37,2025-03-04,False
SARK,4,2021-11-15,False
SARK,6,2021-11-17,False
SARK,33,2021-12-28,False
SARO,1,2024-10-02,False
SAT,8,2022-05-13,False
SAT,12,2022-05-19,False
SAT,14,2022-05-23,False
SAT,19,2022-05-31,False
SAT,26,2022-06-09,False
SAT,29,2022-06-14,False
SAT,34,2022-06-22,False
SATG,1,2025-12-17,False
SATG,3,2025-12-19,False
SATG,5,2025-12-23,False
SATL,7,2021-04-07,False
SATL,21,2021-04-27,False
SATL,26,2021-05-04,False
SATLW,1,2022-01-25,False
SATO,3,2021-10-12,False
SATO,5,2021-10-14,False
SAUG,8,2023-08-31,False
SAUG,22,2023-09-21,False
SAUG,25,2023-09-26,False
SAUG,28,2023-09-29,False
SAV,7,2026-02-23,False
SAV,17,2026-03-09,False
SAV,20,2026-03-12,False
SAV,30,2026-03-26,False
SAV,33,2026-03-31,False
SAWG,1,2024-08-01,False
SAWG,9,2024-08-13,False
SAWG,23,2024-09-03,False
SAWG,26,2024-09-06,False
SAWS,1,2024-08-01,False
SAWS,7,2024-08-09,False
SAWS,9,2024-08-13,False
SAY,8,2022-12-29,False
SAZ,8,2023-05-04,False
SAZ,24,2023-05-26,False
SB,2073,2024-04-01,False
SBAC,1047,2020-03-03,False
SBAR,3,2025-04-21,False
SBAR,7,2025-04-25,False
SBAR,25,2025-05-21,False
SBAR,31,2025-05-30,False
SBB,2143,2025-04-17,False
SBC,8,2022-10-12,False
SBCF,2010,2023-12-28,False
SBCWW,1,2024-09-18,False
SBDS,3,2021-11-02,False
SBFG,2339,2025-08-25,False
SBFMW,1,2022-02-16,False
SBIL,8,2025-07-25,False
SBIO,1006,2020-01-02,False
SBIO,1011,2020-01-09,False
SBIO,2025,2024-01-22,False
SBIO,2478,2025-11-10,False
SBIT,1,2024-04-03,False
SBRA,2199,2024-09-30,False
SBS,2018,2024-01-10,False
SBS,2029,2024-01-26,False
SBSI,1482,2021-11-19,False
SBSI,2168,2024-08-15,False
SBTU,1,2025-10-22,False
SBTU,5,2025-10-28,False
SBU,3,2025-11-20,False
SBU,5,2025-11-24,False
SBU,17,2025-12-11,False
SBUX,1192,2020-09-28,False
SBUX,1750,2022-12-14,False
SBXD,1,2024-10-07,False
SBXD,5,2024-10-11,False
SBXD,8,2024-10-16,False
SBXD-UN,8,2024-08-28,False
SBXD-WT,1,2024-12-11,False
SBXD-WT,3,2024-12-27,False
SBXE-U,8,2025-12-16,False
SBXE-U,13,2026-01-23,False
SBXE-U,18,2026-01-30,False
SBXE-U,29,2026-02-20,False
SBXE-UN,8,2025-12-15,False
SBXE-UN,14,2025-12-23,False
SBXE-WS,5,2026-01-30,False
SCAG,1,2025-06-30,False
SCAP,4,2023-12-18,False
SCAP,6,2023-12-20,False
SCAP,14,2024-01-03,False
SCAP,16,2024-01-05,False
SCAP,22,2024-01-16,False
SCAP,24,2024-01-18,False
SCCC,8,2020-09-22,False
SCCC,13,2020-09-29,False
SCCD,8,2022-01-04,False
SCCD,37,2022-02-15,False
SCCE,9,2022-03-23,False
SCCE,24,2022-04-13,False
SCCF,8,2022-05-24,False
SCCF,18,2022-06-08,False
SCCF,22,2022-06-14,False
SCCF,25,2022-06-17,False
SCCF,28,2022-06-23,False
SCCF,846,2025-09-26,False
SCCG,13,2022-09-14,False
SCCG,17,2022-09-20,False
SCCG,20,2022-09-23,False
SCCG,26,2022-10-03,False
SCCG,764,2025-09-12,False
SCCO,1246,2020-12-14,False
SCCO,1272,2021-01-22,False
SCCO,1791,2023-02-14,False
SCCO,1802,2023-03-02,False
SCCR,8,2025-02-18,False
SCCR,26,2025-03-14,False
SCDL,7,2021-02-17,False
SCDL,31,2021-03-23,False
SCDL,753,2024-02-05,False
SCDL,1268,2026-02-25,False
SCDL,1274,2026-03-05,False
SCDL,1278,2026-03-11,False
SCDL,1281,2026-03-16,False
SCDS,6,2024-08-16,False
SCDS,25,2024-09-13,False
SCDV,3,2024-12-17,False
SCDV,10,2024-12-27,False
SCDV,12,2024-12-31,False
SCDV,15,2025-01-06,False
SCDV,17,2025-01-08,False
SCE-PM,7,2023-11-30,False
SCE-PM,26,2023-12-28,False
SCE-PM,29,2024-01-03,False
SCE-PM,32,2024-01-08,False
SCE-PM,34,2024-01-10,False
SCEC,8,2025-03-26,False
SCEC,25,2025-04-21,False
SCEP,1,2025-12-12,False
SCEP,8,2025-12-23,False
SCEP,25,2026-01-20,False
SCEP,29,2026-01-26,False
SCHA,1259,2021-01-04,False
SCHA,1279,2021-02-02,False
SCHA,2015,2024-01-05,False
SCHL,1376,2021-06-22,False
SCHL,1378,2021-06-24,False
SCHL,1380,2021-06-28,False
SCHL,1382,2021-06-30,False
SCHL,2536,2026-02-04,False
SCHM,1274,2021-01-26,False
SCHQ,1070,2024-01-11,False
SCHW,2016,2024-01-08,False
SCHW,2252,2024-12-13,False
SCHY,7,2021-05-10,False
SCHY,37,2021-06-22,False
SCI,1422,2021-08-26,False
SCII,8,2026-01-30,False
SCII,23,2026-02-23,False
SCII,26,2026-02-26,False
SCIIR,2,2026-01-22,False
SCIIR,4,2026-01-26,False
SCIO,8,2024-03-15,False
SCIO,21,2024-04-30,False
SCL,1181,2020-09-11,False
SCL,1183,2020-09-15,False
SCLS,8,2025-11-14,False
SCLS,16,2025-11-26,False
SCLX,8,2021-03-17,False
SCLX,14,2021-03-25,False
SCLX,17,2021-03-30,False
SCLXW,1,2021-03-09,False
SCLZ,8,2024-03-08,False
SCLZ,13,2024-03-15,False
SCLZ,27,2024-04-05,False
SCLZ,32,2024-04-12,False
SCLZ,35,2024-04-17,False
SCM,1253,2020-12-23,False
SCMB,15,2022-11-02,False
SCMC,8,2025-12-23,False
SCNM,8,2025-12-23,False
SCOW,7,2025-09-09,False
SCOW,29,2025-10-09,False
SCOW,32,2025-10-14,False
SCOW,35,2025-10-17,False
SCPQ,8,2026-02-25,False
SCPQ,25,2026-03-20,False
SCPQW,1,2026-02-13,False
SCRD,8,2021-09-20,False
SCRD,24,2021-10-12,False
SCSB,8,2026-04-10,False
SCSC,1007,2020-01-03,False
SCSC,1436,2021-09-16,False
SCSC,1438,2021-09-20,False
SCUB,8,2026-04-10,False
SCUS,8,2024-08-23,False
SCYB,8,2023-07-21,False
SCYB,15,2023-08-01,False
SCYB,17,2023-08-03,False
SCYB,23,2023-08-11,False
SCYB,28,2023-08-18,False
SCYB,30,2023-08-22,False
SDA,8,2021-04-28,False
SDA,10,2021-04-30,False
SDA,20,2021-05-14,False
SDA,23,2021-05-19,False
SDAWW,1,2023-05-16,False
SDCI,463,2020-09-17,False
SDCI,825,2022-03-18,False
SDCP,8,2023-11-29,False
SDFI,8,2024-06-21,False
SDG,1126,2021-02-02,False
SDGR,2,2020-02-10,False
SDHC,6,2024-01-22,False
SDHI,8,2025-06-13,False
SDHIU,8,2025-04-11,False
SDIV,1259,2021-01-04,False
SDM,1,2025-05-02,False
SDMF,7,2026-02-26,False
SDMF,15,2026-03-10,False
SDMF,18,2026-03-13,False
SDMF,24,2026-03-23,False
SDMF,26,2026-03-25,False
SDMF,29,2026-03-30,False
SDOT,2,2020-02-18,False
SDRL,1,2022-06-17,False
SDRL,236,2023-08-29,False
SDSI,8,2022-10-25,False
SDST,2,2021-03-09,False
SDST,8,2021-03-17,False
SDST,10,2021-03-19,False
SDST,12,2021-03-23,False
SDST,16,2021-03-29,False
SDSTW,1,2024-07-09,False
SDTY,8,2025-02-19,False
SDTY,14,2025-02-27,False
SDTY,16,2025-03-03,False
SDTY,19,2025-03-06,False
SDTY,21,2025-03-10,False
SDTY,24,2025-03-13,False
SDTY,26,2025-03-17,False
SDVD,3,2023-08-15,False
SDVD,8,2023-08-22,False
SDVD,12,2023-08-28,False
SDVD,26,2023-09-18,False
SDVD,102,2024-01-05,False
SDVY,1420,2024-01-05,False
SE,1616,2024-03-26,False
SEA,1,2022-01-21,False
SEA,8,2022-02-01,False
SEA,501,2024-01-19,False
SEA,605,2024-06-18,False
SEA,607,2024-06-21,False
SEA,1037,2026-03-11,False
SEAT,2,2020-10-14,False
SEAT,7,2020-10-21,False
SEAT,10,2020-10-26,False
SEAT,12,2020-10-28,False
SEAT,20,2020-11-09,False
SEAT,22,2020-11-11,False
SEATW,3,2020-10-16,False
SEB,2438,2025-09-15,False
SEB,2441,2025-09-18,False
SEB,2515,2026-01-05,False
SECR,8,2024-06-12,False
SECR,21,2024-07-02,False
SECU,8,2026-02-05,False
SECU,30,2026-03-10,False
SECU,35,2026-03-17,False
SEDA,8,2022-01-07,False
SEDA,12,2022-01-13,False
SEDA,20,2022-01-26,False
SEDA,27,2022-02-04,False
SEE,2496,2025-12-05,False
SEELQ,1,2024-11-12,False
SEELQ,3,2024-11-14,False
SEELQ,244,2025-11-03,False
SEEM,3,2024-10-15,False
SEEM,11,2024-10-25,False
SEEM,14,2024-10-30,False
SEEM,17,2024-11-04,False
SEEM,19,2024-11-06,False
SEEM,21,2024-11-08,False
SEEM,26,2024-11-15,False
SEER,1,2020-12-07,False
SEG,1,2024-07-30,False
SEI,667,2020-01-07,False
SEIC,2235,2024-11-19,False
SEIC,2238,2024-11-22,False
SEIE,7,2024-10-21,False
SEIE,9,2024-10-23,False
SEIE,17,2024-11-04,False
SEIE,19,2024-11-06,False
SEIE,21,2024-11-08,False
SEIE,23,2024-11-12,False
SEIE,26,2024-11-15,False
SEIM,6,2022-05-26,False
SEIM,23,2022-06-22,False
SEIM,25,2022-06-24,False
SEIQ,7,2022-05-27,False
SEIQ,20,2022-06-16,False
SEIQ,24,2022-06-23,False
SEIS,6,2024-10-18,False
SEIS,15,2024-10-31,False
SEIS,17,2024-11-04,False
SEIS,31,2024-11-22,False
SEIV,6,2022-05-26,False
SEIV,24,2022-06-23,False
SELF,1312,2021-03-22,False
SELV,1,2022-05-19,False
SELV,6,2022-05-26,False
SELV,20,2022-06-16,False
SELV,24,2022-06-23,False
SELX,9,2022-07-12,False
SEMG,4,2025-05-20,False
SEMG,8,2025-05-27,False
SEMG,24,2025-06-18,False
SEMG,27,2025-06-24,False
SEMI,1,2022-03-31,False
SEMI,11,2022-04-14,False
SEMI,15,2022-04-21,False
SEMR,1,2021-03-25,False
SEMR,5,2021-03-31,False
SEMR,704,2024-01-10,False
SEMY,2,2025-11-20,False
SEMY,7,2025-11-28,False
SEMY,24,2025-12-23,False
SENEA,2261,2024-12-27,False
SENEB,2266,2025-01-06,False
SENEB,2271,2025-01-14,False
SENEB,2561,2026-03-12,False
SENEB,2565,2026-03-18,False
SENT,6,2021-02-10,False
SENT,13,2021-02-22,False
SENT,16,2021-02-25,False
SENT,19,2021-03-02,False
SENT,23,2021-03-08,False
SENT,27,2021-03-12,False
SEPI,7,2025-09-17,False
SEPM,8,2024-10-03,False
SEPN,1,2024-10-25,False
SEPP,8,2024-05-28,False
SEPT,9,2023-09-15,False
SEPT,12,2023-09-20,False
SEPT,16,2023-09-26,False
SEPT,24,2023-10-06,False
SEPU,8,2024-09-13,False
SEPW,9,2023-09-15,False
SEPW,13,2023-09-21,False
SEPW,22,2023-10-04,False
SEPZ,2,2020-09-03,False
SEPZ,6,2020-09-10,False
SEPZ,10,2020-09-16,False
SEPZ,12,2020-09-18,False
SEPZ,15,2020-09-23,False
SEPZ,18,2020-09-28,False
SERA,1,2021-07-16,False
SERA,6,2021-07-23,False
SERV,1,2024-03-08,False
SES,1,2021-03-02,False
SES,9,2021-03-12,False
SES,22,2021-03-31,False
SES,26,2021-04-07,False
SES-WT,1,2021-03-02,False
SETH,1,2023-11-03,False
SETH,9,2023-11-15,False
SETM,1,2023-02-03,False
SETM,10,2023-02-16,False
SETM,15,2023-02-24,False
SETM,18,2023-03-01,False
SEV,1,2025-10-17,False
SEVN,1267,2021-01-14,False
SEVN,1298,2021-03-02,False
SEVN,2031,2024-01-30,False
SEZL,1,2023-09-13,False
SFBC,1028,2021-04-05,False
SFBC,1030,2021-04-07,False
SFBC,1035,2021-04-20,False
SFBS,1325,2021-04-09,False
SFBS,1329,2021-04-15,False
SFD,1,2025-01-29,False
SFD,3,2025-01-31,False
SFD,12,2025-02-13,False
SFD,20,2025-02-26,False
SFD,23,2025-03-03,False
SFEB,7,2024-02-29,False
SFEB,17,2024-03-14,False
SFEB,31,2024-04-04,False
SFEB,37,2024-04-12,False
SFGV,7,2024-01-29,False
SFHG,1,2024-10-16,False
SFL,1935,2023-09-12,False
SFL,1953,2023-10-06,False
SFL,2565,2026-03-18,False
SFLO,5,2023-12-29,False
SFLO,7,2024-01-03,False
SFLO,15,2024-01-16,False
SFLO,17,2024-01-18,False
SFLR,4,2022-11-15,False
SFLR,7,2022-11-18,False
SFLR,20,2022-12-08,False
SFLR,25,2022-12-15,False
SFLR,28,2022-12-20,False
SFLR,30,2022-12-22,False
SFLR,35,2022-12-30,False
SFM,1517,2022-01-11,False
SFM,2030,2024-01-29,False
SFM,2166,2024-08-13,False
SFM,2252,2024-12-13,False
SFRT,1,2021-01-26,False
SFRT,8,2021-02-04,False
SFRT,22,2021-02-25,False
SFRT,24,2021-03-01,False
SFRT,32,2021-03-11,False
SFST,1320,2021-04-01,False
SFST,2024,2024-01-19,False
SFST,2508,2025-12-23,False
SFTX,7,2025-12-12,False
SFTX,11,2025-12-18,False
SFTY,8,2025-07-09,False
SFTY,25,2025-08-01,False
SFWL,4,2023-04-05,False
SFYF,1043,2023-06-29,False
SFYF,1062,2023-07-27,False
SG,1,2021-11-19,False
SGC,2013,2024-01-03,False
SGHC,7,2020-12-03,False
SGHT,1,2021-07-16,False
SGI,1192,2020-09-28,False
SGI,1316,2021-03-26,False
SGI,1791,2023-02-14,False
SGI,1793,2023-02-16,False
SGI,1795,2023-02-21,False
SGI,2441,2025-09-18,False
SGLC,7,2023-04-12,False
SGLC,21,2023-05-02,False
SGLC,24,2023-05-05,False
SGMT,4,2023-07-20,False
SGMT,7,2023-07-25,False
SGMT,22,2023-08-15,False
SGN,1,2023-11-15,False
SGOL,1164,2020-08-18,False
SGOL,2092,2024-04-26,False
SGOL,2472,2025-10-31,False
SGOV,8,2020-06-09,False
SGRT,7,2025-08-29,False
SGRT,43,2025-10-21,False
SGRW,5,2026-01-23,False
SGRW,9,2026-01-29,False
SGRW,12,2026-02-03,False
SGRW,18,2026-02-11,False
SGVT,8,2025-06-25,False
SHAZ,4,2022-01-04,False
SHAZ,7,2022-01-07,False
SHBI,2017,2024-01-09,False
SHC,2,2020-11-24,False
SHC,16,2020-12-15,False
SHC,18,2020-12-17,False
SHDG,7,2022-11-02,False
SHDG,32,2022-12-08,False
SHDG,37,2022-12-15,False
SHE,1202,2021-01-26,False
SHEH,1,2024-10-08,False
SHEH,5,2024-10-14,False
SHEH,9,2024-10-18,False
SHEH,13,2024-10-24,False
SHEL,1466,2021-10-28,False
SHEL,1544,2022-02-18,False
SHEL,2100,2024-05-08,False
SHEN,2564,2026-03-17,False
SHFS,8,2021-09-01,False
SHFS,10,2021-09-03,False
SHFSW,1,2022-09-27,False
SHG,1372,2021-06-16,False
SHG,2380,2025-06-23,False
SHIM,4,2023-11-20,False
SHIM,10,2023-11-29,False
SHIM,19,2023-12-12,False
SHIP,2539,2026-03-11,False
SHLD,5,2023-09-20,False
SHLD,14,2023-10-03,False
SHLD,17,2023-10-06,False
SHLD,29,2023-10-24,False
SHLD,34,2023-10-31,False
SHLD,608,2026-02-17,False
SHLS,1,2021-01-28,False
SHMD,1,2024-04-30,False
SHMDW,1,2024-04-30,False
SHMXY,1,2025-03-04,False
SHMXY,10,2025-03-17,False
SHNY,2,2023-02-24,False
SHNY,6,2023-03-02,False
SHNY,43,2023-04-25,False
SHNY,296,2024-04-26,False
SHO,2260,2024-12-26,False
SHOC,1,2022-10-07,False
SHOC,6,2022-10-14,False
SHOC,8,2022-10-18,False
SHOO,2015,2024-01-05,False
SHPD,4,2025-08-12,False
SHPD,6,2025-08-14,False
SHPD,19,2025-09-03,False
SHPD,25,2025-09-11,False
SHPH,1,2022-09-01,False
SHPP,1,2022-06-10,False
SHPP,5,2022-06-16,False
SHPP,9,2022-06-23,False
SHPP,19,2022-07-08,False
SHPP,24,2022-07-15,False
SHPU,1,2025-08-07,False
SHPU,5,2025-08-13,False
SHPU,13,2025-08-25,False
SHPWQ,37,2020-01-09,False
SHRT,1,2023-11-07,False
SHRT,6,2023-11-14,False
SHRT,14,2023-11-27,False
SHRT,26,2023-12-13,False
SHRT,31,2023-12-20,False
SHUS,1,2021-06-17,False
SHUS,8,2021-06-28,False
SHUS,15,2021-07-08,False
SHUS,21,2021-07-16,False
SHUS,23,2021-07-20,False
SHUS,25,2021-07-22,False
SHW,1353,2021-05-19,False
SHW,2015,2024-01-05,False
SHW,2019,2024-01-11,False
SHW,2021,2024-01-16,False
SHYM,8,2021-03-30,False
SI,1,2025-08-01,False
SI,9,2025-08-13,False
SIDU,1,2021-12-15,False
SIFI,10,2021-09-30,False
SIFI,16,2021-10-08,False
SIGA,2429,2025-09-02,False
SIGI,1728,2022-11-11,False
SIHY,10,2021-09-30,False
SIHY,15,2021-10-07,False
SII,2403,2025-07-25,False
SII,2411,2025-08-06,False
SII,2462,2025-10-17,False
SII,2468,2025-10-27,False
SII,2470,2025-10-29,False
SII,2472,2025-10-31,False
SII,2540,2026-02-10,False
SILA,8,2021-05-14,False
SIMA,8,2024-09-12,False
SIMAU,9,2024-07-22,False
SIMAW,5,2024-09-06,False
SIMO,1519,2022-01-13,False
SIMO,2024,2024-01-19,False
SIMS,774,2021-01-26,False
SIMS,781,2021-02-04,False
SIO,7,2022-08-03,False
SIO,26,2022-08-30,False
SIO,30,2022-09-06,False
SIO,33,2022-09-09,False
SION,1,2025-02-07,False
SIOO,8,2025-12-23,False
SIOO,26,2026-01-21,False
SITE,1347,2021-09-17,False
SITE,1403,2021-12-07,False
SIVR,2467,2025-10-24,False
SIVR,2470,2025-10-29,False
SIVR,2472,2025-10-31,False
SIXA,1,2020-05-12,False
SIXA,8,2020-05-21,False
SIXA,33,2020-06-26,False
SIXA,35,2020-06-30,False
SIXD,8,2024-06-13,False
SIXD,35,2024-07-24,False
SIXD,37,2024-07-26,False
SIXF,8,2024-02-13,False
SIXG,1238,2024-02-02,False
SIXG,1626,2025-08-21,False
SIXG,1628,2025-08-25,False
SIXH,1,2020-05-12,False
SIXH,9,2020-05-22,False
SIXH,26,2020-06-17,False
SIXH,29,2020-06-22,False
SIXJ,10,2022-01-18,False
SIXJ,13,2022-01-21,False
SIXJ,19,2022-01-31,False
SIXL,1,2020-05-12,False
SIXL,8,2020-05-21,False
SIXL,26,2020-06-17,False
SIXL,29,2020-06-22,False
SIXL,33,2020-06-26,False
SIXO,8,2021-10-13,False
SIXP,8,2024-03-13,False
SIXP,27,2024-04-10,False
SIXP,30,2024-04-15,False
SIXP,33,2024-04-18,False
SIXP,37,2024-04-24,False
SIXS,1,2020-05-12,False
SIXS,4,2020-05-15,False
SIXS,6,2020-05-19,False
SIXS,26,2020-06-17,False
SIXZ,7,2024-05-10,False
SJB,1068,2020-04-01,False
SJCP,8,2024-09-20,False
SJLD,8,2024-09-20,False
SJM,2021,2024-01-16,False
SKBL,1,2025-01-24,False
SKIN,1,2020-11-25,False
SKIN,8,2020-12-07,False
SKK,1,2024-10-09,False
SKLZ,8,2020-05-07,False
SKM,2196,2024-09-25,False
SKRE,1,2024-01-05,False
SKRE,6,2024-01-12,False
SKRE,15,2024-01-26,False
SKWD,1,2023-01-13,False
SKWD,12,2023-01-31,False
SKWD,196,2023-10-24,False
SKWD,198,2023-10-26,False
SKY,1801,2023-03-01,False
SKYH,6,2020-12-16,False
SKYH,18,2021-01-05,False
SKYH,30,2021-01-22,False
SKYH-WT,1,2022-03-01,False
SKYQ,1,2024-10-11,False
SKYT,1,2021-04-22,False
SKYT,3,2021-04-26,False
SKYT,17,2021-05-14,False
SKYU,4,2021-01-27,False
SKYU,6,2021-01-29,False
SKYW,2066,2024-03-20,False
SKYW,2237,2024-11-21,False
SKYX,1,2022-02-11,False
SKYY,2254,2024-12-17,False
SKYY,2257,2024-12-20,False
SLAMF,8,2021-04-28,False
SLAMF,12,2021-05-04,False
SLAMF,14,2021-05-06,False
SLAMF,19,2021-05-13,False
SLAMF,26,2021-05-24,False
SLDE,1,2025-06-18,False
SLDE,17,2025-07-14,False
SLDP,2,2021-05-20,False
SLDP,8,2021-05-28,False
SLDP,10,2021-06-02,False
SLDP,32,2021-07-02,False
SLDPW,1,2021-12-07,False
SLDR,8,2024-09-23,False
SLF,2207,2024-10-10,False
SLF,2210,2024-10-15,False
SLGB,1,2025-10-16,False
SLGC,1,2021-04-26,False
SLGC,5,2021-04-30,False
SLGN,1755,2022-12-21,False
SLGN,2546,2026-02-19,False
SLJY,4,2025-08-25,False
SLM,1216,2020-10-30,False
SLM,2016,2024-01-08,False
SLM,2021,2024-01-16,False
SLMT,1,2023-01-30,False
SLN,1,2020-09-09,False
SLN,5,2020-09-15,False
SLN,8,2020-09-18,False
SLN,14,2020-09-28,False
SLN,17,2020-10-01,False
SLNAF,1,2022-10-28,False
SLND,6,2022-01-03,False
SLND,8,2022-01-05,False
SLND,14,2022-01-13,False
SLND-WT,1,2024-12-10,False
SLNZ,8,2024-11-29,False
SLON,1,2025-07-16,False
SLP,1664,2022-08-12,False
SLQT,1,2020-05-22,False
SLQT,5,2020-05-29,False
SLQT,13,2020-06-10,False
SLQT,15,2020-06-12,False
SLQT,25,2020-06-26,False
SLSN,2,2025-04-09,False
SLTY,1,2025-08-22,False
SLTY,4,2025-08-27,False
SLTY,9,2025-09-04,False
SLTY,19,2025-09-18,False
SLTY,24,2025-09-25,False
SLV,2470,2025-10-29,False
SLV,2472,2025-10-31,False
SLVM,1,2021-09-24,False
SLVO,1182,2020-09-14,False
SLVR,4,2025-01-22,False
SLVR,7,2025-01-27,False
SLVR,32,2025-03-04,False
SLX,1253,2020-12-23,False
SLX,1258,2020-12-31,False
SLX,1360,2021-05-28,False
SLX,1792,2023-02-15,False
SLX,1910,2023-08-07,False
SLXN,2,2021-04-09,False
SLXN,6,2021-04-15,False
SLXN,9,2021-04-20,False
SLXN,15,2021-04-28,False
SLXN,21,2021-05-06,False
SLXNW,1,2021-04-12,False
SLYG,1279,2021-02-02,False
SLYG,1292,2021-02-22,False
SLYV,2015,2024-01-05,False
SM,2084,2024-04-16,False
SM,2088,2024-04-22,False
SMA,2,2025-04-04,False
SMA,8,2025-04-14,False
SMAP,6,2024-10-31,False
SMAP,8,2024-11-04,False
SMAP,21,2024-11-21,False
SMAP,35,2024-12-12,False
SMAX,8,2024-10-11,False
SMAX,24,2024-11-04,False
SMAY,8,2023-06-02,False
SMAY,20,2023-06-21,False
SMAY,24,2023-06-27,False
SMBC,1316,2021-03-26,False
SMBC,1320,2021-04-01,False
SMBC,1325,2021-04-09,False
SMBC,1485,2021-11-24,False
SMBK,2109,2024-08-09,False
SMBS,8,2024-12-02,False
SMBS,17,2024-12-13,False
SMBS,28,2024-12-31,False
SMCF,4,2023-12-19,False
SMCF,13,2024-01-03,False
SMCF,17,2024-01-09,False
SMCF,21,2024-01-16,False
SMCF,25,2024-01-22,False
SMCI,1030,2020-02-06,False
SMCL,2,2024-12-12,False
SMCO,4,2023-12-05,False
SMCO,7,2023-12-08,False
SMCO,29,2024-01-11,False
SMCO,31,2024-01-16,False
SMCX,1,2024-08-22,False
SMCY,3,2024-09-17,False
SMCY,6,2024-09-20,False
SMCY,16,2024-10-04,False
SMCZ,1,2025-04-01,False
SMDV,2014,2024-01-05,False
SMDX,1,2025-03-03,False
SMDX,6,2025-03-10,False
SMDX,9,2025-03-13,False
SMDX,12,2025-03-18,False
SMDX,20,2025-03-28,False
SMDX,22,2025-04-01,False
SMFL,1,2022-02-17,False
SMG,1038,2020-02-19,False
SMG,2222,2024-10-31,False
SMH,1883,2023-06-28,False
SMH,1885,2023-06-30,False
SMH,2065,2024-03-19,False
SMH,2134,2024-06-27,False
SMH,2478,2025-11-10,False
SMHX,2,2024-08-30,False
SMHX,8,2024-09-10,False
SMHX,248,2025-08-26,False
SMIG,7,2021-09-07,False
SMIG,10,2021-09-10,False
SMIG,15,2021-09-17,False
SMIG,18,2021-09-22,False
SMIG,22,2021-09-28,False
SMIG,24,2021-09-30,False
SMIN,1272,2021-01-22,False
SMIZ,7,2023-10-12,False
SMIZ,16,2023-10-25,False
SMIZ,21,2023-11-01,False
SMJF,1,2025-12-05,False
SMJF,3,2025-12-09,False
SMJF,9,2025-12-17,False
SMLF,1237,2021-02-02,False
SMLF,1973,2024-01-05,False
SMLL,2,2024-09-03,False
SMLL,4,2024-09-05,False
SMLL,9,2024-09-12,False
SMLL,24,2024-10-03,False
SMLL,26,2024-10-07,False
SMMD,869,2021-01-04,False
SMMD,889,2021-02-02,False
SMOG,1243,2020-12-09,False
SMOG,1279,2021-02-02,False
SMOM,7,2025-09-19,False
SMOM,27,2025-10-17,False
SMOT,1,2022-10-07,False
SMOT,6,2022-10-14,False
SMOT,9,2022-10-19,False
SMOX,7,2025-12-12,False
SMP,1492,2021-12-06,False
SMP,2010,2023-12-28,False
SMQ,1,2025-12-02,False
SMQ,8,2025-12-11,False
SMQ,21,2025-12-31,False
SMQ,31,2026-01-15,False
SMR,4,2020-12-15,False
SMR,8,2020-12-21,False
SMR,18,2021-01-06,False
SMR,21,2021-01-11,False
SMR,35,2021-02-01,False
SMRF,2,2026-02-23,False
SMRF,5,2026-02-26,False
SMRF,15,2026-03-12,False
SMRF,18,2026-03-17,False
SMRF,24,2026-03-25,False
SMRI,1,2023-09-15,False
SMRI,5,2023-09-21,False
SMRI,8,2023-09-26,False
SMRI,12,2023-10-02,False
SMRI,16,2023-10-06,False
SMRI,20,2023-10-12,False
SMRT,3,2021-02-10,False
SMRT,9,2021-02-19,False
SMRT,15,2021-03-01,False
SMRT,17,2021-03-03,False
SMRT,20,2021-03-08,False
SMRT,25,2021-03-15,False
SMST,1,2024-08-22,False
SMTH,7,2023-12-15,False
SMTH,24,2024-01-11,False
SMTH,27,2024-01-17,False
SMTH,33,2024-01-25,False
SMU,1,2025-07-14,False
SMUP,1,2025-07-28,False
SMWB,1,2021-05-13,False
SMWB,4,2021-05-18,False
SMWB,7,2021-05-21,False
SMWB,9,2021-05-25,False
SMX,8,2021-12-21,False
SMXT,1,2024-02-28,False
SMXWW,1,2021-12-08,False
SMYY,4,2025-10-06,False
SMYY,6,2025-10-08,False
SMYY,16,2025-10-22,False
SMYY,22,2025-10-30,False
SMYY,24,2025-11-03,False
SMZ,1,2026-02-12,False
SN,1,2023-08-01,False
SN,213,2024-06-04,False
SNA,2247,2024-12-06,False
SNA,2249,2024-12-10,False
SNAG,1,2025-12-19,False
SNAG,3,2025-12-23,False
SNAL,1,2022-11-11,False
SNAV,4,2023-01-18,False
SNAV,8,2023-01-24,False
SNAV,25,2023-02-16,False
SNAV,35,2023-03-03,False
SNCY,1,2021-03-18,False
SNCY,4,2021-03-23,False
SNCY,9,2021-03-30,False
SNCY,1243,2026-02-27,False
SNDK,1,2025-02-14,False
SNDR,1475,2023-02-15,False
SNDR,1852,2024-08-16,False
SNDU,1,2026-03-13,False
SNEX,2249,2024-12-10,False
SNFCA,2242,2024-12-13,False
SNFCA,2250,2024-12-26,False
SNOU,4,2025-04-30,False
SNOV,8,2023-12-01,False
SNOV,29,2024-01-03,False
SNOV,31,2024-01-05,False
SNOV,35,2024-01-11,False
SNOV,37,2024-01-16,False
SNOW,1,2020-09-17,False
SNOY,2,2024-06-13,False
SNOY,5,2024-06-18,False
SNOY,8,2024-06-24,False
SNOY,24,2024-07-17,False
SNOY,27,2024-07-22,False
SNOY,274,2025-07-17,False
SNPD,4,2022-11-15,False
SNPD,6,2022-11-17,False
SNPD,20,2022-12-08,False
SNPD,24,2022-12-14,False
SNPD,28,2022-12-20,False
SNPD,30,2022-12-22,False
SNPD,33,2022-12-28,False
SNPG,3,2022-11-14,False
SNPG,14,2022-11-30,False
SNPG,16,2022-12-02,False
SNPG,18,2022-12-06,False
SNPG,20,2022-12-08,False
SNPS,1433,2021-09-13,False
SNPS,1436,2021-09-16,False
SNPS,1440,2021-09-22,False
SNPS,2416,2025-08-13,False
SNPV,1,2022-11-09,False
SNPV,5,2022-11-15,False
SNPV,7,2022-11-17,False
SNPV,22,2022-12-09,False
SNPV,25,2022-12-14,False
SNPV,31,2022-12-22,False
SNPX,1,2025-11-14,False
SNPX,6,2025-11-21,False
SNSE,1,2021-02-05,False
SNSR,1096,2021-01-26,False
SNTG,1,2021-07-12,False
SNTG,3,2021-07-14,False
SNTH,1,2025-03-12,False
SNTH,5,2025-03-18,False
SNTH,8,2025-03-21,False
SNTH,15,2025-04-01,False
SNTH,22,2025-04-10,False
SNTH,24,2025-04-14,False
SNTI,8,2021-06-08,False
SNTI,10,2021-06-10,False
SNTI,17,2021-06-21,False
SNTI,21,2021-06-25,False
SNTI,25,2021-07-01,False
SNTI,32,2021-07-13,False
SNTI,34,2021-07-15,False
SNTI,36,2021-07-19,False
SNX,1029,2020-02-05,False
SNX,1342,2021-05-04,False
SNX,2088,2024-04-22,False
SNXX,1,2026-01-28,False
SNY,1836,2023-04-20,False
SNY,1847,2023-05-05,False
SO,1234,2020-11-25,False
SOAR,3,2022-01-26,False
SOAR,8,2022-02-02,False
SOAR,11,2022-02-07,False
SOAR,13,2022-02-09,False
SOAR,16,2022-02-14,False
SOBO,2,2024-10-07,False
SOBO,5,2024-10-10,False
SOBO,18,2024-10-29,False
SOBO,21,2024-11-01,False
SOBO,26,2024-11-08,False
SOC,8,2021-04-29,False
SOC,20,2021-05-17,False
SOC,22,2021-05-19,False
SOC,24,2021-05-21,False
SOC,758,2024-06-11,False
SOCA,8,2025-09-17,False
SOCA,23,2025-10-08,False
SOCAU,8,2025-07-28,False
SOCL,1297,2021-03-01,False
SOCL,1793,2023-02-16,False
SOEZ,1,2025-12-04,False
SOEZ,5,2025-12-10,False
SOEZ,13,2025-12-22,False
SOF,8,2023-11-27,False
SOFA,1,2026-02-12,False
SOFA,5,2026-02-19,False
SOFI,3,2020-12-03,False
SOFI,7,2020-12-09,False
SOFR,8,2023-11-28,False
SOFX,1,2025-01-17,False
SOGP,1,2020-01-21,False
SOGP,7,2020-01-29,False
SOGP,15,2020-02-10,False
SOGP,17,2020-02-12,False
SOHU,2153,2024-07-25,False
SOJD,8,2020-01-27,False
SOJD,30,2020-02-27,False
SOJD,35,2020-03-05,False
SOJE,7,2020-10-02,False
SOJF,7,2025-01-28,False
SOJF,33,2025-03-06,False
SOLC,1,2025-11-19,False
SOLC,5,2025-11-25,False
SOLM,2,2025-11-06,False
SOLM,4,2025-11-10,False
SOLR,7,2020-11-23,False
SOLR,46,2021-01-21,False
SOLR,56,2021-02-04,False
SOLS,3,2025-10-22,False
SOLS,7,2025-10-28,False
SOLS,14,2025-11-06,False
SOLT,1,2025-03-21,False
SOLV,1,2024-03-27,False
SOLV,8,2024-04-08,False
SOLX,2,2025-12-04,False
SOLX,6,2025-12-10,False
SOLZ,1,2025-03-21,False
SOLZ,4,2025-03-26,False
SOMN,8,2025-11-14,False
SOMN,14,2025-11-24,False
SOMN,25,2025-12-10,False
SON,2559,2026-03-10,False
SONDQ,3,2021-03-18,False
SONDQ,5,2021-03-22,False
SONDQ,8,2021-03-25,False
SONDQ,13,2021-04-01,False
SONDQ,26,2021-04-21,False
SONDQ,36,2021-05-05,False
SONY,1291,2021-02-19,False
SOPA,1,2021-11-10,False
SOPH,2,2021-07-27,False
SORA,1,2025-05-23,False
SORN,8,2026-03-11,False
SORN,28,2026-04-10,False
SORNW,1,2026-03-04,False
SOUN,1,2022-04-29,False
SOUN,877,2025-10-27,True
SOUNW,2,2022-04-27,False
SOUX,1,2025-06-25,False
SOUX,3,2025-06-27,False
SOVF,7,2023-10-12,False
SOVF,16,2023-10-25,False
SOVF,21,2023-11-01,False
SOXQ,2,2021-06-15,False
SOXQ,5,2021-06-18,False
SOXQ,8,2021-06-23,False
SOXQ,23,2021-07-15,False
SOXQ,27,2021-07-21,False
SOXQ,30,2021-07-26,False
SOXY,2,2024-12-05,False
SOXY,4,2024-12-09,False
SOXY,8,2024-12-13,False
SOXY,25,2025-01-10,False
SOXY,234,2025-11-10,False
SOYB,1557,2022-03-14,False
SPAI,1,2024-08-29,False
SPAI,3,2024-09-03,False
SPAM,6,2023-12-18,False
SPAM,21,2024-01-10,False
SPAQ,8,2023-02-09,False
SPB,1292,2021-02-22,False
SPB,2554,2026-03-03,False
SPBC,8,2021-06-07,False
SPBC,17,2021-06-18,False
SPBC,20,2021-06-23,False
SPBC,22,2021-06-25,False
SPBC,37,2021-07-19,False
SPBC,658,2024-01-05,False
SPBU,2,2025-03-10,False
SPBU,10,2025-03-20,False
SPBU,16,2025-03-28,False
SPBU,18,2025-04-01,False
SPBU,20,2025-04-03,False
SPBU,25,2025-04-10,False
SPBU,27,2025-04-14,False
SPBW,8,2025-01-22,False
SPBW,35,2025-03-03,False
SPBX,8,2025-01-22,False
SPBX,31,2025-02-25,False
SPBX,35,2025-03-03,False
SPC,8,2021-10-01,False
SPC,31,2021-11-03,False
SPCI,2,2026-03-16,False
SPCI,4,2026-03-18,False
SPCK,7,2020-12-28,False
SPCK,50,2021-03-02,False
SPCT,8,2025-10-10,False
SPCT,25,2025-11-04,False
SPCT,28,2025-11-07,False
SPCT,37,2025-11-20,False
SPCZ,8,2022-07-22,False
SPCZ,11,2022-07-27,False
SPD,1,2020-09-08,False
SPD,3,2020-09-10,False
SPD,8,2020-09-17,False
SPD,12,2020-09-23,False
SPD,15,2020-09-28,False
SPDG,3,2023-09-15,False
SPDG,7,2023-09-21,False
SPDG,10,2023-09-26,False
SPDG,14,2023-10-02,False
SPDG,18,2023-10-06,False
SPDV,828,2021-03-25,False
SPDV,833,2021-04-01,False
SPEG,8,2025-09-19,False
SPFI,171,2020-01-13,False
SPFI,640,2021-11-19,False
SPG,1479,2021-11-16,False
SPG,2011,2023-12-29,False
SPG,2013,2024-01-03,False
SPG,2015,2024-01-05,False
SPG,2017,2024-01-09,False
SPG,2027,2024-01-24,False
SPH,1604,2022-05-17,False
SPH,1978,2023-11-10,False
SPHB,1253,2020-12-23,False
SPHB,1910,2023-08-07,False
SPHB,2015,2024-01-05,False
SPHL,1,2024-10-18,False
SPHL,3,2024-10-22,False
SPHL,5,2024-10-24,False
SPHL,17,2024-11-11,False
SPHR,1,2020-04-13,False
SPHR,993,2024-03-21,False
SPIN,1,2024-09-06,False
SPIN,7,2024-09-16,False
SPIR,1,2020-11-04,False
SPIR,8,2020-11-16,False
SPIT,3,2025-10-09,False
SPIT,7,2025-10-15,False
SPIT,26,2025-11-11,False
SPKL,8,2023-12-07,False
SPKLU,8,2023-10-17,False
SPLB,2019,2024-01-11,False
SPLS,1,2026-01-20,False
SPLS,8,2026-01-29,False
SPLS,13,2026-02-05,False
SPLS,18,2026-02-12,False
SPLS,20,2026-02-17,False
SPLS,25,2026-02-24,False
SPLS,30,2026-03-03,False
SPMC,8,2024-06-27,False
SPMD,1264,2021-01-26,False
SPMD,1269,2021-02-02,False
SPME,8,2025-07-23,False
SPMO,1726,2024-03-15,False
SPNT,1244,2020-12-10,False
SPOG,1,2025-11-18,False
SPOG,7,2025-11-26,False
SPOG,14,2025-12-08,False
SPOK,1270,2021-01-20,False
SPOK,1272,2021-01-22,False
SPOK,1709,2022-10-17,False
SPOK,1728,2022-11-11,False
SPOT,1497,2024-03-14,False
SPOT,1500,2024-03-19,False
SPPL,1,2023-09-14,False
SPPL,4,2023-09-19,False
SPPL,7,2023-09-22,False
SPPP,1028,2020-02-04,False
SPPP,2470,2025-10-29,False
SPRB,4,2020-10-15,False
SPRB,9,2020-10-22,False
SPRC,1,2021-08-31,False
SPRE,2,2021-01-04,False
SPRE,7,2021-01-11,False
SPRE,10,2021-01-14,False
SPRE,35,2021-02-22,False
SPRX,7,2021-08-13,False
SPRX,12,2021-08-20,False
SPRX,27,2021-09-13,False
SPRX,31,2021-09-17,False
SPRX,476,2023-06-27,False
SPRX,612,2024-01-10,False
SPRY,1,2020-12-07,False
SPSC,1136,2020-07-09,False
SPSC,1243,2020-12-09,False
SPSC,1451,2021-10-07,False
SPSK,8,2020-01-10,False
SPSM,1295,2021-02-25,False
SPSM,2015,2024-01-05,False
SPTB,8,2024-06-03,False
SPTB,27,2024-07-01,False
SPTE,1,2023-12-04,False
SPTE,7,2023-12-12,False
SPTE,26,2024-01-10,False
SPTL,2019,2024-01-11,False
SPTU,8,2025-10-20,False
SPUC,1,2020-09-08,False
SPUC,3,2020-09-10,False
SPUC,8,2020-09-17,False
SPUC,12,2020-09-23,False
SPUC,15,2020-09-28,False
SPUS,29,2020-01-31,False
SPUS,31,2020-02-04,False
SPUT,8,2025-03-26,False
SPUT,10,2025-03-28,False
SPUT,12,2025-04-01,False
SPUT,14,2025-04-03,False
SPUT,19,2025-04-10,False
SPUU,1870,2023-08-07,False
SPUU,1979,2024-01-11,False
SPVM,1217,2020-11-30,False
SPWO,7,2024-01-02,False
SPWO,10,2024-01-05,False
SPWO,16,2024-01-16,False
SPWO,18,2024-01-18,False
SPWO,20,2024-01-22,False
SPWR,2,2021-04-21,False
SPWR,7,2021-04-28,False
SPWR,10,2021-05-03,False
SPWR,15,2021-05-10,False
SPWR,21,2021-05-18,False
SPWR,23,2021-05-20,False
SPWR,26,2021-05-25,False
SPWRW,2,2025-04-23,False
SPXC,1737,2022-11-25,False
SPXD,5,2025-07-31,False
SPXD,12,2025-08-11,False
SPXL,1910,2023-08-07,False
SPYA,8,2025-06-13,False
SPYA,12,2025-06-20,False
SPYC,1,2020-09-08,False
SPYC,3,2020-09-10,False
SPYC,7,2020-09-16,False
SPYC,12,2020-09-23,False
SPYC,15,2020-09-28,False
SPYH,1,2025-04-04,False
SPYH,5,2025-04-10,False
SPYH,7,2025-04-14,False
SPYH,13,2025-04-23,False
SPYI,7,2022-09-09,False
SPYI,9,2022-09-13,False
SPYI,12,2022-09-16,False
SPYI,14,2022-09-20,False
SPYI,21,2022-09-29,False
SPYI,25,2022-10-05,False
SPYQ,4,2024-10-07,False
SPYQ,7,2024-10-10,False
SPYQ,18,2024-10-25,False
SPYQ,21,2024-10-30,False
SPYT,8,2024-03-19,False
SPYT,19,2024-04-04,False
SPYT,25,2024-04-12,False
SPYT,34,2024-04-25,False
SPYU,1,2023-12-05,False
SPYU,25,2024-01-10,False
SQFT,2,2020-10-09,False
SQFT,7,2020-10-16,False
SQLT,7,2026-04-14,False
SQLV,1520,2024-01-05,False
SQMX,8,2025-01-06,False
SQMX,11,2025-01-10,False
SR,2475,2025-11-05,False
SR,2489,2025-11-25,False
SRAD,2,2021-09-16,False
SRAD,16,2021-10-06,False
SRAD,18,2021-10-08,False
SRAD,973,2025-07-31,False
SRBK,1,2023-09-21,False
SRBK,3,2023-09-25,False
SRBK,12,2023-10-06,False
SRBK,17,2023-10-13,False
SRBK,25,2023-10-25,False
SRCE,2014,2024-01-09,False
SRCE,2165,2024-08-15,False
SRFM,1,2023-07-28,False
SRG,1902,2023-07-26,False
SRHQ,1,2022-10-06,False
SRHQ,7,2022-10-14,False
SRHQ,10,2022-10-19,False
SRHR,2,2023-11-06,False
SRHR,4,2023-11-08,False
SRHR,7,2023-11-13,False
SRJN,8,2026-01-29,False
SRJN,13,2026-02-05,False
SRJN,17,2026-02-11,False
SRJN,29,2026-03-02,False
SRJN,36,2026-03-11,False
SROI,2,2023-02-08,False
SROI,8,2023-02-16,False
SROI,10,2023-02-21,False
SROI,13,2023-02-24,False
SROI,18,2023-03-03,False
SROI,22,2023-03-09,False
SROI,26,2023-03-15,False
SRPT,1680,2022-09-07,False
SRPU,1,2025-10-24,False
SRZN,7,2021-01-21,False
SRZN,18,2021-02-05,False
SRZN,22,2021-02-11,False
SRZN,34,2021-03-02,False
SRZNW,1,2021-01-12,False
SSAC,8,2026-03-11,False
SSACR,1,2026-03-02,False
SSACU,8,2026-02-18,False
SSACU,28,2026-03-18,False
SSACU,31,2026-03-23,False
SSACU,33,2026-03-25,False
SSACW,1,2026-03-02,False
SSB,2010,2023-12-28,False
SSB,2015,2024-01-05,False
SSB,2546,2026-02-19,False
SSBI,2452,2026-02-17,False
SSD,1797,2023-02-23,False
SSD,1910,2023-08-07,False
SSD,1916,2023-08-15,False
SSD,2017,2024-01-09,False
SSD,2022,2024-01-17,False
SSEA,8,2025-10-14,False
SSFI,8,2021-10-11,False
SSFI,36,2021-11-18,False
SSK,1,2025-07-03,False
SSK,6,2025-07-11,False
SSK,26,2025-08-08,False
SSNC,2015,2024-01-05,False
SSNC,2303,2025-03-03,False
SSO,1910,2023-08-07,False
SSPX,6,2021-09-17,False
SSPX,9,2021-09-22,False
SSPX,17,2021-10-04,False
SSPX,21,2021-10-08,False
SSPX,23,2021-10-12,False
SSS,1,2026-02-02,False
SSS,5,2026-02-06,False
SSS,7,2026-02-10,False
SSS,13,2026-02-19,False
SSS,15,2026-02-23,False
SSS,26,2026-03-10,False
SSSS,1482,2021-11-19,False
SST,7,2020-08-18,False
SST,15,2020-08-28,False
SST,17,2020-09-01,False
SST,32,2020-09-23,False
SSUS,4,2020-01-24,False
SSUS,9,2020-01-31,False
SSUS,11,2020-02-04,False
SSXU,1,2022-07-05,False
SSXU,5,2022-07-11,False
SSXU,8,2022-07-14,False
SSXU,37,2022-08-24,False
STAA,1140,2020-07-15,False
STAK,1,2025-02-27,False
STAK,3,2025-03-03,False
STAX,8,2023-12-11,False
STBA,1741,2022-12-01,False
STBA,1745,2022-12-07,False
STBA,2164,2024-08-09,False
STBA,2166,2024-08-13,False
STBF,8,2024-04-19,False
STBQ,4,2025-12-30,False
STBQ,6,2026-01-02,False
STBQ,21,2026-01-26,False
STBQ,23,2026-01-28,False
STBX,1,2022-08-24,False
STCE,3,2022-08-09,False
STCE,15,2022-08-25,False
STCE,245,2023-07-27,False
STCE,248,2023-08-01,False
STEC,1,2021-03-29,False
STEC,4,2021-04-01,False
STEL,2081,2026-02-23,False
STEM,8,2020-10-20,False
STEM,17,2020-11-02,False
STEM,21,2020-11-06,False
STEN,7,2025-10-10,False
STEN,9,2025-10-14,False
STEN,12,2025-10-17,False
STEN,28,2025-11-10,False
STEN,31,2025-11-13,False
STEN,36,2025-11-20,False
STEP,3,2020-09-21,False
STEP,5,2020-09-23,False
STEP,734,2023-08-17,False
STFS,2,2024-10-15,False
STHH,3,2025-03-19,False
STHH,7,2025-03-25,False
STHH,13,2025-04-02,False
STHO,1,2023-03-29,False
STI,8,2022-05-12,False
STKE,1,2021-01-11,False
STKH,2,2021-03-16,False
STKH,12,2021-03-30,False
STLA,2080,2024-04-10,False
STLD,1578,2022-04-08,False
STLD,2237,2024-11-21,False
STLG,7,2020-01-24,False
STLG,12,2020-01-31,False
STLU,1,2026-04-02,False
STM,1792,2023-02-15,False
STN,1288,2021-02-18,False
STN,1291,2021-02-23,False
STN,1340,2021-05-04,False
STN,1811,2023-03-17,False
STNC,5,2021-03-23,False
STNC,11,2021-03-31,False
STNC,13,2021-04-05,False
STNC,34,2021-05-04,False
STNE,558,2021-01-14,False
STNG,2041,2024-02-13,False
STNG,2117,2024-06-03,False
STNG,2447,2025-09-26,False
STOX,3,2025-07-01,False
STOX,8,2025-07-09,False
STOX,25,2025-08-01,False
STRA,1747,2022-12-09,False
STRA,1749,2022-12-13,False
STRA,1753,2022-12-19,False
STRC,4,2025-07-31,False
STRC,23,2025-08-27,False
STRL,1878,2023-06-21,False
STRL,2065,2024-03-19,False
STRL,2424,2025-08-25,False
STRN,7,2025-08-29,False
STRN,41,2025-10-17,False
STRN,43,2025-10-21,False
STRV,3,2022-09-20,False
STRV,10,2022-09-29,False
STRV,23,2022-10-18,False
STRW,1,2022-09-30,False
STRW,370,2024-06-18,False
STRZ,1,2025-05-08,False
STSB,7,2024-11-26,False
STSB,21,2024-12-17,False
STSB,27,2024-12-26,False
STSM,1,2025-11-19,False
STSM,4,2025-11-24,False
STSM,9,2025-12-02,False
STSM,12,2025-12-05,False
STSS,1,2022-04-18,False
STT,1018,2020-01-21,False
STTK,1,2020-10-12,False
STTK,3,2020-10-14,False
STTK,5,2020-10-16,False
STUB,1,2025-09-17,False
STUB,14,2025-10-06,False
STVN,3,2021-07-21,False
STVN,6,2021-07-26,False
STVN,8,2021-07-28,False
STVN,11,2021-08-02,False
STVN,23,2021-08-18,False
STX,1255,2020-12-28,False
STX,1259,2021-01-04,False
STX,1792,2023-02-15,False
STX,2461,2025-10-16,False
STXD,8,2022-11-22,False
STXD,19,2022-12-08,False
STXD,23,2022-12-14,False
STXD,29,2022-12-22,False
STXD,32,2022-12-28,False
STXE,2,2023-02-02,False
STXE,4,2023-02-06,False
STXE,8,2023-02-10,False
STXE,12,2023-02-16,False
STXE,14,2023-02-21,False
STXE,17,2023-02-24,False
STXE,22,2023-03-03,False
STXG,4,2022-11-16,False
STXG,8,2022-11-22,False
STXG,19,2022-12-08,False
STXG,23,2022-12-14,False
STXG,29,2022-12-22,False
STXG,34,2022-12-30,False
STXI,8,2024-07-09,False
STXI,18,2024-07-23,False
STXI,23,2024-07-30,False
STXI,25,2024-08-01,False
STXI,32,2024-08-12,False
STXK,4,2022-11-16,False
STXK,8,2022-11-22,False
STXK,11,2022-11-28,False
STXK,20,2022-12-09,False
STXK,23,2022-12-14,False
STXK,288,2024-01-05,False
STXM,1,2024-04-12,False
STXM,10,2024-04-25,False
STXM,32,2024-05-28,False
STXT,9,2023-08-23,False
STXT,11,2023-08-25,False
STXT,25,2023-09-15,False
STXT,30,2023-09-22,False
STXT,33,2023-09-27,False
STXT,36,2023-10-02,False
STXV,4,2022-11-16,False
STXV,8,2022-11-22,False
STXV,20,2022-12-09,False
STXV,23,2022-12-14,False
STXV,27,2022-12-20,False
STXV,29,2022-12-22,False
STZ,1604,2022-05-17,False
SU,1482,2021-11-19,False
SU,1948,2023-09-29,False
SU,2085,2024-04-17,False
SUGP,1,2024-01-25,False
SUI,1416,2021-08-18,False
SUIS,2,2026-02-20,False
SULR,8,2020-11-23,False
SULR,47,2021-01-21,False
SULR,57,2021-02-04,False
SUMAU,8,2026-03-23,False
SUN,2015,2024-01-05,False
SUNB,6,2026-03-10,False
SUNB,12,2026-03-18,False
SUNC,3,2025-11-11,False
SUNC,7,2025-11-17,False
SUNC,20,2025-12-05,False
SUNC,26,2025-12-15,False
SUNC,35,2025-12-29,False
SUNS,1,2024-07-10,False
SUNWQ,2343,2025-04-28,False
SUPL,1,2022-04-08,False
SUPL,9,2022-04-21,False
SUPL,12,2022-04-26,False
SUPL,17,2022-05-03,False
SUPL,23,2022-05-11,False
SUPL,26,2022-05-16,False
SUPL,447,2024-01-19,False
SUPN,1679,2022-09-02,False
SUPP,1,2023-02-16,False
SUPP,3,2023-02-21,False
SUPP,9,2023-03-01,False
SUPP,19,2023-03-15,False
SUPP,21,2023-03-17,False
SUPP,24,2023-03-22,False
SUPP,26,2023-03-24,False
SUPX,2,2024-04-19,False
SUPX,9,2024-04-30,False
SUPX,11,2024-05-02,False
SUPX,24,2024-05-21,False
SURI,6,2023-02-16,False
SURI,8,2023-02-21,False
SURI,11,2023-02-24,False
SURI,17,2023-03-06,False
SURI,20,2023-03-09,False
SURI,274,2024-03-13,False
SURI,277,2024-03-18,False
SURI,279,2024-03-20,False
SUUN,1,2024-04-09,False
SUUN,9,2024-04-19,False
SVAL,4,2020-11-04,False
SVAQ,8,2026-02-25,False
SVAQW,2,2026-02-17,False
SVCC,8,2025-04-03,False
SVCCU,8,2025-02-11,False
SVCO,1,2024-05-10,False
SVCO,5,2024-05-16,False
SVCO,9,2024-05-22,False
SVCO,13,2024-05-29,False
SVCO,22,2024-06-11,False
SVII,8,2022-11-09,False
SVIV,1,2026-03-03,False
SVIV,9,2026-03-13,False
SVIV,11,2026-03-17,False
SVIVU,8,2026-02-19,False
SVIVW,2,2026-03-04,False
SVIVW,4,2026-03-10,False
SVIVW,19,2026-04-06,False
SVIX,2,2022-03-30,False
SVIX,6,2022-04-05,False
SVIX,13,2022-04-14,False
SVOL,2,2021-05-17,False
SVOL,4,2021-05-19,False
SVOL,7,2021-05-24,False
SVOL,25,2021-06-18,False
SVRE,2,2022-06-07,False
SVRE,4,2022-06-09,False
SVREW,1,2022-06-06,False
SVRN,8,2021-12-10,False
SVV,2,2023-07-03,False
SVV,8,2023-07-12,False
SVV,21,2023-07-31,False
SVV,23,2023-08-02,False
SVV,25,2023-08-04,False
SVXY,2035,2024-02-05,False
SW,2538,2026-02-05,False
SWAG,1,2021-11-10,False
SWAN,1301,2024-01-11,False
SWBI,2470,2025-10-29,False
SWIM,4,2021-04-29,False
SWIM,9,2021-05-06,False
SWIM,24,2021-05-27,False
SWK,1236,2020-11-30,False
SWMR,1,2026-03-18,False
SWP,8,2024-10-07,False
SWP,22,2024-10-25,False
SWP,29,2024-11-05,False
SWSS,8,2021-10-05,False
SWVL,1,2021-03-16,False
SWVL,5,2021-03-22,False
SWVL,9,2021-03-26,False
SWVL,11,2021-03-30,False
SWVL,14,2021-04-05,False
SWVL,26,2021-04-21,False
SWVL,28,2021-04-23,False
SWVL,30,2021-04-27,False
SWVLW,1,2021-03-16,False
SWX,1596,2022-05-05,False
SWX,1618,2022-06-07,False
SXI,1482,2021-11-19,False
SXI,1750,2022-12-14,False
SXQG,7,2021-05-21,False
SXT,2367,2025-06-03,False
SXT,2423,2025-08-22,False
SXTP,1,2023-07-13,False
SXTPW,2,2023-07-13,False
SYBT,1315,2021-03-25,False
SYBT,1320,2021-04-01,False
SYBT,2168,2024-08-15,False
SYF,2026,2024-01-23,False
SYF-PB,8,2024-02-28,False
SYF-PB,27,2024-03-26,False
SYF-PB,30,2024-04-01,False
SYF-PB,36,2024-04-09,False
SYFI,8,2024-06-21,False
SYK,2066,2024-03-20,False
SYLD,1317,2021-03-29,False
SYM,8,2021-03-19,False
SYM,10,2021-03-23,False
SYM,13,2021-03-26,False
SYM,19,2021-04-06,False
SYM,31,2021-04-22,False
SYNA,2531,2026-01-28,False
SYNX,3,2024-01-18,False
SYRA,3,2023-10-04,False
SYT,2,2023-04-04,False
SYZ,4,2025-09-19,False
SYZ,8,2025-09-25,False
SYZ,12,2025-10-01,False
SYZ,16,2025-10-07,False
SYZ,18,2025-10-09,False
SYZ,23,2025-10-16,False
SZK,1800,2023-10-24,False
SZZL,8,2025-06-05,False
SZZLR,2,2025-05-28,False
SZZLR,7,2025-06-04,False
SZZLU,8,2025-04-14,False
T,1749,2022-12-13,False
T,2316,2025-03-20,False
T,2563,2026-03-16,False
TABD,8,2025-12-23,False
TAC,1865,2023-06-01,False
TACH,8,2025-06-12,False
TACHU,8,2025-04-22,False
TACHW,1,2025-06-03,False
TACHW,3,2025-06-05,False
TACHW,5,2025-06-09,False
TACK,8,2022-04-04,False
TACK,26,2022-04-29,False
TACK,28,2022-05-03,False
TACK,30,2022-05-05,False
TACN,8,2025-12-23,False
TACO,8,2025-06-17,False
TACO,21,2025-07-08,False
TACO,26,2025-07-15,False
TACOU,8,2025-05-12,False
TACOU,32,2025-06-16,False
TACU,1,2025-12-12,False
TACU,4,2025-12-17,False
TACU,8,2025-12-23,False
TACU,25,2026-01-20,False
TACU,28,2026-01-23,False
TAFI,14,2022-10-04,False
TAFL,7,2023-12-22,False
TAFL,29,2024-01-26,False
TAFM,8,2023-12-26,False
TAFM,29,2024-01-26,False
TAGG,8,2021-10-11,False
TAGG,14,2021-10-20,False
TAGG,35,2021-11-18,False
TAIL,749,2020-03-30,False
TALK,1,2020-07-31,False
TALK,3,2020-08-04,False
TALK,9,2020-08-12,False
TALK,11,2020-08-14,False
TALKW,1,2021-06-22,False
TALKW,3,2021-06-24,False
TALV,7,2025-12-26,False
TALV,22,2026-01-20,False
TAN,1026,2020-01-31,False
TAN,1047,2020-03-03,False
TAN,1209,2020-10-21,False
TAOX,1,2020-12-09,False
TAOZ,6,2026-04-10,False
TAPR,2,2025-04-03,False
TAPR,8,2025-04-11,False
TAPR,10,2025-04-15,False
TAPR,15,2025-04-23,False
TARK,1,2022-05-03,False
TARS,2,2020-10-20,False
TASK,1,2021-06-14,False
TASK,7,2021-06-22,False
TASK,27,2021-07-21,False
TAVI,8,2025-01-03,False
TAVIR,3,2024-12-27,False
TAVIR,8,2025-01-06,False
TAVIU,8,2024-12-16,False
TAX,6,2024-12-27,False
TAX,8,2024-12-31,False
TAX,14,2025-01-10,False
TAX,16,2025-01-14,False
TAX,31,2025-02-05,False
TAX,36,2025-02-12,False
TAXE,8,2024-07-22,False
TAXI,8,2025-08-29,False
TAXM,8,2025-03-25,False
TAXM,17,2025-04-07,False
TAXM,26,2025-04-21,False
TAXS,8,2025-08-29,False
TAXT,8,2025-08-29,False
TAXX,8,2024-03-26,False
TAYD,1036,2020-02-14,False
TBBB,1,2024-02-09,False
TBBK,2168,2024-08-15,False
TBFC,8,2024-01-26,False
TBFG,7,2024-01-25,False
TBG,7,2023-11-16,False
TBH,2,2025-03-10,False
TBH,5,2025-03-13,False
TBIL,8,2022-08-19,False
TBJL,5,2020-08-27,False
TBJL,8,2020-09-01,False
TBJL,11,2020-09-04,False
TBJL,13,2020-09-09,False
TBJL,28,2020-09-30,False
TBJL,32,2020-10-06,False
TBJL,35,2020-10-09,False
TBLA,8,2020-11-06,False
TBLA,29,2020-12-10,False
TBLA,48,2021-01-08,False
TBLAW,2,2020-11-02,False
TBLAW,4,2020-11-05,False
TBLD,8,2021-08-09,False
TBLD,17,2021-08-20,False
TBLD,22,2021-08-27,False
TBLD,36,2021-09-17,False
TBMC,8,2023-05-25,False
TBMCR,8,2023-04-11,False
TBN,1,2024-06-28,False
TBN,3,2024-07-02,False
TBN,19,2024-07-25,False
TBN,21,2024-07-29,False
TBPH,1010,2020-01-08,False
TBPH,2244,2024-12-03,False
TBPH,2436,2025-09-11,False
TBRG,2257,2024-12-20,False
TBRG,2310,2025-03-12,False
TBUX,8,2021-10-11,False
TBXU,7,2025-10-10,False
TCAF,1,2023-06-16,False
TCAF,9,2023-06-29,False
TCAF,37,2023-08-09,False
TCAI,6,2025-08-13,False
TCAI,8,2025-08-15,False
TCAI,10,2025-08-19,False
TCAI,12,2025-08-21,False
TCAI,14,2025-08-25,False
TCAI,54,2025-10-21,False
TCAI,69,2025-11-11,False
TCAL,5,2025-04-03,False
TCAL,12,2025-04-14,False
TCBK,1315,2021-03-25,False
TCBS,6,2021-07-26,False
TCBS,11,2021-08-02,False
TCBS,14,2021-08-05,False
TCBX,3,2021-11-12,False
TCBX,15,2021-12-01,False
TCBX,17,2021-12-03,False
TCBX,30,2021-12-22,False
TCHI,1,2022-02-02,False
TCHI,4,2022-02-07,False
TCHI,7,2022-02-10,False
TCHI,20,2022-03-02,False
TCHP,2,2020-08-07,False
TCHP,8,2020-08-17,False
TCHP,27,2020-09-14,False
TCHP,34,2020-09-23,False
TCMD,863,2020-01-02,False
TCMD,867,2020-01-08,False
TCPA,8,2025-10-27,False
TCPA,26,2025-11-20,False
TCPA,28,2025-11-24,False
TCPA,30,2025-11-26,False
TCPB,7,2025-02-28,False
TCPB,17,2025-03-14,False
TCPC,1255,2020-12-28,False
TCPC,1317,2021-03-29,False
TCRX,1,2021-07-19,False
TCRX,9,2021-07-29,False
TCRX,11,2021-08-02,False
TCV,5,2025-07-24,False
TCV,8,2025-07-29,False
TCV,14,2025-08-06,False
TCV,17,2025-08-11,False
TD,1253,2020-12-23,False
TD,1256,2020-12-29,False
TD,2397,2025-07-17,False
TD,2524,2026-01-16,False
TD,2533,2026-01-30,False
TDAC,8,2025-02-26,False
TDACU,8,2025-01-06,False
TDAQ,7,2025-09-15,False
TDAQ,29,2025-10-15,False
TDAQ,31,2025-10-17,False
TDAX,5,2026-01-14,False
TDAX,8,2026-01-20,False
TDAX,12,2026-01-26,False
TDAX,22,2026-02-09,False
TDAX,24,2026-02-11,False
TDEC,11,2025-01-10,False
TDEC,13,2025-01-14,False
TDG,1031,2020-02-07,False
TDG,1034,2020-02-12,False
TDG,1801,2023-03-01,False
TDG,2057,2024-03-07,False
TDI,7,2023-12-20,False
TDIC,1,2025-07-24,False
TDIC,5,2025-07-30,False
TDIV,2406,2025-07-30,False
TDOG,2,2026-01-26,False
TDOG,4,2026-01-28,False
TDOT,4,2026-03-12,False
TDSA,3,2020-09-21,False
TDSA,5,2020-09-23,False
TDSA,11,2020-10-01,False
TDSA,13,2020-10-05,False
TDSA,26,2020-10-22,False
TDSB,1,2020-09-18,False
TDSB,4,2020-09-23,False
TDSB,9,2020-09-30,False
TDSB,26,2020-10-23,False
TDSC,1,2020-09-18,False
TDSC,4,2020-09-23,False
TDSC,10,2020-10-01,False
TDSC,26,2020-10-23,False
TDSC,33,2020-11-03,False
TDTH,2,2024-09-12,False
TDUP,1,2021-03-29,False
TDVG,8,2020-08-17,False
TDVG,25,2020-09-10,False
TDVG,29,2020-09-16,False
TDVG,37,2020-09-28,False
TDVI,3,2023-08-15,False
TDVI,8,2023-08-22,False
TDVI,10,2023-08-24,False
TDVI,22,2023-09-12,False
TDVI,25,2023-09-15,False
TDVI,28,2023-09-20,False
TDVI,493,2025-07-30,False
TDWD,8,2025-12-18,False
TDY,2561,2026-03-12,False
TE,8,2020-01-24,False
TE,33,2020-03-04,False
TEAD,5,2021-07-30,False
TEAD,10,2021-08-06,False
TEC,1,2025-04-21,False
TEC,3,2025-04-23,False
TEC,5,2025-04-25,False
TECB,7,2020-01-22,False
TECB,14,2020-01-31,False
TECB,872,2023-06-30,False
TECK,1547,2022-02-24,False
TEF,2323,2025-03-31,False
TEK,1,2024-10-23,False
TEK,6,2024-10-30,False
TEK,9,2024-11-04,False
TEK,21,2024-11-20,False
TEK,24,2024-11-25,False
TEK,26,2024-11-27,False
TEK,179,2025-07-14,False
TEKX,4,2024-09-16,False
TEKX,6,2024-09-18,False
TEKY,1,2025-04-08,False
TEKY,3,2025-04-10,False
TEL,1910,2023-08-07,False
TEL,2415,2025-08-12,False
TEL,2418,2025-08-15,False
TELO,1,2024-02-08,False
TEM,1,2024-06-17,False
TEMD,8,2026-02-03,False
TEMD,30,2026-03-06,False
TEMD,33,2026-03-11,False
TEMD,37,2026-03-17,False
TEMT,1,2025-05-14,False
TEMX,2,2025-03-06,False
TEMX,4,2025-03-10,False
TEMX,8,2025-03-14,False
TEMX,10,2025-03-18,False
TEMX,18,2025-03-28,False
TEMX,22,2025-04-03,False
TEMX,27,2025-04-10,False
TEND,2,2025-10-10,False
TEND,8,2025-10-20,False
TEND,29,2025-11-18,False
TEND,31,2025-11-20,False
TENJ,8,2025-11-03,False
TENJ,12,2025-11-07,False
TENJ,16,2025-11-13,False
TENJ,19,2025-11-18,False
TENJ,24,2025-11-25,False
TENM,8,2025-11-03,False
TENM,12,2025-11-07,False
TENM,17,2025-11-14,False
TENM,19,2025-11-18,False
TENM,23,2025-11-24,False
TEQI,7,2020-08-14,False
TEQI,12,2020-08-21,False
TEQI,16,2020-08-27,False
TEQI,23,2020-09-08,False
TEQI,25,2020-09-10,False
TEQI,29,2020-09-16,False
TEQI,31,2020-09-18,False
TERG,1,2025-11-18,False
TERN,1,2021-02-08,False
TERN,4,2021-02-11,False
TESL,4,2021-01-05,False
TESL,16,2021-01-22,False
TESL,24,2021-02-03,False
TESL,32,2021-02-16,False
TESL,221,2021-11-12,False
TESL,225,2021-11-18,False
TESL,632,2023-07-06,False
TEST,2,2025-11-20,False
TEST,6,2025-11-26,False
TEST,32,2026-01-06,False
TETH,1,2024-07-24,False
TETH,5,2024-07-30,False
TEVA,1923,2023-08-24,False
TEVA,2114,2024-05-29,False
TEVA,2544,2026-02-17,False
TEXN,1,2025-06-25,False
TEXN,8,2025-07-07,False
TEXN,29,2025-08-05,False
TEXN,33,2025-08-11,False
TEXU,5,2025-10-08,False
TEXU,11,2025-10-16,False
TEXU,14,2025-10-21,False
TEXU,17,2025-10-24,False
TEXU,19,2025-10-28,False
TEXU,23,2025-11-03,False
TEXU,128,2026-04-07,False
TFII,1369,2021-06-11,False
TFII,1672,2022-08-24,False
TFII,2528,2026-01-23,False
TFIN,1221,2020-11-06,False
TFIN-P,2,2020-06-22,False
TFIN-P,4,2020-06-24,False
TFIN-P,8,2020-06-30,False
TFIN-P,16,2020-07-13,False
TFINP,3,2024-11-04,False
TFINP,7,2024-11-08,False
TFINP,28,2024-12-09,False
TFINP,31,2024-12-12,False
TFINP,34,2024-12-17,False
TFINP,36,2024-12-19,False
TFINP,42,2024-12-31,False
TFJL,9,2020-09-01,False
TFJL,12,2020-09-04,False
TFJL,22,2020-09-21,False
TFJL,25,2020-09-24,False
TFLR,9,2022-12-01,False
TFNS,1,2025-06-13,False
TFNS,8,2025-06-25,False
TFNS,21,2025-07-15,False
TFNS,23,2025-07-17,False
TFNS,37,2025-08-06,False
TFPM,1,2021-10-01,False
TFPM,7,2021-10-12,False
TFPM,10,2021-10-15,False
TFPM,41,2021-12-03,False
TFPM,45,2021-12-09,False
TFPM,629,2024-04-24,False
TFPN,5,2023-07-19,False
TFPN,8,2023-07-24,False
TFPN,11,2023-07-27,False
TFPN,13,2023-07-31,False
TFPN,30,2023-08-23,False
TFSA,8,2021-02-24,False
TFSA,30,2021-03-26,False
TFSA,33,2021-03-31,False
TFSL,1049,2020-03-05,False
TGE,1,2025-06-05,False
TGHL,1,2025-08-29,False
TGHL,3,2025-09-03,False
TGL,1,2022-08-12,False
TGLB,7,2025-07-08,False
TGLB,25,2025-08-01,False
TGLB,28,2025-08-06,False
TGLB,31,2025-08-11,False
TGLR,5,2023-08-15,False
TGLR,12,2023-08-24,False
TGLR,14,2023-08-28,False
TGLR,25,2023-09-13,False
TGNA,2236,2024-11-20,False
TGRT,9,2023-06-29,False
TGRT,36,2023-08-08,False
TGRW,2,2020-08-07,False
TGRW,8,2020-08-17,False
TGRW,25,2020-09-10,False
TGRW,27,2020-09-14,False
TGRW,34,2020-09-23,False
TGS,2249,2024-12-10,False
TGS,2259,2024-12-24,False
TGT,1175,2020-09-02,False
TGT,1178,2020-09-08,False
TGT,1182,2020-09-14,False
TGT,2066,2024-03-20,False
THAR,1,2022-01-13,False
THC,1016,2020-01-16,False
THC,1864,2023-06-01,False
THCH,8,2021-03-23,False
THCH,11,2021-03-26,False
THCH,16,2021-04-05,False
THCH,30,2021-04-23,False
THCH,35,2021-04-30,False
THD,2207,2024-10-10,False
THD,2209,2024-10-14,False
THEQ,5,2025-04-03,False
THEQ,10,2025-04-10,False
THEQ,12,2025-04-14,False
THEQ,18,2025-04-23,False
THFF,2015,2024-01-05,False
THFF,2017,2024-01-09,False
THFF,2019,2024-01-11,False
THG,1243,2020-12-09,False
THH,1,2025-08-28,False
THIR,8,2024-10-04,False
THIR,23,2024-10-25,False
THIR,26,2024-10-30,False
THLV,2,2022-09-15,False
THLV,5,2022-09-20,False
THLV,12,2022-09-29,False
THLV,17,2022-10-06,False
THLV,20,2022-10-11,False
THMR,2,2026-04-14,False
THMZ,1,2025-04-08,False
THMZ,3,2025-04-10,False
THMZ,37,2025-05-30,False
THMZ,39,2025-06-03,False
THNQ,1,2020-05-12,False
THNQ,6,2020-05-19,False
THNQ,22,2020-06-11,False
THNQ,791,2023-07-03,False
THNR,4,2024-05-28,False
THNR,8,2024-06-03,False
THO,1026,2020-01-31,False
THO,2018,2024-01-10,False
THR,1801,2023-03-01,False
THR,2548,2026-02-23,False
THRO,1,2021-12-17,False
THRO,6,2021-12-27,False
THRO,19,2022-01-13,False
THRO,21,2022-01-18,False
THRO,26,2022-01-25,False
THRV,8,2025-10-10,False
THRV,10,2025-10-14,False
THRV,13,2025-10-17,False
THRV,37,2025-11-20,False
THTA,8,2023-11-28,False
THY,1,2020-06-26,False
THY,10,2020-07-10,False
THY,35,2020-08-14,False
THYF,3,2022-10-31,False
THYF,5,2022-11-02,False
THYF,8,2022-11-07,False
THYF,10,2022-11-09,False
THYM,8,2025-12-03,False
TIC,4,2025-02-24,False
TIC,12,2025-03-06,False
TIC,16,2025-03-12,False
TIC,18,2025-03-14,False
TIGO,486,2020-12-11,False
TIGO,1366,2024-06-13,False
TIGO,1679,2025-09-15,False
TIIV,1,2025-07-28,False
TIIV,4,2025-07-31,False
TIIV,9,2025-08-07,False
TIL,2,2021-03-23,False
TIL,6,2021-03-29,False
TILE,1923,2023-08-24,False
TILE,2017,2024-01-09,False
TILE,2024,2024-01-19,False
TILE,2061,2024-03-13,False
TILL,1,2022-05-18,False
TILL,5,2022-05-24,False
TILL,9,2022-05-31,False
TILL,14,2022-06-07,False
TILL,17,2022-06-10,False
TILL,22,2022-06-17,False
TIME,3,2022-02-02,False
TIME,20,2022-02-28,False
TIME,355,2023-06-29,False
TIME,376,2023-07-31,False
TIME,537,2024-03-20,False
TINS,8,2025-11-04,False
TINS,12,2025-11-10,False
TINS,24,2025-11-26,False
TINT,7,2021-11-04,False
TINT,18,2021-11-19,False
TINT,21,2021-11-24,False
TINT,26,2021-12-02,False
TINT,28,2021-12-06,False
TINY,4,2021-11-02,False
TIPA,8,2025-08-29,False
TIPB,8,2025-08-29,False
TIPB,28,2025-09-29,False
TIPC,8,2025-08-29,False
TIPC,29,2025-09-30,False
TIPD,8,2025-08-29,False
TIPD,29,2025-09-30,False
TIPD,33,2025-10-06,False
TIPT,1754,2022-12-20,False
TIRX,1,2021-01-28,False
TITN,1751,2022-12-15,False
TIVC,3,2021-11-16,False
TJAN,8,2025-01-15,False
TJAN,37,2025-02-27,False
TJGC,1,2025-12-08,False
TJUL,8,2023-07-28,False
TJUL,11,2023-08-02,False
TJUL,18,2023-08-11,False
TJUL,25,2023-08-22,False
TJUL,28,2023-08-25,False
TJUN,7,2025-07-02,False
TJUN,31,2025-08-06,False
TK,2559,2026-03-10,False
TKC,2126,2024-06-14,False
TKLF,2,2022-01-20,False
TKNO,1,2021-06-28,False
TKNQ,6,2026-01-02,False
TKNQ,17,2026-01-20,False
TKNQ,21,2026-01-26,False
TKNQ,23,2026-01-28,False
TKO,1848,2023-05-08,False
TKO,1852,2023-05-12,False
TKR,1903,2023-07-27,False
TLA,1,2026-02-04,False
TLA,9,2026-02-17,False
TLA,14,2026-02-24,False
TLA,24,2026-03-10,False
TLA,34,2026-03-24,False
TLCI,3,2025-03-06,False
TLCI,9,2025-03-14,False
TLCI,11,2025-03-18,False
TLCI,19,2025-03-28,False
TLCI,23,2025-04-03,False
TLCI,28,2025-04-10,False
TLG,3,2026-03-19,False
TLG,6,2026-03-24,False
TLG,8,2026-03-26,False
TLG,12,2026-04-01,False
TLG,14,2026-04-06,False
TLH,2019,2024-01-11,False
TLIH,2,2025-07-09,False
TLK,2428,2025-08-29,False
TLK,2433,2025-09-08,False
TLN,2,2023-06-06,False
TLN,8,2023-06-14,False
TLN,34,2023-07-24,False
TLNC,8,2025-10-20,False
TLS,1,2020-11-20,False
TLS,3,2020-11-24,False
TLS,5,2020-11-27,False
TLSI,4,2021-02-12,False
TLSI,7,2021-02-18,False
TLSI,16,2021-03-03,False
TLSI,20,2021-03-09,False
TLSI,24,2021-03-15,False
TLSI,26,2021-03-17,False
TLSIW,1,2021-02-10,False
TLSIW,7,2021-02-19,False
TLT,2019,2024-01-11,False
TLTI,1,2024-12-12,False
TLTI,5,2024-12-18,False
TLTI,12,2024-12-30,False
TLTI,17,2025-01-07,False
TLTI,22,2025-01-15,False
TLTP,3,2024-11-01,False
TLTP,6,2024-11-06,False
TLTP,8,2024-11-08,False
TLTP,10,2024-11-12,False
TLTP,14,2024-11-18,False
TLTP,18,2024-11-22,False
TLTW,7,2022-08-31,False
TLTW,10,2022-09-06,False
TLTW,18,2022-09-16,False
TLTW,20,2022-09-20,False
TLTW,22,2022-09-22,False
TLTW,24,2022-09-26,False
TLTX,7,2025-07-25,False
TLTX,25,2025-08-20,False
TLTX,29,2025-08-26,False
TLTX,33,2025-09-02,False
TLX,1,2024-11-15,False
TLX,4,2024-11-20,False
TLX,8,2024-11-26,False
TLX,22,2024-12-17,False
TLX,25,2024-12-20,False
TM,1255,2020-12-28,False
TM,1380,2021-06-28,False
TM,1884,2023-06-29,False
TMAR,4,2025-03-28,False
TMAR,8,2025-04-03,False
TMAR,15,2025-04-14,False
TMAR,17,2025-04-16,False
TMAT,4,2021-02-04,False
TMAT,21,2021-03-02,False
TMAT,29,2021-03-12,False
TMAT,741,2024-01-10,False
TMAT,974,2024-12-12,False
TMB,8,2025-02-18,False
TMB,26,2025-03-14,False
TMC,7,2020-07-08,False
TMC,19,2020-07-24,False
TMC,26,2020-08-04,False
TMC,31,2020-08-11,False
TMC,34,2020-08-14,False
TMCI,1,2021-04-26,False
TMCI,3,2021-04-28,False
TMCWW,1,2021-09-08,False
TMDE,1,2025-04-22,False
TME,514,2020-12-28,False
TME,543,2021-02-09,False
TME,1255,2023-12-07,False
TME,1690,2025-09-04,False
TMET,2,2023-10-02,False
TMET,8,2023-10-10,False
TMET,12,2023-10-16,False
TMET,149,2024-05-02,False
TMET,153,2024-05-08,False
TMFE,2,2022-01-04,False
TMFE,5,2022-01-07,False
TMFE,9,2022-01-13,False
TMFE,11,2022-01-18,False
TMFE,13,2022-01-20,False
TMFE,19,2022-01-28,False
TMFG,1,2021-12-14,False
TMFG,3,2021-12-16,False
TMFG,8,2021-12-23,False
TMFG,22,2022-01-13,False
TMFG,26,2022-01-20,False
TMFM,3,2021-12-16,False
TMFM,5,2021-12-20,False
TMFM,8,2021-12-23,False
TMFM,22,2022-01-13,False
TMFS,546,2020-12-31,False
TMFX,2,2022-01-04,False
TMFX,8,2022-01-12,False
TMFX,16,2022-01-25,False
TMFX,19,2022-01-28,False
TMH,7,2025-03-25,False
TMH,19,2025-04-10,False
TMH,235,2026-02-20,False
TMLP,8,2026-01-06,False
TMLP,55,2026-03-16,False
TMNL,8,2025-12-03,False
TMNS,8,2025-12-03,False
TMO,1164,2020-08-18,False
TMSF,8,2025-12-03,False
TMSL,4,2023-06-22,False
TMSL,8,2023-06-28,False
TMSL,32,2023-08-02,False
TMSL,36,2023-08-08,False
TMUS,1046,2020-03-02,False
TMUS,2312,2025-03-14,False
TMUSI,7,2025-08-15,False
TMUSI,23,2025-09-09,False
TMUSI,34,2025-09-24,False
TMUSI,36,2025-09-26,False
TMUSL,3,2025-08-11,False
TMUSL,8,2025-08-18,False
TMUSL,11,2025-08-21,False
TMUSL,17,2025-08-29,False
TMUSL,20,2025-09-04,False
TMUSL,23,2025-09-09,False
TMUSL,25,2025-09-11,False
TMUSZ,8,2025-08-18,False
TMUSZ,22,2025-09-08,False
TMUSZ,35,2025-09-25,False
TMVE,7,2025-11-26,False
TNA,1009,2020-01-07,False
TNC,2060,2024-03-12,False
TNGX,11,2020-09-21,False
TNGX,22,2020-10-06,False
TNGX,27,2020-10-13,False
TNGX,33,2020-10-21,False
TNGY,8,2025-06-27,False
TNGY,10,2025-07-01,False
TNGY,17,2025-07-11,False
TNGY,23,2025-07-21,False
TNGY,186,2026-03-13,False
TNK,2125,2024-06-13,False
TNMG,1,2024-12-09,False
TNON,2,2022-04-29,False
TNONW,1,2023-06-16,False
TNUK,7,2025-12-30,False
TNYA,1,2021-08-02,False
TOAK,8,2024-08-30,False
TOCT,8,2025-10-13,False
TOCT,27,2025-11-07,False
TOCT,37,2025-11-21,False
TOGA,8,2024-05-15,False
TOGA,22,2024-06-05,False
TOGA,36,2024-06-26,False
TOI,2,2020-06-08,False
TOI,8,2020-06-16,False
TOI,29,2020-07-16,False
TOI,34,2020-07-23,False
TOI,37,2020-07-28,False
TOIIW,1,2020-06-05,False
TOKE,350,2020-12-11,False
TOL,1905,2023-07-31,False
TOL,2010,2023-12-28,False
TOL,2015,2024-01-05,False
TOLL,8,2023-05-23,False
TOLL,14,2023-06-01,False
TOLL,16,2023-06-05,False
TOLZ,2552,2026-03-16,False
TOP,1,2022-06-02,False
TOP,5,2022-06-08,False
TOPC,2,2025-04-21,False
TOPC,6,2025-04-25,False
TOPC,30,2025-05-30,False
TOPP,1,2025-01-23,False
TOPT,4,2024-10-30,False
TOPT,8,2024-11-05,False
TOPT,19,2024-11-20,False
TOPT,22,2024-11-25,False
TOPW,6,2025-09-12,False
TOPW,33,2025-10-21,False
TORO,1,2023-03-06,False
TOS,1,2026-01-30,False
TOS,4,2026-02-04,False
TOS,8,2026-02-10,False
TOS,24,2026-03-05,False
TOS,28,2026-03-11,False
TOS,33,2026-03-18,False
TOST,1,2021-09-23,False
TOST,8,2021-10-04,False
TOST,10,2021-10-06,False
TOT,7,2025-09-12,False
TOT,32,2025-10-17,False
TOTR,8,2021-10-11,False
TOTR,36,2021-11-18,False
TOUS,2,2023-06-20,False
TOUS,4,2023-06-22,False
TOUS,10,2023-06-30,False
TOUS,12,2023-07-05,False
TOUS,35,2023-08-07,False
TOV,2,2025-03-03,False
TOV,5,2025-03-06,False
TOV,7,2025-03-10,False
TOV,10,2025-03-13,False
TOV,15,2025-03-20,False
TOV,23,2025-04-01,False
TOV,25,2025-04-03,False
TOWN,2015,2024-01-05,False
TOXR,1,2025-12-12,False
TOXR,8,2025-12-23,False
TOXR,13,2025-12-31,False
TOYO,1,2024-07-01,False
TPB,2171,2024-12-26,False
TPET,1,2023-04-19,False
TPET,4,2023-04-24,False
TPG,1,2022-01-14,False
TPG,5,2022-01-21,False
TPG,9,2022-01-27,False
TPG,500,2024-01-11,False
TPG,908,2025-08-28,False
TPH,2015,2024-01-05,False
TPL,1274,2021-01-26,False
TPL,1928,2023-08-31,False
TPL,1933,2023-09-08,False
TPL,2133,2024-06-26,False
TPLS,9,2025-02-19,False
TPLS,27,2025-03-17,False
TPR,1791,2023-02-14,False
TPR,2015,2024-01-05,False
TPR,2025,2024-01-22,False
TPR,2056,2024-03-06,False
TPR,2301,2025-02-27,False
TPRY,1,2026-02-27,False
TPRY,5,2026-03-05,False
TPRY,9,2026-03-11,False
TPRY,20,2026-03-26,False
TPRY,24,2026-04-01,False
TPSC,26,2020-01-10,False
TPSC,289,2021-01-27,False
TPTA,1,2021-06-16,False
TPTA,8,2021-06-25,False
TPTA,18,2021-07-12,False
TPTA,767,2024-07-03,False
TQQQ,1026,2020-01-31,False
TQQY,1,2025-02-27,False
TQQY,11,2025-03-13,False
TQQY,14,2025-03-18,False
TR,1505,2021-12-23,False
TR,1749,2022-12-13,False
TRAD-UN,8,2026-03-10,False
TRAK,1892,2023-07-13,False
TRAXV,1,2026-04-07,False
TRBF,8,2025-10-17,False
TRBF,24,2025-11-10,False
TRC,1434,2021-09-14,False
TRC,1751,2022-12-15,False
TRDA,1,2021-11-01,False
TREX,2017,2024-01-09,False
TRFK,1,2022-06-13,False
TRFK,6,2022-07-18,False
TRFK,187,2023-06-30,False
TRFM,1,2022-07-12,False
TRFM,7,2022-07-20,False
TRFM,34,2022-08-26,False
TRGP,1378,2021-06-24,False
TRGP,1562,2022-03-17,False
TRGP,2565,2026-03-18,False
TRGSU,8,2026-03-09,False
TRI,2020,2024-01-12,False
TRIN,1,2021-02-01,False
TRIN,8,2021-02-10,False
TRIN,13,2021-02-18,False
TRIN,628,2023-07-31,False
TRINI,8,2024-08-01,False
TRINI,13,2024-08-08,False
TRINI,15,2024-08-12,False
TRIO,2,2025-03-10,False
TRIO,8,2025-03-18,False
TRIO,10,2025-03-20,False
TRIO,16,2025-03-28,False
TRIO,18,2025-04-01,False
TRIO,20,2025-04-03,False
TRIO,25,2025-04-10,False
TRIO,27,2025-04-14,False
TRN,2553,2026-03-02,False
TRNO,1491,2021-12-03,False
TRNO,2159,2024-08-02,False
TRNO,2162,2024-08-07,False
TRNO,2166,2024-08-13,False
TRNR,8,2023-05-10,False
TRNS,1306,2021-04-05,False
TRNS,1476,2021-12-03,False
TRON,1,2023-08-16,False
TROT,8,2026-03-09,False
TROT,11,2026-03-12,False
TROT,17,2026-03-20,False
TROT,19,2026-03-24,False
TRP,2563,2026-03-16,False
TRSG,1,2024-04-18,False
TRST,1743,2022-12-05,False
TRSY,8,2024-10-21,False
TRU,1366,2021-06-08,False
TRUC,2,2026-02-23,False
TRUC,7,2026-03-02,False
TRUC,15,2026-03-12,False
TRUC,19,2026-03-18,False
TRUC,21,2026-03-20,False
TRUC,23,2026-03-24,False
TRUC,25,2026-03-26,False
TRUD,4,2025-08-27,False
TRUD,6,2025-08-29,False
TRUD,24,2025-09-25,False
TRUD,27,2025-09-30,False
TRUD,29,2025-10-02,False
TRUD,34,2025-10-09,False
TRUG,8,2021-12-14,False
TRUP,1487,2021-11-29,False
TRUT,6,2025-08-29,False
TRUT,8,2025-09-03,False
TRUT,37,2025-10-14,False
TRUT,40,2025-10-17,False
TRUT,42,2025-10-21,False
TRV,1232,2020-11-23,False
TRV,2056,2024-03-06,False
TRV,2059,2024-03-11,False
TS,1910,2023-08-07,False
TS,1921,2023-08-22,False
TS,2559,2026-03-10,False
TSBK,1741,2022-12-05,False
TSBK,1743,2022-12-07,False
TSBK,1746,2022-12-12,False
TSBK,1748,2022-12-14,False
TSBK,1753,2022-12-21,False
TSBK,1909,2023-08-08,False
TSBK,1913,2023-08-14,False
TSBK,1916,2023-08-17,False
TSCM,8,2026-01-12,False
TSCM,18,2026-01-27,False
TSCV,6,2025-11-25,False
TSCV,26,2025-12-24,False
TSCV,28,2025-12-29,False
TSCV,30,2025-12-31,False
TSDD,1,2023-08-23,False
TSDD,3,2023-08-25,False
TSEC,8,2023-07-31,False
TSEL,2,2025-01-07,False
TSEL,4,2025-01-10,False
TSEL,8,2025-01-16,False
TSEL,129,2025-07-14,False
TSEM,1250,2020-12-18,False
TSEM,1256,2020-12-29,False
TSEM,2018,2024-01-10,False
TSEP,5,2024-09-30,False
TSEP,7,2024-10-02,False
TSEP,13,2024-10-10,False
TSEP,16,2024-10-15,False
TSEP,19,2024-10-18,False
TSEP,24,2024-10-25,False
TSEP,27,2024-10-30,False
TSEP,29,2024-11-01,False
TSES,5,2026-01-07,False
TSES,7,2026-01-09,False
TSHA,2,2020-09-28,False
TSHA,9,2020-10-07,False
TSHA,11,2020-10-09,False
TSII,1,2025-06-05,False
TSL,2,2022-08-11,False
TSL,12,2022-08-25,False
TSL,21,2022-09-08,False
TSLA,1901,2023-07-25,False
TSLG,1,2024-12-16,False
TSLG,3,2024-12-18,False
TSLI,1,2022-08-10,False
TSLI,8,2022-08-19,False
TSLI,24,2022-09-13,False
TSLL,2,2022-08-11,False
TSLO,1,2025-08-14,False
TSLO,4,2025-08-19,False
TSLO,19,2025-09-10,False
TSLO,35,2025-10-02,False
TSLP,1,2023-10-30,False
TSLP,3,2023-11-01,False
TSLP,5,2023-11-03,False
TSLQ,3,2022-07-19,False
TSLQ,9,2022-07-27,False
TSLR,2,2023-08-24,False
TSLR,4,2023-08-28,False
TSLS,1,2022-08-10,False
TSLS,8,2022-08-19,False
TSLS,24,2022-09-13,False
TSLT,1,2023-10-20,False
TSLT,4,2023-10-25,False
TSLV,8,2025-07-17,False
TSLW,1,2025-02-20,False
TSLY,3,2022-11-29,False
TSLY,12,2022-12-12,False
TSLY,720,2025-10-09,False
TSLZ,2,2023-10-23,False
TSM,1161,2020-08-13,False
TSM,1279,2021-02-02,False
TSM,2048,2024-02-23,False
TSM,2134,2024-06-27,False
TSM,2406,2025-07-30,False
TSME,1,2022-10-06,False
TSME,7,2022-10-14,False
TSME,10,2022-10-19,False
TSME,25,2022-11-09,False
TSMG,2,2024-12-09,False
TSMU,1,2024-11-13,False
TSMU,6,2024-11-20,False
TSMU,8,2024-11-22,False
TSMX,4,2024-10-09,False
TSMX,24,2024-11-06,False
TSMY,1,2024-08-22,False
TSMY,5,2024-08-28,False
TSMY,8,2024-09-03,False
TSMY,11,2024-09-06,False
TSMY,13,2024-09-10,False
TSMY,30,2024-10-03,False
TSMZ,1,2024-10-04,False
TSMZ,6,2024-10-11,False
TSMZ,9,2024-10-16,False
TSMZ,14,2024-10-23,False
TSMZ,16,2024-10-25,False
TSNF,4,2026-01-06,False
TSNF,20,2026-01-29,False
TSOL,1,2025-11-20,False
TSOL,4,2025-11-25,False
TSPA,8,2021-06-21,False
TSPA,26,2021-07-16,False
TSPX,1,2025-02-25,False
TSPX,9,2025-03-07,False
TSPX,18,2025-03-20,False
TSPX,24,2025-03-28,False
TSPY,8,2024-08-27,False
TSPY,12,2024-09-03,False
TSPY,15,2024-09-06,False
TSPY,17,2024-09-10,False
TSPY,20,2024-09-13,False
TSRS,8,2026-01-12,False
TSRS,19,2026-01-28,False
TSRS,22,2026-02-02,False
TSSD,1,2025-12-31,False
TSSD,6,2026-01-08,False
TSSD,23,2026-02-03,False
TSSD,32,2026-02-17,False
TSUI,1,2026-02-25,False
TSXD,1,2025-10-02,False
TSXU,2,2025-10-03,False
TSXU,4,2025-10-07,False
TSYW,8,2025-11-25,False
TSYW,20,2025-12-12,False
TSYW,23,2025-12-17,False
TSYW,33,2026-01-02,False
TSYX,8,2026-01-20,False
TSYX,11,2026-01-23,False
TSYX,22,2026-02-09,False
TSYX,25,2026-02-12,False
TSYX,27,2026-02-17,False
TSYY,1,2024-12-19,False
TSYY,6,2024-12-27,False
TT,1168,2020-08-24,False
TT,1678,2022-09-01,False
TT,2043,2024-02-15,False
TTAM,1,2025-02-10,False
TTAM,3,2025-02-12,False
TTAM,7,2025-02-19,False
TTAM,12,2025-02-26,False
TTAM,14,2025-02-28,False
TTAM,18,2025-03-06,False
TTAN,1,2024-12-12,False
TTC,1209,2020-10-21,False
TTD,1701,2023-06-27,False
TTDU,1,2025-09-18,False
TTDU,5,2025-09-24,False
TTEC,1263,2021-01-08,False
TTEC,1339,2021-04-29,False
TTEK,1236,2020-11-30,False
TTEK,1239,2020-12-03,False
TTEQ,4,2024-10-30,False
TTEQ,8,2024-11-05,False
TTEQ,19,2024-11-20,False
TTEQ,22,2024-11-25,False
TTGT,1165,2020-08-19,False
TTI,1917,2023-08-16,False
TTI,1919,2023-08-18,False
TTI,2456,2025-10-09,False
TTI,2474,2025-11-04,False
TTMI,1270,2021-01-20,False
TTOP,1,2025-11-14,False
TTOP,8,2025-11-25,False
TTOP,10,2025-11-28,False
TTRX,1,2025-10-09,False
TTXD,5,2025-10-08,False
TTXD,8,2025-10-13,False
TTXD,22,2025-10-31,False
TTXU,4,2025-10-07,False
TTXU,6,2025-10-09,False
TUA,2,2022-11-17,False
TUA,9,2022-11-29,False
TUA,34,2023-01-05,False
TUG,7,2022-06-01,False
TUG,23,2022-06-24,False
TUGN,7,2022-05-31,False
TUGN,24,2022-06-24,False
TUR,2552,2026-02-27,False
TURB,1,2023-09-22,False
TURF,7,2025-06-24,False
TURF,12,2025-07-01,False
TURF,23,2025-07-17,False
TURF,25,2025-07-21,False
TURF,35,2025-08-04,False
TUSB,8,2025-03-03,False
TUSI,8,2022-08-18,False
TUYA,1,2021-03-19,False
TVA,8,2025-05-29,False
TVACU,8,2025-05-05,False
TVACU,127,2025-10-23,False
TVACU,130,2025-10-28,False
TVACW,1,2021-02-10,False
TVACW,6,2021-02-18,False
TVAI,8,2025-07-15,False
TVAIU,8,2025-05-28,False
TVAL,8,2023-06-28,False
TVAL,33,2023-08-03,False
TVAL,37,2023-08-09,False
TVGN,8,2022-01-18,False
TVGN,23,2022-02-08,False
TVGN,27,2022-02-14,False
TVGNW,1,2024-02-13,False
TVRD,1278,2021-02-01,False
TW,684,2021-12-15,False
TWFG,2,2024-07-22,False
TWFG,4,2024-07-24,False
TWFG,6,2024-07-26,False
TWFG,20,2024-08-15,False
TWG,1,2024-04-17,False
TWLV,2,2021-05-03,False
TWLV,8,2021-05-11,False
TWLV,10,2021-05-13,False
TWLV,18,2021-05-25,False
TWNP,1,2025-01-29,False
TWO,1316,2021-03-26,False
TWO,1318,2021-03-30,False
TWO,2314,2025-03-18,False
TWOD,8,2025-05-29,False
TWOD,17,2025-06-11,False
TWOX,6,2025-01-27,False
TWOX,8,2025-01-29,False
TWOX,28,2025-02-27,False
TX,1253,2020-12-23,False
TX,1421,2021-08-25,False
TX,2113,2024-05-28,False
TXBC,2,2025-11-28,False
TXBC,6,2025-12-04,False
TXNM,1227,2020-11-16,False
TXNU,1,2026-03-26,False
TXNU,6,2026-04-02,False
TXO,1,2023-01-30,False
TXO,5,2023-02-03,False
TXO,29,2023-03-10,False
TXO,336,2024-05-30,False
TXRH,2015,2024-01-05,False
TXRH,2018,2024-01-10,False
TXS,5,2023-07-20,False
TXS,8,2023-07-25,False
TXS,13,2023-08-01,False
TXS,18,2023-08-08,False
TXS,23,2023-08-15,False
TXS,26,2023-08-18,False
TXS,30,2023-08-24,False
TXT,1370,2021-06-14,False
TXUE,7,2025-01-31,False
TXUG,2,2025-01-27,False
TXUG,6,2025-01-31,False
TXUG,8,2025-02-04,False
TXUG,22,2025-02-25,False
TXUG,24,2025-02-27,False
TXUG,27,2025-03-04,False
TXXD,1,2025-11-21,False
TXXI,10,2025-03-27,False
TXXI,17,2025-04-07,False
TXXI,25,2025-04-17,False
TXXS,1,2025-12-05,False
TXXS,4,2025-12-10,False
TYA,7,2021-10-07,False
TYA,13,2021-10-15,False
TYA,22,2021-10-28,False
TYA,36,2021-11-17,False
TYD,1057,2020-03-17,False
TYG,1253,2020-12-23,False
TYG,1376,2021-06-22,False
TYG,1583,2022-04-18,False
TYG,2222,2024-10-31,False
TYG,2562,2026-03-13,False
TYGO,8,2021-09-16,False
TYGO,19,2021-10-01,False
TYHOY,8,2024-12-18,False
TYHOY,13,2024-12-26,False
TYL,1407,2021-08-05,False
TYL,1409,2021-08-09,False
TYL,2163,2024-08-08,False
TYLD,8,2024-01-17,False
TYLG,3,2022-11-28,False
TYLG,8,2022-12-05,False
TYLG,11,2022-12-08,False
TYLG,21,2022-12-22,False
TYLG,23,2022-12-27,False
TYLG,27,2023-01-03,False
TYRA,1,2021-09-16,False
TZOO,2183,2024-09-06,False
U,1,2020-09-21,False
U,3,2020-09-23,False
UAC,3,2025-12-26,False
UAC,8,2026-01-07,False
UAC,11,2026-01-12,False
UAC,15,2026-01-16,False
UAC,26,2026-02-02,False
UAC-UN,8,2026-02-10,False
UAC-UN,20,2026-02-27,False
UAC-WT,1,2026-02-19,False
UAE,1279,2021-02-02,False
UAE,1501,2021-12-17,False
UAE,2551,2026-02-26,False
UBCP,958,2020-01-17,False
UBEW,3,2025-10-28,False
UBEW,5,2025-10-30,False
UBEW,8,2025-11-04,False
UBEW,15,2025-11-13,False
UBEW,18,2025-11-18,False
UBFO,1779,2023-01-27,False
UBFO,1782,2023-02-01,False
UBFO,2263,2024-12-31,False
UBFO,2267,2025-01-07,False
UBND,8,2021-10-15,False
UBND,19,2021-11-01,False
UBND,36,2021-11-24,False
UBOT,702,2021-02-02,False
UBOT,863,2021-09-22,False
UBRL,1,2024-09-05,False
UBS,1939,2023-09-18,False
UBS,1945,2023-09-26,False
UBS,2524,2026-01-16,False
UBS,2533,2026-01-30,False
UBSI,2015,2024-01-05,False
UBSI,2017,2024-01-09,False
UBXG,1,2024-04-01,False
UBXG,3,2024-04-03,False
UBXG,12,2024-04-16,False
UCAR,1,2023-04-21,False
UCB,1482,2021-11-19,False
UCB,2015,2024-01-05,False
UCFI,8,2024-02-29,False
UCIB,1303,2021-03-09,False
UCL,1,2020-06-11,False
UCL,5,2020-06-17,False
UCL,10,2020-06-24,False
UCL,12,2020-06-26,False
UCL,14,2020-06-30,False
UCRD,8,2021-10-15,False
UCTT,1255,2020-12-28,False
UCYB,2,2021-01-25,False
UCYB,9,2021-02-03,False
UCYB,136,2021-08-05,False
UCYB,764,2024-02-05,False
UDI,1,2022-06-09,False
UDI,6,2022-06-16,False
UDI,10,2022-06-23,False
UDI,20,2022-07-08,False
UDMY,3,2021-11-03,False
UDMY,8,2021-11-10,False
UDMY,11,2021-11-15,False
UDR,1377,2021-06-23,False
UECG,1,2026-02-11,False
UFCS,2258,2024-12-27,False
UFEB,8,2020-02-13,False
UFEB,14,2020-02-24,False
UFEB,17,2020-02-27,False
UFEB,22,2020-03-05,False
UFEB,26,2020-03-11,False
UFG,3,2025-01-17,False
UFIV,8,2023-04-10,False
UFIV,17,2023-04-21,False
UFIV,36,2023-05-18,False
UFO,431,2020-12-24,False
UFO,469,2021-02-22,False
UFO,474,2021-03-01,False
UFO,1356,2024-08-30,False
UFO,1359,2024-09-05,False
UFO,1584,2025-07-31,False
UFO,1587,2025-08-05,False
UFPI,1315,2021-03-25,False
UFPI,1334,2021-04-22,False
UFPI,1351,2021-05-17,False
UFPI,2546,2026-02-19,False
UFPT,1887,2023-07-05,False
UFPT,1894,2023-07-14,False
UFPT,1905,2023-07-31,False
UG,2135,2024-07-29,False
UGA,1315,2021-03-25,False
UGA,1326,2021-04-12,False
UGE,1100,2020-09-14,False
UGE,1110,2020-09-28,False
UGE,1190,2021-01-22,False
UGE,1395,2021-11-12,False
UGE,1398,2021-11-17,False
UGI,2312,2025-03-14,False
UGI,2501,2025-12-12,False
UGI,2514,2026-01-02,False
UGL,1366,2021-06-08,False
UGL,2088,2024-04-22,False
UGL,2092,2024-04-26,False
UGL,2096,2024-05-02,False
UHAL,1315,2021-03-25,False
UHAL,1325,2021-04-09,False
UHAL,2018,2024-01-10,False
UHAL,2021,2024-01-16,False
UHAL-B,1,2022-11-11,False
UHAL-B,3,2022-11-15,False
UHAL-B,291,2024-01-10,False
UHAL-B,294,2024-01-16,False
UHAL-B,298,2024-01-22,False
UHG,7,2021-04-08,False
UHG,19,2021-04-26,False
UHG,21,2021-04-28,False
UHG,25,2021-05-04,False
UHG,27,2021-05-06,False
UHGWW,1,2021-03-25,False
UHS,2030,2024-01-29,False
UHS,2188,2024-09-13,False
UK,20,2020-01-21,False
ULCC,2,2021-04-06,False
ULCC,4,2021-04-08,False
ULCC,26,2021-05-10,False
ULS,2,2024-04-16,False
ULS,10,2024-04-26,False
ULS,36,2024-06-04,False
ULS,406,2025-11-24,False
ULTA,2010,2023-12-28,False
ULTI,1,2025-11-03,False
ULTY,3,2024-03-05,False
ULTY,7,2024-03-11,False
ULTY,10,2024-03-14,False
ULTY,15,2024-03-21,False
ULY,1,2023-10-20,False
UMAC,1,2024-02-15,False
UMAR,3,2020-03-05,False
UMAR,7,2020-03-11,False
UMAR,16,2020-03-24,False
UMAY,7,2020-05-12,False
UMAY,28,2020-06-11,False
UMAY,31,2020-06-16,False
UMAY,36,2020-06-23,False
UMBF,1315,2021-03-25,False
UMBF,1325,2021-04-09,False
UMBF,2015,2024-01-05,False
UMC,1163,2020-08-17,False
UMC,2540,2026-02-10,False
UMDD,1904,2023-08-07,False
UMH,1316,2021-03-26,False
UMI,1764,2024-12-05,False
UMI,2083,2026-03-18,False
UMI,2095,2026-04-06,False
UMMA,1,2022-01-10,False
UMMA,4,2022-01-13,False
UMMA,6,2022-01-18,False
UMMA,9,2022-01-21,False
UMMA,12,2022-01-26,False
UMMA,15,2022-01-31,False
UMMA,18,2022-02-03,False
UMMA,26,2022-02-15,False
UNCY,1,2021-07-13,False
UNFI,1459,2021-10-19,False
UNG,1393,2021-07-16,False
UNH,1007,2020-01-03,False
UNH,1354,2021-05-20,False
UNHG,1,2025-07-22,False
UNHG,3,2025-07-24,False
UNHU,1,2026-03-26,False
UNHU,6,2026-04-02,False
UNHW,1,2025-12-04,False
UNHW,7,2025-12-12,False
UNHW,15,2025-12-24,False
UNIT,1423,2021-08-27,False
UNIY,17,2023-03-03,False
UNIY,20,2023-03-08,False
UNL,1383,2021-08-19,False
UNL,1423,2021-10-15,False
UNM,2247,2024-12-06,False
UNM,2252,2024-12-13,False
UNP,1911,2023-08-08,False
UNP,1919,2023-08-18,False
UNTY,1482,2021-11-19,False
UNTY,2001,2023-12-14,False
UNX,1,2025-09-17,False
UNX,4,2025-09-22,False
UP,5,2020-11-20,False
UP,7,2020-11-24,False
UP,12,2020-12-02,False
UPAR,1,2022-01-05,False
UPAR,7,2022-01-13,False
UPAR,9,2022-01-18,False
UPAR,15,2022-01-26,False
UPAR,18,2022-01-31,False
UPAR,21,2022-02-03,False
UPAR,23,2022-02-07,False
UPAR,26,2022-02-10,False
UPB,1,2024-10-11,False
UPBD,1878,2023-06-21,False
UPC,1,2021-03-24,False
UPGD,1259,2021-01-04,False
UPGR,1,2023-07-14,False
UPGR,5,2023-07-20,False
UPGR,9,2023-07-26,False
UPGR,13,2023-08-01,False
UPGR,20,2023-08-10,False
UPGR,22,2023-08-14,False
UPGR,575,2025-10-27,False
UPS,1182,2020-09-14,False
UPS,1355,2021-05-21,False
UPS,1359,2021-05-27,False
UPS,1362,2021-06-02,False
UPSD,8,2024-12-04,False
UPSD,18,2024-12-18,False
UPSD,24,2024-12-27,False
UPSG,2,2025-12-15,False
UPSG,6,2025-12-19,False
UPSG,11,2025-12-29,False
UPSG,14,2026-01-02,False
UPSG,28,2026-01-23,False
UPST,1,2020-12-17,False
UPSX,1,2025-06-11,False
UPV,1272,2021-01-22,False
UPW,2084,2024-05-29,False
UPXI,1,2021-06-25,False
URA,2393,2025-07-11,False
URAA,2,2024-06-28,False
URAA,6,2024-07-05,False
URAN,5,2024-10-01,False
URAN,33,2024-11-08,False
URNJ,1,2023-02-03,False
URNJ,7,2023-02-13,False
URNJ,15,2023-02-24,False
URNM,28,2020-01-15,False
URNM,967,2023-10-09,False
URNM,975,2023-10-19,False
UROY,3,2020-01-17,False
UROY,5,2020-01-22,False
UROY,7,2020-01-24,False
UROY,12,2020-01-31,False
UROY,15,2020-02-05,False
UROY,17,2020-02-07,False
UROY,25,2020-02-20,False
UROY,28,2020-02-25,False
URSP,3,2025-09-02,False
URSP,9,2025-09-10,False
URSP,20,2025-09-25,False
URSP,33,2025-10-14,False
URTY,1009,2020-01-07,False
USAC,1971,2023-11-01,False
USAF,8,2024-12-03,False
USAF,11,2024-12-06,False
USAF,23,2024-12-24,False
USAF,26,2024-12-30,False
USAI,716,2020-12-23,False
USAI,839,2021-06-22,False
USAI,1709,2024-12-05,False
USAI,2040,2026-04-06,False
USAR,8,2023-07-27,False
USAX,1,2026-01-14,False
USCA,8,2023-04-17,False
USCA,19,2023-05-02,False
USCA,21,2023-05-04,False
USCA,27,2023-05-12,False
USCB,1,2021-07-26,False
USCB,7,2021-08-03,False
USCB,37,2021-09-15,False
USCF,6,2023-12-20,False
USCF,22,2024-01-16,False
USCF,26,2024-01-22,False
USCI,1302,2021-03-08,False
USCI,1563,2022-03-18,False
USCL,7,2023-06-20,False
USCL,14,2023-06-29,False
USCL,39,2023-08-04,False
USDX,8,2024-03-12,False
USE,4,2023-05-10,False
USE,7,2023-05-15,False
USE,20,2023-06-02,False
USE,22,2023-06-06,False
USEA,1,2022-07-07,False
USEW,8,2025-12-31,False
USEW,20,2026-01-20,False
USEW,28,2026-01-30,False
USEW,37,2026-02-12,False
USFD,1650,2022-12-14,False
USFD,2280,2025-06-23,False
USFD,2456,2026-03-05,False
USFE,7,2026-02-05,False
USFE,20,2026-02-25,False
USFE,22,2026-02-27,False
USFE,24,2026-03-03,False
USFE,26,2026-03-05,False
USFE,28,2026-03-09,False
USFE,30,2026-03-11,False
USFI,3,2023-08-01,False
USFI,8,2023-08-08,False
USFI,10,2023-08-10,False
USFI,13,2023-08-15,False
USFI,18,2023-08-22,False
USFI,32,2023-09-12,False
USFI,35,2023-09-15,False
USGG,1,2026-01-13,False
USGO,3,2023-04-25,False
USGO,6,2023-04-28,False
USGOW,1,2023-04-21,False
USIN,8,2024-03-26,False
USIN,18,2024-04-10,False
USIN,26,2024-04-22,False
USIN,32,2024-04-30,False
USL,1276,2021-01-28,False
USL,1473,2021-11-08,False
USL,1563,2022-03-18,False
USL,2581,2026-04-10,False
USLM,1736,2022-11-23,False
USLM,1867,2023-06-05,False
USLM,2110,2024-05-22,False
USLM,2252,2024-12-13,False
USLN,8,2026-03-16,False
USLN,13,2026-03-23,False
USMD,4,2026-02-12,False
USMD,8,2026-02-19,False
USMD,10,2026-02-23,False
USMD,12,2026-02-25,False
USMD,16,2026-03-03,False
USMD,21,2026-03-10,False
USMD,27,2026-03-18,False
USMD,33,2026-03-26,False
USML,6,2021-02-16,False
USML,9,2021-02-19,False
USML,13,2021-02-25,False
USML,17,2021-03-03,False
USNA,1294,2021-02-24,False
USNG,2,2025-05-22,False
USNG,7,2025-05-30,False
USNG,18,2025-06-16,False
USNG,21,2025-06-20,False
USNG,35,2025-07-11,False
USNZ,8,2022-07-11,False
USNZ,41,2022-08-25,False
USO,1276,2021-01-28,False
USO,1473,2021-11-08,False
USO,1563,2022-03-18,False
USOY,2,2024-05-14,False
USOY,7,2024-05-21,False
USOY,10,2024-05-24,False
USOY,22,2024-06-12,False
USPH,1795,2023-02-21,False
USRD,5,2023-12-20,False
USRD,7,2023-12-22,False
USRD,19,2024-01-11,False
USSE,9,2023-09-13,False
USSE,15,2023-09-21,False
USSE,18,2023-09-26,False
USSE,21,2023-09-29,False
USSE,26,2023-10-06,False
USSH,8,2024-03-26,False
USSH,18,2024-04-10,False
USVM,821,2021-02-02,False
USVN,8,2023-04-10,False
USVN,13,2023-04-17,False
USVN,17,2023-04-21,False
USVN,35,2023-05-17,False
USXF,6,2020-06-26,False
USXF,8,2020-06-30,False
UTEN,8,2022-08-19,False
UTEN,19,2022-09-06,False
UTEN,26,2022-09-15,False
UTES,1993,2024-10-15,False
UTES,1995,2024-10-17,False
UTES,2005,2024-10-31,False
UTHR,1236,2020-11-30,False
UTHR,1238,2020-12-02,False
UTHR,1240,2020-12-04,False
UTHR,1279,2021-02-02,False
UTHR,1749,2022-12-13,False
UTHY,7,2023-04-06,False
UTHY,18,2023-04-24,False
UTHY,23,2023-05-01,False
UTHY,28,2023-05-08,False
UTHY,31,2023-05-11,False
UTHY,199,2024-01-11,False
UTL,1354,2021-05-20,False
UTRE,8,2023-04-10,False
UTRE,16,2023-04-20,False
UTRE,37,2023-05-19,False
UTWO,8,2022-08-19,False
UTWO,28,2022-09-19,False
UTWO,30,2022-09-21,False
UTWO,33,2022-09-26,False
UTWY,7,2023-04-06,False
UTWY,18,2023-04-24,False
UTWY,28,2023-05-08,False
UTZ,400,2020-06-30,False
UTZ,532,2021-01-07,False
UTZ,1294,2024-01-19,False
UUUG,1,2026-01-13,False
UVE,1486,2021-11-26,False
UVE,1997,2023-12-08,False
UVE,2059,2024-03-11,False
UVIX,2,2022-04-01,False
UVV,2025,2024-01-22,False
UVV,2375,2025-06-13,False
UWM,1279,2021-02-02,False
UWMC,4,2020-04-16,False
UWMC,6,2020-04-22,False
UWMC,19,2020-05-14,False
UWMC,22,2020-05-26,False
UWMC,32,2020-06-11,False
UWMC,172,2021-01-11,False
UWMC,176,2021-01-15,False
UWMC-WS,1,2020-12-29,False
UWMC-WS,4,2021-01-04,False
UWMC-WS,9,2021-01-11,False
UWMC-WS,13,2021-01-15,False
UX,2,2025-01-31,False
UX,5,2025-02-05,False
UX,8,2025-02-10,False
UX,12,2025-02-14,False
UX,16,2025-02-21,False
UX,19,2025-02-26,False
UXAP,4,2025-04-25,False
UXAP,29,2025-06-02,False
UXI,1844,2023-08-02,False
UXI,1952,2024-01-05,False
UXI,1956,2024-01-11,False
UXJA,4,2025-01-27,False
UXJA,11,2025-02-05,False
UXJA,26,2025-02-27,False
UXJL,9,2025-08-01,False
UXJL,11,2025-08-05,False
UXJL,13,2025-08-07,False
UXOC,2,2024-10-23,False
UXOC,9,2024-11-01,False
UXOC,11,2024-11-05,False
UXOC,23,2024-11-21,False
UXRP,1,2025-07-16,False
UYG,2019,2024-01-11,False
UYLD,8,2022-11-04,False
UYM,2550,2026-02-25,False
UYSC,8,2025-06-06,False
UYSCR,1,2025-05-28,False
UYSCR,5,2025-06-03,False
UYSCR,8,2025-06-06,False
UYSCU,8,2025-04-10,False
UYSCU,30,2025-05-13,False
UZD,7,2020-08-28,False
UZD,14,2020-09-09,False
UZD,19,2020-09-16,False
UZE,8,2020-12-28,False
UZE,14,2021-01-06,False
UZE,20,2021-01-14,False
UZE,690,2023-09-14,False
UZF,9,2021-06-09,False
VABK,1325,2023-08-18,False
VABS,8,2021-02-23,False
VACH,8,2024-10-10,False
VACH,30,2024-11-11,False
VACHU,8,2024-08-21,False
VACHW,1,2024-10-01,False
VACI,8,2025-12-03,False
VACI,35,2026-01-13,False
VACI-U,8,2025-11-13,False
VACI-U,13,2025-11-20,False
VACI-U,21,2025-12-04,False
VACI-WS,8,2025-12-04,False
VACI-WS,28,2026-01-13,False
VAL,1,2021-05-04,False
VAL,9,2021-05-14,False
VAL,12,2021-05-19,False
VAL,15,2021-05-24,False
VAL,569,2023-08-07,False
VAL,572,2023-08-10,False
VAL-WT,1,2021-05-04,False
VALE,1258,2020-12-31,False
VALE,2488,2025-11-24,False
VALG,1,2025-12-19,False
VALG,5,2025-12-26,False
VALN,2,2021-05-10,False
VALN,6,2021-05-14,False
VAVX,2,2026-01-28,False
VB,1259,2021-01-04,False
VB,1274,2021-01-26,False
VB,1279,2021-02-02,False
VBCA,8,2026-04-08,False
VBCB,8,2026-04-08,False
VBCC,8,2026-04-08,False
VBCD,8,2026-04-08,False
VBCE,8,2026-04-08,False
VBCF,8,2026-04-08,False
VBCG,8,2026-04-08,False
VBCH,8,2026-04-08,False
VBCI,7,2026-04-07,False
VBCJ,7,2026-04-07,False
VBIL,8,2025-02-24,False
VBK,1279,2021-02-02,False
VBNK,716,2024-01-16,False
VBNK,718,2024-01-18,False
VBNK,1209,2026-01-05,False
VBNK,1226,2026-01-29,False
VBR,1259,2021-01-04,False
VBR,2015,2024-01-05,False
VC,1250,2020-12-18,False
VC,1256,2020-12-29,False
VC,2411,2025-08-06,False
VCAR,4,2021-01-04,False
VCAR,17,2021-01-22,False
VCAR,25,2021-02-03,False
VCAR,33,2021-02-16,False
VCAR,222,2021-11-12,False
VCAR,226,2021-11-18,False
VCAR,633,2023-07-06,False
VCEB,8,2020-10-06,False
VCEB,26,2020-10-30,False
VCIC,8,2024-11-07,False
VCICU,9,2024-09-17,False
VCICW,1,2024-10-29,False
VCICW,5,2024-11-04,False
VCIG,8,2023-04-25,False
VCLN,8,2021-08-16,False
VCLN,12,2021-08-20,False
VCLN,26,2021-09-10,False
VCLN,29,2021-09-15,False
VCLN,37,2021-09-27,False
VCLT,2019,2024-01-11,False
VCOB,8,2025-12-02,False
VCOB,15,2025-12-11,False
VCRB,8,2023-12-27,False
VCRB,14,2024-01-05,False
VCRB,18,2024-01-11,False
VCRB,21,2024-01-17,False
VCRM,8,2024-12-04,False
VCRM,26,2024-12-31,False
VCRM,36,2025-01-16,False
VCTR,735,2021-01-11,False
VCV,2018,2024-01-10,False
VDE,1469,2021-11-02,False
VDE,1472,2021-11-05,False
VDE,2090,2024-04-24,False
VDI,7,2025-12-12,False
VDIG,7,2025-11-28,False
VDIG,14,2025-12-09,False
VECO,1878,2023-06-21,False
VECO,1882,2023-06-27,False
VEEA,1,2024-09-13,False
VEEAW,1,2021-05-11,False
VEEAW,6,2021-05-18,False
VEEE,1,2021-07-22,False
VEEV,1395,2021-07-20,False
VEEV,2193,2024-09-20,False
VEEV,2379,2025-06-20,False
VEFA,6,2026-04-14,False
VEGI,1269,2021-02-02,False
VEL,3,2020-01-23,False
VEL,6,2020-01-28,False
VEL,10,2020-02-03,False
VEL,12,2020-02-05,False
VELO,1,2021-01-26,False
VELO,4,2021-01-29,False
VELO,19,2021-02-22,False
VEM,5,2026-02-11,False
VEM,25,2026-03-12,False
VEM,28,2026-03-17,False
VEMY,10,2022-12-28,False
VENU,3,2024-12-02,False
VENU,17,2024-12-20,False
VEON,2060,2024-03-12,False
VEON,2062,2024-03-14,False
VEON,2281,2025-01-29,False
VERA,2,2021-05-18,False
VERS,4,2022-03-23,False
VERS,6,2022-03-25,False
VERS,20,2022-04-14,False
VERS,22,2022-04-19,False
VERS,322,2023-06-29,False
VERS,453,2024-01-05,False
VERS,713,2025-01-21,False
VERX,2,2020-07-31,False
VERX,5,2020-08-05,False
VETZ,1,2023-08-03,False
VETZ,9,2023-08-15,False
VETZ,15,2023-08-23,False
VETZ,30,2023-09-14,False
VETZ,37,2023-09-25,False
VEXC,5,2025-10-09,False
VEXC,8,2025-10-14,False
VEXC,25,2025-11-06,False
VEXC,30,2025-11-13,False
VEXC,35,2025-11-20,False
VFH,2021,2024-01-16,False
VFL,2027,2024-01-24,False
VFLO,7,2023-07-03,False
VFLO,37,2023-08-15,False
VFLO,201,2024-04-10,False
VFMF,745,2021-02-02,False
VFMO,763,2021-03-01,False
VFQY,742,2021-02-02,False
VFS,1,2021-09-08,False
VFS,9,2021-09-20,False
VFSWW,1,2023-08-16,False
VG,1,2025-01-27,False
VG,5,2025-01-31,False
VGAS,8,2021-10-14,False
VGASW,1,2023-02-14,False
VGHY,8,2025-09-29,False
VGHY,17,2025-10-10,False
VGHY,37,2025-11-07,False
VGLT,2019,2024-01-11,False
VGM,2010,2023-12-28,False
VGMS,8,2025-06-24,False
VGNT,2,2026-03-31,False
VGNT-W,2,2026-03-31,False
VGRO,8,2026-01-06,False
VGRO,10,2026-01-08,False
VGRO,13,2026-01-13,False
VGRO,17,2026-01-20,False
VGRO,22,2026-01-27,False
VGSR,7,2023-12-13,False
VGSR,20,2024-01-03,False
VGSR,22,2024-01-05,False
VGSR,28,2024-01-16,False
VGSR,33,2024-01-23,False
VGUS,8,2025-02-24,False
VGVT,8,2025-07-21,False
VHAI,2,2024-02-28,False
VHCP,7,2026-02-19,False
VHCP,10,2026-02-24,False
VHCP,12,2026-02-26,False
VHCP,15,2026-03-03,False
VHCPW,1,2026-02-10,False
VHCPW,3,2026-02-12,False
VHCPW,7,2026-02-19,False
VHT,1009,2020-01-07,False
VIA,3,2025-09-17,False
VIA,7,2025-09-23,False
VIA,11,2025-09-29,False
VIA,17,2025-10-07,False
VIAV,2488,2025-11-24,False
VICE,805,2021-03-01,False
VICR,1028,2020-02-04,False
VICR,1417,2021-08-19,False
VICR,2539,2026-02-09,False
VIDI,1279,2021-02-02,False
VIK,1,2024-05-02,False
VIK,4,2024-05-07,False
VIK,12,2024-05-17,False
VIK,153,2024-12-09,False
VIK,157,2024-12-13,False
VINC,1,2020-05-28,False
VINC,11,2020-06-17,False
VINP,1,2021-01-29,False
VINP,4,2021-02-03,False
VINP,13,2021-02-17,False
VINP,16,2021-02-22,False
VINP,1236,2025-12-30,False
VIOG,1276,2021-01-28,False
VIOG,1279,2021-02-02,False
VIOG,1292,2021-02-22,False
VIOO,2015,2024-01-05,False
VIOV,2015,2024-01-05,False
VIPS,1777,2023-01-25,False
VIRT,2159,2024-08-02,False
VIST,481,2021-06-23,False
VIST,1178,2024-04-02,False
VIST,1181,2024-04-05,False
VITL,1,2020-08-03,False
VITL,4,2020-08-06,False
VITL,11,2020-08-17,False
VITL,13,2020-08-19,False
VITL,854,2023-12-21,False
VITL,1286,2025-09-15,True
VIV,1583,2022-04-18,False
VIV,1585,2022-04-20,False
VIV,2560,2026-03-11,False
VLGEA,1139,2020-07-14,False
VLGEA,2572,2026-03-27,False
VLLU,1,2024-09-06,False
VLLU,7,2024-09-16,False
VLLU,36,2024-10-25,False
VLN,8,2020-10-05,False
VLN,13,2020-10-12,False
VLN,21,2020-10-23,False
VLN,27,2020-11-02,False
VLN,939,2024-06-24,False
VLN-WT,1,2020-09-24,False
VLO,1472,2021-11-05,False
VLO,2092,2024-04-26,False
VLTO,3,2023-10-02,False
VLTO,14,2023-10-17,False
VLY,2015,2024-01-05,False
VMAR,1,2020-11-25,False
VMC,1900,2023-07-24,False
VMD,1211,2022-12-14,False
VMI,1274,2021-01-26,False
VMI,2424,2025-08-25,False
VMSB,9,2025-12-16,False
VNAM,8,2021-12-21,False
VNAM,24,2022-01-13,False
VNAM,34,2022-01-28,False
VNDA,1006,2020-01-02,False
VNIE,8,2025-05-28,False
VNIE,20,2025-06-13,False
VNIE,22,2025-06-17,False
VNIE,25,2025-06-23,False
VNME,8,2025-09-04,False
VNO,1317,2021-03-29,False
VNO,2226,2024-11-06,False
VNOM,1250,2020-12-18,False
VNOM,1469,2021-11-02,False
VNOM,2183,2024-09-06,False
VNQ,2015,2024-01-05,False
VNSE,1,2020-09-18,False
VNSE,4,2020-09-23,False
VNSE,9,2020-09-30,False
VNSE,26,2020-10-23,False
VNSE,33,2020-11-03,False
VNT,1,2020-09-28,False
VNT,6,2020-10-05,False
VNTG,2,2025-06-16,False
VNTG,8,2025-06-25,False
VNTG,11,2025-06-30,False
VO,1274,2021-01-26,False
VOD,1236,2020-11-30,False
VOD,1545,2022-02-22,False
VOD,2551,2026-02-26,False
VOE,1236,2020-11-30,False
VOLT,3,2024-12-09,False
VOLT,6,2024-12-12,False
VOLT,9,2024-12-17,False
VOLT,16,2024-12-27,False
VOLT,315,2026-03-11,False
VOR,1,2021-02-08,False
VOR,3,2021-02-10,False
VOT,1274,2021-01-26,False
VOTE,7,2021-07-02,False
VOXP,3,2022-11-09,False
VOXP,6,2022-11-14,False
VOXP,24,2022-12-09,False
VOXP,27,2022-12-14,False
VOXR,3,2020-08-07,False
VOXR,5,2020-08-11,False
VOYA,1802,2023-03-02,False
VOYG,1,2025-06-11,False
VOYX,1,2025-09-09,False
VOYX,4,2025-09-12,False
VPL,1272,2021-01-22,False
VPLS,7,2023-12-18,False
VPLS,19,2024-01-05,False
VPLS,22,2024-01-10,False
VPLS,26,2024-01-17,False
VPN,1,2020-10-28,False
VPN,3,2020-10-30,False
VPN,7,2020-11-05,False
VPN,17,2020-11-19,False
VPN,23,2020-11-30,False
VPN,34,2020-12-15,False
VPN,1265,2025-11-10,False
VRAI,473,2020-12-23,False
VRAR,1,2021-07-02,False
VRAX,1,2022-07-22,False
VRNS,1165,2020-08-19,False
VRSK,1866,2023-06-02,False
VRSK,1873,2023-06-13,False
VRSN,2312,2025-03-14,False
VRTL,1,2025-03-26,False
VRTS,2406,2025-07-30,False
VRTX,1514,2022-01-06,False
VRTX,1541,2022-02-15,False
VRTX,2132,2024-06-25,False
VRTX,2134,2024-06-27,False
VSAT,1299,2021-03-03,False
VSCO,1,2021-07-22,False
VSCO,3,2021-07-26,False
VSCO,5,2021-07-28,False
VSCO,862,2024-12-23,False
VSDB,8,2025-04-15,False
VSDM,8,2024-12-04,False
VSDM,22,2024-12-24,False
VSEC,2559,2026-03-10,True
VSECU,5,2026-02-11,False
VSECU,19,2026-03-04,False
VSECU,23,2026-03-10,False
VSEE,1,2024-06-25,False
VSEEW,1,2024-06-25,False
VSH,1279,2021-02-02,False
VSLU,7,2021-05-10,False
VSLU,16,2021-05-21,False
VSME,1,2023-09-28,False
VSNT,4,2025-12-19,False
VSNT,6,2025-12-23,False
VSNT,11,2025-12-31,False
VSOL,2,2025-11-19,False
VSS,1272,2021-01-22,False
VST,1731,2023-08-23,False
VST,1734,2023-08-28,False
VST,1752,2023-09-22,False
VSTD,1,2022-09-12,False
VSTL,2,2025-07-24,False
VSTS,2,2023-09-29,False
VTEC,8,2024-02-09,False
VTEC,11,2024-02-14,False
VTEI,8,2024-02-09,False
VTEI,11,2024-02-14,False
VTEL,8,2025-06-04,False
VTEL,11,2025-06-09,False
VTEL,35,2025-07-15,False
VTEL,37,2025-07-17,False
VTES,8,2023-03-21,False
VTES,30,2023-04-21,False
VTES,32,2023-04-25,False
VTES,35,2023-04-28,False
VTEX,2,2021-07-23,False
VTEX,597,2023-12-04,False
VTEX,599,2023-12-06,False
VTG,8,2025-07-21,False
VTIX,1,2026-01-28,False
VTMX,1,2023-07-03,False
VTMX,3,2023-07-06,False
VTMX,11,2023-07-18,False
VTMX,13,2023-07-20,False
VTMX,16,2023-07-25,False
VTMX,28,2023-08-10,False
VTN,2010,2023-12-28,False
VTOL,2114,2024-05-29,False
VTOL,2116,2024-05-31,False
VTOL,2124,2024-06-12,False
VTP,8,2025-07-21,False
VTR,1579,2022-04-11,False
VTR,2195,2024-09-24,False
VTRS,2028,2024-01-25,False
VTRS,2431,2025-09-04,False
VTS,2,2023-01-12,False
VTWG,1259,2021-01-04,False
VTWG,1277,2021-01-29,False
VTWO,1279,2021-02-02,False
VTWO,2015,2024-01-05,False
VTWV,2015,2024-01-05,False
VUS,7,2025-12-12,False
VUS,11,2025-12-18,False
VUSB,8,2021-04-19,False
VUSG,2,2025-11-20,False
VUSG,7,2025-11-28,False
VUSG,20,2025-12-17,False
VUSG,24,2025-12-23,False
VUSI,8,2025-12-02,False
VUSV,6,2025-11-26,False
VUSV,41,2026-01-20,False
VVOS,1,2020-12-14,False
VVV,1193,2021-06-22,False
VVV,2369,2026-02-27,False
VVX,1250,2020-12-18,False
VWAV,1,2025-07-15,False
VWAV,3,2025-07-17,False
VXF,1277,2021-01-29,False
VYLD,7,2025-03-28,False
VYLD,9,2025-04-01,False
VYLD,11,2025-04-03,False
VZ,2002,2023-12-15,False
WAB,2114,2024-05-29,False
WAB,2222,2024-10-31,False
WABC,1990,2023-11-29,False
WABF,2,2023-09-25,False
WABF,7,2023-10-02,False
WABF,12,2023-10-09,False
WABF,15,2023-10-12,False
WABF,18,2023-10-17,False
WABF,26,2023-10-27,False
WAFD,1316,2021-03-26,False
WAI,1,2023-04-19,False
WAI,6,2023-04-26,False
WAL,1316,2021-03-26,False
WAL,2015,2024-01-05,False
WALD,7,2021-05-21,False
WALD,18,2021-06-08,False
WALD,24,2021-06-16,False
WALD,27,2021-06-21,False
WALDW,1,2021-05-12,False
WANT,747,2021-11-17,False
WAR,5,2025-01-07,False
WAR,7,2025-01-10,False
WAR,25,2025-02-06,False
WAR,29,2025-02-12,False
WAR,37,2025-02-25,False
WAR,132,2025-07-14,False
WAT,1290,2021-02-18,False
WAT,1292,2021-02-22,False
WAT,1750,2022-12-14,False
WAT,2500,2025-12-11,False
WAVE,1,2021-07-02,False
WAY,1,2024-06-10,False
WAY,3,2024-06-12,False
WAY,11,2024-06-25,False
WAY,14,2024-06-28,False
WAY,19,2024-07-08,False
WAY,115,2024-11-20,False
WBD,1253,2020-12-23,False
WBD,2410,2025-08-05,False
WBD,2516,2026-01-06,False
WBI,3,2025-09-22,False
WBI,6,2025-09-25,False
WBI,24,2025-10-21,False
WBI,28,2025-10-27,False
WBIY,1006,2020-12-23,False
WBS,2010,2023-12-28,False
WBTN,1,2024-06-28,False
WBTN,7,2024-07-09,False
WBTN,15,2024-07-19,False
WBUY,1,2023-10-20,False
WBUYD,1,2023-10-20,False
WBX,2,2021-04-21,False
WBX,8,2021-04-29,False
WBX,10,2021-05-03,False
WBX,14,2021-05-07,False
WBX,16,2021-05-11,False
WBX,21,2021-05-18,False
WBX,26,2021-05-25,False
WCAP,8,2025-09-23,False
WCAP,18,2025-10-07,False
WCAP,20,2025-10-09,False
WCAP,25,2025-10-16,False
WCAP,28,2025-10-21,False
WCBR,4,2021-02-03,False
WCBR,12,2021-02-16,False
WCBR,15,2021-02-19,False
WCBR,21,2021-03-01,False
WCBR,740,2024-01-08,False
WCEO,6,2023-01-18,False
WCEO,27,2023-02-16,False
WCEO,29,2023-02-21,False
WCEO,35,2023-03-01,False
WCLD,194,2020-06-15,False
WCLD,1329,2024-12-17,False
WCME,1,2024-10-08,False
WCME,6,2024-10-15,False
WCME,9,2024-10-18,False
WCME,14,2024-10-25,False
WCME,19,2024-11-01,False
WCME,24,2024-11-08,False
WCMI,1,2024-10-08,False
WCMI,8,2024-10-17,False
WCMI,11,2024-10-22,False
WCMI,14,2024-10-25,False
WCMI,17,2024-10-30,False
WCMI,20,2024-11-04,False
WCMI,24,2024-11-08,False
WCMI,26,2024-11-12,False
WCMI,30,2024-11-18,False
WCN,1679,2022-09-02,False
WCN,2053,2024-03-01,False
WCPB,8,2025-08-25,False
WCPB,31,2025-09-26,False
WCT,1,2024-10-03,False
WD,1491,2021-12-03,False
WD,1905,2023-07-31,False
WD,2017,2024-01-09,False
WDAF,4,2025-09-18,False
WDAF,8,2025-09-24,False
WDAF,12,2025-09-30,False
WDAF,27,2025-10-21,False
WDAY,2014,2024-01-04,False
WDC,1029,2020-02-05,False
WDC,2037,2024-02-07,False
WDC,2416,2025-08-13,False
WDC,2418,2025-08-15,False
WDCX,1,2026-01-28,False
WDEF,5,2025-07-24,False
WDEF,13,2025-08-05,False
WDEF,15,2025-08-07,False
WDEF,21,2025-08-15,False
WDEF,23,2025-08-19,False
WDFC,1235,2020-11-27,False
WDFC,1998,2023-12-11,False
WDFC,2000,2023-12-13,False
WDGF,7,2025-09-23,False
WDGF,23,2025-10-15,False
WDGF,28,2025-10-22,False
WDGF,102,2026-02-09,False
WDGF,107,2026-02-17,False
WDH,1,2021-05-10,False
WDI,8,2021-07-08,False
WDI,11,2021-07-13,False
WDI,36,2021-08-17,False
WDNA,5,2021-06-10,False
WDNA,14,2021-06-23,False
WDNA,26,2021-07-12,False
WDNA,31,2021-07-19,False
WDNA,33,2021-07-21,False
WDNA,1106,2025-10-28,False
WDS,2582,2026-04-14,False
WDTE,2,2023-09-21,False
WDTE,5,2023-09-26,False
WDTE,10,2023-10-03,False
WDTE,26,2023-10-25,False
WEAV,1,2021-11-12,False
WEAV,3,2021-11-16,False
WEC,1350,2021-05-14,False
WEC,2312,2025-03-14,False
WEED,1,2022-04-21,False
WEED,3,2022-04-25,False
WEEI,8,2024-05-13,False
WEEI,15,2024-05-22,False
WEEI,19,2024-05-29,False
WEEI,22,2024-06-03,False
WEEI,27,2024-06-10,False
WEEK,8,2025-03-18,False
WEEL,8,2024-05-29,False
WEEL,12,2024-06-04,False
WELL,1405,2021-08-03,False
WELL,2203,2024-10-04,False
WEN,1757,2022-12-23,False
WENN,8,2025-07-17,False
WENN,18,2025-07-31,False
WENN,26,2025-08-12,False
WENN,28,2025-08-14,False
WENN,32,2025-08-20,False
WENNU,4,2025-05-21,False
WENNU,6,2025-05-23,False
WENNU,29,2025-06-27,False
WENNU,33,2025-07-03,False
WENNU,35,2025-07-08,False
WEST,8,2021-10-29,False
WETO,1,2025-02-27,False
WETO,7,2025-03-07,False
WEX,2053,2024-03-01,False
WF,2397,2025-07-25,False
WF,2400,2025-07-30,False
WFC,2010,2023-12-28,False
WFC,2025,2024-01-22,False
WFC,2080,2024-04-10,False
WFCF,2460,2025-10-15,False
WFF,2,2025-03-28,False
WFG,1562,2023-07-26,False
WFRD,1940,2023-09-27,False
WGMI,1,2022-02-08,False
WGMI,3,2022-02-10,False
WGMI,13,2022-02-25,False
WGRX,2,2025-02-21,False
WGS,2,2020-11-13,False
WGS,6,2020-11-23,False
WGS,10,2020-11-30,False
WGS,36,2021-01-07,False
WGSWW,3,2023-01-12,False
WHD,1019,2022-02-25,False
WHD,1394,2023-08-24,False
WHF,1255,2020-12-28,False
WHF,1320,2021-04-01,False
WHR-P-A,1,2026-02-26,False
WHR-P-A,7,2026-03-06,False
WHR-P-A,11,2026-03-12,False
WHR-P-A,13,2026-03-16,False
WHR-P-A,15,2026-03-18,False
WIMI,1,2020-04-02,False
WIMI,6,2020-04-09,False
WIMI,10,2020-04-16,False
WIMI,20,2020-04-30,False
WINA,1492,2021-12-06,False
WINA,1849,2023-05-09,False
WINA,2367,2025-06-03,False
WINA,2373,2025-06-11,False
WINN,4,2022-02-09,False
WINN,17,2022-03-01,False
WINVR,2,2021-10-06,False
WINVW,2,2021-10-12,False
WISD,8,2025-11-17,False
WISE,6,2023-12-18,False
WISE,22,2024-01-11,False
WIT,1211,2020-10-23,False
WIT,1279,2021-02-02,False
WIT,1281,2021-02-04,False
WIT,2033,2024-02-01,False
WIX,2018,2024-01-10,False
WK,1137,2020-07-10,False
WK,2264,2025-01-02,False
WKC,2210,2024-10-15,False
WLAC,8,2025-01-13,False
WLAC,206,2025-10-27,False
WLACU,8,2024-11-19,False
WLDS,2,2022-09-15,False
WLDSW,2,2022-09-15,False
WLDU,8,2026-03-02,False
WLDU,16,2026-03-12,False
WLDU,20,2026-03-18,False
WLDU,24,2026-03-24,False
WLDU,26,2026-03-26,False
WLFC,1757,2022-12-23,False
WLFC,2118,2024-06-04,False
WLFC,2222,2024-10-31,False
WLII,1,2026-04-07,False
WLII,6,2026-04-14,False
WLIIU,8,2026-02-25,False
WLIIU,36,2026-04-07,False
WLIIW,1,2026-04-08,False
WLTG,4,2021-12-13,False
WLTG,7,2021-12-16,False
WLTG,20,2022-01-05,False
WLTG,26,2022-01-13,False
WLTH,2,2025-12-15,False
WLTH,6,2025-12-19,False
WLTH,10,2025-12-26,False
WMB,1469,2021-11-02,False
WMB,2250,2024-12-11,False
WMB,2561,2026-03-12,False
WMB,2565,2026-03-18,False
WMG,5,2020-06-10,False
WMG,18,2020-06-29,False
WMG,25,2020-07-09,False
WMG,813,2023-08-25,False
WMSB,8,2025-11-17,False
WMTI,7,2025-11-13,False
WMTI,33,2025-12-22,False
WMTI,37,2025-12-29,False
WNC,2010,2023-12-28,False
WNEB,2024,2024-01-19,False
WNEB,2436,2025-09-11,False
WNTR,2,2025-03-31,False
WNW,1,2020-12-16,False
WOK,2,2024-08-27,False
WOOD,1180,2020-09-10,False
WOOD,1259,2021-01-04,False
WOOD,1281,2021-02-04,False
WOOF,1,2021-01-15,False
WOOF,5,2021-01-22,False
WOOF,7,2021-01-26,False
WOOF,13,2021-02-03,False
WOOF,15,2021-02-05,False
WOR,2017,2024-01-09,False
WOR,2019,2024-01-11,False
WPAC-R,8,2026-03-09,False
WPAC-UN,8,2026-02-12,False
WPAC-UN,17,2026-02-26,False
WPAC-UN,25,2026-03-11,False
WPP,1750,2022-12-14,False
WRBY,1,2021-09-30,False
WRBY,4,2021-10-05,False
WRBY,9,2021-10-12,False
WRBY,26,2021-11-04,False
WRD,2,2024-10-29,False
WRD,9,2024-11-07,False
WRND,2,2022-02-10,False
WRND,7,2022-02-17,False
WRND,13,2022-02-28,False
WRND,16,2022-03-03,False
WRND,20,2022-03-09,False
WS,1,2023-11-30,False
WS,559,2026-02-24,False
WSBC,2015,2024-01-05,False
WSBF,2015,2024-01-05,False
WSBF,2017,2024-01-09,False
WSBF,2024,2024-01-19,False
WSBK,1,2025-05-02,False
WSBK,5,2025-05-08,False
WSBK,9,2025-05-14,False
WSBK,12,2025-05-19,False
WSBK,14,2025-05-21,False
WSBK,212,2026-03-06,False
WSBK,215,2026-03-11,False
WSBK,220,2026-03-18,False
WSDB,8,2026-04-14,False
WSFS,2546,2026-02-19,False
WSGE,3,2025-12-12,False
WSGE,6,2025-12-17,False
WSGE,8,2025-12-19,False
WSGE,27,2026-01-20,False
WSHP,1,2025-11-17,False
WSM,2010,2023-12-28,False
WSML,1,2025-04-04,False
WSML,5,2025-04-10,False
WSO,1802,2023-03-02,False
WSO,2553,2026-03-02,False
WSO-B,1353,2021-05-19,False
WST,1172,2020-08-28,False
WST,1437,2021-09-17,False
WST,1440,2021-09-22,False
WT,1862,2023-05-26,False
WT,2087,2024-04-19,False
WT,2411,2025-08-06,False
WT,2541,2026-02-11,False
WTAI,2,2021-12-13,False
WTAI,5,2021-12-16,False
WTAI,7,2021-12-20,False
WTAI,9,2021-12-22,False
WTAI,24,2022-01-13,False
WTAI,26,2022-01-18,False
WTAI,984,2025-11-11,False
WTBA,1316,2021-03-26,False
WTBN,10,2024-01-05,False
WTBN,13,2024-01-10,False
WTBN,17,2024-01-17,False
WTBN,22,2024-01-24,False
WTBN,24,2024-01-26,False
WTBN,37,2024-02-14,False
WTF,1,2025-04-02,False
WTFC,2010,2023-12-28,False
WTFC,2015,2024-01-05,False
WTGUU,8,2025-06-10,False
WTIB,1,2025-12-11,False
WTIB,10,2025-12-24,False
WTID,1,2023-02-16,False
WTID,3,2023-02-21,False
WTID,13,2023-03-07,False
WTID,15,2023-03-09,False
WTIP,8,2025-07-01,False
WTIP,28,2025-07-30,False
WTIP,35,2025-08-08,False
WTIP,37,2025-08-12,False
WTIU,1,2023-02-16,False
WTIU,6,2023-02-24,False
WTIU,296,2024-04-22,False
WTLS,7,2026-02-03,False
WTLS,13,2026-02-11,False
WTLS,20,2026-02-23,False
WTLS,37,2026-03-18,False
WTM,1625,2022-06-16,False
WTMU,2,2025-04-07,False
WTMU,8,2025-04-15,False
WTMU,10,2025-04-17,False
WTMY,2,2025-04-07,False
WTMY,11,2025-04-21,False
WTO,8,2021-04-16,False
WTRE,2015,2024-01-05,False
WTRE,2469,2025-10-28,False
WTRE,2473,2025-11-03,False
WTRG,1248,2020-12-16,False
WTS,1192,2020-09-28,False
WTS,1194,2020-09-30,False
WTS,1441,2021-09-23,False
WTS,2553,2026-03-02,False
WTTR,1795,2024-06-10,False
WTW,1358,2021-05-26,False
WTW,1755,2022-12-21,False
WUGI,1,2020-04-01,False
WUGI,5,2020-04-07,False
WUGI,816,2023-06-28,False
WUGI,818,2023-06-30,False
WUGI,821,2023-07-06,False
WULX,2,2025-10-27,False
WVVI,1297,2021-03-03,False
WVVI,1465,2021-10-29,False
WW,1,2025-06-30,False
WWD,2125,2024-06-13,False
WWD,2559,2026-03-10,False
WWW,2124,2024-06-12,False
WXET,1,2024-12-16,False
WXET,7,2024-12-24,False
WXET,9,2024-12-27,False
WXM,1,2025-04-02,False
WY,1912,2023-08-09,False
WYFI,1,2025-08-08,False
WYFI,14,2025-08-27,False
WYHG,2,2024-11-27,False
WYNN,1800,2023-02-28,False
WYNN,2047,2024-02-22,False
WYNN,2216,2024-10-23,False
WYNN,2436,2025-09-11,False
WZRD,8,2025-07-08,False
WZRD,29,2025-08-06,False
WZRD,33,2025-08-12,False
WZRD,35,2025-08-14,False
XAGE,2,2021-09-27,False
XAGE,8,2021-10-05,False
XAGE,23,2021-10-26,False
XAGG,8,2025-11-20,False
XAIL,1,2026-04-09,False
XAIX,1,2024-08-05,False
XAIX,7,2024-08-13,False
XAIX,21,2024-09-03,False
XAIX,24,2024-09-06,False
XAIX,26,2024-09-10,False
XAPR,8,2024-05-02,False
XAR,1253,2020-12-23,False
XAR,1256,2020-12-29,False
XAUG,8,2023-08-31,False
XAUG,26,2023-09-27,False
XAUG,28,2023-09-29,False
XAUG,32,2023-10-05,False
XB,9,2022-06-09,False
XB,14,2022-06-16,False
XB,18,2022-06-23,False
XB,24,2022-07-01,False
XBAP,8,2021-04-14,False
XBAP,29,2021-05-13,False
XBAP,34,2021-05-20,False
XBB,5,2022-06-03,False
XBB,9,2022-06-09,False
XBB,14,2022-06-16,False
XBB,18,2022-06-23,False
XBFR,12,2026-03-12,False
XBFR,20,2026-03-24,False
XBFR,22,2026-03-26,False
XBFR,25,2026-03-31,False
XBI,1006,2020-01-02,False
XBI,1009,2020-01-07,False
XBI,1260,2021-01-05,False
XBI,1262,2021-01-07,False
XBI,2021,2024-01-16,False
XBI,2025,2024-01-22,False
XBI,2027,2024-01-24,False
XBI,2478,2025-11-10,False
XBIL,8,2023-03-17,False
XBJA,2,2022-01-05,False
XBJA,10,2022-01-18,False
XBJA,12,2022-01-20,False
XBJA,19,2022-01-31,False
XBJL,8,2021-07-14,False
XBJL,11,2021-07-19,False
XBOC,8,2021-10-12,False
XBP,4,2021-05-11,False
XBP,7,2021-05-14,False
XBP,11,2021-05-20,False
XBP,15,2021-05-26,False
XBP,19,2021-06-02,False
XBP,28,2021-06-15,False
XBPEW,1,2025-04-23,False
XBTY,7,2025-05-22,False
XBTY,15,2025-06-04,False
XBTY,18,2025-06-09,False
XC,1,2022-09-23,False
XC,5,2022-09-29,False
XC,9,2022-10-05,False
XC,13,2022-10-11,False
XC,19,2022-10-19,False
XCBE,9,2026-03-26,False
XCBEU,8,2026-02-02,False
XCBEW,1,2026-03-16,False
XCCC,9,2022-06-09,False
XCCC,14,2022-06-16,False
XCCC,18,2022-06-23,False
XCCC,24,2022-07-01,False
XCCC,27,2022-07-07,False
XCEM,1274,2021-01-26,False
XCH,2,2024-09-11,False
XCHG,2,2025-12-17,False
XCHG,8,2025-12-26,False
XCHG,23,2026-01-20,False
XCHG,26,2026-01-23,False
XCHG,31,2026-01-30,False
XCLR,7,2021-04-06,False
XCLR,27,2021-05-04,False
XCLR,35,2021-05-14,False
XCNY,1,2024-09-06,False
XCNY,8,2024-09-17,False
XCNY,20,2024-10-03,False
XCNY,26,2024-10-11,False
XCNY,35,2024-10-24,False
XCOR,2,2022-10-19,False
XCOR,7,2022-10-26,False
XCOR,37,2022-12-08,False
XDAT,7,2021-01-26,False
XDAT,25,2021-02-22,False
XDAT,27,2021-02-24,False
XDAT,31,2021-03-02,False
XDAT,143,2021-08-10,False
XDEC,8,2021-12-30,False
XDEC,16,2022-01-11,False
XDEC,26,2022-01-26,False
XDEC,29,2022-01-31,False
XDEF,2,2026-02-19,False
XDIV,8,2025-07-22,False
XDIV,16,2025-08-01,False
XDIV,18,2025-08-05,False
XDIV,20,2025-08-07,False
XDNA,6,2022-01-12,False
XDNA,15,2022-01-26,False
XDQQ,7,2021-04-13,False
XDQQ,22,2021-05-04,False
XDQQ,26,2021-05-10,False
XDQQ,31,2021-05-17,False
XDQQ,33,2021-05-19,False
XDSQ,8,2021-04-14,False
XDSQ,33,2021-05-19,False
XDTE,8,2024-03-19,False
XDTE,19,2024-04-04,False
XDTE,21,2024-04-08,False
XDTE,25,2024-04-12,False
XDTE,28,2024-04-17,False
XDTE,34,2024-04-25,False
XELLL,8,2025-10-20,False
XEMD,9,2022-07-14,False
XEMD,13,2022-07-20,False
XEMD,37,2022-08-23,False
XEML,8,2026-01-06,False
XEML,17,2026-01-20,False
XES,1564,2022-03-21,False
XES,1918,2023-08-17,False
XES,2559,2026-03-10,False
XFEB,8,2024-03-01,False
XFEB,31,2024-04-04,False
XFEB,37,2024-04-12,False
XFIV,6,2022-09-23,False
XFIV,12,2022-10-03,False
XFIV,14,2022-10-05,False
XFIV,18,2022-10-11,False
XFIV,25,2022-10-20,False
XFLH-R,8,2026-03-19,False
XFLX,12,2023-10-25,False
XFLX,14,2023-10-27,False
XGN,1497,2025-09-04,False
XHB,2015,2024-01-05,False
XHB,2017,2024-01-09,False
XHB,2019,2024-01-11,False
XHE,2019,2024-01-11,False
XHLD,1,2025-02-14,False
XHLF,8,2022-09-27,False
XHYC,8,2022-03-02,False
XHYC,15,2022-03-11,False
XHYC,19,2022-03-17,False
XHYD,8,2022-03-02,False
XHYD,10,2022-03-04,False
XHYD,14,2022-03-10,False
XHYD,19,2022-03-17,False
XHYD,22,2022-03-22,False
XHYE,7,2022-03-01,False
XHYE,16,2022-03-14,False
XHYE,18,2022-03-16,False
XHYE,22,2022-03-22,False
XHYF,8,2022-03-02,False
XHYF,11,2022-03-07,False
XHYF,15,2022-03-11,False
XHYF,19,2022-03-17,False
XHYH,8,2022-03-02,False
XHYH,14,2022-03-10,False
XHYH,19,2022-03-17,False
XHYH,22,2022-03-22,False
XHYI,8,2022-03-02,False
XHYI,11,2022-03-07,False
XHYI,19,2022-03-17,False
XHYT,8,2022-03-02,False
XHYT,14,2022-03-10,False
XHYT,18,2022-03-16,False
XIDE,8,2023-12-29,False
XIDV,6,2025-01-31,False
XIDV,8,2025-02-04,False
XIDV,45,2025-03-28,False
XIFR,1049,2020-03-05,False
XIFR,1167,2020-08-21,False
XIFR,1287,2021-02-12,False
XIJN,8,2024-07-05,False
XIJN,28,2024-08-02,False
XIJN,32,2024-08-08,False
XIMR,8,2024-04-01,False
XIMR,19,2024-04-16,False
XIMR,22,2024-04-19,False
XISE,8,2023-09-28,False
XISE,11,2023-10-03,False
XISE,27,2023-10-25,False
XISE,30,2023-10-30,False
XITK,2246,2024-12-17,False
XJAN,8,2024-02-01,False
XJH,4,2020-09-30,False
XJH,19,2020-10-21,False
XJH,22,2020-10-26,False
XJH,27,2020-11-02,False
XJH,29,2020-11-04,False
XJH,84,2021-01-26,False
XJH,89,2021-02-02,False
XJR,5,2020-10-01,False
XJR,22,2020-10-26,False
XJR,26,2020-10-30,False
XJR,29,2020-11-04,False
XJR,105,2021-02-25,False
XJR,825,2024-01-05,False
XJUL,9,2023-08-04,False
XJUL,11,2023-08-08,False
XJUL,21,2023-08-22,False
XJUL,24,2023-08-25,False
XJUN,8,2021-07-23,False
XKFS,779,2021-02-02,False
XKII,774,2021-01-26,False
XKII,781,2021-02-04,False
XLBI,1,2025-07-31,False
XLBI,8,2025-08-11,False
XLBI,36,2025-09-19,False
XLC,1433,2024-02-29,False
XLCI,8,2025-08-11,False
XLE,1544,2022-02-18,False
XLE,2090,2024-04-24,False
XLEI,2,2025-08-01,False
XLEI,5,2025-08-06,False
XLEI,10,2025-08-13,False
XLF,2021,2024-01-16,False
XLFI,1,2025-07-31,False
XLFI,6,2025-08-07,False
XLFI,8,2025-08-11,False
XLII,8,2025-08-11,False
XLII,26,2025-09-05,False
XLKI,1,2025-07-31,False
XLKI,8,2025-08-11,False
XLKI,16,2025-08-21,False
XLKI,19,2025-08-26,False
XLKI,22,2025-08-29,False
XLO,3,2021-10-27,False
XLO,5,2021-10-29,False
XLRE,2018,2024-01-10,False
XLRI,1,2025-07-31,False
XLRI,9,2025-08-12,False
XLRI,13,2025-08-18,False
XLSI,7,2025-08-08,False
XLSI,18,2025-08-25,False
XLSI,26,2025-09-05,False
XLSI,29,2025-09-10,False
XLSI,32,2025-09-15,False
XLUI,8,2025-08-11,False
XLUI,19,2025-08-26,False
XLUI,28,2025-09-09,False
XLVI,1,2025-07-31,False
XLVI,5,2025-08-06,False
XLVI,9,2025-08-12,False
XLY,1480,2021-11-17,False
XLY,1903,2023-07-27,False
XLYI,1,2025-07-31,False
XLYI,8,2025-08-11,False
XMAG,8,2024-10-31,False
XMAG,11,2024-11-05,False
XMAG,21,2024-11-19,False
XMAG,37,2024-12-12,False
XMAR,8,2023-03-30,False
XMAY,8,2024-05-31,False
XME,1270,2021-01-20,False
XME,2408,2025-08-01,False
XME,2411,2025-08-06,False
XME,2422,2025-08-21,False
XME,2468,2025-10-27,False
XMHQ,1274,2021-01-26,False
XMHQ,1279,2021-02-02,False
XMHQ,2076,2024-04-04,False
XMHQ,2080,2024-04-10,False
XMTR,1,2021-07-01,False
XNAV,7,2022-10-26,False
XNAV,37,2022-12-08,False
XNCR,1794,2023-02-17,False
XNDU,1,2026-03-24,False
XNOV,8,2023-12-01,False
XNTK,1883,2023-06-28,False
XNTK,1888,2023-07-06,False
XNTK,2479,2025-11-11,False
XOCT,8,2023-11-02,False
XOEF,4,2025-07-15,False
XOEF,8,2025-07-21,False
XOEF,23,2025-08-11,False
XOEX,4,2022-11-15,False
XOEX,6,2022-11-17,False
XOEX,12,2022-11-28,False
XOEX,28,2022-12-20,False
XOEX,32,2022-12-27,False
XOM,1540,2022-02-14,False
XOM,1544,2022-02-18,False
XOM,1548,2022-02-25,False
XOM,2090,2024-04-24,False
XOMO,7,2023-09-12,False
XOMO,18,2023-09-27,False
XOMO,21,2023-10-02,False
XOMO,27,2023-10-10,False
XOMO,619,2026-02-20,False
XOMO,622,2026-02-25,False
XOMX,4,2025-04-29,False
XOMX,12,2025-05-09,False
XOMZ,1,2025-04-24,False
XOMZ,7,2025-05-02,False
XOMZ,19,2025-05-20,False
XOMZ,31,2025-06-06,False
XONE,8,2022-09-27,False
XOP,2090,2024-04-24,False
XOS,4,2020-12-14,False
XOS,8,2020-12-18,False
XOS,36,2021-02-01,False
XOSWW,1,2020-12-08,False
XP,919,2023-08-08,False
XPAY,6,2024-11-08,False
XPAY,16,2024-11-22,False
XPAY,33,2024-12-18,False
XPAY,35,2024-12-20,False
XPEG,1,2026-01-16,False
XPER,1,2022-09-30,False
XPEV,2,2020-08-31,False
XPEV,10,2020-09-11,False
XPH,1011,2020-01-09,False
XPH,1024,2020-01-29,False
XPH,1027,2020-02-03,False
XPH,2028,2024-01-25,False
XPND,7,2021-06-24,False
XPND,24,2021-07-20,False
XPO,1921,2023-08-22,False
XPO,2052,2024-02-29,False
XPO,2235,2024-11-19,False
XPOF,3,2021-07-27,False
XPOF,7,2021-08-02,False
XPOF,9,2021-08-04,False
XPOF,11,2021-08-06,False
XPON,1,2022-04-04,False
XQQI,1,2026-02-03,False
XQQI,8,2026-02-12,False
XQQI,10,2026-02-17,False
XQQI,14,2026-02-23,False
XQQI,25,2026-03-10,False
XRLX,7,2023-10-18,False
XRLX,12,2023-10-25,False
XRLX,16,2023-10-31,False
XRMI,8,2021-09-08,False
XRMI,18,2021-09-22,False
XRMI,22,2021-09-28,False
XRMI,24,2021-09-30,False
XRMI,26,2021-10-04,False
XRMI,28,2021-10-06,False
XRMI,30,2021-10-08,False
XRN,1893,2024-01-05,False
XRN-P-A,9,2026-02-02,False
XRN-P-A,12,2026-02-05,False
XRN-P-A,28,2026-03-02,False
XRN-P-A,34,2026-03-10,False
XRN-P-B,10,2026-02-04,False
XRN-P-B,12,2026-02-06,False
XRN-P-B,22,2026-02-23,False
XRN-P-B,26,2026-02-27,False
XRN-P-B,34,2026-03-11,False
XRN-PB,1,2025-11-17,False
XRN-PB,3,2025-11-19,False
XRN-PB,7,2025-11-25,False
XRN-PB,19,2025-12-12,False
XRN-PB,33,2026-01-05,False
XRP,1,2025-11-21,False
XRPC,1,2025-11-14,False
XRPI,1,2025-05-23,False
XRPI,8,2025-06-04,False
XRPK,2,2025-12-04,False
XRPK,6,2025-12-10,False
XRPM,1,2025-11-19,False
XRPN,8,2025-07-07,False
XRPR,1,2025-09-19,False
XRPR,4,2025-09-24,False
XRPR,9,2025-10-01,False
XRPT,1,2025-05-23,False
XRPZ,1,2025-11-25,False
XRPZ,3,2025-11-28,False
XRPZ,7,2025-12-04,False
XRXDW,1,2026-02-17,False
XSD,1279,2021-02-02,False
XSEP,1,2022-09-23,False
XSEP,5,2022-09-29,False
XSEP,8,2022-10-04,False
XSEP,14,2022-10-12,False
XSEP,19,2022-10-19,False
XSHQ,957,2021-02-02,False
XSHQ,973,2021-02-25,False
XSLL,8,2026-03-30,False
XSLLU,12,2026-02-10,False
XSLLW,1,2026-03-19,False
XSLV,1275,2021-01-27,False
XSMO,1279,2021-02-02,False
XSPI,1,2026-02-03,False
XSPI,8,2026-02-12,False
XSPI,10,2026-02-17,False
XSPI,14,2026-02-23,False
XSPI,20,2026-03-03,False
XSPI,22,2026-03-05,False
XSPI,26,2026-03-11,False
XSVN,5,2022-09-22,False
XSVN,7,2022-09-26,False
XSVN,11,2022-09-30,False
XSVN,13,2022-10-04,False
XSVN,19,2022-10-12,False
XSVN,24,2022-10-19,False
XSVN,26,2022-10-21,False
XSW,1261,2021-01-06,False
XSW,2260,2024-12-26,False
XT,1279,2021-02-02,False
XTAP,7,2021-04-13,False
XTAP,27,2021-05-11,False
XTAP,34,2021-05-20,False
XTEN,5,2022-09-22,False
XTEN,7,2022-09-26,False
XTEN,12,2022-10-03,False
XTEN,14,2022-10-05,False
XTEN,24,2022-10-19,False
XTJA,2,2022-01-05,False
XTJA,8,2022-01-13,False
XTJA,10,2022-01-18,False
XTJA,15,2022-01-25,False
XTJA,18,2022-01-28,False
XTJL,8,2021-07-14,False
XTJL,10,2021-07-16,False
XTJL,12,2021-07-20,False
XTJL,34,2021-08-19,False
XTL,1294,2021-02-24,False
XTL,1297,2021-03-01,False
XTL,2406,2025-07-30,False
XTL,2408,2025-08-01,False
XTL,2464,2025-10-21,False
XTN,1316,2021-03-26,False
XTN,1911,2023-08-08,False
XTN,2238,2024-11-22,False
XTOC,1,2021-10-04,False
XTOC,8,2021-10-13,False
XTR,8,2021-09-08,False
XTR,15,2021-09-17,False
XTR,18,2021-09-22,False
XTR,20,2021-09-24,False
XTR,22,2021-09-28,False
XTR,24,2021-09-30,False
XTR,26,2021-10-04,False
XTR,28,2021-10-06,False
XTRE,11,2022-09-30,False
XTRE,25,2022-10-20,False
XTWO,8,2022-09-27,False
XTWY,5,2022-09-22,False
XTWY,7,2022-09-26,False
XTWY,12,2022-10-03,False
XTWY,14,2022-10-05,False
XTWY,19,2022-10-12,False
XTWY,332,2024-01-11,False
XUDV,6,2025-01-31,False
XUDV,11,2025-02-07,False
XUDV,14,2025-02-12,False
XUDV,24,2025-02-27,False
XUDV,26,2025-03-03,False
XUDV,30,2025-03-07,False
XUDV,35,2025-03-14,False
XUSP,6,2022-08-19,False
XUSP,11,2022-08-26,False
XUSP,16,2022-09-02,False
XUSP,19,2022-09-08,False
XUSP,27,2022-09-20,False
XV,3,2025-04-21,False
XV,7,2025-04-25,False
XV,25,2025-05-21,False
XV,28,2025-05-27,False
XVOL,8,2021-05-04,False
XVOL,21,2021-05-21,False
XVV,6,2020-10-02,False
XVV,22,2020-10-26,False
XVV,28,2020-11-03,False
XXI,8,2024-08-23,False
XXRP,1,2025-04-09,False
XXV,5,2025-11-25,False
XXV,7,2025-11-28,False
XXV,20,2025-12-17,False
XXV,34,2026-01-08,False
XXX,2,2026-02-03,False
XXX,7,2026-02-10,False
XXX,9,2026-02-12,False
XXX,13,2026-02-19,False
XXX,15,2026-02-23,False
XXX,20,2026-03-02,False
XXX,23,2026-03-05,False
XXX,26,2026-03-10,False
XXXX,1,2023-12-05,False
XYL,1194,2020-09-30,False
XYL,2017,2024-01-09,False
XYL,2023,2024-01-18,False
XYL,2063,2024-03-15,False
XYLG,2,2020-09-23,False
XYLG,7,2020-09-30,False
XYLG,25,2020-10-26,False
XYLG,31,2020-11-03,False
XYZG,2,2025-04-08,False
XYZY,1,2023-10-12,False
XYZY,5,2023-10-18,False
XYZY,8,2023-10-23,False
XYZY,15,2023-11-01,False
XZO,1,2025-11-06,False
YAAS,1,2024-12-23,False
YALA,1,2020-10-01,False
YALL,3,2022-10-14,False
YALL,5,2022-10-18,False
YALL,45,2022-12-14,False
YALL,202,2023-08-02,False
YALL,205,2023-08-07,False
YALL,374,2024-04-09,False
YB,2,2025-05-01,False
YB,7,2025-05-08,False
YB,10,2025-05-13,False
YB,12,2025-05-15,False
YBIT,1,2024-04-24,False
YBIT,4,2024-04-29,False
YBIT,9,2024-05-06,False
YBMN,1,2025-11-26,False
YBMN,3,2025-12-01,False
YBST,1,2025-12-17,False
YBST,7,2025-12-26,False
YBST,15,2026-01-08,False
YBST,22,2026-01-20,False
YBST,26,2026-01-26,False
YBTC,2,2024-01-22,False
YBTC,7,2024-01-29,False
YBTC,56,2024-04-09,False
YBTY,1,2025-12-17,False
YBTY,5,2025-12-23,False
YBTY,14,2026-01-07,False
YBTY,24,2026-01-22,False
YCS,1600,2022-05-11,False
YCS,1603,2022-05-16,False
YCY-U,8,2025-10-13,False
YCY-U,23,2025-11-03,False
YCY-U,37,2025-11-21,False
YCY-WS,8,2025-11-07,False
YDDL,1,2025-10-10,False
YDEC,8,2021-01-04,False
YDEC,26,2021-01-29,False
YDEC,28,2021-02-02,False
YDEC,30,2021-02-04,False
YDES,1,2025-08-27,False
YEAR,8,2022-09-26,False
YELP,1878,2023-06-21,False
YELP,1923,2023-08-24,False
YETH,1,2024-09-05,False
YETH,5,2024-09-11,False
YETH,8,2024-09-16,False
YETH,22,2024-10-04,False
YETI,1822,2026-01-28,False
YFFI,1,2025-01-03,False
YFFI,9,2025-01-16,False
YFYA,8,2025-02-12,False
YGLD,2,2024-12-05,False
YGLD,7,2024-12-12,False
YGLD,10,2024-12-17,False
YGLD,16,2024-12-26,False
YGMZF,1,2020-10-22,False
YGMZF,7,2020-10-30,False
YGMZF,9,2020-11-03,False
YGMZF,12,2020-11-06,False
YHC,1,2023-08-11,False
YHNA,9,2024-11-20,False
YHNAR,1,2024-11-13,False
YHNAU,8,2024-09-24,False
YIBO,1,2024-01-26,False
YJUN,8,2021-07-01,False
YJUN,13,2021-07-09,False
YJUN,19,2021-07-19,False
YLCO,1271,2021-01-21,False
YLCO,1274,2021-01-26,False
YLDW,8,2025-12-24,False
YLDW,24,2026-01-20,False
YMAG,1,2024-01-31,False
YMAG,6,2024-02-07,False
YMAG,32,2024-03-15,False
YMAR,8,2021-04-01,False
YMAR,28,2021-04-30,False
YMAR,30,2021-05-04,False
YMAT,2,2025-08-01,False
YMAX,7,2024-01-26,False
YMAX,40,2024-03-14,False
YMM,1,2021-06-23,False
YMT,1,2025-08-20,False
YNOT,8,2025-07-22,False
YNOT,16,2025-08-01,False
YNOT,28,2025-08-19,False
YNOT,33,2025-08-26,False
YNOT,36,2025-08-29,False
YOKE,5,2025-03-03,False
YOKE,8,2025-03-06,False
YOKE,10,2025-03-10,False
YOKE,18,2025-03-20,False
YOKE,24,2025-03-28,False
YOLO,417,2020-12-11,False
YOOV,1,2026-03-09,False
YOOV,5,2026-03-13,False
YOOV,20,2026-04-06,False
YOU,4,2021-06-29,False
YOUL,1,2025-07-11,False
YPF,1376,2021-06-22,False
YPF,2261,2024-12-27,False
YQ,1,2020-12-07,False
YQQQ,2,2024-08-19,False
YQQQ,8,2024-08-27,False
YQQQ,24,2024-09-19,False
YQQQ,26,2024-09-23,False
YQQQ,31,2024-09-30,False
YSEP,6,2021-09-28,False
YSEP,14,2021-10-08,False
YSG,2,2020-11-23,False
YSPY,1,2025-02-27,False
YSPY,3,2025-03-03,False
YSPY,11,2025-03-13,False
YSPY,15,2025-03-19,False
YSS,1,2026-01-30,False
YSXT,1,2024-12-19,False
YUM,2313,2025-03-17,False
YUMC,2015,2024-10-21,False
YXT,1,2024-08-19,False
YYGH,1,2024-04-23,False
YYYM,8,2026-03-20,False
YYYM,10,2026-03-24,False
YYYM,12,2026-03-26,False
YYYM,16,2026-04-01,False
YYYM,18,2026-04-06,False
Z,1180,2020-09-10,False
ZALT,8,2023-10-12,False
ZALT,21,2023-10-31,False
ZAPR,8,2025-04-11,False
ZAUG,8,2024-08-13,False
ZAUG,25,2024-09-06,False
ZBAO,1,2024-04-03,False
ZBIO,1,2024-09-16,False
ZBIO,4,2024-09-19,False
ZBIO,6,2024-09-23,False
ZCBA,8,2026-01-20,False
ZCBB,8,2026-01-20,False
ZCBC,8,2026-01-20,False
ZCBE,8,2026-01-20,False
ZCBF,9,2026-01-21,False
ZCBF,14,2026-01-28,False
ZCBG,9,2026-01-21,False
ZCBG,14,2026-01-28,False
ZCMD,1,2020-02-25,False
ZD,1257,2020-12-30,False
ZD,1259,2021-01-04,False
ZDAI,1,2024-07-24,False
ZDEK,8,2024-12-12,False
ZDEK,13,2024-12-19,False
ZDEK,20,2024-12-31,False
ZDEK,26,2025-01-10,False
ZECP,8,2021-09-03,False
ZECP,17,2021-09-17,False
ZECP,20,2021-09-22,False
ZECP,22,2021-09-24,False
ZECP,26,2021-09-30,False
ZENA,1,2024-10-02,False
ZENV,3,2021-07-27,False
ZENV,16,2021-08-13,False
ZENV,36,2021-09-13,False
ZEO,6,2021-12-27,False
ZEO,8,2021-12-29,False
ZEO,14,2022-01-06,False
ZEOWW,2,2024-03-13,False
ZETA,1,2021-06-11,False
ZETA,4,2021-06-16,False
ZETA,15,2021-07-01,False
ZETX,1,2026-02-05,False
ZETX,4,2026-02-10,False
ZFEB,8,2025-02-13,False
ZFEB,27,2025-03-13,False
ZG,1180,2020-09-10,False
ZGM,1,2025-09-10,False
ZGN,1,2021-01-12,False
ZGN,8,2021-01-22,False
ZGN,17,2021-02-04,False
ZGN,24,2021-02-16,False
ZGN,32,2021-02-26,False
ZH,1,2021-03-29,False
ZHDG,9,2021-07-20,False
ZHOG,8,2023-09-18,False
ZHOG,11,2023-09-21,False
ZHOG,23,2023-10-09,False
ZHOG,26,2023-10-12,False
ZIG,1169,2024-01-05,False
ZIM,1,2021-01-29,False
ZION,1458,2021-10-18,False
ZIP,1,2021-05-27,False
ZIP,16,2021-06-18,False
ZIP,657,2024-01-05,False
ZIVB,3,2023-04-20,False
ZIVB,5,2023-04-24,False
ZIVB,11,2023-05-02,False
ZIVB,202,2024-02-05,False
ZJAN,8,2025-01-15,False
ZJK,3,2024-10-03,False
ZJUL,8,2024-07-12,False
ZJUL,17,2024-07-25,False
ZJUL,20,2024-07-30,False
ZJUL,24,2024-08-05,False
ZJUN,8,2025-06-12,False
ZJYL,1,2023-03-29,False
ZJYL,7,2023-04-06,False
ZJYL,9,2023-04-11,False
ZKH,7,2023-12-27,False
ZKP,4,2026-02-10,False
ZKP,9,2026-02-18,False
ZKP,12,2026-02-23,False
ZKPW,1,2026-02-05,False
ZLSUF,8,2021-08-11,False
ZLSUF,15,2021-08-20,False
ZLSUF,17,2021-08-24,False
ZLSUF,20,2021-08-27,False
ZLSUF,33,2021-09-16,False
ZLSUF,36,2021-09-21,False
ZMAR,9,2025-03-14,False
ZMAR,11,2025-03-18,False
ZMAR,23,2025-04-03,False
ZMAR,26,2025-04-08,False
ZMAY,8,2025-05-13,False
ZMUN,8,2025-10-10,False
ZNOV,8,2024-11-13,False
ZNTL,2,2020-04-07,False
ZNTL,4,2020-04-09,False
ZOCT,8,2024-10-11,False
ZOCT,22,2024-10-31,False
ZONE,1,2024-04-29,False
ZONE,5,2024-05-03,False
ZONE,8,2024-05-08,False
ZOOZ,1,2024-04-08,False
ZOOZW,1,2025-04-23,False
ZPTA,8,2022-03-18,False
ZPTA,16,2022-04-04,False
ZPTA,37,2022-05-19,False
ZROZ,2019,2024-01-11,False
ZS,884,2021-09-20,False
ZS,1481,2024-02-05,False
ZSB,7,2023-01-23,False
ZSB,24,2023-02-15,False
ZSB,26,2023-02-17,False
ZSB,556,2025-04-01,False
ZSB,706,2025-11-04,False
ZSB,713,2025-11-13,False
ZSC,2,2023-08-11,False
ZSC,13,2023-08-28,False
ZSC,26,2023-09-15,False
ZSEP,8,2024-09-13,False
ZSPC,2,2024-12-06,False
ZSTK,1,2021-05-12,False
ZTAX,5,2023-05-26,False
ZTAX,12,2023-06-07,False
ZTAX,30,2023-07-05,False
ZTEK,1458,2021-10-18,False
ZTEN,8,2024-01-24,False
ZTEN,10,2024-01-26,False
ZTEN,27,2024-02-21,False
ZTO,2008,2024-10-22,False
ZTOP,8,2025-04-28,False
ZTRE,8,2024-01-24,False
ZTRE,23,2024-02-14,False
ZTWO,8,2024-01-24,False
ZUMZ,1292,2021-02-22,False
ZUMZ,2506,2025-12-19,False
ZURA,1,2023-03-21,False
ZVIA,2,2021-07-26,False
ZVIA,8,2021-08-03,False
ZVIA,10,2021-08-05,False
ZVOL,1,2023-04-20,False
ZVOL,3,2023-04-24,False
ZVOL,9,2023-05-02,False
ZVOL,200,2024-02-05,False
ZVSA,8,2022-03-03,False
ZWS,1461,2021-10-21,False
ZWS,1465,2021-10-27,False
ZWS,1475,2021-11-10,False
ZWS,2222,2024-10-31,False
ZXZZT,1,2025-10-15,False
ZXZZT,9,2025-10-27,False
ZXZZT,20,2025-11-12,False
ZXZZT,24,2025-11-18,False
ZYBT,1,2025-01-08,False
