ticker,E_idx,date,example_matched
AA,2209,2024-10-14,False
AA,2500,2025-12-11,True
AA,2507,2025-12-22,False
AA,2515,2026-01-05,False
AA,2520,2026-01-12,False
AAA,1,2020-09-10,False
AAAA,1,2025-07-17,False
AAAC,1,2025-12-12,False
AAAU,1872,2026-01-28,False
AACB,1,2025-04-08,False
AACBR,1,2025-04-10,False
AACBU,1,2025-02-14,False
AACIU,1,2025-05-22,False
AAEQ,1,2025-12-11,False
AAL,2220,2024-10-29,False
AAL,2246,2024-12-05,False
AALG,1,2025-07-14,False
AALG,4,2025-07-17,False
AAM,1,2024-09-17,False
AAME,1442,2022-04-11,False
AAMI,1228,2020-11-17,False
AAMI,1784,2023-02-03,False
AAMI,2388,2025-07-03,False
AAMI,2407,2025-07-31,False
AAMI,2415,2025-08-12,False
AAMI,2424,2025-08-25,False
AAOI,1275,2021-01-27,False
AAOX,1,2026-03-25,False
AAP,2064,2024-03-18,False
AAPB,1,2022-08-10,False
AAPB,769,2025-09-03,False
AAPD,1,2022-08-10,False
AAPD,37,2022-09-30,False
AAPG,1,2025-01-27,False
AAPG,7,2025-02-04,False
AAPG,19,2025-02-21,False
AAPG,110,2025-07-03,False
AAPL,1125,2020-06-23,False
AAPL,1174,2020-09-01,False
AAPR,1,2024-04-02,False
AAPU,1,2022-08-10,False
AAPU,769,2025-09-03,False
AAPW,1,2025-02-20,False
AAPX,1,2024-01-12,False
AAPX,5,2024-01-19,False
AAPX,411,2025-09-03,False
AAPY,1,2023-10-30,False
AARD,1,2025-02-14,False
AARD,4,2025-02-20,False
AAT,1302,2021-03-08,False
AAUC,1,2024-08-16,False
AAUC,357,2026-01-20,False
AAUGD,1,2021-03-23,False
AAUM,1,2025-10-02,False
AAUS,1,2025-07-24,False
ABCB,2001,2023-12-14,False
ABCL,1,2020-12-14,False
ABCS,1,2023-12-21,False
ABEQ,1,2020-01-23,False
ABEV,1244,2020-12-10,False
ABEV,2312,2025-03-14,False
ABEV,2542,2026-02-12,False
ABEV,2549,2026-02-24,False
ABG,1783,2023-02-02,False
ABI,1,2025-06-27,False
ABIG,1,2025-04-10,False
ABIG,10,2025-04-24,False
ABLD,1,2021-12-16,False
ABLS,1,2025-02-20,False
ABLV,1,2022-09-13,False
ABLVW,1,2022-09-13,False
ABM,2000,2023-12-13,False
ABNB,1,2020-12-11,False
ABNB,22,2021-01-13,False
ABNG,1,2025-11-18,False
ABNG,6,2025-11-25,False
ABNG,13,2025-12-05,False
ABNG,19,2025-12-15,False
ABNG,24,2025-12-22,False
ABNG,33,2026-01-06,False
ABNY,1,2024-06-26,False
ABOS,1,2021-07-02,False
ABOT,1,2020-12-09,False
ABP,1,2022-03-10,False
ABPWW,1,2022-03-08,False
ABR,1866,2023-06-02,False
ABSI,2,2021-07-26,False
ABSI,5,2021-07-29,False
ABUF,1,2026-04-07,False
ABUS,2007,2023-12-22,False
ABUS,2010,2023-12-28,False
ABUS,2432,2025-09-05,False
ABUS,2436,2025-09-11,False
ABVE,1,2021-04-08,False
ABVEW,1,2024-07-01,False
ABVX,1,2023-10-20,False
ABVX,86,2024-02-23,False
ABVX,524,2025-11-20,False
ABX,1,2020-09-15,False
ABXB,1,2020-12-09,False
ABXL,1,2023-11-27,False
ABXL,275,2024-12-30,False
ACAA,1,2026-04-13,False
ACAAU,1,2026-02-20,False
ACAD,1226,2020-11-16,False
ACAD,1781,2023-02-02,False
ACAD,1892,2023-07-14,False
ACCL,1,2025-10-20,False
ACCO,1240,2020-12-04,False
ACCS,2268,2025-06-11,False
ACDC,1,2022-05-16,False
ACDC,15,2022-06-06,False
ACEI,1,2025-09-26,False
ACEP,1,2025-11-24,False
ACES,402,2020-02-19,False
ACES,519,2020-08-05,False
ACES,616,2020-12-22,False
ACES,626,2021-01-07,False
ACGCU,1,2026-04-08,False
ACGR,1,2020-01-22,False
ACGR,17,2020-02-13,False
ACH,2071,2024-03-27,False
ACHR,1,2020-12-21,False
ACHR,35,2021-02-10,False
ACHR-WS,1,2021-09-14,False
ACHR-WT,1,2024-12-10,False
ACI,1,2020-06-29,False
ACI,146,2021-01-26,False
ACI,282,2021-08-10,False
ACI,299,2021-09-02,False
ACII,1,2025-09-26,False
ACIW,1773,2023-01-19,False
ACKY,1,2025-09-10,False
ACLC,1,2020-07-16,False
ACLO,1,2024-11-19,False
ACLS,1479,2021-11-16,False
ACLS,1770,2023-01-13,False
ACLS,1775,2023-01-23,False
ACLS,1778,2023-01-26,False
ACLS,1783,2023-02-02,False
ACLS,1788,2023-02-09,False
ACLS,1885,2023-06-30,False
ACLS,2141,2024-07-09,False
ACLX,1,2022-02-07,False
ACLX,12,2022-02-23,False
ACLX,316,2023-05-10,False
ACLX,658,2024-09-19,False
ACLX,677,2024-10-16,False
ACMR,545,2020-01-07,False
ACMR,2067,2026-01-28,False
ACNB,1232,2020-11-24,False
ACNB,1301,2021-03-08,False
ACNB,2001,2023-12-15,False
ACNT,2244,2024-12-03,False
ACNT,2505,2025-12-18,False
ACOG,1,2024-11-12,False
ACON,1,2022-04-25,False
ACONW,1,2022-04-25,False
ACR,2066,2024-03-20,False
ACR,2072,2024-03-28,False
ACR,2308,2025-03-10,False
ACR,2312,2025-03-14,False
ACRV,1,2022-11-16,False
ACSG,1,2025-10-17,False
ACSV,1,2025-10-17,False
ACT,1,2021-09-17,False
ACT,5,2021-09-23,False
ACT,23,2021-10-19,False
ACTG,1279,2021-02-02,False
ACTS,1,2026-03-20,False
ACTS,13,2026-04-08,False
ACTU,1,2024-08-14,False
ACU,1227,2020-11-16,False
ACU,1311,2021-03-19,False
ACVA,1,2021-03-25,False
ACVA,4,2021-03-30,False
ACVA,15,2021-04-15,False
ACVA,483,2023-02-23,False
ACVA,492,2023-03-08,False
ACVA,537,2023-05-11,False
ACVF,1,2020-10-30,False
ACVF,5,2020-11-05,False
ACVT,1,2025-05-01,False
ACXP,1,2021-06-28,False
ACYN,1,2026-02-26,False
AD,2527,2026-01-22,False
ADACW,1,2026-02-10,False
ADAG,1,2021-02-10,False
ADAM,1233,2020-11-24,False
ADAMG,1,2025-01-16,False
ADAMH,1,2025-07-10,False
ADAMI,1,2024-07-02,False
ADAMO,1,2026-01-15,False
ADAMZ,1,2021-11-19,False
ADBE,1124,2020-06-22,False
ADBG,2,2025-03-25,False
ADBU,1,2026-03-26,False
ADCT,5,2020-05-22,False
ADCT,8,2020-05-28,False
ADCT,19,2020-06-12,False
ADCT,24,2020-06-19,False
ADCT,26,2020-06-23,False
ADCT,31,2020-06-30,False
ADEA,2009,2023-12-27,False
ADFI,1,2020-08-19,False
ADGM,1,2024-08-05,False
ADIV,1,2021-03-30,False
ADMA,2016,2024-01-08,False
ADMA,2025,2024-01-22,False
ADMA,2102,2024-05-10,False
ADMA,2119,2024-06-05,False
ADPV,1,2022-11-07,False
ADSE,1,2021-03-11,False
ADSE,748,2024-02-29,False
ADTN,2580,2026-04-09,False
ADTX,1,2020-07-01,False
ADVB,1,2025-03-07,False
ADVB,3,2025-03-11,False
ADVB,7,2025-03-17,False
ADVE,1,2023-09-25,False
ADXN,1,2020-01-31,False
AEAE,1,2021-12-14,False
AEAEW,1,2021-12-14,False
AEAQ,1,2026-01-27,False
AEAQW,1,2026-01-27,False
AEBI,1,2025-07-03,False
AEI,1,2020-11-25,False
AEIS,1227,2020-11-16,False
AEIS,1233,2020-11-24,False
AEIS,2475,2025-11-05,False
AEM,1351,2021-05-17,False
AEM,2073,2024-04-01,False
AEM,2442,2025-09-19,False
AEM,2448,2025-09-29,False
AEM,2461,2025-10-16,False
AEMS,1,2025-07-02,False
AENT,1,2021-03-25,False
AENTW,1,2023-03-22,False
AEO,1265,2021-01-12,False
AEO,1271,2021-01-21,False
AEO,1282,2021-02-05,False
AEO,1929,2023-09-01,False
AEO,2502,2025-12-15,False
AEO,2516,2026-01-06,False
AEON,1,2021-04-14,False
AER,1724,2022-11-07,False
AERO,1,2025-11-07,False
AERT,1,2021-12-20,False
AERTW,1,2021-12-22,False
AERTW,7,2021-12-31,False
AES,1267,2021-01-14,False
AESI,1,2023-03-10,False
AESI,17,2023-04-03,False
AESR,1504,2025-12-11,False
AETH,1,2023-10-03,False
AETH,16,2023-10-24,False
AETH,28,2023-11-09,False
AETH,38,2023-11-24,False
AETH,466,2025-08-12,False
AEVA,1,2020-02-28,False
AEVA,197,2020-12-07,False
AEVA,207,2020-12-21,False
AEXA,1,2025-09-29,False
AEXA,8,2025-10-08,False
AEYE,2024,2024-03-19,False
AFBI,1,2021-01-27,False
AFBI,11,2021-02-10,False
AFCG,1,2021-03-22,False
AFGE,1,2020-09-21,False
AFIX,1,2024-12-06,False
AFJK,1,2024-01-23,False
AFJKR,1,2024-01-23,False
AFJKR,9,2024-02-15,False
AFJKU,1,2023-12-05,False
AFOS,1,2025-06-27,False
AFRI,1,2021-02-08,False
AFRIW,2,2021-02-09,False
AFRIW,10,2021-02-22,False
AFRM,1,2021-01-14,False
AFRU,1,2025-09-17,False
AFSC,1,2025-02-18,False
AFYA,793,2022-09-12,False
AFYA,1005,2023-07-18,False
AFYA,1105,2023-12-07,False
AG,2073,2024-04-01,False
AG,2453,2025-10-06,False
AG,2455,2025-10-08,False
AGAE,641,2020-12-23,False
AGBK,1,2026-02-12,False
AGBK,6,2026-02-20,False
AGCC,1,2025-10-23,False
AGCO,1226,2020-11-13,False
AGEM,1,2025-02-19,False
AGEN,1373,2021-06-17,False
AGGA,1,2025-05-02,False
AGGH,1,2022-02-16,False
AGGS,1,2024-05-03,False
AGH,1,2025-02-13,False
AGI,1144,2020-07-21,False
AGI,2443,2025-09-22,False
AGIO,1018,2020-01-21,False
AGIO,2113,2024-05-28,False
AGIQ,1,2025-09-04,False
AGIX,1,2024-07-19,False
AGL,2,2021-04-19,False
AGM,1470,2021-11-03,False
AGM-A,1846,2023-08-11,False
AGM-P-H,1,2025-08-26,False
AGMB,1,2026-02-06,False
AGMH,524,2020-06-15,False
AGMI,1,2024-05-06,False
AGMI,4,2024-05-09,False
AGMI,10,2024-05-17,False
AGMI,339,2025-09-11,False
AGMI,346,2025-09-22,False
AGMI,351,2025-09-29,False
AGMI,423,2026-01-12,False
AGMI,428,2026-01-20,False
AGMI,431,2026-01-23,False
AGNCL,1,2022-09-12,False
AGOX,1,2021-05-11,False
AGQ,2075,2024-04-03,False
AGQ,2447,2025-09-26,False
AGQ,2458,2025-10-13,False
AGQI,1,2023-11-22,False
AGRH,1,2022-06-27,False
AGRO,1266,2021-01-13,False
AGRO,1558,2022-03-11,False
AGRO,2564,2026-03-17,False
AGRO,2573,2026-03-30,False
AGRW,1,2025-03-28,False
AGRZ,1,2025-10-02,False
AGX,2082,2024-04-12,False
AGX,2099,2024-05-07,False
AGYS,1030,2020-02-06,False
AGYS,1230,2020-11-19,False
AGYS,2358,2025-05-20,False
AGYS,2380,2025-06-23,False
AHCO,1052,2022-08-02,False
AHH,1302,2021-03-08,False
AHL,1,2025-05-09,False
AHL-PF,1,2024-11-25,False
AHLT,1,2023-09-01,False
AHMA,1,2025-10-22,False
AHMA,6,2025-10-29,False
AHR,1,2024-02-08,False
AHR,5,2024-02-14,False
AHR,132,2024-08-16,False
AHR,137,2024-08-23,False
AHR,144,2024-09-04,False
AHR,151,2024-09-13,False
AHR,156,2024-09-20,False
AHRT,1302,2021-03-08,False
AHRT-P-A,1,2026-02-02,False
AHYB,1,2021-11-19,False
AI,1,2020-12-10,False
AI,1004,2024-12-06,False
AIB,1,2026-03-18,False
AIBD,1,2024-05-16,False
AIBD,10,2024-05-30,False
AIBU,1,2024-05-16,False
AIBU,19,2024-06-12,False
AIDX,1,2026-02-20,False
AIFD,1,2024-05-07,False
AII,1,2025-05-09,False
AII,104,2025-10-07,False
AIIA-R,1,2025-11-25,False
AIIA-U,1,2025-10-07,False
AIIO,1,2020-03-23,False
AILE,1,2024-04-18,False
AILEQ,1,2021-04-27,False
AIMDW,1,2022-08-10,False
AINP,1,2024-12-06,False
AIOO,1,2025-07-02,False
AIOT,2008,2023-12-26,False
AIOT,2072,2024-03-28,False
AIP,2,2021-10-29,False
AIPI,1,2024-06-05,False
AIPO,1,2025-07-28,False
AIR,2397,2025-07-17,False
AIRE,1,2023-10-24,False
AIRG,2386,2026-02-10,False
AIRI,2038,2024-02-20,False
AIRJ,1,2022-02-02,False
AIRJW,1,2024-03-12,False
AIRO,1,2025-06-13,False
AIRS,1,2021-11-01,False
AIRS,11,2021-11-15,False
AIRT,1190,2021-07-26,False
AIRT,1196,2021-08-03,False
AIRT,1220,2021-09-07,False
AIS,1,2024-12-04,False
AIS,224,2025-10-27,False
AISP,1,2021-05-11,False
AISPW,1,2021-05-11,False
AIT,1227,2020-11-16,False
AIT,1233,2020-11-24,False
AIV,1318,2021-03-30,False
AIV,1367,2021-06-09,False
AIV,1654,2022-07-29,False
AIV,1664,2022-08-12,False
AIX,1,2020-07-13,False
AIXI,1,2023-03-10,False
AIYY,1,2023-11-29,False
AIYY,12,2023-12-14,False
AIYY,264,2024-12-16,False
AIZN,1,2020-11-27,False
AJAN,1,2024-01-03,False
AJUL,1,2024-07-02,False
AKA,1,2021-09-23,False
AKA,38,2021-11-15,False
AKAF,1,2025-06-27,False
AKAN,1,2022-03-16,False
AKBA,1039,2020-02-20,False
AKBA,2030,2024-01-29,False
AKO-A,953,2020-12-18,False
AKO-A,1423,2023-01-17,False
AKO-A,1433,2023-02-01,False
AKO-A,1439,2023-02-09,False
AKR,1294,2021-02-24,False
AKRE,1,2025-10-28,False
AKTS,1,2026-01-12,False
AKTS,8,2026-01-22,False
AL,1240,2020-12-04,False
ALAB,3,2024-03-25,False
ALAI,1,2024-04-08,False
ALB,1028,2020-02-04,False
ALB,1261,2021-01-06,False
ALB,1408,2021-08-06,False
ALB,1683,2022-09-09,False
ALB-PA,1,2024-03-07,False
ALB-PA,11,2024-03-21,False
ALBG,1,2026-01-13,False
ALBT,860,2021-02-16,False
ALCO,1583,2022-04-18,False
ALCY,1,2023-06-27,False
ALCYU,1,2023-05-04,False
ALCYU,671,2026-01-06,False
ALCYW,1,2023-06-28,False
ALDF,1,2024-12-16,False
ALDFU,1,2024-10-23,False
ALF,1,2024-08-05,False
ALFUU,2,2024-06-12,False
ALFUW,2,2024-08-02,False
ALG,1233,2020-11-24,False
ALGM,3,2020-11-03,False
ALGM,521,2022-11-23,False
ALGM,528,2022-12-05,False
ALGM,577,2023-02-15,False
ALGM,678,2023-07-13,False
ALGM,1323,2026-02-06,False
ALGN,1210,2020-10-22,False
ALGN,1782,2023-02-01,False
ALGS,1,2020-10-19,False
ALGT,1291,2021-02-19,False
ALGT,2211,2024-10-16,False
ALGT,2226,2024-11-06,False
ALGT,2238,2024-11-22,False
ALH,1,2025-10-10,False
ALH,9,2025-10-22,False
ALHC,1,2021-03-29,False
ALHC,14,2021-04-16,False
ALHC,342,2022-08-04,False
ALIL,1,2025-04-10,False
ALIS,1,2025-11-20,False
ALIT,1,2020-07-20,False
ALK,1890,2023-07-10,False
ALKT,1,2021-04-15,False
ALKT,6,2021-04-22,False
ALKT,9,2021-04-27,False
ALKT,554,2023-06-27,False
ALKT,652,2023-11-14,False
ALL-P-J,1,2023-05-17,False
ALLR,1,2021-12-22,False
ALLT,1028,2020-02-04,False
ALLT,1284,2021-02-09,False
ALLT,2051,2024-02-28,False
ALLT,2150,2024-07-22,False
ALLT,2250,2024-12-11,False
ALLT,2449,2025-09-30,False
ALLW,1,2025-03-07,False
ALLY,1266,2021-01-13,False
ALLY,1783,2023-02-02,False
ALLY,2001,2023-12-14,False
ALM,2023,2024-01-18,False
ALM,2030,2024-01-29,False
ALMS,1,2024-07-01,False
ALMU,1,2022-11-17,False
ALNT,1658,2022-08-04,False
ALNT,1664,2022-08-12,False
ALNT,1666,2022-08-16,False
ALNY,2407,2025-07-31,False
ALOT,1291,2021-04-20,False
ALOT,1971,2024-01-04,False
ALOV,1,2026-03-17,False
ALOVU,1,2026-01-22,False
ALOVW,1,2026-03-19,False
ALPS,1,2021-10-20,False
ALRG,1,2025-07-09,False
ALRM,2245,2024-12-04,False
ALSA,1,2022-01-21,False
ALSN,2226,2024-11-06,False
ALSN,2523,2026-01-15,False
ALTG,959,2023-02-14,False
ALTG,1706,2026-02-06,False
ALTI,1,2021-04-28,False
ALTI,1060,2025-07-17,False
ALTI,1162,2025-12-10,False
ALTL,1,2020-06-26,False
ALTL,113,2020-12-04,False
ALUB-U,1,2025-11-17,False
ALUB-UN,1,2025-11-14,False
ALUB-WT,1,2026-01-07,False
ALUR,1,2021-03-30,False
ALVO,1,2020-11-10,False
ALVO,4,2020-11-16,False
ALVO,543,2023-01-09,False
ALVO,807,2024-01-29,False
ALVOW,1,2022-06-15,False
ALXO,1,2020-07-20,False
ALXO,7,2020-07-28,False
ALXO,11,2020-08-03,False
ALXO,21,2020-08-17,False
ALZN,1,2021-06-16,False
AM,904,2020-12-04,False
AM,908,2020-12-10,False
AMAL,1345,2023-12-01,False
AMAL,1353,2023-12-13,False
AMAL,1880,2026-01-22,False
AMAL,1892,2026-02-09,False
AMAT,1227,2020-11-16,False
AMAT,1230,2020-11-19,False
AMAT,1233,2020-11-24,False
AMAT,1240,2020-12-04,False
AMAT,1267,2021-01-14,False
AMAX,1,2021-11-16,False
AMBA,1233,2020-11-24,False
AMBA,2253,2024-12-16,False
AMBIQ,1,2023-03-07,False
AMBP,1,2020-09-30,False
AMBQ,1,2025-07-30,False
AMBR,671,2020-08-24,False
AMCI,1,2023-01-26,False
AMCX,1233,2020-11-24,False
AMCX,1267,2021-01-14,False
AMCX,1272,2021-01-22,False
AMCX,2117,2024-06-03,False
AMD,1006,2020-01-02,False
AMD,1402,2021-07-29,False
AMD,1406,2021-08-04,False
AMD,1473,2021-11-08,False
AMD,2010,2023-12-28,False
AMD,2396,2025-07-16,False
AMD,2405,2025-07-29,False
AMD,2416,2025-08-13,False
AMDD,1,2025-02-13,False
AMDD,8,2025-02-25,False
AMDD,17,2025-03-10,False
AMDG,1,2025-01-27,False
AMDL,1,2024-03-19,False
AMDS,1,2020-06-05,False
AMDS,582,2022-10-10,False
AMDW,3,2025-07-29,False
AMDW,14,2025-08-13,False
AMDY,1,2023-09-20,False
AMDY,7,2023-09-28,False
AMDY,456,2025-07-16,False
AMDY,464,2025-07-28,False
AMDY,476,2025-08-13,False
AMG,1227,2020-11-16,False
AMG,1240,2020-12-04,False
AMG,1283,2021-02-08,False
AMID,1,2022-08-18,False
AMIX,1,2024-01-30,False
AMIX,3,2024-02-01,False
AMJB,1,2024-01-29,False
AMKR,1267,2021-01-14,False
AMKR,1283,2021-02-08,False
AMKR,1998,2023-12-11,False
AMKR,2001,2023-12-14,False
AMKR,2146,2024-07-16,False
AMLP,1233,2020-11-24,False
AMLP,1240,2020-12-04,False
AMLX,1,2022-01-10,False
AMLX,682,2024-09-26,False
AMN,1036,2020-02-14,False
AMOD,1,2023-08-15,False
AMODW,1,2021-10-26,False
AMODW,7,2021-11-03,False
AMP,2226,2024-11-06,False
AMPGR,1,2026-02-04,False
AMPGZ,1,2026-02-04,False
AMPH,1810,2023-03-14,False
AMPH,1879,2023-06-22,False
AMPL,1,2021-09-29,False
AMPL,11,2021-10-13,False
AMPL,20,2021-10-26,False
AMPL,24,2021-11-01,False
AMPL,28,2021-11-05,False
AMPX,1,2022-09-16,False
AMPX,700,2025-07-02,True
AMPX-WT,1,2024-12-10,False
AMR,1744,2023-09-01,False
AMR,1752,2023-09-14,False
AMR,1762,2023-09-28,False
AMR,1829,2024-01-04,False
AMRC,1028,2020-02-04,False
AMRC,1034,2020-02-12,False
AMRC,1040,2020-02-21,False
AMRC,1468,2021-11-01,False
AMRC,1897,2023-07-19,False
AMRX,1885,2023-06-30,False
AMRZ,1,2025-06-24,False
AMS,1274,2021-02-19,False
AMSC,2000,2023-12-13,False
AMSC,2125,2024-06-13,False
AMSC,2144,2024-07-12,False
AMSC,2380,2025-06-23,False
AMST,1,2020-09-28,False
AMTM,1,2024-09-25,False
AMUB,540,2020-11-24,False
AMUB,547,2020-12-04,False
AMUN,1,2025-10-21,False
AMUU,1,2025-02-13,False
AMUU,3,2025-02-18,False
AMWD,1884,2023-06-29,False
AMWL,1,2020-09-18,False
AMWL,4,2020-09-23,False
AMYY,1,2025-09-17,False
AMZA,1240,2020-12-04,False
AMZD,1,2022-09-08,False
AMZD,10,2022-09-21,False
AMZD,12,2022-09-23,False
AMZD,41,2022-11-03,False
AMZD,45,2022-11-09,False
AMZE,1,2021-12-15,False
AMZO,1,2026-03-25,False
AMZO,3,2026-03-27,False
AMZP,1,2023-11-01,False
AMZU,3,2022-09-12,False
AMZU,102,2023-02-02,False
AMZW,1,2025-06-20,False
AMZW,6,2025-06-27,False
AMZY,1,2023-07-26,False
AMZY,8,2023-08-04,False
AMZZ,2,2024-03-20,False
AN,1160,2020-08-12,False
ANAB,944,2020-10-26,False
ANAB,1018,2021-02-11,False
ANAB,1202,2021-11-03,False
ANAB,1883,2024-07-23,False
ANABV,1,2026-04-07,False
ANABV,4,2026-04-10,False
ANDE,1551,2022-03-02,False
ANDE,1568,2022-03-25,False
ANDG,1,2025-12-17,False
ANEB,1,2021-05-10,False
ANEB,10,2021-05-21,False
ANEL,1,2025-09-05,False
ANEL,4,2025-09-10,False
ANET,1469,2021-11-02,False
ANET,2024,2024-01-19,False
ANEW,1,2020-10-19,False
ANEW,14,2020-11-05,False
ANF,1200,2020-10-08,False
ANF,1232,2020-11-23,False
ANF,1307,2021-03-15,False
ANF,1735,2022-11-22,False
ANF,1922,2023-08-23,False
ANF,1971,2023-11-01,True
ANF,1972,2023-11-02,True
ANF,1989,2023-11-28,False
ANF,1999,2023-12-12,False
ANF,2004,2023-12-19,False
ANF,2025,2024-01-22,False
ANF,2039,2024-02-09,False
ANF,2049,2024-02-26,False
ANF,2055,2024-03-05,False
ANGH,1,2020-08-24,False
ANGHW,1,2022-02-01,False
ANGI,2001,2023-12-14,False
ANGIV,3,2025-03-27,False
ANGO,1262,2021-01-07,False
ANGO,2451,2025-10-02,False
ANGX,2,2025-09-15,False
ANIK,1727,2022-11-10,False
ANIK,2551,2026-02-26,False
ANIP,2413,2025-08-08,False
ANL,1,2023-10-02,False
ANNA,1,2022-02-23,False
ANNX,1,2020-07-27,False
ANNX,3,2020-07-29,False
ANNX,6,2020-08-03,False
ANNX,12,2020-08-11,False
ANPA,1,2025-07-09,False
ANRO,1,2024-02-02,False
ANRO,386,2025-08-18,False
ANSC,1,2024-01-04,False
ANSCU,1,2023-11-10,False
ANSCW,1,2024-01-04,False
ANTA,1,2025-05-14,False
ANTX,1,2022-03-28,False
ANTX,5,2022-04-01,False
ANVS,1,2020-01-30,False
ANVS,248,2021-01-22,False
AOCT,1,2024-10-02,False
AOHY,1,2024-02-21,False
AOMD,1,2025-05-28,False
AOMN,1,2024-08-02,False
AOMR,1,2021-06-18,False
AONC,1,2021-05-17,False
AORT,2413,2025-08-08,False
AOSL,1472,2021-11-05,False
AOSL,1476,2021-11-11,False
AOSL,1488,2021-11-30,False
AOSL,1493,2021-12-07,False
AOTG,1,2022-06-30,False
AOTG,14,2022-07-20,False
AOTG,25,2022-08-04,False
AOTS,1,2025-12-24,False
AOTVD,1259,2021-01-04,False
AOUT,1,2020-08-24,False
AOUT,143,2021-03-18,False
AOUT,159,2021-04-12,False
AOUT,1353,2026-01-12,False
AOUT,1356,2026-01-15,False
APA,1472,2021-11-05,False
APA,1912,2023-08-09,False
APA,2429,2025-09-02,False
APA,2561,2026-03-12,False
APA,2566,2026-03-19,False
APA,2569,2026-03-24,False
APA,2572,2026-03-27,False
APAC,1,2021-09-15,False
APAD,1,2025-08-28,False
APAM,1893,2023-07-13,False
APAM,2001,2023-12-14,False
APCB,1,2023-05-04,False
APEI,2239,2024-11-25,False
APEI,2249,2024-12-10,False
APEI,2527,2026-01-22,False
APEI,2570,2026-03-25,False
APG,122,2020-02-03,False
APGE,1,2023-07-14,False
APGE,132,2024-01-22,False
APHU,1,2026-02-19,False
API,1,2020-06-29,False
API,4,2020-07-02,False
APIE,1,2023-04-19,False
APLD,1563,2025-10-01,True
APLM,1,2021-11-29,False
APLMW,1,2023-03-28,False
APLS,891,2021-05-27,False
APLS,1191,2022-08-05,False
APLS,1369,2023-04-21,False
APLS,1948,2025-08-13,False
APLU,1,2024-12-06,False
APLX,1,2025-09-10,False
APLY,1,2023-04-19,False
APLZ,1,2026-01-23,False
APMU,1,2023-05-04,False
APO,1740,2022-11-30,False
APO,2239,2024-11-25,False
APOC,1,2024-10-02,False
APOG,1264,2021-01-13,False
APOS,1,2023-08-30,False
APP,1,2021-04-16,False
APP,37,2021-06-08,False
APP,874,2024-10-04,False
APP,891,2024-10-29,False
APPF,1895,2023-07-17,False
APPF,2408,2025-08-01,False
APPN,848,2020-10-07,False
APPN,880,2020-11-20,False
APPN,1876,2024-11-07,False
APPX,2,2025-04-29,False
APRB,1,2025-10-15,False
APRH,1,2023-04-04,False
APRJ,1,2023-04-04,False
APRP,1,2024-04-02,False
APRT,1,2020-06-05,False
APRW,1,2020-06-02,False
APRZ,1,2021-04-05,False
APT,1993,2023-12-04,False
APT,2075,2024-04-03,False
APTV,1233,2020-11-24,False
APUE,1,2023-05-04,False
APUS,1,2025-05-12,False
APXM,1,2025-04-22,False
APYX,1223,2020-11-10,False
APYX,1242,2020-12-08,False
APYX,1477,2021-11-12,False
AQEC,1,2025-11-19,False
AQLT,1,2024-12-13,False
AQWA,1,2021-04-13,False
AR,1583,2022-04-18,False
AR,1912,2023-08-09,False
AR,2570,2026-03-25,False
ARAI,1,2025-05-16,False
ARB,1,2020-05-08,False
ARBB,1,2023-04-06,False
ARBB,3,2023-04-11,False
ARBB,11,2023-04-21,False
ARBE,1,2020-11-02,False
ARBEW,1,2021-10-05,False
ARBK,1,2021-09-24,False
ARCB,1285,2021-02-10,False
ARCB,1295,2021-02-25,False
ARCB,1298,2021-03-02,False
ARCB,1303,2021-03-09,False
ARCB,1902,2023-07-26,False
ARCB,2534,2026-02-02,False
ARCIU,1,2026-01-23,False
ARCIW,1,2026-03-18,False
ARCIW,3,2026-03-20,False
ARCO,1531,2022-02-01,False
ARCO,1546,2022-02-23,False
ARCO,1992,2023-12-01,False
ARCX,1,2025-06-11,False
ARDT,1,2024-07-19,False
ARDX,1679,2022-09-02,False
ARDX,2421,2025-08-21,False
ARE,2001,2023-12-14,False
AREA,1,2024-09-06,False
AREBW,1,2022-02-08,False
ARES,1402,2021-07-29,False
ARES-PB,2,2024-10-11,False
ARES-PB,20,2024-11-06,False
ARGT,1111,2020-06-03,False
ARGT,1114,2020-06-08,False
ARHS,1,2021-11-05,False
ARHS,9,2021-11-17,False
ARHS,304,2023-01-23,False
ARHS,596,2024-03-21,False
ARIS,2008,2023-12-26,False
ARIS,2325,2025-04-02,False
ARIS,2500,2025-12-11,False
ARIS,2525,2026-01-20,False
ARIS,2531,2026-01-28,False
ARKB,1,2024-01-12,False
ARKB,32,2024-02-28,False
ARKB,218,2024-11-21,False
ARKB,234,2024-12-16,False
ARKC,1,2021-12-15,False
ARKC,3,2021-12-17,False
ARKC,156,2022-08-08,False
ARKD,1,2026-01-05,False
ARKF,344,2020-06-16,False
ARKF,357,2020-07-06,False
ARKF,508,2021-02-09,False
ARKF,1228,2023-12-19,False
ARKF,1454,2024-11-12,False
ARKF,1605,2025-06-24,False
ARKF,1621,2025-07-17,False
ARKG,1237,2020-12-04,False
ARKG,1249,2020-12-22,False
ARKI,1,2026-04-02,False
ARKI,7,2026-04-14,False
ARKK,1125,2020-07-06,False
ARKK,1244,2020-12-22,False
ARKK,1885,2023-07-13,False
ARKK,2235,2024-12-02,False
ARKK,2373,2025-06-24,False
ARKQ,1258,2021-01-08,False
ARKQ,1274,2021-02-02,False
ARKQ,2233,2024-11-22,False
ARKQ,2248,2024-12-16,False
ARKQ,2392,2025-07-17,False
ARKT,1,2025-10-02,False
ARKW,1130,2020-07-06,False
ARKW,1281,2021-02-09,False
ARKW,1888,2023-07-11,False
ARKW,1890,2023-07-13,False
ARKW,1998,2023-12-14,False
ARKW,2242,2024-12-04,False
ARKX,1,2021-03-31,False
ARKX,1079,2025-07-17,False
ARL,1362,2021-06-02,False
ARL,2025,2024-01-22,False
ARLI,1,2026-04-02,False
ARLO,842,2021-12-07,False
ARLO,844,2021-12-09,False
ARLO,852,2021-12-21,False
ARLP,1443,2021-09-27,False
ARLP,1448,2021-10-04,False
ARLP,1458,2021-10-18,False
ARLP,1518,2022-01-12,False
ARLP,1608,2022-05-23,False
ARLU,1,2024-04-02,False
ARM,1,2023-09-15,False
ARMG,1,2024-12-06,False
ARMH,1,2025-03-17,False
ARMH,6,2025-03-24,False
ARMN,2500,2025-12-11,False
ARMN,2525,2026-01-20,False
ARMN,2531,2026-01-28,False
ARMU,1,2025-03-05,False
ARMW,2,2025-10-27,False
ARMY,1,2026-02-25,False
AROC,1240,2020-12-04,False
AROC,1906,2023-08-01,False
AROC,2538,2026-02-06,False
AROC,2550,2026-02-25,False
AROC,2553,2026-03-02,False
AROW,1971,2023-11-06,False
AROW,1977,2023-11-14,False
AROW,1998,2023-12-14,False
AROW,2150,2024-07-25,False
ARP,1,2022-12-23,False
ARQ,2407,2025-08-06,False
ARQQ,2,2021-04-06,False
ARQQW,1,2021-04-09,False
ARQT,1,2020-02-03,False
ARQT,1223,2024-12-10,False
ARQT,1443,2025-10-28,False
ARRY,1,2020-10-16,False
ARRY,5,2020-10-22,False
ARTCW,1,2026-03-02,False
ARTV,1,2024-07-22,False
ARTW,1493,2022-03-07,False
ARTW,1721,2023-02-01,False
ARTY,658,2021-02-09,False
ARTY,1157,2023-02-02,False
ARVLF,1,2020-02-04,False
ARVLF,147,2020-11-18,False
ARVLF,386,2021-11-01,False
ARVN,323,2020-01-10,False
ARVR,1,2022-04-21,False
ARW,2538,2026-02-06,False
ARWG,1,2025-12-31,False
ARX,1,2025-07-25,False
ARX,9,2025-08-06,False
AS,1,2024-02-02,False
AS,11,2024-02-16,False
AS,20,2024-03-01,False
AS,218,2024-12-12,False
AS,221,2024-12-17,False
ASA,1145,2020-07-22,False
ASA,1148,2020-07-27,False
ASA,1154,2020-08-04,False
ASA,2289,2025-02-10,False
ASA,2433,2025-09-08,False
ASA,2443,2025-09-22,False
ASA,2448,2025-09-29,False
ASA,2455,2025-10-08,False
ASA,2461,2025-10-16,False
ASA,2520,2026-01-12,False
ASA,2528,2026-01-23,False
ASA,2531,2026-01-28,False
ASAN,1,2020-10-01,False
ASAN,178,2021-06-16,False
ASAN,203,2021-07-22,False
ASAN,242,2021-09-16,False
ASB,2001,2023-12-14,False
ASB,2226,2024-11-06,False
ASBP,1,2022-04-12,False
ASBPW,1,2025-02-20,False
ASC,1578,2022-04-08,False
ASC,1596,2022-05-05,False
ASC,2109,2024-05-21,False
ASC,2545,2026-02-18,False
ASC,2552,2026-02-27,False
ASCE,1,2025-07-09,False
ASCI,1,2025-10-21,False
ASCRF,1,2024-09-26,False
ASGM,1,2025-08-06,False
ASHR,2201,2024-10-02,False
ASHS,1132,2020-07-06,False
ASIA,1,2023-09-25,False
ASIC,1,2025-06-12,False
ASIX,1056,2020-11-24,False
ASIX,1111,2021-02-16,False
ASIX,1286,2021-10-25,False
ASIX,2398,2026-04-01,False
ASLE,667,2021-10-20,False
ASLE,1514,2025-03-07,False
ASLE,1619,2025-08-07,False
ASLV,1,2025-03-28,False
ASM,2460,2025-10-15,False
ASMB,2422,2025-08-21,False
ASMF,1,2024-05-02,False
ASMG,1,2024-12-06,False
ASMG,184,2025-10-02,False
ASMH,1,2025-03-17,False
ASMH,139,2025-10-02,False
ASML,1267,2021-01-14,False
ASML,2451,2025-10-02,False
ASML,2524,2026-01-16,False
ASML,2530,2026-01-27,False
ASMU,1,2026-02-12,False
ASMU,4,2026-02-18,False
ASMU,9,2026-02-25,False
ASND,2001,2023-12-14,False
ASND,2008,2023-12-26,False
ASNS,1,2022-05-16,False
ASO,1,2020-10-05,False
ASO,10,2020-10-16,False
ASO,13,2020-10-21,False
ASO,25,2020-11-06,False
ASO,69,2021-01-12,False
ASO,77,2021-01-25,False
ASO,181,2021-06-23,False
ASO,808,2023-12-19,False
ASPC,1,2025-01-06,False
ASPCR,1,2025-01-06,False
ASPCU,1,2024-11-11,False
ASPI,1,2022-11-11,False
ASPS,1732,2022-11-17,False
ASPS,1875,2023-06-15,False
ASPSW,1,2025-05-08,False
ASPSZ,1,2025-05-08,False
ASR,1222,2020-11-09,False
ASRT,1757,2022-12-23,False
ASRT,1761,2022-12-30,False
ASRT,2415,2025-08-12,False
ASRV,2386,2025-07-07,False
ASST,1,2023-02-06,False
ASTE,2550,2026-02-25,False
ASTH,1278,2021-02-01,False
ASTH,1346,2021-05-10,False
ASTH,1356,2021-05-24,False
ASTH,1364,2021-06-04,False
ASTH,1366,2021-06-08,False
ASTL,1,2021-03-05,False
ASTL,701,2023-12-14,False
ASTL,704,2023-12-19,False
ASTL,707,2023-12-22,False
ASTL,867,2024-08-14,False
ASTS,220,2020-12-24,False
ASTS,233,2021-01-14,False
ASTX,2,2025-07-15,False
ASUR,1705,2022-11-22,False
ASUR,1711,2022-12-01,False
ASUR,1724,2022-12-20,False
ASUR,2116,2024-07-16,False
ASUR,2246,2025-01-22,False
ASUUF,1,2024-09-20,False
ASX,1240,2020-12-04,False
ASX,1267,2021-01-14,False
ASX,1283,2021-02-08,False
ATAI,1,2021-06-21,False
ATAT,2,2022-11-15,False
ATAT,469,2024-09-26,False
ATCH,1,2021-03-11,False
ATCL,1,2026-02-19,False
ATEC,2490,2025-11-26,False
ATER,301,2020-08-20,False
ATEX,2544,2026-02-17,False
ATFV,1,2021-05-04,False
ATGL,2,2023-11-02,False
ATHM,1287,2021-02-12,False
ATHM,2201,2024-10-02,False
ATHR,1,2025-04-11,False
ATHR,8,2025-04-23,False
ATHS,1,2024-03-18,False
ATI,1232,2020-11-23,False
ATI,1784,2023-02-03,False
ATI,2470,2025-10-29,False
ATI,2544,2026-02-17,False
ATI,2547,2026-02-20,False
ATII,1,2025-04-04,False
ATIIU,1,2025-02-12,False
ATKR,1134,2020-12-10,False
ATKR,1169,2021-02-02,False
ATKR,1182,2021-02-22,False
ATKR,1301,2021-08-11,False
ATKR,1630,2022-11-30,False
ATKR,1786,2023-07-18,False
ATKR,1963,2024-04-01,False
ATLC,932,2020-01-21,False
ATLC,945,2020-02-07,False
ATLC,1783,2023-06-07,False
ATLC,1789,2023-06-15,False
ATLC,2151,2024-11-21,False
ATLC,2159,2024-12-04,False
ATLN,1,2021-08-30,False
ATLO,1244,2020-12-11,False
ATMP,1233,2020-11-24,False
ATMP,1240,2020-12-04,False
ATMU,1,2023-05-30,False
ATMU,19,2023-06-26,False
ATMU,205,2024-03-21,False
ATNI,2313,2025-03-17,False
ATNM,1675,2022-08-29,False
ATNM,1679,2022-09-02,False
ATON,1241,2020-12-07,False
ATON,1257,2020-12-30,False
ATON,1268,2021-01-15,False
ATRA,1231,2020-11-20,False
ATRA,1241,2020-12-07,False
ATRC,1017,2020-01-17,False
ATRC,1024,2020-01-29,False
ATRC,1032,2020-02-10,False
ATRC,1250,2020-12-18,False
ATRC,1253,2020-12-23,False
ATRC,1264,2021-01-11,False
ATRO,1878,2023-06-21,False
ATRO,1896,2023-07-18,False
ATRO,2305,2025-03-05,False
ATRO,2535,2026-02-03,False
ATS,1411,2021-08-11,False
ATTR,1,2025-10-29,False
AU,2075,2024-04-03,False
AU,2289,2025-02-10,False
AUAU,2,2025-12-11,False
AUAU,9,2025-12-22,False
AUAU,18,2026-01-06,False
AUAU,22,2026-01-12,False
AUAU,27,2026-01-20,False
AUAU,33,2026-01-28,False
AUBN,911,2020-01-22,False
AUDC,1906,2023-08-01,False
AUDC,2287,2025-02-06,False
AUGM,1,2024-08-20,False
AUGO,1041,2025-03-12,False
AUGO,1167,2025-09-29,False
AUGO,1179,2025-10-15,False
AUGO,1239,2026-01-12,False
AUGO,1245,2026-01-21,False
AUGO,1250,2026-01-28,False
AUGP,1,2024-05-13,False
AUGT,1,2023-08-02,False
AUGU,1,2024-08-02,False
AUGW,1,2023-08-02,False
AUGZ,1,2020-08-04,False
AUMI,1,2023-12-14,False
AUMI,4,2023-12-19,False
AUMI,436,2025-09-11,False
AUMI,443,2025-09-22,False
AUMI,448,2025-09-29,False
AUMI,453,2025-10-06,False
AUMI,461,2025-10-16,False
AUMI,531,2026-01-28,False
AUNA,2,2024-03-26,False
AUPH,2237,2024-11-21,False
AUPH,2249,2024-12-10,False
AUR,1,2021-05-11,False
AURA,2,2021-11-02,False
AURE,1,2023-07-07,False
AUROW,1,2021-11-02,False
AUSM,1,2025-07-09,False
AUST,1,2022-05-05,False
AUST,848,2025-09-22,False
AUTL,502,2020-06-22,False
AUUD,1,2021-02-18,False
AUUD,5,2021-02-24,False
AVAH,1,2021-04-29,False
AVAL,1238,2020-12-02,False
AVAL,1240,2020-12-04,False
AVAL,1244,2020-12-10,False
AVAL,2282,2025-01-30,False
AVAL,2290,2025-02-11,False
AVAL,2294,2025-02-18,False
AVAL,2298,2025-02-24,False
AVAL,2468,2025-10-27,False
AVAL,2530,2026-01-27,False
AVAV,1233,2020-11-24,False
AVAV,1562,2022-03-17,False
AVAV,2055,2024-03-05,False
AVAV,2382,2025-06-25,False
AVBC,1,2025-08-04,False
AVBP,1,2024-01-26,False
AVD,1302,2021-03-08,False
AVD,1565,2022-03-22,False
AVD,1579,2022-04-11,False
AVD,1584,2022-04-19,False
AVDS,1,2023-07-21,False
AVEE,1,2023-11-10,False
AVES,1,2021-10-01,False
AVGB,1,2025-04-21,False
AVGE,1,2022-09-30,False
AVGE,3,2022-10-04,False
AVGO,1862,2023-05-26,False
AVGO,1872,2023-06-12,False
AVGO,2125,2024-06-13,False
AVGU,2,2025-07-17,False
AVGU,11,2025-07-30,False
AVGU,20,2025-08-12,False
AVGV,1,2023-06-30,False
AVGW,1,2025-07-25,False
AVGX,1,2024-08-23,False
AVIE,1,2022-09-30,False
AVIE,3,2022-10-04,False
AVIG,1,2020-10-16,False
AVIR,1,2020-11-02,False
AVIR,59,2021-01-27,False
AVIR,815,2024-01-30,False
AVIR,1187,2025-07-25,False
AVIR,1341,2026-03-06,False
AVIV,1,2021-10-01,False
AVL,1,2024-10-11,False
AVLC,1,2023-09-29,False
AVLV,1,2021-09-24,False
AVMA,1,2023-06-30,False
AVMC,1,2023-11-10,False
AVMC,24,2023-12-14,False
AVMU,1,2020-12-11,False
AVMV,1,2023-11-10,False
AVMV,24,2023-12-14,False
AVNM,1,2023-06-30,False
AVNS,2541,2026-02-11,False
AVNT,1240,2020-12-04,False
AVNT,1262,2021-01-07,False
AVNT,2536,2026-02-04,False
AVNT,2543,2026-02-13,False
AVNV,1,2023-06-30,False
AVO,1,2020-10-02,False
AVO,85,2021-02-03,False
AVO,88,2021-02-08,False
AVPT,268,2020-11-27,False
AVPT,891,2023-05-22,False
AVPT,895,2023-05-26,False
AVPT,1261,2024-11-08,False
AVPT,1270,2024-11-21,False
AVPT,1278,2024-12-04,False
AVR,1,2024-12-13,False
AVR,39,2025-02-11,False
AVRE,1,2021-10-01,False
AVS,1,2024-10-11,False
AVSC,1,2022-01-14,False
AVSD,1,2022-03-18,False
AVSE,1,2022-03-31,False
AVSF,1,2020-10-16,False
AVSU,1,2022-03-18,False
AVT,1261,2021-01-06,False
AVT,2538,2026-02-06,False
AVTM,1,2026-02-03,False
AVUQ,1,2025-03-28,False
AVUV,301,2020-12-04,False
AVX,1,2021-07-09,False
AVXC,1,2024-03-22,False
AVXL,1211,2020-10-23,False
AVXX,1,2025-10-27,False
AVY,1222,2020-11-09,False
AWAY,1,2020-02-14,False
AWAY,76,2020-06-03,False
AWAY,204,2020-12-03,False
AWAY,259,2021-02-24,False
AWRE,1263,2021-01-13,False
AWRE,2389,2025-07-10,False
AWRE,2394,2025-07-17,False
AWRE,2398,2025-07-23,False
AX,1222,2020-11-09,False
AX,2154,2024-07-26,False
AXAC,1,2022-03-28,False
AXG,1,2025-10-07,False
AXG,8,2025-10-16,False
AXGN,1262,2021-01-07,False
AXGN,2147,2024-07-17,False
AXGN,2163,2024-08-08,False
AXGN,2423,2025-08-22,False
AXGN,2487,2025-11-21,False
AXIA,1345,2021-05-11,False
AXIA,1351,2021-05-19,False
AXIA,1360,2021-06-02,False
AXIA,1363,2021-06-07,False
AXIA,1576,2022-04-08,False
AXIA,2487,2025-11-26,False
AXIA,2492,2025-12-04,False
AXIA-P,1571,2022-04-08,False
AXIA-P-C,2,2026-01-02,False
AXIA-P-C,15,2026-01-22,False
AXIN,1,2025-08-04,False
AXL,1283,2021-02-08,False
AXL,2536,2026-02-04,False
AXON,1281,2021-02-04,True
AXON,1286,2021-02-11,False
AXON,1726,2022-11-09,False
AXON,2228,2024-11-08,False
AXON,2245,2024-12-04,False
AXPG,1,2026-02-20,False
AXR,1790,2023-07-12,False
AXR,1795,2023-07-19,False
AXR,1903,2023-12-20,False
AXSM,2289,2025-02-10,False
AXTI,1008,2020-01-06,False
AXTI,1016,2020-01-16,False
AXTI,1654,2022-07-29,False
AXTI,2467,2025-10-24,True
AXUP,3,2025-09-19,False
AYI,1336,2021-04-26,False
AYI,2017,2024-01-09,False
AYTU,2513,2026-01-05,False
AZ,1,2020-06-02,False
AZ,3,2020-06-05,False
AZI,1,2024-08-29,False
AZTD,1,2022-08-19,False
AZTR,1,2023-06-16,False
AZYY,1,2025-09-17,False
AZZ,2039,2024-02-09,False
AZZ,2540,2026-02-10,False
B,1351,2021-05-17,False
B,2433,2025-09-08,False
B,2442,2025-09-19,False
B,2500,2025-12-11,False
BA,1239,2020-12-03,False
BA,2002,2023-12-15,False
BA-PA,1,2024-10-30,False
BABA,2201,2024-10-02,False
BABA,2289,2025-02-10,False
BABA,2297,2025-02-21,False
BABA,2305,2025-03-05,False
BABA,2434,2025-09-09,False
BABA,2436,2025-09-11,False
BABA,2445,2025-09-24,False
BABO,1,2024-08-09,False
BABO,134,2025-02-21,False
BABO,142,2025-03-05,False
BABO,150,2025-03-17,False
BABO,282,2025-09-24,False
BABU,1,2026-02-12,False
BABW,2,2025-10-27,False
BABX,1,2022-12-14,False
BABX,540,2025-02-10,False
BABX,696,2025-09-24,False
BAC,2001,2023-12-14,False
BACA,1,2021-11-19,False
BACA,928,2025-08-25,False
BACA,1012,2025-12-22,False
BACC,1,2025-08-05,False
BACQ,1,2024-12-03,False
BACQU,1,2024-11-01,False
BACQU,245,2025-10-24,False
BAER,1,2021-03-18,False
BAERW,1,2023-01-24,False
BAFE,1,2024-11-19,False
BAFN,1,2020-01-21,False
BAFN,71,2021-01-28,False
BAFN,82,2021-02-26,False
BAFN,95,2021-04-22,False
BAFN,971,2025-02-06,False
BAFN,980,2025-02-20,False
BAGY,1,2025-04-30,False
BAGY,7,2025-05-08,False
BAI,1,2024-10-23,False
BAI,12,2024-11-07,False
BAIG,1,2025-08-21,False
BAIV,1,2026-02-27,False
BAK,1288,2021-02-16,False
BAK,1331,2021-04-19,False
BAK,1337,2021-04-27,False
BALI,1,2023-09-29,False
BALQ,1,2025-12-04,False
BALT,1,2021-07-02,False
BALY,416,2020-11-19,False
BALY,1339,2024-07-25,False
BALY,1650,2025-10-21,False
BAM,1,2021-02-23,False
BAM,488,2024-11-06,False
BAMA,1,2023-09-29,False
BAMB,1,2023-09-28,False
BAMD,1,2023-09-29,False
BAMG,1,2023-09-28,False
BAMO,1,2023-09-29,False
BAMU,1,2023-09-28,False
BAMV,1,2023-09-28,False
BAMY,1,2023-09-29,False
BANC-P-F,1,2023-12-04,False
BANC-P-F,10,2023-12-15,False
BANC-PF,1,2023-12-04,False
BANC-PF,10,2023-12-15,False
BANL,2,2023-03-27,False
BANR,2001,2023-12-14,False
BANR,2146,2024-07-16,False
BANR,2226,2024-11-06,False
BAOS,1,2021-02-09,False
BAR,2094,2026-01-28,False
BARK,2,2020-12-22,False
BARK,997,2024-12-06,False
BASG,1,2025-06-17,False
BASV,1,2025-06-17,False
BATT,623,2020-11-24,False
BATT,650,2021-01-05,False
BAYA,1,2024-01-02,False
BAYAR,1,2024-01-02,False
BAYAU,1,2023-12-15,False
BBAI,1,2021-04-06,False
BBAI-WT,1,2021-04-05,False
BBAR,1367,2021-06-09,False
BBAR,1672,2022-08-24,False
BBAR,1764,2023-01-05,False
BBAR,2231,2024-11-13,False
BBAR,2234,2024-11-18,False
BBB,1,2023-12-29,False
BBBI,1,2024-01-26,False
BBBL,1,2024-01-26,False
BBBS,1,2024-01-26,False
BBBY,1478,2021-11-15,False
BBBY-WT,1,2025-10-14,False
BBC,2007,2023-12-26,False
BBC,2455,2025-10-09,False
BBC,2459,2025-10-15,False
BBC,2506,2025-12-22,False
BBCP,799,2021-02-16,False
BBCP,817,2021-03-12,False
BBCQ,1,2026-01-29,False
BBCQW,1,2026-01-29,False
BBD,1244,2020-12-10,False
BBD,2170,2024-08-19,False
BBEM,1,2023-05-12,False
BBGI,1000,2020-01-29,False
BBGI,1003,2020-02-03,False
BBGI,1264,2021-02-16,False
BBGI,2420,2025-09-24,False
BBHL,1,2025-11-18,False
BBHM,1,2025-11-18,False
BBIB,1,2023-04-21,False
BBIO,366,2020-12-08,False
BBIO,373,2020-12-17,False
BBIO,377,2020-12-23,False
BBLB,1,2023-04-21,False
BBLGW,1,2021-10-14,False
BBLU,1,2022-10-18,False
BBMC,2,2020-04-17,False
BBMC,8,2020-04-27,False
BBMC,10,2020-04-29,False
BBMC,17,2020-05-08,False
BBNX,1,2025-01-31,False
BBOT,1,2025-08-08,False
BBOT,7,2025-08-18,False
BBSB,1,2023-04-21,False
BBSC,1,2020-11-19,False
BBSC,29,2021-01-07,False
BBT,1222,2020-11-09,False
BBUC,1,2022-03-08,False
BBUC,453,2023-12-22,False
BBVA,1782,2023-02-01,False
BBVA,2305,2025-03-05,False
BBVA,2413,2025-08-08,False
BBW,1740,2022-11-30,False
BBW,2062,2024-03-14,False
BBW,2178,2024-08-29,False
BBW,2246,2024-12-05,False
BBY,1168,2020-08-24,False
BBYY,1,2025-10-22,False
BC,1783,2023-02-02,False
BC,2001,2023-12-14,False
BCAB,1,2020-12-17,False
BCAB,13,2021-01-06,False
BCAB,18,2021-01-13,False
BCAB,25,2021-01-25,False
BCAB,41,2021-02-17,False
BCAR,1,2025-08-21,False
BCAT,1,2020-09-28,False
BCAX,1,2024-09-13,False
BCBP,1302,2021-03-08,False
BCBP,1535,2022-02-07,False
BCC,1346,2021-05-10,False
BCC,1869,2023-06-07,False
BCC,1884,2023-06-29,False
BCC,1893,2023-07-13,False
BCC,1907,2023-08-02,False
BCCC,1,2025-06-05,False
BCD,1088,2022-03-07,False
BCDA,1588,2022-08-23,False
BCDF,1,2022-08-03,False
BCEM,1,2026-04-10,False
BCFN,1,2025-12-16,False
BCG,1,2024-03-28,False
BCGD,1,2025-12-16,False
BCH,2340,2025-04-24,False
BCHI,1,2025-02-14,False
BCHP,1,2023-07-14,False
BCI,1241,2022-03-07,False
BCIC,1232,2020-11-23,False
BCIC,1250,2020-12-18,False
BCIL,1,2024-03-22,False
BCKT,1,2025-09-25,False
BCLO,1,2025-01-31,False
BCML,1169,2021-03-05,False
BCO,1227,2020-11-16,False
BCO,1233,2020-11-24,False
BCO,1240,2020-12-04,False
BCOR,2,2025-05-02,False
BCOR,6,2025-05-08,False
BCOR,9,2025-05-13,False
BCOR,15,2025-05-21,False
BCOW,501,2021-03-03,False
BCPC,1261,2021-01-06,False
BCPL,1,2026-01-13,False
BCSM,1,2025-12-16,False
BCSS-U,1,2025-10-03,False
BCSS-WS,1,2025-11-21,False
BCTK,1,2025-12-16,False
BCTK,5,2025-12-22,False
BCTX,1014,2022-04-07,False
BCTXL,1,2026-01-15,False
BCUS,1,2023-12-22,False
BCV,1254,2020-12-24,False
BCYC,583,2021-09-15,False
BDBT,1,2025-06-24,False
BDC,1283,2021-02-08,False
BDC,2542,2026-02-12,False
BDCX,1,2020-06-04,False
BDCX,3,2020-06-08,False
BDCX,131,2020-12-08,False
BDGS,1,2023-05-12,False
BDIV,1,2024-08-01,False
BDL,2053,2025-06-05,False
BDMD,1,2024-09-27,False
BDMDW,1,2024-09-30,False
BDN,2001,2023-12-14,False
BDN,2213,2024-10-18,False
BDRY,1768,2025-07-17,False
BDSX,1,2020-10-29,False
BDSX,3,2020-11-02,False
BDTX,1,2020-01-31,False
BDTX,634,2022-08-05,False
BDVG,1,2023-07-03,False
BDVL,1,2025-09-16,False
BDYN,1,2025-09-16,False
BE,1757,2025-07-23,True
BEAG,1,2024-12-17,False
BEAGR,1,2024-12-17,False
BEAGR,6,2024-12-27,False
BEAGU,1,2024-10-24,False
BEAM,1,2020-02-07,False
BEAT,1,2021-11-12,False
BEBE-UN,1,2025-12-18,False
BEBE-WS,1,2026-02-09,False
BEBE-WT,1,2026-02-09,False
BEDY,1,2025-12-09,False
BEDZ,1,2021-04-22,False
BEEP,1,2021-05-26,False
BEEP,487,2023-07-31,False
BEEX,1,2024-12-17,False
BEEZ,1,2023-11-09,False
BEG,1,2025-12-17,False
BEGS,1,2025-02-10,False
BEKE,1,2020-08-14,False
BEKE,1144,2025-03-05,False
BELFA,994,2021-03-11,False
BELFA,1300,2022-07-28,False
BELFA,1310,2022-08-11,False
BELFA,2172,2026-02-06,False
BELFB,1565,2022-03-22,False
BELFB,1728,2022-11-11,False
BELFB,2209,2024-10-14,False
BELFB,2400,2025-07-22,False
BELFB,2403,2025-07-25,False
BELFB,2539,2026-02-09,False
BELT,1,2024-06-20,False
BEMB,1,2023-02-27,False
BENF,1,2021-12-06,False
BENJ,1,2025-01-24,False
BEP,2469,2025-10-28,False
BEPC,1,2020-07-27,False
BEPC,18,2020-08-19,False
BEPC,21,2020-08-24,False
BEPC,73,2020-11-05,False
BEPH,1,2021-04-19,False
BEPI,1,2021-12-15,False
BEPJ,1,2024-03-28,False
BERZ,1,2021-08-19,False
BESF,1,2025-06-05,False
BESF,92,2025-10-15,False
BESS-WT,1,2026-02-23,False
BETA,1,2025-11-05,False
BETE,1,2023-10-03,False
BETE,16,2023-10-24,False
BETE,26,2023-11-07,False
BETE,29,2023-11-10,False
BETE,44,2023-12-04,False
BETE,100,2024-02-26,False
BETE,105,2024-03-04,False
BETE,304,2024-12-16,False
BETE,467,2025-08-13,False
BETH,1,2023-10-03,False
BETH,10,2023-10-16,False
BETH,17,2023-10-25,False
BETH,26,2023-11-07,False
BETH,29,2023-11-10,False
BETH,105,2024-03-04,False
BETH,288,2024-11-21,False
BETH,304,2024-12-16,False
BETR,1,2021-05-03,False
BETRW,1,2023-08-22,False
BETZ,2,2020-06-08,False
BETZ,70,2020-09-14,False
BETZ,149,2021-01-06,False
BEX,1,2025-11-14,False
BEZ,1,2026-02-12,False
BFAP,1,2025-04-07,False
BFEB,1,2020-02-04,False
BFEW,1,2026-04-08,False
BFH,1232,2020-11-23,False
BFH,2146,2024-07-16,False
BFIT,1957,2024-02-16,False
BFIX,1,2022-02-11,False
BFJA,1,2026-01-12,False
BFJL,1,2025-07-02,False
BFLB,1,2025-10-09,False
BFLY,1,2020-07-14,False
BFLY,93,2020-11-20,False
BFOC,1,2025-10-03,False
BFRG,1,2023-01-27,False
BFRGW,1,2023-01-27,False
BFRI,1,2021-11-01,False
BFRZ,1,2025-05-14,False
BFS,1302,2021-03-08,False
BFXU,1,2026-04-08,False
BG,1214,2020-10-28,False
BGC,1227,2020-11-16,False
BGC,1240,2020-12-04,False
BGC,1326,2021-04-12,False
BGDV,1,2024-12-13,False
BGI,1759,2022-12-28,False
BGIG,1,2023-09-18,False
BGIN,1,2025-10-22,False
BGL,1,2025-06-27,False
BGLC,1,2020-09-17,False
BGLD,1,2021-01-22,False
BGM,1,2021-01-13,False
BGRO,1,2024-06-06,False
BGS,2555,2026-03-04,False
BGSF,1233,2020-11-24,False
BGSI,902,2022-08-10,False
BH,1239,2020-12-03,False
BH,1799,2023-02-27,False
BH,2244,2024-12-03,False
BH,2254,2024-12-17,False
BH,2259,2024-12-24,False
BH,2400,2025-07-22,False
BH-A,1141,2023-02-27,False
BH-A,1204,2023-06-01,False
BH-A,1528,2024-12-17,False
BH-A,1674,2025-07-22,False
BHAVU,1,2026-03-18,False
BHB,1302,2021-03-08,False
BHC,1279,2021-02-02,False
BHC,1283,2021-02-08,False
BHDG,1,2026-03-19,False
BHIL,1,2021-03-01,False
BHM,1,2022-09-29,False
BHM,4,2022-10-04,False
BHP,1261,2021-01-06,False
BHP,2530,2026-01-27,False
BHP,2541,2026-02-11,False
BHP,2548,2026-02-23,False
BHP,2550,2026-02-25,False
BHR,1542,2022-02-16,False
BHRB,1202,2022-11-15,False
BHRB,1469,2023-12-19,False
BHRB,1473,2023-12-26,False
BHVN,1,2022-09-26,False
BHYB,1,2023-10-30,False
BIAF,1,2022-09-02,False
BIB,1283,2021-02-08,False
BIB,2489,2025-11-25,False
BIDD,1,2024-11-19,False
BIDG,1,2025-12-19,False
BIDG,7,2025-12-30,False
BIDU,1247,2020-12-15,False
BIDU,1257,2020-12-30,False
BIDU,1263,2021-01-08,False
BIDU,2439,2025-09-16,False
BIGY,1,2024-11-22,False
BIIB,1696,2022-09-28,False
BIII-UN,1,2026-01-05,False
BIII-WS,1,2026-01-30,False
BILD,1,2023-11-30,False
BILI,444,2020-01-02,False
BILI,678,2020-12-04,False
BILI,1833,2025-07-15,False
BILL,35,2020-02-04,False
BILL,38,2020-02-07,False
BILL,875,2023-06-06,False
BILL,1245,2024-11-22,False
BILL,1254,2024-12-06,False
BILS,1,2020-09-25,False
BILT,1,2025-08-01,False
BILZ,1,2023-06-23,False
BINC,1,2023-05-24,False
BINI,1,2023-12-22,False
BINT,1,2025-06-24,False
BINV,1,2023-10-06,False
BIOA,1,2024-09-27,False
BIOA,286,2025-11-17,True
BIOA,319,2026-01-06,False
BIOR,1,2020-06-22,False
BIORQ,1,2020-06-22,False
BIPC,2,2020-04-02,False
BIPC,7,2020-04-09,False
BIPC,20,2020-04-29,False
BIPC,156,2020-11-10,False
BIPC,166,2020-11-24,False
BIPH,1,2026-03-17,False
BIPI,1,2022-01-27,False
BIPJ,1,2024-06-06,False
BIRD,1,2021-11-04,False
BIRK,1,2023-10-11,False
BITB,1,2024-01-12,False
BITB,32,2024-02-28,False
BITB,218,2024-11-21,False
BITB,234,2024-12-16,False
BITC,1,2023-03-22,False
BITC,422,2024-11-21,False
BITI,1,2022-06-22,False
BITI,7,2022-06-30,False
BITI,860,2025-11-21,False
BITK,1,2025-09-25,False
BITK,6,2025-10-02,False
BITO,1,2021-10-20,False
BITO,333,2023-02-15,False
BITO,519,2023-11-10,False
BITO,592,2024-02-28,False
BITO,778,2024-11-21,False
BITQ,2,2021-05-12,False
BITQ,12,2021-05-26,False
BITQ,544,2023-07-10,False
BITQ,647,2023-12-04,False
BITQ,651,2023-12-08,False
BITQ,658,2023-12-19,False
BITS,1,2021-11-17,False
BITS,510,2023-11-28,False
BITS,514,2023-12-04,False
BITS,518,2023-12-08,False
BITS,526,2023-12-20,False
BITS,759,2024-11-22,False
BITS,973,2025-10-03,False
BITU,2,2024-04-04,False
BITX,1,2023-06-28,False
BITX,11,2023-07-13,False
BITX,96,2023-11-10,False
BITY,1,2025-04-30,False
BITY,7,2025-05-08,False
BIXI,1,2025-12-18,False
BIYA,3,2025-03-26,False
BJDX,1,2021-11-11,False
BKAG,1,2020-04-27,False
BKCG,1,2025-04-01,False
BKCH,1,2021-07-15,False
BKCH,5,2021-07-21,False
BKCH,16,2021-08-05,False
BKCH,499,2023-07-10,False
BKCH,613,2023-12-19,False
BKCH,754,2024-07-15,False
BKCH,1006,2025-07-17,False
BKCH,1049,2025-09-17,False
BKCH,1061,2025-10-03,False
BKCH,1068,2025-10-14,False
BKCI,1,2021-12-09,False
BKD,2480,2025-11-12,False
BKD,2532,2026-01-29,False
BKDV,2,2024-11-06,False
BKE,1276,2021-01-28,False
BKE,1281,2021-02-04,False
BKE,1734,2022-11-21,False
BKE,2001,2023-12-14,False
BKE,2243,2024-12-02,False
BKE,2416,2025-08-13,False
BKE,2431,2025-09-04,False
BKE,2436,2025-09-11,False
BKEM,1,2020-04-27,False
BKFI,1,2026-01-13,False
BKGI,1,2022-11-04,False
BKGI,8,2022-11-15,False
BKGI,20,2022-12-02,False
BKHA,1,2024-05-14,False
BKHAR,1,2024-05-14,False
BKHAU,1,2024-03-22,False
BKHY,1,2020-04-27,False
BKIE,1,2020-04-27,False
BKKT,1,2020-11-20,False
BKKT-WT,1,2021-10-14,False
BKLC,1,2020-04-13,False
BKMC,1,2020-04-13,False
BKMC,11,2020-04-27,False
BKMC,13,2020-04-29,False
BKMI,1,2026-01-13,False
BKMS,1,2026-01-13,False
BKNG,1910,2023-08-07,False
BKNG,2237,2024-11-21,False
BKNU,1,2025-09-18,False
BKR,1228,2020-11-17,False
BKR,1240,2020-12-04,False
BKR,1557,2022-03-10,False
BKR,1567,2022-03-24,False
BKSE,1,2020-04-13,False
BKSE,11,2020-04-27,False
BKSE,13,2020-04-29,False
BKSY,291,2021-02-18,False
BKSY,437,2021-09-16,False
BKU,1305,2021-03-11,False
BKU,1992,2023-12-01,False
BKU,2001,2023-12-14,False
BKU,2149,2024-07-19,False
BKUI,1,2021-08-12,False
BKV,1,2024-09-27,False
BKV,53,2024-12-11,False
BL,829,2020-02-18,False
BLBD,1265,2021-01-12,False
BLBD,2008,2023-12-26,False
BLBD,2412,2025-08-07,False
BLCN,775,2021-02-16,False
BLCO,1,2022-05-06,False
BLCR,1,2023-10-27,False
BLCV,1,2023-05-24,False
BLD,1782,2023-02-01,False
BLD,2001,2023-12-14,False
BLD,2410,2025-08-05,False
BLDG,1,2020-09-25,False
BLDP,1013,2020-01-13,False
BLDP,1261,2021-01-06,True
BLDR,1172,2020-08-28,False
BLDR,1493,2021-12-07,False
BLDR,1845,2023-05-03,False
BLDX,1,2026-02-03,False
BLFS,1239,2020-12-04,False
BLFS,1251,2020-12-22,False
BLFY,1,2021-07-19,False
BLGR,1,2025-06-24,False
BLIV,1,2025-04-04,False
BLK,2001,2023-12-14,False
BLKB,1282,2021-02-05,False
BLKB,1284,2021-02-09,False
BLLN,1,2025-11-07,False
BLMN,1282,2021-02-05,False
BLMZF,1,2024-07-25,False
BLND,1,2021-07-19,False
BLOK,736,2020-12-17,False
BLOK,739,2020-12-22,False
BLOK,747,2021-01-05,False
BLOK,750,2021-01-08,False
BLOK,1380,2023-07-13,False
BLOK,1480,2023-12-04,False
BLOK,1484,2023-12-08,False
BLOK,1494,2023-12-22,False
BLOK,1496,2023-12-27,False
BLOX,1,2025-06-18,False
BLRK,1,2026-02-03,False
BLRKW,1,2026-02-04,False
BLRX,1824,2023-04-03,False
BLRX,1829,2023-04-11,False
BLRX,1837,2023-04-21,False
BLSG,1,2025-10-28,False
BLSH,1,2025-08-13,False
BLST,1,2025-06-24,False
BLSX,2,2025-10-27,False
BLTD,1,2025-06-24,False
BLTE,1,2022-05-02,False
BLTE,624,2024-10-23,False
BLTE,628,2024-10-29,False
BLTE,880,2025-10-31,False
BLTE,886,2025-11-10,False
BLTE,892,2025-11-18,False
BLUC,1,2025-06-24,False
BLUI,1,2025-06-24,False
BLUW,1,2025-08-01,False
BLUWU,1,2025-06-11,False
BLUX,1,2025-06-24,False
BLZE,2,2021-11-15,False
BLZE,955,2025-09-04,False
BLZR,1,2025-11-04,False
BMA,1365,2021-06-07,False
BMA,2052,2024-02-29,False
BMA,2068,2024-03-22,False
BMA,2191,2024-09-18,False
BMAR,1,2020-03-03,False
BMAY,1,2020-05-04,False
BMBL,2,2021-02-16,False
BMBL,953,2024-11-25,False
BMBL,1115,2025-07-23,False
BMEA,1,2021-04-19,False
BMEA,860,2024-09-17,False
BMEA,875,2024-10-08,False
BMED,1,2020-10-02,False
BMEZ,1,2020-01-30,False
BMGL,1,2025-02-26,False
BMHL,1,2025-07-11,False
BMHL,6,2025-07-18,False
BMI,1263,2021-01-08,False
BMN,1,2022-10-28,False
BMNG,1,2025-10-28,False
BMNU,1,2025-09-29,False
BMNZ,2,2025-11-17,False
BMO,1233,2020-11-24,False
BMOP,1,2026-01-13,False
BMR,1,2023-03-01,False
BMRN,1123,2020-06-19,False
BN,1233,2020-11-24,False
BN,1240,2020-12-04,False
BNAI,1,2021-04-29,False
BNAIW,1,2021-04-26,False
BNDD,1,2021-09-22,False
BNDI,1,2022-08-31,False
BNDP,1,2025-12-05,False
BNDS,1,2025-01-16,False
BNDY,1,2025-07-07,False
BNGE,1,2022-01-27,False
BNGE,4,2022-02-01,False
BNGE,10,2022-02-09,False
BNH,1,2020-10-22,False
BNKD,2,2025-02-24,False
BNKD,8,2025-03-04,False
BNKK,1,2020-11-02,False
BNKU,1,2025-02-21,False
BNKU,219,2026-01-05,False
BNL,1,2020-09-18,False
BNL,20,2020-10-15,False
BNL,185,2021-06-14,False
BNO,1300,2021-03-04,False
BNO,1551,2022-03-02,False
BNO,2554,2026-03-03,False
BNO,2557,2026-03-06,False
BNO,2561,2026-03-12,False
BNO,2565,2026-03-18,False
BNO,2573,2026-03-30,False
BNR,1,2020-06-15,False
BNR,5,2020-06-19,False
BNR,93,2020-10-23,False
BNRG,1,2022-05-26,False
BNT,1,2021-06-29,False
BNTX,391,2021-04-30,False
BNZI,1,2021-02-16,False
BNZIW,1,2021-02-16,False
BOAT,1,2021-08-05,False
BOAT,5,2021-08-11,False
BOAT,23,2021-09-07,False
BOBP,1,2025-05-22,False
BOC,864,2020-11-16,False
BOC,867,2020-11-19,False
BOC,887,2020-12-18,False
BOC,916,2021-02-02,False
BOC,926,2021-02-17,False
BOCN,1,2022-02-07,False
BODI,1,2021-01-19,False
BODI,5,2021-01-25,False
BODI,17,2021-02-10,False
BODI,23,2021-02-19,False
BOED,1,2025-04-24,False
BOEG,1,2025-06-16,False
BOEG,9,2025-06-27,False
BOEG,16,2025-07-09,False
BOEU,3,2025-04-28,False
BOEU,12,2025-05-09,False
BOEU,25,2025-05-29,False
BOF,1,2023-06-16,False
BOH,1992,2023-12-01,False
BOH,2001,2023-12-14,False
BOH-PB,1,2024-06-21,False
BOLD,1,2024-04-01,False
BOLT,3,2021-02-10,False
BOLT,731,2024-01-03,False
BON,1,2021-06-25,False
BOOM,1244,2020-12-10,False
BOOM,1277,2021-01-29,False
BOOM,1289,2021-02-17,False
BOOT,1222,2020-11-09,False
BOOT,1239,2020-12-03,False
BOOT,1282,2021-02-05,False
BOOT,1908,2023-08-03,False
BOOT,2118,2024-06-04,False
BOSC,1111,2020-06-12,False
BOSC,1117,2020-06-22,False
BOTJ,1188,2021-06-21,False
BOTT,1,2024-04-23,False
BOTT,353,2025-09-18,False
BOW,1,2024-05-24,False
BOW,208,2025-03-25,False
BOWN,1,2023-08-17,False
BOX,2177,2024-08-28,False
BOXA,1,2024-12-19,False
BOXX,1,2022-12-29,False
BPAC,1,2022-01-26,False
BPACU,1,2021-12-03,False
BPAY,1,2022-08-19,False
BPH,1,2025-01-08,False
BPH,22,2025-02-10,False
BPI,1,2025-04-03,False
BPOP,1222,2020-11-09,False
BPRE,2,2025-12-18,False
BPRO,2,2026-01-26,False
BQ,1,2020-10-01,False
BRAG,1402,2023-07-31,False
BRAG,1411,2023-08-11,False
BRAI,1,2026-02-13,False
BRAZ,1,2023-08-21,False
BRAZ,3,2023-08-23,False
BRBI,1,2025-09-22,False
BRBR,1284,2024-11-22,False
BRCB,1,2025-09-15,False
BRCC,2,2022-02-09,False
BRCE,1,2025-10-23,False
BREM,1,2025-10-17,False
BRES,1,2026-02-06,False
BRHY,1,2024-06-20,False
BRIA,1,2024-11-29,False
BRIA,5,2024-12-05,False
BRIB,1,2026-02-20,False
BRIE,1,2025-10-23,False
BRIF,1,2024-12-23,False
BRIF,188,2025-09-24,False
BRKC,1,2025-06-06,False
BRKD,1,2024-12-12,False
BRKU,1,2024-12-12,False
BRKW,1,2025-06-20,False
BRLN,1,2022-10-07,False
BRLS,1,2021-10-07,False
BRLSW,1,2025-04-22,False
BRLT,1,2021-09-24,False
BRNS,1,2021-05-04,False
BRNS,8,2021-05-13,False
BRNY,1,2022-10-17,False
BROS,1,2021-09-16,False
BROS,792,2024-11-07,False
BROS,800,2024-11-19,False
BROS,857,2025-02-13,False
BRR,1,2025-06-10,False
BRR,4,2025-06-13,False
BRRR,1,2024-01-12,False
BRRR,218,2024-11-21,False
BRRR,234,2024-12-16,False
BRRR,341,2025-05-22,False
BRRWW,1,2025-07-29,False
BRSHF,1,2022-08-04,False
BRSL,1447,2021-10-01,False
BRTR,1,2023-12-15,False
BRTX,1690,2023-05-19,False
BRZE,1,2021-11-18,False
BRZE,413,2023-07-13,False
BRZE,765,2024-12-04,False
BRZE,773,2024-12-16,False
BRZU,1541,2022-02-15,False
BRZU,1551,2022-03-02,False
BRZU,1573,2022-04-01,False
BRZU,1886,2023-07-03,False
BSAA,1,2025-08-08,False
BSAC,1238,2020-12-02,False
BSBK,1,2020-01-17,False
BSBR,1241,2020-12-07,False
BSBR,1244,2020-12-10,False
BSBR,1568,2022-03-25,False
BSCU,1,2020-09-18,False
BSCV,1,2021-09-17,False
BSCW,1,2022-09-12,False
BSCX,1,2023-09-21,False
BSCY,1,2024-06-13,False
BSCZ,1,2025-06-12,False
BSJS,1,2020-09-17,False
BSJT,1,2021-09-16,False
BSJU,1,2022-09-09,False
BSJV,1,2023-09-21,False
BSJW,1,2024-06-13,False
BSJX,1,2025-06-12,False
BSLK,1,2021-05-10,False
BSLKW,1,2024-08-14,False
BSM,1578,2022-04-08,False
BSM,1591,2022-04-28,False
BSMC,1,2023-10-06,False
BSMU,1,2020-10-13,False
BSMV,1,2021-09-22,False
BSMW,1,2023-03-02,False
BSMY,1,2024-09-12,False
BSMZ,1,2025-09-18,False
BSOL,1,2025-10-29,False
BSR,1,2023-04-19,False
BSRR,2148,2024-07-23,False
BSSX,1,2023-09-21,False
BSTP,1,2022-03-09,False
BSTZ,377,2020-12-22,False
BSVN,729,2021-08-16,False
BSVN,1312,2023-12-15,False
BSVN,1461,2024-07-23,False
BSVO,1,2023-03-14,False
BSY,2,2020-09-25,False
BSY,74,2021-01-08,False
BSY,175,2021-06-04,False
BTBD,1,2021-11-15,False
BTC,1,2024-08-01,False
BTC,80,2024-11-21,False
BTC,96,2024-12-16,False
BTCC,1,2025-04-03,False
BTCI,1,2024-10-18,False
BTCI,8,2024-10-29,False
BTCI,14,2024-11-06,False
BTCL,1,2024-07-11,False
BTCL,3,2024-07-15,False
BTCO,1,2024-01-12,False
BTCO,32,2024-02-28,False
BTCO,218,2024-11-21,False
BTCO,234,2024-12-16,False
BTCO,341,2025-05-22,False
BTCW,1,2024-01-12,False
BTCW,32,2024-02-28,False
BTCW,218,2024-11-21,False
BTCW,234,2024-12-16,False
BTCZ,1,2024-07-11,False
BTDR,1,2021-07-29,False
BTE,1448,2021-10-04,False
BTE,1460,2021-10-20,False
BTEC,1663,2023-12-26,False
BTF,1,2021-10-25,False
BTF,11,2021-11-08,False
BTF,330,2023-02-15,False
BTF,515,2023-11-10,False
BTF,586,2024-02-26,False
BTF,591,2024-03-04,False
BTF,790,2024-12-16,False
BTF,953,2025-08-13,False
BTFD,1,2021-10-22,False
BTFD,12,2021-11-08,False
BTFD,331,2023-02-15,False
BTFD,517,2023-11-10,False
BTFD,593,2024-03-04,False
BTFD,792,2024-12-16,False
BTFD,955,2025-08-13,False
BTFL,2,2026-01-02,False
BTG,2444,2025-09-23,False
BTGD,1,2024-10-17,False
BTGD,9,2024-10-29,False
BTGD,16,2024-11-07,False
BTGD,23,2024-11-18,False
BTGD,27,2024-11-22,False
BTGD,242,2025-10-06,False
BTGO,1,2026-01-22,False
BTI,1521,2022-01-18,False
BTI,1539,2022-02-11,False
BTM,1,2022-04-20,False
BTMD,1,2021-04-29,False
BTMWW,1,2023-06-29,False
BTMWW,3,2023-07-03,False
BTOC,2,2024-05-16,False
BTOP,1,2023-10-03,False
BTOP,16,2023-10-24,False
BTOP,26,2023-11-07,False
BTOP,29,2023-11-10,False
BTOP,44,2023-12-04,False
BTOP,100,2024-02-26,False
BTOP,105,2024-03-04,False
BTOP,304,2024-12-16,False
BTOT,1,2025-12-12,False
BTR,1,2023-04-19,False
BTRN,2,2024-03-25,False
BTRN,170,2024-11-21,False
BTSG,1,2024-01-29,False
BTSGU,1,2024-01-29,False
BTSGU,199,2024-11-08,False
BTTC,1,2025-10-03,False
BTU,2145,2025-10-14,False
BTX,1,2021-03-29,False
BTX,8,2021-04-08,False
BU,1,2025-11-20,False
BU,21,2025-12-19,False
BUCK,1,2022-10-31,False
BUD,2542,2026-02-12,False
BUDA,2,2026-01-08,False
BUDA,14,2026-01-27,False
BUFB,1,2022-02-10,False
BUFC,1,2023-12-14,False
BUFD,1,2021-01-22,False
BUFE,1,2026-04-09,False
BUFG,1,2021-10-27,False
BUFH,1,2025-06-26,False
BUFI,1,2024-12-11,False
BUFM,1,2024-12-11,False
BUFP,1,2024-06-14,False
BUFQ,1,2022-06-15,False
BUFR,1,2020-08-18,False
BUFS,1,2024-06-05,False
BUFT,1,2021-10-27,False
BUFX,1,2025-06-26,False
BUFY,1,2024-09-27,False
BUFZ,1,2023-10-27,False
BULD,1,2022-05-06,False
BULG,1,2025-08-12,False
BULL,1,2022-08-19,False
BULU,1,2025-07-31,False
BULZ,3,2021-08-23,False
BULZ,8,2021-08-30,False
BURL,1993,2023-12-04,False
BURU,1,2020-10-26,False
BUSA,1,2023-10-06,False
BUSE,2000,2023-12-13,False
BUSEP,1,2025-05-15,False
BUUU,3,2025-08-18,False
BUUU,7,2025-08-22,False
BUXX,1,2023-08-11,False
BUYO,1,2024-10-09,False
BUYO,21,2024-11-06,False
BUYW,1,2022-09-13,False
BUYZ,1,2020-02-28,False
BUYZ,65,2020-06-01,False
BUYZ,87,2020-07-01,False
BUZZ,1,2021-03-05,False
BV,1442,2024-03-22,False
BV,1446,2024-03-28,False
BVAL,1,2025-06-24,False
BVC,1,2021-03-29,False
BVC,240,2022-03-16,False
BVFL,841,2023-12-01,False
BVFL,851,2023-12-15,False
BVN,1155,2020-08-05,False
BVN,2002,2023-12-15,False
BVN,2445,2025-09-24,False
BVN,2448,2025-09-29,False
BVN,2455,2025-10-08,False
BVN,2461,2025-10-16,False
BVN,2517,2026-01-07,False
BVN,2520,2026-01-12,False
BVN,2525,2026-01-20,False
BVN,2529,2026-01-26,False
BVN,2539,2026-02-09,False
BVS,1,2021-02-12,False
BW,1240,2020-12-04,False
BW,1245,2020-12-11,False
BWAY,1091,2023-08-17,False
BWAY,1103,2023-09-05,False
BWAY,1688,2026-01-05,False
BWAY,1693,2026-01-12,False
BWAY,1703,2026-01-27,False
BWB,749,2021-03-05,False
BWB,1449,2023-12-14,False
BWEB,1,2022-10-05,False
BWEB,193,2023-07-13,False
BWEB,293,2023-12-04,False
BWEB,301,2023-12-14,False
BWEB,309,2023-12-27,False
BWEB,697,2025-07-17,False
BWET,1,2023-05-04,False
BWET,587,2025-09-05,False
BWET,592,2025-09-12,False
BWET,635,2025-11-12,False
BWET,641,2025-11-20,False
BWET,655,2025-12-11,False
BWFG,1301,2021-03-08,False
BWIN,1195,2024-07-26,False
BWIV-UN,1,2026-03-23,False
BWLP,1204,2020-10-14,False
BWLP,1932,2023-09-07,False
BWLP,2106,2024-05-16,False
BWLP,2410,2025-08-05,False
BWLP,2423,2025-08-22,False
BWLP,2547,2026-02-20,False
BWLP,2553,2026-03-02,False
BWMN,1,2021-05-10,False
BWMN,434,2023-01-27,False
BWMN,440,2023-02-06,False
BWMN,1057,2025-07-24,False
BWMN,1067,2025-08-07,False
BWMN,1071,2025-08-13,False
BWMX,1049,2023-03-06,False
BWMX,1057,2023-03-16,False
BWMX,1313,2024-03-22,False
BWNB,1,2021-12-20,False
BWNB,615,2024-05-31,False
BWOW,1,2025-11-28,False
BWTG,1,2023-11-10,False
BWXT,2051,2024-02-28,False
BWXT,2211,2024-10-16,False
BWXT,2410,2025-08-05,False
BXC,1268,2021-01-20,False
BXC,1277,2021-02-02,False
BXP,1240,2020-12-04,False
BXSL,1,2021-10-29,False
BXSL,10,2021-11-11,False
BY,918,2021-02-24,False
BYAH,1,2024-12-30,False
BYD,1206,2020-10-16,False
BYD,1282,2021-02-05,False
BYD,1305,2021-03-11,False
BYFC,1731,2023-01-27,False
BYFC,2347,2025-07-15,False
BYRE,1,2022-05-20,False
BZ,1,2021-06-14,False
BZ,10,2021-06-25,False
BZ,944,2025-03-17,False
BZAI,1,2022-02-01,False
BZAI,728,2024-12-23,False
BZAIW,1,2025-01-14,False
BZFD,1,2021-03-08,False
BZFDW,1,2021-03-08,False
BZH,1842,2023-04-28,False
BZQ,1049,2020-03-05,False
BZQ,2255,2024-12-18,False
BZUN,2198,2024-09-27,False
CA,1,2023-12-15,False
CAAA,1,2024-02-29,False
CAAP,781,2021-03-11,False
CAAP,828,2021-05-18,False
CAAP,1966,2025-11-26,False
CAAP,1968,2025-12-01,False
CABR,1,2025-06-18,False
CABZ,1,2026-01-15,False
CAC,1302,2021-03-08,False
CAC,1316,2021-03-26,False
CAC,1992,2023-12-01,False
CACC,1427,2021-09-02,False
CADE,2001,2023-12-14,False
CADL,3,2021-07-30,False
CADL,11,2021-08-11,False
CAE,1222,2020-11-09,False
CAEP,1,2025-06-27,False
CAFG,1,2023-05-03,False
CAFX,1,2024-09-11,False
CAH,1664,2022-08-12,False
CAI,1,2025-06-20,False
CAI,18,2025-07-16,False
CAIE,1,2025-06-26,False
CAIQ,1,2025-11-21,False
CAKE,1275,2021-01-27,False
CAKE,2226,2024-11-06,False
CALC,1,2020-09-28,False
CALI,1,2023-07-14,False
CALM,1563,2022-03-18,False
CALM,1573,2022-04-01,False
CALM,2211,2024-10-16,False
CALM,2253,2024-12-16,False
CALX,1033,2020-02-11,False
CALX,1474,2021-11-09,False
CALY,1270,2021-01-20,False
CALY,1281,2021-02-04,False
CAM,1,2025-10-07,False
CAML,1,2023-08-23,False
CAMP,1,2024-10-14,False
CAMT,1019,2020-01-22,False
CAMT,1893,2023-07-13,False
CAMT,1903,2023-07-27,False
CAMT,2134,2024-06-27,False
CAMT,2140,2024-07-08,False
CAMX,1,2023-02-14,False
CANC,1,2023-08-15,False
CANE,1827,2023-04-25,False
CANE,1835,2023-05-05,False
CANG,1400,2024-02-20,False
CANQ,1,2024-02-14,False
CAOS,1,2023-03-07,False
CAPE,1,2022-04-06,False
CAPN,1,2024-10-25,False
CAPNR,2,2024-10-28,False
CAPNU,1,2024-09-23,False
CAPR,2006,2023-12-21,False
CAPR,2009,2023-12-27,False
CAPR,2015,2024-01-05,False
CAPS,1025,2020-01-30,False
CAPS,1243,2020-12-09,False
CAPS,1518,2022-01-12,False
CAPT,1,2022-04-05,False
CAPTW,1,2022-04-05,False
CAPTW,5,2022-04-11,False
CAQUU,1,2026-02-05,False
CAQUW,1,2026-04-02,False
CAR,1302,2021-03-08,False
CAR,1305,2021-03-11,False
CAR,1318,2021-03-30,False
CAR,1458,2021-10-18,False
CAR,1461,2021-10-21,False
CAR,1463,2021-10-25,False
CAR,2380,2025-06-23,False
CAR,2388,2025-07-03,False
CARD,1,2023-06-29,False
CARE,2127,2024-07-16,False
CARG,1553,2023-12-14,False
CARG,1782,2024-11-12,False
CARK,1,2023-12-08,False
CARL,2,2025-07-24,False
CARR,1,2020-03-20,False
CARR,168,2020-11-16,False
CARR,832,2023-07-11,False
CARR,845,2023-07-28,False
CARS,1148,2021-12-08,False
CARS,1313,2022-08-05,False
CARS,1318,2022-08-12,False
CARS,1451,2023-02-23,False
CART,1,2023-09-19,False
CART,138,2024-04-05,False
CARU,3,2023-07-03,False
CARU,7,2023-07-10,False
CARU,14,2023-07-19,False
CARU,356,2024-11-25,False
CARV,1105,2021-01-27,False
CARY,1,2022-11-09,False
CARZ,1210,2020-11-24,False
CAS,1,2025-01-15,False
CASH,1210,2020-10-22,False
CASH,2153,2024-07-25,False
CAT,1906,2023-08-01,False
CAT,2470,2025-10-29,False
CATF,1,2024-07-19,False
CAUD,1,2021-09-07,False
CAVA,1,2023-06-16,False
CAVA,7,2023-06-27,False
CAVA,175,2024-02-27,False
CBAN,1899,2023-12-15,False
CBAN,2051,2024-07-26,False
CBAT,1993,2023-12-04,False
CBC,79,2023-07-14,False
CBFV,1036,2020-06-08,False
CBK,1,2025-10-03,False
CBL,1,2021-11-03,False
CBL,3,2021-11-05,False
CBLL,1,2024-10-11,False
CBLS,1,2020-11-16,False
CBNA,1,2024-10-04,False
CBNA,10,2024-10-17,False
CBNA,41,2024-12-02,False
CBNK,1465,2024-07-25,False
CBOA,1,2025-04-08,False
CBOJ,1,2025-01-23,False
CBOL,1,2025-10-15,False
CBOO,1,2025-10-08,False
CBOY,1,2025-07-09,False
CBRL,2362,2025-05-27,False
CBSE,1,2020-11-16,False
CBT,1541,2022-02-15,False
CBTA,2,2025-04-09,False
CBTJ,1,2025-02-05,False
CBTL,1,2025-10-15,False
CBTO,1,2025-10-08,False
CBTY,1,2025-07-09,False
CBU,2151,2024-07-23,False
CBXA,1,2025-04-08,False
CBXJ,1,2025-02-05,False
CBXL,1,2025-10-15,False
CBXO,1,2025-10-08,False
CBXY,1,2025-07-09,False
CC,1604,2022-05-17,False
CC,1611,2022-05-26,False
CCAP,1,2020-02-04,False
CCB,606,2020-12-11,False
CCB,829,2021-11-01,False
CCB,844,2021-11-22,False
CCB,1587,2024-11-06,False
CCBG,2150,2024-07-25,False
CCC,1,2020-10-06,False
CCCC,1,2020-10-05,False
CCCC,12,2020-10-20,False
CCCX,1,2025-07-08,False
CCCX,64,2025-10-06,False
CCEC,2023,2024-01-18,False
CCEF,1,2024-01-17,False
CCFE,1,2025-06-13,False
CCFE,13,2025-07-02,False
CCG,2,2025-04-15,False
CCGWW,1,2023-09-19,False
CCGWW,634,2026-03-30,False
CCHH,1,2025-10-06,False
CCII,2,2025-08-25,False
CCIRW,1,2024-12-03,False
CCIX,1,2024-06-24,False
CCIXU,1,2024-05-03,False
CCIXW,2,2024-06-24,False
CCJ,2211,2024-10-16,False
CCJ,2371,2025-06-09,False
CCJ,2381,2025-06-24,False
CCL,1869,2023-06-07,False
CCL,1872,2023-06-12,False
CCL,2226,2024-11-06,False
CCL,2386,2025-07-01,False
CCLDO,1,2022-02-04,False
CCMG,1,2024-01-17,False
CCNE,2149,2024-07-23,False
CCNR,1,2024-07-12,False
CCRN,1645,2022-07-18,False
CCRP,1,2025-12-12,False
CCS,1031,2020-02-07,False
CCS,2001,2023-12-14,False
CCSB,1,2024-04-15,False
CCSI,1,2021-10-01,False
CCSI,1109,2026-03-04,False
CCSO,1,2022-09-21,False
CCSO,10,2022-10-04,False
CCTG,1,2024-01-19,False
CCU,2305,2025-03-05,False
CCUP,1,2025-08-12,False
CCXIW,1,2026-02-11,False
CDAQ,1,2021-12-07,False
CDE,2428,2025-08-29,False
CDE,2432,2025-09-05,False
CDE,2443,2025-09-22,False
CDE,2455,2025-10-08,False
CDEI,2,2023-02-02,False
CDIG,1,2025-09-18,False
CDIO,1,2022-01-18,False
CDIOW,1,2022-01-18,False
CDLR,1,2023-12-27,False
CDLR,531,2026-02-09,False
CDLX,500,2020-02-06,False
CDNA,1251,2020-12-22,False
CDNA,1266,2021-01-14,False
CDNA,1782,2023-02-02,False
CDNA,2166,2024-08-14,False
CDNL,2,2025-12-12,False
CDRE,2,2021-11-08,False
CDRE,996,2025-10-24,False
CDRO,923,2024-02-15,False
CDT,1,2022-03-29,False
CDTG,1,2024-04-19,False
CDTTW,1,2023-09-22,False
CDX,1,2022-02-16,False
CDXS,1237,2020-12-01,False
CDZI,2240,2024-11-26,False
CDZI,2460,2025-10-15,False
CE,2001,2023-12-14,False
CE,2536,2026-02-04,False
CECO,2146,2024-07-16,False
CECO,2405,2025-07-29,False
CECO,2415,2025-08-12,False
CECO,2423,2025-08-22,False
CEF,1154,2020-08-04,False
CEF,1156,2020-08-06,False
CEF,2461,2025-10-16,False
CEF,2520,2026-01-12,False
CEF,2522,2026-01-14,False
CEF,2529,2026-01-26,False
CEFA,1,2020-06-25,False
CEFD,1,2020-06-04,False
CEFZ,1,2025-08-05,False
CEG,1,2022-01-20,False
CEG,7,2022-01-28,False
CEG,10,2022-02-02,False
CEG,62,2022-04-19,False
CEG,547,2024-03-25,False
CEG,590,2024-05-24,False
CEG,755,2025-01-23,False
CEGX,1,2025-07-14,False
CEGX,13,2025-07-30,False
CELG-RI,1,2024-12-06,False
CELT,1,2025-10-09,False
CELUW,1,2021-07-20,False
CENQW,1,2021-10-05,False
CENQW,17,2021-10-27,False
CENX,2001,2023-12-14,False
CENX,2455,2025-10-08,False
CEPF,2,2025-08-22,False
CEPI,1,2024-12-05,False
CEPO,1,2025-01-08,False
CEPO,85,2025-05-12,False
CEPS,1,2026-02-06,False
CEPT,1,2025-05-05,False
CEPU,908,2021-09-13,False
CEPU,1148,2022-08-25,False
CEPU,1710,2024-11-19,False
CEPU,1725,2024-12-11,False
CEPV,1,2025-11-05,False
CERO,1,2021-12-01,False
CEROW,1,2024-02-13,False
CERT,1,2020-12-14,False
CERT,183,2021-09-03,False
CERY,1,2024-09-06,False
CETH,810,2022-04-18,False
CEVA,1037,2020-02-18,False
CEVA,1158,2020-08-10,False
CEVA,1265,2021-01-12,False
CEVA,2244,2024-12-03,False
CF,1447,2021-10-01,False
CF,1564,2022-03-21,False
CF,1568,2022-03-25,False
CF,2557,2026-03-06,False
CF,2561,2026-03-12,False
CFBK,1250,2020-12-18,False
CFBK,2013,2024-01-03,False
CFBK,2023,2024-01-18,False
CFBK,2526,2026-01-21,False
CFBK,2538,2026-02-06,False
CFFI,1301,2021-03-08,False
CFFI,2120,2024-06-26,False
CFFI,2219,2024-11-14,False
CFFI,2227,2024-11-26,False
CFFN,2151,2024-07-23,False
CFG-P-I,1,2025-07-29,False
CFG-PH,1,2024-05-20,False
CFIT,1,2025-03-31,False
CFND,1,2025-08-08,False
CFR,2226,2024-11-06,False
CG,1783,2023-02-02,False
CG,1897,2023-07-19,False
CG,2001,2023-12-14,False
CG,2213,2024-10-18,False
CG,2226,2024-11-06,False
CG,2403,2025-07-25,False
CG,2411,2025-08-06,False
CGAU,2069,2024-05-21,False
CGAU,2407,2025-09-26,False
CGAU,2409,2025-09-30,False
CGAU,2420,2025-10-15,False
CGAU,2485,2026-01-20,False
CGAU,2491,2026-01-28,False
CGBL,1,2023-09-29,False
CGBSW,1,2024-07-10,False
CGC,1280,2021-02-03,False
CGCB,1,2023-09-29,False
CGCP,1,2022-02-25,False
CGCT,2,2025-06-25,False
CGCTU,1,2025-05-01,False
CGCV,1,2024-06-28,False
CGDG,1,2023-09-29,False
CGDV,1,2022-02-25,False
CGEM,1,2021-01-11,False
CGEM,3,2021-01-13,False
CGEN,1039,2020-02-20,False
CGEN,1868,2023-06-06,False
CGGE,1,2024-06-28,False
CGGG,1,2025-06-27,False
CGGO,1,2022-02-23,False
CGGR,2,2022-02-25,False
CGHM,1,2024-06-28,False
CGHY,1,2025-06-27,False
CGIB,1,2024-06-28,False
CGIC,1,2024-06-28,False
CGIE,1,2023-09-29,False
CGMM,1,2025-01-17,False
CGMS,1,2022-10-28,False
CGMU,1,2022-10-28,False
CGNG,1,2024-06-28,False
CGNT,1,2021-02-01,False
CGNT,724,2023-12-14,False
CGNT,967,2024-12-03,False
CGNX,2416,2025-08-13,False
CGON,1,2024-01-26,False
CGON,9,2024-02-07,False
CGON,15,2024-02-15,False
CGON,413,2025-09-18,False
CGRO,1,2023-10-18,False
CGRO,241,2024-10-02,False
CGSD,1,2022-10-28,False
CGSM,1,2023-09-29,False
CGTL,1,2024-11-27,False
CGTL,4,2024-12-03,False
CGTX,1,2021-10-11,False
CGUI,1,2024-06-28,False
CGUS,1,2022-02-25,False
CGV,1,2022-08-02,False
CGVV,1,2025-06-27,False
CGXU,1,2022-02-24,False
CHA,1,2025-04-17,False
CHA,7,2025-04-28,False
CHAC,1,2025-05-20,False
CHAC,116,2025-11-03,False
CHACR,1,2025-05-20,False
CHACR,9,2025-06-03,False
CHAI,1,2020-09-28,False
CHAR,1,2024-11-27,False
CHARR,2,2024-11-27,False
CHARR,7,2024-12-09,False
CHARR,12,2024-12-20,False
CHARU,1,2024-10-25,False
CHAT,1,2023-05-19,False
CHAT,7,2023-05-30,False
CHAT,17,2023-06-13,False
CHAU,1133,2020-07-06,False
CHAU,2423,2025-08-22,False
CHAU,2436,2025-09-11,False
CHCI,2055,2024-04-11,False
CHCI,2061,2024-04-19,False
CHCI,2163,2024-09-16,False
CHCI,2169,2024-09-24,False
CHCI,2172,2024-09-27,False
CHCI,2176,2024-10-03,False
CHCI,2398,2025-08-25,False
CHCI,2400,2025-08-27,False
CHCI,2548,2026-03-31,False
CHD,1152,2020-07-31,False
CHDN,1441,2021-09-23,False
CHEC,1,2025-11-12,False
CHIQ,1111,2020-06-03,False
CHIQ,1133,2020-07-06,False
CHNU,1,2026-04-02,False
CHOW,1,2025-09-17,False
CHPG,1,2025-06-23,False
CHPGU,1,2025-05-29,False
CHPS,1,2023-07-14,False
CHPS,11,2023-07-28,False
CHPT,253,2020-09-16,False
CHPX,1,2025-10-02,False
CHPX,18,2025-10-27,False
CHPY,1,2025-04-04,False
CHPY,4,2025-04-09,False
CHRD,1283,2021-02-08,False
CHRD,1289,2021-02-17,False
CHRD,1292,2021-02-22,False
CHRD,1312,2021-03-22,False
CHRD,1370,2021-06-14,False
CHRD,2569,2026-03-24,False
CHRD,2571,2026-03-26,False
CHRI,1,2025-09-25,False
CHRW,2416,2025-08-13,False
CHRW,2532,2026-01-29,False
CHSN,1,2023-03-31,False
CHYM,1,2025-06-13,False
CIA,1808,2023-03-10,False
CIA,1818,2023-03-24,False
CIA,1820,2023-03-28,False
CIA,1823,2023-03-31,False
CIB,1244,2020-12-10,False
CIB,1247,2020-12-15,False
CIB,2015,2024-01-05,False
CIB,2281,2025-01-29,False
CIB,2296,2025-02-20,False
CICB,1,2024-10-10,False
CIEN,2054,2024-03-04,False
CIEN,2431,2025-09-04,False
CIEN,2450,2025-10-01,False
CIFG,1,2025-12-12,False
CIFR,1,2020-10-21,False
CIFR,97,2021-03-11,False
CIFR,228,2021-09-16,False
CIFU,1,2025-11-24,False
CIG,1245,2020-12-11,False
CIG,1254,2020-12-24,False
CIG,1567,2022-03-24,False
CIG-C,1353,2021-05-19,False
CIG-C,1362,2021-06-02,False
CIG-C,1846,2023-05-04,False
CIG-C,2580,2026-04-09,False
CIGL,2,2025-04-23,False
CIGL,11,2025-05-06,False
CIIT,1896,2023-07-18,False
CIMN,1,2024-05-29,False
CIMO,1,2024-08-23,False
CIMP,1,2025-09-19,False
CING,1,2021-12-09,False
CINGW,1,2021-12-09,False
CINT,2,2021-11-12,False
CINT,691,2024-08-13,False
CIO,1240,2020-12-04,False
CIO,2000,2023-12-13,False
CIO,2402,2025-07-24,False
CION,1,2021-10-06,False
CION,17,2021-10-28,False
CION,37,2021-11-26,False
CISO,2,2021-03-23,False
CISS,1,2023-06-15,False
CITR,1,2025-12-02,False
CITR,11,2025-12-16,False
CIZ,1,2021-05-17,False
CJMB,1,2025-02-04,False
CKX,1375,2023-08-28,False
CLAR,1355,2021-05-21,False
CLAR,1359,2021-05-27,False
CLB,2146,2024-07-16,False
CLB,2153,2024-07-25,False
CLBK,645,2020-11-10,False
CLBT,1,2020-11-09,False
CLBT,948,2024-08-16,False
CLCG,1,2025-07-24,False
CLCV,1,2025-07-24,False
CLDI,1,2021-11-02,False
CLF,1261,2021-01-06,False
CLF,2463,2025-10-20,False
CLFD,1283,2021-02-08,False
CLFD,1466,2021-10-28,False
CLFD,1473,2021-11-08,False
CLFD,1477,2021-11-12,False
CLFD,1654,2022-07-29,False
CLH,1233,2020-11-24,False
CLH,1240,2020-12-04,False
CLIK,1,2024-10-10,False
CLIM,1,2026-03-13,False
CLIP,1,2023-06-22,False
CLIX,619,2020-05-06,False
CLMB,1100,2020-05-29,False
CLMB,1106,2020-06-08,False
CLMB,1793,2023-03-02,False
CLMB,1810,2023-03-27,False
CLMB,2166,2024-08-26,False
CLMB,2226,2024-11-19,False
CLMT,2539,2026-02-09,False
CLMT,2543,2026-02-13,False
CLNK,1,2026-01-15,False
CLOA,1,2023-01-13,False
CLOB,1,2024-09-26,False
CLOC,1,2025-10-24,False
CLOD,1,2023-12-18,False
CLOI,1,2022-06-24,False
CLOV,1,2020-06-15,False
CLOV,6,2020-06-22,False
CLOV,133,2020-12-21,False
CLOV,1159,2025-01-23,False
CLOV,1168,2025-02-05,False
CLOX,1,2023-07-20,False
CLOZ,1,2023-01-25,False
CLPR,1893,2024-08-21,False
CLPR,1909,2024-09-13,False
CLPR,1930,2024-10-14,False
CLPT,988,2020-01-14,False
CLPT,1178,2020-10-14,False
CLPT,1242,2021-01-15,False
CLRC,1,2022-06-03,False
CLS,1891,2023-07-11,False
CLS,1903,2023-07-27,False
CLS,2039,2024-02-09,False
CLS,2047,2024-02-22,False
CLS,2053,2024-03-01,False
CLS,2235,2024-11-19,False
CLS,2276,2025-01-22,False
CLS,2381,2025-06-24,False
CLS,2385,2025-06-30,False
CLS,2405,2025-07-29,False
CLS,2413,2025-08-08,False
CLSE,1,2022-02-22,False
CLSKW,1,2024-11-05,False
CLSM,1,2021-07-14,False
CLST,1,2021-10-14,False
CLSX,2,2025-09-18,False
CLSZ,1,2026-02-20,False
CLVT,328,2020-02-20,False
CLW,1460,2021-10-20,False
CLYM,1,2021-08-11,False
CMBM,417,2021-02-22,False
CMBO,1,2025-11-05,False
CMBT,1554,2022-03-07,False
CMBT,1680,2022-09-06,False
CMBT,2116,2024-05-31,False
CMBT,2549,2026-02-24,False
CMC,1302,2021-03-08,False
CMC,1316,2021-03-26,False
CMCAW,1,2022-01-24,False
CMCI,1,2023-08-24,False
CMCL,1025,2020-02-07,False
CMCL,1769,2023-01-23,False
CMCL,2326,2025-04-11,False
CMCL,2328,2025-04-15,False
CMCL,2368,2025-06-12,False
CMCO,1783,2023-02-02,False
CMCO,2538,2026-02-06,False
CMDB,1,2025-05-02,False
CMDB,103,2025-09-29,False
CMDY,875,2022-03-07,False
CMGG,1,2025-11-18,False
CMGG,18,2025-12-12,False
CMGG,22,2025-12-18,False
CMI,2416,2025-08-13,False
CMND,1,2021-09-02,False
CMPS,2,2020-09-22,False
CMPS,286,2021-11-05,False
CMPS,704,2023-07-10,False
CMPS,828,2024-01-04,False
CMPX,1,2021-04-06,False
CMPX,1042,2025-07-10,False
CMRC,1,2020-08-06,False
CMRE,1013,2020-01-13,False
CMRE,2116,2024-05-31,False
CMRE,2129,2024-06-20,False
CMRE,2423,2025-08-22,False
CMT,1563,2022-03-18,False
CMT,1663,2022-08-11,False
CMT,2582,2026-04-14,False
CMTG,1,2021-11-04,False
CMTG,11,2021-11-18,False
CMTG,20,2021-12-02,False
CMTG,531,2023-12-14,False
CMTL,1781,2023-01-31,False
CNAV,1,2024-10-02,False
CNBS,335,2020-11-17,False
CNBS,340,2020-11-24,False
CNBS,343,2020-11-30,False
CNBS,387,2021-02-03,False
CNCK,1,2021-09-13,False
CNDT,1003,2020-12-08,False
CNEQ,1,2024-04-08,False
CNEY,1,2021-02-08,False
CNEY,97,2021-06-25,False
CNF,727,2021-09-29,False
CNGL,1,2022-01-24,False
CNH,1247,2020-12-15,False
CNH,1250,2020-12-18,False
CNH,1253,2020-12-23,False
CNH,1261,2021-01-06,False
CNH,1742,2022-12-02,False
CNH,2536,2026-02-04,False
CNK,2061,2024-03-13,False
CNK,2182,2024-09-05,False
CNL,1,2021-07-15,False
CNL,898,2025-02-10,False
CNL,908,2025-02-25,False
CNL,915,2025-03-06,False
CNL,918,2025-03-11,False
CNL,1137,2026-01-23,False
CNL,1139,2026-01-27,False
CNM,1,2021-07-23,False
CNM,668,2024-03-19,False
CNMD,1841,2023-04-27,False
CNO,1240,2020-12-04,False
CNOB,2001,2023-12-14,False
CNP,1227,2020-11-16,False
CNQ,1457,2021-10-15,False
CNQ,2561,2026-03-12,False
CNQQ,1,2025-09-29,False
CNR,1459,2023-09-05,False
CNRG,331,2020-02-19,False
CNRG,492,2020-10-07,False
CNRG,501,2020-10-20,False
CNRG,554,2021-01-06,False
CNRG,565,2021-01-22,False
CNRG,577,2021-02-09,False
CNRG,1736,2025-09-22,False
CNRG,1743,2025-10-01,False
CNS,1240,2020-12-04,False
CNS,2001,2023-12-14,False
CNS,2008,2023-12-26,False
CNTA,2,2021-06-02,False
CNTA,10,2021-06-14,False
CNTA,828,2024-09-13,False
CNTB,1,2021-03-22,False
CNTB,8,2021-03-31,False
CNTN,1,2022-01-13,False
CNTX,1,2021-10-21,False
CNTX,1066,2026-01-21,False
CNTY,2240,2024-11-26,False
CNVS,2384,2025-06-27,False
CNX,1463,2021-10-25,False
CNX,1568,2022-03-25,False
CNX,1582,2022-04-14,False
CNX,2202,2024-10-03,False
CNX,2208,2024-10-11,False
CNX,2217,2024-10-24,False
CNXC,1,2020-11-25,False
CNXC,4,2020-12-01,False
CNXT,1133,2020-07-06,False
CNXT,2419,2025-08-18,False
CNXT,2423,2025-08-22,False
CNXT,2428,2025-08-29,False
CNXT,2436,2025-09-11,False
CNYA,1014,2020-07-06,False
CNYA,2080,2024-10-02,False
COAL,1,2024-01-25,False
COCH,1,2021-04-30,False
COCHW,1,2021-04-27,False
COCO,1,2021-10-22,False
COCO,9,2021-11-03,False
COCO,17,2021-11-15,False
COCP,2124,2024-06-12,False
CODA,1740,2023-05-31,False
CODI,1426,2021-09-01,False
COE,1766,2023-06-30,False
COEP,1,2020-12-18,False
COEP,7,2020-12-29,False
COEPW,1,2020-12-18,False
COEPW,4,2020-12-23,False
COF,1262,2021-01-07,False
COF,2226,2024-11-06,False
COFS,1333,2022-12-30,False
COFS,1572,2023-12-13,False
COHN,2288,2025-07-21,False
COHN,2381,2025-12-01,False
COHN,2388,2025-12-10,False
COHR,1230,2020-11-19,False
COHR,1232,2020-11-23,False
COHR,1241,2020-12-07,False
COHR,1269,2021-01-19,False
COHR,2036,2024-02-06,False
COHR,2054,2024-03-04,False
COHR,2404,2025-07-28,False
COHR,2412,2025-08-07,False
COHU,1237,2020-12-01,False
COHU,1727,2022-11-10,False
COHU,2539,2026-02-09,False
COHX,1,2026-02-20,False
COIA,1,2025-09-11,False
COIA,6,2025-09-18,False
COIG,1,2025-03-17,False
COII,1,2025-06-05,False
COII,23,2025-07-09,False
COII,30,2025-07-18,False
COIN,2,2021-04-16,False
COIN,140,2021-11-01,False
COIN,665,2023-12-04,False
COIN,669,2023-12-08,False
COIN,676,2023-12-19,False
COIO,1,2025-08-14,False
COIW,1,2025-02-20,False
COKE,1359,2021-05-27,False
COKE,1361,2021-06-01,False
COKE,1481,2021-11-18,False
COKE,1484,2021-11-23,False
COKE,1996,2023-12-07,False
COKE,2000,2023-12-13,False
COKE,2009,2023-12-27,False
COKE,2158,2024-08-01,False
COKE,2480,2025-11-12,False
COLA,1,2025-03-18,False
COLAU,2,2025-01-24,False
COLB,2001,2023-12-14,False
COLB,2154,2024-07-26,False
COLL,2422,2025-08-21,False
COLM,1282,2021-02-05,False
COLO,1240,2020-12-04,False
COLO,1247,2020-12-15,False
COLO,2015,2024-01-05,False
COMB,1193,2022-03-07,False
COMP,1,2021-04-05,False
COMP,855,2024-08-26,False
COMP,1096,2025-08-13,False
COMP,1103,2025-08-22,False
COMT,1551,2022-03-02,False
COMT,1555,2022-03-08,False
COMT,2561,2026-03-12,False
COMT,2572,2026-03-27,False
CON,1,2024-07-26,False
CONI,2,2024-09-06,False
CONL,1,2022-08-10,False
CONX,1,2025-11-20,False
CONY,1,2023-08-16,False
CONY,10,2023-08-29,False
CONY,68,2023-11-20,False
CONY,81,2023-12-08,False
CONY,85,2023-12-14,False
CONY,88,2023-12-19,False
CONY,91,2023-12-22,False
CONY,93,2023-12-27,False
COOK,3,2021-08-03,False
COOT,1,2020-12-11,False
COOTW,2,2020-12-14,False
COP,1240,2020-12-04,False
COP,1452,2021-10-08,False
COPA,2,2024-09-26,False
COPA,253,2025-09-29,False
COPA,321,2026-01-06,False
COPA,333,2026-01-23,False
COPA,336,2026-01-28,False
COPJ,1,2023-02-03,False
COPJ,292,2024-04-03,False
COPJ,672,2025-10-08,False
COPJ,676,2025-10-14,False
COPJ,733,2026-01-06,False
COPJ,737,2026-01-12,False
COPJ,746,2026-01-26,False
COPL,1,2025-06-03,False
COPL-U,1,2025-05-05,False
COPL-WS,1,2025-06-03,False
COPP,1,2024-03-07,False
COPP,5,2024-03-13,False
COPP,23,2024-04-09,False
COPP,399,2025-10-08,False
COPP,460,2026-01-06,False
COPP,473,2026-01-26,False
COPP,476,2026-01-29,False
COPX,1156,2020-08-06,False
COPX,1240,2020-12-04,False
COPX,1249,2020-12-17,False
COPX,1260,2021-01-05,False
COPX,1262,2021-01-07,False
COPX,1292,2021-02-22,False
COPX,2448,2025-09-29,False
COPX,2516,2026-01-06,False
COPX,2532,2026-01-29,False
CORB,1,2025-11-11,False
CORD,1,2025-09-29,False
CORN,1343,2021-05-06,False
CORO,1,2024-12-05,False
CORT,1124,2020-06-22,False
CORT,2119,2024-06-05,False
CORT,2213,2024-10-18,False
CORT,2228,2024-11-08,False
CORZ,1,2024-01-25,False
CORZ,209,2024-11-20,False
CORZZ,1,2024-01-25,False
CORZZ,209,2024-11-20,False
CORZZ,445,2025-10-31,False
COSW,1,2025-10-24,False
COTG,1,2025-09-19,False
COTY,1790,2023-02-13,False
COUR,1,2021-03-31,False
COWG,1,2022-12-27,False
COWS,1,2023-09-14,False
COYA,1,2022-12-30,False
COYA,7,2023-01-10,False
COYY,2,2025-07-31,False
COZX,1,2025-11-06,False
CPA,2538,2026-02-06,False
CPAG,1,2025-08-13,False
CPAI,1,2023-11-30,False
CPBI,1,2023-10-23,False
CPBI,10,2023-11-03,False
CPHC,1186,2021-06-25,False
CPHY,1,2025-08-13,False
CPII,1,2022-06-30,False
CPLB,1,2021-06-30,False
CPLS,1,2023-12-14,False
CPNG,1,2021-03-12,False
CPNJ,1,2024-06-21,False
CPNM,1,2025-03-04,False
CPNQ,1,2024-12-03,False
CPNS,1,2024-09-04,False
CPOP,1,2021-07-01,False
CPOP,393,2023-01-23,False
CPRA,1,2025-04-02,False
CPRI,1227,2020-11-16,False
CPRI,1232,2020-11-23,False
CPRI,1239,2020-12-03,False
CPRJ,1,2024-07-02,False
CPRO,1,2024-10-02,False
CPRT,1741,2022-12-01,False
CPRX,1652,2022-07-27,False
CPRX,1671,2022-08-23,False
CPSA,1,2024-08-02,False
CPSD,1,2024-12-03,False
CPSF,1,2025-02-04,False
CPSJ,1,2024-07-02,False
CPSL,1,2024-09-10,False
CPSM,1,2024-05-02,False
CPSO,1,2024-10-02,False
CPSP,1,2025-04-02,False
CPSR,1,2025-03-04,False
CPST,1,2024-09-04,False
CPSU,1,2025-06-03,False
CPSY,1,2025-01-03,False
CPXR,1,2025-01-22,False
CPXR,14,2025-02-10,False
CPXR,125,2025-07-22,False
CQQQ,1133,2020-07-06,False
CQQQ,1286,2021-02-11,False
CQQQ,2440,2025-09-17,False
CR,1,2023-03-30,False
CR,4,2023-04-04,False
CRAC,1,2025-12-10,False
CRAI,2052,2024-02-29,False
CRANR,1,2026-01-13,False
CRAQ,1,2025-06-24,False
CRAQU,1,2025-05-27,False
CRBD,1,2024-12-09,False
CRBG,2,2022-09-19,False
CRBP,2449,2025-09-30,False
CRBU,1,2021-07-26,False
CRBU,6,2021-08-02,False
CRC,1,2020-10-29,False
CRC,151,2021-06-07,False
CRC,684,2023-07-20,False
CRC,696,2023-08-07,False
CRC,1332,2026-02-19,False
CRC,1343,2026-03-06,False
CRCA,2,2025-08-11,False
CRCD,1,2025-09-29,False
CRCG,1,2025-08-12,False
CRCL,1,2025-06-05,False
CRCO,2,2025-10-02,False
CRCT,1,2021-03-26,False
CRCT,4,2021-03-31,False
CRCT,16,2021-04-19,False
CRD-A,1819,2023-03-27,False
CRD-B,1818,2023-03-27,False
CRD-B,1823,2023-04-03,False
CRD-B,2010,2023-12-29,False
CRD-B,2174,2024-08-26,False
CRDD,1,2026-04-02,False
CRDL,666,2021-09-07,False
CRDL,1266,2024-01-26,False
CRDO,3,2022-02-01,False
CRDO,10,2022-02-10,False
CRDO,21,2022-02-28,False
CRDO,262,2023-02-13,False
CRDO,604,2024-06-25,False
CRDO,863,2025-07-09,False
CRDT,1,2023-06-28,False
CRDU,2,2025-09-18,False
CRE,1,2025-07-24,False
CRE,9,2025-08-05,False
CRED,1,2023-04-27,False
CRESW,1,2021-06-28,False
CRESY,1351,2021-05-17,False
CRESY,1549,2022-02-28,False
CRESY,1552,2022-03-03,False
CRESY,1877,2023-06-20,False
CRESY,2239,2024-11-25,False
CRESY,2530,2026-01-27,False
CREV,1,2023-10-31,False
CREV,3,2023-11-02,False
CRGO,1,2021-11-18,False
CRGOW,1,2023-01-24,False
CRGY,1,2021-12-09,False
CRGY,79,2022-04-01,False
CRGY,1076,2026-03-25,False
CRI,2547,2026-02-20,False
CRK,1443,2021-09-27,False
CRK,2236,2024-11-20,False
CRK,2250,2024-12-11,False
CRK,2491,2025-11-28,False
CRM,2229,2024-11-11,False
CRM,2245,2024-12-04,False
CRMG,1,2025-04-07,False
CRMG,3,2025-04-09,False
CRMG,13,2025-04-24,False
CRML,1,2022-02-08,False
CRMLW,1,2024-02-27,False
CRMT,1250,2020-12-18,False
CRMT,1306,2021-03-12,False
CRMU,1,2026-02-11,False
CRMX,1,2026-01-14,False
CRNC,852,2023-02-02,False
CRNX,372,2020-01-09,False
CRNX,1817,2025-10-09,False
CROX,1205,2020-10-15,False
CRPT,2,2021-09-23,False
CRPT,11,2021-10-06,False
CRPT,19,2021-10-18,False
CRPT,21,2021-10-20,False
CRPT,31,2021-11-03,False
CRPT,34,2021-11-08,False
CRPT,454,2023-07-13,False
CRPT,554,2023-12-04,False
CRS,1240,2020-12-04,False
CRS,2095,2024-05-01,False
CRS,2105,2024-05-15,False
CRSH,1,2024-05-03,False
CRSH,212,2025-03-10,False
CRSP,2196,2025-07-18,False
CRSR,2,2020-09-25,False
CRSR,19,2020-10-20,False
CRT,1226,2020-11-13,False
CRT,1305,2021-03-11,False
CRT,1452,2021-10-08,False
CRT,1611,2022-05-26,False
CRT,2573,2026-03-30,False
CRTO,1232,2020-11-23,False
CRTO,1291,2021-02-19,False
CRTO,1295,2021-02-25,False
CRTO,1787,2023-02-08,False
CRTO,2047,2024-02-22,False
CRUS,1267,2021-01-14,False
CRUX,1,2026-03-17,False
CRVL,1405,2021-08-03,False
CRVL,1783,2023-02-02,False
CRVL,2168,2024-08-15,False
CRVS,2108,2024-08-08,False
CRVS,2392,2025-09-26,False
CRWD,267,2020-07-02,False
CRWD,1125,2023-11-29,False
CRWG,1,2025-08-12,False
CRWL,1,2024-11-13,False
CRWL,5,2024-11-19,False
CRWS,1227,2020-11-19,False
CRWU,1,2025-07-28,False
CRWV,1,2025-03-31,False
CRXP,1,2025-12-12,False
CSAI,1,2025-01-31,False
CSAN,1,2021-03-09,False
CSAN,7,2021-03-17,False
CSB,1188,2020-12-04,False
CSBR,1784,2023-04-18,False
CSCL,1,2025-06-26,False
CSCS,1,2025-06-26,False
CSEX,1,2025-11-14,False
CSGS,2470,2025-10-29,False
CSHI,1,2022-08-31,False
CSHP,1,2024-07-19,False
CSHR,1,2026-03-31,False
CSHRW,2,2026-04-01,False
CSIO,1,2025-12-11,False
CSIQ,1172,2020-08-28,False
CSL,1335,2021-04-23,False
CSMD,1,2023-08-23,False
CSNR,1,2025-02-06,False
CSPF,1,2025-02-06,False
CSPI,1351,2021-05-17,False
CSPI,1786,2023-02-07,False
CSPI,1935,2023-09-12,False
CSPI,1939,2023-09-18,False
CSR,1396,2021-07-21,False
CSRE,1,2025-02-06,False
CSSD,1,2025-12-11,False
CSSEQ,843,2020-12-23,False
CSSEQ,875,2021-02-10,False
CSTE,2088,2024-04-22,False
CSTK,1,2025-05-08,False
CSTL,1591,2025-11-20,False
CSTM,2535,2026-02-03,False
CSTWF,1,2025-04-28,False
CSV,1227,2020-11-16,False
CSV,1427,2021-09-02,False
CSV,2239,2024-11-25,False
CSW,1228,2020-11-17,False
CSW,2157,2024-07-31,False
CTA,1,2022-03-09,False
CTAP,1,2025-12-10,False
CTBB,2007,2024-08-15,False
CTDD,1835,2024-08-14,False
CTDD,1850,2024-09-05,False
CTEC,1,2020-10-30,False
CTEC,5,2020-11-05,False
CTEC,17,2020-11-23,False
CTEC,27,2020-12-08,False
CTEC,38,2020-12-23,False
CTEC,47,2021-01-07,False
CTEF,1,2025-06-20,False
CTEV,1,2020-04-06,False
CTEV,1288,2025-05-20,False
CTEX,1,2021-10-01,False
CTEX,9,2021-10-13,False
CTEX,13,2021-10-19,False
CTEX,22,2021-11-01,False
CTEX,997,2025-09-22,False
CTEX,1004,2025-10-01,False
CTGO,1267,2023-04-14,False
CTIF,1,2025-06-26,False
CTKB,1,2021-07-26,False
CTKB,3,2021-07-28,False
CTKB,602,2023-12-13,False
CTLP,1250,2020-12-18,False
CTNM,1,2024-04-05,False
CTNM,5,2024-04-11,False
CTNT,1,2023-08-02,False
CTOR,1,2024-08-13,False
CTOS,1951,2025-07-15,False
CTRA,1443,2021-09-27,False
CTRI,1,2024-04-19,False
CTRI,21,2024-05-17,False
CTRN,1197,2020-10-05,False
CTRN,1238,2020-12-02,False
CTRN,1242,2020-12-08,False
CTRN,1249,2020-12-17,False
CTRN,1252,2020-12-22,False
CTRN,1262,2021-01-07,False
CTRN,1265,2021-01-12,False
CTRN,1281,2021-02-04,False
CTRN,1283,2021-02-08,False
CTRN,1293,2021-02-23,False
CTRN,2254,2024-12-17,False
CTRN,2496,2025-12-05,False
CTS,1210,2020-10-22,False
CTS,1233,2020-11-24,False
CTWO,1,2025-06-23,False
CUB,1,2024-08-13,False
CUBI,1283,2021-02-08,False
CUBI,1302,2021-03-08,False
CUBI,1992,2023-12-01,False
CUBI,2154,2024-07-26,False
CUBI,2387,2025-07-02,False
CUBWU,1,2024-06-17,False
CUBWW,1,2024-08-12,False
CUK,1868,2023-06-06,False
CUK,1872,2023-06-12,False
CUK,2226,2024-11-06,False
CUK,2386,2025-07-01,False
CUPR,1,2025-04-11,False
CUPR,84,2025-08-12,False
CURB,2,2024-09-30,False
CURE,1405,2021-08-03,False
CURE,1415,2021-08-17,False
CURI,1,2020-01-09,False
CURI,258,2021-01-15,False
CURI,1177,2024-09-12,False
CURR,1,2022-01-11,False
CURV,1,2021-07-02,False
CURV,749,2024-06-25,False
CURV,754,2024-07-02,False
CURV,761,2024-07-12,False
CURX,1,2025-08-27,False
CUSD,1,2021-09-22,False
CUZ,2001,2023-12-14,False
CV,1,2025-07-03,False
CV,9,2025-07-16,False
CVAR,1,2021-12-27,False
CVBF,2001,2023-12-14,False
CVBF,2226,2024-11-06,False
CVBF,2238,2024-11-22,False
CVCO,1484,2021-11-23,False
CVCO,1490,2021-12-02,False
CVCO,2001,2023-12-14,False
CVE,1371,2021-06-15,False
CVE,1468,2021-11-01,False
CVE,1473,2021-11-08,False
CVE,2546,2026-02-19,False
CVEO,1401,2021-07-28,False
CVEO,1405,2021-08-03,False
CVEO,2541,2026-02-11,False
CVI,1460,2021-10-20,False
CVI,1900,2023-07-24,False
CVI,2377,2025-06-17,False
CVI,2392,2025-07-10,False
CVIE,1,2023-02-01,False
CVKD,1,2023-01-23,False
CVLC,1,2023-02-01,False
CVLG,1305,2021-03-11,False
CVLG,1453,2021-10-11,False
CVLG,1903,2023-07-27,False
CVLT,1270,2021-01-20,False
CVLT,1276,2021-01-28,False
CVLT,2156,2024-07-30,False
CVMC,1,2023-02-01,False
CVNA,1078,2021-08-10,False
CVNA,1890,2024-10-31,False
CVNX,2,2025-06-04,False
CVNY,1,2025-01-31,False
CVNY,11,2025-02-14,False
CVR,1276,2021-01-28,False
CVRD,1,2023-08-23,False
CVRT,1,2023-10-05,False
CVRX,1,2021-07-01,False
CVS,1227,2020-11-16,False
CVSA,1264,2021-01-11,False
CVSA,1267,2021-01-14,False
CVSB,1,2023-02-01,False
CVU,2153,2024-08-26,False
CVV,1657,2022-08-04,False
CVX,1233,2020-11-24,False
CVX,1551,2022-03-02,False
CVX,1555,2022-03-08,False
CWAN,1,2021-09-27,False
CWAN,785,2024-11-07,False
CWBC,1223,2020-11-10,False
CWBC,1980,2023-11-14,False
CWBC,2004,2023-12-19,False
CWBC,2146,2024-07-16,False
CWCO,1988,2023-11-27,False
CWD,1,2023-05-18,False
CWEB,763,2020-01-13,False
CWEB,871,2020-06-17,False
CWEB,883,2020-07-06,False
CWEB,2055,2025-03-05,False
CWH,821,2020-01-14,False
CWH,1473,2022-08-16,False
CWH,1808,2023-12-14,False
CWII,1,2025-11-05,False
CWK,590,2020-12-04,False
CWK,1766,2025-08-13,False
CWK,1774,2025-08-25,False
CWK,1782,2025-09-05,False
CWVX,2,2025-07-15,False
CXAI,1,2021-02-05,False
CXAIW,1,2021-02-08,False
CXM,1,2021-06-24,False
CXRN,1,2024-12-16,False
CXRN,17,2025-01-13,False
CXRN,22,2025-01-21,False
CXT,1240,2020-12-04,False
CXW,2226,2024-11-06,False
CYAB,1,2026-03-24,False
CYAN,1413,2021-12-08,False
CYCU,1,2025-02-19,False
CYD,1179,2020-09-09,False
CYD,1202,2020-10-12,False
CYD,1378,2021-06-24,False
CYD,2530,2026-01-27,False
CYH,2467,2025-10-24,False
CYN,1,2021-10-21,False
CYN,3,2021-10-25,False
CYTK,1034,2020-02-12,False
CYTK,1037,2020-02-18,False
CZAR,1,2023-12-14,False
CZWI,1167,2020-11-18,False
CZWI,1175,2020-12-02,False
CZWI,1178,2020-12-07,False
CZWI,1263,2021-04-12,False
DAAQ,1,2025-06-03,False
DAAQU,2,2025-04-30,False
DAAQU,24,2025-06-02,False
DAAQW,1,2025-06-03,False
DABS,1,2025-03-05,False
DAC,1240,2020-12-04,True
DAC,1529,2022-01-28,False
DAC,2112,2024-05-24,False
DAC,2116,2024-05-31,False
DADS,1,2025-08-06,False
DAIC,1,2022-01-11,False
DAIO,2373,2025-06-27,False
DAK,1,2025-07-31,False
DAKT,1828,2023-04-10,False
DAKT,1987,2023-11-24,False
DAKT,2245,2024-12-04,False
DAKT,2435,2025-09-10,False
DAL,1882,2023-06-27,False
DAL,2209,2024-10-14,False
DAL,2211,2024-10-16,False
DAL,2221,2024-10-30,False
DAMD,3,2025-11-19,False
DAN,1262,2021-01-07,False
DAN,2526,2026-01-21,False
DAN,2538,2026-02-06,False
DAN,2545,2026-02-18,False
DANA,1,2025-12-04,False
DAO,71,2020-02-07,False
DAPP,1,2021-04-15,False
DAPP,676,2023-12-19,False
DAPP,817,2024-07-15,False
DAPR,1,2021-04-20,False
DAR,1218,2020-11-03,False
DAR,1257,2020-12-30,False
DAR,2574,2026-03-31,False
DAR,2576,2026-04-02,False
DARP,1,2021-12-20,False
DASH,1,2020-12-10,False
DASH,661,2023-07-28,False
DASH,811,2024-03-04,False
DASH,983,2024-11-06,False
DASX,2,2025-10-27,False
DAT,1,2021-09-30,False
DAT,793,2024-11-22,False
DAT,800,2024-12-04,False
DAVA,724,2021-06-14,False
DAVA,823,2021-11-02,False
DAVE,1,2021-04-27,False
DAVEW,1,2022-01-04,False
DAWN,1,2021-05-28,False
DB,1030,2020-02-06,False
DB,2091,2024-04-25,False
DB,2305,2025-03-05,False
DBC,1554,2022-03-07,False
DBCA,1,2026-02-26,False
DBCAU,1,2026-02-10,False
DBCAW,1,2026-02-26,False
DBD,1,2023-08-15,False
DBD,69,2023-11-20,False
DBD,73,2023-11-27,False
DBE,1300,2021-03-04,False
DBE,1551,2022-03-02,False
DBE,1554,2022-03-07,False
DBE,2557,2026-03-06,False
DBE,2565,2026-03-18,False
DBE,2572,2026-03-27,False
DBGI,1,2021-05-17,False
DBND,1,2022-04-07,False
DBO,1300,2021-03-04,False
DBO,1554,2022-03-07,False
DBO,2554,2026-03-03,False
DBO,2557,2026-03-06,False
DBO,2561,2026-03-12,False
DBP,2460,2025-10-16,False
DBP,2530,2026-01-28,False
DBRG,1223,2020-11-10,False
DBRG,1240,2020-12-04,False
DBRG,1485,2021-11-24,False
DBRG,1896,2023-07-18,False
DBSC,1,2025-12-17,False
DBVT,1007,2020-01-03,False
DBVT,1011,2020-01-09,False
DC,1,2022-04-06,False
DCBG,1,2024-07-05,False
DCBO,1,2020-05-15,False
DCBO,257,2021-08-27,False
DCBO,262,2021-09-03,False
DCBO,270,2021-09-16,False
DCGO,1,2020-12-18,False
DCH,1283,2021-02-08,False
DCH,2536,2026-02-04,False
DCMB,1,2023-04-03,False
DCMT,1,2024-02-02,False
DCO,1240,2020-12-04,False
DCO,2384,2025-06-27,False
DCO,2394,2025-07-14,False
DCO,2398,2025-07-18,False
DCO,2535,2026-02-03,False
DCO,2555,2026-03-04,False
DCOM-P,1,2026-04-07,False
DCOMG,1,2024-07-03,False
DCOR,1,2023-09-14,False
DCPE,1,2022-04-01,False
DCRE,1,2023-04-05,False
DCTH,1248,2020-12-18,False
DCX,1,2022-01-10,False
DD,1262,2021-01-07,False
DD,1265,2021-01-12,False
DD,2541,2026-02-11,False
DDC,1,2023-11-20,False
DDEC,1,2020-12-22,False
DDFA,1,2026-04-02,False
DDFD,1,2025-12-02,False
DDFF,1,2026-02-03,False
DDFJ,1,2026-01-05,False
DDFL,1,2025-07-02,False
DDFM,1,2026-03-03,False
DDFN,1,2025-11-04,False
DDFO,1,2025-10-02,False
DDFS,1,2025-09-03,False
DDI,1,2021-09-01,False
DDI,8,2021-09-13,False
DDL,1,2021-06-30,False
DDNQ,1,2026-01-05,False
DDOG,538,2021-11-05,False
DDS,2001,2023-12-14,False
DDS,2239,2024-11-25,False
DDSQ,1,2026-01-05,False
DDTA,1,2026-04-02,False
DDTD,1,2025-12-02,False
DDTF,1,2026-02-03,False
DDTJ,1,2026-01-05,False
DDTL,1,2025-07-02,False
DDTM,1,2026-03-03,False
DDTN,1,2025-11-04,False
DDTO,1,2025-10-02,False
DDTS,1,2025-09-03,False
DDV,1,2025-11-14,False
DDX,1,2021-09-21,False
DDXX,1,2025-11-14,False
DE,2541,2026-02-11,False
DE,2546,2026-02-19,False
DEA,2001,2023-12-14,False
DEC,1070,2024-11-29,False
DECK,2034,2024-02-02,False
DECM,1,2024-12-24,False
DECO,1,2024-09-11,False
DECO,10,2024-09-24,False
DECO,24,2024-10-14,False
DECO,29,2024-10-21,False
DECO,41,2024-11-06,False
DECO,283,2025-10-27,False
DECP,1,2024-05-28,False
DECT,1,2022-12-02,False
DECU,1,2024-12-03,False
DECW,1,2022-12-02,False
DECZ,1,2020-12-02,False
DEED,1,2020-05-01,False
DEFI,1,2022-09-19,False
DEFI,105,2023-02-16,False
DEFI,290,2023-11-10,False
DEFI,306,2023-12-05,False
DEFI,549,2024-11-21,False
DEFR,1,2025-05-15,False
DEHP,1,2022-04-28,False
DELL,1173,2021-04-16,False
DELL,1772,2023-09-01,False
DELL,1957,2024-05-29,False
DEMZ,1,2020-11-04,False
DERM,1,2021-11-15,False
DESK,1,2023-09-22,False
DESK,59,2023-12-14,False
DEVS,1,2021-12-27,False
DEXC,1,2024-11-15,False
DFAC,1,2021-06-15,False
DFAE,1,2020-12-03,False
DFAI,1,2020-11-19,False
DFAR,1,2022-02-25,False
DFAR,23,2022-03-29,False
DFAS,1,2021-06-15,False
DFAT,1,2021-06-15,False
DFAU,1,2020-11-19,False
DFAW,1,2023-09-28,False
DFAX,1,2021-09-14,False
DFCA,1,2023-06-28,False
DFCF,1,2021-11-17,False
DFDV,1,2023-07-26,False
DFEB,1,2020-02-25,False
DFEM,1,2022-04-28,False
DFEN,2059,2025-07-14,False
DFEN,2189,2026-01-16,False
DFEV,1,2022-04-28,False
DFGP,1,2023-11-09,False
DFGR,1,2022-12-08,False
DFGX,1,2023-11-09,False
DFH,1,2021-01-22,False
DFH,3,2021-01-26,False
DFH,585,2023-05-18,False
DFH,597,2023-06-06,False
DFHY,1,2020-12-08,False
DFIC,1,2022-03-25,False
DFII,1,2025-04-04,False
DFII,12,2025-04-22,False
DFIN,1056,2020-12-04,False
DFIN,1061,2020-12-11,False
DFIN,1287,2021-11-04,False
DFIN,1599,2023-02-02,False
DFIP,1,2021-11-17,False
DFIS,1,2022-03-25,False
DFIV,1,2021-09-14,False
DFLI,1,2021-08-25,False
DFLIW,1,2021-08-25,False
DFLIW,5,2021-08-31,False
DFLV,1,2022-12-08,False
DFMC,1,2026-03-23,False
DFNM,1,2021-11-17,False
DFNSW,1,2026-02-10,False
DFNV,1,2020-12-08,False
DFRA,1,2021-12-14,False
DFSB,1,2022-11-17,False
DFSC,1,2020-12-16,False
DFSD,1,2021-11-17,False
DFSE,2,2022-11-04,False
DFSE,7,2022-11-11,False
DFSE,19,2022-11-30,False
DFSI,1,2022-11-03,False
DFSI,7,2022-11-11,False
DFSU,1,2022-11-03,False
DFSV,1,2022-02-25,False
DFTT,1,2025-11-13,False
DFTX,2305,2026-01-20,False
DFUS,1,2021-06-15,False
DFUV,1,2022-05-10,False
DFVE,1,2024-02-02,False
DFVX,1,2023-11-03,False
DGCB,1,2023-11-09,False
DGICA,2321,2025-03-27,False
DGII,1668,2022-08-18,False
DGIN,1,2022-02-18,False
DGIN,13,2022-03-09,False
DGJA,1,2026-01-21,False
DGLO,1,2025-08-06,False
DGNX,1,2025-01-23,False
DGOC,1,2025-10-21,False
DGP,1135,2020-07-08,False
DGP,1138,2020-07-13,False
DGP,1553,2022-03-04,False
DGP,2075,2024-04-03,False
DGP,2453,2025-10-06,False
DGP,2458,2025-10-13,False
DGP,2461,2025-10-16,False
DGP,2531,2026-01-28,False
DGXX,1,2021-01-11,False
DH,1,2021-09-16,False
DHAI,1,2024-02-15,False
DHAIW,1,2024-02-12,False
DHC,2370,2025-06-06,False
DHCNI,1928,2023-08-31,False
DHDG,1,2024-10-22,False
DHI,1167,2020-08-21,False
DHI,1996,2023-12-07,False
DHI,2001,2023-12-14,False
DHIL,1484,2021-11-23,False
DHLX,1,2025-09-30,False
DHSB,1,2025-02-18,False
DHT,1683,2022-09-09,False
DHT,2546,2026-02-19,False
DHT,2549,2026-02-24,False
DHX,1304,2021-03-10,False
DIBS,1,2021-06-11,False
DIBS,7,2021-06-21,False
DIBS,1109,2025-11-07,False
DIG,1452,2021-10-08,False
DIG,1535,2022-02-07,False
DIG,1539,2022-02-11,False
DIG,1554,2022-03-07,False
DIG,2074,2024-04-02,False
DIG,2536,2026-02-04,False
DIG,2553,2026-03-02,False
DIG,2569,2026-03-24,False
DIG,2572,2026-03-27,False
DIHP,1,2022-03-25,False
DIME,1,2025-10-08,False
DINO,1610,2022-05-25,False
DINO,1618,2022-06-07,False
DINO,1912,2023-08-09,False
DINT,1657,2024-10-02,False
DIOD,1423,2021-08-27,False
DIOD,2541,2026-02-11,False
DIPS,1,2024-07-25,False
DIPS,8,2024-08-05,False
DIS,2233,2024-11-15,False
DISO,1,2023-08-28,False
DISV,1,2022-03-25,False
DIT,1161,2020-08-13,False
DIT,1232,2020-11-23,False
DIVD,2,2022-10-04,False
DIVE,1,2025-09-17,False
DIVG,1,2023-12-08,False
DIVG,5,2023-12-14,False
DIVL,1,2023-08-16,False
DIVN,1,2025-06-27,False
DIVP,1,2024-03-08,False
DIVS,1,2021-03-30,False
DIVY,1,2021-01-08,False
DIVZ,1,2021-01-29,False
DJAN,1,2021-01-20,False
DJCO,1147,2020-12-23,False
DJCO,1151,2020-12-30,False
DJIA,1,2022-02-25,False
DJP,1551,2022-03-02,False
DJP,1554,2022-03-07,False
DJT,1,2021-10-01,False
DJTU,1,2025-03-05,False
DJTWW,1,2021-10-01,False
DJUL,1,2020-07-21,False
DJUN,1,2020-06-23,False
DK,1292,2021-02-22,False
DKI,1,2025-08-08,False
DKNG,121,2020-01-16,False
DKNG,124,2020-01-22,False
DKNG,127,2020-01-27,False
DKNG,137,2020-02-10,False
DKNX,1,2025-08-01,False
DKNX,12,2025-08-18,False
DKNX,16,2025-08-22,False
DKS,1282,2021-02-05,False
DKS,1421,2021-08-25,False
DKS,1993,2023-12-04,False
DKS,2001,2023-12-14,False
DKS,2062,2024-03-14,False
DKUP,1,2025-07-31,False
DKUP,17,2025-08-22,False
DLAG,1,2025-09-23,False
DLAPQ,1231,2020-11-20,False
DLB,1227,2020-11-16,False
DLFE,1,2026-02-24,False
DLHC,1931,2023-10-09,False
DLLL,2,2025-02-18,False
DLNG,2097,2024-05-03,False
DLNG,2239,2024-11-25,False
DLNV,1,2025-11-25,False
DLO,1,2021-06-04,False
DLO,11,2021-06-18,False
DLTH,1211,2020-10-23,False
DLTR,2500,2025-12-11,False
DLUX,1,2026-04-02,False
DLX,1275,2021-01-27,False
DLXY,1,2025-07-10,False
DMAA,1,2025-02-26,False
DMAAR,1,2025-02-26,False
DMAAU,1,2025-01-07,False
DMAR,1,2021-03-23,False
DMAT,1,2022-01-27,False
DMAT,9,2022-02-08,False
DMAT,22,2022-02-28,False
DMAT,989,2026-01-06,False
DMAT,993,2026-01-12,False
DMAT,1001,2026-01-23,False
DMAX,1,2025-01-03,False
DMAY,1,2020-05-19,False
DMBS,1,2023-04-05,False
DMII,1,2025-12-04,False
DMLP,1532,2022-02-02,False
DMLP,1615,2022-06-02,False
DMRA,1,2020-10-30,False
DMRA,9,2020-11-11,False
DMX,1,2024-12-04,False
DMXF,1,2020-06-17,False
DMYY,1,2022-12-08,False
DMYY,606,2025-05-09,False
DMYY,615,2025-05-22,False
DNA,1,2021-04-20,False
DNA,112,2021-09-27,False
DNMX,1,2025-11-20,False
DNN,1255,2020-12-28,False
DNN,1938,2023-09-15,False
DNN,1944,2023-09-25,False
DNN,2527,2026-01-22,False
DNN,2531,2026-01-28,False
DNNG,1,2026-02-11,False
DNNG,6,2026-02-19,False
DNOW,2051,2024-02-28,False
DNTH,659,2021-02-03,False
DNTH,664,2021-02-10,False
DNUT,1,2021-07-02,False
DNUT,433,2023-03-22,False
DOCN,1,2021-03-25,False
DOCN,6,2021-04-01,False
DOCN,1224,2026-02-06,False
DOCS,2,2021-06-28,False
DOCS,850,2024-11-08,False
DOCT,1,2020-10-20,False
DOCU,545,2020-06-26,False
DOCU,549,2020-07-02,False
DOCU,553,2020-07-09,False
DOCU,591,2020-09-01,False
DOCU,1416,2023-12-12,False
DOCU,1419,2023-12-15,False
DOCU,1645,2024-11-08,False
DOCU,1664,2024-12-06,False
DOGD,1,2025-08-13,False
DOGD,12,2025-08-28,False
DOGG,1,2023-04-28,False
DOGZ,940,2021-09-28,False
DOGZ,954,2021-10-18,False
DOGZ,958,2021-10-22,False
DOGZ,967,2021-11-04,False
DOJE,1,2025-09-19,False
DOLE,1,2021-08-02,False
DOLE,765,2024-08-15,False
DOO,1172,2020-08-28,False
DOO,2386,2025-07-01,False
DOO,2433,2025-09-08,False
DOUG,1,2021-12-31,False
DOUG,274,2023-02-02,False
DOW,1729,2026-02-04,False
DOW,1766,2026-03-30,False
DOYU,397,2021-02-11,False
DPZ,1039,2020-02-20,False
DPZ,1397,2021-07-22,False
DPZ,1892,2023-07-12,False
DQ,1006,2020-01-02,False
DQ,1013,2020-01-13,False
DQ,1038,2020-02-19,False
DRAG,1,2024-10-03,False
DRAG,3,2024-10-07,False
DRAI,1,2024-07-11,False
DRAM,1,2026-04-06,False
DRAM,3,2026-04-08,False
DRAY,1,2025-07-16,False
DRCT,1,2022-02-14,False
DRD,1026,2020-01-31,False
DRD,1135,2020-07-08,False
DRD,1770,2023-01-13,False
DRD,2314,2025-03-18,False
DRD,2430,2025-09-03,False
DRD,2444,2025-09-23,False
DRD,2447,2025-09-26,False
DRD,2453,2025-10-06,False
DRD,2461,2025-10-16,False
DRDB,1,2025-02-04,False
DRDBU,1,2024-12-13,False
DRES,1,2025-10-02,False
DRGN,1,2025-07-16,False
DRGN,21,2025-08-13,False
DRGN,29,2025-08-25,False
DRGN,32,2025-08-28,False
DRGN,41,2025-09-11,False
DRGN,45,2025-09-17,False
DRH,1239,2020-12-03,False
DRI,1195,2020-10-01,False
DRIV,656,2020-11-24,False
DRIV,686,2021-01-08,False
DRKY,1,2025-10-09,False
DRLL,2,2022-08-11,False
DRLL,23,2022-09-12,False
DRMA,1,2021-08-16,False
DRMA,10,2021-08-27,False
DRN,1366,2021-06-08,False
DRNL,1,2026-03-04,False
DRNL,7,2026-03-12,False
DRNZ,1,2025-10-30,False
DRS,1122,2020-06-18,False
DRS,1239,2020-12-03,False
DRS,1568,2022-03-25,False
DRTS,1,2021-03-09,False
DRTSW,1,2022-03-08,False
DRUG,1,2021-03-23,False
DRV,1946,2023-09-27,False
DRV,1950,2023-10-03,False
DRVN,2,2021-01-20,False
DRVN,14,2021-02-05,False
DRVN,19,2021-02-12,False
DSCF,1,2021-09-21,False
DSCO,1,2026-02-03,False
DSEP,1,2020-09-22,False
DSGN,1,2021-03-29,False
DSMC,1,2022-10-07,False
DSP,1,2021-02-11,False
DSPY,1,2025-04-02,False
DSTX,1,2020-12-16,False
DSWL,1346,2021-06-23,False
DSWL,2349,2025-07-21,False
DSWL,2380,2025-09-03,False
DSX,2434,2025-09-09,False
DSX-WT,2,2023-12-18,False
DSY,1,2023-01-12,False
DSYWW,1,2023-01-12,False
DSYWW,5,2023-01-19,False
DTAN,1,2024-09-11,False
DTB,1,2020-10-08,False
DTCK,1,2023-09-20,False
DTCR,1,2020-10-30,False
DTCR,5,2020-11-05,False
DTCX,1,2022-03-22,False
DTCX,785,2025-05-07,False
DTG,1,2021-11-30,False
DTI,1,2021-12-30,False
DTI,580,2024-04-22,False
DTI,584,2024-04-26,False
DTK,1,2025-09-23,False
DTM,1,2021-06-21,False
DTM,9,2021-07-01,False
DTM,852,2024-11-06,False
DTM,863,2024-11-21,False
DTSQ,1,2024-09-17,False
DTSQR,1,2024-09-17,False
DTSQR,4,2024-09-23,False
DTSQU,2,2024-07-26,False
DTSS,1106,2022-03-03,False
DTST,1640,2023-07-07,False
DTST,1798,2024-02-22,False
DTSTW,1,2021-05-17,False
DTSTW,3,2021-05-19,False
DTSTW,7,2021-05-25,False
DTSTW,14,2021-06-09,False
DUBS,1,2023-06-15,False
DUG,1042,2020-02-25,False
DUHP,1,2022-02-25,False
DUKH,1,2024-07-12,False
DUKQ,1,2024-07-12,False
DUKX,1,2024-07-12,False
DUKZ,1,2024-07-12,False
DULL,1,2023-02-23,False
DULL,9,2023-03-07,False
DUNK,1,2025-09-17,False
DUOG,1,2025-12-12,False
DUOL,3,2021-08-02,False
DUOL,382,2023-02-02,False
DUOL,422,2023-03-31,False
DUOL,837,2024-11-22,False
DUSB,1,2023-09-28,False
DUSL,2155,2026-02-06,False
DV,1,2021-04-22,False
DV,12,2021-05-07,False
DV,674,2023-12-22,False
DVA,1227,2020-11-16,False
DVA,2055,2024-03-05,False
DVAL,1,2022-11-01,False
DVDN,1,2023-11-03,False
DVDN,8,2023-11-14,False
DVGR,1,2025-12-08,False
DVIN,1,2025-07-24,False
DVN,1448,2021-10-04,False
DVND,1,2022-08-05,False
DVQQ,1,2024-12-18,False
DVRE,1,2025-07-24,False
DVS,2330,2025-09-29,False
DVSP,1,2024-12-18,False
DVUT,1,2025-07-24,False
DVVY,1,2026-03-18,False
DVXB,1,2025-07-24,False
DVXB,135,2026-02-04,False
DVXB,140,2026-02-11,False
DVXC,1,2025-07-24,False
DVXC,14,2025-08-12,False
DVXE,1,2025-07-24,False
DVXE,171,2026-03-27,False
DVXF,1,2025-07-24,False
DVXK,1,2025-07-24,False
DVXP,1,2025-07-24,False
DVXV,1,2025-07-24,False
DVXY,1,2025-07-24,False
DWAS,1283,2021-02-08,False
DWSH,410,2020-03-09,False
DWTX,1,2020-12-18,False
DXC,1175,2020-09-02,False
DXC,1362,2021-06-02,False
DXCM,1403,2021-07-30,False
DXCM,1718,2022-10-28,False
DXD,2327,2025-04-04,False
DXF,1,2025-01-27,False
DXIV,1,2024-09-13,False
DXPE,1301,2021-03-05,False
DXPE,2274,2025-01-17,False
DXPE,2277,2025-01-23,False
DXPE,2415,2025-08-12,False
DXPE,2535,2026-02-03,False
DXPE,2538,2026-02-06,False
DXST,1,2025-01-23,False
DXUV,1,2024-09-13,False
DXYZ,1,2024-03-27,False
DY,1484,2021-11-23,False
DY,2058,2024-03-08,False
DY,2111,2024-05-23,False
DY,2359,2025-05-21,False
DY,2491,2025-11-28,False
DYFI,1,2024-01-11,False
DYLD,1,2021-06-30,False
DYLG,1,2023-07-27,False
DYN,1,2020-09-18,False
DYNB,1,2025-09-25,False
DYOR,1,2025-11-19,False
DYTA,1,2023-03-31,False
EAFG,1,2024-03-22,False
EAGL,1,2024-03-26,False
EALT,1,2023-10-03,False
EAOA,1,2020-06-19,False
EAOK,1,2020-06-19,False
EAOM,1,2020-06-19,False
EAOR,1,2020-06-19,False
EAPR,1,2021-04-01,False
EART,1,2022-01-28,False
EART,8,2022-02-08,False
EART,21,2022-02-28,False
EART,988,2026-01-06,False
EART,992,2026-01-12,False
EART,1000,2026-01-23,False
EASY,1,2025-10-01,False
EAT,2219,2024-10-28,False
EAT,2221,2024-10-30,False
EAT,2226,2024-11-06,False
EAT,2234,2024-11-18,False
EAT,2281,2025-01-29,False
EATZ,1,2021-04-22,False
EBAY,1112,2020-06-04,False
EBAY,1133,2020-07-06,False
EBAY,1136,2020-07-09,False
EBAY,2416,2025-08-13,False
EBC,1,2020-10-16,False
EBC,4,2020-10-21,False
EBC,17,2020-11-09,False
EBC,23,2020-11-17,False
EBC,48,2020-12-23,False
EBI,1,2025-02-28,False
EBIT,1,2024-07-11,False
EBIT,4,2024-07-16,False
EBIZ,1021,2023-02-02,False
EBMT,1954,2023-12-18,False
EBMT,1963,2024-01-02,False
EBON,1,2020-06-29,False
EBS,1283,2021-02-08,False
EBUF,1,2024-07-02,False
EC,1244,2020-12-10,False
EC,1554,2022-03-07,False
EC,2526,2026-01-21,False
ECAT,1,2021-09-29,False
ECBK,1,2022-07-29,False
ECCC,1,2021-06-15,False
ECCU,1,2024-12-20,False
ECCV,1,2022-01-27,False
ECCW,1,2021-03-30,False
ECDA,1,2022-12-09,False
ECG,2,2024-10-30,False
ECG,8,2024-11-07,False
ECG,18,2024-11-21,False
ECG,197,2025-08-13,False
ECG,331,2026-02-25,False
ECML,1,2023-05-19,False
ECML,10,2023-06-02,False
ECML,13,2023-06-07,False
ECNS,1270,2021-01-20,False
ECNS,1279,2021-02-02,False
ECNS,1284,2021-02-09,False
ECNS,2201,2024-10-02,False
ECO,1,2020-04-16,False
ECO,598,2025-11-13,False
ECOR,1592,2024-10-21,False
ECOR,1603,2024-11-05,False
ECOR,1606,2024-11-08,False
ECVT,2142,2026-04-10,False
ECX,1,2021-04-01,False
ECXWW,1,2021-04-05,False
EDAP,1192,2020-09-28,False
EDBL,1,2022-05-06,False
EDBLW,1,2022-05-06,False
EDC,1006,2020-01-02,False
EDC,1270,2021-01-20,False
EDC,2530,2026-01-27,False
EDGE,1,2025-01-23,False
EDGF,1,2024-10-04,False
EDGH,1,2024-10-04,False
EDGI,1,2024-10-04,False
EDGU,1,2024-10-04,False
EDHL,1,2025-04-17,False
EDN,1365,2021-06-07,False
EDN,1877,2023-06-20,False
EDN,2188,2024-09-13,False
EDN,2223,2024-11-01,False
EDN,2231,2024-11-13,False
EDN,2234,2024-11-18,False
EDN,2240,2024-11-26,False
EDN,2244,2024-12-03,False
EDN,2246,2024-12-05,False
EDRY,1366,2023-11-30,False
EDTK,1,2020-07-24,False
EDU,1767,2023-01-10,False
EDU,1770,2023-01-13,False
EDU,1991,2023-11-30,False
EDUC,1157,2020-08-07,False
EDV,1051,2020-03-09,False
EDZ,1705,2022-10-11,False
EE,1,2022-04-14,False
EE,9,2022-04-27,False
EE,947,2026-01-23,False
EE,958,2026-02-09,False
EE,960,2026-02-11,False
EEE,1,2026-02-02,False
EEFT,1783,2023-02-02,False
EEIQ,1,2021-03-26,False
EET,1267,2021-01-20,False
EETH,1,2023-10-03,False
EETH,16,2023-10-24,False
EETH,28,2023-11-09,False
EETH,38,2023-11-24,False
EETH,465,2025-08-11,False
EEV,1559,2022-03-14,False
EEV,1705,2022-10-11,False
EEX,974,2021-03-12,False
EFAA,1,2024-07-18,False
EFC-P-D,1,2023-12-13,False
EFC-P-D,5,2023-12-21,False
EFFI,1,2024-12-13,False
EFIV,1,2020-07-29,False
EFRA,1,2022-11-04,False
EFRA,5,2022-11-10,False
EFSC,1316,2021-03-26,False
EFSC,2151,2024-07-23,False
EFTR,1,2021-03-02,False
EFTY,1,2025-08-08,False
EFU,882,2020-02-28,False
EFU,888,2020-03-09,False
EFU,1391,2022-03-07,False
EFX,1110,2020-06-02,False
EFX,2001,2023-12-14,False
EFXT,1456,2021-10-14,False
EFXT,2232,2024-11-14,False
EFXT,2234,2024-11-18,False
EFXT,2238,2024-11-22,False
EFXT,2498,2025-12-09,False
EFXT,2535,2026-02-03,False
EFXT,2551,2026-02-26,False
EGAN,1994,2023-12-05,False
EGBN,2226,2024-11-06,False
EGBN,2527,2026-01-22,False
EGG,1,2025-06-18,False
EGGQ,1,2024-12-31,False
EGGS,1,2024-12-30,False
EGGY,1,2024-12-30,False
EGHA,1,2025-07-01,False
EGHAU,1,2025-05-09,False
EGLE,1,2025-04-17,False
EGO,1989,2023-11-28,False
EGO,2443,2025-09-22,False
EGO,2520,2026-01-12,False
EGO,2525,2026-01-20,False
EGO,2529,2026-01-26,False
EGOXF,1,2023-10-23,False
EGRX,1218,2020-11-03,False
EGUS,1,2023-02-03,False
EGY,1011,2020-01-09,False
EGY,1471,2021-11-04,False
EGY,1539,2022-02-11,False
EGY,2532,2026-01-29,False
EH,248,2020-12-07,False
EH,267,2021-01-05,True
EHAB,1,2022-06-24,False
EHC,1243,2020-12-09,False
EHCC,1,2026-03-17,False
EHGO,2,2024-07-03,False
EHLD,1,2025-03-10,False
EHLD,3,2025-03-12,False
EHLS,1,2024-04-03,False
EHY,1,2025-10-10,False
EICA,1,2021-10-20,False
EIKN,1,2026-02-06,False
EIKN,8,2026-02-18,False
EINC,1240,2020-12-04,False
EIPI,1,2024-05-07,False
EIPX,1,2022-11-04,False
EJAN,1,2020-01-03,False
EJH,1,2021-05-13,False
EJH,623,2023-11-02,False
EKG,1,2022-03-24,False
EL,2386,2025-07-01,False
EL,2392,2025-07-10,False
ELA,1029,2020-02-05,False
ELA,2476,2025-11-06,False
ELA,2478,2025-11-10,False
ELAB,3,2023-11-27,False
ELCV,1,2024-10-02,False
ELDN,2557,2026-03-06,False
ELE,1236,2025-04-17,False
ELE,1293,2025-07-11,False
ELF,1476,2022-08-04,False
ELFY,1,2025-04-11,False
ELFY,22,2025-05-13,False
ELIL,1,2025-03-27,False
ELIS,1,2025-03-27,False
ELIS,8,2025-04-07,False
ELLA,1,2026-04-08,False
ELM,1,2025-02-12,False
ELMD,2190,2024-09-17,False
ELMD,2199,2024-09-30,False
ELMD,2229,2024-11-11,False
ELMD,2232,2024-11-14,False
ELOG,1,2025-08-29,False
ELON,1,2025-02-14,False
ELPC,1,2024-01-02,False
ELPW,1,2023-05-02,False
ELSE,1030,2021-01-22,False
ELSE,1946,2024-12-20,False
ELTK,1233,2021-02-16,False
ELTK,1800,2023-05-18,False
ELTX,1,2021-02-08,False
ELTX,5,2021-02-12,False
ELTX,7,2021-02-17,False
ELUT,1,2020-10-09,False
ELVA,1733,2023-07-19,False
ELVN,1,2020-03-13,False
ELVN,5,2020-03-19,False
ELVN,743,2023-02-23,False
ELVN,1524,2026-04-07,False
ELVR,1,2025-09-03,False
ELVR,26,2025-10-08,False
ELWT,1,2025-11-06,False
ELWT,9,2025-11-18,False
EM,1,2021-04-05,False
EMAT,1,2026-01-05,False
EMBC,1,2022-03-22,False
EMBD,1,2020-06-04,False
EMBJ,1368,2021-06-10,False
EMBJ,1821,2023-03-29,False
EMBJ,2062,2024-03-14,False
EMBJ,2305,2025-03-05,False
EMC,1,2023-05-16,False
EMCG,1,2022-10-03,False
EMCGR,1,2022-10-03,False
EMCGU,1,2022-08-10,False
EMCGW,1,2025-04-28,False
EMDM,1,2023-03-06,False
EME,2049,2024-02-26,False
EME,2051,2024-02-28,False
EME,2403,2025-07-25,False
EMEQ,1,2024-09-06,False
EMEQ,13,2024-09-24,False
EMEQ,15,2024-09-26,False
EMES,1,2025-05-16,False
EMET,1,2021-11-12,False
EMET,1040,2026-01-06,False
EMET,1044,2026-01-12,False
EMET,1053,2026-01-26,False
EMHC,1,2021-04-08,False
EMKT,1,2025-10-28,False
EML,2065,2024-03-27,False
EMM,1,2023-05-16,False
EMN,2536,2026-02-04,False
EMN,2540,2026-02-10,False
EMOP,1,2025-06-20,False
EMOT,1,2024-06-28,False
EMPB,1,2024-12-13,False
EMPD,1,2021-10-07,False
EMPG,1,2025-07-03,False
EMQQ,1121,2020-06-17,False
EMQQ,1125,2020-06-23,False
EMQQ,1133,2020-07-06,False
EMQQ,1285,2021-02-10,False
EMSF,1,2023-09-25,False
EMTY,573,2020-03-09,False
EMTY,576,2020-03-12,False
EMTY,583,2020-03-23,False
EMXF,1,2020-10-14,False
EMXF,16,2020-11-04,False
ENAV,1,2023-01-11,False
ENDW,1,2025-04-11,False
ENFR,1238,2020-12-04,False
ENGN,1,2022-02-07,False
ENGN,704,2025-09-05,False
ENGS,1,2025-04-02,False
ENGS,9,2025-04-14,False
ENHI,1,2025-12-30,False
ENHU,1,2025-11-06,False
ENIC,1801,2023-06-16,False
ENIC,1818,2023-07-13,False
ENLT,1,2021-02-01,False
ENLT,632,2025-07-23,False
ENLT,711,2025-11-12,False
ENLT,759,2026-01-23,False
ENLT,761,2026-01-27,False
ENLT,775,2026-02-17,False
ENLT,784,2026-03-02,False
ENPH,1028,2020-02-04,False
ENPH,1465,2021-10-27,False
ENPH,1482,2021-11-19,False
ENPH,2536,2026-02-04,False
ENPX,1,2025-09-17,False
ENPX,4,2025-09-22,False
ENSG,1242,2020-12-08,False
ENSG,1261,2021-01-06,False
ENTA,1451,2021-10-07,False
ENTA,1463,2021-10-25,False
ENTA,1466,2021-10-28,False
ENTA,1472,2021-11-05,False
ENTX,1606,2025-01-03,False
ENVA,1302,2021-03-08,False
ENVA,1783,2023-02-02,False
ENVA,2153,2024-07-25,False
ENVA,2156,2024-07-30,False
ENVA,2239,2024-11-25,False
ENVX,2,2021-01-07,False
ENVX,9,2021-01-19,False
EOCT,1,2021-10-01,False
EONR,1,2022-04-07,False
EONR-WT,1,2024-12-12,False
EOSE,1,2020-06-04,False
EOSE,13,2020-06-24,False
EOSE,1324,2025-09-12,True
EOSE,1328,2025-09-18,True
EPAC,2226,2024-11-06,False
EPAI,1,2025-12-19,False
EPAI,11,2026-01-06,False
EPAM,1160,2020-08-12,False
EPEM,1,2025-06-06,False
EPIN,1,2025-06-06,False
EPM,1449,2021-10-05,False
EPM,1452,2021-10-08,False
EPM,1540,2022-02-14,False
EPM,1549,2022-02-28,False
EPMB,1,2025-05-02,False
EPMV,1,2025-05-02,False
EPOL,2312,2025-03-14,False
EPOW,1,2021-02-10,False
EPRX,1,2024-04-08,False
EPRX,11,2024-04-22,False
EPSB,1,2025-05-05,False
EPSM,1,2025-03-27,False
EPSM,7,2025-04-04,False
EPSN,1034,2021-06-30,False
EPSV,1,2025-05-05,False
EPSV,6,2025-05-12,False
EPU,2520,2026-01-12,False
EPU,2529,2026-01-26,False
EPV,1050,2020-03-09,False
EPV,1553,2022-03-07,False
EPWKF,1,2025-02-07,False
EPWKF,7,2025-02-18,False
EPWKF,19,2025-03-06,False
EPWKF,30,2025-03-21,False
EQBK,2000,2023-12-13,False
EQH,1409,2023-12-14,False
EQIX,2542,2026-02-12,False
EQNR,1447,2021-10-01,False
EQNR,2553,2026-03-02,False
EQNR,2557,2026-03-06,False
EQNR,2562,2026-03-13,False
EQNR,2567,2026-03-20,False
EQPT,1,2026-01-23,False
EQS,1275,2021-07-19,False
EQS,1288,2021-08-05,False
EQS,2264,2025-08-14,False
EQS,2271,2025-08-25,False
EQS,2276,2025-09-02,False
EQT,1573,2022-04-01,False
EQT,1583,2022-04-18,False
EQT,2236,2024-11-20,False
EQTY,1,2022-12-13,False
EQX,2269,2025-08-22,True
ERAS,3,2021-07-21,False
ERAS,9,2021-07-29,False
ERET,1,2022-11-18,False
ERIC,2459,2025-10-14,False
ERIE,1473,2021-11-08,False
ERNAW,1,2026-02-09,False
ERNZ,1,2024-05-02,False
ERO,1677,2025-09-24,False
ERO,1684,2025-10-03,False
ERO,1687,2025-10-08,False
ERO,1747,2026-01-05,False
ERO,1752,2026-01-12,False
ERO,1760,2026-01-23,False
ERO,1764,2026-01-29,False
ERX,1300,2021-03-04,False
ERX,1452,2021-10-08,False
ERX,1535,2022-02-07,False
ERX,1539,2022-02-11,False
ERX,1554,2022-03-07,False
ERX,2074,2024-04-02,False
ERX,2536,2026-02-04,False
ERX,2539,2026-02-09,False
ERX,2553,2026-03-02,False
ERX,2569,2026-03-24,False
ERX,2572,2026-03-27,False
ESAB,1,2022-03-30,False
ESAB,11,2022-04-13,False
ESAB,213,2023-02-02,False
ESAB,496,2024-03-20,False
ESBG,1,2025-11-20,False
ESCA,2568,2026-03-23,False
ESE,1664,2022-08-12,False
ESEA,1914,2023-08-30,False
ESEA,2010,2024-01-18,False
ESEA,2368,2025-06-24,False
ESEA,2551,2026-03-17,False
ESGA,1,2020-07-08,False
ESGB,1,2021-06-29,False
ESGL,1,2022-04-08,False
ESGL,863,2025-09-17,False
ESGL,873,2025-10-01,False
ESGLW,1,2023-08-01,False
ESGY,1,2020-01-22,False
ESGY,5,2020-02-13,False
ESHAR,1,2025-04-14,False
ESI,1243,2020-12-09,False
ESI,1250,2020-12-18,False
ESI,1261,2021-01-06,False
ESIM,1,2025-12-18,False
ESIX,1,2022-01-12,False
ESK,2,2025-09-29,False
ESK,5,2025-10-02,False
ESK,7,2025-10-06,False
ESLA,1,2021-09-15,False
ESLA,1016,2025-10-01,False
ESLAW,1,2021-09-15,False
ESLAW,7,2021-09-23,False
ESLG,1,2025-10-01,False
ESLT,2275,2025-01-21,False
ESLT,2314,2025-03-18,False
ESLT,2516,2026-01-06,False
ESLT,2520,2026-01-12,False
ESLT,2564,2026-03-17,False
ESLV,1,2025-10-01,False
ESMV,1,2021-11-05,False
ESOA,1922,2024-11-19,False
ESOA,1927,2024-11-26,False
ESP,1795,2023-02-21,False
ESP,2042,2024-02-14,False
ESP,2199,2024-09-30,False
ESP,2353,2025-05-13,False
ESP,2372,2025-06-10,False
ESP,2393,2025-07-11,False
ESP,2396,2025-07-16,False
ESP,2401,2025-07-23,False
ESP,2524,2026-01-16,False
ESP,2535,2026-02-03,False
ESP,2540,2026-02-10,False
ESQ,1077,2021-10-12,False
ESQ,1091,2021-11-01,False
ESQ,1099,2021-11-11,False
ESQ,1780,2024-07-31,False
ESRT,1903,2023-07-27,False
ESSC,1,2025-10-01,False
ESTA,1109,2022-12-13,False
ESTC,556,2020-12-21,False
ESTC,1543,2024-11-22,False
ESUM,1,2024-12-19,False
ET,1304,2021-03-10,False
ET,1362,2021-06-02,False
ET-P-I,1,2023-10-31,False
ET-PI,1,2023-11-06,False
ETCO,1,2025-09-05,False
ETCO,9,2025-09-17,False
ETD,1267,2021-01-14,False
ETD,1283,2021-02-08,False
ETD,1908,2023-08-03,False
ETEC,1,2023-03-31,False
ETFT,1,2025-12-03,False
ETH,1,2024-07-24,False
ETH,263,2025-08-11,False
ETHA,1,2024-07-24,False
ETHA,263,2025-08-11,False
ETHB,2,2026-03-16,False
ETHD,2,2024-06-11,False
ETHE,1130,2023-12-08,False
ETHE,1547,2025-08-11,False
ETHM,1,2024-12-10,False
ETHMU,1,2024-11-22,False
ETHMU,162,2025-07-21,False
ETHT,1,2024-06-10,False
ETHU,1,2024-06-05,False
ETHV,1,2024-07-24,False
ETHV,263,2025-08-11,False
ETHW,1,2024-07-24,False
ETHW,263,2025-08-11,False
ETON,1467,2024-09-16,False
ETON,1477,2024-09-30,False
ETON,1488,2024-10-15,False
ETON,1852,2026-03-31,False
ETON,1858,2026-04-09,False
ETOR,1,2025-05-14,False
ETOR,18,2025-06-09,False
ETQ,1,2024-10-25,False
ETR,2222,2024-10-31,False
ETRL,1,2025-09-04,False
ETS,1,2025-08-22,False
ETSY,1154,2020-08-04,False
ETSY,2370,2025-06-06,False
ETTY,1,2025-10-10,False
ETU,1,2024-10-25,False
ETU,3,2024-10-29,False
EU,1944,2023-09-25,False
EUAD,1,2024-10-23,False
EUAD,88,2025-03-03,False
EUDA,1,2021-12-15,False
EUDAW,1,2021-12-15,False
EUIG,1,2025-11-07,False
EURK,2,2024-09-13,False
EURKR,2,2025-04-25,False
EURKR,12,2025-07-14,False
EURKU,1,2024-07-03,False
EURL,2305,2025-03-05,False
EURL,2539,2026-02-09,False
EUSB,1,2020-06-26,False
EUSM,1,2024-12-18,False
EVAC,2,2025-08-25,False
EVAC-U,1,2025-07-08,False
EVAC-WS,1,2025-08-25,False
EVAX,1,2021-02-08,False
EVC,1222,2020-11-09,False
EVC,1379,2021-06-25,False
EVC,2226,2024-11-06,False
EVCM,2,2021-07-06,False
EVCM,18,2021-07-28,False
EVCM,394,2023-01-25,False
EVER,1424,2024-02-27,False
EVEX,1,2022-05-10,False
EVEX,258,2023-05-18,False
EVEX-WT,1,2024-12-10,False
EVEX-WT,3,2024-12-13,False
EVGO,1,2020-11-23,False
EVGO,22,2020-12-23,False
EVGO,35,2021-01-13,False
EVGO,39,2021-01-20,False
EVGOW,2,2020-11-24,False
EVGOW,10,2020-12-07,False
EVH,1272,2021-01-22,False
EVH,1446,2021-09-30,False
EVH,1452,2021-10-08,False
EVHY,1,2023-10-20,False
EVIM,1,2023-10-20,False
EVLN,1,2024-02-09,False
EVLU,1,2024-09-09,False
EVLU,12,2024-09-24,False
EVLV,1,2020-09-23,False
EVLV,1232,2025-08-22,False
EVLVW,1,2021-07-20,False
EVMN,1,2025-11-07,False
EVMN,8,2025-11-18,False
EVMO,1,2025-08-05,False
EVMT,1,2022-04-27,False
EVNT,1,2021-09-21,False
EVO,1139,2021-01-26,False
EVOX,1,2025-12-04,False
EVPF,1,2026-03-06,False
EVR,1222,2020-11-09,False
EVR,1227,2020-11-16,False
EVR,1233,2020-11-24,False
EVR,1261,2021-01-06,False
EVR,2146,2024-07-16,False
EVR,2226,2024-11-06,False
EVR,2392,2025-07-10,False
EVSB,1,2023-10-20,False
EVSD,1,2024-06-18,False
EVSM,1,2024-03-26,False
EVTL,1,2020-11-03,False
EVTR,1,2024-03-26,False
EVUS,1,2023-02-03,False
EVYM,1,2025-02-28,False
EWBC,2001,2023-12-14,False
EWBC,2226,2024-11-06,False
EWBC,2238,2024-11-22,False
EWCZ,1,2021-08-06,False
EWCZ,3,2021-08-10,False
EWH,2201,2024-10-02,False
EWTX,1,2021-03-29,False
EWV,1011,2020-03-09,False
EWY,1240,2020-12-04,False
EWY,1260,2021-01-05,False
EWY,1263,2021-01-08,False
EWY,2381,2025-06-24,False
EWY,2473,2025-11-03,False
EWY,2531,2026-01-28,False
EWY,2547,2026-02-20,False
EWY,2550,2026-02-25,False
EXAS,1857,2023-05-19,False
EXAS,2473,2025-11-03,False
EXAS,2485,2025-11-19,False
EXE,1,2021-02-11,False
EXE,14,2021-03-03,False
EXEQ,1,2026-02-17,False
EXFY,2,2021-11-12,False
EXFY,10,2021-11-24,False
EXFY,772,2024-12-06,False
EXK,2443,2025-09-22,False
EXK,2455,2025-10-08,False
EXLS,2226,2024-11-06,False
EXOD,1,2021-09-17,False
EXOZ,1,2024-11-14,False
EXOZ,211,2025-09-19,False
EXPE,1309,2021-03-17,False
EXPE,2229,2024-11-11,False
EXPI,1111,2020-06-22,False
EXPI,1132,2020-07-22,False
EXPI,1853,2023-06-02,False
EXTR,1276,2021-01-28,False
EXTR,1282,2021-02-05,False
EXTR,1493,2021-12-07,False
EXTR,1884,2023-06-29,False
EXTR,1889,2023-07-07,False
EXTR,1907,2023-08-02,False
EXUS,1,2025-06-20,False
EYEG,1,2023-12-14,False
EZBC,1,2024-01-12,False
EZBC,32,2024-02-28,False
EZBC,218,2024-11-21,False
EZBC,234,2024-12-16,False
EZET,1,2024-07-24,False
EZET,263,2025-08-11,False
EZGO,1,2021-01-27,False
EZJ,2340,2026-02-09,False
EZMO,1,2025-10-17,False
EZPW,1351,2021-05-17,False
EZPW,1452,2021-10-08,False
EZPW,1596,2022-05-05,False
EZPW,2448,2025-09-29,False
EZPW,2538,2026-02-06,False
EZPZ,1,2025-02-21,False
EZRA,1,2021-02-10,False
EZRO,1,2025-10-17,False
F,1233,2020-11-24,False
F,1466,2021-10-28,False
F,1471,2021-11-04,False
FA,3,2021-06-28,False
FACT,1,2021-04-20,False
FACTU,1,2024-11-27,False
FACTW,1,2024-12-23,False
FAI,1,2024-11-22,False
FAN,1262,2021-01-07,False
FANG,1452,2021-10-08,False
FAPR,1,2021-04-20,False
FARX,1,2024-12-23,False
FAS,2001,2023-12-14,False
FAS,2226,2024-11-06,False
FAS,2238,2024-11-22,False
FATBB,1,2021-08-25,False
FATBB,490,2023-08-07,False
FATBB,616,2024-02-06,False
FATN,1,2025-04-09,False
FAZ,2572,2026-03-27,False
FB,1,2025-06-27,False
FBCG,1,2020-06-05,False
FBCV,2,2020-06-08,False
FBDC,1,2025-07-01,False
FBGL,1,2025-02-07,False
FBIN,2001,2023-12-14,False
FBIO,2514,2026-01-02,False
FBIZ,1301,2021-03-05,False
FBIZ,2154,2024-07-26,False
FBK,1124,2021-03-08,False
FBK,1823,2023-12-14,False
FBL,1,2022-12-14,False
FBL,12,2023-01-03,False
FBL,19,2023-01-12,False
FBL,142,2023-07-12,False
FBL,280,2024-01-29,False
FBLA,1,2024-10-24,False
FBLG,1,2024-01-31,False
FBNC,1302,2021-03-08,False
FBNC,2153,2024-07-25,False
FBOT,1,2023-06-13,False
FBTC,1,2024-01-12,False
FBTC,32,2024-02-28,False
FBTC,218,2024-11-21,False
FBTC,234,2024-12-16,False
FBUF,1,2024-04-12,False
FBY,1,2023-07-31,False
FBYD,1,2021-05-07,False
FBYD,554,2023-09-26,False
FBYDW,2,2021-05-10,False
FBYY,1,2025-10-22,False
FCAP,1648,2023-07-06,False
FCAP,2053,2025-04-24,False
FCBC,1302,2021-03-08,False
FCBC,1316,2021-03-26,False
FCBD,1,2024-12-23,False
FCF,2153,2024-07-25,False
FCFY,1,2023-08-25,False
FCG,1240,2020-12-04,False
FCG,1300,2021-03-04,False
FCHL,2,2025-09-08,False
FCLD,1,2021-10-08,False
FCLD,5,2021-10-14,False
FCNCA,1222,2020-11-09,False
FCNCA,1302,2021-03-08,False
FCNCA,1305,2021-03-11,False
FCO,1898,2023-07-20,False
FCRS-U,1,2025-09-30,False
FCRS-WS,1,2025-11-18,False
FCRX,1,2021-05-28,False
FCSH,1,2021-12-20,False
FCTE,1,2024-07-03,False
FCUS,1,2022-12-29,False
FCX,1240,2020-12-04,False
FCX,1261,2021-01-06,False
FCX,2075,2024-04-03,False
FCX,2516,2026-01-06,False
FCX,2520,2026-01-12,False
FCX,2530,2026-01-27,False
FCX,2532,2026-01-29,False
FCXG,3,2026-02-24,False
FDAT,1,2023-04-21,False
FDBC,1772,2023-12-15,False
FDCF,1,2023-06-13,False
FDEC,1,2020-12-22,False
FDFF,1,2023-06-13,False
FDG,2,2020-04-06,False
FDG,7,2020-04-14,False
FDIF,1,2023-06-21,False
FDIG,1,2022-04-22,False
FDIG,307,2023-07-13,False
FDIG,418,2023-12-19,False
FDIG,811,2025-07-17,False
FDIQ,2001,2023-12-14,False
FDIV,1,2023-09-21,False
FDLS,1,2022-08-25,False
FDM,1281,2021-02-08,False
FDM,1303,2021-03-11,False
FDMT,1,2020-12-14,False
FDMT,5,2020-12-18,False
FDND,1,2024-03-22,False
FDNI,324,2020-06-01,False
FDNI,335,2020-06-16,False
FDNI,1413,2024-09-27,False
FDRS,1,2025-12-30,False
FDRV,1,2021-10-08,False
FDRX,1,2026-01-15,False
FDSB,1,2024-08-02,False
FDTX,1,2023-06-13,False
FDTX,21,2023-07-13,False
FDUS,1229,2020-11-18,False
FDUS,1233,2020-11-24,False
FDV,1,2022-11-17,False
FDX,1192,2020-09-28,False
FDX,2536,2026-02-04,False
FEAC,1,2024-11-22,False
FEAM,1,2022-03-16,False
FEAT,1,2024-12-18,False
FEBM,1,2025-02-25,False
FEBO,1,2023-12-01,False
FEBP,1,2024-02-02,False
FEBT,1,2023-02-02,False
FEBU,1,2025-02-04,False
FEBW,1,2023-02-02,False
FEBZ,1,2021-02-02,False
FEDM,1,2021-09-22,False
FEGE,1,2024-12-23,False
FEIG,1,2021-09-22,False
FEIM,1731,2022-12-29,False
FEIM,1959,2023-11-28,False
FEIM,1978,2023-12-26,False
FEIM,2220,2024-12-11,False
FELC,1,2023-11-21,False
FELG,1,2023-11-21,False
FELV,1,2023-11-21,False
FEMD,1,2026-01-28,False
FEMR,1,2024-11-22,False
FEMY,1,2021-06-21,False
FENC,1302,2021-09-23,False
FENI,1,2023-11-21,False
FENY,1240,2020-12-04,False
FEOE,1,2024-12-23,False
FEPI,1,2023-10-12,False
FERA,1,2025-04-22,False
FERAR,1,2025-04-22,False
FERAR,11,2025-05-16,False
FERAR,16,2025-05-28,False
FERAR,18,2025-05-30,False
FERAU,1,2025-02-28,False
FERG,380,2020-11-06,False
FERG,396,2021-01-11,False
FESM,1,2023-11-21,False
FESM,17,2023-12-14,False
FET,1289,2021-02-17,False
FET,1294,2021-02-24,False
FET,2547,2026-02-20,False
FETH,1,2024-07-24,False
FETH,263,2025-08-11,False
FEUS,1,2021-09-22,False
FEXD,1,2022-01-14,False
FF,1110,2020-06-02,False
FF,2557,2026-03-06,False
FFAI,1,2020-09-03,False
FFAI,89,2021-01-11,False
FFAI,99,2021-01-26,False
FFAIW,1,2025-03-11,False
FFDI,1,2024-11-22,False
FFEB,1,2020-02-25,False
FFEM,1,2024-11-22,False
FFGX,1,2024-11-22,False
FFIC,1302,2021-03-08,False
FFIN,1302,2021-03-08,False
FFIN,2154,2024-07-26,False
FFLC,1,2020-06-05,False
FFLG,1,2021-02-05,False
FFLS,1,2023-06-22,False
FFLV,1,2024-02-27,False
FFND,1,2021-08-25,False
FFOG,1,2023-11-07,False
FFOX,1,2025-06-11,False
FFSM,1,2021-02-05,False
FFUT,1,2025-06-06,False
FG,1,2022-11-23,False
FGBI,2215,2024-11-29,False
FGDL,1,2022-07-01,False
FGDL,897,2026-01-28,False
FGI,1,2022-01-26,False
FGII,1,2026-03-11,False
FGIIU,1,2026-01-16,False
FGIIW,1,2026-03-11,False
FGL,2,2024-10-25,False
FGL,5,2024-10-30,False
FGMC,1,2025-02-12,False
FGMCR,2,2025-02-12,False
FGMCU,1,2025-01-30,False
FGN,1,2023-12-13,False
FGRU,1,2026-02-19,False
FGSI,1,2025-06-27,False
FGSM,1,2024-12-23,False
FGSN,1,2025-01-22,False
FHB,1074,2020-11-09,False
FHB,1853,2023-12-14,False
FHDG,1,2024-11-19,False
FHEQ,1,2024-04-12,False
FHI,2416,2025-08-13,False
FHN,2001,2023-12-14,False
FHN,2239,2024-11-25,False
FHN-P-H,1,2026-03-09,False
FHTX,1,2020-10-26,False
FHTX,34,2020-12-11,False
FHTX,228,2021-09-21,False
FHYS,1,2021-12-20,False
FIAT,1,2024-07-11,False
FIAT,395,2026-02-05,False
FIAX,1,2022-12-01,False
FIBK,2001,2023-12-14,False
FICO,1537,2022-02-09,False
FICO,2228,2024-11-08,False
FICS,1,2020-12-17,False
FIG,1,2025-07-31,False
FIGB,1,2021-03-05,False
FIGG,1,2025-10-15,False
FIGR,2,2025-09-15,False
FIGS,1,2021-05-28,False
FIGX,1,2025-08-19,False
FIHL,1,2023-06-30,False
FIHL,176,2024-03-12,False
FIHL,188,2024-03-28,False
FIIG,1,2023-08-04,False
FILL,1,2020-03-12,False
FINT,1,2024-12-23,False
FINV,795,2021-01-08,False
FINV,798,2021-01-13,False
FINV,1427,2023-07-17,False
FINV,1434,2023-07-26,False
FINV,1925,2025-07-11,False
FINW,1,2021-11-22,False
FINW,49,2022-02-01,False
FINW,510,2023-12-01,False
FINW,516,2023-12-11,False
FINW,721,2024-10-04,False
FINW,933,2025-08-12,False
FIP,1,2022-07-21,False
FIP,353,2023-12-13,False
FIP,435,2024-04-12,False
FIP,454,2024-05-09,False
FISI,2151,2024-07-23,False
FISI,2154,2024-07-26,False
FISI,2156,2024-07-30,False
FITB,2001,2023-12-14,False
FITBM,1,2026-02-03,False
FIVN,2238,2024-11-22,False
FIVY,1,2024-12-18,False
FIX,1283,2021-02-08,False
FIX,1302,2021-03-08,False
FIX,1472,2021-11-05,False
FIX,2043,2024-02-15,False
FIX,2048,2024-02-23,False
FIX,2054,2024-03-04,False
FIX,2067,2024-03-21,False
FIX,2403,2025-07-25,False
FIXP,1,2025-01-24,False
FIXT,1,2025-06-17,False
FJAN,1,2021-01-20,False
FJET,1,2025-12-19,False
FJIKY,1,2025-01-24,False
FJUL,1,2020-07-21,False
FJUN,1,2020-06-23,False
FKWL,1062,2020-03-24,False
FKWL,1084,2020-04-24,False
FKWL,1228,2020-11-17,False
FKWL,1236,2020-11-30,False
FKWL,1243,2020-12-09,False
FKWL,2147,2024-07-17,False
FLAG,1,2025-04-17,False
FLAO,1,2024-04-02,False
FLCC,1,2024-08-01,False
FLCE,1,2024-12-23,False
FLCG,1,2024-08-01,False
FLCH,1736,2024-10-02,False
FLCH,1848,2025-03-17,False
FLCV,1,2024-08-01,False
FLD,1,2022-02-10,False
FLDB,1,2024-02-27,False
FLDZ,1,2022-01-04,False
FLEX,1227,2020-11-16,False
FLEX,1749,2022-12-13,False
FLG-P-U,1,2024-10-24,False
FLGV,1,2020-06-15,False
FLJJ,1,2024-02-02,False
FLKR,768,2020-12-04,False
FLKR,788,2021-01-05,False
FLKR,791,2021-01-08,False
FLKR,1909,2025-06-24,False
FLKR,2001,2025-11-03,False
FLKR,2059,2026-01-28,False
FLKR,2075,2026-02-20,False
FLKR,2078,2026-02-25,False
FLL,1283,2021-02-08,False
FLNC,2,2021-11-01,False
FLNG,579,2021-10-01,False
FLNG,619,2021-11-29,False
FLNG,714,2022-04-14,False
FLNT,1250,2020-12-18,False
FLNT,2516,2026-01-06,False
FLOC,1,2025-01-17,False
FLOC,262,2026-02-03,False
FLOW,1,2023-07-13,False
FLR,1472,2021-11-05,False
FLR,1478,2021-11-15,False
FLRG,1,2020-09-18,False
FLS,2470,2025-10-29,False
FLS,2550,2026-02-25,False
FLUD,1,2020-07-17,False
FLUX,1,2020-08-17,False
FLUX,9,2020-08-27,False
FLUX,741,2023-07-27,False
FLV,2,2020-04-06,False
FLWS,1037,2020-02-18,False
FLWS,1046,2020-03-02,False
FLWS,1274,2021-01-26,False
FLX,1,2024-10-04,False
FLXN,1,2025-07-07,False
FLXR,1,2024-06-25,False
FLXS,1787,2023-02-08,False
FLXS,1794,2023-02-17,False
FLY,1,2025-08-08,False
FLYD,1,2022-06-23,False
FLYD,322,2023-10-03,False
FLYE,1,2024-06-07,False
FLYT,2,2025-10-27,False
FLYU,2,2022-06-24,False
FLYU,592,2024-10-29,False
FLYU,598,2024-11-06,False
FLYW,1,2021-05-27,False
FLYW,425,2023-02-02,False
FLYW,693,2024-02-28,False
FLYX,1,2021-07-20,False
FLYX-WT,1,2024-12-10,False
FMAG,1,2021-02-05,False
FMAO,1396,2021-12-27,False
FMAO,1892,2023-12-15,False
FMAO,1898,2023-12-26,False
FMAO,2041,2024-07-23,False
FMAR,1,2021-03-23,False
FMAY,1,2020-05-19,False
FMCE,1,2024-11-12,False
FMCX,1,2022-04-26,False
FMDE,1,2023-11-21,False
FMED,1,2023-06-13,False
FMET,1,2022-04-22,False
FMFC,1,2025-06-26,False
FMIL,1,2020-06-03,False
FMKT,1,2025-06-11,False
FMNY,1,2021-05-14,False
FMQQ,1,2021-09-29,False
FMTL,1,2025-11-06,False
FMTL,3,2025-11-10,False
FMTL,15,2025-11-26,False
FMTL,25,2025-12-11,False
FMTL,45,2026-01-12,False
FMTL,56,2026-01-28,False
FMTM,1,2025-03-21,False
FMUB,1,2025-04-08,False
FMUN,1,2025-04-08,False
FMX,1229,2020-11-18,False
FMX,1238,2020-12-02,False
FNB,2001,2023-12-14,False
FND,1452,2023-02-01,False
FNGB,1,2025-02-21,False
FNGG,1,2021-10-01,False
FNGG,5,2021-10-07,False
FNGG,10,2021-10-14,False
FNGG,12,2021-10-18,False
FNGG,25,2021-11-04,False
FNGG,417,2023-05-30,False
FNGG,420,2023-06-02,False
FNGG,427,2023-06-13,False
FNGG,429,2023-06-15,False
FNGG,581,2024-01-24,False
FNGG,692,2024-07-03,False
FNGO,282,2020-01-02,False
FNGO,289,2020-01-13,False
FNGO,304,2020-02-04,False
FNGO,310,2020-02-12,False
FNGO,314,2020-02-19,False
FNGO,409,2020-07-06,False
FNGO,1139,2023-05-30,False
FNGO,1149,2023-06-13,False
FNGO,1151,2023-06-15,False
FNGO,1415,2024-07-05,False
FNGO,1526,2024-12-11,False
FNGS,62,2020-02-19,False
FNGU,1,2025-02-21,False
FNKO,1654,2024-06-03,False
FNKO,1661,2024-06-12,False
FNUC,1,2021-11-22,False
FNV,2442,2025-09-19,False
FNV,2525,2026-01-20,False
FOCT,1,2020-10-20,False
FOFO,1,2025-09-15,False
FOLD,1219,2020-11-04,False
FOLD,1223,2020-11-10,False
FONR,1105,2020-05-26,False
FOPC,1,2024-12-23,False
FOR,1841,2023-05-01,False
FOR,1854,2023-05-18,False
FOR,1898,2023-07-24,False
FOR,2077,2024-04-09,False
FORA,1,2021-03-04,False
FORH,1,2021-04-30,False
FORL,1,2023-05-17,False
FORM,1240,2020-12-04,False
FORM,2108,2024-05-20,False
FORM,2470,2025-10-29,False
FORM,2524,2026-01-16,False
FOUR,1,2020-06-08,False
FOUR,9,2020-06-18,False
FOUR-PA,1,2025-05-02,False
FOUR-PA,7,2025-05-12,False
FOWF,1,2024-12-19,False
FOXF,1283,2021-02-08,False
FOXO,1,2021-02-01,False
FOXX,1,2022-08-09,False
FOXXW,1,2022-08-04,False
FOXY,1,2025-02-05,False
FPA,2408,2026-02-20,False
FPAG,1,2021-12-20,False
FPAS,1,2024-11-04,False
FPFD,1,2021-06-18,False
FPH,972,2021-03-22,False
FPH,1556,2023-07-18,False
FPH,1871,2024-10-16,False
FPI,1228,2020-11-17,False
FPI,1273,2021-01-25,False
FPI,2550,2026-02-25,False
FPRO,1,2021-02-05,False
FPS,1,2026-02-06,False
FRBA,1209,2020-11-10,False
FRBA,1287,2021-03-05,False
FRBA,1986,2023-12-13,False
FRD,2429,2025-09-02,False
FRDD,1,2025-07-24,False
FRDU,1,2025-07-24,False
FRDU,10,2025-08-06,False
FRGN,1,2025-12-04,False
FRHC,585,2020-06-05,False
FRHC,656,2020-09-16,False
FRHC,678,2020-10-16,False
FRHC,692,2020-11-05,False
FRHC,700,2020-11-17,False
FRHC,708,2020-11-30,False
FRHC,712,2020-12-04,False
FRHC,717,2020-12-11,False
FRHC,724,2020-12-22,False
FRHC,1708,2024-11-20,False
FRIZ,1,2025-09-02,False
FRME,1996,2023-12-07,False
FRME,2001,2023-12-14,False
FRMEP,1,2020-08-19,False
FRMI,1,2025-10-02,False
FRNW,1,2021-10-08,False
FRNW,4,2021-10-13,False
FRNW,15,2021-10-28,False
FRO,1554,2022-03-07,False
FRO,1675,2022-08-29,False
FRO,1680,2022-09-06,False
FRO,2545,2026-02-18,False
FRO,2549,2026-02-24,False
FRO,2552,2026-02-27,False
FROG,1,2020-09-17,False
FROG,4,2020-09-22,False
FROG,684,2023-06-06,False
FROG,859,2024-02-15,False
FRPT,1037,2020-02-18,False
FRPT,2049,2024-02-26,False
FRPT,2552,2026-02-27,False
FRSH,1,2021-09-23,False
FRSH,467,2023-08-02,False
FRST,2154,2024-07-26,False
FRST,2398,2025-07-18,False
FRT,1302,2021-03-08,False
FRTY,1,2021-03-02,False
FRTY,8,2021-03-11,False
FRTY,747,2024-02-16,False
FRWD,1,2026-01-14,False
FRWD,10,2026-01-28,False
FSBC,180,2021-11-18,False
FSBC,186,2021-11-29,False
FSBC,191,2021-12-06,False
FSBC,700,2023-12-14,False
FSBC,845,2024-07-16,False
FSBW,1290,2021-03-08,False
FSBW,1990,2023-12-15,False
FSBW,2140,2024-07-24,False
FSCC,1,2024-08-01,False
FSCO,1,2022-11-15,False
FSCO,3,2022-11-17,False
FSEA,305,2020-09-30,False
FSEA,308,2020-10-05,False
FSEA,1131,2024-01-12,False
FSEC,1,2021-03-05,False
FSEP,1,2020-09-22,False
FSHP,1,2024-08-16,False
FSHPR,2,2024-08-16,False
FSHPU,1,2024-06-20,False
FSI,2176,2024-08-27,False
FSIG,1,2021-11-19,False
FSLR,1157,2020-08-07,False
FSLR,1389,2021-07-12,False
FSLR,1682,2022-09-08,False
FSLR,2472,2025-10-31,False
FSM,1989,2023-11-28,False
FSM,2075,2024-04-03,False
FSML,1,2025-12-12,False
FSOL,1,2025-11-19,False
FSS,2001,2023-12-14,False
FSS,2406,2025-07-30,False
FSSL,1,2025-11-14,False
FSTR,1915,2023-08-14,False
FSTR,2233,2024-11-15,False
FSTR,2238,2024-11-22,False
FSYD,1,2022-02-18,False
FTAG,878,2021-01-07,False
FTAI,1240,2020-12-04,False
FTAI,1302,2021-03-08,False
FTAI,2030,2024-01-29,False
FTAI,2048,2024-02-23,False
FTAI,2097,2024-05-03,False
FTAI,2132,2024-06-25,False
FTAI,2137,2024-07-02,False
FTAI,2146,2024-07-16,False
FTAI,2524,2026-01-16,False
FTAIN,1,2021-03-19,False
FTBD,1,2023-01-27,False
FTBI,1,2025-05-30,False
FTCA,1,2025-10-28,False
FTCB,1,2023-11-09,False
FTCE,1,2024-10-04,False
FTCI,1,2021-04-29,False
FTEL,1,2023-08-09,False
FTGC,1555,2022-03-08,False
FTGS,1,2022-10-27,False
FTHB,1,2026-02-20,False
FTHF,2,2023-11-02,False
FTHF,428,2025-07-18,False
FTHF,560,2026-01-27,False
FTHM,1,2020-08-03,False
FTHY,1,2020-06-29,False
FTI,2073,2024-04-03,False
FTIF,1,2023-03-15,False
FTII,1,2022-04-11,False
FTK,2121,2024-06-07,False
FTKI,1,2025-02-28,False
FTLF,1415,2021-08-17,False
FTMA,1,2025-11-11,False
FTMH,1,2025-10-28,False
FTMN,1,2025-11-11,False
FTMS,1,2025-10-28,False
FTMU,1,2025-10-28,False
FTNJ,1,2025-11-11,False
FTNT,1398,2021-07-23,False
FTNT,1406,2021-08-04,False
FTNY,1,2025-10-28,False
FTOH,1,2025-11-11,False
FTPA,1,2025-11-11,False
FTRB,1,2024-01-05,False
FTRE,1,2023-06-20,False
FTRE,10,2023-07-03,False
FTRK,1,2025-05-27,False
FTW,1,2024-09-30,False
FTW-U,1,2025-11-04,False
FTW-WS,1,2025-10-30,False
FTWO,1,2023-09-01,False
FTXN,901,2020-12-10,False
FTXO,1800,2023-12-14,False
FUBO,1140,2021-06-25,False
FUFU,1,2021-12-10,False
FUFUW,1,2024-02-27,False
FULC,1375,2025-01-03,False
FUN,2135,2024-06-28,False
FUN,2138,2024-07-03,False
FUNC,1982,2023-12-05,False
FURY,1771,2023-01-17,False
FURY,1774,2023-01-20,False
FURY,1778,2023-01-26,False
FURY,2371,2025-06-09,False
FUSE,1,2022-03-08,False
FUSI,1,2023-03-17,False
FUTG,1,2025-10-15,False
FUTG,4,2025-10-20,False
FUTG,8,2025-10-24,False
FUTU,310,2020-06-01,False
FUTU,320,2020-06-15,False
FUTU,333,2020-07-02,False
FUTU,828,2022-06-21,False
FVAV,1,2026-02-26,False
FVN,1,2024-11-05,False
FVNNU,2,2024-09-13,False
FVNNU,340,2026-01-21,False
FVR,1,2024-10-02,False
FVRR,157,2020-01-21,False
FVRR,922,2023-02-02,False
FVRR,1378,2024-11-25,False
FWD,1,2023-03-22,False
FWRD,1233,2020-11-24,False
FWRG,1,2021-10-04,False
FWRG,603,2024-02-27,False
FXED,1,2021-01-04,False
FXI,2201,2024-10-02,False
FXN,1240,2020-12-04,False
FXNC,939,2021-07-12,False
FXNC,1692,2024-10-18,False
FXNC,1705,2024-11-06,False
FXNC,1719,2024-11-26,False
FXP,1705,2022-10-11,False
FYC,1283,2021-02-08,False
FYEE,1,2024-04-12,False
FYT,1240,2020-12-04,False
GABC,1302,2021-03-08,False
GABC,2147,2024-07-17,False
GABF,1,2022-05-10,False
GABF,14,2022-05-27,False
GAEM,1,2024-08-14,False
GAIA,1302,2021-03-08,False
GAIA,2238,2024-11-22,False
GAID,1,2025-12-23,False
GAING,1,2026-02-20,False
GAINI,1,2024-12-19,False
GALDY,1,2024-07-09,False
GALT,2067,2024-03-21,False
GALT,2075,2024-04-03,False
GALT,2434,2025-09-09,False
GAMB,1,2021-07-26,False
GAMB,770,2024-08-15,False
GAMB,853,2024-12-12,False
GAMR,1219,2021-01-27,False
GANX,2,2021-03-22,False
GANX,7,2021-03-29,False
GANX,466,2023-01-24,False
GAP,1222,2020-11-09,False
GAP,1232,2020-11-23,False
GAP,1728,2022-11-11,False
GAPR,1,2023-04-25,False
GARA,1,2025-12-23,False
GARP,1,2020-01-17,False
GARY,1,2025-12-23,False
GASS,1881,2023-06-26,False
GASS,1885,2023-06-30,False
GASS,1895,2023-07-17,False
GASS,2113,2024-05-28,False
GAST,1,2022-01-06,False
GAST,875,2025-07-03,False
GATE,1,2021-11-23,False
GATX,1241,2020-12-07,False
GAU,1148,2020-07-27,False
GAU,2006,2023-12-21,False
GAU,2016,2024-01-08,False
GAUD,1,2025-12-23,False
GAUG,1,2023-08-22,False
GAUZ,1,2024-06-07,False
GAVA,2,2026-03-16,False
GBCI,1302,2021-03-08,False
GBCI,2001,2023-12-14,False
GBHI,1,2025-11-18,False
GBND,1,2025-06-27,False
GBTC,1231,2020-11-23,False
GBTC,1977,2023-11-10,False
GBTC,1986,2023-11-24,False
GBTC,1993,2023-12-05,False
GBTC,2050,2024-02-28,False
GBTC,2236,2024-11-21,False
GBTC,2252,2024-12-16,False
GBTG,1,2022-06-01,False
GBUG,1,2025-02-21,False
GBUG,9,2025-03-05,False
GBUG,17,2025-03-17,False
GBUG,140,2025-09-11,False
GBUG,147,2025-09-22,False
GBUG,152,2025-09-29,False
GBUG,165,2025-10-16,False
GBUG,229,2026-01-20,False
GBUG,235,2026-01-28,False
GBX,1287,2021-02-12,False
GBX,1293,2021-02-23,False
GBX,1306,2021-03-12,False
GBX,1884,2023-06-29,False
GBX,2016,2024-01-08,False
GBX,2217,2024-10-24,False
GBX,2226,2024-11-06,False
GBX,2387,2025-07-02,False
GBXA,1,2025-01-03,False
GCAD,1,2023-01-05,False
GCAD,7,2023-01-13,False
GCAL,1,2024-07-26,False
GCBC,1343,2021-06-02,False
GCBC,1543,2022-03-18,False
GCC,1555,2022-03-08,False
GCDT,3,2026-01-14,False
GCL,1,2022-04-21,False
GCLWW,1,2025-02-11,False
GCO,2245,2024-12-04,False
GCO,2247,2024-12-06,False
GCOR,1,2020-09-11,False
GCT,1,2022-08-19,False
GCT,249,2023-08-16,False
GCT,745,2025-08-08,False
GCTS,1,2024-03-25,False
GCTS-WT,1,2024-12-10,False
GDDY,1981,2023-11-15,False
GDDY,1992,2023-12-01,False
GDDY,2245,2024-12-04,False
GDE,1,2022-03-18,False
GDE,969,2026-01-28,False
GDEC,1,2023-12-19,False
GDEN,1183,2020-09-15,False
GDEN,1248,2020-12-16,False
GDEV,1,2020-10-06,False
GDFN,1,2025-09-26,False
GDFN,3,2025-09-30,False
GDHG,1,2023-04-13,False
GDHG,12,2023-04-28,False
GDHG,19,2023-05-09,False
GDIV,1,2022-05-24,False
GDMN,1,2021-12-17,False
GDMN,18,2022-01-12,False
GDMN,22,2022-01-19,False
GDMN,55,2022-03-08,False
GDMN,933,2025-09-08,False
GDMN,943,2025-09-22,False
GDMN,948,2025-09-29,False
GDMN,953,2025-10-06,False
GDMN,1031,2026-01-28,False
GDOC,1,2021-11-10,False
GDOG,1,2025-11-25,False
GDOT,2415,2025-08-12,False
GDRX,1,2020-09-24,False
GDST,1,2022-04-18,False
GDSTR,1,2025-04-28,False
GDT,1,2026-01-23,False
GDT,4,2026-01-28,False
GDTC,1,2023-04-14,False
GDTC,17,2023-05-08,False
GDX,2436,2025-09-11,False
GDX,2443,2025-09-22,False
GDX,2461,2025-10-16,False
GDX,2525,2026-01-20,False
GDXD,1,2020-12-04,False
GDXJ,2436,2025-09-11,False
GDXJ,2443,2025-09-22,False
GDXJ,2448,2025-09-29,False
GDXJ,2461,2025-10-16,False
GDXJ,2520,2026-01-12,False
GDXJ,2525,2026-01-20,False
GDXJ,2531,2026-01-28,False
GDXU,2,2020-12-07,False
GDXU,1182,2025-08-21,True
GDXW,1,2025-10-31,False
GDXW,7,2025-11-10,False
GDXW,54,2026-01-20,False
GDXY,1,2024-05-22,False
GDXY,352,2025-10-16,False
GDYN,530,2020-12-08,False
GDYN,540,2020-12-22,False
GDYN,546,2020-12-31,False
GE,1240,2020-12-04,False
GE,1243,2020-12-09,False
GE,2057,2024-03-07,False
GE,2075,2024-04-03,False
GECC,1909,2023-08-04,False
GECCG,1,2025-09-15,False
GECCH,1,2024-09-27,False
GEF,2386,2025-07-01,False
GEF-B,2381,2025-06-24,False
GEF-B,2536,2026-02-04,False
GEFB,2536,2026-02-04,False
GEHC,1,2022-12-16,False
GEHC,17,2023-01-11,False
GEL,1306,2021-03-12,False
GEL,1309,2021-03-17,False
GEL,2313,2025-03-17,False
GELS,1,2024-10-30,False
GEMD,1,2022-02-18,False
GEME,1,2025-01-24,False
GEMG,1,2025-11-06,False
GEMI,1,2025-09-12,False
GEN,1031,2020-02-07,False
GENB,1,2026-02-27,False
GEND,1,2025-01-14,False
GENE,1243,2020-12-09,False
GENI,1,2020-10-06,False
GENI,46,2020-12-09,False
GENK,2,2023-06-30,False
GENM,1,2024-05-23,False
GENT,1,2024-05-23,False
GENVR,3,2025-04-23,False
GENVR,13,2025-05-07,False
GENW,1,2025-01-14,False
GEO,1739,2022-11-29,False
GEO,2067,2024-03-21,False
GEO,2078,2024-04-08,False
GEOA,1,2025-07-09,False
GEOS,1797,2023-02-23,False
GEOS,1802,2023-03-02,False
GEOS,1806,2023-03-08,False
GEOS,1825,2023-04-04,False
GEOS,1943,2023-09-22,False
GEOS,2226,2024-11-06,False
GES,2067,2024-03-21,False
GES,2421,2025-08-20,False
GETY,1,2020-09-22,False
GETY,751,2023-09-15,False
GEV,2,2024-04-01,False
GEV,22,2024-04-29,False
GEV,146,2024-10-24,False
GEV,155,2024-11-06,False
GEV,330,2025-07-23,False
GEVG,1,2025-12-17,False
GEVX,1,2025-07-14,False
GEW,1,2025-09-25,False
GFAI,1,2021-03-24,False
GFEB,1,2023-02-22,False
GFF,1890,2023-07-10,False
GFF,2001,2023-12-14,False
GFGF,1,2021-12-17,False
GFI,1155,2020-08-05,False
GFI,1488,2021-11-30,False
GFI,2289,2025-02-10,False
GFI,2307,2025-03-07,False
GFI,2430,2025-09-03,False
GFI,2530,2026-01-27,False
GFL,1,2020-03-04,False
GFLW,1,2024-12-05,False
GFR,1,2021-12-14,False
GFR,648,2024-07-15,False
GFR,1060,2026-03-06,False
GFS,2,2021-11-01,False
GFS,1064,2026-01-27,False
GGAL,1365,2021-06-07,False
GGAL,1765,2023-01-06,False
GGAL,1874,2023-06-14,False
GGAL,1876,2023-06-16,False
GGAL,2088,2024-04-22,False
GGAL,2105,2024-05-15,False
GGAL,2192,2024-09-19,False
GGB,1006,2020-01-02,False
GGB,1013,2020-01-13,False
GGB,1334,2021-04-22,False
GGB,1344,2021-05-06,False
GGLL,1,2022-09-08,False
GGLL,411,2024-04-26,False
GGLL,749,2025-09-03,False
GGLL,757,2025-09-15,False
GGLS,1,2022-09-09,False
GGLS,3,2022-09-13,False
GGOV,1,2025-06-27,False
GGR,1,2021-03-02,False
GGR,277,2022-04-04,False
GGROW,1,2021-03-02,False
GGROW,177,2021-11-16,False
GGRP,1,2021-07-02,False
GGRW,1,2021-02-17,False
GGTL,1,2022-01-06,False
GGUS,1,2023-12-01,False
GH,497,2020-09-25,False
GH,593,2021-02-12,False
GH,1178,2023-06-12,False
GH,1550,2024-12-04,False
GH,1776,2025-10-30,False
GH,1793,2025-11-24,False
GHI,1315,2021-03-25,False
GHLD,1,2020-10-23,False
GHLD,1322,2026-01-29,False
GHM,1796,2023-02-22,False
GHM,2237,2024-11-22,False
GHM,2379,2025-06-23,False
GHM,2459,2025-10-15,False
GHRS,2,2021-06-29,False
GHRS,857,2024-11-20,False
GHTA,1,2021-11-17,False
GIAX,1,2024-07-31,False
GIBO,1,2023-08-22,False
GIBOW,1,2025-05-06,False
GIC,1214,2020-10-28,False
GIC,2406,2025-07-30,False
GIF,1,2026-02-27,False
GIFT,1,2021-01-11,False
GIFT,641,2023-07-28,False
GIGGU,1,2024-08-30,False
GIGGW,1,2024-09-12,False
GIGGW,11,2024-10-10,False
GIGL,1,2025-06-27,False
GIII,1999,2023-12-12,False
GIL,1239,2020-12-03,False
GILT,1259,2021-01-04,False
GILT,1267,2021-01-14,False
GILT,2295,2025-02-19,False
GILT,2433,2025-09-08,False
GILT,2460,2025-10-15,False
GILT,2467,2025-10-24,False
GIND,1,2025-04-02,False
GINN,1,2020-11-10,False
GINX,1,2024-03-01,False
GIPR,1,2021-10-06,False
GITS,1,2023-08-02,False
GIXXR,1,2026-03-20,False
GIXXU,1,2026-01-26,False
GJAN,1,2023-01-24,False
GJUL,1,2023-07-25,False
GJUN,1,2023-06-21,False
GK,1,2021-07-06,False
GKAT,1,2025-08-26,False
GKOS,1866,2023-06-02,False
GKOS,1870,2023-06-08,False
GLBE,3,2021-05-17,False
GLBE,7,2021-05-21,False
GLBE,13,2021-06-01,False
GLBE,18,2021-06-08,False
GLBE,25,2021-06-17,False
GLBE,33,2021-06-29,False
GLBE,539,2023-07-05,False
GLBE,888,2024-11-20,False
GLBL,1,2024-09-18,False
GLCR,1,2025-03-28,False
GLD,2531,2026-01-28,False
GLDB,1,2025-10-27,False
GLDB,64,2026-01-28,False
GLDD,1906,2023-08-01,False
GLDG,1008,2020-01-06,False
GLDG,1026,2020-01-31,False
GLDG,1143,2020-07-20,False
GLDG,1173,2020-08-31,False
GLDG,2430,2025-09-03,False
GLDG,2443,2025-09-22,False
GLDG,2455,2025-10-08,False
GLDM,1906,2026-01-28,False
GLDN,1,2026-02-19,False
GLDN,3,2026-02-23,False
GLDW,1,2025-10-31,False
GLDW,60,2026-01-28,False
GLDX,1,2021-11-03,False
GLDX,1062,2026-01-28,False
GLDY,1,2025-04-03,False
GLE,1,2024-09-23,False
GLED-UN,1,2026-03-05,False
GLGG,2,2025-08-22,False
GLIBA,1,2025-07-14,False
GLIBA,5,2025-07-18,False
GLIBK,1,2025-07-14,False
GLIBK,5,2025-07-18,False
GLIX,1,2025-10-07,False
GLND,1,2026-03-24,False
GLNG,1551,2022-03-02,False
GLNG,1555,2022-03-08,False
GLNG,1563,2022-03-18,False
GLNG,1567,2022-03-24,False
GLNG,2139,2024-07-05,False
GLNG,2151,2024-07-23,False
GLNG,2567,2026-03-20,False
GLOB,1040,2020-02-21,False
GLOB,1415,2021-08-17,False
GLOB,1420,2021-08-24,False
GLOO,2,2025-11-20,False
GLOV,1,2022-02-10,False
GLOW,1,2024-06-26,False
GLP,1228,2020-11-17,False
GLP,2021,2024-01-16,False
GLRY,1,2020-12-09,False
GLRY,7,2020-12-17,False
GLRY,20,2021-01-07,False
GLRY,28,2021-01-20,False
GLRY,42,2021-02-09,False
GLSI,1,2020-09-28,False
GLSI,9,2020-10-08,False
GLSI,796,2023-11-24,False
GLTO,1,2020-10-30,False
GLTO,9,2020-11-11,False
GLTR,2460,2025-10-15,False
GLTR,2520,2026-01-12,False
GLTR,2522,2026-01-14,False
GLTR,2531,2026-01-28,False
GLUE,1,2021-06-25,False
GLW,2140,2024-07-08,False
GLW,2405,2025-07-29,False
GLW,2539,2026-02-09,False
GLWG,1,2026-03-11,False
GLXG,3,2024-09-16,False
GLXU,1,2025-08-11,False
GM,1233,2020-11-24,False
GM,1283,2021-02-08,False
GMAB,1105,2020-05-26,False
GMAB,1368,2021-06-10,False
GMAB,2449,2025-09-30,False
GMAB,2452,2025-10-03,False
GMAR,1,2023-03-21,False
GMAY,1,2023-05-23,False
GME-WT,1,2025-10-09,False
GMED,2477,2025-11-07,False
GMET,1,2021-11-12,False
GMET,1040,2026-01-06,False
GMET,1044,2026-01-12,False
GMET,1053,2026-01-26,False
GMEU,1,2025-04-25,False
GMEU,14,2025-05-14,False
GMEU,20,2025-05-22,False
GMEX,1,2023-08-09,False
GMEY,1,2025-09-10,False
GMGT,1,2021-04-14,False
GMHS,1,2023-06-29,False
GMM,2,2023-10-11,False
GMM,8,2023-10-19,False
GMMA,1,2024-09-18,False
GMMF,1,2025-02-06,False
GMNY,1,2024-07-26,False
GMOC,1,2025-10-29,False
GMOD,1,2025-10-15,False
GMOI,1,2024-10-30,False
GMOV,1,2024-10-30,False
GMOV,6,2024-11-06,False
GMRE,2001,2023-12-14,False
GMTL,2,2026-03-24,False
GMUB,1,2024-07-26,False
GMUN,1,2023-03-10,False
GNE,1618,2022-06-07,False
GNE,1959,2023-10-16,False
GNE,1974,2023-11-06,False
GNE,2357,2025-05-19,False
GNE,2369,2025-06-05,False
GNE,2374,2025-06-12,False
GNE,2376,2025-06-16,False
GNE,2382,2025-06-25,False
GNFTY,201,2020-01-10,False
GNK,1566,2022-03-23,False
GNK,1797,2023-02-23,False
GNK,2410,2025-08-05,False
GNK,2553,2026-03-02,False
GNL-P-D,1,2023-09-13,False
GNL-P-E,1,2023-09-14,False
GNL-PD,1,2023-09-13,False
GNL-PE,1,2023-09-14,False
GNLX,1,2023-01-27,False
GNLX,12,2023-02-13,False
GNLX,14,2023-02-15,False
GNOM,417,2020-12-10,False
GNOM,424,2020-12-21,False
GNOV,1,2023-11-21,False
GNRC,1157,2020-08-07,False
GNRC,1163,2020-08-17,False
GNRC,1389,2021-07-12,False
GNRC,2406,2025-07-30,False
GNS,1,2022-04-13,False
GNTA,1,2021-12-16,False
GNTA,5,2021-12-22,False
GNW,1792,2023-02-15,False
GOAU,2059,2025-09-08,False
GOAU,2069,2025-09-22,False
GOAU,2074,2025-09-29,False
GOAU,2087,2025-10-16,False
GOAU,2151,2026-01-20,False
GOCO,2,2020-07-17,False
GOCO,1085,2024-11-05,False
GOCT,1,2023-10-24,False
GOEX,2433,2025-09-08,False
GOEX,2436,2025-09-11,False
GOEX,2443,2025-09-22,False
GOEX,2448,2025-09-29,False
GOEX,2453,2025-10-06,False
GOEX,2461,2025-10-16,False
GOEX,2525,2026-01-20,False
GOGO,1363,2021-06-03,False
GOLD,1143,2020-07-20,False
GOLD,1148,2020-07-27,False
GOLD,1156,2020-08-06,False
GOLD,1451,2021-10-07,False
GOLD,2515,2026-01-05,False
GOLD,2520,2026-01-12,False
GOLD,2527,2026-01-22,False
GOLD,2530,2026-01-27,False
GOLD,2539,2026-02-09,False
GOLS,1,2026-01-05,False
GOLY,1,2021-05-19,False
GOOG,2430,2025-09-03,False
GOOG,2438,2025-09-15,False
GOOG,2488,2025-11-24,False
GOOGL,2430,2025-09-03,False
GOOGL,2438,2025-09-15,False
GOOGL,2488,2025-11-24,False
GOOP,1,2023-11-01,False
GOOS,898,2020-10-08,False
GOOS,988,2021-02-18,False
GOOS,1479,2023-01-31,False
GOOW,1,2025-07-25,False
GOOW,22,2025-08-25,False
GOOW,28,2025-09-03,False
GOOW,36,2025-09-15,False
GOOW,86,2025-11-24,False
GOOX,1,2024-01-12,False
GOOX,5,2024-01-19,False
GOOX,9,2024-01-25,False
GOOX,394,2025-08-08,False
GOOX,411,2025-09-03,False
GOOX,419,2025-09-15,False
GOOY,1,2023-07-31,False
GOP,1,2023-02-08,False
GOSS,677,2021-10-15,False
GOU,1,2025-12-03,False
GOVZ,1,2020-09-25,False
GP,1,2020-08-31,False
GPAC,1,2021-03-08,False
GPACW,1,2021-03-09,False
GPAT,1,2024-07-03,False
GPATU,1,2024-05-10,False
GPATW,1,2024-07-02,False
GPATW,135,2025-03-27,False
GPCR,1,2023-02-03,False
GPCR,670,2025-10-06,False
GPGI,1,2020-11-20,False
GPGI,920,2024-07-22,False
GPIQ,1,2023-10-27,False
GPIX,1,2023-10-27,False
GPOR,1,2021-05-19,False
GPOR,101,2021-10-11,False
GPRE,1161,2020-08-13,False
GPRF,1,2024-08-02,False
GPRK,1244,2020-12-10,False
GPRK,1539,2022-02-11,False
GPRO,1221,2020-11-06,False
GPT,1,2024-09-19,False
GPTY,1,2025-01-24,False
GPUS-PD,2,2022-06-09,False
GPUS-PD,282,2023-07-24,False
GPUS-PD,284,2023-07-26,False
GPZ,1,2025-06-06,False
GQGU,1,2025-07-15,False
GQI,1,2023-12-14,False
GQQQ,1,2024-10-02,False
GRAB,1,2020-12-02,False
GRAB,3,2020-12-04,False
GRAB,9,2020-12-14,False
GRAB,25,2021-01-07,False
GRAB,31,2021-01-15,False
GRAB,34,2021-01-21,False
GRAB,993,2024-11-12,False
GRAB,998,2024-11-19,False
GRABW,1,2020-12-10,False
GRAF,1,2024-08-19,False
GRAG,1,2025-12-12,False
GRAG,7,2025-12-22,False
GRAL,4,2024-06-18,False
GRAN,2,2025-07-03,False
GRBK,1782,2023-02-01,False
GRBK,1846,2023-05-04,False
GRBK,1856,2023-05-18,False
GRC,1472,2021-11-05,False
GRC,2538,2026-02-06,False
GRCL,1,2021-01-11,False
GRCL,16,2021-02-02,False
GRDN,1,2024-09-27,False
GRDN,8,2024-10-08,False
GRDN,239,2025-09-11,False
GRI,1,2021-02-11,False
GRIN,1,2025-06-27,False
GRML,1,2026-02-10,False
GRMLW,1,2026-03-10,False
GRN,419,2021-05-10,False
GRN,567,2021-12-08,False
GRND,1,2021-01-15,False
GRND,7,2021-01-26,False
GRND,732,2023-12-12,False
GRNI,1,2025-11-18,False
GRNJ,1,2025-11-19,False
GRNJ,23,2025-12-22,False
GRNT,1,2020-11-09,False
GRNY,1,2024-11-08,False
GRO,1,2024-11-29,False
GROV,1,2021-05-14,False
GROW,1246,2020-12-14,False
GROW,2530,2026-01-27,False
GROY,1,2021-03-10,False
GROY,756,2024-03-11,False
GROY,1110,2025-08-08,False
GROY,1119,2025-08-21,False
GROY-WS,1,2021-03-10,False
GROY-WS,521,2025-08-08,False
GROY-WS,530,2025-08-21,False
GROY-WT,2,2024-06-17,False
GROZ,1,2024-12-06,False
GRPN,1249,2020-12-17,False
GRPN,2332,2025-04-11,False
GRPZ,1,2024-03-28,False
GRRR,1,2022-07-15,False
GRRRW,1,2022-07-12,False
GRVY,1847,2023-07-10,False
GRVY,2491,2026-02-02,False
GRW,1,2024-05-07,False
GRZZ,1,2021-12-16,False
GS,1262,2021-01-07,False
GS,1265,2021-01-12,False
GSAT,2015,2024-01-05,False
GSAT,2433,2025-09-08,False
GSC,1,2023-10-06,False
GSEE,1,2020-05-18,False
GSEE,12,2020-06-03,False
GSEP,1,2023-09-19,False
GSG,1551,2022-03-02,False
GSG,1555,2022-03-08,False
GSG,2557,2026-03-06,False
GSG,2561,2026-03-12,False
GSG,2573,2026-03-30,False
GSGO,1,2025-11-18,False
GSHD,449,2020-02-10,False
GSHD,528,2020-06-03,False
GSHD,552,2020-07-08,False
GSHD,569,2020-07-31,False
GSHD,858,2021-09-23,False
GSHD,869,2021-10-08,False
GSHD,1646,2024-11-11,False
GSHD,1655,2024-11-22,False
GSHR,1,2025-05-13,False
GSHRU,1,2025-03-21,False
GSHRW,1,2025-05-14,False
GSIB,1,2023-12-18,False
GSID,1,2020-05-19,False
GSID,11,2020-06-03,False
GSIG,1,2020-07-10,False
GSIW,1,2023-12-04,False
GSK,2544,2026-02-17,False
GSKH,1,2025-01-08,False
GSKH,19,2025-02-05,False
GSL,1201,2020-10-09,False
GSL,2106,2024-05-16,False
GSL,2112,2024-05-24,False
GSM,2000,2023-12-13,False
GSM,2007,2023-12-22,False
GSPY,1,2020-12-30,False
GSRF,1,2025-10-21,False
GSUN,1,2022-06-23,False
GSUS,1,2020-05-18,False
GSWO,1,2022-03-18,False
GT,1292,2021-02-22,False
GTBP,2228,2024-11-08,False
GTE,1539,2022-02-11,False
GTE,1547,2022-02-24,False
GTE,1551,2022-03-02,False
GTE,2093,2024-04-29,False
GTEK,1,2021-09-17,False
GTEN,1,2025-06-24,False
GTENU,1,2025-05-05,False
GTERA,1,2025-07-28,False
GTES,774,2021-02-23,False
GTES,1541,2024-03-12,False
GTLB,1,2021-10-15,False
GTLB,6,2021-10-22,False
GTLS,1247,2020-12-15,False
GTLS,1262,2021-01-07,False
GTLS,1567,2022-03-24,False
GTLS,2239,2024-11-25,False
GTM,1,2020-06-05,False
GTN,1241,2020-12-07,False
GTOC,1,2025-07-24,False
GTOH,1,2022-12-12,False
GTOP,1,2025-12-09,False
GTOQ,1,2020-12-07,False
GTOS,1,2022-12-12,False
GTPE,1,2025-10-24,False
GTR,1,2021-10-08,False
GTX,675,2021-05-24,False
GUG,1,2021-11-26,False
GUMI,1,2024-07-26,False
GURE,1338,2021-04-29,False
GUSA,1,2022-04-13,False
GUSE,1,2025-11-18,False
GUSH,2075,2024-04-03,False
GUSH,2566,2026-03-19,False
GUTS,1,2024-02-02,False
GUTS,478,2025-12-29,False
GV,1,2022-05-18,False
GVA,1233,2020-11-24,False
GVAL,2305,2025-03-05,False
GVH,1,2023-11-09,False
GVLE,1,2025-11-18,False
GVLU,1,2022-06-08,False
GVUS,1,2023-12-01,False
GWH,1,2020-12-01,False
GWH-WT,1,2020-11-16,False
GWRS,1182,2021-01-07,False
GXAI,1,2023-02-16,False
GXC,2201,2024-10-02,False
GXDW,314,2021-02-03,False
GXDW,319,2021-02-10,False
GXG,1240,2020-12-04,False
GXG,1247,2020-12-15,False
GXG,2015,2024-01-05,False
GXIG,1,2025-06-18,False
GXLC,1,2025-09-25,False
GXO,1,2021-07-23,False
GXO,8,2021-08-03,False
GXO,15,2021-08-12,False
GXO,23,2021-08-24,False
GXPC,1,2025-07-23,False
GXPD,1,2025-07-24,False
GXPE,1,2025-07-23,False
GXPS,1,2025-07-23,False
GXPT,1,2025-07-24,False
GXRP,1,2025-11-25,False
GXTG,320,2021-02-03,False
GXTG,325,2021-02-10,False
GXUS,1,2023-06-08,False
GYLD,1114,2020-06-08,False
GYRO,2211,2024-10-16,False
HACQ,1,2026-04-07,False
HACQU,1,2026-02-13,False
HACQW,1,2026-04-08,False
HAFC,1289,2021-02-17,False
HAFC,1292,2021-02-22,False
HAFC,1305,2021-03-11,False
HAFC,1484,2021-11-23,False
HAFC,2151,2024-07-23,False
HAFC,2226,2024-11-06,False
HAFC,2238,2024-11-22,False
HAFN,1,2022-06-03,False
HAFN,705,2026-02-19,False
HAFN,711,2026-02-27,False
HAIL,733,2020-11-24,False
HAIL,784,2021-02-09,False
HAIL,1393,2023-07-13,False
HAKY,1,2026-01-22,False
HAL,1535,2022-02-07,False
HALO,2419,2025-08-18,False
HAPI,1,2022-10-14,False
HAPS,1,2023-04-14,False
HARD,1,2023-03-29,False
HAS,2540,2026-02-10,False
HASI,1242,2020-12-08,False
HASI,1247,2020-12-15,False
HASI,1253,2020-12-23,False
HASI,1261,2021-01-06,False
HAUS,1,2022-03-02,False
HAUS,20,2022-03-29,False
HAVA,1,2025-12-16,False
HAYW,1,2021-03-12,False
HAYW,38,2021-05-05,False
HAYW,477,2023-02-01,False
HBAN,2001,2023-12-14,False
HBANL,1,2023-03-01,False
HBANZ,1,2026-02-03,False
HBB,913,2021-05-13,False
HBB,1556,2023-12-01,False
HBCP,2002,2023-12-15,False
HBDC,1,2025-06-12,False
HBIO,1242,2020-12-08,False
HBIO,1828,2023-04-10,False
HBIO,1840,2023-04-26,False
HBIO,2007,2023-12-22,False
HBM,1174,2020-09-01,False
HBM,2075,2024-04-03,False
HBM,2079,2024-04-09,False
HBM,2092,2024-04-26,False
HBM,2383,2025-06-26,False
HBM,2525,2026-01-20,False
HBM,2531,2026-01-28,False
HBNB,1,2025-07-01,False
HBNC,2000,2023-12-13,False
HBNC,2151,2024-07-23,False
HBNC,2153,2024-07-25,False
HBR,1,2025-10-29,False
HBRD,1,2026-02-26,False
HBT,1201,2024-07-23,False
HBTA,1,2025-01-24,False
HBTC,1,2025-03-20,False
HCACR,2,2026-01-29,False
HCAI,1,2025-02-06,False
HCAT,371,2021-01-13,False
HCHL,2,2025-06-25,False
HCHL,6,2025-07-01,False
HCI,1157,2020-08-07,False
HCI,1297,2021-03-01,False
HCI,1378,2021-06-24,False
HCI,2068,2024-03-22,False
HCI,2436,2025-09-11,False
HCICR,1,2026-04-01,False
HCKT,2157,2024-07-31,False
HCM,1331,2021-06-30,False
HCMAU,1,2025-08-04,False
HCMT,1,2023-06-23,False
HCMT,14,2023-07-13,False
HCOW,1,2023-09-21,False
HCRB,1,2020-02-21,False
HCSG,1275,2021-01-27,False
HCTI,1,2021-10-14,False
HCWB,1,2021-07-21,False
HCWC,1,2024-09-17,False
HDB,1222,2020-11-09,False
HDB,1233,2020-11-24,False
HDB,2338,2025-04-22,False
HDL,1,2024-05-20,False
HDL,145,2024-12-13,False
HDL,147,2024-12-17,False
HDLB,280,2020-12-04,False
HDUS,1,2022-11-18,False
HE,2537,2026-02-05,False
HEAL,1,2020-07-31,False
HECA,1,2025-07-02,False
HECO,1,2024-09-11,False
HECO,24,2024-10-14,False
HECO,29,2024-10-21,False
HECO,41,2024-11-06,False
HEDG,1,2025-10-14,False
HEFT,1,2025-11-24,False
HEGD,1,2020-12-24,False
HEI,1227,2020-11-16,False
HEI-A,1227,2020-11-16,False
HELE,1275,2021-01-27,False
HELE,1890,2023-07-10,False
HELO,1,2023-10-02,False
HELP,458,2021-07-09,False
HELS,1,2025-12-12,False
HELX,2,2020-03-02,False
HELX,4,2020-03-04,False
HEMI,1,2025-12-18,False
HEPS,1,2021-07-02,False
HEPS,741,2024-06-12,False
HEQQ,1,2025-03-28,False
HEQT,1,2021-11-02,False
HERE,1,2023-01-26,False
HERE,14,2023-02-14,False
HERO,157,2020-06-17,False
HERZ,1233,2020-11-24,False
HERZ,1245,2020-12-11,False
HERZ,1262,2021-01-07,False
HF,1,2023-08-04,False
HFBL,1469,2025-10-30,False
HFBL,1487,2025-12-10,False
HFEQ,1,2025-07-16,False
HFFG,952,2021-11-01,False
HFFG,956,2021-11-05,False
HFFG,962,2021-11-15,False
HFFG,1373,2023-07-07,False
HFGM,1,2025-04-16,False
HFGO,1,2021-11-11,False
HFMF,1,2025-07-16,False
HFND,1,2022-10-12,False
HFRO-P-B,1,2025-03-14,False
HFSI,1,2021-09-23,False
HFSP,1,2024-10-25,False
HFWA,1719,2022-10-31,False
HFWA,2001,2023-12-14,False
HG,1,2023-11-13,False
HGAS,1,2021-02-22,False
HGBL,1748,2022-12-12,False
HGBL,1867,2023-06-05,False
HGBL,2280,2025-01-28,False
HGBL,2287,2025-02-06,False
HGER,1,2022-02-11,False
HGER,13,2022-03-02,False
HGER,17,2022-03-08,False
HGRO,1,2025-06-12,False
HGTY,1,2021-06-02,False
HGV,1051,2021-02-19,False
HHH,1286,2021-02-11,False
HHS,1434,2021-09-14,False
HHS,1621,2022-06-10,False
HIBL,37,2020-01-02,False
HIBL,503,2021-11-05,False
HIDE,1,2022-11-18,False
HIDV,1,2023-03-23,False
HIFS,1280,2021-03-08,False
HIFS,1282,2021-03-10,False
HIFS,2131,2024-07-26,False
HIG,1310,2021-03-18,False
HIGH,1,2022-10-31,False
HIHO,1261,2021-01-26,False
HIHO,2200,2024-10-22,False
HIMS,272,2020-12-23,False
HIMS,282,2021-01-08,False
HIMS,675,2022-08-02,False
HIMS,819,2023-02-28,False
HIMS,1010,2023-11-30,False
HIMS,1144,2024-06-13,False
HIMU,1,2025-02-11,False
HIMX,1027,2020-02-03,False
HIMX,1029,2020-02-05,False
HIMX,1232,2020-11-23,False
HIMX,2123,2024-06-11,False
HIMX,2129,2024-06-20,False
HIMZ,1,2025-03-14,False
HIPO,1,2021-01-12,False
HIPO,8,2021-01-22,False
HIPO,23,2021-02-12,False
HIPO,784,2024-02-23,False
HIT,1,2024-12-24,False
HIT,17,2025-01-21,False
HIT,24,2025-01-30,False
HIYS,1,2022-12-06,False
HIYY,1,2025-09-24,False
HIYY,3,2025-09-26,False
HKD,1,2022-07-18,False
HKIT,1,2023-04-03,False
HKPD,1,2025-01-16,False
HL,2455,2025-10-08,False
HL,2520,2026-01-12,False
HL,2527,2026-01-22,False
HLF,2487,2025-11-21,False
HLIO,1302,2021-03-08,False
HLIO,1481,2021-11-18,False
HLIO,2226,2024-11-06,False
HLIO,2410,2025-08-05,False
HLIO,2526,2026-01-21,False
HLIO,2536,2026-02-04,False
HLIT,1405,2021-08-03,False
HLIT,1710,2022-10-18,False
HLIT,1715,2022-10-25,False
HLLY,1,2020-11-30,False
HLLY-WS,1,2021-07-15,False
HLLY-WS,6,2021-07-22,False
HLLY-WT,1,2024-12-10,False
HLMN,1,2020-12-04,False
HLMN,335,2022-04-04,False
HLN,1,2022-07-19,False
HLN,99,2022-12-06,False
HLP,1,2023-03-30,False
HLP,15,2023-04-20,False
HLP,21,2023-04-28,False
HLP,627,2025-09-29,False
HLTHQ,1,2024-06-04,False
HLTHQ,120,2024-11-29,False
HLTHQ,334,2026-01-16,False
HLX,1554,2022-03-07,False
HLX,1903,2023-07-27,False
HLXC,1,2026-01-22,False
HLXX,1,2026-03-25,False
HMC,1240,2020-12-04,False
HMH,1,2026-04-02,False
HMKIY,1,2025-03-13,False
HMKIY,22,2025-04-11,False
HMR,1,2025-02-21,False
HMYY,2,2025-12-04,False
HNGE,3,2025-05-27,False
HNGE,21,2025-06-23,False
HNGE,26,2025-06-30,False
HNI,2538,2026-02-06,False
HNNA,2160,2024-08-13,False
HNNA,2246,2024-12-13,False
HNRG,1944,2023-09-25,False
HNST,1,2021-05-05,False
HNVR,1,2022-05-12,False
HODL,1,2024-01-12,False
HODL,32,2024-02-28,False
HODL,218,2024-11-21,False
HODL,341,2025-05-22,False
HODU,1,2025-11-20,False
HOFT,1897,2023-07-19,False
HOFT,2535,2026-02-03,False
HOFVW,1,2020-07-06,False
HOII,1,2025-11-05,False
HOLA,1,2025-07-15,False
HOLD,1,2025-08-15,False
HOLO,1,2021-08-09,False
HOLOW,1,2022-09-20,False
HOMB,1302,2021-03-08,False
HON,1227,2020-11-16,False
HOOD,3,2021-08-03,False
HOOD,489,2023-07-11,False
HOOD,660,2024-03-14,False
HOOD,669,2024-03-27,False
HOOD,807,2024-10-14,False
HOOD,983,2025-06-30,False
HOOD,990,2025-07-10,False
HOOD,996,2025-07-18,False
HOOD,1050,2025-10-03,False
HOOG,1,2025-03-24,False
HOOK,414,2020-12-08,False
HOOW,1,2025-06-20,False
HOOW,3,2025-06-24,False
HOOW,7,2025-06-30,False
HOOW,14,2025-07-10,False
HOOW,20,2025-07-18,False
HOOX,3,2025-03-24,False
HOOY,3,2025-05-13,False
HOOY,17,2025-06-03,False
HOOY,35,2025-06-30,False
HOOY,42,2025-07-10,False
HOOY,48,2025-07-18,False
HOOZ,2,2025-11-17,False
HOPE,2000,2023-12-13,False
HOUR,1,2022-01-10,False
HOUR,716,2024-11-13,False
HOV,1284,2021-02-09,False
HOV,1294,2021-02-24,False
HOV,1504,2021-12-22,False
HOV,2409,2025-08-04,False
HOVR,1,2023-04-04,False
HOVRW,1,2024-01-17,False
HOWL,1,2021-05-03,False
HOYY,1,2025-10-01,False
HP,1554,2022-03-07,False
HP,1568,2022-03-25,False
HP,1903,2023-07-27,False
HP,2479,2025-11-11,False
HPAI,1,2021-12-07,False
HPAIW,2,2021-12-10,False
HPAIW,11,2021-12-27,False
HPCO,1,2022-08-31,False
HPE,1240,2020-12-04,False
HPE,1740,2022-11-30,False
HPE-PC,2,2024-09-13,False
HPE-PC,4,2024-09-17,False
HPE-PC,11,2024-09-26,False
HPK,951,2022-03-08,False
HPQ,1485,2021-11-24,False
HPQ,2115,2024-05-30,False
HQGO,1,2023-12-07,False
HQI,1189,2020-09-23,False
HQI,1247,2020-12-15,False
HQL,2469,2025-10-28,False
HQWWW,1,2026-03-23,False
HQY,1274,2021-01-26,False
HQY,2234,2024-11-18,False
HRI,1180,2021-03-11,False
HRI,1184,2021-03-17,False
HRMY,1,2020-08-20,False
HRMY,1330,2025-12-04,False
HROW,2185,2024-09-10,True
HRTG,2060,2024-03-12,False
HRTG,2331,2025-04-10,False
HRTG,2347,2025-05-05,False
HRTS,1,2023-11-22,False
HRTS,15,2023-12-13,False
HRTX,1124,2020-06-22,False
HSAI,1,2023-02-10,False
HSBH,1,2024-10-08,False
HSBH,16,2024-10-29,False
HSCS,1,2022-06-16,False
HSCSW,2,2025-05-19,False
HSHP,1,2022-10-27,False
HSHP,3,2023-03-31,False
HSHP,187,2023-12-22,False
HSHP,195,2024-01-05,False
HSHP,724,2026-02-17,False
HSHP,726,2026-02-19,False
HSLV,2,2026-02-09,False
HSMV,2,2020-04-09,False
HSMV,13,2020-04-27,False
HSPOW,1,2023-01-27,False
HSPT,1,2025-02-06,False
HSPTR,1,2025-02-06,False
HSPTU,1,2024-11-15,False
HSUN,1,2021-09-22,False
HTAX,1,2025-03-07,False
HTB,2001,2023-12-14,False
HTB,2146,2024-07-16,False
HTBK,1309,2021-03-17,False
HTBK,2151,2024-07-23,False
HTCO,1,2021-09-28,False
HTCR,1,2022-02-11,False
HTFC,1,2022-06-28,False
HTFL,1,2025-08-08,False
HTH,1269,2021-01-19,False
HTLD,2516,2026-01-06,False
HTLM,1,2024-10-02,False
HTLM,5,2024-10-08,False
HTLM,14,2024-10-21,False
HTT,1416,2023-06-06,False
HTT,1418,2023-06-08,False
HTZ,1,2021-07-02,False
HTZWW,1,2021-07-02,False
HTZWW,409,2023-02-15,False
HUBC,1,2022-01-04,False
HUBCW,1,2023-02-28,False
HUBG,2516,2026-01-06,False
HUBG,2536,2026-02-04,False
HUBS,1170,2020-08-26,False
HUBS,2227,2024-11-07,False
HUBS,2238,2024-11-22,False
HUBS,2245,2024-12-04,False
HUDI,1,2021-01-25,False
HUHU,1,2024-10-23,False
HUIZ,1,2020-02-13,False
HUIZ,9,2020-02-26,False
HUMA,1,2020-12-02,False
HUMA,52,2021-02-17,False
HUMAW,1,2020-11-25,False
HUMN,1,2025-06-27,False
HUN,2541,2026-02-11,False
HURN,1250,2020-12-18,False
HURN,1255,2020-12-28,False
HURN,2470,2025-10-29,False
HUT,1856,2025-10-01,True
HUTG,1,2026-01-13,False
HUYA,1937,2026-01-27,False
HUYA,1945,2026-02-06,False
HVAC,1,2025-02-05,False
HVII,1,2025-02-07,False
HVIIR,1,2025-02-07,False
HVIIR,8,2025-02-28,False
HVIIU,1,2025-01-17,False
HVIIU,193,2025-10-23,False
HVMC,1,2025-10-06,False
HVMCU,1,2025-08-13,False
HWAY,1,2024-09-13,False
HWAY,5,2024-09-19,False
HWBK,1976,2023-11-08,False
HWBK,2235,2024-11-19,False
HWC,2001,2023-12-14,False
HWCPZ,1,2020-06-18,False
HWH,1,2022-03-25,False
HWKN,1302,2021-03-08,False
HWKN,1926,2023-08-29,False
HWKN,2158,2024-08-01,False
HWKN,2415,2025-08-12,False
HWSM,1,2025-04-01,False
HXHX,1,2025-04-14,False
HY,1273,2021-01-25,False
HY,1279,2021-02-02,False
HY,1283,2021-02-08,False
HY,2001,2023-12-14,False
HY,2008,2023-12-26,False
HY,2016,2024-01-08,False
HY,2025,2024-01-22,False
HYAC,1,2021-05-04,False
HYAC-UN,1,2023-07-27,False
HYAC-WT,1,2025-05-12,False
HYAC-WT,5,2025-05-20,False
HYAC-WT,8,2025-05-23,False
HYBB,1,2020-10-09,False
HYBI,1,2024-10-01,False
HYBL,1,2022-02-18,False
HYBX,1,2024-11-19,False
HYDR,1,2021-07-15,False
HYDR,5,2021-07-21,False
HYDR,994,2025-06-30,False
HYDR,1000,2025-07-09,False
HYDR,1067,2025-10-13,False
HYFI,1,2023-05-16,False
HYFM,1,2020-12-11,False
HYGW,1,2022-08-23,False
HYIN,1,2021-05-07,False
HYKE,1,2024-01-12,False
HYKE,16,2024-02-05,False
HYMC,1523,2024-04-01,False
HYMC,1950,2025-12-11,True
HYMU,1,2021-03-17,False
HYNE,1,2025-12-05,False
HYP,1,2025-09-24,False
HYPD,731,2020-12-18,False
HYPD,739,2020-12-31,False
HYPR,1,2021-01-28,False
HYPR,617,2023-07-12,False
HYRM,1,2022-02-11,False
HYSD,1,2024-09-06,False
HYTI,1,2025-02-14,False
HYTR,1,2020-01-23,False
HZO,1020,2020-01-23,False
HZO,1272,2021-01-22,False
IAC,1133,2020-07-06,False
IAC,1252,2020-12-22,False
IAC,1274,2021-01-26,False
IACOU,1,2026-02-12,False
IACOW,1,2026-04-07,False
IAG,1476,2021-11-11,False
IAG,2433,2025-09-08,False
IAG,2443,2025-09-22,False
IAG,2448,2025-09-29,False
IAG,2525,2026-01-20,False
IALT,1,2025-12-11,False
IAPR,1,2021-04-05,False
IAT,2001,2023-12-14,False
IAU,2531,2026-01-28,False
IAUG,1,2024-08-02,False
IAUI,1,2025-06-06,False
IAUM,1,2021-07-01,False
IAUM,1149,2026-01-28,False
IAUX,1,2021-04-23,False
IAUX,406,2022-11-30,False
IAUX-WS,1,2025-07-24,False
IAUX-WS,12,2025-08-08,False
IAUX-WS,22,2025-08-22,False
IAUX-WS,27,2025-08-29,False
IAUX-WS,31,2025-09-05,False
IBAC,1,2024-05-02,False
IBACR,1,2024-05-02,False
IBAT,1,2024-03-22,False
IBAT,483,2026-02-25,False
IBBQ,1,2021-06-14,False
IBCA,1,2025-03-27,False
IBCB,1,2026-03-27,False
IBCP,2144,2024-07-15,False
IBCP,2148,2024-07-19,False
IBCP,2150,2024-07-23,False
IBDV,1,2020-06-26,False
IBDW,1,2021-06-28,False
IBDX,1,2022-07-01,False
IBDY,1,2023-06-26,False
IBDZ,1,2024-05-28,False
IBEX,1,2020-08-10,False
IBEX,570,2022-11-10,False
IBFR,1,2026-02-25,False
IBG,1,2024-09-27,False
IBGA,1,2024-06-13,False
IBGB,1,2025-03-27,False
IBGC,1,2026-03-27,False
IBGK,1,2024-06-13,False
IBGL,1,2025-03-27,False
IBGM,1,2026-03-27,False
IBHF,1,2020-11-13,False
IBHG,1,2021-07-12,False
IBHH,1,2022-03-11,False
IBHI,1,2022-03-11,False
IBHJ,1,2023-06-26,False
IBHK,1,2024-05-28,False
IBHL,1,2025-03-27,False
IBHM,1,2026-03-27,False
IBIC,1,2023-09-18,False
IBID,1,2023-09-18,False
IBIE,1,2023-09-18,False
IBIF,1,2023-09-22,False
IBIG,1,2023-09-22,False
IBIH,1,2023-09-22,False
IBII,1,2023-09-22,False
IBIJ,1,2023-09-22,False
IBIK,1,2024-05-28,False
IBIL,1,2025-03-27,False
IBIM,1,2026-03-27,False
IBIT,1,2024-01-12,False
IBIT,32,2024-02-28,False
IBIT,218,2024-11-21,False
IBIT,234,2024-12-16,False
IBKR,1262,2021-01-07,False
IBKR,1683,2022-09-09,False
IBKR,2226,2024-11-06,False
IBLC,1,2022-04-28,False
IBLC,5,2022-05-04,False
IBLC,303,2023-07-13,False
IBLC,414,2023-12-19,False
IBLC,555,2024-07-15,False
IBLC,797,2025-07-02,False
IBLC,807,2025-07-17,False
IBLC,850,2025-09-17,False
IBM,2467,2025-10-24,False
IBMR,1,2023-05-12,False
IBMS,1,2024-05-28,False
IBMT,1,2025-03-27,False
IBMU,1,2026-03-27,False
IBMV,1,2026-03-27,False
IBMW,1,2026-04-09,False
IBO,1,2024-09-17,False
IBOT,1,2023-04-10,False
IBP,1196,2020-10-02,False
IBP,1782,2023-02-01,False
IBP,2001,2023-12-14,False
IBRN,1,2022-08-29,False
IBRN,8,2022-09-08,False
IBRN,334,2023-12-26,False
IBTA,1,2024-04-18,False
IBTG,1,2020-03-02,False
IBTH,1,2020-03-02,False
IBTI,1,2020-03-02,False
IBTJ,1,2020-03-02,False
IBTJ,16,2020-03-23,False
IBTK,1,2020-07-21,False
IBTL,1,2021-08-31,False
IBTM,1,2022-07-11,False
IBTO,1,2023-06-30,False
IBTP,1,2024-06-13,False
IBTQ,1,2025-03-27,False
IBTR,1,2026-03-27,False
IBUF,1,2024-07-02,False
IBUY,1032,2020-06-02,False
IBUY,1075,2020-08-03,False
IBUY,1705,2023-02-02,False
ICAP,1,2021-12-30,False
ICCC,2355,2025-06-20,False
ICG,1,2023-03-17,False
ICG,13,2023-04-04,False
ICHR,777,2020-01-14,False
ICHR,1001,2020-12-02,False
ICHR,1003,2020-12-04,False
ICHR,2295,2026-01-29,False
ICL,1234,2020-11-25,False
ICLN,1155,2020-08-05,False
ICLN,1199,2020-10-07,False
ICLN,1262,2021-01-07,False
ICLN,1271,2021-01-21,False
ICLO,1,2022-12-12,False
ICMB,1304,2021-03-10,False
ICOI,1,2025-04-04,False
ICOI,4,2025-04-09,False
ICOI,12,2025-04-22,False
ICON,1,2024-07-15,False
ICOP,1,2023-06-26,False
ICOP,13,2023-07-13,False
ICOP,21,2023-07-25,False
ICOP,640,2026-01-12,False
ICPI,1,2025-11-21,False
ICPY,1,2025-09-11,False
ICRC,1,2025-10-03,False
ICU,1,2021-03-19,False
ICUCW,1,2021-03-19,False
ICUCW,3,2021-03-23,False
ICUI,1430,2021-09-08,False
ICUI,2163,2024-08-08,False
IDAI,1,2021-02-25,False
IDCC,1775,2023-01-23,False
IDCC,2223,2024-11-01,False
IDCC,2229,2024-11-11,False
IDCC,2239,2024-11-25,False
IDEC,1,2023-12-04,False
IDEF,1,2025-05-22,False
IDEQ,1,2025-05-13,False
IDME,1,2021-07-23,False
IDN,1283,2021-02-08,False
IDR,1947,2024-03-04,False
IDT,1364,2021-06-04,False
IDT,2370,2025-06-06,False
IDUB,1,2021-07-26,False
IDVO,1,2022-09-09,False
IDVY,1,2026-02-12,False
IDVZ,1,2024-12-30,False
IDXX,2000,2023-12-13,False
IDYA,1168,2024-01-12,False
IDYA,1178,2024-01-29,False
IDYA,1187,2024-02-09,False
IDYN,1,2025-08-08,False
IE,1,2022-06-29,False
IE,579,2024-10-16,False
IE,751,2025-06-26,False
IE,823,2025-10-08,False
IEAG,1,2026-03-11,False
IEAGR,1,2026-03-11,False
IEAGU,1,2026-01-16,False
IEO,1240,2020-12-04,False
IEO,1244,2020-12-10,False
IEO,1300,2021-03-04,False
IEO,1452,2021-10-08,False
IESC,1909,2023-08-04,False
IESC,2053,2024-03-01,False
IESC,2097,2024-05-03,False
IESC,2403,2025-07-25,False
IETH,1,2025-10-03,False
IEZ,1240,2020-12-04,False
IEZ,1554,2022-03-07,False
IEZ,2536,2026-02-04,False
IFBD,1,2021-04-21,False
IFEB,1,2024-02-02,False
IFED,1,2021-09-16,False
IFF,2543,2026-02-13,False
IFLO,1,2025-06-27,False
IFLO,18,2025-07-23,False
IFLR,1,2025-11-21,False
IFRX,1774,2024-11-27,False
IFRX,1960,2025-08-28,False
IFS,1162,2024-02-15,False
IFS,1165,2024-02-21,False
IGCB,1,2024-11-19,False
IGGY,1,2025-09-19,False
IGIC,1480,2024-10-28,False
IGIC,1488,2024-11-07,False
IGLD,1,2021-03-04,False
IGLD,1232,2026-01-28,False
IGME,1,2025-06-11,False
IGTR,1,2022-11-18,False
IH,1,2020-10-12,False
IHRT,460,2021-03-16,False
IHS,1,2021-10-15,False
IHT,1212,2020-10-26,False
III,1018,2020-01-21,False
III,1355,2021-05-21,False
IIIN,1304,2021-03-10,False
IINN,1,2021-07-15,False
IINNW,1,2021-07-15,False
IIPR,806,2020-02-18,False
IIPR,1770,2023-12-14,False
IJAN,1,2020-01-03,False
IJUN,1,2024-06-04,False
IKT,1,2020-12-24,False
ILAG,1,2022-07-14,False
ILDR,1,2021-05-27,False
ILIT,1,2023-06-26,False
ILIT,6,2023-07-03,False
ILIT,587,2025-10-24,False
ILLUU,1,2026-02-26,False
ILMN,1273,2021-01-25,False
ILMN,1283,2021-02-08,False
ILMN,1287,2021-02-12,False
ILOW,1,2024-07-16,False
ILPT,1490,2023-12-14,False
ILS,1,2025-04-02,False
IMA,1,2021-03-29,False
IMAQ,1,2021-08-18,False
IMAR,1,2024-03-04,False
IMAX,1301,2021-03-05,False
IMAX,1462,2021-10-22,False
IMAY,1,2024-05-02,False
IMCC,1,2020-05-29,False
IMCR,1,2021-02-08,False
IMCR,718,2023-12-13,False
IMF,1,2025-03-20,False
IMFL,1,2021-02-25,False
IMKTA,1297,2021-03-01,False
IMKTA,1300,2021-03-04,False
IMKTA,1499,2021-12-15,False
IMMP,2499,2025-12-24,False
IMMR,1167,2020-08-21,False
IMMR,1175,2020-09-02,False
IMMR,1746,2022-12-08,False
IMMR,2124,2024-06-12,False
IMMR,2151,2024-07-23,False
IMMX,1,2021-12-17,False
IMNM,1,2020-10-05,False
IMNM,824,2024-01-12,False
IMNM,829,2024-01-22,False
IMO,1240,2020-12-04,False
IMO,1351,2021-05-17,False
IMOS,1238,2020-12-04,False
IMOS,1323,2021-04-09,False
IMOS,1331,2021-04-21,False
IMPP,1,2021-12-07,False
IMPP,522,2024-01-04,False
IMPP,525,2024-01-09,False
IMPP,531,2024-01-18,False
IMPP,535,2024-01-24,False
IMPP,885,2025-06-17,False
IMPP,954,2025-09-25,False
IMPP,1066,2026-03-09,False
IMPTV,1,2021-12-07,False
IMPTV,4,2021-12-10,False
IMRA,1,2025-04-04,False
IMRX,2,2021-08-03,False
IMSI,1,2022-12-06,False
IMSR,1,2024-10-11,False
IMSR,237,2025-09-23,False
IMSR,246,2025-10-06,False
IMST,1,2025-04-04,False
IMTG,1,2026-02-26,False
IMTX,367,2020-05-29,False
IMTX,917,2022-08-04,False
IMVT,883,2022-12-21,False
IMVT,890,2023-01-03,False
IMXI,735,2020-08-05,False
INAB,1,2021-08-02,False
INAC,1,2025-07-31,False
INBK,1223,2020-11-10,False
INBK,1904,2023-07-28,False
INBK,1910,2023-08-07,False
INBS,1,2020-12-24,False
INBX,1,2024-05-30,False
INBX,290,2025-07-28,False
INBX,349,2025-10-20,False
INCM,1,2023-06-09,False
IND,1,2025-11-26,False
INDB,2001,2023-12-14,False
INDE,1,2023-09-25,False
INDH,1,2024-05-10,False
INDI,310,2020-12-28,False
INDI,858,2023-03-03,False
INDV,2407,2025-07-31,False
INDZ,1,2026-02-20,False
INEO,1,2024-10-24,False
INFL,1,2021-01-13,False
INFO,1,2024-10-11,False
INFQ,1,2026-01-08,False
INFQ-WS,1,2026-01-14,False
INFU,1038,2020-02-19,False
INFU,1245,2020-12-11,False
INFU,1478,2021-11-15,False
INFU,2427,2025-08-28,False
INFY,1140,2020-07-15,False
INFY,1204,2020-10-14,False
INFY,1263,2021-01-08,False
INFY,2148,2024-07-18,False
ING,1302,2021-03-08,False
ING,2307,2025-03-07,False
INGM,1,2024-10-25,False
INHD,1,2023-12-15,False
INKT,1,2021-10-18,False
INKT,4,2021-10-21,False
INKT,9,2021-10-28,False
INLF,1,2025-01-03,False
INMD,497,2021-07-29,False
INMD,535,2021-09-22,False
INMU,1,2021-03-19,False
INOV,1,2023-11-02,False
INQQ,1,2022-04-04,False
INR,1,2025-02-03,False
INRO,1,2024-04-01,False
INSE,1777,2023-01-25,False
INSG,2436,2025-09-11,False
INSM,2418,2025-08-21,False
INSM,2425,2025-09-02,False
INSM,2448,2025-10-03,False
INSM,2467,2025-10-30,False
INSP,653,2020-12-04,False
INSP,1901,2025-11-24,False
INSW,1487,2022-10-14,False
INSW,1579,2023-02-28,False
INTA,1,2021-07-01,False
INTA,4,2021-07-07,False
INTA,17,2021-07-26,False
INTA,22,2021-08-02,False
INTA,35,2021-08-19,False
INTA,404,2023-02-07,False
INTC,2441,2025-09-18,False
INTG,1363,2021-06-03,False
INTJ,1,2024-03-21,False
INTL,1,2022-12-05,False
INTM,1,2025-07-24,False
INTR,1,2022-06-24,False
INTS,1,2023-07-03,False
INTS,11,2023-07-18,False
INTT,1296,2021-03-08,False
INTT,1810,2023-03-22,False
INTT,1828,2023-04-18,False
INTT,2554,2026-03-11,False
INTW,1,2025-02-14,False
INV,1,2021-11-30,False
INVA,1413,2021-08-13,False
INVE,1869,2023-06-07,False
INVG,1,2025-06-05,False
INVN,1,2025-01-08,False
INVX,1555,2022-03-08,False
INVZ,1,2020-06-30,False
INVZW,2,2020-06-30,False
IOBT,1,2021-11-08,False
IOCT,1,2021-10-01,False
ION,1,2022-12-02,False
ION,463,2024-10-07,False
ION,659,2025-07-22,False
ION,775,2026-01-06,False
ION,779,2026-01-12,False
ION,787,2026-01-23,False
IONL,1,2025-03-26,False
IONQ,1,2021-01-05,False
IONQ,13,2021-01-22,False
IONQ,35,2021-02-24,False
IONQ,968,2024-11-07,True
IONQ-WS,1,2021-09-28,False
IONQ-WS,195,2024-11-07,False
IONQ-WT,1,2024-12-10,False
IONR,1,2022-07-01,False
IONS,2387,2025-07-02,False
IONS,2451,2025-10-02,False
IONX,1,2025-03-13,False
IONZ,1,2025-06-25,False
IOPP,1,2024-03-06,False
IOT,1,2021-12-16,False
IOT,5,2021-12-22,False
IOT,493,2023-12-01,False
IOTR,2,2025-04-14,False
IOYY,3,2025-11-07,False
IPAR,1472,2021-11-05,False
IPAR,1765,2023-01-06,False
IPAR,1781,2023-01-31,False
IPAV,1,2024-08-29,False
IPCX,1,2025-06-17,False
IPCXU,1,2025-04-25,False
IPEX,1,2025-03-10,False
IPFXU,1,2026-03-04,False
IPGP,1263,2021-01-08,False
IPGP,1791,2023-02-14,False
IPI,1903,2023-07-27,False
IPI,2535,2026-02-03,False
IPM,2018,2024-01-10,False
IPM,2027,2024-01-24,False
IPO,1112,2020-06-16,False
IPO,1127,2020-07-08,False
IPOD,1,2025-06-13,False
IPODU,1,2025-05-08,False
IPSC,1,2021-06-21,False
IPST,2,2024-11-26,False
IPW,1,2021-05-13,False
IPX,1,2022-06-22,False
IPX,416,2024-02-15,False
IQ,557,2020-06-16,False
IQ,741,2021-03-10,False
IQ,1865,2025-08-29,False
IQHI,1,2022-10-26,False
IQM,1,2020-02-28,False
IQMM,1,2026-02-20,False
IQQQ,1,2024-03-21,False
IQRA,1,2023-05-11,False
IQSM,1,2022-10-26,False
IQSM,12,2022-11-10,False
IQSZ,1,2025-07-17,False
IRAB-UN,1,2026-02-04,False
IRAB-WS,1,2026-02-25,False
IRD,2441,2025-09-18,False
IRD,2447,2025-09-26,False
IRDM,1034,2020-02-12,False
IRDM,1247,2020-12-15,False
IRDM,1253,2020-12-23,False
IRDM,1262,2021-01-07,False
IRDM,1267,2021-01-14,False
IRDM,1281,2021-02-04,False
IRE,1,2025-10-22,False
IREG,1,2025-12-17,False
IREG,11,2026-01-02,False
IREN,1,2021-11-18,False
IREN,637,2024-06-03,True
IREN,900,2025-06-23,True
IREN,901,2025-06-24,True
IREN,921,2025-07-23,False
IRET,1,2024-01-26,False
IREX,1,2025-10-24,False
IREZ,1,2026-01-23,False
IRHO,1,2026-02-09,False
IRHOR,1,2026-02-09,False
IRHOU,2,2025-12-18,False
IRM,1275,2021-01-27,False
IRM,2146,2024-07-16,False
IRM,2158,2024-08-01,False
IRMD,1493,2021-12-07,False
IRMD,1654,2022-07-29,False
IRMD,1783,2023-02-02,False
IRMD,1860,2023-05-24,False
IROC,1,2022-12-12,False
IRON,1,2020-08-13,False
IRON,11,2020-08-27,False
IRON,100,2021-01-11,False
IRON,114,2021-02-01,False
IRON,134,2021-03-02,False
IRON,962,2024-06-14,False
IRON,1298,2025-10-17,False
IRS,1748,2022-12-12,False
IRS,1766,2023-01-09,False
IRS,1771,2023-01-17,False
IRS,1777,2023-01-25,False
IRS,1782,2023-02-01,False
IRS,1868,2023-06-06,False
IRS,1875,2023-06-15,False
IRS,1877,2023-06-20,False
IRS,1881,2023-06-26,False
IRS,2240,2024-11-26,False
IRS-WT,2,2021-06-07,False
IRTR,1,2023-10-20,False
IRVH,1,2022-07-07,False
IRWD,2025,2024-01-22,False
ISBG,1,2026-01-22,False
ISBG,5,2026-01-28,False
ISCV,1233,2020-11-24,False
ISDB,1,2022-12-06,False
ISEP,1,2023-09-05,False
ISMD,939,2020-12-04,False
ISMF,1,2025-03-14,False
ISOU,1285,2023-09-05,False
ISOU,1291,2023-09-13,False
ISOU,1299,2023-09-25,False
ISOU,1809,2025-10-07,False
ISPC,1,2021-06-18,False
ISPC,7,2021-06-28,False
ISPR,1,2023-04-05,False
ISPR,5,2023-04-12,False
ISPR,11,2023-04-20,False
ISPR,17,2023-04-28,False
ISPR,23,2023-05-08,False
ISPY,1,2023-12-21,False
ISRL,1,2023-03-01,False
ISSB,1,2026-01-22,False
ISSC,2268,2025-01-16,False
ISSC,2404,2025-08-04,False
ISSC,2410,2025-08-12,False
ISTR,2226,2024-11-06,False
ISUL,1,2025-10-08,False
ISUL,10,2025-10-21,False
ISUNQ,1845,2025-05-06,False
ISUNQ,2001,2025-12-17,False
ISUNQ,2075,2026-04-14,False
ISVL,1,2021-03-26,False
ISWN,1,2021-01-27,False
IT,1405,2021-08-03,False
IT,1412,2021-08-12,False
IT,1741,2022-12-01,False
ITAN,1,2021-06-30,False
ITB,2001,2023-12-14,False
ITDB,1,2023-10-20,False
ITDC,1,2023-10-20,False
ITDD,1,2023-10-20,False
ITDE,1,2023-10-20,False
ITDF,1,2023-10-20,False
ITDG,1,2023-10-20,False
ITDH,1,2023-10-20,False
ITDI,1,2023-10-20,False
ITDJ,1,2024-11-14,False
ITHA,1,2026-01-21,False
ITHAW,1,2026-01-21,False
ITIC,1208,2020-11-24,False
ITOC,1,2025-12-15,False
ITOL,1,2025-09-12,False
ITRG,1804,2025-02-12,False
ITRG,1956,2025-09-22,False
ITRI,1233,2020-11-24,False
ITRN,2294,2025-02-18,False
ITRN,2300,2025-02-26,False
ITUB,1244,2020-12-10,False
ITUB,2539,2026-02-09,False
ITWO,1,2024-09-06,False
IVA,1,2020-07-13,False
IVDAW,1,2022-04-04,False
IVEP,1,2026-04-09,False
IVES,1,2025-06-05,False
IVP,1,2023-08-31,False
IVRS,1,2023-02-17,False
IVSI,1,2025-12-04,False
IVSS,1,2025-12-05,False
IVVB,1,2023-07-03,False
IVVD,1,2021-08-09,False
IVVD,11,2021-08-23,False
IVVD,15,2021-08-27,False
IVVM,1,2023-07-03,False
IVVW,1,2024-03-18,False
IVZ,2001,2023-12-14,False
IVZ,2398,2025-07-18,False
IWC,1283,2021-02-08,False
IWDL,1,2021-02-08,False
IWDL,20,2021-03-08,False
IWFG,1,2022-06-24,False
IWFL,1,2021-02-08,False
IWLG,1,2022-06-24,False
IWMI,1,2024-06-26,False
IWML,1,2021-02-08,False
IWML,23,2021-03-11,False
IWML,719,2023-12-14,False
IWMW,1,2024-03-18,False
IWMY,1,2023-11-01,False
IXAQF,1,2021-12-01,False
IXC,1240,2020-12-04,False
IXHL,1,2022-03-03,False
IYRI,1,2025-01-16,False
IZEA,1245,2021-01-08,True
IZEA,2078,2024-05-02,False
IZEA,2084,2024-05-10,False
IZM,1,2023-03-16,False
IZM,5,2023-03-22,False
IZM,387,2024-09-27,False
IZRL,799,2021-02-09,False
JA,1,2026-02-20,False
JAAA,1,2020-10-20,False
JABS,1,2025-07-24,False
JACK,2001,2023-12-14,False
JACS,1,2025-01-31,False
JACS-U,1,2024-12-16,False
JADE,1,2024-05-20,False
JAGU,1,2026-02-10,False
JAJL,1,2024-07-02,False
JAKK,1278,2021-02-01,False
JAKK,1287,2021-02-12,False
JAKK,2222,2024-10-31,False
JAKK,2547,2026-02-20,False
JANB,1,2025-10-15,False
JANH,1,2024-01-03,False
JANI,1,2026-02-03,False
JANJ,1,2024-01-03,False
JANM,1,2025-01-22,False
JANP,1,2024-01-03,False
JANT,1,2021-01-05,False
JANU,1,2025-01-03,False
JANW,1,2021-01-05,False
JANX,1,2021-06-14,False
JANZ,1,2021-01-05,False
JAPN,1,2025-05-14,False
JAPN,9,2025-05-27,False
JAVA,1,2021-10-06,False
JAZZ,2483,2025-11-17,False
JBBB,1,2022-01-13,False
JBDI,1,2024-08-28,False
JBI,274,2021-01-25,False
JBI,290,2021-02-17,False
JBI,1031,2024-01-29,False
JBIO,1,2021-07-01,False
JBIO,1118,2025-12-11,False
JBL,1875,2023-06-15,False
JBLU,1302,2021-03-08,False
JBLU,1882,2023-06-27,False
JBLU,1887,2023-07-05,False
JBND,1,2023-10-13,False
JBS,1,2025-06-10,False
JBS,10,2025-06-26,False
JBTM,1240,2020-12-04,False
JBTM,2226,2024-11-06,False
JCAP,1,2025-06-27,False
JCHI,1,2023-03-17,False
JCHI,389,2024-10-02,False
JCPI,1,2022-04-12,False
JCSE,1,2022-04-25,False
JCTC,2001,2024-01-16,False
JD,1108,2020-05-29,True
JD,1121,2020-06-17,False
JDIV,1,2024-09-27,False
JDOC,1,2023-11-03,False
JDST,1417,2021-08-19,False
JDVI,1,2023-12-21,False
JDZG,1,2024-05-16,False
JEDI,2,2025-09-30,False
JEF,2146,2024-07-16,False
JEF,2238,2024-11-22,False
JELD,1724,2023-12-04,False
JEM,1,2025-06-10,False
JEMA,1,2021-03-12,False
JEMB,1,2024-08-15,False
JENA,1,2025-07-22,False
JENA-U,1,2025-06-02,False
JEPI,1,2020-05-22,False
JEPQ,1,2022-05-05,False
JEPY,1,2023-09-19,False
JEPY,10,2023-10-02,False
JEPY,32,2023-11-01,False
JEPY,178,2024-06-03,False
JETD,1,2023-06-21,False
JETD,59,2023-09-13,False
JETD,66,2023-09-22,False
JETD,73,2023-10-03,False
JETD,81,2023-10-13,False
JETD,84,2023-10-18,False
JETD,91,2023-10-27,False
JETS,2211,2024-10-16,False
JETU,1,2023-06-21,False
JETU,5,2023-06-27,False
JETU,14,2023-07-11,False
JETU,123,2023-12-13,False
JETU,334,2024-10-16,False
JETU,638,2026-01-05,False
JEWL,1,2022-12-12,False
JFB,1,2025-03-07,False
JFB,6,2025-03-14,False
JFB,10,2025-03-20,False
JFB,18,2025-04-01,False
JFBRW,1,2022-08-29,False
JFBRW,6,2022-09-06,False
JFLI,1,2025-02-14,False
JFLX,1,2025-09-30,False
JGLO,1,2023-09-15,False
JGRO,1,2022-08-10,False
JGRW,1,2024-08-14,False
JHAC,1,2023-11-03,False
JHAI,1,2025-08-21,False
JHCB,1,2021-04-01,False
JHCP,1,2024-12-19,False
JHCR,1,2024-12-19,False
JHDV,1,2022-09-29,False
JHDV,4,2022-10-04,False
JHG,759,2020-06-04,False
JHHY,1,2024-05-03,False
JHID,1,2022-12-22,False
JHLN,1,2025-08-21,False
JHMB,1,2021-08-20,False
JHMU,1,2023-11-03,False
JHPI,1,2021-12-16,False
JHX,1222,2020-11-09,False
JHX,1875,2023-06-15,False
JHX,2527,2026-01-22,False
JHX,2541,2026-02-11,False
JIDE,1,2026-01-29,False
JIG,1,2020-05-22,False
JIII,1,2024-11-14,False
JILL,1424,2022-11-02,False
JILL,1440,2022-11-25,False
JILL,1448,2022-12-07,False
JILL,1650,2023-09-28,False
JIRE,1,2022-06-14,False
JIVE,1,2023-09-15,False
JKL,1233,2020-11-24,False
JKS,2387,2025-07-02,False
JKS,2400,2025-07-22,False
JL,2,2024-01-26,False
JLHL,1,2025-06-27,False
JLQD,1,2021-09-10,False
JMEE,1,2022-05-10,False
JMEE,14,2022-05-27,False
JMHI,1,2023-07-18,False
JMID,1,2024-09-19,False
JMMF,1,2025-12-12,False
JMSB,1144,2020-11-09,False
JMSB,1526,2022-05-17,False
JMSI,1,2023-07-18,False
JMTG,1,2025-07-01,False
JNEU,1,2024-06-04,False
JNUG,2433,2025-09-08,False
JNUG,2448,2025-09-29,False
JNUG,2453,2025-10-06,False
JOBX,2,2025-09-11,False
JOBX,8,2025-09-19,False
JOBY,2,2020-11-11,False
JOBY,66,2021-02-16,False
JOBY-WS,1,2021-08-09,False
JOBY-WT,1,2021-08-09,False
JOE,1903,2023-07-27,False
JOET,1,2020-11-19,False
JOJO,1,2021-07-19,False
JOUT,2409,2025-08-04,False
JOYT,1,2025-08-20,False
JOYY,1284,2021-02-09,False
JOYY,1286,2021-02-11,False
JOYY,1288,2021-02-16,False
JPAN,1,2023-09-25,False
JPEF,1,2023-08-01,False
JPHY,1,2025-06-26,False
JPIE,1,2021-11-03,False
JPLD,1,2023-08-01,False
JPMO,1,2023-09-13,False
JPO,1,2023-09-13,False
JPRE,1,2022-05-24,False
JPSV,1,2023-03-09,False
JPY,2,2025-04-09,False
JRE,1,2021-06-24,False
JRVR,2363,2025-05-28,False
JSCP,1,2021-03-03,False
JSI,1,2023-11-10,False
JSPR,1,2020-01-13,False
JSPRW,1,2020-01-13,False
JSPRW,4,2020-01-27,False
JSTC,1,2020-12-11,False
JTAI,1,2021-10-04,False
JTEK,1,2023-10-06,False
JUCY,1,2022-11-02,False
JULB,1,2025-10-15,False
JULH,1,2023-07-05,False
JULJ,1,2023-07-05,False
JULM,1,2024-07-26,False
JULP,1,2024-05-09,False
JULT,1,2020-07-02,False
JULU,1,2024-07-02,False
JULW,1,2020-07-02,False
JULZ,1,2020-07-06,False
JUNM,1,2024-06-25,False
JUNP,1,2024-06-04,False
JUNS,3,2024-12-06,False
JUNT,1,2023-06-02,False
JUNW,1,2023-06-02,False
JUNZ,1,2021-06-02,False
JUSA,1,2025-03-17,False
JVA,1266,2021-01-13,False
JVA,2024,2024-01-19,False
JWEL,1,2021-03-18,False
JXN,1,2021-09-02,False
JXN,66,2021-12-06,False
JXN,90,2022-01-10,False
JXN,356,2023-02-01,False
JXN,366,2023-02-15,False
JXN,640,2024-03-20,False
JXN,800,2024-11-06,False
JXN-P-A,1,2023-03-20,False
JXN-P-A,7,2023-03-28,False
JXX,1,2025-02-06,False
JYD,1,2023-04-24,False
JYNT,1231,2020-11-20,False
JYNT,1278,2021-02-01,False
JYNT,1283,2021-02-08,False
JYNT,1298,2021-03-02,False
JZ,1,2022-08-29,False
JZXN,1,2021-05-19,False
K-W,1,2023-09-26,False
K-W,12,2023-10-11,False
KAI,1297,2021-03-01,False
KAI,2043,2024-02-15,False
KALA,1839,2024-11-08,False
KALU,1237,2020-12-01,False
KALU,2071,2024-03-27,False
KALU,2535,2026-02-03,False
KALU,2539,2026-02-09,False
KALV,1668,2022-08-22,False
KALV,2014,2024-01-08,False
KALV,2149,2024-07-23,False
KALV,2317,2025-03-25,False
KAPA,1,2024-09-17,False
KAPR,1,2020-04-02,False
KAPR,3,2020-04-06,False
KARO,3,2021-04-07,False
KARO,1044,2025-06-03,False
KARS,715,2020-11-23,False
KARS,1684,2024-10-02,False
KARS,1687,2024-10-07,False
KAT,1,2025-08-26,False
KAUG,1,2024-08-02,False
KB,1222,2020-11-09,False
KB,1234,2020-11-25,False
KB,2362,2025-05-27,False
KB,2381,2025-06-24,False
KBA,1116,2020-07-06,False
KBA,2184,2024-10-02,False
KBAB,3,2025-03-17,False
KBAB,135,2025-09-24,False
KBDC,1,2024-05-23,False
KBDU,2,2025-11-24,False
KBDU,10,2025-12-05,False
KBE,2001,2023-12-14,False
KBFR,1,2026-02-25,False
KBH,1783,2023-02-02,False
KBH,2001,2023-12-14,False
KBON,1,2026-01-28,False
KBONW,1,2026-01-28,False
KBSX,1,2022-03-21,False
KBUF,1,2024-02-09,False
KBWB,2001,2023-12-14,False
KBWD,1240,2020-12-04,False
KBWR,2001,2023-12-14,False
KC,1,2020-05-11,False
KCAI,1,2024-08-29,False
KCAI,18,2024-09-24,False
KCAI,24,2024-10-02,False
KCAI,27,2024-10-07,False
KCCA,1,2021-10-06,False
KCCA,13,2021-10-22,False
KCCA,19,2021-11-01,False
KCCA,29,2021-11-15,False
KCHV,1,2025-07-22,False
KCHVU,1,2025-05-29,False
KCOP,1,2026-02-17,False
KCSH,1,2024-07-29,False
KD,1,2021-10-25,False
KD,325,2023-02-08,False
KD,775,2024-11-21,False
KD,824,2025-02-05,False
KDEC,1,2024-12-03,False
KDEF,1,2025-02-06,False
KDEF,6,2025-02-13,False
KDEF,18,2025-03-04,False
KDEF,27,2025-03-17,False
KDEF,83,2025-06-05,False
KDK,1,2023-06-13,False
KDRN,1,2021-12-22,False
KDVD,1,2025-12-09,False
KE,1273,2021-01-25,False
KE,1281,2021-02-04,False
KE,2417,2025-08-14,False
KEAT,1,2024-03-28,False
KEMQ,1753,2024-10-02,False
KEN,1536,2022-02-08,False
KEN,2386,2025-07-01,False
KEN,2391,2025-07-09,False
KEN,2396,2025-07-16,False
KEN,2401,2025-07-23,False
KEN,2544,2026-02-17,False
KEP,1249,2020-12-17,False
KEP,1257,2020-12-30,False
KEP,2049,2024-02-26,False
KEP,2355,2025-05-15,False
KEP,2361,2025-05-23,False
KEP,2371,2025-06-09,False
KEQU,1208,2020-12-29,False
KEQU,1594,2022-07-15,False
KEQU,1932,2023-12-19,False
KEUA,1,2021-10-06,False
KEUA,45,2021-12-08,False
KEX,1240,2020-12-04,False
KEX,2091,2024-04-25,False
KEY,2001,2023-12-14,False
KEYS,1264,2021-01-11,False
KEYS,1668,2022-08-18,False
KEYS,2549,2026-02-24,False
KFEB,1,2025-02-04,False
KFII,2,2025-03-14,False
KFIIR,2,2025-03-14,False
KFIIU,1,2025-02-06,False
KFRC,1472,2021-11-05,False
KFS,1150,2020-08-03,False
KFS,1155,2020-08-10,False
KFS,1656,2022-08-05,False
KFS,2359,2025-05-27,False
KFS,2369,2025-06-10,False
KFS,2384,2025-07-02,False
KFY,1234,2020-11-25,False
KFY,1292,2021-02-22,False
KG,1324,2021-04-08,False
KGC,2108,2024-05-20,False
KGC,2433,2025-09-08,False
KGC,2443,2025-09-22,False
KGC,2450,2025-10-01,False
KGC,2461,2025-10-16,False
KGC,2525,2026-01-20,False
KGEI,1779,2023-01-27,False
KGEI,2252,2024-12-13,False
KGEI,2266,2025-01-06,False
KGEI,2291,2025-02-12,False
KGEI,2569,2026-03-24,False
KGLD,1,2025-07-09,False
KGLD,141,2026-01-28,False
KGRN,684,2020-07-06,False
KGRN,771,2020-11-05,False
KGRN,813,2021-01-07,False
KGRN,1752,2024-10-02,False
KGRN,1755,2024-10-07,False
KGS,1,2023-06-30,False
KGS,17,2023-07-25,False
KGS,20,2023-07-28,False
KGS,170,2024-03-04,False
KGS,353,2024-11-21,False
KGS,653,2026-02-05,False
KGS,666,2026-02-25,False
KHPI,1,2024-09-06,False
KIDZ,1,2022-02-08,False
KIM,2001,2023-12-14,False
KIM-P-N,1,2023-12-29,False
KIQQ,1,2026-01-08,False
KITT,1,2021-08-05,False
KITTW,2,2022-09-14,False
KJAN,1,2020-01-03,False
KJD,1,2025-10-16,False
KJD,3,2025-10-20,False
KJD,9,2025-10-28,False
KJUL,1,2020-07-02,False
KJUN,1,2024-06-04,False
KKR,1285,2021-02-10,False
KKR,1470,2021-11-03,False
KKR,2001,2023-12-14,False
KKRS,1,2021-04-22,False
KKRT,1,2025-06-02,False
KLAC,2530,2026-01-27,False
KLAG,2,2025-12-22,False
KLAG,10,2026-01-05,False
KLAR,1,2025-09-10,False
KLC,1,2024-10-10,False
KLC,15,2024-10-30,False
KLGDD,1,2021-05-17,False
KLGDD,15,2021-06-07,False
KLIC,1266,2021-01-13,False
KLIC,1286,2021-02-11,False
KLIC,1297,2021-03-01,False
KLIC,2523,2026-01-15,False
KLIC,2537,2026-02-05,False
KLIP,1,2023-01-13,False
KLMN,1,2024-12-12,False
KLMT,1,2024-06-27,False
KLRS,1,2020-07-31,False
KLRS,3,2020-08-04,False
KLTR,1,2021-07-22,False
KLTR,8,2021-08-02,False
KLTR,12,2021-08-06,False
KLXY,1,2023-09-08,False
KMAR,1,2025-03-04,False
KMAY,1,2025-05-02,False
KMI,2226,2024-11-06,False
KMID,1,2024-10-17,False
KMLI,2,2025-06-16,False
KMLI,7,2025-06-24,False
KMLI,11,2025-06-30,False
KMLM,1,2020-12-08,False
KMPB,1,2022-03-15,False
KMPR,2028,2024-01-25,False
KMRK,1,2025-07-17,False
KMTS,1,2025-03-07,False
KMTS,7,2025-03-17,False
KN,1741,2022-12-01,False
KNDI,1722,2022-11-03,False
KNDI,1853,2023-05-15,False
KNF,1,2023-05-26,False
KNF,10,2023-06-09,False
KNOP,2117,2024-06-03,False
KNOP,2135,2024-06-28,False
KNOP,2435,2025-09-10,False
KNOV,1,2024-11-04,False
KNOW,1,2024-02-23,False
KNRG,1,2025-05-29,False
KNRX,1,2025-09-30,False
KNSA,1549,2024-07-23,False
KNSL,1340,2021-11-22,False
KNSL,1901,2024-02-16,False
KNSL,1913,2024-03-06,False
KNTK,996,2021-10-11,False
KOD,508,2020-10-12,False
KOD,1543,2024-11-21,False
KOD,1546,2024-11-26,False
KODK,2477,2025-11-07,False
KODK,2576,2026-04-02,False
KOID,1,2025-06-06,False
KOID,12,2025-06-24,False
KOKU,1,2020-04-09,False
KOMP,568,2021-02-09,False
KONG,1,2021-07-23,False
KONG,6,2021-07-30,False
KOP,1735,2022-11-22,False
KOP,2004,2023-12-19,False
KOP,2551,2026-02-26,False
KORE,1,2020-12-14,False
KORU,1218,2020-11-23,False
KORU,1225,2020-12-03,False
KORU,2437,2025-10-02,False
KOS,1456,2021-10-14,False
KOYN,1,2025-09-22,False
KPDD,3,2025-03-17,False
KPDD,130,2025-09-17,False
KPHO,1,2025-12-05,False
KPHO,17,2025-12-30,False
KPLT,1,2020-01-02,False
KPLTW,1,2020-01-03,False
KPRO,1,2024-02-09,False
KQQQ,1,2024-07-24,False
KRAQ,1,2026-03-23,False
KRAQU,1,2026-01-29,False
KRAQW,1,2026-03-23,False
KRBN,1,2020-07-31,False
KRBN,18,2020-08-25,False
KRBP,1,2020-10-19,False
KRC,1910,2023-08-07,False
KRC,2001,2023-12-14,False
KRE,2001,2023-12-14,False
KREF-P-A,1,2021-04-13,False
KRMD,1682,2022-12-08,False
KRMD,2177,2024-11-27,False
KRMN,1,2025-02-14,False
KRMN,11,2025-03-03,False
KRMN,239,2026-01-28,False
KRNT,1442,2021-09-24,False
KRNT,1869,2023-06-07,False
KRNT,1873,2023-06-13,False
KRNT,2170,2024-08-19,False
KRNY,1233,2020-11-24,False
KRNY,2001,2023-12-14,False
KROP,1,2021-07-15,False
KROS,2,2020-04-13,False
KROS,11,2020-04-24,False
KRP,1075,2021-05-13,False
KRP,1169,2021-09-27,False
KRP,1174,2021-10-04,False
KRRO,299,2020-12-09,False
KRRO,303,2020-12-15,False
KRSP-U,1,2026-01-05,False
KRSP-UN,1,2025-10-03,False
KRSP-WS,1,2025-11-24,False
KRT,1,2021-04-16,False
KRT,9,2021-04-28,False
KRT,598,2023-08-30,False
KRT,724,2024-03-01,False
KRUS,1133,2024-02-01,False
KRUS,1486,2025-07-01,False
KRUS,1636,2026-02-04,False
KRUZ,1,2023-01-03,False
KRYP,1,2026-02-05,False
KRYS,1433,2023-06-02,False
KRYS,2027,2025-10-15,False
KRYS,2063,2025-12-05,False
KRYS,2067,2025-12-11,False
KRYS,2074,2025-12-22,False
KRYS,2088,2026-01-13,False
KSCP,1,2022-01-28,False
KSEP,1,2024-09-04,False
KSLV,1,2025-10-01,False
KSLV,12,2025-10-16,False
KSLV,67,2026-01-06,False
KSLV,81,2026-01-27,False
KSPI,1,2020-12-18,False
KSPI,4,2021-01-11,False
KSPY,1,2024-07-17,False
KSS,1281,2021-02-04,False
KSS,1292,2021-02-22,False
KSTR,1,2021-01-25,False
KSTR,12,2021-02-09,False
KSTR,1151,2025-08-22,False
KSTR,1155,2025-08-28,False
KSTR,1164,2025-09-11,False
KT,2541,2026-02-11,False
KTB,367,2020-10-22,False
KTB,372,2020-10-29,False
KTB,380,2020-11-10,False
KTB,384,2020-11-16,False
KTB,483,2021-04-12,False
KTB,487,2021-04-16,False
KTB,1158,2023-12-14,False
KTEC,1,2021-06-10,False
KTEC,12,2021-06-25,False
KTEC,938,2025-03-05,False
KTEC,946,2025-03-17,False
KTOS,1255,2020-12-28,False
KTOS,1265,2021-01-12,False
KTOS,1782,2023-02-01,False
KTOS,2275,2025-01-21,False
KTOS,2436,2025-09-11,True
KTOS,2450,2025-10-01,False
KTOS,2454,2025-10-07,False
KTTA,1,2021-09-16,False
KTUP,2,2025-09-18,False
KTUP,11,2025-10-01,False
KTWOR,1,2026-02-26,False
KTWOR,7,2026-03-09,False
KTWOU,1,2026-01-30,False
KURA,1179,2020-09-09,False
KURA,2000,2023-12-13,False
KURE,761,2021-02-10,False
KVAC,2,2023-09-18,False
KVACU,2,2023-07-26,False
KVACU,319,2024-10-28,False
KVACW,2,2023-09-18,False
KVHI,1273,2021-01-25,False
KVHI,1279,2021-02-02,False
KVLE,1,2020-11-25,False
KVUE,1,2023-05-05,False
KVUE,7,2023-05-15,False
KVYO,1,2023-09-21,False
KVYO,6,2023-09-28,False
KVYO,14,2023-10-10,False
KVYO,222,2024-08-08,False
KWEB,1121,2020-06-17,False
KWEB,1133,2020-07-06,False
KWEB,1136,2020-07-09,False
KWEB,1286,2021-02-11,False
KWM,1,2025-05-07,False
KWMWW,1,2025-05-13,False
KWR,1227,2020-11-16,False
KWR,2536,2026-02-04,False
KWT,1,2020-09-04,False
KYIV,1,2024-12-04,False
KYLD,1,2025-11-03,False
KYMR,1,2020-08-24,False
KYMR,1281,2025-09-29,False
KYMR,1291,2025-10-13,False
KYN,1240,2020-12-04,False
KYTX,1,2024-02-09,False
KZR,813,2021-09-14,False
LABD,1962,2023-10-19,False
LABU,2456,2025-10-09,False
LABU,2460,2025-10-15,False
LABX,1,2025-08-13,False
LAC,2,2023-10-04,False
LACG,1,2025-12-12,False
LAD,1783,2023-02-02,False
LAD,1883,2023-06-28,False
LAES,1,2023-05-23,False
LAES,593,2025-10-02,False
LAFA,1,2025-11-28,False
LAKE,1018,2020-01-21,False
LAKE,1135,2020-07-08,False
LALT,2561,2026-03-12,False
LAND,1346,2021-05-10,False
LAND,1351,2021-05-17,False
LAND,1366,2021-06-08,False
LAND,1490,2021-12-02,False
LAND,1507,2021-12-28,False
LAND,1578,2022-04-08,False
LAND,2550,2026-02-25,False
LANV,1,2021-03-16,False
LANV-WT,1,2024-12-11,False
LAPR,1,2024-04-02,False
LAR,1012,2020-01-10,False
LAR,1032,2020-02-10,False
LAR,2397,2025-07-17,False
LARK,2243,2024-12-02,False
LASE,1,2022-10-03,False
LASR,656,2020-12-02,False
LASR,1287,2023-06-07,False
LASR,1406,2023-11-27,False
LASR,1419,2023-12-14,False
LASR,1953,2026-02-03,False
LATA,1,2025-11-11,False
LAW,2,2021-07-23,False
LAW,17,2021-08-13,False
LAW,1032,2025-08-29,False
LAW,1037,2025-09-08,False
LAW,1047,2025-09-22,False
LAWR,1,2025-07-18,False
LAYS,1,2025-03-07,False
LAYS,12,2025-03-24,False
LAYS,89,2025-07-15,False
LAYS,98,2025-07-28,False
LAYS,110,2025-08-13,False
LAZ,2013,2024-01-03,False
LB,2,2024-07-02,False
LB,4,2024-07-05,False
LBAY,1,2020-11-18,False
LBGJ,1,2024-10-24,False
LBGJ,3,2024-10-28,False
LBO,1,2023-12-01,False
LBRT,852,2021-06-02,False
LBRT,947,2021-10-15,False
LBRT,2034,2026-02-17,False
LBRX,1,2025-09-12,False
LBTYA,2236,2024-11-20,False
LBTYB,2416,2025-08-13,False
LC,1241,2020-12-07,False
LC,1876,2023-06-16,False
LC,2001,2023-12-14,False
LC,2157,2024-07-31,False
LC,2226,2024-11-06,False
LC,2238,2024-11-22,False
LC,2406,2025-07-30,False
LCAP,1,2025-03-27,False
LCCC,1,2025-06-24,False
LCCCU,1,2025-05-01,False
LCDL,3,2025-04-25,False
LCDL,5,2025-04-29,False
LCDS,1,2024-08-09,False
LCF,1,2022-08-01,False
LCFY,1,2022-03-28,False
LCFYW,1,2022-03-28,False
LCID,1,2020-09-21,False
LCID,78,2021-01-11,False
LCII,2526,2026-01-21,False
LCII,2536,2026-02-04,False
LCIZ,2,2026-01-26,False
LCLG,1,2022-08-09,False
LCO,1,2026-01-08,False
LCOW,1,2025-05-08,False
LCR,1,2020-01-07,False
LCTD,1,2021-04-09,False
LCTU,1,2021-04-09,False
LDDR,1,2025-01-07,False
LDEM,1,2020-02-13,False
LDI,1,2021-02-12,False
LDI,888,2024-08-23,False
LDOS,1037,2020-02-18,False
LDOS,2226,2024-11-06,False
LDRC,1,2024-11-11,False
LDRH,1,2024-11-11,False
LDRT,1,2024-11-11,False
LDRX,1,2025-05-06,False
LDTCW,1,2021-03-02,False
LE,2093,2024-04-29,False
LEA,1240,2020-12-04,False
LECO,1227,2020-11-16,False
LEE,1299,2021-03-03,False
LEGN,1,2020-06-08,False
LEGN,11,2020-06-22,False
LEGN,17,2020-06-30,False
LEGN,523,2022-07-05,False
LEGO-WS,1,2026-03-17,False
LEGT,1,2024-04-01,False
LEN,2001,2023-12-14,False
LEN-B,1997,2023-12-08,False
LEN-B,2001,2023-12-14,False
LENS,1,2025-01-30,False
LENS,247,2026-01-23,False
LENZ,1,2021-06-28,False
LESL,1,2020-10-30,False
LESL,4,2020-11-04,False
LEU,1793,2023-02-16,False
LEUX,1,2026-02-20,False
LEVI,437,2020-12-10,False
LEVI,1586,2025-07-11,False
LEXI,1,2021-07-02,False
LFAI,1,2024-09-17,False
LFAO,1,2024-09-17,False
LFAO,106,2025-02-19,False
LFAW,1,2024-09-17,False
LFBE,1,2025-01-07,False
LFDR,1,2024-12-17,False
LFGY,1,2025-01-15,False
LFS,1,2025-10-10,False
LFSC,1,2024-10-22,False
LFSC,10,2024-11-04,False
LFSC,275,2025-11-25,False
LFST,1,2021-06-11,False
LFST,10,2021-06-24,False
LFST,18,2021-07-07,False
LFT,1252,2020-12-22,False
LFT,2016,2024-01-08,False
LFUS,1227,2020-11-16,False
LFUS,1233,2020-11-24,False
LFUS,2532,2026-01-29,False
LFUS,2538,2026-02-06,False
LFUS,2547,2026-02-20,False
LGCB,1,2023-12-20,False
LGCF,1,2023-12-14,False
LGCL,1,2024-03-06,False
LGCY,1,2024-09-27,False
LGCY,8,2024-10-08,False
LGCY,356,2026-03-02,False
LGDX,1,2025-03-03,False
LGHT,1,2024-01-11,False
LGL,1436,2021-09-16,False
LGL,1446,2021-09-30,False
LGN,1,2025-09-15,False
LGN,7,2025-09-23,False
LGND,2016,2024-01-08,False
LGND,2397,2025-07-17,False
LGND,2416,2025-08-13,False
LGND,2476,2025-11-06,False
LGPS,1,2025-03-26,False
LGRO,1,2023-08-24,False
LGVN,1,2021-02-16,False
LHAI,1,2025-07-23,False
LHSW,1,2025-04-04,False
LI,1,2020-07-31,False
LI,5,2020-08-06,False
LI,74,2020-11-12,False
LI,717,2023-06-06,False
LI,723,2023-06-14,False
LI,757,2023-08-03,False
LIAE,1,2024-09-17,False
LIAM,1,2024-09-17,False
LIAU,1,2024-09-17,False
LIBD,1,2025-01-07,False
LICN,1,2023-02-07,False
LICN,4,2023-02-10,False
LIDR,1,2021-01-12,False
LIDR,3,2021-01-14,False
LIDRW,1,2021-01-07,False
LIEN,1,2022-02-07,False
LIF,1,2024-06-07,False
LIF,6,2024-06-14,False
LIF,295,2025-08-12,False
LIF,313,2025-09-08,False
LIFE,1,2026-01-30,False
LIFT,1,2025-09-25,False
LIMI,4,2024-09-30,False
LIMI,6,2024-10-02,False
LIMI,9,2024-10-07,False
LIMI,333,2026-01-23,False
LIMN,1,2021-05-27,False
LINC,1907,2023-08-07,False
LINC,2235,2024-11-22,False
LINC,2360,2025-05-28,False
LINC,2541,2026-02-17,False
LINC,2566,2026-03-24,False
LIND,2520,2026-01-12,False
LIND,2538,2026-02-06,False
LINE,3,2024-07-29,False
LINT,1,2025-11-20,False
LION,1,2021-12-10,False
LION,993,2025-12-23,False
LION,1009,2026-01-16,False
LIPO,1,2022-12-20,False
LIQT,1278,2021-02-04,False
LIQT,1288,2021-02-19,False
LIT,1133,2020-07-06,False
LIT,1233,2020-11-24,False
LIT,1242,2020-12-08,False
LIT,1260,2021-01-05,False
LIT,1389,2021-07-12,False
LIT,2204,2024-10-07,False
LITE,1153,2020-08-03,False
LITE,2395,2025-07-15,False
LITE,2405,2025-07-29,False
LITE,2424,2025-08-25,False
LITE,2427,2025-08-28,False
LITE,2432,2025-09-05,False
LITE,2435,2025-09-10,False
LITL,1,2025-04-30,False
LITM,1,2021-11-22,False
LITP,1,2023-02-03,False
LITP,745,2026-01-23,False
LITX,1,2026-01-28,False
LIVE,1766,2023-01-09,False
LIVN,1902,2023-07-26,False
LJAN,1,2024-01-03,False
LJUL,1,2024-07-02,False
LKFN,1302,2021-03-08,False
LKFN,1993,2023-12-04,False
LKFN,2000,2023-12-13,False
LKSP,1,2025-11-07,False
LLDR,1,2024-09-11,False
LLII,1,2025-11-05,False
LLII,15,2025-11-25,False
LLY,1378,2021-06-24,False
LLY,1576,2022-04-06,False
LLY,1845,2023-05-03,False
LLY,1933,2023-09-08,False
LLY,2479,2025-11-11,False
LLY,2489,2025-11-25,False
LLYVA,1,2023-08-07,False
LLYVA,310,2024-10-28,False
LLYVA,317,2024-11-06,False
LLYVA,321,2024-11-12,False
LLYVA,328,2024-11-21,False
LLYVK,1,2023-08-07,False
LLYVK,317,2024-11-06,False
LLYVK,321,2024-11-12,False
LLYVK,328,2024-11-21,False
LLYX,1,2024-06-11,False
LLYX,49,2024-08-20,False
LMAT,1845,2023-05-03,False
LMAT,2051,2024-02-28,False
LMAT,2551,2026-02-26,False
LMB,1096,2020-09-01,False
LMB,1173,2020-12-21,False
LMB,1593,2022-08-23,False
LMB,2284,2025-05-27,False
LMBO,1,2024-07-18,False
LMBO,250,2025-07-17,False
LMND,1,2020-07-06,False
LMND,10,2020-07-17,False
LMND,736,2023-06-06,False
LMNX,2,2025-10-20,False
LMRI,1,2025-12-11,False
LMT,1550,2022-03-01,False
LMT,1554,2022-03-07,False
LMT,2533,2026-01-30,False
LMT,2539,2026-02-09,False
LMTL,1,2025-08-07,False
LMTL,5,2025-08-13,False
LMTL,14,2025-08-26,False
LMTL,21,2025-09-05,False
LMTL,25,2025-09-11,False
LMTL,33,2025-09-23,False
LMTL,38,2025-09-30,False
LMTL,42,2025-10-06,False
LMTL,142,2026-03-02,False
LMTS,1,2025-08-07,False
LMUB,1,2025-03-19,False
LNAI,952,2021-11-17,False
LND,1578,2022-04-08,False
LNG,1457,2021-10-15,False
LNG,1553,2022-03-04,False
LNG,1568,2022-03-25,False
LNG,2553,2026-03-02,False
LNG,2566,2026-03-19,False
LNGX,1,2025-10-30,False
LNKB,1,2020-06-04,False
LNKB,72,2021-08-04,False
LNKS,2,2024-12-09,False
LNN,1283,2021-02-08,False
LNSR,1,2020-10-05,False
LNSR,367,2022-03-18,False
LNSR,373,2022-03-28,False
LNSR,1090,2025-02-05,False
LNTH,1547,2022-02-24,False
LNTH,1797,2023-02-23,False
LNW,2496,2026-01-27,False
LNZA,1,2021-09-27,False
LNZAW,1,2023-02-07,False
LOAN,1323,2021-04-07,False
LOAR,1,2024-04-25,False
LOB,1193,2020-09-29,False
LOB,1197,2020-10-05,False
LOB,1205,2020-10-15,False
LOB,1215,2020-10-29,False
LOB,1467,2021-10-29,False
LOB,2001,2023-12-14,False
LOB,2009,2023-12-27,False
LOB,2154,2024-07-26,False
LOBO,1,2024-03-22,False
LOCL,1,2021-04-20,False
LOCO,1723,2022-11-04,False
LOCT,1,2023-10-03,False
LODI,1,2024-12-05,False
LOGI,1108,2020-05-29,False
LOGI,1121,2020-06-17,False
LOGI,1208,2020-10-20,False
LOGI,1284,2021-02-09,False
LOGI,1981,2023-11-15,False
LOGI,2293,2025-02-14,False
LOGO,1,2025-05-29,False
LOKV,1,2025-04-22,False
LOKVU,1,2025-02-28,False
LOMA,1772,2024-11-18,False
LOMA,1778,2024-11-26,False
LOMA,1788,2024-12-11,False
LONA,1,2020-09-21,False
LONA,8,2020-09-30,False
LONZ,1,2022-06-10,False
LOOP,1921,2023-12-14,False
LOPP,1,2021-02-02,False
LOT,1,2021-05-07,False
LOTI,1,2025-10-01,False
LOTMY,1,2025-05-12,False
LOTWW,1,2024-02-21,False
LOUP,639,2021-02-08,False
LOVE,1376,2023-12-14,False
LOW,1121,2020-06-17,False
LOWV,1,2023-03-23,False
LPA,1,2024-03-26,False
LPAA,1,2024-09-04,False
LPAAU,1,2024-07-12,False
LPAAW,1,2024-09-04,False
LPBB,2,2024-12-02,False
LPBBU,1,2024-10-09,False
LPCN,1551,2022-03-03,False
LPCN,1564,2022-03-22,False
LPCN,2078,2024-04-09,False
LPCV,1,2026-02-10,False
LPCVW,1,2026-02-10,False
LPG,1244,2020-12-10,False
LPG,1603,2022-05-16,False
LPG,1614,2022-06-01,False
LPG,1742,2022-12-02,False
LPG,1972,2023-11-02,False
LPG,1984,2023-11-20,False
LPG,2112,2024-05-24,False
LPG,2115,2024-05-30,False
LPG,2410,2025-08-05,False
LPG,2538,2026-02-06,False
LPG,2545,2026-02-18,False
LPL,1271,2021-01-21,False
LPLA,1114,2020-06-08,False
LPLA,1265,2021-01-12,False
LPLA,1282,2021-02-05,False
LPLA,2226,2024-11-06,False
LPRE,1,2025-04-07,False
LPRO,637,2020-10-02,False
LPRO,707,2021-01-13,False
LPRO,1224,2023-02-02,False
LPRO,1291,2023-05-10,False
LPTH,1241,2020-12-07,False
LPX,1307,2021-03-15,False
LPX,1321,2021-04-05,False
LPX,1892,2023-07-12,False
LQAI,1,2023-11-08,False
LQDA,825,2021-11-03,False
LQDA,1221,2023-06-02,False
LQDA,1233,2023-06-21,False
LQDA,1377,2024-01-17,False
LQDA,1641,2025-02-05,False
LQDA,1849,2025-12-03,False
LQDA,1858,2025-12-16,False
LQDB,1,2021-05-24,False
LQDT,1165,2020-08-19,False
LQDT,1866,2023-06-02,False
LQDT,2251,2024-12-12,False
LQDW,1,2022-08-24,False
LQIG,1,2022-05-13,False
LQPE,1,2025-01-29,False
LQTI,1,2025-02-14,False
LRCU,1,2025-08-20,False
LRCU,5,2025-08-26,False
LRCU,13,2025-09-08,False
LRCU,15,2025-09-10,False
LRCX,1227,2020-11-16,False
LRCX,1238,2020-12-02,False
LRCX,1241,2020-12-07,False
LRCX,2450,2025-10-01,False
LRE,1,2023-09-28,False
LRGC,1,2023-09-21,False
LRGG,1,2024-05-16,False
LRHC,1,2023-10-10,False
LRN,1139,2020-07-14,False
LRND,1,2022-02-09,False
LRNZ,1,2020-03-03,False
LSAK,1257,2020-12-30,False
LSAK,2102,2024-05-10,False
LSAT,1,2020-10-28,False
LSAT,5,2020-11-03,False
LSAT,9,2020-11-09,False
LSAT,14,2020-11-16,False
LSAT,20,2020-11-24,False
LSB,1,2021-08-06,False
LSB,392,2023-03-15,False
LSBCF,1,2021-08-06,False
LSBCF,278,2023-03-15,False
LSCC,1791,2023-02-14,False
LSDIF,1,2023-02-10,False
LSDIF,4,2023-02-15,False
LSE,1,2024-12-20,False
LSE,8,2025-01-02,False
LSEQ,1,2023-12-05,False
LSF,1,2020-09-24,False
LSGR,1,2023-06-30,False
LSH,1,2024-07-01,False
LSPD,500,2021-08-30,False
LSPD,503,2021-09-02,False
LSPD,507,2021-09-09,False
LST,1,2025-01-22,False
LSVD,1,2024-12-19,False
LTAX,1,2026-01-14,False
LTCC,1,2025-10-29,False
LTCH,2,2021-01-05,False
LTCHW,1,2021-01-04,False
LTH,1,2021-10-08,False
LTH,10,2021-10-21,False
LTH,14,2021-10-27,False
LTH,21,2021-11-05,False
LTH,25,2021-11-11,False
LTH,33,2021-11-23,False
LTH,332,2023-02-02,False
LTH,695,2024-07-16,False
LTH,719,2024-08-19,False
LTM,1,2024-07-26,False
LTM,353,2025-12-19,False
LTM,362,2026-01-05,False
LTM,373,2026-01-21,False
LTM,377,2026-01-27,False
LTRN,1,2020-06-12,False
LTRX,1007,2020-01-23,False
LTRX,1145,2020-08-10,False
LTRX,1159,2020-08-28,False
LTRX,1417,2021-09-08,False
LTRX,1460,2021-11-08,False
LTRX,2370,2025-06-26,False
LTTI,1,2025-02-14,False
LU,1,2020-11-02,False
LU,5,2020-11-06,False
LUCD,1,2021-10-15,False
LUCD,203,2022-08-05,False
LUCK,1,2021-04-27,False
LUCY,1,2022-08-16,False
LUCYW,1,2022-08-16,False
LUD,2,2025-02-28,False
LUD,13,2025-03-17,False
LULG,1,2025-11-06,False
LULG,3,2025-11-10,False
LULG,14,2025-11-25,False
LULG,21,2025-12-05,False
LULU,1398,2021-07-23,False
LUMN,1274,2021-01-26,False
LUNG,2,2020-10-05,False
LUNG,12,2020-10-19,False
LUNG,620,2023-03-21,False
LUNL,1,2026-01-14,False
LUNR,1,2021-11-18,False
LUV,1302,2021-03-08,False
LUV,2519,2026-01-09,False
LUXE,1,2021-01-22,False
LUXHQ,1,2022-08-15,False
LVDS,1,2025-07-15,False
LVIG,1,2026-03-11,False
LVLN,1,2025-11-19,False
LVLU,3,2021-11-16,False
LVRO,1,2021-11-02,False
LVWR,1,2020-11-24,False
LVWR-WT,1,2024-12-11,False
LWAY,1930,2023-09-05,False
LXEH,1,2020-10-02,False
LXEO,1,2023-11-03,False
LXEO,18,2023-11-29,False
LXEO,490,2025-10-17,False
LXU,1557,2022-03-10,False
LXU,2561,2026-03-12,False
LXU,2570,2026-03-25,False
LYB,2573,2026-03-30,False
LYEL,1,2021-06-18,False
LYEL,1134,2025-12-22,False
LYFT,971,2023-02-02,False
LYFT,1414,2024-11-07,False
LYG,2305,2025-03-05,False
LYLD,1,2024-07-15,False
LYRA,1,2020-05-04,False
LYTS,1673,2022-08-25,False
LYTS,1675,2022-08-29,False
LYTS,1740,2022-11-30,False
LYTS,1778,2023-01-26,False
LYTS,2423,2025-08-22,False
LYV,2230,2024-11-12,False
LZ,1,2021-07-01,False
LZ,13,2021-07-20,False
LZ,845,2024-11-07,False
LZM,1,2021-12-14,False
LZM,1031,2026-01-23,False
LZM-WT,1,2025-05-13,False
LZMH,1,2025-02-28,False
M,1990,2023-11-29,False
M,1992,2023-12-01,False
M,1998,2023-12-11,False
MAAY,1,2025-11-05,False
MAC,1997,2023-12-08,False
MAC,2001,2023-12-14,False
MACI,1,2024-07-18,False
MACIU,1,2024-06-18,False
MACIW,1,2024-07-18,False
MADE,1,2024-07-19,False
MAGC,2,2024-10-07,False
MAGG,1,2023-08-30,False
MAGH,2,2025-08-13,False
MAGO,1,2025-12-31,False
MAGS,1,2023-04-12,False
MAGS,12,2023-04-27,False
MAGX,1,2024-03-01,False
MAGX,86,2024-07-03,False
MAGX,198,2024-12-11,False
MAGY,1,2025-04-24,False
MAIA,1,2022-07-29,False
MAKX,1,2021-09-30,False
MAMA,1112,2021-03-29,False
MAMA,1892,2024-05-03,False
MAMA,1908,2024-05-28,False
MAMA,2293,2025-12-09,False
MAMB,1,2021-03-25,False
MAMK,1,2025-07-08,False
MAMO,1,2024-04-03,False
MAN,1240,2020-12-04,False
MANE,1,2026-02-05,False
MANE,5,2026-02-11,False
MANE,28,2026-03-17,False
MANH,1282,2021-02-05,False
MANH,1285,2021-02-10,False
MANI,1,2025-09-19,False
MANU,1443,2021-09-27,False
MANU,1680,2022-09-06,False
MANU,1684,2022-09-12,False
MAPP,1,2023-09-15,False
MAR,1240,2020-12-04,False
MARB,1,2020-02-06,False
MARM,1,2024-03-28,False
MARO,1,2024-12-11,False
MARO,4,2024-12-16,False
MARS,1,2026-03-06,False
MARS,8,2026-03-17,False
MARS,14,2026-03-25,False
MART,1,2023-03-01,False
MARU,1,2025-03-04,False
MARW,1,2023-03-01,False
MARZ,1,2021-03-02,False
MAS,2001,2023-12-14,False
MASI,2000,2023-12-13,False
MASI,2018,2024-01-10,False
MASI,2226,2024-11-06,False
MASK,1,2025-01-10,False
MASS,2,2020-12-22,False
MAT,1211,2020-10-23,False
MATE,1,2025-12-18,False
MATE,12,2026-01-06,False
MATV,1223,2020-11-10,False
MATW,1233,2020-11-24,False
MATW,1301,2021-03-05,False
MATX,1563,2022-03-18,False
MATX,2024,2024-01-19,False
MAVF,1,2025-02-25,False
MAX,6,2020-11-05,False
MAX,509,2022-11-04,False
MAX,829,2024-02-15,False
MAX,832,2024-02-21,False
MAXI,2,2022-10-04,False
MAXI,18,2022-10-26,False
MAXI,94,2023-02-15,False
MAXI,295,2023-12-04,False
MAXI,355,2024-03-01,False
MAXI,539,2024-11-21,False
MAXJ,1,2024-07-02,False
MAXN,1,2020-08-27,False
MAYM,1,2025-05-20,False
MAYP,1,2024-05-02,False
MAYS,558,2021-03-01,False
MAYS,1203,2026-02-19,False
MAYT,1,2023-05-02,False
MAYU,1,2024-05-02,False
MAYW,1,2023-05-02,False
MAYZ,1,2021-05-04,False
MAZE,1,2025-01-31,False
MB,1,2025-04-11,False
MBAK,1,2025-11-20,False
MBAV,1,2024-09-24,False
MBAV,185,2025-06-20,False
MBAVU,2,2024-08-02,False
MBAVU,224,2025-06-24,False
MBAVW,1,2024-09-24,False
MBBA,1,2026-01-27,False
MBBB,1,2020-12-03,False
MBC,1,2022-12-12,False
MBC,254,2023-12-14,False
MBCC,1,2021-03-25,False
MBI,1399,2021-07-26,False
MBI,1466,2021-10-28,False
MBIN,768,2020-11-16,False
MBIN,843,2021-03-08,False
MBIN,1538,2023-12-08,False
MBIN,2081,2026-02-10,False
MBINM,1,2022-09-26,False
MBLY,1,2022-10-27,False
MBLY,12,2022-11-11,False
MBND,1,2021-02-05,False
MBNE,1,2022-04-06,False
MBOX,1,2021-05-06,False
MBS,1,2024-02-21,False
MBSF,1,2024-02-29,False
MBSX,1,2025-05-01,False
MBUU,1035,2020-02-13,False
MBVI,1,2025-10-20,False
MBX,1,2024-09-13,False
MC,1253,2020-12-23,False
MC,1891,2023-07-11,False
MC,1897,2023-07-19,False
MCAG,1,2021-12-03,False
MCB,817,2021-02-09,False
MCB,996,2021-10-25,False
MCB,1529,2023-12-07,False
MCBS,642,2021-11-23,False
MCDS,1,2024-08-09,False
MCFT,1787,2023-02-08,False
MCFT,2538,2026-02-06,False
MCGA,1,2025-09-04,False
MCH,1,2022-07-15,False
MCHI,2201,2024-10-02,False
MCHP,1240,2020-12-04,False
MCHPP,1,2025-03-24,False
MCHS,1,2024-01-16,False
MCHS,167,2024-10-02,False
MCHX,1287,2021-02-12,False
MCOW,1,2025-08-29,False
MCRI,2397,2025-07-17,False
MCRP,2,2025-03-10,False
MCS,1302,2021-03-08,False
MCS,1472,2021-11-05,False
MCS,2222,2024-10-31,False
MCTA,1,2025-10-22,False
MCVT,1,2026-03-26,False
MCW,1,2021-06-28,False
MCY,1971,2023-11-01,False
MCY,2044,2024-02-16,False
MD,2473,2025-11-03,False
MDAA,1,2025-10-06,False
MDAI,1,2021-04-07,False
MDAI,508,2023-04-12,False
MDAIW,1,2023-09-12,False
MDB,791,2020-12-10,False
MDB,975,2021-09-03,False
MDBH,1,2023-09-22,False
MDBX,1,2025-08-20,False
MDEV,1,2021-06-24,False
MDGL,1992,2023-12-01,False
MDGL,1994,2023-12-05,False
MDGL,2488,2025-11-24,False
MDIA,1,2020-01-07,False
MDLN,1,2025-12-18,False
MDLN,23,2026-01-22,False
MDLV,1,2023-04-27,False
MDPL,1,2024-03-08,False
MDRX,1494,2021-12-08,False
MDST,1,2024-04-10,False
MDU,2072,2024-03-28,False
MDV,1,2022-02-14,False
MDV,321,2023-05-24,False
MDWD,1270,2021-01-20,False
MDXG,2232,2024-11-14,False
MDXH,1135,2025-08-18,False
MDXH,1140,2025-08-25,False
MDXH,1159,2025-09-22,False
MED,1155,2020-08-05,False
MEDI,1,2022-11-18,False
MEDP,996,2020-07-28,False
MEDP,1895,2024-02-23,False
MEDP,2313,2025-10-23,False
MEDX,1,2023-02-01,False
MEG,1,2020-07-24,False
MEG,7,2020-08-03,False
MEG,16,2020-08-14,False
MEGI,1,2021-10-28,False
MEGL,1,2022-08-08,False
MEHA,1,2025-11-06,False
MEI,1240,2020-12-04,False
MEI,1742,2022-12-02,False
MELI,1153,2020-08-03,False
MELI,1155,2020-08-05,False
MEM,1,2022-07-14,False
MEMA,1,2025-12-18,False
MEME,1,2025-10-09,False
MEME,3,2025-10-13,False
MEMS,1,2024-01-12,False
MEMX,1,2023-01-12,False
MEMY,1,2026-01-21,False
MENS,1,2025-06-18,False
MEOH,1441,2021-09-23,False
MEOH,1449,2021-10-05,False
MEOH,1802,2023-03-02,False
MEOH,2536,2026-02-04,False
MERC,1243,2020-12-09,False
MERC,1247,2020-12-15,False
MESH,1,2026-02-02,False
MESHW,1,2026-02-02,False
MESO,1017,2020-01-17,False
META,1783,2023-02-02,False
META,2034,2024-02-02,False
META,2043,2024-02-15,False
METC,1153,2021-09-02,False
METC,1703,2023-11-09,False
METCB,1,2023-06-20,False
METCI,1,2025-08-04,False
METCZ,1,2024-12-04,False
METD,1,2024-06-06,False
METL,1,2025-09-11,False
METL,8,2025-09-22,False
METL,85,2026-01-12,False
METL,93,2026-01-23,False
METU,1,2024-06-06,False
METU,4,2024-06-11,False
METU,13,2024-06-25,False
METU,20,2024-07-05,False
METV,1,2021-07-01,False
METW,1,2025-06-20,False
MEVO,1,2026-02-20,False
MEVOU,1,2026-01-30,False
MEVOW,1,2026-02-20,False
MEXX,1371,2022-11-23,False
MEXX,2079,2025-09-23,False
MFA,1228,2020-11-17,False
MFA,1233,2020-11-24,False
MFAN,1,2024-01-25,False
MFAO,1,2024-04-25,False
MFC,1240,2020-12-04,False
MFG,1770,2023-01-13,False
MFG,2536,2026-02-04,False
MFG,2539,2026-02-09,False
MFI,1,2024-04-23,False
MFIC,1240,2020-12-04,False
MFIG,1,2025-12-10,False
MFIN,1232,2020-11-23,False
MFIN,1354,2021-05-20,False
MFIN,1563,2022-03-18,False
MFIN,1905,2023-07-31,False
MFMO,1,2025-12-10,False
MFSB,1,2024-12-06,False
MFSG,1,2024-12-06,False
MFSI,1,2024-12-06,False
MFSM,1,2024-12-06,False
MFSV,1,2024-12-06,False
MFUL,1,2021-11-04,False
MFUT,1,2024-05-30,False
MFVL,1,2025-12-10,False
MG,1833,2023-04-17,False
MG,2166,2024-08-13,False
MG,2171,2024-08-20,False
MGA,1233,2020-11-24,False
MGA,1253,2020-12-23,False
MGA,2543,2026-02-13,False
MGAM,1,2022-08-01,False
MGIH,1,2023-04-05,False
MGLD,1,2022-03-08,False
MGM,1240,2020-12-04,False
MGMT,1,2020-12-04,False
MGMT,23,2021-01-07,False
MGMT,45,2021-02-09,False
MGN,1,2025-09-29,False
MGNR,1,2024-02-07,False
MGNX,2029,2024-01-26,False
MGNX,2033,2024-02-01,False
MGNX,2048,2024-02-23,False
MGOV,1,2023-08-04,False
MGPI,1274,2021-01-26,False
MGPI,1280,2021-02-03,False
MGPI,1284,2021-02-09,False
MGRB,1,2020-09-30,False
MGRD,1,2021-07-26,False
MGRE,1,2024-03-28,False
MGRT,2,2025-07-17,False
MGRX,1,2023-03-22,False
MGTX,1617,2024-11-11,False
MGX,1,2024-02-09,False
MGX,423,2025-10-16,False
MGY,823,2021-02-16,False
MGY,836,2021-03-05,False
MGY,2088,2026-03-02,False
MGYR,675,2021-02-26,False
MH,2,2025-07-25,False
MHH,965,2020-01-17,False
MHK,1287,2021-02-12,False
MHK,1294,2021-02-24,False
MHK,2154,2024-07-26,False
MHK,2416,2025-08-13,False
MHLA,1,2026-02-27,False
MHO,1783,2023-02-02,False
MHO,1892,2023-07-12,False
MHO,1904,2023-07-28,False
MHO,2001,2023-12-14,False
MHO,2007,2023-12-22,False
MHO,2416,2025-08-13,False
MHUAF,1,2022-02-17,False
MHY,1,2025-09-19,False
MIAX,2,2025-08-18,False
MIAX,5,2025-08-21,False
MIAX,11,2025-08-29,False
MIAX,16,2025-09-08,False
MICC,1,2025-12-09,False
MICC,5,2025-12-15,False
MICC,44,2026-02-11,False
MID,1,2020-07-16,False
MID,3,2020-07-20,False
MIDE,1,2021-02-25,False
MIG,1,2020-12-04,False
MILK,1,2024-12-19,False
MIMI,3,2025-01-13,False
MIMI,7,2025-01-17,False
MIMI,10,2025-01-23,False
MINN,1,2021-03-15,False
MINO,1,2021-09-10,False
MINV,1,2022-07-14,False
MIR,1,2020-08-21,False
MIR,20,2020-09-18,False
MIR,103,2021-01-19,False
MIR,1080,2024-12-05,False
MIR,1087,2024-12-16,False
MIR,1216,2025-06-25,False
MIRA,1,2023-08-04,False
MIRM,551,2021-09-23,False
MIRM,647,2022-02-09,False
MIRM,652,2022-02-16,False
MIRM,1528,2025-08-15,False
MIRM,1532,2025-08-21,False
MIRM,1543,2025-09-08,False
MIRM,1637,2026-01-22,False
MIRM,1640,2026-01-27,False
MISL,2,2022-10-28,False
MIST,812,2022-07-29,False
MIST,835,2022-08-31,False
MITK,1026,2020-01-31,False
MITN,1,2024-02-07,False
MITP,1,2024-05-21,False
MITQ,1,2021-07-09,False
MITT,1896,2023-07-18,False
MJ,1092,2020-11-24,False
MJ,1139,2021-02-03,False
MJSC,1,2025-09-18,False
MKAM,1,2023-04-13,False
MKDW,1,2023-03-27,False
MKDWW,1,2023-03-27,False
MKLY,1,2025-10-03,False
MKOR,1,2023-07-18,False
MKOR,486,2025-06-24,False
MKOR,636,2026-01-28,False
MKOR,644,2026-02-09,False
MKOR,652,2026-02-20,False
MKOR,655,2026-02-25,False
MKSI,1241,2020-12-07,False
MKSI,1783,2023-02-02,False
MKSI,2008,2023-12-26,False
MKSI,2532,2026-01-29,False
MKSI,2539,2026-02-09,False
MKTN,1,2025-09-26,False
MKTW,1,2020-09-15,False
MKZR,1,2024-05-24,False
MLAA,1,2026-03-20,False
MLAAU,1,2026-01-28,False
MLAAW,1,2026-03-23,False
MLAC,1,2025-02-04,False
MLACR,1,2025-02-04,False
MLACU,1,2024-12-16,False
MLACU,209,2025-10-16,False
MLCI,2428,2025-08-29,False
MLCIL,1,2026-02-03,False
MLCO,2386,2025-07-01,False
MLDR,1,2024-09-11,False
MLEC,1,2021-03-03,False
MLECW,1,2021-03-03,False
MLGO,1,2021-04-14,False
MLI,1473,2021-11-08,False
MLI,1476,2021-11-11,False
MLKN,2387,2025-07-02,False
MLM,1200,2020-10-08,False
MLP,1827,2023-04-14,False
MLP,2010,2024-01-05,False
MLP,2026,2024-01-30,False
MLPA,1233,2020-11-24,False
MLPA,1240,2020-12-04,False
MLPB,353,2020-11-24,False
MLPB,360,2020-12-04,False
MLPD,1,2024-05-09,False
MLPI,1,2025-12-19,False
MLPR,3,2020-06-08,False
MLPR,129,2020-12-04,False
MLPR,251,2021-06-02,False
MLPX,1240,2020-12-04,False
MLR,1824,2023-04-03,False
MLR,2226,2024-11-06,False
MLTX,1,2020-10-21,False
MLTX,594,2023-03-02,False
MLTX,598,2023-03-08,False
MLYS,1,2023-02-10,False
MMA,1,2024-04-01,False
MMATQ,1,2021-06-29,False
MMAX,1,2025-04-02,False
MMCA,1,2021-12-22,False
MMED,1,2026-03-06,False
MMI,1472,2021-11-05,False
MMI,1997,2023-12-08,False
MMI,2001,2023-12-14,False
MMID,1,2025-09-25,False
MMK,1,2026-02-13,False
MMKT,1,2024-09-26,False
MMLG,1,2020-07-23,False
MMLP,1563,2022-03-18,False
MMMA,1,2025-12-17,False
MMSC,1,2021-10-15,False
MMSD,1,2025-05-07,False
MMTX,1,2025-12-16,False
MMYT,1232,2020-11-23,False
MMYT,1465,2021-10-27,False
MMYT,1913,2023-08-10,False
MMYT,2039,2024-02-09,False
MMYT,2044,2024-02-16,False
MMYT,2077,2024-04-05,False
MNBD,1,2022-05-23,False
MNDR,1,2024-04-11,False
MNDY,2,2021-06-14,False
MNDY,6,2021-06-18,False
MNFYY,1,2025-01-17,False
MNKD,1232,2020-11-23,False
MNKD,1740,2022-11-30,False
MNKD,2146,2024-07-16,False
MNOV,1583,2022-04-18,False
MNOV,2472,2025-10-31,False
MNPR,721,2022-10-31,False
MNR,1,2023-10-26,False
MNRS,1,2025-01-31,False
MNRS,105,2025-07-02,False
MNRS,115,2025-07-17,False
MNRS,158,2025-09-17,False
MNRS,171,2025-10-06,False
MNRS,177,2025-10-14,False
MNSO,1,2020-10-16,False
MNSO,729,2023-09-11,False
MNSO,1228,2025-09-08,False
MNTK,1,2021-01-25,False
MNTK,412,2022-09-12,False
MNTN,1,2025-05-22,False
MNTS,1,2020-01-03,False
MNTS,229,2020-11-27,False
MNTSW,1,2020-01-02,False
MNTSW,7,2020-03-20,False
MNVT,1,2026-03-19,False
MNVT,17,2026-04-14,False
MNY,1,2020-12-08,False
MNY,6,2020-12-15,False
MNZL,1,2025-11-20,False
MO,1316,2021-03-26,False
MOB,1,2022-08-26,False
MOB,545,2024-10-25,False
MOBBW,1,2022-08-26,False
MOBQW,1,2021-12-10,False
MOBX,1,2021-08-16,False
MOBXW,2,2021-08-18,False
MOD,2020,2024-01-12,False
MOD,2033,2024-02-01,False
MOD,2043,2024-02-15,False
MOD,2050,2024-02-27,False
MOD,2067,2024-03-21,False
MOD,2415,2025-08-12,False
MODL,1,2022-10-13,False
MOG-A,1233,2020-11-24,False
MOG-A,2534,2026-02-02,False
MOG-A,2547,2026-02-20,False
MOLN,1,2021-06-17,False
MOLN,8,2021-06-28,False
MONDQ,1,2021-03-25,False
MONDQ,1225,2026-03-10,False
MOOD,1,2022-05-20,False
MORN,1219,2020-11-04,False
MOS,1453,2021-10-11,False
MOS,1564,2022-03-21,False
MOS,1568,2022-03-25,False
MOS,1577,2022-04-07,False
MOV,1484,2021-11-23,False
MOVE,1,2021-03-24,False
MP,1,2020-06-23,False
MP,16,2020-07-15,False
MP,20,2020-07-21,False
MP,116,2020-12-04,False
MPAA,1240,2020-12-04,False
MPB,2084,2024-07-23,False
MPB,2086,2024-07-25,False
MPB,2090,2024-07-31,False
MPC,1292,2021-02-22,False
MPC,1532,2022-02-02,False
MPC,1618,2022-06-07,False
MPC,1914,2023-08-11,False
MPC,2075,2024-04-03,False
MPL,1,2025-10-22,False
MPLT,1,2025-10-28,False
MPLX,1240,2020-12-04,False
MPLY,1,2025-05-19,False
MPRO,1,2021-03-25,False
MPT,2307,2025-03-07,False
MPT,2451,2025-10-02,False
MPTI,2,2022-10-05,False
MPTI,4,2022-10-07,False
MPTI,227,2023-08-29,False
MPTI-R,1,2026-02-25,False
MPTI-R,21,2026-03-25,False
MPTI-R-W,1,2026-02-24,False
MPTI-R-W,22,2026-03-25,False
MPTI-WS,1,2025-04-28,False
MPTI-WS,12,2025-05-13,False
MPW,2307,2025-03-07,False
MPW,2451,2025-10-02,False
MPWR,1401,2021-07-28,False
MPWR,1419,2021-08-23,False
MPWR,2001,2023-12-14,False
MQ,1,2021-06-10,False
MQQQ,1,2024-09-04,False
MQQQ,6,2024-09-11,False
MQQQ,12,2024-09-19,False
MRAI,1,2021-10-28,False
MRAL,1,2025-03-10,False
MRAM,1677,2023-06-08,False
MRAM,2332,2026-01-20,False
MRBK,703,2020-12-17,False
MRBK,935,2021-11-18,False
MRBK,1355,2023-08-02,False
MRBK,1435,2023-11-24,False
MRBK,1687,2024-11-25,False
MRCC,1234,2020-11-25,False
MRCP,1,2024-03-04,False
MRCY,2167,2024-08-14,False
MRCY,2520,2026-01-12,False
MRCY,2523,2026-01-15,False
MRIN,2474,2025-12-22,False
MRLN,1,2024-12-03,False
MRM,1,2020-12-30,False
MRM,7,2021-01-08,False
MRNA,496,2020-11-25,False
MRNA,643,2021-06-29,False
MRNA,655,2021-07-16,False
MRNA,667,2021-08-03,False
MRNA,1370,2024-05-20,False
MRNFF,1453,2021-10-11,False
MRNFF,2532,2026-01-29,False
MRNO,1,2024-03-19,False
MRNOW,1,2022-03-15,False
MRNX,1,2026-02-05,False
MRNY,1,2023-10-25,False
MRNY,560,2026-01-20,False
MRP,2,2025-02-07,False
MRSK,1,2020-06-26,False
MRT,1,2021-08-31,False
MRTN,1663,2022-08-11,False
MRTN,2516,2026-01-06,False
MRVI,1,2020-11-23,False
MRVL,1380,2021-06-28,False
MRVL,1491,2021-12-03,False
MRVL,2245,2024-12-04,False
MRVL,2579,2026-04-08,False
MRVU,1,2026-02-12,False
MRVU,9,2026-02-25,False
MRX,1,2024-04-25,False
MRX,20,2024-05-22,False
MRX,23,2024-05-28,False
MS,1251,2020-12-21,False
MS,2226,2024-11-06,False
MS-PQ,1,2024-07-24,False
MSA,2542,2026-02-12,False
MSAI,1,2021-11-17,False
MSAI,329,2023-03-10,False
MSAIW,1,2023-12-20,False
MSB,1205,2020-10-15,False
MSB,1337,2021-04-27,False
MSB,1526,2022-01-25,False
MSB,2195,2024-09-24,False
MSBI,1202,2021-03-04,False
MSBI,1204,2021-03-08,False
MSBIP,1,2022-08-19,False
MSBT,1,2026-04-09,False
MSDD,2,2025-06-12,False
MSDD,6,2025-06-18,False
MSDL,1,2024-01-25,False
MSFD,1,2022-09-08,False
MSFD,23,2022-10-10,False
MSFL,1,2024-03-19,False
MSFL,3,2024-03-21,False
MSFO,1,2023-08-28,False
MSFU,2,2022-09-09,False
MSFW,1,2025-07-25,False
MSFW,5,2025-07-31,False
MSFX,1,2024-01-12,False
MSFX,5,2024-01-19,False
MSFY,1,2023-11-01,False
MSGE,1,2023-04-18,False
MSGE,14,2023-05-05,False
MSGM,1,2021-01-14,False
MSGM,7,2021-01-25,False
MSGR,1,2021-12-10,False
MSGR,6,2021-12-17,False
MSGS,2522,2026-01-14,False
MSGS,2545,2026-02-18,False
MSGY,2,2025-07-09,False
MSIF,1,2023-08-25,False
MSII,1,2025-06-05,False
MSII,3,2025-06-09,False
MSII,17,2025-06-30,False
MSLC,1,2024-12-10,False
MSLE,2527,2026-01-22,False
MSLE,2536,2026-02-04,False
MSM,1227,2020-11-16,False
MSMR,1,2021-11-18,False
MSOO,1,2025-08-14,False
MSOS,1,2020-09-03,False
MSOS,80,2020-12-28,False
MSOS,87,2021-01-07,False
MSOS,91,2021-01-13,False
MSOS,105,2021-02-03,False
MSOS,110,2021-02-10,False
MSOS,1234,2025-08-04,False
MSOX,1,2022-08-25,False
MSPR,1,2020-10-22,False
MSPRW,3,2022-05-27,False
MSPRZ,1,2020-10-22,False
MSS,1,2023-10-06,False
MSSM,1,2024-12-10,False
MSSS,1,2024-03-08,False
MSST,1,2025-11-19,False
MST,1,2025-05-05,False
MST,4,2025-05-08,False
MSTB,1,2020-10-01,False
MSTI,1,2023-09-07,False
MSTK,2,2025-10-27,False
MSTQ,1,2022-03-16,False
MSTQ,3,2022-03-18,False
MSTR,1183,2020-09-15,False
MSTR,1978,2023-11-10,False
MSTR,1993,2023-12-04,False
MSTR,2049,2024-02-26,True
MSTU,1,2024-09-19,False
MSTW,1,2025-07-25,False
MSTX,2,2024-08-19,False
MSTX,4,2024-08-21,False
MSTY,7,2024-03-04,False
MSTY,170,2024-10-24,False
MSTY,179,2024-11-06,False
MSTZ,1,2024-09-19,False
MSW,1,2024-11-25,False
MT,1247,2020-12-15,False
MT,1260,2021-01-05,False
MT,2305,2025-03-05,False
MT,2538,2026-02-06,False
MTA,1006,2020-01-02,False
MTA,1016,2020-01-16,False
MTA,2436,2025-09-11,False
MTA,2442,2025-09-19,False
MTA,2448,2025-09-29,False
MTA,2450,2025-10-01,False
MTA,2453,2025-10-06,False
MTA,2458,2025-10-13,False
MTB-PJ,1,2024-05-08,False
MTBA,1,2023-11-08,False
MTDR,1007,2020-01-03,False
MTDR,1458,2021-10-18,False
MTDR,2557,2026-03-06,False
MTDR,2569,2026-03-24,False
MTDR,2571,2026-03-26,False
MTEK,1,2022-02-03,False
MTEK,515,2024-02-22,False
MTEKW,1,2022-02-03,False
MTEN,1,2024-04-19,False
MTH,1783,2023-02-02,False
MTH,2001,2023-12-14,False
MTRX,1783,2023-02-02,False
MTSI,1264,2021-01-11,False
MTSI,1728,2022-11-11,False
MTSI,1922,2023-08-23,False
MTSI,2495,2025-12-04,False
MTUL,1,2021-02-08,False
MTUL,752,2024-02-02,False
MTW,1269,2021-01-19,False
MTW,1782,2023-02-01,False
MTW,1795,2023-02-21,False
MTW,1801,2023-03-01,False
MTX,1783,2023-02-02,False
MTYY,1,2025-09-24,False
MTZ,1243,2020-12-09,False
MTZ,1252,2020-12-22,False
MTZ,1261,2021-01-06,False
MTZ,2569,2026-03-24,False
MTZ,2580,2026-04-09,False
MU,1238,2020-12-02,False
MU,2067,2024-03-21,False
MU,2073,2024-04-01,False
MU,2128,2024-06-18,False
MU,2437,2025-09-12,False
MU,2450,2025-10-01,True
MU,2473,2025-11-03,False
MUD,1,2024-10-11,False
MUD,13,2024-10-31,False
MUFG,1754,2022-12-20,False
MUFG,1763,2023-01-04,False
MUFG,1770,2023-01-13,False
MULL,1,2024-11-13,False
MULL,7,2024-11-21,False
MULL,151,2025-06-24,False
MULT,1,2025-08-29,False
MUNA,1,2025-08-20,False
MUNB,1,2025-08-20,False
MUNC,1,2025-08-20,False
MUND,1,2025-08-20,False
MUNX,1,2025-10-31,False
MUNY,1,2025-05-23,False
MUR,1568,2022-03-25,False
MUSA,1595,2022-05-04,False
MUSA,1604,2022-05-17,False
MUSE,1,2024-11-19,False
MUSI,1,2021-07-02,False
MUSQ,1,2023-07-10,False
MUU,2,2024-10-14,False
MUU,5,2024-10-17,False
MUU,174,2025-06-24,False
MUX,1362,2021-06-02,False
MUX,2073,2024-04-01,False
MUX,2525,2026-01-20,False
MUZEU,1,2026-01-29,False
MUZEW,1,2026-03-24,False
MVAL,1,2024-04-01,False
MVBF,1063,2021-02-19,False
MVBF,1922,2024-07-22,False
MVBF,2158,2025-07-01,False
MVFD,1,2024-03-08,False
MVFG,1,2024-03-08,False
MVLL,1,2025-03-10,False
MVO,1371,2021-06-15,False
MVO,1384,2021-07-02,False
MVO,1554,2022-03-07,False
MVPA,1,2024-02-01,False
MVPA,6,2024-02-08,False
MVPA,20,2024-02-29,False
MVPA,22,2024-03-04,False
MVPA,29,2024-03-13,False
MVPL,1,2024-02-29,False
MVRL,3,2020-06-08,False
MVRL,122,2020-11-24,False
MVST,424,2020-11-30,False
MVSTW,1,2021-07-27,False
MVV,1227,2020-11-16,False
MVV,1240,2020-12-04,False
MWG,1,2023-04-04,False
MWH,2,2026-02-13,False
MWYN,2,2025-03-17,False
MX,1283,2021-02-08,False
MX,1316,2021-03-26,False
MXC,2083,2024-04-15,False
MXCT,1,2021-08-02,False
MXL,1407,2021-08-05,False
MXL,2402,2025-07-24,False
MYCF,1,2024-09-25,False
MYCG,1,2024-09-25,False
MYCH,1,2024-09-25,False
MYCI,1,2024-09-25,False
MYCJ,1,2024-09-25,False
MYCK,1,2024-09-25,False
MYCL,1,2024-09-25,False
MYCM,1,2024-09-25,False
MYCN,1,2024-09-25,False
MYCO,1,2025-09-18,False
MYE,1242,2020-12-08,False
MYE,1585,2022-04-20,False
MYE,2387,2025-07-02,False
MYFW,571,2020-11-10,False
MYFW,575,2020-11-16,False
MYFW,581,2020-11-24,False
MYFW,590,2020-12-08,False
MYFW,665,2021-03-29,False
MYGN,1276,2021-01-28,False
MYGN,1279,2021-02-02,False
MYHB,1,2026-02-27,False
MYHC,1,2026-02-27,False
MYHD,1,2026-02-27,False
MYHE,1,2026-02-27,False
MYLD,1,2024-01-05,False
MYMF,1,2024-09-25,False
MYMG,1,2024-09-25,False
MYMH,1,2024-09-25,False
MYMI,1,2024-09-25,False
MYMJ,1,2024-09-25,False
MYMK,1,2025-09-18,False
MYND,851,2021-02-16,False
MYPS,1,2020-12-22,False
MYPS,5,2020-12-29,False
MYPS,18,2021-01-19,False
MYPS,991,2024-11-29,False
MYPS,994,2024-12-04,False
MYPSW,2,2020-12-22,False
MYRG,1240,2020-12-04,False
MYRG,1243,2020-12-09,False
MYRG,2239,2024-11-25,False
MYSE,1,2021-08-16,False
MYY,1039,2020-03-09,False
MZTI,1673,2022-08-25,False
MZYX-UN,1,2026-02-26,False
NA,1,2022-07-14,False
NABL,1,2021-07-20,False
NAII,1272,2021-01-26,False
NAK,1903,2023-07-27,False
NAKA,1,2024-06-03,False
NAKAW,1,2024-06-03,False
NAMI,1,2024-12-09,False
NAMI,7,2024-12-17,False
NAMM,1,2025-06-04,False
NAMS,1,2021-02-09,False
NAMS,943,2024-11-06,False
NAMS,1174,2025-10-10,False
NAMSW,1,2021-02-09,False
NANC,1,2023-02-08,False
NAPR,1,2020-04-02,False
NAPR,3,2020-04-06,False
NAT,1689,2022-09-19,False
NAT,2541,2026-02-11,False
NAT,2546,2026-02-19,False
NAT,2552,2026-02-27,False
NAT,2569,2026-03-24,False
NATH,1301,2021-03-08,False
NATH,1685,2022-09-14,False
NATL,1,2023-10-12,False
NATL,7,2023-10-20,False
NATL,597,2026-03-02,False
NATO,1,2024-10-14,False
NATO,18,2024-11-06,False
NATO,21,2024-11-11,False
NAUG,1,2024-08-02,False
NAUT,1,2020-08-10,False
NAUT,22,2020-09-09,False
NAVBQ,2473,2026-04-08,False
NAVI,1283,2021-02-08,False
NAVN,1,2025-10-31,False
NBBK,1,2023-12-29,False
NBCE,1,2023-10-17,False
NBCE,242,2024-10-02,False
NBCM,1,2022-10-25,False
NBCR,1,2024-08-02,False
NBCT,1,2022-04-07,False
NBDS,1,2022-04-08,False
NBFC,1,2024-06-26,False
NBFR,1,2026-02-25,False
NBGX,1,2024-12-20,False
NBHC,2146,2024-07-16,False
NBIE,1,2026-03-10,False
NBIG,1,2025-10-28,False
NBIG,4,2025-10-31,False
NBIL,2,2025-10-09,False
NBIS,1140,2020-07-15,False
NBIS,1169,2020-08-25,False
NBIZ,2,2026-01-26,False
NBJP,1,2024-09-13,False
NBN,2191,2024-10-14,False
NBN,2208,2024-11-06,False
NBN,2505,2026-01-15,False
NBN,2509,2026-01-22,False
NBOS,1,2024-01-30,False
NBP,2,2020-01-22,False
NBR,1008,2020-01-06,False
NBRG,1,2026-03-24,False
NBRGR,1,2026-03-25,False
NBSD,1,2024-06-25,False
NBSM,1,2024-03-22,False
NBST,1,2021-04-30,False
NBTB,2151,2024-07-23,False
NBTR,1,2024-12-19,False
NBTX,1,2020-12-14,False
NBTX,3,2020-12-16,False
NBTX,15,2021-01-05,False
NBXG,1,2021-05-27,False
NC,1234,2020-11-25,False
NC,1242,2020-12-08,False
NC,1580,2022-04-12,False
NCDL,1,2024-01-26,False
NCEL,1,2021-02-01,False
NCEW,1,2024-12-19,False
NCI,1,2024-04-24,False
NCIQ,1,2025-01-23,False
NCL,1,2023-10-20,False
NCLH,1883,2023-06-28,False
NCLH,2226,2024-11-06,False
NCLO,1,2024-12-12,False
NCMI,2169,2024-08-16,False
NCNO,1,2020-07-15,False
NCNO,1088,2024-11-07,False
NCPB,1,2024-03-07,False
NCPLW,1,2022-07-14,False
NCSM,2089,2025-09-10,False
NCT,1,2025-03-31,False
NDAA,1,2024-10-18,False
NDEC,1,2024-12-03,False
NDIA,1,2023-08-21,False
NDIV,1,2022-08-25,False
NDLS,1029,2020-02-05,False
NDLS,1036,2020-02-14,False
NDLS,1305,2021-03-11,False
NDMO,1,2020-08-28,False
NDOW,1,2024-05-15,False
NDVG,1,2021-08-05,False
NE,1,2021-06-10,False
NE,201,2022-03-25,False
NE-WT,1,2024-12-12,False
NE-WTA,1,2024-12-12,False
NEBX,1,2025-09-10,False
NECB,1771,2024-07-16,False
NECB,1776,2024-07-23,False
NEE-P-T,1,2024-10-31,False
NEE-P-U,1,2025-05-21,False
NEE-P-V,1,2026-03-02,False
NEE-P-W,1,2026-03-26,False
NEE-PS,1,2024-06-21,False
NEHI,1,2025-12-04,False
NEHI,4,2025-12-09,False
NELS,1,2025-10-16,False
NEM,2461,2025-10-16,False
NEM,2520,2026-01-12,False
NEM,2528,2026-01-23,False
NEMD,1,2025-08-12,False
NEMG,1,2025-11-18,False
NEN,1520,2022-01-14,False
NEOG,1781,2023-01-31,False
NEOV,4,2020-05-27,False
NEOV,59,2020-08-13,False
NEPH,1341,2021-06-29,False
NERD,262,2020-06-17,False
NERD,274,2020-07-06,False
NESR,896,2021-02-25,False
NESR,903,2021-03-08,False
NESR,2071,2025-10-29,False
NET,480,2021-08-10,False
NET,543,2021-11-08,False
NETG,1,2025-11-18,False
NETG,11,2025-12-03,False
NETG,16,2025-12-10,False
NETX,1,2025-10-09,False
NETX,13,2025-10-27,False
NETZ,1,2022-02-03,False
NETZ,5,2022-02-09,False
NEUP,1,2021-12-17,False
NEWT,1302,2021-03-11,False
NEWT,1361,2021-06-04,False
NEWT,1873,2023-06-20,False
NEWT,2516,2026-01-12,False
NEWT,2519,2026-01-15,False
NEWTH,1,2024-09-18,False
NEWTO,1,2026-02-06,False
NEWZ,1,2024-04-15,False
NEXA,1479,2023-09-15,False
NEXA,2041,2025-12-11,False
NEXA,2048,2025-12-22,False
NEXA,2061,2026-01-12,False
NEXA,2067,2026-01-21,False
NEXA,2070,2026-01-26,False
NEXM,1448,2021-10-04,False
NEXN,1,2021-06-21,False
NEXN,4,2021-06-24,False
NEXN,8,2021-06-30,False
NEXN,14,2021-07-09,False
NEXN,627,2023-12-14,False
NEXN,635,2023-12-27,False
NEXR,1,2022-08-29,False
NEXRW,1,2026-03-30,False
NFBK,2000,2023-12-13,False
NFEB,1,2025-02-04,False
NFGC,1,2020-09-15,False
NFGC,648,2023-04-12,False
NFGC,1260,2025-09-19,False
NFLP,1,2023-10-30,False
NFLU,1,2024-09-30,False
NFLU,15,2024-10-18,False
NFLU,37,2024-11-19,False
NFLW,1,2025-06-20,False
NFLW,3,2025-06-24,False
NFLX,1873,2023-06-13,False
NFLX,2043,2024-02-15,False
NFLX,2235,2024-11-19,False
NFLY,1,2023-08-09,False
NFRX,1,2026-02-02,False
NFXL,1,2024-10-04,False
NFXL,33,2024-11-19,False
NFXS,1,2024-10-04,False
NFXS,340,2026-02-12,False
NG,1020,2020-01-23,False
NG,2447,2025-09-26,False
NG,2450,2025-10-01,False
NG,2460,2025-10-15,False
NGD,1989,2023-11-28,False
NGD,2433,2025-09-08,False
NGD,2443,2025-09-22,False
NGL,2431,2025-09-04,False
NGS,1946,2023-09-27,False
NGS,2070,2024-03-26,False
NGS,2074,2024-04-02,False
NGS,2238,2024-11-22,False
NGVC,1539,2022-02-11,False
NGVC,1553,2022-03-04,False
NGVC,2154,2024-07-26,False
NGVC,2157,2024-07-31,False
NHC,1993,2023-12-04,False
NHC,2146,2024-07-16,False
NHC,2151,2024-07-23,False
NHC,2154,2024-07-26,False
NHIC,1,2025-04-21,False
NHICU,1,2025-03-03,False
NHPBP,1,2021-10-05,False
NHTC,1288,2021-02-16,False
NHYB,1,2025-09-25,False
NHYM,1,2025-01-24,False
NIC,2147,2024-07-17,False
NIC,2151,2024-07-23,False
NIHI,1,2025-09-18,False
NIKL,1,2023-03-23,False
NIKL,706,2026-01-14,False
NIKL,712,2026-01-23,False
NIOBW,3,2023-03-23,False
NIOBW,15,2023-04-11,False
NIOG,1,2025-12-19,False
NIOG,6,2025-12-29,False
NIPG,1,2024-07-29,False
NIQ,1,2025-07-24,False
NITE,1,2024-06-25,False
NIU,427,2020-07-02,False
NIVF,1,2022-03-21,False
NIVFW,2,2022-03-21,False
NIXT,1,2024-09-11,False
NIXXW,1,2021-07-01,False
NJAN,1,2020-01-03,False
NJNK,1,2024-09-06,False
NJR,1227,2020-11-16,False
NJR,1233,2020-11-24,False
NJUL,1,2020-07-02,False
NJUN,1,2024-06-04,False
NKE,1189,2020-09-23,False
NKLR,2,2025-10-08,False
NKSH,2000,2023-12-15,False
NKTR,1012,2020-01-10,False
NKTR,1289,2021-02-17,False
NKTX,1,2020-07-13,False
NL,1617,2022-06-06,False
NL,2072,2024-04-01,False
NLOP,1,2023-10-30,False
NLOP,195,2024-08-08,False
NLR,2120,2024-10-16,False
NLR,2280,2025-06-09,False
NLR,2368,2025-10-14,False
NLSI,1,2025-12-11,False
NLY-PJ,1,2025-08-04,False
NMAI,1,2021-11-23,False
NMAR,1,2025-03-04,False
NMAX,1,2025-04-01,False
NMAY,1,2025-05-02,False
NMB,1,2024-09-11,False
NMBL,1,2025-11-03,False
NMHIW,1,2024-03-12,False
NMM,1240,2020-12-04,False
NMM,1258,2020-12-31,False
NMM,1264,2021-01-11,False
NMM,2057,2024-03-07,False
NMM,2547,2026-02-20,False
NMM,2552,2026-02-27,False
NMP,1,2025-09-04,False
NMR,2032,2024-01-31,False
NMRA,1,2023-09-15,False
NMRA,275,2024-10-17,False
NMRK,747,2020-12-04,False
NMRK,798,2021-02-19,False
NMRK,1917,2025-08-05,False
NMRK,1939,2025-09-05,False
NN,1,2020-11-03,False
NN,1007,2024-11-04,False
NNAVW,1,2021-10-26,False
NNAVW,3,2021-10-28,False
NNBR,1993,2023-12-04,False
NNBR,2007,2023-12-22,False
NNDM,2433,2025-10-13,False
NNE,1,2024-05-09,False
NNEX,1,2025-11-14,False
NNNN,1,2025-02-20,False
NNNN,3,2025-02-24,False
NNNN,7,2025-02-28,False
NNNN,10,2025-03-05,False
NNOV,1,2024-11-04,False
NNOX,1,2020-08-24,False
NOA,1228,2020-11-17,False
NOA,1903,2023-07-27,False
NOAH,1243,2020-12-09,False
NOAH,2387,2025-07-02,False
NODE,1,2025-05-15,False
NODK,1761,2024-03-15,False
NOEM,1,2025-01-17,False
NOEMR,1,2025-01-17,False
NOEMR,7,2025-02-12,False
NOEMR,16,2025-03-18,False
NOEMU,1,2024-11-22,False
NOEMW,1,2025-01-17,False
NOEQ,1,2026-03-24,False
NOG,1908,2023-08-03,False
NOK,2455,2025-10-08,False
NOK,2460,2025-10-15,False
NOK,2466,2025-10-23,False
NOMA,1,2025-11-04,False
NOTE,1,2020-12-08,False
NOTE-WT,2,2024-12-11,False
NOTV,1213,2020-12-02,False
NOTV,1224,2020-12-17,False
NOTV,1833,2023-05-22,False
NOV,1905,2023-07-31,False
NOVM,1,2024-11-19,False
NOVP,1,2024-05-23,False
NOVTU,1,2025-11-10,False
NOVZ,1,2020-11-03,False
NOW,1025,2020-01-30,False
NOWL,1,2025-07-16,False
NOWL,7,2025-07-24,False
NP,1,2025-10-02,False
NPAC,1,2025-06-17,False
NPACU,1,2025-04-25,False
NPB,1,2025-02-18,False
NPCE,2,2021-04-26,False
NPCE,688,2024-01-17,False
NPCE,702,2024-02-06,False
NPCE,905,2024-11-25,False
NPCT,1,2021-04-29,False
NPFD,1,2021-12-17,False
NPFE,1,2026-03-12,False
NPFI,1,2024-03-07,False
NPK,2388,2025-07-03,False
NPK,2535,2026-02-03,False
NPKI,1882,2023-06-27,False
NPKI,1884,2023-06-29,False
NPKI,1946,2023-09-27,False
NPKI,2466,2025-10-23,False
NPKI,2470,2025-10-29,False
NPO,1884,2023-06-29,False
NPWR,1,2021-08-09,False
NPWR-WT,1,2024-12-10,False
NPXYY,1,2024-04-25,False
NPXYY,3,2024-04-29,False
NRC,2524,2026-01-16,False
NRDS,1,2021-11-05,False
NRDS,9,2021-11-17,False
NRDS,329,2023-02-28,False
NRDS,1019,2025-11-26,False
NRDS,1022,2025-12-02,False
NRDY,1,2020-11-30,False
NRDY,10,2020-12-11,False
NRDY,549,2023-02-03,False
NREF,1,2020-02-10,False
NRES,1,2024-02-28,False
NRG,1980,2023-11-14,False
NRG,2065,2024-03-19,False
NRG,2073,2024-04-01,False
NRGD,1,2025-02-21,False
NRGD,7,2025-03-03,False
NRGU,1,2025-02-21,False
NRGV,1,2021-03-30,False
NRIM,1302,2021-03-08,False
NRIM,1993,2023-12-04,False
NRIM,2232,2024-11-14,False
NRIX,1,2020-07-27,False
NRKBY,1,2023-03-15,False
NRP,1227,2020-11-16,False
NRP,1453,2021-10-11,False
NRP,1460,2021-10-20,False
NRP,1909,2023-08-04,False
NRP,2015,2024-01-05,False
NRSH,1,2023-12-01,False
NRSN,1,2021-12-10,False
NRSN,871,2025-06-02,False
NRSNW,1,2021-12-10,False
NRT,1341,2021-05-03,False
NRT,1389,2021-07-12,False
NRT,2522,2026-01-14,False
NRXS,1,2023-08-10,False
NRXS,548,2025-10-15,False
NSA,2001,2023-12-14,False
NSA,2563,2026-03-16,False
NSA-PB,1,2024-08-01,False
NSA-PB,3,2024-08-05,False
NSA-PB,415,2026-03-27,False
NSCI,1,2025-09-25,False
NSCR,1,2024-03-06,False
NSEP,1,2024-09-04,False
NSI,1,2023-12-08,False
NSIT,1227,2020-11-16,False
NSP,1222,2020-11-09,False
NSRX,2,2025-08-14,False
NSRX,4,2025-08-18,False
NSSC,1304,2021-03-10,False
NSSC,1664,2022-08-12,False
NSSC,1785,2023-02-06,False
NSSC,2035,2024-02-05,False
NSSC,2113,2024-05-28,False
NSSC,2425,2025-08-26,False
NSSC,2438,2025-09-15,False
NSTS,1,2022-01-20,False
NSYS,1739,2022-11-29,False
NSYS,2079,2024-04-09,False
NTBLQ,1245,2020-12-11,False
NTBLQ,1257,2020-12-30,False
NTBLQ,1272,2021-01-22,False
NTBLQ,1578,2022-04-08,False
NTBLQ,2582,2026-04-14,False
NTCL,1,2024-12-13,False
NTCL,5,2024-12-19,False
NTCL,11,2024-12-30,False
NTCT,1263,2021-01-08,False
NTES,1273,2021-01-25,False
NTGR,2187,2024-09-12,False
NTHI,1,2025-03-27,False
NTIC,1209,2021-01-26,False
NTIP,1195,2020-10-01,False
NTIP,1199,2020-10-07,False
NTNX,1062,2020-12-18,False
NTNX,1188,2021-06-22,False
NTNX,1837,2024-01-22,False
NTNX,1855,2024-02-15,False
NTR,1061,2022-03-21,False
NTR,2058,2026-03-12,False
NTRA,1243,2020-12-09,False
NTRA,1269,2021-01-19,False
NTRA,2488,2025-11-24,False
NTRBW,1,2021-10-04,False
NTRS,2387,2025-07-02,False
NTSE,1,2021-05-21,False
NTSI,1,2021-05-21,False
NTSK,1,2025-09-18,False
NTST,1,2020-08-14,False
NTWK,2404,2025-07-28,False
NTWO,1,2024-12-30,False
NTWOU,1,2024-11-04,False
NTWOW,1,2025-04-29,False
NU,1,2021-12-10,False
NU,362,2023-05-19,False
NU,374,2023-06-07,False
NUAI,1,2022-01-07,False
NUCLW,2,2026-02-25,False
NUDV,1,2021-09-29,False
NUE,1316,2021-03-26,False
NUE,1345,2021-05-07,False
NUE,1568,2022-03-25,False
NUG,1,2025-11-18,False
NUGO,1,2021-09-29,False
NUGT,2428,2025-08-29,False
NUGT,2433,2025-09-08,False
NUGT,2442,2025-09-19,False
NUGT,2450,2025-10-01,False
NUGY,1,2025-11-19,False
NUKKW,1,2023-12-22,False
NUKZ,1,2024-01-25,False
NUKZ,37,2024-03-18,False
NUKZ,184,2024-10-16,False
NUKZ,200,2024-11-07,False
NUMI,1,2025-01-24,False
NUSB,1,2024-03-07,False
NUTR,3,2025-08-20,False
NUTR,6,2025-08-25,False
NUTR,9,2025-08-28,False
NUTR,16,2025-09-09,False
NUTR,19,2025-09-12,False
NUTR,23,2025-09-18,False
NUTR,28,2025-09-25,False
NUVB,1,2020-08-26,False
NUVB,5,2020-09-01,False
NUVB,11,2020-09-10,False
NUVB-WS,1,2021-02-09,False
NUVB-WS,20,2021-03-09,False
NUVL,2,2021-08-02,False
NUVL,12,2021-08-16,False
NUVL,787,2024-09-16,False
NUVL,1068,2025-10-29,False
NVA,2,2024-07-26,False
NVA,11,2024-08-09,False
NVAWW,1,2024-07-25,False
NVBT,1,2022-11-02,False
NVBU,1,2024-11-04,False
NVBW,1,2022-11-02,False
NVCR,1201,2020-10-09,False
NVCT,1,2022-02-07,False
NVCT,246,2023-01-30,False
NVCT,254,2023-02-09,False
NVD,1,2023-08-23,False
NVD,12,2023-09-08,False
NVD,21,2023-09-21,False
NVDA,1037,2020-02-18,False
NVDA,1167,2020-08-21,False
NVDA,1175,2020-09-02,False
NVDA,1380,2021-06-28,False
NVDA,1471,2021-11-04,False
NVDA,1481,2021-11-18,False
NVDA,1797,2023-02-23,False
NVDA,1861,2023-05-25,False
NVDA,2035,2024-02-05,False
NVDA,2047,2024-02-22,False
NVDA,2054,2024-03-04,False
NVDA,2057,2024-03-07,False
NVDA,2068,2024-03-22,False
NVDA,2125,2024-06-13,False
NVDB,1,2025-09-11,False
NVDB,14,2025-09-30,False
NVDD,1,2023-09-14,False
NVDD,6,2023-09-21,False
NVDG,1,2024-12-06,False
NVDL,1,2022-12-14,False
NVDL,275,2024-01-19,False
NVDO,1,2025-08-14,False
NVDQ,1,2023-10-20,False
NVDQ,5,2023-10-26,False
NVDS,1,2022-07-15,False
NVDU,1,2023-09-14,False
NVDU,88,2024-01-19,False
NVDU,99,2024-02-05,False
NVDW,1,2025-02-20,False
NVDW,100,2025-07-15,False
NVDX,3,2023-10-24,False
NVDX,10,2023-11-02,False
NVDX,73,2024-02-05,False
NVDY,1,2023-05-12,False
NVDY,5,2023-05-18,False
NVDY,10,2023-05-25,False
NVDY,196,2024-02-22,False
NVEC,1271,2021-01-21,False
NVEC,1724,2022-11-07,False
NVGS,1566,2022-03-23,False
NVII,1,2025-05-29,False
NVII,19,2025-06-25,False
NVIR,1,2023-02-23,False
NVIT,1,2025-11-19,False
NVMI,1264,2021-01-11,False
NVMI,1480,2021-11-17,False
NVMI,2043,2024-02-15,False
NVMI,2054,2024-03-04,False
NVMI,2532,2026-01-29,False
NVMZ,1,2020-11-02,False
NVNI,1,2021-12-30,False
NVNIW,1,2022-01-03,False
NVNO,1052,2022-08-04,False
NVNO,1067,2022-08-25,False
NVO,1407,2021-08-05,False
NVOH,2,2025-01-10,False
NVOH,11,2025-01-24,False
NVOX,1,2024-12-04,False
NVRI,2282,2025-01-30,False
NVRI,2431,2025-09-04,False
NVRI,2487,2025-11-21,False
NVS,1839,2023-04-25,False
NVST,1605,2026-02-06,False
NVT,1321,2023-07-18,False
NVT,1833,2025-08-01,False
NVTS,1,2021-01-26,False
NVTS,10,2021-02-08,False
NVTS,201,2021-11-09,False
NVTX,1,2025-09-09,False
NVTX,3,2025-09-11,False
NVVE,1,2020-05-04,False
NVVEW,1,2020-05-01,False
NVX,1,2022-02-03,False
NVYY,1,2025-05-14,False
NWAX-U,1,2025-12-10,False
NWAX-UN,1,2025-12-05,False
NWAX-WS,1,2026-01-27,False
NWBI,2151,2024-07-23,False
NWFL,1724,2022-12-09,False
NWG,1227,2020-11-16,False
NWGL,1,2023-09-13,False
NWL,1280,2021-02-03,False
NWLG,1,2021-08-06,False
NWPX,2169,2024-08-16,False
NWPX,2174,2024-08-23,False
NWS,1285,2021-02-12,False
NWS,1302,2021-03-10,False
NWSA,1304,2021-03-10,False
NWTG,1,2023-08-16,False
NX,1864,2023-06-02,False
NX,2536,2026-02-06,False
NXDR,1,2021-11-09,False
NXDT,1262,2021-01-07,False
NXE,1936,2023-09-14,False
NXE,1943,2023-09-25,False
NXE,2441,2025-09-19,False
NXG,2242,2024-11-29,False
NXGL,1,2021-12-23,False
NXL,1,2022-09-19,False
NXPI,1896,2023-07-18,False
NXPL,1081,2020-04-21,False
NXPLW,1,2021-06-01,False
NXT,1,2023-02-10,False
NXT,4,2023-02-15,False
NXT,14,2023-03-02,False
NXT,687,2025-11-05,False
NXTC,1210,2024-02-29,False
NXTC,1613,2025-10-08,False
NXTE,1,2022-09-30,False
NXTE,3,2022-10-04,False
NXTI,1,2024-04-17,False
NXTT,1,2020-07-29,False
NXUS,1,2025-09-25,False
NXXT,1,2021-09-16,False
NYAX,1,2022-09-22,False
NYAX,628,2025-07-01,False
NYAX,761,2026-01-09,False
NYC,1,2020-08-19,False
NYC,199,2021-06-03,False
NYC,206,2021-06-14,False
NYC,1129,2025-02-14,False
NYM,1,2025-11-11,False
NYT,1740,2022-11-30,False
NYXH,1,2021-04-29,False
NYXH,46,2021-07-02,False
NZUS,1,2022-04-19,False
OABI,1,2021-10-01,False
OABI,568,2024-01-04,False
OACC,1,2024-12-17,False
OACCU,1,2024-10-25,False
OACCW,2,2024-12-18,False
OACP,1,2022-04-01,False
OAEM,1,2022-09-16,False
OAIM,1,2022-09-16,False
OAIM,13,2022-10-04,False
OAKG,1,2025-12-12,False
OAKI,1,2025-12-12,False
OAKM,1,2024-12-04,False
OAKU,2,2023-05-22,False
OAKUR,2,2023-05-22,False
OALC,1,2021-11-16,False
OARK,1,2022-11-25,False
OASC,1,2024-06-14,False
OASC,18,2024-07-11,False
OASC,21,2024-07-16,False
OBAI,1,2026-02-05,False
OBE,1244,2020-12-10,False
OBE,1521,2022-01-18,False
OBE,1531,2022-02-01,False
OBE,1541,2022-02-15,False
OBE,2539,2026-02-09,False
OBIL,1,2022-11-16,False
OBIO,2,2020-08-06,False
OBIO,624,2023-01-26,False
OBK,1010,2021-03-08,False
OBK,1019,2021-03-19,False
OBND,1,2021-09-29,False
OBT,1903,2023-07-27,False
OBT,1910,2023-08-07,False
OBT,2538,2026-02-06,False
OCC,1453,2021-12-08,False
OCCI,543,2020-12-02,False
OCCI,553,2020-12-16,False
OCCI,610,2021-03-11,False
OCCI,613,2021-03-16,False
OCG,2,2020-12-17,False
OCS,1,2021-05-19,False
OCS,10,2021-06-02,False
OCS,862,2024-10-21,False
OCS,871,2024-11-01,False
OCS,1173,2026-01-20,False
OCSAW,1,2021-05-17,False
OCTB,1,2025-10-15,False
OCTH,1,2023-10-03,False
OCTJ,1,2023-10-03,False
OCTM,1,2024-10-22,False
OCTP,1,2024-05-20,False
OCTT,1,2020-10-02,False
OCTU,1,2024-10-02,False
OCTW,1,2020-10-02,False
OCTZ,1,2020-10-02,False
ODC,1888,2023-07-07,False
ODC,2379,2025-06-23,False
ODD,2,2023-07-21,False
ODD,11,2023-08-03,False
ODDS,1,2022-04-11,False
ODFL,1902,2023-07-26,False
ODFL,2516,2026-01-06,False
ODHY,1,2025-07-01,False
ODTE,1,2026-04-02,False
OEC,1794,2023-02-17,False
OEC,2007,2023-12-22,False
OEC,2541,2026-02-11,False
OEI,1,2025-10-23,False
OESX,1174,2020-09-01,False
OESX,1184,2020-09-16,False
OFAL,1,2025-05-22,False
OFAL,3,2025-05-27,False
OFG,1899,2023-07-21,False
OFG,2151,2024-07-23,False
OFIX,1220,2020-11-05,False
OFRM,1,2026-02-06,False
OFRM,7,2026-02-17,False
OFS,1231,2020-11-20,False
OFS,1238,2020-12-02,False
OFS,1318,2021-03-30,False
OFSSO,1,2025-07-25,False
OGC,1553,2022-03-04,False
OGC,1581,2022-04-13,False
OGC,2359,2025-05-21,False
OGC,2369,2025-06-05,False
OGC,2433,2025-09-08,False
OGC,2443,2025-09-22,False
OGC,2453,2025-10-06,False
OGC,2461,2025-10-16,False
OGC,2520,2026-01-12,False
OGI,2369,2025-06-11,False
OGN,2,2021-05-18,False
OGN,201,2022-03-02,False
OGSP,1,2024-04-11,False
OHI,1239,2020-12-03,False
OI,1344,2021-05-06,False
OI,1782,2023-02-01,False
OIH,1240,2020-12-04,False
OIH,1554,2022-03-07,False
OII,1362,2021-06-02,False
OII,1778,2023-01-26,False
OII,2546,2026-02-19,False
OILD,1,2021-11-10,False
OILD,8,2021-11-19,False
OILK,1115,2021-03-05,False
OILK,1365,2022-03-02,False
OILK,1368,2022-03-07,False
OILK,2371,2026-03-06,False
OILK,2375,2026-03-12,False
OILK,2379,2026-03-18,False
OILT,1,2023-12-22,False
OILU,1,2021-11-12,False
OILU,599,2024-04-03,False
OIM,1,2026-03-10,False
OIMAU,1,2026-01-15,False
OIMAW,1,2026-03-10,False
OIO,1,2026-03-06,False
OIO,3,2026-03-10,False
OIOWW,1,2026-02-19,False
OIS,2535,2026-02-03,False
OIS,2546,2026-02-19,False
OKE,1239,2020-12-03,False
OKLL,1,2025-06-25,False
OKLO,1,2021-07-09,False
OKLS,1,2025-11-28,False
OKTA,791,2020-06-01,False
OKTA,1995,2025-03-17,False
OKTG,1,2025-11-18,False
OKTG,11,2025-12-03,False
OKTG,16,2025-12-10,False
OKUR,1,2021-04-09,False
OKYO,1,2022-05-18,False
OLED,2138,2024-07-03,False
OLED,2146,2024-07-16,False
OLLI,1114,2020-06-08,False
OLLI,1122,2020-06-18,False
OLLI,2127,2024-06-17,False
OLMA,2,2020-11-23,False
OLMA,7,2020-12-01,False
OLN,1218,2020-11-03,False
OLN,1220,2020-11-05,False
OLN,1233,2020-11-24,False
OLN,1310,2021-03-18,False
OLP,1247,2020-12-15,False
OLPX,1,2021-10-01,False
OLPX,3,2021-10-05,False
OLPX,15,2021-10-21,False
OM,1,2020-09-16,False
OMAB,1537,2022-02-09,False
OMAB,1731,2022-11-16,False
OMAH,1,2025-03-06,False
OMC,1537,2022-02-09,False
OMCL,1215,2020-10-29,False
OMCL,1223,2020-11-10,False
OMCL,1243,2020-12-09,False
OMDA,1,2025-06-06,False
OMER,1246,2020-12-14,False
OMER,1280,2021-02-03,False
OMER,1291,2021-02-19,False
OMF,1267,2021-01-14,False
OMF,2001,2023-12-14,False
OMFS,499,2020-11-24,False
OMFS,506,2020-12-04,False
OMFS,549,2021-02-08,False
OMH,1,2023-03-22,False
OMH,14,2023-04-11,False
OMSE,1,2025-05-14,False
OMSE,4,2025-05-19,False
ON,1262,2021-01-07,False
ON,1267,2021-01-14,False
ON,1283,2021-02-08,False
ONC,1118,2020-07-14,False
ONC,2165,2024-09-11,False
ONCH,1,2025-09-15,False
ONCO,1,2022-02-22,False
OND,1,2021-10-27,False
ONDG,1,2026-01-13,False
ONDL,1,2025-12-31,False
ONDS,1277,2025-08-22,True
ONDU,1,2026-01-14,False
ONEG,1,2024-12-31,False
ONEH,1,2026-01-30,False
ONEW,1,2020-02-10,False
ONEW,4,2020-02-13,False
ONEW,221,2020-12-22,False
ONEW,970,2023-12-14,False
ONEW,977,2023-12-26,False
ONEZ,1,2025-01-28,False
ONFO,1,2022-08-25,False
ONFOW,1,2022-08-29,False
ONIT,1473,2021-11-08,False
ONL,3,2021-11-10,False
ONLN,496,2020-07-06,False
ONLN,499,2020-07-09,False
ONLN,516,2020-08-03,False
ONLN,518,2020-08-05,False
ONMD,1,2021-06-25,False
ONMDW,1,2023-11-07,False
ONOF,1,2021-01-14,False
ONON,2,2021-09-17,False
ONON,679,2024-05-29,False
ONTF,1,2021-02-04,False
ONTF,4,2021-02-09,False
ONTO,1233,2020-11-24,False
ONTO,1241,2020-12-07,False
ONTO,1262,2021-01-07,False
ONTO,1267,2021-01-14,False
ONTO,1869,2023-06-07,False
ONTO,2523,2026-01-15,False
OOMA,2246,2024-12-05,False
OOQB,1,2025-02-20,False
OOSB,1,2025-02-20,False
OOSP,1,2024-04-11,False
OPAD,1,2020-12-14,False
OPAL,1,2021-05-25,False
OPBK,1079,2021-03-08,False
OPBK,1247,2021-11-03,False
OPBK,1256,2021-11-16,False
OPBK,1261,2021-11-23,False
OPBK,1931,2024-07-26,False
OPBK,2003,2024-11-06,False
OPBK,2015,2024-11-22,False
OPCH,1426,2021-09-01,False
OPEG,1,2025-12-12,False
OPEN,3,2020-06-23,False
OPEN,19,2020-07-16,False
OPEN,782,2023-07-28,False
OPENL,2,2025-11-26,False
OPENW,1,2025-11-25,False
OPENW,3,2025-11-28,False
OPENZ,1,2025-11-25,False
OPEX,1,2025-10-24,False
OPFI,1,2020-11-23,False
OPFI,762,2023-12-04,False
OPFI,1004,2024-11-19,False
OPFI-WS,1,2021-07-19,False
OPFI-WS,253,2024-11-19,False
OPFI-WT,1,2024-12-10,False
OPHC,1801,2023-12-15,False
OPHC,1806,2023-12-22,False
OPHC,1817,2024-01-10,False
OPP-PC,1,2024-12-06,False
OPRA,644,2021-02-18,False
OPRA,1133,2023-01-27,False
OPRA,1142,2023-02-09,False
OPRT,1354,2025-02-14,False
OPRX,1104,2020-08-24,False
OPRX,1109,2020-08-31,False
OPRX,1206,2021-01-20,False
OPRX,1209,2021-01-25,False
OPRX,1217,2021-02-04,False
OPRX,1953,2024-01-09,False
OPTEY,1015,2024-08-30,False
OPTEY,1026,2024-09-17,False
OPTEY,1032,2024-09-25,False
OPTU,862,2020-11-23,False
OPTX,1,2022-01-27,False
OPTXW,1,2023-11-07,False
OPTZ,1,2024-04-24,False
OPXS,1384,2021-09-23,False
OPXS,1918,2024-01-02,False
OPXS,2259,2025-05-13,False
OPXS,2268,2025-05-27,False
OPXS,2278,2025-06-10,False
OPXS,2290,2025-06-27,False
OPY,1741,2022-12-01,False
OPY,2153,2024-07-25,False
OR,1351,2021-05-17,False
OR,2433,2025-09-08,False
OR,2449,2025-09-30,False
OR,2521,2026-01-13,False
OR,2525,2026-01-20,False
ORBS,1,2022-05-19,False
ORCL,1872,2023-06-12,False
ORCL,2206,2024-10-09,False
ORCL,2388,2025-07-03,False
ORCL,2396,2025-07-16,False
ORCS,2,2025-11-21,False
ORCU,1,2025-11-20,False
ORCX,1,2025-02-10,False
ORCX,6,2025-02-18,False
ORCX,108,2025-07-16,False
ORGN,1,2020-09-08,False
ORGN,111,2021-02-16,False
ORGNW,1,2020-09-08,False
ORIC,1,2020-04-27,False
ORIC,10,2020-05-08,False
ORIQ,1,2025-09-10,False
ORIS,1,2024-10-18,False
ORKA,2574,2026-03-31,False
ORKT,1,2024-07-26,False
ORLA,2029,2025-03-17,False
ORLG,1,2026-01-16,False
ORLG,3,2026-01-21,False
ORMP,1365,2021-06-07,False
ORN,1904,2023-07-28,False
ORN,2354,2025-05-14,False
ORN,2370,2025-06-06,False
ORO,1,2025-10-20,False
ORRF,1318,2021-03-30,False
ORRF,2001,2023-12-14,False
ORRF,2153,2024-07-25,False
OS,2,2024-07-26,False
OS,16,2024-08-15,False
OS,42,2024-09-23,False
OSBC,1302,2021-03-08,False
OSCG,2,2025-11-07,False
OSCR,1,2021-03-04,False
OSCR,5,2021-03-10,False
OSCR,365,2022-08-12,False
OSCR,728,2024-01-24,True
OSCX,2,2025-09-29,False
OSEA,1,2022-09-09,False
OSG,1473,2021-11-08,False
OSG,1629,2022-06-23,False
OSG,1997,2023-12-08,False
OSK,1294,2021-02-24,False
OSK,2387,2025-07-02,False
OSK,2410,2025-08-05,False
OSK,2536,2026-02-04,False
OSPN,1143,2020-07-20,False
OSPN,1153,2020-08-03,False
OSPN,1801,2023-03-01,False
OSRH,1,2023-03-20,False
OSRHW,1,2025-02-19,False
OST,1,2022-04-28,False
OSTX,1,2024-08-02,False
OTF,1,2025-06-13,False
OTGA,1,2025-11-04,False
OTGL,1,2025-07-15,False
OTH,1,2025-11-14,False
OTIS,1,2020-03-20,False
OTLK,1123,2020-12-09,False
OTLK,1738,2023-05-22,False
OTLY,1,2021-05-21,False
OTLY,7,2021-06-01,False
OTLY,12,2021-06-08,False
OUNZ,2531,2026-01-28,False
OUST,1,2020-10-12,False
OUST,51,2020-12-22,False
OUSTZ,2,2024-12-23,False
OVID,1438,2023-01-23,False
OVID,1442,2023-01-27,False
OVLH,1,2021-01-19,False
OVT,1,2021-01-19,False
OVV,1297,2021-03-01,False
OVV,1452,2021-10-08,False
OWL,1,2020-12-15,False
OWL,4,2020-12-18,False
OWL,8,2020-12-24,False
OWL,118,2021-06-04,False
OWL,967,2024-10-18,False
OWLS,1,2025-10-17,False
OWLT,1,2020-11-06,False
OWLT,1277,2025-12-08,False
OWNB,1,2025-03-12,False
OWNS,1,2021-07-28,False
OXBR,1473,2021-12-23,False
OXLC,1239,2020-12-03,False
OXLC,1783,2023-02-02,False
OXLCG,1,2025-03-03,False
OXLCI,1,2024-07-10,False
OXLCN,1,2022-06-13,False
OXSQ,1315,2021-03-25,False
OXSQ,1322,2021-04-06,False
OXSQH,1,2025-08-13,False
OXY,2553,2026-03-02,False
OXY-WT,1,2020-08-25,False
OXY-WT,296,2021-10-26,False
OYSE,2,2025-07-14,False
OYSEU,1,2025-05-23,False
OZEM,1,2024-05-22,False
OZK,1273,2021-01-25,False
OZK,2001,2023-12-14,False
PAA,1240,2020-12-04,False
PAA,1366,2021-06-08,False
PAAA,1,2023-07-27,False
PAAS,2079,2024-04-09,False
PAB,1,2021-04-16,False
PABD,1,2024-01-22,False
PABU,1,2022-04-21,False
PAC,1015,2020-01-15,False
PAC,1227,2020-11-16,False
PACH,2,2025-08-18,False
PACK,634,2020-09-11,False
PACK,715,2021-01-07,False
PACK,725,2021-01-22,False
PACK,734,2021-02-04,False
PACS,1,2024-04-12,False
PACS,24,2024-05-15,False
PACS,31,2024-05-24,False
PAGP,1240,2020-12-04,False
PAGP,1366,2021-06-08,False
PAGS,730,2020-12-16,False
PAGS,752,2021-01-20,False
PAGS,1491,2023-12-27,False
PAGS,1498,2024-01-08,False
PAHC,2093,2024-04-29,False
PAII,2,2025-09-11,False
PAII-U,1,2025-07-21,False
PAII-WS,1,2025-09-11,False
PAL,1,2024-05-10,False
PAL,46,2024-07-17,False
PAL,53,2024-07-26,False
PAL,55,2024-07-30,False
PALC,1,2020-06-26,False
PALD,1,2025-03-27,False
PALD,7,2025-04-04,False
PALD,229,2026-02-24,False
PALL,1017,2020-01-17,False
PALL,1038,2020-02-19,False
PALL,1551,2022-03-02,False
PALL,2460,2025-10-15,False
PALOU,1,2026-02-20,False
PALU,1,2025-03-27,False
PAM,2192,2024-09-19,False
PAM,2232,2024-11-14,False
PAM,2234,2024-11-18,False
PAMC,1,2020-06-26,False
PAMC,13,2020-07-15,False
PAMT,1186,2020-09-18,False
PAMT,1267,2021-01-14,False
PAMT,1437,2021-09-17,False
PAMT,1457,2021-10-15,False
PANG,2,2025-03-25,False
PANL,1351,2021-06-23,False
PANL,1973,2023-12-12,False
PANW,1250,2020-12-18,False
PANW,1875,2023-06-15,False
PAPI,1,2023-10-20,False
PAPL,1,2023-11-02,False
PAR,1174,2020-09-01,False
PAR,1183,2020-09-15,False
PAR,1247,2020-12-15,False
PAR,1783,2023-02-02,False
PAR,1930,2023-09-05,False
PARK,1,2025-12-04,False
PARR,1900,2023-07-24,False
PARR,1912,2023-08-09,False
PARR,2388,2025-07-03,False
PARR,2392,2025-07-10,False
PARR,2567,2026-03-20,False
PASG,1,2020-03-02,False
PASG,193,2020-12-02,False
PASG,203,2020-12-16,False
PASW,1,2025-07-21,False
PATH,1,2021-04-22,False
PATH,668,2023-12-14,False
PATK,2004,2023-12-19,False
PATK,2526,2026-01-21,False
PATN,1,2024-09-18,False
PATX,1,2026-01-14,False
PAVM,808,2020-01-09,False
PAX,1,2021-01-25,False
PAX,8,2021-02-03,False
PAX,11,2021-02-08,False
PAXS,1,2022-01-28,False
PAY,2,2021-05-28,False
PAYC,1219,2020-11-04,False
PAYC,1406,2021-08-04,False
PAYC,1419,2021-08-23,False
PAYH,1,2025-12-31,False
PAYO,1,2020-10-19,False
PAYO,64,2021-01-20,False
PAYO,1019,2024-11-05,False
PAYO,1029,2024-11-19,False
PAYP,1,2026-03-13,False
PAYR,1,2025-10-09,False
PBAP,1,2024-04-02,False
PBAU,1,2024-05-13,False
PBD,1155,2020-08-05,False
PBD,1253,2020-12-23,False
PBD,1262,2021-01-07,False
PBDC,2,2022-10-04,False
PBDE,1,2024-05-28,False
PBEE,1,2021-04-22,False
PBEE,4,2021-04-27,False
PBEU,1,2025-11-26,False
PBF,2446,2025-09-25,False
PBFB,1,2024-02-02,False
PBFR,1,2024-06-14,False
PBFS,333,2020-11-10,False
PBHC,1298,2022-03-31,False
PBI,2096,2024-05-02,False
PBJA,1,2024-01-03,False
PBJL,1,2024-05-09,False
PBJN,1,2024-06-04,False
PBL,1,2022-12-15,False
PBM,1,2021-12-13,False
PBM,245,2023-11-22,False
PBMR,1,2024-03-04,False
PBMWW,1,2024-01-23,False
PBMY,1,2024-05-02,False
PBNV,1,2024-05-23,False
PBOC,1,2024-05-20,False
PBOG,1,2025-11-26,False
PBOG,64,2026-03-02,False
PBOT,1,2025-10-17,False
PBPH,1,2025-11-26,False
PBQQ,1,2025-01-03,False
PBR,1244,2020-12-10,False
PBR,1360,2021-05-28,False
PBR,1362,2021-06-02,False
PBR,1527,2022-01-26,False
PBR,1671,2022-08-23,False
PBR,1871,2023-06-09,False
PBR,1874,2023-06-14,False
PBR,1878,2023-06-21,False
PBR,2546,2026-02-19,False
PBR,2549,2026-02-24,False
PBR,2553,2026-03-02,False
PBR,2558,2026-03-09,False
PBR,2560,2026-03-11,False
PBR,2572,2026-03-27,False
PBR,2581,2026-04-10,False
PBRG,1,2025-12-19,False
PBRG,7,2025-12-30,False
PBRG,17,2026-01-14,False
PBRG,21,2026-01-21,False
PBRG,67,2026-03-27,False
PBSE,1,2024-05-16,False
PBT,1248,2020-12-16,False
PBT,1288,2021-02-16,False
PBT,1372,2021-06-16,False
PBT,1459,2021-10-19,False
PBT,1473,2021-11-08,False
PBT,1514,2022-01-06,False
PBT,2429,2025-09-02,False
PBW,1038,2020-02-19,False
PBW,1232,2020-11-23,False
PBW,1242,2020-12-08,False
PBW,1252,2020-12-22,False
PBW,2392,2025-07-10,False
PBW,2398,2025-07-18,False
PBYI,1987,2023-11-24,False
PBYI,2535,2026-02-03,False
PC,3,2024-09-30,False
PCAP,1,2025-07-14,False
PCAPU,1,2025-05-22,False
PCB,837,2021-03-05,False
PCB,945,2021-08-09,False
PCB,1690,2024-07-26,False
PCCE,1,2024-03-18,False
PCCE,138,2024-10-02,False
PCFI,1,2025-03-25,False
PCG,1475,2021-11-10,False
PCGG,1,2023-08-31,False
PCHI,1,2025-03-26,False
PCI,1,2025-08-04,False
PCIG,1,2024-03-18,False
PCL,1,2025-08-04,False
PCLA,1,2025-01-17,False
PCLG,1,2025-10-01,False
PCLN,1,2025-10-17,False
PCLO,1,2024-12-04,False
PCMM,1,2024-12-04,False
PCOR,1,2021-05-21,False
PCOR,12,2021-06-08,False
PCPI,1,2026-04-07,False
PCR,1,2025-09-24,False
PCRB,1,2023-01-23,False
PCS,1,2025-08-04,False
PCSA,1247,2020-12-15,False
PCSC,2,2024-06-13,False
PCT,1,2020-07-14,False
PCT,70,2020-12-04,False
PCT,81,2020-12-21,False
PCT,85,2020-12-28,False
PCT,112,2021-02-05,False
PCTTW,1,2020-07-17,False
PCTY,1219,2020-11-04,False
PCTY,2226,2024-11-06,False
PCVX,2,2020-06-16,False
PCVX,1350,2025-10-27,False
PCVX,1432,2026-02-25,False
PCYO,1328,2021-04-14,False
PDBA,1,2022-08-25,False
PDBC,1554,2022-03-07,False
PDCC,2,2024-07-22,False
PDD,455,2020-05-18,False
PDDL,6,2025-07-23,False
PDDL,28,2025-08-22,False
PDDL,45,2025-09-17,False
PDEX,1044,2020-03-04,False
PDEX,2023,2024-01-29,False
PDFS,1475,2021-11-10,False
PDM,2001,2023-12-14,False
PDO,1,2021-02-02,False
PDS,1363,2021-06-03,False
PDS,1370,2021-06-14,False
PDS,1381,2021-06-29,False
PDS,1452,2021-10-08,False
PDS,1573,2022-04-01,False
PDS,1904,2023-07-28,False
PDS,2538,2026-02-06,False
PDSB,1441,2021-09-23,False
PDYN,1,2021-03-09,False
PDYNW,1,2021-03-09,False
PEBK,1186,2020-11-16,False
PEBK,1192,2020-11-24,False
PEBK,1206,2020-12-15,False
PECO,1,2021-02-26,False
PEGA,1035,2020-02-13,False
PEGA,1793,2023-02-16,False
PEGA,2239,2024-11-25,False
PEJ,1306,2021-03-12,False
PELI,1,2025-06-13,False
PELIU,1,2025-05-23,False
PEMX,1,2023-05-19,False
PEMX,6,2023-05-26,False
PENG,910,2021-01-05,False
PENG,912,2021-01-07,False
PENG,1519,2023-06-07,False
PENG,1524,2023-06-14,False
PENG,1535,2023-06-30,False
PENG,1673,2024-01-18,False
PENG,1792,2024-07-10,False
PENN,1264,2021-01-11,False
PEPG,1,2022-05-09,False
PEPS,1,2024-11-11,False
PERF,1,2021-03-02,False
PERF,1081,2025-07-18,False
PERF-WT,1,2022-10-27,False
PERI,1251,2020-12-21,False
PESI,1788,2023-02-14,False
PESI,2072,2024-04-03,False
PETVW,1,2021-08-12,False
PEVC,1,2025-02-04,False
PEVMD,1,2022-06-09,False
PEW,561,2025-04-28,False
PEW-WS,1,2025-07-14,False
PEZ,1146,2020-08-17,False
PEZ,1984,2023-12-14,False
PFAI,1,2025-04-22,False
PFDE,1,2026-01-02,False
PFE,1410,2021-08-10,False
PFE,1415,2021-08-17,False
PFE,1486,2021-11-26,False
PFEB,1,2020-02-04,False
PFFV,1,2020-06-25,False
PFIX,1,2021-05-12,False
PFIX,232,2022-04-11,False
PFIX,366,2022-10-21,False
PFIX,573,2023-08-21,False
PFIX,603,2023-10-03,False
PFIX,615,2023-10-19,False
PFOE,1,2026-01-02,False
PFRL,1,2022-05-25,False
PFSA,1,2025-07-14,False
PFSI,1783,2023-02-02,False
PFSI,1897,2023-07-19,False
PFSI,2001,2023-12-14,False
PFUT,1,2021-05-27,False
PFX,1202,2020-10-12,False
PFX,1211,2020-10-23,False
PFX,1236,2020-11-30,False
PFX,1239,2020-12-03,False
PGAC,1,2025-08-05,False
PGC,2226,2024-11-06,False
PGJ,1133,2020-07-06,False
PGJ,1280,2021-02-03,False
PGJ,1285,2021-02-10,False
PGNY,1320,2025-01-28,False
PGRI,1,2025-10-24,False
PGRO,1,2021-05-27,False
PGY,1,2021-04-22,False
PGYWW,1,2022-06-22,False
PH,1233,2020-11-24,False
PHAR,1,2020-12-24,False
PHEQ,1,2023-10-20,False
PHG,2093,2024-04-29,False
PHG,2102,2024-05-10,False
PHI,1439,2021-09-21,False
PHIN,1,2023-06-29,False
PHIN,184,2024-03-21,False
PHIN,658,2026-02-11,False
PHM,1338,2021-04-28,False
PHM,1781,2023-01-31,False
PHM,2001,2023-12-14,False
PHOE,1,2025-04-25,False
PHR,394,2021-02-09,False
PHVS,2,2021-02-09,False
PHVS,8,2021-02-18,False
PHVS,344,2022-06-17,False
PHVS,599,2023-06-26,False
PHXE-P,1,2025-10-01,False
PHXE-P,3,2025-10-03,False
PHYD,1,2023-01-23,False
PHYS,2531,2026-01-28,False
PI,1098,2020-11-30,False
PI,1515,2022-07-28,False
PI,1953,2024-04-25,False
PI,2278,2025-08-13,False
PICK,1238,2020-12-02,False
PICK,1240,2020-12-04,False
PICK,1261,2021-01-06,False
PICS,1,2026-01-30,False
PIEQ,1,2024-11-07,False
PIFI,1,2020-10-05,False
PII,2400,2025-07-22,False
PIII,1,2021-04-07,False
PIII,250,2022-04-01,False
PIIIW,1,2021-04-08,False
PILL,2014,2025-11-25,False
PILL,2032,2025-12-22,False
PINC,2348,2025-05-06,False
PINE-PA,1,2025-11-07,False
PINK,1,2021-10-11,False
PINS,208,2020-02-07,False
PINS,1073,2023-07-18,False
PIPE,1,2025-02-21,False
PIPR,1244,2020-12-10,False
PIPR,2226,2024-11-06,False
PIRBF,1540,2022-02-14,False
PIRBF,1760,2022-12-29,False
PIRBF,1777,2023-01-25,False
PIRBF,2313,2025-03-17,False
PIRBF,2531,2026-01-28,False
PIT,1,2022-12-23,False
PJBF,1,2023-12-20,False
PJFG,1,2022-12-15,False
PJFM,1,2023-12-20,False
PJFV,1,2022-12-15,False
PJIO,1,2023-12-20,False
PJT,2157,2024-07-31,False
PJT,2226,2024-11-06,False
PK,1000,2020-12-03,False
PKE,1240,2020-12-04,False
PKE,2396,2025-07-16,False
PKE,2522,2026-01-14,False
PKOH,1234,2020-11-25,False
PKOH,1240,2020-12-04,False
PKOH,1972,2023-11-02,False
PKST,1,2023-04-14,False
PKX,1240,2020-12-04,False
PKX,1900,2023-07-24,False
PL,1,2021-04-27,False
PL,900,2024-11-21,False
PL,902,2024-11-25,False
PL,1180,2026-01-07,False
PL-WT,1,2021-04-27,False
PL-WT,142,2021-11-15,False
PLAB,1241,2020-12-07,False
PLAB,1494,2021-12-08,False
PLAB,1869,2023-06-07,False
PLAB,1878,2023-06-21,False
PLAB,2008,2023-12-26,False
PLAG,1873,2023-06-13,False
PLAY,1996,2023-12-07,False
PLAY,2001,2023-12-14,False
PLAY,2008,2023-12-26,False
PLBL,2,2025-08-06,False
PLBL,5,2025-08-11,False
PLBY,1,2020-09-01,False
PLBY,101,2021-01-26,False
PLBY,110,2021-02-08,False
PLCE,1282,2021-02-05,False
PLD,2001,2023-12-14,False
PLDR,1,2021-05-27,False
PLG,1240,2020-12-04,False
PLG,2452,2025-10-03,False
PLGI,1,2025-12-11,False
PLMK,1,2025-02-03,False
PLMKU,2,2025-01-16,False
PLMR,347,2020-09-01,False
PLMR,451,2021-02-01,False
PLMR,854,2022-09-07,False
PLMR,1166,2023-12-04,False
PLNT,1992,2023-12-01,False
PLOO,1,2025-08-14,False
PLOW,2550,2026-02-25,False
PLRX,1,2020-06-04,False
PLRX,12,2020-06-19,False
PLRX,14,2020-06-23,False
PLRX,18,2020-06-29,False
PLRZ,1,2024-10-30,False
PLSM,2,2025-12-17,False
PLTA,2,2025-09-12,False
PLTA,6,2025-09-18,False
PLTA,16,2025-10-02,False
PLTD,1,2024-12-12,False
PLTD,5,2024-12-18,False
PLTD,17,2025-01-07,False
PLTG,1,2025-04-25,False
PLTG,6,2025-05-02,False
PLTI,1,2025-11-05,False
PLTK,1,2021-01-11,False
PLTK,5,2021-01-15,False
PLTM,1773,2025-06-12,False
PLTM,1777,2025-06-18,False
PLTM,1782,2025-06-26,False
PLTR,1,2020-10-01,False
PLTR,4,2020-10-06,False
PLTR,27,2020-11-06,False
PLTR,1031,2024-11-05,False
PLTS,1,2025-09-22,False
PLTU,2,2024-12-13,False
PLTW,1,2025-02-20,False
PLTY,1,2024-10-09,False
PLTY,20,2024-11-05,False
PLTY,28,2024-11-15,False
PLTZ,1,2025-06-09,False
PLU,1,2026-01-08,False
PLU,3,2026-01-12,False
PLUL,1,2026-01-14,False
PLUT,2,2025-02-07,False
PLX,1754,2022-12-20,False
PLX,1840,2023-04-26,False
PLX,2286,2025-02-05,False
PLX,2450,2025-10-01,False
PLX,2546,2026-02-19,False
PLXS,2226,2024-11-06,False
PLXS,2532,2026-01-29,False
PLYX,1,2026-02-02,False
PLYY,1,2025-09-24,False
PMAP,1,2025-04-02,False
PMAR,1,2020-03-03,False
PMAU,1,2025-08-04,False
PMAX,1,2024-09-06,False
PMAY,1,2020-05-04,False
PMBS,1,2024-09-24,False
PMDE,1,2025-12-03,False
PMEC,1,2023-10-10,False
PMFB,1,2025-02-04,False
PMI,1,2025-09-02,False
PMI,19,2025-09-26,False
PMI,23,2025-10-02,False
PMI,32,2025-10-15,False
PMIO,1,2024-07-01,False
PMJA,1,2025-01-03,False
PMJL,1,2025-07-02,False
PMJN,1,2025-06-03,False
PMMF,1,2025-02-06,False
PMMR,1,2025-03-04,False
PMMY,1,2025-05-02,False
PMNT,3,2024-02-13,False
PMOC,1,2025-10-02,False
PMSE,1,2025-09-03,False
PMT-P-C,1,2021-08-18,False
PMTR,1,2025-06-23,False
PMTRU,1,2025-05-14,False
PMTS,1763,2023-01-04,False
PMTS,2114,2024-05-29,False
PMTU,1,2023-09-29,False
PMTV,1,2025-02-18,False
PMTW,1,2025-06-13,False
PMVP,1,2020-09-28,False
PMVP,61,2020-12-22,False
PN,1,2025-03-05,False
PNC,2001,2023-12-14,False
PNFP,1302,2021-03-08,False
PNFP,1897,2023-07-19,False
PNFP-P-B,1,2026-01-05,False
PNFP-P-C,1,2026-01-05,False
PNFP-PA,1,2026-01-05,False
PNFP-PR-A,1,2026-01-05,False
PNFP-PR-B,1,2026-01-05,False
PNFP-PR-C,1,2026-01-05,False
PNNT,1279,2021-02-02,False
PNRG,1065,2022-06-08,False
PNRG,1661,2024-11-06,False
PNTG,1123,2024-03-19,False
PNTG,1222,2024-08-09,False
PNTG,1232,2024-08-23,False
POAS,1,2025-11-14,False
PODC,1,2023-09-08,False
PODC,556,2025-11-24,False
POLEU,1,2024-09-06,False
POLEW,1,2024-10-29,False
POM,1,2025-10-09,False
PONX,1,2025-09-10,False
PONX,4,2025-09-15,False
PONY,1,2024-11-29,False
PONY,7,2024-12-09,False
PONY,17,2024-12-23,False
POOL,1335,2021-04-23,False
POW,1,2025-10-29,False
POWL,2049,2024-02-26,False
POWL,2468,2025-10-27,False
POWR,1240,2020-12-04,False
POWW,1906,2025-02-18,False
PPC,1239,2020-12-03,False
PPC,1302,2021-03-08,False
PPEM,1,2023-01-23,False
PPG,2536,2026-02-04,False
PPHC,1,2026-01-29,False
PPI,1,2021-12-31,False
PPIE,1,2023-01-23,False
PPIH,1433,2021-10-05,False
PPIH,1574,2022-04-27,False
PPIH,1578,2022-05-03,False
PPIH,1998,2024-01-04,False
PPLT,2378,2025-06-18,False
PPLT,2383,2025-06-26,False
PPLT,2461,2025-10-16,False
PPTA,1141,2020-07-17,False
PPTA,2072,2024-04-01,False
PPYA,1,2022-03-07,False
PPYAW,1,2022-03-07,False
PQAP,1,2025-01-03,False
PQDI,1,2020-06-18,False
PQJA,1,2025-01-03,False
PQJL,1,2025-01-03,False
PQNT,1,2025-10-17,False
PQOC,1,2025-01-03,False
PRA,1912,2023-08-09,False
PRAB,1,2026-03-12,False
PRAE,1,2023-12-20,False
PRAX,1,2020-10-19,False
PRAX,4,2020-10-22,False
PRAX,10,2020-10-30,False
PRAX,1197,2025-07-25,False
PRAY,1,2022-02-09,False
PRCH,1,2020-01-14,False
PRCH,239,2020-12-22,False
PRCS,1,2024-12-13,False
PRCT,1,2021-09-16,False
PRCT,670,2024-05-15,False
PRDO,1652,2022-07-27,False
PRDO,1909,2023-08-04,False
PRDO,2096,2024-05-02,False
PRDO,2363,2025-05-28,False
PRE,1,2021-07-19,False
PRENW,1,2022-05-17,False
PRFD,1,2023-01-20,False
PRFX,1,2020-09-02,False
PRG,1783,2023-02-02,False
PRG,2546,2026-02-19,False
PRHIZ,1,2023-09-15,False
PRI,1798,2023-02-24,False
PRIM,1233,2020-11-24,False
PRIM,1305,2021-03-11,False
PRIM,2409,2025-08-05,False
PRIV,1,2025-02-28,False
PRK,2001,2023-12-14,False
PRK,2151,2024-07-23,False
PRKS,1295,2021-02-25,False
PRKS,1302,2021-03-08,False
PRLB,1789,2023-02-10,False
PRLB,2416,2025-08-13,False
PRLB,2538,2026-02-06,False
PRLD,3,2020-09-30,False
PRM,3,2021-11-12,False
PRM,950,2025-08-25,False
PRMB,2551,2026-02-26,False
PRME,1,2022-10-21,False
PRME,5,2022-10-27,False
PRMR,1,2025-12-10,False
PRNT,1144,2021-02-03,False
PRNT,1148,2021-02-09,False
PROK,1,2021-07-01,False
PROV,2013,2024-01-26,False
PRPH,1127,2020-09-11,False
PRPH,1449,2021-12-21,False
PRPH,1573,2022-06-21,False
PRPH,2019,2024-04-01,False
PRPL,730,2020-01-28,False
PRPL,735,2020-02-04,False
PRPL,742,2020-02-13,False
PRPL,746,2020-02-20,False
PRPO,2286,2025-02-19,False
PRQR,1742,2022-12-02,False
PRQR,2003,2023-12-18,False
PRSD,1,2025-09-11,False
PRSO,1260,2021-01-05,False
PRST,1,2021-02-08,False
PRT,965,2022-03-02,False
PRTA,1432,2021-09-10,False
PRTC,1,2020-11-17,False
PRTC,11,2020-12-02,False
PRTC,17,2020-12-10,False
PRTC,22,2020-12-17,False
PRTC,26,2020-12-23,False
PRTC,32,2021-01-04,False
PRTC,35,2021-01-07,False
PRVA,1,2021-04-29,False
PRVS,1,2024-12-13,False
PRXV,1,2025-04-09,False
PRZO,1,2023-07-28,False
PSA-P-R,1,2021-11-11,False
PSBD,1,2024-01-19,False
PSCD,1245,2021-01-27,False
PSCE,1240,2020-12-04,False
PSCE,1244,2020-12-10,False
PSCE,1288,2021-02-16,False
PSCE,2553,2026-03-02,False
PSCJ,1,2021-07-01,False
PSCM,1136,2020-12-04,False
PSCM,1157,2021-01-06,False
PSCM,2432,2026-02-11,False
PSCQ,1,2021-10-01,False
PSCT,1262,2021-01-07,False
PSCT,1284,2021-02-09,False
PSCW,1,2021-04-05,False
PSCX,1,2020-12-24,False
PSDM,1,2023-07-27,False
PSEC,1274,2021-01-26,False
PSEC,1282,2021-02-05,False
PSEC,1292,2021-02-22,False
PSFD,1,2020-12-24,False
PSFE,1,2020-10-12,False
PSFE,40,2020-12-07,False
PSFE,50,2020-12-21,False
PSFE,54,2020-12-28,False
PSFF,1,2020-12-31,False
PSFJ,1,2021-07-01,False
PSFM,1,2021-04-05,False
PSFO,1,2021-10-01,False
PSH,1,2023-12-20,False
PSHG,1925,2023-08-28,False
PSIG,1,2024-07-22,False
PSIL,1,2021-09-17,False
PSIL,4,2021-09-22,False
PSIL,942,2025-06-18,False
PSIL,1027,2025-10-20,False
PSKY,1275,2021-01-27,False
PSLV,1145,2020-07-22,False
PSLV,1156,2020-08-06,False
PSLV,2458,2025-10-13,False
PSLV,2461,2025-10-16,False
PSLV,2520,2026-01-12,False
PSLV,2529,2026-01-26,False
PSMD,1,2020-12-24,False
PSMJ,1,2021-07-01,False
PSMO,1,2021-10-01,False
PSMR,1,2021-04-05,False
PSN,1206,2024-02-22,False
PSNL,238,2020-06-01,False
PSNY,1,2021-05-19,False
PSNY,125,2021-11-12,False
PSNYW,1,2021-05-18,False
PSO,1275,2021-01-27,False
PSQA,2,2024-09-13,False
PSQH,1,2021-07-08,False
PSQH-WT,1,2024-01-23,False
PSQO,1,2024-09-13,False
PSTG,2052,2024-02-29,False
PSTL,1705,2026-02-26,False
PSTP,1,2022-03-09,False
PSTR,1,2024-05-01,False
PSTV,1273,2021-01-25,False
PSWD,1,2023-07-14,False
PTA,1,2020-10-29,False
PTC,1235,2020-11-27,False
PTC,2391,2025-07-09,False
PTCT,2488,2025-11-25,False
PTEN,1554,2022-03-07,False
PTEN,2537,2026-02-05,False
PTEN,2560,2026-03-11,False
PTEN,2562,2026-03-13,False
PTEST-X,1,2021-02-05,False
PTGX,1213,2021-06-08,False
PTGX,1615,2023-01-11,False
PTGX,1855,2023-12-26,False
PTGX,2304,2025-10-10,False
PTH,2016,2024-01-08,False
PTHL,1,2024-09-06,False
PTHS,1,2024-02-20,False
PTIR,1,2024-09-05,False
PTIR,3,2024-09-09,False
PTIXW,3,2021-04-30,False
PTIXW,9,2021-05-10,False
PTL,1,2024-03-27,False
PTLE,2,2024-10-18,False
PTLO,1,2021-10-22,False
PTNM,1,2025-05-30,False
PTNM,3,2025-06-03,False
PTOR,1,2026-03-17,False
PTORU,1,2026-01-23,False
PTORW,1,2026-03-18,False
PTRB,1,2021-12-09,False
PTRN,1,2025-09-22,False
PUBM,1,2020-12-10,False
PUBM,615,2023-05-22,False
PUBM,1236,2025-11-11,False
PUGBY,2,2024-07-19,False
PUK,1778,2023-01-26,False
PULM,1281,2021-02-08,False
PULT,1,2023-01-23,False
PUMP,998,2021-03-05,False
PUMP,1250,2022-03-04,False
PURR,1,2025-12-04,False
PUSH,1,2024-07-01,False
PVAL,1,2021-05-27,False
PVEX,1,2025-07-01,False
PVEX,3,2025-07-03,False
PVH,1240,2020-12-04,False
PVH,1782,2023-02-01,False
PVH,1991,2023-11-30,False
PVH,2001,2023-12-14,False
PVH,2580,2026-04-09,False
PVL,1370,2021-06-14,False
PVL,1458,2021-10-18,False
PVL,1554,2022-03-07,False
PVL,1611,2022-05-26,False
PVL,1619,2022-06-08,False
PVLA,1431,2021-09-09,False
PW,1331,2021-10-08,False
PW,2293,2025-08-12,False
PWER,2,2023-12-01,False
PWER,11,2023-12-14,False
PWM,1,2023-07-07,False
PWP,1,2020-11-23,False
PWP,5,2020-11-30,False
PWP,23,2020-12-24,False
PWP,504,2022-11-22,False
PWP,670,2023-07-25,False
PWP,679,2023-08-07,False
PWP,995,2024-11-06,False
PWP,1308,2026-02-09,False
PWR,1217,2020-11-02,False
PWR,1427,2021-09-02,False
PWRD,1,2022-02-04,False
PWRD,4,2022-02-09,False
PX,1,2021-10-22,False
PX,17,2021-11-15,False
PX,776,2024-11-21,False
PXE,1244,2020-12-10,False
PXE,1288,2021-02-16,False
PXE,1300,2021-03-04,False
PXE,1305,2021-03-11,False
PXE,2572,2026-03-27,False
PXED,1,2025-10-10,False
PXI,1244,2020-12-10,False
PXIU,1,2025-09-18,False
PXJ,1240,2020-12-04,False
PXJ,2539,2026-02-09,False
PXJ,2546,2026-02-19,False
PXLW,1770,2023-01-13,False
PXS,2531,2026-03-02,False
PXSV,1275,2021-01-27,False
PYLD,1,2023-06-23,False
PYPD,1,2020-06-29,False
PYPD,1389,2026-01-07,False
PYPD,1399,2026-01-22,False
PYPG,1,2025-04-07,False
PYPG,3,2025-04-09,False
PYPL,1288,2021-02-16,False
PYPS,1,2021-03-18,False
PYPS,6,2021-03-25,False
PYPS,171,2021-11-22,False
PYPS,224,2022-02-14,False
PYPS,228,2022-02-18,False
PYPS,238,2022-03-07,False
PYPS,1013,2025-04-04,False
PYPS,1220,2026-02-03,False
PYPU,1,2026-03-26,False
PYPU,12,2026-04-14,False
PYPY,1,2023-09-27,False
PYXS,1,2021-10-11,False
PYXS,8,2021-10-20,False
PZG,2430,2025-09-03,False
PZG,2440,2025-09-17,False
PZG,2448,2025-09-29,False
PZIV,1,2026-04-01,False
PZLV,1,2026-04-01,False
PZZA,1275,2021-01-27,False
Q,1,2025-10-27,False
Q,7,2025-11-04,False
QABA,2001,2023-12-14,False
QALT,1,2025-08-26,False
QB,1,2025-06-27,False
QBER,1,2024-07-02,False
QBF,1,2025-02-07,False
QBIG,1,2024-12-05,False
QBIG,8,2024-12-16,False
QBKF,1,2026-04-02,False
QBKV,1,2026-04-02,False
QBSF,1,2025-07-02,False
QBTS,1,2020-12-14,False
QBTS,992,2024-11-21,True
QBTX,1,2025-04-28,False
QBTZ,1,2025-10-08,False
QBUF,1,2024-07-02,False
QBUL,1,2024-07-02,False
QBY,1,2025-11-26,False
QCAP,1,2024-04-23,False
QCJA,1,2025-01-22,False
QCJL,1,2024-07-23,False
QCLN,1038,2020-02-19,False
QCLN,1155,2020-08-05,False
QCLN,1170,2020-08-26,False
QCLN,1232,2020-11-23,False
QCLN,1242,2020-12-08,False
QCLN,1262,2021-01-07,False
QCLN,1468,2021-11-01,False
QCLR,1,2021-08-27,False
QCMD,1,2025-06-26,False
QCML,1,2025-02-14,False
QCMU,1,2025-06-26,False
QCOC,1,2024-10-22,False
QCOM,1168,2020-08-24,False
QCOM,1479,2021-11-16,False
QCOM,1493,2021-12-07,False
QDEC,1,2020-12-22,False
QDPL,1,2021-07-14,False
QDTE,1,2024-03-08,False
QDTY,1,2025-02-14,False
QDVO,1,2024-08-23,False
QETA,2,2023-12-01,False
QETAR,1,2025-03-27,False
QETAU,1,2023-10-06,False
QETH,1,2024-07-24,False
QETH,263,2025-08-11,False
QEW,1,2026-03-19,False
QFIN,400,2020-07-20,False
QFIN,1465,2024-10-11,False
QFLR,1,2024-01-26,False
QGEN,2525,2026-01-20,False
QGRD,1,2025-07-11,False
QGRW,1,2022-12-16,False
QH,1,2020-07-13,False
QHDG,1,2024-08-21,False
QIDX,1,2025-01-03,False
QIPT,1185,2020-09-17,False
QIPT,1273,2021-01-25,False
QIPT,1281,2021-02-04,False
QIPT,1775,2023-01-23,False
QIS,1,2023-07-12,False
QJUN,1,2021-06-22,False
QLD,1170,2020-08-26,False
QLD,1872,2023-06-12,False
QLD,1875,2023-06-15,False
QLDY,1,2025-09-19,False
QLTI,1,2024-10-30,False
QLTY,1,2023-11-16,False
QLYS,2226,2024-11-06,False
QMAG,1,2024-08-20,False
QMAR,1,2021-03-23,False
QMCO,1017,2020-01-17,False
QMFE,1,2025-02-25,False
QMID,1,2024-01-26,False
QMMM,1,2024-07-22,False
QMMM,23,2024-08-21,False
QMMY,1,2024-05-21,False
QMNV,1,2024-11-19,False
QNC,2,2026-01-22,False
QNCX,1177,2024-01-11,False
QNST,1179,2020-09-09,False
QNST,1196,2020-10-02,False
QNTM,1183,2023-02-21,False
QNXT,1,2024-10-25,False
QOWZ,1,2023-12-07,False
QPUX,1,2025-07-11,False
QPX,1,2020-12-30,False
QQA,1,2024-07-18,False
QQDN,1,2025-06-13,False
QQHG,1,2025-05-08,False
QQLV,1,2024-12-05,False
QQMG,1,2021-10-29,False
QQQA,1,2021-05-21,False
QQQD,1,2024-03-08,False
QQQD,270,2025-04-04,False
QQQG,1,2024-08-21,False
QQQI,1,2024-01-31,False
QQQJ,1,2020-10-14,False
QQQJ,17,2020-11-05,False
QQQM,1,2020-10-14,False
QQQP,1,2024-10-02,False
QQQS,1,2022-10-14,False
QQQS,21,2022-11-11,False
QQQT,1,2024-06-24,False
QQQU,1,2024-03-08,False
QQQU,81,2024-07-03,False
QQQU,193,2024-12-11,False
QQQY,1,2023-09-15,False
QQUP,1,2025-06-13,False
QQUP,7,2025-06-24,False
QQUP,9,2025-06-26,False
QQWZ,1,2025-05-08,False
QQWZ,4,2025-05-13,False
QQXL,1,2025-08-14,False
QRHC,1262,2021-01-08,False
QRHC,1270,2021-01-21,False
QRHC,2092,2024-04-29,False
QRMI,1,2021-08-27,False
QRVO,2146,2024-07-16,False
QS,1,2020-08-18,False
QSEA,1,2025-05-13,False
QSEAR,1,2025-05-13,False
QSEAU,1,2025-03-19,False
QSI,1,2020-11-16,False
QSI,14,2020-12-04,False
QSIAW,1,2020-11-09,False
QSIX,1,2024-09-25,False
QSML,1,2024-01-26,False
QSOL,1,2025-12-16,False
QSOL,13,2026-01-05,False
QSOL,20,2026-01-14,False
QSPT,1,2021-09-21,False
QSU,1,2025-10-22,False
QTAC,1,2025-12-17,False
QTAP,1,2021-04-05,False
QTI,1,2021-11-05,False
QTJA,1,2022-01-04,False
QTJL,1,2021-07-01,False
QTOC,1,2021-10-01,False
QTOP,1,2024-10-25,False
QTOP,10,2024-11-07,False
QTPI,1,2024-12-20,False
QTR,1,2021-08-26,False
QTUM,1571,2024-12-17,False
QTWO,1252,2020-12-22,False
QTWO,1783,2023-02-02,False
QTWO,2227,2024-11-07,False
QTWO,2237,2024-11-21,False
QUAD,2211,2024-10-16,False
QUAD,2225,2024-11-05,False
QUBT,1621,2024-12-16,True
QUBX,1,2025-06-25,False
QUBX,4,2025-06-30,False
QUCY,1,2026-02-13,False
QUIK,1627,2022-06-21,False
QUIZ,1,2025-08-20,False
QULL,1,2021-02-08,False
QUMS,1,2025-10-01,False
QUSA,1,2025-05-07,False
QUVU,1,2023-10-17,False
QVCC,1067,2024-02-28,False
QVCC,1577,2026-03-12,False
QVCGP,2,2020-09-03,False
QVML,1,2021-07-01,False
QVMM,1,2021-07-01,False
QVMS,1,2021-07-01,False
QVOY,1,2022-12-08,False
QXAS,1,2025-12-30,False
QXO,2370,2025-06-06,True
QXQ,1,2024-06-17,False
QYLG,1,2020-09-23,False
R,1205,2020-10-15,False
R,1227,2020-11-16,False
R,1233,2020-11-24,False
RAA,1,2025-02-27,False
RAAA,1,2025-07-10,False
RAAQ,1,2025-06-03,False
RAAQU,2,2025-04-30,False
RAAQW,1,2025-06-03,False
RAC,1,2025-04-22,False
RAIL,2401,2025-07-23,False
RAIN,1,2025-01-03,False
RAL,2,2025-06-27,False
RAMP,1783,2023-02-02,False
RAND,1666,2024-05-31,False
RANG,1,2025-01-14,False
RANGR,1,2025-01-14,False
RANGU,1,2024-12-20,False
RANI,1,2021-08-02,False
RANI,3,2021-08-04,False
RANI,7,2021-08-10,False
RAPP,1,2024-06-10,False
RARE,1224,2020-11-11,False
RARE,1240,2020-12-04,False
RARE,1253,2020-12-23,False
RAUS,1,2025-09-15,False
RAVE,1720,2022-11-01,False
RAVE,2209,2024-10-14,False
RAY,1,2024-05-16,False
RAYA,1,2022-12-15,False
RAYA,584,2025-04-15,False
RAYD,1,2021-12-16,False
RAYE,1,2021-12-16,False
RAYJ,1,2024-04-05,False
RAYS,1,2021-09-10,False
RB,1,2025-06-27,False
RBA,1157,2020-08-07,False
RBB,1599,2023-12-01,False
RBB,1608,2023-12-14,False
RBBN,1236,2020-11-30,False
RBBN,1240,2020-12-04,False
RBC,1664,2022-08-12,False
RBCAA,2151,2024-07-23,False
RBIL,1,2025-02-26,False
RBKB,471,2020-11-30,False
RBKB,1776,2026-02-11,False
RBKB,1784,2026-02-24,False
RBLU,1,2025-03-05,False
RBLU,102,2025-07-30,False
RBLX,1,2021-03-11,False
RBLX,672,2023-11-08,False
RBLX,1066,2025-06-06,False
RBLX,1085,2025-07-07,False
RBLX,1090,2025-07-14,False
RBLX,1103,2025-07-31,False
RBLY,2,2025-07-31,False
RBNE,1,2025-04-14,False
RBOT,1,2020-09-08,False
RBRK,1,2024-04-25,False
RBRK,157,2024-12-06,False
RBSTF,1,2025-07-22,False
RBUF,1,2024-07-02,False
RCAX,1,2026-02-04,False
RCD,1,2024-12-20,False
RCEL,2049,2024-02-26,False
RCEL,2248,2024-12-09,False
RCG,1262,2021-01-07,False
RCG,1271,2021-01-21,False
RCG,2238,2024-11-22,False
RCGE,1,2025-02-28,False
RCKT,2008,2023-12-26,False
RCKTW,1,2023-02-28,False
RCKY,1295,2021-02-25,False
RCKY,1305,2021-03-11,False
RCKY,1740,2022-11-30,False
RCL,1866,2023-06-02,False
RCL,2220,2024-10-29,False
RCL,2226,2024-11-06,False
RCL,2387,2025-07-02,False
RCLO,1,2025-10-23,False
RCMT,1426,2021-09-07,False
RCMT,1862,2023-06-01,False
RCMT,1984,2023-11-24,False
RCMT,2227,2024-11-12,False
RCON,1715,2022-10-26,False
RCT,1,2025-03-24,False
RCTR,1,2025-08-01,False
RCUS,493,2020-03-02,False
RCUS,1895,2025-09-29,False
RCUS,1900,2025-10-06,False
RCUS,1911,2025-10-21,False
RCUS,1934,2025-11-21,False
RDAC,1,2024-12-03,False
RDACR,1,2025-04-30,False
RDACU,1,2024-10-11,False
RDAG,1,2025-06-24,False
RDAGU,1,2025-05-02,False
RDCM,2032,2024-01-31,False
RDCM,2039,2024-02-09,False
RDDT,1,2024-03-19,False
RDDT,149,2024-10-18,False
RDDT,344,2025-08-01,False
RDFI,1,2020-10-22,False
RDI,1655,2022-08-01,False
RDIV,1240,2020-12-04,False
RDNT,1372,2021-06-16,False
RDTE,1,2024-09-11,False
RDTL,1,2025-03-26,False
RDTY,1,2025-03-07,False
RDVI,1,2022-10-21,False
RDVT,483,2020-02-26,False
RDVT,869,2021-09-07,False
RDW,1,2021-01-15,False
RDW,4,2021-01-21,False
RDW,15,2021-02-05,False
RDW,798,2024-03-19,False
RDW,855,2024-06-10,False
RDWU,1,2026-02-02,False
RDYY,1,2025-09-10,False
RDZN,1,2022-01-14,False
RDZNW,1,2023-09-19,False
REAI,1,2023-06-14,False
REAL,1354,2024-11-13,True
REAL,1370,2024-12-06,False
REAX,1,2020-06-25,False
REAX,344,2021-11-11,False
REAX,354,2021-11-26,False
REAX,1037,2024-08-16,False
REBN,1,2022-08-15,False
RECT,1,2024-06-21,False
REE,1,2021-01-14,False
REFA,1,2025-12-12,False
REFI,1,2021-12-09,False
REFI,17,2022-01-03,False
REFI,29,2022-01-20,False
REG,1302,2021-03-08,False
REGN,2487,2025-11-21,False
REGS,1,2026-03-17,False
REI,1900,2023-07-24,False
REI,2075,2024-04-03,False
REI,2539,2026-02-09,False
REI,2546,2026-02-19,False
REI,2552,2026-02-27,False
REIT,1,2021-03-01,False
REK,1701,2022-10-07,False
REKR,2037,2025-10-07,False
REKT,1,2024-07-18,False
REKT,5,2024-07-24,False
REKT,13,2024-08-05,False
RELL,1262,2021-01-07,False
RELL,1272,2021-01-22,False
RELL,1284,2021-02-09,False
RELL,1451,2021-10-07,False
RELY,1,2021-09-24,False
RELY,479,2023-08-21,False
RELY,781,2024-10-31,False
REMC,1,2025-12-15,False
REMG,1,2022-01-11,False
REMX,1227,2020-11-16,False
REMX,1242,2020-12-08,False
REMX,1251,2020-12-21,False
REMX,1255,2020-12-28,False
REMX,1260,2021-01-05,False
REMX,1271,2021-01-21,False
REMX,2398,2025-07-18,False
REMX,2400,2025-07-22,False
REMX,2414,2025-08-11,False
REMX,2419,2025-08-18,False
REMX,2528,2026-01-23,False
RENT,1,2021-10-28,False
RENX,1,2023-09-20,False
REPX,1823,2023-04-11,False
REPX,2067,2024-04-01,False
REPX,2232,2024-11-22,False
REPX,2572,2026-04-07,False
RERE,1,2021-06-21,False
RERE,1016,2025-07-08,False
RES,1539,2022-02-11,False
RES,1549,2022-02-28,False
RESM,1,2025-12-12,False
RETL,1272,2021-01-22,False
REVB,1,2020-11-18,False
REVBW,2,2022-01-12,False
REX,1490,2021-12-02,False
REX,2072,2024-03-28,False
REX,2378,2025-06-18,False
REX,2387,2025-07-02,False
REYN,1,2020-02-03,False
REZI,1705,2025-07-30,False
REZI,1714,2025-08-12,False
REZI,1722,2025-08-22,False
RF-PF,1,2024-07-23,False
RFAI,1,2024-07-08,False
RFAIR,1,2024-07-08,False
RFAIU,1,2024-05-20,False
RFAM,1,2026-02-27,False
RFAMR,1,2026-02-27,False
RFAMU,1,2026-02-13,False
RFIL,1246,2020-12-14,False
RFIL,2140,2024-07-10,False
RFIL,2143,2024-07-15,False
RFIL,2397,2025-07-21,False
RFIX,1,2024-12-11,False
RFL,727,2021-02-16,False
RFL,1644,2024-10-08,False
RFL,1647,2024-10-11,False
RFLR,1,2024-09-18,False
RFMZ,1,2021-02-25,False
RGC,1,2021-07-19,False
RGEF,1,2024-10-29,False
RGEN,1220,2020-11-05,False
RGEN,1225,2020-11-12,False
RGEN,2466,2025-10-23,False
RGFC,1,2021-11-08,False
RGLD,1557,2022-03-10,False
RGLD,2525,2026-01-20,False
RGLD,2528,2026-01-23,False
RGLO,1,2025-06-02,False
RGNX,1251,2020-12-21,False
RGNX,2464,2025-10-21,False
RGR,2467,2025-10-24,False
RGS,2437,2025-09-12,False
RGTI,1,2021-04-23,False
RGTI,913,2024-12-06,True
RGTI,1117,2025-10-02,True
RGTIW,1,2022-03-01,False
RGTU,1,2025-06-25,False
RGTU,4,2025-06-30,False
RGTX,1,2025-03-13,False
RGTZ,1,2025-10-10,False
RGYY,1,2025-11-26,False
RH,1120,2020-06-16,False
RH,1180,2020-09-10,False
RH,1890,2023-07-10,False
RH,2252,2024-12-13,False
RHI,1293,2021-02-23,False
RHLD,1,2025-02-21,False
RHRX,1,2021-11-09,False
RHTX,1,2021-11-09,False
RIBB,1,2025-03-10,False
RIBBR,1,2025-04-23,False
RIBBU,1,2025-01-16,False
RICK,1253,2020-12-23,False
RIET,1,2021-09-23,False
RIFR,1,2025-05-15,False
RIG,1778,2023-01-26,False
RIG,1782,2023-02-01,False
RIG,1787,2023-02-08,False
RIGL,1248,2020-12-16,False
RIGL,2007,2023-12-22,False
RILA,1,2025-01-03,False
RILY,1219,2020-11-24,False
RILY,1235,2020-12-17,False
RILY,1241,2020-12-28,False
RILY,1247,2021-01-06,False
RILY,1252,2021-01-13,False
RILY,1259,2021-01-25,False
RILY,1268,2021-02-05,False
RILY,1882,2023-07-18,False
RING,2443,2025-09-22,False
RING,2461,2025-10-16,False
RING,2525,2026-01-20,False
RINT,1,2025-05-15,False
RIO,1261,2021-01-06,False
RIOX,1,2025-01-06,False
RIOX,7,2025-01-15,False
RISN,1,2020-07-17,False
RISR,1,2021-10-04,False
RITA,1,2021-12-10,False
RITM-P-F,1,2026-01-15,False
RITM-PE,1,2025-09-22,False
RITR,3,2024-08-26,False
RIVN,1,2021-11-04,False
RIVN,5,2021-11-10,False
RIVN,428,2023-07-20,False
RIVN,432,2023-07-26,False
RJDI,1,2025-10-03,False
RJET,1461,2024-06-03,False
RJF,2217,2024-10-24,False
RJF,2226,2024-11-06,False
RJMI,1,2025-10-03,False
RJVI,1,2025-10-03,False
RKLB,1,2020-11-25,False
RKLB,64,2021-03-01,False
RKLB,911,2024-07-12,False
RKLB,953,2024-09-11,True
RKLX,1,2025-03-14,False
RKLZ,2,2025-11-20,False
RKNG,1,2026-01-23,False
RKT,1,2020-08-07,False
RKT,741,2023-07-19,False
RKT,845,2023-12-14,False
RKT,1011,2024-08-14,False
RKT,1260,2025-08-13,False
RKTL,2,2026-01-15,False
RL,1239,2020-12-03,False
RL,1244,2020-12-10,False
RL,2001,2023-12-14,False
RLAY,1,2020-07-17,False
RLAY,1327,2025-10-27,False
RLGT,1166,2020-08-20,False
RLGT,1240,2020-12-04,False
RLTY,1,2022-02-25,False
RLX,1,2021-01-25,False
RLX,1116,2025-07-03,False
RLYB,1,2021-07-30,False
RM,1223,2020-11-10,False
RM,1230,2020-11-19,False
RM,1784,2023-02-03,False
RMAX,2188,2024-09-13,False
RMBS,1029,2020-02-05,False
RMBS,1240,2020-12-04,False
RMBS,1494,2021-12-08,False
RMBS,1724,2022-11-07,False
RMBS,1861,2023-05-25,False
RMCA,1,2024-08-14,False
RMCO,1,2021-05-06,False
RMCOW,1,2025-04-22,False
RMIF,1,2023-06-12,False
RMIX,1,2026-04-07,False
RMIX,5,2026-04-13,False
RMME,1,2025-12-03,False
RMMZ,1,2022-02-14,False
RMMZ,4,2022-02-17,False
RMNI,1005,2021-02-01,False
RMNI,1010,2021-02-08,False
RMNI,1708,2023-11-15,False
RMNY,1,2024-08-14,False
RMOP,1,2024-08-14,False
RMR,1240,2020-12-04,False
RMSG,1,2024-11-18,False
RMTI,2192,2024-09-19,False
RNA,2,2020-06-16,False
RNA,955,2024-04-01,False
RNAZ,1,2021-07-12,False
RND,1,2024-05-03,False
RNEW,1,2020-12-23,False
RNG,1034,2020-02-12,False
RNGR,968,2021-06-17,False
RNGR,1831,2024-11-20,False
RNGT,1,2025-11-25,False
RNIN,1,2025-05-16,False
RNRG,1245,2021-01-06,False
RNST,2001,2023-12-14,False
RNTY,1,2025-04-21,False
RNW,1,2021-02-02,False
RNW,4,2021-02-05,False
RNWWW,2,2021-02-03,False
RNWWW,12,2021-02-18,False
RNWZ,1,2022-12-12,False
RNXT,1,2021-08-27,False
ROAD,652,2020-12-04,False
ROBN,1,2025-02-03,False
ROBN,3,2025-02-05,False
ROC,1,2026-02-23,False
ROCK,1159,2020-08-11,False
ROCK,1269,2021-01-19,False
ROCQ,1,2026-03-19,False
ROCY,1,2026-03-19,False
ROE,1,2023-08-01,False
ROG,1233,2020-11-24,False
ROIV,1,2020-12-09,False
ROIV,1194,2025-09-11,False
ROIV,1198,2025-09-17,False
ROIV,1208,2025-10-01,False
ROIV,1229,2025-10-30,False
ROLR,1,2024-10-24,False
ROM,1170,2020-08-26,False
ROM,1175,2020-09-02,False
ROM,1862,2023-05-26,False
ROM,1872,2023-06-12,False
ROM,1875,2023-06-15,False
ROMA,1,2024-01-10,False
RONB,1,2025-12-16,False
ROOT,1,2020-10-29,False
ROPE,1,2024-12-19,False
RPAY,352,2020-02-19,False
RPAY,429,2020-06-09,False
RPAY,1374,2024-03-12,False
RPC,853,2020-11-20,False
RPC,1857,2024-11-21,False
RPD,1398,2021-07-23,False
RPGL,1,2025-10-15,False
RPHS,1,2022-04-01,False
RPID,1,2021-07-16,False
RPID,835,2024-11-07,False
RPRX,1,2020-06-10,False
RR,2,2023-11-20,False
RRC,1443,2021-09-27,False
RRC,1456,2021-10-14,False
RRR,1104,2020-09-15,False
RRR,1226,2021-03-11,False
RRR,1375,2021-10-12,False
RRX,2549,2026-02-24,False
RS,1802,2023-03-02,False
RSBA,1,2024-12-19,False
RSBT,1,2023-02-09,False
RSBY,1,2024-08-22,False
RSDE,1,2024-12-24,False
RSEE,1,2022-01-21,False
RSEE,8,2022-02-01,False
RSHGY,1,2025-02-04,False
RSHGY,10,2025-02-18,False
RSHGY,255,2026-02-09,False
RSHO,1,2023-05-12,False
RSHO,15,2023-06-02,False
RSI,1,2020-04-27,False
RSI,157,2020-12-07,False
RSI,170,2020-12-24,False
RSJN,1,2024-06-25,False
RSKD,2,2021-08-02,False
RSMC,1,2024-10-14,False
RSMC,17,2024-11-06,False
RSMR,1,2025-03-25,False
RSMV,1,2025-01-14,False
RSPA,1,2024-07-18,False
RSPE,1,2021-11-18,False
RSPG,1240,2020-12-04,False
RSPG,1244,2020-12-10,False
RSPG,1452,2021-10-08,False
RSSB,1,2023-12-06,False
RSSB,7,2023-12-14,False
RSSE,1,2024-09-24,False
RSSL,1,2024-06-06,False
RSSS,1066,2021-07-06,False
RSSS,1683,2023-12-15,False
RSSS,1924,2024-12-02,False
RSSS,1929,2024-12-09,False
RSST,1,2023-09-07,False
RSSX,1,2025-06-02,False
RSSY,1,2024-05-30,False
RSVR,1,2021-01-06,False
RSVR,832,2024-04-26,False
RSVRW,1,2021-01-26,False
RTAC,1,2025-06-10,False
RTAC,9,2025-06-23,False
RTACU,2,2025-05-15,False
RTAI,1,2020-10-22,False
RTC,1242,2020-12-08,False
RTRE,1,2024-06-04,False
RTXG,2,2025-06-09,False
RTYY,1,2025-12-03,False
RUBI,1,2025-08-05,False
RULE,1,2021-11-03,False
RUM,1,2021-04-15,False
RUMBW,1,2023-12-11,False
RUMBW,4,2023-12-14,False
RUN,1028,2020-02-04,False
RUN,1032,2020-02-10,False
RUN,1034,2020-02-12,False
RUN,1039,2020-02-20,False
RUN,1466,2021-10-28,False
RUNN,1,2023-06-07,False
RUSC,1,2025-05-15,False
RUSHA,2547,2026-02-20,False
RVER,1,2024-04-04,False
RVLPQ,858,2022-03-18,False
RVLPQ,1877,2026-04-14,False
RVLV,435,2021-02-26,False
RVLV,1365,2024-11-06,False
RVLV,1655,2026-01-06,False
RVMD,1,2020-02-14,False
RVMD,4,2020-02-20,False
RVMD,8,2020-02-26,False
RVMD,1445,2025-11-12,False
RVMD,1455,2025-11-26,False
RVMD,1482,2026-01-07,False
RVNL,170,2025-04-22,False
RVRB,1,2022-11-04,False
RVSB,1300,2021-03-08,False
RVSN,1,2022-04-01,False
RVSNW,1,2022-04-01,False
RW,1,2025-06-20,False
RWAY,1,2021-10-22,False
RWAY,17,2021-11-15,False
RWAYI,1,2026-02-05,False
RWAYL,1,2022-08-02,False
RWEM,1,2021-12-17,False
RWIN,1,2026-04-08,False
RWJ,1233,2020-11-24,False
RWJ,1240,2020-12-04,False
RWJ,1275,2021-01-27,False
RWLC,1,2021-12-17,False
RWM,1051,2020-03-09,False
RWTN,1,2024-02-05,False
RWTO,1,2024-06-26,False
RWTP,1,2025-01-31,False
RWTQ,1,2025-11-26,False
RXL,2489,2025-11-25,False
RXO,1,2022-10-28,False
RXRX,1,2021-04-19,False
RXST,1,2021-08-02,False
RXST,455,2023-05-22,False
RXST,491,2023-07-14,False
RXST,613,2024-01-08,False
RXT,1,2020-08-06,False
RXT,8,2020-08-17,False
RXT,18,2020-08-31,False
RXT,971,2024-06-14,False
RXT,978,2024-06-26,False
RYAAY,1767,2023-01-10,False
RYAAY,1996,2023-12-07,False
RYAM,2432,2025-09-05,False
RYAM,2441,2025-09-18,False
RYAN,2,2021-07-26,False
RYAN,23,2021-08-24,False
RYDE,1,2024-03-07,False
RYET,1,2025-04-09,False
RYET,4,2025-04-14,False
RYI,1557,2022-03-10,False
RYI,1783,2023-02-02,False
RYI,1794,2023-02-17,False
RYI,2523,2026-01-15,False
RYLG,1,2022-10-06,False
RYM,1,2021-01-29,False
RYOJ,2,2025-08-15,False
RYSE,1,2023-02-06,False
RYZ,1557,2022-03-10,False
RYZ,1783,2023-02-02,False
RYZ,1794,2023-02-17,False
RYZ,2523,2026-01-15,False
RZG,1284,2021-02-09,False
RZLT,2059,2025-07-09,False
RZLT,2069,2025-07-23,False
RZLT,2113,2025-09-24,False
RZLV,1,2021-11-11,False
RZLVW,2,2021-11-15,False
RZV,1233,2020-11-24,False
RZV,1240,2020-12-04,False
RZV,1302,2021-03-08,False
S,2,2021-07-02,False
S,622,2023-12-19,False
SA,2072,2024-03-28,False
SA,2443,2025-09-22,False
SA,2448,2025-09-29,False
SA,2458,2025-10-13,False
SAA,1117,2020-12-04,False
SAAQ,1,2026-03-23,False
SAAQU,1,2026-01-29,False
SAAQW,1,2026-03-23,False
SABS,1,2021-02-10,False
SABSW,1,2021-02-10,False
SABSW,8,2021-02-22,False
SAC-UN,1,2025-12-05,False
SAC-WT,1,2026-01-27,False
SACH,1179,2021-10-18,False
SAEF,1,2021-11-17,False
SAFE,1389,2021-07-12,False
SAFE,2001,2023-12-14,False
SAFX,1,2021-12-01,False
SAGP,1,2022-01-26,False
SAGT,1,2025-03-07,False
SAH,2381,2025-06-24,False
SAH,2387,2025-07-02,False
SAIA,1240,2020-12-04,False
SAIA,1471,2021-11-04,False
SAIA,1480,2021-11-17,False
SAIA,1898,2023-07-20,False
SAIA,1902,2023-07-26,False
SAIC,1993,2023-12-04,False
SAIH,1,2021-06-29,False
SAIHW,1,2021-06-29,False
SAIL,1,2025-02-14,False
SAJ,1,2022-11-04,False
SAM,1108,2020-05-29,False
SAM,1147,2020-07-24,False
SAMM,1,2024-04-05,False
SAMT,1,2022-01-26,False
SAMT,4,2022-01-31,False
SAMT,16,2022-02-16,False
SAN,1783,2023-02-02,False
SAN,2300,2025-02-26,False
SANA,1,2021-02-05,False
SANG,2058,2024-03-08,False
SANM,1725,2022-11-08,False
SANM,2031,2024-01-30,False
SAP,1133,2020-07-06,False
SAPH,1,2025-01-08,False
SAPH,9,2025-01-22,False
SARK,1,2021-11-10,False
SARK,10,2021-11-23,False
SARK,15,2021-12-01,False
SARK,50,2022-01-21,False
SARO,1,2024-10-02,False
SAT,1,2022-05-04,False
SATG,1,2025-12-17,False
SATG,4,2025-12-22,False
SATL,1,2021-03-29,False
SATLW,2,2022-01-26,False
SATO,1,2021-10-08,False
SATO,6,2021-10-15,False
SATO,9,2021-10-20,False
SATO,16,2021-10-29,False
SATO,18,2021-11-02,False
SATO,22,2021-11-08,False
SATO,439,2023-07-10,False
SATO,546,2023-12-08,False
SATO,553,2023-12-19,False
SATO,694,2024-07-15,False
SATO,1001,2025-10-03,False
SATS,1910,2023-08-07,False
SATS,2507,2025-12-22,False
SATS,2520,2026-01-12,False
SAUG,1,2023-08-22,False
SAV,1,2026-02-12,False
SAWG,1,2024-08-01,False
SAWS,1,2024-08-01,False
SAY,1,2022-12-19,False
SAZ,1,2023-04-25,False
SB,1263,2021-01-08,False
SBAC,1034,2020-02-12,False
SBAR,1,2025-04-16,False
SBB,859,2020-03-09,False
SBB,2134,2025-04-04,False
SBC,1,2022-09-27,False
SBC,227,2024-02-23,False
SBCF,2001,2023-12-14,False
SBCWW,2,2024-09-19,False
SBDS,2,2021-11-01,False
SBDS,8,2021-11-09,False
SBDS,12,2021-11-15,False
SBFMW,1,2022-02-16,False
SBGI,1238,2020-12-02,False
SBH,1302,2021-03-08,False
SBH,1783,2023-02-02,False
SBH,2001,2023-12-14,False
SBIL,1,2025-07-16,False
SBIO,1660,2022-08-08,False
SBIO,2008,2023-12-26,False
SBIT,1,2024-04-03,False
SBLK,1267,2021-01-14,False
SBLK,1287,2021-02-12,False
SBLK,2553,2026-03-02,False
SBR,1616,2022-06-03,False
SBR,1618,2022-06-07,False
SBRA,1240,2020-12-04,False
SBS,1564,2022-03-21,False
SBS,1573,2022-04-01,False
SBSW,1539,2022-02-11,False
SBSW,2528,2026-01-23,False
SBTU,1,2025-10-22,False
SBU,1,2025-11-18,False
SBU,4,2025-11-21,False
SBU,22,2025-12-18,False
SBXD,1,2024-10-07,False
SBXD-UN,1,2024-08-19,False
SBXD-WT,2,2024-12-26,False
SBXE-U,1,2025-12-05,False
SBXE-UN,1,2025-12-04,False
SBXE-WS,1,2026-01-26,False
SCAG,1,2025-06-30,False
SCAP,2,2023-12-14,False
SCC,1873,2025-03-10,False
SCC,2137,2026-03-27,False
SCCC,1,2020-09-11,False
SCCD,1,2021-12-23,False
SCCE,1,2022-03-11,False
SCCF,1,2022-05-13,False
SCCG,1,2022-08-26,False
SCCO,1233,2020-11-24,False
SCCO,1782,2023-02-01,False
SCCO,2075,2024-04-03,False
SCCO,2079,2024-04-09,False
SCCO,2520,2026-01-12,False
SCCO,2532,2026-01-29,False
SCCR,1,2025-02-06,False
SCDL,1,2021-02-08,False
SCDL,20,2021-03-08,False
SCDL,34,2021-03-26,False
SCDL,1255,2026-02-05,False
SCDS,1,2024-08-09,False
SCDV,1,2024-12-13,False
SCE-PM,1,2023-11-21,False
SCEC,1,2025-03-17,False
SCEP,1,2025-12-12,False
SCHL,1366,2021-06-08,False
SCHQ,102,2020-03-09,False
SCHW,1228,2020-11-17,False
SCHW,2001,2023-12-14,False
SCHY,1,2021-04-30,False
SCII,1,2026-01-21,False
SCIIR,1,2026-01-21,False
SCIO,1,2024-03-01,False
SCKT,2099,2024-05-14,False
SCL,2536,2026-02-04,False
SCL,2541,2026-02-11,False
SCLS,1,2025-11-05,False
SCLX,1,2021-03-08,False
SCLXW,2,2021-03-10,False
SCLZ,1,2024-02-28,False
SCMB,1,2022-10-13,False
SCMC,1,2025-12-12,False
SCNM,1,2025-12-12,False
SCOR,1381,2021-06-29,False
SCOW,1,2025-08-29,False
SCPQ,1,2026-02-13,False
SCPQW,3,2026-02-18,False
SCRD,1,2021-09-09,False
SCSB,1,2026-03-31,False
SCSC,1233,2020-11-24,False
SCSC,1428,2021-09-03,False
SCUB,1,2026-03-31,False
SCUS,1,2024-08-14,False
SCVL,1316,2021-03-26,False
SCYB,1,2023-07-12,False
SD,1229,2021-08-23,False
SD,1233,2021-08-27,False
SDA,1,2021-04-19,False
SDAWW,1,2023-05-16,False
SDCI,817,2022-03-08,False
SDCP,1,2023-11-17,False
SDD,855,2020-03-06,False
SDD,2115,2025-03-13,False
SDFI,1,2024-06-11,False
SDGR,1,2020-02-07,False
SDHC,1,2024-01-12,False
SDHC,9,2024-01-25,False
SDHC,12,2024-01-30,False
SDHC,19,2024-02-08,False
SDHI,1,2025-06-04,False
SDHIU,1,2025-04-02,False
SDM,1,2025-05-02,False
SDMF,1,2026-02-18,False
SDOT,2,2020-02-18,False
SDOT,9,2020-02-27,False
SDOT,251,2021-02-11,False
SDP,1703,2022-10-07,False
SDP,1949,2023-10-02,False
SDRL,1,2022-06-17,False
SDRL,89,2023-01-27,False
SDRL,92,2023-02-01,False
SDRL,207,2023-07-19,False
SDRL,215,2023-07-31,False
SDS,1051,2020-03-09,False
SDS,2327,2025-04-04,False
SDSI,1,2022-10-14,False
SDST,1,2021-03-08,False
SDSTW,2,2024-07-10,False
SDTY,1,2025-02-07,False
SDVD,1,2023-08-11,False
SE,583,2020-02-18,False
SE,585,2020-02-20,False
SE,667,2020-06-17,False
SE,830,2021-02-09,False
SE,1602,2024-03-06,False
SE,1851,2025-03-05,False
SEA,1,2022-01-21,False
SEA,7,2022-01-31,False
SEAT,1,2020-10-13,False
SEATW,2,2020-10-15,False
SEB,2410,2025-08-05,False
SEB,2423,2025-08-22,False
SEB,2427,2025-08-28,False
SECR,1,2024-06-03,False
SECU,1,2026-01-27,False
SEDA,1,2021-12-29,False
SEELQ,1,2024-11-12,False
SEEM,1,2024-10-11,False
SEER,1,2020-12-07,False
SEER,998,2024-11-22,False
SEF,1050,2020-03-09,False
SEG,1,2024-07-30,False
SEGG,375,2020-12-10,False
SEI,925,2021-01-14,False
SEI,1207,2022-02-28,False
SEI,1213,2022-03-08,False
SEI,1893,2024-11-19,False
SEI,1896,2024-11-22,False
SEIE,1,2024-10-11,False
SEIM,1,2022-05-19,False
SEIM,7,2022-05-27,False
SEIQ,1,2022-05-19,False
SEIS,1,2024-10-11,False
SEIS,19,2024-11-06,False
SEIV,1,2022-05-19,False
SEIV,7,2022-05-27,False
SELF,1364,2021-06-04,False
SELF,2099,2024-05-07,False
SELV,1,2022-05-19,False
SELX,1,2022-06-29,False
SEM,1040,2020-02-21,False
SEMG,1,2025-05-15,False
SEMI,1,2022-03-31,False
SEMR,1,2021-03-25,False
SEMR,686,2023-12-13,False
SEMR,690,2023-12-19,False
SEMR,693,2023-12-22,False
SEMY,1,2025-11-19,False
SENEA,1303,2021-03-09,False
SENEA,1933,2023-09-08,False
SENEA,1937,2023-09-14,False
SENEA,2581,2026-04-10,False
SENT,1,2021-02-03,False
SEPI,1,2025-09-09,False
SEPM,1,2024-09-24,False
SEPN,1,2024-10-25,False
SEPN,231,2025-09-29,False
SEPP,1,2024-05-16,False
SEPT,1,2023-09-05,False
SEPU,1,2024-09-04,False
SEPW,1,2023-09-05,False
SEPZ,1,2020-09-02,False
SERA,1,2021-07-16,False
SERV,1,2024-03-08,False
SES,1,2021-03-02,False
SES-WT,1,2021-03-02,False
SETH,1,2023-11-03,False
SETH,188,2024-08-05,False
SETM,1,2023-02-03,False
SETM,600,2025-06-26,False
SETM,609,2025-07-10,False
SETM,617,2025-07-22,False
SETM,675,2025-10-13,False
SETM,745,2026-01-23,False
SEV,1,2025-10-17,False
SEVN,1284,2021-02-09,False
SEVN,2001,2023-12-14,False
SEZL,1,2023-09-13,False
SF,1294,2021-02-24,False
SF,2226,2024-11-06,False
SFBC,1012,2021-03-10,False
SFBC,1018,2021-03-19,False
SFBS,1302,2021-03-08,False
SFD,2,2025-01-30,False
SFEB,1,2024-02-21,False
SFGV,1,2024-01-19,False
SFHG,1,2024-10-16,False
SFIX,892,2021-06-08,False
SFL,1304,2021-03-10,False
SFL,2541,2026-02-11,False
SFLO,1,2023-12-22,False
SFLR,1,2022-11-10,False
SFM,2112,2024-05-24,False
SFM,2226,2024-11-06,False
SFM,2240,2024-11-26,False
SFNC,1302,2021-03-08,False
SFRT,1,2021-01-26,False
SFST,1302,2021-03-08,False
SFTX,1,2025-12-04,False
SFTY,1,2025-06-27,False
SFWL,1,2023-03-31,False
SFWL,6,2023-04-10,False
SG,1,2021-11-19,False
SG,420,2023-07-25,False
SGC,1984,2023-11-20,False
SGC,2004,2023-12-19,False
SGDJ,1145,2020-07-22,False
SGDJ,1148,2020-07-27,False
SGDJ,1155,2020-08-05,False
SGDJ,2436,2025-09-11,False
SGDJ,2443,2025-09-22,False
SGDJ,2448,2025-09-29,False
SGDJ,2461,2025-10-16,False
SGDJ,2520,2026-01-12,False
SGDJ,2531,2026-01-28,False
SGDM,2443,2025-09-22,False
SGDM,2461,2025-10-16,False
SGDM,2525,2026-01-20,False
SGHC,1,2020-11-24,False
SGHC,994,2024-11-06,False
SGHC,1002,2024-11-18,False
SGHC,1008,2024-11-26,False
SGHT,1,2021-07-16,False
SGHT,3,2021-07-20,False
SGHT,13,2021-08-03,False
SGI,1302,2021-03-08,False
SGI,1307,2021-03-15,False
SGI,1783,2023-02-02,False
SGLC,1,2023-04-03,False
SGML,508,2020-07-10,False
SGML,513,2020-07-17,False
SGML,630,2021-01-04,False
SGML,780,2021-08-09,False
SGMT,1,2023-07-17,False
SGN,1,2023-11-15,False
SGOL,2531,2026-01-28,False
SGOV,1,2020-05-29,False
SGRP,1643,2022-09-08,False
SGRT,1,2025-08-21,False
SGRT,34,2025-10-08,False
SGRW,1,2026-01-16,False
SGRY,1368,2021-06-10,False
SGVT,1,2025-06-13,False
SHAK,1284,2021-02-09,False
SHAK,2052,2024-02-29,False
SHAZ,1,2021-12-28,False
SHC,1,2020-11-23,False
SHC,930,2024-08-06,False
SHDG,1,2022-10-25,False
SHEH,1,2024-10-08,False
SHEL,1240,2020-12-04,False
SHEN,2555,2026-03-04,False
SHFS,1,2021-08-23,False
SHFSW,1,2022-09-27,False
SHG,1771,2023-01-17,False
SHG,2390,2025-07-08,False
SHG,2542,2026-02-12,False
SHIM,1,2023-11-15,False
SHIP,1412,2021-09-13,False
SHIP,2532,2026-03-02,False
SHLD,1,2023-09-14,False
SHLS,3,2021-02-01,False
SHMD,1,2024-04-30,False
SHMDW,1,2024-04-30,False
SHMXY,1,2025-03-04,False
SHMXY,19,2025-03-28,False
SHNY,1,2023-02-23,False
SHNY,13,2023-03-13,False
SHNY,29,2023-04-04,False
SHNY,278,2024-04-02,False
SHNY,652,2025-09-29,False
SHNY,657,2025-10-06,False
SHNY,663,2025-10-14,False
SHOC,1,2022-10-07,False
SHOO,1222,2020-11-09,False
SHOO,1232,2020-11-23,False
SHOO,2001,2023-12-14,False
SHOP,1034,2020-02-12,False
SHOP,2247,2024-12-06,False
SHOP,2411,2025-08-06,False
SHPD,1,2025-08-07,False
SHPD,7,2025-08-15,False
SHPH,1,2022-09-01,False
SHPP,1,2022-06-10,False
SHPU,1,2025-08-07,False
SHRT,1,2023-11-07,False
SHUS,1,2021-06-17,False
SHYM,1,2021-03-19,False
SI,1,2025-08-01,False
SIBN,480,2020-09-15,False
SID,1183,2020-09-15,False
SID,1240,2020-12-04,False
SID,1250,2020-12-18,False
SID,1256,2020-12-29,False
SID,1552,2022-03-03,False
SID,1778,2023-01-26,False
SID,1992,2023-12-01,False
SIDU,1,2021-12-15,False
SIFI,1,2021-09-17,False
SIG,1996,2023-12-07,False
SIG,2001,2023-12-14,False
SIGA,2412,2025-08-07,False
SIHY,1,2021-09-17,False
SII,1131,2020-07-01,False
SII,1303,2021-03-09,False
SII,1307,2021-03-15,False
SII,1477,2021-11-12,False
SII,1583,2022-04-18,False
SII,2382,2025-06-25,False
SII,2460,2025-10-15,False
SII,2525,2026-01-20,False
SII,2531,2026-01-28,False
SII,2547,2026-02-20,False
SIL,2436,2025-09-11,False
SIL,2443,2025-09-22,False
SIL,2520,2026-01-12,False
SIL,2525,2026-01-20,False
SIL,2528,2026-01-23,False
SILA,1,2021-02-09,False
SILJ,2436,2025-09-11,False
SILJ,2443,2025-09-22,False
SILJ,2448,2025-09-29,False
SILJ,2455,2025-10-08,False
SILJ,2520,2026-01-12,False
SILJ,2525,2026-01-20,False
SIMA,1,2024-09-03,False
SIMAU,2,2024-07-11,False
SIMAW,2,2024-09-03,False
SIMAW,16,2024-09-27,False
SIMO,1282,2021-02-05,False
SIMO,1506,2021-12-27,False
SIMO,1596,2022-05-05,False
SIMO,2384,2025-06-27,False
SIMO,2443,2025-09-22,False
SIMO,2451,2025-10-02,False
SIO,1,2022-07-26,False
SION,1,2025-02-07,False
SIOO,1,2025-12-12,False
SIRI,1891,2023-07-11,False
SITC,1294,2021-02-24,False
SITE,1182,2021-01-22,False
SIVR,1145,2020-07-22,False
SIVR,1156,2020-08-06,False
SIVR,2458,2025-10-13,False
SIVR,2461,2025-10-16,False
SIVR,2516,2026-01-06,False
SIVR,2520,2026-01-12,False
SIVR,2529,2026-01-26,False
SIXA,1,2020-05-12,False
SIXD,1,2024-06-04,False
SIXF,1,2024-02-02,False
SIXH,1,2020-05-12,False
SIXJ,1,2022-01-04,False
SIXL,1,2020-05-12,False
SIXO,1,2021-10-04,False
SIXP,1,2024-03-04,False
SIXS,1,2020-05-12,False
SIXS,5,2020-05-18,False
SIXS,11,2020-05-27,False
SIXS,19,2020-06-08,False
SIXZ,1,2024-05-02,False
SJB,1061,2020-03-23,False
SJCP,1,2024-09-11,False
SJLD,1,2024-09-11,False
SJT,1231,2020-11-20,False
SJT,1351,2021-05-17,False
SJT,1479,2021-11-16,False
SJT,1582,2022-04-14,False
SJT,1590,2022-04-27,False
SJT,2359,2025-05-21,False
SKBL,1,2025-01-24,False
SKE,892,2020-07-01,False
SKE,2286,2026-01-20,False
SKE,2292,2026-01-28,False
SKE,2300,2026-02-09,False
SKIL,1376,2025-01-15,False
SKIN,1,2020-11-25,False
SKIN,10,2020-12-09,False
SKIN,133,2021-06-08,False
SKIN,137,2021-06-14,False
SKIN,139,2021-06-16,False
SKK,1,2024-10-09,False
SKLZ,1,2020-04-28,False
SKM,2530,2026-01-27,False
SKM,2536,2026-02-04,False
SKM,2544,2026-02-17,False
SKRE,1,2024-01-05,False
SKRE,7,2024-01-16,False
SKRE,18,2024-01-31,False
SKRE,312,2025-04-03,False
SKT,1240,2020-12-04,False
SKWD,1,2023-01-13,False
SKY,1286,2021-02-11,False
SKY,1786,2023-02-07,False
SKY,1792,2023-02-15,False
SKY,2168,2024-08-15,False
SKYH,1,2020-12-09,False
SKYH,717,2023-10-16,False
SKYH-WT,2,2022-03-02,False
SKYQ,1,2024-10-11,False
SKYT,2,2021-04-23,False
SKYU,1,2021-01-22,False
SKYU,8,2021-02-02,False
SKYU,13,2021-02-09,False
SKYU,604,2023-06-15,False
SKYU,967,2024-11-22,False
SKYW,2223,2024-11-01,False
SKYX,1,2022-02-11,False
SLAB,1291,2021-02-19,False
SLAB,1791,2023-02-14,False
SLAMF,1,2021-04-19,False
SLB,2536,2026-02-04,False
SLDE,1,2025-06-18,False
SLDP,1,2021-05-19,False
SLDP,14,2021-06-08,False
SLDP,115,2021-10-29,False
SLDP,1009,2025-05-23,False
SLDPW,2,2021-12-08,False
SLDR,1,2024-09-12,False
SLGB,1,2025-10-16,False
SLGC,1,2021-04-26,False
SLGL,1883,2025-08-05,False
SLGL,1893,2025-08-19,False
SLJY,1,2025-08-20,False
SLJY,41,2025-10-16,False
SLJY,100,2026-01-12,False
SLJY,105,2026-01-20,False
SLJY,108,2026-01-23,False
SLM,1205,2020-10-15,False
SLM,1219,2020-11-04,False
SLM,1223,2020-11-10,False
SLM,1265,2021-01-12,False
SLM,2001,2023-12-14,False
SLMT,1,2023-01-30,False
SLN,1,2020-09-09,False
SLN,854,2024-01-31,False
SLNAF,1,2022-10-28,False
SLND,1,2021-12-27,False
SLND,886,2025-07-09,False
SLND-WT,1,2024-12-10,False
SLNG,1884,2023-06-29,False
SLNG,1887,2023-07-05,False
SLNZ,1,2024-11-19,False
SLON,1,2025-07-16,False
SLQT,1,2020-05-22,False
SLQT,4,2020-05-28,False
SLQT,16,2020-06-15,False
SLQT,194,2021-03-01,False
SLQT,1151,2024-12-17,False
SLS,1104,2020-05-22,False
SLSN,1,2025-04-08,False
SLSN,5,2025-04-14,False
SLTY,1,2025-08-22,False
SLV,1145,2020-07-22,False
SLV,1156,2020-08-06,False
SLV,2458,2025-10-13,False
SLV,2461,2025-10-16,False
SLV,2516,2026-01-06,False
SLV,2520,2026-01-12,False
SLV,2529,2026-01-26,False
SLVM,1,2021-09-24,False
SLVM,100,2022-02-15,False
SLVP,2075,2024-04-03,False
SLVP,2430,2025-09-03,False
SLVP,2436,2025-09-11,False
SLVP,2443,2025-09-22,False
SLVP,2520,2026-01-12,False
SLVP,2525,2026-01-20,False
SLVR,1,2025-01-16,False
SLVR,10,2025-01-30,False
SLVR,171,2025-09-22,False
SLVR,176,2025-09-29,False
SLVR,248,2026-01-12,False
SLVR,253,2026-01-20,False
SLX,1233,2020-11-24,False
SLX,1240,2020-12-04,False
SLX,1261,2021-01-06,False
SLXN,1,2021-04-08,False
SLXNW,1,2021-04-12,False
SM,2562,2026-03-13,False
SMA,1,2025-04-03,False
SMA,11,2025-04-17,False
SMA,19,2025-04-30,False
SMAP,1,2024-10-24,False
SMAP,10,2024-11-06,False
SMAX,1,2024-10-02,False
SMAY,1,2023-05-23,False
SMBC,1311,2021-03-19,False
SMBC,1472,2021-11-05,False
SMBS,1,2024-11-20,False
SMC,1390,2021-07-13,False
SMCF,1,2023-12-14,False
SMCL,1,2024-12-11,False
SMCO,1,2023-11-30,False
SMCP,864,2021-03-10,False
SMCP,1007,2021-09-29,False
SMCP,1019,2021-10-15,False
SMCP,1833,2024-12-27,False
SMCX,1,2024-08-22,False
SMCY,1,2024-09-13,False
SMCY,6,2024-09-20,False
SMCY,17,2024-10-07,False
SMCZ,1,2025-04-01,False
SMDX,1,2025-03-03,False
SMFG,1770,2023-01-13,False
SMFG,2057,2024-03-07,False
SMFL,1,2022-02-17,False
SMG,1272,2021-01-22,False
SMG,1280,2021-02-03,False
SMHI,938,2021-02-24,False
SMHI,1200,2022-03-09,False
SMHI,1521,2023-06-20,False
SMHX,1,2024-08-29,False
SMHX,9,2024-09-11,False
SMID,1175,2020-11-10,False
SMID,1940,2023-11-28,False
SMID,1944,2023-12-04,False
SMID,1947,2023-12-07,False
SMIG,1,2021-08-27,False
SMIZ,1,2023-10-04,False
SMJF,2,2025-12-08,False
SMJF,11,2025-12-19,False
SMLL,1,2024-08-30,False
SMN,2246,2024-12-19,False
SMOG,1263,2021-01-08,False
SMOM,1,2025-09-11,False
SMOT,1,2022-10-07,False
SMOX,1,2025-12-04,False
SMP,2416,2025-08-13,False
SMQ,1,2025-12-02,False
SMR,1,2020-12-10,False
SMR,9,2020-12-22,False
SMRF,1,2026-02-20,False
SMRI,1,2023-09-15,False
SMRT,1,2021-02-08,False
SMSI,1034,2020-02-12,False
SMSI,1281,2021-02-04,False
SMSI,1781,2023-01-31,False
SMST,1,2024-08-22,False
SMTC,2079,2024-04-09,False
SMTC,2449,2025-09-30,False
SMTH,1,2023-12-07,False
SMTI,1112,2020-12-16,False
SMU,1,2025-07-14,False
SMUP,1,2025-07-28,False
SMWB,1,2021-05-13,False
SMWB,689,2024-02-07,False
SMWB,708,2024-03-06,False
SMWB,889,2024-11-21,False
SMWB,902,2024-12-11,False
SMWB,908,2024-12-19,False
SMWB,924,2025-01-15,False
SMX,1,2021-12-10,False
SMXT,1,2024-02-28,False
SMXWW,1,2021-12-08,False
SMYY,1,2025-10-01,False
SMZ,1,2026-02-12,False
SN,1,2023-08-01,False
SN,166,2024-03-27,False
SN,203,2024-05-20,False
SN,282,2024-09-12,False
SNA,2226,2024-11-06,False
SNAG,2,2025-12-22,False
SNAG,7,2025-12-30,False
SNAG,11,2026-01-06,False
SNAL,1,2022-11-11,False
SNAP,725,2020-01-17,False
SNAP,843,2020-07-08,False
SNAP,917,2020-10-21,False
SNAP,1708,2023-12-13,False
SNAV,1,2023-01-12,False
SNBR,1261,2021-01-06,True
SNBR,1282,2021-02-05,False
SNBR,1284,2021-02-09,False
SNBR,1286,2021-02-11,False
SNBR,1295,2021-02-25,False
SNCY,1,2021-03-18,False
SNCY,19,2021-04-14,False
SNCY,1211,2026-01-12,False
SNCY,1223,2026-01-29,False
SNCY,1227,2026-02-04,False
SNCY,1229,2026-02-06,False
SNDK,2,2025-02-18,False
SNDK,11,2025-03-03,False
SNDR,1841,2024-08-01,False
SNDU,1,2026-03-13,False
SNEX,2539,2026-02-09,False
SNFCA,1001,2020-01-09,False
SNFCA,2224,2024-11-18,False
SNOU,1,2025-04-25,False
SNOU,5,2025-05-01,False
SNOU,10,2025-05-08,False
SNOU,12,2025-05-12,False
SNOV,1,2023-11-21,False
SNOW,1,2020-09-17,False
SNOW,8,2020-09-28,False
SNOW,294,2021-11-15,False
SNOW,1053,2024-11-21,False
SNOY,1,2024-06-12,False
SNOY,11,2024-06-27,False
SNOY,114,2024-11-21,False
SNOY,122,2024-12-04,False
SNOY,258,2025-06-24,False
SNPD,1,2022-11-10,False
SNPG,1,2022-11-10,False
SNPV,1,2022-11-09,False
SNPX,1,2025-11-14,False
SNPX,7,2025-11-24,False
SNPX,11,2025-12-01,False
SNPX,26,2025-12-22,False
SNPX,35,2026-01-06,False
SNSE,1,2021-02-05,False
SNT,1251,2020-12-23,False
SNT,1253,2020-12-28,False
SNT,2082,2024-04-16,False
SNTG,2,2021-07-13,False
SNTH,1,2025-03-12,False
SNTI,1,2021-05-27,False
SNX,1312,2021-03-22,False
SNX,1316,2021-03-26,False
SNX,1321,2021-04-05,False
SNXX,1,2026-01-28,False
SOAR,1,2022-01-24,False
SOBO,1,2024-10-04,False
SOBO,4,2024-10-09,False
SOBO,9,2024-10-16,False
SOBO,11,2024-10-18,False
SOC,1,2021-04-20,False
SOCA,1,2025-09-08,False
SOCAU,1,2025-07-17,False
SOCL,1136,2020-07-09,False
SOCL,1285,2021-02-10,False
SOCL,1783,2023-02-02,False
SOEZ,1,2025-12-04,False
SOF,1,2023-11-15,False
SOFA,1,2026-02-12,False
SOFI,1,2020-12-01,False
SOFI,6,2020-12-08,False
SOFI,19,2020-12-28,False
SOFI,990,2024-11-06,False
SOFI,1002,2024-11-22,False
SOFI,1149,2025-06-30,False
SOFI,1161,2025-07-17,False
SOFI,1169,2025-07-29,False
SOFI,1179,2025-08-12,False
SOFI,1206,2025-09-19,False
SOFR,1,2023-11-16,False
SOFX,2,2025-01-21,False
SOGP,1,2020-01-21,False
SOHOB,1053,2021-02-24,False
SOHU,2141,2024-07-09,False
SOHU,2411,2025-08-06,False
SOJD,1,2020-01-15,False
SOJE,1,2020-09-24,False
SOJF,1,2025-01-17,False
SOLC,1,2025-11-19,False
SOLM,1,2025-11-05,False
SOLR,1,2020-11-13,False
SOLR,22,2020-12-15,False
SOLR,37,2021-01-07,False
SOLR,46,2021-01-21,False
SOLS,1,2025-10-20,False
SOLS,8,2025-10-29,False
SOLS,79,2026-02-11,False
SOLT,2,2025-03-24,False
SOLV,1,2024-03-27,False
SOLX,1,2025-12-03,False
SOLZ,2,2025-03-24,False
SOMN,1,2025-11-05,False
SON,2536,2026-02-04,False
SON,2544,2026-02-17,False
SONDQ,1,2021-03-16,False
SONO,631,2021-02-04,False
SONO,634,2021-02-09,False
SONO,636,2021-02-11,False
SONO,644,2021-02-24,False
SOPA,1,2021-11-10,False
SOPH,1,2021-07-26,False
SOPH,7,2021-08-03,False
SORA,2,2025-05-27,False
SORN,1,2026-03-02,False
SORNW,1,2026-03-04,False
SOTK,890,2020-08-24,False
SOUN,1,2022-04-29,False
SOUN,646,2024-11-21,True
SOUNW,1,2022-04-26,False
SOUX,1,2025-06-25,False
SOVF,1,2023-10-04,False
SOXQ,1,2021-06-14,False
SOXY,1,2024-12-04,False
SOXY,22,2025-01-06,False
SPAI,1,2024-08-29,False
SPAI,4,2024-09-04,False
SPAM,1,2023-12-11,False
SPAQ,1,2023-01-31,False
SPBC,1,2021-05-26,False
SPBU,1,2025-03-07,False
SPBW,1,2025-01-10,False
SPBX,1,2025-01-10,False
SPC,1,2021-09-22,False
SPCE,802,2020-12-07,False
SPCI,1,2026-03-13,False
SPCI,3,2026-03-17,False
SPCI,9,2026-03-25,False
SPCK,1,2020-12-17,False
SPCK,18,2021-01-13,False
SPCK,24,2021-01-22,False
SPCK,31,2021-02-02,False
SPCT,1,2025-10-01,False
SPCZ,1,2022-07-13,False
SPD,1,2020-09-08,False
SPDG,1,2023-09-13,False
SPDN,953,2020-03-23,False
SPEG,1,2025-09-10,False
SPFI,463,2021-03-11,False
SPG,1239,2020-12-03,False
SPG,1294,2021-02-24,False
SPG,1470,2021-11-03,False
SPG,2001,2023-12-14,False
SPH,1199,2020-10-07,False
SPH,1210,2020-10-22,False
SPHB,1240,2020-12-04,False
SPHL,1,2024-10-18,False
SPHL,7,2024-10-28,False
SPHR,1,2020-04-13,False
SPHR,830,2023-07-28,False
SPHR,980,2024-03-04,False
SPIN,1,2024-09-06,False
SPIR,1,2020-11-04,False
SPIT,1,2025-10-07,False
SPKL,1,2023-11-28,False
SPKLU,1,2023-10-06,False
SPLS,1,2026-01-20,False
SPMC,1,2024-06-17,False
SPME,1,2025-07-14,False
SPNT,1851,2023-05-11,False
SPOG,1,2025-11-18,False
SPOK,1824,2023-04-03,False
SPOT,578,2020-07-20,False
SPOT,1483,2024-02-23,False
SPOT,1489,2024-03-04,False
SPOT,1666,2024-11-13,False
SPPL,1,2023-09-14,False
SPPP,1017,2020-01-17,False
SPPP,1555,2022-03-08,False
SPPP,2383,2025-06-26,False
SPPP,2387,2025-07-02,False
SPPP,2393,2025-07-11,False
SPPP,2461,2025-10-16,False
SPRB,1,2020-10-12,False
SPRB,10,2020-10-23,False
SPRB,34,2020-11-27,False
SPRC,1,2021-08-31,False
SPRE,1,2020-12-31,False
SPRO,789,2020-12-22,False
SPRX,1,2021-08-05,False
SPRX,466,2023-06-12,False
SPRY,1,2020-12-07,False
SPRY,13,2020-12-23,False
SPRY,17,2020-12-30,False
SPRY,398,2022-07-07,False
SPRY,402,2022-07-13,False
SPRY,753,2023-12-04,False
SPRY,786,2024-01-23,False
SPRY,808,2024-02-23,False
SPSC,1111,2020-06-03,False
SPSC,1120,2020-06-16,False
SPSC,1235,2020-11-27,False
SPSC,1252,2020-12-22,False
SPSC,1419,2021-08-23,False
SPSC,1424,2021-08-30,False
SPSC,1436,2021-09-16,False
SPSC,1440,2021-09-22,False
SPT,15,2020-01-07,False
SPT,20,2020-01-14,False
SPT,25,2020-01-22,False
SPT,34,2020-02-04,False
SPT,426,2021-08-24,False
SPT,434,2021-09-03,False
SPTB,1,2024-05-22,False
SPTE,1,2023-12-04,False
SPTL,1051,2020-03-09,False
SPTU,1,2025-10-09,False
SPUC,1,2020-09-08,False
SPUT,1,2025-03-17,False
SPWO,1,2023-12-21,False
SPWR,1,2021-04-20,False
SPWRW,1,2025-04-22,False
SPXC,2408,2025-08-01,False
SPXD,1,2025-07-25,False
SPXL,2000,2023-12-13,False
SPYA,1,2025-06-04,False
SPYC,1,2020-09-08,False
SPYH,1,2025-04-04,False
SPYH,4,2025-04-09,False
SPYI,1,2022-08-31,False
SPYQ,1,2024-10-02,False
SPYT,1,2024-03-08,False
SPYU,1,2023-12-05,False
SPYU,7,2023-12-13,False
SPYU,11,2023-12-19,False
SQFT,1,2020-10-08,False
SQLT,1,2026-04-02,False
SQLV,819,2021-01-06,False
SQM,1552,2022-03-03,False
SQM,2483,2025-11-17,False
SQM,2490,2025-11-26,False
SQM,2507,2025-12-22,False
SQMX,1,2024-12-24,False
SRAD,1,2021-09-15,False
SRBK,1,2023-09-21,False
SRCE,2151,2024-07-26,False
SRFM,1,2023-07-28,False
SRG,2434,2025-09-09,False
SRHQ,1,2022-10-06,False
SRHR,1,2023-11-03,False
SRHR,8,2023-11-14,False
SRI,1908,2023-08-03,False
SRJN,1,2026-01-20,False
SRL,1283,2021-02-08,False
SROI,1,2023-02-07,False
SRPT,1659,2022-08-08,False
SRPT,1671,2022-08-24,False
SRPU,2,2025-10-27,False
SRS,1704,2022-10-10,False
SRS,1950,2023-10-03,False
SRTA,296,2021-01-08,False
SRTA,304,2021-01-21,False
SRTA,320,2021-02-12,False
SRTS,1297,2021-11-16,False
SRTY,1950,2023-10-03,False
SRTY,1958,2023-10-13,False
SRTY,1963,2023-10-20,False
SRZN,1,2021-01-12,False
SRZNW,1,2021-01-12,False
SSAC,1,2026-03-02,False
SSACR,1,2026-03-02,False
SSACU,1,2026-02-06,False
SSACW,1,2026-03-02,False
SSB,2001,2023-12-14,False
SSB,2154,2024-07-26,False
SSD,1901,2023-07-25,False
SSEA,1,2025-10-03,False
SSFI,1,2021-09-30,False
SSK,1,2025-07-03,False
SSK,9,2025-07-16,False
SSK,29,2025-08-13,False
SSL,1288,2021-02-16,False
SSL,2430,2025-09-03,False
SSP,1302,2021-03-08,False
SSPX,1,2021-09-10,False
SSRM,2305,2025-03-05,False
SSRM,2428,2025-08-29,False
SSS,1,2026-02-02,False
SSSS,1118,2020-06-12,False
SSSS,1903,2023-07-27,False
SSSS,2381,2025-06-24,False
SSSS,2580,2026-04-09,False
SST,1,2020-08-10,False
SST,6,2020-08-17,False
SSTK,1155,2020-08-05,False
SSTK,1220,2020-11-05,False
SSTK,1783,2023-02-02,False
SSUS,1,2020-01-21,False
SSXU,1,2022-07-05,False
SSYS,1253,2020-12-23,False
STAA,1283,2021-02-08,False
STAA,1663,2022-08-11,False
STAK,2,2025-02-28,False
STAK,7,2025-03-07,False
STAX,1,2023-11-30,False
STBA,2147,2024-07-17,False
STBA,2154,2024-07-26,False
STBF,1,2024-04-10,False
STBQ,1,2025-12-24,False
STBQ,7,2026-01-05,False
STBX,1,2022-08-24,False
STC,1478,2021-11-15,False
STC,2001,2023-12-14,False
STCE,2,2022-08-08,False
STCE,335,2023-12-04,False
STCE,339,2023-12-08,False
STCE,346,2023-12-19,False
STCE,349,2023-12-22,False
STCE,568,2024-11-06,False
STCE,739,2025-07-17,False
STCE,782,2025-09-17,False
STCE,794,2025-10-03,False
STEC,1,2021-03-29,False
STEC,245,2022-03-16,False
STEL,766,2020-11-24,False
STEL,1534,2023-12-14,False
STEM,1,2020-10-09,False
STEN,1,2025-10-02,False
STEP,1,2020-09-17,False
STEP,4,2020-09-22,False
STEP,16,2020-10-08,False
STEP,68,2020-12-22,False
STEP,73,2020-12-30,False
STEP,82,2021-01-13,False
STEP,212,2021-07-21,False
STEP,218,2021-07-29,False
STFS,1,2024-10-14,False
STFS,204,2025-08-07,False
STHH,1,2025-03-17,False
STHO,2,2023-03-30,False
STI,1,2022-05-03,False
STKE,1,2021-01-11,False
STKH,1,2021-03-15,False
STKL,1244,2020-12-10,False
STKL,1258,2020-12-31,False
STKL,1273,2021-01-25,False
STKL,1663,2022-08-11,False
STKL,2052,2024-02-29,False
STKL,2538,2026-02-06,False
STKS,1008,2020-01-29,False
STKS,1014,2020-02-06,False
STKS,1288,2021-03-10,False
STKS,1454,2021-11-03,False
STKS,1770,2023-02-07,False
STKS,1991,2023-12-22,False
STLD,1345,2021-05-07,False
STLD,1567,2022-03-24,False
STLD,2226,2024-11-06,False
STLG,1,2020-01-15,False
STLU,1,2026-04-02,False
STM,2387,2025-07-02,False
STN,1277,2021-02-02,False
STNC,1,2021-03-17,False
STNE,523,2020-11-23,False
STNE,541,2020-12-18,False
STNE,1283,2023-12-01,False
STNE,1292,2023-12-14,False
STNE,1739,2025-09-29,False
STNG,1552,2022-03-03,False
STNG,1563,2022-03-18,False
STNG,1608,2022-05-23,False
STNG,2433,2025-09-08,False
STNG,2552,2026-02-27,False
STOK,1546,2025-08-13,False
STOK,1589,2025-10-14,False
STOX,1,2025-06-27,False
STRC,2,2025-07-29,False
STRL,1866,2023-06-02,False
STRL,1884,2023-06-29,False
STRL,1886,2023-07-03,False
STRL,1911,2023-08-08,False
STRL,2393,2025-07-11,False
STRL,2397,2025-07-17,False
STRL,2410,2025-08-05,False
STRN,1,2025-08-21,False
STRT,2386,2025-07-03,False
STRV,1,2022-09-16,False
STRW,2,2022-10-19,False
STRW,339,2024-05-03,False
STRW,356,2024-05-29,False
STRW,378,2024-07-01,False
STRZ,1,2025-05-08,False
STSB,1,2024-11-18,False
STSM,1,2025-11-19,False
STSS,1,2022-04-18,False
STTK,1,2020-10-12,False
STTK,8,2020-10-21,False
STTK,11,2020-10-26,False
STTK,17,2020-11-03,False
STTK,31,2020-11-23,False
STUB,1,2025-09-17,False
STVN,1,2021-07-19,False
STVN,13,2021-08-04,False
STVN,24,2021-08-19,False
STVN,34,2021-09-02,False
STVN,48,2021-09-23,False
STVN,382,2023-01-23,False
STX,1240,2020-12-04,False
STX,2000,2023-12-13,False
STX,2387,2025-07-02,False
STX,2438,2025-09-15,False
STX,2450,2025-10-01,False
STXD,1,2022-11-11,False
STXE,1,2023-02-01,False
STXG,1,2022-11-11,False
STXI,1,2024-06-27,False
STXK,1,2022-11-11,False
STXM,1,2024-04-12,False
STXT,1,2023-08-11,False
STXV,1,2022-11-11,False
SU,1466,2021-10-28,False
SUGP,1,2024-01-25,False
SUIG,1938,2023-09-15,False
SUIS,1,2026-02-19,False
SULR,1,2020-11-12,False
SULR,23,2020-12-15,False
SULR,38,2021-01-07,False
SULR,47,2021-01-21,False
SUMAU,1,2026-03-12,False
SUNB,1,2026-03-03,False
SUNC,1,2025-11-07,False
SUNC,8,2025-11-18,False
SUNS,2,2024-07-11,False
SUNWQ,2336,2025-04-16,False
SUPL,1,2022-04-08,False
SUPN,2061,2024-03-13,False
SUPN,2411,2025-08-06,False
SUPP,1,2023-02-16,False
SUPV,1269,2021-06-04,False
SUPV,1673,2023-01-11,False
SUPV,1675,2023-01-13,False
SUPV,2139,2024-11-18,False
SUPV,2155,2024-12-11,False
SUPX,1,2024-04-18,False
SUPX,13,2024-05-06,False
SURI,1,2023-02-09,False
SURI,264,2024-02-28,False
SUUN,1,2024-04-09,False
SUZ,987,2021-02-19,False
SVAL,1,2020-10-30,False
SVAL,3,2020-11-03,False
SVAL,7,2020-11-09,False
SVAL,12,2020-11-16,False
SVAQ,1,2026-02-13,False
SVAQW,1,2026-02-13,False
SVAQW,12,2026-03-04,False
SVC,1793,2023-02-16,False
SVC,2392,2025-07-10,False
SVCC,1,2025-03-25,False
SVCCU,1,2025-01-31,False
SVCO,1,2024-05-10,False
SVII,1,2022-10-31,False
SVIV,1,2026-03-03,False
SVIVU,1,2026-02-09,False
SVIVW,1,2026-03-03,False
SVIVW,3,2026-03-09,False
SVIX,1,2022-03-29,False
SVIX,5,2022-04-04,False
SVM,2073,2024-04-01,False
SVM,2452,2025-10-03,False
SVOL,1,2021-05-14,False
SVRA,2485,2025-11-19,False
SVRE,1,2022-06-06,False
SVREW,1,2022-06-06,False
SVRN,1,2021-12-01,False
SVV,1,2023-06-30,False
SVV,12,2023-07-18,False
SWAG,1,2021-11-10,False
SWBI,1129,2020-06-29,False
SWBI,2058,2024-03-08,False
SWBI,2557,2026-03-06,False
SWIM,1,2021-04-26,False
SWIM,10,2021-05-07,False
SWIM,15,2021-05-14,False
SWKS,1012,2020-01-13,False
SWKS,2144,2024-07-16,False
SWMR,1,2026-03-18,False
SWP,1,2024-09-26,False
SWSS,1,2021-09-24,False
SWVL,1,2021-03-16,False
SWVLW,1,2021-03-16,False
SXC,1552,2022-03-03,False
SXC,1906,2023-08-01,False
SXI,2416,2025-08-13,False
SXQG,1,2021-05-13,False
SXT,1223,2020-11-10,False
SXTP,1,2023-07-13,False
SXTPW,2,2023-07-13,False
SY,1263,2024-05-08,False
SYBT,2152,2024-07-24,False
SYF,2001,2023-12-14,False
SYF,2226,2024-11-06,False
SYF-PB,1,2024-02-16,False
SYFI,1,2024-06-11,False
SYM,1,2021-03-10,False
SYNA,1031,2020-02-07,False
SYNA,1288,2021-02-16,False
SYNA,1478,2021-11-15,False
SYNA,1482,2021-11-19,False
SYNX,1,2024-01-16,False
SYRA,1,2023-10-02,False
SYT,1,2023-04-03,False
SYT,8,2023-04-13,False
SYZ,1,2025-09-16,False
SZK,1539,2022-10-07,False
SZZL,1,2025-05-27,False
SZZLR,1,2025-05-27,False
SZZLR,9,2025-06-09,False
SZZLU,1,2025-04-03,False
TABD,1,2025-12-12,False
TAC,1263,2021-01-08,False
TAC,2254,2024-12-17,False
TACH,1,2025-06-03,False
TACHU,1,2025-04-10,False
TACHW,1,2025-06-03,False
TACHW,4,2025-06-06,False
TACK,1,2022-03-24,False
TACN,1,2025-12-12,False
TACO,1,2025-06-06,False
TACOU,1,2025-05-01,False
TACU,1,2025-12-12,False
TAFI,1,2022-09-15,False
TAFL,1,2023-12-14,False
TAFM,1,2023-12-14,False
TAGG,1,2021-09-30,False
TAIT,1241,2021-02-18,False
TAIT,1312,2021-06-01,False
TAL,2289,2025-02-10,False
TAL,2291,2025-02-12,False
TALK,2,2020-08-03,False
TALK,718,2023-06-08,False
TALK,720,2023-06-12,False
TALK,738,2023-07-10,False
TALK,751,2023-07-27,False
TALK,917,2024-03-25,False
TALK,1057,2024-10-14,False
TALKW,2,2021-06-23,False
TALV,1,2025-12-17,False
TAN,1038,2020-02-19,False
TAN,1135,2020-07-08,False
TAN,1140,2020-07-15,False
TAN,1155,2020-08-05,False
TAN,1208,2020-10-20,False
TAN,1261,2021-01-06,False
TANH,1190,2020-09-24,False
TANH,1193,2020-09-29,False
TAOX,1,2020-12-09,False
TAOZ,1,2026-04-02,False
TAP,1233,2020-11-24,False
TAPR,1,2025-04-02,False
TARA,2231,2024-11-13,False
TARK,2,2022-05-04,False
TARK,799,2025-07-10,False
TARS,1,2020-10-19,False
TARS,662,2023-06-06,False
TARS,832,2024-02-08,False
TARS,844,2024-02-27,False
TARS,1035,2024-11-27,False
TASK,1,2021-06-14,False
TASK,9,2021-06-24,False
TASK,54,2021-08-27,False
TATT,1890,2024-01-16,False
TATT,1981,2024-05-24,False
TATT,2120,2024-12-12,False
TAVI,1,2024-12-23,False
TAVIR,2,2024-12-23,False
TAVIR,11,2025-01-14,False
TAVIU,1,2024-12-05,False
TAX,1,2024-12-19,False
TAXE,1,2024-07-11,False
TAXI,1,2025-08-20,False
TAXM,1,2025-03-14,False
TAXS,1,2025-08-20,False
TAXT,1,2025-08-20,False
TAXX,1,2024-03-15,False
TAYD,1822,2023-03-30,False
TAYD,2039,2024-02-09,False
TAYD,2535,2026-02-03,False
TBBB,1,2024-02-09,False
TBBK,1279,2021-02-02,False
TBBK,1289,2021-02-17,False
TBBK,1723,2022-11-04,False
TBBK,2143,2024-07-11,False
TBBK,2147,2024-07-17,False
TBBK,2151,2024-07-23,False
TBBK,2395,2025-07-15,False
TBCH,1992,2023-12-01,False
TBFC,1,2024-01-17,False
TBFG,1,2024-01-17,False
TBG,1,2023-11-08,False
TBH,1,2025-03-07,False
TBH,6,2025-03-14,False
TBI,1337,2021-04-27,False
TBIL,1,2022-08-10,False
TBJL,1,2020-08-21,False
TBLA,1,2020-10-28,False
TBLA,38,2020-12-23,False
TBLAW,1,2020-10-30,False
TBLAW,13,2020-11-18,False
TBLD,1,2021-07-29,False
TBLT,549,2021-02-09,False
TBMC,1,2023-05-16,False
TBMCR,1,2023-03-30,False
TBN,2,2024-07-01,False
TBN,11,2024-07-15,False
TBN,315,2025-09-30,False
TBN,438,2026-03-27,False
TBNK,2001,2023-12-14,False
TBPH,1515,2022-01-07,False
TBRG,2230,2024-11-12,False
TBRG,2259,2024-12-24,False
TBRG,2273,2025-01-16,False
TBRG,2281,2025-01-29,False
TBRG,2285,2025-02-04,False
TBRG,2290,2025-02-11,False
TBRG,2301,2025-02-27,False
TBT,1704,2022-10-10,False
TBT,1714,2022-10-24,False
TBT,1950,2023-10-03,False
TBT,1961,2023-10-18,False
TBUX,1,2021-09-30,False
TBXU,1,2025-10-02,False
TBXU,19,2025-10-28,False
TBXU,34,2025-11-18,False
TBXU,40,2025-11-26,False
TCAF,1,2023-06-16,False
TCAI,1,2025-08-06,False
TCAI,40,2025-10-01,False
TCAL,1,2025-03-28,False
TCBI,1222,2020-11-09,False
TCBI,1301,2021-03-05,False
TCBI,1910,2023-08-07,False
TCBK,2001,2023-12-14,False
TCBK,2151,2024-07-23,False
TCBS,1,2021-07-19,False
TCBX,1,2021-11-10,False
TCBX,4,2021-11-15,False
TCBX,18,2021-12-06,False
TCBX,752,2024-11-06,False
TCHI,1,2022-02-02,False
TCHI,658,2024-10-02,False
TCHI,897,2025-09-17,False
TCHP,1,2020-08-06,False
TCHP,15,2020-08-26,False
TCMD,1724,2023-06-05,False
TCMD,2353,2025-12-05,False
TCOM,2048,2024-02-23,False
TCPA,1,2025-10-16,False
TCPB,1,2025-02-20,False
TCPC,1307,2021-03-15,False
TCRX,1,2021-07-19,False
TCRX,12,2021-08-03,False
TCV,1,2025-07-18,False
TCV,4,2025-07-23,False
TDAC,1,2025-02-14,False
TDACU,1,2024-12-24,False
TDAQ,1,2025-09-05,False
TDAX,1,2026-01-08,False
TDAY,2096,2024-05-02,False
TDC,1274,2021-01-26,False
TDEC,1,2024-12-24,False
TDG,1792,2023-02-15,False
TDI,1,2023-12-12,False
TDIC,1,2025-07-24,False
TDOC,1037,2020-02-18,False
TDOC,1044,2020-02-27,False
TDOC,1283,2021-02-08,False
TDOG,1,2026-01-23,False
TDOT,1,2026-03-09,False
TDOT,6,2026-03-16,False
TDS,2213,2024-10-18,False
TDSA,1,2020-09-17,False
TDSA,1140,2025-03-24,False
TDSB,1,2020-09-18,False
TDSC,1,2020-09-18,False
TDTH,1,2024-09-11,False
TDUP,1,2021-03-29,False
TDVG,1,2020-08-06,False
TDVI,1,2023-08-11,False
TDW,1805,2023-03-07,False
TDW,2075,2024-04-03,False
TDWD,1,2025-12-09,False
TDY,1227,2020-11-16,False
TE,1,2020-01-14,False
TE,634,2022-08-11,False
TEAD,1,2021-07-26,False
TEAD,851,2024-12-10,False
TEAD,856,2024-12-17,False
TEAM,1403,2021-07-30,False
TEAM,2223,2024-11-01,False
TEAM,2245,2024-12-04,False
TEC,1,2025-04-21,False
TEC,5,2025-04-25,False
TEC,10,2025-05-02,False
TEC,17,2025-05-13,False
TECB,1,2020-01-13,False
TECH,1288,2021-02-16,False
TECK,1518,2022-01-12,False
TECK,2530,2026-01-27,False
TECL,1006,2020-01-02,False
TECL,1017,2020-01-17,False
TECL,1398,2021-07-23,False
TECL,2000,2023-12-13,False
TECX,1592,2024-10-18,False
TEK,1,2024-10-23,False
TEK,12,2024-11-07,False
TEKX,1,2024-09-11,False
TEKX,9,2024-09-23,False
TEKY,2,2025-04-09,False
TEKY,12,2025-04-24,False
TEKY,24,2025-05-12,False
TEL,2401,2025-07-23,False
TELO,1,2024-02-08,False
TEM,1,2024-06-17,False
TEMD,1,2026-01-23,False
TEMT,1,2025-05-14,False
TEMX,1,2025-03-05,False
TEN,1798,2023-02-24,False
TEN,2545,2026-02-18,False
TEN,2549,2026-02-24,False
TEN,2552,2026-02-27,False
TEN,2569,2026-03-24,False
TENB,464,2020-06-01,False
TEND,1,2025-10-09,False
TENJ,1,2025-10-23,False
TENM,1,2025-10-23,False
TENX,2496,2025-12-05,False
TENX,2504,2025-12-17,False
TEO,1777,2023-01-25,False
TEO,2226,2024-11-06,False
TEO,2232,2024-11-14,False
TEQI,1,2020-08-06,False
TER,1227,2020-11-16,False
TER,1237,2020-12-01,False
TER,2108,2024-05-20,False
TER,2406,2025-07-30,False
TER,2416,2025-08-13,False
TER,2450,2025-10-01,False
TER,2535,2026-02-03,False
TERG,1,2025-11-18,False
TERN,2,2021-02-09,False
TERN,1159,2025-09-18,False
TESL,1,2020-12-30,False
TESL,7,2021-01-08,False
TESL,212,2021-11-01,False
TEST,1,2025-11-19,False
TEST,4,2025-11-24,False
TEST,19,2025-12-16,False
TETH,1,2024-07-24,False
TETH,263,2025-08-11,False
TEVA,1034,2020-02-12,False
TEVA,2033,2024-02-01,False
TEX,1728,2022-11-11,False
TEX,1790,2023-02-13,False
TEX,2541,2026-02-11,False
TEXN,1,2025-06-25,False
TEXU,1,2025-10-02,False
TEXU,86,2026-02-04,False
TEXU,103,2026-03-02,False
TEXU,119,2026-03-24,False
TEXU,122,2026-03-27,False
TFIN,1200,2020-10-08,False
TFIN,1206,2020-10-16,False
TFIN,1208,2020-10-20,False
TFIN,1211,2020-10-23,False
TFIN,1223,2020-11-10,False
TFIN,1274,2021-01-26,False
TFIN,1470,2021-11-03,False
TFIN,2146,2024-07-16,False
TFIN,2239,2024-11-25,False
TFIN-P,1,2020-06-19,False
TFINP,1,2024-10-31,False
TFINP,5,2024-11-06,False
TFJL,1,2020-08-20,False
TFLR,1,2022-11-18,False
TFNS,1,2025-06-13,False
TFPM,1,2021-10-01,False
TFPM,30,2021-11-16,False
TFPM,130,2022-04-13,False
TFPM,297,2022-12-27,False
TFPN,1,2023-07-13,False
TFSA,1,2021-02-12,False
TFSL,2001,2023-12-14,False
TG,1238,2020-12-02,False
TG,2211,2024-10-16,False
TGB,2075,2024-04-03,False
TGB,2079,2024-04-09,False
TGB,2455,2025-10-08,False
TGB,2530,2026-01-27,False
TGE,2,2025-06-06,False
TGHL,2,2025-09-02,False
TGL,1,2022-08-12,False
TGLB,1,2025-06-27,False
TGLR,1,2023-08-09,False
TGLS,1308,2021-03-16,False
TGLS,1316,2021-03-26,False
TGLS,1318,2021-03-30,False
TGLS,1326,2021-04-12,False
TGLS,1802,2023-03-02,False
TGRT,1,2023-06-16,False
TGRW,1,2020-08-06,False
TGRW,15,2020-08-26,False
TGS,1553,2022-03-04,False
TGS,1675,2022-08-29,False
TGT,1165,2020-08-19,False
THAR,1,2022-01-13,False
THC,1790,2023-02-13,False
THCH,1,2021-03-12,False
THEQ,1,2025-03-28,False
THFF,2000,2023-12-13,False
THH,1,2025-08-28,False
THIR,1,2024-09-25,False
THLV,1,2022-09-14,False
THM,2311,2025-03-18,False
THM,2408,2025-08-06,False
THMR,1,2026-04-10,False
THMZ,2,2025-04-09,False
THMZ,12,2025-04-24,False
THNQ,1,2020-05-12,False
THNQ,5,2020-05-18,False
THNR,1,2024-05-22,False
THO,1284,2021-02-09,False
THO,1307,2021-03-15,False
THR,1240,2020-12-04,False
THR,1244,2020-12-10,False
THR,1786,2023-02-07,False
THR,2476,2025-11-06,False
THR,2500,2025-12-11,False
THR,2538,2026-02-06,False
THR,2541,2026-02-11,False
THR,2550,2026-02-25,False
THRM,1240,2020-12-04,False
THRM,1252,2020-12-22,False
THRO,1,2021-12-17,False
THRV,1,2025-10-01,False
THTA,1,2023-11-16,False
THY,1,2020-06-26,False
THYF,1,2022-10-27,False
THYM,1,2025-11-21,False
TIC,2,2025-02-20,False
TIGO,1018,2023-01-25,False
TIGO,1346,2024-05-15,False
TIGO,1664,2025-08-22,False
TIGR,326,2020-07-06,False
TIIV,1,2025-07-28,False
TIL,1,2021-03-22,False
TILE,1240,2020-12-04,False
TILE,2002,2023-12-15,False
TILE,2416,2025-08-13,False
TILL,1,2022-05-18,False
TIMB,2549,2026-02-24,False
TIME,1,2022-01-31,False
TIME,8,2022-02-09,False
TINS,1,2025-10-24,False
TINT,1,2021-10-27,False
TINY,1,2021-10-28,False
TIPA,1,2025-08-20,False
TIPB,1,2025-08-20,False
TIPC,1,2025-08-20,False
TIPD,1,2025-08-20,False
TIPT,1307,2021-03-15,False
TIPT,1316,2021-03-26,False
TIPT,1745,2022-12-07,False
TIRX,1,2021-01-28,False
TITN,1241,2020-12-07,False
TITN,1283,2021-02-08,False
TITN,1479,2021-11-16,False
TITN,1484,2021-11-23,False
TITN,1740,2022-11-30,False
TITN,2546,2026-02-19,False
TIVC,1,2021-11-12,False
TJAN,1,2025-01-03,False
TJGC,1,2025-12-08,False
TJUL,1,2023-07-19,False
TJUN,1,2025-06-24,False
TK,2546,2026-02-19,False
TK,2551,2026-02-26,False
TKC,1123,2020-06-19,False
TKC,1681,2022-09-07,False
TKC,2117,2024-06-03,False
TKLF,1,2022-01-19,False
TKNO,1,2021-06-28,False
TKNQ,1,2025-12-24,False
TKNQ,7,2026-01-05,False
TKO,1272,2021-01-22,False
TKR,1227,2020-11-16,False
TKR,1233,2020-11-24,False
TKR,2539,2026-02-09,False
TLA,1,2026-02-04,False
TLCI,1,2025-03-04,False
TLG,1,2026-03-17,False
TLG,19,2026-04-14,False
TLIH,2,2025-07-09,False
TLN,1,2023-06-05,False
TLN,17,2023-06-28,False
TLN,188,2024-03-04,False
TLN,246,2024-05-24,False
TLN,540,2025-07-30,False
TLNC,1,2025-10-09,False
TLS,1,2020-11-20,False
TLS,7,2020-12-01,False
TLSI,1,2021-02-09,False
TLSIW,1,2021-02-10,False
TLT,1051,2020-03-09,False
TLTI,1,2024-12-12,False
TLTP,1,2024-10-30,False
TLTW,1,2022-08-23,False
TLTX,1,2025-07-17,False
TLX,1,2024-11-15,False
TLX,10,2024-11-29,False
TLYS,1236,2020-11-30,False
TLYS,1364,2021-06-04,False
TLYS,1376,2021-06-22,False
TLYS,1379,2021-06-25,False
TMAR,1,2025-03-25,False
TMAT,3,2021-02-03,False
TMB,1,2025-02-06,False
TMC,1,2020-06-29,False
TMCI,1,2021-04-26,False
TMCWW,1,2021-09-08,False
TMDE,1,2025-04-22,False
TMDX,432,2021-01-19,False
TMDX,1533,2025-06-06,False
TME,502,2020-12-09,False
TME,520,2021-01-06,False
TME,1674,2025-08-12,False
TMET,1,2023-09-29,False
TMET,569,2026-01-06,False
TMET,581,2026-01-23,False
TMF,1045,2020-02-28,False
TMF,1050,2020-03-06,False
TMF,2009,2023-12-27,False
TMFE,1,2022-01-03,False
TMFG,1,2021-12-14,False
TMFM,1,2021-12-14,False
TMFX,1,2022-01-03,False
TMH,1,2025-03-17,False
TMLP,1,2025-12-24,False
TMNL,1,2025-11-21,False
TMNS,1,2025-11-21,False
TMP,2151,2024-07-23,False
TMQ,2030,2024-01-29,False
TMSF,1,2025-11-21,False
TMSL,1,2023-06-16,False
TMUS,1037,2020-02-18,False
TMUSI,1,2025-08-07,False
TMUSL,1,2025-08-07,False
TMUSZ,1,2025-08-07,False
TMV,1295,2021-02-25,False
TMV,1582,2022-04-14,False
TMV,1711,2022-10-19,False
TMV,1950,2023-10-03,False
TMVE,1,2025-11-18,False
TNA,1265,2021-01-12,False
TNA,1282,2021-02-05,False
TNC,2067,2024-03-21,False
TNDM,1037,2020-02-18,False
TNDM,1429,2021-09-07,False
TNGX,1,2020-09-04,False
TNGX,13,2020-09-23,False
TNGX,249,2021-09-07,False
TNGY,1,2025-06-17,False
TNK,1683,2022-09-09,False
TNK,1801,2023-03-01,False
TNK,2541,2026-02-11,False
TNK,2551,2026-02-26,False
TNMG,1,2024-12-09,False
TNON,1,2022-04-28,False
TNONW,1,2023-06-16,False
TNUK,1,2025-12-19,False
TNUK,10,2026-01-05,False
TNUK,15,2026-01-12,False
TNUK,26,2026-01-28,False
TNYA,1,2021-08-02,False
TNYA,10,2021-08-13,False
TOAK,1,2024-08-21,False
TOCT,1,2025-10-02,False
TOGA,1,2024-05-06,False
TOI,1,2020-06-05,False
TOI,20,2020-07-02,False
TOIIW,1,2020-06-05,False
TOKE,341,2020-11-30,False
TOKE,372,2021-01-14,False
TOKE,385,2021-02-03,False
TOKE,389,2021-02-09,False
TOKE,1519,2025-08-11,False
TOL,1168,2020-08-24,False
TOL,1996,2023-12-07,False
TOL,2001,2023-12-14,False
TOLL,1,2023-05-12,False
TOP,1,2022-06-02,False
TOP,4,2022-06-07,False
TOPC,1,2025-04-17,False
TOPP,1,2025-01-23,False
TOPT,1,2024-10-25,False
TOPW,1,2025-09-05,False
TORO,1,2023-03-06,False
TOS,1,2026-01-30,False
TOS,7,2026-02-09,False
TOST,1,2021-09-23,False
TOST,788,2024-11-08,False
TOST,795,2024-11-19,False
TOT,1,2025-09-04,False
TOTR,1,2021-09-30,False
TOUS,1,2023-06-16,False
TOV,1,2025-02-28,False
TOXR,1,2025-12-12,False
TOXR,15,2026-01-05,False
TOYO,1,2024-07-01,False
TPB,1060,2020-07-28,False
TPB,1194,2021-02-08,False
TPB,2137,2024-11-06,False
TPB,2144,2024-11-15,False
TPB,2461,2026-02-25,False
TPC,2109,2024-05-21,False
TPCS,1244,2021-02-04,False
TPCS,1406,2021-09-27,False
TPCS,1753,2023-02-13,False
TPET,1,2023-04-19,False
TPG,1,2022-01-14,False
TPG,12,2022-02-01,False
TPG,483,2023-12-15,False
TPG,897,2025-08-13,False
TPH,2001,2023-12-14,False
TPH,2543,2026-02-13,False
TPL,1232,2020-11-23,False
TPL,1240,2020-12-04,False
TPL,1244,2020-12-10,False
TPL,1282,2021-02-05,False
TPL,1285,2021-02-10,False
TPL,1305,2021-03-11,False
TPL,1914,2023-08-11,False
TPL,2221,2024-10-30,False
TPL,2226,2024-11-06,False
TPL,2238,2024-11-22,False
TPL,2546,2026-02-19,False
TPLS,1,2025-02-06,False
TPOR,804,2020-09-02,False
TPOR,1098,2021-11-02,False
TPOR,1526,2023-07-19,False
TPR,1223,2020-11-10,False
TPR,1282,2021-02-05,False
TPR,1307,2021-03-15,False
TPR,1782,2023-02-01,False
TPR,2001,2023-12-14,False
TPR,2232,2024-11-14,False
TPR,2239,2024-11-25,False
TPR,2287,2025-02-06,False
TPR,2292,2025-02-13,False
TPR,2399,2025-07-21,False
TPR,2416,2025-08-13,False
TPR,2551,2026-02-26,False
TPRY,1,2026-02-27,False
TPTA,1,2021-06-16,False
TQQQ,1006,2020-01-02,False
TQQQ,1028,2020-02-04,False
TQQQ,1398,2021-07-23,False
TQQQ,1862,2023-05-26,False
TQQQ,1872,2023-06-12,False
TQQQ,1875,2023-06-15,False
TQQQ,1893,2023-07-13,False
TQQQ,2138,2024-07-03,False
TQQY,1,2025-02-27,False
TR,1731,2022-11-16,False
TRAD-UN,1,2026-02-27,False
TRAK,1279,2021-02-02,False
TRAK,1867,2023-06-06,False
TRAK,1878,2023-06-22,False
TRAXV,2,2026-04-08,False
TRBF,1,2025-10-08,False
TRC,1741,2022-12-01,False
TRDA,2,2021-11-02,False
TRDA,7,2021-11-09,False
TREE,2423,2025-08-22,False
TREX,1283,2021-02-08,False
TREX,1906,2023-08-01,False
TREX,2001,2023-12-14,False
TREX,2536,2026-02-04,False
TRFK,1,2022-06-13,False
TRFK,7,2022-07-20,False
TRFM,1,2022-07-12,False
TRFM,6,2022-07-19,False
TRFM,8,2022-07-21,False
TRFM,17,2022-08-03,False
TRGP,1240,2020-12-04,False
TRGP,1244,2020-12-10,False
TRGP,1364,2021-06-04,False
TRGP,1372,2021-06-16,False
TRGP,1568,2022-03-25,False
TRGP,2539,2026-02-09,False
TRGSU,1,2026-02-26,False
TRIN,1,2021-02-01,False
TRINI,1,2024-07-23,False
TRIO,1,2025-03-07,False
TRIP,1292,2021-02-22,False
TRMD,1445,2023-11-20,False
TRMD,2013,2026-02-27,False
TRMK,2000,2023-12-13,False
TRNR,1,2023-05-01,False
TRNS,1289,2021-03-10,False
TRNS,1296,2021-03-19,False
TRNS,1300,2021-03-25,False
TRNS,1455,2021-11-03,False
TRNS,1462,2021-11-12,False
TRNS,1915,2023-09-05,False
TRON,1,2023-08-16,False
TROO,1381,2021-06-29,False
TROO,2509,2025-12-24,False
TROT,1,2026-02-26,False
TROX,1282,2021-02-05,False
TRS,2405,2025-07-29,False
TRSG,1,2024-04-18,False
TRSY,1,2024-10-10,False
TRT,1130,2020-08-17,False
TRT,2028,2024-03-15,False
TRTX,851,2020-12-04,False
TRUC,1,2026-02-20,False
TRUD,1,2025-08-22,False
TRUG,1,2021-12-03,False
TRUP,1378,2021-06-24,False
TRUT,1,2025-08-22,False
TRVG,2011,2024-12-16,False
TRX,1774,2023-01-23,False
TRX,2441,2025-09-22,False
TS,1301,2021-03-05,False
TS,2546,2026-02-19,False
TSAT,1294,2021-02-24,False
TSAT,1471,2021-11-04,False
TSAT,2388,2025-07-03,False
TSBK,1221,2020-11-10,False
TSBK,1231,2020-11-24,False
TSBK,1721,2022-11-04,False
TSBK,1900,2023-07-26,False
TSCM,1,2025-12-31,False
TSCV,1,2025-11-18,False
TSDD,1,2023-08-23,False
TSE,1240,2020-12-04,True
TSE,1302,2021-03-08,False
TSE,1304,2021-03-10,False
TSEC,1,2023-07-20,False
TSEL,1,2025-01-06,False
TSEM,1227,2020-11-16,False
TSEM,2470,2025-10-29,False
TSEM,2490,2025-11-26,False
TSEM,2499,2025-12-10,False
TSEP,1,2024-09-24,False
TSES,1,2025-12-31,False
TSHA,1,2020-09-25,False
TSHA,80,2021-01-20,False
TSII,1,2025-06-05,False
TSII,70,2025-09-15,False
TSL,1,2022-08-10,False
TSL,4,2022-08-15,False
TSL,225,2023-07-03,False
TSLA,1009,2020-01-07,False
TSLA,1013,2020-01-13,False
TSLA,1019,2020-01-22,False
TSLA,1025,2020-01-30,False
TSLA,1143,2020-07-20,False
TSLA,1250,2020-12-18,False
TSLA,1467,2021-10-29,False
TSLA,1886,2023-07-03,False
TSLA,2246,2024-12-05,True
TSLA,2438,2025-09-15,False
TSLG,1,2024-12-16,False
TSLI,1,2022-08-10,False
TSLI,9,2022-08-22,False
TSLI,42,2022-10-07,False
TSLI,47,2022-10-14,False
TSLI,65,2022-11-09,False
TSLL,1,2022-08-10,False
TSLO,1,2025-08-14,False
TSLO,8,2025-08-25,False
TSLO,21,2025-09-12,False
TSLP,1,2023-10-30,False
TSLP,4,2023-11-02,False
TSLP,12,2023-11-14,False
TSLQ,1,2022-07-15,False
TSLQ,60,2022-10-07,False
TSLQ,65,2022-10-14,False
TSLQ,83,2022-11-09,False
TSLQ,392,2024-02-05,False
TSLR,1,2023-08-23,False
TSLR,5,2023-08-29,False
TSLR,13,2023-09-11,False
TSLS,1,2022-08-10,False
TSLS,9,2022-08-22,False
TSLS,42,2022-10-07,False
TSLS,47,2022-10-14,False
TSLS,65,2022-11-09,False
TSLS,374,2024-02-05,False
TSLS,647,2025-03-10,False
TSLT,1,2023-10-20,False
TSLT,10,2023-11-02,False
TSLV,1,2025-07-08,False
TSLW,1,2025-02-20,False
TSLY,1,2022-11-25,False
TSLY,4,2022-11-30,False
TSLY,150,2023-07-03,False
TSLY,159,2023-07-17,False
TSLZ,1,2023-10-20,False
TSLZ,5,2023-10-26,False
TSM,1139,2020-07-14,False
TSM,1148,2020-07-27,False
TSM,2057,2024-03-07,False
TSME,1,2022-10-06,False
TSMG,1,2024-12-06,False
TSMG,128,2025-07-15,False
TSMU,1,2024-11-13,False
TSMU,165,2025-07-15,False
TSMX,2,2024-10-07,False
TSMX,7,2024-10-14,False
TSMX,10,2024-10-17,False
TSMX,193,2025-07-15,False
TSMY,1,2024-08-22,False
TSMZ,1,2024-10-04,False
TSNF,1,2025-12-31,False
TSNF,4,2026-01-06,False
TSOL,1,2025-11-20,False
TSOL,3,2025-11-24,False
TSPA,1,2021-06-10,False
TSPX,1,2025-02-25,False
TSPY,1,2024-08-16,False
TSQ,1236,2020-11-30,False
TSQ,1240,2020-12-04,False
TSQ,1243,2020-12-09,False
TSQ,2397,2025-07-17,False
TSRS,1,2025-12-31,False
TSSD,1,2025-12-31,False
TSSD,4,2026-01-06,False
TSUI,1,2026-02-25,False
TSXD,1,2025-10-02,False
TSXU,1,2025-10-02,False
TSXU,3,2025-10-06,False
TSXU,17,2025-10-24,False
TSYW,1,2025-11-14,False
TSYX,1,2026-01-08,False
TSYY,1,2024-12-19,False
TSYY,4,2024-12-24,False
TT,1227,2020-11-16,False
TTAM,1,2025-02-10,False
TTAN,1,2024-12-12,False
TTD,1714,2023-07-17,False
TTD,2046,2024-11-07,False
TTDU,1,2025-09-18,False
TTDU,3,2025-09-22,False
TTDU,8,2025-09-29,False
TTE,1240,2020-12-04,False
TTEC,1240,2020-12-04,False
TTEC,1247,2020-12-15,False
TTEQ,1,2024-10-25,False
TTEQ,10,2024-11-07,False
TTGT,1120,2020-06-16,False
TTI,1240,2020-12-04,False
TTI,1906,2023-08-01,False
TTI,1947,2023-09-28,False
TTI,2444,2025-09-23,False
TTI,2459,2025-10-14,False
TTI,2535,2026-02-03,False
TTMI,2146,2024-07-16,False
TTOP,1,2025-11-14,False
TTRX,1,2025-10-09,False
TTSH,1216,2020-10-30,False
TTSH,1287,2021-02-12,False
TTSH,1783,2023-02-02,False
TTT,1295,2021-02-25,False
TTT,1582,2022-04-14,False
TTT,1711,2022-10-19,False
TTT,1950,2023-10-03,False
TTWO,1154,2020-08-04,False
TTXD,1,2025-10-02,False
TTXD,7,2025-10-10,False
TTXU,1,2025-10-02,False
TTXU,17,2025-10-24,False
TUA,1,2022-11-16,False
TUG,1,2022-05-23,False
TUGN,1,2022-05-20,False
TUR,1748,2022-12-12,False
TUR,1753,2022-12-19,False
TUR,2532,2026-01-29,False
TURB,1,2023-09-22,False
TURB,326,2025-01-08,False
TURB,333,2025-01-21,False
TURF,1,2025-06-13,False
TUSB,1,2025-02-20,False
TUSI,1,2022-08-09,False
TUYA,1,2021-03-19,False
TUYA,975,2025-02-04,False
TV,1328,2021-04-14,False
TV,2381,2025-06-24,False
TVA,1,2025-05-19,False
TVACU,1,2025-04-24,False
TVACW,1,2021-02-10,False
TVAI,1,2025-07-03,False
TVAIU,1,2025-05-16,False
TVAL,1,2023-06-16,False
TVGN,1,2022-01-06,False
TVGN,18,2022-02-01,False
TVGNW,1,2024-02-13,False
TVRD,1269,2021-01-19,False
TVTX,2431,2025-09-04,False
TWFG,1,2024-07-19,False
TWFG,5,2024-07-25,False
TWFG,9,2024-07-31,False
TWFG,22,2024-08-19,False
TWFG,32,2024-09-03,False
TWFG,90,2024-11-22,False
TWG,1,2024-04-17,False
TWI,2536,2026-02-04,False
TWI,2539,2026-02-09,False
TWIN,1344,2021-05-07,False
TWIN,1350,2021-05-17,False
TWLO,909,2020-02-04,False
TWLO,1674,2023-02-16,False
TWLO,1882,2023-12-14,False
TWLO,2103,2024-10-31,False
TWLO,2108,2024-11-07,False
TWLO,2111,2024-11-12,False
TWLO,2119,2024-11-22,False
TWLO,2132,2024-12-12,False
TWLO,2159,2025-01-24,False
TWLO,2353,2025-10-31,False
TWLV,1,2021-04-30,False
TWM,1051,2020-03-09,False
TWM,2326,2025-04-03,False
TWNP,1,2025-01-29,False
TWO,1227,2020-11-16,False
TWO,2524,2026-01-16,False
TWOD,1,2025-05-19,False
TWOX,1,2025-01-17,False
TWST,422,2020-07-08,False
TWST,1406,2024-06-05,False
TWST,1821,2026-02-02,False
TWST,1831,2026-02-17,False
TX,1174,2020-09-01,False
TX,1227,2020-11-16,False
TX,1233,2020-11-24,False
TX,1241,2020-12-07,False
TX,1406,2021-08-04,False
TX,1410,2021-08-10,False
TX,1792,2023-02-15,False
TXBC,1,2025-11-26,False
TXG,252,2020-09-11,False
TXG,269,2020-10-06,False
TXG,271,2020-10-08,False
TXG,274,2020-10-13,False
TXMD,1282,2021-02-05,False
TXNU,1,2026-03-26,False
TXNU,9,2026-04-08,False
TXO,1,2023-01-30,False
TXO,17,2023-02-22,False
TXRH,1040,2020-02-21,False
TXS,1,2023-07-14,False
TXUE,1,2025-01-23,False
TXUG,1,2025-01-24,False
TXXD,1,2025-11-21,False
TXXI,1,2025-03-14,False
TXXS,1,2025-12-05,False
TYA,1,2021-09-29,False
TYD,1051,2020-03-09,False
TYG,1240,2020-12-04,False
TYGO,1,2021-09-07,False
TYGO,950,2025-06-18,False
TYGO,953,2025-06-24,False
TYHOY,1,2024-12-09,False
TYHOY,14,2024-12-27,False
TYLD,1,2024-01-05,False
TYLG,1,2022-11-23,False
TYRA,1,2021-09-16,False
TZA,1950,2023-10-03,False
TZA,1958,2023-10-13,False
TZA,1963,2023-10-20,False
TZOO,1984,2023-11-20,False
TZOO,2163,2024-08-08,False
TZOO,2170,2024-08-19,False
TZOO,2238,2024-11-22,False
U,2,2020-09-22,False
U,14,2020-10-08,False
U,822,2023-12-26,False
UA,1171,2020-11-17,False
UA,2479,2026-02-04,False
UAA,1228,2020-11-17,False
UAA,1285,2021-02-10,False
UAA,2536,2026-02-04,False
UAC,1,2025-12-24,False
UAC-UN,1,2026-01-30,False
UAC-WT,1,2026-02-19,False
UAL,2209,2024-10-14,False
UAL,2211,2024-10-16,False
UAL,2221,2024-10-30,False
UAMY,2449,2025-10-01,True
UAN,1521,2022-01-18,False
UAN,1562,2022-03-17,True
UAN,1563,2022-03-18,False
UAN,2523,2026-01-15,False
UBCP,1928,2023-12-20,False
UBER,175,2020-01-21,False
UBER,185,2020-02-04,False
UBER,384,2020-11-16,False
UBER,395,2020-12-02,False
UBER,944,2023-02-08,False
UBER,1023,2023-06-02,False
UBER,1153,2023-12-07,False
UBER,1199,2024-02-14,False
UBEW,1,2025-10-24,False
UBEW,7,2025-11-03,False
UBND,1,2021-10-06,False
UBOT,864,2021-09-23,False
UBOT,1289,2023-06-02,False
UBOT,1295,2023-06-12,False
UBOT,1425,2023-12-15,False
UBR,1541,2022-02-15,False
UBR,1551,2022-03-02,False
UBR,1573,2022-04-01,False
UBRL,1,2024-09-05,False
UBRL,7,2024-09-13,False
UBRL,11,2024-09-19,False
UBS,1111,2020-06-03,False
UBS,1928,2023-08-31,False
UBSI,1993,2023-12-04,False
UBSI,2001,2023-12-14,False
UBT,1050,2020-03-06,False
UBXG,1,2024-04-01,False
UCAR,1,2023-04-21,False
UCB,1222,2020-11-09,False
UCC,1035,2020-08-26,False
UCC,1751,2023-07-03,False
UCC,2104,2024-11-25,False
UCC,2112,2024-12-06,False
UCFI,1,2024-02-20,False
UCIB,1554,2022-03-07,False
UCL,1,2020-06-11,False
UCL,4,2020-06-16,False
UCO,1283,2021-02-08,False
UCO,1289,2021-02-17,False
UCO,1301,2021-03-05,False
UCO,1550,2022-03-01,False
UCRD,1,2021-10-06,False
UCTT,1232,2020-11-23,False
UCTT,1237,2020-12-01,False
UCTT,1240,2020-12-04,False
UCTT,1281,2021-02-04,False
UCTT,2025,2024-01-22,False
UCTT,2034,2024-02-02,False
UCTT,2039,2024-02-09,False
UCYB,1,2021-01-22,False
UCYB,8,2021-02-02,False
UCYB,749,2024-01-12,False
UDI,1,2022-06-09,False
UDMY,1,2021-11-01,False
UDMY,13,2021-11-17,False
UDMY,401,2023-06-06,False
UDOW,2000,2023-12-13,False
UEC,1921,2023-08-22,False
UEC,1934,2023-09-11,False
UEC,1937,2023-09-14,False
UEC,1944,2023-09-25,False
UEC,1947,2023-09-28,False
UEC,2410,2025-08-05,False
UEC,2430,2025-09-03,False
UECG,1,2026-02-11,False
UEIC,1227,2020-11-16,False
UEIC,1240,2020-12-04,False
UFCS,2231,2024-11-18,False
UFEB,1,2020-02-04,False
UFG,1,2025-01-15,False
UFG,6,2025-01-23,False
UFG,11,2025-01-30,False
UFG,156,2025-08-28,False
UFI,1281,2021-02-04,False
UFIV,1,2023-03-29,False
UFO,460,2021-02-08,False
UFO,1416,2024-11-25,False
UFO,1419,2024-11-29,False
UFO,1574,2025-07-17,False
UFPI,1320,2021-04-01,False
UFPT,1874,2023-06-14,False
UFPT,1877,2023-06-20,False
UFPT,1896,2023-07-18,False
UG,1528,2022-02-25,False
UG,2130,2024-07-22,False
UGA,1280,2021-02-03,False
UGA,1551,2022-03-02,False
UGA,2557,2026-03-06,False
UGA,2562,2026-03-13,False
UGA,2565,2026-03-18,False
UGA,2573,2026-03-30,False
UGE,1181,2021-01-08,False
UGE,1386,2021-11-01,False
UGE,2459,2026-02-12,False
UGE,2466,2026-02-24,False
UGL,1155,2020-08-05,False
UGL,1555,2022-03-08,False
UGL,2075,2024-04-03,False
UGL,2453,2025-10-06,False
UGL,2455,2025-10-08,False
UGL,2458,2025-10-13,False
UGL,2461,2025-10-16,False
UGL,2531,2026-01-28,False
UGP,1020,2020-01-23,False
UGP,1980,2023-11-14,False
UHAL,1175,2020-09-02,False
UHAL,1306,2021-03-12,False
UHAL,2008,2023-12-26,False
UHAL-B,2,2022-11-14,False
UHAL-B,14,2022-12-01,False
UHAL-B,281,2023-12-26,False
UHG,1,2021-03-30,False
UHGWW,1,2021-03-25,False
UI,1282,2021-02-05,False
UI,2108,2024-05-20,False
UI,2228,2024-11-08,False
UI,2238,2024-11-22,False
UI,2277,2025-01-23,False
UIS,1240,2020-12-04,False
UIS,1242,2020-12-08,False
UIS,1261,2021-01-06,False
UIS,1267,2021-01-14,False
UIS,1275,2021-01-27,False
UIS,1284,2021-02-09,False
ULBI,1875,2023-06-15,False
ULBI,2053,2024-03-01,False
ULCC,4,2021-04-08,False
ULCC,15,2021-04-23,False
ULH,1175,2020-09-02,False
ULH,1615,2022-06-02,False
ULH,1617,2022-06-06,False
ULH,1661,2022-08-09,False
ULS,1,2024-04-15,False
ULS,27,2024-05-21,False
ULTI,1,2025-11-03,False
ULTY,1,2024-03-01,False
ULY,1,2023-10-20,False
UMAC,1,2024-02-15,False
UMAR,1,2020-03-03,False
UMAY,1,2020-05-04,False
UMBF,1227,2020-11-16,False
UMBF,1302,2021-03-08,False
UMBF,2001,2023-12-14,False
UMC,1210,2020-10-22,False
UMC,2525,2026-01-20,False
UMDD,1259,2021-01-12,False
UMH,1302,2021-03-08,False
UMMA,1,2022-01-10,False
UNB,2244,2024-12-03,False
UNCY,1,2021-07-13,False
UNFI,1444,2021-09-28,False
UNFI,2449,2025-09-30,False
UNG,1430,2021-09-08,False
UNG,1435,2021-09-15,False
UNG,1443,2021-09-27,False
UNHG,2,2025-07-23,False
UNHU,1,2026-03-26,False
UNHU,5,2026-04-01,False
UNHW,1,2025-12-04,False
UNHW,7,2025-12-12,False
UNIY,1,2023-02-08,False
UNL,1397,2021-09-09,False
UNL,1400,2021-09-14,False
UNL,1409,2021-09-27,False
UNL,1415,2021-10-05,False
UNL,1559,2022-05-02,False
UNL,2239,2025-01-16,False
UNM,2226,2024-11-06,False
UNTY,2147,2024-07-17,False
UNX,1,2025-09-17,False
UONE,1593,2022-05-02,False
UONEK,1342,2021-05-13,False
UP,1,2020-11-16,False
UPAR,1,2022-01-05,False
UPB,1,2024-10-11,False
UPB,18,2024-11-05,False
UPB,209,2025-08-13,False
UPBD,1267,2021-01-14,False
UPC,1,2021-03-24,False
UPGR,1,2023-07-14,False
UPRO,2000,2023-12-13,False
UPS,1151,2020-07-30,False
UPS,1157,2020-08-07,False
UPS,1341,2021-05-03,False
UPSD,1,2024-11-22,False
UPSG,1,2025-12-12,False
UPSG,5,2025-12-18,False
UPSG,16,2026-01-06,False
UPSG,41,2026-02-11,False
UPST,1,2020-12-17,False
UPST,172,2021-08-24,True
UPSX,1,2025-06-11,False
UPWK,589,2021-02-05,False
UPXI,1,2021-06-25,False
URA,1241,2020-12-07,False
URA,1247,2020-12-15,False
URA,1260,2021-01-05,False
URA,1944,2023-09-25,False
URA,2361,2025-05-23,False
URA,2371,2025-06-09,False
URA,2442,2025-09-19,False
URA,2458,2025-10-13,False
URAA,1,2024-06-27,False
URAA,9,2024-07-10,False
URAN,1,2024-09-25,False
URAN,6,2024-10-02,False
URAN,16,2024-10-16,False
URAN,176,2025-06-09,False
URAN,264,2025-10-14,False
URBN,2253,2024-12-16,False
URE,2001,2023-12-14,False
URG,1246,2020-12-14,False
URG,1253,2020-12-23,False
URG,1937,2023-09-14,False
URG,1944,2023-09-25,False
URI,1782,2023-02-01,False
URNJ,1,2023-02-03,False
URNJ,154,2023-09-14,False
URNJ,161,2023-09-25,False
URNM,254,2020-12-07,False
URNM,259,2020-12-14,False
URNM,268,2020-12-28,False
URNM,274,2021-01-06,False
URNM,445,2021-09-10,False
URNM,951,2023-09-15,False
URNM,957,2023-09-25,False
UROY,1,2020-01-15,False
UROY,271,2021-02-16,False
UROY,927,2023-09-25,False
UROY,1426,2025-09-22,False
UROY,1513,2026-01-27,False
URSP,1,2025-08-28,False
URTY,1265,2021-01-12,False
URTY,1282,2021-02-05,False
USAC,1268,2021-01-15,False
USAC,1947,2023-09-28,False
USAF,1,2024-11-21,False
USAI,703,2020-12-04,False
USAR,1,2023-07-18,False
USAR,322,2024-12-09,False
USAU,1253,2020-12-24,False
USAX,1,2026-01-14,False
USB,2001,2023-12-14,False
USCA,1,2023-04-05,False
USCB,1,2021-07-26,False
USCB,14,2021-08-12,False
USCB,18,2021-08-18,False
USCB,23,2021-08-25,False
USCF,1,2023-12-13,False
USCI,1554,2022-03-07,False
USCL,1,2023-06-09,False
USD,2029,2024-02-02,False
USDX,1,2024-03-01,False
USE,2,2023-05-08,False
USE,715,2026-03-12,False
USEA,1,2022-07-07,False
USEW,1,2025-12-19,False
USFD,2442,2026-02-12,False
USFE,1,2026-01-28,False
USFI,1,2023-07-28,False
USGG,1,2026-01-13,False
USGO,1,2023-04-21,False
USGO,7,2023-05-01,False
USGO,11,2023-05-05,False
USGO,607,2025-09-22,False
USGOW,1,2023-04-21,False
USGOW,5,2023-04-27,False
USIN,1,2024-03-15,False
USIO,2409,2025-08-05,False
USL,1301,2021-03-05,False
USL,1551,2022-03-02,False
USL,1554,2022-03-07,False
USL,2557,2026-03-06,False
USL,2561,2026-03-12,False
USLM,1727,2022-11-10,False
USLM,1745,2022-12-07,False
USLM,2099,2024-05-07,False
USLN,1,2026-03-05,False
USMD,1,2026-02-09,False
USML,1,2021-02-08,False
USNG,1,2025-05-21,False
USNZ,1,2022-06-29,False
USO,1301,2021-03-05,False
USO,1551,2022-03-02,False
USO,1554,2022-03-07,False
USO,2554,2026-03-03,False
USO,2557,2026-03-06,False
USO,2561,2026-03-12,False
USO,2573,2026-03-30,False
USOY,1,2024-05-13,False
USOY,459,2026-03-12,False
USOY,463,2026-03-18,False
USOY,471,2026-03-30,False
USRD,1,2023-12-14,False
USSE,1,2023-08-31,False
USSH,1,2024-03-15,False
USVN,1,2023-03-29,False
USXF,1,2020-06-19,False
UTEN,1,2022-08-10,False
UTHR,1214,2020-10-28,False
UTHR,1219,2020-11-04,False
UTHR,1268,2021-01-15,False
UTHR,2429,2025-09-02,False
UTHY,1,2023-03-29,False
UTI,1595,2022-05-04,False
UTI,1982,2023-11-16,False
UTI,2237,2024-11-21,False
UTMD,1483,2021-11-22,False
UTRE,1,2023-03-29,False
UTSL,650,2020-01-23,False
UTSL,667,2020-02-18,False
UTSL,1730,2024-05-08,False
UTSL,1841,2024-10-16,False
UTWO,1,2022-08-10,False
UTWY,1,2023-03-29,False
UTZ,383,2020-06-05,False
UTZ,930,2022-08-08,False
UTZ,1283,2024-01-03,False
UTZ,1304,2024-02-02,False
UUUG,2,2026-01-14,False
UUUU,1938,2023-09-15,False
UUUU,1944,2023-09-25,False
UVE,1988,2023-11-27,False
UVE,2048,2024-02-23,False
UVE,2366,2025-06-02,False
UVE,2467,2025-10-24,False
UVIX,1,2022-03-31,False
UVSP,1302,2021-03-08,False
UVSP,2154,2024-07-26,False
UVV,1994,2023-12-05,False
UWM,1240,2020-12-04,False
UWM,1247,2020-12-15,False
UWMC,1,2020-04-08,False
UWMC,10,2020-04-30,False
UWMC,162,2020-12-24,False
UWMC,1075,2024-08-14,False
UWMC,1341,2025-09-08,False
UWMC-WS,1,2020-12-29,False
UWMC-WS,591,2025-09-08,False
UX,1,2025-01-30,False
UXAP,3,2025-04-24,False
UXI,1112,2020-09-02,False
UXJA,1,2025-01-22,False
UXJL,1,2025-07-22,False
UXOC,1,2024-10-22,False
UXOC,12,2024-11-06,False
UXRP,1,2025-07-16,False
UYG,2001,2023-12-14,False
UYLD,1,2022-10-26,False
UYM,1351,2021-05-17,False
UYM,2536,2026-02-04,False
UYM,2541,2026-02-11,False
UYSC,1,2025-05-28,False
UYSCR,1,2025-05-28,False
UYSCU,1,2025-04-01,False
UZD,1,2020-08-20,False
UZE,1,2020-12-16,False
UZE,681,2023-08-31,False
UZF,1,2021-05-27,False
VABK,1408,2023-12-15,False
VABS,1,2021-02-11,False
VAC,2227,2024-11-07,False
VAC,2239,2024-11-25,False
VACH,1,2024-10-01,False
VACHU,1,2024-08-12,False
VACHW,1,2024-10-01,False
VACI,1,2025-11-21,False
VACI-U,1,2025-11-04,False
VACI-WS,1,2025-11-21,False
VAL,1,2021-05-04,False
VAL,227,2022-03-25,False
VAL,232,2022-04-01,False
VAL-WT,1,2021-05-04,False
VAL-WT,203,2022-02-18,False
VALE,1111,2020-06-03,False
VALE,1237,2020-12-01,False
VALE,1244,2020-12-10,False
VALE,1261,2021-01-06,False
VALE,1552,2022-03-03,False
VALE,1554,2022-03-07,False
VALG,2,2025-12-22,False
VALG,11,2026-01-06,False
VALG,17,2026-01-14,False
VALG,21,2026-01-21,False
VALN,1,2021-05-07,False
VALN,7,2021-05-17,False
VALN,1067,2025-08-06,False
VALN,1069,2025-08-08,False
VALU,2114,2024-10-18,False
VAVX,1,2026-01-27,False
VBCA,1,2026-03-27,False
VBCB,1,2026-03-27,False
VBCC,1,2026-03-27,False
VBCD,1,2026-03-27,False
VBCE,1,2026-03-27,False
VBCF,1,2026-03-27,False
VBCG,1,2026-03-27,False
VBCH,1,2026-03-27,False
VBCI,1,2026-03-27,False
VBCJ,1,2026-03-27,False
VBIL,1,2025-02-12,False
VC,1223,2020-11-10,False
VC,1240,2020-12-04,False
VC,2391,2025-07-09,False
VC,2394,2025-07-14,False
VC,2401,2025-07-23,False
VCAR,2,2020-12-30,False
VCAR,8,2021-01-08,False
VCAR,213,2021-11-01,False
VCEB,1,2020-09-25,False
VCEL,1273,2021-01-25,False
VCEL,1278,2021-02-01,False
VCEL,2489,2025-11-25,False
VCIC,1,2024-10-29,False
VCICU,2,2024-09-06,False
VCICW,1,2024-10-29,False
VCIG,1,2023-04-14,False
VCLN,1,2021-08-05,False
VCOB,1,2025-11-20,False
VCRB,1,2023-12-15,False
VCRM,1,2024-11-22,False
VCTR,1558,2024-04-19,False
VCYT,1240,2020-12-04,False
VCYT,2475,2025-11-05,False
VDE,1240,2020-12-04,False
VDI,1,2025-12-04,False
VDIG,1,2025-11-19,False
VECO,1227,2020-11-16,False
VECO,2128,2024-06-18,False
VEEA,1,2024-09-13,False
VEEAW,1,2021-05-11,False
VEEE,1,2021-07-22,False
VEFA,1,2026-04-06,False
VEFA,3,2026-04-08,False
VEL,1,2020-01-21,False
VEL,328,2021-05-07,False
VEL,863,2023-06-23,False
VELO,1,2021-01-26,False
VELO,5,2021-02-01,False
VEM,1,2026-02-05,False
VEMY,1,2022-12-14,False
VENU,2,2024-11-29,False
VEON,2049,2024-02-26,False
VEON,2265,2025-01-03,False
VERA,1,2021-05-17,False
VERA,3,2021-05-19,False
VERA,1103,2025-10-06,False
VERO,939,2021-07-08,False
VERS,1,2022-03-18,False
VERS,8,2022-03-29,False
VERS,704,2025-01-06,False
VERU,1011,2020-01-09,False
VERU,1243,2020-12-09,False
VERX,1,2020-07-30,False
VERX,18,2020-08-24,False
VERX,844,2023-12-05,False
VERX,1076,2024-11-06,False
VERX,1086,2024-11-20,False
VERX,1094,2024-12-03,False
VET,1554,2022-03-07,False
VET,2566,2026-03-19,False
VET,2578,2026-04-07,False
VETZ,1,2023-08-03,False
VEXC,1,2025-10-03,False
VFLO,1,2023-06-23,False
VFS,1,2021-09-08,False
VFSWW,1,2023-08-16,False
VG,1,2025-01-27,False
VGAS,1,2021-10-05,False
VGASW,2,2023-02-15,False
VGHY,1,2025-09-18,False
VGLT,1051,2020-03-09,False
VGMS,1,2025-06-12,False
VGNT,2,2026-03-31,False
VGNT-W,2,2026-03-31,False
VGNT-W,9,2026-04-10,False
VGRO,1,2025-12-24,False
VGSR,1,2023-12-05,False
VGSR,8,2023-12-14,False
VGUS,1,2025-02-12,False
VGVT,1,2025-07-10,False
VGZ,2435,2025-09-10,False
VHAI,1,2024-02-27,False
VHC,1775,2023-01-23,False
VHCP,1,2026-02-10,False
VHCPW,2,2026-02-11,False
VIA,2,2025-09-16,False
VIAV,2471,2025-10-30,False
VIAV,2550,2026-02-25,False
VICR,1006,2020-01-02,False
VICR,1009,2020-01-07,False
VICR,2515,2026-01-05,False
VICR,2525,2026-01-20,False
VICR,2527,2026-01-22,False
VICR,2532,2026-01-29,False
VIK,2,2024-05-03,False
VIK,18,2024-05-28,False
VIK,131,2024-11-06,False
VIK,145,2024-11-26,False
VINC,2,2020-05-29,False
VINC,92,2020-10-29,False
VINP,2,2021-02-01,False
VINP,15,2021-02-19,False
VINP,96,2021-06-16,False
VIOT,596,2021-02-08,False
VIOT,1481,2024-08-15,False
VIPS,1226,2020-11-13,False
VIPS,1280,2021-02-03,False
VIPS,1291,2021-02-19,False
VIPS,1299,2021-03-03,False
VIPS,1309,2021-03-17,False
VIPS,1744,2022-12-06,False
VIPS,1764,2023-01-05,False
VIR,790,2022-11-30,False
VIRC,1917,2023-09-22,False
VIRT,1047,2020-03-03,False
VIRT,1049,2020-03-05,False
VIRT,1278,2021-02-01,False
VISN,1241,2020-12-07,False
VIST,564,2021-10-20,False
VIST,650,2022-02-23,False
VIST,655,2022-03-02,False
VIST,1165,2024-03-13,False
VIST,1168,2024-03-18,False
VITL,2,2020-08-04,False
VITL,925,2024-04-05,False
VITL,944,2024-05-02,False
VITL,957,2024-05-21,False
VIV,1573,2022-04-01,False
VIV,2549,2026-02-24,False
VIXM,2159,2024-08-05,False
VLLU,1,2024-09-06,False
VLN,1,2020-09-24,False
VLN,929,2024-06-07,False
VLN,1210,2025-07-24,False
VLN-WT,1,2020-09-24,False
VLO,1292,2021-02-22,False
VLO,1302,2021-03-08,False
VLO,1603,2022-05-16,False
VLO,2064,2024-03-18,False
VLO,2075,2024-04-03,False
VLO,2572,2026-03-27,False
VLRS,1227,2020-11-16,False
VLRS,1387,2021-07-08,False
VLRS,2232,2024-11-14,False
VLRS,2506,2025-12-19,False
VLTO,1,2023-09-28,False
VLY,1302,2021-03-08,False
VLY,2001,2023-12-14,False
VMAR,1,2020-11-25,False
VMI,1283,2021-02-08,False
VMI,2226,2024-11-06,False
VMSB,1,2025-12-04,False
VNAM,1,2021-12-10,False
VNDA,1286,2021-02-11,False
VNDA,1294,2021-02-24,False
VNET,1048,2020-03-04,False
VNIE,1,2025-05-16,False
VNM,2404,2025-07-28,False
VNME,1,2025-08-25,False
VNO,1302,2021-03-08,False
VNO,1306,2021-03-12,False
VNO,1897,2023-07-19,False
VNO,1910,2023-08-07,False
VNOM,1233,2020-11-24,False
VNOM,1240,2020-12-04,False
VNOM,1458,2021-10-18,False
VNOM,2055,2024-03-05,False
VNOM,2168,2024-08-15,False
VNSE,1,2020-09-18,False
VNT,1,2020-09-28,False
VNT,602,2023-02-16,False
VNTG,1,2025-06-13,False
VOC,1372,2021-06-16,False
VOC,1535,2022-02-07,False
VOC,1546,2022-02-23,False
VOC,1555,2022-03-08,False
VOC,1722,2022-11-03,False
VOD,2536,2026-02-04,False
VOLT,1,2024-12-05,False
VOR,1,2021-02-08,False
VOTE,1,2021-06-24,False
VOXP,1,2022-11-07,False
VOXR,1,2020-08-05,False
VOXR,10,2020-08-18,False
VOXR,1301,2025-10-08,False
VOXR,1398,2026-02-27,False
VOYA,1233,2020-11-24,False
VOYG,1,2025-06-11,False
VOYX,1,2025-09-09,False
VOYX,3,2025-09-11,False
VPG,2460,2025-10-15,False
VPG,2538,2026-02-06,False
VPLS,1,2023-12-08,False
VPN,1,2020-10-28,False
VPN,7,2020-11-05,False
VRA,1183,2020-09-15,False
VRA,1302,2021-03-08,False
VRAR,1,2021-07-02,False
VRAX,1,2022-07-22,False
VRDN,2000,2023-12-13,False
VRDN,2480,2025-11-12,False
VRE,2548,2026-02-23,False
VREX,1008,2021-01-22,False
VREX,1018,2021-02-05,False
VREX,1028,2021-02-22,False
VREX,1973,2024-11-21,False
VRNS,1135,2020-07-08,False
VRNS,1143,2020-07-20,False
VRNS,1154,2020-08-04,False
VRNS,1250,2020-12-18,False
VRNS,1993,2023-12-04,False
VRT,1243,2023-07-10,False
VRT,1387,2024-02-02,False
VRT,1392,2024-02-09,False
VRT,1417,2024-03-18,False
VRT,1420,2024-03-21,False
VRT,1819,2025-10-23,False
VRTL,1,2025-03-26,False
VRTS,1211,2020-10-23,False
VRTS,1228,2020-11-17,False
VSAT,1282,2021-02-05,False
VSCO,1,2021-07-22,False
VSCO,8,2021-08-02,False
VSCO,847,2024-12-02,False
VSDB,1,2025-04-04,False
VSDM,1,2024-11-22,False
VSECU,1,2026-02-05,False
VSECU,4,2026-02-10,False
VSEE,1,2024-06-25,False
VSEEW,1,2024-06-25,False
VSLU,1,2021-04-30,False
VSME,1,2023-09-28,False
VSNT,1,2025-12-16,False
VSOL,1,2025-11-18,False
VST,1742,2023-09-08,False
VST,1857,2024-02-23,False
VST,1861,2024-02-29,False
VST,1865,2024-03-06,False
VST,1871,2024-03-14,False
VST,1876,2024-03-21,False
VST,1878,2024-03-25,False
VST,1921,2024-05-24,False
VSTD,1,2022-09-12,False
VSTL,1,2025-07-23,False
VSTL,6,2025-07-30,False
VSTM,1244,2020-12-10,False
VSTM,2028,2024-01-25,False
VSTS,1,2023-09-28,False
VSTS,551,2025-12-08,False
VTEC,1,2024-01-31,False
VTEI,1,2024-01-31,False
VTEL,1,2025-05-23,False
VTES,1,2023-03-10,False
VTEX,1,2021-07-22,False
VTEX,10,2021-08-04,False
VTEX,500,2023-07-18,False
VTEX,588,2023-11-20,False
VTG,1,2025-07-10,False
VTIX,1,2026-01-28,False
VTMX,2,2023-07-05,False
VTOL,2108,2024-05-20,False
VTP,1,2025-07-10,False
VTRS,2015,2024-01-05,False
VTRS,2540,2026-02-10,False
VTS,1,2023-01-11,False
VTSI,1371,2021-06-23,False
VTSI,1381,2021-07-08,False
VTSI,1984,2023-11-29,False
VTVT,2485,2025-11-19,False
VUS,1,2025-12-04,False
VUSB,1,2021-04-08,False
VUSG,1,2025-11-19,False
VUSI,1,2025-11-20,False
VUSV,1,2025-11-19,False
VVOS,1,2020-12-14,False
VVOS,1008,2024-12-16,False
VVV,2358,2026-02-11,False
VVX,2416,2025-08-13,False
VWAV,2,2025-07-16,False
VXZ,531,2020-03-06,False
VXZ,1639,2024-08-05,False
VYLD,2,2025-03-21,False
VZLA,1055,2024-01-29,False
W,1165,2020-08-19,False
W,2409,2025-08-04,False
W,2416,2025-08-13,False
WABF,1,2023-09-22,False
WAI,1,2023-04-19,False
WAL,1222,2020-11-09,False
WAL,1292,2021-02-22,False
WAL,2001,2023-12-14,False
WAL,2154,2024-07-26,False
WALD,1,2021-05-13,False
WALDW,2,2021-05-13,False
WANT,666,2021-07-26,False
WANT,735,2021-11-01,False
WANT,739,2021-11-05,False
WANT,1153,2023-07-03,False
WANT,1160,2023-07-13,False
WANT,1513,2024-12-05,False
WAR,1,2024-12-31,False
WASH,1241,2020-12-07,False
WASH,2001,2023-12-14,False
WASH,2151,2024-07-23,False
WASH,2536,2026-02-04,False
WAT,2489,2025-11-25,False
WATT,2392,2025-07-10,False
WAVE,1,2021-07-02,False
WAY,2,2024-06-11,False
WAY,129,2024-12-11,False
WBD,1238,2020-12-02,False
WBD,1261,2021-01-06,False
WBD,1266,2021-01-13,False
WBD,1275,2021-01-27,False
WBD,1282,2021-02-05,False
WBD,1285,2021-02-10,False
WBD,1292,2021-02-22,False
WBD,1302,2021-03-08,False
WBD,1307,2021-03-15,False
WBD,2251,2024-12-12,False
WBD,2397,2025-07-17,False
WBI,1,2025-09-18,False
WBI,7,2025-09-26,False
WBI,14,2025-10-07,False
WBS,2001,2023-12-14,False
WBS,2226,2024-11-06,False
WBTN,1,2024-06-28,False
WBUY,1,2023-10-20,False
WBUYD,1,2023-10-20,False
WBX,1,2021-04-20,False
WCAP,1,2025-09-12,False
WCBR,1,2021-01-29,False
WCBR,3,2021-02-02,False
WCC,1120,2020-06-16,False
WCC,1242,2020-12-08,False
WCEO,1,2023-01-10,False
WCLD,184,2020-06-01,False
WCLD,1313,2024-11-22,False
WCME,1,2024-10-08,False
WCMI,1,2024-10-08,False
WCPB,1,2025-08-14,False
WCT,1,2024-10-03,False
WCT,3,2024-10-07,False
WD,2001,2023-12-14,False
WDAF,1,2025-09-15,False
WDC,1247,2020-12-15,False
WDC,2028,2024-01-25,False
WDC,2381,2025-06-24,False
WDC,2407,2025-07-31,False
WDC,2424,2025-08-25,False
WDC,2431,2025-09-04,False
WDC,2448,2025-09-29,False
WDCX,1,2026-01-28,False
WDEF,1,2025-07-18,False
WDFC,2537,2026-02-05,False
WDGF,1,2025-09-15,False
WDH,1,2021-05-10,False
WDI,1,2021-06-28,False
WDNA,1,2021-06-04,False
WDNA,1097,2025-10-15,False
WDS,1266,2021-01-13,False
WDS,1545,2022-02-22,False
WDS,1551,2022-03-02,False
WDS,1554,2022-03-07,False
WDS,2557,2026-03-06,False
WDS,2566,2026-03-19,False
WDTE,1,2023-09-20,False
WEAV,2,2021-11-15,False
WEAV,382,2023-05-22,False
WEAV,552,2024-01-25,False
WEAV,682,2024-08-01,False
WEBL,47,2020-01-16,False
WEBL,59,2020-02-04,False
WEBL,906,2023-06-15,False
WEBL,1269,2024-11-22,False
WEBS,1579,2026-02-23,False
WEED,1,2022-04-21,False
WEEI,1,2024-05-02,False
WEEK,1,2025-03-07,False
WEEL,1,2024-05-17,False
WEN,1366,2021-06-08,False
WENN,1,2025-07-08,False
WENNU,1,2025-05-16,False
WERN,2535,2026-02-03,False
WEST,1,2021-10-20,False
WEST,213,2022-08-24,False
WEST,278,2022-11-25,False
WETO,1,2025-02-27,False
WEYS,1307,2021-03-15,False
WF,2375,2025-06-24,False
WF,2537,2026-02-13,False
WF,2541,2026-02-20,False
WFC,2001,2023-12-14,False
WFC,2226,2024-11-06,False
WFF,3,2025-03-31,False
WFG,2196,2026-02-04,False
WFRD,1464,2021-11-03,False
WFRD,1679,2022-09-13,False
WFRD,1763,2023-01-12,False
WGMI,2,2022-02-09,False
WGMI,610,2024-07-15,False
WGMI,852,2025-07-02,False
WGMI,862,2025-07-17,False
WGMI,917,2025-10-03,False
WGRX,2,2025-02-21,False
WGS,1,2020-11-12,False
WGS,12,2020-12-02,False
WGS,57,2021-02-08,False
WGSWW,1,2023-01-10,False
WHD,834,2021-06-03,False
WHR,2387,2025-07-02,False
WHR-P-A,1,2026-02-26,False
WILC,1070,2020-08-25,False
WILC,2098,2024-12-09,False
WILC,2249,2025-07-21,False
WILC,2259,2025-08-04,False
WIMI,1,2020-04-02,False
WINA,2352,2025-05-12,False
WINA,2355,2025-05-15,False
WINA,2431,2025-09-04,False
WINA,2436,2025-09-11,False
WING,1981,2023-11-15,False
WING,2043,2024-02-15,False
WING,2053,2024-03-01,False
WINN,1,2022-02-04,False
WINVR,1,2021-10-05,False
WINVW,1,2021-10-07,False
WISD,1,2025-11-06,False
WISE,1,2023-12-11,False
WISE,4,2023-12-14,False
WIT,1201,2020-10-09,False
WIT,2020,2024-01-12,False
WIX,1127,2020-06-25,False
WIX,2004,2023-12-19,False
WIX,2236,2024-11-20,False
WK,1127,2020-06-25,False
WK,1395,2021-07-20,False
WK,1406,2021-08-04,False
WK,2257,2024-12-20,False
WKEY,734,2023-02-09,False
WLAC,1,2024-12-31,False
WLAC,183,2025-09-24,False
WLAC,191,2025-10-06,False
WLAC,196,2025-10-13,False
WLACU,1,2024-11-08,False
WLDN,2357,2025-05-19,False
WLDN,2368,2025-06-04,False
WLDN,2383,2025-06-26,False
WLDN,2387,2025-07-02,False
WLDN,2394,2025-07-14,False
WLDN,2410,2025-08-05,False
WLDN,2413,2025-08-08,False
WLDS,1,2022-09-14,False
WLDSW,1,2022-09-14,False
WLDU,1,2026-02-19,False
WLFC,1239,2020-12-03,False
WLFC,1735,2022-11-22,False
WLFC,1744,2022-12-06,False
WLFC,1747,2022-12-09,False
WLFC,2101,2024-05-09,False
WLFC,2158,2024-08-01,False
WLFC,2209,2024-10-14,False
WLFC,2213,2024-10-18,False
WLFC,2221,2024-10-30,False
WLFC,2524,2026-01-16,False
WLFC,2538,2026-02-06,False
WLII,1,2026-04-07,False
WLIIU,1,2026-02-13,False
WLIIW,1,2026-04-08,False
WLK,2522,2026-01-14,False
WLK,2536,2026-02-04,False
WLTG,1,2021-12-08,False
WLTH,1,2025-12-12,False
WLY,1242,2020-12-08,False
WLY,1261,2021-01-06,False
WLY,2146,2024-07-16,False
WLYB,822,2021-01-06,False
WLYB,830,2021-01-25,False
WMG,1,2020-06-04,False
WMG,4,2020-06-09,False
WMS,1038,2020-02-19,False
WMSB,1,2025-11-06,False
WMTI,1,2025-11-05,False
WMTI,12,2025-11-20,False
WMTI,16,2025-11-26,False
WNC,1220,2020-11-05,False
WNC,1727,2022-11-10,False
WNC,2001,2023-12-14,False
WNC,2541,2026-02-11,False
WNTR,1,2025-03-28,False
WNTR,159,2025-11-12,False
WNTR,161,2025-11-14,False
WNTR,181,2025-12-15,False
WNW,1,2020-12-16,False
WOK,1,2024-08-26,False
WOK,5,2024-08-30,False
WOLF,1241,2020-12-08,False
WOOF,1,2021-01-15,False
WOR,1302,2021-03-08,False
WOR,2002,2023-12-15,False
WOW,894,2020-12-11,False
WOW,899,2020-12-18,False
WOW,904,2020-12-28,False
WOW,946,2021-03-01,False
WOW,951,2021-03-08,False
WOW,1012,2021-06-03,False
WPAC-R,1,2026-02-25,False
WPAC-UN,1,2026-02-03,False
WPM,2523,2026-01-20,False
WPM,2526,2026-01-23,False
WPM,2529,2026-01-28,False
WRBY,1,2021-09-30,False
WRBY,11,2021-10-14,False
WRBY,13,2021-10-18,False
WRBY,785,2024-11-12,False
WRBY,789,2024-11-18,False
WRBY,812,2024-12-20,False
WRD,1,2024-10-28,False
WRLD,1175,2020-09-02,False
WRN,1131,2020-07-01,False
WRN,1748,2022-12-12,False
WRN,2438,2025-09-15,False
WRN,2442,2025-09-19,False
WRN,2447,2025-09-26,False
WRN,2453,2025-10-06,False
WRN,2460,2025-10-15,False
WRN,2515,2026-01-05,False
WRN,2531,2026-01-28,False
WRND,1,2022-02-09,False
WS,1,2023-11-30,False
WS,546,2026-02-04,False
WSBK,1,2025-05-02,False
WSDB,1,2026-04-01,False
WSFS,2151,2024-07-23,False
WSFS,2537,2026-02-05,False
WSGE,1,2025-12-10,False
WSHP,1,2025-11-17,False
WSM,1275,2021-01-27,False
WSM,2001,2023-12-14,False
WSM,2067,2024-03-21,False
WSM,2409,2025-08-04,False
WSML,1,2025-04-04,False
WSO,1146,2020-07-23,False
WSO-B,1146,2020-07-23,False
WSR,1553,2022-03-04,False
WSR,2580,2026-04-09,False
WST,1793,2023-02-16,False
WT,2063,2024-03-15,False
WT,2072,2024-03-28,False
WT,2075,2024-04-03,False
WT,2388,2025-07-03,False
WT,2401,2025-07-23,False
WT,2524,2026-01-16,False
WT,2531,2026-01-28,False
WTAI,1,2021-12-10,False
WTBA,1302,2021-03-08,False
WTBA,2001,2023-12-15,False
WTBN,1,2023-12-21,False
WTF,1,2025-04-02,False
WTFC,2001,2023-12-14,False
WTGUU,1,2025-05-30,False
WTI,1300,2021-03-04,False
WTI,1379,2021-06-25,False
WTI,1383,2021-07-01,False
WTIB,1,2025-12-11,False
WTID,2,2023-02-17,False
WTIP,1,2025-06-20,False
WTIU,1,2023-02-16,False
WTIU,280,2024-03-28,False
WTIU,283,2024-04-03,False
WTIU,285,2024-04-05,False
WTLS,1,2026-01-26,False
WTMU,1,2025-04-04,False
WTMY,1,2025-04-04,False
WTO,1,2021-04-07,False
WUGI,1,2020-04-01,False
WUGI,4,2020-04-06,False
WUGI,9,2020-04-14,False
WUGI,25,2020-05-06,False
WULF,2132,2025-09-09,True
WULX,1,2025-10-24,False
WVVI,1337,2021-04-29,False
WVVI,2269,2025-01-14,False
WW,1,2025-06-30,False
WWW,1781,2023-01-31,False
WWW,2113,2024-05-28,False
WWW,2227,2024-11-07,False
WWW,2411,2025-08-06,False
WXET,1,2024-12-16,False
WXET,299,2026-02-27,False
WXET,304,2026-03-06,False
WXM,1,2025-04-02,False
WY,1172,2020-08-28,False
WYFI,1,2025-08-08,False
WYFI,4,2025-08-13,False
WYHG,2,2024-11-27,False
WYHG,6,2024-12-04,False
WYNN,1239,2020-12-03,False
WYNN,1767,2023-01-10,False
WYY,2020,2024-01-16,False
WYY,2030,2024-01-30,False
WZRD,1,2025-06-26,False
XAGE,1,2021-09-24,False
XAGG,1,2025-11-11,False
XAIL,1,2026-04-09,False
XAIL,3,2026-04-14,False
XAIR,830,2021-02-08,False
XAIX,1,2024-08-05,False
XAPR,1,2024-04-23,False
XAR,1240,2020-12-04,False
XAUG,1,2023-08-22,False
XB,1,2022-05-27,False
XBAP,1,2021-04-05,False
XBB,1,2022-05-27,False
XBFR,1,2026-02-25,False
XBI,2008,2023-12-26,False
XBIL,1,2023-03-08,False
XBIT,1855,2023-05-17,False
XBJA,1,2022-01-04,False
XBJL,1,2021-07-02,False
XBOC,1,2021-10-01,False
XBP,1,2021-05-06,False
XBP,596,2023-09-18,False
XBPEW,1,2025-04-23,False
XBTY,1,2025-05-14,False
XC,1,2022-09-23,False
XC,8,2022-10-04,False
XCBE,1,2026-03-16,False
XCBEU,1,2026-01-22,False
XCBEW,1,2026-03-16,False
XCCC,1,2022-05-27,False
XCH,2,2024-09-11,False
XCHG,1,2025-12-16,False
XCLR,1,2021-03-26,False
XCNY,1,2024-09-06,False
XCOR,1,2022-10-18,False
XDAT,1,2021-01-15,False
XDAT,12,2021-02-02,False
XDEC,1,2021-12-20,False
XDEF,1,2026-02-18,False
XDIV,1,2025-07-11,False
XDNA,1,2022-01-05,False
XDQQ,1,2021-04-05,False
XDSQ,1,2021-04-05,False
XDTE,1,2024-03-08,False
XELLL,1,2025-10-09,False
XEMD,1,2022-07-01,False
XEML,1,2025-12-24,False
XENE,1257,2020-12-30,False
XENE,2007,2023-12-22,False
XERS,1693,2025-03-18,False
XES,1240,2020-12-04,False
XES,1554,2022-03-07,False
XFEB,1,2024-02-21,False
XFIV,1,2022-09-16,False
XFLH-R,1,2026-03-10,False
XFLT,697,2020-07-07,False
XFLX,1,2023-10-10,False
XGN,920,2023-05-16,False
XGN,1310,2024-12-03,False
XHB,2001,2023-12-14,False
XHLD,1,2025-02-14,False
XHLF,1,2022-09-16,False
XHYC,1,2022-02-18,False
XHYD,1,2022-02-18,False
XHYE,1,2022-02-18,False
XHYF,1,2022-02-18,False
XHYH,1,2022-02-18,False
XHYI,1,2022-02-18,False
XHYT,1,2022-02-18,False
XIDE,1,2023-12-19,False
XIDV,1,2025-01-24,False
XIJN,1,2024-06-25,False
XIMR,1,2024-03-20,False
XISE,1,2023-09-19,False
XITK,1775,2023-02-02,False
XJAN,1,2024-01-23,False
XJH,2,2020-09-28,False
XJR,2,2020-09-28,False
XJUL,1,2023-07-25,False
XJUN,1,2021-07-14,False
XKST,733,2020-11-24,False
XKST,784,2021-02-09,False
XKST,1393,2023-07-13,False
XLBI,1,2025-07-31,False
XLCI,1,2025-07-31,False
XLEI,1,2025-07-31,False
XLFI,1,2025-07-31,False
XLII,1,2025-07-31,False
XLKI,1,2025-07-31,False
XLO,1,2021-10-25,False
XLO,6,2021-11-01,False
XLRI,1,2025-07-31,False
XLSI,1,2025-07-31,False
XLUI,1,2025-07-31,False
XLVI,1,2025-07-31,False
XLYI,1,2025-07-31,False
XMAG,1,2024-10-22,False
XMAR,1,2023-03-21,False
XMAY,1,2024-05-21,False
XME,1238,2020-12-02,False
XME,1240,2020-12-04,False
XME,1261,2021-01-06,False
XME,1553,2022-03-04,False
XME,1564,2022-03-21,False
XME,1567,2022-03-24,False
XME,2400,2025-07-22,False
XME,2455,2025-10-08,False
XME,2458,2025-10-13,False
XME,2520,2026-01-12,False
XME,2527,2026-01-22,False
XMTR,1,2021-07-01,False
XNAV,1,2022-10-18,False
XNCR,2243,2024-12-02,False
XNDU,1,2026-03-24,False
XNET,2287,2025-02-06,False
XNET,2293,2025-02-14,False
XNOV,1,2023-11-21,False
XOCT,1,2023-10-24,False
XOEF,1,2025-07-10,False
XOEX,1,2022-11-10,False
XOM,1300,2021-03-04,False
XOM,2536,2026-02-04,False
XOMA,1245,2020-12-11,False
XOMA,2580,2026-04-09,False
XOMO,1,2023-09-01,False
XOMX,1,2025-04-24,False
XOMX,13,2025-05-12,False
XOMX,187,2026-01-21,False
XOMX,193,2026-01-29,False
XOMX,197,2026-02-04,False
XOMX,200,2026-02-09,False
XOMZ,1,2025-04-24,False
XONE,1,2022-09-16,False
XOP,1240,2020-12-04,False
XOP,1244,2020-12-10,False
XOP,1300,2021-03-04,False
XOS,1,2020-12-09,False
XOS,41,2021-02-08,False
XOS,50,2021-02-22,False
XOSWW,1,2020-12-08,False
XP,866,2023-05-22,False
XP,878,2023-06-08,False
XP,886,2023-06-21,False
XP,908,2023-07-24,False
XP,1555,2026-02-20,False
XPAY,1,2024-11-01,False
XPEG,1,2026-01-16,False
XPEL,1068,2020-12-02,False
XPEL,1070,2020-12-04,False
XPEL,1072,2020-12-08,False
XPEL,1078,2020-12-16,False
XPEL,1194,2021-06-04,False
XPEL,2319,2025-11-25,False
XPER,1,2022-09-30,False
XPEV,1,2020-08-28,False
XPND,1,2021-06-16,False
XPO,1897,2023-07-19,False
XPO,1902,2023-07-26,False
XPOF,1,2021-07-23,False
XPOF,10,2021-08-05,False
XPON,1,2022-04-04,False
XPP,2105,2024-05-16,False
XPP,2304,2025-03-05,False
XPP,2312,2025-03-17,False
XQQI,1,2026-02-03,False
XRAY,2538,2026-02-06,False
XRLX,1,2023-10-10,False
XRMI,1,2021-08-27,False
XRN,1879,2023-12-14,False
XRN-P-A,1,2026-01-21,False
XRN-P-B,1,2026-01-22,False
XRN-PB,1,2025-11-17,False
XRP,2,2025-11-24,False
XRPC,1,2025-11-14,False
XRPI,1,2025-05-23,False
XRPK,1,2025-12-03,False
XRPM,1,2025-11-19,False
XRPN,1,2025-06-25,False
XRPR,1,2025-09-19,False
XRPR,10,2025-10-02,False
XRPT,1,2025-05-23,False
XRPZ,1,2025-11-25,False
XRT,1275,2021-01-27,False
XRXDW,1,2026-02-17,False
XSEP,1,2022-09-23,False
XSLL,1,2026-03-19,False
XSLLU,1,2026-01-22,False
XSLLW,1,2026-03-19,False
XSPI,1,2026-02-03,False
XSVM,1275,2021-01-27,False
XSVN,1,2022-09-16,False
XTAP,1,2021-04-05,False
XTEN,1,2022-09-16,False
XTJA,1,2022-01-04,False
XTJL,1,2021-07-02,False
XTKG,421,2020-12-01,False
XTLB,1038,2021-01-12,False
XTOC,1,2021-10-04,False
XTR,1,2021-08-27,False
XTRE,1,2022-09-16,False
XTWO,1,2022-09-16,False
XTWY,1,2022-09-16,False
XUDV,1,2025-01-24,False
XUSP,1,2022-08-12,False
XV,1,2025-04-16,False
XVOL,1,2021-04-23,False
XVV,1,2020-09-25,False
XWEL,1502,2021-12-20,False
XXI,1,2024-08-14,False
XXRP,1,2025-04-09,False
XXV,1,2025-11-19,False
XXX,1,2026-02-02,False
XXXX,1,2023-12-05,False
XYF,1621,2025-03-05,False
XYLG,1,2020-09-22,False
XYZ,1038,2020-02-19,False
XYZ,1135,2020-07-08,False
XYZ,1174,2020-09-01,False
XYZ,1905,2023-07-31,False
XYZ,1995,2023-12-06,False
XYZ,2234,2024-11-18,False
XYZ,2243,2024-12-02,False
XYZG,1,2025-04-07,False
XYZY,1,2023-10-12,False
XYZY,17,2023-11-03,False
XYZY,278,2024-11-18,False
XYZY,289,2024-12-04,False
XZO,1,2025-11-06,False
YAAS,1,2024-12-23,False
YALA,1,2020-10-01,False
YALA,4,2020-10-06,False
YALA,1127,2025-03-27,False
YALA,1138,2025-04-11,False
YALL,1,2022-10-12,False
YALL,10,2022-10-25,False
YB,2,2025-05-01,False
YB,41,2025-06-27,False
YBIT,1,2024-04-24,False
YBMN,1,2025-11-26,False
YBMN,10,2025-12-10,False
YBST,1,2025-12-17,False
YBTC,1,2024-01-19,False
YBTC,6,2024-01-26,False
YBTC,214,2024-11-21,False
YBTY,1,2025-12-17,False
YCS,1591,2022-04-28,False
YCY-U,1,2025-10-02,False
YCY-WS,1,2025-10-29,False
YDDL,1,2025-10-10,False
YDEC,1,2020-12-22,False
YDES,1,2025-08-27,False
YEAR,1,2022-09-15,False
YETH,1,2024-09-05,False
YETH,11,2024-09-19,False
YETH,16,2024-09-26,False
YETI,1807,2026-01-06,False
YEXT,1916,2024-11-22,False
YEXT,2046,2025-06-04,False
YFFI,1,2025-01-03,False
YFYA,1,2025-02-03,False
YGLD,1,2024-12-04,False
YGLD,6,2024-12-11,False
YGLD,104,2025-05-06,False
YGLD,209,2025-10-06,False
YGLD,217,2025-10-16,False
YGLD,287,2026-01-28,False
YGMZF,1,2020-10-22,False
YHC,1,2023-08-11,False
YHNA,2,2024-11-11,False
YHNAR,1,2024-11-13,False
YHNAU,1,2024-08-19,False
YIBO,1,2024-01-26,False
YINN,2305,2025-03-05,False
YJUN,1,2021-06-22,False
YLCO,1261,2021-01-06,False
YLDW,1,2025-12-15,False
YMAG,1,2024-01-31,False
YMAR,1,2021-03-23,False
YMAT,1,2025-07-31,False
YMAT,8,2025-08-11,False
YMAT,15,2025-08-20,False
YMAX,1,2024-01-18,False
YMM,1,2021-06-23,False
YMT,1,2025-08-20,False
YNOT,1,2025-07-11,False
YOKE,1,2025-02-25,False
YOLO,400,2020-11-17,False
YOLO,405,2020-11-24,False
YOLO,407,2020-11-27,False
YOLO,439,2021-01-14,False
YOLO,452,2021-02-03,False
YOLO,456,2021-02-09,False
YOLO,1585,2025-08-08,False
YOOV,1,2026-03-09,False
YOOV,6,2026-03-16,False
YOU,1,2021-06-24,False
YOU,5,2021-06-30,False
YOU,365,2022-12-02,False
YOU,1033,2025-08-06,False
YOU,1056,2025-09-09,False
YOUL,1,2025-07-11,False
YPF,1364,2021-06-04,False
YPF,1681,2022-09-07,False
YPF,1686,2022-09-14,False
YPF,2234,2024-11-18,False
YPF,2238,2024-11-22,False
YPF,2248,2024-12-09,False
YPF,2251,2024-12-12,False
YQ,1,2020-12-07,False
YQQQ,1,2024-08-16,False
YRD,2026,2024-01-23,False
YSEP,1,2021-09-21,False
YSG,1,2020-11-20,False
YSG,1010,2024-11-26,False
YSG,1012,2024-11-29,False
YSPY,1,2025-02-27,False
YSS,1,2026-01-30,False
YSXT,2,2024-12-20,False
YXI,1539,2022-03-14,False
YXI,1694,2022-10-24,False
YXI,1699,2022-10-31,False
YXT,1,2024-08-19,False
YYGH,1,2024-04-23,False
YYYM,1,2026-03-11,False
Z,1039,2020-02-20,False
Z,1783,2023-02-02,False
Z,2146,2024-07-16,False
ZALT,1,2023-10-03,False
ZAPR,1,2025-04-02,False
ZAUG,1,2024-08-02,False
ZBAO,1,2024-04-03,False
ZBIO,1,2024-09-16,False
ZBIO,5,2024-09-20,False
ZBRA,1230,2020-11-19,False
ZBRA,1294,2021-02-24,False
ZCBA,1,2026-01-08,False
ZCBB,1,2026-01-08,False
ZCBC,1,2026-01-08,False
ZCBE,1,2026-01-08,False
ZCBF,1,2026-01-08,False
ZCBG,1,2026-01-08,False
ZCMD,1,2020-02-25,False
ZDAI,1,2024-07-24,False
ZDAI,11,2024-08-07,False
ZDEK,1,2024-12-03,False
ZDGE,1929,2024-02-07,False
ZECP,1,2021-08-25,False
ZENA,1,2024-10-02,False
ZENV,2,2021-07-26,False
ZENV,5,2021-07-29,False
ZENV,7,2021-08-02,False
ZENV,17,2021-08-16,False
ZENV,22,2021-08-23,False
ZEO,1,2021-12-17,False
ZEOWW,1,2024-03-12,False
ZEPP,762,2021-02-19,False
ZETA,1,2021-06-11,False
ZETA,737,2024-05-15,False
ZETX,1,2026-02-05,False
ZFEB,1,2025-02-04,False
ZG,1039,2020-02-20,False
ZG,2146,2024-07-16,False
ZGM,1,2025-09-10,False
ZGN,1,2021-01-12,False
ZH,1,2021-03-29,False
ZH,4,2021-04-01,False
ZH,989,2025-03-05,False
ZHDG,1,2021-07-08,False
ZHOG,1,2023-09-07,False
ZIM,2,2021-02-01,False
ZIM,8,2021-02-09,False
ZIM,23,2021-03-03,False
ZIM,285,2022-03-16,False
ZIM,837,2024-05-28,False
ZION,2000,2023-12-14,False
ZIP,1,2021-05-27,False
ZIP,3,2021-06-01,False
ZIVB,1,2023-04-18,False
ZIVB,50,2023-06-28,False
ZJAN,1,2025-01-03,False
ZJK,1,2024-10-01,False
ZJK,5,2024-10-07,False
ZJUL,1,2024-07-02,False
ZJUN,1,2025-06-03,False
ZJYL,1,2023-03-29,False
ZJYL,23,2023-05-01,False
ZKH,1,2023-12-18,False
ZKH,16,2024-01-10,False
ZKH,25,2024-01-24,False
ZKIN,594,2020-01-15,False
ZKP,1,2026-02-05,False
ZKPW,1,2026-02-05,False
ZLAB,816,2020-12-16,False
ZLAB,821,2020-12-23,False
ZLAB,836,2021-01-15,False
ZLAB,1783,2024-10-22,False
ZLSUF,1,2021-08-02,False
ZM,216,2020-02-27,False
ZM,1401,2024-11-11,False
ZM,1410,2024-11-22,False
ZMAR,1,2025-03-04,False
ZMAY,1,2025-05-02,False
ZMUN,1,2025-10-01,False
ZNOV,1,2024-11-04,False
ZNTL,1,2020-04-06,False
ZNTL,13,2020-04-23,False
ZNTL,15,2020-04-27,False
ZNTL,26,2020-05-12,False
ZNTL,792,2023-05-26,False
ZOCT,1,2024-10-02,False
ZONE,1,2024-04-29,False
ZOOZ,1,2024-04-08,False
ZOOZW,1,2025-04-23,False
ZPTA,1,2022-03-08,False
ZROZ,1051,2020-03-09,False
ZSB,1,2023-01-12,False
ZSB,748,2026-01-06,False
ZSB,752,2026-01-12,False
ZSC,1,2023-08-10,False
ZSEP,1,2024-09-04,False
ZSPC,2,2024-12-06,False
ZSTK,1,2021-05-12,False
ZTAX,1,2023-05-22,False
ZTAX,4,2023-05-25,False
ZTEN,1,2024-01-12,False
ZTO,912,2020-06-15,False
ZTOP,1,2025-04-16,False
ZTRE,1,2024-01-12,False
ZTWO,1,2024-01-12,False
ZUMZ,2154,2024-07-26,False
ZUMZ,2156,2024-07-30,False
ZUMZ,2168,2024-08-15,False
ZUMZ,2174,2024-08-23,False
ZUMZ,2426,2025-08-27,False
ZUMZ,2432,2025-09-05,False
ZUMZ,2496,2025-12-05,False
ZURA,1,2023-03-21,False
ZVIA,1,2021-07-23,False
ZVOL,1,2023-04-20,False
ZVOL,33,2023-06-06,False
ZVOL,48,2023-06-28,False
ZVRA,2389,2025-07-07,False
ZVSA,1,2022-02-11,False
ZVZZT,1151,2022-07-27,False
ZWS,1233,2020-11-24,False
ZWS,1451,2021-10-07,False
ZXZZT,1,2025-10-15,False
ZYBT,1,2025-01-08,False
ZYME,1664,2023-12-07,False
ZYME,1676,2023-12-26,False
ZYME,1684,2024-01-08,False
