ticker,E_idx,date,example_matched
AAA,1,2020-09-10,False
AAAA,1,2025-07-17,False
AAAC,1,2025-12-12,False
AAAU,1802,2025-10-16,False
AACB,1,2025-04-08,False
AACBR,1,2025-04-10,False
AACBU,1,2025-02-14,False
AACIU,1,2025-05-22,False
AACIU,114,2025-11-03,False
AAEQ,1,2025-12-11,False
AALG,1,2025-07-14,False
AALG,4,2025-07-17,False
AALG,8,2025-07-23,False
AAM,1,2024-09-17,False
AAMI,2387,2025-07-02,False
AAMI,2392,2025-07-10,False
AAOI,1015,2020-01-15,False
AAOX,1,2026-03-25,False
AAPB,1,2022-08-10,False
AAPB,3,2022-08-12,False
AAPD,1,2022-08-10,False
AAPD,668,2025-04-08,False
AAPG,1,2025-01-27,False
AAPG,4,2025-01-30,False
AAPG,7,2025-02-04,False
AAPL,1013,2020-01-13,False
AAPL,1156,2020-08-06,False
AAPR,1,2024-04-02,False
AAPU,1,2022-08-10,False
AAPU,3,2022-08-12,False
AAPW,1,2025-02-20,False
AAPX,1,2024-01-12,False
AAPX,4,2024-01-18,False
AAPY,1,2023-10-30,False
AAPY,3,2023-11-01,False
AARD,1,2025-02-14,False
AARD,4,2025-02-20,False
AAUC,1,2024-08-16,False
AAUGD,1,2021-03-23,False
AAUM,1,2025-10-02,False
AAUS,1,2025-07-24,False
ABCL,1,2020-12-14,False
ABCS,1,2023-12-21,False
ABEQ,1,2020-01-23,False
ABEV,2535,2026-02-03,False
ABEV,2542,2026-02-12,False
ABG,1782,2023-02-01,False
ABG,2286,2025-02-05,False
ABI,1,2025-06-27,False
ABIG,1,2025-04-10,False
ABLD,1,2021-12-16,False
ABLS,1,2025-02-20,False
ABLV,1,2022-09-13,False
ABLV,221,2023-07-31,False
ABLVW,1,2022-09-13,False
ABM,2000,2023-12-13,False
ABNB,1,2020-12-11,False
ABNB,6,2020-12-18,False
ABNG,1,2025-11-18,False
ABNG,24,2025-12-22,False
ABNY,1,2024-06-26,False
ABNY,5,2024-07-02,False
ABOS,1,2021-07-02,False
ABOT,1,2020-12-09,False
ABP,1,2022-03-10,False
ABPWW,1,2022-03-08,False
ABSI,1,2021-07-23,False
ABSI,5,2021-07-29,False
ABSI,8,2021-08-03,False
ABUF,1,2026-04-07,False
ABUS,2436,2025-09-11,False
ABVE,1,2021-04-08,False
ABVEW,1,2024-07-01,False
ABVX,1,2023-10-20,False
ABX,1,2020-09-15,False
ABXB,1,2020-12-09,False
ABXL,1,2023-11-27,False
ABXL,275,2024-12-30,False
ACAA,1,2026-04-13,False
ACAAU,1,2026-02-20,False
ACCL,1,2025-10-20,False
ACDC,1,2022-05-16,False
ACEI,1,2025-09-26,False
ACEL,1557,2024-07-31,False
ACEP,1,2025-11-24,False
ACES,629,2021-01-12,False
ACGCU,1,2026-04-08,False
ACGR,1,2020-01-22,False
ACHR,1,2020-12-21,False
ACHR,5,2020-12-28,False
ACHR,35,2021-02-10,False
ACHR-WS,1,2021-09-14,False
ACHR-WT,1,2024-12-10,False
ACHR-WT,4,2024-12-13,False
ACHR-WT,11,2024-12-24,False
ACI,1,2020-06-29,False
ACI,147,2021-01-27,False
ACI,282,2021-08-10,False
ACII,1,2025-09-26,False
ACIU,2269,2025-10-03,False
ACKY,1,2025-09-10,False
ACLC,1,2020-07-16,False
ACLO,1,2024-11-19,False
ACLX,1,2022-02-07,False
ACLX,446,2023-11-14,False
ACOG,1,2024-11-12,False
ACON,1,2022-04-25,False
ACONW,1,2022-04-25,False
ACR,2066,2024-03-20,False
ACR,2071,2024-03-27,False
ACRV,1,2022-11-16,False
ACSG,2,2025-10-20,False
ACSG,6,2025-10-24,False
ACSV,1,2025-10-17,False
ACT,1,2021-09-17,False
ACT,4,2021-09-22,False
ACTG,1271,2021-01-21,False
ACTS,1,2026-03-20,False
ACTU,1,2024-08-14,False
ACU,1912,2023-08-09,False
ACU,2154,2024-07-26,False
ACVA,1,2021-03-25,False
ACVA,3,2021-03-29,False
ACVA,5,2021-03-31,False
ACVF,1,2020-10-30,False
ACVF,5,2020-11-05,False
ACVT,1,2025-05-01,False
ACXP,1,2021-06-28,False
ACYN,1,2026-02-26,False
ADACW,1,2026-02-10,False
ADAG,1,2021-02-10,False
ADAM,1233,2020-11-24,False
ADAMG,1,2025-01-16,False
ADAMH,1,2025-07-10,False
ADAMI,1,2024-07-02,False
ADAMO,1,2026-01-15,False
ADAMZ,1,2021-11-19,False
ADBG,2,2025-03-25,False
ADBU,1,2026-03-26,False
ADCT,4,2020-05-21,False
ADCT,6,2020-05-26,False
ADCT,8,2020-05-28,False
ADEA,1703,2022-10-07,False
ADEA,1707,2022-10-13,False
ADFI,1,2020-08-19,False
ADGM,1,2024-08-05,False
ADIV,1,2021-03-30,False
ADMA,2145,2024-07-15,False
ADP,1222,2020-11-09,False
ADPV,1,2022-11-07,False
ADSE,1,2021-03-11,False
ADSE,734,2024-02-08,False
ADTX,1,2020-07-01,False
ADVB,1,2025-03-07,False
ADVB,3,2025-03-11,False
ADVE,1,2023-09-25,False
ADXN,1,2020-01-31,False
AEAE,1,2021-12-14,False
AEAE,4,2021-12-17,False
AEAEW,1,2021-12-14,False
AEAQ,1,2026-01-27,False
AEAQW,1,2026-01-27,False
AEBI,1,2025-07-03,False
AEHL,1857,2023-05-19,False
AEI,1,2020-11-25,False
AEMS,1,2025-07-02,False
AENT,1,2021-03-25,False
AENTW,1,2023-03-22,False
AEO,1909,2023-08-04,False
AEO,1913,2023-08-10,False
AEO,2494,2025-12-03,False
AEO,2502,2025-12-15,False
AEON,1,2021-04-14,False
AERO,1,2025-11-07,False
AERT,1,2021-12-20,False
AERTW,1,2021-12-22,False
AERTW,3,2021-12-27,False
AERTW,7,2021-12-31,False
AES,1269,2021-01-19,False
AESI,1,2023-03-10,False
AESR,1504,2025-12-11,False
AETH,1,2023-10-03,False
AETH,22,2023-11-01,False
AETH,28,2023-11-09,False
AETH,404,2025-05-13,False
AEVA,1,2020-02-28,False
AEVA,197,2020-12-07,False
AEXA,1,2025-09-29,False
AEXA,7,2025-10-07,False
AFBI,1,2021-01-27,False
AFBI,836,2024-05-31,False
AFCG,1,2021-03-22,False
AFG,1281,2021-02-04,True
AFGE,1,2020-09-21,False
AFIX,1,2024-12-06,False
AFJK,1,2024-01-23,False
AFJK,449,2025-11-05,False
AFJKR,1,2024-01-23,False
AFJKR,9,2024-02-15,False
AFJKU,1,2023-12-05,False
AFOS,1,2025-06-27,False
AFRI,1,2021-02-08,False
AFRIW,2,2021-02-09,False
AFRM,1,2021-01-14,False
AFRM,6,2021-01-22,False
AFRU,1,2025-09-17,False
AFRU,3,2025-09-19,False
AFSC,1,2025-02-18,False
AGBK,1,2026-02-12,False
AGBK,6,2026-02-20,False
AGCC,1,2025-10-23,False
AGCO,2538,2026-02-06,False
AGCO,2541,2026-02-11,False
AGEM,1,2025-02-19,False
AGGA,1,2025-05-02,False
AGGH,1,2022-02-16,False
AGGS,1,2024-05-03,False
AGH,1,2025-02-13,False
AGIQ,1,2025-09-04,False
AGIQ,6,2025-09-11,False
AGIX,1,2024-07-19,False
AGL,2,2021-04-19,False
AGM,2151,2024-07-23,False
AGM-P-H,1,2025-08-26,False
AGMB,1,2026-02-06,False
AGMI,1,2024-05-06,False
AGMI,4,2024-05-09,False
AGMI,8,2024-05-15,False
AGMI,10,2024-05-17,False
AGNCL,1,2022-09-12,False
AGO,2004,2023-12-19,True
AGOX,1,2021-05-11,False
AGQI,1,2023-11-22,False
AGRH,1,2022-06-27,False
AGRO,1550,2022-03-01,False
AGRO,1552,2022-03-03,False
AGRO,2564,2026-03-17,False
AGRO,2570,2026-03-25,False
AGRW,1,2025-03-28,False
AGRZ,1,2025-10-02,False
AGX,2082,2024-04-12,False
AGX,2087,2024-04-19,False
AGYS,2362,2025-05-27,False
AHH,1472,2021-11-05,False
AHL,1,2025-05-09,False
AHL-PF,1,2024-11-25,False
AHLT,2,2023-09-05,False
AHMA,1,2025-10-22,False
AHMA,5,2025-10-28,False
AHR,1,2024-02-08,False
AHR,5,2024-02-14,False
AHR,109,2024-07-16,False
AHR,137,2024-08-23,False
AHRT,1472,2021-11-05,False
AHRT-P-A,1,2026-02-02,False
AHYB,1,2021-11-19,False
AI,1,2020-12-10,False
AIB,1,2026-03-18,False
AIBD,1,2024-05-16,False
AIBD,6,2024-05-23,False
AIBD,55,2024-08-05,False
AIBU,1,2024-05-16,False
AIDX,1,2026-02-20,False
AIFD,1,2024-05-07,False
AIFD,7,2024-05-15,False
AII,1,2025-05-09,False
AIIA-R,1,2025-11-25,False
AIIA-U,1,2025-10-07,False
AIIO,1,2020-03-23,False
AIIO,4,2020-03-27,False
AIIO,395,2021-12-01,False
AILE,1,2024-04-18,False
AILEQ,1,2021-04-27,False
AIMDW,1,2022-08-10,False
AIN,1229,2020-11-18,False
AINP,1,2024-12-06,False
AIOO,1,2025-07-02,False
AIP,2,2021-10-29,False
AIPI,1,2024-06-05,False
AIPO,1,2025-07-28,False
AIR,2397,2025-07-17,False
AIR,2522,2026-01-14,False
AIRE,1,2023-10-24,False
AIRJ,1,2022-02-02,False
AIRJW,1,2024-03-12,False
AIRO,1,2025-06-13,False
AIRS,1,2021-11-01,False
AIS,1,2024-12-04,False
AISP,1,2021-05-11,False
AISPW,1,2021-05-11,False
AIX,1,2020-07-13,False
AIXI,1,2023-03-10,False
AIYY,1,2023-11-29,False
AIYY,3,2023-12-01,False
AIZN,1,2020-11-27,False
AJAN,1,2024-01-03,False
AJUL,1,2024-07-02,False
AKA,1,2021-09-23,False
AKAF,1,2025-06-27,False
AKAN,1,2022-03-16,False
AKRE,1,2025-10-28,False
AKTS,1,2026-01-12,False
ALAB,3,2024-03-25,False
ALAI,1,2024-04-08,False
ALAI,4,2024-04-11,False
ALB,1410,2021-08-10,False
ALB-PA,1,2024-03-07,False
ALBG,1,2026-01-13,False
ALBG,7,2026-01-22,False
ALC,453,2021-01-26,False
ALCY,1,2023-06-27,False
ALCYU,1,2023-05-04,False
ALCYU,668,2025-12-31,False
ALCYU,671,2026-01-06,False
ALCYW,1,2023-06-28,False
ALDF,1,2024-12-16,False
ALDFU,1,2024-10-23,False
ALF,1,2024-08-05,False
ALFUU,2,2024-06-12,False
ALFUW,2,2024-08-02,False
ALGM,2,2020-11-02,False
ALGM,5,2020-11-05,False
ALGM,7,2020-11-09,False
ALGN,1783,2023-02-02,False
ALGS,1,2020-10-19,False
ALH,3,2025-10-14,False
ALHC,1,2021-03-29,False
ALHC,3,2021-03-31,False
ALIL,1,2025-04-10,False
ALIS,1,2025-11-20,False
ALIT,1,2020-07-20,False
ALKT,1,2021-04-15,False
ALL-P-J,1,2023-05-17,False
ALLR,1,2021-12-22,False
ALLT,1028,2020-02-04,False
ALLW,1,2025-03-07,False
ALMS,1,2024-07-01,False
ALMS,364,2025-12-10,False
ALMU,1,2022-11-17,False
ALMU,65,2023-02-22,False
ALMU,69,2023-02-28,False
ALNT,1662,2022-08-10,False
ALNT,1666,2022-08-16,False
ALNY,2131,2024-06-24,False
ALOV,1,2026-03-17,False
ALOVU,1,2026-01-22,False
ALOVW,1,2026-03-19,False
ALOY,976,2020-06-17,False
ALPS,1,2021-10-20,False
ALRG,1,2025-07-09,False
ALRM,1221,2020-11-06,False
ALSA,1,2022-01-21,False
ALSN,2226,2024-11-06,False
ALT,1427,2021-09-02,False
ALTG,939,2023-01-17,False
ALTI,1,2021-04-28,False
ALTL,1,2020-06-26,False
ALUB-U,1,2025-11-17,False
ALUB-UN,1,2025-11-14,False
ALUB-WT,1,2026-01-07,False
ALUB-WT,5,2026-01-13,False
ALUR,1,2021-03-30,False
ALVO,1,2020-11-10,False
ALVO,4,2020-11-16,False
ALVOW,1,2022-06-15,False
ALXO,2,2020-07-21,False
ALXO,7,2020-07-28,False
ALXO,13,2020-08-05,False
ALZN,1,2021-06-16,False
AM,2211,2026-02-20,False
AMAL,1503,2024-07-22,False
AMAX,1,2021-11-16,False
AMBA,1240,2020-12-04,False
AMBIQ,1,2023-03-07,False
AMBP,1,2020-09-30,False
AMBQ,1,2025-07-30,False
AMCI,1,2023-01-26,False
AMCX,1274,2021-01-26,False
AMCX,2110,2024-05-22,False
AMD,1473,2021-11-08,False
AMDD,1,2025-02-13,False
AMDD,8,2025-02-25,False
AMDG,1,2025-01-27,False
AMDL,1,2024-03-19,False
AMDS,1,2020-06-05,False
AMDW,2,2025-07-28,False
AMDY,1,2023-09-20,False
AMG,1287,2021-02-12,False
AMID,1,2022-08-18,False
AMIX,1,2024-01-30,False
AMIX,3,2024-02-01,False
AMJB,1,2024-01-29,False
AMKR,2001,2023-12-14,False
AMLX,2,2022-01-11,False
AMN,1036,2020-02-14,False
AMOD,1,2023-08-15,False
AMODW,1,2021-10-26,False
AMPGR,1,2026-02-04,False
AMPGZ,1,2026-02-04,False
AMPL,1,2021-09-29,False
AMPL,19,2021-10-25,False
AMPL,22,2021-10-28,False
AMPX,1,2022-09-16,False
AMPX-WT,1,2024-12-10,False
AMR,1752,2023-09-14,False
AMRC,1040,2020-02-21,False
AMRZ,1,2025-06-24,False
AMSC,2119,2024-06-05,False
AMST,1,2020-09-28,False
AMTD,621,2022-01-20,False
AMTM,1,2024-09-25,False
AMTM,4,2024-09-30,False
AMUN,1,2025-10-21,False
AMUU,3,2025-02-18,False
AMWD,1862,2023-05-26,False
AMWD,1869,2023-06-07,False
AMWL,1,2020-09-18,False
AMWL,4,2020-09-23,False
AMWL,9,2020-09-30,False
AMWL,12,2020-10-05,False
AMX,1228,2020-11-17,False
AMYY,1,2025-09-17,False
AMZA,2242,2024-11-29,False
AMZD,1,2022-09-08,False
AMZD,4,2022-09-13,False
AMZD,7,2022-09-16,False
AMZD,12,2022-09-23,False
AMZE,1,2021-12-15,False
AMZO,1,2026-03-25,False
AMZO,3,2026-03-27,False
AMZP,1,2023-11-01,False
AMZU,2,2022-09-09,False
AMZW,1,2025-06-20,False
AMZW,6,2025-06-27,False
AMZY,1,2023-07-26,False
AMZY,3,2023-07-28,False
AMZY,8,2023-08-04,False
AMZZ,2,2024-03-20,False
ANAB,944,2020-10-26,False
ANAB,1204,2021-11-05,False
ANABV,1,2026-04-07,False
ANABV,4,2026-04-10,False
ANDE,1549,2022-02-28,False
ANDE,1798,2023-02-24,False
ANDG,1,2025-12-17,False
ANEB,1,2021-05-10,False
ANEB,10,2021-05-21,False
ANEL,1,2025-09-05,False
ANEL,4,2025-09-10,False
ANET,1469,2021-11-02,False
ANEW,1,2020-10-19,False
ANF,1306,2021-03-12,False
ANF,2004,2023-12-19,False
ANGH,1,2020-08-24,False
ANGHW,1,2022-02-01,False
ANGHW,4,2022-02-04,False
ANGIV,3,2025-03-27,False
ANGO,1871,2023-06-09,False
ANGX,2,2025-09-15,False
ANIK,2551,2026-02-26,False
ANIK,2558,2026-03-09,False
ANL,1,2023-10-02,False
ANNA,1,2022-02-23,False
ANNX,3,2020-07-29,False
ANNX,6,2020-08-03,False
ANNX,8,2020-08-05,False
ANNX,13,2020-08-12,False
ANPA,1,2025-07-09,False
ANRO,1,2024-02-02,False
ANSC,1,2024-01-04,False
ANSCU,1,2023-11-10,False
ANSCW,1,2024-01-04,False
ANTA,1,2025-05-14,False
ANTX,1,2022-03-28,False
ANTX,5,2022-04-01,False
ANVS,1,2020-01-30,False
AOCT,1,2024-10-02,False
AOHY,1,2024-02-21,False
AOMD,1,2025-05-28,False
AOMN,1,2024-08-02,False
AOMR,1,2021-06-18,False
AONC,1,2021-05-17,False
AORT,1344,2021-05-06,False
AOSL,1443,2021-09-27,False
AOTG,1,2022-06-30,False
AOTG,3,2022-07-05,False
AOTG,5,2022-07-07,False
AOTS,1,2025-12-24,False
AOUT,1,2020-08-24,False
AOUT,1084,2024-12-12,False
APA,2571,2026-03-26,False
APAC,1,2021-09-15,False
APAC,689,2026-02-02,False
APAD,1,2025-08-28,False
APCB,1,2023-05-04,False
APEI,2562,2026-03-13,False
APGE,1,2023-07-14,False
APGE,167,2024-03-12,False
APHU,1,2026-02-19,False
API,1,2020-06-29,False
API,4,2020-07-02,False
APIE,1,2023-04-19,False
APLM,1,2021-11-29,False
APLMW,1,2023-03-28,False
APLU,1,2024-12-06,False
APLX,1,2025-09-10,False
APLX,6,2025-09-17,False
APLX,8,2025-09-19,False
APLY,1,2023-04-19,False
APLZ,1,2026-01-23,False
APMU,1,2023-05-04,False
APOC,1,2024-10-02,False
APOS,1,2023-08-30,False
APP,1,2021-04-16,False
APPF,2408,2025-08-01,False
APPX,1,2025-04-28,False
APPX,5,2025-05-02,False
APRB,1,2025-10-15,False
APRH,1,2023-04-04,False
APRJ,1,2023-04-04,False
APRP,1,2024-04-02,False
APRT,1,2020-06-05,False
APRW,1,2020-06-02,False
APRZ,1,2021-04-05,False
APT,1018,2020-01-21,False
APT,1922,2023-08-23,False
APTV,1265,2021-01-12,False
APUE,2,2023-05-05,False
APUS,1,2025-05-12,False
APXM,1,2025-04-22,False
AQB,2175,2025-09-04,False
AQEC,1,2025-11-19,False
AQLT,1,2024-12-13,False
AQWA,1,2021-04-13,False
AR,1249,2020-12-17,True
ARAI,1,2025-05-16,False
ARB,1,2020-05-08,False
ARBB,1,2023-04-06,False
ARBB,3,2023-04-11,False
ARBB,6,2023-04-14,False
ARBB,11,2023-04-21,False
ARBE,1,2020-11-02,False
ARBE,5,2020-11-06,False
ARBEW,1,2021-10-05,False
ARBK,2,2021-09-27,False
ARCB,1786,2023-02-07,False
ARCIU,1,2026-01-23,False
ARCIW,1,2026-03-18,False
ARCIW,3,2026-03-20,False
ARCO,1347,2021-05-11,False
ARCX,1,2025-06-11,False
ARDT,1,2024-07-19,False
ARDT,5,2024-07-25,False
AREA,1,2024-09-06,False
AREBW,1,2022-02-08,False
ARES-PB,2,2024-10-11,False
ARES-PB,6,2024-10-17,False
ARGX,760,2020-06-02,False
ARGX,1549,2023-07-21,False
ARHS,1,2021-11-05,False
ARKB,1,2024-01-12,False
ARKB,218,2024-11-21,False
ARKC,1,2021-12-15,False
ARKC,3,2021-12-17,False
ARKD,1,2026-01-05,False
ARKD,6,2026-01-12,False
ARKI,1,2026-04-02,False
ARKI,7,2026-04-14,False
ARKO,661,2021-09-02,False
ARKT,1,2025-10-02,False
ARKW,1894,2023-07-19,False
ARKX,2,2021-04-01,False
ARKX,1204,2026-01-14,False
ARLI,1,2026-04-02,False
ARLI,4,2026-04-08,False
ARLU,1,2024-04-02,False
ARM,1,2023-09-15,False
ARMG,1,2024-12-06,False
ARMH,1,2025-03-17,False
ARMH,6,2025-03-24,False
ARMU,1,2025-03-05,False
ARMW,2,2025-10-27,False
ARMY,1,2026-02-25,False
ARMY,6,2026-03-04,False
ARP,1,2022-12-23,False
ARQQ,2,2021-04-06,False
ARQQ,109,2021-09-07,False
ARQQW,1,2021-04-09,False
ARQQW,6,2021-04-20,False
ARQT,1,2020-02-03,False
ARQT,5,2020-02-07,False
ARRY,1,2020-10-16,False
ARRY,5,2020-10-22,False
ARTCW,1,2026-03-02,False
ARTV,1,2024-07-22,False
ARVLF,1,2020-02-04,False
ARVLF,147,2020-11-18,False
ARVR,1,2022-04-21,False
ARW,2538,2026-02-06,False
ARWG,1,2025-12-31,False
ARX,1,2025-07-25,False
AS,1,2024-02-02,False
ASA,2448,2025-09-29,False
ASA,2460,2025-10-15,False
ASAN,1,2020-10-01,False
ASAN,180,2021-06-18,False
ASBP,1,2022-04-12,False
ASBPW,1,2025-02-20,False
ASBPW,3,2025-02-24,False
ASC,2100,2024-05-08,False
ASCE,1,2025-07-09,False
ASCI,1,2025-10-21,False
ASCRF,1,2024-09-26,False
ASGM,1,2025-08-06,False
ASHR,2197,2024-09-26,False
ASHR,2199,2024-09-30,False
ASHR,2201,2024-10-02,False
ASHR,2204,2024-10-07,False
ASHS,1132,2020-07-06,False
ASHS,1137,2020-07-13,False
ASHS,2198,2024-09-30,False
ASHS,2200,2024-10-02,False
ASHS,2203,2024-10-07,False
ASHS,2426,2025-08-28,False
ASIA,1,2023-09-25,False
ASIC,1,2025-06-12,False
ASLV,1,2025-03-28,False
ASMF,1,2024-05-02,False
ASMG,1,2024-12-06,False
ASMH,1,2025-03-17,False
ASMU,1,2026-02-12,False
ASMU,4,2026-02-18,False
ASMU,7,2026-02-23,False
ASND,1427,2021-09-02,False
ASNS,1,2022-05-16,False
ASO,1,2020-10-05,False
ASO,12,2020-10-20,False
ASO,25,2020-11-06,False
ASPC,1,2025-01-06,False
ASPCR,1,2025-01-06,False
ASPCU,1,2024-11-11,False
ASPI,1,2022-11-11,False
ASPSW,1,2025-05-08,False
ASPSZ,1,2025-05-08,False
ASST,1,2023-02-06,False
ASTC,2173,2024-08-23,False
ASTE,1473,2021-11-08,False
ASTE,2229,2024-11-11,False
ASTL,1,2021-03-05,False
ASTL,692,2023-12-01,False
ASTS,221,2020-12-28,False
ASTS,1079,2024-05-28,True
ASTX,2,2025-07-15,False
ASTX,4,2025-07-17,False
ASTX,8,2025-07-23,False
ASUR,1776,2023-03-08,False
ASUR,2120,2024-07-22,False
ASUUF,1,2024-09-20,False
ASX,1266,2021-01-13,False
ATAI,1,2021-06-21,False
ATAT,2,2022-11-15,False
ATCH,1,2021-03-11,False
ATCL,1,2026-02-19,False
ATEC,2479,2025-11-11,False
ATEN,1725,2022-11-08,False
ATEN,2248,2024-12-09,False
ATEX,2140,2024-07-08,False
ATFV,1,2021-05-04,False
ATGL,2,2023-11-02,False
ATGL,9,2023-11-13,False
ATHM,2197,2024-09-26,False
ATHM,2201,2024-10-02,False
ATHR,1,2025-04-11,False
ATHS,1,2024-03-18,False
ATI,2547,2026-02-20,False
ATII,1,2025-04-04,False
ATIIU,1,2025-02-12,False
ATIIU,158,2025-09-29,False
ATLC,932,2020-01-21,False
ATLC,947,2020-02-11,False
ATLC,1380,2021-10-28,False
ATLC,1384,2021-11-03,False
ATLC,1776,2023-05-26,False
ATLC,2146,2024-11-14,False
ATLC,2149,2024-11-19,False
ATLC,2151,2024-11-21,False
ATLC,2155,2024-11-27,False
ATLN,1,2021-08-30,False
ATMU,1,2023-05-30,False
ATMU,206,2024-03-22,False
ATMU,212,2024-04-02,False
ATNI,2312,2025-03-14,False
ATON,1373,2021-06-17,False
ATPC,380,2020-04-13,False
ATPC,1229,2023-08-25,False
ATR,2543,2026-02-13,False
ATRC,1017,2020-01-17,False
ATRC,2226,2024-11-06,False
ATTR,1,2025-10-29,False
ATYR,1439,2021-09-21,False
AUAU,2,2025-12-11,False
AUAU,9,2025-12-22,False
AUB,2150,2024-07-22,False
AUB,2154,2024-07-26,False
AUGM,1,2024-08-20,False
AUGO,1226,2025-12-22,False
AUGP,1,2024-05-13,False
AUGT,1,2023-08-02,False
AUGU,1,2024-08-02,False
AUGW,1,2023-08-02,False
AUGZ,1,2020-08-04,False
AUMI,1,2023-12-14,False
AUMI,4,2023-12-19,False
AUMI,429,2025-09-02,False
AUNA,2,2024-03-26,False
AUR,1,2021-05-11,False
AUR,135,2021-11-18,False
AURA,2,2021-11-02,False
AURE,1,2023-07-07,False
AUROW,1,2021-11-02,False
AUSM,1,2025-07-09,False
AUST,1,2022-05-05,False
AUUD,1,2021-02-18,False
AUUD,5,2021-02-24,False
AVAH,1,2021-04-29,False
AVAL,1240,2020-12-04,False
AVAL,1244,2020-12-10,False
AVAL,2529,2026-01-26,False
AVAV,1272,2021-01-22,False
AVAV,2104,2024-05-14,False
AVAV,2450,2025-10-01,False
AVBC,1,2025-08-04,False
AVBC,5,2025-08-08,False
AVBP,1,2024-01-26,False
AVBP,3,2024-01-30,False
AVDS,1,2023-07-21,False
AVEE,1,2023-11-10,False
AVEE,3,2023-11-14,False
AVEE,7,2023-11-20,False
AVES,1,2021-10-01,False
AVGB,1,2025-04-21,False
AVGE,3,2022-10-04,False
AVGO,1175,2020-09-02,False
AVGO,1862,2023-05-26,False
AVGO,2252,2024-12-13,False
AVGU,2,2025-07-17,False
AVGV,1,2023-06-30,False
AVGW,2,2025-07-28,False
AVGW,4,2025-07-30,False
AVGX,1,2024-08-23,False
AVIE,3,2022-10-04,False
AVIG,1,2020-10-16,False
AVIR,1,2020-11-02,False
AVIR,4,2020-11-05,False
AVIV,1,2021-10-01,False
AVL,1,2024-10-11,False
AVLC,1,2023-09-29,False
AVLV,1,2021-09-24,False
AVMA,1,2023-06-30,False
AVMC,1,2023-11-10,False
AVMC,3,2023-11-14,False
AVMU,1,2020-12-11,False
AVMV,1,2023-11-10,False
AVMV,3,2023-11-14,False
AVNM,1,2023-06-30,False
AVNT,2542,2026-02-12,False
AVNV,1,2023-06-30,False
AVO,1,2020-10-02,False
AVPT,268,2020-11-27,False
AVPT,889,2023-05-18,False
AVPT,1269,2024-11-20,False
AVR,1,2024-12-13,False
AVRE,1,2021-10-01,False
AVS,1,2024-10-11,False
AVS,3,2024-10-15,False
AVSC,1,2022-01-14,False
AVSD,1,2022-03-18,False
AVSE,1,2022-03-31,False
AVSF,1,2020-10-16,False
AVSU,1,2022-03-18,False
AVSU,8,2022-03-29,False
AVT,2538,2026-02-06,False
AVTM,1,2026-02-03,False
AVTM,4,2026-02-06,False
AVUQ,1,2025-03-28,False
AVX,1,2021-07-09,False
AVXC,1,2024-03-22,False
AVXX,1,2025-10-27,False
AWAY,1,2020-02-14,False
AWI,2405,2025-07-29,False
AX,1222,2020-11-09,False
AXAC,1,2022-03-28,False
AXG,1,2025-10-07,False
AXG,7,2025-10-15,False
AXIA,2492,2025-12-04,False
AXIA-P-C,2,2026-01-02,False
AXIN,1,2025-08-04,False
AXON,1726,2022-11-09,False
AXON,1730,2022-11-15,False
AXON,2054,2024-03-04,False
AXON,2228,2024-11-08,False
AXPG,1,2026-02-20,False
AXR,1779,2023-06-26,False
AXUP,2,2025-09-18,False
AYI,2203,2024-10-04,False
AZ,1,2020-06-02,False
AZ,3,2020-06-05,False
AZI,1,2024-08-29,False
AZTA,1224,2020-11-11,False
AZTD,1,2022-08-19,False
AZTD,5,2022-08-25,False
AZTR,1,2023-06-16,False
AZYY,1,2025-09-17,False
AZYY,3,2025-09-19,False
BA,2002,2023-12-15,False
BA-PA,1,2024-10-30,False
BABA,2451,2025-10-02,False
BABO,1,2024-08-09,False
BABO,6,2024-08-16,False
BABO,273,2025-09-11,False
BABO,288,2025-10-02,False
BABU,1,2026-02-12,False
BABW,2,2025-10-27,False
BABX,1,2022-12-14,False
BACA,1,2021-11-19,False
BACA,928,2025-08-25,False
BACA,1015,2025-12-29,False
BACC,1,2025-08-05,False
BACQ,1,2024-12-03,False
BACQU,1,2024-11-01,False
BACQU,245,2025-10-24,False
BAER,1,2021-03-18,False
BAERW,1,2023-01-24,False
BAFE,1,2024-11-19,False
BAFN,1,2020-01-21,False
BAGY,2,2025-05-01,False
BAGY,7,2025-05-08,False
BAGY,10,2025-05-13,False
BAI,1,2024-10-23,False
BAI,5,2024-10-29,False
BAIG,1,2025-08-21,False
BAIV,1,2026-02-27,False
BALI,1,2023-09-29,False
BALL,2540,2026-02-10,False
BALQ,1,2025-12-04,False
BALT,1,2021-07-02,False
BAM,2,2021-02-24,False
BAMA,1,2023-09-29,False
BAMB,1,2023-09-28,False
BAMD,1,2023-09-29,False
BAMG,1,2023-09-28,False
BAMO,1,2023-09-29,False
BAMU,1,2023-09-28,False
BAMV,1,2023-09-28,False
BAMY,1,2023-09-29,False
BANC-P-F,1,2023-12-04,False
BANC-P-F,13,2023-12-20,False
BANC-PF,1,2023-12-04,False
BANC-PF,13,2023-12-20,False
BANF,1306,2021-03-12,False
BANL,2,2023-03-27,False
BANR,2154,2024-07-26,False
BAOS,1,2021-02-09,False
BAR,2024,2025-10-16,False
BARK,2,2020-12-22,False
BARK,4,2020-12-24,False
BASG,1,2025-06-17,False
BASG,5,2025-06-24,False
BASV,1,2025-06-17,False
BAYA,1,2024-01-02,False
BAYAR,1,2024-01-02,False
BAYAU,1,2023-12-15,False
BB,2257,2024-12-20,True
BBAI,1,2021-04-06,False
BBAI-WT,1,2021-04-05,False
BBAR,1362,2021-06-02,False
BBAR,1367,2021-06-09,False
BBB,1,2023-12-29,False
BBBI,1,2024-01-26,False
BBBL,1,2024-01-26,False
BBBS,1,2024-01-26,False
BBBY-WT,1,2025-10-14,False
BBCQ,1,2026-01-29,False
BBCQW,1,2026-01-29,False
BBDC,1917,2023-08-16,False
BBEM,1,2023-05-12,False
BBHL,1,2025-11-18,False
BBHM,1,2025-11-18,False
BBHM,6,2025-11-25,False
BBIB,1,2023-04-21,False
BBLB,1,2023-04-21,False
BBLB,3,2023-04-25,False
BBLGW,1,2021-10-14,False
BBLU,1,2022-10-18,False
BBLU,4,2022-10-21,False
BBMC,2,2020-04-17,False
BBMC,8,2020-04-27,False
BBMC,10,2020-04-29,False
BBNX,1,2025-01-31,False
BBOT,1,2025-08-08,False
BBOT,7,2025-08-18,False
BBSB,1,2023-04-21,False
BBSC,1,2020-11-19,False
BBSC,3,2020-11-23,False
BBSI,1557,2022-03-10,False
BBUC,1,2022-03-08,False
BBW,2062,2024-03-14,False
BBWI,1405,2021-08-03,False
BBYY,1,2025-10-22,False
BCAB,1,2020-12-17,False
BCAL,378,2020-11-09,False
BCAR,1,2025-08-21,False
BCAT,1,2020-09-28,False
BCAX,1,2024-09-13,False
BCBP,1535,2022-02-07,False
BCBP,2150,2024-07-22,False
BCCC,1,2025-06-05,False
BCCC,3,2025-06-09,False
BCD,1088,2022-03-07,False
BCDF,1,2022-08-03,False
BCDF,6,2022-08-10,False
BCDF,8,2022-08-12,False
BCEM,2,2026-04-14,False
BCFN,1,2025-12-16,False
BCG,1,2024-03-28,False
BCGD,1,2025-12-16,False
BCHI,2,2025-02-18,False
BCHP,1,2023-07-14,False
BCI,1241,2022-03-07,False
BCIL,1,2024-03-22,False
BCKT,1,2025-09-25,False
BCLI,1040,2020-02-21,False
BCLI,1670,2022-08-22,False
BCLO,1,2025-01-31,False
BCML,1169,2021-03-05,False
BCOR,2,2025-05-02,False
BCOR,6,2025-05-08,False
BCOR,9,2025-05-13,False
BCOR,15,2025-05-21,False
BCPC,1265,2021-01-12,False
BCPL,1,2026-01-13,False
BCSM,1,2025-12-16,False
BCSM,5,2025-12-22,False
BCSS-U,1,2025-10-03,False
BCSS-WS,1,2025-11-21,False
BCTK,1,2025-12-16,False
BCTK,4,2025-12-19,False
BCTXL,1,2026-01-15,False
BCUS,1,2023-12-22,False
BCV,1232,2020-11-23,False
BDBT,1,2025-06-24,False
BDCX,3,2020-06-08,False
BDGS,1,2023-05-12,False
BDIV,1,2024-08-01,False
BDMD,1,2024-09-27,False
BDMDW,1,2024-09-30,False
BDN,2213,2024-10-18,False
BDRY,1764,2025-07-11,False
BDSX,1,2020-10-29,False
BDSX,3,2020-11-02,False
BDTX,1,2020-01-31,False
BDVG,1,2023-07-03,False
BDVL,1,2025-09-16,False
BDYN,1,2025-09-16,False
BEAG,1,2024-12-17,False
BEAGR,1,2024-12-17,False
BEAGR,6,2024-12-27,False
BEAGU,1,2024-10-24,False
BEAM,1,2020-02-07,False
BEAM,4,2020-02-12,False
BEAT,1,2021-11-12,False
BEBE,1350,2021-09-02,False
BEBE-UN,1,2025-12-18,False
BEBE-WS,1,2026-02-09,False
BEBE-WT,1,2026-02-09,False
BEDY,1,2025-12-09,False
BEDZ,1,2021-04-22,False
BEEP,1,2021-05-26,False
BEEX,1,2024-12-17,False
BEEZ,1,2023-11-09,False
BEEZ,4,2023-11-14,False
BEG,1,2025-12-17,False
BEGS,1,2025-02-10,False
BEKE,1,2020-08-14,False
BELFA,1203,2022-03-04,False
BELT,1,2024-06-20,False
BEMB,1,2023-02-27,False
BENF,1,2021-12-06,False
BENJ,1,2025-01-24,False
BEP,2101,2024-05-09,False
BEPC,1,2020-07-27,False
BEPC,3,2020-07-29,False
BEPH,1,2021-04-19,False
BEPI,1,2021-12-15,False
BEPJ,1,2024-03-28,False
BERZ,1,2021-08-19,False
BESF,2,2025-06-06,False
BESS-WT,1,2026-02-23,False
BETA,1,2025-11-05,False
BETE,1,2023-10-03,False
BETE,16,2023-10-24,False
BETH,1,2023-10-03,False
BETH,4,2023-10-06,False
BETH,16,2023-10-24,False
BETR,1,2021-05-03,False
BETR,3,2021-05-05,False
BETRW,2,2023-08-23,False
BETZ,2,2020-06-08,False
BEX,1,2025-11-14,False
BEZ,1,2026-02-12,False
BF-B,1179,2020-09-09,False
BFAP,1,2025-04-07,False
BFAP,3,2025-04-09,False
BFEB,1,2020-02-04,False
BFEW,1,2026-04-08,False
BFH,1222,2020-11-09,False
BFIT,1957,2024-02-16,False
BFIX,1,2022-02-11,False
BFJA,2,2026-01-13,False
BFJL,1,2025-07-02,False
BFJL,7,2025-07-11,False
BFLB,1,2025-10-09,False
BFLY,1,2020-07-14,False
BFOC,1,2025-10-03,False
BFRG,1,2023-01-27,False
BFRGW,1,2023-01-27,False
BFRI,1,2021-11-01,False
BFRZ,1,2025-05-14,False
BFXU,1,2026-04-08,False
BFXU,4,2026-04-14,False
BG,2530,2026-01-27,False
BGDV,1,2024-12-13,False
BGI,1760,2022-12-29,False
BGI,1847,2023-05-05,False
BGI,1849,2023-05-09,False
BGIG,1,2023-09-18,False
BGIN,1,2025-10-22,False
BGL,1,2025-06-27,False
BGLC,1,2020-09-17,False
BGLD,1,2021-01-22,False
BGM,1,2021-01-13,False
BGRO,1,2024-06-06,False
BGRO,5,2024-06-12,False
BGS,1275,2021-01-27,False
BGSF,1478,2021-11-15,False
BH-A,1204,2023-06-01,False
BHAVU,1,2026-03-18,False
BHC,1269,2021-01-19,False
BHDG,1,2026-03-19,False
BHDG,7,2026-03-27,False
BHE,2100,2024-05-08,False
BHIL,1,2021-03-01,False
BHM,1,2022-09-29,False
BHM,4,2022-10-04,False
BHRB,1473,2023-12-26,False
BHVN,1,2022-09-26,False
BHYB,1,2023-10-30,False
BIAF,1,2022-09-02,False
BIDD,1,2024-11-19,False
BIDG,1,2025-12-19,False
BIDG,7,2025-12-30,False
BIDG,9,2026-01-02,False
BIDU,1012,2020-01-10,False
BIDU,1247,2020-12-15,False
BIDU,2440,2025-09-17,False
BIGY,1,2024-11-22,False
BIIB,1365,2021-06-07,False
BIII-UN,1,2026-01-05,False
BIII-WS,1,2026-01-30,False
BILD,1,2023-11-30,False
BILI,446,2020-01-06,False
BILL,430,2021-08-27,False
BILL,434,2021-09-02,False
BILS,1,2020-09-25,False
BILT,1,2025-08-01,False
BILT,136,2026-02-13,False
BILZ,1,2023-06-23,False
BIMI,1191,2020-10-19,False
BINC,1,2023-05-24,False
BINI,1,2023-12-22,False
BINT,1,2025-06-24,False
BINV,1,2023-10-06,False
BIO,1406,2021-08-04,False
BIOA,1,2024-09-27,False
BIOA,6,2024-10-04,False
BIOR,1,2020-06-22,False
BIORQ,1,2020-06-22,False
BIPC,2,2020-04-02,False
BIPC,7,2020-04-09,False
BIPH,1,2026-03-17,False
BIPI,1,2022-01-27,False
BIPJ,1,2024-06-06,False
BIRD,1,2021-11-04,False
BIRK,1,2023-10-11,False
BITB,1,2024-01-12,False
BITB,218,2024-11-21,False
BITC,1,2023-03-22,False
BITC,422,2024-11-21,False
BITI,1,2022-06-22,False
BITI,5,2022-06-28,False
BITI,7,2022-06-30,False
BITK,1,2025-09-25,False
BITK,3,2025-09-29,False
BITK,6,2025-10-02,False
BITO,1,2021-10-20,False
BITO,778,2024-11-21,False
BITQ,2,2021-05-12,False
BITQ,1110,2025-10-09,False
BITS,1,2021-11-17,False
BITU,2,2024-04-04,False
BITU,4,2024-04-08,False
BITX,1,2023-06-28,False
BITX,4,2023-07-03,False
BITY,2,2025-05-01,False
BITY,7,2025-05-08,False
BITY,10,2025-05-13,False
BIVI,955,2020-12-22,False
BIXI,1,2025-12-18,False
BIYA,4,2025-03-27,False
BJDX,1,2021-11-11,False
BKAG,1,2020-04-27,False
BKCG,1,2025-04-01,False
BKCH,1,2021-07-15,False
BKCH,5,2021-07-21,False
BKCI,1,2021-12-09,False
BKD,2531,2026-01-28,False
BKDV,2,2024-11-06,False
BKE,2416,2025-08-13,False
BKEM,1,2020-04-27,False
BKEM,3,2020-04-29,False
BKFI,1,2026-01-13,False
BKGI,1,2022-11-04,False
BKGI,8,2022-11-15,False
BKHA,1,2024-05-14,False
BKHAR,1,2024-05-14,False
BKHAR,4,2024-05-17,False
BKHAU,1,2024-03-22,False
BKHY,1,2020-04-27,False
BKIE,1,2020-04-27,False
BKIE,3,2020-04-29,False
BKKT,1,2020-11-20,False
BKKT-WT,1,2021-10-14,False
BKLC,2,2020-04-14,False
BKLC,5,2020-04-17,False
BKMC,1,2020-04-13,False
BKMC,5,2020-04-17,False
BKMI,1,2026-01-13,False
BKMS,1,2026-01-13,False
BKNG,2229,2024-11-11,False
BKNU,1,2025-09-18,False
BKNU,4,2025-09-23,False
BKSE,1,2020-04-13,False
BKSY,432,2021-09-09,False
BKSY,437,2021-09-16,False
BKSY-WT,6,2020-02-05,False
BKTI,2163,2024-08-19,False
BKTI,2167,2024-08-23,False
BKU,2151,2024-07-23,False
BKU,2154,2024-07-26,False
BKUI,1,2021-08-12,False
BKV,2,2024-09-30,False
BKV,32,2024-11-11,False
BKV,35,2024-11-14,False
BLBD,1269,2021-01-19,False
BLBX,990,2020-06-17,False
BLCN,775,2021-02-16,False
BLCO,1,2022-05-06,False
BLCR,1,2023-10-27,False
BLCV,1,2023-05-24,False
BLD,2001,2023-12-14,False
BLDG,2,2020-09-28,False
BLDG,6,2020-10-02,False
BLDP,1017,2020-01-17,False
BLDX,1,2026-02-03,False
BLDX,7,2026-02-11,False
BLFY,1,2021-07-19,False
BLFY,1099,2025-12-01,False
BLGR,1,2025-06-24,False
BLIV,1,2025-04-04,False
BLLN,1,2025-11-07,False
BLMZF,1,2024-07-25,False
BLND,1,2021-07-19,False
BLNK,1474,2021-11-15,False
BLOK,1380,2023-07-13,False
BLOK,1484,2023-12-08,False
BLOX,1,2025-06-18,False
BLOX,4,2025-06-24,False
BLOX,6,2025-06-26,False
BLRK,1,2026-02-03,False
BLRKW,1,2026-02-04,False
BLRX,1820,2023-03-28,False
BLSG,1,2025-10-28,False
BLSH,1,2025-08-13,False
BLST,1,2025-06-24,False
BLSX,2,2025-10-27,False
BLTD,1,2025-06-24,False
BLTE,1,2022-05-02,False
BLTE,628,2024-10-29,False
BLUC,1,2025-06-24,False
BLUI,1,2025-06-24,False
BLUW,1,2025-08-01,False
BLUWU,1,2025-06-11,False
BLUX,1,2025-06-24,False
BLZE,2,2021-11-15,False
BLZR,1,2025-11-04,False
BMA,1766,2023-01-09,False
BMAR,2,2020-03-04,False
BMAY,1,2020-05-04,False
BMBL,1,2021-02-12,False
BMEA,1,2021-04-19,False
BMED,2,2020-10-05,False
BMEZ,1,2020-01-30,False
BMEZ,9,2020-02-11,False
BMGL,1,2025-02-26,False
BMHL,1,2025-07-11,False
BMHL,6,2025-07-18,False
BMI,1206,2020-10-16,False
BMI,2089,2024-04-23,False
BMN,1,2022-10-28,False
BMNG,1,2025-10-28,False
BMNU,1,2025-09-29,False
BMNU,4,2025-10-02,False
BMNU,6,2025-10-06,False
BMNZ,2,2025-11-17,False
BMOP,1,2026-01-13,False
BMR,1,2023-03-01,False
BMY,2154,2024-07-26,False
BNAI,1,2021-04-29,False
BNAIW,1,2021-04-26,False
BNDD,1,2021-09-22,False
BNDI,1,2022-08-31,False
BNDP,1,2025-12-05,False
BNDS,1,2025-01-16,False
BNDY,1,2025-07-07,False
BNGE,1,2022-01-27,False
BNGE,3,2022-01-31,False
BNH,1,2020-10-22,False
BNH,574,2023-02-02,False
BNKD,1,2025-02-21,False
BNKD,3,2025-02-25,False
BNKD,8,2025-03-04,False
BNKK,1,2020-11-02,False
BNKU,1,2025-02-21,False
BNL,1,2020-09-18,False
BNL,966,2024-07-23,False
BNO,1550,2022-03-01,False
BNO,1555,2022-03-08,False
BNO,2557,2026-03-06,False
BNO,2565,2026-03-18,False
BNR,1,2020-06-15,False
BNR,5,2020-06-19,False
BNRG,1,2022-05-26,False
BNT,1,2021-06-29,False
BNZI,1,2021-02-16,False
BNZI,7,2021-02-24,False
BNZIW,1,2021-02-16,False
BNZIW,3,2021-02-18,False
BOAT,1,2021-08-05,False
BOAT,5,2021-08-11,False
BOAT,9,2021-08-17,False
BOAT,694,2024-05-08,False
BOAT,697,2024-05-13,False
BOBP,1,2025-05-22,False
BOC,867,2020-11-19,False
BOCN,1,2022-02-07,False
BOCN,704,2024-11-27,False
BODI,1,2021-01-19,False
BODI,5,2021-01-25,False
BODI,23,2021-02-19,False
BODI,112,2021-06-28,False
BOED,1,2025-04-24,False
BOEG,1,2025-06-16,False
BOEG,5,2025-06-23,False
BOEG,9,2025-06-27,False
BOEG,13,2025-07-03,False
BOEG,16,2025-07-09,False
BOEU,1,2025-04-24,False
BOEU,3,2025-04-28,False
BOEU,7,2025-05-02,False
BOEU,14,2025-05-13,False
BOEU,19,2025-05-20,False
BOF,1,2023-06-16,False
BOH-PB,1,2024-06-21,False
BOLD,1,2024-04-01,False
BOLD,389,2025-10-16,False
BOLD,510,2026-04-14,False
BOLT,2,2021-02-09,False
BON,1,2021-06-25,False
BOOT,1222,2020-11-09,False
BOOT,1264,2021-01-11,False
BOSC,2466,2025-11-03,False
BOTJ,1058,2020-11-24,False
BOTT,1,2024-04-23,False
BOTT,353,2025-09-18,False
BOW,1,2024-05-24,False
BOW,5,2024-05-31,False
BOW,208,2025-03-25,False
BOWN,1,2023-08-17,False
BOXA,1,2024-12-19,False
BOXX,1,2022-12-29,False
BPAC,1,2022-01-26,False
BPAC,4,2022-01-31,False
BPACU,1,2021-12-03,False
BPAY,1,2022-08-19,False
BPH,2,2025-01-10,False
BPI,1,2025-04-03,False
BPOP,1222,2020-11-09,False
BPOP,2538,2026-02-06,False
BPRE,2,2025-12-18,False
BPRO,2,2026-01-26,False
BQ,1,2020-10-01,False
BRAI,1,2026-02-13,False
BRAZ,3,2023-08-23,False
BRAZ,7,2023-08-29,False
BRBI,1,2025-09-22,False
BRBS,1546,2024-11-11,False
BRC,2431,2025-09-04,False
BRCB,1,2025-09-15,False
BRCC,2,2022-02-09,False
BRCC,8,2022-02-17,False
BRCE,1,2025-10-23,False
BREM,1,2025-10-17,False
BRES,1,2026-02-06,False
BRHY,1,2024-06-20,False
BRIA,1,2024-11-29,False
BRIB,1,2026-02-20,False
BRIE,1,2025-10-23,False
BRIF,1,2024-12-23,False
BRIF,188,2025-09-24,False
BRKC,1,2025-06-06,False
BRKD,1,2024-12-12,False
BRKD,5,2024-12-18,False
BRKU,1,2024-12-12,False
BRKW,1,2025-06-20,False
BRKW,3,2025-06-24,False
BRLN,1,2022-10-07,False
BRLS,1,2021-10-07,False
BRLSW,1,2025-04-22,False
BRLT,1,2021-09-24,False
BRNS,1,2021-05-04,False
BRNY,1,2022-10-17,False
BRNY,5,2022-10-21,False
BRNY,7,2022-10-25,False
BRO,1023,2020-01-28,False
BROS,1,2021-09-16,False
BROS,857,2025-02-13,False
BRR,1,2025-06-10,False
BRR,4,2025-06-13,False
BRR,8,2025-06-20,False
BRRR,1,2024-01-12,False
BRRR,218,2024-11-21,False
BRRWW,1,2025-07-29,False
BRSHF,1,2022-08-04,False
BRTR,1,2023-12-15,False
BRZE,1,2021-11-18,False
BSAA,1,2025-08-08,False
BSBK,2,2020-01-21,False
BSCU,1,2020-09-18,False
BSCV,1,2021-09-17,False
BSCW,1,2022-09-12,False
BSCX,1,2023-09-21,False
BSCY,1,2024-06-13,False
BSCZ,1,2025-06-12,False
BSJS,1,2020-09-17,False
BSJT,1,2021-09-16,False
BSJU,1,2022-09-09,False
BSJV,1,2023-09-21,False
BSJW,1,2024-06-13,False
BSJX,1,2025-06-12,False
BSLK,1,2021-05-10,False
BSLK,5,2021-05-14,False
BSLKW,1,2024-08-14,False
BSMC,1,2023-10-06,False
BSMU,1,2020-10-13,False
BSMV,1,2021-09-22,False
BSMW,1,2023-03-02,False
BSMY,1,2024-09-12,False
BSMZ,1,2025-09-18,False
BSOL,1,2025-10-29,False
BSR,1,2023-04-19,False
BSRR,2147,2024-07-22,False
BSSX,1,2023-09-21,False
BSTP,1,2022-03-09,False
BSVN,722,2021-08-05,False
BSVO,1,2023-03-14,False
BSY,2,2020-09-25,False
BSY,76,2021-01-12,False
BTBD,1,2021-11-15,False
BTC,1,2024-08-01,False
BTC,80,2024-11-21,False
BTCC,1,2025-04-03,False
BTCI,1,2024-10-18,False
BTCI,8,2024-10-29,False
BTCI,25,2024-11-21,False
BTCL,1,2024-07-11,False
BTCL,3,2024-07-15,False
BTCL,7,2024-07-19,False
BTCO,1,2024-01-12,False
BTCO,218,2024-11-21,False
BTCW,1,2024-01-12,False
BTCZ,1,2024-07-11,False
BTDR,1,2021-07-29,False
BTF,1,2021-10-25,False
BTFD,1,2021-10-22,False
BTFL,2,2026-01-02,False
BTFL,8,2026-01-12,False
BTGD,2,2024-10-18,False
BTGD,24,2024-11-19,False
BTGO,1,2026-01-22,False
BTI,1521,2022-01-18,False
BTI,1525,2022-01-24,False
BTM,1,2022-04-20,False
BTMD,1,2021-04-29,False
BTMWW,1,2023-06-29,False
BTMWW,3,2023-07-03,False
BTOC,2,2024-05-16,False
BTOP,1,2023-10-03,False
BTOP,16,2023-10-24,False
BTOT,1,2025-12-12,False
BTR,1,2023-04-19,False
BTRN,2,2024-03-25,False
BTRN,5,2024-03-28,False
BTRN,170,2024-11-21,False
BTRN,286,2025-05-13,False
BTSG,1,2024-01-29,False
BTSGU,2,2024-01-30,False
BTSGU,200,2024-11-11,False
BTTC,1,2025-10-03,False
BTX,1,2021-03-29,False
BTX,6,2021-04-06,False
BTX,8,2021-04-08,False
BTX,11,2021-04-13,False
BU,1,2025-11-20,False
BU,3,2025-11-24,False
BUCK,1,2022-10-31,False
BUDA,2,2026-01-08,False
BUDA,4,2026-01-12,False
BUFB,1,2022-02-10,False
BUFC,1,2023-12-14,False
BUFD,1,2021-01-22,False
BUFE,1,2026-04-09,False
BUFG,1,2021-10-27,False
BUFH,1,2025-06-26,False
BUFI,1,2024-12-11,False
BUFM,1,2024-12-11,False
BUFP,1,2024-06-14,False
BUFQ,1,2022-06-15,False
BUFR,1,2020-08-18,False
BUFS,1,2024-06-05,False
BUFT,1,2021-10-27,False
BUFX,1,2025-06-26,False
BUFY,1,2024-09-27,False
BUFZ,1,2023-10-27,False
BULD,1,2022-05-06,False
BULG,1,2025-08-12,False
BULG,4,2025-08-15,False
BULL,1,2022-08-19,False
BULU,1,2025-07-31,False
BULU,5,2025-08-06,False
BULZ,3,2021-08-23,False
BULZ,8,2021-08-30,False
BURU,1,2020-10-26,False
BUSA,1,2023-10-06,False
BUSE,2151,2024-07-23,False
BUSEP,1,2025-05-15,False
BUUU,2,2025-08-15,False
BUUU,7,2025-08-22,False
BUXX,1,2023-08-11,False
BUYO,1,2024-10-09,False
BUYW,1,2022-09-13,False
BUYZ,2,2020-03-02,False
BUZZ,1,2021-03-05,False
BUZZ,3,2021-03-09,False
BUZZ,5,2021-03-11,False
BVAL,1,2025-06-24,False
BVC,1,2021-03-29,False
BVFL,844,2023-12-06,False
BVFL,997,2024-07-19,False
BVN,2002,2023-12-15,False
BVN,2525,2026-01-20,False
BVS,1,2021-02-12,False
BW,1235,2020-11-27,False
BWA,2541,2026-02-11,False
BWAY,435,2021-01-07,False
BWEB,1,2022-10-05,False
BWEN,2112,2024-05-24,False
BWET,1,2023-05-04,False
BWET,4,2023-05-09,False
BWET,592,2025-09-12,False
BWIN,214,2020-08-31,False
BWIN,454,2021-08-13,False
BWIV-UN,1,2026-03-23,False
BWLP,1204,2020-10-14,False
BWLP,2115,2024-05-30,False
BWLP,2538,2026-02-06,False
BWMN,1,2021-05-10,False
BWMN,440,2023-02-06,False
BWMN,1051,2025-07-16,False
BWNB,1,2021-12-20,False
BWOW,1,2025-11-28,False
BWTG,1,2023-11-10,False
BWTG,3,2023-11-14,False
BWXT,2051,2024-02-28,False
BWXT,2054,2024-03-04,False
BX,2001,2023-12-14,False
BXSL,1,2021-10-29,False
BXSL,5,2021-11-04,False
BXSL,10,2021-11-11,False
BYAH,1,2024-12-30,False
BYND,181,2020-01-21,False
BYRE,1,2022-05-20,False
BYRE,6,2022-05-27,False
BZ,1,2021-06-14,False
BZAI,1,2022-02-01,False
BZAI,728,2024-12-23,False
BZAIW,1,2025-01-14,False
BZFD,2,2021-03-09,False
BZFDW,1,2021-03-08,False
BZUN,2203,2024-10-04,False
CA,1,2023-12-15,False
CAAA,1,2024-02-29,False
CAAP,1151,2022-08-29,False
CAAS,1231,2020-11-23,False
CAAS,1739,2022-11-30,False
CABR,1,2025-06-18,False
CABZ,1,2026-01-15,False
CAC,1306,2021-03-12,False
CAC,1980,2023-11-14,False
CACC,2146,2024-07-16,False
CADL,2,2021-07-29,False
CADL,11,2021-08-11,False
CAE,1222,2020-11-09,False
CAEP,1,2025-06-27,False
CAFG,1,2023-05-03,False
CAFG,3,2023-05-05,False
CAFX,1,2024-09-11,False
CAH,1664,2022-08-12,False
CAI,1,2025-06-20,False
CAIE,1,2025-06-26,False
CAIQ,2,2025-11-24,False
CALC,1,2020-09-28,False
CALI,1,2023-07-14,False
CALM,2211,2024-10-16,False
CALX,1036,2020-02-14,False
CAM,1,2025-10-07,False
CAML,1,2023-08-23,False
CAML,5,2023-08-29,False
CAMP,1,2024-10-14,False
CAMT,1014,2020-01-14,False
CAMX,1,2023-02-14,False
CANC,1,2023-08-15,False
CANQ,1,2024-02-14,False
CANQ,6,2024-02-22,False
CAOS,1,2023-03-07,False
CAPE,1,2022-04-06,False
CAPN,1,2024-10-25,False
CAPNR,2,2024-10-28,False
CAPNR,5,2024-11-05,False
CAPNU,1,2024-09-23,False
CAPNU,328,2026-01-13,False
CAPR,2008,2023-12-26,False
CAPS,1243,2020-12-09,False
CAPS,1248,2020-12-16,False
CAPS,1251,2020-12-21,False
CAPS,1521,2022-01-18,False
CAPS,1525,2022-01-24,False
CAPT,1,2022-04-05,False
CAPTW,1,2022-04-05,False
CAPTW,5,2022-04-11,False
CAQUU,1,2026-02-05,False
CAQUW,1,2026-04-02,False
CAR,1039,2020-02-20,False
CAR,2381,2025-06-24,False
CARD,1,2023-06-29,False
CARK,1,2023-12-08,False
CARL,2,2025-07-24,False
CARR,1,2020-03-20,False
CARR,4,2020-03-25,False
CART,1,2023-09-19,False
CARU,3,2023-07-03,False
CARU,7,2023-07-10,False
CARU,9,2023-07-12,False
CARU,14,2023-07-19,False
CARY,1,2022-11-09,False
CAS,1,2025-01-15,False
CAS,5,2025-01-22,False
CASH,1222,2020-11-09,False
CASH,1783,2023-02-02,False
CASH,2153,2024-07-25,False
CASH,2532,2026-01-29,False
CATF,1,2024-07-19,False
CAUD,1,2021-09-07,False
CAVA,1,2023-06-16,False
CBAN,2051,2024-07-26,False
CBK,2,2025-10-06,False
CBL,1,2021-11-03,False
CBL,3,2021-11-05,False
CBLL,1,2024-10-11,False
CBLS,1,2020-11-16,False
CBNA,1,2024-10-04,False
CBOA,1,2025-04-08,False
CBOJ,1,2025-01-23,False
CBOL,1,2025-10-15,False
CBOO,1,2025-10-08,False
CBOY,1,2025-07-09,False
CBSE,1,2020-11-16,False
CBSE,7,2020-11-24,False
CBTA,2,2025-04-09,False
CBTJ,1,2025-02-05,False
CBTL,1,2025-10-15,False
CBTO,1,2025-10-08,False
CBTY,1,2025-07-09,False
CBTY,3,2025-07-11,False
CBXA,1,2025-04-08,False
CBXJ,1,2025-02-05,False
CBXL,1,2025-10-15,False
CBXO,1,2025-10-08,False
CBXY,1,2025-07-09,False
CBXY,3,2025-07-11,False
CBZ,1471,2021-11-04,False
CBZ,2226,2024-11-06,False
CC,2541,2026-02-11,False
CCAP,2,2020-02-05,False
CCAP,4,2020-02-07,False
CCC,1,2020-10-06,False
CCC,8,2020-10-15,False
CCCC,1,2020-10-05,False
CCCX,1,2025-07-08,False
CCCX,53,2025-09-19,False
CCCX,56,2025-09-24,False
CCCX,64,2025-10-06,False
CCCX,69,2025-10-13,False
CCEC,2022,2024-01-17,False
CCEF,1,2024-01-17,False
CCEL,1296,2021-02-26,False
CCFE,1,2025-06-13,False
CCG,2,2025-04-15,False
CCG,5,2025-04-21,False
CCGWW,1,2023-09-19,False
CCGWW,634,2026-03-30,False
CCHH,1,2025-10-06,False
CCII,2,2025-08-25,False
CCIRW,1,2024-12-03,False
CCIX,1,2024-06-24,False
CCIXU,1,2024-05-03,False
CCIXW,2,2024-06-24,False
CCJ,1429,2021-09-07,False
CCJ,1432,2021-09-10,False
CCL,2000,2023-12-13,False
CCLD,2421,2025-08-29,False
CCLDO,1,2022-02-04,False
CCLDO,573,2024-05-16,False
CCLDO,577,2024-05-22,False
CCLDO,745,2025-01-24,False
CCMG,1,2024-01-17,False
CCNE,1978,2023-11-14,False
CCNE,2149,2024-07-23,False
CCNR,1,2024-07-12,False
CCOI,1048,2020-03-04,False
CCRP,1,2025-12-12,False
CCSB,1,2024-04-15,False
CCSB,352,2025-09-09,False
CCSI,1,2021-10-01,False
CCSO,1,2022-09-21,False
CCTG,1,2024-01-19,False
CCU,1776,2023-01-24,False
CCUP,1,2025-08-12,False
CCXIW,1,2026-02-11,False
CDAQ,1,2021-12-07,False
CDEI,2,2023-02-02,False
CDIG,1,2025-09-18,False
CDIO,1,2022-01-18,False
CDIOW,1,2022-01-18,False
CDLR,1,2023-12-27,False
CDLR,108,2024-05-31,False
CDNL,2,2025-12-12,False
CDRE,2,2021-11-08,False
CDRE,5,2021-11-11,False
CDT,1,2022-03-29,False
CDTG,1,2024-04-19,False
CDTTW,1,2023-09-22,False
CDX,1,2022-02-16,False
CEF,1156,2020-08-06,False
CEF,2461,2025-10-16,False
CEFA,1,2020-06-25,False
CEFD,1,2020-06-04,False
CEFZ,1,2025-08-05,False
CEG,1,2022-01-20,False
CEG,6,2022-01-27,False
CEG,9,2022-02-01,False
CEG,348,2023-06-08,False
CEG,532,2024-03-04,False
CEG,534,2024-03-06,False
CEGX,1,2025-07-14,False
CELG-RI,1,2024-12-06,False
CELT,1,2025-10-09,False
CELUW,1,2021-07-20,False
CENQW,1,2021-10-05,False
CENT,1908,2023-08-03,False
CEPF,2,2025-08-22,False
CEPI,1,2024-12-05,False
CEPO,1,2025-01-08,False
CEPO,74,2025-04-25,False
CEPO,78,2025-05-01,False
CEPS,1,2026-02-06,False
CEPT,1,2025-05-05,False
CEPT,4,2025-05-08,False
CEPT,111,2025-10-10,False
CEPU,1725,2024-12-11,False
CEPV,1,2025-11-05,False
CERO,1,2021-12-01,False
CEROW,1,2024-02-13,False
CERT,1,2020-12-14,False
CERT,182,2021-09-02,False
CERY,1,2024-09-06,False
CERY,5,2024-09-12,False
CEVA,1264,2021-01-11,False
CEVA,1266,2021-01-13,False
CEVA,1272,2021-01-22,False
CFFI,1228,2020-11-18,False
CFG-P-I,1,2025-07-29,False
CFG-PH,1,2024-05-20,False
CFIT,1,2025-03-31,False
CFND,1,2025-08-08,False
CG,1341,2021-05-03,False
CG,1893,2023-07-13,False
CG,2001,2023-12-14,False
CGAU,2413,2025-10-06,False
CGAU,2415,2025-10-08,False
CGAU,2491,2026-01-28,False
CGBL,1,2023-09-29,False
CGBSW,1,2024-07-10,False
CGCB,1,2023-09-29,False
CGCP,1,2022-02-25,False
CGCT,2,2025-06-25,False
CGCTU,1,2025-05-01,False
CGCV,1,2024-06-28,False
CGDG,1,2023-09-29,False
CGDV,1,2022-02-25,False
CGEM,1,2021-01-11,False
CGEM,3,2021-01-13,False
CGGE,1,2024-06-28,False
CGGG,1,2025-06-27,False
CGGO,1,2022-02-23,False
CGGO,3,2022-02-25,False
CGGR,1,2022-02-24,False
CGHM,1,2024-06-28,False
CGHY,1,2025-06-27,False
CGIB,1,2024-06-28,False
CGIC,1,2024-06-28,False
CGIE,1,2023-09-29,False
CGMM,2,2025-01-21,False
CGMS,1,2022-10-28,False
CGMU,1,2022-10-28,False
CGNG,1,2024-06-28,False
CGNT,1,2021-02-01,False
CGNX,2407,2025-07-31,False
CGON,1,2024-01-26,False
CGON,5,2024-02-01,False
CGRO,1,2023-10-18,False
CGRO,241,2024-10-02,False
CGRO,244,2024-10-07,False
CGSD,1,2022-10-28,False
CGSM,1,2023-09-29,False
CGTL,1,2024-11-27,False
CGTL,4,2024-12-03,False
CGTX,1,2021-10-11,False
CGUI,1,2024-06-28,False
CGUS,1,2022-02-25,False
CGV,1,2022-08-02,False
CGVV,1,2025-06-27,False
CGXU,2,2022-02-25,False
CHA,1,2025-04-17,False
CHA,4,2025-04-23,False
CHAC,1,2025-05-20,False
CHAC,116,2025-11-03,False
CHACR,1,2025-05-20,False
CHAI,1,2020-09-28,False
CHAR,1,2024-11-27,False
CHARR,2,2024-11-27,False
CHARU,1,2024-10-25,False
CHAT,1,2023-05-19,False
CHAT,6,2023-05-26,False
CHAU,1013,2020-01-13,False
CHAU,2197,2024-09-26,False
CHAU,2199,2024-09-30,False
CHCI,2062,2024-04-22,False
CHD,1152,2020-07-31,False
CHEC,1,2025-11-12,False
CHEF,2244,2024-12-03,True
CHIQ,2204,2024-10-07,False
CHMI,1774,2023-01-20,False
CHNU,1,2026-04-02,False
CHOW,1,2025-09-17,False
CHPG,1,2025-06-23,False
CHPGU,1,2025-05-29,False
CHPS,2,2023-07-17,False
CHPT,253,2020-09-16,False
CHPX,1,2025-10-02,False
CHPX,3,2025-10-06,False
CHPX,5,2025-10-08,False
CHPY,1,2025-04-04,False
CHPY,4,2025-04-09,False
CHRI,1,2025-09-25,False
CHSN,1,2023-03-31,False
CHTR,2231,2024-11-13,False
CHYM,1,2025-06-13,False
CIB,2526,2026-01-21,False
CICB,1,2024-10-10,False
CIEN,2251,2024-12-12,False
CIEN,2438,2025-09-15,False
CIFG,1,2025-12-12,False
CIFR,1,2020-10-21,False
CIFR,97,2021-03-11,False
CIFR,214,2021-08-26,False
CIFU,1,2025-11-24,False
CIG,1667,2022-08-17,False
CIG-C,2364,2025-05-29,False
CIGL,1,2025-04-22,False
CIMN,1,2024-05-29,False
CIMN,7,2024-06-06,False
CIMO,1,2024-08-23,False
CIMP,1,2025-09-19,False
CING,1,2021-12-09,False
CINGW,1,2021-12-09,False
CINT,2,2021-11-12,False
CIO,2402,2025-07-24,False
CION,1,2021-10-06,False
CION,5,2021-10-12,False
CISO,2,2021-03-23,False
CISS,1,2023-06-15,False
CITR,1,2025-12-02,False
CIZ,1,2021-05-17,False
CIZN,1844,2024-07-31,False
CIZN,2153,2025-12-04,False
CJMB,2,2025-02-05,False
CLBT,1,2020-11-09,False
CLCG,1,2025-07-24,False
CLCV,1,2025-07-24,False
CLDI,1,2021-11-02,False
CLGN,418,2020-01-14,False
CLIK,1,2024-10-10,False
CLIM,1,2026-03-13,False
CLIP,1,2023-06-22,False
CLIR,2237,2024-11-21,False
CLMT,2551,2026-02-26,False
CLNE,1231,2020-11-20,True
CLNE,1232,2020-11-23,False
CLNK,1,2026-01-15,False
CLNN,283,2020-12-28,False
CLOA,1,2023-01-13,False
CLOB,1,2024-09-26,False
CLOC,1,2025-10-24,False
CLOD,1,2023-12-18,False
CLOI,1,2022-06-24,False
CLOV,1,2020-06-15,False
CLOV,6,2020-06-22,False
CLOV,137,2020-12-28,False
CLOX,1,2023-07-20,False
CLOZ,1,2023-01-25,False
CLRC,1,2022-06-03,False
CLSE,1,2022-02-22,False
CLSE,4,2022-02-25,False
CLSE,7,2022-03-02,False
CLSK,1882,2025-10-09,False
CLSKW,1,2024-11-05,False
CLSM,1,2021-07-14,False
CLST,1,2021-10-14,False
CLST,1019,2025-11-04,False
CLSX,2,2025-09-18,False
CLSX,6,2025-09-24,False
CLSZ,1,2026-02-20,False
CLVT,442,2020-08-03,False
CLYM,1,2021-08-11,False
CM,1519,2022-01-13,False
CMBO,1,2025-11-05,False
CMBT,2106,2024-05-16,False
CMBT,2108,2024-05-20,False
CMCAW,1,2022-01-24,False
CMCI,1,2023-08-24,False
CMCL,1025,2020-02-07,False
CMCL,1561,2022-03-24,False
CMCM,2399,2025-07-21,False
CMDB,1,2025-05-02,False
CMDY,875,2022-03-07,False
CMG,1840,2023-04-26,False
CMGG,1,2025-11-18,False
CMGG,4,2025-11-21,False
CMGG,6,2025-11-25,False
CMND,1,2021-09-02,False
CMPS,2,2020-09-22,False
CMPS,5,2020-09-25,False
CMPX,1,2021-04-06,False
CMPX,3,2021-04-16,False
CMRC,1,2020-08-06,False
CMRE,2104,2024-05-14,False
CMTG,1,2021-11-04,False
CNAV,1,2024-10-02,False
CNBS,1037,2023-09-05,False
CNBS,1041,2023-09-11,False
CNCK,1,2021-09-13,False
CNEQ,1,2024-04-08,False
CNEY,1,2021-02-08,False
CNEY,3,2021-02-10,False
CNGL,1,2022-01-24,False
CNH,2541,2026-02-11,False
CNL,1,2021-07-15,False
CNL,161,2022-03-03,False
CNL,895,2025-02-05,False
CNL,923,2025-03-18,False
CNM,1,2021-07-23,False
CNM,5,2021-07-29,False
CNQQ,1,2025-09-29,False
CNQQ,4,2025-10-02,False
CNTA,1,2021-06-01,False
CNTB,1,2021-03-22,False
CNTN,1,2022-01-13,False
CNTX,1,2021-10-21,False
CNTY,2228,2024-11-08,False
CNXC,1,2020-11-25,False
CNXC,4,2020-12-01,False
CNXC,8,2020-12-07,False
CNXT,1138,2020-07-13,False
CNXT,2199,2024-09-30,False
CNXT,2201,2024-10-02,False
CNXT,2204,2024-10-07,False
CNXT,2423,2025-08-22,False
CNXT,2427,2025-08-28,False
CNYA,1014,2020-07-06,False
CNYA,1019,2020-07-13,False
CNYA,1145,2021-01-12,False
CNYA,2076,2024-09-26,False
CNYA,2078,2024-09-30,False
CNYA,2080,2024-10-02,False
CNYA,2083,2024-10-07,False
COAL,1,2024-01-25,False
COAL,373,2025-07-22,False
COCH,1,2021-04-30,False
COCHW,1,2021-04-27,False
COCO,1,2021-10-22,False
COCO,17,2021-11-15,False
CODI,1426,2021-09-01,False
COE,1766,2023-06-30,False
COE,2312,2025-09-04,False
COEP,1,2020-12-18,False
COEP,7,2020-12-29,False
COEPW,2,2020-12-21,False
COEPW,4,2020-12-23,False
COHN,2371,2025-11-14,False
COHX,1,2026-02-20,False
COHX,4,2026-02-25,False
COHX,7,2026-03-02,False
COIA,1,2025-09-11,False
COIA,6,2025-09-18,False
COIG,1,2025-03-17,False
COIG,6,2025-03-24,False
COII,1,2025-06-05,False
COIN,2,2021-04-16,False
COIO,1,2025-08-14,False
COIW,1,2025-02-20,False
COKE,1361,2021-06-01,False
COKE,1365,2021-06-07,False
COKE,1481,2021-11-18,False
COKE,1998,2023-12-11,False
COKE,2004,2023-12-19,False
COKE,2007,2023-12-22,False
COKE,2553,2026-03-02,False
COLA,1,2025-03-18,False
COLAU,2,2025-01-24,False
COLAU,256,2026-01-29,False
COLB,2154,2024-07-26,False
COLL,2480,2025-11-12,False
COMB,1193,2022-03-07,False
COMP,1,2021-04-05,False
COMT,1551,2022-03-02,False
COMT,1553,2022-03-04,False
COMT,1555,2022-03-08,False
CON,1,2024-07-26,False
CON,4,2024-07-31,False
CONI,2,2024-09-06,False
CONL,1,2022-08-10,False
CONX,1,2025-11-20,False
CONY,1,2023-08-16,False
CONY,84,2023-12-13,False
COOK,3,2021-08-03,False
COOK,7,2021-08-09,False
COOT,1,2020-12-11,False
COOTW,1,2020-12-11,False
COOTW,4,2020-12-16,False
COPA,2,2024-09-26,False
COPA,6,2024-10-02,False
COPJ,1,2023-02-03,False
COPJ,671,2025-10-07,False
COPJ,676,2025-10-14,False
COPL,1,2025-06-03,False
COPL-U,1,2025-05-05,False
COPL-WS,1,2025-06-03,False
COPP,1,2024-03-07,False
COPP,5,2024-03-13,False
COPP,399,2025-10-08,False
COPX,1233,2020-11-24,False
COPX,1262,2021-01-07,False
COPX,2452,2025-10-03,False
CORB,1,2025-11-11,False
CORD,1,2025-09-29,False
CORN,1264,2021-01-12,False
CORO,1,2024-12-05,False
CORT,1230,2020-11-19,False
CORT,1908,2023-08-03,False
CORT,2119,2024-06-05,False
CORZ,1,2024-01-25,False
CORZZ,1,2024-01-25,False
COSW,1,2025-10-24,False
COTG,1,2025-09-19,False
COUR,1,2021-03-31,False
COWG,1,2022-12-27,False
COWS,1,2023-09-14,False
COYA,1,2022-12-30,False
COYA,7,2023-01-10,False
COYY,2,2025-07-31,False
COZX,1,2025-11-06,False
CPAC,2057,2024-03-07,False
CPAG,1,2025-08-13,False
CPAI,2,2023-12-01,False
CPBI,1,2023-10-23,False
CPBI,190,2024-07-25,False
CPBI,245,2024-10-11,False
CPHC,1321,2022-02-08,False
CPHY,1,2025-08-13,False
CPII,1,2022-06-30,False
CPLB,1,2021-06-30,False
CPLS,1,2023-12-14,False
CPNG,2,2021-03-15,False
CPNJ,1,2024-06-21,False
CPNM,1,2025-03-04,False
CPNQ,1,2024-12-03,False
CPNS,1,2024-09-04,False
CPOP,1,2021-07-01,False
CPRA,1,2025-04-02,False
CPRJ,1,2024-07-02,False
CPRO,1,2024-10-02,False
CPRX,2171,2024-08-20,False
CPSA,1,2024-08-02,False
CPSD,1,2024-12-03,False
CPSF,1,2025-02-04,False
CPSJ,1,2024-07-02,False
CPSL,1,2024-09-10,False
CPSM,1,2024-05-02,False
CPSO,1,2024-10-02,False
CPSP,1,2025-04-02,False
CPSR,1,2025-03-04,False
CPST,1,2024-09-04,False
CPSU,1,2025-06-03,False
CPSY,1,2025-01-03,False
CPXR,1,2025-01-22,False
CPXR,14,2025-02-10,False
CPXR,17,2025-02-13,False
CQQQ,1013,2020-01-13,False
CQQQ,1133,2020-07-06,False
CQQQ,2201,2024-10-02,False
CQQQ,2204,2024-10-07,False
CR,1,2023-03-30,False
CR,4,2023-04-04,False
CR,149,2023-10-31,True
CRAC,1,2025-12-10,False
CRAI,1722,2022-11-03,False
CRAI,1727,2022-11-10,False
CRANR,1,2026-01-13,False
CRANR,3,2026-01-15,False
CRAQ,1,2025-06-24,False
CRAQU,1,2025-05-27,False
CRBD,1,2024-12-09,False
CRBG,2,2022-09-19,False
CRBU,1,2021-07-26,False
CRBU,6,2021-08-02,False
CRBU,9,2021-08-05,False
CRBU,11,2021-08-09,False
CRC,1,2020-10-29,False
CRC,690,2023-07-28,False
CRCA,1,2025-08-08,False
CRCD,1,2025-09-29,False
CRCG,1,2025-08-12,False
CRCL,1,2025-06-05,False
CRCL,7,2025-06-13,True
CRCO,2,2025-10-02,False
CRCT,1,2021-03-26,False
CRCT,4,2021-03-31,False
CRCT,16,2021-04-19,False
CRCT,785,2024-05-08,False
CRDD,1,2026-04-02,False
CRDO,2,2022-01-31,False
CRDO,7,2022-02-07,False
CRDO,9,2022-02-09,False
CRDT,1,2023-06-28,False
CRDU,2,2025-09-18,False
CRE,1,2025-07-24,False
CRED,1,2023-04-27,False
CRESW,1,2021-06-28,False
CRESY,1553,2022-03-04,False
CRESY,1877,2023-06-20,False
CRESY,2242,2024-11-29,False
CREV,1,2023-10-31,False
CREV,3,2023-11-02,False
CRGO,1,2021-11-18,False
CRGOW,1,2023-01-24,False
CRGY,1,2021-12-09,False
CRK,2448,2025-09-29,False
CRK,2450,2025-10-01,False
CRM,1174,2020-09-01,False
CRM,1782,2023-02-01,False
CRMD,1234,2020-11-25,False
CRMG,1,2025-04-07,False
CRMG,3,2025-04-09,False
CRML,1,2022-02-08,False
CRMLW,1,2024-02-27,False
CRMU,1,2026-02-11,False
CRMX,1,2026-01-14,False
CRNT,2019,2024-01-11,False
CRNT,2022,2024-01-17,False
CRNT,2242,2024-11-29,False
CRON,2268,2025-08-11,False
CRPT,1,2021-09-22,False
CRS,2101,2024-05-09,False
CRSH,1,2024-05-03,False
CRSH,3,2024-05-07,False
CRSH,212,2025-03-10,False
CRSR,2,2020-09-25,False
CRSR,5,2020-09-30,False
CRTO,1786,2023-02-07,False
CRTO,1788,2023-02-09,False
CRUX,1,2026-03-17,False
CRVL,1408,2021-08-06,False
CRVL,2154,2024-07-26,False
CRWD,1133,2023-12-11,False
CRWG,1,2025-08-12,False
CRWL,1,2024-11-13,False
CRWL,5,2024-11-19,False
CRWL,8,2024-11-22,False
CRWS,1221,2020-11-11,False
CRWS,1225,2020-11-17,False
CRWS,1227,2020-11-19,False
CRWU,1,2025-07-28,False
CRWV,1,2025-03-31,False
CRXP,1,2025-12-12,False
CSAI,1,2025-01-31,False
CSAN,1,2021-03-09,False
CSAN,7,2021-03-17,False
CSBR,1178,2020-11-16,False
CSCL,1,2025-06-26,False
CSCL,6,2025-07-03,False
CSCS,1,2025-06-26,False
CSEX,1,2025-11-14,False
CSHI,1,2022-08-31,False
CSHP,1,2024-07-19,False
CSHR,1,2026-03-31,False
CSHRW,2,2026-04-01,False
CSIO,1,2025-12-11,False
CSMD,1,2023-08-23,False
CSMD,5,2023-08-29,False
CSNR,1,2025-02-06,False
CSPF,1,2025-02-06,False
CSPI,1269,2021-01-19,False
CSPI,1934,2023-09-11,False
CSRE,1,2025-02-06,False
CSSD,1,2025-12-11,False
CSTK,1,2025-05-08,False
CSTK,3,2025-05-12,False
CSTM,2522,2026-01-14,False
CSTWF,1,2025-04-28,False
CSV,1427,2021-09-02,False
CSV,2226,2024-11-06,False
CSW,1220,2020-11-05,False
CSW,1223,2020-11-10,False
CSW,1662,2022-08-10,False
CSW,1664,2022-08-12,False
CTA,1,2022-03-09,False
CTAP,1,2025-12-10,False
CTBB,2006,2024-08-14,False
CTBI,1306,2021-03-12,False
CTBI,2154,2024-07-26,False
CTDD,1850,2024-09-05,False
CTEC,1,2020-10-30,False
CTEC,5,2020-11-05,False
CTEF,1,2025-06-20,False
CTEF,3,2025-06-24,False
CTEV,1,2020-04-06,False
CTEX,1,2021-10-01,False
CTIF,1,2025-06-26,False
CTKB,1,2021-07-26,False
CTKB,3,2021-07-28,False
CTKB,7,2021-08-03,False
CTKB,12,2021-08-10,False
CTLP,2211,2024-10-16,False
CTNM,1,2024-04-05,False
CTNM,5,2024-04-11,False
CTNT,1,2023-08-02,False
CTOR,1,2024-08-13,False
CTRI,1,2024-04-19,False
CTRI,4,2024-04-24,False
CTRI,9,2024-05-01,False
CTRN,1242,2020-12-08,False
CTRN,1265,2021-01-12,False
CTRN,2431,2025-09-04,False
CTS,1223,2020-11-10,False
CTWO,1,2025-06-23,False
CUB,1,2024-08-13,False
CUBWU,1,2024-06-17,False
CUBWU,270,2025-07-16,False
CUBWW,1,2024-08-12,False
CUK,2000,2023-12-13,False
CUPR,1,2025-04-11,False
CUPR,4,2025-04-16,False
CURB,2,2024-09-30,False
CURB,6,2024-10-04,False
CURB,347,2026-02-17,False
CURI,1,2020-01-09,False
CURR,1,2022-01-11,False
CURV,1,2021-07-02,False
CURX,1,2025-08-27,False
CURX,6,2025-09-04,False
CURX,9,2025-09-09,False
CURX,12,2025-09-12,False
CUSD,1,2021-09-22,False
CV,1,2025-07-03,False
CVAR,1,2021-12-27,False
CVBF,2150,2024-07-22,False
CVEO,2541,2026-02-11,False
CVIE,1,2023-02-01,False
CVKD,1,2023-01-23,False
CVLC,2,2023-02-02,False
CVMC,2,2023-02-02,False
CVNX,1,2025-06-03,False
CVNY,1,2025-01-31,False
CVNY,5,2025-02-06,False
CVNY,11,2025-02-14,False
CVRD,1,2023-08-23,False
CVRT,1,2023-10-05,False
CVRX,1,2021-07-01,False
CVS,1227,2020-11-16,False
CVSA,1971,2023-11-01,False
CVSB,1,2023-02-01,False
CWAN,2,2021-09-28,False
CWAN,785,2024-11-07,False
CWBC,1779,2023-01-27,False
CWBC,1782,2023-02-01,False
CWBC,2146,2024-07-16,False
CWCO,1828,2023-04-10,False
CWD,1,2023-05-18,False
CWII,1,2025-11-05,False
CWVX,2,2025-07-15,False
CX,2405,2025-07-29,False
CXAI,1,2021-02-05,False
CXAI,523,2023-03-06,False
CXAIW,1,2021-02-08,False
CXM,1,2021-06-24,False
CXM,3,2021-06-28,False
CXRN,1,2024-12-16,False
CXRN,5,2024-12-20,False
CXRN,8,2024-12-26,False
CXSE,2201,2024-10-02,False
CXSE,2204,2024-10-07,False
CXW,2226,2024-11-06,False
CYAB,1,2026-03-24,False
CYCU,1,2025-02-19,False
CYD,1913,2023-08-10,False
CYH,2467,2025-10-24,False
CYN,1,2021-10-21,False
CYN,3,2021-10-25,False
CYN,6,2021-10-28,False
CYPH,1175,2021-09-24,False
CZAR,1,2023-12-14,False
CZFS,611,2020-02-14,False
CZFS,771,2021-01-06,False
CZWI,1167,2020-11-18,False
CZWI,1474,2022-02-09,False
DAAQ,1,2025-06-03,False
DAAQU,2,2025-04-30,False
DAAQW,1,2025-06-03,False
DABS,1,2025-03-05,False
DAC,1158,2020-08-10,False
DAC,2116,2024-05-31,False
DADS,1,2025-08-06,False
DAIC,1,2022-01-11,False
DAK,1,2025-07-31,False
DAKT,1304,2021-03-10,False
DAKT,1306,2021-03-12,False
DAL,2001,2023-12-14,False
DAMD,2,2025-11-18,False
DAMD,4,2025-11-20,False
DANA,1,2025-12-04,False
DAPP,1,2021-04-15,False
DAPR,1,2021-04-20,False
DAR,2576,2026-04-02,False
DARP,1,2021-12-20,False
DASH,1,2020-12-10,False
DASX,2,2025-10-27,False
DAT,1,2021-09-30,False
DAVE,1,2021-04-27,False
DAVEW,1,2022-01-04,False
DAWN,1,2021-05-28,False
DB,1534,2022-02-04,False
DBC,1553,2022-03-04,False
DBCA,1,2026-02-26,False
DBCAU,1,2026-02-10,False
DBCAW,1,2026-02-26,False
DBCAW,4,2026-03-03,False
DBD,1,2023-08-15,False
DBD,188,2024-05-13,False
DBE,1551,2022-03-02,False
DBE,1553,2022-03-04,False
DBE,1555,2022-03-08,False
DBE,2557,2026-03-06,False
DBGI,1,2021-05-17,False
DBND,1,2022-04-07,False
DBO,2557,2026-03-06,False
DBO,2565,2026-03-18,False
DBP,1155,2020-08-06,False
DBP,2460,2025-10-16,False
DBSC,1,2025-12-17,False
DBVT,1011,2020-01-09,False
DBVT,2455,2025-10-08,False
DC,1,2022-04-06,False
DCBG,1,2024-07-05,False
DCBO,1,2020-05-15,False
DCGO,1,2020-12-18,False
DCMB,1,2023-04-03,False
DCMT,1,2024-02-02,False
DCMT,532,2026-03-18,False
DCOM-P,1,2026-04-07,False
DCOMG,1,2024-07-03,False
DCOR,1,2023-09-14,False
DCPE,1,2022-04-01,False
DCRE,1,2023-04-05,False
DCX,1,2022-01-10,False
DD,1265,2021-01-12,False
DD,2541,2026-02-11,False
DDC,1,2023-11-20,False
DDEC,1,2020-12-22,False
DDFA,1,2026-04-02,False
DDFD,1,2025-12-02,False
DDFF,1,2026-02-03,False
DDFJ,1,2026-01-05,False
DDFL,1,2025-07-02,False
DDFM,1,2026-03-03,False
DDFN,1,2025-11-04,False
DDFO,1,2025-10-02,False
DDFS,1,2025-09-03,False
DDI,1,2021-09-01,False
DDL,1,2021-06-30,False
DDL,89,2021-11-03,False
DDL,92,2021-11-08,False
DDNQ,1,2026-01-05,False
DDOG,167,2020-05-19,False
DDSQ,1,2026-01-05,False
DDTA,1,2026-04-02,False
DDTD,1,2025-12-02,False
DDTF,1,2026-02-03,False
DDTJ,1,2026-01-05,False
DDTL,1,2025-07-02,False
DDTM,1,2026-03-03,False
DDTN,1,2025-11-04,False
DDTO,1,2025-10-02,False
DDTS,1,2025-09-03,False
DDV,1,2025-11-14,False
DDX,1,2021-09-21,False
DDXX,1,2025-11-14,False
DE,2541,2026-02-11,False
DEC,1063,2024-11-19,False
DECM,1,2024-12-24,False
DECO,1,2024-09-11,False
DECO,3,2024-09-13,False
DECO,7,2024-09-19,False
DECO,10,2024-09-24,False
DECP,1,2024-05-28,False
DECT,1,2022-12-02,False
DECU,1,2024-12-03,False
DECW,1,2022-12-02,False
DECZ,1,2020-12-02,False
DEED,1,2020-05-01,False
DEFI,1,2022-09-19,False
DEFI,549,2024-11-21,False
DEFR,1,2025-05-15,False
DEHP,1,2022-04-28,False
DELL,1772,2023-09-01,False
DELL,1777,2023-09-11,False
DEMZ,2,2020-11-05,False
DEMZ,4,2020-11-09,False
DERM,1,2021-11-15,False
DESK,1,2023-09-22,False
DEVS,1,2021-12-27,False
DEXC,1,2024-11-15,False
DFAC,1,2021-06-15,False
DFAE,1,2020-12-03,False
DFAI,1,2020-11-19,False
DFAI,4,2020-11-24,False
DFAR,1,2022-02-25,False
DFAS,1,2021-06-15,False
DFAT,1,2021-06-15,False
DFAU,1,2020-11-19,False
DFAU,4,2020-11-24,False
DFAW,1,2023-09-28,False
DFAX,1,2021-09-14,False
DFCA,1,2023-06-28,False
DFCF,1,2021-11-17,False
DFDV,1,2023-07-26,False
DFEB,1,2020-02-25,False
DFEM,1,2022-04-28,False
DFEN,1665,2023-12-13,False
DFEV,1,2022-04-28,False
DFEV,5,2022-05-04,False
DFGP,1,2023-11-09,False
DFGR,1,2022-12-08,False
DFGR,4,2022-12-13,False
DFGX,1,2023-11-09,False
DFH,1,2021-01-22,False
DFH,3,2021-01-26,False
DFH,7,2021-02-01,False
DFHY,1,2020-12-08,False
DFIC,1,2022-03-25,False
DFIC,3,2022-03-29,False
DFII,1,2025-04-04,False
DFIN,1294,2021-11-15,False
DFIN,1478,2022-08-10,False
DFIN,1599,2023-02-02,False
DFIP,1,2021-11-17,False
DFIS,1,2022-03-25,False
DFIS,3,2022-03-29,False
DFIV,1,2021-09-14,False
DFLI,1,2021-08-25,False
DFLIW,1,2021-08-25,False
DFLIW,5,2021-08-31,False
DFLV,1,2022-12-08,False
DFMC,1,2026-03-23,False
DFNM,1,2021-11-17,False
DFNSW,1,2026-02-10,False
DFNV,1,2020-12-08,False
DFRA,1,2021-12-14,False
DFSB,1,2022-11-17,False
DFSC,1,2020-12-16,False
DFSC,6,2020-12-23,False
DFSD,1,2021-11-17,False
DFSE,2,2022-11-04,False
DFSE,6,2022-11-10,False
DFSE,9,2022-11-15,False
DFSI,2,2022-11-04,False
DFSI,6,2022-11-10,False
DFSU,1,2022-11-03,False
DFSV,1,2022-02-25,False
DFTT,1,2025-11-13,False
DFUS,1,2021-06-15,False
DFUV,1,2022-05-10,False
DFUV,4,2022-05-13,False
DFUV,6,2022-05-17,False
DFVE,1,2024-02-02,False
DFVX,1,2023-11-03,False
DGCB,1,2023-11-09,False
DGIN,1,2022-02-18,False
DGJA,1,2026-01-21,False
DGLO,1,2025-08-06,False
DGLO,5,2025-08-12,False
DGNX,1,2025-01-23,False
DGOC,1,2025-10-21,False
DGP,2081,2024-04-11,False
DGP,2461,2025-10-16,False
DGXX,1,2021-01-11,False
DH,1,2021-09-16,False
DHAI,1,2024-02-15,False
DHAIW,1,2024-02-12,False
DHDG,1,2024-10-22,False
DHI,2001,2023-12-14,False
DHIL,2500,2025-12-11,False
DHLX,1,2025-09-30,False
DHSB,1,2025-02-18,False
DHT,2549,2026-02-24,False
DIBS,1,2021-06-11,False
DIHP,1,2022-03-25,False
DIHP,3,2022-03-29,False
DIME,1,2025-10-08,False
DINT,1657,2024-10-02,False
DIOD,1006,2020-01-02,False
DIPS,1,2024-07-25,False
DIPS,4,2024-07-30,False
DIPS,8,2024-08-05,False
DIS,2038,2024-02-08,False
DIS,2233,2024-11-15,False
DISO,1,2023-08-28,False
DISO,309,2024-11-15,False
DISV,1,2022-03-25,False
DISV,3,2022-03-29,False
DIVD,2,2022-10-04,False
DIVE,1,2025-09-17,False
DIVG,1,2023-12-08,False
DIVG,4,2023-12-13,False
DIVL,1,2023-08-16,False
DIVN,1,2025-06-27,False
DIVN,3,2025-07-01,False
DIVP,1,2024-03-08,False
DIVS,1,2021-03-30,False
DIVS,4,2021-04-05,False
DIVY,1,2021-01-08,False
DIVZ,1,2021-01-29,False
DJAN,1,2021-01-20,False
DJCO,1150,2020-12-29,False
DJIA,1,2022-02-25,False
DJP,1554,2022-03-07,False
DJT,1,2021-10-01,False
DJTU,1,2025-03-05,False
DJTWW,1,2021-10-01,False
DJUL,1,2020-07-21,False
DJUN,1,2020-06-23,False
DKI,1,2025-08-08,False
DKNG,120,2020-01-15,False
DKNG,127,2020-01-27,False
DKNX,1,2025-08-01,False
DKS,1426,2021-09-01,False
DKS,1428,2021-09-03,False
DKS,2067,2024-03-21,False
DKUP,1,2025-07-31,False
DLAG,1,2025-09-23,False
DLFE,1,2026-02-24,False
DLHC,1934,2023-10-12,False
DLLL,2,2025-02-18,False
DLNG,1378,2021-06-24,False
DLNV,1,2025-11-25,False
DLO,1,2021-06-04,False
DLO,14,2021-06-23,False
DLO,17,2021-06-28,False
DLTH,1176,2020-09-03,False
DLTH,1180,2020-09-10,False
DLUX,1,2026-04-02,False
DLX,1910,2023-08-07,False
DLXY,1,2025-07-10,False
DMAA,1,2025-02-26,False
DMAAR,1,2025-02-26,False
DMAAU,1,2025-01-07,False
DMAR,1,2021-03-23,False
DMAT,1,2022-01-27,False
DMAT,925,2025-10-03,False
DMAT,989,2026-01-06,False
DMAX,1,2025-01-03,False
DMAY,1,2020-05-19,False
DMBS,1,2023-04-05,False
DMII,1,2025-12-04,False
DMRA,1,2020-10-30,False
DMX,1,2024-12-04,False
DMXF,1,2020-06-17,False
DMYY,1,2022-12-08,False
DNA,1,2021-04-20,False
DNA,105,2021-09-16,False
DNMX,1,2025-11-20,False
DNNG,1,2026-02-11,False
DNNG,6,2026-02-19,False
DNUT,1,2021-07-02,False
DOCN,1,2021-03-25,False
DOCN,6,2021-04-01,False
DOCS,1,2021-06-25,False
DOCS,850,2024-11-08,False
DOCT,1,2020-10-20,False
DOCU,453,2020-02-14,False
DOCU,1415,2023-12-11,False
DOGD,1,2025-08-13,False
DOGG,1,2023-04-28,False
DOJE,1,2025-09-19,False
DOLE,1,2021-08-02,False
DORM,2146,2024-07-16,False
DOUG,1,2021-12-31,False
DPZ,1397,2021-07-22,False
DRAG,3,2024-10-07,False
DRAI,1,2024-07-11,False
DRAM,1,2026-04-06,False
DRAM,3,2026-04-08,False
DRAM,6,2026-04-14,False
DRAY,1,2025-07-16,False
DRCT,1,2022-02-14,False
DRDB,1,2025-02-04,False
DRDBU,1,2024-12-13,False
DRES,1,2025-10-02,False
DRGN,1,2025-07-16,False
DRGN,32,2025-08-28,False
DRIV,688,2021-01-12,False
DRKY,1,2025-10-09,False
DRLL,2,2022-08-11,False
DRLL,7,2022-08-18,False
DRLL,10,2022-08-23,False
DRMA,1,2021-08-16,False
DRNL,1,2026-03-04,False
DRNL,6,2026-03-11,False
DRNL,10,2026-03-17,False
DRNZ,1,2025-10-30,False
DRS,2523,2026-01-15,False
DRTS,1,2021-03-09,False
DRTSW,1,2022-03-08,False
DRUG,1,2021-03-23,False
DRVN,1,2021-01-19,False
DSCF,1,2021-09-21,False
DSCO,1,2026-02-03,False
DSEP,1,2020-09-22,False
DSGN,1,2021-03-29,False
DSMC,1,2022-10-07,False
DSMC,5,2022-10-13,False
DSP,1,2021-02-11,False
DSP,949,2024-11-18,False
DSPY,1,2025-04-02,False
DSTX,1,2020-12-16,False
DSWL,1344,2021-06-21,False
DSX-WT,2,2023-12-18,False
DSY,1,2023-01-12,False
DSYWW,1,2023-01-12,False
DSYWW,5,2023-01-19,False
DTAN,1,2024-09-11,False
DTAN,7,2024-09-19,False
DTB,1,2020-10-08,False
DTCK,1,2023-09-20,False
DTCR,1,2020-10-30,False
DTCR,4,2020-11-04,False
DTCX,1,2022-03-22,False
DTCX,229,2023-02-16,False
DTG,1,2021-11-30,False
DTI,1,2021-12-30,False
DTK,1,2025-09-23,False
DTM,1,2021-06-21,False
DTM,855,2024-11-11,False
DTM,863,2024-11-21,False
DTSQ,1,2024-09-17,False
DTSQR,1,2024-09-17,False
DTSQR,4,2024-09-23,False
DTSQU,2,2024-07-26,False
DTSTW,1,2021-05-17,False
DTSTW,3,2021-05-19,False
DTSTW,7,2021-05-25,False
DUBS,1,2023-06-15,False
DUHP,1,2022-02-25,False
DUKH,1,2024-07-12,False
DUKQ,1,2024-07-12,False
DUKQ,3,2024-07-16,False
DUKX,1,2024-07-12,False
DUKZ,1,2024-07-12,False
DULL,2,2023-02-24,False
DUNK,1,2025-09-17,False
DUOG,1,2025-12-12,False
DUOL,2,2021-07-30,False
DUOL,6,2021-08-05,False
DUSB,1,2023-09-28,False
DV,1,2021-04-22,False
DV,958,2025-02-12,False
DVA,1849,2023-05-09,False
DVAL,1,2022-11-01,False
DVAL,8,2022-11-10,False
DVDN,1,2023-11-03,False
DVDN,8,2023-11-14,False
DVGR,1,2025-12-08,False
DVIN,2,2025-07-25,False
DVN,1448,2021-10-04,False
DVND,1,2022-08-05,False
DVQQ,1,2024-12-18,False
DVRE,1,2025-07-24,False
DVSP,1,2024-12-18,False
DVSP,5,2024-12-24,False
DVUT,1,2025-07-24,False
DVUT,8,2025-08-04,False
DVVY,1,2026-03-18,False
DVXB,1,2025-07-24,False
DVXC,1,2025-07-24,False
DVXE,1,2025-07-24,False
DVXE,4,2025-07-29,False
DVXF,1,2025-07-24,False
DVXK,1,2025-07-24,False
DVXP,1,2025-07-24,False
DVXP,140,2026-02-11,False
DVXV,1,2025-07-24,False
DVXY,1,2025-07-24,False
DWAW,3,2020-01-02,False
DWSH,410,2020-03-09,False
DWSH,413,2020-03-12,False
DWSH,417,2020-03-18,False
DWTX,1,2020-12-18,False
DXCM,1036,2020-02-14,False
DXCM,1403,2021-07-30,False
DXF,1,2025-01-27,False
DXIV,1,2024-09-13,False
DXIV,5,2024-09-19,False
DXPE,2062,2024-03-14,False
DXPE,2064,2024-03-18,False
DXPE,2271,2025-01-14,False
DXPE,2277,2025-01-23,False
DXPE,2538,2026-02-06,False
DXST,1,2025-01-23,False
DXUV,1,2024-09-13,False
DXUV,5,2024-09-19,False
DXYZ,1,2024-03-27,False
DY,2115,2024-05-30,False
DYFI,1,2024-01-11,False
DYLD,1,2021-06-30,False
DYLG,1,2023-07-27,False
DYN,1,2020-09-18,False
DYNB,1,2025-09-25,False
DYOR,1,2025-11-19,False
DYTA,1,2023-03-31,False
E,2560,2026-03-11,False
E,2564,2026-03-17,False
EA,2230,2024-11-12,False
EAFG,1,2024-03-22,False
EAGL,1,2024-03-26,False
EALT,1,2023-10-03,False
EAOA,1,2020-06-19,False
EAOK,1,2020-06-19,False
EAOM,1,2020-06-19,False
EAOR,1,2020-06-19,False
EAPR,1,2021-04-01,False
EART,2,2022-01-31,False
EART,8,2022-02-08,False
EART,924,2025-10-03,False
EART,988,2026-01-06,False
EASY,1,2025-10-01,False
EAT,2284,2025-02-03,False
EATZ,1,2021-04-22,False
EATZ,6,2021-04-29,False
EBAY,1112,2020-06-04,False
EBAY,1135,2020-07-08,False
EBC,1,2020-10-16,False
EBC,4,2020-10-21,False
EBC,949,2024-07-26,False
EBI,1,2025-02-28,False
EBIT,1,2024-07-11,False
EBIT,4,2024-07-16,False
EBMT,1948,2023-12-08,False
EBON,1,2020-06-29,False
EBS,1155,2020-08-05,False
EBUF,1,2024-07-02,False
ECAT,1,2021-09-29,False
ECBK,1,2022-07-29,False
ECCC,1,2021-06-15,False
ECCU,1,2024-12-20,False
ECCV,1,2022-01-27,False
ECCW,1,2021-03-30,False
ECDA,1,2022-12-09,False
ECG,2,2024-10-30,False
ECG,5,2024-11-04,False
ECG,8,2024-11-07,False
ECML,1,2023-05-19,False
ECNS,2199,2024-09-30,False
ECNS,2201,2024-10-02,False
ECNS,2204,2024-10-07,False
ECO,1,2020-04-16,False
ECOR,1593,2024-10-22,False
ECX,1,2021-04-01,False
ECXWW,1,2021-04-05,False
EDBL,1,2022-05-06,False
EDBLW,1,2022-05-06,False
EDGE,1,2025-01-23,False
EDGF,1,2024-10-04,False
EDGH,1,2024-10-04,False
EDGI,1,2024-10-04,False
EDGU,1,2024-10-04,False
EDHL,1,2025-04-17,False
EDN,1422,2021-08-26,False
EDN,1766,2023-01-09,False
EDN,2234,2024-11-18,False
EDRY,1366,2023-11-30,False
EDTK,1,2020-07-24,False
EDV,1050,2020-03-06,False
EE,1,2022-04-14,False
EEE,1,2026-02-02,False
EEFT,1226,2020-11-13,False
EEIQ,1,2021-03-26,False
EETH,1,2023-10-03,False
EETH,22,2023-11-01,False
EETH,28,2023-11-09,False
EEV,1559,2022-03-14,False
EFAA,1,2024-07-18,False
EFC-P-D,1,2023-12-13,False
EFC-P-D,5,2023-12-21,False
EFFE,678,2025-09-24,False
EFFI,1,2024-12-13,False
EFIV,1,2020-07-29,False
EFRA,1,2022-11-04,False
EFRA,3,2022-11-08,False
EFRA,5,2022-11-10,False
EFSC,2151,2024-07-23,False
EFSC,2154,2024-07-26,False
EFTR,1,2021-03-02,False
EFTY,1,2025-08-08,False
EFTY,4,2025-08-13,False
EFTY,6,2025-08-15,False
EFTY,12,2025-08-25,False
EFU,1391,2022-03-07,False
EFX,1334,2021-04-22,False
EFXT,1904,2023-07-28,False
EFZ,1054,2020-03-12,False
EGAN,1537,2022-02-09,False
EGG,1,2025-06-18,False
EGGQ,1,2024-12-31,False
EGGQ,3,2025-01-03,False
EGGS,1,2024-12-30,False
EGGY,1,2024-12-30,False
EGHA,1,2025-07-01,False
EGHAU,1,2025-05-09,False
EGLE,1,2025-04-17,False
EGLE,5,2025-04-24,False
EGO,2529,2026-01-26,False
EGOXF,1,2023-10-23,False
EGUS,1,2023-02-03,False
EGY,2069,2024-03-25,False
EHAB,1,2022-06-24,False
EHCC,1,2026-03-17,False
EHGO,2,2024-07-03,False
EHLD,1,2025-03-10,False
EHLD,3,2025-03-12,False
EHLS,1,2024-04-03,False
EHY,1,2025-10-10,False
EICA,1,2021-10-20,False
EIKN,1,2026-02-06,False
EIKN,7,2026-02-17,False
EIPI,1,2024-05-07,False
EIPX,2,2022-11-07,False
EJAN,1,2020-01-03,False
EJH,1,2021-05-13,False
EKG,1,2022-03-24,False
EKG,3,2022-03-28,False
EKG,5,2022-03-30,False
EKG,7,2022-04-01,False
ELA,1023,2020-01-28,False
ELA,1029,2020-02-05,False
ELA,2245,2024-12-04,False
ELAB,3,2023-11-27,False
ELAN,1732,2025-08-13,False
ELCV,1,2024-10-02,False
ELFY,2,2025-04-14,False
ELIL,1,2025-03-27,False
ELIS,1,2025-03-27,False
ELIS,4,2025-04-01,False
ELIS,7,2025-04-04,False
ELIS,92,2025-08-07,False
ELLA,1,2026-04-08,False
ELLO,622,2020-01-02,False
ELM,1,2025-02-12,False
ELOG,1,2025-08-29,False
ELON,1,2025-02-14,False
ELPC,1,2024-01-02,False
ELPW,1,2023-05-02,False
ELTK,1800,2023-05-18,False
ELTK,1807,2023-05-30,False
ELTX,1,2021-02-08,False
ELTX,5,2021-02-12,False
ELTX,8,2021-02-18,False
ELUT,1,2020-10-09,False
ELVN,1,2020-03-13,False
ELVN,5,2020-03-19,False
ELVN,37,2020-05-05,False
ELVR,1,2025-09-03,False
ELWT,1,2025-11-06,False
EM,1,2021-04-05,False
EM,1102,2025-08-21,False
EMAT,1,2026-01-05,False
EMBC,1,2022-03-22,False
EMBD,1,2020-06-04,False
EMBJ,1998,2023-12-11,False
EMC,1,2023-05-16,False
EMCG,1,2022-10-03,False
EMCG,714,2025-08-07,False
EMCGR,1,2022-10-03,False
EMCGU,1,2022-08-10,False
EMCGW,1,2025-04-28,False
EMDM,1,2023-03-06,False
EME,1910,2023-08-07,False
EME,2051,2024-02-28,False
EME,2403,2025-07-25,False
EMEQ,1,2024-09-06,False
EMEQ,5,2024-09-12,False
EMEQ,257,2025-09-16,False
EMES,1,2025-05-16,False
EMET,1,2021-11-12,False
EMET,979,2025-10-08,False
EMET,1040,2026-01-06,False
EMET,1046,2026-01-14,False
EMHC,1,2021-04-08,False
EMKT,1,2025-10-28,False
EML,1995,2023-12-13,False
EML,2060,2024-03-20,False
EMM,1,2023-05-16,False
EMOP,1,2025-06-20,False
EMOP,3,2025-06-24,False
EMOT,1,2024-06-28,False
EMPB,1,2024-12-13,False
EMPD,1,2021-10-07,False
EMPG,1,2025-07-03,False
EMSF,1,2023-09-25,False
EMTY,576,2020-03-12,False
EMXF,1,2020-10-14,False
ENAV,1,2023-01-11,False
ENDW,1,2025-04-11,False
ENGN,1,2022-02-07,False
ENGS,1,2025-04-02,False
ENHI,1,2025-12-30,False
ENHU,1,2025-11-06,False
ENHU,3,2025-11-10,False
ENIC,1801,2023-06-16,False
ENLT,1,2021-02-01,False
ENPH,1471,2021-11-04,False
ENPX,1,2025-09-17,False
ENPX,4,2025-09-22,False
ENR,2243,2024-12-02,False
ENS,1866,2023-06-02,False
ENSG,2146,2024-07-16,False
ENTA,1427,2021-09-02,False
ENVA,1783,2023-02-02,False
ENVA,2152,2024-07-24,False
ENVX,2,2021-01-07,False
EOCT,1,2021-10-01,False
EONR,1,2022-04-07,False
EONR-WT,1,2024-12-12,False
EOSE,1,2020-06-04,False
EOSE,13,2020-06-24,False
EOSE,116,2020-11-18,False
EOSE,118,2020-11-20,False
EOSE,1328,2025-09-18,True
EPAI,1,2025-12-19,False
EPD,2241,2024-11-27,False
EPD,2543,2026-02-13,False
EPEM,1,2025-06-06,False
EPIN,1,2025-06-06,False
EPMB,1,2025-05-02,False
EPMB,7,2025-05-12,False
EPMV,1,2025-05-02,False
EPMV,7,2025-05-12,False
EPOL,2294,2025-02-18,False
EPOW,1,2021-02-10,False
EPRX,1,2024-04-08,False
EPSB,1,2025-05-05,False
EPSB,4,2025-05-08,False
EPSB,6,2025-05-12,False
EPSM,1,2025-03-27,False
EPSM,7,2025-04-04,False
EPSV,1,2025-05-05,False
EPSV,4,2025-05-08,False
EPSV,6,2025-05-12,False
EPU,2528,2026-01-23,False
EPWKF,2,2025-02-10,False
EPWKF,7,2025-02-18,False
EQBK,2151,2024-07-23,False
EQIX,2542,2026-02-12,False
EQPT,1,2026-01-23,False
EQPT,4,2026-01-28,False
EQS,2271,2025-08-25,False
EQTY,1,2022-12-13,False
EQX,2269,2025-08-22,True
ERAS,2,2021-07-20,False
ERAS,9,2021-07-29,False
ERET,1,2022-11-18,False
ERET,8,2022-11-30,False
ERIC,2001,2023-12-14,False
ERIC,2459,2025-10-14,False
ERIE,1638,2022-07-07,False
ERIE,1907,2023-08-02,False
ERIE,1912,2023-08-09,False
ERNAW,1,2026-02-09,False
ERNZ,1,2024-05-02,False
ERO,1680,2025-09-29,False
ERO,1684,2025-10-03,False
ESAB,1,2022-03-30,False
ESAB,650,2024-10-29,False
ESBG,1,2025-11-20,False
ESBG,3,2025-11-24,False
ESE,2539,2026-02-09,False
ESGA,1,2020-07-08,False
ESGB,1,2021-06-29,False
ESGL,1,2022-04-08,False
ESGLW,1,2023-08-01,False
ESGLW,3,2023-08-03,False
ESGY,1,2020-01-22,False
ESGY,5,2020-02-13,False
ESHAR,1,2025-04-14,False
ESHAR,7,2025-05-29,False
ESI,1250,2020-12-18,False
ESIM,1,2025-12-18,False
ESIX,1,2022-01-12,False
ESK,2,2025-09-29,False
ESK,5,2025-10-02,False
ESK,7,2025-10-06,False
ESLA,1,2021-09-15,False
ESLAW,1,2021-09-15,False
ESLAW,7,2021-09-23,False
ESLG,1,2025-10-01,False
ESLT,2314,2025-03-18,False
ESLV,1,2025-10-01,False
ESMV,1,2021-11-05,False
ESOA,1918,2024-11-13,False
ESOA,1922,2024-11-19,False
ESOA,2227,2026-02-10,False
ESP,1241,2020-12-07,False
ESQ,1079,2021-10-14,False
ESQ,1774,2024-07-23,False
ESSC,1,2025-10-01,False
ESTA,625,2021-01-12,False
ESUM,1,2024-12-19,False
ET,2242,2024-11-29,False
ET-P-I,1,2023-10-31,False
ET-P-I,7,2023-11-08,False
ET-PI,1,2023-11-06,False
ET-PI,3,2023-11-08,False
ETCO,1,2025-09-05,False
ETCO,5,2025-09-11,False
ETCO,9,2025-09-17,False
ETEC,1,2023-03-31,False
ETFT,1,2025-12-03,False
ETH,1,2024-07-24,False
ETHA,1,2024-07-24,False
ETHB,2,2026-03-16,False
ETHD,2,2024-06-11,False
ETHD,5,2024-06-14,False
ETHD,10,2024-06-24,False
ETHM,1,2024-12-10,False
ETHM,151,2025-07-21,False
ETHMU,1,2024-11-22,False
ETHMU,162,2025-07-21,False
ETHT,1,2024-06-10,False
ETHU,1,2024-06-05,False
ETHV,1,2024-07-24,False
ETHW,1,2024-07-24,False
ETOR,1,2025-05-14,False
ETQ,1,2024-10-25,False
ETRL,1,2025-09-04,False
ETS,1,2025-08-22,False
ETTY,1,2025-10-10,False
ETU,1,2024-10-25,False
ETU,3,2024-10-29,False
EUAD,1,2024-10-23,False
EUAD,88,2025-03-03,False
EUDA,1,2021-12-15,False
EUDAW,1,2021-12-15,False
EUIG,1,2025-11-07,False
EURK,2,2024-09-13,False
EURKR,2,2025-04-25,False
EURKU,1,2024-07-03,False
EUSB,1,2020-06-26,False
EUSM,1,2024-12-18,False
EVAC,2,2025-08-25,False
EVAC-U,1,2025-07-08,False
EVAC-WS,1,2025-08-25,False
EVAX,1,2021-02-08,False
EVCM,2,2021-07-06,False
EVEX,1,2022-05-10,False
EVEX-WT,1,2024-12-10,False
EVEX-WT,3,2024-12-13,False
EVGO,1,2020-11-23,False
EVGO,35,2021-01-13,False
EVGOW,2,2020-11-24,False
EVHY,1,2023-10-20,False
EVIM,1,2023-10-20,False
EVLN,1,2024-02-09,False
EVLU,1,2024-09-09,False
EVLV,1,2020-09-23,False
EVLVW,1,2021-07-20,False
EVMN,1,2025-11-07,False
EVMO,1,2025-08-05,False
EVMT,1,2022-04-27,False
EVNT,1,2021-09-21,False
EVOX,1,2025-12-04,False
EVPF,1,2026-03-06,False
EVR,2151,2024-07-23,False
EVSB,1,2023-10-20,False
EVSD,1,2024-06-18,False
EVSM,1,2024-03-26,False
EVTL,1,2020-11-03,False
EVTL,284,2021-12-17,False
EVTR,1,2024-03-26,False
EVUS,1,2023-02-03,False
EVYM,1,2025-02-28,False
EWBC,1786,2023-02-07,False
EWCZ,1,2021-08-06,False
EWCZ,3,2021-08-10,False
EWH,2197,2024-09-26,False
EWH,2201,2024-10-02,False
EWO,2294,2025-02-18,False
EWTX,1,2021-03-29,False
EWY,1263,2021-01-08,False
EWY,2371,2025-06-09,False
EXAS,2485,2025-11-19,False
EXE,1,2021-02-11,False
EXEL,2162,2024-08-07,False
EXEQ,1,2026-02-17,False
EXFY,2,2021-11-12,False
EXK,1825,2023-04-04,False
EXLS,2226,2024-11-06,False
EXLS,2229,2024-11-11,False
EXOD,1,2021-09-17,False
EXOD,779,2024-10-22,False
EXOZ,1,2024-11-14,False
EXOZ,4,2024-11-19,False
EXOZ,6,2024-11-21,False
EXOZ,207,2025-09-15,False
EXP,1265,2021-01-12,False
EXR,1662,2022-08-10,False
EXUS,1,2025-06-20,False
EXUS,3,2025-06-24,False
EYE,563,2020-01-24,False
EYEG,1,2023-12-14,False
EZBC,1,2024-01-12,False
EZBC,218,2024-11-21,False
EZET,1,2024-07-24,False
EZGO,1,2021-01-27,False
EZMO,1,2025-10-17,False
EZMO,7,2025-10-27,False
EZPZ,1,2025-02-21,False
EZRA,1,2021-02-10,False
EZRO,1,2025-10-17,False
EZRO,7,2025-10-27,False
FA,3,2021-06-28,False
FACT,1,2021-04-20,False
FACT,5,2021-04-26,False
FACTU,1,2024-11-27,False
FACTW,1,2024-12-23,False
FAI,1,2024-11-22,False
FAI,8,2024-12-04,False
FAN,1262,2021-01-07,False
FAPR,1,2021-04-20,False
FARX,1,2024-12-23,False
FATBB,1,2021-08-25,False
FATN,1,2025-04-09,False
FB,1,2025-06-27,False
FBCG,1,2020-06-05,False
FBCG,4,2020-06-10,False
FBCV,1,2020-06-05,False
FBDC,1,2025-07-01,False
FBGL,1,2025-02-07,False
FBIZ,1304,2021-03-10,False
FBK,1972,2024-07-22,False
FBL,1,2022-12-14,False
FBL,284,2024-02-02,False
FBLA,1,2024-10-24,False
FBLA,3,2024-10-28,False
FBLG,1,2024-01-31,False
FBNC,1222,2020-11-09,False
FBNC,1306,2021-03-12,False
FBOT,1,2023-06-13,False
FBOT,3,2023-06-15,False
FBP,2150,2024-07-22,False
FBTC,1,2024-01-12,False
FBTC,218,2024-11-21,False
FBUF,1,2024-04-12,False
FBY,1,2023-07-31,False
FBYD,1,2021-05-07,False
FBYD,554,2023-09-26,False
FBYDW,1,2021-05-07,False
FBYDW,3,2021-05-11,False
FBYY,1,2025-10-22,False
FBYY,4,2025-10-27,False
FCA,2200,2024-10-01,False
FCA,2204,2024-10-07,False
FCAP,2217,2025-12-17,False
FCBD,1,2024-12-23,False
FCCO,2116,2024-07-25,False
FCFY,1,2023-08-25,False
FCHL,1,2025-09-05,False
FCHL,5,2025-09-11,False
FCLD,1,2021-10-08,False
FCLD,4,2021-10-13,False
FCNCA,2153,2024-07-25,False
FCO,1768,2023-01-11,False
FCO,1771,2023-01-17,False
FCO,1773,2023-01-19,False
FCRS-U,1,2025-09-30,False
FCRS-WS,1,2025-11-18,False
FCRX,1,2021-05-28,False
FCSH,1,2021-12-20,False
FCTE,1,2024-07-03,False
FCTE,6,2024-07-11,False
FCUS,1,2022-12-29,False
FCUS,6,2023-01-06,False
FCUS,8,2023-01-10,False
FCUS,469,2024-11-08,False
FCXG,1,2026-02-20,False
FCXG,3,2026-02-24,False
FDAT,1,2023-04-21,False
FDCF,1,2023-06-13,False
FDD,2307,2025-03-07,False
FDEC,1,2020-12-22,False
FDFF,1,2023-06-13,False
FDG,2,2020-04-06,False
FDG,7,2020-04-14,False
FDG,10,2020-04-17,False
FDIF,1,2023-06-21,False
FDIG,1,2022-04-22,False
FDIQ,2150,2024-07-22,False
FDIQ,2154,2024-07-26,False
FDIS,1783,2023-02-02,False
FDIV,1,2023-09-21,False
FDLS,1,2022-08-25,False
FDMT,1,2020-12-14,False
FDMT,5,2020-12-18,False
FDND,1,2024-03-22,False
FDP,1635,2022-07-01,False
FDP,1637,2022-07-06,False
FDP,2162,2024-08-07,False
FDRS,1,2025-12-30,False
FDRV,1,2021-10-08,False
FDRV,4,2021-10-13,False
FDRX,1,2026-01-15,False
FDSB,1,2024-08-02,False
FDTX,1,2023-06-13,False
FDUS,1232,2020-11-23,False
FDV,1,2022-11-17,False
FEAC,1,2024-11-22,False
FEAM,1,2022-03-16,False
FEAT,1,2024-12-18,False
FEAT,5,2024-12-24,False
FEBM,1,2025-02-25,False
FEBO,1,2023-12-01,False
FEBP,1,2024-02-02,False
FEBT,1,2023-02-02,False
FEBU,1,2025-02-04,False
FEBW,1,2023-02-02,False
FEBZ,1,2021-02-02,False
FEDM,1,2021-09-22,False
FEGE,1,2024-12-23,False
FEIG,1,2021-09-22,False
FEIM,2223,2024-12-16,False
FELC,1,2023-11-21,False
FELG,1,2023-11-21,False
FELV,1,2023-11-21,False
FEMD,1,2026-01-28,False
FEMD,6,2026-02-04,False
FEMD,8,2026-02-06,False
FEMR,1,2024-11-22,False
FEMY,1,2021-06-21,False
FENI,1,2023-11-21,False
FEOE,1,2024-12-23,False
FEPI,1,2023-10-12,False
FER,1775,2023-01-23,False
FERA,1,2025-04-22,False
FERAR,1,2025-04-22,False
FERAR,3,2025-04-24,False
FERAU,1,2025-02-28,False
FESM,1,2023-11-21,False
FESM,24,2023-12-26,False
FET,2547,2026-02-20,False
FETH,1,2024-07-24,False
FEUS,1,2021-09-22,False
FEXD,1,2022-01-14,False
FF,1563,2022-03-18,False
FF,2546,2026-02-19,False
FF,2548,2026-02-23,False
FFAI,1,2020-09-03,False
FFAI,89,2021-01-11,False
FFAIW,1,2025-03-11,False
FFBC,2154,2024-07-26,False
FFDI,1,2024-11-22,False
FFEB,1,2020-02-25,False
FFEM,1,2024-11-22,False
FFGX,1,2024-11-22,False
FFIN,2150,2024-07-22,False
FFLC,1,2020-06-05,False
FFLG,1,2021-02-05,False
FFLS,1,2023-06-22,False
FFLV,1,2024-02-27,False
FFND,1,2021-08-25,False
FFOG,1,2023-11-07,False
FFOG,4,2023-11-10,False
FFOG,6,2023-11-14,False
FFOX,1,2025-06-11,False
FFSM,2,2021-02-08,False
FFUT,1,2025-06-06,False
FFWM,1233,2020-11-24,False
FG,1,2022-11-23,False
FGBI,2211,2024-11-22,False
FGDL,1,2022-07-01,False
FGDL,827,2025-10-16,False
FGI,1,2022-01-26,False
FGII,1,2026-03-11,False
FGIIU,1,2026-01-16,False
FGIIW,1,2026-03-11,False
FGL,1,2024-10-24,False
FGL,5,2024-10-30,False
FGMC,1,2025-02-12,False
FGMCR,2,2025-02-12,False
FGMCR,5,2025-02-18,False
FGMCU,1,2025-01-30,False
FGN,1,2023-12-13,False
FGRU,1,2026-02-19,False
FGSI,1,2025-06-27,False
FGSM,1,2024-12-23,False
FGSN,1,2025-01-22,False
FHB,2006,2024-07-26,False
FHDG,1,2024-11-19,False
FHEQ,1,2024-04-12,False
FHN-P-H,1,2026-03-09,False
FHTX,1,2020-10-26,False
FHYS,1,2021-12-20,False
FIAT,1,2024-07-11,False
FIAX,1,2022-12-01,False
FICS,1,2020-12-17,False
FIG,1,2025-07-31,False
FIGB,1,2021-03-05,False
FIGG,1,2025-10-15,False
FIGR,2,2025-09-15,False
FIGS,1,2021-05-28,False
FIGX,1,2025-08-19,False
FIHL,1,2023-06-30,False
FIHL,169,2024-03-01,False
FIHL,172,2024-03-06,False
FIHL,176,2024-03-12,False
FIIG,1,2023-08-04,False
FILL,1,2020-03-12,False
FINT,1,2024-12-23,False
FINV,1427,2023-07-17,False
FINW,1,2021-11-22,False
FIP,1,2022-07-21,False
FIP,4,2022-07-26,False
FITBM,1,2026-02-03,False
FIVN,1219,2020-11-04,False
FIVY,1,2024-12-18,False
FIVY,5,2024-12-24,False
FIX,2048,2024-02-23,False
FIX,2403,2025-07-25,False
FIX,2406,2025-07-30,False
FIXP,1,2025-01-24,False
FIXT,1,2025-06-17,False
FJAN,1,2021-01-20,False
FJET,1,2025-12-19,False
FJIKY,1,2025-01-24,False
FJUL,1,2020-07-21,False
FJUN,1,2020-06-23,False
FKWL,1084,2020-04-24,False
FLAG,1,2025-04-17,False
FLAO,1,2024-04-02,False
FLCC,1,2024-08-01,False
FLCE,1,2024-12-23,False
FLCG,1,2024-08-01,False
FLCH,1736,2024-10-02,False
FLCH,1739,2024-10-07,False
FLCV,1,2024-08-01,False
FLD,1,2022-02-10,False
FLDB,1,2024-02-27,False
FLDZ,1,2022-01-04,False
FLG-P-U,1,2024-10-24,False
FLG-P-U,3,2024-10-28,False
FLG-P-U,5,2024-10-30,False
FLGV,1,2020-06-15,False
FLJJ,1,2024-02-02,False
FLKR,791,2021-01-08,False
FLKR,1899,2025-06-09,False
FLKR,2075,2026-02-20,False
FLNA,1266,2021-01-13,False
FLNC,2,2021-11-01,False
FLOC,1,2025-01-17,False
FLOW,1,2023-07-13,False
FLRG,1,2020-09-18,False
FLS,2473,2025-11-03,False
FLS,2543,2026-02-13,False
FLUD,1,2020-07-17,False
FLUT,1312,2021-03-22,False
FLUX,1,2020-08-17,False
FLV,2,2020-04-06,False
FLV,10,2020-04-17,False
FLX,1,2024-10-04,False
FLXN,1,2025-07-07,False
FLXR,1,2024-06-25,False
FLXS,2537,2026-02-06,False
FLY,1,2025-08-08,False
FLYD,1,2022-06-23,False
FLYE,1,2024-06-07,False
FLYT,1,2025-10-24,False
FLYU,2,2022-06-24,False
FLYW,1,2021-05-27,False
FLYX,1,2021-07-20,False
FLYX-WT,1,2024-12-10,False
FMAG,1,2021-02-05,False
FMAR,1,2021-03-23,False
FMAY,1,2020-05-19,False
FMBH,2139,2024-07-23,False
FMCE,1,2024-11-12,False
FMCX,1,2022-04-26,False
FMDE,1,2023-11-21,False
FMDE,8,2023-12-01,False
FMED,1,2023-06-13,False
FMET,1,2022-04-22,False
FMFC,1,2025-06-26,False
FMIL,1,2020-06-03,False
FMIL,3,2020-06-05,False
FMKT,1,2025-06-11,False
FMNB,1468,2021-11-01,False
FMNY,1,2021-05-14,False
FMQQ,1,2021-09-29,False
FMTL,1,2025-11-06,False
FMTL,3,2025-11-10,False
FMTL,5,2025-11-12,False
FMTL,53,2026-01-23,False
FMTL,56,2026-01-28,False
FMTM,1,2025-03-21,False
FMUB,1,2025-04-08,False
FMUN,1,2025-04-08,False
FMX,1228,2020-11-17,False
FMX,1230,2020-11-19,False
FN,1666,2022-08-16,False
FNB,1715,2022-10-25,False
FNGB,1,2025-02-21,False
FNGG,1,2021-10-01,False
FNGG,5,2021-10-07,False
FNGO,289,2020-01-13,False
FNGU,1,2025-02-21,False
FNKO,1646,2024-05-21,False
FNUC,1,2021-11-22,False
FNV,2449,2025-09-30,False
FNWB,1531,2022-02-01,False
FOCT,1,2020-10-20,False
FOFO,1,2025-09-15,False
FOLD,2506,2025-12-19,False
FONR,2512,2025-12-30,False
FOPC,1,2024-12-23,False
FOR,1898,2023-07-24,False
FOR,1902,2023-07-28,False
FOR,1904,2023-08-01,False
FORA,1,2021-03-04,False
FORH,1,2021-04-30,False
FORH,6,2021-05-07,False
FORL,1,2023-05-17,False
FORM,1224,2020-11-11,False
FORM,1227,2020-11-16,False
FORM,2518,2026-01-08,True
FORR,1475,2021-11-10,False
FOUR,1,2020-06-08,False
FOUR,8,2020-06-17,False
FOUR-PA,2,2025-05-05,False
FOUR-PA,5,2025-05-08,False
FOUR-PA,7,2025-05-12,False
FOWF,1,2024-12-19,False
FOXA,647,2021-10-04,False
FOXO,1,2021-02-01,False
FOXX,1,2022-08-09,False
FOXX,517,2024-08-28,False
FOXXW,1,2022-08-04,False
FOXY,1,2025-02-05,False
FPA,2391,2026-01-27,False
FPA,2408,2026-02-20,False
FPAG,1,2021-12-20,False
FPAS,1,2024-11-04,False
FPFD,1,2021-06-18,False
FPH,1861,2024-10-02,False
FPH,1938,2025-01-24,False
FPI,1273,2021-01-25,False
FPRO,1,2021-02-05,False
FPS,1,2026-02-06,False
FRD,1239,2020-12-03,False
FRD,2429,2025-09-02,False
FRDD,1,2025-07-24,False
FRDD,5,2025-07-30,False
FRDU,2,2025-07-25,False
FRGN,1,2025-12-04,False
FRHC,637,2020-08-19,False
FRHC,678,2020-10-16,False
FRHC,1265,2023-02-16,False
FRIZ,1,2025-09-02,False
FRME,2000,2023-12-13,False
FRME,2154,2024-07-26,False
FRMEP,1,2020-08-19,False
FRMEP,4,2020-08-24,False
FRMI,1,2025-10-02,False
FRNW,1,2021-10-08,False
FRNW,3,2021-10-12,False
FROG,1,2020-09-17,False
FROG,4,2020-09-22,False
FROG,8,2020-09-28,False
FRPT,2052,2024-02-29,False
FRPT,2555,2026-03-04,False
FRSH,1,2021-09-23,False
FRSH,787,2024-11-07,False
FRTY,1,2021-03-02,False
FRWD,1,2026-01-14,False
FSBC,186,2021-11-29,False
FSBC,845,2024-07-16,False
FSCC,1,2024-08-01,False
FSCO,1,2022-11-15,False
FSCO,3,2022-11-17,False
FSEA,308,2020-10-05,False
FSEC,1,2021-03-05,False
FSEP,1,2020-09-22,False
FSHP,1,2024-08-16,False
FSHPR,2,2024-08-16,False
FSHPR,5,2024-08-22,False
FSHPU,1,2024-06-20,False
FSIG,1,2021-11-19,False
FSM,1988,2023-11-27,False
FSML,1,2025-12-12,False
FSOL,1,2025-11-19,False
FSP,1911,2023-08-08,False
FSSL,1,2025-11-14,False
FSTR,1916,2023-08-15,False
FSTR,1920,2023-08-21,False
FSYD,1,2022-02-18,False
FTAI,2515,2026-01-05,False
FTAI,2523,2026-01-15,False
FTAI,2527,2026-01-22,False
FTAIN,1,2021-03-19,False
FTBD,1,2023-01-27,False
FTBI,1,2025-05-30,False
FTCA,1,2025-10-28,False
FTCB,1,2023-11-09,False
FTCE,1,2024-10-04,False
FTCI,1,2021-04-29,False
FTDR,1482,2024-08-06,True
FTEK,2357,2025-05-19,False
FTEK,2360,2025-05-22,False
FTEL,1,2023-08-09,False
FTGC,1554,2022-03-07,False
FTGS,1,2022-10-27,False
FTHB,1,2026-02-20,False
FTHF,2,2023-11-02,False
FTHF,428,2025-07-18,False
FTHM,1,2020-08-03,False
FTHM,13,2020-08-19,False
FTHY,1,2020-06-29,False
FTIF,1,2023-03-15,False
FTIF,5,2023-03-21,False
FTII,1,2022-04-11,False
FTK,2119,2024-06-05,False
FTK,2122,2024-06-10,False
FTKI,1,2025-02-28,False
FTLF,2077,2024-04-05,False
FTMA,1,2025-11-11,False
FTMH,1,2025-10-28,False
FTMN,1,2025-11-11,False
FTMS,1,2025-10-28,False
FTMU,1,2025-10-28,False
FTNJ,1,2025-11-11,False
FTNY,1,2025-10-28,False
FTOH,1,2025-11-11,False
FTPA,1,2025-11-11,False
FTRB,1,2024-01-05,False
FTRE,1,2023-06-20,False
FTRE,6,2023-06-27,False
FTRE,8,2023-06-29,False
FTRE,10,2023-07-03,False
FTRK,1,2025-05-27,False
FTRK,4,2025-05-30,False
FTW,1,2024-09-30,False
FTW,352,2026-02-25,False
FTW-U,1,2025-11-04,False
FTW-U,77,2026-02-25,False
FTW-WS,1,2025-10-30,False
FTW-WS,80,2026-02-25,False
FTWO,1,2023-09-01,False
FUFU,1,2021-12-10,False
FUFUW,1,2024-02-27,False
FULT,2150,2024-07-22,False
FUNC,1985,2023-12-08,False
FUNC,2143,2024-07-29,False
FURY,2371,2025-06-09,False
FUSE,1,2022-03-08,False
FUSE,910,2025-10-21,False
FUSI,1,2023-03-17,False
FUTG,1,2025-10-15,False
FUTG,3,2025-10-17,False
FUTG,8,2025-10-24,False
FUTG,10,2025-10-28,False
FUTU,1401,2024-10-01,False
FUTU,1403,2024-10-03,False
FVAV,1,2026-02-26,False
FVN,1,2024-11-05,False
FVNNU,2,2024-09-13,False
FVNNU,192,2025-06-18,False
FVNNU,340,2026-01-21,False
FVR,2,2024-10-03,False
FWD,1,2023-03-22,False
FWRG,1,2021-10-04,False
FWRG,3,2021-10-06,False
FXED,1,2021-01-04,False
FXI,2201,2024-10-02,False
FYEE,1,2024-04-12,False
G,2288,2025-02-07,False
GABC,1308,2021-03-16,False
GABF,1,2022-05-10,False
GABF,6,2022-05-17,False
GAEM,1,2024-08-14,False
GAIA,1157,2020-08-07,False
GAID,1,2025-12-23,False
GAIN,1973,2023-11-03,False
GAING,1,2026-02-20,False
GAINI,1,2024-12-19,False
GALDY,1,2024-07-09,False
GAMB,1,2021-07-26,False
GAMB,837,2024-11-19,False
GAMR,1219,2021-01-27,False
GANX,2,2021-03-22,False
GANX,6,2021-03-26,False
GAP,1988,2023-11-27,False
GAPR,1,2023-04-25,False
GARA,1,2025-12-23,False
GARP,1,2020-01-17,False
GARY,1,2025-12-23,False
GARY,7,2026-01-02,False
GASS,1877,2023-06-20,False
GASS,1881,2023-06-26,False
GASS,2113,2024-05-28,False
GAST,1,2022-01-06,False
GAST,863,2025-06-16,False
GATE,1,2021-11-23,False
GATE,835,2025-03-24,False
GAUD,1,2025-12-23,False
GAUG,1,2023-08-22,False
GAUZ,1,2024-06-07,False
GAVA,2,2026-03-16,False
GBHI,1,2025-11-18,False
GBND,1,2025-06-27,False
GBTC,1219,2020-11-05,False
GBTC,2236,2024-11-21,False
GBTG,1,2022-06-01,False
GBUG,1,2025-02-21,False
GBX,1287,2021-02-12,False
GBXA,1,2025-01-03,False
GCAD,1,2023-01-05,False
GCAD,7,2023-01-13,False
GCAL,1,2024-07-26,False
GCBC,1344,2021-06-03,False
GCBC,1543,2022-03-18,False
GCBC,1547,2022-03-24,False
GCC,1554,2022-03-07,False
GCDT,3,2026-01-14,False
GCL,1,2022-04-21,False
GCLWW,1,2025-02-11,False
GCOR,1,2020-09-11,False
GCT,1,2022-08-19,False
GCTS,1,2024-03-25,False
GCTS-WT,1,2024-12-10,False
GD,1553,2022-03-04,False
GDE,1,2022-03-18,False
GDE,5,2022-03-24,False
GDE,899,2025-10-16,False
GDEC,1,2023-12-19,False
GDEV,1,2020-10-06,False
GDFN,3,2025-09-30,False
GDHG,1,2023-04-13,False
GDIV,1,2022-05-24,False
GDIV,4,2022-05-27,False
GDMN,1,2021-12-17,False
GDMN,4,2021-12-22,False
GDOC,1,2021-11-10,False
GDOG,2,2025-11-26,False
GDRX,1,2020-09-24,False
GDST,1,2022-04-18,False
GDSTR,1,2025-04-28,False
GDT,4,2026-01-28,False
GDTC,1,2023-04-14,False
GDXD,1,2020-12-04,False
GDXU,2,2020-12-07,False
GDXW,1,2025-10-31,False
GDXW,7,2025-11-10,False
GDXY,1,2024-05-22,False
GDYN,1447,2024-08-02,False
GE,2065,2024-03-19,False
GE,2370,2025-06-06,False
GECC,1909,2023-08-04,False
GECCG,1,2025-09-15,False
GECCH,1,2024-09-27,False
GEHC,1,2022-12-16,False
GELS,1,2024-10-30,False
GEMD,1,2022-02-18,False
GEME,1,2025-01-24,False
GEMG,1,2025-11-06,False
GEMI,1,2025-09-12,False
GEN,1031,2020-02-07,False
GENB,1,2026-02-27,False
GENC,1797,2023-02-23,False
GEND,1,2025-01-14,False
GEND,7,2025-01-23,False
GENI,1,2020-10-06,False
GENI,46,2020-12-09,False
GENI,54,2020-12-21,False
GENK,2,2023-06-30,False
GENM,1,2024-05-23,False
GENT,1,2024-05-23,False
GENVR,3,2025-04-23,False
GENVR,7,2025-04-29,False
GENW,2,2025-01-15,False
GENW,5,2025-01-21,False
GEO,2226,2024-11-06,False
GEOA,1,2025-07-09,False
GETY,1,2020-09-22,False
GETY,3,2020-09-24,False
GEV,2,2024-04-01,False
GEV,158,2024-11-11,False
GEVG,1,2025-12-17,False
GEVX,1,2025-07-14,False
GEVX,4,2025-07-17,False
GEVX,8,2025-07-23,False
GEW,1,2025-09-25,False
GFAI,1,2021-03-24,False
GFEB,1,2023-02-22,False
GFGF,1,2021-12-17,False
GFL,1,2020-03-04,False
GFL,188,2020-11-27,False
GFLW,1,2024-12-05,False
GFR,1,2021-12-14,False
GFR,8,2021-12-23,False
GFR,647,2024-07-12,False
GFR,932,2025-09-02,False
GFS,2,2021-11-01,False
GFS,5,2021-11-04,False
GGLL,2,2022-09-09,False
GGLL,757,2025-09-15,False
GGLS,1,2022-09-09,False
GGLS,3,2022-09-13,False
GGOV,1,2025-06-27,False
GGR,1,2021-03-02,False
GGR,277,2022-04-04,False
GGROW,1,2021-03-02,False
GGRP,1,2021-07-02,False
GGRW,1,2021-02-17,False
GGTL,1,2022-01-06,False
GGUS,1,2023-12-01,False
GH,1776,2025-10-30,False
GHLD,1,2020-10-23,False
GHLD,1322,2026-01-29,False
GHM,1914,2023-08-14,False
GHRS,2,2021-06-29,False
GHRS,4,2021-07-01,False
GHTA,1,2021-11-17,False
GIAX,1,2024-07-31,False
GIBO,1,2023-08-22,False
GIBO,251,2025-05-02,False
GIBOW,1,2025-05-06,False
GIC,1915,2023-08-14,False
GIC,2406,2025-07-30,False
GIF,1,2026-02-27,False
GIF,4,2026-03-04,False
GIFT,1,2021-01-11,False
GIGGU,1,2024-08-30,False
GIGGU,277,2025-10-08,False
GIGGW,1,2024-09-12,False
GIGL,1,2025-06-27,False
GIGM,1665,2022-08-15,False
GILD,2541,2026-02-11,False
GIND,1,2025-04-02,False
GINN,1,2020-11-10,False
GINX,1,2024-03-01,False
GIPR,1,2021-10-06,False
GIPR,661,2024-05-22,False
GITS,1,2023-08-02,False
GIXXR,2,2026-03-23,False
GIXXU,1,2026-01-26,False
GJAN,1,2023-01-24,False
GJUL,1,2023-07-25,False
GJUN,1,2023-06-21,False
GK,1,2021-07-06,False
GKAT,1,2025-08-26,False
GKOS,1034,2020-02-12,False
GLBE,2,2021-05-14,False
GLBE,5,2021-05-19,False
GLBE,7,2021-05-21,False
GLBE,13,2021-06-01,False
GLBE,25,2021-06-17,False
GLBE,891,2024-11-25,False
GLBL,2,2024-09-19,False
GLBS,1943,2023-09-22,False
GLCR,1,2025-03-28,False
GLD,2461,2025-10-16,False
GLDB,1,2025-10-27,False
GLDM,1836,2025-10-16,False
GLDN,3,2026-02-23,False
GLDN,7,2026-02-27,False
GLDW,1,2025-10-31,False
GLDW,7,2025-11-10,False
GLDX,1,2021-11-03,False
GLDY,1,2025-04-03,False
GLE,1,2024-09-23,False
GLED-UN,1,2026-03-05,False
GLGG,2,2025-08-22,False
GLIBA,1,2025-07-14,False
GLIBA,4,2025-07-17,False
GLIBK,1,2025-07-14,False
GLIBK,4,2025-07-17,False
GLIX,1,2025-10-07,False
GLIX,6,2025-10-14,False
GLND,1,2026-03-24,False
GLNG,2546,2026-02-19,False
GLOO,2,2025-11-20,False
GLOV,1,2022-02-10,False
GLOW,2,2024-07-09,False
GLP,1156,2020-08-06,False
GLP,1278,2021-02-01,False
GLRY,1,2020-12-09,False
GLRY,7,2020-12-17,False
GLRY,10,2020-12-22,False
GLSI,1,2020-09-28,False
GLTO,1,2020-10-30,False
GLTR,1148,2020-07-27,False
GLTR,1156,2020-08-06,False
GLTR,2460,2025-10-15,False
GLU,1347,2021-05-11,False
GLUE,1,2021-06-25,False
GLUE,4,2021-06-30,False
GLW,2405,2025-07-29,False
GLWG,1,2026-03-11,False
GLXG,3,2024-09-16,False
GLXG,5,2024-09-18,False
GLXU,1,2025-08-11,False
GM,2072,2024-03-28,False
GMAR,1,2023-03-21,False
GMAY,1,2023-05-23,False
GME,1272,2021-01-22,True
GME-WT,1,2025-10-09,False
GMED,2477,2025-11-07,False
GMET,1,2021-11-12,False
GMET,979,2025-10-08,False
GMET,1040,2026-01-06,False
GMET,1046,2026-01-14,False
GMEU,1,2025-04-25,False
GMEU,4,2025-04-30,False
GMEX,1,2023-08-09,False
GMEY,1,2025-09-10,False
GMGI,1337,2021-04-27,False
GMGT,1,2021-04-14,False
GMHS,1,2023-06-29,False
GMHS,392,2025-01-21,False
GMM,2,2023-10-11,False
GMM,13,2023-10-26,False
GMMA,1,2024-09-18,False
GMMF,1,2025-02-06,False
GMNY,1,2024-07-26,False
GMOC,1,2025-10-29,False
GMOD,1,2025-10-15,False
GMOI,1,2024-10-30,False
GMOV,1,2024-10-30,False
GMOV,6,2024-11-06,False
GMRE,2000,2023-12-13,False
GMTL,2,2026-03-24,False
GMTL,5,2026-03-27,False
GMTL,8,2026-04-01,False
GMUB,1,2024-07-26,False
GMUN,1,2023-03-10,False
GNE,1959,2023-10-16,False
GNE,2369,2025-06-05,False
GNE,2380,2025-06-23,False
GNL-P-D,1,2023-09-13,False
GNL-P-E,1,2023-09-14,False
GNL-PD,1,2023-09-13,False
GNL-PE,1,2023-09-14,False
GNLX,1,2023-01-27,False
GNOV,1,2023-11-21,False
GNPX,1104,2022-08-17,False
GNRC,1157,2020-08-07,False
GNRC,2406,2025-07-30,False
GNRC,2544,2026-02-17,False
GNS,1,2022-04-13,False
GNTA,1,2021-12-16,False
GNTA,5,2021-12-22,False
GOCO,2,2020-07-17,False
GOCO,5,2020-07-22,False
GOCT,1,2023-10-24,False
GOEX,2436,2025-09-11,False
GOLD,1354,2021-05-20,False
GOLD,2520,2026-01-12,False
GOLF,1136,2021-05-06,False
GOLS,1,2026-01-05,False
GOLY,1,2021-05-19,False
GOOG,2438,2025-09-15,False
GOOGL,2434,2025-09-09,False
GOOGL,2438,2025-09-15,False
GOOP,1,2023-11-01,False
GOOP,460,2025-09-03,False
GOOW,1,2025-07-25,False
GOOW,3,2025-07-29,False
GOOW,28,2025-09-03,False
GOOW,32,2025-09-09,False
GOOW,36,2025-09-15,False
GOOX,1,2024-01-12,False
GOOX,5,2024-01-19,False
GOOX,9,2024-01-25,False
GOOX,419,2025-09-15,False
GOOY,1,2023-07-31,False
GOOY,534,2025-09-15,False
GOP,1,2023-02-08,False
GOU,1,2025-12-03,False
GOVZ,1,2020-09-25,False
GP,1,2020-08-31,False
GPAC,1,2021-03-08,False
GPACW,1,2021-03-09,False
GPAT,1,2024-07-03,False
GPATU,1,2024-05-10,False
GPATW,1,2024-07-02,False
GPCR,1,2023-02-03,False
GPGI,1,2020-11-20,False
GPGI,933,2024-08-08,False
GPGI,940,2024-08-19,False
GPIQ,2,2023-10-30,False
GPIQ,4,2023-11-01,False
GPIX,1,2023-10-27,False
GPIX,5,2023-11-02,False
GPN,1913,2023-08-10,False
GPOR,1,2021-05-19,False
GPRF,1,2024-08-02,False
GPT,1,2024-09-19,False
GPT,4,2024-09-24,False
GPT,6,2024-09-26,False
GPTY,1,2025-01-24,False
GPUS-PD,2,2022-06-09,False
GPUS-PD,8,2022-06-17,False
GPZ,1,2025-06-06,False
GQGU,1,2025-07-15,False
GQI,1,2023-12-14,False
GQQQ,1,2024-10-02,False
GRAB,1,2020-12-02,False
GRAB,3,2020-12-04,False
GRAB,6,2020-12-09,False
GRAB,998,2024-11-19,False
GRABW,1,2020-12-10,False
GRAF,1,2024-08-19,False
GRAF-U,432,2026-01-12,False
GRAG,1,2025-12-12,False
GRAL,1,2024-06-13,False
GRAL,3,2024-06-17,False
GRAL,5,2024-06-20,False
GRAN,2,2025-07-03,False
GRAN,6,2025-07-10,False
GRC,2538,2026-02-06,False
GRCL,2,2021-01-12,False
GRCL,19,2021-02-05,False
GRDN,1,2024-09-27,False
GRI,1,2021-02-11,False
GRIN,1,2025-06-27,False
GRML,1,2026-02-10,False
GRMLW,1,2026-03-10,False
GRMN,2054,2024-03-04,False
GRND,1,2021-01-15,False
GRND,7,2021-01-26,False
GRNI,1,2025-11-18,False
GRNJ,1,2025-11-19,False
GRNJ,4,2025-11-24,False
GRNT,1,2020-11-09,False
GRNY,1,2024-11-08,False
GRO,1,2024-11-29,False
GROV,1,2021-05-14,False
GROW,2530,2026-01-27,False
GROY,1,2021-03-10,False
GROY-WS,1,2021-03-10,False
GROY-WT,2,2024-06-17,False
GROY-WT,5,2024-06-21,False
GROZ,1,2024-12-06,False
GROZ,4,2024-12-11,False
GRPZ,1,2024-03-28,False
GRRR,1,2022-07-15,False
GRRRW,1,2022-07-12,False
GRW,1,2024-05-07,False
GRZZ,1,2021-12-16,False
GSC,1,2023-10-06,False
GSEE,1,2020-05-18,False
GSEP,1,2023-09-19,False
GSG,1550,2022-03-01,False
GSG,1553,2022-03-04,False
GSG,1555,2022-03-08,False
GSGO,1,2025-11-18,False
GSGO,5,2025-11-24,False
GSHR,1,2025-05-13,False
GSHRU,1,2025-03-21,False
GSHRW,1,2025-05-14,False
GSIB,1,2023-12-18,False
GSID,1,2020-05-19,False
GSID,5,2020-05-26,False
GSID,13,2020-06-05,False
GSIG,1,2020-07-10,False
GSIW,1,2023-12-04,False
GSKH,1,2025-01-08,False
GSKH,19,2025-02-05,False
GSL,2111,2024-05-23,False
GSPY,1,2020-12-30,False
GSPY,6,2021-01-07,False
GSRF,1,2025-10-21,False
GSUN,1,2022-06-23,False
GSUS,1,2020-05-18,False
GSUS,6,2020-05-26,False
GSWO,1,2022-03-18,False
GTEK,1,2021-09-17,False
GTEN,1,2025-06-24,False
GTENU,1,2025-05-05,False
GTERA,1,2025-07-28,False
GTLB,1,2021-10-15,False
GTLB,6,2021-10-22,False
GTLS,2229,2024-11-11,False
GTM,1,2020-06-05,False
GTM,6,2020-06-12,False
GTOC,1,2025-07-24,False
GTOH,1,2022-12-12,False
GTOP,1,2025-12-09,False
GTOQ,1,2020-12-07,False
GTOS,1,2022-12-12,False
GTPE,1,2025-10-24,False
GTR,1,2021-10-08,False
GTR,6,2021-10-15,False
GUG,1,2021-11-26,False
GUMI,1,2024-07-26,False
GUSA,1,2022-04-13,False
GUSE,1,2025-11-18,False
GUSE,5,2025-11-24,False
GUTS,1,2024-02-02,False
GV,1,2022-05-18,False
GVAL,2305,2025-03-05,False
GVH,1,2023-11-09,False
GVLE,1,2025-11-18,False
GVLE,6,2025-11-25,False
GVLU,1,2022-06-08,False
GVUS,1,2023-12-01,False
GWH,1,2020-12-01,False
GWH-WT,1,2020-11-16,False
GWRS,1333,2021-08-13,False
GWW,2034,2024-02-02,False
GXAI,1,2023-02-16,False
GXC,2201,2024-10-02,False
GXC,2204,2024-10-07,False
GXDW,319,2021-02-10,False
GXIG,1,2025-06-18,False
GXLC,1,2025-09-25,False
GXO,1,2021-07-23,False
GXO,7,2021-08-02,False
GXO,9,2021-08-04,False
GXO,814,2024-10-16,False
GXPC,1,2025-07-23,False
GXPC,7,2025-07-31,False
GXPD,1,2025-07-24,False
GXPE,1,2025-07-23,False
GXPS,1,2025-07-23,False
GXPT,1,2025-07-24,False
GXRP,1,2025-11-25,False
GXTG,325,2021-02-10,False
GXUS,1,2023-06-08,False
GYRO,2211,2024-10-16,False
HACQ,1,2026-04-07,False
HACQU,1,2026-02-13,False
HACQW,1,2026-04-08,False
HAFC,2151,2024-07-23,False
HAFN,1,2022-06-03,False
HAKY,1,2026-01-22,False
HAKY,3,2026-01-26,False
HAPI,1,2022-10-14,False
HAPS,1,2023-04-14,False
HARD,1,2023-03-29,False
HASI,2543,2026-02-13,False
HAUS,1,2022-03-02,False
HAUS,3,2022-03-04,False
HAVA,1,2025-12-16,False
HAYW,1,2021-03-12,False
HBANL,1,2023-03-01,False
HBANZ,1,2026-02-03,False
HBANZ,6,2026-02-10,False
HBDC,1,2025-06-12,False
HBNB,1,2025-07-01,False
HBR,1,2025-10-29,False
HBRD,1,2026-02-26,False
HBTA,1,2025-01-24,False
HBTC,1,2025-03-20,False
HBTC,3,2025-03-24,False
HCACR,2,2026-01-29,False
HCACR,4,2026-02-02,False
HCAI,2,2025-02-07,False
HCHL,2,2025-06-25,False
HCHL,6,2025-07-01,False
HCI,1157,2020-08-07,False
HCI,1297,2021-03-01,False
HCI,1980,2023-11-14,False
HCICR,1,2026-04-01,False
HCICR,4,2026-04-07,False
HCMAU,1,2025-08-04,False
HCMT,1,2023-06-23,False
HCMT,6,2023-06-30,False
HCOW,1,2023-09-21,False
HCRB,1,2020-02-21,False
HCSG,1038,2020-02-19,False
HCSG,2345,2025-05-01,False
HCTI,1,2021-10-14,False
HCWB,1,2021-07-21,False
HCWC,1,2024-09-17,False
HD,2000,2023-12-13,False
HDGE,1054,2020-03-12,False
HDGE,1600,2022-05-11,False
HDL,1,2024-05-20,False
HDUS,1,2022-11-18,False
HDUS,8,2022-11-30,False
HE,1307,2021-03-15,False
HE,1310,2021-03-18,False
HEAL,2,2020-08-03,False
HECA,1,2025-07-02,False
HECO,1,2024-09-11,False
HECO,3,2024-09-13,False
HECO,7,2024-09-19,False
HECO,10,2024-09-24,False
HECO,275,2025-10-15,False
HEDG,1,2025-10-14,False
HEFT,1,2025-11-24,False
HEGD,1,2020-12-24,False
HELE,1006,2020-01-02,False
HELO,1,2023-10-02,False
HELS,1,2025-12-12,False
HELX,2,2020-03-02,False
HELX,4,2020-03-04,False
HEMI,1,2025-12-18,False
HEPS,1,2021-07-02,False
HEQQ,1,2025-03-28,False
HEQT,1,2021-11-02,False
HERE,1,2023-01-26,False
HERZ,2487,2025-11-21,False
HF,1,2023-08-04,False
HFEQ,1,2025-07-16,False
HFEQ,6,2025-07-23,False
HFGM,1,2025-04-16,False
HFGO,1,2021-11-11,False
HFMF,1,2025-07-16,False
HFND,1,2022-10-12,False
HFRO-P-B,1,2025-03-14,False
HFSI,1,2021-09-23,False
HFSP,1,2024-10-25,False
HG,2,2023-11-14,False
HG,7,2023-11-21,False
HGAS,1,2021-02-22,False
HGBL,1734,2022-11-21,False
HGER,1,2022-02-11,False
HGER,15,2022-03-04,False
HGER,17,2022-03-08,False
HGRO,1,2025-06-12,False
HGTY,1,2021-06-02,False
HGTY,130,2021-12-03,False
HGTY,135,2021-12-10,False
HIDE,1,2022-11-18,False
HIDV,1,2023-03-23,False
HIDV,5,2023-03-29,False
HIDV,7,2023-03-31,False
HIFS,1282,2021-03-10,False
HIFS,2128,2024-07-23,False
HIG,1310,2021-03-18,False
HIG,1315,2021-03-25,False
HIGH,1,2022-10-31,False
HIHO,2200,2024-10-22,False
HIMS,263,2020-12-10,False
HIMU,1,2025-02-11,False
HIMZ,1,2025-03-14,False
HIPO,2,2021-01-13,False
HIPO,8,2021-01-22,False
HIT,1,2024-12-24,False
HITI,1646,2025-08-21,False
HIYS,1,2022-12-06,False
HIYY,1,2025-09-24,False
HIYY,3,2025-09-26,False
HKD,1,2022-07-18,False
HKIT,1,2023-04-03,False
HKIT,613,2025-09-11,False
HKPD,1,2025-01-16,False
HKPD,4,2025-01-22,False
HLF,1908,2023-08-03,False
HLF,2487,2025-11-21,False
HLIO,1481,2021-11-18,False
HLIO,2410,2025-08-05,False
HLLY,1,2020-11-30,False
HLLY,6,2020-12-07,False
HLLY,163,2021-07-23,False
HLLY-WS,1,2021-07-15,False
HLLY-WS,7,2021-07-23,False
HLLY-WT,1,2024-12-10,False
HLMN,1,2020-12-04,False
HLN,1,2022-07-19,False
HLN,99,2022-12-06,False
HLNE,1178,2021-11-02,False
HLNE,2232,2026-01-15,False
HLP,1,2023-03-30,False
HLTHQ,1,2024-06-04,False
HLTHQ,120,2024-11-29,False
HLTHQ,334,2026-01-16,False
HLXC,2,2026-01-23,False
HLXX,1,2026-03-25,False
HMC,1227,2020-11-16,False
HMC,1874,2023-06-14,False
HMH,1,2026-04-02,False
HMKIY,1,2025-03-13,False
HMR,1,2025-02-21,False
HMYY,2,2025-12-04,False
HNGE,2,2025-05-23,False
HNNA,2160,2024-08-13,False
HNNA,2238,2024-12-03,False
HNST,1,2021-05-05,False
HNVR,1,2022-05-12,False
HODL,1,2024-01-12,False
HODL,218,2024-11-21,False
HODU,1,2025-11-20,False
HOFT,1730,2022-11-15,False
HOFT,2001,2023-12-14,False
HOFVW,1,2020-07-06,False
HOII,1,2025-11-05,False
HOLA,1,2025-07-15,False
HOLD,1,2025-08-15,False
HOLO,1,2021-08-09,False
HOLOW,1,2022-09-20,False
HOMB,2150,2024-07-22,False
HOMZ,976,2023-02-02,False
HOOD,3,2021-08-03,False
HOOD,495,2023-07-19,False
HOOG,1,2025-03-24,False
HOOW,1,2025-06-20,False
HOOW,3,2025-06-24,False
HOOW,7,2025-06-30,False
HOOX,1,2025-03-20,False
HOOX,3,2025-03-24,False
HOOY,3,2025-05-13,False
HOOY,7,2025-05-19,False
HOOY,42,2025-07-10,False
HOOZ,2,2025-11-17,False
HOOZ,5,2025-11-20,False
HOPE,1306,2021-03-12,False
HOPE,2151,2024-07-23,False
HOUR,1,2022-01-10,False
HOVR,1,2023-04-04,False
HOVRW,1,2024-01-17,False
HOWL,1,2021-05-03,False
HOYY,2,2025-10-02,False
HOYY,6,2025-10-08,False
HPAI,1,2021-12-07,False
HPAIW,2,2021-12-10,False
HPCO,1,2022-08-31,False
HPE-PC,2,2024-09-13,False
HPE-PC,4,2024-09-17,False
HPE-PC,6,2024-09-19,False
HPE-PC,10,2024-09-25,False
HPQ,2115,2024-05-30,False
HQGO,1,2023-12-07,False
HQWWW,1,2026-03-23,False
HRMY,1,2020-08-20,False
HRTG,2060,2024-03-12,False
HRTS,1,2023-11-22,False
HRTS,7,2023-12-01,False
HSAI,1,2023-02-10,False
HSBH,1,2024-10-08,False
HSCS,1,2022-06-16,False
HSCSW,2,2025-05-19,False
HSCSW,6,2025-05-30,False
HSHP,1,2022-10-27,False
HSHP,3,2023-03-31,False
HSLV,1,2026-02-06,False
HSLV,4,2026-02-11,False
HSMV,2,2020-04-09,False
HSPOW,1,2023-01-27,False
HSPT,1,2025-02-06,False
HSPT,257,2026-02-13,False
HSPTR,1,2025-02-06,False
HSPTU,1,2024-11-15,False
HSUN,1,2021-09-22,False
HTAX,1,2025-03-07,False
HTBK,2151,2024-07-23,False
HTCO,1,2021-09-28,False
HTCR,1,2022-02-11,False
HTFC,1,2022-06-28,False
HTFL,1,2025-08-08,False
HTHT,1282,2021-02-05,False
HTLM,1,2024-10-02,False
HTLM,5,2024-10-08,False
HTOO,276,2020-11-25,True
HTT,813,2021-01-12,True
HTZ,1,2021-07-02,False
HTZWW,1,2021-07-02,False
HUBC,1,2022-01-04,False
HUBC,250,2022-12-30,False
HUBCW,1,2023-02-28,False
HUDI,1,2021-01-25,False
HUHU,1,2024-10-23,False
HUIZ,1,2020-02-13,False
HUIZ,6,2020-02-21,False
HUIZ,9,2020-02-26,False
HUIZ,12,2020-03-02,False
HUIZ,257,2021-02-19,False
HUMA,1,2020-12-02,False
HUMA,52,2021-02-17,False
HUMA,55,2021-02-22,False
HUMAW,1,2020-11-25,False
HUMN,1,2025-06-27,False
HUN,1452,2021-10-08,False
HUTG,1,2026-01-13,False
HVAC,1,2025-02-05,False
HVII,1,2025-02-07,False
HVIIR,1,2025-02-07,False
HVIIR,8,2025-02-28,False
HVIIR,10,2025-03-05,False
HVIIU,1,2025-01-17,False
HVIIU,193,2025-10-23,False
HVMC,1,2025-10-06,False
HVMCU,1,2025-08-13,False
HWAY,1,2024-09-13,False
HWAY,5,2024-09-19,False
HWC,1265,2021-01-12,False
HWCPZ,1,2020-06-18,False
HWH,1,2022-03-25,False
HWSM,1,2025-04-01,False
HXHX,1,2025-04-14,False
HYAC,1,2021-05-04,False
HYAC-UN,1,2023-07-27,False
HYAC-WT,1,2025-05-12,False
HYAC-WT,5,2025-05-20,False
HYAC-WT,16,2025-06-05,False
HYBB,1,2020-10-09,False
HYBI,1,2024-10-01,False
HYBL,1,2022-02-18,False
HYBX,1,2024-11-19,False
HYDR,1,2021-07-15,False
HYDR,5,2021-07-21,False
HYDR,982,2025-06-11,False
HYFI,1,2023-05-16,False
HYFM,1,2020-12-11,False
HYFM,4,2020-12-16,False
HYFT,2376,2025-06-16,False
HYGW,1,2022-08-23,False
HYIN,1,2021-05-07,False
HYKE,1,2024-01-12,False
HYKE,5,2024-01-19,False
HYLN,232,2020-06-19,False
HYLN,237,2020-06-26,False
HYMU,1,2021-03-17,False
HYNE,1,2025-12-05,False
HYP,1,2025-09-24,False
HYP,4,2025-09-29,False
HYPR,1,2021-01-28,False
HYPR,6,2021-02-04,False
HYRM,1,2022-02-11,False
HYSD,1,2024-09-06,False
HYTI,1,2025-02-14,False
HYTR,1,2020-01-23,False
HZO,1020,2020-01-23,False
IACOU,1,2026-02-12,False
IACOW,1,2026-04-07,False
IAG,2169,2024-08-16,False
IALT,1,2025-12-11,False
IAPR,1,2021-04-05,False
IAU,2461,2025-10-16,False
IAUG,1,2024-08-02,False
IAUI,1,2025-06-06,False
IAUM,1,2021-07-01,False
IAUM,1079,2025-10-16,False
IAUX,1,2021-04-23,False
IAUX,3,2021-04-27,False
IAUX-WS,1,2025-07-24,False
IBAC,1,2024-05-02,False
IBACR,1,2024-05-02,False
IBACR,3,2024-05-06,False
IBAT,1,2024-03-22,False
IBBQ,1,2021-06-14,False
IBCA,1,2025-03-27,False
IBCB,1,2026-03-27,False
IBCP,2148,2024-07-19,False
IBCP,2150,2024-07-23,False
IBDV,1,2020-06-26,False
IBDW,1,2021-06-28,False
IBDX,1,2022-07-01,False
IBDY,1,2023-06-26,False
IBDZ,1,2024-05-28,False
IBEX,1,2020-08-10,False
IBEX,577,2022-11-21,False
IBEX,1135,2025-02-13,False
IBEX,1280,2025-09-12,False
IBFR,1,2026-02-25,False
IBG,1,2024-09-27,False
IBGA,1,2024-06-13,False
IBGB,1,2025-03-27,False
IBGB,4,2025-04-01,False
IBGB,7,2025-04-04,False
IBGC,1,2026-03-27,False
IBGK,1,2024-06-13,False
IBGL,1,2025-03-27,False
IBGM,1,2026-03-27,False
IBHF,1,2020-11-13,False
IBHG,1,2021-07-12,False
IBHH,1,2022-03-11,False
IBHI,1,2022-03-11,False
IBHJ,1,2023-06-26,False
IBHK,1,2024-05-28,False
IBHL,1,2025-03-27,False
IBHM,1,2026-03-27,False
IBIC,1,2023-09-18,False
IBID,1,2023-09-18,False
IBIE,1,2023-09-18,False
IBIF,1,2023-09-22,False
IBIG,1,2023-09-22,False
IBIH,1,2023-09-22,False
IBII,1,2023-09-22,False
IBIJ,1,2023-09-22,False
IBIK,1,2024-05-28,False
IBIL,1,2025-03-27,False
IBIM,1,2026-03-27,False
IBIT,1,2024-01-12,False
IBIT,218,2024-11-21,False
IBKR,2041,2024-02-13,False
IBKR,2203,2024-10-04,False
IBLC,1,2022-04-28,False
IBLC,5,2022-05-04,False
IBLC,866,2025-10-09,False
IBM,2028,2024-01-25,False
IBMR,1,2023-05-12,False
IBMS,1,2024-05-28,False
IBMT,1,2025-03-27,False
IBMU,1,2026-03-27,False
IBMV,1,2026-03-27,False
IBMW,1,2026-04-09,False
IBO,1,2024-09-17,False
IBOT,1,2023-04-10,False
IBP,2001,2023-12-14,False
IBRN,1,2022-08-29,False
IBTA,1,2024-04-18,False
IBTA,4,2024-04-23,False
IBTG,1,2020-03-02,False
IBTH,1,2020-03-02,False
IBTI,1,2020-03-02,False
IBTJ,1,2020-03-02,False
IBTK,1,2020-07-21,False
IBTL,1,2021-08-31,False
IBTM,1,2022-07-11,False
IBTO,1,2023-06-30,False
IBTP,1,2024-06-13,False
IBTQ,1,2025-03-27,False
IBTR,1,2026-03-27,False
IBUF,1,2024-07-02,False
ICAP,1,2021-12-30,False
ICAP,4,2022-01-04,False
ICCC,2220,2024-12-03,False
ICCM,6,2020-01-14,False
ICG,1,2023-03-17,False
ICG,5,2023-03-23,False
ICHR,1003,2020-12-04,False
ICLN,1199,2020-10-07,False
ICLN,1260,2021-01-05,False
ICLO,1,2022-12-12,False
ICOI,1,2025-04-04,False
ICOI,4,2025-04-09,False
ICON,1,2024-07-15,False
ICOP,1,2023-06-26,False
ICOP,6,2023-07-03,False
ICPI,1,2025-11-21,False
ICPY,1,2025-09-11,False
ICRC,1,2025-10-03,False
ICU,1,2021-03-19,False
ICUCW,1,2021-03-19,False
ICUCW,3,2021-03-23,False
IDAI,1,2021-02-25,False
IDCC,1984,2023-11-20,False
IDCC,2158,2024-08-01,False
IDCC,2226,2024-11-06,False
IDCC,2229,2024-11-11,False
IDEC,1,2023-12-04,False
IDEF,1,2025-05-22,False
IDEF,3,2025-05-27,False
IDEQ,1,2025-05-13,False
IDME,1,2021-07-23,False
IDT,1285,2021-02-10,False
IDT,2206,2024-10-09,False
IDUB,1,2021-07-26,False
IDVO,1,2022-09-09,False
IDVY,1,2026-02-12,False
IDVZ,1,2024-12-30,False
IDXX,2409,2025-08-04,False
IDYN,1,2025-08-08,False
IE,1,2022-06-29,False
IE,751,2025-06-26,False
IE,817,2025-09-30,False
IEAG,1,2026-03-11,False
IEAGR,1,2026-03-11,False
IEAGU,1,2026-01-16,False
IEP,1292,2021-02-22,False
IETH,2,2025-10-06,False
IFBD,1,2021-04-21,False
IFEB,1,2024-02-02,False
IFED,1,2021-09-16,False
IFLO,1,2025-06-27,False
IFLR,1,2025-11-21,False
IFS,1163,2024-02-16,False
IFS,1168,2024-02-26,False
IGCB,1,2024-11-19,False
IGGY,1,2025-09-19,False
IGLD,1,2021-03-04,False
IGLD,1162,2025-10-16,False
IGME,1,2025-06-11,False
IGTR,1,2022-11-18,False
IH,1,2020-10-12,False
IHS,2,2021-10-18,False
III,1235,2020-11-27,False
III,1352,2021-05-18,False
IINN,1,2021-07-15,False
IINNW,1,2021-07-15,False
IJAN,1,2020-01-03,False
IJUN,1,2024-06-04,False
IKT,1,2020-12-24,False
IKT,963,2024-10-23,False
ILAG,1,2022-07-14,False
ILDR,1,2021-05-27,False
ILIT,1,2023-06-26,False
ILIT,6,2023-07-03,False
ILIT,13,2023-07-13,False
ILLUU,1,2026-02-26,False
ILOW,1,2024-07-16,False
ILS,1,2025-04-02,False
IMA,1,2021-03-29,False
IMAQ,1,2021-08-18,False
IMAR,1,2024-03-04,False
IMAY,1,2024-05-02,False
IMCC,1,2020-05-29,False
IMCR,1,2021-02-08,False
IMF,1,2025-03-20,False
IMFL,1,2021-02-25,False
IMKTA,1478,2021-11-15,False
IMKTA,2539,2026-02-09,False
IMKTA,2542,2026-02-12,False
IMMR,2109,2024-05-21,False
IMMR,2113,2024-05-28,False
IMMX,1,2021-12-17,False
IMNM,1,2020-10-05,False
IMPP,1,2021-12-07,False
IMPTV,1,2021-12-07,False
IMPTV,4,2021-12-10,False
IMRA,1,2025-04-04,False
IMRX,3,2021-08-04,False
IMSI,1,2022-12-06,False
IMSR,1,2024-10-11,False
IMST,1,2025-04-04,False
IMTG,1,2026-02-26,False
IMTX,367,2020-05-29,False
IMXI,1141,2022-03-16,False
INAB,1,2021-08-02,False
INAC,1,2025-07-31,False
INBK,1469,2021-11-02,False
INBK,2030,2024-01-29,False
INBS,1,2020-12-24,False
INBX,1,2024-05-30,False
INCM,1,2023-06-09,False
INCY,2479,2025-11-11,False
IND,1,2025-11-26,False
INDE,1,2023-09-25,False
INDH,1,2024-05-10,False
INDI,310,2020-12-28,False
INDI,849,2023-02-17,False
INDV,2407,2025-07-31,False
INDZ,1,2026-02-20,False
INEO,1,2024-10-24,False
INFL,1,2021-01-13,False
INFO,1,2024-10-11,False
INFQ,1,2026-01-08,False
INFQ-WS,1,2026-01-14,False
INFU,1038,2020-02-19,False
INFU,2413,2025-08-08,False
INFY,1148,2020-07-27,False
INFY,1204,2020-10-14,False
INFY,2148,2024-07-18,False
INGM,1,2024-10-25,False
INGR,2225,2024-11-05,False
INHD,1,2023-12-15,False
INKT,1,2021-10-18,False
INKT,4,2021-10-21,False
INLF,1,2025-01-03,False
INMD,991,2023-07-18,False
INMU,1,2021-03-19,False
INOV,1,2023-11-02,False
INQQ,1,2022-04-04,False
INR,1,2025-02-03,False
INRO,1,2024-04-01,False
INTA,1,2021-07-01,False
INTA,3,2021-07-06,False
INTA,22,2021-08-02,False
INTJ,1,2024-03-21,False
INTL,1,2022-12-05,False
INTM,1,2025-07-24,False
INTR,1,2022-06-24,False
INTS,1,2023-07-03,False
INTW,2,2025-02-18,False
INV,1,2021-11-30,False
INVA,1413,2021-08-13,False
INVA,2158,2024-08-01,False
INVG,1,2025-06-05,False
INVN,1,2025-01-08,False
INVZ,1,2020-06-30,False
INVZ,111,2020-12-04,False
INVZW,2,2020-06-30,False
IOBT,1,2021-11-08,False
IOCT,1,2021-10-01,False
ION,1,2022-12-02,False
IONL,1,2025-03-26,False
IONQ,1,2021-01-05,False
IONQ,8,2021-01-14,False
IONQ-WS,1,2021-09-28,False
IONQ-WT,1,2024-12-10,False
IONR,1,2022-07-01,False
IONS,2434,2025-09-09,False
IONX,2,2025-03-14,False
IONZ,1,2025-06-25,False
IOPP,1,2024-03-06,False
IOR,1290,2023-07-07,False
IOT,1,2021-12-16,False
IOT,5,2021-12-22,False
IOTR,2,2025-04-14,False
IOYY,3,2025-11-07,False
IPAR,1227,2020-11-16,False
IPAR,1472,2021-11-05,False
IPAR,2527,2026-01-22,False
IPAV,1,2024-08-29,False
IPCX,1,2025-06-17,False
IPCXU,1,2025-04-25,False
IPEX,1,2025-03-10,False
IPFXU,1,2026-03-04,False
IPGP,2542,2026-02-12,False
IPI,1459,2021-10-19,False
IPI,1553,2022-03-04,False
IPOD,1,2025-06-13,False
IPODU,1,2025-05-08,False
IPSC,1,2021-06-21,False
IPSC,7,2021-06-29,False
IPST,2,2024-11-26,False
IPW,1,2021-05-13,False
IPX,1,2022-06-22,False
IPX,310,2023-09-14,False
IPX,403,2024-01-29,False
IPX,416,2024-02-15,False
IQ,557,2020-06-16,False
IQHI,1,2022-10-26,False
IQM,2,2020-03-02,False
IQMM,1,2026-02-20,False
IQQQ,1,2024-03-21,False
IQRA,1,2023-05-11,False
IQSM,1,2022-10-26,False
IQSZ,1,2025-07-17,False
IRAB-UN,1,2026-02-04,False
IRAB-WS,1,2026-02-25,False
IRE,1,2025-10-22,False
IREG,1,2025-12-17,False
IREG,3,2025-12-19,False
IREN,1,2021-11-18,False
IRET,1,2024-01-26,False
IRET,5,2024-02-01,False
IREX,1,2025-10-24,False
IREX,7,2025-11-03,False
IREZ,1,2026-01-23,False
IRHO,1,2026-02-09,False
IRHOR,1,2026-02-09,False
IRHOU,2,2025-12-18,False
IRIX,2403,2025-07-28,False
IROC,1,2022-12-12,False
IRON,1,2020-08-13,False
IRON,100,2021-01-11,False
IRON,1298,2025-10-17,False
IRS-WT,2,2021-06-07,False
IRTC,1231,2021-09-13,False
IRTR,1,2023-10-20,False
IRVH,1,2022-07-07,False
ISBG,1,2026-01-22,False
ISBG,4,2026-01-27,False
ISDB,1,2022-12-06,False
ISEP,1,2023-09-05,False
ISMF,1,2025-03-14,False
ISPC,1,2021-06-18,False
ISPC,7,2021-06-28,False
ISPR,1,2023-04-05,False
ISPR,4,2023-04-11,False
ISPY,1,2023-12-21,False
ISRL,1,2023-03-01,False
ISSB,1,2026-01-22,False
ISSB,4,2026-01-27,False
ISTR,1612,2022-05-27,False
ISUL,1,2025-10-08,False
ISUNQ,1845,2025-05-06,False
ISUNQ,2001,2025-12-17,False
ISUNQ,2046,2026-02-24,False
ISUNQ,2075,2026-04-14,False
ISVL,1,2021-03-26,False
ISWN,1,2021-01-27,False
IT,1405,2021-08-03,False
ITAN,1,2021-06-30,False
ITB,1783,2023-02-02,False
ITDB,1,2023-10-20,False
ITDC,1,2023-10-20,False
ITDD,1,2023-10-20,False
ITDE,1,2023-10-20,False
ITDF,1,2023-10-20,False
ITDG,1,2023-10-20,False
ITDH,1,2023-10-20,False
ITDI,1,2023-10-20,False
ITDJ,1,2024-11-14,False
ITHA,1,2026-01-21,False
ITHAW,1,2026-01-21,False
ITOC,1,2025-12-15,False
ITOL,1,2025-09-12,False
ITWO,1,2024-09-06,False
ITWO,6,2024-09-13,False
IVA,1,2020-07-13,False
IVDAW,1,2022-04-04,False
IVEP,1,2026-04-09,False
IVEP,3,2026-04-14,False
IVES,1,2025-06-05,False
IVF,1271,2021-02-17,False
IVP,1,2023-08-31,False
IVRS,1,2023-02-17,False
IVSI,1,2025-12-04,False
IVSI,6,2025-12-11,False
IVSS,1,2025-12-05,False
IVSS,4,2025-12-10,False
IVT,1279,2021-02-02,False
IVT,1570,2022-03-29,False
IVVB,1,2023-07-03,False
IVVD,1,2021-08-09,False
IVVD,3,2021-08-11,False
IVVM,1,2023-07-03,False
IVVW,1,2024-03-18,False
IVZ,2001,2023-12-14,False
IVZ,2398,2025-07-18,False
IVZ,2403,2025-07-25,False
IWDL,1,2021-02-08,False
IWFG,1,2022-06-24,False
IWFL,1,2021-02-08,False
IWLG,1,2022-06-24,False
IWMI,1,2024-06-26,False
IWML,1,2021-02-08,False
IWMW,1,2024-03-18,False
IWMY,1,2023-11-01,False
IX,2542,2026-02-12,False
IXAQF,1,2021-12-01,False
IXHL,1,2022-03-03,False
IYRI,1,2025-01-16,False
IZM,1,2023-03-16,False
IZM,5,2023-03-22,False
JA,1,2026-02-20,False
JAAA,1,2020-10-20,False
JABS,1,2025-07-24,False
JACS,1,2025-01-31,False
JACS-U,1,2024-12-16,False
JADE,1,2024-05-20,False
JAGU,1,2026-02-10,False
JAJL,1,2024-07-02,False
JANB,1,2025-10-15,False
JANH,1,2024-01-03,False
JANI,1,2026-02-03,False
JANJ,1,2024-01-03,False
JANM,1,2025-01-22,False
JANP,1,2024-01-03,False
JANT,1,2021-01-05,False
JANU,1,2025-01-03,False
JANW,1,2021-01-05,False
JANX,1,2021-06-14,False
JANZ,1,2021-01-05,False
JAPN,2,2025-05-15,False
JAVA,1,2021-10-06,False
JAZZ,2483,2025-11-17,False
JAZZ,2488,2025-11-24,False
JBBB,1,2022-01-13,False
JBDI,1,2024-08-28,False
JBDI,5,2024-09-04,False
JBIO,1,2021-07-01,False
JBND,1,2023-10-13,False
JBS,1,2025-06-10,False
JCAP,1,2025-06-27,False
JCHI,1,2023-03-17,False
JCHI,5,2023-03-23,False
JCHI,389,2024-10-02,False
JCHI,392,2024-10-07,False
JCPI,1,2022-04-12,False
JCSE,1,2022-04-25,False
JD,1006,2020-01-02,False
JD,1013,2020-01-13,False
JDIV,1,2024-09-27,False
JDOC,1,2023-11-03,False
JDVI,1,2023-12-21,False
JDZG,1,2024-05-16,False
JEDI,1,2025-09-29,False
JEDI,3,2025-10-01,False
JEDI,6,2025-10-06,False
JEM,1,2025-06-10,False
JEMA,1,2021-03-12,False
JEMB,1,2024-08-15,False
JENA,1,2025-07-22,False
JENA-U,1,2025-06-02,False
JEPI,1,2020-05-22,False
JEPQ,1,2022-05-05,False
JEPY,1,2023-09-19,False
JETD,3,2023-06-23,False
JETD,62,2023-09-18,False
JETU,1,2023-06-21,False
JETU,5,2023-06-27,False
JETU,8,2023-06-30,False
JETU,13,2023-07-10,False
JEWL,1,2022-12-12,False
JFB,1,2025-03-07,False
JFB,4,2025-03-12,False
JFB,6,2025-03-14,False
JFBRW,1,2022-08-29,False
JFLI,1,2025-02-14,False
JFLX,1,2025-09-30,False
JGLO,1,2023-09-15,False
JGRO,1,2022-08-10,False
JGRO,3,2022-08-12,False
JGRW,1,2024-08-14,False
JHAC,1,2023-11-03,False
JHAC,6,2023-11-10,False
JHAC,8,2023-11-14,False
JHAI,2,2025-08-22,False
JHAI,6,2025-08-28,False
JHCB,1,2021-04-01,False
JHCP,1,2024-12-19,False
JHCR,1,2024-12-19,False
JHDV,1,2022-09-29,False
JHDV,4,2022-10-04,False
JHHY,1,2024-05-03,False
JHID,1,2022-12-22,False
JHLN,1,2025-08-21,False
JHMB,1,2021-08-20,False
JHMU,1,2023-11-03,False
JHPI,1,2021-12-16,False
JHX,2527,2026-01-22,False
JIDE,1,2026-01-29,False
JIDE,8,2026-02-09,False
JIG,1,2020-05-22,False
JIG,6,2020-06-01,False
JIG,8,2020-06-03,False
JIII,1,2024-11-14,False
JIRE,1,2022-06-14,False
JIVE,1,2023-09-15,False
JL,2,2024-01-26,False
JL,5,2024-01-31,False
JL,9,2024-02-06,False
JLHL,1,2025-06-27,False
JLQD,1,2021-09-10,False
JMEE,1,2022-05-10,False
JMEE,4,2022-05-13,False
JMEE,6,2022-05-17,False
JMHI,1,2023-07-18,False
JMID,1,2024-09-19,False
JMMF,1,2025-12-12,False
JMSI,1,2023-07-18,False
JMTG,1,2025-07-01,False
JNEU,1,2024-06-04,False
JOBX,2,2025-09-11,False
JOBX,5,2025-09-16,False
JOBX,8,2025-09-19,False
JOBY,1,2020-11-10,False
JOBY,924,2024-07-16,False
JOBY-WS,1,2021-08-09,False
JOBY-WS,3,2021-08-11,False
JOBY-WS,149,2024-07-16,False
JOBY-WT,1,2021-08-09,False
JOBY-WT,3,2021-08-11,False
JOE,1255,2020-12-28,False
JOE,1903,2023-07-27,False
JOET,1,2020-11-19,False
JOJO,1,2021-07-19,False
JOYT,1,2025-08-20,False
JOYY,1284,2021-02-09,False
JOYY,1286,2021-02-11,False
JOYY,1288,2021-02-16,False
JPAN,1,2023-09-25,False
JPEF,1,2023-08-01,False
JPHY,1,2025-06-26,False
JPIE,1,2021-11-03,False
JPLD,1,2023-08-01,False
JPMO,1,2023-09-13,False
JPO,1,2023-09-13,False
JPRE,1,2022-05-24,False
JPRE,4,2022-05-27,False
JPSV,1,2023-03-09,False
JPY,2,2025-04-09,False
JRE,1,2021-06-24,False
JSCP,1,2021-03-03,False
JSI,1,2023-11-10,False
JSPR,1,2020-01-13,False
JSPRW,1,2020-01-13,False
JSPRW,4,2020-01-27,False
JSTC,1,2020-12-11,False
JTAI,1,2021-10-04,False
JTEK,1,2023-10-06,False
JUCY,1,2022-11-02,False
JULB,1,2025-10-15,False
JULH,1,2023-07-05,False
JULJ,1,2023-07-05,False
JULM,1,2024-07-26,False
JULP,1,2024-05-09,False
JULT,1,2020-07-02,False
JULU,1,2024-07-02,False
JULW,1,2020-07-02,False
JULZ,1,2020-07-06,False
JUNM,1,2024-06-25,False
JUNP,1,2024-06-04,False
JUNS,3,2024-12-06,False
JUNT,1,2023-06-02,False
JUNW,1,2023-06-02,False
JUNZ,1,2021-06-02,False
JUSA,1,2025-03-17,False
JUSA,6,2025-03-24,False
JVA,1266,2021-01-13,False
JVA,1269,2021-01-19,False
JWEL,1,2021-03-18,False
JXN,1,2021-09-02,False
JXN,356,2023-02-01,False
JXN,634,2024-03-12,False
JXN-P-A,2,2023-03-21,False
JXN-P-A,7,2023-03-28,False
JXN-P-A,10,2023-03-31,False
JXX,1,2025-02-06,False
JYD,1,2023-04-24,False
JYNT,1278,2021-02-01,False
JYNT,1283,2021-02-08,False
JYNT,1298,2021-03-02,False
JYNT,1662,2022-08-10,False
JZ,1,2022-08-29,False
JZXN,1,2021-05-19,False
K-W,1,2023-09-26,False
KAPA,1,2024-09-17,False
KAPR,1,2020-04-02,False
KAPR,3,2020-04-06,False
KAPR,6,2020-04-09,False
KARO,2,2021-04-06,False
KARS,1687,2024-10-07,False
KAT,1,2025-08-26,False
KAUG,1,2024-08-02,False
KB,2033,2024-02-01,False
KBA,2184,2024-10-02,False
KBA,2187,2024-10-07,False
KBAB,3,2025-03-17,False
KBDC,1,2024-05-23,False
KBDU,2,2025-11-24,False
KBDU,6,2025-12-01,False
KBFR,1,2026-02-25,False
KBH,1783,2023-02-02,False
KBON,1,2026-01-28,False
KBONW,1,2026-01-28,False
KBSX,1,2022-03-21,False
KBSX,379,2024-12-23,False
KBUF,1,2024-02-09,False
KBWR,2150,2024-07-22,False
KBWR,2154,2024-07-26,False
KC,1,2020-05-11,False
KCAI,1,2024-08-29,False
KCAI,20,2024-09-26,False
KCAI,24,2024-10-02,False
KCAI,27,2024-10-07,False
KCCA,1,2021-10-06,False
KCHV,1,2025-07-22,False
KCHVU,1,2025-05-29,False
KCOP,1,2026-02-17,False
KCOP,4,2026-02-20,False
KCOP,6,2026-02-24,False
KCSH,1,2024-07-29,False
KD,1,2021-10-25,False
KDEC,1,2024-12-03,False
KDEF,1,2025-02-06,False
KDEF,5,2025-02-12,False
KDEF,8,2025-02-18,False
KDEF,237,2026-01-15,False
KDEF,240,2026-01-21,False
KDK,1,2023-06-13,False
KDRN,1,2021-12-22,False
KDVD,1,2025-12-09,False
KE,2423,2025-08-22,False
KEAT,1,2024-03-28,False
KELYA,1727,2022-11-10,False
KEMQ,1753,2024-10-02,False
KEUA,1,2021-10-06,False
KEX,2091,2024-04-25,False
KEYS,2001,2023-12-14,False
KEYS,2549,2026-02-24,False
KEYS,2553,2026-03-02,False
KFEB,1,2025-02-04,False
KFII,2,2025-03-14,False
KFIIR,2,2025-03-14,False
KFIIU,1,2025-02-06,False
KFS,1656,2022-08-05,False
KFS,2355,2025-05-20,False
KFS,2359,2025-05-27,False
KFS,2367,2025-06-06,False
KGLD,1,2025-07-09,False
KGLD,71,2025-10-16,False
KGRN,684,2020-07-06,False
KGRN,687,2020-07-09,False
KGRN,813,2021-01-07,False
KGRN,1750,2024-09-30,False
KGS,1,2023-06-30,False
KGS,20,2023-07-28,False
KHPI,1,2024-09-06,False
KIDZ,1,2022-02-08,False
KIM-P-N,1,2023-12-29,False
KINS,2154,2024-07-29,False
KIQQ,1,2026-01-08,False
KITT,1,2021-08-05,False
KITTW,2,2022-09-14,False
KITTW,5,2022-09-19,False
KJAN,1,2020-01-03,False
KJD,1,2025-10-16,False
KJD,3,2025-10-20,False
KJUL,1,2020-07-02,False
KJUN,1,2024-06-04,False
KKRS,1,2021-04-22,False
KKRT,1,2025-06-02,False
KLAG,2,2025-12-22,False
KLAG,10,2026-01-05,False
KLAR,1,2025-09-10,False
KLC,1,2024-10-10,False
KLGDD,1,2021-05-17,False
KLIC,1285,2021-02-10,False
KLIC,1288,2021-02-16,False
KLIP,1,2023-01-13,False
KLMN,1,2024-12-12,False
KLMT,1,2024-06-27,False
KLRS,3,2020-08-04,False
KLRS,7,2020-08-10,False
KLTR,1,2021-07-22,False
KLTR,12,2021-08-06,False
KLXY,1,2023-09-08,False
KMAR,1,2025-03-04,False
KMAY,1,2025-05-02,False
KMAY,7,2025-05-12,False
KMDA,1451,2021-11-23,False
KMID,1,2024-10-17,False
KMLI,2,2025-06-16,False
KMLI,7,2025-06-24,False
KMLM,1,2020-12-08,False
KMLM,7,2020-12-29,False
KMPB,1,2022-03-15,False
KMRK,1,2025-07-17,False
KMT,2226,2024-11-06,False
KMTS,1,2025-03-07,False
KMTS,7,2025-03-17,False
KMTS,11,2025-03-21,False
KNDI,1721,2022-11-02,False
KNF,1,2023-05-26,False
KNOV,1,2024-11-04,False
KNOV,3,2024-11-06,False
KNOW,1,2024-02-23,False
KNRG,1,2025-05-29,False
KNRX,1,2025-09-30,False
KNSL,1901,2024-02-16,False
KNTK,2094,2026-02-26,False
KO,2297,2025-02-21,False
KOID,1,2025-06-06,False
KOKU,1,2020-04-09,False
KOKU,4,2020-04-15,False
KONG,1,2021-07-23,False
KONG,6,2021-07-30,False
KORE,1,2020-12-14,False
KOYN,1,2025-09-22,False
KPDD,3,2025-03-17,False
KPDD,6,2025-03-20,False
KPHO,1,2025-12-05,False
KPHO,17,2025-12-30,False
KPHO,25,2026-01-12,False
KPLT,1,2020-01-02,False
KPLT,245,2020-12-18,False
KPLTW,1,2020-01-03,False
KPRO,1,2024-02-09,False
KQQQ,1,2024-07-24,False
KRAQ,1,2026-03-23,False
KRAQU,1,2026-01-29,False
KRAQW,1,2026-03-23,False
KRBN,1,2020-07-31,False
KRBP,1,2020-10-19,False
KRE,2150,2024-07-22,False
KREF,1814,2024-07-23,False
KREF-P-A,1,2021-04-13,False
KRMN,1,2025-02-14,False
KROP,1,2021-07-15,False
KROS,3,2020-04-14,False
KROS,7,2020-04-20,False
KRSP-U,1,2026-01-05,False
KRSP-UN,1,2025-10-03,False
KRSP-WS,1,2025-11-24,False
KRT,1,2021-04-16,False
KRUZ,1,2023-01-03,False
KRYP,1,2026-02-05,False
KSCP,1,2022-01-28,False
KSEP,1,2024-09-04,False
KSLV,1,2025-10-01,False
KSLV,3,2025-10-03,False
KSLV,6,2025-10-08,False
KSLV,61,2025-12-26,False
KSPI,1,2020-12-18,False
KSPI,4,2021-01-11,False
KSPI,7,2021-02-09,False
KSPI,9,2021-02-16,False
KSPI,312,2024-04-01,False
KSPI,314,2024-04-03,False
KSPY,1,2024-07-17,False
KSTR,1,2021-01-25,False
KSTR,927,2024-09-30,False
KSTR,1151,2025-08-22,False
KSTR,1155,2025-08-28,False
KT,2547,2026-02-20,False
KTCC,1787,2023-02-08,False
KTEC,1,2021-06-10,False
KTEC,834,2024-10-02,False
KTEC,930,2025-02-21,False
KTTA,1,2021-09-16,False
KTUP,2,2025-09-18,False
KTUP,5,2025-09-23,False
KTUP,10,2025-09-30,False
KTWOR,1,2026-02-26,False
KTWOU,1,2026-01-30,False
KURE,1677,2024-10-02,False
KURE,1680,2024-10-07,False
KVAC,2,2023-09-18,False
KVACU,2,2023-07-26,False
KVACU,319,2024-10-28,False
KVACW,2,2023-09-18,False
KVLE,1,2020-11-25,False
KVUE,1,2023-05-05,False
KVUE,7,2023-05-15,False
KVYO,1,2023-09-21,False
KVYO,3,2023-09-25,False
KVYO,6,2023-09-28,False
KWEB,1013,2020-01-13,False
KWEB,2200,2024-10-01,False
KWM,1,2025-05-07,False
KWMWW,1,2025-05-13,False
KWT,1,2020-09-04,False
KWT,3,2020-09-09,False
KWT,6,2020-09-14,False
KYIV,1,2024-12-04,False
KYLD,1,2025-11-03,False
KYMR,1,2020-08-24,False
KYMR,979,2024-07-16,False
KYTX,1,2024-02-09,False
LABX,1,2025-08-13,False
LAC,2,2023-10-04,False
LACG,1,2025-12-12,False
LAES,1,2023-05-23,False
LAFA,1,2025-11-28,False
LAKE,1022,2020-01-27,False
LAKE,2003,2023-12-18,False
LANV,1,2021-03-16,False
LANV-WT,1,2024-12-11,False
LAPR,1,2024-04-02,False
LAR,1012,2020-01-10,False
LAR,1015,2020-01-15,False
LASE,1,2022-10-03,False
LATA,1,2025-11-11,False
LAW,1,2021-07-22,False
LAWR,1,2025-07-18,False
LAYS,1,2025-03-07,False
LAYS,4,2025-03-12,False
LAZRQ,426,2020-11-30,False
LB,2,2024-07-02,False
LB,4,2024-07-05,False
LB,8,2024-07-11,False
LBAY,1,2020-11-18,False
LBAY,5,2020-11-24,False
LBGJ,1,2024-10-24,False
LBGJ,3,2024-10-28,False
LBO,1,2023-12-01,False
LBRDA,2195,2024-09-24,False
LBRX,1,2025-09-12,False
LBTYA,2235,2024-11-19,False
LBTYA,2239,2024-11-25,False
LBTYA,2545,2026-02-18,False
LBTYK,2235,2024-11-19,False
LBTYK,2239,2024-11-25,False
LC,2406,2025-07-30,False
LCAP,1,2025-03-27,False
LCCC,1,2025-06-24,False
LCCCU,1,2025-05-01,False
LCDL,3,2025-04-25,False
LCDL,5,2025-04-29,False
LCDS,1,2024-08-09,False
LCDS,3,2024-08-13,False
LCDS,5,2024-08-15,False
LCF,1,2022-08-01,False
LCFY,1,2022-03-28,False
LCFYW,1,2022-03-28,False
LCID,1,2020-09-21,False
LCID,78,2021-01-11,False
LCIZ,2,2026-01-26,False
LCIZ,7,2026-02-02,False
LCLG,2,2022-08-10,False
LCNB,1485,2021-11-24,False
LCO,1,2026-01-08,False
LCO,3,2026-01-12,False
LCO,11,2026-01-23,False
LCOW,1,2025-05-08,False
LCOW,3,2025-05-12,False
LCR,1,2020-01-07,False
LCTD,1,2021-04-09,False
LCTU,1,2021-04-09,False
LDDR,1,2025-01-07,False
LDEM,1,2020-02-13,False
LDI,1,2021-02-12,False
LDOS,1037,2020-02-18,False
LDOS,2220,2024-10-29,False
LDOS,2226,2024-11-06,False
LDOS,2228,2024-11-08,False
LDRC,1,2024-11-11,False
LDRH,1,2024-11-11,False
LDRT,1,2024-11-11,False
LDRX,1,2025-05-06,False
LDRX,5,2025-05-12,False
LDTCW,1,2021-03-02,False
LEG,2001,2023-12-14,False
LEGH,731,2021-11-09,False
LEGN,2,2020-06-09,False
LEGN,722,2023-04-19,False
LEGO-WS,1,2026-03-17,False
LEGT,1,2024-04-01,False
LEN,2001,2023-12-14,False
LEN-B,2001,2023-12-14,False
LENS,1,2025-01-30,False
LENS,8,2025-02-10,False
LENS,250,2026-01-28,False
LENZ,1,2021-06-28,False
LESL,1,2020-10-30,False
LESL,4,2020-11-04,False
LEUX,1,2026-02-20,False
LEXI,1,2021-07-02,False
LFACU,501,2020-06-17,False
LFAI,1,2024-09-17,False
LFAO,1,2024-09-17,False
LFAO,106,2025-02-19,False
LFAW,1,2024-09-17,False
LFBE,1,2025-01-07,False
LFDR,1,2024-12-17,False
LFGY,1,2025-01-15,False
LFGY,3,2025-01-17,False
LFS,1,2025-10-10,False
LFSC,1,2024-10-22,False
LFST,1,2021-06-11,False
LFST,4,2021-06-16,False
LFST,8,2021-06-22,False
LFUS,1265,2021-01-12,False
LFUS,2538,2026-02-06,False
LFWD,1890,2023-07-10,False
LGCB,1,2023-12-20,False
LGCF,1,2023-12-14,False
LGCL,1,2024-03-06,False
LGCY,1,2024-09-27,False
LGCY,8,2024-10-08,False
LGCY,353,2026-02-25,False
LGDX,1,2025-03-03,False
LGHT,1,2024-01-11,False
LGN,2,2025-09-16,False
LGN,5,2025-09-19,False
LGPS,1,2025-03-26,False
LGRO,1,2023-08-24,False
LGRO,4,2023-08-29,False
LGVN,1,2021-02-16,False
LHAI,2,2025-07-24,False
LHSW,1,2025-04-04,False
LI,1,2020-07-31,False
LI,3,2020-08-04,False
LI,5,2020-08-06,False
LIAE,1,2024-09-17,False
LIAM,1,2024-09-17,False
LIAU,1,2024-09-17,False
LIBD,1,2025-01-07,False
LICN,1,2023-02-07,False
LICN,4,2023-02-10,False
LIDR,1,2021-01-12,False
LIDR,3,2021-01-14,False
LIDRW,1,2021-01-07,False
LIEN,1,2022-02-07,False
LIEN,5,2022-02-11,False
LIEN,675,2024-10-14,False
LIF,1,2024-06-07,False
LIF,5,2024-06-13,False
LIF,8,2024-06-18,False
LIF,13,2024-06-26,False
LIFE,1,2026-01-30,False
LIFT,1,2025-09-25,False
LILAK,1909,2025-08-07,False
LIMI,2,2024-09-26,False
LIMI,4,2024-09-30,False
LIMI,6,2024-10-02,False
LIMI,9,2024-10-07,False
LIMN,1,2021-05-27,False
LINC,2225,2024-11-08,False
LINE,1,2024-07-25,False
LINE,3,2024-07-29,False
LINT,1,2025-11-20,False
LINT,3,2025-11-24,False
LINT,5,2025-11-26,False
LION,1,2021-12-10,False
LION,585,2024-05-08,False
LIPO,1,2022-12-20,False
LIT,1260,2021-01-05,False
LIT,1389,2021-07-12,False
LITE,2435,2025-09-10,False
LITE,2438,2025-09-15,False
LITL,1,2025-04-30,False
LITL,3,2025-05-02,False
LITL,7,2025-05-08,False
LITM,1,2021-11-22,False
LITP,1,2023-02-03,False
LITP,616,2025-07-21,False
LITX,1,2026-01-28,False
LITX,4,2026-02-02,False
LITX,6,2026-02-04,False
LIVE,1766,2023-01-09,False
LJAN,1,2024-01-03,False
LJUL,1,2024-07-02,False
LKSP,1,2025-11-07,False
LLDR,1,2024-09-11,False
LLII,1,2025-11-05,False
LLII,4,2025-11-10,False
LLII,6,2025-11-12,False
LLY,1845,2023-05-03,False
LLYVA,1,2023-08-07,False
LLYVA,288,2024-09-26,False
LLYVA,292,2024-10-02,False
LLYVK,1,2023-08-07,False
LLYVK,288,2024-09-26,False
LLYVK,292,2024-10-02,False
LLYX,1,2024-06-11,False
LLYX,41,2024-08-08,False
LLYX,45,2024-08-14,False
LLYX,49,2024-08-20,False
LMAT,2551,2026-02-26,False
LMBO,1,2024-07-18,False
LMND,1,2020-07-06,False
LMND,1093,2024-11-05,True
LMND,1094,2024-11-06,True
LMNX,2,2025-10-20,False
LMNX,5,2025-10-23,False
LMNX,7,2025-10-27,False
LMNX,12,2025-11-03,False
LMRI,1,2025-12-11,False
LMTL,1,2025-08-07,False
LMTL,5,2025-08-13,False
LMTS,1,2025-08-07,False
LMUB,1,2025-03-19,False
LNG,2569,2026-03-24,False
LNGX,3,2025-11-03,False
LNGX,7,2025-11-07,False
LNKB,1,2020-06-04,False
LNKB,73,2021-08-10,False
LNKS,2,2024-12-09,False
LNKS,7,2024-12-16,False
LNSR,1,2020-10-05,False
LNSR,367,2022-03-18,False
LNTH,1800,2023-02-28,False
LNTH,2096,2024-05-02,False
LNZA,1,2021-09-27,False
LNZAW,1,2023-02-07,False
LOAR,1,2024-04-25,False
LOB,1467,2021-10-29,False
LOB,1470,2021-11-03,False
LOBO,1,2024-03-22,False
LOCL,1,2021-04-20,False
LOCT,1,2023-10-03,False
LODI,1,2024-12-05,False
LOGO,1,2025-05-29,False
LOKV,1,2025-04-22,False
LOKVU,1,2025-02-28,False
LONA,1,2020-09-21,False
LONA,287,2021-11-08,False
LONZ,1,2022-06-10,False
LOOP,1102,2020-09-14,False
LOPE,1724,2022-11-07,False
LOPP,1,2021-02-02,False
LOT,1,2021-05-07,False
LOTI,1,2025-10-01,False
LOTMY,1,2025-05-12,False
LOTMY,4,2025-05-15,False
LOTMY,9,2025-05-22,False
LOTWW,1,2024-02-21,False
LOTWW,4,2024-02-26,False
LOUP,591,2020-11-27,False
LOUP,621,2021-01-12,False
LOWV,1,2023-03-23,False
LPA,1,2024-03-26,False
LPAA,1,2024-09-04,False
LPAAU,1,2024-07-12,False
LPAAW,1,2024-09-04,False
LPBB,2,2024-12-02,False
LPBBU,1,2024-10-09,False
LPCV,1,2026-02-10,False
LPCVW,1,2026-02-10,False
LPG,2115,2024-05-30,False
LPRE,1,2025-04-07,False
LPRE,3,2025-04-09,False
LPRO,555,2020-06-08,False
LPRO,561,2020-06-16,False
LQAI,1,2023-11-08,False
LQDB,1,2021-05-24,False
LQDW,1,2022-08-24,False
LQIG,1,2022-05-13,False
LQPE,1,2025-01-29,False
LQTI,1,2025-02-14,False
LRCU,1,2025-08-20,False
LRCU,5,2025-08-26,False
LRCX,1227,2020-11-16,False
LRE,1,2023-09-28,False
LRGC,1,2023-09-21,False
LRGG,1,2024-05-16,False
LRHC,1,2023-10-10,False
LRN,2288,2025-02-07,False
LRN,2531,2026-01-28,False
LRN,2534,2026-02-02,False
LRND,1,2022-02-09,False
LRNZ,1,2020-03-03,False
LSAT,1,2020-10-28,False
LSAT,5,2020-11-03,False
LSB,1,2021-08-06,False
LSB,392,2023-03-15,False
LSBCF,1,2021-08-06,False
LSBCF,278,2023-03-15,False
LSDIF,1,2023-02-10,False
LSDIF,4,2023-02-15,False
LSE,1,2024-12-20,False
LSEQ,1,2023-12-05,False
LSF,1,2020-09-24,False
LSGR,1,2023-06-30,False
LSH,2,2024-07-02,False
LST,1,2025-01-22,False
LSVD,1,2024-12-19,False
LSVD,3,2024-12-26,False
LTAX,1,2026-01-14,False
LTCC,1,2025-10-29,False
LTCH,2,2021-01-05,False
LTCH,15,2021-01-25,False
LTCHW,1,2021-01-04,False
LTH,1,2021-10-08,False
LTH,710,2024-08-06,False
LTM,1,2024-07-26,False
LTRN,1,2020-06-12,False
LTTI,1,2025-02-14,False
LTTI,6,2025-02-25,False
LU,1,2020-11-02,False
LU,5,2020-11-06,False
LUCD,1,2021-10-15,False
LUCK,1,2021-04-27,False
LUCY,1,2022-08-16,False
LUCYW,1,2022-08-16,False
LUD,2,2025-02-28,False
LUD,13,2025-03-17,False
LULG,1,2025-11-06,False
LULG,3,2025-11-10,False
LULU,1111,2020-06-03,False
LUNG,2,2020-10-05,False
LUNL,1,2026-01-14,False
LUNR,1,2021-11-18,False
LUNR,864,2025-10-14,False
LUV,1891,2023-07-11,False
LUXE,1,2021-01-22,False
LUXHQ,1,2022-08-15,False
LVDS,1,2025-07-15,False
LVIG,1,2026-03-11,False
LVLN,1,2025-11-19,False
LVLU,1,2021-11-12,False
LVLU,3,2021-11-16,False
LVLU,138,2022-06-01,False
LVRO,1,2021-11-02,False
LVWR,1,2020-11-24,False
LVWR,4,2020-11-30,False
LVWR-WT,1,2024-12-11,False
LW,1996,2024-10-18,False
LX,1701,2024-09-27,False
LX,1706,2024-10-04,False
LXEH,1,2020-10-02,False
LXEO,1,2023-11-03,False
LYEL,1,2021-06-18,False
LYG,2534,2026-02-02,False
LYLD,2,2024-07-16,False
LYRA,1,2020-05-04,False
LYTS,2228,2024-11-08,False
LYTS,2423,2025-08-22,False
LYTS,2527,2026-01-22,False
LYV,1855,2023-05-17,False
LZ,1,2021-07-01,False
LZ,845,2024-11-07,False
LZB,1783,2023-02-02,False
LZM,1,2021-12-14,False
LZM-WT,1,2025-05-13,False
LZMH,1,2025-02-28,False
LZMH,4,2025-03-05,False
MAAY,1,2025-11-05,False
MACI,1,2024-07-18,False
MACIU,1,2024-06-18,False
MACIW,1,2024-07-18,False
MADE,1,2024-07-19,False
MAGC,2,2024-10-07,False
MAGG,1,2023-08-30,False
MAGH,3,2025-08-14,False
MAGO,1,2025-12-31,False
MAGS,2,2023-04-13,False
MAGX,1,2024-03-01,False
MAGX,5,2024-03-07,False
MAGY,1,2025-04-24,False
MAGY,6,2025-05-01,False
MAIA,1,2022-07-29,False
MAKX,1,2021-09-30,False
MAMB,1,2021-03-25,False
MAMK,1,2025-07-08,False
MAMO,2,2024-04-04,False
MAMO,5,2024-04-09,False
MANE,2,2026-02-06,False
MANE,5,2026-02-11,False
MANE,8,2026-02-17,False
MANI,1,2025-09-19,False
MANU,1667,2022-08-17,False
MAPP,1,2023-09-15,False
MAPS,286,2020-12-10,False
MAPS,1281,2024-11-25,False
MARB,1,2020-02-06,False
MARM,1,2024-03-28,False
MARO,1,2024-12-11,False
MARO,4,2024-12-16,False
MARPS,2275,2025-01-21,False
MARPS,2376,2025-06-16,False
MARS,2,2026-03-09,False
MARS,7,2026-03-16,False
MART,1,2023-03-01,False
MARU,1,2025-03-04,False
MARW,1,2023-03-01,False
MARZ,1,2021-03-02,False
MASI,2008,2023-12-26,False
MASK,1,2025-01-10,False
MASS,2,2020-12-22,False
MASS,4,2020-12-24,False
MATE,1,2025-12-18,False
MATE,3,2025-12-22,False
MATE,6,2025-12-26,False
MATW,1739,2022-11-29,False
MATW,2238,2024-11-22,False
MAVF,1,2025-02-25,False
MAX,4,2020-11-03,False
MAX,7,2020-11-06,False
MAX,835,2024-02-26,False
MAXI,2,2022-10-04,False
MAXI,537,2024-11-19,False
MAXJ,1,2024-07-02,False
MAXN,1,2020-08-27,False
MAYM,1,2025-05-20,False
MAYP,1,2024-05-02,False
MAYT,1,2023-05-02,False
MAYU,1,2024-05-02,False
MAYW,1,2023-05-02,False
MAYZ,1,2021-05-04,False
MAZE,1,2025-01-31,False
MB,1,2025-04-11,False
MBAK,1,2025-11-20,False
MBAK,4,2025-11-25,False
MBAV,1,2024-09-24,False
MBAV,171,2025-05-30,False
MBAV,175,2025-06-05,False
MBAVU,2,2024-08-02,False
MBAVU,205,2025-05-27,False
MBAVU,208,2025-05-30,False
MBAVU,212,2025-06-05,False
MBAVW,1,2024-09-24,False
MBBA,1,2026-01-27,False
MBBB,1,2020-12-03,False
MBC,1,2022-12-12,False
MBCC,2,2021-03-26,False
MBCC,7,2021-04-05,False
MBI,2410,2025-08-05,False
MBIN,1549,2023-12-26,False
MBINM,1,2022-09-26,False
MBLY,1,2022-10-27,False
MBND,1,2021-02-05,False
MBNE,1,2022-04-06,False
MBOX,1,2021-05-06,False
MBS,1,2024-02-21,False
MBSF,1,2024-02-29,False
MBSX,1,2025-05-01,False
MBUU,1035,2020-02-13,False
MBVI,1,2025-10-20,False
MBWM,2146,2024-07-16,False
MBX,1,2024-09-13,False
MC,1253,2020-12-23,False
MCAG,1,2021-12-03,False
MCBS,1312,2024-07-26,False
MCDS,1,2024-08-09,False
MCDS,5,2024-08-15,False
MCGA,1,2025-09-04,False
MCH,1,2022-07-15,False
MCH,558,2024-10-02,False
MCH,561,2024-10-07,False
MCHI,2201,2024-10-02,False
MCHI,2204,2024-10-07,False
MCHI,2297,2025-02-21,False
MCHPP,1,2025-03-24,False
MCHS,1,2024-01-16,False
MCHS,166,2024-10-01,False
MCHS,170,2024-10-07,False
MCOW,1,2025-08-29,False
MCRI,1715,2022-10-25,False
MCRP,2,2025-03-10,False
MCTA,1,2025-10-22,False
MCVT,1,2026-03-26,False
MCW,1,2021-06-28,False
MCW,5,2021-07-02,False
MCY,1971,2023-11-01,False
MCY,2044,2024-02-16,False
MDAA,1,2025-10-06,False
MDAI,1,2021-04-07,False
MDAI,508,2023-04-12,False
MDAIW,1,2023-09-12,False
MDB,975,2021-09-03,False
MDBH,1,2023-09-22,False
MDBX,1,2025-08-20,False
MDBX,3,2025-08-22,False
MDEV,1,2021-06-24,False
MDIA,1,2020-01-07,False
MDLN,1,2025-12-18,False
MDLN,4,2025-12-23,False
MDLV,1,2023-04-27,False
MDPL,1,2024-03-08,False
MDRR,1468,2024-12-18,False
MDST,1,2024-04-10,False
MDV,1,2022-02-14,False
MDXG,2226,2024-11-06,False
MEC,886,2022-11-11,False
MEDI,1,2022-11-18,False
MEDI,8,2022-11-30,False
MEDP,1895,2024-02-23,False
MEDX,1,2023-02-01,False
MEG,1,2020-07-24,False
MEG,7,2020-08-03,False
MEGI,1,2021-10-28,False
MEGL,1,2022-08-08,False
MEHA,1,2025-11-06,False
MEI,2538,2026-02-06,False
MELI,1013,2020-01-13,False
MEM,1,2022-07-14,False
MEM,4,2022-07-19,False
MEMA,1,2025-12-18,False
MEME,1,2025-10-09,False
MEME,3,2025-10-13,False
MEMS,1,2024-01-12,False
MEMX,1,2023-01-12,False
MEMY,2,2026-01-22,False
MENS,1,2025-06-18,False
MEOH,2518,2026-01-08,False
MESH,1,2026-02-02,False
MESHW,1,2026-02-02,False
MESO,2202,2024-10-03,False
META,2034,2024-02-02,False
METCB,1,2023-06-20,False
METCI,1,2025-08-04,False
METCZ,1,2024-12-04,False
METD,1,2024-06-06,False
METL,1,2025-09-11,False
METL,3,2025-09-15,False
METL,8,2025-09-22,False
METL,93,2026-01-23,False
METU,1,2024-06-06,False
METU,3,2024-06-10,False
METU,20,2024-07-05,False
METV,1,2021-07-01,False
METW,1,2025-06-20,False
METW,3,2025-06-24,False
METW,5,2025-06-26,False
MEVO,1,2026-02-20,False
MEVOU,1,2026-01-30,False
MEVOW,1,2026-02-20,False
MFAN,1,2024-01-25,False
MFAO,1,2024-04-25,False
MFG,2538,2026-02-06,False
MFI,1,2024-04-23,False
MFIC,1662,2022-08-10,False
MFIG,1,2025-12-10,False
MFIN,2226,2024-11-06,False
MFMO,1,2025-12-10,False
MFSB,1,2024-12-06,False
MFSG,1,2024-12-06,False
MFSG,4,2024-12-11,False
MFSI,1,2024-12-06,False
MFSM,1,2024-12-06,False
MFSV,1,2024-12-06,False
MFUL,1,2021-11-04,False
MFUT,1,2024-05-30,False
MFVL,1,2025-12-10,False
MG,1824,2023-04-03,False
MGA,2543,2026-02-13,False
MGAM,1,2022-08-01,False
MGIH,1,2023-04-05,False
MGLD,1,2022-03-08,False
MGMT,1,2020-12-04,False
MGMT,26,2021-01-12,False
MGN,1,2025-09-29,False
MGNR,1,2024-02-07,False
MGNR,7,2024-02-15,False
MGOV,1,2023-08-04,False
MGRB,1,2020-09-30,False
MGRD,1,2021-07-26,False
MGRE,1,2024-03-28,False
MGRT,2,2025-07-17,False
MGRX,1,2023-03-22,False
MGX,1,2024-02-09,False
MGYR,1544,2024-11-29,False
MH,2,2025-07-25,False
MHK,1294,2021-02-24,False
MHLA,1,2026-02-27,False
MHUAF,1,2022-02-17,False
MHY,1,2025-09-19,False
MI,2540,2026-02-10,False
MIAX,2,2025-08-18,False
MIAX,5,2025-08-21,False
MIAX,11,2025-08-29,False
MICC,1,2025-12-09,False
MICC,3,2025-12-11,False
MICC,5,2025-12-15,False
MID,1,2020-07-16,False
MID,3,2020-07-20,False
MIDE,1,2021-02-25,False
MIG,1,2020-12-04,False
MILK,1,2024-12-19,False
MIMI,3,2025-01-13,False
MIMI,7,2025-01-17,False
MIMI,10,2025-01-23,False
MIMI,12,2025-01-27,False
MIND,2250,2024-12-11,False
MIND,2254,2024-12-17,False
MINN,1,2021-03-15,False
MINO,1,2021-09-10,False
MINV,1,2022-07-14,False
MINV,4,2022-07-19,False
MIR,1,2020-08-21,False
MIRA,1,2023-08-04,False
MISL,2,2022-10-28,False
MISL,8,2022-11-07,False
MISL,807,2026-01-15,False
MITN,1,2024-02-07,False
MITP,1,2024-05-21,False
MITQ,1,2021-07-09,False
MITQ,1055,2025-09-19,False
MJ,1142,2021-02-08,False
MJ,1793,2023-09-11,False
MJSC,1,2025-09-18,False
MKAM,1,2023-04-13,False
MKDW,1,2023-03-27,False
MKDWW,1,2023-03-27,False
MKL,2287,2025-02-06,False
MKLY,1,2025-10-03,False
MKOR,1,2023-07-18,False
MKOR,476,2025-06-09,False
MKOR,652,2026-02-20,False
MKTN,1,2025-09-26,False
MKTW,1,2020-09-15,False
MKTW,220,2021-07-29,False
MKTX,1782,2023-02-01,False
MKZR,1,2024-05-24,False
MLAA,1,2026-03-20,False
MLAAU,1,2026-01-28,False
MLAAW,2,2026-03-25,False
MLAC,1,2025-02-04,False
MLACR,1,2025-02-04,False
MLACU,1,2024-12-16,False
MLACU,203,2025-10-08,False
MLCIL,1,2026-02-03,False
MLDR,1,2024-09-11,False
MLEC,1,2021-03-03,False
MLECW,1,2021-03-03,False
MLGO,1,2021-04-14,False
MLGO,516,2023-05-01,False
MLGO,599,2023-08-29,False
MLI,1476,2021-11-11,False
MLI,2526,2026-01-21,False
MLKN,1946,2023-09-27,False
MLM,2054,2024-03-04,False
MLP,1034,2020-02-20,False
MLP,1816,2023-03-29,False
MLP,2010,2024-01-05,False
MLPD,1,2024-05-09,False
MLPI,1,2025-12-19,False
MLPR,2,2020-06-05,False
MLR,1812,2023-03-16,False
MLTX,2,2020-10-22,False
MLTX,367,2022-04-05,False
MLYS,1,2023-02-10,False
MMA,1,2024-04-01,False
MMATQ,1,2021-06-29,False
MMATQ,994,2025-06-12,False
MMAX,1,2025-04-02,False
MMCA,1,2021-12-22,False
MMED,1,2026-03-06,False
MMID,1,2025-09-25,False
MMK,1,2026-02-13,False
MMKT,1,2024-09-26,False
MMLG,1,2020-07-23,False
MMM,2154,2024-07-26,False
MMMA,1,2025-12-17,False
MMS,2416,2025-08-13,False
MMSC,1,2021-10-15,False
MMSD,1,2025-05-07,False
MMSI,1014,2020-01-14,False
MMTX,1,2025-12-16,False
MMYT,1913,2023-08-10,False
MNBD,1,2022-05-23,False
MNDR,1,2024-04-11,False
MNDY,2,2021-06-14,False
MNDY,6,2021-06-18,False
MNFYY,1,2025-01-17,False
MNKD,1911,2023-08-08,False
MNOV,2472,2025-10-31,False
MNR,1,2023-10-26,False
MNRS,1,2025-01-31,False
MNRS,174,2025-10-09,False
MNSO,1,2020-10-16,False
MNTK,1,2021-01-25,False
MNTN,1,2025-05-22,False
MNTS,1,2020-01-03,False
MNTS,233,2020-12-03,False
MNTSW,1,2020-01-02,False
MNTSW,7,2020-03-20,False
MNVT,1,2026-03-19,False
MNVT,5,2026-03-25,False
MNY,1,2020-12-08,False
MNY,6,2020-12-15,False
MNY,13,2020-12-24,False
MNZL,1,2025-11-20,False
MNZL,3,2025-11-24,False
MOB,1,2022-08-26,False
MOBBW,1,2022-08-26,False
MOBQW,1,2021-12-10,False
MOBX,1,2021-08-16,False
MOBXW,2,2021-08-18,False
MOD,1866,2023-06-02,True
MODL,1,2022-10-13,False
MOLN,1,2021-06-17,False
MOLN,8,2021-06-28,False
MOMO,2371,2025-06-09,False
MONDQ,1,2021-03-25,False
MONDQ,330,2022-07-15,False
MONDQ,1055,2025-06-27,False
MONDQ,1225,2026-03-10,False
MOOD,1,2022-05-20,False
MOVE,1,2021-03-24,False
MP,1,2020-06-23,False
MP,16,2020-07-15,False
MP,21,2020-07-22,False
MPB,2079,2024-07-16,False
MPL,1,2025-10-22,False
MPLT,1,2025-10-28,False
MPLY,1,2025-05-19,False
MPRO,2,2021-03-26,False
MPTI,2,2022-10-05,False
MPTI,4,2022-10-07,False
MPTI-R,1,2026-02-25,False
MPTI-R-W,2,2026-02-25,False
MPTI-WS,1,2025-04-28,False
MPWR,1403,2021-07-30,False
MQ,2,2021-06-11,False
MQQQ,1,2024-09-04,False
MQQQ,6,2024-09-11,False
MRAI,1,2021-10-28,False
MRAL,1,2025-03-10,False
MRAM,2250,2025-09-22,False
MRBK,703,2020-12-17,False
MRCP,1,2024-03-04,False
MRLN,1,2024-12-03,False
MRM,1,2020-12-30,False
MRM,7,2021-01-08,False
MRNO,1,2024-03-19,False
MRNOW,1,2022-03-15,False
MRNX,1,2026-02-05,False
MRNY,1,2023-10-25,False
MRP,2,2025-02-07,False
MRSK,1,2020-06-26,False
MRSK,4,2020-07-01,False
MRT,1,2021-08-31,False
MRVI,1,2020-11-23,False
MRVL,1862,2023-05-26,False
MRVU,1,2026-02-12,False
MRX,1,2024-04-25,False
MRX,3,2024-04-29,False
MRX,23,2024-05-28,False
MS-PQ,1,2024-07-24,False
MSAI,1,2021-11-17,False
MSAI,329,2023-03-10,False
MSAIW,1,2023-12-20,False
MSB,1517,2022-01-11,False
MSB,2191,2024-09-18,False
MSBIP,1,2022-08-19,False
MSBT,2,2026-04-10,False
MSDD,2,2025-06-12,False
MSDD,5,2025-06-17,False
MSDL,1,2024-01-25,False
MSFD,1,2022-09-08,False
MSFD,4,2022-09-13,False
MSFD,856,2026-02-05,False
MSFL,3,2024-03-21,False
MSFO,2,2023-08-29,False
MSFT,1032,2020-02-10,False
MSFU,2,2022-09-09,False
MSFW,1,2025-07-25,False
MSFW,5,2025-07-31,False
MSFX,1,2024-01-12,False
MSFX,5,2024-01-19,False
MSFX,8,2024-01-24,False
MSFY,1,2023-11-01,False
MSGE,1,2023-04-18,False
MSGM,1,2021-01-14,False
MSGR,1,2021-12-10,False
MSGY,2,2025-07-09,False
MSGY,6,2025-07-15,False
MSI,2542,2026-02-12,False
MSIF,1,2023-08-25,False
MSIF,3,2023-09-26,False
MSII,1,2025-06-05,False
MSII,3,2025-06-09,False
MSLC,1,2024-12-10,False
MSLE,1416,2021-08-18,False
MSMR,1,2021-11-18,False
MSN,1197,2020-10-16,False
MSOO,1,2025-08-14,False
MSOS,1,2020-09-03,False
MSOS,86,2021-01-06,False
MSOS,91,2021-01-13,False
MSOS,759,2023-09-11,False
MSOX,1,2022-08-25,False
MSPR,1,2020-10-22,False
MSPRW,3,2022-05-27,False
MSPRZ,1,2020-10-22,False
MSS,1,2023-10-06,False
MSSM,1,2024-12-10,False
MSSS,1,2024-03-08,False
MSST,1,2025-11-19,False
MST,1,2025-05-05,False
MST,4,2025-05-08,False
MSTB,1,2020-10-01,False
MSTB,8,2020-10-12,False
MSTI,1,2023-09-07,False
MSTK,2,2025-10-27,False
MSTQ,1,2022-03-16,False
MSTQ,3,2022-03-18,False
MSTQ,5,2022-03-22,False
MSTQ,9,2022-03-28,False
MSTU,1,2024-09-19,False
MSTU,6,2024-09-26,False
MSTW,1,2025-07-25,False
MSTX,2,2024-08-19,False
MSTX,4,2024-08-21,False
MSTY,3,2024-02-27,False
MSTY,7,2024-03-04,False
MSTY,11,2024-03-08,False
MSTZ,1,2024-09-19,False
MSW,1,2024-11-25,False
MSW,6,2024-12-03,False
MTB-PJ,1,2024-05-08,False
MTBA,1,2023-11-08,False
MTD,2001,2023-12-14,False
MTEK,1,2022-02-03,False
MTEKW,1,2022-02-03,False
MTEN,1,2024-04-19,False
MTUL,1,2021-02-08,False
MTUL,5,2021-02-12,False
MTYY,1,2025-09-24,False
MTZ,1306,2021-03-12,False
MU,1240,2020-12-04,False
MUD,1,2024-10-11,False
MUD,3,2024-10-15,False
MUFG,1757,2022-12-23,False
MULL,1,2024-11-13,False
MULT,1,2025-08-29,False
MUNA,1,2025-08-20,False
MUNB,1,2025-08-20,False
MUNC,1,2025-08-20,False
MUND,1,2025-08-20,False
MUNX,1,2025-10-31,False
MUNY,1,2025-05-23,False
MUSE,1,2024-11-19,False
MUSE,346,2026-04-10,False
MUSI,1,2021-07-02,False
MUSQ,1,2023-07-10,False
MUU,2,2024-10-14,False
MUU,5,2024-10-17,False
MUZEU,1,2026-01-29,False
MUZEW,1,2026-03-24,False
MVAL,1,2024-04-01,False
MVFD,1,2024-03-08,False
MVFG,1,2024-03-08,False
MVLL,1,2025-03-10,False
MVPA,1,2024-02-01,False
MVPA,6,2024-02-08,False
MVPA,8,2024-02-12,False
MVPA,26,2024-03-08,False
MVPL,2,2024-03-01,False
MVPL,6,2024-03-07,False
MVRL,1,2020-06-04,False
MVRL,3,2020-06-08,False
MVST,423,2020-11-27,False
MVSTW,1,2021-07-27,False
MVSTW,4,2021-07-30,False
MVV,1265,2021-01-12,False
MWG,1,2023-04-04,False
MWH,2,2026-02-13,False
MWYN,2,2025-03-17,False
MX,1018,2020-01-21,False
MXCT,1,2021-08-02,False
MYCF,1,2024-09-25,False
MYCG,1,2024-09-25,False
MYCH,1,2024-09-25,False
MYCI,1,2024-09-25,False
MYCJ,1,2024-09-25,False
MYCK,1,2024-09-25,False
MYCL,1,2024-09-25,False
MYCM,1,2024-09-25,False
MYCN,1,2024-09-25,False
MYCO,1,2025-09-18,False
MYFW,664,2021-03-26,False
MYHB,1,2026-02-27,False
MYHC,1,2026-02-27,False
MYHD,1,2026-02-27,False
MYHE,1,2026-02-27,False
MYLD,1,2024-01-05,False
MYMF,1,2024-09-25,False
MYMG,1,2024-09-25,False
MYMH,1,2024-09-25,False
MYMI,1,2024-09-25,False
MYMJ,1,2024-09-25,False
MYMK,1,2025-09-18,False
MYND,1509,2023-09-27,False
MYPS,1,2020-12-22,False
MYPS,5,2020-12-29,False
MYPSW,2,2020-12-22,False
MYSE,1,2021-08-16,False
MYSE,4,2021-08-19,False
MYSE,10,2021-08-27,False
MYY,1039,2020-03-09,False
MYY,1042,2020-03-12,False
MZTI,1673,2022-08-25,False
MZTI,2033,2024-02-01,False
MZYX-UN,1,2026-02-26,False
MZZ,993,2020-02-27,False
NA,1,2022-07-14,False
NABL,1,2021-07-20,False
NAKA,1,2024-06-03,False
NAKAW,1,2024-06-03,False
NAMI,1,2024-12-09,False
NAMI,7,2024-12-17,False
NAMM,1,2025-06-04,False
NAMS,1,2021-02-09,False
NAMSW,1,2021-02-09,False
NANC,1,2023-02-08,False
NAPR,1,2020-04-02,False
NAPR,3,2020-04-06,False
NAPR,8,2020-04-14,False
NATL,1,2023-10-12,False
NATO,1,2024-10-14,False
NAUG,1,2024-08-02,False
NAUT,1,2020-08-10,False
NAVBQ,2462,2026-03-23,False
NAVN,1,2025-10-31,False
NBBK,1,2023-12-29,False
NBBK,140,2024-07-22,False
NBCE,1,2023-10-17,False
NBCE,238,2024-09-26,False
NBCE,240,2024-09-30,False
NBCE,242,2024-10-02,False
NBCE,245,2024-10-07,False
NBCM,2,2022-10-26,False
NBCR,1,2024-08-02,False
NBCT,1,2022-04-07,False
NBDS,1,2022-04-08,False
NBFC,1,2024-06-26,False
NBFR,1,2026-02-25,False
NBGX,1,2024-12-20,False
NBIE,1,2026-03-10,False
NBIG,1,2025-10-28,False
NBIG,4,2025-10-31,False
NBIL,2,2025-10-09,False
NBIZ,2,2026-01-26,False
NBIZ,6,2026-01-30,False
NBJP,1,2024-09-13,False
NBJP,5,2024-09-19,False
NBOS,1,2024-01-30,False
NBP,2,2020-01-22,False
NBRG,1,2026-03-24,False
NBRGR,1,2026-03-25,False
NBSD,1,2024-06-25,False
NBSM,1,2024-03-22,False
NBST,1,2021-04-30,False
NBST,1208,2026-02-06,False
NBTB,2151,2024-07-23,False
NBTR,1,2024-12-19,False
NBTX,1,2020-12-14,False
NBTX,3,2020-12-16,False
NBXG,1,2021-05-27,False
NC,1456,2021-10-14,False
NCDL,1,2024-01-26,False
NCEL,1,2021-02-01,False
NCEL,3,2021-02-03,False
NCEW,1,2024-12-19,False
NCI,1,2024-04-24,False
NCIQ,1,2025-01-23,False
NCL,1,2023-10-20,False
NCL,5,2023-10-26,False
NCLO,1,2024-12-12,False
NCNO,1,2020-07-15,False
NCPB,1,2024-03-07,False
NCPLW,1,2022-07-14,False
NCPLW,5,2022-07-20,False
NCSM,2213,2026-03-10,False
NCSM,2218,2026-03-17,False
NCT,1,2025-03-31,False
NDAA,1,2024-10-18,False
NDEC,1,2024-12-03,False
NDIA,1,2023-08-21,False
NDIA,3,2023-08-23,False
NDIV,1,2022-08-25,False
NDMO,1,2020-08-28,False
NDOW,1,2024-05-15,False
NDVG,1,2021-08-05,False
NE,1,2021-06-10,False
NE-WT,1,2024-12-12,False
NE-WTA,1,2024-12-12,False
NE-WTA,5,2024-12-30,False
NEBX,1,2025-09-10,False
NECB,1776,2024-07-23,False
NEE-P-T,1,2024-10-31,False
NEE-P-U,1,2025-05-21,False
NEE-P-V,1,2026-03-02,False
NEE-P-W,1,2026-03-26,False
NEE-PS,1,2024-06-21,False
NEHI,1,2025-12-04,False
NEHI,4,2025-12-09,False
NELS,1,2025-10-16,False
NEMD,1,2025-08-12,False
NEMG,1,2025-11-18,False
NEN,1520,2022-01-14,False
NEOV,2,2020-05-22,False
NEOV,4,2020-05-27,False
NEOV,9,2020-06-03,False
NEOV,11,2020-06-05,False
NEOV,59,2020-08-13,False
NEOV,65,2020-08-21,False
NEOV,74,2020-09-03,False
NERD,427,2021-02-11,False
NESR,2071,2025-10-29,False
NETG,1,2025-11-18,False
NETX,1,2025-10-09,False
NETZ,1,2022-02-03,False
NETZ,5,2022-02-09,False
NEUP,1,2021-12-17,False
NEWT,1304,2021-03-15,False
NEWT,1306,2021-03-17,False
NEWT,1352,2021-05-21,False
NEWT,1361,2021-06-04,False
NEWT,2519,2026-01-15,False
NEWTH,1,2024-09-18,False
NEWTO,1,2026-02-06,False
NEWZ,1,2024-04-15,False
NEXN,1,2021-06-21,False
NEXN,4,2021-06-24,False
NEXN,7,2021-06-29,False
NEXN,630,2023-12-19,False
NEXR,1,2022-08-29,False
NEXRW,1,2026-03-30,False
NFBK,1306,2021-03-12,False
NFEB,1,2025-02-04,False
NFGC,1,2020-09-15,False
NFLP,1,2023-10-30,False
NFLP,3,2023-11-01,False
NFLU,1,2024-09-30,False
NFLU,5,2024-10-04,False
NFLW,3,2025-06-24,False
NFLW,5,2025-06-26,False
NFLW,7,2025-06-30,False
NFLY,1,2023-08-09,False
NFRX,1,2026-02-02,False
NFRX,3,2026-02-04,False
NFXL,1,2024-10-04,False
NFXS,1,2024-10-04,False
NGS,1454,2021-10-12,False
NGS,1945,2023-09-26,False
NGS,2074,2024-04-02,False
NGVC,2351,2025-05-09,False
NHC,1993,2023-12-04,False
NHC,2151,2024-07-23,False
NHC,2154,2024-07-26,False
NHI,2054,2024-03-04,True
NHI,2544,2026-02-17,False
NHIC,1,2025-04-21,False
NHICU,1,2025-03-03,False
NHPBP,1,2021-10-05,False
NHTC,1283,2021-02-08,False
NHTC,1288,2021-02-16,False
NHTC,1790,2023-02-13,False
NHYB,1,2025-09-25,False
NHYM,1,2025-01-24,False
NIC,2147,2024-07-17,False
NIC,2151,2024-07-23,False
NIHI,1,2025-09-18,False
NIKL,1,2023-03-23,False
NIKL,4,2023-03-28,False
NIKL,7,2023-03-31,False
NIKL,639,2025-10-08,False
NIKL,700,2026-01-06,False
NIKL,706,2026-01-14,False
NIOBW,3,2023-03-23,False
NIOG,1,2025-12-19,False
NIOG,6,2025-12-29,False
NIPG,1,2024-07-29,False
NIQ,1,2025-07-24,False
NITE,1,2024-06-25,False
NITE,6,2024-07-02,False
NIVF,1,2022-03-21,False
NIVFW,2,2022-03-21,False
NIXT,1,2024-09-11,False
NIXT,3,2024-09-13,False
NIXXW,1,2021-07-01,False
NIXXW,4,2021-07-07,False
NIXXW,7,2021-07-12,False
NJAN,1,2020-01-03,False
NJNK,1,2024-09-06,False
NJUL,1,2020-07-02,False
NJUN,1,2024-06-04,False
NKLR,2,2025-10-08,False
NKLR,5,2025-10-13,False
NKTX,1,2020-07-13,False
NLOP,1,2023-10-30,False
NLSI,1,2025-12-11,False
NLY-PJ,1,2025-08-04,False
NMAI,1,2021-11-23,False
NMAR,1,2025-03-04,False
NMAX,1,2025-04-01,False
NMAY,1,2025-05-02,False
NMAY,7,2025-05-12,False
NMB,1,2024-09-11,False
NMBL,1,2025-11-03,False
NMHIW,1,2024-03-12,False
NMM,1267,2021-01-14,False
NMM,2057,2024-03-07,False
NMP,1,2025-09-04,False
NMRA,1,2023-09-15,False
NN,1,2020-11-03,False
NN,251,2021-11-01,False
NN,1018,2024-11-19,False
NNAVW,3,2021-10-28,False
NNBR,1994,2023-12-05,False
NNE,1,2024-05-09,False
NNEX,1,2025-11-14,False
NNI,2102,2024-05-10,False
NNNN,1,2025-02-20,False
NNNN,3,2025-02-24,False
NNNN,7,2025-02-28,False
NNNN,10,2025-03-05,False
NNOV,1,2024-11-04,False
NNOX,1,2020-08-24,False
NNOX,7,2020-09-01,False
NNVC,2473,2025-11-03,False
NOA,1903,2023-07-27,False
NOA,1906,2023-08-01,False
NODE,2,2025-05-16,False
NOEM,1,2025-01-17,False
NOEMR,1,2025-01-17,False
NOEMR,7,2025-02-12,False
NOEMR,16,2025-03-18,False
NOEMU,1,2024-11-22,False
NOEMW,1,2025-01-17,False
NOEQ,1,2026-03-24,False
NOK,2469,2025-10-28,False
NOMA,1,2025-11-04,False
NOTE,1,2020-12-08,False
NOTE-WT,2,2024-12-11,False
NOTE-WT,6,2024-12-17,False
NOTV,1224,2020-12-17,False
NOTV,1233,2020-12-31,False
NOVM,1,2024-11-19,False
NOVP,1,2024-05-23,False
NOVTU,1,2025-11-10,False
NOVTU,3,2025-11-12,False
NOVZ,3,2020-11-06,False
NOVZ,8,2020-11-16,False
NOW,1028,2020-02-04,False
NOW,1427,2021-09-02,False
NOWL,1,2025-07-16,False
NOWL,7,2025-07-24,False
NP,1,2025-10-02,False
NPAC,1,2025-06-17,False
NPACU,1,2025-04-25,False
NPB,1,2025-02-18,False
NPCE,2,2021-04-26,False
NPCT,1,2021-04-29,False
NPFD,1,2021-12-17,False
NPFE,1,2026-03-12,False
NPFI,1,2024-03-07,False
NPWR,1,2021-08-09,False
NPWR,464,2023-06-12,False
NPWR-WT,1,2024-12-10,False
NPXYY,3,2024-04-29,False
NRDS,1,2021-11-05,False
NRDS,321,2023-02-15,False
NRDY,1,2020-11-30,False
NRDY,4,2020-12-03,False
NRDY,202,2021-09-17,False
NRDY,205,2021-09-22,False
NRDY,549,2023-02-03,False
NREF,1,2020-02-10,False
NRES,1,2024-02-28,False
NRES,7,2024-03-07,False
NRGD,1,2025-02-21,False
NRGD,7,2025-03-03,False
NRGD,9,2025-03-05,False
NRGU,1,2025-02-21,False
NRGV,1,2021-03-30,False
NRGV,8,2021-04-09,False
NRGV,222,2022-02-11,False
NRIM,1980,2023-11-14,False
NRIX,1,2020-07-27,False
NRKBY,1,2023-03-15,False
NRKBY,62,2023-06-12,False
NRKBY,639,2025-09-30,False
NRP,1460,2021-10-20,False
NRP,1761,2022-12-30,False
NRP,1909,2023-08-04,False
NRSH,1,2023-12-01,False
NRSN,1,2021-12-10,False
NRSNW,2,2021-12-13,False
NRXP,762,2020-12-14,False
NRXP,765,2020-12-17,False
NRXS,1,2023-08-10,False
NSA-PB,1,2024-08-01,False
NSA-PB,3,2024-08-05,False
NSCI,1,2025-09-25,False
NSCR,1,2024-03-06,False
NSEP,1,2024-09-04,False
NSI,1,2023-12-08,False
NSI,5,2023-12-14,False
NSIT,1305,2021-03-11,False
NSRX,2,2025-08-14,False
NSRX,4,2025-08-18,False
NSSC,2433,2025-09-08,False
NSTS,1,2022-01-20,False
NSTS,991,2025-12-31,False
NTBLQ,1253,2020-12-23,False
NTBLQ,2582,2026-04-14,False
NTCL,1,2024-12-13,False
NTCL,3,2024-12-17,False
NTCL,5,2024-12-19,False
NTCL,11,2024-12-30,False
NTCL,17,2025-01-08,False
NTCT,1472,2021-11-05,False
NTEST,109,2020-02-24,False
NTHI,2,2025-03-28,False
NTIC,1204,2021-01-19,False
NTIP,1195,2020-10-01,False
NTNX,1560,2022-12-12,False
NTR,1054,2022-03-10,False
NTRBW,1,2021-10-04,False
NTSE,1,2021-05-21,False
NTSE,7,2021-06-01,False
NTSI,1,2021-05-21,False
NTSK,1,2025-09-18,False
NTST,1,2020-08-14,False
NTWK,2396,2025-07-16,False
NTWO,1,2024-12-30,False
NTWOU,1,2024-11-04,False
NTWOW,1,2025-04-29,False
NU,1,2021-12-10,False
NUAI,1,2022-01-07,False
NUCLW,2,2026-02-25,False
NUDV,1,2021-09-29,False
NUG,1,2025-11-18,False
NUG,7,2025-11-26,False
NUGO,1,2021-09-29,False
NUGY,1,2025-11-19,False
NUGY,4,2025-11-24,False
NUKK,1135,2020-07-08,False
NUKKW,1,2023-12-22,False
NUKZ,1,2024-01-25,False
NUKZ,6,2024-02-01,False
NUMI,1,2025-01-24,False
NUSB,1,2024-03-07,False
NUTR,1,2025-08-18,False
NUTR,6,2025-08-25,False
NUTR,9,2025-08-28,False
NUTR,23,2025-09-18,False
NUTR,28,2025-09-25,False
NUTR,34,2025-10-03,False
NUVB,1,2020-08-26,False
NUVB,5,2020-09-01,False
NUVB,11,2020-09-10,False
NUVB-WS,1,2021-02-09,False
NUVL,2,2021-08-02,False
NUVL,4,2021-08-04,False
NUVL,597,2023-12-12,False
NVA,2,2024-07-26,False
NVA,11,2024-08-09,False
NVAWW,1,2024-07-25,False
NVBT,1,2022-11-02,False
NVBU,1,2024-11-04,False
NVBU,3,2024-11-06,False
NVBW,1,2022-11-02,False
NVCR,1853,2023-05-15,False
NVCT,1,2022-02-07,False
NVD,1,2023-08-23,False
NVDA,2039,2024-02-09,False
NVDB,1,2025-09-11,False
NVDB,8,2025-09-22,False
NVDD,2,2023-09-15,False
NVDD,6,2023-09-21,False
NVDG,1,2024-12-06,False
NVDL,1,2022-12-14,False
NVDO,1,2025-08-14,False
NVDQ,1,2023-10-20,False
NVDS,1,2022-07-15,False
NVDU,1,2023-09-14,False
NVDW,1,2025-02-20,False
NVDX,2,2023-10-23,False
NVDY,1,2023-05-12,False
NVDY,5,2023-05-18,False
NVDY,10,2023-05-25,False
NVDY,12,2023-05-30,False
NVDY,191,2024-02-14,False
NVII,1,2025-05-29,False
NVII,4,2025-06-03,False
NVIR,1,2023-02-23,False
NVIT,1,2025-11-19,False
NVMZ,4,2020-11-05,False
NVNI,1,2021-12-30,False
NVNIW,1,2022-01-03,False
NVOH,1,2025-01-08,False
NVOX,1,2024-12-04,False
NVOX,3,2024-12-06,False
NVT,1833,2025-08-01,False
NVTS,1,2021-01-26,False
NVTS,183,2021-10-14,False
NVTS,185,2021-10-18,False
NVTX,1,2025-09-09,False
NVTX,3,2025-09-11,False
NVTX,9,2025-09-19,False
NVVE,1,2020-05-04,False
NVVE,4,2020-05-07,False
NVVEW,1,2020-05-01,False
NVX,1,2022-02-03,False
NVYY,1,2025-05-14,False
NWAX-U,1,2025-12-10,False
NWAX-UN,1,2025-12-05,False
NWAX-WS,1,2026-01-27,False
NWBI,2151,2024-07-23,False
NWFL,1724,2022-12-09,False
NWG,2154,2024-07-26,False
NWGL,1,2023-09-13,False
NWGL,4,2023-09-18,False
NWLG,1,2021-08-06,False
NWS,2225,2024-11-08,False
NWTG,1,2023-08-16,False
NX,1264,2021-01-12,False
NX,1867,2023-06-07,False
NXDR,1,2021-11-09,False
NXG,2242,2024-11-29,False
NXGL,1,2021-12-23,False
NXL,1,2022-09-19,False
NXPL,1081,2020-04-21,False
NXPLW,1,2021-06-01,False
NXPLW,6,2021-06-08,False
NXRT,1478,2021-11-15,False
NXT,1,2023-02-10,False
NXT,4,2023-02-15,False
NXTE,3,2022-10-04,False
NXTI,1,2024-04-17,False
NXTS,1269,2021-01-19,False
NXTT,1,2020-07-29,False
NXUS,1,2025-09-25,False
NXXT,1,2021-09-16,False
NYAX,1,2022-09-22,False
NYC,1,2020-08-19,False
NYM,1,2025-11-11,False
NYT,1787,2023-02-08,False
NYXH,1,2021-04-29,False
NZUS,1,2022-04-19,False
OABI,1,2021-10-01,False
OACC,1,2024-12-17,False
OACCU,1,2024-10-25,False
OACCW,2,2024-12-18,False
OACCW,4,2024-12-23,False
OACP,1,2022-04-01,False
OAEM,1,2022-09-16,False
OAIM,1,2022-09-16,False
OAKG,1,2025-12-12,False
OAKI,1,2025-12-12,False
OAKM,1,2024-12-04,False
OAKU,2,2023-05-22,False
OAKUR,2,2023-05-22,False
OALC,1,2021-11-16,False
OARK,1,2022-11-25,False
OASC,1,2024-06-14,False
OBA,492,2025-08-18,False
OBAI,1,2026-02-05,False
OBIL,1,2022-11-16,False
OBIO,1,2020-08-05,False
OBIO,624,2023-01-26,False
OBND,1,2021-09-29,False
OCC,1458,2021-12-15,False
OCG,2,2020-12-17,False
OCGN,2014,2024-01-05,False
OCS,1,2021-05-19,False
OCS,449,2023-03-01,False
OCSAW,1,2021-05-17,False
OCTB,1,2025-10-15,False
OCTH,1,2023-10-03,False
OCTJ,1,2023-10-03,False
OCTM,1,2024-10-22,False
OCTP,1,2024-05-20,False
OCTT,1,2020-10-02,False
OCTU,1,2024-10-02,False
OCTW,1,2020-10-02,False
OCTZ,1,2020-10-02,False
ODC,1630,2022-06-24,False
ODC,2005,2023-12-21,False
ODC,2540,2026-02-11,False
ODD,2,2023-07-21,False
ODDS,1,2022-04-11,False
ODFL,1902,2023-07-26,False
ODHY,1,2025-07-01,False
ODTE,1,2026-04-02,False
ODTE,4,2026-04-08,False
ODV,1139,2020-07-14,False
OEC,1801,2023-03-01,False
OEI,1,2025-10-23,False
OFAL,1,2025-05-22,False
OFAL,3,2025-05-27,False
OFG,2150,2024-07-22,False
OFIX,1220,2020-11-05,False
OFRM,1,2026-02-06,False
OFRM,4,2026-02-11,False
OFRM,7,2026-02-17,False
OFS,1232,2020-11-23,False
OFS,1573,2022-04-01,False
OFSSO,1,2025-07-25,False
OGI,1279,2021-02-08,True
OGN,2,2021-05-18,False
OGS,1554,2022-03-07,False
OGSP,1,2024-04-11,False
OILD,1,2021-11-10,False
OILD,6,2021-11-17,False
OILD,8,2021-11-19,False
OILK,2379,2026-03-18,False
OILT,2,2023-12-26,False
OILU,2,2021-11-15,False
OIM,1,2026-03-10,False
OIMAU,1,2026-01-15,False
OIMAW,1,2026-03-10,False
OIO,1,2026-03-06,False
OIO,3,2026-03-10,False
OIOWW,1,2026-02-19,False
OIS,2547,2026-02-20,False
OKLL,1,2025-06-25,False
OKLO,1,2021-07-09,False
OKLO,686,2024-04-01,False
OKLO,691,2024-04-08,False
OKLS,1,2025-11-28,False
OKTG,1,2025-11-18,False
OKUR,1,2021-04-09,False
OKYO,1,2022-05-18,False
OLMA,2,2020-11-23,False
OLMA,7,2020-12-01,False
OLP,1369,2021-06-11,False
OLP,2000,2023-12-13,False
OLPX,1,2021-10-01,False
OLPX,3,2021-10-05,False
OM,1,2020-09-16,False
OMAH,1,2025-03-06,False
OMCL,1227,2020-11-16,False
OMDA,1,2025-06-06,False
OMH,1,2023-03-22,False
OMH,3,2023-03-24,False
OMH,20,2023-04-19,False
OMSE,1,2025-05-14,False
OMSE,4,2025-05-19,False
OMSE,10,2025-05-28,False
ONCH,1,2025-09-15,False
ONCO,1,2022-02-22,False
OND,1,2021-10-27,False
ONDG,1,2026-01-13,False
ONDL,1,2025-12-31,False
ONDU,1,2026-01-14,False
ONEG,1,2024-12-31,False
ONEH,1,2026-01-30,False
ONEW,1,2020-02-10,False
ONEW,4,2020-02-13,False
ONEW,8,2020-02-20,False
ONEZ,1,2025-01-28,False
ONFO,1,2022-08-25,False
ONFOW,1,2022-08-29,False
ONL,3,2021-11-10,False
ONMD,1,2021-06-25,False
ONMD,8,2021-07-07,False
ONMDW,1,2023-11-07,False
ONOF,1,2021-01-14,False
ONOF,4,2021-01-20,False
ONON,1,2021-09-16,False
ONTF,1,2021-02-04,False
ONTF,3,2021-02-08,False
OOQB,1,2025-02-20,False
OOSB,1,2025-02-20,False
OOSP,1,2024-04-11,False
OPAD,1,2020-12-14,False
OPAD,6,2020-12-21,False
OPAD,8,2020-12-23,False
OPAL,1,2021-05-25,False
OPBK,1245,2021-11-01,False
OPBK,1247,2021-11-03,False
OPBK,1997,2024-10-29,False
OPEG,1,2025-12-12,False
OPEN,2,2020-06-22,False
OPEN,7,2020-06-29,False
OPEN,61,2020-09-15,False
OPENL,2,2025-11-26,False
OPENW,1,2025-11-25,False
OPENW,3,2025-11-28,False
OPENZ,1,2025-11-25,False
OPEX,1,2025-10-24,False
OPFI,1,2020-11-23,False
OPFI-WS,1,2021-07-19,False
OPFI-WT,1,2024-12-10,False
OPFI-WT,4,2024-12-13,False
OPFI-WT,6,2024-12-17,False
OPHC,1804,2023-12-20,False
OPHC,2027,2024-11-08,False
OPP-PC,1,2024-12-06,False
OPRA,644,2021-02-18,False
OPTU,862,2020-11-23,False
OPTX,1,2022-01-27,False
OPTX,3,2022-01-31,False
OPTX,442,2023-10-30,False
OPTXW,1,2023-11-07,False
OPTZ,1,2024-04-24,False
OPXS,1912,2023-12-21,False
OPXS,1915,2023-12-27,False
OPXS,1918,2024-01-02,False
OPY,2226,2024-11-06,False
ORBS,1,2022-05-19,False
ORC,2008,2023-12-26,False
ORCL,2189,2024-09-16,False
ORCS,2,2025-11-21,False
ORCU,1,2025-11-20,False
ORCX,1,2025-02-10,False
ORCX,6,2025-02-18,False
ORGN,1,2020-09-08,False
ORGN,111,2021-02-16,False
ORGNW,1,2020-09-08,False
ORIC,1,2020-04-27,False
ORIC,3,2020-04-29,False
ORIC,7,2020-05-05,False
ORIC,9,2020-05-07,False
ORIC,11,2020-05-11,False
ORIC,797,2023-06-26,False
ORIC,1369,2025-10-06,False
ORIQ,1,2025-09-10,False
ORIS,1,2024-10-18,False
ORKT,1,2024-07-26,False
ORLG,1,2026-01-16,False
ORLG,3,2026-01-21,False
ORLG,6,2026-01-26,False
ORMP,1854,2023-05-16,False
ORO,1,2025-10-20,False
OS,2,2024-07-26,False
OSCG,2,2025-11-07,False
OSCR,1,2021-03-04,False
OSCR,4,2021-03-09,False
OSCR,728,2024-01-24,True
OSCX,2,2025-09-29,False
OSCX,6,2025-10-03,False
OSEA,1,2022-09-09,False
OSK,1782,2023-02-01,False
OSRH,1,2023-03-20,False
OSRH,274,2024-11-14,False
OSRHW,1,2025-02-19,False
OST,1,2022-04-28,False
OSTX,1,2024-08-02,False
OSW,1386,2023-12-21,False
OTF,1,2025-06-13,False
OTGA,1,2025-11-04,False
OTGL,1,2025-07-15,False
OTGL,3,2025-07-17,False
OTH,1,2025-11-14,False
OTIS,1,2020-03-20,False
OTLY,1,2021-05-21,False
OTLY,6,2021-05-28,False
OUNZ,2461,2025-10-16,False
OUST,1,2020-10-12,False
OUSTZ,2,2024-12-23,False
OVBC,2184,2025-02-27,False
OVID,1438,2023-01-23,False
OVLH,1,2021-01-19,False
OVT,1,2021-01-19,False
OWL,1,2020-12-15,False
OWL,4,2020-12-18,False
OWL,7,2020-12-23,False
OWL,109,2021-05-21,False
OWLS,1,2025-10-17,False
OWLT,1,2020-11-06,False
OWNB,1,2025-03-12,False
OWNB,3,2025-03-14,False
OWNS,1,2021-07-28,False
OXLC,1238,2020-12-02,False
OXLCG,1,2025-03-03,False
OXLCI,1,2024-07-10,False
OXLCN,1,2022-06-13,False
OXSQ,1235,2020-11-27,False
OXSQH,1,2025-08-13,False
OXY,1013,2020-01-13,False
OXY-WT,1,2020-08-25,False
OYSE,2,2025-07-14,False
OYSEU,1,2025-05-23,False
OZEM,1,2024-05-22,False
PAAA,1,2023-07-27,False
PAB,1,2021-04-16,False
PABD,1,2024-01-22,False
PABU,1,2022-04-21,False
PAC,2508,2025-12-23,False
PACH,2,2025-08-18,False
PACS,1,2024-04-12,False
PAII,2,2025-09-11,False
PAII-U,1,2025-07-21,False
PAII-WS,1,2025-09-11,False
PAL,1,2024-05-10,False
PALC,1,2020-06-26,False
PALC,3,2020-06-30,False
PALC,6,2020-07-06,False
PALD,1,2025-03-27,False
PALD,7,2025-04-04,False
PALL,1016,2020-01-16,False
PALL,2455,2025-10-08,False
PALL,2461,2025-10-16,False
PALOU,1,2026-02-20,False
PALU,1,2025-03-27,False
PAMC,1,2020-06-26,False
PANG,2,2025-03-25,False
PANW,1796,2023-02-22,False
PAPI,1,2023-10-20,False
PAPL,1,2023-11-02,False
PAR,2228,2024-11-08,False
PARK,2,2025-12-05,False
PARK,4,2025-12-09,False
PARR,1911,2023-08-08,False
PASG,1,2020-03-02,False
PASW,1,2025-07-21,False
PATH,1,2021-04-22,False
PATH,3,2021-04-26,False
PATN,2,2024-09-19,False
PATN,5,2024-09-24,False
PATN,7,2024-09-26,False
PATX,1,2026-01-14,False
PAX,1,2021-01-25,False
PAXS,1,2022-01-28,False
PAY,2,2021-05-28,False
PAY,4,2021-06-02,False
PAY,702,2024-03-12,False
PAYC,2226,2024-11-06,False
PAYH,1,2025-12-31,False
PAYO,1,2020-10-19,False
PAYO,64,2021-01-20,False
PAYO,959,2024-08-12,False
PAYO,1019,2024-11-05,False
PAYP,1,2026-03-13,False
PAYR,1,2025-10-09,False
PBAP,1,2024-04-02,False
PBAU,1,2024-05-13,False
PBD,1199,2020-10-07,False
PBDC,2,2022-10-04,False
PBDE,1,2024-05-28,False
PBEE,1,2021-04-22,False
PBEE,3,2021-04-26,False
PBEE,736,2024-04-04,False
PBEU,1,2025-11-26,False
PBFB,1,2024-02-02,False
PBFR,1,2024-06-14,False
PBHC,1291,2022-03-22,False
PBHC,1298,2022-03-31,False
PBHC,1764,2024-07-22,False
PBJA,1,2024-01-03,False
PBJL,1,2024-05-09,False
PBJN,1,2024-06-04,False
PBL,1,2022-12-15,False
PBM,1,2021-12-13,False
PBM,245,2023-11-22,False
PBMR,1,2024-03-04,False
PBMWW,1,2024-01-23,False
PBMY,1,2024-05-02,False
PBNV,1,2024-05-23,False
PBOC,1,2024-05-20,False
PBOG,1,2025-11-26,False
PBOG,5,2025-12-03,False
PBOT,2,2025-10-20,False
PBOT,7,2025-10-27,False
PBPH,1,2025-11-26,False
PBQQ,1,2025-01-03,False
PBRG,1,2025-12-19,False
PBRG,3,2025-12-23,False
PBRG,7,2025-12-30,False
PBRG,20,2026-01-20,False
PBRG,23,2026-01-23,False
PBRG,25,2026-01-27,False
PBSE,1,2024-05-16,False
PBT,1460,2021-10-20,False
PBYI,2418,2025-08-15,False
PC,3,2024-09-30,False
PCAP,1,2025-07-14,False
PCAPU,1,2025-05-22,False
PCCE,1,2024-03-18,False
PCCE,134,2024-09-26,False
PCCE,138,2024-10-02,False
PCCE,141,2024-10-07,False
PCFI,1,2025-03-25,False
PCGG,1,2023-08-31,False
PCHI,1,2025-03-26,False
PCI,1,2025-08-04,False
PCIG,1,2024-03-18,False
PCL,1,2025-08-04,False
PCLA,1,2025-01-17,False
PCLA,4,2025-01-23,False
PCLG,1,2025-10-01,False
PCLN,1,2025-10-17,False
PCLO,1,2024-12-04,False
PCMM,1,2024-12-04,False
PCOR,1,2021-05-21,False
PCPI,1,2026-04-07,False
PCR,1,2025-09-24,False
PCRB,1,2023-01-23,False
PCS,1,2025-08-04,False
PCSC,2,2024-06-13,False
PCSC,373,2025-12-05,False
PCT,1,2020-07-14,False
PCT,69,2020-12-03,False
PCT,73,2020-12-09,False
PCT,117,2021-02-12,False
PCTTW,1,2020-07-17,False
PCTY,1199,2020-10-07,False
PCTY,1411,2021-08-11,False
PCTY,2226,2024-11-06,False
PCVX,2,2020-06-16,False
PCVX,5,2020-06-19,False
PCYO,2232,2024-11-14,False
PDBA,1,2022-08-25,False
PDBC,1553,2022-03-04,False
PDBC,1555,2022-03-08,False
PDCC,1,2024-07-19,False
PDD,574,2020-11-04,False
PDDL,2,2025-07-17,False
PDDL,6,2025-07-23,False
PDEX,1674,2022-09-01,False
PDFS,1475,2021-11-10,False
PDLB,917,2021-05-26,False
PDO,1,2021-02-02,False
PDS,2538,2026-02-06,False
PDYN,1,2021-03-09,False
PDYNW,1,2021-03-09,False
PECO,1,2021-02-26,False
PEGA,1035,2020-02-13,False
PEGA,1039,2020-02-20,False
PEGA,2043,2024-02-15,False
PEJ,1362,2021-06-02,False
PELI,1,2025-06-13,False
PELIU,1,2025-05-23,False
PEMX,1,2023-05-19,False
PEMX,6,2023-05-26,False
PEN,1155,2020-08-05,False
PENN,1030,2020-02-06,False
PEPG,1,2022-05-09,False
PEPS,1,2024-11-11,False
PERF,1,2021-03-02,False
PERF-WT,1,2022-10-27,False
PERI,1010,2020-01-08,False
PERI,1783,2023-02-02,False
PETVW,1,2021-08-12,False
PETVW,3,2021-08-16,False
PEVC,1,2025-02-04,False
PEVC,8,2025-02-13,False
PEVMD,1,2022-06-09,False
PEW,561,2025-04-28,False
PEW-WS,1,2025-07-14,False
PFAI,1,2025-04-22,False
PFBC,2154,2024-07-26,False
PFDE,1,2026-01-02,False
PFEB,1,2020-02-04,False
PFFV,1,2020-06-25,False
PFIX,1,2021-05-12,False
PFIX,606,2023-10-06,False
PFOE,2,2026-01-05,False
PFRL,1,2022-05-25,False
PFSA,1,2025-07-14,False
PFUT,1,2021-05-27,False
PFX,1909,2024-01-08,False
PGAC,1,2025-08-05,False
PGJ,2200,2024-10-01,False
PGRI,1,2025-10-24,False
PGRO,1,2021-05-27,False
PGY,1,2021-04-22,False
PGYWW,1,2022-06-22,False
PHAR,1,2020-12-24,False
PHEQ,1,2023-10-20,False
PHG,2093,2024-04-29,False
PHI,1427,2021-09-02,False
PHI,2487,2025-11-21,False
PHIN,1,2023-06-29,False
PHIN,4,2023-07-05,False
PHM,1841,2023-04-27,False
PHOE,1,2025-04-25,False
PHVS,2,2021-02-09,False
PHXE-P,3,2025-10-03,False
PHYD,1,2023-01-23,False
PHYS,2461,2025-10-16,False
PICS,1,2026-01-30,False
PIEQ,1,2024-11-07,False
PIFI,1,2020-10-05,False
PIII,1,2021-04-07,False
PIIIW,1,2021-04-08,False
PIIIW,6,2021-04-15,False
PINC,2348,2025-05-06,False
PINE-PA,1,2025-11-07,False
PINK,1,2021-10-11,False
PINS,1060,2023-06-28,False
PIPE,1,2025-02-21,False
PIPR,2146,2024-07-16,False
PIPR,2151,2024-07-23,False
PIRBF,1540,2022-02-14,False
PIRBF,1760,2022-12-29,False
PIRBF,2010,2023-12-28,False
PIRBF,2291,2025-02-12,False
PIRBF,2395,2025-07-15,False
PIRBF,2521,2026-01-13,False
PIRBF,2527,2026-01-22,False
PIT,1,2022-12-23,False
PIT,5,2022-12-30,False
PJBF,1,2023-12-20,False
PJFG,1,2022-12-15,False
PJFM,1,2023-12-20,False
PJFV,1,2022-12-15,False
PJIO,1,2023-12-20,False
PJT,1993,2023-12-04,False
PKST,1,2023-04-14,False
PKST,703,2026-02-02,False
PL,1,2021-04-27,False
PL,1099,2025-09-11,True
PL-WT,1,2021-04-27,False
PLAB,1494,2021-12-08,False
PLAB,1868,2023-06-06,False
PLAY,2008,2023-12-26,False
PLBL,1,2025-08-05,False
PLBL,5,2025-08-11,False
PLBY,1,2020-09-01,False
PLD,2001,2023-12-14,False
PLDR,1,2021-05-27,False
PLGI,1,2025-12-11,False
PLMK,1,2025-02-03,False
PLMKU,2,2025-01-16,False
PLMKU,192,2025-10-20,False
PLOO,1,2025-08-14,False
PLRX,1,2020-06-04,False
PLRX,8,2020-06-15,False
PLRZ,1,2024-10-30,False
PLSM,2,2025-12-17,False
PLTA,2,2025-09-12,False
PLTA,6,2025-09-18,False
PLTD,1,2024-12-12,False
PLTD,5,2024-12-18,False
PLTG,1,2025-04-25,False
PLTG,4,2025-04-30,False
PLTG,6,2025-05-02,False
PLTI,1,2025-11-05,False
PLTK,1,2021-01-11,False
PLTK,5,2021-01-15,False
PLTM,1777,2025-06-18,False
PLTM,1907,2025-12-23,False
PLTR,1,2020-10-01,False
PLTR,4,2020-10-06,False
PLTR,662,2023-05-18,False
PLTS,1,2025-09-22,False
PLTU,2,2024-12-13,False
PLTU,7,2024-12-20,False
PLTW,1,2025-02-20,False
PLTY,1,2024-10-09,False
PLTY,20,2024-11-05,False
PLTY,23,2024-11-08,False
PLTY,28,2024-11-15,False
PLTZ,1,2025-06-09,False
PLU,1,2026-01-08,False
PLU,3,2026-01-12,False
PLUL,1,2026-01-14,False
PLUS,2480,2025-11-12,False
PLUT,2,2025-02-07,False
PLX,2541,2026-02-11,False
PLYX,1,2026-02-02,False
PLYY,1,2025-09-24,False
PLYY,5,2025-09-30,False
PMAP,1,2025-04-02,False
PMAR,1,2020-03-03,False
PMAU,1,2025-08-04,False
PMAX,1,2024-09-06,False
PMAY,1,2020-05-04,False
PMBS,1,2024-09-24,False
PMDE,1,2025-12-03,False
PMEC,1,2023-10-10,False
PMFB,1,2025-02-04,False
PMI,1,2025-09-02,False
PMI,3,2025-09-04,False
PMI,5,2025-09-08,False
PMI,8,2025-09-11,False
PMI,10,2025-09-15,False
PMIO,1,2024-07-01,False
PMJA,1,2025-01-03,False
PMJL,1,2025-07-02,False
PMJN,1,2025-06-03,False
PMMF,1,2025-02-06,False
PMMR,1,2025-03-04,False
PMMY,1,2025-05-02,False
PMNT,2,2024-02-12,False
PMOC,1,2025-10-02,False
PMSE,1,2025-09-03,False
PMT-P-C,1,2021-08-18,False
PMTR,1,2025-06-23,False
PMTRU,1,2025-05-14,False
PMTU,1,2023-09-29,False
PMTV,1,2025-02-18,False
PMTW,1,2025-06-13,False
PMVP,1,2020-09-28,False
PN,1,2025-03-05,False
PNC,2500,2025-12-11,False
PNFP-P-B,1,2026-01-05,False
PNFP-P-C,1,2026-01-05,False
PNFP-PA,1,2026-01-05,False
PNFP-PR-A,1,2026-01-05,False
PNFP-PR-B,1,2026-01-05,False
PNFP-PR-C,1,2026-01-05,False
PNR,1783,2023-02-02,False
PNRG,1373,2023-09-15,False
POAS,1,2025-11-14,False
PODC,1,2023-09-08,False
PODD,2228,2024-11-08,False
POLEU,1,2024-09-06,False
POLEW,1,2024-10-29,False
POLEW,6,2024-11-07,False
POM,1,2025-10-09,False
PONX,1,2025-09-10,False
PONX,4,2025-09-15,False
PONY,1,2024-11-29,False
PONY,7,2024-12-09,False
POST,2538,2026-02-06,False
POW,1,2025-10-29,False
POW,4,2025-11-03,False
POWL,1748,2022-12-12,False
PPEM,1,2023-01-23,False
PPHC,1,2026-01-29,False
PPI,1,2021-12-31,False
PPI,3,2022-01-04,False
PPI,8,2022-01-11,False
PPIE,1,2023-01-23,False
PPLT,2374,2025-06-12,False
PPLT,2378,2025-06-18,False
PPLT,2508,2025-12-23,False
PPYA,1,2022-03-07,False
PPYAW,1,2022-03-07,False
PQAP,1,2025-01-03,False
PQDI,1,2020-06-18,False
PQJA,1,2025-01-03,False
PQJL,1,2025-01-03,False
PQNT,1,2025-10-17,False
PQOC,1,2025-01-03,False
PRAB,1,2026-03-12,False
PRAE,1,2023-12-20,False
PRAX,1,2020-10-19,False
PRAX,4,2020-10-22,False
PRAX,9,2020-10-29,False
PRAY,1,2022-02-09,False
PRCH,1,2020-01-14,False
PRCH,974,2023-11-24,True
PRCS,1,2024-12-13,False
PRCT,1,2021-09-16,False
PRDO,1651,2022-07-26,False
PRDO,1909,2023-08-04,False
PRDO,2096,2024-05-02,False
PRDO,2231,2024-11-13,False
PRE,1,2021-07-19,False
PRENW,1,2022-05-17,False
PRFD,1,2023-01-20,False
PRFX,1,2020-09-02,False
PRFX,3,2020-09-04,False
PRG,2156,2024-07-30,False
PRHIZ,1,2023-09-15,False
PRIM,2227,2024-11-08,False
PRIM,2409,2025-08-05,False
PRIV,1,2025-02-28,False
PRK,2151,2024-07-23,False
PRLB,1978,2023-11-10,False
PRLB,2538,2026-02-06,False
PRLD,1,2020-09-28,False
PRLD,4,2020-10-01,False
PRLD,8,2020-10-07,False
PRM,3,2021-11-12,False
PRM,684,2024-08-01,False
PRM,917,2025-07-09,False
PRME,1,2022-10-21,False
PRME,6,2022-10-28,False
PRME,8,2022-11-01,False
PRMR,1,2025-12-10,False
PRN,1257,2021-01-12,False
PRNT,1131,2021-01-14,False
PROK,1,2021-07-01,False
PRPL,735,2020-02-04,False
PRSD,1,2025-09-11,False
PRST,1,2021-02-08,False
PRTA,1365,2021-06-07,True
PRTC,1,2020-11-17,False
PRVA,1,2021-04-29,False
PRVS,1,2024-12-13,False
PRXV,1,2025-04-09,False
PRZO,1,2023-07-28,False
PSA-P-R,1,2021-11-11,False
PSBD,1,2024-01-19,False
PSCD,1752,2023-02-02,False
PSCJ,1,2021-07-01,False
PSCQ,1,2021-10-01,False
PSCW,1,2021-04-05,False
PSCX,1,2020-12-24,False
PSDM,1,2023-07-27,False
PSEC,1285,2021-02-10,False
PSFD,1,2020-12-24,False
PSFE,1,2020-10-12,False
PSFE,43,2020-12-10,False
PSFE,45,2020-12-14,False
PSFF,1,2020-12-31,False
PSFJ,1,2021-07-01,False
PSFM,1,2021-04-05,False
PSFO,1,2021-10-01,False
PSH,1,2023-12-20,False
PSIG,1,2024-07-22,False
PSIL,1,2021-09-17,False
PSIL,4,2021-09-22,False
PSKY,1267,2021-01-14,False
PSLV,1148,2020-07-27,False
PSLV,1156,2020-08-06,False
PSMD,1,2020-12-24,False
PSMJ,1,2021-07-01,False
PSMO,1,2021-10-01,False
PSMR,1,2021-04-05,False
PSN,1066,2023-08-02,False
PSN,1206,2024-02-22,False
PSNY,1,2021-05-19,False
PSNYW,1,2021-05-18,False
PSQA,2,2024-09-13,False
PSQH,1,2021-07-08,False
PSQH-WT,1,2024-01-23,False
PSQO,1,2024-09-13,False
PSTP,1,2022-03-09,False
PSTR,1,2024-05-01,False
PSWD,1,2023-07-14,False
PTA,1,2020-10-29,False
PTC,2391,2025-07-09,False
PTCT,2489,2025-11-26,False
PTEST-X,1,2021-02-05,False
PTHL,1,2024-09-06,False
PTHS,1,2024-02-20,False
PTIR,1,2024-09-05,False
PTIR,3,2024-09-09,False
PTIR,8,2024-09-16,False
PTIXW,3,2021-04-30,False
PTIXW,9,2021-05-10,False
PTL,1,2024-03-27,False
PTLE,2,2024-10-18,False
PTLO,1,2021-10-22,False
PTNM,1,2025-05-30,False
PTNM,3,2025-06-03,False
PTNM,11,2025-06-13,False
PTOR,1,2026-03-17,False
PTORU,1,2026-01-23,False
PTORW,1,2026-03-18,False
PTRB,1,2021-12-09,False
PTRN,1,2025-09-22,False
PUBM,1,2020-12-10,False
PUGBY,2,2024-07-19,False
PULT,1,2023-01-23,False
PURR,1,2025-12-04,False
PURR,4,2025-12-09,False
PUSH,1,2024-07-01,False
PVAL,1,2021-05-27,False
PVEX,1,2025-07-01,False
PVEX,3,2025-07-03,False
PVH,1998,2023-12-11,False
PVH,2000,2023-12-13,False
PW,2293,2025-08-12,False
PWER,2,2023-12-01,False
PWM,1,2023-07-07,False
PWP,1,2020-11-23,False
PWP,5,2020-11-30,False
PWR,1163,2020-08-17,False
PWR,1427,2021-09-02,False
PWRD,1,2022-02-04,False
PWRD,4,2022-02-09,False
PX,2,2021-10-25,False
PX,685,2024-07-16,False
PXED,1,2025-10-10,False
PXIU,1,2025-09-18,False
PYLD,1,2023-06-23,False
PYPD,1,2020-06-29,False
PYPG,1,2025-04-07,False
PYPG,3,2025-04-09,False
PYPS,2,2021-03-19,False
PYPS,6,2021-03-25,False
PYPS,1220,2026-02-03,False
PYPU,1,2026-03-26,False
PYPY,1,2023-09-27,False
PYXS,1,2021-10-11,False
PYZ,1253,2021-01-12,False
PZIV,1,2026-04-01,False
PZIV,5,2026-04-08,False
PZLV,1,2026-04-01,False
PZLV,5,2026-04-08,False
Q,1,2025-10-27,False
Q,7,2025-11-04,False
QABA,2151,2024-07-23,False
QALT,1,2025-08-26,False
QB,1,2025-06-27,False
QBER,1,2024-07-02,False
QBF,1,2025-02-07,False
QBIG,2,2024-12-06,False
QBIG,5,2024-12-11,False
QBIG,8,2024-12-16,False
QBKF,1,2026-04-02,False
QBKV,1,2026-04-02,False
QBKV,4,2026-04-08,False
QBKV,7,2026-04-14,False
QBSF,1,2025-07-02,False
QBTS,1,2020-12-14,False
QBTX,1,2025-04-28,False
QBTX,5,2025-05-02,False
QBTZ,1,2025-10-08,False
QBTZ,3,2025-10-10,False
QBUF,1,2024-07-02,False
QBUL,1,2024-07-02,False
QBY,1,2025-11-26,False
QCAP,1,2024-04-23,False
QCJA,1,2025-01-22,False
QCJL,1,2024-07-23,False
QCLR,1,2021-08-27,False
QCMD,1,2025-06-26,False
QCML,3,2025-02-19,False
QCMU,1,2025-06-26,False
QCMU,5,2025-07-02,False
QCOC,1,2024-10-22,False
QCOM,1479,2021-11-16,False
QCRH,2151,2024-07-23,False
QDEC,1,2020-12-22,False
QDPL,1,2021-07-14,False
QDTE,1,2024-03-08,False
QDTY,1,2025-02-14,False
QDVO,1,2024-08-23,False
QETA,2,2023-12-01,False
QETAR,1,2025-03-27,False
QETAU,1,2023-10-06,False
QETH,1,2024-07-24,False
QEW,1,2026-03-19,False
QFLR,1,2024-01-26,False
QGEN,2525,2026-01-20,False
QGRD,1,2025-07-11,False
QGRW,1,2022-12-16,False
QGRW,32,2023-02-02,False
QH,1,2020-07-13,False
QHDG,1,2024-08-21,False
QIDX,1,2025-01-03,False
QIPT,1273,2021-01-25,False
QIS,1,2023-07-12,False
QJUN,1,2021-06-22,False
QLDY,1,2025-09-19,False
QLTI,1,2024-10-30,False
QLTY,1,2023-11-16,False
QMAG,1,2024-08-20,False
QMAR,1,2021-03-23,False
QMFE,1,2025-02-25,False
QMID,1,2024-01-26,False
QMMM,1,2024-07-22,False
QMMM,30,2024-08-30,False
QMMY,1,2024-05-21,False
QMNV,1,2024-11-19,False
QNC,2,2026-01-22,False
QNCX,343,2020-09-17,False
QNTM,1175,2023-02-08,False
QNTM,1178,2023-02-13,False
QNXT,1,2024-10-25,False
QOWZ,1,2023-12-07,False
QOWZ,3,2023-12-11,False
QOWZ,5,2023-12-13,False
QPUX,1,2025-07-11,False
QPX,1,2020-12-30,False
QPX,6,2021-01-07,False
QQA,1,2024-07-18,False
QQDN,1,2025-06-13,False
QQHG,1,2025-05-08,False
QQHG,3,2025-05-12,False
QQLV,1,2024-12-05,False
QQMG,1,2021-10-29,False
QQQA,2,2021-05-24,False
QQQD,1,2024-03-08,False
QQQG,1,2024-08-21,False
QQQI,1,2024-01-31,False
QQQJ,1,2020-10-14,False
QQQM,1,2020-10-14,False
QQQP,1,2024-10-02,False
QQQP,3,2024-10-04,False
QQQS,1,2022-10-14,False
QQQT,1,2024-06-24,False
QQQU,1,2024-03-08,False
QQQY,1,2023-09-15,False
QQUP,1,2025-06-13,False
QQUP,7,2025-06-24,False
QQWZ,1,2025-05-08,False
QQWZ,3,2025-05-12,False
QQXL,1,2025-08-14,False
QRMI,1,2021-08-27,False
QRVO,2001,2023-12-14,False
QRVO,2277,2025-01-23,False
QS,1,2020-08-18,False
QSEA,1,2025-05-13,False
QSEAR,1,2025-05-13,False
QSEAU,1,2025-03-19,False
QSI,1,2020-11-16,False
QSI,14,2020-12-04,False
QSIAW,1,2020-11-09,False
QSIX,1,2024-09-25,False
QSML,1,2024-01-26,False
QSOL,1,2025-12-16,False
QSPT,1,2021-09-21,False
QSU,1,2025-10-22,False
QTAC,1,2025-12-17,False
QTAC,3,2025-12-19,False
QTAP,1,2021-04-05,False
QTI,1,2021-11-05,False
QTJA,1,2022-01-04,False
QTJL,1,2021-07-01,False
QTOC,1,2021-10-01,False
QTOP,1,2024-10-25,False
QTPI,1,2024-12-20,False
QTR,1,2021-08-26,False
QUBT,1604,2024-11-20,True
QUBX,1,2025-06-25,False
QUBX,4,2025-06-30,False
QUCY,1,2026-02-13,False
QUIK,1618,2022-06-07,False
QUIZ,1,2025-08-20,False
QULL,1,2021-02-08,False
QUMS,1,2025-10-01,False
QUSA,1,2025-05-07,False
QUSA,4,2025-05-12,False
QUVU,1,2023-10-17,False
QVCGP,2,2020-09-03,False
QVML,1,2021-07-01,False
QVMM,1,2021-07-01,False
QVMS,1,2021-07-01,False
QVOY,1,2022-12-08,False
QXAS,1,2025-12-30,False
QXQ,1,2024-06-17,False
QYLG,1,2020-09-23,False
RAA,1,2025-02-27,False
RAAA,1,2025-07-10,False
RAAQ,1,2025-06-03,False
RAAQU,2,2025-04-30,False
RAAQW,1,2025-06-03,False
RAAQW,4,2025-06-09,False
RAAQW,8,2025-06-13,False
RAC,1,2025-04-22,False
RACE,1783,2023-02-02,False
RAIL,2170,2024-08-19,False
RAIL,2175,2024-08-26,False
RAIN,1,2025-01-03,False
RAL,2,2025-06-27,False
RAMP,1977,2023-11-09,False
RAND,1786,2024-12-09,False
RANG,1,2025-01-14,False
RANGR,1,2025-01-14,False
RANGR,3,2025-01-16,False
RANGU,1,2024-12-20,False
RANI,1,2021-08-02,False
RANI,3,2021-08-04,False
RANI,7,2021-08-10,False
RAPP,1,2024-06-10,False
RAPP,5,2024-06-14,False
RAUS,1,2025-09-15,False
RAVE,2203,2024-10-04,False
RAY,1,2024-05-16,False
RAYA,1,2022-12-15,False
RAYD,1,2021-12-16,False
RAYD,3,2021-12-20,False
RAYD,7,2021-12-27,False
RAYE,1,2021-12-16,False
RAYJ,1,2024-04-05,False
RAYS,1,2021-09-10,False
RB,1,2025-06-27,False
RBA,1157,2020-08-07,False
RBA,1160,2020-08-12,False
RBA,1163,2020-08-17,False
RBA,1221,2020-11-06,False
RBCAA,2151,2024-07-23,False
RBIL,1,2025-02-26,False
RBLU,1,2025-03-05,False
RBLX,1,2021-03-11,False
RBLX,4,2021-03-16,False
RBLX,1065,2025-06-05,False
RBLY,2,2025-07-31,False
RBLY,6,2025-08-06,False
RBNE,1,2025-04-14,False
RBOT,1,2020-09-08,False
RBOT,262,2021-09-21,False
RBOT,265,2021-09-24,False
RBRK,1,2024-04-25,False
RBSTF,1,2025-07-22,False
RBUF,1,2024-07-02,False
RCAX,1,2026-02-04,False
RCD,1,2024-12-20,False
RCG,2238,2024-11-22,False
RCGE,1,2025-02-28,False
RCGE,4,2025-03-05,False
RCI,2387,2025-07-02,False
RCI,2393,2025-07-11,False
RCKTW,1,2023-02-28,False
RCL,2392,2025-07-10,False
RCLO,1,2025-10-23,False
RCMT,1975,2023-11-10,False
RCT,1,2025-03-24,False
RCTR,1,2025-08-01,False
RDAC,1,2024-12-03,False
RDACR,1,2025-04-30,False
RDACU,1,2024-10-11,False
RDAG,1,2025-06-24,False
RDAGU,1,2025-05-02,False
RDCM,1517,2022-01-11,False
RDCM,2032,2024-01-31,False
RDDT,1,2024-03-19,False
RDFI,1,2020-10-22,False
RDI,1652,2022-07-27,False
RDTE,1,2024-09-11,False
RDTE,3,2024-09-13,False
RDTE,7,2024-09-19,False
RDTL,1,2025-03-26,False
RDTY,1,2025-03-07,False
RDVI,1,2022-10-21,False
RDVI,3,2022-10-25,False
RDVI,6,2022-10-28,False
RDVT,922,2021-11-19,False
RDW,1,2021-01-15,False
RDW,4,2021-01-21,False
RDW,164,2021-09-09,False
RDW,629,2023-07-18,False
RDWU,1,2026-02-02,False
RDYY,1,2025-09-10,False
RDZN,1,2022-01-14,False
RDZNW,1,2023-09-19,False
REAI,1,2023-06-14,False
REAL,1354,2024-11-13,True
REAX,1,2020-06-25,False
REAX,344,2021-11-11,False
REAX,890,2024-01-17,False
REBN,1,2022-08-15,False
RECT,1,2024-06-21,False
REE,1,2021-01-14,False
REE,5,2021-01-21,False
REE,7,2021-01-25,False
REFA,1,2025-12-12,False
REFI,1,2021-12-09,False
REFI,23,2022-01-11,False
REGS,1,2026-03-17,False
REIT,1,2021-03-01,False
REK,1692,2022-09-26,False
REKT,1,2024-07-18,False
REKT,5,2024-07-24,False
REKT,13,2024-08-05,False
RELY,1,2021-09-24,False
RELY,785,2024-11-06,False
REMC,1,2025-12-15,False
REMG,2,2022-01-12,False
REMX,2398,2025-07-18,False
RENT,1,2021-10-28,False
RENX,1,2023-09-20,False
REPX,1826,2023-04-14,False
RERE,1,2021-06-21,False
RESM,1,2025-12-12,False
REVB,1,2020-11-18,False
REVBW,2,2022-01-12,False
REXR,1036,2020-02-14,False
REYN,1,2020-02-03,False
REYN,4,2020-02-06,False
REZI,1532,2024-11-15,False
REZI,1534,2024-11-19,False
REZI,1705,2025-07-30,False
RF-PF,1,2024-07-23,False
RFAI,1,2024-07-08,False
RFAIR,1,2024-07-08,False
RFAIU,1,2024-05-20,False
RFAM,1,2026-02-27,False
RFAMR,1,2026-02-27,False
RFAMU,1,2026-02-13,False
RFIL,2140,2024-07-10,False
RFIX,1,2024-12-11,False
RFLR,1,2024-09-18,False
RFMZ,1,2021-02-25,False
RGC,1,2021-07-19,False
RGEF,1,2024-10-29,False
RGFC,1,2021-11-08,False
RGLO,1,2025-06-02,False
RGR,2447,2025-09-26,False
RGTI,1,2021-04-23,False
RGTIW,1,2022-03-01,False
RGTU,1,2025-06-25,False
RGTU,4,2025-06-30,False
RGTX,1,2025-03-13,False
RGTZ,1,2025-10-10,False
RGYY,1,2025-11-26,False
RH,1180,2020-09-10,False
RH,1897,2023-07-19,False
RHLD,1,2025-02-21,False
RHP,1222,2020-11-09,False
RHP,1226,2020-11-13,True
RHRX,1,2021-11-09,False
RHTX,1,2021-11-09,False
RIBB,1,2025-03-10,False
RIBBR,1,2025-04-23,False
RIBBR,4,2025-05-16,False
RIBBU,1,2025-01-16,False
RICK,1039,2020-02-20,False
RICK,1664,2022-08-12,False
RICK,1666,2022-08-16,False
RIET,1,2021-09-23,False
RIFR,1,2025-05-15,False
RIGL,2414,2025-08-11,False
RIGL,2416,2025-08-13,False
RILA,1,2025-01-03,False
RINT,1,2025-05-15,False
RIO,1522,2022-01-19,False
RIOX,1,2025-01-06,False
RISN,1,2020-07-17,False
RISR,1,2021-10-04,False
RISR,4,2021-10-07,False
RITA,1,2021-12-10,False
RITM-P-F,1,2026-01-15,False
RITM-PE,1,2025-09-22,False
RITR,3,2024-08-26,False
RIVN,1,2021-11-04,False
RIVN,5,2021-11-10,False
RJDI,1,2025-10-03,False
RJET,633,2021-02-17,False
RJMI,1,2025-10-03,False
RJVI,1,2025-10-03,False
RKLB,1,2020-11-25,False
RKLB,64,2021-03-01,False
RKLX,1,2025-03-14,False
RKLZ,2,2025-11-20,False
RKNG,1,2026-01-23,False
RKT,1,2020-08-07,False
RKTL,2,2026-01-15,False
RL,2043,2024-02-15,False
RLAY,1,2020-07-17,False
RLGT,1481,2021-11-18,False
RLTY,1,2022-02-25,False
RLX,1,2021-01-25,False
RLX,712,2023-11-20,False
RLX,1099,2025-06-09,False
RLYB,1,2021-07-30,False
RLYB,5,2021-08-05,False
RM,1223,2020-11-10,False
RMBI,351,2020-11-19,False
RMBS,1724,2022-11-07,False
RMCA,1,2024-08-14,False
RMCO,1,2021-05-06,False
RMCO,4,2021-05-11,False
RMCOW,1,2025-04-22,False
RMD,1219,2020-11-04,False
RMD,1222,2020-11-09,False
RMIF,1,2023-06-12,False
RMIX,2,2026-04-08,False
RMIX,5,2026-04-13,False
RMME,1,2025-12-03,False
RMMZ,1,2022-02-14,False
RMMZ,4,2022-02-17,False
RMNY,1,2024-08-14,False
RMOP,1,2024-08-14,False
RMR,1425,2021-08-31,False
RMSG,1,2024-11-18,False
RNA,2,2020-06-16,False
RNAZ,1,2021-07-12,False
RND,1,2024-05-03,False
RNEW,1,2020-12-23,False
RNG,1035,2020-02-13,False
RNGR,1514,2023-08-18,False
RNGR,1821,2024-11-06,False
RNGT,1,2025-11-25,False
RNIN,1,2025-05-16,False
RNRG,1245,2021-01-06,False
RNST,2150,2024-07-22,False
RNST,2154,2024-07-26,False
RNTY,1,2025-04-21,False
RNW,1,2021-02-02,False
RNW,4,2021-02-05,False
RNWWW,1,2021-02-02,False
RNWZ,1,2022-12-12,False
RNXT,1,2021-08-27,False
ROBN,3,2025-02-05,False
ROBN,5,2025-02-07,False
ROBT,697,2020-11-27,False
ROC,1,2026-02-23,False
ROCK,1265,2021-01-12,False
ROCK,1269,2021-01-19,False
ROCQ,1,2026-03-19,False
ROCY,1,2026-03-19,False
ROE,1,2023-08-01,False
ROIV,1,2020-12-09,False
ROIV,1192,2025-09-09,False
ROIV,1198,2025-09-17,False
ROLR,1,2024-10-24,False
ROM,1013,2020-01-13,False
ROMA,1,2024-01-10,False
RONB,1,2025-12-16,False
ROOT,1,2020-10-29,False
ROPE,1,2024-12-19,False
RPC,646,2020-01-28,False
RPC,840,2020-11-03,False
RPC,1766,2024-07-16,False
RPGL,1,2025-10-15,False
RPHS,1,2022-04-01,False
RPID,1,2021-07-16,False
RPID,835,2024-11-07,False
RPRX,1,2020-06-10,False
RPRX,1153,2025-01-10,False
RPT,1886,2023-07-03,False
RR,2,2023-11-20,False
RR,276,2024-12-23,True
RRBI,468,2021-03-12,False
RSBA,1,2024-12-19,False
RSBT,1,2023-02-09,False
RSBT,3,2023-02-13,False
RSBY,1,2024-08-22,False
RSDE,1,2024-12-24,False
RSEE,1,2022-01-21,False
RSHGY,2,2025-02-05,False
RSHGY,10,2025-02-18,False
RSHGY,13,2025-02-21,False
RSHO,1,2023-05-12,False
RSHO,22,2023-06-13,False
RSI,1,2020-04-27,False
RSJN,1,2024-06-25,False
RSKD,1,2021-07-30,False
RSKD,7,2021-08-09,False
RSMC,1,2024-10-14,False
RSMR,1,2025-03-25,False
RSMV,2,2025-01-15,False
RSPA,1,2024-07-18,False
RSPE,1,2021-11-18,False
RSSB,1,2023-12-06,False
RSSB,7,2023-12-14,False
RSSE,1,2024-09-24,False
RSSL,1,2024-06-06,False
RSSL,5,2024-06-12,False
RSSS,1924,2024-12-02,False
RSST,1,2023-09-07,False
RSSX,1,2025-06-02,False
RSSY,1,2024-05-30,False
RSVR,1,2021-01-06,False
RSVR,6,2021-01-13,False
RSVR,1295,2026-03-04,False
RSVRW,1,2021-01-26,False
RTAC,1,2025-06-10,False
RTACU,2,2025-05-15,False
RTAI,1,2020-10-22,False
RTO,2057,2024-03-07,False
RTRE,1,2024-06-04,False
RTXG,2,2025-06-09,False
RTXG,6,2025-06-13,False
RTYY,1,2025-12-03,False
RUBI,1,2025-08-05,False
RULE,2,2021-11-04,False
RUM,1,2021-04-15,False
RUM,163,2021-12-03,False
RUM,166,2021-12-08,False
RUM,352,2022-09-06,False
RUMBW,1,2023-12-11,False
RUMBW,4,2023-12-14,False
RUNN,1,2023-06-07,False
RUSC,1,2025-05-15,False
RUSHA,2541,2026-02-11,False
RVER,1,2024-04-04,False
RVER,4,2024-04-09,False
RVLPQ,1877,2026-04-14,False
RVMD,1,2020-02-14,False
RVMD,3,2020-02-19,False
RVMD,7,2020-02-25,False
RVNL,170,2025-04-22,False
RVNL,174,2025-04-28,False
RVRB,1,2022-11-04,False
RVRB,5,2022-11-10,False
RVRB,682,2025-07-28,False
RVSB,1300,2021-03-08,False
RVSB,2235,2024-11-21,False
RVSB,2241,2024-12-02,False
RVSN,1,2022-04-01,False
RVSNW,1,2022-04-01,False
RVSNW,4,2022-04-06,False
RW,2,2025-06-23,False
RWAY,1,2021-10-22,False
RWAYI,2,2026-02-06,False
RWAYL,1,2022-08-02,False
RWEM,1,2021-12-17,False
RWIN,1,2026-04-08,False
RWLC,2,2021-12-20,False
RWLC,6,2021-12-27,False
RWM,1051,2020-03-09,False
RWM,1054,2020-03-12,False
RWT,1909,2023-08-04,False
RWTN,1,2024-02-05,False
RWTO,1,2024-06-26,False
RWTP,1,2025-01-31,False
RWTQ,1,2025-11-26,False
RXO,1,2022-10-28,False
RXO,418,2024-06-28,False
RXRX,1,2021-04-19,False
RXST,1,2021-08-02,False
RXST,453,2023-05-18,False
RXT,1,2020-08-06,False
RXT,978,2024-06-26,False
RYAAY,2001,2023-12-14,False
RYAN,1,2021-07-23,False
RYAN,3,2021-07-27,False
RYAN,7,2021-08-02,False
RYDE,2,2024-03-08,False
RYET,1,2025-04-09,False
RYET,4,2025-04-14,False
RYLG,1,2022-10-06,False
RYM,1,2021-01-29,False
RYM,3,2021-02-02,False
RYOJ,2,2025-08-15,False
RYSE,1,2023-02-06,False
RYTM,1948,2025-07-09,False
RZLV,1,2021-11-11,False
RZLVW,2,2021-11-15,False
RZV,1305,2021-03-11,False
S,1,2021-07-01,False
S,3,2021-07-06,False
SAAQ,1,2026-03-23,False
SAAQU,1,2026-01-29,False
SAAQW,1,2026-03-23,False
SAAQW,5,2026-03-30,False
SABS,1,2021-02-10,False
SABS,6,2021-02-18,False
SABSW,1,2021-02-10,False
SAC-UN,1,2025-12-05,False
SAC-WT,1,2026-01-27,False
SAEF,1,2021-11-17,False
SAFX,1,2021-12-01,False
SAGP,1,2022-01-26,False
SAGP,4,2022-01-31,False
SAGT,1,2025-03-07,False
SAH,1666,2022-08-16,False
SAIA,1222,2020-11-09,False
SAIA,1466,2021-10-28,False
SAIA,1470,2021-11-03,False
SAIA,1902,2023-07-26,False
SAIA,2038,2024-02-08,False
SAIC,1993,2023-12-04,False
SAIH,1,2021-06-29,False
SAIHW,1,2021-06-29,False
SAIL,1,2025-02-14,False
SAJ,1,2022-11-04,False
SAJ,6,2022-11-11,False
SAMM,1,2024-04-05,False
SAMT,1,2022-01-26,False
SAMT,4,2022-01-31,False
SANA,1,2021-02-05,False
SANA,4,2021-02-10,False
SANM,2031,2024-01-30,False
SAPH,1,2025-01-08,False
SAPH,8,2025-01-21,False
SARK,1,2021-11-10,False
SARK,7,2021-11-18,False
SARK,9,2021-11-22,False
SARK,17,2021-12-03,False
SARO,1,2024-10-02,False
SAT,1,2022-05-04,False
SATG,1,2025-12-17,False
SATG,4,2025-12-22,False
SATL,1,2021-03-29,False
SATL,925,2024-11-27,False
SATLW,2,2022-01-26,False
SATO,2,2021-10-11,False
SATO,6,2021-10-15,False
SATO,9,2021-10-20,False
SATO,1000,2025-10-02,False
SATS,1910,2023-08-07,False
SAUG,1,2023-08-22,False
SAV,1,2026-02-12,False
SAVA,1266,2021-01-13,False
SAWG,1,2024-08-01,False
SAWS,1,2024-08-01,False
SAY,1,2022-12-19,False
SAZ,1,2023-04-25,False
SB,2541,2026-02-11,False
SBAC,1033,2020-02-11,False
SBAR,1,2025-04-16,False
SBB,859,2020-03-09,False
SBB,862,2020-03-12,False
SBB,2136,2025-04-08,False
SBC,1,2022-09-27,False
SBCWW,2,2024-09-19,False
SBCWW,4,2024-09-23,False
SBDS,1,2021-10-29,False
SBDS,5,2021-11-04,False
SBDS,8,2021-11-09,False
SBFM,2422,2025-10-16,False
SBFMW,1,2022-02-16,False
SBGI,1230,2020-11-19,False
SBIL,1,2025-07-16,False
SBIT,1,2024-04-03,False
SBR,1519,2022-01-13,False
SBR,1522,2022-01-19,False
SBR,1615,2022-06-02,False
SBSI,1304,2021-03-10,False
SBTU,1,2025-10-22,False
SBTU,4,2025-10-27,False
SBU,1,2025-11-18,False
SBU,4,2025-11-21,False
SBXD,1,2024-10-07,False
SBXD-UN,1,2024-08-19,False
SBXD-WT,2,2024-12-26,False
SBXD-WT,4,2025-01-10,False
SBXE-U,1,2025-12-05,False
SBXE-UN,1,2025-12-04,False
SBXE-WS,1,2026-01-26,False
SCAG,1,2025-06-30,False
SCAP,2,2023-12-14,False
SCCC,1,2020-09-11,False
SCCD,1,2021-12-23,False
SCCE,1,2022-03-11,False
SCCF,1,2022-05-13,False
SCCG,1,2022-08-26,False
SCCO,2451,2025-10-02,False
SCCO,2522,2026-01-14,False
SCCR,1,2025-02-06,False
SCDL,1,2021-02-08,False
SCDS,1,2024-08-09,False
SCDS,5,2024-08-15,False
SCDV,1,2024-12-13,False
SCE-PM,1,2023-11-21,False
SCEC,1,2025-03-17,False
SCEP,1,2025-12-12,False
SCHQ,101,2020-03-06,False
SCHY,1,2021-04-30,False
SCI,1402,2021-07-29,False
SCII,1,2026-01-21,False
SCIIR,1,2026-01-21,False
SCIIR,3,2026-01-23,False
SCIO,1,2024-03-01,False
SCL,2541,2026-02-11,False
SCLS,1,2025-11-05,False
SCLX,1,2021-03-08,False
SCLXW,2,2021-03-10,False
SCLZ,1,2024-02-28,False
SCMB,1,2022-10-13,False
SCMC,1,2025-12-12,False
SCNM,1,2025-12-12,False
SCO,1027,2020-02-03,False
SCO,1050,2020-03-06,False
SCOW,1,2025-08-29,False
SCPQ,1,2026-02-13,False
SCPQW,1,2026-02-13,False
SCPQW,3,2026-02-18,False
SCRD,1,2021-09-09,False
SCSB,1,2026-03-31,False
SCSC,1427,2021-09-02,False
SCUB,1,2026-03-31,False
SCUS,1,2024-08-14,False
SCWO,1815,2023-03-21,False
SCYB,1,2023-07-12,False
SDA,1,2021-04-19,False
SDAWW,1,2023-05-16,False
SDCI,816,2022-03-07,False
SDCP,1,2023-11-17,False
SDD,2133,2025-04-08,False
SDFI,1,2024-06-11,False
SDGR,1,2020-02-07,False
SDHC,1,2024-01-12,False
SDHC,5,2024-01-19,False
SDHC,12,2024-01-30,False
SDHI,1,2025-06-04,False
SDHIU,1,2025-04-02,False
SDM,1,2025-05-02,False
SDMF,1,2026-02-18,False
SDOT,2,2020-02-18,False
SDP,1949,2023-10-02,False
SDRL,1,2022-06-17,False
SDSI,1,2022-10-14,False
SDST,1,2021-03-08,False
SDSTW,2,2024-07-10,False
SDSTW,4,2024-07-12,False
SDTY,1,2025-02-07,False
SDVD,1,2023-08-11,False
SE,585,2020-02-20,False
SE,1600,2024-03-04,False
SE,1607,2024-03-13,False
SEA,1,2022-01-21,False
SEAT,1,2020-10-13,False
SEAT,257,2021-10-19,False
SEATW,1,2020-10-14,False
SECR,1,2024-06-03,False
SECU,1,2026-01-27,False
SEDA,1,2021-12-29,False
SEELQ,1,2024-11-12,False
SEEM,1,2024-10-11,False
SEER,1,2020-12-07,False
SEER,4,2020-12-10,False
SEF,1050,2020-03-09,False
SEG,1,2024-07-30,False
SEI,1899,2024-11-27,False
SEIE,1,2024-10-11,False
SEIM,1,2022-05-19,False
SEIM,7,2022-05-27,False
SEIQ,1,2022-05-19,False
SEIQ,7,2022-05-27,False
SEIS,1,2024-10-11,False
SEIV,1,2022-05-19,False
SEIV,7,2022-05-27,False
SELF,2099,2024-05-07,False
SELV,1,2022-05-19,False
SELV,3,2022-05-23,False
SELV,7,2022-05-27,False
SELX,1,2022-06-29,False
SEM,1157,2020-08-07,False
SEM,2105,2024-05-15,False
SEMG,1,2025-05-15,False
SEMI,1,2022-03-31,False
SEMR,1,2021-03-25,False
SEMY,1,2025-11-19,False
SENEA,2550,2026-02-25,False
SENT,1,2021-02-03,False
SENT,4,2021-02-08,False
SEPI,1,2025-09-09,False
SEPM,1,2024-09-24,False
SEPN,1,2024-10-25,False
SEPN,5,2024-10-31,False
SEPN,9,2024-11-06,False
SEPP,1,2024-05-16,False
SEPT,1,2023-09-05,False
SEPU,1,2024-09-04,False
SEPW,1,2023-09-05,False
SEPZ,1,2020-09-02,False
SERA,1,2021-07-16,False
SERV,1,2024-03-08,False
SES,1,2021-03-02,False
SES-WT,1,2021-03-02,False
SETH,1,2023-11-03,False
SETM,1,2023-02-03,False
SETM,748,2026-01-28,False
SEV,1,2025-10-17,False
SEV,4,2025-10-22,False
SEZL,1,2023-09-13,False
SFBC,1018,2021-03-19,False
SFBC,1269,2022-08-30,False
SFBS,1308,2021-03-16,False
SFBS,2146,2024-07-16,False
SFD,2,2025-01-30,False
SFEB,1,2024-02-21,False
SFGV,1,2024-01-19,False
SFHG,1,2024-10-16,False
SFL,2547,2026-02-20,False
SFLO,1,2023-12-22,False
SFLR,1,2022-11-10,False
SFM,2228,2024-11-08,False
SFRT,1,2021-01-26,False
SFST,1305,2021-03-11,False
SFST,2151,2024-07-23,False
SFST,2153,2024-07-25,False
SFTX,1,2025-12-04,False
SFTY,1,2025-06-27,False
SFUNY,2263,2024-12-27,False
SFWL,1,2023-03-31,False
SFWL,6,2023-04-10,False
SFYF,521,2021-06-02,False
SG,1,2021-11-19,False
SGC,1983,2023-11-17,False
SGDJ,2436,2025-09-11,False
SGHC,1,2020-11-24,False
SGHC,232,2021-10-26,False
SGHC,994,2024-11-06,False
SGHC,1002,2024-11-18,False
SGHC,1159,2025-07-09,False
SGHT,1,2021-07-16,False
SGHT,3,2021-07-20,False
SGI,1770,2023-01-13,False
SGLC,1,2023-04-03,False
SGML,508,2020-07-10,False
SGML,780,2021-08-09,False
SGMT,1,2023-07-17,False
SGN,1,2023-11-15,False
SGOL,2461,2025-10-16,False
SGOV,1,2020-05-29,False
SGRT,2,2025-08-22,False
SGRT,21,2025-09-19,False
SGRW,1,2026-01-16,False
SGRW,4,2026-01-22,False
SGVT,1,2025-06-13,False
SHAK,1853,2023-05-15,False
SHAZ,1,2021-12-28,False
SHBI,2150,2024-07-22,False
SHC,1,2020-11-23,False
SHC,4,2020-11-27,False
SHC,1189,2025-08-19,False
SHDG,1,2022-10-25,False
SHEH,1,2024-10-08,False
SHFS,1,2021-08-23,False
SHFSW,1,2022-09-27,False
SHG,2542,2026-02-12,False
SHIM,1,2023-11-15,False
SHIP,1516,2022-02-09,False
SHIP,2473,2025-12-03,False
SHIP,2528,2026-02-24,False
SHIP,2531,2026-02-27,False
SHLD,1,2023-09-14,False
SHLS,1,2021-01-28,False
SHLS,3,2021-02-01,False
SHMD,1,2024-04-30,False
SHMDW,1,2024-04-30,False
SHMXY,1,2025-03-04,False
SHNY,1,2023-02-23,False
SHNY,5,2023-03-01,False
SHNY,7,2023-03-03,False
SHNY,13,2023-03-13,False
SHNY,285,2024-04-11,False
SHOC,1,2022-10-07,False
SHPD,1,2025-08-07,False
SHPD,6,2025-08-14,False
SHPD,9,2025-08-19,False
SHPH,1,2022-09-01,False
SHPP,1,2022-06-10,False
SHPU,1,2025-08-07,False
SHRT,1,2023-11-07,False
SHUS,1,2021-06-17,False
SHW,2000,2023-12-13,False
SHYM,1,2021-03-19,False
SI,1,2025-08-01,False
SID,1984,2023-11-20,False
SIDU,1,2021-12-15,False
SIFI,1,2021-09-17,False
SIFY,1769,2023-01-12,False
SIGA,2064,2024-03-18,False
SIHY,1,2021-09-17,False
SII,1477,2021-11-12,False
SII,2455,2025-10-08,False
SII,2531,2026-01-28,False
SILA,1,2021-02-09,False
SIMA,1,2024-09-03,False
SIMAU,2,2024-07-11,False
SIMAW,2,2024-09-03,False
SIMO,1493,2021-12-07,False
SIO,1,2022-07-26,False
SION,1,2025-02-07,False
SIOO,1,2025-12-12,False
SIRI,1898,2023-07-20,False
SISI,936,2020-06-18,False
SITC,2418,2025-08-15,False
SITE,1693,2023-02-02,False
SIVR,1148,2020-07-27,False
SIVR,1156,2020-08-06,False
SIVR,2531,2026-01-28,False
SIXA,1,2020-05-12,False
SIXA,5,2020-05-18,False
SIXD,1,2024-06-04,False
SIXF,1,2024-02-02,False
SIXH,1,2020-05-12,False
SIXJ,1,2022-01-04,False
SIXL,1,2020-05-12,False
SIXL,5,2020-05-18,False
SIXO,1,2021-10-04,False
SIXP,1,2024-03-04,False
SIXS,1,2020-05-12,False
SIXS,5,2020-05-18,False
SIXS,11,2020-05-27,False
SIXS,18,2020-06-05,False
SIXZ,1,2024-05-02,False
SJCP,1,2024-09-11,False
SJLD,1,2024-09-11,False
SKBL,1,2025-01-24,False
SKBL,4,2025-01-29,False
SKIL,472,2021-06-10,False
SKIN,1,2020-11-25,False
SKK,1,2024-10-09,False
SKLZ,1,2020-04-28,False
SKM,2525,2026-01-20,False
SKM,2530,2026-01-27,False
SKM,2533,2026-01-30,False
SKM,2536,2026-02-04,False
SKRE,1,2024-01-05,False
SKRE,7,2024-01-16,False
SKWD,1,2023-01-13,False
SKYH,1,2020-12-09,False
SKYH,4,2020-12-14,False
SKYH,719,2023-10-18,False
SKYH-WT,2,2022-03-02,False
SKYH-WT,5,2022-03-07,False
SKYH-WT,10,2022-03-14,False
SKYQ,1,2024-10-11,False
SKYT,2,2021-04-23,False
SKYU,1,2021-01-22,False
SKYU,8,2021-02-02,False
SKYU,13,2021-02-09,False
SKYW,2226,2024-11-06,False
SKYX,1,2022-02-11,False
SKYX,4,2022-02-16,False
SLAB,2001,2023-12-14,False
SLAMF,1,2021-04-19,False
SLDE,1,2025-06-18,False
SLDP,1,2021-05-19,False
SLDP,17,2021-06-11,False
SLDP,115,2021-10-29,False
SLDPW,2,2021-12-08,False
SLDR,1,2024-09-12,False
SLGB,1,2025-10-16,False
SLGC,1,2021-04-26,False
SLJY,1,2025-08-20,False
SLJY,6,2025-08-27,False
SLJY,8,2025-08-29,False
SLM,1020,2020-01-23,False
SLM,1222,2020-11-09,False
SLMT,1,2023-01-30,False
SLN,1,2020-09-09,False
SLNAF,1,2022-10-28,False
SLND,1,2021-12-27,False
SLND-WT,1,2024-12-10,False
SLNZ,1,2024-11-19,False
SLON,1,2025-07-16,False
SLON,4,2025-07-21,False
SLQT,1,2020-05-22,False
SLQT,4,2020-05-28,False
SLSN,1,2025-04-08,False
SLSN,5,2025-04-14,False
SLSN,12,2025-04-24,False
SLTY,1,2025-08-22,False
SLV,1148,2020-07-27,False
SLV,1156,2020-08-06,False
SLV,2531,2026-01-28,False
SLVM,1,2021-09-24,False
SLVR,1,2025-01-16,False
SLXN,1,2021-04-08,False
SLXNW,1,2021-04-12,False
SMA,1,2025-04-03,False
SMAP,1,2024-10-24,False
SMAX,1,2024-10-02,False
SMAY,1,2023-05-23,False
SMBS,1,2024-11-20,False
SMCF,1,2023-12-14,False
SMCF,4,2023-12-19,False
SMCI,2024,2024-01-19,False
SMCL,1,2024-12-11,False
SMCO,2,2023-12-01,False
SMCX,1,2024-08-22,False
SMCY,1,2024-09-13,False
SMCY,6,2024-09-20,False
SMCZ,1,2025-04-01,False
SMDX,1,2025-03-03,False
SMFL,1,2022-02-17,False
SMG,1476,2021-11-11,False
SMHX,2,2024-08-30,False
SMID,1226,2021-01-26,False
SMIG,1,2021-08-27,False
SMIZ,1,2023-10-04,False
SMJF,2,2025-12-08,False
SMLL,1,2024-08-30,False
SMOG,1262,2021-01-07,False
SMOM,1,2025-09-11,False
SMOT,1,2022-10-07,False
SMOX,1,2025-12-04,False
SMOX,5,2025-12-10,False
SMQ,1,2025-12-02,False
SMR,1,2020-12-10,False
SMRF,1,2026-02-20,False
SMRI,1,2023-09-15,False
SMRT,1,2021-02-08,False
SMST,1,2024-08-22,False
SMST,5,2024-08-28,False
SMTH,1,2023-12-07,False
SMU,1,2025-07-14,False
SMU,5,2025-07-18,False
SMUP,1,2025-07-28,False
SMWB,1,2021-05-13,False
SMX,1,2021-12-10,False
SMXT,1,2024-02-28,False
SMXWW,1,2021-12-08,False
SMYY,1,2025-10-01,False
SMYY,4,2025-10-06,False
SMZ,1,2026-02-12,False
SMZ,6,2026-02-20,False
SN,1,2023-08-01,False
SNA,2212,2024-10-17,False
SNAG,2,2025-12-22,False
SNAG,7,2025-12-30,False
SNAL,1,2022-11-11,False
SNAV,1,2023-01-12,False
SNCY,1,2021-03-18,False
SNDK,2,2025-02-18,False
SNDK,5,2025-02-21,False
SNDU,2,2026-03-16,False
SNDU,4,2026-03-18,False
SNN,2416,2025-08-13,False
SNOU,1,2025-04-25,False
SNOU,5,2025-05-01,False
SNOU,10,2025-05-08,False
SNOU,12,2025-05-12,False
SNOU,20,2025-05-22,False
SNOV,1,2023-11-21,False
SNOW,1,2020-09-17,False
SNOY,1,2024-06-12,False
SNOY,4,2024-06-17,False
SNOY,114,2024-11-21,False
SNPD,1,2022-11-10,False
SNPG,1,2022-11-10,False
SNPV,2,2022-11-10,False
SNPX,1,2025-11-14,False
SNPX,7,2025-11-24,False
SNPX,11,2025-12-01,False
SNPX,13,2025-12-03,False
SNPX,18,2025-12-10,False
SNSE,1,2021-02-05,False
SNT,2228,2024-11-12,False
SNT,2231,2024-11-15,False
SNTG,2,2021-07-13,False
SNTH,1,2025-03-12,False
SNTI,1,2021-05-27,False
SNXX,1,2026-01-28,False
SNXX,3,2026-01-30,False
SOAR,1,2022-01-24,False
SOAR,465,2023-11-28,False
SOBO,1,2024-10-04,False
SOBO,3,2024-10-08,False
SOBO,11,2024-10-18,False
SOC,1,2021-04-20,False
SOC,741,2024-05-16,False
SOCA,1,2025-09-08,False
SOCAU,1,2025-07-17,False
SOEZ,1,2025-12-04,False
SOF,1,2023-11-15,False
SOFA,1,2026-02-12,False
SOFI,1,2020-12-01,False
SOFI,6,2020-12-08,False
SOFR,1,2023-11-16,False
SOFX,2,2025-01-21,False
SOGP,1,2020-01-21,False
SOHOB,2049,2025-10-27,False
SOJD,1,2020-01-15,False
SOJE,1,2020-09-24,False
SOJF,1,2025-01-17,False
SOJF,5,2025-01-24,False
SOLC,1,2025-11-19,False
SOLM,1,2025-11-05,False
SOLR,1,2020-11-13,False
SOLR,8,2020-11-24,False
SOLS,2,2025-10-21,False
SOLT,2,2025-03-24,False
SOLV,1,2024-03-27,False
SOLX,1,2025-12-03,False
SOLZ,2,2025-03-24,False
SOMN,1,2025-11-05,False
SONDQ,1,2021-03-16,False
SONM,430,2021-01-25,False
SONO,642,2021-02-22,False
SOPA,1,2021-11-10,False
SOPH,1,2021-07-26,False
SOPH,7,2021-08-03,False
SORA,2,2025-05-27,False
SORN,1,2026-03-02,False
SORNW,1,2026-03-04,False
SOS,1558,2023-07-10,False
SOUN,1,2022-04-29,False
SOUN,458,2024-02-26,True
SOUN,651,2024-11-29,True
SOUNW,2,2022-04-27,False
SOUX,1,2025-06-25,False
SOUX,4,2025-06-30,False
SOVF,1,2023-10-04,False
SOXQ,1,2021-06-14,False
SOXY,1,2024-12-04,False
SPAI,1,2024-08-29,False
SPAI,4,2024-09-04,False
SPAM,1,2023-12-11,False
SPAM,3,2023-12-13,False
SPAM,7,2023-12-19,False
SPAQ,1,2023-01-31,False
SPBC,1,2021-05-26,False
SPBU,1,2025-03-07,False
SPBW,1,2025-01-10,False
SPBX,1,2025-01-10,False
SPC,1,2021-09-22,False
SPCI,3,2026-03-17,False
SPCI,7,2026-03-23,False
SPCI,9,2026-03-25,False
SPCK,1,2020-12-17,False
SPCK,22,2021-01-20,False
SPCT,1,2025-10-01,False
SPCZ,1,2022-07-13,False
SPD,1,2020-09-08,False
SPDG,1,2023-09-13,False
SPEG,1,2025-09-10,False
SPG,2001,2023-12-14,False
SPHL,2,2024-10-21,False
SPHL,7,2024-10-28,False
SPHR,1,2020-04-13,False
SPIN,1,2024-09-06,False
SPIR,1,2020-11-04,False
SPIT,1,2025-10-07,False
SPKL,1,2023-11-28,False
SPKLU,1,2023-10-06,False
SPKLU,100,2024-02-29,False
SPLS,1,2026-01-20,False
SPMC,1,2024-06-17,False
SPME,1,2025-07-14,False
SPNT,2324,2025-04-01,False
SPOG,1,2025-11-18,False
SPOK,1801,2023-03-01,False
SPOK,1804,2023-03-06,False
SPOT,537,2020-05-20,False
SPOT,1477,2024-02-14,False
SPPL,1,2023-09-14,False
SPPL,43,2023-11-13,False
SPPP,2508,2025-12-23,False
SPPP,2510,2025-12-26,False
SPRB,1,2020-10-12,False
SPRB,3,2020-10-14,False
SPRC,1,2021-08-31,False
SPRE,1,2020-12-31,False
SPRU,264,2020-09-18,False
SPRU,313,2020-11-27,False
SPRX,1,2021-08-05,False
SPRY,1,2020-12-07,False
SPRY,8,2020-12-16,False
SPSC,1442,2021-09-24,False
SPTB,1,2024-05-22,False
SPTE,1,2023-12-04,False
SPTL,1050,2020-03-06,False
SPTU,1,2025-10-09,False
SPUC,1,2020-09-08,False
SPUT,1,2025-03-17,False
SPUU,1135,2020-09-02,False
SPWO,1,2023-12-21,False
SPWR,1,2021-04-20,False
SPWR,5,2021-04-26,False
SPWRW,1,2025-04-22,False
SPXD,1,2025-07-25,False
SPXL,1175,2020-09-02,False
SPYA,1,2025-06-04,False
SPYC,1,2020-09-08,False
SPYH,1,2025-04-04,False
SPYH,4,2025-04-09,False
SPYI,1,2022-08-31,False
SPYQ,1,2024-10-02,False
SPYQ,3,2024-10-04,False
SPYT,1,2024-03-08,False
SPYU,1,2023-12-05,False
SPYU,7,2023-12-13,False
SQFT,1,2020-10-08,False
SQLT,1,2026-04-02,False
SQLT,4,2026-04-08,False
SQMX,1,2024-12-24,False
SRAD,1,2021-09-15,False
SRBK,1,2023-09-21,False
SRCE,1977,2023-11-14,False
SRCE,2151,2024-07-26,False
SRFM,1,2023-07-28,False
SRHQ,1,2022-10-06,False
SRHR,1,2023-11-03,False
SRJN,1,2026-01-20,False
SRL,1341,2021-05-03,False
SROI,1,2023-02-07,False
SRPU,1,2025-10-24,False
SRS,1694,2022-09-26,False
SRS,2329,2025-04-08,False
SRTA,296,2021-01-08,False
SRTA,298,2021-01-12,False
SRTA,304,2021-01-21,False
SRTS,1301,2021-11-22,False
SRTS,2298,2025-11-12,False
SRZN,1,2021-01-12,False
SRZNW,1,2021-01-12,False
SSAC,1,2026-03-02,False
SSACR,1,2026-03-02,False
SSACU,1,2026-02-06,False
SSACW,1,2026-03-02,False
SSD,2001,2023-12-14,False
SSEA,1,2025-10-03,False
SSFI,1,2021-09-30,False
SSII,998,2022-10-05,False
SSK,1,2025-07-03,False
SSK,4,2025-07-09,False
SSK,6,2025-07-11,False
SSK,12,2025-07-21,False
SSO,1175,2020-09-02,False
SSPX,1,2021-09-10,False
SSS,1,2026-02-02,False
SSSS,1123,2020-06-19,False
SST,1,2020-08-10,False
SST,6,2020-08-17,False
SSTK,1155,2020-08-05,False
SSTK,1783,2023-02-02,False
SSUS,1,2020-01-21,False
SSXU,1,2022-07-05,False
SSYS,2523,2026-01-15,False
STAG,2150,2024-07-22,False
STAK,2,2025-02-28,False
STAX,1,2023-11-30,False
STBA,1306,2021-03-12,False
STBA,1718,2022-10-28,False
STBA,2149,2024-07-19,False
STBA,2151,2024-07-23,False
STBF,1,2024-04-10,False
STBQ,1,2025-12-24,False
STBQ,7,2026-01-05,False
STBX,1,2022-08-24,False
STC,1478,2021-11-15,False
STC,2151,2024-07-23,False
STCE,2,2022-08-08,False
STCE,6,2022-08-12,False
STCE,239,2023-07-19,False
STEC,1,2021-03-29,False
STEM,1,2020-10-09,False
STEN,1,2025-10-02,False
STEP,1,2020-09-17,False
STEP,4,2020-09-22,False
STEP,8,2020-09-28,False
STEP,1339,2026-01-15,False
STFS,1,2024-10-14,False
STFS,4,2024-10-17,False
STG,725,2021-02-12,False
STHH,1,2025-03-17,False
STHO,2,2023-03-30,False
STI,1,2022-05-03,False
STKE,1,2021-01-11,False
STKH,1,2021-03-15,False
STLA,1904,2023-07-28,False
STLG,1,2020-01-15,False
STLU,1,2026-04-02,False
STNC,1,2021-03-17,False
STOK,316,2020-09-18,False
STOX,1,2025-06-27,False
STRA,1724,2022-11-07,False
STRC,2,2025-07-29,False
STRC,6,2025-08-04,False
STRL,1725,2022-11-08,False
STRL,1911,2023-08-08,False
STRL,1916,2023-08-15,False
STRL,2105,2024-05-15,False
STRN,1,2025-08-21,False
STRR,1476,2021-11-11,False
STRR,1479,2021-11-16,False
STRR,2068,2024-03-22,False
STRT,2005,2023-12-22,False
STRV,1,2022-09-16,False
STRW,2,2022-10-19,False
STRW,339,2024-05-03,False
STRZ,2,2025-05-09,False
STSB,1,2024-11-18,False
STSB,4,2024-11-21,False
STSM,1,2025-11-19,False
STSS,1,2022-04-18,False
STTK,2,2020-10-13,False
STTK,5,2020-10-16,False
STTK,8,2020-10-21,False
STTK,17,2020-11-03,False
STUB,1,2025-09-17,False
STVN,1,2021-07-19,False
STVN,5,2021-07-23,False
STX,2443,2025-09-22,False
STX,2450,2025-10-01,False
STXD,1,2022-11-11,False
STXE,1,2023-02-01,False
STXG,1,2022-11-11,False
STXI,1,2024-06-27,False
STXK,1,2022-11-11,False
STXM,1,2024-04-12,False
STXT,1,2023-08-11,False
STXV,1,2022-11-11,False
SUGP,1,2024-01-25,False
SUIS,2,2026-02-20,False
SUIS,5,2026-02-25,False
SULR,1,2020-11-12,False
SUMAU,1,2026-03-12,False
SUNB,2,2026-03-04,False
SUNC,1,2025-11-07,False
SUNS,2,2024-07-11,False
SUNWQ,2336,2025-04-16,False
SUPL,1,2022-04-08,False
SUPN,2411,2025-08-06,False
SUPN,2416,2025-08-13,False
SUPN,2474,2025-11-04,False
SUPP,1,2023-02-16,False
SUPX,1,2024-04-18,False
SUPX,13,2024-05-06,False
SUPX,18,2024-05-13,False
SURI,1,2023-02-09,False
SUUN,1,2024-04-09,False
SVAL,3,2020-11-03,False
SVAL,7,2020-11-09,False
SVAQ,1,2026-02-13,False
SVAQW,1,2026-02-13,False
SVC,1793,2023-02-16,False
SVCC,1,2025-03-25,False
SVCCU,1,2025-01-31,False
SVCO,1,2024-05-10,False
SVII,1,2022-10-31,False
SVIV,1,2026-03-03,False
SVIVU,1,2026-02-09,False
SVIVW,1,2026-03-03,False
SVIVW,3,2026-03-09,False
SVIX,1,2022-03-29,False
SVIX,5,2022-04-04,False
SVIX,173,2022-12-02,False
SVOL,1,2021-05-14,False
SVRE,1,2022-06-06,False
SVRE,3,2022-06-08,False
SVREW,1,2022-06-06,False
SVREW,4,2022-06-09,False
SVRN,1,2021-12-01,False
SVV,1,2023-06-30,False
SWAG,1,2021-11-10,False
SWAG,3,2021-11-12,False
SWAG,1004,2025-11-10,False
SWBI,1382,2021-06-30,False
SWBI,2058,2024-03-08,False
SWIM,1,2021-04-26,False
SWIM,3,2021-04-28,False
SWIM,15,2021-05-14,False
SWKS,1999,2023-12-14,False
SWMR,1,2026-03-18,False
SWP,1,2024-09-26,False
SWSS,1,2021-09-24,False
SWVL,1,2021-03-16,False
SWVLW,1,2021-03-16,False
SXC,2226,2024-11-06,False
SXI,1911,2023-08-08,False
SXQG,2,2021-05-14,False
SXTP,1,2023-07-13,False
SXTPW,2,2023-07-13,False
SYF-PB,1,2024-02-16,False
SYFI,1,2024-06-11,False
SYM,1,2021-03-10,False
SYNX,2,2024-01-17,False
SYRA,1,2023-10-02,False
SYT,1,2023-04-03,False
SYZ,1,2025-09-16,False
SYZ,3,2025-09-18,False
SZK,1785,2023-10-03,False
SZK,1792,2023-10-12,False
SZZL,1,2025-05-27,False
SZZLR,1,2025-05-27,False
SZZLU,1,2025-04-03,False
TABD,1,2025-12-12,False
TAC,2458,2025-10-13,False
TACH,1,2025-06-03,False
TACHU,1,2025-04-10,False
TACHW,1,2025-06-03,False
TACHW,4,2025-06-06,False
TACHW,7,2025-06-24,False
TACHW,10,2025-06-30,False
TACK,1,2022-03-24,False
TACN,1,2025-12-12,False
TACO,1,2025-06-06,False
TACOU,1,2025-05-01,False
TACU,1,2025-12-12,False
TAFI,1,2022-09-15,False
TAFL,1,2023-12-14,False
TAFM,1,2023-12-14,False
TAGG,1,2021-09-30,False
TAGS,1021,2022-03-03,False
TAGS,1023,2022-03-07,False
TAIL,734,2020-03-09,False
TAIL,1843,2024-08-05,False
TAIT,2482,2026-01-30,False
TAL,1013,2020-01-13,False
TAL,1015,2020-01-15,False
TALK,2,2020-08-03,False
TALKW,2,2021-06-23,False
TALV,1,2025-12-17,False
TAN,1199,2020-10-07,False
TAOX,1,2020-12-09,False
TAOZ,1,2026-04-02,False
TAOZ,4,2026-04-08,False
TAOZ,7,2026-04-14,False
TAP,1844,2023-05-02,False
TAPR,1,2025-04-02,False
TARK,2,2022-05-04,False
TARS,1,2020-10-19,False
TARS,3,2020-10-21,False
TARS,819,2024-01-22,False
TARS,832,2024-02-08,False
TASK,1,2021-06-14,False
TATT,1132,2021-01-06,False
TAVI,1,2024-12-23,False
TAVIR,2,2024-12-23,False
TAVIU,1,2024-12-05,False
TAX,1,2024-12-19,False
TAXE,1,2024-07-11,False
TAXI,1,2025-08-20,False
TAXM,1,2025-03-14,False
TAXS,1,2025-08-20,False
TAXT,1,2025-08-20,False
TAXX,1,2024-03-15,False
TAYD,2022,2024-01-17,False
TBBB,1,2024-02-09,False
TBBB,3,2024-02-13,False
TBBK,1783,2023-02-02,False
TBBK,2146,2024-07-16,False
TBBK,2151,2024-07-23,False
TBBK,2395,2025-07-15,False
TBFC,1,2024-01-17,False
TBFG,1,2024-01-17,False
TBG,1,2023-11-08,False
TBG,5,2023-11-14,False
TBH,1,2025-03-07,False
TBH,6,2025-03-14,False
TBH,11,2025-03-21,False
TBIL,1,2022-08-10,False
TBJL,1,2020-08-21,False
TBLA,1,2020-10-28,False
TBLA,38,2020-12-23,False
TBLAW,1,2020-10-30,False
TBLAW,4,2020-11-05,False
TBLD,1,2021-07-29,False
TBMC,1,2023-05-16,False
TBMCR,1,2023-03-30,False
TBN,2,2024-07-01,False
TBN,315,2025-09-30,False
TBNK,2154,2024-07-26,False
TBPH,2479,2025-11-11,False
TBRG,1161,2020-08-13,False
TBRG,2235,2024-11-19,False
TBUX,1,2021-09-30,False
TBXU,1,2025-10-02,False
TCAF,1,2023-06-16,False
TCAI,1,2025-08-06,False
TCAI,5,2025-08-12,False
TCAI,33,2025-09-22,False
TCAL,1,2025-03-28,False
TCBS,1,2021-07-19,False
TCBS,38,2021-09-09,False
TCBX,1,2021-11-10,False
TCBX,4,2021-11-15,False
TCHI,1,2022-02-02,False
TCHI,658,2024-10-02,False
TCHI,661,2024-10-07,False
TCHP,1,2020-08-06,False
TCOM,1293,2021-02-23,False
TCPA,1,2025-10-16,False
TCPB,1,2025-02-20,False
TCRX,1,2021-07-19,False
TCV,1,2025-07-18,False
TCV,3,2025-07-22,False
TDAC,1,2025-02-14,False
TDACU,1,2024-12-24,False
TDAQ,1,2025-09-05,False
TDAX,1,2026-01-08,False
TDEC,1,2024-12-24,False
TDG,1020,2020-01-23,False
TDG,1977,2023-11-09,False
TDI,2,2023-12-13,False
TDIC,1,2025-07-24,False
TDOG,1,2026-01-23,False
TDOG,3,2026-01-27,False
TDOT,1,2026-03-09,False
TDOT,3,2026-03-11,False
TDOT,6,2026-03-16,False
TDSA,1,2020-09-17,False
TDSB,1,2020-09-18,False
TDSC,1,2020-09-18,False
TDTH,1,2024-09-11,False
TDUP,1,2021-03-29,False
TDVG,1,2020-08-06,False
TDVI,1,2023-08-11,False
TDW,1526,2022-01-25,False
TDWD,1,2025-12-09,False
TE,1,2020-01-14,False
TE,251,2021-02-03,False
TE,254,2021-02-08,False
TEAD,1,2021-07-26,False
TEAM,2226,2024-11-06,False
TEC,1,2025-04-21,False
TEC,4,2025-04-24,False
TEC,10,2025-05-02,False
TECB,1,2020-01-13,False
TECL,1006,2020-01-02,False
TECX,1574,2024-09-24,False
TEK,1,2024-10-23,False
TEKX,1,2024-09-11,False
TEKX,3,2024-09-13,False
TEKX,7,2024-09-19,False
TEKX,10,2024-09-24,False
TEKX,12,2024-09-26,False
TEKY,2,2025-04-09,False
TEL,2401,2025-07-23,False
TELO,1,2024-02-08,False
TEM,1,2024-06-17,False
TEMD,1,2026-01-23,False
TEMT,1,2025-05-14,False
TEMX,1,2025-03-05,False
TEN,1447,2021-10-01,False
TEN,2558,2026-03-09,False
TEND,1,2025-10-09,False
TENJ,1,2025-10-23,False
TENM,1,2025-10-23,False
TENX,2455,2025-10-08,False
TEQI,1,2020-08-06,False
TERG,1,2025-11-18,False
TERN,1,2021-02-08,False
TESL,1,2020-12-30,False
TESL,3,2021-01-04,False
TESL,7,2021-01-08,False
TESL,212,2021-11-01,False
TESL,215,2021-11-04,False
TEST,1,2025-11-19,False
TEST,4,2025-11-24,False
TETH,1,2024-07-24,False
TEXN,1,2025-06-25,False
TEXU,1,2025-10-02,False
TFIN,1208,2020-10-20,False
TFIN,1265,2021-01-12,False
TFIN-P,1,2020-06-19,False
TFINP,1,2024-10-31,False
TFINP,5,2024-11-06,False
TFINP,8,2024-11-11,False
TFJL,1,2020-08-20,False
TFLR,1,2022-11-18,False
TFNS,1,2025-06-13,False
TFPM,1,2021-10-01,False
TFPN,1,2023-07-13,False
TFSA,1,2021-02-12,False
TGE,2,2025-06-06,False
TGHL,2,2025-09-02,False
TGL,1,2022-08-12,False
TGLB,1,2025-06-27,False
TGLR,1,2023-08-09,False
TGLS,1302,2021-03-08,False
TGNA,1439,2021-09-21,False
TGRT,1,2023-06-16,False
TGRW,1,2020-08-06,False
TGT,1165,2020-08-19,False
THAR,1,2022-01-13,False
THCH,1,2021-03-12,False
THEQ,1,2025-03-28,False
THFF,2151,2024-07-23,False
THH,1,2025-08-28,False
THIR,1,2024-09-25,False
THLV,1,2022-09-14,False
THMR,1,2026-04-10,False
THMZ,2,2025-04-09,False
THNQ,1,2020-05-12,False
THNQ,5,2020-05-18,False
THNQ,7,2020-05-20,False
THNR,1,2024-05-22,False
THR,2541,2026-02-11,False
THRO,1,2021-12-17,False
THRO,6,2021-12-27,False
THRV,1,2025-10-01,False
THRY,722,2021-01-11,False
THTA,1,2023-11-16,False
THY,1,2020-06-26,False
THYF,1,2022-10-27,False
THYM,1,2025-11-21,False
TIC,2,2025-02-20,False
TIGO,1346,2024-05-15,False
TIIV,1,2025-07-28,False
TIL,1,2021-03-22,False
TIL,5,2021-03-26,False
TIL,714,2024-01-22,False
TILE,2000,2023-12-13,False
TILE,2228,2024-11-08,False
TILL,1,2022-05-18,False
TIME,1,2022-01-31,False
TINS,1,2025-10-24,False
TINT,1,2021-10-27,False
TINT,5,2021-11-02,False
TINT,8,2021-11-05,False
TINY,1,2021-10-28,False
TINY,3,2021-11-01,False
TIPA,1,2025-08-20,False
TIPB,1,2025-08-20,False
TIPC,1,2025-08-20,False
TIPD,1,2025-08-20,False
TIPT,1308,2021-03-16,False
TIPT,1454,2021-10-12,False
TIRX,1,2021-01-28,False
TITN,1740,2022-11-30,False
TIVC,1,2021-11-12,False
TJAN,1,2025-01-03,False
TJGC,1,2025-12-08,False
TJUL,1,2023-07-19,False
TJUN,1,2025-06-24,False
TK,1803,2023-03-03,False
TK,2108,2024-05-20,False
TK,2112,2024-05-24,False
TKLF,1,2022-01-19,False
TKNO,1,2021-06-28,False
TKNQ,1,2025-12-24,False
TKNQ,7,2026-01-05,False
TKO,1828,2023-04-10,False
TLA,1,2026-02-04,False
TLCI,1,2025-03-04,False
TLF,2416,2026-02-09,False
TLG,1,2026-03-17,False
TLIH,2,2025-07-09,False
TLN,1,2023-06-05,False
TLN,23,2023-07-07,False
TLNC,1,2025-10-09,False
TLS,1,2020-11-20,False
TLSI,1,2021-02-09,False
TLSI,5,2021-02-16,False
TLSIW,1,2021-02-10,False
TLT,1050,2020-03-06,False
TLTI,1,2024-12-12,False
TLTP,1,2024-10-30,False
TLTW,1,2022-08-23,False
TLTX,1,2025-07-17,False
TLX,1,2024-11-15,False
TLX,3,2024-11-19,False
TLX,10,2024-11-29,False
TLYS,1366,2021-06-08,False
TM,1364,2021-06-04,False
TM,2041,2024-02-13,False
TMAR,1,2025-03-25,False
TMAT,3,2021-02-03,False
TMAT,7,2021-02-09,False
TMB,1,2025-02-06,False
TMC,1,2020-06-29,False
TMC,301,2021-09-07,False
TMCI,1,2021-04-26,False
TMCI,894,2024-11-11,False
TMCWW,1,2021-09-08,False
TMDE,1,2025-04-22,False
TMDX,1261,2024-05-06,False
TMET,1,2023-09-29,False
TMET,568,2026-01-05,False
TMF,1050,2020-03-06,False
TMFE,1,2022-01-03,False
TMFG,1,2021-12-14,False
TMFM,1,2021-12-14,False
TMFX,1,2022-01-03,False
TMH,1,2025-03-17,False
TMLP,1,2025-12-24,False
TMNL,1,2025-11-21,False
TMNS,1,2025-11-21,False
TMSF,1,2025-11-21,False
TMSL,1,2023-06-16,False
TMUS,1033,2020-02-11,False
TMUS,1037,2020-02-18,False
TMUSI,1,2025-08-07,False
TMUSL,2,2025-08-08,False
TMUSZ,1,2025-08-07,False
TMVE,1,2025-11-18,False
TMVE,4,2025-11-21,False
TMVE,6,2025-11-25,False
TNGX,1,2020-09-04,False
TNGY,1,2025-06-17,False
TNK,1554,2022-03-07,False
TNMG,1,2024-12-09,False
TNON,1,2022-04-28,False
TNONW,1,2023-06-16,False
TNUK,1,2025-12-19,False
TNYA,1,2021-08-02,False
TOAK,1,2024-08-21,False
TOCT,1,2025-10-02,False
TOGA,1,2024-05-06,False
TOI,1,2020-06-05,False
TOIIW,1,2020-06-05,False
TOKE,389,2021-02-09,False
TOKE,1519,2025-08-11,False
TOLL,1,2023-05-12,False
TOMZ,2046,2025-01-08,False
TOP,1,2022-06-02,False
TOP,4,2022-06-07,False
TOPC,1,2025-04-17,False
TOPC,5,2025-04-24,False
TOPP,1,2025-01-23,False
TOPS,2371,2025-06-09,False
TOPT,1,2024-10-25,False
TOPW,1,2025-09-05,False
TORO,1,2023-03-06,False
TOS,1,2026-01-30,False
TOST,1,2021-09-23,False
TOST,795,2024-11-19,False
TOT,1,2025-09-04,False
TOTR,1,2021-09-30,False
TOUS,1,2023-06-16,False
TOV,1,2025-02-28,False
TOXR,1,2025-12-12,False
TOYO,1,2024-07-01,False
TPB,2143,2024-11-14,False
TPCS,1244,2021-02-04,False
TPET,1,2023-04-19,False
TPG,1,2022-01-14,False
TPG,482,2023-12-14,False
TPG,487,2023-12-21,False
TPL,1287,2021-02-12,False
TPL,1309,2021-03-17,False
TPL,1914,2023-08-11,False
TPL,2238,2024-11-22,False
TPL,2546,2026-02-19,False
TPLS,1,2025-02-06,False
TPOR,1098,2021-11-02,False
TPR,2001,2023-12-14,False
TPRY,1,2026-02-27,False
TPTA,1,2021-06-16,False
TQQQ,1006,2020-01-02,False
TQQY,1,2025-02-27,False
TR,1275,2021-01-27,False
TRAD-UN,1,2026-02-27,False
TRAK,1866,2023-06-05,False
TRAK,2049,2024-02-27,False
TRAXV,2,2026-04-08,False
TRAXV,6,2026-04-14,False
TRBF,1,2025-10-08,False
TRDA,1,2021-11-01,False
TREE,1783,2023-02-02,False
TRFK,1,2022-06-13,False
TRFM,1,2022-07-12,False
TRFM,6,2022-07-19,False
TRGP,2547,2026-02-20,False
TRGSU,1,2026-02-26,False
TRIN,1,2021-02-01,False
TRIN,5,2021-02-05,False
TRIN,1245,2026-01-14,False
TRINI,1,2024-07-23,False
TRIO,1,2025-03-07,False
TRMK,2154,2024-07-26,False
TRNO,2150,2024-07-22,False
TRNR,1,2023-05-01,False
TRNS,1462,2021-11-12,False
TRON,1,2023-08-16,False
TROT,1,2026-02-26,False
TROX,1435,2021-09-15,False
TRSG,1,2024-04-18,False
TRST,2151,2024-07-23,False
TRSY,1,2024-10-10,False
TRUC,1,2026-02-20,False
TRUD,1,2025-08-22,False
TRUG,1,2021-12-03,False
TRUT,1,2025-08-22,False
TS,2546,2026-02-19,False
TSAT,1920,2023-08-21,False
TSBK,1221,2020-11-10,False
TSBK,1721,2022-11-04,False
TSCM,1,2025-12-31,False
TSCM,4,2026-01-06,False
TSCV,1,2025-11-18,False
TSCV,4,2025-11-21,False
TSCV,6,2025-11-25,False
TSDD,2,2023-08-24,False
TSEC,1,2023-07-20,False
TSEL,1,2025-01-06,False
TSEP,1,2024-09-24,False
TSEP,3,2024-09-26,False
TSES,2,2026-01-02,False
TSHA,1,2020-09-25,False
TSII,1,2025-06-05,False
TSII,4,2025-06-10,False
TSL,1,2022-08-10,False
TSLA,1137,2020-07-10,False
TSLA,1468,2021-11-01,False
TSLA,1877,2023-06-20,False
TSLG,1,2024-12-16,False
TSLI,1,2022-08-10,False
TSLL,1,2022-08-10,False
TSLO,1,2025-08-14,False
TSLP,1,2023-10-30,False
TSLP,4,2023-11-02,False
TSLQ,1,2022-07-15,False
TSLR,1,2023-08-23,False
TSLR,5,2023-08-29,False
TSLS,1,2022-08-10,False
TSLT,1,2023-10-20,False
TSLV,1,2025-07-08,False
TSLW,1,2025-02-20,False
TSLY,1,2022-11-25,False
TSLY,4,2022-11-30,False
TSLZ,1,2023-10-20,False
TSLZ,5,2023-10-26,False
TSLZ,7,2023-10-30,False
TSM,1148,2020-07-27,False
TSM,2038,2024-02-08,False
TSME,1,2022-10-06,False
TSMG,1,2024-12-06,False
TSMU,1,2024-11-13,False
TSMX,2,2024-10-07,False
TSMX,6,2024-10-11,False
TSMX,10,2024-10-17,False
TSMY,1,2024-08-22,False
TSMZ,1,2024-10-04,False
TSNF,4,2026-01-06,False
TSOL,1,2025-11-20,False
TSPA,1,2021-06-10,False
TSPX,1,2025-02-25,False
TSPY,1,2024-08-16,False
TSRS,1,2025-12-31,False
TSSD,1,2025-12-31,False
TSSD,4,2026-01-06,False
TSSD,7,2026-01-09,False
TSUI,1,2026-02-25,False
TSXD,1,2025-10-02,False
TSXU,1,2025-10-02,False
TSXU,3,2025-10-06,False
TSYW,1,2025-11-14,False
TSYX,1,2026-01-08,False
TSYY,1,2024-12-19,False
TSYY,4,2024-12-24,False
TTAM,1,2025-02-10,False
TTAN,1,2024-12-12,False
TTDU,1,2025-09-18,False
TTDU,3,2025-09-22,False
TTDU,11,2025-10-02,False
TTEC,1247,2020-12-15,False
TTEQ,1,2024-10-25,False
TTGT,1287,2021-02-12,False
TTOP,1,2025-11-14,False
TTRX,1,2025-10-09,False
TTXD,1,2025-10-02,False
TTXD,7,2025-10-10,False
TTXU,1,2025-10-02,False
TTXU,5,2025-10-08,False
TUA,1,2022-11-16,False
TUG,1,2022-05-23,False
TUG,5,2022-05-27,False
TUGN,1,2022-05-20,False
TUGN,6,2022-05-27,False
TUR,1684,2022-09-12,False
TUR,2532,2026-01-29,False
TURB,1,2023-09-22,False
TURB,326,2025-01-08,False
TURB,496,2025-09-15,False
TURF,1,2025-06-13,False
TUSB,1,2025-02-20,False
TUSI,1,2022-08-09,False
TUYA,1,2021-03-19,False
TVA,1,2025-05-19,False
TVACU,1,2025-04-24,False
TVACW,1,2021-02-10,False
TVAI,1,2025-07-03,False
TVAIU,1,2025-05-16,False
TVAL,1,2023-06-16,False
TVGN,1,2022-01-06,False
TVGNW,1,2024-02-13,False
TWFG,1,2024-07-19,False
TWFG,5,2024-07-25,False
TWFG,8,2024-07-30,False
TWG,1,2024-04-17,False
TWIN,1847,2023-05-09,False
TWLO,2103,2024-10-31,False
TWLO,2108,2024-11-07,False
TWLO,2111,2024-11-12,False
TWLV,1,2021-04-30,False
TWM,2329,2025-04-08,False
TWNP,1,2025-01-29,False
TWOD,1,2025-05-19,False
TWOX,1,2025-01-17,False
TXBC,1,2025-11-26,False
TXNM,1209,2020-10-21,False
TXNU,1,2026-03-26,False
TXO,2,2023-01-31,False
TXRH,1040,2020-02-21,False
TXS,1,2023-07-14,False
TXUE,1,2025-01-23,False
TXUG,1,2025-01-24,False
TXXD,1,2025-11-21,False
TXXI,1,2025-03-14,False
TXXS,1,2025-12-05,False
TYA,1,2021-09-29,False
TYD,1047,2020-03-03,False
TYD,1050,2020-03-06,False
TYGO,1,2021-09-07,False
TYHOY,1,2024-12-09,False
TYLD,1,2024-01-05,False
TYLG,1,2022-11-23,False
TYLG,5,2022-11-30,False
TYRA,1,2021-09-16,False
TZOO,2154,2024-07-26,False
U,2,2020-09-22,False
U,5,2020-09-25,False
UAA,1285,2021-02-10,False
UAC,1,2025-12-24,False
UAC-UN,1,2026-01-30,False
UAC-WT,1,2026-02-19,False
UBCP,1990,2024-03-25,False
UBER,175,2020-01-21,False
UBEW,2,2025-10-27,False
UBEW,7,2025-11-03,False
UBFO,1769,2023-01-12,False
UBFO,1773,2023-01-19,False
UBND,1,2021-10-06,False
UBRL,1,2024-09-05,False
UBS,2503,2025-12-16,False
UBT,1051,2020-03-09,False
UBXG,1,2024-04-01,False
UCAR,1,2023-04-21,False
UCC,1040,2020-09-02,False
UCFI,1,2024-02-20,False
UCIB,1554,2022-03-07,False
UCL,1,2020-06-11,False
UCL,4,2020-06-16,False
UCRD,1,2021-10-06,False
UCYB,1,2021-01-22,False
UDI,1,2022-06-09,False
UDMY,1,2021-11-01,False
UDMY,506,2023-11-03,False
UECG,1,2026-02-11,False
UFEB,1,2020-02-04,False
UFG,1,2025-01-15,False
UFG,4,2025-01-21,False
UFG,6,2025-01-23,False
UFIV,1,2023-03-29,False
UFIV,6,2023-04-05,False
UGA,1555,2022-03-08,False
UGA,2564,2026-03-17,False
UGE,1386,2021-11-01,False
UGE,2458,2026-02-11,False
UGL,1156,2020-08-06,False
UGL,2074,2024-04-02,False
UGL,2081,2024-04-11,False
UGL,2461,2025-10-16,False
UGP,1984,2023-11-20,False
UHAL-B,1,2022-11-11,False
UHAL-B,7,2022-11-21,False
UHAL-B,274,2023-12-14,False
UHG,1,2021-03-30,False
UHG,7,2021-04-08,False
UHGWW,1,2021-03-25,False
UI,1282,2021-02-05,False
UI,2228,2024-11-08,False
UIS,1242,2020-12-08,False
UIS,1244,2020-12-10,False
ULCC,3,2021-04-07,False
ULH,1662,2022-08-10,False
ULS,1,2024-04-15,False
ULTA,1992,2023-12-01,False
ULTI,1,2025-11-03,False
ULTY,1,2024-03-01,False
ULY,1,2023-10-20,False
UMAC,1,2024-02-15,False
UMAR,1,2020-03-03,False
UMAY,1,2020-05-04,False
UMC,1153,2020-08-03,False
UMH,2151,2024-07-23,False
UMMA,1,2022-01-10,False
UNB,2244,2024-12-03,False
UNCY,1,2021-07-13,False
UNF,2507,2025-12-22,False
UNFI,2200,2024-10-01,False
UNG,1435,2021-09-15,False
UNHG,2,2025-07-23,False
UNHU,1,2026-03-26,False
UNHU,4,2026-03-31,False
UNHU,6,2026-04-02,False
UNHU,12,2026-04-14,False
UNHW,1,2025-12-04,False
UNIT,2401,2025-07-23,False
UNIY,1,2023-02-08,False
UNX,1,2025-09-17,False
UP,1,2020-11-16,False
UP,3,2020-11-18,False
UP,165,2021-07-14,False
UPAR,1,2022-01-05,False
UPB,1,2024-10-11,False
UPB,6,2024-10-18,False
UPC,1,2021-03-24,False
UPC,4,2021-03-29,False
UPGR,2,2023-07-17,False
UPRO,1175,2020-09-02,False
UPS,1157,2020-08-07,False
UPSD,1,2024-11-22,False
UPSG,1,2025-12-12,False
UPSG,5,2025-12-18,False
UPSG,23,2026-01-15,False
UPST,1,2020-12-17,False
UPSX,1,2025-06-11,False
UPXI,1,2021-06-25,False
URA,1247,2020-12-15,False
URA,1429,2021-09-07,False
URAA,1,2024-06-27,False
URAA,5,2024-07-03,False
URAN,2,2024-09-26,False
URAN,6,2024-10-02,False
URAN,8,2024-10-04,False
URBN,2241,2024-11-27,False
URI,1782,2023-02-01,False
URNJ,1,2023-02-03,False
URNM,259,2020-12-14,False
URNM,275,2021-01-07,False
UROY,1,2020-01-15,False
URSP,1,2025-08-28,False
USAF,1,2024-11-21,False
USAR,1,2023-07-18,False
USAR,322,2024-12-09,False
USAU,1159,2020-08-12,False
USAX,1,2026-01-14,False
USCA,1,2023-04-05,False
USCB,1,2021-07-26,False
USCB,4,2021-07-29,False
USCB,23,2021-08-25,False
USCB,749,2024-07-22,False
USCF,1,2023-12-13,False
USCI,1554,2022-03-07,False
USCL,1,2023-06-09,False
USDX,1,2024-03-01,False
USE,1,2023-05-05,False
USEA,1,2022-07-07,False
USEG,2074,2024-04-02,False
USEG,2202,2024-10-03,False
USEW,1,2025-12-19,False
USFD,2442,2026-02-12,False
USFE,1,2026-01-28,False
USFI,1,2023-07-28,False
USGG,1,2026-01-13,False
USGO,1,2023-04-21,False
USGO,7,2023-05-01,False
USGO,10,2023-05-04,False
USGO,12,2023-05-08,False
USGOW,1,2023-04-21,False
USGOW,5,2023-04-27,False
USGOW,12,2023-05-08,False
USIN,1,2024-03-15,False
USL,2565,2026-03-18,False
USLM,1722,2022-11-03,False
USLN,1,2026-03-05,False
USMD,1,2026-02-09,False
USML,1,2021-02-08,False
USNG,1,2025-05-21,False
USNG,4,2025-05-27,False
USNZ,1,2022-06-29,False
USNZ,6,2022-07-07,False
USO,1555,2022-03-08,False
USO,2557,2026-03-06,False
USOY,1,2024-05-13,False
USOY,459,2026-03-12,False
USOY,462,2026-03-17,False
USOY,465,2026-03-20,False
USRD,1,2023-12-14,False
USSE,1,2023-08-31,False
USSH,1,2024-03-15,False
UST,1048,2020-03-06,False
USVN,1,2023-03-29,False
USXF,1,2020-06-19,False
UTEN,1,2022-08-10,False
UTHR,1612,2022-05-27,False
UTHR,2429,2025-09-02,False
UTHY,1,2023-03-29,False
UTHY,3,2023-03-31,False
UTI,2237,2024-11-21,False
UTMD,1483,2021-11-22,False
UTRE,1,2023-03-29,False
UTWO,1,2022-08-10,False
UTWY,1,2023-03-29,False
UTWY,3,2023-03-31,False
UTZ,383,2020-06-05,False
UTZ,386,2020-06-10,False
UTZ,443,2020-08-31,False
UUUG,2,2026-01-14,False
UUUG,5,2026-01-20,False
UVE,2048,2024-02-23,False
UVIX,1,2022-03-31,False
UVSP,2154,2024-07-26,False
UVV,2154,2024-07-26,False
UWMC,1,2020-04-08,False
UWMC,163,2020-12-28,False
UWMC-WS,1,2020-12-29,False
UX,1,2025-01-30,False
UX,4,2025-02-04,False
UXAP,1,2025-04-22,False
UXAP,3,2025-04-24,False
UXJA,1,2025-01-22,False
UXJL,1,2025-07-22,False
UXOC,1,2024-10-22,False
UXRP,2,2025-07-17,False
UYLD,1,2022-10-26,False
UYSC,1,2025-05-28,False
UYSCR,1,2025-05-28,False
UYSCU,1,2025-04-01,False
UZD,1,2020-08-20,False
UZE,1,2020-12-16,False
UZF,1,2021-05-27,False
VABK,1314,2023-08-03,False
VABK,1556,2024-07-22,False
VABS,1,2021-02-11,False
VACH,1,2024-10-01,False
VACH,361,2026-03-11,False
VACHU,1,2024-08-12,False
VACHU,398,2026-03-13,False
VACHW,1,2024-10-01,False
VACI,1,2025-11-21,False
VACI-U,1,2025-11-04,False
VACI-WS,1,2025-11-21,False
VAL,1,2021-05-04,False
VAL-WT,1,2021-05-04,False
VALE,1237,2020-12-01,False
VALE,1244,2020-12-10,False
VALG,2,2025-12-22,False
VALG,11,2026-01-06,False
VALG,17,2026-01-14,False
VALN,1,2021-05-07,False
VALN,7,2021-05-17,False
VALN,1072,2025-08-13,False
VAVX,1,2026-01-27,False
VBCA,1,2026-03-27,False
VBCB,1,2026-03-27,False
VBCC,1,2026-03-27,False
VBCD,1,2026-03-27,False
VBCE,1,2026-03-27,False
VBCF,1,2026-03-27,False
VBCG,1,2026-03-27,False
VBCH,1,2026-03-27,False
VBCI,1,2026-03-27,False
VBCJ,1,2026-03-27,False
VBIL,1,2025-02-12,False
VBIX,2050,2024-02-27,False
VBNK,703,2023-12-26,False
VBNK,1199,2025-12-18,False
VCAR,2,2020-12-30,False
VCAR,4,2021-01-04,False
VCAR,8,2021-01-08,False
VCAR,213,2021-11-01,False
VCAR,216,2021-11-04,False
VCEB,1,2020-09-25,False
VCIC,1,2024-10-29,False
VCICU,2,2024-09-06,False
VCICW,1,2024-10-29,False
VCIG,1,2023-04-14,False
VCLN,1,2021-08-05,False
VCOB,1,2025-11-20,False
VCR,1783,2023-02-02,False
VCRB,1,2023-12-15,False
VCRM,1,2024-11-22,False
VCTR,1560,2024-04-23,False
VCTR,1563,2024-04-26,False
VDI,1,2025-12-04,False
VDIG,1,2025-11-19,False
VDIG,5,2025-11-25,False
VEEA,1,2024-09-13,False
VEEAW,1,2021-05-11,False
VEEE,1,2021-07-22,False
VEFA,1,2026-04-06,False
VEFA,3,2026-04-08,False
VEFA,6,2026-04-14,False
VEL,1,2020-01-21,False
VEL,211,2020-11-17,False
VELO,1,2021-01-26,False
VELO,5,2021-02-01,False
VEM,2,2026-02-06,False
VEM,5,2026-02-11,False
VEMY,1,2022-12-14,False
VENU,2,2024-11-29,False
VEON,2049,2024-02-26,False
VERA,1,2021-05-17,False
VERA,3,2021-05-19,False
VERO,929,2021-06-23,False
VERO,931,2021-06-25,False
VERS,1,2022-03-18,False
VERS,8,2022-03-29,False
VERS,704,2025-01-06,False
VERX,1,2020-07-30,False
VERX,4,2020-08-04,False
VERX,6,2020-08-06,False
VETZ,1,2023-08-03,False
VEXC,1,2025-10-03,False
VFLO,1,2023-06-23,False
VFS,1,2021-09-08,False
VFS,476,2023-07-31,False
VFSWW,1,2023-08-16,False
VFSWW,5,2023-08-22,False
VG,1,2025-01-27,False
VGAS,1,2021-10-05,False
VGASW,2,2023-02-15,False
VGHY,1,2025-09-18,False
VGLT,1050,2020-03-06,False
VGMS,1,2025-06-12,False
VGNT,2,2026-03-31,False
VGNT-W,2,2026-03-31,False
VGRO,1,2025-12-24,False
VGSR,1,2023-12-05,False
VGSR,8,2023-12-14,False
VGUS,1,2025-02-12,False
VGVT,1,2025-07-10,False
VHAI,1,2024-02-27,False
VHCP,1,2026-02-10,False
VHCPW,2,2026-02-11,False
VIA,1,2025-09-15,False
VIAV,2471,2025-10-30,False
VICR,1013,2020-01-13,False
VIK,2,2024-05-03,False
VIK,131,2024-11-06,False
VINC,2,2020-05-29,False
VINC,70,2020-09-29,False
VINC,74,2020-10-05,False
VINP,2,2021-02-01,False
VINP,5,2021-02-04,False
VIOT,586,2021-01-25,False
VIOT,1481,2024-08-15,False
VIRC,1913,2023-09-18,False
VIRC,1917,2023-09-22,False
VIRT,1049,2020-03-05,False
VITL,1,2020-08-03,False
VITL,3,2020-08-05,False
VITL,949,2024-05-09,False
VIXM,1050,2020-03-09,False
VIXM,1053,2020-03-12,False
VIXM,1055,2020-03-16,False
VIXM,1057,2020-03-18,False
VIXM,1274,2021-01-27,False
VLLU,1,2024-09-06,False
VLN,1,2020-09-24,False
VLN-WT,2,2020-09-25,False
VLN-WT,6,2020-10-01,False
VLTO,1,2023-09-28,False
VMAR,1,2020-11-25,False
VMAR,7,2020-12-04,False
VMC,1200,2020-10-08,False
VMI,1269,2021-01-19,False
VMSB,1,2025-12-04,False
VNAM,1,2021-12-10,False
VNDA,1286,2021-02-11,False
VNIE,1,2025-05-16,False
VNME,1,2025-08-25,False
VNSE,1,2020-09-18,False
VNT,1,2020-09-28,False
VNT,4,2020-10-01,False
VNTG,1,2025-06-13,False
VOC,1546,2022-02-23,False
VOLT,1,2024-12-05,False
VOR,1,2021-02-08,False
VOR,5,2021-02-12,False
VOTE,1,2021-06-24,False
VOXP,1,2022-11-07,False
VOXP,4,2022-11-10,False
VOXR,1,2020-08-05,False
VOYG,1,2025-06-11,False
VOYX,1,2025-09-09,False
VOYX,3,2025-09-11,False
VPLS,1,2023-12-08,False
VPN,1,2020-10-28,False
VRAR,1,2021-07-02,False
VRAX,1,2022-07-22,False
VRCA,1486,2024-05-13,False
VRNS,1014,2020-01-14,False
VRT,467,2020-06-08,False
VRTL,1,2025-03-26,False
VRTX,1581,2022-04-13,False
VSCO,1,2021-07-22,False
VSCO,9,2021-08-03,False
VSCO,13,2021-08-09,False
VSCO,851,2024-12-06,False
VSDB,1,2025-04-04,False
VSDM,1,2024-11-22,False
VSECU,2,2026-02-06,False
VSECU,4,2026-02-10,False
VSECU,8,2026-02-17,False
VSECU,10,2026-02-19,False
VSEE,1,2024-06-25,False
VSEEW,1,2024-06-25,False
VSLU,1,2021-04-30,False
VSME,1,2023-09-28,False
VSNT,1,2025-12-16,False
VSOL,1,2025-11-18,False
VST,1863,2024-03-04,False
VST,1865,2024-03-06,False
VST,1882,2024-04-01,False
VSTD,1,2022-09-12,False
VSTL,1,2025-07-23,False
VSTL,6,2025-07-30,False
VSTM,1243,2020-12-09,False
VSTS,1,2023-09-28,False
VTEC,1,2024-01-31,False
VTEI,1,2024-01-31,False
VTEL,1,2025-05-23,False
VTES,1,2023-03-10,False
VTEX,1,2021-07-22,False
VTG,1,2025-07-10,False
VTIX,1,2026-01-28,False
VTMX,2,2023-07-05,False
VTOL,2100,2024-05-08,False
VTOL,2104,2024-05-14,False
VTOL,2108,2024-05-20,False
VTP,1,2025-07-10,False
VTRS,2012,2024-01-02,False
VTS,1,2023-01-11,False
VUS,1,2025-12-04,False
VUSB,1,2021-04-08,False
VUSG,1,2025-11-19,False
VUSG,4,2025-11-24,False
VUSI,1,2025-11-20,False
VUSV,1,2025-11-19,False
VUSV,5,2025-11-25,False
VVOS,1,2020-12-14,False
VVOS,4,2020-12-17,False
VVV,2358,2026-02-11,False
VVX,2416,2025-08-13,False
VWAV,2,2025-07-16,False
VXZ,532,2020-03-09,False
VXZ,535,2020-03-12,False
VXZ,539,2020-03-18,False
VYLD,2,2025-03-21,False
VZ,2541,2026-02-11,False
WABF,1,2023-09-22,False
WAFD,2151,2024-07-23,False
WAFD,2154,2024-07-26,False
WAI,1,2023-04-19,False
WAI,7,2023-04-27,False
WALD,1,2021-05-13,False
WALDW,3,2021-05-14,False
WAR,1,2024-12-31,False
WAR,3,2025-01-03,False
WAVE,1,2021-07-02,False
WAY,1,2024-06-10,False
WBI,2,2025-09-19,False
WBI,7,2025-09-26,False
WBI,14,2025-10-07,False
WBTN,1,2024-06-28,False
WBUY,1,2023-10-20,False
WBUYD,1,2023-10-20,False
WBX,1,2021-04-20,False
WCAP,1,2025-09-12,False
WCBR,3,2021-02-02,False
WCBR,8,2021-02-09,False
WCEO,1,2023-01-10,False
WCME,1,2024-10-08,False
WCMI,1,2024-10-08,False
WCPB,1,2025-08-14,False
WCT,1,2024-10-03,False
WCT,3,2024-10-07,False
WCT,9,2024-10-15,False
WCT,12,2024-10-18,False
WDAF,2,2025-09-16,False
WDAY,1996,2023-12-07,False
WDC,1006,2020-01-02,False
WDC,2407,2025-07-31,False
WDCX,1,2026-01-28,False
WDEF,1,2025-07-18,False
WDGF,1,2025-09-15,False
WDH,1,2021-05-10,False
WDH,1057,2025-07-24,False
WDI,1,2021-06-28,False
WDNA,2,2021-06-07,False
WDS,2557,2026-03-06,False
WDTE,1,2023-09-20,False
WEAT,1552,2022-03-03,False
WEAV,2,2021-11-15,False
WEED,1,2022-04-21,False
WEED,349,2023-09-11,False
WEEI,1,2024-05-02,False
WEEK,1,2025-03-07,False
WEEL,1,2024-05-17,False
WELL,2544,2026-02-17,False
WEN,1366,2021-06-08,False
WENN,1,2025-07-08,False
WENNU,1,2025-05-16,False
WES,2047,2024-02-22,False
WES,2053,2024-03-01,False
WEST,1,2021-10-20,False
WEST,213,2022-08-24,False
WETO,1,2025-02-27,False
WEYS,1307,2021-03-15,False
WF,2365,2025-06-09,False
WF,2535,2026-02-11,False
WF,2541,2026-02-20,False
WFF,3,2025-03-31,False
WFRD,1364,2021-06-14,False
WGMI,2,2022-02-09,False
WGRX,2,2025-02-21,False
WGS,1,2020-11-12,False
WGSWW,1,2023-01-10,False
WHR-P-A,1,2026-02-26,False
WILC,2341,2025-11-28,False
WILC,2347,2025-12-08,False
WIMI,1,2020-04-02,False
WINA,2424,2025-08-25,False
WINA,2435,2025-09-10,False
WINN,1,2022-02-04,False
WINN,4,2022-02-09,False
WINVR,1,2021-10-05,False
WINVW,1,2021-10-07,False
WINVW,6,2021-10-18,False
WISD,1,2025-11-06,False
WISE,1,2023-12-11,False
WISE,4,2023-12-14,False
WISE,7,2023-12-19,False
WIT,2137,2024-07-02,False
WKEY,734,2023-02-09,False
WLAC,1,2024-12-31,False
WLAC,183,2025-09-24,False
WLACU,1,2024-11-08,False
WLDN,2388,2025-07-03,False
WLDN,2394,2025-07-14,False
WLDN,2409,2025-08-04,False
WLDS,1,2022-09-14,False
WLDSW,1,2022-09-14,False
WLDU,1,2026-02-19,False
WLFC,1729,2022-11-14,False
WLFC,2101,2024-05-09,False
WLFC,2109,2024-05-21,False
WLII,1,2026-04-07,False
WLIIU,1,2026-02-13,False
WLIIW,1,2026-04-08,False
WLTG,1,2021-12-08,False
WLTH,1,2025-12-12,False
WMG,1,2020-06-04,False
WMG,4,2020-06-09,False
WMG,8,2020-06-15,False
WMG,328,2021-09-21,False
WMK,2306,2025-03-07,False
WMS,1037,2020-02-18,False
WMS,1666,2022-08-16,False
WMSB,1,2025-11-06,False
WMTI,1,2025-11-05,False
WNTR,1,2025-03-28,False
WNTR,5,2025-04-03,False
WNTR,8,2025-04-08,False
WNTR,166,2025-11-21,False
WNW,1,2020-12-16,False
WNW,1002,2024-12-10,False
WNW,1004,2024-12-12,False
WNW,1008,2024-12-18,False
WNW,1010,2024-12-20,False
WOK,1,2024-08-26,False
WOK,5,2024-08-30,False
WOLF,1465,2021-10-28,False
WOOF,1,2021-01-15,False
WOR,1993,2023-12-04,False
WOR,2001,2023-12-14,False
WPAC-R,1,2026-02-25,False
WPAC-UN,1,2026-02-03,False
WPC,1993,2023-12-04,False
WRBY,1,2021-09-30,False
WRD,1,2024-10-28,False
WRND,1,2022-02-09,False
WS,1,2023-11-30,False
WSBK,1,2025-05-02,False
WSC,1265,2021-01-12,False
WSC,1475,2021-11-10,False
WSC,1481,2021-11-18,False
WSDB,1,2026-04-01,False
WSFS,2151,2024-07-23,False
WSGE,1,2025-12-10,False
WSHP,1,2025-11-17,False
WSM,2061,2024-03-13,False
WSML,1,2025-04-04,False
WSML,4,2025-04-09,False
WSO,1146,2020-07-23,False
WSO,1150,2020-07-29,False
WSO-B,1146,2020-07-23,False
WSR,2580,2026-04-09,False
WST,1148,2020-07-27,False
WST,1405,2021-08-03,False
WSTN,98,2026-01-02,False
WT,2387,2025-07-02,False
WT,2391,2025-07-09,False
WT,2528,2026-01-23,False
WT,2531,2026-01-28,False
WTAI,1,2021-12-10,False
WTBA,1302,2021-03-08,False
WTBN,1,2023-12-21,False
WTF,1,2025-04-02,False
WTGUU,1,2025-05-30,False
WTIB,1,2025-12-11,False
WTID,2,2023-02-17,False
WTID,8,2023-02-28,False
WTIP,1,2025-06-20,False
WTIU,1,2023-02-16,False
WTLS,1,2026-01-26,False
WTMU,1,2025-04-04,False
WTMY,1,2025-04-04,False
WTO,1,2021-04-07,False
WTTR,1899,2024-11-06,False
WUGI,1,2020-04-01,False
WUGI,4,2020-04-06,False
WULX,1,2025-10-24,False
WULX,3,2025-10-28,False
WVVI,1339,2021-05-03,False
WVVI,1451,2021-10-11,False
WVVI,1456,2021-10-18,False
WVVI,2269,2025-01-14,False
WVVI,2273,2025-01-21,False
WW,1,2025-06-30,False
WW,5,2025-07-07,False
WWW,2416,2025-08-13,False
WXET,1,2024-12-16,False
WXM,1,2025-04-02,False
WY,2522,2026-01-14,False
WYFI,1,2025-08-08,False
WYFI,4,2025-08-13,False
WYHG,2,2024-11-27,False
WYHG,6,2024-12-04,False
WYNN,2203,2024-10-04,False
WZRD,1,2025-06-26,False
XAGE,1,2021-09-24,False
XAGG,1,2025-11-11,False
XAIL,1,2026-04-09,False
XAIL,3,2026-04-14,False
XAIX,1,2024-08-05,False
XAIX,4,2024-08-08,False
XAIX,7,2024-08-13,False
XAPR,1,2024-04-23,False
XAR,2522,2026-01-14,False
XAUG,1,2023-08-22,False
XB,1,2022-05-27,False
XBAP,1,2021-04-05,False
XBB,1,2022-05-27,False
XBFR,1,2026-02-25,False
XBIL,1,2023-03-08,False
XBJA,1,2022-01-04,False
XBJL,1,2021-07-02,False
XBOC,1,2021-10-01,False
XBP,1,2021-05-06,False
XBPEW,1,2025-04-23,False
XBTY,1,2025-05-14,False
XC,1,2022-09-23,False
XCBE,1,2026-03-16,False
XCBEU,1,2026-01-22,False
XCBEW,1,2026-03-16,False
XCCC,1,2022-05-27,False
XCH,2,2024-09-11,False
XCH,6,2024-09-17,False
XCHG,1,2025-12-16,False
XCLR,1,2021-03-26,False
XCLR,6,2021-04-05,False
XCNY,1,2024-09-06,False
XCOR,1,2022-10-18,False
XCOR,4,2022-10-21,False
XCOR,6,2022-10-25,False
XDAT,1,2021-01-15,False
XDAT,3,2021-01-20,False
XDEC,1,2021-12-20,False
XDEF,1,2026-02-18,False
XDIV,1,2025-07-11,False
XDNA,1,2022-01-05,False
XDQQ,1,2021-04-05,False
XDSQ,1,2021-04-05,False
XDTE,1,2024-03-08,False
XELLL,1,2025-10-09,False
XEMD,1,2022-07-01,False
XEML,1,2025-12-24,False
XERS,1696,2025-03-21,False
XFEB,1,2024-02-21,False
XFIV,1,2022-09-16,False
XFLH-R,1,2026-03-10,False
XFLT,763,2020-10-08,False
XFLX,1,2023-10-10,False
XHB,1783,2023-02-02,False
XHLD,1,2025-02-14,False
XHLF,1,2022-09-16,False
XHYC,1,2022-02-18,False
XHYD,1,2022-02-18,False
XHYE,1,2022-02-18,False
XHYF,1,2022-02-18,False
XHYH,1,2022-02-18,False
XHYI,1,2022-02-18,False
XHYT,1,2022-02-18,False
XIDE,1,2023-12-19,False
XIDV,1,2025-01-24,False
XIFR,1261,2021-01-06,False
XIFR,1265,2021-01-12,False
XIJN,1,2024-06-25,False
XIMR,1,2024-03-20,False
XISE,1,2023-09-19,False
XJAN,1,2024-01-23,False
XJH,2,2020-09-28,False
XJH,7,2020-10-05,False
XJH,9,2020-10-07,False
XJR,2,2020-09-28,False
XJR,7,2020-10-05,False
XJR,9,2020-10-07,False
XJUL,1,2023-07-25,False
XJUN,1,2021-07-14,False
XLBI,1,2025-07-31,False
XLCI,1,2025-07-31,False
XLEI,1,2025-07-31,False
XLFI,1,2025-07-31,False
XLII,1,2025-07-31,False
XLKI,1,2025-07-31,False
XLO,2,2021-10-26,False
XLO,7,2021-11-02,False
XLRI,1,2025-07-31,False
XLSI,1,2025-07-31,False
XLUI,1,2025-07-31,False
XLVI,1,2025-07-31,False
XLYI,1,2025-07-31,False
XLYI,5,2025-08-06,False
XMAG,1,2024-10-22,False
XMAR,1,2023-03-21,False
XMAY,1,2024-05-21,False
XME,2455,2025-10-08,False
XME,2458,2025-10-13,False
XMTR,1,2021-07-01,False
XMTR,847,2024-11-11,False
XNAV,1,2022-10-18,False
XNAV,6,2022-10-25,False
XNCR,1784,2023-02-03,False
XNDU,1,2026-03-24,False
XNDU,4,2026-03-27,False
XNOV,1,2023-11-21,False
XOCT,1,2023-10-24,False
XOEF,1,2025-07-10,False
XOEX,1,2022-11-10,False
XOMA,1250,2020-12-18,False
XOMO,1,2023-09-01,False
XOMX,1,2025-04-24,False
XOMX,200,2026-02-09,False
XOMZ,1,2025-04-24,False
XOMZ,5,2025-04-30,False
XONE,1,2022-09-16,False
XOS,1,2020-12-09,False
XOS,41,2021-02-08,False
XOSWW,1,2020-12-08,False
XPAY,1,2024-11-01,False
XPAY,4,2024-11-06,False
XPEG,1,2026-01-16,False
XPEL,2319,2025-11-25,False
XPEL,2323,2025-12-02,False
XPER,1,2022-09-30,False
XPEV,1,2020-08-28,False
XPEV,54,2020-11-12,True
XPND,1,2021-06-16,False
XPO,1902,2023-07-26,False
XPO,2538,2026-02-06,False
XPOF,1,2021-07-23,False
XPON,1,2022-04-04,False
XPP,2299,2025-02-26,False
XQQI,1,2026-02-03,False
XRLX,1,2023-10-10,False
XRMI,1,2021-08-27,False
XRN,1878,2023-12-13,False
XRN-P-A,1,2026-01-21,False
XRN-P-B,1,2026-01-22,False
XRN-PB,1,2025-11-17,False
XRP,2,2025-11-24,False
XRPC,1,2025-11-14,False
XRPI,1,2025-05-23,False
XRPK,1,2025-12-03,False
XRPM,1,2025-11-19,False
XRPM,4,2025-11-24,False
XRPN,1,2025-06-25,False
XRPR,1,2025-09-19,False
XRPT,1,2025-05-23,False
XRPZ,1,2025-11-25,False
XRT,1265,2021-01-12,False
XRT,1275,2021-01-27,False
XRX,2006,2023-12-21,False
XRXDW,1,2026-02-17,False
XSEP,1,2022-09-23,False
XSLL,1,2026-03-19,False
XSLLU,1,2026-01-22,False
XSLLW,1,2026-03-19,False
XSLLW,4,2026-03-24,False
XSPI,1,2026-02-03,False
XSVN,1,2022-09-16,False
XTAP,1,2021-04-05,False
XTEN,1,2022-09-16,False
XTJA,1,2022-01-04,False
XTJL,1,2021-07-02,False
XTOC,1,2021-10-04,False
XTR,1,2021-08-27,False
XTRE,1,2022-09-16,False
XTWO,1,2022-09-16,False
XTWY,1,2022-09-16,False
XUDV,1,2025-01-24,False
XUSP,1,2022-08-12,False
XV,1,2025-04-16,False
XVOL,1,2021-04-23,False
XVV,2,2020-09-28,False
XXI,1,2024-08-14,False
XXRP,1,2025-04-09,False
XXRP,4,2025-04-14,False
XXV,1,2025-11-19,False
XXV,4,2025-11-24,False
XXX,1,2026-02-02,False
XXXX,1,2023-12-05,False
XYLG,1,2020-09-22,False
XYZ,1027,2020-02-03,False
XYZG,1,2025-04-07,False
XYZG,3,2025-04-09,False
XYZY,1,2023-10-12,False
XZO,1,2025-11-06,False
YAAS,1,2024-12-23,False
YALA,1,2020-10-01,False
YALA,4,2020-10-06,False
YALA,6,2020-10-08,False
YALL,2,2022-10-13,False
YB,2,2025-05-01,False
YBIT,1,2024-04-24,False
YBMN,1,2025-11-26,False
YBMN,6,2025-12-04,False
YBST,1,2025-12-17,False
YBST,3,2025-12-19,False
YBTC,1,2024-01-19,False
YBTC,6,2024-01-26,False
YBTY,1,2025-12-17,False
YCS,1567,2022-03-24,False
YCY-U,1,2025-10-02,False
YCY-WS,1,2025-10-29,False
YDDL,1,2025-10-10,False
YDEC,1,2020-12-22,False
YDES,1,2025-08-27,False
YEAR,1,2022-09-15,False
YELP,1227,2020-11-16,False
YETH,1,2024-09-05,False
YFFI,1,2025-01-03,False
YFYA,1,2025-02-03,False
YGLD,1,2024-12-04,False
YGLD,6,2024-12-11,False
YGLD,217,2025-10-16,False
YGMZF,1,2020-10-22,False
YHC,1,2023-08-11,False
YHNA,2,2024-11-11,False
YHNAR,1,2024-11-13,False
YHNAU,1,2024-08-19,False
YIBO,1,2024-01-26,False
YJUN,1,2021-06-22,False
YLCO,1261,2021-01-06,False
YLDW,1,2025-12-15,False
YMAG,1,2024-01-31,False
YMAG,3,2024-02-02,False
YMAR,1,2021-03-23,False
YMAT,1,2025-07-31,False
YMAT,8,2025-08-11,False
YMAX,1,2024-01-18,False
YMAX,8,2024-01-29,False
YMM,1,2021-06-23,False
YMT,1,2025-08-20,False
YNOT,1,2025-07-11,False
YNOT,3,2025-07-15,False
YOKE,1,2025-02-25,False
YOLO,457,2021-02-10,False
YOLO,1106,2023-09-11,False
YOOV,1,2026-03-09,False
YOOV,6,2026-03-16,False
YOOV,9,2026-03-19,False
YOU,1,2021-06-24,False
YOU,5,2021-06-30,False
YOUL,1,2025-07-11,False
YPF,2234,2024-11-18,False
YPF,2238,2024-11-22,False
YQ,1,2020-12-07,False
YQQQ,1,2024-08-16,False
YSEP,1,2021-09-21,False
YSG,1,2020-11-20,False
YSPY,2,2025-02-28,False
YSS,1,2026-01-30,False
YSXT,1,2024-12-19,False
YTRA,2174,2025-08-18,False
YUMC,2002,2024-10-02,False
YUMC,2339,2026-02-06,False
YXI,1539,2022-03-14,False
YXT,1,2024-08-19,False
YYGH,1,2024-04-23,False
YYYM,1,2026-03-11,False
Z,1039,2020-02-20,False
ZALT,1,2023-10-03,False
ZAPR,1,2025-04-02,False
ZAUG,1,2024-08-02,False
ZBAO,1,2024-04-03,False
ZBIO,1,2024-09-16,False
ZBIO,5,2024-09-20,False
ZBRA,1222,2020-11-09,False
ZBRA,1294,2021-02-24,False
ZCBA,1,2026-01-08,False
ZCBB,1,2026-01-08,False
ZCBC,1,2026-01-08,False
ZCBE,1,2026-01-08,False
ZCBF,1,2026-01-08,False
ZCBG,1,2026-01-08,False
ZCMD,1,2020-02-25,False
ZDAI,1,2024-07-24,False
ZDAI,3,2024-07-26,False
ZDEK,1,2024-12-03,False
ZECP,1,2021-08-25,False
ZENA,1,2024-10-02,False
ZENV,2,2021-07-26,False
ZENV,5,2021-07-29,False
ZENV,7,2021-08-02,False
ZENV,22,2021-08-23,False
ZENV,26,2021-08-27,False
ZEO,1,2021-12-17,False
ZEO,5,2021-12-23,False
ZEOWW,1,2024-03-12,False
ZEOWW,3,2024-03-14,False
ZETA,1,2021-06-11,False
ZETX,1,2026-02-05,False
ZFEB,1,2025-02-04,False
ZG,1039,2020-02-20,False
ZGM,1,2025-09-10,False
ZGN,1,2021-01-12,False
ZGN,239,2021-12-21,False
ZH,1,2021-03-29,False
ZH,4,2021-04-01,False
ZH,887,2024-10-04,False
ZHDG,1,2021-07-08,False
ZHOG,1,2023-09-07,False
ZIM,2,2021-02-01,False
ZIM,6,2021-02-05,False
ZIM,9,2021-02-10,False
ZIM,11,2021-02-12,False
ZIM,13,2021-02-17,False
ZIP,1,2021-05-27,False
ZIP,3,2021-06-01,False
ZIP,5,2021-06-03,False
ZIP,428,2023-02-07,False
ZIVB,1,2023-04-18,False
ZIVB,35,2023-06-06,False
ZJAN,1,2025-01-03,False
ZJK,2,2024-10-02,False
ZJK,5,2024-10-07,False
ZJUL,1,2024-07-02,False
ZJUN,1,2025-06-03,False
ZJYL,1,2023-03-29,False
ZKH,1,2023-12-18,False
ZKH,6,2023-12-26,False
ZKH,16,2024-01-10,False
ZKP,1,2026-02-05,False
ZKP,3,2026-02-09,False
ZKPW,1,2026-02-05,False
ZLSUF,1,2021-08-02,False
ZM,203,2020-02-07,False
ZMAR,1,2025-03-04,False
ZMAY,1,2025-05-02,False
ZMUN,1,2025-10-01,False
ZNOV,1,2024-11-04,False
ZNTL,1,2020-04-06,False
ZNTL,6,2020-04-14,False
ZNTL,14,2020-04-24,False
ZNTL,16,2020-04-28,False
ZNTL,783,2023-05-15,False
ZOCT,1,2024-10-02,False
ZONE,1,2024-04-29,False
ZOOZ,1,2024-04-08,False
ZOOZW,1,2025-04-23,False
ZPTA,1,2022-03-08,False
ZROZ,1050,2020-03-06,False
ZS,874,2021-09-03,False
ZSB,1,2023-01-12,False
ZSB,5,2023-01-19,False
ZSC,1,2023-08-10,False
ZSEP,1,2024-09-04,False
ZSPC,2,2024-12-06,False
ZSTK,1,2021-05-12,False
ZTAX,1,2023-05-22,False
ZTAX,3,2023-05-24,False
ZTEN,1,2024-01-12,False
ZTOP,1,2025-04-16,False
ZTRE,1,2024-01-12,False
ZTWO,1,2024-01-12,False
ZUMZ,2496,2025-12-05,False
ZURA,1,2023-03-21,False
ZVIA,1,2021-07-23,False
ZVOL,1,2023-04-20,False
ZVOL,33,2023-06-06,False
ZVRA,2393,2025-07-11,False
ZVSA,1,2022-02-11,False
ZVZZT,1151,2022-07-27,False
ZWS,1451,2021-10-07,False
ZWS,2406,2025-07-30,False
ZXZZT,1,2025-10-15,False
ZYBT,1,2025-01-08,False
