Date,Close,High,Low,Open,Volume,SMA50,SMA200,ext_sma50_pct,ext_sma200_pct
2020-08-31,11.0600004196167,11.470000267028809,10.5,11.470000267028809,287900,,,,
2020-09-01,10.640000343322754,11.260000228881836,10.380000114440918,11.010000228881836,228700,,,,
2020-09-02,10.84000015258789,11.100000381469727,10.270000457763672,10.270000457763672,200400,,,,
2020-09-03,10.350000381469727,11.029999732971191,9.859999656677246,10.800000190734863,138500,,,,
2020-09-04,9.75,10.319999694824219,9.569999694824219,10.319999694824219,122400,,,,
2020-09-08,9.430000305175781,9.75,9.09000015258789,9.75,125600,,,,
2020-09-09,9.739999771118164,9.8100004196167,9.460000038146973,9.539999961853027,36500,,,,
2020-09-10,10.279999732971191,10.699999809265137,9.789999961853027,9.869999885559082,152400,,,,
2020-09-11,9.619999885559082,10.420000076293945,9.399999618530273,10.279999732971191,174800,,,,
2020-09-14,9.920000076293945,10.199999809265137,9.5,9.640000343322754,113100,,,,
2020-09-15,11.829999923706055,13.479999542236328,10.5,10.789999961853027,664800,,,,
2020-09-16,10.859999656677246,12.430000305175781,10.75,12.119999885559082,286500,,,,
2020-09-17,10.600000381469727,11.0600004196167,9.819999694824219,10.75,315300,,,,
2020-09-18,10.1899995803833,10.899999618530273,10.020000457763672,10.460000038146973,186800,,,,
2020-09-21,9.800000190734863,10.289999961853027,9.5,10.050000190734863,204400,,,,
2020-09-22,9.4399995803833,10.010000228881836,9.140000343322754,10.0,132500,,,,
2020-09-23,8.449999809265137,9.550000190734863,8.260000228881836,9.510000228881836,144400,,,,
2020-09-24,8.460000038146973,9.020000457763672,8.279999732971191,8.300000190734863,93100,,,,
2020-09-25,8.449999809265137,8.680000305175781,8.180000305175781,8.640000343322754,109000,,,,
2020-09-28,8.829999923706055,9.079999923706055,8.40999984741211,8.550000190734863,111400,,,,
2020-09-29,8.630000114440918,9.100000381469727,8.5,8.949999809265137,74600,,,,
2020-09-30,8.369999885559082,8.770000457763672,8.319999694824219,8.770000457763672,110100,,,,
2020-10-01,9.199999809265137,9.210000038146973,8.350000381469727,8.489999771118164,89000,,,,
2020-10-02,8.630000114440918,9.300000190734863,8.40999984741211,8.789999961853027,120400,,,,
2020-10-05,9.279999732971191,9.5,8.729999542236328,8.8100004196167,89100,,,,
2020-10-06,9.369999885559082,9.970000267028809,9.170000076293945,9.279999732971191,101400,,,,
2020-10-07,10.09000015258789,10.239999771118164,9.380000114440918,9.420000076293945,138000,,,,
2020-10-08,10.109999656677246,10.670000076293945,9.90999984741211,10.34000015258789,131200,,,,
2020-10-09,9.84000015258789,10.319999694824219,9.529999732971191,10.260000228881836,112800,,,,
2020-10-12,9.960000038146973,10.199999809265137,9.770000457763672,9.9399995803833,72900,,,,
2020-10-13,10.1899995803833,10.289999961853027,9.550000190734863,10.0,116200,,,,
2020-10-14,10.65999984741211,11.199999809265137,10.3100004196167,10.630000114440918,210500,,,,
2020-10-15,10.380000114440918,10.640000343322754,9.770000457763672,10.369999885559082,114000,,,,
2020-10-16,10.0,10.5,9.9399995803833,10.420000076293945,49000,,,,
2020-10-19,10.25,10.699999809265137,10.199999809265137,10.550000190734863,127900,,,,
2020-10-20,10.6899995803833,10.930000305175781,10.510000228881836,10.619999885559082,115200,,,,
2020-10-21,10.369999885559082,11.1899995803833,10.3100004196167,10.979999542236328,64500,,,,
2020-10-22,10.4399995803833,10.960000038146973,10.0,10.40999984741211,80600,,,,
2020-10-23,10.65999984741211,10.710000038146973,10.199999809265137,10.5,97000,,,,
2020-10-26,10.399999618530273,10.640000343322754,10.079999923706055,10.510000228881836,79300,,,,
2020-10-27,10.210000038146973,10.449999809265137,10.100000381469727,10.399999618530273,29800,,,,
2020-10-28,9.899999618530273,10.130000114440918,9.619999885559082,10.0,105600,,,,
2020-10-29,9.649999618530273,10.109999656677246,9.600000381469727,9.8100004196167,41000,,,,
2020-10-30,9.710000038146973,9.789999961853027,9.210000038146973,9.670000076293945,47100,,,,
2020-11-02,9.699999809265137,9.989999771118164,9.5600004196167,9.729999542236328,31800,,,,
2020-11-03,9.729999542236328,10.140000343322754,9.630000114440918,9.880000114440918,47800,,,,
2020-11-04,9.430000305175781,9.869999885559082,9.25,9.829999923706055,47200,,,,
2020-11-05,9.65999984741211,9.899999618530273,9.399999618530273,9.399999618530273,37700,,,,
2020-11-06,9.699999809265137,9.9399995803833,9.420000076293945,9.680000305175781,37600,,,,
2020-11-09,9.140000343322754,9.760000228881836,9.119999885559082,9.40999984741211,69000,9.85779993057251,,-7.281539413511595,
2020-11-10,9.4399995803833,9.600000381469727,9.039999961853027,9.210000038146973,53000,9.825399913787841,,-3.922490044030813,
2020-11-11,9.84000015258789,10.109999656677246,9.350000381469727,9.350000381469727,51000,9.809399909973145,,0.3119481609026309,
2020-11-12,10.050000190734863,10.199999809265137,9.850000381469727,10.0,55600,9.793599910736084,,2.61803915144323,
2020-11-13,10.039999961853027,10.390000343322754,9.109999656677246,9.109999656677246,107400,9.78739990234375,,2.5808699146827374,
2020-11-16,9.800000190734863,10.399999618530273,9.699999809265137,10.390000343322754,109800,9.788399906158448,,0.11851052968439024,
2020-11-17,10.050000190734863,10.239999771118164,9.729999542236328,9.859999656677246,80800,9.80079990386963,,2.542652531522882,
2020-11-18,9.630000114440918,10.300000190734863,9.420000076293945,10.279999732971191,90300,9.798599910736083,,-1.7206519077325955,
2020-11-19,10.0,10.15999984741211,9.760000228881836,10.15999984741211,81400,9.79299991607666,,2.1137555978482103,
2020-11-20,10.4399995803833,10.609999656677246,10.0,10.0,147300,9.809399909973145,,6.428524437759231,
2020-11-23,10.420000076293945,10.699999809265137,10.199999809265137,10.550000190734863,86300,9.819399909973145,,6.116465077573596,
2020-11-24,12.0600004196167,12.40999984741211,10.489999771118164,10.5,315100,9.823999919891357,,22.760591591597557,
2020-11-25,13.470000267028809,13.760000228881836,12.0600004196167,12.119999885559082,181900,9.87619993209839,,36.38849314147943,
2020-11-27,12.550000190734863,13.819999694824219,12.029999732971191,13.489999771118164,180200,9.915199928283691,,26.57334477881026,
2020-11-30,14.989999771118164,15.770000457763672,12.779999732971191,13.020000457763672,269700,10.011199932098389,,49.73229855350814,
2020-12-01,14.199999809265137,15.9399995803833,13.850000381469727,15.5,117900,10.099199924468994,,40.605195614164046,
2020-12-02,15.569999694824219,15.75,13.680000305175781,14.279999732971191,90100,10.221799926757813,,52.321507037780265,
2020-12-03,15.170000076293945,15.899999618530273,15.0,15.5600004196167,60300,10.356199932098388,,46.482302154823095,
2020-12-04,16.639999389648438,17.850000381469727,15.010000228881836,15.09000015258789,172100,10.519799919128419,,58.17790754167771,
2020-12-07,17.469999313354492,18.329999923706055,16.760000228881836,16.809999465942383,200800,10.700199909210205,,63.26797126768797,
2020-12-08,17.510000228881836,17.8700008392334,16.479999542236328,17.5,111200,10.87379991531372,,61.029266358140966,
2020-12-09,17.1200008392334,17.93000030517578,16.780000686645508,17.600000381469727,109600,11.04359992980957,,55.021921728819876,
2020-12-10,16.81999969482422,17.5,16.610000610351562,17.5,105000,11.212599925994873,,50.0098086602498,
2020-12-11,17.799999237060547,18.110000610351562,16.6299991607666,16.850000381469727,146400,11.384599914550781,,56.35155710926804,
2020-12-14,20.979999542236328,20.979999542236328,18.0,18.56999969482422,384300,11.63159990310669,,80.37071182815332,
2020-12-15,22.06999969482422,22.239999771118164,19.940000534057617,20.940000534057617,210700,11.88739990234375,,85.65876370048626,
2020-12-16,22.280000686645508,23.469999313354492,21.8799991607666,22.440000534057617,196900,12.145599918365479,,83.44092376166373,
2020-12-17,23.5,24.450000762939453,22.030000686645508,22.239999771118164,160300,12.41379991531372,,89.30545167729255,
2020-12-18,24.139999389648438,25.1299991607666,22.81999969482422,24.25,302500,12.694399909973145,,90.1625879194435,
2020-12-21,23.559999465942383,25.0,22.600000381469727,24.40999984741211,295000,12.968799896240235,,81.66676681296184,
2020-12-22,25.299999237060547,25.530000686645508,23.700000762939453,24.43000030517578,163500,13.275599880218506,,90.57518654775944,
2020-12-23,27.90999984741211,28.0,26.049999237060547,27.690000534057617,299200,13.629999885559082,,104.76889274946082,
2020-12-24,27.850000381469727,28.59000015258789,27.559999465942383,28.0,98200,13.973799896240234,,99.30155425342106,
2020-12-28,26.3799991607666,28.5,26.049999237060547,28.440000534057617,215100,14.293799877166748,,84.55553727813576,
2020-12-29,23.84000015258789,26.229999542236328,22.469999313354492,26.200000762939453,470300,14.570599880218506,,63.617149249659974,
2020-12-30,23.860000610351562,24.690000534057617,23.15999984741211,23.469999313354492,157400,14.842799892425537,,60.751345994549276,
2020-12-31,23.1299991607666,24.06999969482422,22.65999984741211,23.75,136300,15.091599884033203,,53.2640630450186,
2021-01-04,21.34000015258789,23.0,20.450000762939453,22.950000762939453,278100,15.310999889373779,,39.37692055891393,
2021-01-05,21.200000762939453,21.649999618530273,21.079999923706055,21.549999237060547,131000,15.526199913024902,,36.54339684982937,
2021-01-06,22.3799991607666,22.719999313354492,21.770000457763672,22.600000381469727,224000,15.760599899291993,,41.999665645797975,
2021-01-07,22.290000915527344,22.860000610351562,21.81999969482422,22.469999313354492,210900,15.998399925231933,,39.32643901702064,
2021-01-08,22.06999969482422,22.790000915527344,21.270000457763672,22.350000381469727,156700,16.23559991836548,,35.9358434908152,
2021-01-11,21.799999237060547,22.25,21.600000381469727,22.0,107900,16.473599910736084,,32.332940918719125,
2021-01-12,21.18000030517578,21.75,20.75,21.75,131300,16.704199924468995,,26.794461278869463,
2021-01-13,21.469999313354492,21.690000534057617,21.200000762939453,21.25,121800,16.939399909973144,,26.745926227964766,
2021-01-14,24.610000610351562,28.469999313354492,21.719999313354492,21.719999313354492,443800,17.23759992599487,,42.76929918322834,
2021-01-15,24.84000015258789,27.34000015258789,24.280000686645508,27.34000015258789,230000,17.539799938201906,,41.62077241534583,
2021-01-19,23.780000686645508,25.90999984741211,23.75,25.40999984741211,166200,17.826799945831297,,33.39466847052566,
2021-01-20,22.43000030517578,23.549999237060547,22.219999313354492,23.5,168800,18.08219995498657,,24.04464258227721,
2021-01-21,22.110000610351562,22.579999923706055,21.489999771118164,22.450000762939453,112000,18.3303999710083,,20.619302608350875,
2021-01-22,22.09000015258789,22.389999389648438,21.809999465942383,22.170000076293945,103000,18.589399967193604,,18.831162875467268,
2021-01-25,21.200000762939453,22.59000015258789,20.5,22.329999923706055,184500,18.824599990844728,,12.618598925076729,
2021-01-26,20.959999084472656,21.530000686645508,20.56999969482422,21.299999237060547,195900,19.04699996948242,,10.043571785873318,
2021-01-27,19.649999618530273,20.770000457763672,19.270000457763672,20.5,331400,19.23899995803833,,2.136283909706127,
2021-01-28,21.6299991607666,22.100000381469727,19.329999923706055,19.5,182700,19.4707999420166,,11.089422238326229,
2021-01-29,20.309999465942383,22.299999237060547,20.309999465942383,21.8799991607666,121800,19.68099992752075,,3.1959734807075257,
2021-02-01,22.049999237060547,23.010000228881836,19.90999984741211,20.520000457763672,253600,19.920999908447264,,10.687211176134316,
2021-02-02,21.6200008392334,23.229999542236328,20.770000457763672,22.40999984741211,249800,20.160799922943117,,7.237812596065218,
2021-02-03,24.6299991607666,26.0,21.799999237060547,21.899999618530273,224700,20.45339990615845,,20.42007330698401,
2021-02-04,26.5,26.709999084472656,24.520000457763672,24.65999984741211,168000,20.77459991455078,,27.559616594296376,
2021-02-05,26.06999969482422,27.0,25.549999237060547,26.579999923706055,114900,21.087599906921387,,23.62715439355194,
2021-02-08,27.6299991607666,30.969999313354492,27.219999313354492,27.350000381469727,289000,21.398999881744384,,29.11817988436889,
2021-02-09,27.200000762939453,27.799999237060547,26.829999923706055,27.649999618530273,149900,21.673599891662597,,25.498306229242296,
2021-02-10,25.56999969482422,27.459999084472656,24.170000076293945,27.239999771118164,260200,21.933999881744384,,16.577002975668243,
2021-02-11,24.90999984741211,25.68000030517578,24.399999618530273,25.600000381469727,124000,22.132399883270264,,12.54992670831605,
2021-02-12,23.739999771118164,24.719999313354492,23.3799991607666,24.6299991607666,267400,22.323199882507325,,6.346759855521689,
2021-02-16,25.290000915527344,25.899999618530273,24.0,24.5,246500,22.517599906921387,,12.312151472918686,
2021-02-17,25.299999237060547,26.209999084472656,23.479999542236328,26.0,113300,22.72019989013672,,11.354650748666039,
2021-02-18,24.170000076293945,25.56999969482422,23.81999969482422,25.510000228881836,96300,22.870799903869628,,5.680606615794392,
2021-02-19,24.610000610351562,25.969999313354492,24.329999923706055,24.84000015258789,86300,23.01359992980957,,6.936770802529568,
2021-02-22,26.139999389648438,26.68000030517578,24.5,24.600000381469727,104900,23.186199913024904,,12.739472133008857,
2021-02-23,25.440000534057617,26.940000534057617,23.5,25.950000762939453,146900,23.352599906921387,,8.93862197552382,
2021-02-24,24.729999542236328,25.75,24.0,25.280000686645508,97200,23.51079990386963,,5.1857003732400875,
2021-02-25,23.440000534057617,25.149999618530273,22.610000610351562,24.489999771118164,164700,23.623599929809572,,-0.7771863572760496,
2021-02-26,23.489999771118164,23.969999313354492,22.200000762939453,23.81999969482422,127900,23.67379993438721,,-0.7763864009092458,
2021-03-01,24.149999618530273,24.469999313354492,23.59000015258789,24.040000915527344,69300,23.715399932861327,,1.832563173715407,
2021-03-02,24.520000457763672,25.350000381469727,23.719999313354492,24.510000228881836,59400,23.76019992828369,,3.1977867685175854,
2021-03-03,25.06999969482422,25.25,23.709999084472656,24.729999542236328,88800,23.791599922180175,,5.373324101050603,
2021-03-04,22.239999771118164,24.969999313354492,21.579999923706055,24.520000457763672,155700,23.75359992980957,,-6.37208744427793,
2021-03-05,23.5,23.8700008392334,20.559999465942383,22.829999923706055,156500,23.752399940490722,,-1.062629212724131,
2021-03-08,22.799999237060547,24.459999084472656,22.670000076293945,24.0,79000,23.70239994049072,,-3.8072123738348007,
2021-03-09,23.639999389648438,23.989999771118164,22.799999237060547,22.989999771118164,60100,23.61699993133545,,0.09738518177524469,
2021-03-10,24.100000381469727,24.719999313354492,23.030000686645508,23.450000762939453,99900,23.54199993133545,,2.370233844880576,
2021-03-11,24.899999618530273,25.200000762939453,24.059999465942383,24.729999542236328,99700,23.512399940490724,,5.9015654784349,
2021-03-12,24.989999771118164,25.34000015258789,24.399999618530273,24.899999618530273,34600,23.535399932861328,,6.180476398983337,
2021-03-15,26.399999618530273,27.229999542236328,24.040000915527344,25.0,173100,23.586199913024902,,11.9298560848351,
2021-03-16,25.940000534057617,27.8700008392334,24.770000457763672,26.950000762939453,152800,23.642399940490723,,9.718136057887893,
2021-03-17,25.540000915527344,26.270000457763672,24.1200008392334,25.84000015258789,117900,23.72639995574951,,7.643810115147076,
2021-03-18,26.489999771118164,27.5,25.139999389648438,25.170000076293945,171200,23.832199935913085,,11.152138041608172,
2021-03-19,27.760000228881836,28.780000686645508,25.389999389648438,27.489999771118164,183400,23.93979995727539,,15.957527959399155,
2021-03-22,27.8799991607666,29.75,27.260000228881836,29.5,175200,24.051599922180177,,15.917441047470216,
2021-03-23,26.690000534057617,28.6299991607666,26.1299991607666,28.329999923706055,134200,24.143999938964843,,10.545065447021917,
2021-03-24,25.200000762939453,27.170000076293945,25.170000076293945,27.170000076293945,110300,24.21199996948242,,4.080624461846782,
2021-03-25,24.299999237060547,24.780000686645508,23.0,24.670000076293945,172200,24.274399948120116,,0.10545796804510843,
2021-03-26,24.010000228881836,24.579999923706055,22.719999313354492,24.3799991607666,135000,24.325199966430663,,-1.2957744971626495,
2021-03-29,23.030000686645508,24.079999923706055,23.0,23.90999984741211,79100,24.293599967956542,,-5.2013669566376874,
2021-03-30,23.989999771118164,24.030000686645508,22.739999771118164,23.270000457763672,79900,24.276599960327147,,-1.180561485864351,
2021-03-31,23.719999313354492,24.5,23.06999969482422,24.0,195800,24.27539993286133,,-2.287915424845377,
2021-04-01,24.030000686645508,24.280000686645508,23.530000686645508,23.530000686645508,108000,24.307399940490722,,-1.1412131882650667,
2021-04-05,24.020000457763672,24.25,23.40999984741211,24.040000915527344,121000,24.345599937438966,,-1.3374058577812376,
2021-04-06,23.889999389648438,24.25,23.260000228881836,24.020000457763672,125800,24.381599922180175,,-2.0162767582964203,
2021-04-07,23.889999389648438,24.049999237060547,23.479999542236328,24.049999237060547,53200,24.435399894714354,,-2.2320097375770565,
2021-04-08,23.920000076293945,24.239999771118164,23.510000228881836,24.239999771118164,128400,24.494599914550783,,-2.3458225088849094,
2021-04-09,23.639999389648438,24.1299991607666,23.610000610351562,23.979999542236328,57500,24.574399909973145,,-3.8023330121908505,
2021-04-12,23.25,23.899999618530273,22.950000762939453,23.899999618530273,67200,24.606799926757812,,-5.513922699401508,
2021-04-13,23.899999618530273,24.049999237060547,22.469999313354492,23.610000610351562,64700,24.67859992980957,,-3.1549614382249347,
2021-04-14,23.8700008392334,24.65999984741211,23.469999313354492,23.610000610351562,51600,24.714999961853028,,-3.418972785449581,
2021-04-15,23.030000686645508,24.260000228881836,22.829999923706055,23.979999542236328,63300,24.74319995880127,,-6.923919602186979,
2021-04-16,21.899999618530273,23.030000686645508,21.899999618530273,22.829999923706055,83100,24.68859996795654,,-11.295093091733055,
2021-04-19,21.06999969482422,21.899999618530273,20.93000030517578,21.709999084472656,106300,24.579999961853026,,-14.279903468169886,
2021-04-20,20.649999618530273,21.239999771118164,20.09000015258789,21.0,98900,24.471599960327147,,-15.616471125681908,
2021-04-21,21.5,21.899999618530273,20.75,20.850000381469727,60800,24.348999977111816,,-11.7006857767871,
2021-04-22,21.81999969482422,22.739999771118164,21.5,21.6299991607666,63400,24.24139995574951,,-9.988698117044969,
2021-04-23,20.8700008392334,22.0,20.670000076293945,21.549999237060547,110300,24.147399978637694,,-13.572472159750893,
2021-04-26,21.1299991607666,21.719999313354492,20.65999984741211,20.65999984741211,60400,24.071799964904784,,-12.22094238248551,
2021-04-27,21.420000076293945,21.540000915527344,20.75,21.0,59400,24.0253999710083,,-10.844355964347397,
2021-04-28,22.959999084472656,23.5,21.040000915527344,21.079999923706055,148800,23.978799934387208,,-4.248756621274962,
2021-04-29,23.68000030517578,23.690000534057617,22.559999465942383,23.40999984741211,59900,23.946399955749513,,-1.1124830916797945,
2021-04-30,22.889999389648438,24.09000015258789,22.84000015258789,23.43000030517578,83400,23.9207999420166,,-4.309222747010121,
2021-05-03,24.829999923706055,25.0,22.8700008392334,23.1200008392334,100600,23.925199928283693,,3.781786560340228,
2021-05-04,24.530000686645508,24.989999771118164,23.219999313354492,24.81999969482422,63300,23.892999954223633,,2.6660558893495834,
2021-05-05,25.260000228881836,25.940000534057617,23.889999389648438,24.299999237060547,136800,23.88939994812012,,5.737273785604535,
2021-05-06,24.559999465942383,25.979999542236328,24.049999237060547,25.540000915527344,55100,23.88599994659424,,2.821734576132928,
2021-05-07,25.469999313354492,26.0,24.260000228881836,24.639999389648438,84400,23.926599922180177,,6.450558776400017,
2021-05-10,24.729999542236328,25.600000381469727,24.34000015258789,25.350000381469727,70300,23.95139991760254,,3.2507478782548116,
2021-05-11,24.18000030517578,24.799999237060547,22.649999618530273,24.0,53900,23.95199993133545,,0.9519053711337433,
2021-05-12,23.040000915527344,24.18000030517578,22.219999313354492,23.09000015258789,70200,23.922399940490724,,-3.688589051092006,
2021-05-13,21.670000076293945,23.18000030517578,21.399999618530273,22.899999618530273,87300,23.85439994812012,,-9.15721995345482,
2021-05-14,20.889999389648438,23.3799991607666,20.700000762939453,21.940000534057617,96300,23.82739994049072,,-12.327826612129245,
2021-05-17,22.149999618530273,22.200000762939453,21.0,21.489999771118164,44400,23.80039993286133,,-6.934338578287247,
2021-05-18,22.309999465942383,22.93000030517578,22.010000228881836,22.010000228881836,55700,23.790599937438966,,-6.223468409329946,
2021-05-19,21.860000610351562,21.940000534057617,21.0,21.3700008392334,55500,23.754999961853027,,-7.977265226455687,
2021-05-20,22.729999542236328,23.079999923706055,21.260000228881836,21.610000610351562,108600,23.72759994506836,,-4.204388160376816,
2021-05-21,22.170000076293945,23.670000076293945,21.770000457763672,22.760000228881836,102500,23.672999954223634,,-6.349004692417659,
2021-05-24,22.010000228881836,22.34000015258789,20.920000076293945,22.200000762939453,79000,23.613399963378907,,-6.790211223219533,
2021-05-25,21.920000076293945,22.40999984741211,21.25,22.079999923706055,49800,23.523799972534178,,-6.817775606461507,
2021-05-26,22.84000015258789,22.989999771118164,21.450000762939453,21.65999984741211,44100,23.461799964904785,,-2.650264742036035,
2021-05-27,23.229999542236328,23.979999542236328,22.56999969482422,22.84000015258789,74100,23.415599937438966,,-0.7926356604081031,
2021-05-28,22.049999237060547,23.459999084472656,21.829999923706055,23.440000534057617,95500,23.32679992675781,,-5.47353556298421,
2021-06-01,22.729999542236328,23.030000686645508,22.079999923706055,22.1299991607666,49600,23.226199913024903,,-2.1363820713103943,
2021-06-02,22.709999084472656,23.40999984741211,22.5,23.09000015258789,53200,23.122799911499023,,-1.7852545046721624,
2021-06-03,22.479999542236328,23.34000015258789,21.899999618530273,23.34000015258789,87600,23.0385998916626,,-2.424628024502573,
2021-06-04,23.219999313354492,23.420000076293945,22.170000076293945,22.43000030517578,60900,22.9989998626709,,0.9609089612730992,
2021-06-07,25.260000228881836,26.479999542236328,23.350000381469727,23.700000762939453,208800,23.018199882507325,,9.739251365516921,
2021-06-08,25.719999313354492,26.610000610351562,25.1200008392334,25.690000534057617,184000,23.052399864196776,,11.571894747933943,
2021-06-09,25.6299991607666,26.799999237060547,25.389999389648438,25.780000686645508,119600,23.1043998336792,,10.931248356453072,
2021-06-10,25.600000381469727,26.079999923706055,24.670000076293945,25.65999984741211,43600,23.13659984588623,,10.64720206077081,
2021-06-11,26.690000534057617,26.700000762939453,25.5,25.75,78300,23.195999870300295,,15.06294483227244,
2021-06-14,26.399999618530273,26.950000762939453,25.950000762939453,26.350000381469727,107300,23.243399848937987,,13.580628436921693,
2021-06-15,26.68000030517578,27.200000762939453,26.329999923706055,27.0,97900,23.29659984588623,,14.523151368318675,
2021-06-16,28.229999542236328,28.5,26.5,26.540000915527344,139100,23.383399848937987,19.05304991722107,20.726668168908134,48.165252622997045
2021-06-17,28.040000915527344,28.84000015258789,27.030000686645508,28.25,145200,23.466399879455565,19.137949919700624,19.489998719726454,46.51517551868469
2021-06-18,27.06999969482422,28.700000762939453,26.729999542236328,27.829999923706055,164100,23.529399871826172,19.22009991645813,15.047556853489997,40.842138243226515
2021-06-21,25.959999084472656,27.34000015258789,25.700000762939453,27.100000381469727,108200,23.575799865722658,19.295699911117552,10.112909137036041,34.537742626870724
2021-06-22,26.59000015258789,26.739999771118164,25.559999465942383,26.170000076293945,76200,23.642599868774415,19.376899909973144,12.466481267596151,37.225254174442114
2021-06-23,27.459999084472656,27.899999618530273,26.690000534057617,26.690000534057617,85600,23.71379985809326,19.46544990539551,15.797549312202941,41.0704567216871
2021-06-24,26.610000610351562,27.34000015258789,26.190000534057617,27.280000686645508,83600,23.768599853515624,19.551349906921388,11.95443052744929,36.10313731294501
2021-06-25,26.360000610351562,28.1299991607666,25.989999771118164,26.530000686645508,1147900,23.835199851989746,19.634449911117553,10.592740040109415,34.253827989475894
2021-06-28,25.549999237060547,26.6200008392334,25.5,26.09000015258789,114000,23.90819984436035,19.710799908638002,6.867097495370311,29.624365096738625
2021-06-29,25.079999923706055,25.719999313354492,24.860000610351562,25.700000762939453,80200,23.988399848937988,19.788099908828734,4.550533097839771,26.742840592371707
2021-06-30,25.3799991607666,25.549999237060547,24.5,24.860000610351562,200100,24.082999839782715,19.8653999042511,5.385538884742136,27.75982000410375
2021-07-01,25.93000030517578,26.149999618530273,25.020000457763672,25.309999465942383,52900,24.17159984588623,19.935899906158447,7.274654844945294,30.066866443112914
2021-07-02,25.770000457763672,26.389999389648438,25.329999923706055,25.989999771118164,43400,24.25059986114502,20.010449910163878,6.265414485903409,28.78271389927296
2021-07-06,25.3799991607666,26.940000534057617,24.709999084472656,26.290000915527344,62100,24.340799827575683,20.084349904060364,4.269372167522656,26.367043404455124
2021-07-07,24.670000076293945,26.020000457763672,24.170000076293945,25.15999984741211,72400,24.41159984588623,20.15674990653992,1.0585141163997225,22.390763345680487
2021-07-08,24.229999542236328,24.479999542236328,23.43000030517578,24.190000534057617,74400,24.467799835205078,20.228899903297425,-0.9718907894063933,19.779126191072315
2021-07-09,25.100000381469727,25.670000076293945,24.34000015258789,24.350000381469727,32300,24.51059986114502,20.307199907302856,2.4046760326704275,23.60148369073418
2021-07-12,25.329999923706055,25.399999618530273,24.600000381469727,25.0,40300,24.543599853515627,20.39159990787506,3.2040942440551667,24.217815365844952
2021-07-13,24.84000015258789,25.959999084472656,24.420000076293945,25.31999969482422,60600,24.582599868774412,20.473499908447266,1.0470832425679921,21.327571073175555
2021-07-14,23.829999923706055,25.309999465942383,23.510000228881836,24.969999313354492,64900,24.562599868774413,20.550399909019472,-2.98258306930973,15.95881359587159
2021-07-15,23.6299991607666,24.219999313354492,23.0,23.670000076293945,49600,24.544599838256836,20.624399905204772,-3.72628066261923,14.573026460776383
2021-07-16,22.1200008392334,23.940000534057617,22.059999465942383,23.68000030517578,84600,24.48179985046387,20.691849908828736,-9.647162486649119,6.901997340485755
2021-07-19,22.770000457763672,23.010000228881836,20.270000457763672,21.920000076293945,105900,24.445999870300295,20.763849911689757,-6.855924983345895,9.66174651910039
2021-07-20,23.1200008392334,23.469999313354492,22.0,22.8799991607666,52000,24.39899990081787,20.833449916839598,-5.242014290682462,10.975383009155815
2021-07-21,24.15999984741211,24.15999984741211,23.049999237060547,23.239999771118164,44200,24.387599906921388,20.911099915504455,-0.93326141308675,15.53672425188295
2021-07-22,23.8799991607666,24.6299991607666,23.15999984741211,24.31999969482422,46400,24.381599884033204,20.984099912643433,-2.057292079487716,13.800445385690896
2021-07-23,23.84000015258789,24.3799991607666,23.450000762939453,24.059999465942383,46800,24.397599868774414,21.056449913978575,-2.28546955104455,13.219466006762248
2021-07-26,24.6200008392334,24.989999771118164,23.93000030517578,23.950000762939453,47200,24.456599884033203,21.129099917411803,0.6681262153161116,16.521768250737722
2021-07-27,23.25,24.530000686645508,22.719999313354492,24.530000686645508,43400,24.503799896240235,21.194799919128418,-5.1167569991159345,9.696718481483524
2021-07-28,25.309999465942383,25.549999237060547,23.18000030517578,23.190000534057617,90300,24.566999893188477,21.27214991569519,3.0243805755049147,18.98185922085831
2021-07-29,25.6200008392334,26.68000030517578,24.899999618530273,25.670000076293945,115000,24.633199920654295,21.350449919700623,4.005979417037486,19.997475161369536
2021-07-30,23.190000534057617,25.420000076293945,23.0,25.389999389648438,123700,24.659799919128417,21.415449924468994,-5.960305395384369,8.286310191228097
2021-08-02,23.100000381469727,24.010000228881836,23.0,24.010000228881836,54600,24.667199935913086,21.477649927139282,-6.353374353453334,7.553668394047297
2021-08-03,22.719999313354492,23.31999969482422,22.170000076293945,23.020000457763672,44400,24.678199920654297,21.53934992313385,-7.934941015130114,5.481360368042454
2021-08-04,22.3799991607666,22.81999969482422,22.030000686645508,22.389999389648438,42600,24.685599899291994,21.601249918937683,-9.339861084727053,3.605111948388662
2021-08-05,23.09000015258789,23.670000076293945,22.739999771118164,23.219999313354492,21600,24.708999900817872,21.665449919700624,-6.5522674115854995,6.575216476773504
2021-08-06,24.459999084472656,24.739999771118164,22.93000030517578,23.149999618530273,44200,24.741399879455567,21.73429991722107,-1.1373681212621167,12.541002827939685
2021-08-09,24.010000228881836,24.739999771118164,23.690000534057617,24.5,21500,24.75699989318848,21.802499918937684,-3.017327089427213,10.124987126025452
2021-08-10,25.1299991607666,25.489999771118164,23.829999923706055,23.829999923706055,41000,24.818599891662597,21.8759499168396,1.2547011937148467,14.87500774273629
2021-08-11,24.670000076293945,25.440000534057617,24.1200008392334,25.440000534057617,29700,24.85739990234375,21.945999917984008,-0.7538995501783607,12.412285466554263
2021-08-12,24.65999984741211,25.209999084472656,23.920000076293945,24.850000381469727,37600,24.89639991760254,22.01729991912842,-0.9495351575843247,12.002833853336114
2021-08-13,23.1200008392334,24.510000228881836,23.110000610351562,24.510000228881836,35100,24.90919994354248,22.08184992313385,-7.182884670580991,4.701376559089554
2021-08-16,23.31999969482422,23.6200008392334,22.360000610351562,23.280000686645508,49100,24.911199951171874,22.14894992351532,-6.387489400215751,5.287157067728998
2021-08-17,22.420000076293945,23.18000030517578,22.139999389648438,22.969999313354492,30500,24.85439994812012,22.212799925804138,-9.794643511441127,0.9327961859013856
2021-08-18,23.670000076293945,24.940000534057617,22.549999237060547,22.549999237060547,51400,24.813399963378906,22.282599925994873,-4.607993619465523,6.22638361280512
2021-08-19,22.8700008392334,24.34000015258789,22.5,23.700000762939453,50800,24.758199996948242,22.348449931144714,-7.626560727143284,2.3337229637651724
2021-08-20,23.239999771118164,23.540000915527344,22.309999465942383,22.709999084472656,34000,24.71099998474121,22.415999932289125,-5.952815404198031,3.6759450451376408
2021-08-23,24.670000076293945,25.110000610351562,23.31999969482422,23.31999969482422,51100,24.670599975585937,22.492199931144714,-0.0024316364117038525,9.682468374886067
2021-08-24,25.219999313354492,25.420000076293945,24.40999984741211,24.760000228881836,32400,24.646999969482422,22.569999928474427,2.324823891676675,11.741246757988733
2021-08-25,24.459999084472656,25.149999618530273,24.079999923706055,25.110000610351562,40800,24.60259994506836,22.643799924850462,-0.5796170360616193,8.020734883940595
2021-08-26,23.8700008392334,24.969999313354492,23.790000915527344,24.299999237060547,39000,24.5153999710083,22.717449927330016,-2.632627379272401,5.073416759320404
2021-08-27,25.0,25.0,24.079999923706055,24.079999923706055,47300,24.454599952697755,22.7952499294281,2.2302554462440893,9.671971473871066
2021-08-30,26.440000534057617,26.670000076293945,25.0,25.0,77800,24.44199996948242,22.87824993133545,8.174456129080454,15.568282597716433
2021-08-31,28.90999984741211,29.270000457763672,26.639999389648438,26.639999389648438,137000,24.50099998474121,22.972549929618836,17.995183320749142,25.845846177215325
2021-09-01,29.450000762939453,29.5,26.920000076293945,28.559999465942383,106000,24.558199996948243,23.069599933624268,19.919215441681782,27.657180218438306
2021-09-02,31.100000381469727,31.5,29.520000457763672,29.739999771118164,194200,24.631000022888184,23.17609993457794,26.263652927490845,34.18996496071196
2021-09-03,31.6200008392334,32.650001525878906,30.110000610351562,31.649999618530273,99800,24.73120002746582,23.283949937820434,27.85469691772764,35.801704279876525
2021-09-07,33.459999084472656,34.2599983215332,31.6200008392334,34.2599983215332,135400,24.87319999694824,23.403099932670592,34.52229342657138,42.97250868788836
2021-09-08,31.639999389648438,34.560001373291016,31.030000686645508,34.529998779296875,91800,24.995,23.511299929618836,26.58531462151805,34.57358582623205
2021-09-09,31.010000228881836,31.670000076293945,30.530000686645508,31.639999389648438,70000,25.113600006103514,23.614149932861327,23.478912706044873,31.319570329857527
2021-09-10,33.45000076293945,34.4900016784668,31.049999237060547,31.3799991607666,338500,25.275000038146974,23.729299936294556,32.34421646866128,40.96497095465021
2021-09-13,37.47999954223633,37.47999954223633,34.20000076293945,36.13999938964844,175800,25.506000022888184,23.856399931907653,46.94581474399395,57.10668688156619
2021-09-14,36.59000015258789,39.119998931884766,35.41999816894531,39.119998931884766,201400,25.72240001678467,23.97199993133545,42.249557306906716,52.63641021773318
2021-09-15,39.54999923706055,39.900001525878906,36.20000076293945,36.52000045776367,121100,26.00580001831055,24.106999926567077,52.08145571070146,64.06022880298157
2021-09-16,37.72999954223633,39.900001525878906,36.349998474121094,39.68000030517578,69400,26.267000007629395,24.220699925422668,43.64030734867872,55.775843218444535
2021-09-17,36.77000045776367,39.119998931884766,34.5099983215332,39.060001373291016,258000,26.51780002593994,24.33354992866516,38.66157985125063,51.10824588091953
2021-09-20,32.040000915527344,35.029998779296875,31.010000228881836,35.029998779296875,211100,26.656600036621093,24.415899934768678,20.195377022990478,31.225967509400743
2021-09-21,34.27000045776367,34.810001373291016,32.11000061035156,32.279998779296875,93200,26.835400047302247,24.511399936676025,27.704451572760604,39.812497639051635
2021-09-22,35.099998474121094,36.56999969482422,34.43000030517578,34.97999954223633,65200,27.04060001373291,24.60369993209839,29.80480631456077,42.66146380825049
2021-09-23,35.810001373291016,35.959999084472656,34.119998931884766,35.689998626708984,56500,27.28020004272461,24.695399942398073,31.267370903466784,45.0067682921423
2021-09-24,35.41999816894531,36.4900016784668,35.13999938964844,35.47999954223633,69900,27.516000022888182,24.78494993209839,28.7250986316415,42.90929885266272
2021-09-27,39.189998626708984,39.369998931884766,35.779998779296875,35.779998779296875,119900,27.857399978637694,24.895299921035768,40.68074786865119,57.41926689380685
2021-09-28,36.59000015258789,39.970001220703125,35.86000061035156,39.5,151800,28.13379997253418,24.994149923324585,30.057085030494047,46.39425731555702
2021-09-29,36.97999954223633,37.529998779296875,35.86000061035156,36.5,102200,28.410999946594238,25.090049924850465,30.160851824116452,47.38910306276214
2021-09-30,38.65999984741211,39.29999923706055,37.0099983215332,37.36000061035156,148200,28.700999946594237,25.17844992637634,34.69913912180487,53.5440027501964
2021-10-01,41.33000183105469,41.65999984741211,36.81999969482422,38.72999954223633,180400,29.05,25.274749937057496,42.27195122566157,63.52289116204943
2021-10-04,40.209999084472656,41.86000061035156,39.40999984741211,41.33000183105469,106600,29.377399978637694,25.36439992904663,36.87392047530442,58.529274088701165
2021-10-05,38.869998931884766,41.060001373291016,38.77000045776367,40.70000076293945,73100,29.662399940490722,25.441249923706053,31.04131496394933,52.78336971826947
2021-10-06,37.45000076293945,38.91999816894531,36.540000915527344,38.470001220703125,61100,29.946399955749513,25.50779993057251,25.056770824799244,46.817839503490674
2021-10-07,39.7400016784668,40.38999938964844,37.68000030517578,37.68000030517578,54200,30.235,25.58869994163513,31.43708178755349,55.30293359611529
2021-10-08,38.869998931884766,41.709999084472656,38.20000076293945,40.0,92300,30.499999961853028,25.656549940109254,27.44261960819758,51.501269744451236
2021-10-11,42.119998931884766,42.43000030517578,38.0099983215332,38.61000061035156,94100,30.87859992980957,25.727599935531615,36.40514475276768,63.71522814964992
2021-10-12,48.599998474121094,48.97999954223633,40.43000030517578,42.15999984741211,216100,31.388599891662597,25.83134992599487,54.833279094523,88.14347145370611
2021-10-13,51.2400016784668,53.970001220703125,48.400001525878906,50.0,296200,31.958999938964844,25.955649938583374,60.33042891305962,97.41367216660579
2021-10-14,51.93000030517578,54.75,50.84000015258789,51.099998474121094,197500,32.549999961853025,26.096099939346313,59.5391716314444,98.9952537960605
2021-10-15,49.45000076293945,53.5,49.2599983215332,53.5,123800,33.07719997406006,26.224049940109253,49.49875080635407,88.56736803001009
2021-10-18,49.93000030517578,57.79999923706055,49.04999923706055,49.95000076293945,327800,33.58659999847412,26.358049945831297,48.66047860588496,89.42979623981077
2021-10-19,51.81999969482422,52.540000915527344,45.45000076293945,50.0,162000,34.14279998779297,26.51044994354248,51.77431175343368,95.47008747562484
2021-10-20,53.0,53.20000076293945,50.349998474121094,51.81999969482422,101000,34.70020000457764,26.669449939727784,52.73687181344273,98.72925808285709
2021-10-21,52.38999938964844,53.939998626708984,50.54999923706055,52.66999816894531,69300,35.254599990844724,26.81949994087219,48.60471939336599,95.34293892559683
2021-10-22,48.7400016784668,53.0,48.5,52.4900016784668,121000,35.73620002746582,26.95174994468689,36.38831672367691,80.84169591397949
2021-10-25,49.5,51.59000015258789,48.66999816894531,50.209999084472656,88100,36.26380001068115,27.08889994621277,36.499760051126074,82.73167274524364
2021-10-26,52.5,52.5099983215332,49.25,49.58000183105469,63400,36.84740001678467,27.242399950027465,42.479523592126675,92.71429865321785
2021-10-27,53.13999938964844,55.709999084472656,51.369998931884766,51.709999084472656,118300,37.461800003051756,27.40219994544983,41.85116407999479,93.92603329453628
2021-10-28,52.4900016784668,54.380001068115234,50.11000061035156,53.54999923706055,114000,38.038200035095215,27.55729995727539,37.99286409461515,90.47585126208612
2021-10-29,56.66999816894531,56.66999816894531,50.0,52.0099983215332,145700,38.714199981689454,27.717599945068358,46.380393229740925,104.45492496195831
2021-11-01,60.54999923706055,61.20000076293945,56.529998779296875,56.88999938964844,182100,39.4603999710083,27.896149940490723,53.44497086077904,117.05503937363555
2021-11-02,65.70999908447266,65.87999725341797,59.06999969482422,61.0,207300,40.28119995117188,28.105799932479858,63.12820661778969,133.79515702215014
2021-11-03,70.7699966430664,72.22000122070312,65.86000061035156,66.0199966430664,319600,41.192199897766116,28.347499914169312,71.804363007338,149.65163367966886
2021-11-04,70.29000091552734,79.26000213623047,66.16999816894531,74.9000015258789,328300,42.10879993438721,28.58839991569519,66.9247307571133,145.8689577689087
2021-11-05,64.19999694824219,71.3499984741211,61.7599983215332,70.25,230600,42.91539985656738,28.798949899673463,49.59664167830793,122.92478431295204
2021-11-08,76.69000244140625,76.87999725341797,65.31999969482422,66.13999938964844,189200,43.94919990539551,29.076399908065795,74.49692510099884,163.75343124969345
2021-11-09,73.98999786376953,79.98999786376953,70.20999908447266,78.0,214500,44.90019985198975,29.34154990196228,64.78768047285357,152.1679942299888
2021-11-10,69.6500015258789,75.83999633789062,66.55000305175781,75.04000091552734,152000,45.71499988555908,29.591549911499023,52.35699814117392,135.3712520438597
2021-11-11,80.01000213623047,86.94999694824219,68.9000015258789,68.9000015258789,507600,46.7261999130249,29.883449926376343,71.23156234651928,167.74017837080586
2021-11-12,85.58999633789062,88.87999725341797,81.31999969482422,82.0,291800,47.815999832153324,30.209849910736082,78.99865450546662,183.3181779809947
2021-11-15,74.73999786376953,87.47000122070312,74.18000030517578,82.16999816894531,330800,48.67839977264404,30.47329990386963,53.538321335228865,145.2638805102913
2021-11-16,74.0,76.98999786376953,69.5999984741211,76.20999908447266,245000,49.489199790954586,30.73519989967346,49.527574324459756,140.76628829990528
2021-11-17,67.94000244140625,72.80999755859375,66.5,72.80999755859375,280900,50.215199851989745,30.95174991607666,35.29768405116518,119.50294450433483
2021-11-18,69.91999816894531,72.0,65.4000015258789,68.20999908447266,207100,50.99339981079102,31.168849906921388,37.11578052920708,124.32652593132354
2021-11-19,64.18000030517578,70.37999725341797,62.65999984741211,68.55999755859375,244200,51.60799980163574,31.359399909973146,24.360565322939642,104.65952948533554
2021-11-22,62.0099983215332,66.54000091552734,57.720001220703125,62.599998474121094,338100,52.09859977722168,31.531299905776976,19.024308881032436,96.66172503776826
2021-11-23,62.5,66.54000091552734,59.63999938964844,62.7400016784668,184300,52.61679977416992,31.70779990196228,18.783354875721336,97.11238305162921
2021-11-24,60.689998626708984,64.47000122070312,60.5099983215332,61.20000076293945,144500,53.03959976196289,31.883399896621704,14.423937773060924,90.34983352932686
2021-11-26,59.08000183105469,59.65999984741211,54.15999984741211,56.939998626708984,165600,53.46659980773926,32.054249906539916,10.49889471838621,84.31253890923462
2021-11-29,60.66999816894531,63.400001525878906,59.45000076293945,60.209999084472656,169000,53.94459976196289,32.238899898529056,12.467232005908023,88.18879788051784
2021-11-30,55.4900016784668,61.5099983215332,53.66999816894531,60.209999084472656,411000,54.41359977722168,32.38989990234375,1.978185427268353,71.31884274347978
2021-12-01,53.79999923706055,57.5099983215332,53.66999816894531,56.75,250400,54.80419975280762,32.53239990234375,-1.8323422662432476,65.3735949347672
2021-12-02,53.779998779296875,54.880001068115234,52.79999923706055,53.34000015258789,162800,55.177799758911135,32.680449895858764,-2.5332669764319804,64.56321424789144
2021-12-03,48.40999984741211,54.68000030517578,47.599998474121094,54.220001220703125,347700,55.429799728393554,32.799449892044066,-12.66430677249154,47.59393833356511
2021-12-06,50.540000915527344,53.63999938964844,45.709999084472656,48.619998931884766,202300,55.73219978332519,32.92144989967346,-9.31633577713422,53.51693521866616
2021-12-07,56.4900016784668,56.91999816894531,51.81999969482422,52.150001525878906,169300,56.07819984436035,33.07669990539551,0.7343349737498173,70.78487829812818
2021-12-08,59.380001068115234,61.130001068115234,55.5,57.66999816894531,183000,56.533999862670896,33.2499499130249,5.034140892839134,78.58673839642233
2021-12-09,56.099998474121094,59.86000061035156,55.90999984741211,58.58000183105469,138700,56.916399841308596,33.41324990272522,-1.43438687173425,67.89746174778861
2021-12-10,57.970001220703125,58.400001525878906,54.33000183105469,56.65999984741211,90000,57.302599868774415,33.58564990997314,1.1646964595971143,72.60348207074337
2021-12-13,47.040000915527344,57.7400016784668,46.689998626708984,57.61000061035156,322000,57.41679985046387,33.70009991645813,-18.072757384531744,39.58415859934708
2021-12-14,46.2599983215332,49.0,45.0099983215332,45.150001525878906,199800,57.53779983520508,33.80879990577698,-19.600682587747198,36.82827681093956
2021-12-15,49.290000915527344,50.0,43.970001220703125,45.540000915527344,178400,57.74619987487793,33.92989991188049,-14.643732362775609,45.27010407793317
2021-12-16,48.72999954223633,53.58000183105469,47.720001220703125,51.43000030517578,195000,57.97179985046387,34.06234991073608,-15.941889560211042,43.06117948391213
2021-12-17,48.290000915527344,50.290000915527344,45.4900016784668,48.150001525878906,135300,58.142799835205075,34.18629991531372,-16.945862510239706,41.255418208906214
2021-12-20,47.060001373291016,48.08000183105469,44.56999969482422,45.939998626708984,83100,58.306599884033204,34.30759992599487,-19.288722945791214,37.170776955556285
2021-12-21,54.369998931884766,55.45000076293945,49.45000076293945,50.959999084472656,156700,58.5515998840332,34.461249923706056,-7.141736452002134,57.77140716675917
2021-12-22,54.029998779296875,55.52000045776367,52.0,53.869998931884766,102100,58.66019989013672,34.61089991569519,-7.893258324232844,56.10688803499038
2021-12-23,53.90999984741211,55.29999923706055,53.70000076293945,53.70000076293945,55100,58.713599853515625,34.7559499168396,-8.181409448727383,55.110132154069504
2021-12-27,53.810001373291016,54.43000030517578,50.66999816894531,53.900001525878906,109300,58.751199874877926,34.900049924850464,-8.41037887244882,54.18316446297054
2021-12-28,49.189998626708984,53.72999954223633,48.400001525878906,53.40999984741211,123600,58.74599983215332,35.013999919891354,-16.266641529205994,40.486658877166114
2021-12-29,49.27000045776367,50.529998779296875,47.81999969482422,49.099998474121094,78900,58.73279983520508,35.130649919509885,-16.111609533331496,40.24790480861975
2021-12-30,47.97999954223633,50.9900016784668,47.29999923706055,48.93000030517578,144200,58.65599983215332,35.242849912643436,-18.20103709844999,36.141088649653774
2021-12-31,49.90999984741211,51.06999969482422,47.34000015258789,47.459999084472656,140200,58.59419982910156,35.359949913024906,-14.820920853972197,41.14838954856004
2022-01-03,52.709999084472656,57.52000045776367,51.400001525878906,51.400001525878906,121000,58.60059982299805,35.484699907302854,-10.052116797981315,48.54289094220234
2022-01-04,52.599998474121094,54.75,51.72999954223633,54.4900016784668,97200,58.677799758911135,35.60829990386963,-10.357922944898823,47.71836514555119
2022-01-05,51.2400016784668,57.66999816894531,50.40999984741211,53.63999938964844,216200,58.71259979248047,35.731049909591675,-12.727418203972485,43.40469090081758
2022-01-06,48.77000045776367,53.93000030517578,47.5099983215332,52.13999938964844,141300,58.63799980163574,35.848899908065796,-16.82867658728836,36.04322749884634
2022-01-07,51.83000183105469,52.5099983215332,47.5099983215332,48.16999816894531,151200,58.61179985046387,35.98654992103577,-11.570704255306207,44.0260373522434
2022-01-10,48.709999084472656,52.5,47.650001525878906,52.11000061035156,145900,58.536199798583986,36.11004991531372,-16.78653678906745,34.893192334844954
2022-01-11,49.61000061035156,50.869998931884766,46.9900016784668,49.779998779296875,102100,58.39499984741211,36.242949914932254,-15.04409497391217,36.88179556794857
2022-01-12,48.9900016784668,51.91999816894531,48.7400016784668,50.34000015258789,89700,58.163799896240235,36.367949924468995,-15.772350214633146,34.70652533401521
2022-01-13,46.0099983215332,50.75,45.45000076293945,48.630001068115234,125800,57.769799880981445,36.47939991950989,-20.35631347810799,26.125973626353893
2022-01-14,46.099998474121094,47.97999954223633,44.7400016784668,45.0,110900,57.27639991760254,36.58974990844727,-19.51310043850477,25.991564822032977
2022-01-18,44.66999816894531,46.599998474121094,43.2599983215332,45.29999923706055,117300,56.7639998626709,36.692999897003176,-21.30576020538475,21.739836738161177
2022-01-19,43.400001525878906,45.5099983215332,42.779998779296875,45.0,122800,56.34799995422363,36.79054990768432,-22.978630011470692,17.96507971416348
2022-01-20,42.81999969482422,46.59000015258789,42.380001068115234,43.61000061035156,134500,55.67059989929199,36.88519990921021,-23.083279554584436,16.089921703615584
2022-01-21,40.119998931884766,43.099998474121094,40.04999923706055,41.849998474121094,252700,54.9931999206543,36.96619990348816,-27.045527465630293,8.531574889035355
2022-01-24,41.7400016784668,42.33000183105469,37.0,39.25,236800,54.43499992370605,37.05669991493225,-23.321389295548933,12.63820516744767
2022-01-25,42.119998931884766,43.0,39.75,40.9900016784668,151100,53.677199859619144,37.15104990959168,-21.53093111779244,13.374989493931366
2022-01-26,41.59000015258789,46.529998779296875,41.2400016784668,43.0,204600,52.797199935913085,37.23949991226196,-21.226882859183537,11.682488353968012
2022-01-27,37.7400016784668,42.72999954223633,37.68000030517578,42.2400016784668,200900,52.05720001220703,37.30884991645813,-27.50282060960435,1.1556286590824971
2022-01-28,39.650001525878906,39.70000076293945,36.16999816894531,37.58000183105469,139600,51.37020004272461,37.3919499206543,-22.815170092968316,6.038870960236609
2022-01-31,43.45000076293945,43.66999816894531,39.38999938964844,39.47999954223633,134300,50.880400009155274,37.499699926376344,-14.603657292157324,15.867595869421391
2022-02-01,43.2599983215332,45.2400016784668,42.130001068115234,43.439998626708984,112500,50.34720001220703,37.61064991950989,-14.076655085000734,15.02060829609011
2022-02-02,43.04999923706055,44.689998626708984,42.31999969482422,44.060001373291016,117900,49.924599990844726,37.72264991760254,-13.769966619752305,14.122415395245348
2022-02-03,39.58000183105469,42.470001220703125,39.09000015258789,41.7599983215332,97700,49.47600006103516,37.81304992675781,-20.001613343383575,4.672862696131053
2022-02-04,42.150001525878906,42.880001068115234,39.81999969482422,39.86000061035156,263800,49.06900009155274,37.914699935913085,-14.100549334130285,11.170605588662763
2022-02-07,42.779998779296875,43.91999816894531,41.65999984741211,42.099998474121094,80100,48.710800094604494,38.024249925613404,-12.175536644417695,12.507147052176215
2022-02-08,42.970001220703125,44.310001373291016,42.060001373291016,42.060001373291016,102000,48.38860008239746,38.133449935913085,-11.198089741111328,12.683225076457362
2022-02-09,46.77000045776367,46.900001525878906,43.83000183105469,43.83000183105469,150200,48.11060012817383,38.26019993782043,-2.7864954227105887,22.241913355845423
2022-02-10,44.86000061035156,48.93000030517578,44.060001373291016,45.20000076293945,186300,47.89800010681152,38.36969994544983,-6.342643721419028,16.915171799959317
2022-02-11,44.279998779296875,46.77000045776367,43.43000030517578,43.43000030517578,150700,47.70760009765625,38.47269993782044,-7.184602267444095,15.094596560319907
2022-02-14,42.66999816894531,45.54999923706055,42.349998474121094,44.02000045776367,124200,47.48540008544922,38.57159993171692,-10.140805190308322,10.62542970601108
2022-02-15,44.75,45.060001373291016,43.5,43.650001525878906,107000,47.412200088500974,38.67119993209839,-5.615010658715757,15.719191746248363
2022-02-16,44.459999084472656,46.02000045776367,43.66999816894531,44.84000015258789,104700,47.290600051879885,38.77084992408752,-5.985546735084634,14.673779841103208
2022-02-17,42.099998474121094,44.81999969482422,42.09000015258789,43.72999954223633,118500,47.00279998779297,38.85504991531372,-10.430871171388034,8.351420383913744
2022-02-18,40.040000915527344,42.97999954223633,39.7599983215332,42.0,120400,46.61599998474121,38.932449922561645,-14.106742473327571,2.8448016889989436
2022-02-22,37.599998474121094,40.56999969482422,36.91999816894531,39.560001373291016,142000,46.24599998474121,38.99309991836548,-18.69567424960613,-3.5726870835120383
2022-02-23,37.27000045776367,39.59000015258789,37.220001220703125,38.54999923706055,193900,45.831999969482425,39.055799922943116,-18.68126967494289,-4.5724309032277315
2022-02-24,40.81999969482422,41.0,34.33000183105469,35.70000076293945,205900,45.70759994506836,39.138999919891354,-10.693189439213802,4.294948206069371
2022-02-25,40.77000045776367,41.08000183105469,38.619998931884766,40.810001373291016,89600,45.59779998779297,39.22764991760254,-10.587790488404591,3.931794393497512
2022-02-28,45.27000045776367,45.68000030517578,40.779998779296875,40.779998779296875,254100,45.5173999786377,39.34564991950989,-0.5435273565496668,15.057193235779142
2022-03-01,43.040000915527344,47.310001373291016,41.470001220703125,46.16999816894531,210700,45.40360000610352,39.45639992713928,-5.205752606089476,9.082432748566994
2022-03-02,43.36000061035156,46.5,42.630001068115234,43.43000030517578,180200,45.305,39.56244993209839,-4.293123032001844,9.598876421381796
2022-03-03,43.11000061035156,45.40999984741211,41.84000015258789,45.40999984741211,206300,45.22599998474121,39.66644993782043,-4.67872324570725,8.681267615148581
2022-03-04,40.59000015258789,42.52000045776367,38.90999984741211,40.0,261700,44.950400009155274,39.76009993553161,-9.700469530147181,2.0872689414813017
2022-03-07,42.15999984741211,47.849998474121094,41.61000061035156,41.70000076293945,423000,44.71300003051758,39.857249937057496,-5.709749248234274,5.777493213884832
2022-03-08,45.08000183105469,48.369998931884766,42.540000915527344,43.209999084472656,388100,44.53640007019043,39.9717999458313,1.2205785829288551,12.77951428793771
2022-03-09,49.779998779296875,50.060001373291016,44.099998474121094,47.0099983215332,385100,44.45580001831055,40.11064993858337,11.976387240345199,24.106687015839977
2022-03-10,47.4900016784668,52.36000061035156,45.529998779296875,52.04999923706055,434000,44.4218000793457,40.23849994659424,6.906972688276269,18.02130233854884
2022-03-11,39.70000076293945,55.77000045776367,39.31999969482422,51.0,748200,44.23040008544922,40.322799949646,-10.242727431263187,-1.5445335826983264
2022-03-14,32.86000061035156,39.349998474121094,32.43000030517578,38.849998474121094,854900,43.928000106811524,40.37094995498657,-25.195773696840217,-18.604836777459244
2022-03-15,31.719999313354492,33.41999816894531,29.200000762939453,33.02000045776367,515300,43.56420009613037,40.41929995536804,-27.187922093462124,-21.52264054948879
2022-03-16,35.25,35.25,31.520000457763672,33.0,345400,43.21500011444092,40.48189995765686,-18.431100528400325,-12.924047446214992
2022-03-17,36.86000061035156,39.0099983215332,34.91999816894531,35.29999923706055,398300,42.90020015716553,40.55264996528626,-14.07965353235091,-9.105815176309473
2022-03-18,36.63999938964844,38.38999938964844,35.709999084472656,36.459999084472656,242300,42.60820011138916,40.62344996452332,-14.0071645977494,-9.805790936893954
2022-03-21,37.7599983215332,39.47999954223633,36.13999938964844,36.27000045776367,330700,42.38800006866455,40.69614995956421,-10.918188495881909,-7.2148142783736935
2022-03-22,37.59000015258789,38.88999938964844,35.619998931884766,38.0,242400,42.10320003509521,40.75779995918274,-10.71937496139328,-7.772254169183002
2022-03-23,36.13999938964844,38.560001373291016,35.5099983215332,37.36000061035156,199500,41.85180004119873,40.809899959564206,-13.647682168813812,-11.443058117130544
2022-03-24,36.84000015258789,37.36000061035156,34.61000061035156,36.45000076293945,173000,41.596400032043455,40.86594996452332,-11.434643083996477,-9.851599719156034
2022-03-25,34.400001525878906,37.22999954223633,34.310001373291016,37.22999954223633,281500,41.3046000289917,40.909949970245364,-16.71629430684828,-15.912873149689199
2022-03-28,32.0099983215332,34.83000183105469,31.229999542236328,34.619998931884766,308200,41.0246000289917,40.93654995918274,-21.973649227751057,-21.805823027465866
2022-03-29,34.34000015258789,35.45000076293945,31.219999313354492,32.13999938964844,310300,40.789400062561036,40.97624996185303,-15.811460575741076,-16.195356616193955
2022-03-30,34.0099983215332,36.33000183105469,33.459999084472656,34.09000015258789,289800,40.576200065612795,41.01289995193481,-16.182396906220564,-17.074875560149806
2022-03-31,33.70000076293945,35.41999816894531,33.310001373291016,33.72999954223633,234100,40.382200050354,41.04024995803833,-16.547387906261367,-17.885488520669167
2022-04-01,32.790000915527344,34.709999084472656,32.209999084472656,33.599998474121094,211600,40.18160007476806,41.06399995803833,-18.39548237374016,-20.149033340555857
2022-04-04,33.40999984741211,34.0,32.2599983215332,33.45000076293945,166900,40.047400093078615,41.09569995880127,-16.57386055084671,-18.701956942196208
2022-04-05,33.84000015258789,35.31999969482422,33.0,33.0,280600,39.88940006256104,41.135099964141844,-15.165432171167016,-17.734489080890082
2022-04-06,32.47999954223633,33.439998626708984,31.760000228881836,33.27000045776367,141200,39.696600074768064,41.16454996109009,-18.17939198555886,-21.097158664585535
2022-04-07,31.059999465942383,33.0,29.110000610351562,32.470001220703125,355800,39.486000061035156,41.182549962997435,-21.339210307623844,-24.579707925201756
2022-04-08,30.709999084472656,32.0,30.34000015258789,31.280000686645508,181200,39.34540000915527,41.203049955368044,-21.947676024829445,-25.46668482615163
2022-04-11,30.18000030517578,31.0,28.809999465942383,30.0,233800,39.155999984741214,41.22214995384216,-22.923689046540275,-26.786932901439275
2022-04-12,30.0,31.40999984741211,29.639999389648438,30.290000915527344,152600,38.886999969482424,41.24439995765686,-22.853395675821552,-27.2628525792612
2022-04-13,30.889999389648438,31.479999542236328,29.950000762939453,29.950000762939453,151200,38.63959999084473,41.273449954986575,-20.056109801945365,-25.157699626909015
2022-04-14,32.5099983215332,32.599998474121094,30.5,31.079999923706055,177700,38.42879997253418,41.309099950790404,-15.40199448130376,-21.300637486024044
2022-04-18,32.189998626708984,33.5,31.309999465942383,33.0,145300,38.280999908447264,41.34039994239807,-15.911290970208459,-22.134283481627804
2022-04-19,33.880001068115234,34.459999084472656,31.729999542236328,32.47999954223633,183600,38.11559989929199,41.38094994544983,-11.11250732605008,-18.126574878591896
2022-04-20,35.9900016784668,36.27000045776367,33.5099983215332,35.0,158100,37.97979995727539,41.43399995803833,-5.239096259187715,-13.138963858388909
2022-04-21,30.809999465942383,36.7400016784668,30.579999923706055,36.369998931884766,289000,37.736599922180176,41.46469995498657,-18.355125979875552,-25.695834048264587
2022-04-22,29.920000076293945,32.31999969482422,29.360000610351562,30.8799991607666,188300,37.399599914550784,41.49314995765686,-19.999143989096,-27.891711989022628
2022-04-25,30.1299991607666,30.559999465942383,28.0,29.149999618530273,192100,37.10499988555908,41.518299951553345,-18.79800767094756,-27.4295932253379
2022-04-26,28.649999618530273,30.489999771118164,28.31999969482422,29.899999618530273,196800,36.79239990234375,41.534899950027466,-22.130658248511782,-31.021864376703935
2022-04-27,27.799999237060547,29.969999313354492,27.75,28.75,177800,36.494999923706054,41.54969994544983,-23.825183463002276,-33.0921781058374
2022-04-28,29.469999313354492,29.799999237060547,26.700000762939453,28.049999237060547,169800,36.18939990997315,41.57789994239807,-18.567316986007576,-29.12100093034481
2022-04-29,27.760000228881836,30.5,27.649999618530273,29.5,146300,35.85539993286133,41.59854994773865,-22.577909378051853,-33.26690410180775
2022-05-02,28.920000076293945,28.989999771118164,26.899999618530273,27.389999389648438,129200,35.59179996490479,41.63254994392395,-18.74532868579154,-30.535121881203274
2022-05-03,29.739999771118164,30.450000762939453,29.0,29.200000762939453,114800,35.385799942016604,41.667399940490725,-15.954988102995227,-28.625256642860474
2022-05-04,30.5,30.559999465942383,28.25,30.15999984741211,130200,35.24379997253418,41.704299936294554,-13.459956009939521,-26.866054467787958
2022-05-05,28.649999618530273,30.260000228881836,27.450000762939453,30.020000457763672,212200,35.07139995574951,41.726749935150146,-18.30950673574846,-31.33900995630663
2022-05-06,26.809999465942383,27.68000030517578,20.31999969482422,26.25,465900,34.791199951171876,41.741399936676025,-22.94028517679989,-35.77120195629612
2022-05-09,20.65999984741211,25.979999542236328,20.579999923706055,25.979999542236328,370000,34.388999938964844,41.72549993515015,-39.922650021575464,-50.4859141783276
2022-05-10,20.700000762939453,22.260000228881836,19.200000762939453,22.010000228881836,554800,33.89759994506836,41.705899934768674,-38.93372747190315,-50.3667327756603
2022-05-11,18.700000762939453,21.350000381469727,18.6299991607666,20.979999542236328,220000,33.4107999420166,41.68314993858338,-44.030071727127996,-55.13774561065482
2022-05-12,18.6299991607666,19.450000762939453,17.360000610351562,17.8799991607666,333400,32.916199913024904,41.64974993705749,-43.40173163976097,-55.26984150223979
2022-05-13,21.290000915527344,22.020000457763672,19.3700008392334,19.3700008392334,316000,32.47979991912842,41.62809993743897,-34.45156383802425,-48.85665944993131
2022-05-16,22.6299991607666,23.100000381469727,21.020000457763672,21.40999984741211,241900,32.12059989929199,41.62529993057251,-29.546773000134973,-45.634027385961105
2022-05-17,24.420000076293945,24.610000610351562,22.850000381469727,23.8799991607666,206000,31.765799903869627,41.63189992904663,-23.124869670544122,-41.343056363238226
2022-05-18,23.0,26.0,22.049999237060547,24.420000076293945,213900,31.324199867248534,41.63329993247986,-26.574341571457094,-44.75576032334456
2022-05-19,23.3799991607666,24.479999542236328,22.799999237060547,22.799999237060547,159900,30.796199874877928,41.63829993247986,-24.08154494464465,-43.84977484988746
2022-05-20,23.559999465942383,24.260000228881836,22.1200008392334,23.690000534057617,123600,30.31759983062744,41.64064992904663,-22.289364601542093,-43.42067305364512
2022-05-23,24.100000381469727,24.31999969482422,22.719999313354492,24.31999969482422,135300,30.005599822998047,41.63884993553162,-19.681657678450815,-42.12135921433193
2022-05-24,22.729999542236328,23.600000381469727,22.079999923706055,23.600000381469727,107300,29.802999801635742,41.63244993209839,-23.73251117832511,-45.40316608965252
2022-05-25,23.09000015258789,23.489999771118164,22.010000228881836,22.75,161100,29.63039981842041,41.6222499370575,-22.07327510230399,-44.52486305400277
2022-05-26,24.90999984741211,25.290000915527344,22.90999984741211,23.190000534057617,135100,29.423599815368654,41.62344993591309,-15.340067144330117,-40.153927928209676
2022-05-27,25.610000610351562,25.850000381469727,24.899999618530273,25.020000457763672,67600,29.198599815368652,41.628199939727786,-12.29031264412972,-38.47920244586239
2022-05-31,25.59000015258789,26.670000076293945,24.770000457763672,25.84000015258789,146300,28.97759983062744,41.640549936294555,-11.690408100877548,-38.54547984659721
2022-06-01,24.450000762939453,27.0,24.149999618530273,26.0,122300,28.711399879455566,41.64619994163513,-14.842185105594085,-41.29116030465014
2022-06-02,27.510000228881836,28.100000381469727,24.010000228881836,24.889999389648438,145000,28.509799880981447,41.67164994239807,-3.5068631006651363,-33.98389488559156
2022-06-03,26.350000381469727,27.489999771118164,26.100000381469727,26.93000030517578,76600,28.313999900817873,41.68504994392395,-6.9364961723102025,-36.7878881831338
2022-06-06,26.31999969482422,27.270000457763672,26.100000381469727,27.270000457763672,77100,28.103599891662597,41.702299938201904,-6.346518608697926,-36.88597575235063
2022-06-07,30.270000457763672,30.760000228881836,25.510000228881836,25.959999084472656,415100,28.020999870300294,41.737449941635134,8.026125398355655,-27.4752039233526
2022-06-08,34.5099983215332,34.91999816894531,32.0,32.06999969482422,855000,28.070999870300295,41.78664993286133,22.938258277167755,-17.4138190618763
2022-06-09,31.200000762939453,34.47999954223633,31.200000762939453,34.20000076293945,338200,28.008199882507324,41.816549940109255,11.395951520703008,-25.388390941804374
2022-06-10,30.110000610351562,31.489999771118164,29.09000015258789,30.399999618530273,269200,27.93019992828369,41.84479994773865,7.804457854454827,-28.043626333601946
2022-06-13,28.709999084472656,29.93000030517578,26.540000915527344,28.0,269100,27.830399894714354,41.86899993896484,3.1605697118472165,-31.428982955587458
2022-06-14,26.760000228881836,29.479999542236328,26.31999969482422,29.1200008392334,112200,27.709799880981446,41.877799940109256,-3.4276669488021216,-36.09979448024456
2022-06-15,28.360000610351562,28.860000610351562,26.399999618530273,26.850000381469727,181700,27.608799896240235,41.887399940490724,2.72087420291538,-32.29467417256141
2022-06-16,25.200000762939453,27.100000381469727,24.93000030517578,27.020000457763672,171200,27.435999908447265,41.86884994506836,-8.149872987932804,-39.81205407838602
2022-06-17,27.510000228881836,27.889999389648438,25.43000030517578,25.950000762939453,203500,27.336599922180177,41.85914994239807,0.6343155593427241,-34.27960131360036
2022-06-21,28.219999313354492,29.600000381469727,27.940000534057617,28.520000457763672,175600,27.27979991912842,41.84474993705749,3.446503995679273,-32.56023908422737
2022-06-22,26.40999984741211,27.950000762939453,25.549999237060547,27.139999389648438,136300,27.193799934387208,41.81869993209839,-2.882274962918896,-36.84643499129721
2022-06-23,27.100000381469727,27.3700008392334,25.5,26.260000228881836,135400,27.132199935913086,41.786899938583375,-0.11867653385798649,-35.147138406294395
2022-06-24,28.90999984741211,29.3700008392334,27.15999984741211,27.15999984741211,259100,27.110399932861327,41.77324994087219,6.6380426663106284,-30.79303169293106
2022-06-27,27.90999984741211,30.3700008392334,27.489999771118164,29.100000381469727,176200,27.050799942016603,41.75774993896484,3.176245830944757,-33.162107900433526
2022-06-28,25.770000457763672,28.510000228881836,25.510000228881836,27.8799991607666,177600,26.915999984741212,41.71934993743896,-4.257688837967056,-38.23010066933554
2022-06-29,24.5,25.600000381469727,23.600000381469727,25.600000381469727,218400,26.762200012207032,41.65444993972778,-8.452967286602654,-41.18275469859653
2022-06-30,24.75,24.75,23.420000076293945,24.030000686645508,152400,26.579599990844727,41.59524993896484,-6.883474512313681,-40.49801350799158
2022-07-01,26.729999542236328,26.75,24.260000228881836,24.75,194400,26.394399948120117,41.53114994049072,1.2714802942133785,-35.638672224252666
2022-07-05,26.84000015258789,26.860000610351562,25.190000534057617,25.670000076293945,96800,26.314999961853026,41.47669994354248,1.9950605795018728,-35.28896901363383
2022-07-06,25.81999969482422,27.450000762939453,25.239999771118164,26.850000381469727,76200,26.232999954223633,41.42194993972778,-1.5743539058441502,-37.665900006169764
2022-07-07,27.90999984741211,28.31999969482422,26.270000457763672,26.270000457763672,151100,26.18859996795654,41.401299934387204,6.5730886017649315,-32.58665816859884
2022-07-08,27.649999618530273,27.920000076293945,26.610000610351562,27.43000030517578,64500,26.168599967956542,41.36819993019104,5.660981681816013,-33.16122126370079
2022-07-11,27.270000457763672,27.8700008392334,26.200000762939453,26.799999237060547,99600,26.157999992370605,41.32904994010925,4.251091313240307,-34.01735462760171
2022-07-12,27.350000381469727,28.440000534057617,26.579999923706055,27.34000015258789,102600,26.11560001373291,41.28674993515015,4.726678181193256,-33.75598606228664
2022-07-13,27.209999084472656,27.989999771118164,26.139999389648438,26.559999465942383,63300,26.104599990844726,41.245699939727785,4.234499260726499,-34.02948883341889
2022-07-14,26.799999237060547,26.889999389648438,25.31999969482422,26.40999984741211,68700,26.062199974060057,41.18374994277954,2.830917051265147,-34.92579166711067
2022-07-15,27.950000762939453,28.290000915527344,25.90999984741211,27.170000076293945,70700,26.026399993896483,41.140549945831296,7.39095983114868,-32.062160569704346
2022-07-18,28.1200008392334,29.68000030517578,27.600000381469727,28.670000076293945,102700,25.97880001068115,41.096249952316285,8.242108287033645,-31.57526326158505
2022-07-19,29.600000381469727,30.299999237060547,28.149999618530273,28.530000686645508,170400,25.99780002593994,41.05094995498657,13.855789151142028,-27.8944813361764
2022-07-20,31.059999465942383,31.200000762939453,29.299999237060547,29.84000015258789,101600,26.082800025939942,40.99959994316101,19.082304948289686,-24.243164545503358
2022-07-21,29.3799991607666,31.559999465942383,28.84000015258789,31.139999389648438,90900,26.257200012207033,40.94544994354248,11.893115591562587,-28.24599753751117
2022-07-22,26.719999313354492,29.479999542236328,26.299999237060547,29.479999542236328,143500,26.377599983215333,40.88469994544983,1.2980685519419444,-34.645480218748105
2022-07-25,28.799999237060547,29.5,26.809999465942383,27.1200008392334,119800,26.579599952697755,40.841449937820435,8.353772398058346,-29.4834064879982
2022-07-26,29.25,29.600000381469727,28.149999618530273,28.729999542236328,86000,26.791999969482422,40.7889999294281,9.17438053641899,-28.289489689358728
2022-07-27,30.84000015258789,31.25,29.559999465942383,30.459999084472656,180200,26.982999954223633,40.74884993553162,14.294185987131215,-24.316882068133026
2022-07-28,32.25,32.5099983215332,30.280000686645508,31.989999771118164,123100,27.1753999710083,40.699499940872194,18.6735063123467,-20.76069719074568
2022-07-29,33.150001525878906,33.5,31.65999984741211,32.59000015258789,182800,27.35,40.62224995613098,21.20658693191555,-18.3944720893637
2022-08-01,32.5099983215332,33.47999954223633,32.13999938964844,32.86000061035156,127800,27.540199966430663,40.528599939346314,18.04561463301042,-19.7850447087081
2022-08-02,34.27000045776367,35.41999816894531,33.06999969482422,33.61000061035156,138200,27.757999992370607,40.440299940109256,23.45990513431413,-15.257798511592624
2022-08-03,34.63999938964844,34.9900016784668,33.130001068115234,34.31999969482422,84100,27.979599990844726,40.3662499332428,23.804483984699853,-14.185738217110488
2022-08-04,33.08000183105469,34.9900016784668,33.08000183105469,34.63999938964844,148300,28.159200019836426,40.28199994087219,17.474934684763266,-17.87894871254886
2022-08-05,38.79999923706055,39.0,33.86000061035156,34.279998779296875,284500,28.48060001373291,40.216899938583374,36.233082232648826,-3.523147491941514
2022-08-08,41.709999084472656,42.869998931884766,40.5,41.7599983215332,335100,28.852999992370606,40.16044993400574,44.56035454026179,3.858395892011268
2022-08-09,40.209999084472656,42.720001220703125,39.439998626708984,41.709999084472656,175600,29.158999977111815,40.09954993247986,37.89910187604259,0.2754373856533876
2022-08-10,42.75,43.369998931884766,40.900001525878906,41.369998931884766,165100,29.501799964904784,40.06959992408753,44.9064126624654,6.689360714832526
2022-08-11,44.380001068115234,46.0,43.61000061035156,44.90999984741211,275700,29.877599983215333,40.043999929428104,48.539377637584934,10.828091964660679
2022-08-12,43.56999969482422,45.689998626708984,42.0099983215332,44.84000015258789,187900,30.259999961853026,39.99934992790222,43.98545852528193,8.926769493399256
2022-08-15,42.43000030517578,43.5099983215332,42.11000061035156,43.5099983215332,165100,30.558399963378907,39.94579993247986,38.84889377723888,6.2189275891206375
2022-08-16,40.970001220703125,42.900001525878906,40.0099983215332,42.470001220703125,256800,30.850799980163575,39.88819993019104,32.800450059790954,2.7120835044082137
2022-08-17,37.459999084472656,40.5,37.11000061035156,40.15999984741211,313300,31.073599967956543,39.79214993476867,20.55249190020416,-5.860831480880313
2022-08-18,39.790000915527344,40.599998474121094,36.75,37.54999923706055,165600,31.263999977111816,39.68834994316101,27.2709856213452,0.2561229492078043
2022-08-19,38.439998626708984,40.0,37.970001220703125,38.970001220703125,163200,31.342599983215333,39.55199994087219,22.644575265914348,-2.8114919999635446
2022-08-22,36.779998779296875,38.0,36.59000015258789,37.4900016784668,142900,31.45419994354248,39.38204995155334,16.93191639054159,-6.607200934073864
2022-08-23,39.72999954223633,40.58000183105469,37.4900016784668,37.4900016784668,157800,31.646599922180176,39.22924994468689,25.542711191513302,1.2764699764983733
2022-08-24,45.66999816894531,46.22999954223633,40.849998474121094,41.54999923706055,339000,31.98579990386963,39.136599950790405,42.78210426564999,16.69383192809257
2022-08-25,45.81999969482422,47.400001525878906,43.0099983215332,46.209999084472656,314200,32.36699989318848,38.982249937057496,41.56393810371928,17.540674970806624
2022-08-26,43.13999938964844,45.61000061035156,42.599998474121094,45.470001220703125,185600,32.662599868774414,38.82799994468689,32.077665473563435,11.105386450768219
2022-08-29,50.540000915527344,51.5,42.0,42.470001220703125,590700,33.16939987182617,38.73244994163513,52.369355824419436,30.48490604566634
2022-08-30,48.630001068115234,52.5,46.70000076293945,52.38999938964844,561400,33.591799888610836,38.57554993629456,44.76747667398149,26.06431055014138
2022-08-31,49.810001373291016,50.5099983215332,46.650001525878906,47.70000076293945,282900,34.02359992980957,38.39664996147156,46.39838663765347,29.724862516057993
2022-09-01,46.09000015258789,49.31999969482422,43.560001373291016,49.20000076293945,355700,34.41719993591309,38.25339997291565,33.91560103207194,20.486022641701762
2022-09-02,47.349998474121094,49.470001220703125,46.0,47.900001525878906,304800,34.82219989776611,38.12014996528625,35.97647079488122,24.212518883687274
2022-09-06,47.16999816894531,50.81999969482422,46.970001220703125,49.04999923706055,307900,35.18739986419678,38.01629994392395,34.05366225124477,24.078351229666104
2022-09-07,48.720001220703125,49.2400016784668,46.29999923706055,46.790000915527344,235100,35.6035998916626,37.91029995918274,36.840098666854296,28.5138900856996
2022-09-08,52.7400016784668,52.869998931884766,47.84000015258789,48.2400016784668,284500,36.14299991607666,37.85309996604919,45.9203768390229,39.32809129442452
2022-09-09,54.61000061035156,55.0,52.75,53.220001220703125,287700,36.74519992828369,37.81609997749329,48.618052744126985,44.40939346694495
2022-09-12,50.40999984741211,55.59000015258789,49.91999816894531,55.13999938964844,338600,37.258399925231934,37.755649976730346,35.29834869069006,33.516440263856985
2022-09-13,48.58000183105469,50.279998779296875,47.599998474121094,47.75,269000,37.6953999710083,37.69509999275208,28.875146220540927,28.876171811178473
2022-09-14,49.25,51.400001525878906,48.56999969482422,49.4900016784668,193800,38.14359996795654,37.6459499835968,29.11733565099692,30.82416573750788
2022-09-15,46.810001373291016,50.220001220703125,46.400001525878906,49.70000076293945,188700,38.56340000152588,37.57664999961853,21.384528779720767,24.57204506992032
2022-09-16,45.880001068115234,46.810001373291016,44.52000045776367,45.91999816894531,208600,38.92280002593994,37.528599996566776,17.874359083978277,22.25343090952625
2022-09-19,44.619998931884766,45.470001220703125,43.099998474121094,44.2400016784668,250200,39.26220001220703,37.482699995040896,13.646201481353405,19.041581683785225
2022-09-20,43.61000061035156,44.36000061035156,41.70000076293945,43.43000030517578,241300,39.58900001525879,37.431850004196164,10.156863253790082,16.505063483271122
2022-09-21,41.540000915527344,44.810001373291016,41.540000915527344,44.5099983215332,179200,39.87280002593994,37.39750000953674,4.181298751286033,11.076946065737614
2022-09-22,39.56999969482422,41.630001068115234,39.56999969482422,41.02000045776367,197000,40.12000003814697,37.34265000343323,-1.370888192422226,5.9646267503409955
2022-09-23,36.650001525878906,38.7400016784668,36.439998626708984,38.7400016784668,271600,40.31700008392334,37.243450002670286,-9.095415210485047,-1.5934304602522875
2022-09-26,38.25,39.310001373291016,36.2599983215332,36.56999969482422,245300,40.52300006866455,37.137799997329715,-5.60916038993422,2.994792375289479
2022-09-27,39.380001068115234,41.0,38.47999954223633,39.66999816894531,209100,40.74820007324219,37.05420001029968,-3.357691880052882,6.2767542064572135
2022-09-28,42.849998474121094,43.43000030517578,39.0099983215332,39.470001220703125,214800,41.01320003509522,36.97859999656677,4.478554312889793,15.877827927772948
2022-09-29,40.84000015258789,42.4900016784668,39.119998931884766,42.4900016784668,201400,41.208800048828124,36.947599992752075,-0.894954222892308,10.53492015881783
2022-09-30,40.97999954223633,42.709999084472656,40.029998779296875,40.529998779296875,520300,41.44080005645752,36.92119999885559,-1.1119488851407566,10.993140914993393
2022-10-03,41.5,44.099998474121094,41.209999084472656,42.029998779296875,170400,41.73640007019043,36.882249994277956,-0.5664122200114585,12.520250273338696
2022-10-04,42.900001525878906,43.810001373291016,41.43000030517578,42.900001525878906,156400,42.0184001159668,36.853100004196165,2.098131788642532,16.408121761790007
2022-10-05,42.79999923706055,42.880001068115234,39.47999954223633,42.040000915527344,231600,42.28940010070801,36.825649995803836,1.207392715755251,16.22333683706185
2022-10-06,40.5,43.0,40.470001220703125,42.25,169300,42.48260009765625,36.79284998893738,-4.666852059663906,10.075734856574758
2022-10-07,39.13999938964844,40.709999084472656,38.349998474121094,40.349998474121094,191400,42.62040008544922,36.71669999122619,-8.166044168574116,6.599992371322361
2022-10-10,36.79999923706055,39.470001220703125,36.099998474121094,39.380001068115234,193600,42.69340003967285,36.63054999351502,-13.804009043870625,0.4625899517630261
2022-10-11,36.0,37.5,34.540000915527344,36.720001220703125,205500,42.76320007324219,36.54099999427795,-15.81546764895656,-1.480528705735118
2022-10-12,36.54999923706055,37.290000915527344,34.599998474121094,36.54999923706055,169100,42.808800048828125,36.454699983596804,-14.620360310564017,0.2614182903895035
2022-10-13,39.18000030517578,39.40999984741211,33.779998779296875,35.29999923706055,196400,42.89960006713867,36.40464999198914,-8.67047654556603,7.6236148783118685
2022-10-14,37.66999816894531,39.18000030517578,37.279998779296875,39.18000030517578,146400,42.991399993896486,36.346649980545045,-12.377828648768485,3.6409082793286363
2022-10-17,40.72999954223633,40.72999954223633,38.47999954223633,38.47999954223633,124100,43.03,36.31039998054504,-5.345109127965775,12.171718196602876
2022-10-18,40.36000061035156,42.029998779296875,39.70000076293945,41.65999984741211,110500,43.003000030517576,36.26264998435974,-6.146081478711663,11.29909322059759
2022-10-19,39.97999954223633,40.4900016784668,38.849998474121094,40.33000183105469,66600,42.99840003967285,36.19899998664856,-7.019797235831026,10.445038694390263
2022-10-20,40.810001373291016,42.70000076293945,39.86000061035156,40.4900016784668,172500,42.95960006713867,36.14005000114441,-5.003767936592041,12.921817684255355
2022-10-21,42.7400016784668,42.869998931884766,39.58000183105469,41.11000061035156,135600,42.9268000793457,36.09755000114441,-0.435155661576514,18.401391997827552
2022-10-24,42.290000915527344,43.0,40.72999954223633,43.0,128000,42.90120010375976,36.065150003433224,-1.4246668782089689,17.260016696177736
2022-10-25,43.369998931884766,44.70000076293945,42.34000015258789,42.34000015258789,146900,42.920000076293945,36.02284998893738,1.0484595871176783,20.395801401620627
2022-10-26,44.380001068115234,46.5,43.369998931884766,43.619998931884766,150900,42.98820007324219,36.00119999885559,3.2376349614585687,23.273671626295766
2022-10-27,44.099998474121094,45.84000015258789,43.88999938964844,45.150001525878906,94800,43.121000061035154,35.97364998817444,2.2703518278802237,22.589724669634627
2022-10-28,47.060001373291016,47.060001373291016,43.810001373291016,45.47999954223633,136500,43.26640007019043,35.96399998664856,8.76800773104831,30.853079164614016
2022-10-31,47.310001373291016,47.56999969482422,45.849998474121094,47.540000915527344,109400,43.44380012512207,35.97050000190735,8.899316443391104,31.524447452168825
2022-11-01,46.84000015258789,48.290000915527344,46.68000030517578,48.02000045776367,127800,43.64500015258789,35.97420001029968,7.3204261400616755,30.20442466872717
2022-11-02,43.790000915527344,47.5099983215332,43.459999084472656,47.22999954223633,167800,43.72620018005371,35.969800024032594,0.1459096267476312,21.741018538523484
2022-11-03,41.56999969482422,45.150001525878906,41.52000045776367,43.15999984741211,128300,43.64420021057129,35.96065001487732,-4.752522685121107,15.598576993536684
2022-11-04,43.5,44.25,41.33000183105469,43.0099983215332,88000,43.597800216674806,35.9640500164032,-0.22432374153914525,20.954119405794547
2022-11-07,46.04999923706055,46.630001068115234,42.91999816894531,43.720001220703125,101300,43.656000213623045,35.99370001792908,5.4837800341828835,27.939053818091097
2022-11-08,45.06999969482422,47.02000045776367,44.25,45.34000015258789,145700,43.54660018920899,36.01035000801087,3.498320188019499,25.158460511486112
2022-11-09,30.90999984741211,39.7599983215332,30.15999984741211,38.56999969482422,1188900,43.19220016479492,35.954300012588504,-28.4361534502097,-14.029754892767365
2022-11-10,36.86000061035156,37.029998779296875,32.720001220703125,33.7599983215332,453000,42.933200149536134,35.93065001487732,-14.14569498204571,2.5865120588952184
2022-11-11,39.45000076293945,40.79999923706055,37.220001220703125,37.31999969482422,308100,42.80040016174316,35.939200010299686,-7.827962790400356,9.76872259714634
2022-11-14,39.849998474121094,41.650001525878906,38.529998779296875,39.119998931884766,209600,42.650400161743164,35.94019999504089,-6.565944696889369,10.878621932041789
2022-11-15,40.0,41.119998931884766,39.09000015258789,40.70000076293945,173100,42.50700019836426,35.9229499912262,-5.897852557614103,11.349429848521853
2022-11-16,38.279998779296875,39.900001525878906,38.02000045776367,39.790000915527344,106000,42.298200149536136,35.898049993515016,-9.499698228373266,6.635315250305118
2022-11-17,37.560001373291016,38.209999084472656,36.09000015258789,36.970001220703125,160900,41.99460014343262,35.87060000419617,-10.559926169067513,4.7097103725536105
2022-11-18,37.86000061035156,38.459999084472656,36.5,38.459999084472656,93600,41.65960014343262,35.86199999809265,-9.120585699332596,5.571358575553997
2022-11-21,38.9900016784668,39.099998474121094,36.650001525878906,37.959999084472656,154400,41.43120018005371,35.84619999885559,-5.892174233374448,8.770250904451737
2022-11-22,37.61000061035156,38.9900016784668,37.54999923706055,38.9900016784668,182000,41.21180015563965,35.82035000801086,-8.739728746828835,4.9961840181362405
2022-11-23,37.900001525878906,38.27000045776367,36.939998626708984,36.959999084472656,123000,40.98480018615723,35.79500000953674,-7.526689519692297,5.880713830929829
2022-11-25,37.91999816894531,38.349998474121094,37.540000915527344,37.959999084472656,31300,40.80700012207031,35.75074999809265,-7.074771349250875,6.067699757259337
2022-11-28,36.43000030517578,38.400001525878906,36.189998626708984,37.5,136200,40.61800010681152,35.708599996566775,-10.310699174313665,2.020242486903334
2022-11-29,37.209999084472656,37.810001373291016,36.689998626708984,37.34000015258789,97500,40.46980010986328,35.67324999809265,-8.054897767078783,4.307847158479183
2022-11-30,38.0,38.29999923706055,36.439998626708984,37.79999923706055,196500,40.35760009765625,35.64990000724792,-5.841774763492857,6.592164332226136
2022-12-01,37.31999969482422,38.619998931884766,36.939998626708984,38.380001068115234,82800,40.27320007324219,35.61275000572205,-7.332917108765081,4.793928266780467
2022-12-02,38.25,38.91999816894531,36.900001525878906,38.91999816894531,177500,40.246800079345704,35.581700010299684,-4.961388421959145,7.4990795519267905
2022-12-05,35.75,38.5,35.369998931884766,38.15999984741211,123500,40.22880004882813,35.54995001792908,-11.133317532195687,0.5627292920806548
2022-12-06,33.88999938964844,35.83000183105469,33.209999084472656,35.45000076293945,208900,40.14160003662109,35.519200010299684,-15.57387010300868,-4.586816764394519
2022-12-07,34.20000076293945,35.41999816894531,33.650001525878906,33.689998626708984,76900,40.03800003051758,35.502200021743775,-14.581146069055183,-3.667939615028848
2022-12-08,34.83000183105469,35.40999984741211,34.220001220703125,34.349998474121094,95800,39.87760009765625,35.49000002861023,-12.65772828415075,-1.8596737025175725
2022-12-09,33.540000915527344,35.20000076293945,33.349998474121094,34.38999938964844,84700,39.73160011291504,35.453600034713745,-15.583563661648437,-5.397474776363287
2022-12-12,33.540000915527344,34.45000076293945,33.209999084472656,33.58000183105469,101300,39.58280014038086,35.41745003700257,-15.266224732516797,-5.300915564259279
2022-12-13,34.18000030517578,35.790000915527344,33.310001373291016,34.529998779296875,174900,39.436400146484374,35.36200003623962,-13.328802379994064,-3.342570357594321
2022-12-14,33.95000076293945,35.15999984741211,33.40999984741211,34.56999969482422,116300,39.25740013122559,35.31655003547669,-13.519487664860907,-3.8694302562523486
2022-12-15,33.83000183105469,34.5,33.470001220703125,33.470001220703125,83300,39.078000183105466,35.2689000415802,-13.429546874099351,-4.079793270641074
2022-12-16,33.25,34.15999984741211,32.529998779296875,33.18000030517578,129100,38.93300018310547,35.21960003852844,-14.596871950216528,-5.592340731790824
2022-12-19,31.739999771118164,33.09000015258789,31.399999618530273,33.08000183105469,83200,38.78500019073486,35.1753500366211,-18.16423974467233,-9.766357014006644
2022-12-20,31.920000076293945,33.220001220703125,31.459999084472656,31.459999084472656,83100,38.68740020751953,35.1241500377655,-17.49251718886562,-9.122355866338271
2022-12-21,33.15999984741211,33.47999954223633,32.369998931884766,32.939998626708984,117700,38.630600204467775,35.06455002784729,-14.161313383950402,-5.431554601221578
2022-12-22,32.09000015258789,32.9900016784668,30.959999084472656,32.810001373291016,86300,38.54140022277832,34.976100034713745,-16.738883467906785,-8.251634342483595
2022-12-23,31.40999984741211,32.150001525878906,30.809999465942383,31.5,134100,38.38600021362305,34.89570002555847,-18.173293199053298,-9.9889103115666
2022-12-27,32.060001373291016,33.06999969482422,31.1299991607666,31.799999237060547,117700,38.27380027770996,34.85750002861023,-16.23512392114812,-8.02552866104309
2022-12-28,30.969999313354492,32.290000915527344,30.260000228881836,31.709999084472656,122400,38.078600273132324,34.84805002212524,-18.668230735344416,-11.128458281908316
2022-12-29,32.93000030517578,33.119998931884766,31.0,31.010000228881836,112800,37.93000026702881,34.85410002708435,-13.18217750238022,-5.520440121573622
2022-12-30,32.47999954223633,33.189998626708984,31.850000381469727,32.7599983215332,317700,37.78000026702881,34.84025002479553,-14.028588373033646,-6.77449352653735
2023-01-03,33.43000030517578,34.75,32.849998474121094,33.0,132500,37.6324002456665,34.82310002326965,-11.16697290913471,-4.0005045994267245
2023-01-04,33.0,34.5,32.209999084472656,33.86000061035156,103100,37.437600212097166,34.80490002632141,-11.853324430403124,-5.18576414515326
2023-01-05,32.93000030517578,33.40999984741211,32.0,32.790000915527344,77700,37.25040019989014,34.780750036239624,-11.59826437173982,-5.321189822345584
2023-01-06,34.54999923706055,34.75,33.27000045776367,33.459999084472656,93800,37.074000205993656,34.76555003166199,-6.808008186084702,-0.6200126113498405
2023-01-09,35.290000915527344,36.20000076293945,34.95000076293945,35.0,130800,36.89220020294189,34.761300039291385,-4.342921480966011,1.520946787485955
2023-01-10,36.0099983215332,36.0099983215332,34.540000915527344,35.369998931884766,55500,36.730400199890134,34.75715003013611,-1.9613232484166798,3.604577159838529
2023-01-11,36.5,36.61000061035156,35.0,36.380001068115234,92900,36.51920017242432,34.767650022506714,-0.05257555569033734,4.982649032568642
2023-01-12,36.70000076293945,37.0,35.70000076293945,36.61000061035156,82600,36.307000160217285,34.79110003471374,1.0824375491996552,5.486750135296248
2023-01-13,36.959999084472656,37.119998931884766,35.79999923706055,35.95000076293945,68500,36.10940013885498,34.80420002937317,2.3556163833981847,6.194077304693368
2023-01-17,36.400001525878906,36.709999084472656,36.0,36.52000045776367,65500,35.961600151062015,34.8161500453949,1.2190819456735058,4.5491861633721875
2023-01-18,34.720001220703125,37.52000045776367,34.27000045776367,36.7599983215332,80800,35.82460018157959,34.82125004768372,-3.083353213372164,-0.29076735281458044
2023-01-19,34.11000061035156,34.709999084472656,33.599998474121094,34.13999938964844,83900,35.63680019378662,34.827850046157835,-4.284334101638166,-2.061136231076266
2023-01-20,35.47999954223633,35.4900016784668,33.650001525878906,34.0,78700,35.425400199890134,34.83820004463196,0.15412484273462645,1.8422292104131266
2023-01-23,37.02000045776367,37.11000061035156,35.2599983215332,35.9900016784668,66200,35.264400215148925,34.85410004615784,4.978392463515013,6.21419118191977
2023-01-24,37.41999816894531,37.9900016784668,36.349998474121094,37.06999969482422,79200,35.39460018157959,34.878800039291384,5.722336110522863,7.285795746388168
2023-01-25,38.11000061035156,38.150001525878906,36.33000183105469,37.29999923706055,41000,35.41960018157959,34.914050045013425,7.595795590519261,9.153766352564974
2023-01-26,39.310001373291016,39.400001525878906,37.81999969482422,38.290000915527344,98300,35.41680019378662,34.95705005645752,10.99252659247123,12.45228447424267
2023-01-27,40.689998626708984,41.470001220703125,39.5,39.75,131900,35.43360019683838,35.00960004806519,14.83450284665011,16.225259845428376
2023-01-30,41.099998474121094,43.099998474121094,40.06999969482422,40.599998474121094,121200,35.4556001663208,35.065100040435794,15.91962420977968,17.210555300643883
2023-01-31,41.04999923706055,42.5099983215332,40.5099983215332,40.5099983215332,173600,35.51100017547608,35.11590003967285,15.597981003671379,16.89861057436528
2023-02-01,42.20000076293945,43.18000030517578,40.279998779296875,41.209999084472656,110200,35.60380016326904,35.164350051879886,18.526675718384222,20.007907726659212
2023-02-02,42.439998626708984,43.790000915527344,41.52000045776367,42.88999938964844,100100,35.695400123596194,35.21560005187988,18.89486734918071,20.514767785260133
2023-02-03,40.599998474121094,42.939998626708984,40.15999984741211,41.81999969482422,108400,35.72760005950928,35.24920003890991,13.637631429192453,15.17991452091023
2023-02-06,39.369998931884766,40.79999923706055,39.33000183105469,40.439998626708984,85600,35.76280002593994,35.266100025177,10.086455488184388,11.636951360592551
2023-02-07,41.220001220703125,41.5,39.0,39.2599983215332,84300,35.82920001983643,35.31815003395081,15.045831885395543,16.710533199159517
2023-02-08,39.75,41.4900016784668,39.58000183105469,41.33000183105469,76800,35.865800056457516,35.367300033569336,10.829815415878752,12.39195517404712
2023-02-09,40.630001068115234,41.27000045776367,40.09000015258789,40.54999923706055,82800,35.94980007171631,35.41980004310608,13.018712168252344,14.709854427942325
2023-02-10,41.720001220703125,41.720001220703125,40.18000030517578,40.22999954223633,57900,36.040000114440915,35.485150051116946,15.76026939019426,17.57031085004508
2023-02-13,42.029998779296875,42.75,41.4900016784668,41.91999816894531,82200,36.120600090026855,35.55630004882813,16.360189682733562,18.206896447545606
2023-02-14,43.27000045776367,43.52000045776367,40.75,41.81999969482422,108600,36.239600105285646,35.62530005455017,19.399773540692642,21.458627412282215
2023-02-15,45.599998474121094,46.220001220703125,42.93000030517578,43.0,137500,36.38660007476807,35.71450004577637,25.320855425956566,27.67922948851076
2023-02-16,46.95000076293945,50.66999816894531,44.72999954223633,45.97999954223633,238000,36.61060009002686,35.80465004920959,28.24154929852998,31.128221329943994
2023-02-17,42.349998474121094,46.5,42.02000045776367,46.400001525878906,174800,36.77980007171631,35.86770004272461,15.144721808012962,18.07280205777051
2023-02-21,42.09000015258789,44.290000915527344,41.66999816894531,42.83000183105469,150900,36.93760005950928,35.92565004348755,13.948930317014918,17.15863206828121
2023-02-22,47.95000076293945,48.79999923706055,44.619998931884766,45.970001220703125,314500,37.200000038146975,36.02215004920959,28.897851381098995,33.11254519076543
2023-02-23,50.369998931884766,51.209999084472656,48.02000045776367,48.81999969482422,233200,37.536599998474124,36.139950046539305,34.189028665175655,39.374843814174284
2023-02-24,48.65999984741211,49.72999954223633,46.70000076293945,49.22999954223633,173400,37.83899997711182,36.279950046539305,28.59747846625369,34.12366826578286
2023-02-27,46.84000015258789,49.130001068115234,46.709999084472656,49.0,143500,38.09219997406006,36.41065004348755,22.964806927625304,28.64368006790294
2023-02-28,44.810001373291016,46.83000183105469,44.61000061035156,45.43000030517578,243500,38.30939998626709,36.54120004653931,16.96868494247945,22.628707640199174
2023-03-01,44.0,45.16999816894531,43.81999969482422,44.790000915527344,203100,38.512799949645995,36.668050050735474,14.247730773998013,19.9954727320371
2023-03-02,42.70000076293945,43.91999816894531,42.18000030517578,43.91999816894531,205300,38.70179996490479,36.77510004997254,10.330787719589996,16.111174965984464
2023-03-03,42.709999084472656,43.689998626708984,42.40999984741211,42.810001373291016,448500,38.92119995117187,36.87550004959107,9.734538344280175,15.82215570510288
2023-03-06,40.52000045776367,42.720001220703125,40.41999816894531,42.720001220703125,254300,39.09319995880127,36.956000051498414,3.649740876843155,9.643901940953569
2023-03-07,42.25,42.790000915527344,40.400001525878906,40.709999084472656,434900,39.27499996185303,37.05225005149841,7.574793229882948,14.02816277358947
2023-03-08,41.54999923706055,42.70000076293945,41.029998779296875,42.70000076293945,151400,39.46419994354248,37.143100051879884,5.285294764627202,11.864650982350145
2023-03-09,39.70000076293945,42.16999816894531,39.25,41.47999954223633,172000,39.62999996185303,37.223800058364866,0.17663588481908743,6.652197520650871
2023-03-10,38.09000015258789,39.77000045776367,37.560001373291016,39.45000076293945,184300,39.75059993743896,37.29375005722046,-4.177546470907578,2.135076505167044
2023-03-13,35.15999984741211,37.13999938964844,34.220001220703125,36.779998779296875,294200,39.834399948120115,37.355900058746336,-11.734581434127023,-5.878322320921003
2023-03-14,34.560001373291016,37.18000030517578,34.40999984741211,36.25,218400,39.86699996948242,37.413250064849855,-13.311758096304793,-7.626305350679752
2023-03-15,33.0,33.439998626708984,31.989999771118164,33.439998626708984,246100,39.8773999786377,37.45370006561279,-17.24636004935607,-11.891215174497137
2023-03-16,33.130001068115234,33.279998779296875,31.700000762939453,32.09000015258789,399800,39.87139999389648,37.49130006790161,-16.907856074311965,-11.632829461468397
2023-03-17,33.060001373291016,33.2400016784668,32.16999816894531,32.54999923706055,290100,39.8726000213623,37.52865007400513,-17.085915251128203,-11.907299335046961
2023-03-20,32.560001373291016,33.41999816894531,32.4900016784668,33.20000076293945,212400,39.86520004272461,37.569200077056884,-18.32475106510043,-13.333258875599363
2023-03-21,33.59000015258789,34.20000076293945,32.56999969482422,33.0,259800,39.846000061035156,37.599600076675415,-15.700446466055496,-10.663943009795052
2023-03-22,33.060001373291016,34.470001220703125,33.040000915527344,33.59000015258789,138100,39.80140007019043,37.63315008163452,-16.937591856092617,-12.15191579345164
2023-03-23,31.34000015258789,33.20000076293945,31.079999923706055,33.16999816894531,299300,39.708000106811525,37.65825008392334,-21.073838852912118,-16.77786386052168
2023-03-24,31.729999542236328,32.0,30.270000457763672,30.760000228881836,170400,39.61260009765625,37.66555007934571,-19.899225337360036,-15.758565916615142
2023-03-27,32.099998474121094,32.31999969482422,31.40999984741211,32.0099983215332,225300,39.52060005187988,37.65350008010864,-18.77654076106522,-14.748965153763539
2023-03-28,31.56999969482422,32.119998931884766,31.56999969482422,32.11000061035156,112900,39.412800064086916,37.655350074768066,-19.89911997247078,-16.160652783365016
2023-03-29,32.369998931884766,32.439998626708984,31.75,31.90999984741211,252000,39.33220001220703,37.66665006637573,-17.70102124509053,-14.061911864095345
2023-03-30,31.81999969482422,33.099998474121094,31.770000457763672,32.630001068115234,127100,39.274199981689456,37.68220006942749,-18.979890845238245,-15.556948277442583
2023-03-31,32.20000076293945,32.22999954223633,31.84000015258789,31.899999618530273,149700,39.23599998474121,37.70940007209778,-17.93250898291886,-14.610148394365153
2023-04-03,32.869998931884766,33.119998931884766,31.75,32.540000915527344,237300,39.18379997253418,37.73195006370545,-16.11329438460554,-12.885501872052508
2023-04-04,30.760000228881836,33.119998931884766,30.399999618530273,33.040000915527344,185400,39.058599967956546,37.759750061035156,-21.24653660367457,-18.537595775498694
2023-04-05,29.15999984741211,30.940000534057617,29.100000381469727,30.940000534057617,206900,38.893400001525876,37.76800005912781,-25.02584025498389,-22.791781927132536
2023-04-06,29.90999984741211,30.0,28.81999969482422,29.5,138700,38.72939998626709,37.776450061798094,-22.771848110175263,-20.823688307179054
2023-04-10,29.950000762939453,30.25,29.399999618530273,29.829999923706055,82000,38.54219997406006,37.794150066375735,-22.292965157420674,-20.75492976997775
2023-04-11,29.68000030517578,30.299999237060547,29.450000762939453,30.0,101100,38.32200000762939,37.80705006599426,-22.551014301792982,-21.496122407414152
2023-04-12,29.969999313354492,30.670000076293945,29.530000686645508,29.899999618530273,182500,38.09940002441406,37.812350063323976,-21.337345747833968,-20.740183397318535
2023-04-13,31.639999389648438,32.20000076293945,30.079999923706055,30.1200008392334,179000,37.91120002746582,37.831000061035155,-16.541815171437555,-16.36488768839942
2023-04-14,31.559999465942383,32.72999954223633,30.969999313354492,31.780000686645508,121200,37.698400001525876,37.85995005607605,-16.282920589030404,-16.640145010235173
2023-04-17,31.440000534057617,31.81999969482422,30.899999618530273,31.549999237060547,49200,37.47840003967285,37.894650058746336,-16.1116789916946,-17.033141920250937
2023-04-18,30.81999969482422,31.68000030517578,30.25,31.5,105600,37.28280006408691,37.92500005722046,-17.334535920460713,-18.73434502749205
2023-04-19,30.299999237060547,30.579999923706055,29.8700008392334,30.579999923706055,65600,37.10140007019043,37.94285005569458,-18.331924995452,-20.143059383824458
2023-04-20,29.6200008392334,30.010000228881836,29.219999313354492,30.010000228881836,74800,36.869400062561034,37.956750059127806,-19.662373705638426,-21.963811988401773
2023-04-21,28.700000762939453,29.56999969482422,28.450000762939453,29.5,113000,36.64840007781982,37.97115006446838,-21.688257326384253,-24.416298389140533
2023-04-24,29.309999465942383,29.440000534057617,28.459999084472656,28.459999084472656,115600,36.422000045776365,37.978150062561035,-19.526661278610145,-22.824046411791233
2023-04-25,27.739999771118164,28.969999313354492,27.610000610351562,28.969999313354492,91100,36.14240001678467,37.978600063323974,-23.248041750864356,-26.958867033367174
2023-04-26,27.729999542236328,28.34000015258789,27.389999389648438,27.829999923706055,120700,35.85640003204346,37.980900058746336,-22.663737805649443,-26.989619784298412
2023-04-27,28.049999237060547,28.399999618530273,27.639999389648438,27.790000915527344,98100,35.552000007629395,37.984400053024295,-21.101487311428137,-26.153896868440274
2023-04-28,29.299999237060547,29.450000762939453,28.030000686645508,28.030000686645508,146800,35.226000022888186,37.99485005378723,-16.822803559805845,-22.884287750623734
2023-05-01,28.219999313354492,29.34000015258789,27.899999618530273,29.219999313354492,86700,34.851399993896486,38.0019500541687,-19.027645034929296,-25.740654695011255
2023-05-02,27.229999542236328,28.309999465942383,27.0,28.309999465942383,92300,34.54900001525879,37.998350048065184,-21.18440611823781,-28.33899496216985
2023-05-03,27.59000015258789,28.809999465942383,27.1299991607666,27.1299991607666,152200,34.25900001525879,37.99570004463196,-19.466417174174843,-27.386519737288506
2023-05-04,27.8799991607666,28.18000030517578,27.139999389648438,27.299999237060547,72100,33.85759998321533,37.98710003852844,-17.655122706311378,-26.606666124844235
2023-05-05,28.760000228881836,29.100000381469727,28.290000915527344,28.290000915527344,86900,33.425400009155275,37.97560004234314,-13.957648312348025,-24.267160500915917
2023-05-08,28.790000915527344,29.399999618530273,27.809999465942383,29.270000457763672,110100,33.028000030517575,37.97265005111694,-12.83153418637023,-24.18227098511261
2023-05-09,30.290000915527344,32.560001373291016,29.84000015258789,30.0,258000,32.69700004577637,37.99050005912781,-7.361528968649067,-20.269538783684162
2023-05-10,29.959999084472656,30.959999084472656,29.3799991607666,30.889999389648438,107800,32.4,37.99630005836487,-7.530867023232535,-21.15021978863182
2023-05-11,30.68000030517578,30.809999465942383,29.770000457763672,30.5,90800,32.133600006103514,38.003450059890746,-4.523612980343417,-19.27048660890979
2023-05-12,30.709999084472656,31.229999542236328,29.950000762939453,30.93000030517578,107900,31.89379997253418,38.00280005455017,-3.711695969376405,-19.190167460316733
2023-05-15,31.139999389648438,31.850000381469727,30.280000686645508,31.0,109300,31.662399978637694,37.99725005149841,-1.6499083750496357,-18.04670246545792
2023-05-16,30.850000381469727,31.139999389648438,30.350000381469727,31.139999389648438,78900,31.468999977111817,37.98575004577637,-1.9670138742645338,-18.78533306755139
2023-05-17,31.479999542236328,31.729999542236328,30.479999542236328,30.950000762939453,86900,31.253599967956543,37.98060005187988,0.7243951881124255,-17.115581377766574
2023-05-18,31.68000030517578,31.809999465942383,30.860000610351562,31.6200008392334,73100,31.05619998931885,37.96765005111694,2.0086176546759704,-16.560544930950204
2023-05-19,30.549999237060547,31.780000686645508,30.510000228881836,31.520000457763672,73600,30.87319995880127,37.947200050354006,-1.0468649902569793,-19.493403475033066
2023-05-22,32.209999084472656,32.849998474121094,30.579999923706055,30.709999084472656,133200,30.755599937438966,37.942850036621095,4.7288921366909875,-15.10917326087865
2023-05-23,31.649999618530273,32.790000915527344,31.450000762939453,32.349998474121094,93300,30.68539993286133,37.90710003852844,3.1435134877807025,-16.5064075427519
2023-05-24,31.1200008392334,31.5,30.68000030517578,31.3799991607666,63700,30.616599922180175,37.85415004730225,1.6442090837413215,-17.789725035838632
2023-05-25,30.309999465942383,31.209999084472656,29.780000686645508,31.0,97700,30.562799911499024,37.80465004920959,-0.8271508051902243,-19.824679169127513
2023-05-26,30.219999313354492,30.299999237060547,29.799999237060547,30.299999237060547,60600,30.50459987640381,37.742000045776365,-0.9329758928241616,-19.9300533180505
2023-05-30,29.68000030517578,30.43000030517578,29.190000534057617,30.170000076293945,93700,30.436999855041503,37.66850004196167,-2.4871030438971875,-21.20737413989652
2023-05-31,29.489999771118164,29.8799991607666,28.399999618530273,29.18000030517578,125900,30.375599822998048,37.59810004234314,-2.9154981532558133,-21.565186171890605
2023-06-01,28.719999313354492,29.450000762939453,24.8799991607666,28.979999542236328,433700,30.27819980621338,37.529550037384034,-5.14627851996382,-23.47363801392276
2023-06-02,29.860000610351562,30.860000610351562,29.18000030517578,29.469999313354492,196100,30.21419979095459,37.47400003433228,-1.1722937660227806,-20.318085651398444
2023-06-05,31.110000610351562,31.93000030517578,29.8799991607666,29.8799991607666,198200,30.209599800109864,37.44225004196167,2.980512208700037,-16.91204301160729
2023-06-06,32.45000076293945,32.599998474121094,30.860000610351562,31.010000228881836,167100,30.223999824523926,37.40555004119873,7.365011088338269,-13.248165774333486
2023-06-07,31.549999237060547,32.849998474121094,31.520000457763672,32.369998931884766,116300,30.212999839782714,37.37110004425049,4.42524543861198,-15.576477011105572
2023-06-08,31.979999542236328,32.25,31.479999542236328,31.479999542236328,102200,30.221199836730957,37.34710004806519,5.819754725183746,-14.370862795026863
2023-06-09,32.189998626708984,33.060001373291016,31.75,32.310001373291016,150200,30.217599830627442,37.30940004348755,6.5273178781141805,-13.721478798403163
2023-06-12,34.47999954223633,34.529998779296875,32.20000076293945,32.25,185900,30.270799827575683,37.253450050354004,13.905148653608435,-7.444815189919096
2023-06-13,33.83000183105469,35.83000183105469,33.43000030517578,34.880001068115234,177200,30.30339984893799,37.19350006103516,11.637644619734932,-9.043242030088361
2023-06-14,33.099998474121094,35.15999984741211,32.880001068115234,34.619998931884766,127800,30.307999839782713,37.14330005645752,9.212084760121853,-10.885682145072295
2023-06-15,35.2599983215332,35.279998779296875,32.959999084472656,32.959999084472656,127200,30.39799980163574,37.06690004348755,15.994468555907538,-4.874704169581101
2023-06-16,35.400001525878906,36.0,34.09000015258789,35.849998474121094,346800,30.522799835205078,37.000750045776364,15.9788804336634,-4.326259651269371
2023-06-20,35.95000076293945,36.20000076293945,34.66999816894531,35.150001525878906,167400,30.643599853515624,36.931450042724606,17.31650633342625,-2.6574891553127533
2023-06-21,35.630001068115234,36.380001068115234,35.04999923706055,35.59000015258789,115500,30.757199859619142,36.87915004730225,15.842798534119984,-3.3871414541409406
2023-06-22,34.099998474121094,35.689998626708984,34.029998779296875,35.18000030517578,97800,30.845599822998047,36.81290004730224,10.550609065143268,-7.369431828775353
2023-06-23,32.56999969482422,33.959999084472656,32.290000915527344,33.40999984741211,274200,30.897599830627442,36.73990005493164,5.412717730064576,-11.349786890744928
2023-06-26,32.13999938964844,33.31999969482422,32.0,32.5,135900,30.90759983062744,36.657000045776364,3.9873673975802104,-12.322341300398854
2023-06-27,31.469999313354492,32.38999938964844,31.309999465942383,32.0,111500,30.905799827575684,36.5506500339508,1.8255456546230509,-13.900301953254035
2023-06-28,32.650001525878906,32.790000915527344,31.06999969482422,31.600000381469727,85600,30.92999984741211,36.440850038528446,5.560949521345404,-10.402744471222602
2023-06-29,32.939998626708984,33.02000045776367,31.5,32.31999969482422,112600,30.972399826049806,36.353500032424925,6.35274893682698,-9.389746249113074
2023-06-30,32.560001373291016,33.220001220703125,31.260000228881836,33.220001220703125,140300,31.017599868774415,36.27340003013611,4.9726655545303755,-10.237250033798828
2023-07-03,32.540000915527344,33.08000183105469,32.310001373291016,32.599998474121094,41200,31.075999870300294,36.18985003471374,4.711034403839776,-10.085283900556153
2023-07-05,30.1200008392334,32.18000030517578,30.0,32.15999984741211,238900,31.10439987182617,36.10640003204346,-3.1648224580742457,-16.579883864072
2023-07-06,29.25,30.350000381469727,28.43000030517578,30.350000381469727,176600,31.103199882507326,36.02325002670288,-5.9582290230838275,-18.80244015096386
2023-07-07,30.6200008392334,30.790000915527344,29.010000228881836,29.010000228881836,133700,31.16079990386963,35.95325003623962,-1.7355108543573472,-14.833844483128777
2023-07-10,31.690000534057617,31.780000686645508,30.690000534057617,30.93000030517578,103200,31.239999923706055,35.89365003585815,1.4404629047712891,-11.711401592206538
2023-07-11,32.130001068115234,32.2400016784668,31.270000457763672,31.639999389648438,91600,31.32159996032715,35.84660003662109,2.5809700296665294,-10.36806549214977
2023-07-12,31.65999984741211,32.849998474121094,31.6200008392334,32.79999923706055,173900,31.36879997253418,35.80705003738403,0.928310535095056,-11.58165832047664
2023-07-13,33.099998474121094,33.70000076293945,31.479999542236328,31.479999542236328,173000,31.466399955749512,35.789300022125246,5.191564718775821,-7.5142613751641
2023-07-14,31.549999237060547,33.04999923706055,31.440000534057617,32.7599983215332,104800,31.552799949645998,35.755800018310545,-0.008876272755253822,-11.76256937083272
2023-07-17,35.20000076293945,35.5,31.649999618530273,31.729999542236328,274500,31.704999961853026,35.73490001678467,11.023500410949572,-1.4968539259770597
2023-07-18,35.869998931884766,37.060001373291016,35.189998626708984,35.33000183105469,242400,31.86479995727539,35.700000019073485,12.569352326013593,0.4761874305895031
2023-07-19,36.470001220703125,36.75,35.59000015258789,35.650001525878906,128700,32.01899997711182,35.678150024414066,13.901125103135703,2.2194289663203026
2023-07-20,35.97999954223633,36.66999816894531,34.27000045776367,36.61000061035156,155200,32.16279994964599,35.65315002441406,11.868368421177667,0.9167479383966226
2023-07-21,34.130001068115234,36.650001525878906,33.880001068115234,36.40999984741211,124500,32.23959995269775,35.61630002975464,5.86359979091271,-4.173086368875256
2023-07-24,34.209999084472656,34.939998626708984,33.459999084472656,34.369998931884766,87200,32.32459995269775,35.57285001754761,5.832706776058805,-3.831154749767518
2023-07-25,35.02000045776367,35.470001220703125,34.25,34.25,198700,32.41139995574951,35.53395002365112,8.048404282368615,-1.4463620440321678
2023-07-26,36.5,36.849998474121094,35.0,35.0,218100,32.52719997406006,35.51395002365112,12.213778096818007,2.7765145124442725
2023-07-27,34.15999984741211,36.439998626708984,33.95000076293945,36.439998626708984,119000,32.587599983215334,35.48905002593994,4.82514780163823,-3.7449584521321078
2023-07-28,35.400001525878906,35.560001373291016,34.16999816894531,34.970001220703125,80200,32.678600006103515,35.482050037384035,8.327778788770335,-0.23123948987919807
2023-07-31,37.599998474121094,37.72999954223633,35.310001373291016,35.349998474121094,196500,32.80099998474121,35.49005002975464,14.630646905924639,5.9451830656690685
2023-08-01,37.060001373291016,37.599998474121094,35.970001220703125,37.599998474121094,132400,32.90860000610351,35.49260004043579,12.614943712031357,4.416135563665469
2023-08-02,34.95000076293945,36.4900016784668,34.439998626708984,36.18000030517578,123200,32.996600036621096,35.47145004272461,5.920006073808781,-1.4700534631572282
2023-08-03,35.029998779296875,35.65999984741211,33.959999084472656,34.099998474121094,129600,33.05300003051758,35.45825004577637,5.981298965158821,-1.2077619903030246
2023-08-04,42.25,43.68000030517578,36.0,36.0,668000,33.26500003814697,35.465850048065185,27.010371115434808,19.128682782847672
2023-08-07,43.20000076293945,44.619998931884766,40.0099983215332,40.869998931884766,266400,33.506600036621094,35.480050048828126,28.929824917251956,21.75856771195932
2023-08-08,43.13999938964844,43.88999938964844,41.400001525878906,42.150001525878906,114000,33.76320003509522,35.495850048065186,27.772247135361837,21.535332528259655
2023-08-09,43.79999923706055,44.599998474121094,42.5,43.13999938964844,146700,34.03480003356933,35.51080003738403,28.691807191050245,23.34275541792934
2023-08-10,42.33000183105469,45.310001373291016,42.290000915527344,43.58000183105469,143100,34.287800064086916,35.50875003814697,23.454994930955575,19.210058888526515
2023-08-11,42.7400016784668,43.459999084472656,42.0,42.0,92500,34.55280010223389,35.51100004196167,23.69475571302133,20.357077040812577
2023-08-14,42.310001373291016,42.869998931884766,41.7400016784668,42.619998931884766,115000,34.82460014343262,35.5057000541687,21.494579116567493,19.163968908489192
2023-08-15,40.70000076293945,42.2400016784668,40.65999984741211,42.2400016784668,78300,35.04140014648438,35.48730005264282,16.14832909872408,14.688918859884993
2023-08-16,40.400001525878906,41.310001373291016,40.209999084472656,40.65999984741211,76900,35.22720016479492,35.46880006790161,14.6841115299692,13.902927216418327
2023-08-17,40.43000030517578,41.70000076293945,40.349998474121094,41.02000045776367,104600,35.38680015563965,35.43565006256104,14.25164221504891,14.09414031856986
2023-08-18,42.650001525878906,42.83000183105469,40.25,40.400001525878906,140200,35.60880020141602,35.41235006332398,19.773767396360874,20.438212797548427
2023-08-21,44.7400016784668,45.25,43.08000183105469,43.5099983215332,169400,35.86400024414063,35.40185007095337,24.749055804995734,26.377580800996682
2023-08-22,43.290000915527344,45.470001220703125,42.400001525878906,45.22999954223633,153700,36.086000289916996,35.39935007095337,19.963422290453337,22.290383379237745
2023-08-23,44.939998626708984,45.11000061035156,42.9900016784668,43.63999938964844,144300,36.29520027160645,35.41620006561279,23.818020813802534,26.89107962867898
2023-08-24,43.61000061035156,45.29999923706055,43.27000045776367,45.0,126200,36.49080024719238,35.41675006866455,19.50957587921611,23.13382940501958
2023-08-25,44.25,44.31999969482422,42.2599983215332,44.060001373291016,131700,36.713800277709964,35.407750072479246,20.52688543622516,24.972639914766614
2023-08-28,45.900001525878906,46.15999984741211,44.7599983215332,44.79999923706055,149400,36.92660034179688,35.41190008163452,24.30064262895364,29.61744899332237
2023-08-29,46.459999084472656,47.63999938964844,45.75,46.22999954223633,165500,37.14780029296875,35.489650077819825,25.067968272852205,30.911403698254645
2023-08-30,47.849998474121094,47.959999084472656,46.0,47.0,127000,37.385800247192385,35.544600067138674,27.98976658982859,34.61960011855325
2023-08-31,47.459999084472656,48.900001525878906,46.650001525878906,48.0,258500,37.62240020751953,35.58465005874634,26.148248975850553,33.372111306761255
2023-09-01,49.09000015258789,49.380001068115234,48.11000061035156,48.45000076293945,130400,37.922200241088866,35.630850067138674,29.449240393490307,37.77386747744818
2023-09-05,51.31999969482422,51.349998474121094,48.7599983215332,49.5,186900,38.297200241088866,35.68745006561279,34.004573106530266,43.804053246926756
2023-09-06,50.470001220703125,52.04999923706055,49.939998626708984,51.81999969482422,139200,38.66380027770996,35.748400077819824,30.53554192343464,41.18114687884271
2023-09-07,49.29999923706055,50.22999954223633,47.529998779296875,50.22999954223633,181100,39.020400276184084,35.80710006713867,26.34416584175987,37.68218913182737
2023-09-08,51.13999938964844,51.650001525878906,49.36000061035156,49.560001373291016,113800,39.390200233459474,35.87350006103516,29.829244549532042,42.55648125395868
2023-09-11,50.31999969482422,52.16999816894531,49.869998931884766,51.7400016784668,180700,39.73780025482178,35.93015005111695,26.63005846358695,40.04951168652284
2023-09-12,49.810001373291016,50.849998474121094,49.52000045776367,50.41999816894531,104700,40.08280025482178,35.99115005493164,24.26776836106679,38.395136852443734
2023-09-13,50.040000915527344,50.349998474121094,48.59000015258789,49.33000183105469,109300,40.43280025482178,36.05185005187988,23.76090847074057,38.80009165554061
2023-09-14,52.13999938964844,52.68000030517578,50.439998626708984,50.439998626708984,191300,40.873200225830075,36.122950057983395,27.565248381745832,44.34036895091622
2023-09-15,53.16999816894531,54.11000061035156,51.38999938964844,52.75,402900,41.35160018920899,36.20665004730225,28.580267572862695,46.851470930012205
2023-09-18,51.84000015258789,53.790000915527344,51.11000061035156,53.400001525878906,118100,41.77600017547607,36.27980005264282,24.090386668994057,42.88943179776863
2023-09-19,50.88999938964844,53.34000015258789,50.86000061035156,52.83000183105469,110300,42.16000015258789,36.34425004959107,20.706829234972556,40.02214743793024
2023-09-20,51.72999954223633,53.54999923706055,50.86000061035156,50.86000061035156,129100,42.55200012207031,36.41630004882813,21.568902504786603,42.05177207150399
2023-09-21,50.88999938964844,51.61000061035156,49.20000076293945,50.4900016784668,106200,42.93660011291504,36.47950004577637,18.523588863155172,39.503006690851095
2023-09-22,54.20000076293945,55.2400016784668,50.970001220703125,50.970001220703125,214800,43.35860015869141,36.57175004959107,25.004037410268754,48.201824330103385
2023-09-25,60.0,60.119998931884766,54.45000076293945,55.099998474121094,356100,43.9276001739502,36.70230005264282,36.58838580392336,63.477493001639786
2023-09-26,57.93000030517578,59.9900016784668,56.88999938964844,59.93000030517578,274500,44.382200164794924,36.82095005035401,30.525300886564246,57.32891255101884
2023-09-27,59.220001220703125,60.099998474121094,57.88999938964844,58.93000030517578,227700,44.84920021057129,36.942900047302246,32.04249115404409,60.301441264429556
2023-09-28,59.709999084472656,61.349998474121094,58.209999084472656,60.099998474121094,194600,45.31400016784668,37.073750038146976,31.769428572410384,61.05734926473354
2023-09-29,56.7599983215332,60.2599983215332,55.97999954223633,60.2599983215332,209400,45.72960014343262,37.189850025177,24.120915432243706,52.62228345397331
2023-10-02,54.93000030517578,57.0,53.7400016784668,56.79999923706055,281900,46.145600128173825,37.293600025177,19.03626814388033,47.29068866532704
2023-10-03,54.560001373291016,55.08000183105469,52.61000061035156,53.52000045776367,219400,46.5526001739502,37.39665002822876,17.200760364448087,45.89542467602457
2023-10-04,51.95000076293945,54.189998626708984,50.83000183105469,54.029998779296875,223700,46.89120018005371,37.48725002288818,10.788379404794224,38.580452637152376
2023-10-05,54.06999969482422,54.4900016784668,51.38999938964844,51.959999084472656,254300,47.242600173950194,37.5913500213623,14.451786090805996,43.83628059140594
2023-10-06,55.15999984741211,56.900001525878906,54.099998474121094,54.099998474121094,329300,47.662600173950196,37.70845002174377,15.730152459369151,46.280209914767845
2023-10-09,53.5,55.540000915527344,51.7400016784668,55.150001525878906,185000,48.024600143432615,37.816350021362304,11.401239865015622,41.47319868199355
2023-10-10,55.0,55.099998474121094,53.279998779296875,53.29999923706055,99800,48.3726001739502,37.92555002212524,13.70073099692255,45.020968629100324
2023-10-11,52.97999954223633,55.56999969482422,52.7599983215332,54.810001373291016,131300,48.6910001373291,38.03000001907348,8.808608146906916,39.31106893417
2023-10-12,51.06999969482422,53.529998779296875,51.04999923706055,53.529998779296875,122700,49.013400115966796,38.12830001831055,4.195994511687551,33.942503784062275
2023-10-13,52.81999969482422,53.72999954223633,51.68000030517578,52.709999084472656,131900,49.36920013427734,38.23210000991821,6.989782194488026,38.15615590334196
2023-10-16,52.869998931884766,54.4900016784668,51.86000061035156,53.5,129000,49.58160011291504,38.341600008010865,6.632296681593308,37.89199960575047
2023-10-17,53.790000915527344,54.81999969482422,52.029998779296875,52.029998779296875,112300,49.7934001159668,38.44590001106262,8.0263665269948,39.910890108046715
2023-10-18,53.02000045776367,54.959999084472656,52.470001220703125,53.970001220703125,116200,49.9910001373291,38.54860001564026,6.05909126065427,37.54066408702768
2023-10-19,53.529998779296875,53.869998931884766,52.0,53.09000015258789,113800,50.18560012817383,38.64910000801086,6.664060293354002,38.50257513939943
2023-10-20,51.630001068115234,53.7400016784668,50.689998626708984,53.11000061035156,150300,50.37160011291504,38.74225001335144,2.4982350220745575,33.26536546102097
2023-10-23,51.470001220703125,52.5,49.68000030517578,50.83000183105469,106400,50.546200103759766,38.834950017929074,1.8276371221714216,32.535258052194685
2023-10-24,52.72999954223633,53.349998474121094,51.599998474121094,51.599998474121094,84100,50.754600067138675,38.925850019454955,3.892059975814166,35.46267972538075
2023-10-25,52.720001220703125,54.630001068115234,52.29999923706055,52.5099983215332,112100,50.99500007629395,39.01300002098083,3.3826868160180323,35.13444542165636
2023-10-26,51.70000076293945,53.0,49.7400016784668,52.060001373291016,101800,51.221000061035156,39.09145003318787,0.9351646811532666,32.25398576682925
2023-10-27,49.619998931884766,51.97999954223633,49.310001373291016,51.97999954223633,109600,51.40480003356934,39.15705002784729,-3.472051443676516,26.720472805271456
2023-10-30,49.52000045776367,50.45000076293945,47.22999954223633,49.560001373291016,178700,51.54220001220703,39.22115002632141,-3.923386184455513,26.258410129561916
2023-10-31,53.06999969482422,53.06999969482422,49.849998474121094,50.150001525878906,162100,51.70879997253418,39.301700029373166,2.6324334020767504,35.03232596849741
2023-11-01,52.27000045776367,53.45000076293945,51.400001525878906,53.27000045776367,117600,51.88839996337891,39.38105002403259,0.7354254412432981,32.72881354322828
2023-11-02,54.56999969482422,55.70000076293945,52.7599983215332,53.02000045776367,109900,52.08099998474121,39.4803000164032,4.779093548150448,38.2208333577799
2023-11-03,54.88999938964844,55.70000076293945,54.04999923706055,54.849998474121094,98000,52.30659996032715,39.58420001029968,4.938954990920297,38.66643604106243
2023-11-06,53.83000183105469,55.47999954223633,53.52000045776367,55.349998474121094,97600,52.498199996948244,39.67595002174377,2.5368523762412165,35.674134586705584
2023-11-07,54.459999084472656,55.59000015258789,51.36000061035156,53.29999923706055,129700,52.669399948120116,39.76315001487732,3.399695341348674,36.96097785033765
2023-11-08,48.5099983215332,52.650001525878906,47.400001525878906,52.560001373291016,321700,52.71039993286133,39.81860001564026,-7.968828953448071,21.827483393386693
2023-11-09,50.619998931884766,51.97999954223633,48.130001068115234,49.279998779296875,164600,52.7657999420166,39.881150007247925,-4.066651149968004,26.92712954035974
2023-11-10,50.529998779296875,51.36000061035156,49.18000030517578,51.16999816894531,115500,52.827199935913086,39.937249994277956,-4.348519625123126,26.523480676653023
2023-11-13,51.7400016784668,52.439998626708984,50.25,50.25,105700,52.880199966430666,39.99250000953674,-2.1561913318930093,29.374261839416672
2023-11-14,53.18000030517578,53.83000183105469,51.33000183105469,52.279998779296875,237000,52.9173999786377,40.052900018692014,0.4962457086782335,32.77440654823389
2023-11-15,50.900001525878906,53.88999938964844,50.63999938964844,53.88999938964844,91600,52.92599998474121,40.10215003013611,-3.8279833341767877,26.925866786764274
2023-11-16,51.15999984741211,51.22999954223633,49.599998474121094,50.630001068115234,74300,52.96319999694824,40.146950025558475,-3.404628401682741,27.431846789961554
2023-11-17,52.52000045776367,52.88999938964844,51.0,51.130001068115234,93000,52.990800018310544,40.19735003471374,-0.8884552797545853,30.655380049700543
2023-11-20,51.130001068115234,53.2400016784668,49.529998779296875,52.15999984741211,158600,53.007000045776365,40.25000004768371,-3.5410398174583912,27.03105840383133
2023-11-21,51.189998626708984,51.27000045776367,49.900001525878906,51.0,86900,53.034599990844725,40.30910004615784,-3.478109318169975,26.993652966926728
2023-11-22,50.720001220703125,51.209999084472656,49.709999084472656,51.209999084472656,102000,53.04819999694824,40.35660004615784,-4.388836522971662,25.679569544243463
2023-11-24,51.279998779296875,52.47999954223633,50.810001373291016,51.150001525878906,60100,53.030999984741214,40.41425004005432,-3.3018445926875972,26.88593436343265
2023-11-27,51.369998931884766,51.599998474121094,50.52000045776367,50.970001220703125,83900,52.995,40.46795002937317,-3.0663290274841604,26.939958398185414
2023-11-28,50.5099983215332,51.31999969482422,50.029998779296875,50.959999084472656,76400,52.96839996337891,40.51190001487732,-4.641260909420309,24.67941099524893
2023-11-29,48.90999984741211,51.43000030517578,48.20000076293945,50.75,117300,52.92879997253418,40.5463000202179,-7.592841944664352,20.627529079160745
2023-11-30,50.02000045776367,50.2599983215332,48.13999938964844,48.9900016784668,95200,52.894599990844725,40.5800500202179,-5.434580341998241,23.262540171445266
2023-12-01,49.09000015258789,51.400001525878906,48.7599983215332,49.86000061035156,146200,52.858600006103515,40.59750002861023,-7.129586960457656,20.918776077326818
2023-12-04,51.65999984741211,51.79999923706055,49.0099983215332,49.09000015258789,92700,52.80779998779297,40.62105002403259,-2.1735428111873345,27.175441838279802
2023-12-05,50.5,51.790000915527344,50.400001525878906,50.400001525878906,97300,52.61779998779297,40.66180003166199,-4.024873689672104,24.195190475279826
2023-12-06,51.380001068115234,52.90999984741211,51.119998931884766,51.70000076293945,170800,52.486800003051755,40.708250036239626,-2.1087186394906254,26.215204589672414
2023-12-07,49.70000076293945,52.56999969482422,49.65999984741211,52.56999969482422,145000,52.296399993896486,40.717000036239625,-4.964776220275313,22.0620397345203
2023-12-08,51.209999084472656,51.56999969482422,50.11000061035156,50.11000061035156,98500,52.126399993896484,40.72120003700256,-1.7580360614412816,25.75758827819201
2023-12-11,48.75,51.2400016784668,48.63999938964844,51.22999954223633,159500,51.96620002746582,40.7216500377655,-6.189022914444298,19.715188247011017
2023-12-12,50.900001525878906,51.66999816894531,47.70000076293945,49.2400016784668,225000,51.885600051879884,40.741950044631956,-1.899560812663803,24.932659016367698
2023-12-13,52.849998474121094,53.2400016784668,50.099998474121094,50.7599983215332,311000,51.851399993896486,40.78215003013611,1.9258852805173143,29.59100595497639
2023-12-14,54.61000061035156,55.150001525878906,51.77000045776367,53.0,257300,51.90459999084473,40.83520003318787,5.21225598498789,33.73266340306535
2023-12-15,52.439998626708984,55.7599983215332,52.439998626708984,54.90999984741211,176500,51.871999969482424,40.883900022506715,1.0950004965313287,28.265646373855226
2023-12-18,53.61000061035156,55.0,52.43000030517578,52.79999923706055,110100,51.84099998474121,40.93840003013611,3.412358222509293,30.95284762200641
2023-12-19,52.220001220703125,54.65999984741211,51.90999984741211,53.93000030517578,139300,51.815400009155276,40.99690003395081,0.7808512748649132,27.37548735991775
2023-12-20,52.220001220703125,53.9900016784668,51.09000015258789,52.029998779296875,129200,51.759800033569334,41.04675004005432,0.8891092833344105,27.220793777206964
2023-12-21,54.15999984741211,54.41999816894531,52.060001373291016,52.060001373291016,119000,51.78340003967285,41.10980004310608,4.589501280175656,31.744741620300076
2023-12-22,54.16999816894531,58.45000076293945,53.5,54.9900016784668,302700,51.84540000915527,41.18215003013611,4.48371149490514,31.537566953898732
2023-12-26,55.540000915527344,55.84000015258789,53.81999969482422,54.54999923706055,143400,51.899800033569335,41.2694000339508,7.013901555696722,34.579133376876435
2023-12-27,55.91999816894531,57.209999084472656,55.599998474121094,55.95000076293945,118700,51.96080001831055,41.373200025558475,7.619586590736804,35.15995411135828
2023-12-28,54.5,56.0099983215332,54.209999084472656,55.599998474121094,166400,51.975,41.472900018692016,4.85810485810485,31.411114186460587
2023-12-29,54.40999984741211,55.25,53.5,54.7599983215332,170300,52.00279998779297,41.57995001792908,4.628981247517827,30.856337787685597
2024-01-02,52.849998474121094,54.869998931884766,52.720001220703125,54.4900016784668,133100,51.98919998168945,41.678550004959106,1.6557255982681207,26.803831869949303
2024-01-03,51.599998474121094,53.08000183105469,50.36000061035156,53.08000183105469,112200,51.98859992980957,41.771249990463254,-0.7474743620969337,23.529936226236536
2024-01-04,50.58000183105469,52.380001068115234,50.58000183105469,51.91999816894531,140600,51.970799942016605,41.861349992752075,-2.6761144960508965,20.827450237061562
2024-01-05,50.130001068115234,51.279998779296875,50.040000915527344,50.90999984741211,137700,51.91879997253418,41.944049997329714,-3.4453779851715494,19.51635827085525
2024-01-08,48.619998931884766,50.33000183105469,48.34000015258789,50.0,131400,51.83679992675781,42.02184998512268,-6.205631905168119,15.701709822623421
2024-01-09,49.91999816894531,51.47999954223633,46.560001373291016,48.459999084472656,339200,51.80119987487793,42.11474997520447,-3.631579404485852,18.533288689440795
2024-01-10,49.58000183105469,52.349998474121094,49.369998931884766,51.290000915527344,171400,51.800399932861325,42.20399998664856,-4.2864497275783675,17.477020772295425
2024-01-11,50.529998779296875,51.0,48.20000076293945,49.439998626708984,173300,51.82059989929199,42.29614998817444,-2.490517521030766,19.4671354093092
2024-01-12,54.52000045776367,54.77000045776367,51.70000076293945,51.70000076293945,285200,51.84959991455078,42.41089999198913,5.150281868353401,28.55185923444632
2024-01-16,54.54999923706055,56.0,53.54999923706055,54.619998931884766,274300,51.895199890136716,42.52179999351502,5.115693460173776,28.287135646609386
2024-01-17,54.66999816894531,55.810001373291016,52.13999938964844,53.619998931884766,163800,51.89719985961914,42.63604998588562,5.342866892291931,28.224819576493253
2024-01-18,54.9900016784668,57.0,52.630001068115234,56.470001220703125,187600,51.899199905395506,42.74999999046326,5.9553938764091985,28.6315829023019
2024-01-19,54.20000076293945,55.97999954223633,53.16999816894531,55.150001525878906,125700,51.906599884033206,42.85664999961853,4.418322302038735,26.46812283139697
2024-01-22,54.189998626708984,56.959999084472656,53.52000045776367,55.0,288800,51.90119987487793,42.97379999160766,4.409914910153967,26.100085720349895
2024-01-23,54.689998626708984,55.59000015258789,53.599998474121094,54.33000183105469,116300,52.02479988098145,43.10144998550415,5.1229389672325265,26.886679323090725
2024-01-24,54.41999816894531,56.9900016784668,54.36000061035156,55.849998474121094,191500,52.10079986572266,43.223999977111816,4.451367942910345,25.90227234351763
2024-01-25,52.56999969482422,54.9900016784668,52.29999923706055,54.9900016784668,204300,52.141599884033205,43.33709997177124,0.8216084886996322,21.304839800233676
2024-01-26,51.540000915527344,53.06999969482422,51.349998474121094,52.650001525878906,83800,52.137599868774416,43.446399974822995,-1.1461957488476116,18.628933456844663
2024-01-29,51.72999954223633,52.29999923706055,50.400001525878906,51.529998779296875,233200,52.10859985351563,43.555199975967405,-0.7265601308490299,18.768825698836334
2024-01-30,52.09000015258789,52.41999816894531,50.0099983215332,51.380001068115234,159000,52.132399826049806,43.65744997978211,-0.08133075324249228,19.315260457747584
2024-01-31,50.220001220703125,52.689998626708984,50.150001525878906,51.7400016784668,195700,52.11359985351562,43.75074998855591,-3.633597828849189,14.786606478379017
2024-02-01,51.58000183105469,54.97999954223633,50.29999923706055,51.29999923706055,237400,52.09479988098145,43.851449995040895,-0.9881946971730282,17.62439289211144
2024-02-02,50.2400016784668,51.029998779296875,49.720001220703125,50.849998474121094,126300,52.07699989318848,43.94855000495911,-3.5274655193068383,14.315493168256443
2024-02-05,48.25,50.0,48.130001068115234,49.5,188700,52.0181999206543,44.0383000087738,-7.244002918982395,9.563720648587925
2024-02-06,47.5,48.7599983215332,47.15999984741211,48.5,186700,51.953799896240234,44.12770000457763,-8.572616257396303,7.642138600182058
2024-02-07,47.63999938964844,48.40999984741211,47.09000015258789,47.56999969482422,116300,51.880999908447265,44.22239999771118,-8.174477219565512,7.728208763237965
2024-02-08,46.540000915527344,48.220001220703125,45.56999969482422,47.34000015258789,232000,51.78439994812012,44.30855000495911,-10.127372409155733,5.036163246864289
2024-02-09,45.689998626708984,53.400001525878906,45.68000030517578,53.36000061035156,387800,51.687999954223635,44.39829999923706,-11.604243408192715,2.9093425367505477
2024-02-12,46.97999954223633,48.59000015258789,46.0,46.0,345400,51.64939994812012,44.49454999923706,-9.040570482085041,5.585963995684606
2024-02-13,45.41999816894531,47.84000015258789,45.290000915527344,46.5099983215332,278100,51.55739990234375,44.58139999389648,-11.904017163440074,1.8810494402680122
2024-02-14,44.81999969482422,46.34000015258789,43.790000915527344,46.2400016784668,231400,51.471999893188475,44.6589999961853,-12.923531652486941,0.36050896494026485
2024-02-15,45.4900016784668,45.81999969482422,44.689998626708984,45.18000030517578,197000,51.34859992980957,44.74535000801087,-11.409460548780547,1.6641990068747115
2024-02-16,44.02000045776367,46.0,43.849998474121094,45.560001373291016,149800,51.21899993896484,44.829300012588504,-14.055330033346735,-1.8052915271877357
2024-02-20,42.470001220703125,43.65999984741211,41.900001525878906,43.400001525878906,257300,51.040799942016605,44.903700017929076,-16.792054064689587,-5.41981795766101
2024-02-21,42.790000915527344,43.380001068115234,41.220001220703125,41.689998626708984,162800,50.90259994506836,44.97825002670288,-15.937494427191822,-4.865127277909675
2024-02-22,41.91999816894531,43.43000030517578,41.31999969482422,42.880001068115234,197300,50.716799926757815,45.0440500164032,-17.344946389591453,-6.935548305092976
2024-02-23,40.95000076293945,42.13999938964844,40.880001068115234,41.25,144100,50.5607999420166,45.10485001564026,-19.008400163958772,-9.211535458515208
2024-02-26,41.11000061035156,41.869998931884766,40.099998474121094,40.66999816894531,247000,50.36499992370605,45.15895001411438,-18.37585491387701,-8.965995450508313
2024-02-27,39.970001220703125,41.650001525878906,39.86000061035156,41.13999938964844,183800,50.107399978637694,45.20900002479553,-20.23134060489359,-11.588397888073166
2024-02-28,40.84000015258789,41.2400016784668,39.810001373291016,40.029998779296875,195500,49.831999969482425,45.25980002403259,-18.04462960025951,-9.765398585715857
2024-02-29,40.790000915527344,41.70000076293945,40.209999084472656,41.0099983215332,143400,49.59900001525879,45.31020003318787,-17.760436897964503,-9.976118212565076
2024-03-01,41.439998626708984,42.84000015258789,40.529998779296875,40.91999816894531,246400,49.35559997558594,45.36170002937317,-16.037899149827894,-8.645402178764805
2024-03-04,41.38999938964844,44.20000076293945,40.93000030517578,44.040000915527344,300400,49.138999938964844,45.414400024414064,-15.769552817398358,-8.8615078754804
2024-03-05,40.0,41.709999084472656,39.88999938964844,41.31999969482422,187700,48.89459991455078,45.45700002670288,-18.19137477368701,-12.004751795097047
2024-03-06,40.79999923706055,41.70000076293945,40.0,40.290000915527344,152400,48.62739990234375,45.502600021362305,-16.096687630847264,-10.334795774514005
2024-03-07,41.70000076293945,41.869998931884766,40.59000015258789,40.7400016784668,218500,48.37799995422363,45.5583500289917,-13.803793454882495,-8.469027661442807
2024-03-08,40.04999923706055,42.25,39.25,42.22999954223633,188700,48.068199920654294,45.597550029754636,-16.680884029003195,-12.166335228699875
2024-03-11,39.369998931884766,40.47999954223633,39.0,40.470001220703125,182700,47.73719993591308,45.63615002632141,-17.527632570115625,-13.730674237030371
2024-03-12,40.029998779296875,40.150001525878906,38.880001068115234,39.33000183105469,189600,47.447799911499025,45.68070001602173,-15.633603973288634,-12.369997033195567
2024-03-13,38.66999816894531,40.61000061035156,38.209999084472656,39.83000183105469,268900,47.132999877929684,45.722500009536745,-17.955576201181334,-15.424576169545478
2024-03-14,38.5099983215332,39.810001373291016,38.09000015258789,38.880001068115234,185000,46.84619987487793,45.76395000457764,-17.794829838087168,-15.850798898082097
2024-03-15,38.25,38.900001525878906,37.779998779296875,37.869998931884766,200900,46.579199905395505,45.806800003051755,-17.881801152257857,-16.49711397117525
2024-03-18,38.77000045776367,39.349998474121094,37.04999923706055,38.06999969482422,169100,46.342999877929685,45.85320000648498,-16.341193794345987,-15.447557744540275
2024-03-19,39.06999969482422,39.22999954223633,38.290000915527344,38.86000061035156,135300,46.121799850463866,45.90495000839233,-15.289516407648874,-14.889353571496212
2024-03-20,41.04999923706055,41.58000183105469,38.849998474121094,39.7400016784668,192800,45.97039985656738,45.96090000152588,-10.703410531252755,-10.684953437165701
2024-03-21,41.290000915527344,41.540000915527344,40.40999984741211,40.97999954223633,147500,45.79779991149903,46.01180000305176,-9.84282870505282,-10.262148160278972
2024-03-22,40.369998931884766,41.290000915527344,40.369998931884766,41.27000045776367,121700,45.61359985351562,46.05139999389648,-11.495696324057425,-12.337086522374374
2024-03-25,40.869998931884766,41.45000076293945,40.15999984741211,40.15999984741211,227000,45.420399856567386,46.0979999923706,-10.018407893924941,-11.341058313486684
2024-03-26,39.31999969482422,41.25,39.220001220703125,41.220001220703125,168900,45.11639984130859,46.134699993133545,-12.84765665450368,-14.771311614302451
2024-03-27,41.06999969482422,41.150001525878906,39.33000183105469,39.52000045776367,121800,44.84679985046387,46.17909999847412,-8.421559995881367,-11.063663656976253
2024-03-28,41.529998779296875,41.72999954223633,40.560001373291016,41.06999969482422,208400,44.5839998626709,46.21434999465942,-6.849993479232596,-10.13613999959726
2024-04-01,43.66999816894531,43.869998931884766,41.540000915527344,41.58000183105469,249900,44.35759979248047,46.26354997634888,-1.5501326193301357,-5.606037169066047
2024-04-02,44.709999084472656,44.959999084472656,43.08000183105469,43.900001525878906,208300,44.16779975891113,46.32159997940064,1.2275896207669668,-3.4791563668885916
2024-04-03,47.20000076293945,47.31999969482422,45.02000045776367,45.099998474121094,241400,44.027999801635744,46.38129999160767,7.204508439163448,1.7651527048183624
2024-04-04,45.47999954223633,47.81999969482422,44.38999938964844,47.810001373291016,246000,43.84379981994629,46.431699981689455,3.731883935720526,-2.049678215159978
2024-04-05,44.779998779296875,46.29999923706055,44.380001068115234,45.56999969482422,193500,43.65099983215332,46.47584997177124,2.5864217348623875,-3.648886881045532
2024-04-08,44.400001525878906,45.86000061035156,43.38999938964844,45.86000061035156,116100,43.48759986877442,46.51969997406006,2.098073151559743,-4.556560874990856
2024-04-09,43.5099983215332,44.380001068115234,42.869998931884766,44.2599983215332,147300,43.32699981689453,46.56674997329712,0.4223659736701135,-6.5642366141436925
2024-04-10,43.34000015258789,44.38999938964844,42.45000076293945,42.529998779296875,206700,43.15919982910156,46.62059997558594,0.4189149108469348,-7.036803097163091
2024-04-11,44.18000030517578,44.59000015258789,42.40999984741211,43.63999938964844,186600,43.00099983215332,46.68079998016358,2.7417978131310417,-5.357233972105191
2024-04-12,43.40999984741211,45.56999969482422,42.91999816894531,44.43000030517578,112000,42.8647998046875,46.74049998283386,1.2719061915809737,-7.125512428504033
2024-04-15,41.86000061035156,44.54999923706055,41.66999816894531,44.4900016784668,120800,42.670399780273435,46.786549978256225,-1.8992068836826803,-10.529841097910076
2024-04-16,41.65999984741211,42.130001068115234,39.709999084472656,40.959999084472656,175200,42.49879974365234,46.83014998435974,-1.9737025546598286,-11.0402169087102
2024-04-17,40.689998626708984,42.380001068115234,40.61000061035156,41.59000015258789,73600,42.34759971618652,46.870799970626834,-3.91427400983001,-13.186891087396113
2024-04-18,40.630001068115234,42.290000915527344,40.209999084472656,40.4900016784668,122400,42.21019973754883,46.91124997138977,-3.743641772033357,-13.38964301122939
2024-04-19,41.369998931884766,41.59000015258789,40.20000076293945,40.20000076293945,95300,42.084799728393556,46.96749996185303,-1.6984773626629202,-11.917817713343371
2024-04-22,42.0,42.650001525878906,40.75,42.0,181400,41.99399971008301,47.03124996185303,0.014288445869437005,-10.69767434617168
2024-04-23,41.93000030517578,42.7400016784668,41.58000183105469,41.91999816894531,157200,41.91879974365234,47.08779995918274,0.02671966180314289,-10.953579607622165
2024-04-24,40.779998779296875,41.79999923706055,40.59000015258789,41.619998931884766,131000,41.794799728393556,47.13324995040894,-2.4280555372712342,-13.479340333621403
2024-04-25,40.88999938964844,41.0099983215332,40.0,40.34000015258789,111500,41.70419975280762,47.1770499420166,-1.9523222312984645,-13.326502102389448
2024-04-26,41.56999969482422,42.290000915527344,40.59000015258789,40.83000183105469,79900,41.63919975280762,47.22659994125366,-0.16618969239132753,-11.977572498265443
2024-04-29,42.97999954223633,43.369998931884766,41.52000045776367,41.61000061035156,160800,41.58899971008301,47.27599994659424,3.344634018249981,-9.087064068895268
2024-04-30,42.93000030517578,43.5099983215332,41.77000045776367,42.33000183105469,249500,41.56719970703125,47.33289995193481,3.2785480084048357,-9.301985830637992
2024-05-01,43.060001373291016,45.0,41.310001373291016,44.029998779296875,531200,41.57899971008301,47.37219995498657,3.5618982504017627,-9.10280414629897
2024-05-02,45.06999969482422,45.11000061035156,43.02000045776367,43.02000045776367,214500,41.62459968566895,47.41819995880127,8.277316863521689,-4.952107557893914
2024-05-03,45.04999923706055,46.310001373291016,43.900001525878906,46.310001373291016,192400,41.68719970703125,47.46109994888306,8.066743637525043,-5.080161889251067
2024-05-06,45.63999938964844,47.0,45.18000030517578,45.5,335700,41.78099967956543,47.50939994812012,9.23625509125956,-3.934801450898251
2024-05-07,44.29999923706055,46.540000915527344,44.0099983215332,46.09000015258789,270200,41.84479965209961,47.560249938964844,5.867394766789724,-6.854990682530582
2024-05-08,42.130001068115234,42.65999984741211,38.22999954223633,39.0,451700,41.88799964904785,47.599849948883055,0.5777344850433463,-11.491315385745605
2024-05-09,44.0099983215332,44.0099983215332,41.77000045776367,41.81999969482422,271500,41.951399612426755,47.644799938201906,4.907103763223808,-7.628957664599811
2024-05-10,43.88999938964844,44.47999954223633,43.439998626708984,44.20000076293945,159100,42.01339958190918,47.681749935150144,4.466669744448204,-7.952205090330578
2024-05-13,43.38999938964844,44.40999984741211,43.22999954223633,44.310001373291016,167800,42.05239959716797,47.72789993286133,3.1807930232132353,-9.088815031281495
2024-05-14,43.25,44.79999923706055,43.150001525878906,43.630001068115234,285000,42.089599609375,47.767149925231934,2.756976548587864,-9.456603402762054
2024-05-15,43.20000076293945,44.040000915527344,42.5,43.66999816894531,235000,42.15359962463379,47.795149936676026,2.482352984379932,-9.614258308269152
2024-05-16,43.63999938964844,44.400001525878906,42.52000045776367,43.0,243100,42.21039962768555,47.828049926757814,3.3868425188403606,-8.756473541201881
2024-05-17,46.61000061035156,47.04999923706055,43.2400016784668,44.0,513600,42.308599624633786,47.88634992599487,10.166729752060455,-2.66537190162921
2024-05-20,50.83000183105469,51.119998931884766,47.119998931884766,47.66999816894531,715500,42.524199676513675,47.96534994125366,19.531942323957118,5.972336057819971
2024-05-21,48.31999969482422,50.38999938964844,48.040000915527344,50.150001525878906,275700,42.70319969177246,47.995699939727785,13.15311274938007,0.6756850207491061
2024-05-22,47.54999923706055,49.029998779296875,47.20000076293945,49.029998779296875,237400,42.85359970092773,48.01744993209839,10.95917161897404,-0.9735017076060171
2024-05-23,45.93000030517578,47.91999816894531,45.810001373291016,47.86000061035156,242200,42.99879974365234,48.031399936676024,6.816935772622723,-4.375053890310721
2024-05-24,47.970001220703125,48.400001525878906,46.5,46.65999984741211,186100,43.18799980163574,48.05224994659424,11.072523481132057,-0.1711651920201951
2024-05-28,50.970001220703125,51.84000015258789,49.20000076293945,50.40999984741211,312700,43.44239982604981,48.095449943542484,17.32777522603497,5.976763457946599
2024-05-29,49.16999816894531,50.41999816894531,49.16999816894531,50.0099983215332,243200,43.65039978027344,48.12759992599487,12.64501222544656,2.165905311200489
2024-05-30,50.77000045776367,51.720001220703125,49.5,50.0,298800,43.884399795532225,48.16989992141723,15.69031522434643,5.397770268545621
2024-05-31,49.630001068115234,52.16999816894531,48.41999816894531,50.869998931884766,318900,44.05599983215332,48.214549922943114,12.652082025599265,2.9357344358379445
2024-06-03,47.09000015258789,50.459999084472656,46.63999938964844,50.2599983215332,205700,44.171999816894534,48.24799991607666,6.605995535156417,-2.4000989999647837
2024-06-04,45.099998474121094,46.9900016784668,43.540000915527344,46.9900016784668,310100,44.266599807739254,48.27134990692139,1.8826805537391467,-6.569842026202732
2024-06-05,45.380001068115234,45.61000061035156,44.70000076293945,45.099998474121094,173600,44.356799850463865,48.28499990463257,2.306751661753781,-6.01635879104273
2024-06-06,46.95000076293945,47.61000061035156,45.869998931884766,46.040000915527344,280500,44.50939987182617,48.29604990005493,5.4833381221528255,-2.7870791501603653
2024-06-07,43.560001373291016,46.95000076293945,43.099998474121094,46.93000030517578,274000,44.55919990539551,48.29739990234375,-2.242406807630992,-9.808806558182525
2024-06-10,44.70000076293945,45.25,43.959999084472656,44.189998626708984,218100,44.62259994506836,48.2961999130249,0.17345653988423138,-7.446132732102583
2024-06-11,41.97999954223633,44.70000076293945,41.70000076293945,44.5,243500,44.58879997253418,48.288049907684325,-5.850797581241984,-13.063377745648342
2024-06-12,42.59000015258789,42.970001220703125,41.900001525878906,42.84000015258789,292800,44.546399993896486,48.279749908447265,-4.391824797462085,-11.784961120653747
2024-06-13,43.189998626708984,43.5,42.630001068115234,42.630001068115234,179100,44.46619995117187,48.266199893951416,-2.8700480946523,-10.51709328348961
2024-06-14,41.720001220703125,43.7599983215332,41.45000076293945,43.29999923706055,171200,44.390999984741214,48.24249990463257,-6.0169826427794115,-13.520233604857424
2024-06-17,41.849998474121094,44.0,40.2400016784668,41.709999084472656,313200,44.332399978637696,48.212499904632566,-5.599519777212125,-13.1967880593143
2024-06-18,41.689998626708984,43.68000030517578,41.630001068115234,42.0,197500,44.278199920654295,48.18364990234375,-5.845317331290156,-13.47687709170181
2024-06-20,42.630001068115234,44.2400016784668,42.290000915527344,42.380001068115234,261200,44.26059997558594,48.15134990692139,-3.6840867687517598,-11.466654308714407
2024-06-21,43.75,43.7599983215332,41.65999984741211,42.5,898800,44.26879997253418,48.11349990844727,-1.1719314118658342,-9.069179994700761
2024-06-24,43.79999923706055,44.869998931884766,43.099998474121094,43.81999969482422,272000,44.261199951171875,48.08014989852905,-1.0419977646790368,-8.902115884625083
2024-06-25,44.61000061035156,45.04999923706055,43.099998474121094,43.29999923706055,342800,44.28519996643067,48.056699905395504,0.7334293266533898,-7.17215144158696
2024-06-26,44.0,45.27000045776367,42.72999954223633,44.16999816894531,228200,44.327999954223635,48.020999908447266,-0.7399385367315325,-8.373419787412505
2024-06-27,42.52000045776367,44.08000183105469,41.70000076293945,43.880001068115234,244000,44.34519996643066,47.98199991226196,-4.1158896792632955,-11.383434338889353
2024-06-28,42.75,43.7400016784668,41.77000045776367,43.25,733100,44.38639999389648,47.946699905395505,-3.686714836349647,-10.838493401316896
2024-07-01,41.900001525878906,43.459999084472656,41.290000915527344,43.459999084472656,187800,44.41180000305176,47.905999908447264,-5.655700685403997,-12.537048373995674
2024-07-02,41.9900016784668,42.560001373291016,41.220001220703125,41.220001220703125,186100,44.4242000579834,47.85524991989136,-5.479442232700727,-12.256227375769335
2024-07-03,42.22999954223633,43.15999984741211,42.0,42.5,146300,44.42880004882812,47.80054992675781,-4.949043197599911,-11.65373702406548
2024-07-05,41.380001068115234,42.31999969482422,40.72999954223633,42.06999969482422,192000,44.41780006408691,47.74824993133545,-6.839147800180734,-13.337135648695186
2024-07-08,39.220001220703125,42.11000061035156,38.689998626708984,41.790000915527344,320600,44.38660011291504,47.689899940490726,-11.639996933913855,-17.760361691588077
2024-07-09,40.75,41.09000015258789,38.900001525878906,39.11000061035156,256000,44.38380012512207,47.634999942779544,-8.187221722515991,-14.453657921801177
2024-07-10,41.97999954223633,43.0,40.97999954223633,40.97999954223633,331600,44.392000122070314,47.59044994354248,-5.433412716708874,-11.789025756137928
2024-07-11,46.130001068115234,46.13999938964844,41.58000183105469,43.0,270300,44.45500015258789,47.55009994506836,3.767857180920142,-2.986531844504381
2024-07-12,48.790000915527344,48.93000030517578,46.0099983215332,46.61000061035156,359400,44.57220016479492,47.494049949646,9.462850689753077,2.728659626322316
2024-07-15,47.25,49.45000076293945,46.79999923706055,49.40999984741211,302200,44.6560001373291,47.44064994812012,5.808849549206507,-0.4018704388085048
2024-07-16,48.880001068115234,48.959999084472656,46.70000076293945,48.06999969482422,226100,44.732200164794925,47.388949947357176,9.27251708621457,3.1464109722085354
2024-07-17,45.040000915527344,48.83000183105469,44.79999923706055,48.15999984741211,277300,44.73200019836426,47.31559995651245,0.6885467133087131,-4.809405445723181
2024-07-18,44.0099983215332,45.81999969482422,43.91999816894531,44.900001525878906,151800,44.699400177001955,47.25184995651245,-1.542306726127951,-6.860793044003232
2024-07-19,44.349998474121094,45.41999816894531,42.5,44.02000045776367,366800,44.70040016174316,47.19894994735718,-0.7838893753840726,-6.036048421445028
2024-07-22,43.65999984741211,44.619998931884766,42.7599983215332,44.099998474121094,201400,44.731000137329104,47.144449939727785,-2.3943133098497826,-7.391008054543857
2024-07-23,43.58000183105469,44.470001220703125,42.2400016784668,43.189998626708984,161600,44.722400207519534,47.10259994506836,-2.554420986270689,-7.478564066785642
2024-07-24,42.54999923706055,43.86000061035156,42.310001373291016,43.86000061035156,146700,44.69560020446777,47.04499994277954,-4.800474672208899,-9.554683199460579
2024-07-25,41.79999923706055,43.25,41.7400016784668,42.189998626708984,209700,44.66380020141602,46.97819993972778,-6.4119061778014075,-11.022560909764046
2024-07-26,42.689998626708984,42.849998474121094,41.4900016784668,42.06999969482422,112100,44.6526001739502,46.924149932861326,-4.395268225356719,-9.023394802485562
2024-07-29,41.599998474121094,43.29999923706055,41.25,42.790000915527344,165600,44.62060012817383,46.85714992523194,-6.769522698878938,-11.219528843515814
2024-07-30,42.54999923706055,42.720001220703125,41.2400016784668,41.54999923706055,142000,44.59880012512207,46.804999923706056,-4.593847552655239,-9.090910572762144
2024-07-31,43.689998626708984,44.650001525878906,42.63999938964844,42.849998474121094,176200,44.54040008544922,46.76809991836548,-1.9092811405123644,-6.581625717164852
2024-08-01,40.72999954223633,43.91999816894531,39.5,43.91999816894531,297100,44.33840003967285,46.70764991760254,-8.138319141439066,-12.798011430486111
2024-08-02,37.599998474121094,39.7400016784668,37.25,39.45000076293945,264200,44.12400001525879,46.63129991531372,-14.785607693957004,-19.367466610611782
2024-08-05,36.47999954223633,36.5,33.5099983215332,34.779998779296875,306000,43.9026000213623,46.544749908447265,-16.906972424216914,-21.623814471037296
2024-08-06,36.0,37.5,35.41999816894531,36.90999984741211,220600,43.70400001525879,46.45964990615845,-17.627677129253662,-22.513406638417155
2024-08-07,42.29999923706055,43.790000915527344,39.9900016784668,43.790000915527344,547200,43.59059997558594,46.403499908447266,-2.960731761545443,-8.843084421396675
2024-08-08,40.66999816894531,42.720001220703125,40.09000015258789,42.720001220703125,236200,43.38459991455078,46.34869989395142,-6.257062992287777,-12.252127326115536
2024-08-09,39.880001068115234,40.83000183105469,39.619998931884766,40.43000030517578,188700,43.19879997253418,46.290749893188476,-7.6826182822880345,-13.848876589524773
2024-08-12,39.16999816894531,40.849998474121094,38.369998931884766,40.849998474121094,252500,42.966799926757815,46.22294988632202,-8.836594217592697,-15.258549561900136
2024-08-13,37.70000076293945,39.2400016784668,37.439998626708984,39.040000915527344,253200,42.7281999206543,46.14784988403321,-11.767870322298023,-18.306051402877266
2024-08-14,36.849998474121094,38.349998474121094,36.70000076293945,38.02000045776367,275300,42.52339988708496,46.073599872589114,-13.341833973832774,-20.019276600862
2024-08-15,37.119998931884766,38.34000015258789,36.849998474121094,37.41999816894531,273200,42.36379989624024,46.011099872589114,-12.378023164113895,-19.32381743823772
2024-08-16,37.31999969482422,37.849998474121094,36.150001525878906,36.849998474121094,287600,42.20259986877441,45.950099868774416,-11.569429819803156,-18.781461190718364
2024-08-19,39.04999923706055,39.349998474121094,37.400001525878906,37.400001525878906,199000,42.044599838256836,45.8799998664856,-7.122438107905282,-14.886662269618334
2024-08-20,38.7599983215332,39.7400016784668,38.529998779296875,39.29999923706055,143600,41.94859977722168,45.812449855804445,-7.601210702198236,-15.394181181030408
2024-08-21,39.650001525878906,40.310001373291016,38.36000061035156,38.36000061035156,274200,41.847599792480466,45.73784986495971,-5.2514320474753795,-13.310307233626162
2024-08-22,37.529998779296875,39.90999984741211,37.529998779296875,39.4900016784668,196000,41.75859977722168,45.65104986190796,-10.12629978132411,-17.789407050170446
2024-08-23,39.900001525878906,40.0099983215332,38.08000183105469,38.16999816894531,325000,41.7047998046875,45.58139986038208,-4.327555310805586,-12.464291030783514
2024-08-26,38.599998474121094,40.349998474121094,38.29999923706055,40.18000030517578,188500,41.612999801635745,45.50209985733032,-7.240529021885644,-15.168753540716672
2024-08-27,39.470001220703125,39.75,38.119998931884766,38.599998474121094,157100,41.56799980163574,45.456899871826174,-5.047148265358825,-13.170494837976577
2024-08-28,38.0,39.29999923706055,37.72999954223633,39.27000045776367,171200,41.49099983215332,45.39379987716675,-8.413872517595934,-16.288127227008943
2024-08-29,39.349998474121094,39.63999938964844,38.15999984741211,38.47999954223633,122300,41.444199829101564,45.33789987564087,-5.053062584429369,-13.207275630199522
2024-08-30,39.599998474121094,39.849998474121094,38.79999923706055,39.25,176700,41.38359977722168,45.27719985961914,-4.309923043674702,-12.538764329729023
2024-09-03,35.869998931884766,38.9900016784668,35.58000183105469,38.650001525878906,308600,41.22599975585938,45.190649852752685,-12.991803366062394,-20.62517567514063
2024-09-04,36.7599983215332,36.7599983215332,35.849998474121094,35.939998626708984,191900,41.08519973754883,45.11994983673096,-10.527395372652181,-18.52828193614733
2024-09-05,37.22999954223633,37.83000183105469,36.79999923706055,37.04999923706055,179800,40.937599716186526,45.05029983520508,-9.056711188868826,-17.359041608103766
2024-09-06,35.36000061035156,37.189998626708984,34.90999984741211,37.119998931884766,207400,40.764799728393555,44.96449983596802,-13.25849545208837,-21.36018250098186
2024-09-09,35.849998474121094,36.52000045776367,35.599998474121094,36.0,144000,40.631399688720705,44.88809982299804,-11.76774920684539,-20.13473812550727
2024-09-10,36.31999969482422,37.08000183105469,35.560001373291016,37.08000183105469,209100,40.50279968261719,44.81374982833862,-10.327187306975528,-18.953446578450027
2024-09-11,39.88999938964844,40.119998931884766,37.2400016784668,37.52000045776367,478600,40.46259963989258,44.75959981918335,-1.4151346066247572,-10.879454796751487
2024-09-12,39.400001525878906,40.150001525878906,38.77000045776367,40.0,192600,40.41079963684082,44.70019983291626,-2.501306878472187,-11.857213898033637
2024-09-13,39.529998779296875,40.04999923706055,39.029998779296875,39.83000183105469,185400,40.356799621582034,44.64099983215332,-2.0487274760087826,-11.449118684781723
2024-09-16,39.86000061035156,40.11000061035156,39.119998931884766,39.75,153100,40.326399612426755,44.587749843597415,-1.1565599869011622,-10.603246967675217
2024-09-17,39.86000061035156,40.65999984741211,39.189998626708984,40.13999938964844,133700,40.33919960021973,44.54249984741211,-1.1879238919394797,-10.512430270194184
2024-09-18,39.81999969482422,41.16999816894531,39.5099983215332,40.11000061035156,190700,40.32059959411621,44.49149984359741,-1.2415487476159504,-10.499758752110145
2024-09-19,41.45000076293945,41.5,40.34000015258789,41.119998931884766,171700,40.30999961853027,44.45329984664917,2.8280852274807033,-6.756076813352929
2024-09-20,45.0099983215332,45.70000076293945,42.20000076293945,42.47999954223633,768100,40.28759956359863,44.420049839019775,11.721717871226645,1.3281130585206968
2024-09-23,50.29999923706055,51.4900016784668,45.91999816894531,46.459999084472656,822600,40.3177995300293,44.41904983520508,24.758790964264698,13.23970103744636
2024-09-24,53.040000915527344,53.650001525878906,50.5099983215332,51.95000076293945,552200,40.43359954833984,44.42734983444214,31.178033882726886,19.385921314640918
2024-09-25,55.040000915527344,57.540000915527344,52.470001220703125,53.029998779296875,702700,40.55679954528809,44.454049835205076,35.710907992299724,23.813243381796
2024-09-26,54.790000915527344,57.380001068115234,54.599998474121094,56.400001525878906,409500,40.75179954528809,44.47194984436035,34.44805266731446,23.201256313872776
2024-09-27,57.720001220703125,57.84000015258789,54.16999816894531,54.869998931884766,329000,41.02599960327149,44.51679985046387,40.691273287343456,29.658918463568938
2024-09-30,54.849998474121094,58.790000915527344,54.279998779296875,58.0,448000,41.23599960327149,44.53654983520508,33.014838980087504,23.157268978127
2024-10-01,59.790000915527344,59.9900016784668,54.7599983215332,54.7599983215332,420100,41.558599624633786,44.57124984741211,43.86914250134388,34.1447707215212
2024-10-02,64.30000305175781,65.44000244140625,59.0099983215332,60.56999969482422,643000,41.97299964904785,44.61969985961914,53.193728323909404,44.10675834677535
2024-10-03,64.87000274658203,67.01000213623047,62.7599983215332,67.01000213623047,546400,42.41939971923828,44.68184988021851,52.92531996194616,45.18199877687068
2024-10-04,67.81999969482422,67.93000030517578,64.12999725341797,64.83000183105469,466400,42.93979972839355,44.75289987564087,57.94204938962224,51.54325168487872
2024-10-07,64.66000366210938,69.5,63.959999084472656,69.5,757800,43.379199829101566,44.8150998878479,49.05762189447136,44.28173500432748
2024-10-08,65.25,65.7300033569336,61.09000015258789,61.20000076293945,492100,43.85219985961914,44.88024988174438,48.79527186522017,45.38689105325431
2024-10-09,63.04999923706055,67.16000366210938,62.810001373291016,66.16000366210938,500000,44.26219985961914,44.92469987869263,42.44660102079949,40.345955359324684
2024-10-10,55.79999923706055,61.4900016784668,55.02000045776367,60.869998931884766,1289200,44.50439987182617,44.9328498840332,25.38085986501557,24.18531070491694
2024-10-11,59.459999084472656,59.84000015258789,55.380001068115234,56.36000061035156,498900,44.878999862670895,44.95244987487793,32.48958146665348,32.27310024253516
2024-10-14,59.119998931884766,59.900001525878906,56.95000076293945,59.630001068115234,499400,45.30939987182617,44.968449878692624,30.48064882590986,31.46995080187891
2024-10-15,61.29999923706055,64.37999725341797,58.970001220703125,59.599998474121094,600800,45.805799865722655,45.00244987487793,33.82584610848045,36.21480476617458
2024-10-16,77.38999938964844,77.48999786376953,62.81999969482422,62.81999969482422,2265100,46.633599853515626,45.11734987258911,65.95330326791004,71.53046357597891
2024-10-17,81.05000305175781,90.19999694824219,79.33999633789062,84.0,3148400,47.40859992980957,45.258349895477295,70.96054971409356,79.08298300521382
2024-10-18,98.58999633789062,100.87000274658203,82.3499984741211,84.52999877929688,2990200,48.56699989318847,45.493299884796144,102.99791330474561,116.71322279885743
2024-10-21,94.4800033569336,104.5,92.1500015258789,104.0,2281700,49.65899993896485,45.71279989242554,90.25756352938559,106.68172498571593
2024-10-22,93.36000061035156,99.9000015258789,87.19000244140625,95.0,1870900,50.74279998779297,45.92894989013672,83.98669492580399,103.2704880770651
2024-10-23,90.52999877929688,93.91999816894531,88.1500015258789,90.6500015258789,1508800,51.79939994812012,46.138499889373776,74.77036195393678,96.2135721715282
2024-10-24,85.33000183105469,92.86000061035156,84.2300033569336,90.7300033569336,1039000,52.76900001525879,46.31554990768433,61.70479221963747,84.23618417817246
2024-10-25,85.98999786376953,91.6500015258789,84.01000213623047,85.33000183105469,905700,53.74639999389648,46.4975998878479,59.99210714305456,84.93427202947508
2024-10-28,93.87999725341797,98.0,89.0,90.23999786376953,1835000,54.87759994506836,46.714349880218506,71.07161637424089,100.9660789332146
2024-10-29,104.94999694824219,105.27999877929688,82.55999755859375,89.05000305175781,2103200,56.19559989929199,46.9664998626709,86.75838879969756,123.45713914197111
2024-10-30,103.29000091552734,108.7300033569336,99.8499984741211,106.16000366210938,1011300,57.486199951171876,47.21019987106323,79.67790705118914,118.7874679574008
2024-10-31,103.80999755859375,108.25,98.0,102.0,844800,58.769399871826174,47.45589986801147,76.639539939151,118.7504564181045
2024-11-01,109.52999877929688,118.36000061035156,102.7699966430664,106.30000305175781,1314100,60.20939987182617,47.728599853515625,81.91511460413896,129.48504484828095
2024-11-04,78.0,94.98999786376953,76.0,93.5,5727300,60.971399841308596,47.84759984970093,27.928832539538305,63.017581331172124
2024-11-05,75.7300033569336,78.0,72.70999908447266,75.80999755859375,5244900,61.71399993896485,47.955299873352054,22.711221816493143,57.91790178965282
2024-11-06,87.08999633789062,87.98999786376953,78.0,81.5,2799400,62.666399841308596,48.11729986190796,38.97399014213423,80.9951859057565
2024-11-07,86.5999984741211,91.76000213623047,84.30999755859375,88.47000122070312,1857500,63.638399810791014,48.27819986343384,36.08135768906706,79.37702465934812
2024-11-08,91.76000213623047,94.58999633789062,86.66000366210938,88.69999694824219,1711500,64.6865998840332,48.47414987564087,41.85318489568639,89.29677440788191
2024-11-11,91.58999633789062,95.0,87.66999816894531,95.0,1082700,65.72639984130859,48.674399852752686,39.35039277828653,88.16872239814772
2024-11-12,91.51000213623047,92.43000030517578,86.16999816894531,89.11000061035156,1385200,66.8391999053955,48.87329986572266,36.9106785625114,87.23925412781695
2024-11-13,81.5999984741211,95.0,80.30000305175781,93.48999786376953,1596500,67.73599990844727,49.02084985733032,20.467696032261372,66.45977928087483
2024-11-14,79.33999633789062,83.37999725341797,78.38999938964844,82.36000061035156,832600,68.57819984436036,49.16644983291626,15.692736930911554,61.3701957483487
2024-11-15,70.16000366210938,81.80000305175781,68.6500015258789,76.48999786376953,2605700,69.2741999053955,49.259349842071536,1.2786921507914384,42.429820708244435
2024-11-18,76.45999908447266,79.37000274658203,70.5,72.0,1229000,70.08639991760253,49.39044982910156,9.093917185592758,54.807253930741325
2024-11-19,68.5,71.8499984741211,64.55999755859375,71.44999694824219,2514400,70.72999992370606,49.49169982910156,-3.152834619131173,38.40704650786997
2024-11-20,75.13999938964844,75.80000305175781,66.37000274658203,70.0,1453500,71.43499992370606,49.62989982604981,5.186532469936855,51.40066704347619
2024-11-21,79.9000015258789,82.13999938964844,72.91999816894531,76.08999633789062,1269500,72.24499992370606,49.791199836730954,10.595891217740828,60.47012682537667
2024-11-22,86.8499984741211,87.8499984741211,78.5,83.91999816894531,1802400,73.19139991760254,49.992749824523926,18.661480135501087,73.72518771015244
2024-11-25,83.16999816894531,88.7699966430664,81.80000305175781,88.41999816894531,935600,74.05759986877442,50.18014982223511,12.304474242100083,65.74282552678274
2024-11-26,81.44999694824219,89.18000030517578,81.41000366210938,82.76000213623047,725600,74.88939979553223,50.35249980926514,8.76038153680243,61.759589408220286
2024-11-27,82.48999786376953,86.3499984741211,82.08999633789062,82.30000305175781,787100,75.74279975891113,50.537849807739256,8.908038950678732,63.224193703502586
2024-11-29,91.0,92.4000015258789,83.04000091552734,83.88999938964844,838100,76.73379974365234,50.76874980926514,18.591807396489312,79.24412230334808
2024-12-02,82.47000122070312,92.81999969482422,82.0999984741211,92.81999969482422,1011700,77.48299980163574,50.953649806976316,6.436252380308716,61.85298115663493
2024-12-03,76.91999816894531,82.5,74.4000015258789,82.0,1211700,78.01539978027344,51.118149795532226,-1.4040838275690137,50.47492617909304
2024-12-04,76.55000305175781,80.72000122070312,76.05000305175781,77.30000305175781,967700,78.48559982299804,51.2885498046875,-2.4661807715114836,49.25359235788249
2024-12-05,78.80000305175781,80.04000091552734,73.75,76.0,776500,78.96079986572266,51.468599815368655,-0.20364131852551592,53.10306348809577
2024-12-06,78.29000091552734,81.94999694824219,76.62999725341797,79.7300033569336,625500,79.43079986572266,51.65044982910156,-1.4362173767906605,51.576610028701396
2024-12-09,72.61000061035156,79.12000274658203,72.19999694824219,78.41000366210938,690500,79.72859985351562,51.80874982833862,-8.928539139333902,40.15007281769027
2024-12-10,71.56999969482422,74.95999908447266,70.69999694824219,72.16000366210938,506100,80.06299987792968,51.96104982376099,-10.607896526553539,37.737786164005406
2024-12-11,75.11000061035156,79.33999633789062,74.3499984741211,76.0,994700,80.36939987182618,52.13674982070923,-6.544032019477997,44.06345019327833
2024-12-12,74.54000091552734,78.0,73.5999984741211,75.61000061035156,486300,80.57419982910156,52.305249824523926,-7.488996386402591,42.50959734557733
2024-12-13,72.41999816894531,76.98999786376953,72.08000183105469,74.62000274658203,333900,80.72519973754883,52.46339981079102,-10.28823910700144,38.03908711621371
2024-12-16,76.73999786376953,78.0,70.05999755859375,72.41999816894531,715000,80.90359970092773,52.63989980697632,-5.146374021118438,45.782948191704676
2024-12-17,71.9000015258789,76.73999786376953,68.80000305175781,76.73999786376953,769400,81.04839965820312,52.79244981765747,-11.287574055631932,36.19372045475817
2024-12-18,69.31999969482422,74.6500015258789,68.0,73.0,703300,81.1297996520996,52.93904981613159,-14.556673389948093,30.94303720143654
2024-12-19,68.2300033569336,71.41999816894531,67.0,70.0,666500,81.23339973449707,53.07619983673096,-16.007450654612178,28.551033357357227
2024-12-20,66.80000305175781,70.61000061035156,66.51000213623047,66.73999786376953,722000,81.45339981079101,53.201699848175046,-17.989914224663107,25.559903616593218
2024-12-23,68.23999786376953,68.66000366210938,65.5999984741211,67.05000305175781,534900,81.62899978637695,53.34264984130859,-16.4022613993145,27.927649014024823
2024-12-24,69.04000091552734,69.56999969482422,66.51000213623047,68.47000122070312,215800,81.8273998260498,53.4909998512268,-15.627282472260084,29.06844349058084
2024-12-26,72.62999725341797,73.0,67.80000305175781,68.0,468800,82.05399978637695,53.65399984359741,-11.48512267225711,35.367349060901354
2024-12-27,70.70999908447266,74.7699966430664,68.76000213623047,73.30000305175781,458700,81.92039978027344,53.81419984817505,-13.684504379701856,31.396544562523253
2024-12-30,67.86000061035156,70.76000213623047,67.1500015258789,69.76000213623047,504000,81.65659973144531,53.96094985961914,-16.895877573237705,25.757609506302572
2024-12-31,66.61000061035156,69.87999725341797,65.11000061035156,68.79000091552734,576100,81.01699981689453,54.1027498626709,-17.782686644906665,23.117587884955636
2025-01-02,74.05000305175781,74.33999633789062,67.5199966430664,67.5199966430664,641100,80.60839981079101,54.27914987564087,-8.136120769581668,36.424397252746246
2025-01-03,80.80000305175781,82.01000213623047,74.7699966430664,75.16000366210938,763200,80.35719985961914,54.487799892425535,0.5510435815486714,48.29008183718204
2025-01-06,81.58000183105469,84.23999786376953,80.5,83.80000305175781,568300,80.1781999206543,54.69044990539551,1.7483579224622625,49.166814264964344
2025-01-07,73.6500015258789,82.02999877929688,72.52999877929688,81.06999969482422,806400,79.94459991455078,54.85224990844726,-7.873700531868177,34.269791391978586
2025-01-08,72.41999816894531,73.61000061035156,69.51000213623047,72.33000183105469,715500,79.6731999206543,55.01249990463257,-9.103690775483319,31.642805352401137
2025-01-10,70.83000183105469,74.66000366210938,69.5,72.41999816894531,379000,79.21220001220703,55.162299919128415,-10.581953512035525,28.402916366605744
2025-01-13,69.76000213623047,72.44000244140625,68.0999984741211,69.44999694824219,580300,78.5084001159668,55.31449993133545,-11.143263608497744,26.11521793169407
2025-01-14,69.86000061035156,72.75,68.5999984741211,72.02999877929688,250000,77.83980010986328,55.45844993591309,-10.25156730650516,25.968181027563308
2025-01-15,73.62000274658203,74.13999938964844,70.1500015258789,72.0,782100,77.23600021362304,55.61889995574951,-4.681751329742234,32.36508238234526
2025-01-16,74.05999755859375,75.05000305175781,72.0199966430664,74.51000213623047,295400,76.52660018920898,55.77084995269775,-3.223196410812257,32.793381527102426
2025-01-17,77.83000183105469,79.12000274658203,74.12999725341797,75.22000122070312,699600,76.52320022583008,55.936449966430665,1.707719490779347,39.14004531528739
2025-01-21,88.52999877929688,89.37999725341797,79.06999969482422,81.62999725341797,1369500,76.77920013427735,56.14309995651245,15.304664055458804,57.68633874486946
2025-01-22,90.80999755859375,94.38999938964844,88.63999938964844,94.38999938964844,1199400,76.8536001586914,56.36974994659424,18.159718440104868,61.09703811819078
2025-01-23,94.19999694824219,97.69999694824219,89.0,89.3499984741211,1111900,77.00560012817382,56.616849937438964,22.3287615335102,66.38155787955743
2025-01-24,92.0,99.56999969482422,91.30999755859375,97.9000015258789,883000,77.01040008544922,56.85484992980957,19.464383898692404,61.815570903061136
2025-01-27,78.19000244140625,84.2300033569336,76.5,83.5,1896400,76.74240020751954,57.028249950408934,1.8863134720470631,37.10749060228802
2025-01-28,78.91999816894531,81.02999877929688,75.0,80.0,629200,76.49060012817382,57.206149940490725,3.1760739707893393,37.957192104419946
2025-01-29,81.37999725341797,82.69999694824219,79.19999694824219,79.58000183105469,508400,76.48620010375977,57.392149925231934,6.398274646955082,41.7963908991672
2025-01-30,85.37999725341797,86.87999725341797,82.63999938964844,82.77999877929688,552700,76.60700012207032,57.60199991226196,11.451952324680793,48.22401545687096
2025-01-31,82.30000305175781,87.45999908447266,82.13999938964844,86.91000366210938,689900,76.84980010986328,57.804199924468996,7.092019672273708,42.377202970193764
2025-02-03,81.87000274658203,83.2300033569336,77.01000213623047,78.0,390200,76.95800018310547,58.005249938964845,6.382705568998004,41.142401476984446
2025-02-04,80.4000015258789,85.5999984741211,78.75,85.33000183105469,517100,77.19600021362305,58.203799953460695,4.150475806245768,38.13531348497199
2025-02-05,84.4000015258789,86.83000183105469,79.51000213623047,79.6500015258789,700100,77.38120025634765,58.42264995574951,9.070421815995932,44.46452119136184
2025-02-06,81.80999755859375,85.54000091552734,78.83999633789062,85.23999786376953,669500,77.41940017700195,58.62484994888305,5.671184963398956,39.54832742416669
2025-02-07,108.91000366210938,111.9000015258789,86.9000015258789,94.9000015258789,4301500,77.86060028076172,58.959399967193605,39.878196763684,84.72033928891653
2025-02-10,114.38999938964844,119.41999816894531,104.5,107.0,1627800,78.48500030517579,59.321699962615966,45.74759373748114,92.82994159259772
2025-02-11,114.0,118.97000122070312,112.4000015258789,112.56999969482422,1123700,79.13600036621094,59.68779996871948,44.05580200218851,90.99380452913972
2025-02-12,118.70999908447266,122.94999694824219,113.0,113.37000274658203,1221100,79.860400390625,60.076899967193604,48.646886947499326,97.59674542011494
2025-02-13,117.7699966430664,122.0,111.77999877929688,121.5,939000,80.39580032348633,60.45789995193481,46.48774708280603,94.79670437890798
2025-02-14,113.98999786376953,118.0,112.5,118.0,562700,81.02620025634765,60.81294994354248,40.68288714407471,87.44362503314764
2025-02-18,111.66000366210938,115.7699966430664,108.08000183105469,112.2300033569336,653300,81.72100036621094,61.15659996032715,36.63562996259804,82.58046348970389
2025-02-19,106.0,110.0,104.33999633789062,108.80999755859375,963200,82.31000030517578,61.471299953460694,28.781435557028612,72.43819486532989
2025-02-20,104.16000366210938,106.12999725341797,101.0,105.31999969482422,660100,82.81720031738281,61.76674997329712,25.770979051373267,68.63442500558898
2025-02-21,98.2699966430664,104.94999694824219,94.63999938964844,104.62000274658203,989700,83.21680023193359,62.03284996032715,18.08913148448155,58.41605972628143
2025-02-24,89.58000183105469,97.33000183105469,88.08999633789062,97.33000183105469,909400,83.55620025634765,62.25254997253418,7.209281365387854,43.897722857260256
2025-02-25,87.62999725341797,93.66999816894531,85.5,92.3499984741211,909400,83.87740020751953,62.46919996261597,4.47390719861871,40.2771242562082
2025-02-26,93.5,95.5,88.86000061035156,90.36000061035156,741200,84.2452001953125,62.72604995727539,10.98555144178106,49.06087672296546
2025-02-27,89.5199966430664,98.0,89.33000183105469,96.5,707000,84.54480010986327,62.95359994888306,5.8846866119950825,42.1999642844169
2025-02-28,90.7300033569336,91.88999938964844,84.69999694824219,88.52999877929688,739000,84.91100021362304,63.18779996871948,6.853061592338849,43.587849872678945
2025-03-03,84.0,93.33000183105469,82.62000274658203,92.66000366210938,912700,85.05620025634765,63.39084997177124,-1.2417675056779043,32.511237879609254
2025-03-04,88.80000305175781,90.47000122070312,79.61000061035156,80.66000366210938,939800,85.39420028686523,63.61859998703003,3.988330300478782,39.58182523642697
2025-03-05,84.55999755859375,90.33999633789062,81.41000366210938,90.33999633789062,929000,85.69900024414062,63.8253999710083,-1.3290734807898108,32.486435802993505
2025-03-06,79.72000122070312,82.76000213623047,78.05000305175781,81.5,632500,85.92880020141601,64.00579998016357,-7.2255157364696565,24.551214492139195
2025-03-07,79.80999755859375,81.5,75.91999816894531,79.33999633789062,570200,86.18900009155273,64.17179996490478,-7.401179415218873,24.369267501054082
2025-03-10,74.01000213623047,77.5,71.62999725341797,76.87999725341797,749600,86.30440017700195,64.28769996643067,-14.245389592601143,15.123114024730278
2025-03-11,73.95999908447266,77.33999633789062,72.11000061035156,73.0,600300,86.40280014038086,64.4158999633789,-14.400923391015185,14.8163716202361
2025-03-12,74.23999786376953,78.5999984741211,73.0999984741211,77.0,596600,86.43500015258789,64.54934995651246,-14.108870558558372,15.012773813811853
2025-03-13,71.95999908447266,75.19999694824219,70.98999786376953,74.08000183105469,323800,86.4600001525879,64.67949995040894,-16.770762251359105,11.256269976802269
2025-03-14,76.37999725341797,77.5999984741211,73.6500015258789,75.05000305175781,478900,86.63040008544922,64.82154993057252,-11.832339250333156,17.831180117144974
2025-03-17,76.05000305175781,80.12000274658203,74.19999694824219,76.75,488900,86.81920013427734,64.94694993972779,-12.404165283558866,17.095572805703597
2025-03-18,73.0999984741211,76.70999908447266,72.3499984741211,75.9000015258789,402900,86.80020004272461,65.06659994125366,-15.783605984617587,12.346424340783923
2025-03-19,75.97000122070312,77.58000183105469,72.79000091552734,73.55999755859375,555300,86.70360000610351,65.19259994506837,-12.379646040815828,16.53163286126931
2025-03-20,74.27999877929688,78.55999755859375,74.06999969482422,74.37000274658203,635900,86.55759994506836,65.31584993362426,-14.184313305317108,13.724308655222629
2025-03-21,74.0199966430664,74.56999969482422,71.87999725341797,73.16000366210938,667300,86.56499984741211,65.45049991607667,-14.492003958249578,13.093095909088404
2025-03-24,76.87000274658203,77.69999694824219,75.19999694824219,76.44999694824219,514400,86.65399993896484,65.60934993743896,-11.290877742832661,17.163183021749994
2025-03-25,73.7300033569336,77.23999786376953,72.76000213623047,76.06999969482422,490400,86.71199996948242,65.75109994888305,-14.971395674321586,12.135011299055964
2025-03-26,69.98999786376953,74.36000061035156,69.18000030517578,74.2300033569336,473700,86.7165998840332,65.8662999343872,-19.28881211052127,6.260709852367841
2025-03-27,69.0999984741211,70.62999725341797,67.30999755859375,69.47000122070312,411000,86.7013998413086,65.99399991989135,-20.301173221428627,4.706486283601619
2025-03-28,66.25,69.76000213623047,65.58000183105469,68.5,366800,86.55399978637695,66.10174991607666,-23.458187763117877,0.2242755813750108
2025-03-31,62.209999084472656,63.900001525878906,61.0099983215332,63.779998779296875,980400,86.31699981689454,66.20289991378785,-27.92845069170662,-6.031308046195727
2025-04-01,64.91000366210938,68.19000244140625,60.650001525878906,64.66000366210938,888600,86.05859985351563,66.31449993133545,-24.574645912673777,-2.117932383838139
2025-04-02,63.0099983215332,65.7699966430664,62.220001220703125,62.709999084472656,728600,85.54819984436035,66.41359992980956,-26.345617516010133,-5.124856372600672
2025-04-03,57.709999084472656,62.0,57.220001220703125,60.099998474121094,862900,84.88619987487793,66.49354991912841,-32.01486322919737,-13.209628370478931
2025-04-04,54.43000030517578,56.0,49.400001525878906,54.79999923706055,1243600,84.0907999420166,66.5564499282837,-35.272348053880954,-18.219796332548512
2025-04-07,58.560001373291016,63.400001525878906,50.0,50.75,1327900,83.42199996948243,66.6407999420166,-29.80268826602871,-12.125902713887882
2025-04-08,55.45000076293945,64.30000305175781,53.75,63.65999984741211,687400,82.96719993591309,66.70489994049072,-33.166358746864944,-16.87267230382187
2025-04-09,64.3499984741211,65.41999816894531,53.790000915527344,55.209999084472656,1298700,82.6757999420166,66.80789993286133,-22.165859272904555,-3.6790581072153272
2025-04-10,60.380001068115234,63.130001068115234,58.810001373291016,62.34000015258789,617900,82.25580001831055,66.8907999420166,-26.594840662087847,-9.733474378457373
2025-04-11,64.33999633789062,64.69999694824219,59.86000061035156,60.459999084472656,522100,81.835,66.9894499206543,-21.37838780730662,-3.9550311069904587
2025-04-14,64.87000274658203,67.18000030517578,61.40999984741211,67.18000030517578,613300,81.48639999389648,67.0937999343872,-20.391620256336097,-3.3144600394967694
2025-04-15,63.65999984741211,66.13999938964844,62.16999816894531,64.38999938964844,378000,81.12219993591309,67.19949993133545,-21.525797010308146,-5.267152415628107
2025-04-16,65.1500015258789,68.37999725341797,62.099998474121094,62.29999923706055,634500,80.81719993591308,67.31149993896484,-19.38597034103885,-3.2111874123231354
2025-04-17,67.26000213623047,68.2300033569336,65.47000122070312,65.47000122070312,441000,80.47439994812012,67.4382999420166,-16.420622981232114,-0.2643865665940992
2025-04-21,62.630001068115234,67.12999725341797,60.52000045776367,67.12999725341797,564600,80.09080001831055,67.54149993896485,-21.801254259170065,-7.271823805050204
2025-04-22,65.2300033569336,65.79000091552734,63.0,64.01000213623047,300500,79.21720001220703,67.65649995803832,-17.65676728427421,-3.586494427896336
2025-04-23,67.2699966430664,68.87999725341797,65.93000030517578,67.61000061035156,413900,78.27479995727539,67.78594993591308,-14.059190595460757,-0.76115078911555
2025-04-24,68.75,69.58000183105469,67.37000274658203,67.37000274658203,388600,77.36979995727539,67.93359992980957,-11.14103947798153,1.2017618248318263
2025-04-25,69.55999755859375,70.66000366210938,67.2699966430664,67.4000015258789,232700,76.38679992675782,68.07764991760254,-8.937149317303295,2.1774365636671567
2025-04-28,70.37000274658203,72.52999877929688,67.69999694824219,72.0,277000,75.43880004882813,68.21959993362427,-6.719085270398384,3.152177402168954
2025-04-29,70.95999908447266,71.25,68.48999786376953,70.0,226400,74.57820007324219,68.34374992370606,-4.85155311500699,3.8280737648829444
2025-04-30,69.29000091552734,69.83999633789062,66.37999725341797,67.69000244140625,300800,73.73080001831055,68.44624992370605,-6.022990529982531,1.232720554832123
2025-05-01,71.08999633789062,72.05000305175781,69.5,70.87999725341797,324000,73.03259994506836,68.56544990539551,-2.659912982200918,3.6819512392588516
2025-05-02,73.41999816894531,74.52999877929688,72.0,72.43000030517578,341700,72.41779983520507,68.68814989089965,1.383911601872545,6.888885907629572
2025-05-05,71.66000366210938,73.87000274658203,71.0,73.38999938964844,330700,71.88559997558593,68.82124990463257,-0.3138268492621221,4.1248215651569
2025-05-06,74.45999908447266,75.55999755859375,70.43000030517578,70.43000030517578,474600,71.5831999206543,68.97349990844727,4.018818894666798,7.954503082064779
2025-05-07,72.5,76.0,71.52999877929688,76.0,693400,71.28059997558594,69.11424991607666,1.7107039290237491,4.898772811734986
2025-05-08,88.45999908447266,89.9000015258789,80.44999694824219,80.75,1899800,71.17979995727539,69.33824991226196,24.27683013659696,27.57749034105512
2025-05-09,93.5999984741211,94.05999755859375,88.47000122070312,90.83999633789062,1266600,71.26139999389649,69.5883498954773,31.347403337764757,34.50527080281347
2025-05-12,94.70999908447266,101.52999877929688,92.0999984741211,99.8499984741211,1046000,71.34099990844726,69.84914989471436,32.75675867455617,35.59220008723338
2025-05-13,92.56999969482422,97.5,92.13999938964844,94.91000366210938,769300,71.51239990234374,70.10299989700317,29.446081828097515,32.04855688177402
2025-05-14,96.91999816894531,98.68000030517578,92.77999877929688,94.06999969482422,2138100,71.6747998046875,70.37414989471435,35.22186100700737,37.72102158810555
2025-05-15,96.30999755859375,96.52999877929688,91.62999725341797,95.16000366210938,626700,71.9097998046875,70.64769989013672,33.93167248438884,36.32432153964549
2025-05-16,95.75,97.48999786376953,94.0,96.38999938964844,566100,72.23039978027344,70.91369989395142,32.56191339280099,35.02327497111315
2025-05-19,95.19999694824219,95.54000091552734,90.25,93.36000061035156,466800,72.5381997680664,71.17124988555908,31.24119050739418,33.761873089654195
2025-05-20,95.08999633789062,97.0,92.98999786376953,96.4800033569336,357100,72.9597996520996,71.44304986953735,30.332041468474856,33.09901594561702
2025-05-21,93.33999633789062,98.70999908447266,92.83999633789062,93.69999694824219,839300,73.34739959716796,71.7217498588562,27.257403603296382,30.14182799719436
2025-05-22,93.16999816894531,94.76000213623047,90.83000183105469,92.91000366210938,576700,73.72599960327149,72.00519985198974,26.373326465974458,29.39343041955422
2025-05-23,113.29000091552734,118.2699966430664,100.5,111.75,4260200,74.55259963989258,72.39164985656738,51.9598263008211,56.49595103854323
2025-05-27,127.86000061035156,129.1199951171875,115.80999755859375,115.80999755859375,3199400,75.58219970703125,72.81944986343383,69.16681587193476,75.58495820847482
2025-05-28,127.73999786376953,136.0,126.5,130.5500030517578,2487700,76.61599960327149,73.25479986190796,66.72757456043823,74.37764911592303
2025-05-29,123.5,130.0,122.38999938964844,129.60000610351562,1252100,77.62399963378907,73.67289985656738,59.10027901505026,67.63287482974094
2025-05-30,126.91999816894531,128.69000244140625,117.63999938964844,118.0,1169300,78.64299957275391,74.11164985656738,61.38753462923241,71.25512441644601
2025-06-02,124.58000183105469,127.98999786376953,123.26000213623047,125.04000091552734,771700,79.64899963378906,74.54604986190796,56.41125739664004,67.11818005357975
2025-06-03,131.4499969482422,139.0,130.2100067138672,135.47000122070312,1905100,80.79759963989258,75.01904985427856,62.69047290278753,75.22215651035096
2025-06-04,141.0,142.69000244140625,128.17999267578125,133.99000549316406,1903200,82.08019958496094,75.53844985961913,71.78320802455089,86.65990665950227
2025-06-05,136.33999633789062,146.8300018310547,130.80999755859375,144.3800048828125,1869400,83.33239944458008,76.03354984283447,63.60982912602087,79.31557400609717
2025-06-06,143.11000061035156,143.64999389648438,133.0,136.97999572753906,995700,84.79479949951173,76.55384984970092,68.77214340388366,86.94030527703194
2025-06-09,146.0800018310547,152.72000122070312,144.14999389648438,149.33999633789062,1263500,86.33439956665039,77.09044986724854,69.20254564147461,89.49169719804163
2025-06-10,145.9199981689453,149.38999938964844,140.64999389648438,147.58999633789062,970100,87.92779953002929,77.62179985046387,65.95433861518438,87.9884239351006
2025-06-11,158.1300048828125,165.0,147.1199951171875,147.1199951171875,2092600,89.8461996459961,78.22479988098145,76.00077188112809,102.14817439406217
2025-06-12,158.44000244140625,160.55999755859375,154.0500030517578,155.9600067138672,692000,91.71679962158203,78.81749988555909,72.749161653176,101.02135017154427
2025-06-13,162.24000549316406,165.25,152.16000366210938,153.9499969482422,1045600,93.70139976501464,79.4356999206543,73.14576505797272,104.2406696928714
2025-06-16,169.92999267578125,176.6199951171875,166.5,172.60000610351562,1303600,95.94579963684082,80.08799987792969,77.1104032891215,112.17909416490474
2025-06-17,173.02999877929688,176.47000122070312,168.5800018310547,175.0,1129400,98.31779960632325,80.76314987182617,75.99051186268468,114.2437473698107
2025-06-18,180.9600067138672,182.38999938964844,174.6300048828125,176.0,1101300,100.76579971313477,81.4711999130249,79.58474723470998,122.11530811753377
2025-06-20,190.0399932861328,211.30999755859375,188.47999572753906,193.19000244140625,2947300,103.45759956359863,82.22339988708497,83.68877113692288,131.12641115194612
2025-06-23,192.25,204.9499969482422,183.61000061035156,198.75999450683594,1892000,106.01559959411621,83.00529989242554,81.34123726700098,131.61171666044825
2025-06-24,192.17999267578125,203.4600067138672,184.8800048828125,198.10000610351562,1965400,108.65159942626953,83.78239986419678,76.87727901897449,129.37990913042188
2025-06-25,181.17999267578125,195.6999969482422,177.0,195.6999969482422,1639700,110.98839935302735,84.5021498298645,63.2422791317959,114.40873757717007
2025-06-26,174.9600067138672,184.0,151.0,163.4600067138672,2570300,113.19019943237305,85.20014986038208,54.57169224125214,105.35175935790608
2025-06-27,168.64999389648438,178.66000366210938,161.74000549316406,177.30999755859375,1712900,115.28999931335449,85.8641498374939,46.28328120472891,96.4149114801353
2025-06-30,183.17999267578125,184.42999267578125,163.30999755859375,168.9499969482422,1367000,117.65059913635254,86.59844980239868,55.69830839831309,111.52802745749311
2025-07-01,168.7100067138672,176.83999633789062,166.8000030517578,173.1699981689453,1055300,119.67959922790527,87.24254983901977,40.96805788310969,93.38041703867141
2025-07-02,176.4600067138672,176.8000030517578,164.91000366210938,167.88999938964844,853800,121.95619934082032,87.92784986495971,44.69129709489374,100.68727597101015
2025-07-03,175.64999389648438,177.4199981689453,170.9499969482422,174.58999633789062,462100,124.16459915161133,88.60844984054566,41.46543789184769,98.23165196160564
2025-07-07,183.64999389648438,186.22999572753906,167.25999450683594,174.0,1050600,126.49219909667968,89.32739980697632,45.18681405492699,105.59200681238417
2025-07-08,173.85000610351562,188.5,171.13999938964844,185.5,1087300,128.59419921875,89.99734983444213,35.19272810104097,93.17236165656841
2025-07-09,179.3699951171875,180.14999389648438,172.05999755859375,180.14999389648438,476000,130.79039916992187,90.69509981155396,37.14309020813631,97.77253180147771
2025-07-10,197.4600067138672,197.97999572753906,178.0,182.91000366210938,1517200,133.33219924926757,91.47514984130859,48.096264687505254,115.86191119273539
2025-07-11,206.39999389648438,206.9600067138672,192.0,192.5,1244900,136.0409991455078,92.28209981918334,51.71896354254311,123.66200411661907
2025-07-14,216.27000427246094,217.0,199.22999572753906,204.0,1015000,138.9805992126465,93.11194984436035,55.61165047328529,132.26879539518103
2025-07-15,215.25999450683594,221.0,208.0,219.33999633789062,1119800,141.8639991760254,93.92304981231689,51.73687176246913,129.18761149364548
2025-07-16,227.25999450683594,229.49000549316406,210.27999877929688,216.0,1217900,144.94079910278322,94.78414978027344,56.79504729767424,139.76582058673853
2025-07-17,233.88999938964844,235.82000732421875,225.39999389648438,228.3000030517578,1052000,148.185399017334,95.67964977264404,57.83606275695836,144.45114498790775
2025-07-18,249.33999633789062,249.4199981689453,234.9499969482422,239.0,1219600,151.68299896240234,96.63774974822998,64.38229600121139,158.0151100242869
2025-07-21,224.0,250.8800048828125,222.22000122070312,249.66000366210938,1929000,154.71299896240234,97.48349975585937,44.78421432088939,129.78247658423464
2025-07-22,215.8300018310547,225.24000549316406,208.0,219.4499969482422,1350200,157.26039901733398,98.263699760437,37.24370736670004,119.64367549485684
2025-07-23,229.50999450683594,233.89999389648438,218.0,221.5,1454100,159.9785989379883,99.08974971771241,43.462935686666285,131.61830074318047
2025-07-24,242.3300018310547,246.58999633789062,232.72999572753906,235.0,1084100,162.9309989929199,99.97704971313476,48.73167373237859,142.38563002846635
2025-07-25,241.0,246.0,239.0,245.0,747700,165.89959899902342,100.84294971466065,45.268585008104,138.98547264029818
2025-07-28,239.39999389648438,246.1199951171875,227.57000732421875,246.0,821700,168.74919891357422,101.71664966583252,41.86733651938361,135.35969252131278
2025-07-29,224.0800018310547,242.0,222.89999389648438,239.6300048828125,1127600,171.30459899902343,102.5107996749878,30.807931100747687,118.59160453484323
2025-07-30,225.19000244140625,233.8699951171875,216.0,217.0,1003800,173.89339904785157,103.32149969100952,29.49887901118029,117.95076834429752
2025-07-31,215.39999389648438,227.24000549316406,213.0,225.16000366210938,1073000,176.2973989868164,104.11949966430664,22.179904601197254,106.87766901585096
2025-08-01,208.3300018310547,214.2100067138672,192.94000244140625,201.22000122070312,1299000,178.56219909667968,104.86384967803956,16.670831164135524,98.6671312093579
2025-08-04,210.0500030517578,212.0,198.60000610351562,212.0,1065100,180.89639923095703,105.61849969863891,16.116188019629575,98.87614731424242
2025-08-05,213.8000030517578,218.9600067138672,206.1199951171875,212.7899932861328,1086100,183.30899932861328,106.3809997177124,16.633664378083314,100.97574155073504
2025-08-06,232.38999938964844,264.8999938964844,230.10000610351562,237.0,2838200,185.6909992980957,107.1559997177124,25.148768797665475,116.87073052544665
2025-08-07,234.94000244140625,237.8300018310547,222.22000122070312,235.0,1528400,187.8325993347168,107.92544971466064,25.079460793035334,117.687304581592
2025-08-08,223.14999389648438,246.0,217.02000427246094,230.16000366210938,1282800,189.7407992553711,108.54824970245362,17.607807478531832,105.57677761564155
2025-08-11,219.10000610351562,225.0,211.0,219.77000427246094,774700,191.6527993774414,109.17134971618653,14.321317932862353,100.69368627676707
2025-08-12,217.3699951171875,229.9600067138672,215.0,216.0,1028100,193.46179931640626,109.7913996887207,12.358096474477342,97.98453770830173
2025-08-13,187.44000244140625,201.8000030517578,183.3300018310547,200.99000549316406,5105500,194.71899932861328,110.27594970703124,-3.7382057797671786,69.97360071654408
2025-08-14,189.0800018310547,192.64999389648438,182.47000122070312,188.61000061035156,2849800,195.87159942626954,110.79469970703126,-3.4673723067092044,70.65798484135905
2025-08-15,183.41000366210938,187.55999755859375,177.0500030517578,187.0,1666500,196.7197994995117,111.28179973602295,-6.76586488562142,64.81581363456137
2025-08-18,177.57000732421875,182.25,175.2100067138672,181.88999938964844,1075200,197.54439971923827,111.70024978637696,-10.111343284551877,58.97010764417763
2025-08-19,166.5800018310547,179.0,164.75999450683594,178.7100067138672,1368200,198.01379974365236,112.00839981079102,-15.874549123996262,48.72099066895712
2025-08-20,175.99000549316406,177.6699981689453,162.10000610351562,168.0,1543400,198.61199981689452,112.3718998336792,-11.390044078195805,56.61389168790911
2025-08-21,177.27999877929688,179.94000244140625,173.82000732421875,177.07000732421875,833900,199.23919982910155,112.73924983978272,-11.021526420824967,57.24780769007691
2025-08-22,186.47000122070312,191.99000549316406,174.32000732421875,178.92999267578125,1713600,199.80599975585938,113.12394985198975,-6.674473515035261,64.83689038853278
2025-08-25,185.27999877929688,193.10000610351562,184.41000366210938,192.0,978600,200.3427996826172,113.66034984588623,-7.518513731056364,63.01199057588755
2025-08-26,208.6699981689453,211.52000427246094,192.16000366210938,194.25,2440500,201.2713995361328,114.32504981994629,3.675931428838841,82.52342640356206
2025-08-27,198.2899932861328,210.47999572753906,197.67999267578125,205.58999633789062,1394600,201.83859954833986,114.8810498046875,-1.7581405490069146,72.60461461942695
2025-08-28,209.3800048828125,215.2899932861328,202.0,206.05999755859375,1529800,202.56559967041017,115.49494983673095,3.3640485963509548,81.28931626776914
2025-08-29,201.72999572753906,212.0,195.0,211.69000244140625,1440300,202.98099945068358,116.0447998046875,-0.6163156780831902,73.83803157665527
2025-09-02,203.88999938964844,205.0,186.5,192.47000122070312,956100,203.2579995727539,116.60629981994629,0.3109347815205332,74.85333099882112
2025-09-03,201.5399932861328,209.9499969482422,197.8800048828125,207.5,1061700,203.44379943847656,117.1564497756958,-0.9357897156848316,72.02637470834527
2025-09-04,199.00999450683594,205.8800048828125,198.05999755859375,202.0,619600,203.58039947509766,117.74349975585938,-2.2450122801830896,69.01994158444609
2025-09-05,205.38999938964844,205.39999389648438,191.67999267578125,201.0,928400,204.064599609375,118.37374977111817,0.6495001008555823,73.5097517707944
2025-09-08,204.67999267578125,208.22000122070312,198.1999969482422,205.5,767700,204.65899932861328,119.04634971618653,0.010257720030315554,71.9330270636188
2025-09-09,217.89999389648438,223.97999572753906,202.44000244140625,205.0,1521700,205.6439993286133,119.75354969024659,5.959811425514228,81.95702295264104
2025-09-10,219.3000030517578,225.5,215.75999450683594,221.52999877929688,884200,206.3663995361328,120.50754970550537,6.267301045469109,81.9803021368205
2025-09-11,224.32000732421875,232.6699981689453,214.0,218.0,1182100,207.47859954833984,121.25344974517822,8.117178259608938,85.00092805247309
2025-09-12,222.1300048828125,228.0,219.89999389648438,220.3300018310547,663200,208.39199951171875,121.96459976196289,6.5923861776282955,82.12662142649707
2025-09-15,243.47999572753906,243.8000030517578,220.1300048828125,222.6999969482422,1491600,209.74859954833985,122.74774974822998,16.081821881926462,98.35801163519908
2025-09-16,233.6199951171875,243.24000549316406,226.42999267578125,243.0,1311400,210.7479995727539,123.49999973297119,10.852769938885132,89.16598835814995
2025-09-17,230.14999389648438,235.0,221.22999572753906,233.0,950800,211.87399932861328,124.2434997177124,8.625878883574245,85.24107451850355
2025-09-18,262.6499938964844,264.8800048828125,231.6199951171875,236.02000427246094,1886100,213.5395993041992,125.14429969787598,22.998261096446406,109.87771279281225
2025-09-19,294.489990234375,301.57000732421875,260.0,260.0,3395600,215.48019897460938,126.16174964904785,36.666845323024575,133.42256353734513
2025-09-22,306.2200012207031,312.5400085449219,282.55999755859375,296.8800048828125,1943700,217.47659912109376,127.28049964904785,40.80595450648734,140.58673721822862
2025-09-23,302.5899963378906,312.0,295.04998779296875,310.0,1287500,219.20299896240235,128.40884963989257,38.04099294726839,135.64574963989514
2025-09-24,276.0,304.9700012207031,276.0,303.489990234375,1618000,220.41779907226564,129.40609962463378,25.21674799479843,113.28206382897625
2025-09-25,312.19000244140625,318.0799865722656,261.55999755859375,265.25,2995300,222.11639923095703,130.57304962158204,40.55243265347126,139.0922195247596
2025-09-26,305.3500061035156,338.0,297.0,316.1499938964844,1763800,223.54559936523438,131.70834964752197,36.59405820135477,131.8380018584195
2025-09-29,315.6199951171875,322.0,299.4599914550781,316.70001220703125,1350400,224.8711993408203,132.92339962005616,40.35589975167344,137.44502173382958
2025-09-30,310.07000732421875,320.760009765625,306.0,307.989990234375,1056800,226.59259948730468,134.11589965820312,36.84030635854507,131.19556153628164
2025-10-01,331.1099853515625,334.7799987792969,303.5799865722656,303.989990234375,1124800,228.89819915771486,135.3958995819092,44.653818409214274,144.54949254298057
2025-10-02,349.0899963378906,350.0299987792969,325.5,339.9700012207031,1005800,231.28979919433593,136.768649559021,50.93186018315308,155.24123946785386
2025-10-03,343.489990234375,360.1400146484375,334.04998779296875,351.5,1077000,233.31299896240233,138.12399951934813,47.22282588709399,148.6823371967734
2025-10-06,356.2799987792969,361.3699951171875,339.0,348.9599914550781,977300,235.61859893798828,139.52169952392578,51.210473360409495,155.35812708345088
2025-10-07,370.07000732421875,388.6199951171875,357.0,357.8999938964844,1303200,238.23199920654298,141.01254955291748,55.340176196638694,162.43764012318874
2025-10-08,364.2200012207031,386.0,359.010009765625,378.8800048828125,1266700,241.03479919433593,142.48704956054686,51.10681214418682,155.61621378505384
2025-10-09,371.0899963378906,389.4100036621094,362.9800109863281,367.1199951171875,1101200,243.95279907226563,144.00134952545167,52.11549027070741,157.69897126714213
2025-10-10,363.7099914550781,423.239990234375,362.6499938964844,380.9800109863281,2618500,246.9189990234375,145.48589946746827,47.299313901946796,149.99673012050656
2025-10-13,400.739990234375,430.0,387.04998779296875,414.760009765625,1944300,250.76719879150392,147.1483994293213,59.80558548550976,172.33730831497044
2025-10-14,396.1600036621094,415.1300048828125,370.0,387.0,1373700,254.48939880371094,148.7839994430542,55.668568327150524,166.26519326343035
2025-10-15,436.0,460.5,412.1600036621094,430.0,2025900,258.93339874267576,150.6008494567871,68.38306766030226,189.50699917871603
2025-10-16,415.42999267578125,464.25,406.010009765625,454.0,2058200,262.5941986083984,152.32444942474365,58.20227365163686,172.7270600646587
2025-10-17,380.17999267578125,411.510009765625,365.6400146484375,398.67999267578125,2461100,265.4989984130859,153.8860493850708,43.194511070909904,147.0529292258667
2025-10-20,399.8699951171875,408.989990234375,372.6000061035156,400.0,1452000,269.0333984375,155.55234935760498,48.63210197676722,157.0645810034741
2025-10-21,377.010009765625,395.0,367.7699890136719,385.0,1063400,272.1915985107422,157.06714939117433,38.509054588158456,140.03110212860932
2025-10-22,314.8299865722656,365.0,293.82000732421875,351.2300109863281,3387000,274.14079833984374,158.23729930877687,14.842441722950262,98.96066726841761
2025-10-23,344.2300109863281,349.9599914550781,308.0,320.0,1691000,277.2765985107422,159.55054935455323,24.146795234503738,115.74981244431832
2025-10-24,383.0,388.0,354.0,364.3299865722656,1539600,281.1549984741211,161.09729934692382,36.223791886543054,137.74451933871816
2025-10-27,359.7300109863281,391.79998779296875,350.6000061035156,391.1499938964844,1540100,284.6813986206055,162.53384941101075,26.362316866982873,121.326211303009
2025-10-28,363.70001220703125,382.2699890136719,354.1000061035156,374.0,1233000,288.40399871826173,163.99819946289062,26.107825766426096,121.77073492159222
2025-10-29,390.82000732421875,402.0,355.989990234375,366.239990234375,1538500,292.888798828125,165.60349948883058,33.43631060249675,135.9974327417992
2025-10-30,383.30999755859375,393.9800109863281,371.0,375.0,817500,297.0351986694336,167.1707494735718,29.04531155756196,129.29250408080014
2025-10-31,367.4599914550781,390.0,360.17999267578125,386.0,1041400,300.8387985229492,168.63994941711425,22.14514658987603,117.89617034704048
2025-11-03,342.989990234375,362.0799865722656,332.0,350.7300109863281,1412400,303.96919830322264,169.98459938049317,12.837087490761935,101.77709715138778
2025-11-04,327.20001220703125,340.0,312.0199890136719,313.75,1013300,306.80759857177736,171.23144943237304,6.646645562294662,91.0863998942304
2025-11-05,325.7300109863281,338.8599853515625,321.0,331.0,1076700,309.148798828125,172.4174494934082,5.363505283234704,88.91939994668654
2025-11-06,277.7799987792969,299.8999938964844,266.0,287.3500061035156,2501900,310.7385989379883,173.35229949951173,-10.606535612677037,60.240158094977716
2025-11-07,294.1600036621094,298.9599914550781,254.00999450683594,254.17999267578125,1907300,312.4341989135742,174.35209953308106,-5.848974060781309,68.71606619586265
2025-11-10,290.20001220703125,317.1700134277344,280.4800109863281,308.989990234375,1478400,314.20359924316404,175.3430995941162,-7.639500977694491,65.50409618558446
2025-11-11,275.5400085449219,283.79998779296875,267.1600036621094,279.07000732421875,989100,315.6365994262695,176.3298496246338,-12.70340351981708,56.26396162163354
2025-11-12,275.6000061035156,283.8900146484375,266.7900085449219,277.04998779296875,723200,317.1177996826172,177.31324966430665,-13.092230590857422,55.43114043946949
2025-11-13,253.85000610351562,269.0,247.8699951171875,263.6099853515625,1219600,318.2145999145508,178.17559970855712,-20.226788408928687,42.471812368663045
2025-11-14,250.0,261.0,230.00999450683594,231.0,1396900,319.1067999267578,178.99869972229004,-21.656323194184314,39.665819018722416
2025-11-17,245.63999938964844,251.83999633789062,240.0,240.0,850200,319.92600006103515,179.8153997039795,-23.21974477135791,36.606764378374976
2025-11-18,246.0800018310547,251.3000030517578,235.35000610351562,240.0800018310547,884400,320.4896002197266,180.63644969940185,-23.217476741103905,36.22942780405496
2025-11-19,264.2699890136719,267.989990234375,247.94000244140625,252.32000732421875,1345300,321.38899993896484,181.55579963684082,-17.77254695591338,45.55854979145866
2025-11-20,241.30999755859375,286.0,239.63999938964844,282.9599914550781,1462000,321.72879974365236,182.3403496170044,-24.995835700482782,32.3404271547421
2025-11-21,241.72999572753906,243.64999389648438,221.35000610351562,236.1999969482422,1161100,322.12079956054686,183.13994960784913,-24.956725533613756,31.991952736225304
2025-11-24,249.83999633789062,253.0,235.0,237.0,1052400,322.2479995727539,183.84459957122803,-22.469651737439477,35.89738122337045
2025-11-25,248.97999572753906,252.5,232.19000244140625,249.83999633789062,580600,322.5551995849609,184.51754955291747,-22.81011248682171,34.93567215195132
2025-11-26,254.22000122070312,258.32000732421875,250.35000610351562,254.0,486000,323.03659973144534,185.218649559021,-21.30303456882363,37.253997816075454
2025-11-28,259.29998779296875,263.6000061035156,253.55999755859375,259.0,434500,322.969599609375,185.92159950256348,-19.713809563938312,39.467382212034764
2025-12-01,251.36000061035156,257.4200134277344,248.0399932861328,250.0,531500,322.10699981689453,186.5895495223999,-21.963819242289027,34.71279675294785
2025-12-02,265.5799865722656,271.0,252.5,252.67999267578125,745500,321.2941995239258,187.34749946594238,-17.340559846462867,41.75795638016777
2025-12-03,268.1000061035156,269.989990234375,253.8000030517578,265.0,721300,320.6043997192383,188.1296994781494,-16.37669154312984,42.50807121214504
2025-12-04,278.6300048828125,286.0,264.0,267.510009765625,1098500,320.65699981689454,188.99284950256347,-13.10652658700131,47.42886073001043
2025-12-05,266.2300109863281,287.17999267578125,259.0,287.0,1088700,319.737799987793,189.80319953918456,-16.734896219185746,40.266345157877794
2025-12-08,268.5,269.5299987792969,258.0,269.260009765625,675900,319.0007998657227,190.65434955596925,-15.830932050007407,40.83077602233149
2025-12-09,264.69000244140625,266.7699890136719,258.0,264.0,785400,317.98220001220704,191.529899559021,-16.759490804439668,38.19774513056671
2025-12-10,264.5799865722656,270.5,248.92999267578125,260.0,1299000,317.072399597168,192.41464950561524,-16.55533975571275,37.50511577578419
2025-12-11,273.1099853515625,274.0,255.57000732421875,256.7900085449219,1001200,315.91239959716796,193.31269943237305,-13.548823756264227,41.278863806412815
2025-12-12,249.00999450683594,272.739990234375,243.47999572753906,272.739990234375,1021200,313.9107995605469,194.1101494216919,-20.674919481766008,28.28283077866147
2025-12-15,228.74000549316406,251.99000549316406,228.52999877929688,250.25,1056300,311.61579986572264,194.80019943237303,-26.59550459516825,17.42288055129717
2025-12-16,235.82000732421875,236.91000366210938,220.22000122070312,222.60000610351562,761500,309.20660003662107,195.55929946899414,-23.733837732994946,20.587467824105143
2025-12-17,221.08999633789062,241.3000030517578,220.8699951171875,235.8699951171875,831500,306.22699981689453,196.2207494354248,-27.80192586868916,12.67411676594894
2025-12-18,229.67999267578125,237.97000122070312,220.5,227.61000061035156,861700,303.5361996459961,196.94634941101074,-24.331927149496767,16.62058898916583
2025-12-19,261.7699890136719,265.8800048828125,234.74000549316406,235.1999969482422,1573400,301.34979949951173,197.8565993499756,-13.134175151791993,32.302884954898104
2025-12-22,261.1600036621094,281.3299865722656,259.0,270.25,1262900,299.29879974365235,198.76334938049317,-12.74271601296384,31.392434508723312
2025-12-23,258.04998779296875,269.1499938964844,253.13999938964844,255.0,744900,296.4449996948242,199.68354930877686,-12.951816337391852,29.229467668334586
2025-12-24,260.17999267578125,262.07000732421875,252.0,257.010009765625,341700,293.7253994750977,200.6146492767334,-11.420669393679873,29.691422642262676
2025-12-26,254.3000030517578,260.3900146484375,245.89999389648438,260.3900146484375,553100,290.0913995361328,201.51494930267333,-12.33797228790885,26.19411310760964
2025-12-29,249.24000549316406,263.7300109863281,245.13999938964844,247.4600067138672,763300,286.7675997924805,202.4013493347168,-13.08641364173404,23.141474260129
2025-12-30,247.02999877929688,254.74000549316406,243.5399932861328,248.7100067138672,615700,284.10459991455076,203.25459934234618,-13.049630715730999,21.537224534446487
2025-12-31,242.75999450683594,248.5,239.0,247.02999877929688,607700,280.96239990234375,204.0881492996216,-13.596981449754885,18.948599093051822
2026-01-02,272.5,272.70001220703125,246.11000061035156,247.85000610351562,1071200,278.87219970703126,205.085149307251,-2.2849892222048473,32.871639375384795
2026-01-05,300.4100036621094,305.760009765625,276.0,280.67999267578125,1923000,278.58380004882815,206.20734931945802,7.8346995085341264,45.68346116350676
2026-01-06,311.8900146484375,321.7099914550781,299.0,311.0,1486400,277.9370001220703,207.3953993988037,12.216082965368047,50.384249386699054
2026-01-07,322.9700012207031,326.3599853515625,306.0,310.4599914550781,967300,276.73640014648436,208.6401494216919,16.706729237550988,54.79762745373331
2026-01-08,286.25,317.9800109863281,285.1199951171875,317.9800109863281,1536300,275.2667999267578,209.687049407959,3.9900198920336694,36.51296100937693
2026-01-09,306.19000244140625,318.04998779296875,300.010009765625,304.989990234375,1228700,274.1165997314453,210.84934940338135,11.700642260039551,45.21742813425818
2026-01-12,309.260009765625,315.8699951171875,296.0,308.4800109863281,763400,272.48539978027344,212.04569946289064,13.495992818332958,45.84592403853374
2026-01-13,298.2699890136719,332.0,297.1099853515625,319.8900146484375,1159800,270.784599609375,213.19154941558838,10.15027791238734,39.90704126467717
2026-01-14,307.57000732421875,312.5,286.0,296.1400146484375,949800,269.5867999267578,214.39814945220948,14.089416621207107,43.45739835444697
2026-01-15,306.1000061035156,333.489990234375,303.80999755859375,314.239990234375,1403400,268.8490002441406,215.6175994873047,13.855735310731143,41.96429550804754
2026-01-16,331.0299987792969,331.3599853515625,298.0,309.0,1612900,268.92559997558595,216.9481994628906,23.093524309083623,52.58481038277534
2026-01-20,315.9200134277344,337.7300109863281,309.2300109863281,323.0,1376200,268.7294000244141,218.21274953842163,17.560644052728524,44.776148092166814
2026-01-21,303.94000244140625,345.6000061035156,290.1000061035156,329.2099914550781,2238500,269.2526000976562,219.4438995552063,12.882847679528119,38.50464882253106
2026-01-22,302.3699951171875,319.0,293.6000061035156,305.0,1240400,269.4167999267578,220.68359952926636,12.231306733428715,37.0151636832841
2026-01-23,296.19000244140625,309.0299987792969,290.29998779296875,308.7900085449219,1005200,269.53659973144534,221.87174953460692,9.888602414854697,33.49604132237998
2026-01-26,281.70001220703125,312.70001220703125,279.0899963378906,301.44000244140625,1404100,269.6597998046875,223.0029995918274,4.464963784392184,26.32117627235493
2026-01-27,309.3900146484375,317.45001220703125,275.0,282.0,1348800,270.3355999755859,224.22819967269896,14.446641388103743,37.979975355484896
2026-01-28,337.760009765625,338.1300048828125,303.57000732421875,313.0,1844300,272.0138000488281,225.61509971618653,24.170174345932093,49.70629633854811
2026-01-29,301.5,339.7099914550781,291.05999755859375,336.0,2082100,273.04380004882813,226.80089973449708,10.421844387634183,32.93598056839673
2026-01-30,278.2799987792969,304.92999267578125,276.0,292.25,1590600,273.6966000366211,227.86794971466065,1.6746275774205843,22.123360976286
2026-02-02,267.2099914550781,290.0,263.0,279.2099914550781,1148700,274.11919982910155,228.88569967269896,-2.5205123823252573,16.743855923363494
2026-02-03,280.4700012207031,291.6300048828125,270.80999755859375,279.8999938964844,1015200,274.44320007324217,229.9622996711731,2.1960103751350157,21.963470369600515
2026-02-04,251.42999267578125,277.0,230.50999450683594,274.7200012207031,2049400,274.6455999755859,230.88314962387085,-8.45293254356464,8.899238894385775
2026-02-05,242.08999633789062,254.0,236.0,243.0,937400,274.65279998779295,231.78044960021973,-11.855988233635184,4.447979437201477
2026-02-06,263.4700012207031,266.489990234375,244.77999877929688,248.1300048828125,971300,274.9254000854492,232.77164958953858,-4.1667299060711205,13.188183219604689
2026-02-09,276.239990234375,276.8900146484375,254.00999450683594,259.29998779296875,950000,275.4705999755859,233.81649955749512,0.2793003169330177,18.143925153771278
2026-02-10,264.989990234375,276.79998779296875,261.0,275.25,881400,275.68599975585937,234.797699508667,-3.8797797243808163,12.858852871594472
2026-02-11,210.16000366210938,258.0,206.22999572753906,253.0,3218100,274.7032000732422,235.50069953918458,-23.495611406756144,-10.760348451898682
2026-02-12,185.1999969482422,211.16000366210938,184.0,211.16000366210938,2725200,273.38,236.07484951019288,-32.255469694841544,-21.55030604382704
2026-02-13,199.19000244140625,199.33999633789062,183.4499969482422,186.25,1572000,272.0522003173828,236.71599952697753,-26.78243285331775,-15.852750621233191
2026-02-17,199.35000610351562,200.3000030517578,187.36000061035156,194.5399932861328,1095900,270.6772003173828,237.36629955291747,-26.351386127177467,-16.01587652544023
2026-02-18,206.6699981689453,210.50999450683594,197.58999633789062,200.52000427246094,832200,269.23800018310544,238.04419956207275,-23.238919458474804,-13.179989871984365
