Date,Close,High,Low,Open,Volume,SMA50,SMA200,ext_sma50_pct,ext_sma200_pct
2021-04-15,65.19999694824219,71.51000213623047,63.0,70.0,11444400,,,,
2021-04-16,61.0,65.19999694824219,58.650001525878906,65.0,4199300,,,,
2021-04-19,58.86000061035156,61.0,55.70500183105469,60.0,4642500,,,,
2021-04-20,60.150001525878906,61.900001525878906,58.9900016784668,60.040000915527344,3055500,,,,
2021-04-21,61.810001373291016,62.209999084472656,56.5260009765625,60.4900016784668,3607100,,,,
2021-04-22,62.099998474121094,62.95000076293945,60.5099983215332,61.95000076293945,844900,,,,
2021-04-23,58.5,62.939998626708984,58.45000076293945,62.099998474121094,1229600,,,,
2021-04-26,59.79999923706055,59.810001373291016,57.650001525878906,58.77000045776367,796200,,,,
2021-04-27,58.849998474121094,61.11000061035156,58.709999084472656,60.0,630200,,,,
2021-04-28,58.75,60.04199981689453,58.06999969482422,58.41999816894531,309600,,,,
2021-04-29,59.16999816894531,59.82500076293945,58.81999969482422,59.0,292900,,,,
2021-04-30,58.0099983215332,59.560001373291016,57.80500030517578,59.40999984741211,284000,,,,
2021-05-03,60.060001373291016,60.40999984741211,58.529998779296875,58.529998779296875,516100,,,,
2021-05-04,58.54999923706055,60.0,57.81999969482422,59.779998779296875,879100,,,,
2021-05-05,58.18000030517578,59.290000915527344,57.5099983215332,58.77000045776367,645100,,,,
2021-05-06,56.93000030517578,57.97999954223633,54.720001220703125,57.97999954223633,1329400,,,,
2021-05-07,57.2599983215332,57.95000076293945,55.7599983215332,57.72999954223633,552600,,,,
2021-05-10,55.5,59.209999084472656,54.470001220703125,59.209999084472656,1348300,,,,
2021-05-11,53.459999084472656,54.95000076293945,50.75,54.43000030517578,1483400,,,,
2021-05-12,52.25,53.439998626708984,49.65999984741211,52.56999969482422,1351200,,,,
2021-05-13,49.869998931884766,54.88999938964844,49.40999984741211,52.310001373291016,1645400,,,,
2021-05-14,57.2599983215332,57.81999969482422,50.0099983215332,50.2400016784668,1198900,,,,
2021-05-17,62.439998626708984,62.869998931884766,55.82500076293945,56.16999816894531,1033400,,,,
2021-05-18,64.29000091552734,65.88999938964844,61.9109992980957,62.0099983215332,1122100,,,,
2021-05-19,64.61000061035156,65.2699966430664,61.540000915527344,62.459999084472656,603700,,,,
2021-05-20,67.9000015258789,68.55000305175781,66.30000305175781,66.30000305175781,964200,,,,
2021-05-21,68.3499984741211,70.16999816894531,65.87999725341797,69.0,880300,,,,
2021-05-24,70.30999755859375,70.7300033569336,66.5199966430664,68.41999816894531,834000,,,,
2021-05-25,69.94999694824219,72.53099822998047,67.58999633789062,70.01000213623047,1028600,,,,
2021-05-26,68.62000274658203,69.9800033569336,67.54000091552734,69.33999633789062,529400,,,,
2021-05-27,69.68000030517578,71.90799713134766,67.08999633789062,68.87000274658203,1112500,,,,
2021-05-28,74.30999755859375,75.18000030517578,69.0,69.8499984741211,864500,,,,
2021-06-01,68.86000061035156,74.72000122070312,67.66999816894531,74.25,1013900,,,,
2021-06-02,70.08999633789062,72.02999877929688,68.51499938964844,68.86000061035156,499400,,,,
2021-06-03,70.47000122070312,72.0999984741211,69.05999755859375,69.23999786376953,352900,,,,
2021-06-04,74.36000061035156,74.61000061035156,69.98999786376953,69.98999786376953,524500,,,,
2021-06-07,77.25,77.46499633789062,72.22000122070312,74.19999694824219,661900,,,,
2021-06-08,79.47000122070312,80.14900207519531,77.16999816894531,77.16999816894531,941700,,,,
2021-06-09,80.25,81.80000305175781,78.43000030517578,79.4800033569336,863700,,,,
2021-06-10,81.86000061035156,82.13999938964844,79.16699981689453,80.18000030517578,1161100,,,,
2021-06-11,82.41999816894531,82.51000213623047,79.79000091552734,82.0,1144600,,,,
2021-06-14,81.88999938964844,84.45999908447266,81.18000030517578,82.5,869900,,,,
2021-06-15,81.6500015258789,82.95999908447266,80.2959976196289,81.51000213623047,588700,,,,
2021-06-16,85.80999755859375,86.7699966430664,81.02999877929688,81.02999877929688,1455100,,,,
2021-06-17,88.22000122070312,88.4800033569336,85.25,86.03199768066406,1375300,,,,
2021-06-18,88.20999908447266,90.02999877929688,87.30000305175781,87.44000244140625,2514200,,,,
2021-06-21,83.91000366210938,88.0,83.27999877929688,88.0,620500,,,,
2021-06-22,80.30000305175781,84.5999984741211,77.58999633789062,84.11000061035156,1214600,,,,
2021-06-23,81.48999786376953,82.87000274658203,80.1500015258789,80.1500015258789,388300,,,,
2021-06-24,84.5,87.16000366210938,83.91999816894531,85.91000366210938,754500,68.05979972839356,,24.15552255107185,
2021-06-25,84.86000061035156,85.48999786376953,82.75,84.76000213623047,537600,68.45299980163574,,23.968271450864552,
2021-06-28,82.12000274658203,86.45999908447266,81.06999969482422,85.30999755859375,810400,68.87539985656738,,19.2298018125433,
2021-06-29,83.31999969482422,84.9000015258789,81.19999694824219,81.7300033569336,635400,69.36459983825684,,20.1189077556972,
2021-06-30,75.16999816894531,79.0,73.94000244140625,78.37100219726562,2206100,69.66499977111816,,7.902100647259913,
2021-07-01,70.9800033569336,74.9000015258789,69.41000366210938,74.27999877929688,1523900,69.84839981079102,,1.620085140401084,
2021-07-02,72.06999969482422,72.58499908447266,70.52999877929688,70.9800033569336,669600,70.04779983520508,,2.886885618644097,
2021-07-06,68.05999755859375,72.1500015258789,68.0,72.0199966430664,1394800,70.23899978637695,,-3.102268304517952,
2021-07-07,66.27999877929688,68.70500183105469,65.36000061035156,68.05999755859375,941900,70.36859977722168,,-5.810263399966475,
2021-07-08,65.87999725341797,66.9800033569336,63.95000076293945,65.01000213623047,624100,70.50919975280762,,-6.565387943160306,
2021-07-09,66.18000030517578,66.41000366210938,65.04499816894531,65.76000213623047,321600,70.65779975891114,,-6.337303834840446,
2021-07-12,67.19999694824219,67.5199966430664,65.76000213623047,66.55000305175781,395400,70.81839973449706,,-5.1094105484175145,
2021-07-13,68.9800033569336,69.66999816894531,66.2300033569336,66.88999938964844,779800,71.03779983520508,,-2.8967626855634587,
2021-07-14,65.16000366210938,69.58999633789062,64.62999725341797,68.91000366210938,541900,71.13979988098144,,-8.405697273363721,
2021-07-15,63.43000030517578,66.375,60.915000915527344,65.05000305175781,927800,71.23739990234375,,-10.959691970609253,
2021-07-16,60.75,63.58000183105469,59.43000030517578,63.58000183105469,695700,71.28879989624023,,-14.783247735379613,
2021-07-19,60.5099983215332,61.29999923706055,58.150001525878906,59.97999954223633,719500,71.36039985656738,,-15.205073902112677,
2021-07-20,60.849998474121094,61.150001525878906,59.040000915527344,60.43000030517578,550900,71.43219985961915,,-14.814329400878778,
2021-07-21,59.83000183105469,61.5099983215332,59.150001525878906,61.33000183105469,666900,71.51879989624024,,-16.34367198854526,
2021-07-22,62.689998626708984,62.70000076293945,59.45000076293945,60.0,872100,71.70339988708496,,-12.570395929021272,
2021-07-23,63.349998474121094,64.84600067138672,61.75,62.720001220703125,479800,71.92539985656738,,-11.922632894008556,
2021-07-26,62.56999969482422,65.62999725341797,62.060001373291016,63.5,487100,72.17939987182618,,-13.313217059252391,
2021-07-27,62.650001525878906,62.96200180053711,60.0,62.380001068115234,485600,72.28719993591308,,-13.331818660258143,
2021-07-28,65.20999908447266,65.30000305175781,62.18000030517578,62.5099983215332,581300,72.34259994506836,,-9.859475421137297,
2021-07-29,65.22000122070312,66.38899993896484,64.4000015258789,65.29000091552734,409500,72.36119995117187,,-9.868822981497694,
2021-07-30,61.470001220703125,65.33000183105469,61.0099983215332,64.44999694824219,405300,72.29839996337891,,-14.977369828600162,
2021-08-02,63.22999954223633,64.13999938964844,60.5,62.02000045776367,308400,72.20499992370605,,-12.429887668378893,
2021-08-03,62.88999938964844,63.709999084472656,60.54999923706055,63.58000183105469,352600,72.0957999420166,,-12.768844453868288,
2021-08-04,63.18000030517578,64.36000061035156,62.75,63.02000045776367,354100,71.95319999694824,,-12.192924973655872,
2021-08-05,63.25,64.01000213623047,61.7400016784668,62.86000061035156,345300,71.8192000579834,,-11.931628382194504,
2021-08-06,58.650001525878906,62.880001068115234,56.58000183105469,62.849998474121094,1465000,71.61980003356933,,-18.109235856022043,
2021-08-09,57.56999969482422,60.0,57.529998779296875,59.34000015258789,449500,71.3776000213623,,-19.34444464706807,
2021-08-10,57.189998626708984,58.79999923706055,56.209999084472656,58.2400016784668,581800,71.03520004272461,,-19.490620717177308,
2021-08-11,58.5,62.04999923706055,57.90999984741211,58.15999984741211,1396700,70.82800003051757,,-17.405545864920402,
2021-08-12,56.959999084472656,63.45000076293945,55.34000015258789,61.15999984741211,2481200,70.56540008544921,,-19.280555321023442,
2021-08-13,56.459999084472656,57.099998474121094,55.4900016784668,56.45000076293945,1057100,70.28520004272461,,-19.670145279301988,
2021-08-16,55.880001068115234,56.369998931884766,54.619998931884766,56.369998931884766,740400,69.91560005187988,,-20.075060463401194,
2021-08-17,62.56999969482422,63.45000076293945,56.27000045776367,57.9900016784668,2469700,69.62200004577636,,-10.128982715686796,
2021-08-18,63.77000045776367,65.4800033569336,60.310001373291016,63.060001373291016,1343600,69.30800003051758,,-7.990418956419775,
2021-08-19,67.0999984741211,67.12000274658203,63.5,64.0,1765600,69.045,,-2.8170056135547905,
2021-08-20,69.97000122070312,70.33000183105469,66.5,66.5,1474900,68.80720001220703,,1.6899411809953024,
2021-08-23,71.55999755859375,72.0,68.7300033569336,70.56999969482422,1117700,68.59,,4.33007371131906,
2021-08-24,74.5,74.55999755859375,69.4800033569336,72.0,1181700,68.44220001220702,,8.85097204168266,
2021-08-25,76.5999984741211,76.62000274658203,72.77999877929688,74.30000305175781,985600,68.34119995117187,,12.084655418473677,
2021-08-26,73.56999969482422,77.0250015258789,71.72799682617188,75.5199966430664,1287300,68.09639999389648,,8.038016255511792,
2021-08-27,74.19999694824219,75.11000061035156,72.30000305175781,72.99400329589844,811000,67.81599990844727,,9.413703327258194,
2021-08-30,73.30000305175781,74.60800170898438,71.33999633789062,74.27999877929688,972900,67.51779998779297,,8.563968412789302,
2021-08-31,70.4000015258789,73.94999694824219,69.33999633789062,73.94999694824219,1304000,67.24759994506836,,4.6877532928842225,
2021-09-01,74.30000305175781,76.0,68.80400085449219,69.22000122070312,2589900,67.12759994506835,,10.684730442558287,
2021-09-02,78.44999694824219,79.52999877929688,74.38999938964844,74.38999938964844,1898200,67.06679992675781,,16.972924060661487,
2021-09-03,77.9800033569336,79.66999816894531,77.2300033569336,78.31999969482422,1116700,66.93639999389649,,16.498651502088713,
2021-09-07,74.04000091552734,77.5999984741211,73.5199966430664,77.56999969482422,1117800,66.72,,10.971224393776001,
2021-09-08,68.0,73.30000305175781,67.91000366210938,73.30000305175781,2050600,66.43759994506836,,2.351680458390226,
2021-09-09,71.08999633789062,71.7699966430664,68.43000030517578,69.79000091552734,1428500,66.1929998779297,,7.398057904901978,
2021-09-10,77.37999725341797,80.22000122070312,69.12000274658203,71.1500015258789,3303400,66.23719985961914,,16.822567103401866,
2021-09-13,74.95999908447266,77.73999786376953,71.0999984741211,77.55999755859375,1490100,66.31679977416992,,13.033197228659432,
2021-09-14,75.62999725341797,76.9000015258789,74.10099792480469,74.80000305175781,1875600,66.3879997253418,,13.921186910754724,
2021-09-15,73.56999969482422,77.52999877929688,72.20999908447266,75.2699966430664,1081100,66.4981997680664,,10.634573494354683,
2021-09-16,71.62000274658203,73.58599853515625,70.23999786376953,73.4000015258789,861100,66.6049998474121,,7.529469124929045,
2021-09-17,72.75,73.17500305175781,70.52999877929688,71.88999938964844,1636900,66.74239990234375,,9.001174825068414,
2021-09-20,70.33999633789062,73.95999908447266,69.33999633789062,70.58999633789062,843600,66.82559982299804,,5.259057193951433,
2021-09-21,74.08999633789062,74.38999938964844,70.13999938964844,70.47000122070312,632000,66.96339981079102,,10.642524942335996,
2021-09-22,73.08000183105469,75.73999786376953,72.88999938964844,74.08999633789062,1003600,67.04539978027344,,9.000769732984404,
2021-09-23,77.8499984741211,79.88999938964844,75.63999938964844,76.0,1300100,67.29919967651367,,15.677450620990797,
2021-09-24,79.47000122070312,80.75,77.25,77.72000122070312,1547100,67.61999969482422,,17.524403400412815,
2021-09-27,76.69999694824219,79.43000030517578,75.30000305175781,79.43000030517578,824600,67.93899963378907,,12.895387570728811,
2021-09-28,72.70999908447266,76.0,72.4000015258789,74.37999725341797,805000,68.18299964904786,,6.6394841217403355,
2021-09-29,74.16000366210938,76.19999694824219,72.93000030517578,73.36000061035156,1172400,68.44919975280762,,8.34312735565257,
2021-09-30,72.37000274658203,74.80000305175781,72.18000030517578,74.61000061035156,806200,68.69999977111816,,5.342071306682539,
2021-10-01,74.77999877929688,75.0199966430664,70.05000305175781,72.58999633789062,1003000,68.94179977416992,,8.468300833820596,
2021-10-04,71.87999725341797,74.4000015258789,71.20999908447266,74.4000015258789,539000,69.11239974975587,,4.004487637071064,
2021-10-05,73.75,74.80999755859375,71.83000183105469,71.83000183105469,932500,69.33599975585938,,6.3661016783241875,
2021-10-06,77.0,77.23999786376953,72.48999786376953,73.0,838200,69.6229997253418,,10.59563693572525,
2021-10-07,84.94000244140625,85.0,80.05000305175781,82.62999725341797,5279400,70.01759979248047,,21.312359596948617,
2021-10-08,86.33999633789062,87.05999755859375,83.30999755859375,84.58000183105469,1880500,70.43999969482422,,22.572397376422337,
2021-10-11,87.41000366210938,88.16999816894531,84.33999633789062,85.19000244140625,1362600,70.95879974365235,,23.184163173403547,
2021-10-12,87.18000030517578,89.5,86.05999755859375,88.9000015258789,1465300,71.43779975891113,,22.036233757746682,
2021-10-13,88.01000213623047,88.94999694824219,87.30000305175781,87.33999633789062,1198100,71.94019981384277,,22.337722669621417,
2021-10-14,90.79000091552734,90.87000274658203,87.8499984741211,88.5999984741211,1604600,72.4923998260498,,25.240716452185087,
2021-10-15,91.83999633789062,92.6500015258789,89.5999984741211,91.1500015258789,1507200,73.06419975280761,,25.69766951339465,
2021-10-18,92.20999908447266,94.05000305175781,91.79000091552734,91.9000015258789,967100,73.7353997039795,,25.05526443833204,
2021-10-19,95.66000366210938,96.8499984741211,93.05000305175781,94.04000091552734,1812300,74.4971997833252,,28.407515907089255,
2021-10-20,93.33000183105469,98.5999984741211,92.69000244140625,96.30999755859375,2282900,75.21999984741211,,24.07604629138489,
2021-10-21,96.30000305175781,96.44000244140625,92.52999877929688,93.1500015258789,3229800,75.97599990844726,,26.750556975625738,
2021-10-22,94.25,98.2300033569336,93.56999969482422,95.75,2283700,76.72179992675781,,22.846440112165546,
2021-10-25,93.55999755859375,96.80500030517578,89.45999908447266,90.0,2371600,77.46379989624023,,20.778993134746493,
2021-10-26,94.01000213623047,96.37000274658203,92.87999725341797,93.0,1731100,78.22639991760254,,20.176822959068975,
2021-10-27,94.91999816894531,98.75,94.80999755859375,95.23999786376953,1565100,78.87339988708496,,20.344752863237336,
2021-10-28,97.9000015258789,100.5,94.4000015258789,95.0199966430664,1548400,79.55599990844726,,23.05797380278276,
2021-10-29,98.25,99.32499694824219,97.0999984741211,97.25,1049300,80.17899993896485,,22.538320601144246,
2021-11-01,99.48999786376953,101.66999816894531,98.13999938964844,99.0,1166100,80.76939987182617,,23.177834701819357,
2021-11-02,98.75,100.99500274658203,98.29000091552734,99.79000091552734,1056500,81.3131999206543,,21.44399691115415,
2021-11-03,98.36000061035156,100.7300033569336,97.3499984741211,98.66999816894531,1402800,81.79039993286133,,20.258613102627688,
2021-11-04,98.55000305175781,100.95999908447266,97.91000366210938,98.58000183105469,1368600,82.22940002441406,,19.847649408238578,
2021-11-05,98.47000122070312,100.6449966430664,97.19000244140625,98.83999633789062,1148000,82.72740005493164,,19.029488603918754,
2021-11-08,99.63999938964844,100.48999786376953,98.33999633789062,98.6500015258789,1505600,83.23620010375977,,19.707530215747692,
2021-11-09,103.56999969482422,104.66999816894531,99.36000061035156,100.69999694824219,2133800,83.84160003662109,,23.53056197589978,
2021-11-10,95.7300033569336,100.45999908447266,94.69000244140625,98.48999786376953,3236700,84.34820007324218,,13.493830661244965,
2021-11-11,114.8499984741211,116.08999633789062,103.4000015258789,103.697998046875,7535600,85.15919998168945,,34.86505098546677,
2021-11-12,112.36000061035156,116.0,109.69499969482422,114.8499984741211,3047000,85.83740005493163,,30.898653195980774,
2021-11-15,102.7699966430664,113.55000305175781,101.54000091552734,113.0,2609400,86.3331999206543,,19.03879010336531,
2021-11-16,109.02999877929688,109.19000244140625,98.0,102.0,3102200,87.03299987792968,,25.2743200076059,
2021-11-17,105.41999816894531,109.72000122070312,103.12999725341797,109.01000213623047,1505300,87.7813998413086,,20.09377653981801,
2021-11-18,99.63999938964844,102.80000305175781,96.80999755859375,102.0,2282300,88.35239990234375,,12.775656914561374,
2021-11-19,99.7699966430664,101.0,98.9000015258789,99.86000061035156,1171700,88.80019989013672,,12.353346914197804,
2021-11-22,95.5,100.01000213623047,91.7300033569336,100.01000213623047,2429400,89.21099990844726,,7.049579197640221,
2021-11-23,92.93000030517578,97.94999694824219,91.38999938964844,93.9800033569336,1473800,89.55699996948242,,3.766316800297864,
2021-11-24,94.31999969482422,96.2300033569336,90.9800033569336,92.8499984741211,863900,89.97199996948243,,4.832614287574577,
2021-11-26,90.70999908447266,94.08000183105469,89.19999694824219,92.0,931200,90.35379989624023,,0.39422712563441653,
2021-11-29,90.26000213623047,92.62000274658203,88.94000244140625,91.13999938964844,1368700,90.70399993896484,,-0.4895018996220024,
2021-11-30,91.11000061035156,91.86000061035156,88.83000183105469,90.26000213623047,1289800,91.11940002441406,,-0.010315491607693072,
2021-12-01,86.12999725341797,93.97000122070312,86.04000091552734,93.7699966430664,1582100,91.36020004272461,,-5.724815386635251,
2021-12-02,90.31999969482422,90.51000213623047,85.01499938964844,85.37000274658203,1222900,91.705,,-1.5102778530895589,
2021-12-03,93.52999877929688,96.19000244140625,81.44999694824219,85.0,29157000,92.01860000610351,,1.6424926841889675,
2021-12-06,89.81999969482422,94.30999755859375,86.37000274658203,93.33999633789062,3513100,92.22559997558594,,-2.6083866967507197,
2021-12-07,96.47000122070312,96.69000244140625,89.81999969482422,91.13999938964844,2749200,92.62100006103516,,4.155646297418025,
2021-12-08,96.05999755859375,98.58000183105469,93.47000122070312,97.16000366210938,1504500,93.08800003051758,,3.192675239667686,
2021-12-09,90.77999877929688,99.29499816894531,90.05000305175781,96.0,1437600,93.42039993286133,,-2.826364643548984,
2021-12-10,90.66999816894531,93.6989974975586,89.4800033569336,92.18000030517578,821800,93.7863998413086,,-3.322871629187596,
2021-12-13,88.8499984741211,92.51899719238281,88.13999938964844,90.69999694824219,1032400,94.06779983520508,,-5.546851707199396,
2021-12-14,87.52999877929688,90.4800033569336,85.91000366210938,90.4800033569336,1833400,94.38079986572265,,-7.258680892906755,
2021-12-15,88.55999755859375,89.12000274658203,84.93000030517578,86.9800033569336,1066300,94.67699981689454,,-6.460916875409106,
2021-12-16,83.75,90.9800033569336,82.56999969482422,89.91699981689453,1345700,94.81199981689453,,-11.667299327361501,
2021-12-17,88.12999725341797,88.58000183105469,81.05000305175781,82.0,2262400,94.87579971313477,,-7.110140288791578,
2021-12-20,87.36000061035156,89.68000030517578,86.01000213623047,86.26000213623047,953200,94.89619979858398,,-7.941518421420357,
2021-12-21,91.1500015258789,91.45500183105469,87.47000122070312,88.56999969482422,928500,94.97099975585938,,-4.023331585223977,
2021-12-22,93.83000183105469,93.9800033569336,89.5,91.06999969482422,1047300,95.10399978637696,,-1.339583990351545,
2021-12-23,93.80000305175781,95.0,90.31500244140625,94.0,521400,95.2197998046875,,-1.491073028762857,
2021-12-27,95.80999755859375,96.9800033569336,93.33000183105469,94.23999786376953,1036400,95.32019973754883,,0.5138447279732006,
2021-12-28,93.19000244140625,96.7699966430664,92.70999908447266,95.27999877929688,499000,95.34719985961914,,-2.262465412082326,
2021-12-29,91.27999877929688,93.05999755859375,88.68000030517578,92.7300033569336,388800,95.32859985351563,,-4.2469952149092,
2021-12-30,93.98999786376953,95.46499633789062,90.52999877929688,90.66999816894531,733300,95.29519973754883,,-1.3696407346581285,
2021-12-31,94.26000213623047,95.80000305175781,93.91000366210938,94.48999786376953,517300,95.31379974365234,,-1.1056086424589884,
2022-01-03,94.37999725341797,98.13999938964844,92.5199966430664,95.0,531400,95.27539962768554,,-0.9398043752811391,
2022-01-04,88.61000061035156,95.30999755859375,88.2699966430664,94.37999725341797,1727200,95.16259963989258,,-6.885687291369602,
2022-01-05,82.02999877929688,87.30000305175781,80.80000305175781,86.87999725341797,2234300,94.93199966430664,,-13.590781749708336,
2022-01-06,82.1500015258789,84.6500015258789,79.63999938964844,80.75,1028800,94.6947996520996,,-13.247610399207964,
2022-01-07,80.44999694824219,83.89900207519531,80.19000244140625,81.80000305175781,509400,94.40539962768554,,-14.782420004025665,
2022-01-10,82.94000244140625,82.94999694824219,75.69999694824219,80.37000274658203,959700,94.1061996459961,,-11.865527719315283,
2022-01-11,84.0,85.97000122070312,81.13600158691406,82.36000061035156,741600,93.82119964599609,,-10.467996234383282,
2022-01-12,84.33000183105469,85.9800033569336,82.75,85.25,455700,93.5179997253418,,-9.824844330793914,
2022-01-13,79.55000305175781,85.75,79.45999908447266,85.12000274658203,772600,93.13399978637695,,-14.585432565740742,
2022-01-14,79.01000213623047,79.80000305175781,75.91000366210938,78.48999786376953,1092600,92.74699981689453,,-14.81125827011578,
2022-01-18,72.44000244140625,77.75,72.22000122070312,77.25399780273438,1712900,92.2247998046875,,-21.4527951323085,
2022-01-19,70.12000274658203,73.69999694824219,69.83999633789062,72.9800033569336,2064300,91.65779983520508,,-23.498051586822555,
2022-01-20,70.9000015258789,74.98999786376953,70.87000274658203,71.0,1311100,91.0829998779297,,-22.158908225574734,
2022-01-21,68.48999786376953,71.39600372314453,68.25499725341797,70.05999755859375,1518300,90.38139984130859,,-24.221136224904594,
2022-01-24,69.54000091552734,69.80999755859375,60.5,67.16999816894531,2199000,89.85759979248047,,-22.610885360698628,
2022-01-25,64.58000183105469,70.91999816894531,63.849998474121094,67.7300033569336,1835900,88.85219985961913,,-27.317498122627228,
2022-01-26,63.029998779296875,68.38999938964844,62.25,66.73999786376953,2719200,87.86559982299805,,-28.26544301038354,
2022-01-27,59.779998779296875,64.62999725341797,59.599998474121094,64.62999725341797,1281200,87.00579986572265,77.08379987716675,-31.291938156357112,-22.448038531369154
2022-01-28,60.88999938964844,61.22999954223633,57.0,59.119998931884766,2239800,86.04299987792969,77.06224988937377,-29.23305849861829,-20.98595683741561
2022-01-31,64.41999816894531,64.56999969482422,61.040000915527344,61.81999969482422,1270900,85.22299987792968,77.0793498802185,-24.41007913213784,-16.42379149661466
2022-02-01,67.69000244140625,67.73999786376953,63.79999923706055,65.0,1275700,84.58399993896484,77.12349988937378,-19.97304160331642,-12.231677065354873
2022-02-02,65.22000122070312,69.02999877929688,64.8499984741211,67.81999969482422,1401500,83.89300003051758,77.1488498878479,-22.25811307620639,-15.462121191029897
2022-02-03,61.310001373291016,64.19000244140625,60.97999954223633,63.029998779296875,1594700,83.2092000579834,77.1463498878479,-26.31824205668625,-20.527670508817465
2022-02-04,68.9000015258789,69.54000091552734,61.67499923706055,61.869998931884766,2067500,82.72860008239746,77.18034990310669,-16.715620163698297,-10.728570662899362
2022-02-07,68.41999816894531,72.2300033569336,67.5,68.36000061035156,1406100,82.21060005187988,77.22994989395141,-16.774724760836023,-11.407429031228844
2022-02-08,70.80999755859375,71.47000122070312,66.5,67.83000183105469,1162500,81.8126000213623,77.28499988555909,-13.448542718231216,-8.378084151586073
2022-02-09,74.75,75.9800033569336,72.1500015258789,72.1500015258789,1447100,81.5023999786377,77.36449989318848,-8.284909377401828,-3.3794568526884117
2022-02-10,72.2300033569336,76.12000274658203,71.91999816894531,72.83999633789062,1478300,81.12480003356933,77.43189990997314,-10.964337259327706,-6.718027788401903
2022-02-11,70.30999755859375,74.31999969482422,69.73500061035156,72.19999694824219,719300,80.80840003967285,77.48759990692139,-12.991721746656182,-9.262904460777499
2022-02-14,70.95999908447266,72.68000030517578,68.11000061035156,69.7300033569336,1100500,80.42120002746582,77.55234991073608,-11.764560762288955,-8.500517178204559
2022-02-15,75.51000213623047,76.37999725341797,72.53500366210938,72.80000305175781,2006400,80.06080009460449,77.62959991455078,-5.684177466371221,-2.730398946604662
2022-02-16,68.70999908447266,75.97000122070312,67.8499984741211,73.91000366210938,3766500,79.63860008239746,77.68039991378784,-13.722743728063547,-11.547830391283798
2022-02-17,64.12999725341797,66.11599731445312,54.099998474121094,55.790000915527344,9499400,78.99180000305176,77.71014989852905,-18.8143614261982,-17.475391133389305
2022-02-18,63.77000045776367,66.61000061035156,63.0099983215332,63.06999969482422,2595100,78.34600006103516,77.74434989929199,-18.604650641916763,-17.97474602286896
2022-02-22,57.33000183105469,62.263999938964844,56.779998779296875,61.79999923706055,2755000,77.67700012207031,77.7446999168396,-26.194366748252484,-26.258636418459
2022-02-23,56.279998779296875,58.599998474121094,55.540000915527344,58.0,1422100,76.98920013427734,77.74859991073609,-26.898839472109614,-27.61284596261222
2022-02-24,57.11000061035156,57.20000076293945,52.845001220703125,53.83000183105469,1673400,76.35440017700195,77.76684991836548,-25.204047863697088,-26.56253831767407
2022-02-25,57.20000076293945,58.0,54.30500030517578,57.5,1494800,75.7478002166748,77.79159992218018,-24.48625491523161,-26.47020909692023
2022-02-28,58.08000183105469,58.279998779296875,55.46200180053711,56.689998626708984,1905100,75.13820030212402,77.83264993667602,-22.702431522820397,-25.37835743957313
2022-03-01,60.34000015258789,61.029998779296875,57.27000045776367,59.11000061035156,1814700,74.67000030517578,77.84804994583129,-19.191107665757702,-22.490030007721394
2022-03-02,57.849998474121094,60.47999954223633,57.33000183105469,60.47999954223633,1326000,74.06440032958984,77.82509994506836,-21.892301542055225,-25.66665701045856
2022-03-03,55.13999938964844,58.81999969482422,54.66999816894531,58.43000030517578,1413900,73.42000030517578,77.77934993743897,-24.89784914130364,-29.107148061793087
2022-03-04,50.2599983215332,54.970001220703125,49.630001068115234,54.59000015258789,2603600,72.60220024108887,77.70759992599487,-30.773450178320083,-35.32164373961041
2022-03-07,47.33000183105469,50.27000045776367,44.845001220703125,50.27000045776367,3545100,71.67220024108887,77.60474992752076,-33.963235854560914,-39.01146273229574
2022-03-08,45.7400016784668,48.369998931884766,44.369998931884766,48.369998931884766,3038600,70.71100021362305,77.49169994354249,-35.31416393448977,-40.974321492764744
2022-03-09,48.540000915527344,49.189998626708984,46.86000061035156,47.720001220703125,1498300,69.76560028076172,77.38284996032715,-30.424162165615964,-37.272921661048976
2022-03-10,46.43000030517578,46.869998931884766,43.970001220703125,46.41999816894531,1615500,68.83040023803711,77.26524997711182,-32.544340662546965,-39.9083024788897
2022-03-11,44.54999923706055,48.02000045776367,44.494998931884766,47.54999923706055,1732100,67.89580024719238,77.14489995956421,-34.384749756443476,-42.25153022375867
2022-03-14,44.04999923706055,47.20000076293945,43.08000183105469,45.099998474121094,1611900,66.8970002746582,77.01674995422363,-34.15250451260145,-42.80465059452327
2022-03-15,45.959999084472656,46.83000183105469,43.5099983215332,44.58000183105469,2108600,65.93100021362305,76.87499996185302,-30.290760134750492,-40.214635307604595
2022-03-16,49.9900016784668,50.2400016784668,47.130001068115234,47.209999084472656,2566400,65.04320030212402,76.7806499671936,-23.14338555565455,-34.89244790213909
2022-03-17,52.5099983215332,52.880001068115234,49.220001220703125,49.86000061035156,2882000,64.32120025634765,76.69274997711182,-18.36284442414279,-31.531991828165918
2022-03-18,54.45000076293945,55.75,52.11000061035156,52.75,7024300,63.769600296020506,76.612649974823,-14.614486353715838,-28.928185122387482
2022-03-21,53.400001525878906,54.939998626708984,52.52000045776367,53.59000015258789,2425900,63.19460029602051,76.50784997940063,-15.49910708234733,-30.203238569301583
2022-03-22,55.25,55.849998474121094,52.689998626708984,53.369998931884766,2559200,62.690600357055665,76.39784997940063,-11.868765516166002,-27.681210904629893
2022-03-23,54.900001525878906,56.797000885009766,53.59700012207031,54.34000015258789,736200,62.12980033874512,76.27499998092651,-11.636603970152459,-28.023596801563656
2022-03-24,55.20000076293945,56.40999984741211,53.900001525878906,55.75,899400,61.553800354003904,76.1497499847412,-10.322351430005828,-27.51125148276867
2022-03-25,53.439998626708984,55.7599983215332,52.900001525878906,55.599998474121094,946300,60.93600028991699,76.007649974823,-12.301433680491103,-29.691289436772994
2022-03-28,53.43000030517578,53.88999938964844,51.900001525878906,53.33000183105469,1012900,60.41360023498535,75.86269998550415,-11.559648659649636,-29.570130887267144
2022-03-29,55.97999954223633,56.70000076293945,54.400001525878906,54.83000183105469,1475300,59.953000183105466,75.7331499862671,-6.626858753915565,-26.082568132465976
2022-03-30,55.310001373291016,56.63999938964844,54.58000183105469,55.38999938964844,1001400,59.610400161743165,75.60144998550415,-7.214175339846262,-26.840025708638947
2022-03-31,55.06999969482422,56.27000045776367,54.720001220703125,55.470001220703125,1108500,59.30940010070801,75.44774999618531,-7.147940121945673,-27.009089472371816
2022-04-01,53.27000045776367,56.65999984741211,52.650001525878906,55.2400016784668,1605700,58.956800079345705,75.2729999923706,-9.64570603209227,-29.23093212285557
2022-04-04,57.779998779296875,58.27000045776367,53.20000076293945,54.41999816894531,1199900,58.74260009765625,75.12084999084473,-1.6386767299355287,-23.083939031122856
2022-04-05,54.97999954223633,57.619998931884766,54.349998474121094,57.27000045776367,833800,58.45140007019043,74.97619997024536,-5.938951887868427,-26.670063881531224
2022-04-06,52.439998626708984,53.47999954223633,51.209999084472656,53.20000076293945,744900,58.20860000610352,74.83689994812012,-9.910221820812836,-29.927617708560284
2022-04-07,51.880001068115234,53.53499984741211,50.68000030517578,51.54999923706055,1428500,57.985600051879885,74.68884996414185,-10.529509013103178,-30.538492568806664
2022-04-08,51.27000045776367,52.2599983215332,50.665000915527344,51.47999954223633,567400,57.81540008544922,74.52269996643066,-11.321204416144603,-31.2021699685349
2022-04-11,49.900001525878906,51.900001525878906,49.2599983215332,50.029998779296875,936600,57.59560012817383,74.3478999710083,-13.361434875527056,-32.883105581546715
2022-04-12,49.529998779296875,52.792999267578125,49.150001525878906,51.29999923706055,1199000,57.29780014038086,74.18494995117187,-13.556892833673718,-33.234437966329764
2022-04-13,51.959999084472656,52.09299850463867,48.52000045776367,49.130001068115234,1025000,56.98320007324219,74.02814994812012,-8.815231475791219,-29.81048544251491
2022-04-14,48.959999084472656,51.61000061035156,48.86000061035156,51.59000015258789,758800,56.65800003051758,73.89709995269776,-13.586785523489297,-33.74570975611706
2022-04-18,46.7400016784668,48.900001525878906,45.81999969482422,48.900001525878906,1962200,56.366600036621094,73.77589994430542,-17.07855068764117,-36.64597556417265
2022-04-19,49.59000015258789,49.65999984741211,46.52000045776367,46.849998474121094,1020200,55.980400009155275,73.66349994659424,-11.415423711731732,-32.68036383210077
2022-04-20,46.34000015258789,50.470001220703125,44.959999084472656,50.0,2309000,55.53880004882812,73.55489995956421,-16.562835149756406,-36.99943827255198
2022-04-21,43.119998931884766,47.619998931884766,43.08000183105469,47.0,1336100,54.98500007629394,73.43909996032716,-21.578614400192787,-41.28468492236588
2022-04-22,41.209999084472656,43.29999923706055,40.779998779296875,43.18000030517578,2140100,54.3142000579834,73.31574996948243,-24.126657410992493,-43.79106931099217
2022-04-25,41.13999938964844,41.65999984741211,40.650001525878906,40.86000061035156,2070100,53.692399978637695,73.19054996490479,-23.378356329729,-43.79055846775949
2022-04-26,38.599998474121094,41.185001373291016,37.130001068115234,41.06999969482422,2451700,53.05819999694824,73.04754997253418,-27.24970225838559,-47.15770961704443
2022-04-27,37.68000030517578,39.86000061035156,36.599998474121094,37.97999954223633,1919800,52.392600021362306,72.89104995727538,-28.081446063351844,-48.306410283208066
2022-04-28,39.15999984741211,40.595001220703125,37.560001373291016,38.84000015258789,1864500,51.665599975585934,72.76104993820191,-24.20488707008768,-46.179996192094755
2022-04-29,38.150001525878906,41.06999969482422,38.08000183105469,38.900001525878906,1098700,51.054400024414065,72.63464994430542,-25.275781308495084,-47.476856355566596
2022-05-02,39.599998474121094,39.7400016784668,37.724998474121094,37.880001068115234,1249400,50.56380004882813,72.52889993667603,-21.68310444254502,-45.401076662274896
2022-05-03,39.77000045776367,41.40999984741211,38.88999938964844,39.279998779296875,1682200,50.083800048828124,72.42519994735717,-20.59308515130488,-45.08817305762247
2022-05-04,40.310001373291016,40.470001220703125,36.810001373291016,39.7400016784668,1501000,49.74340003967285,72.32249996185303,-18.964121187651482,-44.2635398464478
2022-05-05,36.47999954223633,39.689998626708984,35.880001068115234,39.689998626708984,1614300,49.34740005493164,72.20574995040893,-26.075133641026305,-49.47770839955146
2022-05-06,33.5,35.98500061035156,32.994998931884766,35.63999938964844,2850900,48.87520004272461,72.05979995727539,-31.458081049866326,-53.51083402970544
2022-05-09,30.200000762939453,33.16999816894531,30.020000457763672,32.599998474121094,2959200,48.33520004272461,71.89404996871949,-37.519652890140165,-57.993741100857136
2022-05-10,28.989999771118164,32.20000076293945,27.040000915527344,31.399999618530273,4733600,47.753400001525875,71.72614996910096,-39.29228124030574,-59.58238413241639
2022-05-11,27.280000686645508,29.81599998474121,27.149999618530273,27.469999313354492,7500900,47.09220001220703,71.54929996490479,-42.07108463912472,-61.87244221812589
2022-05-12,36.7400016784668,39.86000061035156,31.614999771118164,32.1349983215332,15940600,46.670000076293945,71.40694997787476,-21.277048171403578,-48.548423241924525
2022-05-13,39.459999084472656,43.25,38.59000015258789,38.81999969482422,5526300,46.35640007019043,71.2781499671936,-14.876912303965806,-44.63941740542583
2022-05-16,37.369998931884766,39.70000076293945,36.779998779296875,39.060001373291016,3267600,46.09860008239746,71.1576499557495,-18.93463388239781,-47.48280900911725
2022-05-17,38.099998474121094,39.0,36.5099983215332,38.810001373291016,2169900,45.914000015258786,71.03199995040893,-17.018777581001075,-46.3622050614925
2022-05-18,36.5,38.79999923706055,36.34000015258789,37.16999816894531,2671500,45.729199981689455,70.9000499534607,-20.182290495755318,-48.519077174192596
2022-05-19,39.40999984741211,40.150001525878906,36.060001373291016,36.11000061035156,3003600,45.54659996032715,70.78119995117187,-13.47323426613678,-44.32137364921908
2022-05-20,40.029998779296875,42.31999969482422,38.25,40.02000045776367,3445600,45.418599929809574,70.66509994506836,-11.864304841717498,-43.35251940432509
2022-05-23,37.97999954223633,40.630001068115234,37.630001068115234,39.880001068115234,2341800,45.28719993591309,70.56174993515015,-16.13524440463826,-46.17480493731818
2022-05-24,33.119998931884766,35.5,31.399999618530273,35.4900016784668,6328100,45.06859992980957,70.43949993133545,-26.51203058567099,-52.98092836523514
2022-05-25,35.689998626708984,36.06999969482422,32.400001525878906,32.849998474121094,3653800,44.863199920654296,70.33199993133545,-20.447050834914073,-49.25496408241933
2022-05-26,36.43000030517578,38.290000915527344,34.8650016784668,34.90999984741211,4684800,44.59199989318848,70.22164993286133,-18.303730730990296,-48.12141221403032
2022-05-27,40.290000915527344,40.97100067138672,37.220001220703125,37.220001220703125,3804200,44.34759994506836,70.1382999420166,-9.1495346638082,-42.556348031196755
2022-05-31,38.11000061035156,41.45000076293945,37.2599983215332,40.470001220703125,8734900,44.0207999420166,70.04654994964599,-13.427287417426847,-45.59332238668784
2022-06-01,38.310001373291016,40.84000015258789,37.90999984741211,38.560001373291016,2981100,43.71899993896484,69.95869995117188,-12.372191891912475,-45.239117650800075
2022-06-02,40.95000076293945,41.70000076293945,37.86000061035156,38.0,2685400,43.43299995422363,69.85059995651245,-5.716849386183654,-41.37487610924734
2022-06-03,39.43000030517578,40.7400016784668,39.11000061035156,39.91999816894531,1752100,43.12359992980957,69.72889995574951,-8.56514676568214,-43.45242742937525
2022-06-06,42.560001373291016,44.06999969482422,38.65999984741211,40.599998474121094,4532300,42.8707999420166,69.60619997024536,-0.7249656389569314,-38.856019447284595
2022-06-07,43.5,44.34000015258789,41.95000076293945,42.0,2465700,42.67199996948242,69.47384996414185,1.9403825250978057,-37.386513022594784
2022-06-08,43.75,44.7599983215332,43.209999084472656,43.209999084472656,2045600,42.478399963378905,69.33479997634888,2.9935215020277406,-36.90037323981065
2022-06-09,40.29999923706055,43.939998626708984,40.20000076293945,43.040000915527344,2632500,42.16479995727539,69.16379997253418,-4.422648090597859,-41.73252589784803
2022-06-10,36.11000061035156,39.5,35.209999084472656,39.02000045776367,3995900,41.7807999420166,68.96134998321533,-13.572739965570246,-47.63733508821903
2022-06-13,33.83000183105469,37.15999984741211,32.66999816894531,34.18000030517578,3334100,41.35599998474121,68.76264999389649,-18.198080463447454,-50.80177707802491
2022-06-14,32.349998474121094,34.25699996948242,32.130001068115234,33.880001068115234,2956800,40.93759994506836,68.55340000152587,-20.977295890502713,-52.810511990067546
2022-06-15,34.06999969482422,35.02000045776367,32.81999969482422,32.81999969482422,2998200,40.463399963378905,68.35724998474122,-15.800452444285417,-50.15890823222209
2022-06-16,30.6299991607666,32.9900016784668,30.229999542236328,32.33000183105469,2979000,39.976399955749514,68.15839997291565,-23.379796093016346,-55.060566015431476
2022-06-17,33.5,33.779998779296875,30.610000610351562,30.610000610351562,4636200,39.59759998321533,67.95439995765686,-15.398913029577521,-50.70223558610743
2022-06-21,35.040000915527344,35.869998931884766,34.310001373291016,34.540000915527344,2813100,39.260799980163576,67.73734997749328,-10.750670049435518,-48.2707827702591
2022-06-22,35.959999084472656,36.5099983215332,34.0,34.349998474121094,2253200,38.954599952697755,67.52724995613099,-7.687412710851649,-46.74742550920698
2022-06-23,38.13999938964844,38.33000183105469,35.970001220703125,36.349998474121094,2342400,38.71939990997314,67.34774994850159,-1.4964088329671221,-43.36856180226848
2022-06-24,39.630001068115234,40.470001220703125,38.43000030517578,38.70000076293945,16578600,38.52139995574951,67.20589995384216,2.8778837571822535,-41.031961337719444
2022-06-27,38.34000015258789,40.029998779296875,37.40999984741211,39.369998931884766,1732100,38.248999977111815,67.04214997291565,0.2379151756399578,-42.81209631839542
2022-06-28,36.25,38.80500030517578,35.619998931884766,37.849998474121094,1914700,37.99479999542236,66.83649998664856,-4.592207343195853,-45.76316831784819
2022-06-29,35.54999923706055,36.790000915527344,35.119998931884766,36.0,1745700,37.77099994659424,66.6394499874115,-5.880174506033842,-46.65322231234485
2022-06-30,34.439998626708984,35.540000915527344,33.04999923706055,35.52000045776367,3003700,37.46799991607666,66.43349999427795,-8.081566393055395,-48.15868706349151
2022-07-01,34.97999954223633,36.209999084472656,34.119998931884766,34.689998626708984,2142000,37.24079990386963,66.24054999351502,-6.0707620874662975,-47.19246813974086
2022-07-05,35.36000061035156,35.4900016784668,32.36000061035156,34.11000061035156,2996000,37.085599937438964,66.05924998283386,-4.6530171549021055,-46.472294766379875
2022-07-06,35.880001068115234,36.369998931884766,34.61000061035156,35.45000076293945,1715400,36.97899997711182,65.87489998817443,-2.971954108214958,-45.53312251774765
2022-07-07,37.63999938964844,37.77000045776367,35.880001068115234,35.900001525878906,1654600,36.90899997711182,65.71140000343323,1.9805451596898616,-42.71922468904656
2022-07-08,37.38999938964844,38.2599983215332,36.0,36.45000076293945,1547100,36.88479999542236,65.52790001869202,1.3696682489501733,-42.9403362857915
2022-07-11,34.93000030517578,37.22999954223633,34.380001068115234,36.849998474121094,1802300,36.82979999542236,65.33715001106262,-5.15832203944282,-46.5388369415232
2022-07-12,34.400001525878906,36.0,33.93000030517578,34.88999938964844,1382200,36.7346000289917,65.11990002632142,-6.355312161477955,-47.17436373217028
2022-07-13,32.939998626708984,33.599998474121094,32.345001220703125,32.63999938964844,2479000,36.6303999710083,64.88725001335143,-10.074695736929284,-49.235021333264804
2022-07-14,30.809999465942383,33.0,30.631000518798828,32.86000061035156,2646700,36.45459999084473,64.65780002593993,-15.483918425438603,-52.349137376183876
2022-07-15,32.619998931884766,32.95000076293945,30.690000534057617,31.489999771118164,1762400,36.31159996032715,64.457350025177,-10.166451030733171,-49.39289480696397
2022-07-18,34.33000183105469,35.349998474121094,33.41999816894531,33.41999816894531,1994300,36.191999969482424,64.25820001602173,-5.144778238278624,-46.5749090038391
2022-07-19,35.20000076293945,36.33000183105469,34.02000045776367,35.41999816894531,2000200,36.16639999389648,64.07235000610352,-2.672091308839486,-45.06210438732728
2022-07-20,37.599998474121094,38.70000076293945,35.31999969482422,35.43000030517578,2818900,36.24839996337891,63.88645000457764,3.7287121972491954,-41.14558177606214
2022-07-21,38.119998931884766,38.33000183105469,36.810001373291016,37.369998931884766,1582000,36.40679992675781,63.71765001296997,4.705711593915196,-40.173564272810914
2022-07-22,36.15999984741211,38.4900016784668,35.599998474121094,38.0,2363100,36.55019992828369,63.52970001220703,-1.0675730410153794,-43.08173997285666
2022-07-25,35.15999984741211,36.66999816894531,34.709999084472656,36.290000915527344,1148400,36.70779991149902,63.32050001144409,-4.216542717947124,-44.47295924533516
2022-07-26,33.400001525878906,34.709999084472656,32.75,34.5,1073100,36.64099990844726,63.06280000686645,-8.84527821474974,-47.03691951159444
2022-07-27,35.33000183105469,35.689998626708984,34.09000015258789,34.5099983215332,2733900,36.5583999633789,62.80775003433227,-3.360098181415816,-43.74897713778565
2022-07-28,35.36000061035156,36.0,34.220001220703125,35.150001525878906,1755000,36.51819999694824,62.54750001907349,-3.1715675654700015,-43.46696414793758
2022-07-29,35.540000915527344,35.81999969482422,34.005001068115234,35.81999969482422,1656100,36.467000045776366,62.289300022125246,-2.542021907712111,-42.94365018887114
2022-08-01,34.16999816894531,34.97999954223633,33.54999923706055,34.97999954223633,2248600,36.42040000915527,62.02010000228882,-6.178959702925447,-44.90496118567322
2022-08-02,34.4900016784668,34.86000061035156,33.470001220703125,33.52000045776367,1587100,36.32200004577637,61.73860000610352,-5.043770621113152,-44.135432816654266
2022-08-03,35.81999969482422,36.18000030517578,32.709999084472656,34.25,4755900,36.23780006408691,61.45850002288818,-1.1529407649576107,-41.7167687439748
2022-08-04,36.0,36.62900161743164,35.68000030517578,35.93000030517578,1857700,36.19820007324219,61.177450027465824,-0.5475412391808376,-41.15478826947236
2022-08-05,36.459999084472656,37.099998474121094,34.74100112915039,35.150001525878906,2627500,36.265000076293944,60.88145000457764,0.5377057983413147,-40.11312299274861
2022-08-08,40.13999938964844,40.55500030517578,36.470001220703125,36.470001220703125,2689000,36.354000091552734,60.61549999237061,10.414257821866002,-33.779314870452815
2022-08-09,36.0099983215332,36.36000061035156,33.599998474121094,35.08000183105469,9262200,36.345600051879885,60.31404996871948,-0.9233627450575654,-40.295837636157785
2022-08-10,40.459999084472656,40.529998779296875,37.310001373291016,37.650001525878906,5187800,36.34900001525879,60.04509996414185,11.309799629943406,-32.61731746864467
2022-08-11,34.459999084472656,39.779998779296875,34.310001373291016,38.27000045776367,8429900,36.27599998474121,59.74959997177124,-5.006067099549072,-42.32597523539351
2022-08-12,36.31999969482422,36.619998931884766,34.7599983215332,34.880001068115234,2653800,36.236199951171876,59.46114995956421,0.23125974513127368,-38.91810077752756
2022-08-15,33.54999923706055,36.25,33.0099983215332,35.56999969482422,4256900,36.0881999206543,59.15429996490479,-7.033325821665781,-43.28392144448472
2022-08-16,32.630001068115234,33.529998779296875,31.260000228881836,33.529998779296875,4883600,35.952199935913086,58.82794996261597,-9.24059966766948,-44.53316648149226
2022-08-17,30.18000030517578,32.13999938964844,30.06999969482422,31.950000762939453,3407900,35.70459991455078,58.48759996414184,-15.47307524127598,-48.399318276559754
2022-08-18,28.969999313354492,30.190000534057617,28.639999389648438,30.09000015258789,3890400,35.41399990081787,58.13499997138977,-18.19619530555925,-50.167714238218586
2022-08-19,26.93000030517578,28.3700008392334,26.81999969482422,28.239999771118164,3871800,35.077599906921385,57.77589997291565,-23.22735769655081,-53.38886920359509
2022-08-22,25.549999237060547,26.709999084472656,25.440000534057617,25.920000076293945,2711000,34.782599906921384,57.411849966049196,-26.543733632814615,-55.49699364822824
2022-08-23,26.040000915527344,26.5,25.510000228881836,25.56999969482422,2362300,34.5811999130249,57.04929995536804,-24.698966545346924,-54.355266522289526
2022-08-24,26.399999618530273,27.110000610351562,25.915000915527344,26.010000228881836,1796300,34.43259986877442,56.68894994735718,-23.328474413367182,-53.430078272668666
2022-08-25,27.06999969482422,27.209999084472656,25.950000762939453,26.649999618530273,1529500,34.32699989318848,56.326099948883055,-21.14079360545653,-51.940575116347965
2022-08-26,25.75,27.2189998626709,25.639999389648438,27.0,1786800,34.160599899291995,55.93699995040893,-24.620761708187423,-53.96606892963742
2022-08-29,24.940000534057617,26.1200008392334,24.889999389648438,25.270000457763672,1444300,34.046799926757814,55.58304993629456,-26.74788647476689,-55.13020504876556
2022-08-30,24.489999771118164,25.56999969482422,24.170000076293945,25.360000610351562,1366800,33.86659992218018,55.13124994277954,-27.686866034995795,-55.57873293905686
2022-08-31,24.6299991607666,25.09000015258789,24.399999618530273,24.399999618530273,1648200,33.65839988708496,54.69259993553162,-26.823618343730715,-54.96648689256137
2022-09-01,25.049999237060547,25.1299991607666,23.3700008392334,24.139999389648438,2314000,33.44019989013672,54.303999948501584,-25.090162979411147,-53.87080277545604
2022-09-02,24.09000015258789,25.739999771118164,23.8799991607666,25.479999542236328,1834600,33.15919990539551,53.87929995536804,-27.350478234343413,-55.28895109523824
2022-09-06,24.530000686645508,24.594999313354492,23.5,24.149999618530273,2309300,32.857199897766115,53.474849967956544,-25.343605775995403,-54.127967256860956
2022-09-07,25.360000610351562,25.524999618530273,24.354999542236328,24.459999084472656,1812900,32.59759990692139,53.103449974060055,-22.202859465837786,-52.244156221979175
2022-09-08,25.940000534057617,26.190000534057617,24.75,24.950000762939453,1401900,32.39139991760254,52.734299993515016,-19.917013157677765,-50.810003096186776
2022-09-09,27.729999542236328,27.84000015258789,26.094999313354492,26.43000030517578,1836400,32.234999923706056,52.395449991226194,-13.975493693600693,-47.07555799810896
2022-09-12,28.510000228881836,28.65999984741211,27.770999908447266,28.040000915527344,2345800,32.116399955749515,52.073349990844726,-11.229153117524483,-45.25030512941011
2022-09-13,26.68000030517578,28.09000015258789,26.3700008392334,28.020000457763672,2576600,31.950399971008302,51.735149993896485,-16.495567099675956,-48.42964539906932
2022-09-14,25.34000015258789,26.6200008392334,24.459999084472656,26.56999969482422,3363400,31.749999961853028,51.40829999923706,-20.188975801469667,-50.70834835432419
2022-09-15,24.389999389648438,26.149999618530273,24.25,24.770000457763672,3806000,31.52019992828369,51.07894998550415,-22.621051119149737,-52.2503900401826
2022-09-16,23.149999618530273,23.700000762939453,22.639999389648438,23.610000610351562,10604500,31.230399932861328,50.739149980545044,-25.873508926245535,-54.37448276645017
2022-09-19,22.81999969482422,22.979999542236328,22.219999313354492,22.709999084472656,1805700,30.938999938964844,50.422599992752076,-26.241960826650658,-54.742516851363376
2022-09-20,21.780000686645508,22.709999084472656,21.729999542236328,22.25,1695800,30.67599994659424,50.07989999771118,-28.9998672429141,-56.50949644939202
2022-09-21,21.139999389648438,22.299999237060547,21.110000610351562,22.010000228881836,1688400,30.41079990386963,49.71795000076294,-30.485224142497902,-57.48014672905051
2022-09-22,19.899999618530273,21.34000015258789,19.889999389648438,21.020000457763672,2182800,30.149999923706055,49.36835000038147,-33.99668434863414,-59.690774315170536
2022-09-23,20.209999084472656,20.479999542236328,19.34000015258789,19.709999084472656,2533000,29.93799991607666,48.98704998970032,-32.49382343133779,-58.74420058215003
2022-09-26,20.31999969482422,21.09000015258789,19.75,20.1200008392334,2326200,29.69199993133545,48.60835000038147,-31.564058528171056,-58.19648333122858
2022-09-27,20.3799991607666,21.34000015258789,20.219999313354492,21.0,1831900,29.41299987792969,48.25635000228882,-30.71091270748306,-57.767217869150954
2022-09-28,21.3700008392334,21.549999237060547,20.360000610351562,20.450000762939453,1653900,29.136399879455567,47.90985001564026,-26.655314563067734,-55.395391903215895
2022-09-29,19.68000030517578,20.790000915527344,19.469999313354492,20.610000610351562,1712200,28.77799991607666,47.56400002479553,-31.614426427940657,-58.624168919946975
2022-09-30,19.489999771118164,20.75,19.350000381469727,19.469999313354492,2235400,28.40539993286133,47.22380002975464,-31.386286349833124,-58.728438289934395
2022-10-03,20.420000076293945,20.520000457763672,19.110000610351562,19.6200008392334,2135000,28.090599937438967,46.88310004234314,-27.306643070024627,-56.444859538188965
2022-10-04,21.239999771118164,21.790000915527344,20.6200008392334,21.040000915527344,2654200,27.812199935913085,46.57055004119873,-23.630637561714163,-54.391778168116645
2022-10-05,20.760000228881836,21.030000686645508,20.229999542236328,20.549999237060547,1538400,27.559399909973145,46.23370005607605,-24.67179874490212,-55.09768804205073
2022-10-06,20.540000915527344,21.170000076293945,20.170000076293945,20.670000076293945,1235600,27.263599891662597,45.89960005760193,-24.66144970896297,-55.25015274697259
2022-10-07,19.219999313354492,19.8700008392334,18.597999572753906,19.84000015258789,1895900,26.940799865722656,45.5399500465393,-28.658393926126525,-57.7952999647283
2022-10-10,18.479999542236328,19.576000213623047,18.440000534057617,19.420000076293945,1608300,26.599599838256836,45.163200035095215,-30.525272355197252,-59.08173130363665
2022-10-11,17.770000457763672,18.389999389648438,17.34000015258789,18.31999969482422,1893000,26.271599884033204,44.783050022125245,-32.36041757562109,-60.319807496398006
2022-10-12,18.100000381469727,18.14699935913086,17.469999313354492,17.690000534057617,2042700,25.94379985809326,44.39450003623963,-30.233811236316,-59.229182969299046
2022-10-13,18.34000015258789,18.475000381469727,16.790000915527344,17.25,2706100,25.594199867248534,44.02025002479553,-28.343139274861397,-58.33735577999348
2022-10-14,17.829999923706055,19.139999389648438,17.635000228881836,19.049999237060547,1911400,25.230799865722656,43.653000030517575,-29.33240317946071,-59.15515563365359
2022-10-17,18.440000534057617,19.18000030517578,18.329999923706055,18.559999465942383,2229400,24.870399894714357,43.27525004386902,-25.855633153785263,-57.389037578374236
2022-10-18,18.6299991607666,19.40999984741211,18.062999725341797,19.239999771118164,2503100,24.440199890136718,42.8971000289917,-23.77313097064696,-56.57049276483575
2022-10-19,17.440000534057617,18.260000228881836,17.155000686645508,18.079999923706055,1973300,24.068799934387208,42.5124000453949,-27.54104657648092,-58.97667382825924
2022-10-20,17.799999237060547,18.440000534057617,17.350000381469727,17.43000030517578,1854900,23.615599937438965,42.15835003852844,-24.626097646406443,-57.778235578970325
2022-10-21,17.520000457763672,17.530000686645508,16.465999603271484,17.489999771118164,2212100,23.276799964904786,41.835800046920774,-24.73191983357177,-58.12199016604394
2022-10-24,17.670000076293945,17.979999542236328,16.809999465942383,17.5,1941000,22.90379997253418,41.51340003967285,-22.851229501290238,-57.43543034440117
2022-10-25,18.799999237060547,18.875,17.815000534057617,17.81999969482422,1862100,22.60879997253418,41.205150051116945,-16.846540904871876,-54.374637117597544
2022-10-26,17.989999771118164,18.825000762939453,17.815000534057617,18.280000686645508,1649700,22.31599994659424,40.880400037765504,-19.38519531201329,-55.99358187664769
2022-10-27,17.579999923706055,18.84000015258789,17.510000228881836,18.350000381469727,2431400,22.063999938964844,40.54830003738403,-20.32269773233675,-56.64429850943703
2022-10-28,17.389999389648438,17.6299991607666,16.889999389648438,17.3700008392334,1446300,21.832399940490724,40.213600025177,-20.347742634575596,-56.75592491405674
2022-10-31,16.959999084472656,17.514999389648438,16.739999771118164,17.18000030517578,1749200,21.63299991607666,39.90065000534057,-21.601261266271454,-57.494429082727684
2022-11-01,17.1200008392334,18.559999465942383,17.079999923706055,17.639999389648438,2333200,21.464399948120118,39.59119999885559,-20.240021241624362,-56.75806532833493
2022-11-02,16.06999969482422,17.25,15.989999771118164,17.239999771118164,2620000,21.264999923706053,39.30934998512268,-24.42981541274538,-59.1191416268491
2022-11-03,15.289999961853027,16.030000686645508,15.260000228881836,15.6899995803833,2597200,21.04279993057251,39.035199971199035,-27.338567052388296,-60.83022509649163
2022-11-04,14.84000015258789,15.812999725341797,14.380000114440918,15.680000305175781,2813300,20.798199939727784,38.75489996433258,-28.647670492669942,-61.70806745406223
2022-11-07,14.9399995803833,15.279999732971191,14.329999923706055,15.119999885559082,2831800,20.58199993133545,38.48714997291565,-27.4123038080589,-61.181850069706535
2022-11-08,15.180000305175781,15.800000190734863,14.319999694824219,14.970000267028809,3510000,20.386799926757813,38.215349969863894,-25.540053565484165,-60.27774096757841
2022-11-09,13.739999771118164,14.829999923706055,13.201000213623047,14.829999923706055,7823100,20.171799926757814,37.96114995956421,-31.885107818801494,-63.80510130553512
2022-11-10,16.280000686645508,16.399999618530273,14.899999618530273,15.649999618530273,10644800,20.00479995727539,37.72739996910095,-18.61952770627552,-56.84833648759533
2022-11-11,16.940000534057617,17.395000457763672,15.395000457763672,15.600000381469727,5326500,19.842599983215333,37.513199977874756,-14.628120566926695,-54.842560634526485
2022-11-14,15.359999656677246,16.729999542236328,15.319999694824219,16.610000610351562,4589800,19.667999973297118,37.2855499792099,-21.903601395509277,-58.80441708586343
2022-11-15,15.520000457763672,16.3799991607666,15.140000343322754,16.209999084472656,5377100,19.487799968719482,37.04104999065399,-20.360428151585385,-58.10053856011209
2022-11-16,14.569999694824219,15.050000190734863,14.289999961853027,15.050000190734863,3973500,19.271999950408937,36.77544997692108,-24.398091882959683,-60.381179009453824
2022-11-17,14.359999656677246,14.654999732971191,13.84000015258789,14.010000228881836,2674100,19.040399932861327,36.521149969100954,-24.58141789399234,-60.68031902383508
2022-11-18,13.949999809265137,14.770000457763672,13.670000076293945,14.770000457763672,2219600,18.764799938201904,36.284349961280824,-25.658680853477488,-61.55367307351176
2022-11-21,13.300000190734863,13.78499984741211,13.020000457763672,13.699999809265137,2902700,18.460599937438964,36.0063499546051,-27.95466975175689,-63.06207041951545
2022-11-22,13.960000038146973,14.010000228881836,13.0,13.170000076293945,2074400,18.20619993209839,35.73404996395111,-23.322823597389842,-60.93361918889695
2022-11-23,14.100000381469727,14.270000457763672,13.819999694824219,13.920000076293945,2214800,17.981399936676027,35.450499978065494,-21.58563609549414,-60.22622984106316
2022-11-25,14.020000457763672,14.710000038146973,13.789999961853027,13.869999885559082,884600,17.77399995803833,35.14684998035431,-21.120735395168634,-60.110221924296795
2022-11-28,13.479999542236328,14.079999923706055,13.430000305175781,13.449999809265137,2572300,17.58059995651245,34.853099961280826,-23.324576091938898,-61.32338426937175
2022-11-29,13.4399995803833,13.789999961853027,13.289999961853027,13.614999771118164,2156600,17.392999954223633,34.56874997138977,-22.727536274617222,-61.120955801101616
2022-11-30,14.40999984741211,14.460000038146973,13.180000305175781,13.25,8646200,17.245599937438964,34.28599997520447,-16.442455468719118,-57.971183988119414
2022-12-01,14.289999961853027,14.390000343322754,13.869999885559082,14.300000190734863,3669300,17.108599948883057,33.97989996433258,-16.47475535959354,-57.94572680657477
2022-12-02,14.279999732971191,14.494999885559082,13.8100004196167,14.079999923706055,2783000,16.996199951171874,33.707749967575076,-15.98122066111256,-57.63585600727508
2022-12-05,12.829999923706055,14.25,12.6850004196167,14.170000076293945,3805300,16.84859996795654,33.45124998092651,-23.851240173624213,-61.64567861882124
2022-12-06,11.100000381469727,12.859999656677246,10.78499984741211,12.859999656677246,6689800,16.664199981689453,33.18789998054504,-33.390139378629904,-66.55407426207557
2022-12-07,10.789999961853027,11.140000343322754,10.579999923706055,10.920000076293945,5112700,16.472399997711182,32.955199971199036,-34.496491322744205,-67.25858143393798
2022-12-08,10.40999984741211,10.949999809265137,10.175000190734863,10.40999984741211,5614400,16.253199977874758,32.725849976539614,-35.95107510162252,-68.1902842710738
2022-12-09,10.359999656677246,10.569999694824219,10.1899995803833,10.329999923706055,5542200,16.066799964904785,32.49209997177124,-35.51920930548138,-68.11532752368147
2022-12-12,10.699999809265137,10.699999809265137,10.329999923706055,10.449999809265137,4100400,15.890999965667724,32.25959996700287,-32.666290149252205,-66.83157937417153
2022-12-13,10.5600004196167,11.930000305175781,10.319999694824219,11.399999618530273,6844800,15.69379997253418,32.02199995994568,-32.71227849152007,-67.0226705614092
2022-12-14,10.529999732971191,10.760000228881836,10.25,10.479999542236328,4061300,15.47959997177124,31.772949957847594,-31.974988034743735,-66.85860221685085
2022-12-15,9.760000228881836,10.359999656677246,9.734999656677246,10.170000076293945,5541500,15.259599971771241,31.532499966621398,-36.040261560349705,-69.0478070587069
2022-12-16,9.819999694824219,9.975000381469727,9.59000015258789,9.710000038146973,6275100,15.045199947357178,31.305899968147276,-34.73001535915654,-68.6321118229607
2022-12-19,9.479999542236328,9.850000381469727,9.449999809265137,9.850000381469727,2003400,14.850399951934815,31.101999974250795,-36.16333854361137,-69.51964648548396
2022-12-20,9.829999923706055,9.930000305175781,9.399999618530273,9.40999984741211,2406500,14.677399959564209,30.91449996471405,-33.02628564468226,-68.20262357493714
2022-12-21,10.199999809265137,10.427000045776367,9.779999732971191,9.949999809265137,3541000,14.525999946594238,30.736799955368042,-29.78108325233316,-66.8150236066336
2022-12-22,9.84000015258789,10.050000190734863,9.524999618530273,9.9399995803833,3079500,14.360799942016602,30.543299951553344,-31.48013904296394,-67.78344131709495
2022-12-23,9.84000015258789,9.914999961853027,9.670000076293945,9.850000381469727,2601400,14.190799942016602,30.360349950790404,-30.65929903321881,-67.58930589226718
2022-12-27,9.300000190734863,9.800000190734863,9.229999542236328,9.800000190734863,2569500,14.020199947357177,30.18409995555878,-33.66713580651949,-69.18907569075236
2022-12-28,9.399999618530273,9.4399995803833,9.140000343322754,9.220000267028809,2654300,13.83939992904663,30.010849957466124,-32.07798266743331,-68.67799601859748
2022-12-29,10.430000305175781,10.569999694824219,9.4350004196167,9.529999732971191,2600500,13.675399951934814,29.83319996356964,-23.73166165644661,-65.03894882911582
2022-12-30,10.529999732971191,10.600000381469727,10.130000114440918,10.130000114440918,2577900,13.537199935913087,29.635899953842163,-22.21434430442324,-64.46877014238935
2023-01-03,10.729999542236328,11.140000343322754,10.470000267028809,10.8100004196167,2575200,13.395799942016602,29.42699995994568,-19.900270318451508,-63.53688939803113
2023-01-04,10.899999618530273,11.180000305175781,10.569999694824219,10.979999542236328,3561300,13.263399925231933,29.209249954223633,-17.81896286038689,-62.6830554169908
2023-01-05,9.850000381469727,10.010000228881836,9.4350004196167,9.710000038146973,4030100,13.10699993133545,28.991499948501588,-24.84931385464555,-66.02452305342408
2023-01-06,9.720000267028809,9.9350004196167,9.21500015258789,9.890000343322754,4199800,12.925399951934814,28.763849949836732,-24.799230173347063,-66.20758248989551
2023-01-09,10.180000305175781,10.529999732971191,9.920000076293945,9.949999809265137,3275600,12.769199962615966,28.540249943733215,-20.276913706579215,-64.33107514739521
2023-01-10,10.369999885559082,10.369999885559082,9.949999809265137,10.069999694824219,3943900,12.624999961853028,28.316099939346312,-17.861386796891278,-63.377725365527596
2023-01-11,10.760000228881836,10.779999732971191,10.300000190734863,10.399999618530273,2544500,12.492399978637696,28.102699947357177,-13.867629540507064,-61.711863098429
2023-01-12,10.680000305175781,10.890000343322754,10.300000190734863,10.829999923706055,1727000,12.366800003051758,27.888949947357176,-13.639742677650846,-61.70526202910036
2023-01-13,10.8100004196167,10.904999732971191,10.331999778747559,10.4399995803833,1345500,12.240599994659425,27.66309995174408,-11.687332121520978,-60.92267157884032
2023-01-17,10.899999618530273,11.079999923706055,10.4399995803833,10.789999961853027,2863100,12.137199993133544,27.441049942970277,-10.193457925247994,-60.2784891934407
2023-01-18,10.699999809265137,11.225000381469727,10.654999732971191,11.039999961853027,1975600,12.045399990081787,27.21919994354248,-11.169410579345273,-60.68951390393964
2023-01-19,10.180000305175781,10.619999885559082,10.085000038146973,10.402000427246094,1856500,11.952199993133545,27.003749942779542,-14.827393191009863,-62.30153098459652
2023-01-20,10.9399995803833,10.949999809265137,10.130000114440918,10.270000457763672,1960100,11.872199993133545,26.769549946784974,-7.851960153041526,-59.132672748959706
2023-01-23,11.979999542236328,11.989999771118164,10.954999923706055,11.020000457763672,2707800,11.808199977874756,26.554549946784974,1.4549174699232559,-54.88532260481117
2023-01-24,11.899999618530273,12.1899995803833,11.720000267028809,11.84000015258789,2775700,11.771399974822998,26.35184995174408,1.0924753553725797,-54.841881536507906
2023-01-25,11.819999694824219,11.90999984741211,11.005000114440918,11.5,1904200,11.682199954986572,26.151549944877626,1.179570118373352,-54.801915298563664
2023-01-26,11.899999618530273,12.274999618530273,11.765000343322754,12.220000267028809,1905800,11.581399936676025,25.954699940681458,2.7509600186183425,-54.150887331669026
2023-01-27,12.59000015258789,12.675000190734863,11.760000228881836,11.760000228881836,2602600,11.525999946594238,25.768149933815003,9.2313049707071,-51.14123371322713
2023-01-30,12.210000038146973,12.484999656677246,11.8100004196167,12.199999809265137,2764100,11.459799938201904,25.58154994010925,6.5463629730937445,-52.270288286938616
2023-01-31,12.699999809265137,12.710000038146973,12.175000190734863,12.300000190734863,2207100,11.422399940490722,25.385249943733214,11.185038830986048,-49.97094833647541
2023-02-01,13.359999656677246,13.359999656677246,12.4350004196167,12.760000228881836,3002900,11.402399940490723,25.20724994659424,17.168313042896788,-46.99937642946917
2023-02-02,14.1899995803833,14.524999618530273,13.479999542236328,13.960000038146973,5440900,11.407199935913086,25.044499936103822,24.395115892631768,-43.34085481208917
2023-02-03,13.220000267028809,14.045000076293945,13.170000076293945,13.489999771118164,2688500,11.405599937438964,24.862649936676025,15.907978006786493,-46.8278711211415
2023-02-06,12.600000381469727,13.140000343322754,12.493000030517578,12.9399995803833,3526800,11.37839994430542,24.693949937820435,10.736135512407309,-48.97535463870045
2023-02-07,12.850000381469727,12.930000305175781,12.345000267028809,12.579999923706055,2901900,11.35339994430542,24.54259994506836,13.18195821961654,-47.64205744203629
2023-02-08,12.680000305175781,13.125,12.420000076293945,12.75,7109300,11.326599941253662,24.399949951171877,11.94886701165081,-48.03267904011914
2023-02-09,16.110000610351562,17.3799991607666,16.049999237060547,17.270000457763672,14681600,11.379199962615967,24.27479995727539,41.574105941346254,-33.63487798578855
2023-02-10,15.289999961853027,16.139999389648438,15.140000343322754,15.710000038146973,5111600,11.416199970245362,24.15824996471405,33.93248192659688,-36.70899181776055
2023-02-13,15.859999656677246,16.108999252319336,14.385000228881836,15.390000343322754,4817600,11.445199966430664,24.049149961471556,38.5733731450338,-34.05172456371186
2023-02-14,15.970000267028809,16.219999313354492,15.170000076293945,15.59000015258789,3283200,11.47879997253418,23.933199963569642,39.12604370875803,-33.272607543755804
2023-02-15,16.8700008392334,17.014999389648438,15.789999961853027,15.9399995803833,3881500,11.530599994659424,23.826799960136412,46.306357405919904,-29.197370744464777
2023-02-16,15.600000381469727,16.584999084472656,15.59000015258789,16.209999084472656,3155900,11.586000003814696,23.706799969673156,34.645264770701004,-34.19609394171304
2023-02-17,14.989999771118164,15.59000015258789,14.930000305175781,15.449999809265137,2701100,11.663799991607666,23.58289996623993,28.517290950665863,-36.436995481568935
2023-02-21,14.199999809265137,14.789999961853027,14.1899995803833,14.619999885559082,2920700,11.731999988555907,23.4523499584198,21.036479910643237,-39.451697444216705
2023-02-22,15.170000076293945,15.3100004196167,14.109999656677246,14.199999809265137,3225900,11.827199993133545,23.345799961090087,28.263664139450697,-35.020431505549446
2023-02-23,14.489999771118164,15.050000190734863,14.119999885559082,14.649999618530273,3350600,11.909799995422363,23.25074995994568,21.6645097036686,-37.67943057286218
2023-02-24,14.210000038146973,14.505000114440918,14.010000228881836,14.0600004196167,3171000,11.98,23.170799956321716,18.614357580525652,-38.67281205252458
2023-02-27,13.40999984741211,14.5600004196167,13.369999885559082,14.449999809265137,2751500,12.036999988555909,23.092899956703185,11.406495473636035,-41.930204207550894
2023-02-28,13.5,13.71500015258789,13.289999961853027,13.34000015258789,2297100,12.096399993896485,23.023999953269957,11.603452323102182,-41.365531500174114
2023-03-01,13.380000114440918,13.59000015258789,13.239999771118164,13.5,1817800,12.168799991607665,22.90719994544983,9.953324269184872,-41.590416348120044
2023-03-02,13.699999809265137,13.710000038146973,13.130000114440918,13.260000228881836,1393200,12.246399993896484,22.77839994907379,11.869609159370231,-39.85530221659751
2023-03-03,13.949999809265137,14.289999961853027,13.800000190734863,13.9399995803833,2183300,12.33579999923706,22.661299953460695,13.085489470710531,-38.441308142453764
2023-03-06,13.609999656677246,14.175000190734863,13.5,14.010000228881836,1586400,12.411399993896485,22.538849959373476,9.657247879934516,-39.615376644285675
2023-03-07,13.4399995803833,13.949999809265137,13.350000381469727,13.670000076293945,1885600,12.476199989318848,22.42354995727539,7.725105335675786,-40.063015865056414
2023-03-08,13.289999961853027,13.59000015258789,13.180000305175781,13.420000076293945,1761000,12.54519998550415,22.292949957847597,5.936931872026641,-40.3847405256716
2023-03-09,12.779999732971191,13.579999923706055,12.710000038146973,13.229999542236328,1574900,12.603999977111817,22.156699962615967,1.3963801664470088,-42.319931422394454
2023-03-10,12.3100004196167,12.75,11.920000076293945,12.75,2316900,12.664199981689453,22.028349967002868,-2.796856987293894,-44.11746482121297
2023-03-13,12.40999984741211,12.704999923706055,11.6899995803833,12.140000343322754,2417800,12.72439998626709,21.924799971580505,-2.470844512859538,-43.39743184203152
2023-03-14,12.770000457763672,12.930000305175781,12.614999771118164,12.819999694824219,2054100,12.771199989318848,21.810199980735778,-0.009392473347691332,-41.44941142656653
2023-03-15,13.59000015258789,13.6899995803833,12.359999656677246,12.399999618530273,3235100,12.832399997711182,21.69599997997284,5.903807199057365,-37.36172490259698
2023-03-16,13.760000228881836,14.050000190734863,13.539999961853027,13.670000076293945,3312800,12.893000011444093,21.563349976539612,6.7245809095491715,-36.18802160215192
2023-03-17,13.520000457763672,14.0,13.479999542236328,13.680000305175781,6121600,12.94540002822876,21.44039997577667,4.4386456060217405,-36.941472766186514
2023-03-20,13.600000381469727,14.059000015258789,13.229999542236328,13.40999984741211,2591500,13.02040002822876,21.316849970817564,4.451478848456025,-36.200703199169126
2023-03-21,14.239999771118164,14.40999984741211,13.635000228881836,13.760000228881836,2483300,13.110800018310547,21.18329996585846,8.612744845704135,-32.777235869439366
2023-03-22,13.8100004196167,14.404999732971191,13.789999961853027,14.270000457763672,2212200,13.183400020599365,21.055199966430663,4.752949906991044,-34.410499821257176
2023-03-23,14.1899995803833,14.734999656677246,14.050000190734863,14.149999618530273,1817200,13.25980001449585,20.913349957466124,7.015185484475928,-32.148605511584094
2023-03-24,14.170000076293945,14.345000267028809,13.850000381469727,14.149999618530273,1728300,13.328000011444091,20.766699957847596,6.317527491948316,-31.76575909963394
2023-03-27,14.149999618530273,14.350000381469727,13.6850004196167,14.25,2424000,13.397399997711181,20.618699955940247,5.617505045364513,-31.37297866127753
2023-03-28,13.970000267028809,14.145000457763672,13.829999923706055,14.109999656677246,1740100,13.460599994659423,20.487049961090086,3.7843801358891316,-31.810581349871004
2023-03-29,14.979999542236328,15.0600004196167,14.239999771118164,14.279999732971191,2725700,13.542199993133545,20.38139995574951,10.617178522188464,-26.501616303297503
2023-03-30,15.0,15.380000114440918,14.904999732971191,15.34000015258789,2675900,13.628199996948242,20.287249946594237,10.065892805791998,-26.061935257429237
2023-03-31,15.75,15.880000114440918,15.069999694824219,15.220000267028809,2517900,13.739599990844727,20.204249954223634,14.632158217814828,-22.046103984634613
2023-04-03,15.829999923706055,16.007999420166016,15.5600004196167,15.619999885559082,2150900,13.83739999771118,20.11304995536804,14.400103533355013,-21.294880891591816
2023-04-04,16.399999618530273,16.559999465942383,15.920000076293945,15.920000076293945,2607600,13.92579999923706,20.04189995765686,17.76701962852234,-18.17143258284365
2023-04-05,15.699999809265137,16.360000610351562,15.25,16.309999465942383,3350700,14.001800003051757,19.952899956703185,12.12843924240632,-21.31469689451976
2023-04-06,15.720000267028809,15.949999809265137,15.260000228881836,15.619999885559082,2306500,14.07980001449585,19.85629995346069,11.649314982061476,-20.831170440245995
2023-04-10,15.859999656677246,15.920000076293945,15.260000228881836,15.449999809265137,2247500,14.159000015258789,19.755799956321717,12.013557734199697,-19.719780055769608
2023-04-11,15.960000038146973,16.15999984741211,15.770000457763672,15.859999656677246,2146000,14.22640001296997,19.64489995956421,12.185795588458848,-18.757539763511122
2023-04-12,16.15999984741211,16.40999984741211,15.850000381469727,16.40999984741211,2765300,14.305400009155273,19.527549953460692,12.964334007227452,-17.245123500256533
2023-04-13,16.360000610351562,16.829999923706055,16.299999237060547,16.3700008392334,2961500,14.378600025177002,19.41764995574951,13.780205177869309,-15.746752837577993
2023-04-14,16.469999313354492,16.55500030517578,16.1200008392334,16.299999237060547,2246900,14.440800018310547,19.318749952316285,14.051848183417647,-14.746040225134916
2023-04-17,16.34000015258789,16.844999313354492,16.170000076293945,16.40999984741211,2329800,14.483800029754638,19.22269995689392,12.815698359684525,-14.996331476693491
2023-04-18,16.600000381469727,16.729999542236328,16.325000762939453,16.610000610351562,1790800,14.551400032043457,19.133499965667724,14.078372836394237,-13.24117170796767
2023-04-19,16.770000457763672,17.079999923706055,16.270000457763672,16.329999923706055,2262600,14.634800033569336,19.04244997024536,14.589884517018392,-11.933598439447069
2023-04-20,16.489999771118164,16.864999771118164,16.389999389648438,16.5,2077000,14.707600021362305,18.948099966049195,12.118902792889275,-12.972805713160707
2023-04-21,16.43000030517578,16.71500015258789,16.315000534057617,16.59000015258789,2039800,14.782600021362304,18.8508499622345,11.144184929801405,-12.842124688852808
2023-04-24,15.859999656677246,16.59000015258789,15.59000015258789,16.530000686645508,2439900,14.777600002288818,18.741949963569642,7.324597053789406,-15.377003526817079
2023-04-25,15.4399995803833,15.789999961853027,15.40999984741211,15.760000228881836,1740900,14.780599994659424,18.632199964523316,4.461250463189126,-17.132707840287953
2023-04-26,15.9399995803833,16.3700008392334,15.609999656677246,15.760000228881836,3049000,14.782199993133545,18.537249960899352,7.832390224645613,-14.010979978122084
2023-04-27,17.030000686645508,17.34000015258789,16.3799991607666,16.479999542236328,2945300,14.80340000152588,18.450399956703187,15.041143824324932,-7.6984741436005315
2023-04-28,17.0,17.31999969482422,16.68000030517578,16.959999084472656,2051500,14.805999984741211,18.370699963569642,14.818317016884276,-7.461337707805549
2023-05-01,16.8700008392334,17.110000610351562,16.684999465942383,16.969999313354492,3190800,14.831399993896484,18.300999970436095,13.74516799611536,-7.819240115372761
2023-05-02,16.260000228881836,16.90999984741211,15.699999809265137,16.809999465942383,2790400,14.856800003051758,18.219199976921082,9.444834860413032,-10.753489453549204
2023-05-03,16.450000762939453,17.190000534057617,16.350000381469727,16.360000610351562,2243200,14.901800022125244,18.129799971580507,10.389353893593656,-9.26540398280309
2023-05-04,16.6200008392334,17.03499984741211,16.559999465942383,16.649999618530273,2322800,14.930800037384033,18.036899971961976,11.31353174391132,-7.85555796689631
2023-05-05,17.15999984741211,17.260000228881836,16.850000381469727,16.899999618530273,1757500,14.984200038909911,17.93469997882843,14.520627079538674,-4.319560027939351
2023-05-08,17.6200008392334,17.915000915527344,17.200000762939453,17.200000762939453,2333700,15.05240005493164,17.832199988365172,17.057750092554393,-1.1899773963404692
2023-05-09,17.329999923706055,17.75,17.25,17.40999984741211,3295900,15.13080005645752,17.738049988746642,14.534590762171629,-2.3004223423626735
2023-05-10,17.809999465942383,18.059999465942383,17.565000534057617,17.739999771118164,4608900,15.217000045776366,17.651299986839295,17.040148599366866,0.8990809697949409
2023-05-11,22.0,22.9950008392334,20.899999618530273,21.7549991607666,15089800,15.389400043487548,17.5942999792099,42.9555404228374,25.040496217502508
2023-05-12,21.510000228881836,22.68000030517578,21.1200008392334,22.68000030517578,3462000,15.545600051879882,17.525199971199036,38.36712740001757,22.73754515915043
2023-05-15,22.6299991607666,22.93000030517578,21.3700008392334,21.549999237060547,3835100,15.719200038909912,17.46154996395111,43.96406372302859,29.599028765977884
2023-05-16,22.8799991607666,23.110000610351562,22.075000762939453,22.5,2594200,15.9046000289917,17.398249955177306,43.85774630647607,31.50747471562827
2023-05-17,24.3799991607666,25.010000228881836,24.049999237060547,24.3700008392334,5482300,16.123400020599366,17.349299960136413,51.208796715448024,40.52439704647834
2023-05-18,25.079999923706055,25.202999114990234,24.280000686645508,24.43000030517578,4548200,16.359200019836425,17.30224995136261,53.30822957904533,44.95224606168009
2023-05-19,25.1200008392334,25.239999771118164,24.697999954223633,25.079999923706055,2217900,16.60600004196167,17.248749957084655,51.270629746824724,45.6337468032908
2023-05-22,25.09000015258789,25.34000015258789,24.53499984741211,25.170000076293945,3246900,16.861600036621095,17.194199957847594,48.79963999914501,45.92130028787167
2023-05-23,24.809999465942383,25.5,24.719999313354492,24.93000030517578,1819500,17.1096000289917,17.135949959754942,45.006308878656355,44.783332842419114
2023-05-24,24.43000030517578,24.850000381469727,24.229999542236328,24.389999389648438,1749000,17.34280002593994,17.057399964332582,40.865375075739706,43.22229856988449
2023-05-25,24.049999237060547,25.075000762939453,23.649999618530273,24.93000030517578,1905400,17.552000007629395,16.99759996891022,37.021417653866465,41.49055914393591
2023-05-26,24.049999237060547,24.486000061035156,23.8700008392334,24.139999389648438,1772000,17.757799987792968,16.915549969673158,35.4334391286812,42.17686850370399
2023-05-30,24.229999542236328,24.90999984741211,24.114999771118164,24.610000610351562,2196400,17.97199996948242,16.864399971961976,34.82083008780536,43.67543216788074
2023-05-31,25.010000228881836,25.179000854492188,23.8799991607666,23.989999771118164,3578300,18.200199966430663,16.807849974632262,37.416073861888876,48.799520858580415
2023-06-01,24.829999923706055,25.0,24.1299991607666,24.510000228881836,1908900,18.411999969482423,16.76424997806549,34.85770130817596,48.112799297277675
2023-06-02,24.809999465942383,25.64699935913086,24.610000610351562,25.040000915527344,2718300,18.631999950408936,16.725149970054627,33.15800521670704,48.339473848444946
2023-06-05,25.600000381469727,25.790000915527344,24.190000534057617,24.790000915527344,3630000,18.860199966430663,16.702249970436096,35.73557240663015,53.272765206981944
2023-06-06,23.299999237060547,25.719999313354492,23.239999771118164,25.649999618530273,4938300,19.042799949645996,16.673899970054627,22.355952373976873,39.73934879605861
2023-06-07,21.53499984741211,23.700000762939453,21.03499984741211,23.579999923706055,6511100,19.190499954223633,16.64692496776581,12.216981833620633,29.363230080698386
2023-06-08,22.489999771118164,22.860000610351562,21.329999923706055,21.440000534057617,3651200,19.36089994430542,16.631624970436096,16.161954432976145,35.22430797409002
2023-06-09,22.65999984741211,23.510000228881836,22.344999313354492,22.389999389648438,1963000,19.514499950408936,16.61472496509552,16.118782981868087,36.385043357723944
2023-06-12,22.3799991607666,22.829999923706055,22.15999984741211,22.829999923706055,2137800,19.66209993362427,16.5946249628067,13.823036381248555,34.862940325114764
2023-06-13,22.520000457763672,23.1200008392334,22.190000534057617,22.709999084472656,2016800,19.79749994277954,16.571874966621397,13.751738971349603,35.892893852523144
2023-06-14,22.5,22.780000686645508,21.8700008392334,22.510000228881836,2264300,19.93089994430542,16.555624966621398,12.890035386628963,35.905470469181
2023-06-15,23.209999084472656,23.459999084472656,22.110000610351562,22.190000534057617,2228000,20.067099933624267,16.546974959373475,15.661949964091093,40.26732464065725
2023-06-16,23.969999313354492,24.43000030517578,23.09000015258789,23.299999237060547,7120300,20.232499923706055,16.544374957084656,18.472751285021772,44.88307582203355
2023-06-20,23.579999923706055,24.295000076293945,23.219999313354492,23.690000534057617,2908200,20.3896999168396,16.539124960899354,15.646625599583363,42.57102464279245
2023-06-21,23.350000381469727,23.790000915527344,23.18000030517578,23.6299991607666,1782300,20.53949993133545,16.5306249666214,13.683392777477144,41.25298002113045
2023-06-22,23.700000762939453,23.770000457763672,22.95400047302246,23.219999313354492,1333100,20.6942999458313,16.52867496967316,14.524293283540747,43.38717898696813
2023-06-23,23.389999389648438,23.510000228881836,22.850000381469727,23.299999237060547,4326600,20.838899936676025,16.522974963188172,12.24200634738175,41.56046015780712
2023-06-26,24.190000534057617,24.700000762939453,23.475000381469727,23.489999771118164,1800200,20.995499935150146,16.5171249628067,15.215168053985305,46.45406260792186
2023-06-27,26.040000915527344,26.155000686645508,24.520000457763672,24.520000457763672,2516400,21.186899967193604,16.51762496471405,22.906139906491376,57.64978906565303
2023-06-28,25.709999084472656,26.618000030517578,25.665000915527344,25.920000076293945,2181400,21.3742999458313,16.507524962425233,20.284636922047873,55.74714648618908
2023-06-29,25.56999969482422,25.760000228881836,25.111000061035156,25.700000762939453,1486900,21.55369993209839,16.492824959754945,18.63392259973258,55.03711315204636
2023-06-30,25.729999542236328,26.31999969482422,25.700000762939453,26.040000915527344,2091400,21.732899913787843,16.488074955940245,18.391929490793046,56.05217474442914
2023-07-03,25.920000076293945,25.9950008392334,25.540000915527344,25.649999618530273,759200,21.921499919891357,16.490974955558777,18.240084715984196,57.1768809675915
2023-07-05,26.559999465942383,26.649999618530273,25.790000915527344,25.790000915527344,1757100,22.12409990310669,16.501824955940247,20.05007924508966,60.95189190806101
2023-07-06,25.549999237060547,26.1200008392334,25.239999771118164,26.020000457763672,1878900,22.317899894714355,16.5138249540329,14.48209445151094,54.718845017313164
2023-07-07,25.989999771118164,26.540000915527344,25.729999542236328,25.760000228881836,1505200,22.52889989852905,16.529674954414368,15.362933335307204,57.23237052630215
2023-07-10,27.079999923706055,27.139999389648438,25.81999969482422,25.829999923706055,1999900,22.75169990539551,16.55617495059967,19.024073086003135,63.56434988460429
2023-07-11,28.09000015258789,28.59000015258789,26.920000076293945,27.219999313354492,2805200,22.972899894714356,16.59092495441437,22.274507273027755,69.30942807449651
2023-07-12,28.299999237060547,28.559999465942383,27.850000381469727,28.5,1504800,23.198899879455567,16.632924952507018,21.988539905387494,70.14445335301652
2023-07-13,28.989999771118164,29.25,28.329999923706055,28.549999237060547,2518700,23.441299858093263,16.676824955940248,23.67061530979553,73.83404723446468
2023-07-14,28.149999618530273,29.125,28.079999923706055,28.979999542236328,1113000,23.67909984588623,16.715974955558778,18.881206641057236,68.40178148968327
2023-07-17,28.459999084472656,28.719999313354492,27.860000610351562,28.299999237060547,1072100,23.919299812316893,16.756374955177307,18.9834121725319,69.84579994540655
2023-07-18,28.309999465942383,28.759000778198242,28.270000457763672,28.700000762939453,1215400,24.153099784851076,16.79107494831085,17.210626040217548,68.60147163353776
2023-07-19,28.56999969482422,29.125,28.1299991607666,28.600000381469727,1519000,24.381299781799317,16.835524945259095,17.179969691984077,69.70067632414138
2023-07-20,28.030000686645508,28.18000030517578,27.31999969482422,28.06999969482422,2525300,24.58949977874756,16.87822494983673,13.991748261880211,66.07197006766195
2023-07-21,28.100000381469727,28.510000228881836,27.969999313354492,28.479999542236328,1094800,24.804899787902833,16.91662495136261,13.284071380017792,66.10878625175356
2023-07-24,28.149999618530273,29.5,27.959999084472656,29.5,1442200,25.01169979095459,16.951174950599672,12.54732726606067,66.06518250544295
2023-07-25,28.639999389648438,28.93000030517578,28.39299964904785,28.399999618530273,1323300,25.14449977874756,16.990574946403502,13.90164704670449,68.56403906279134
2023-07-26,29.940000534057617,29.979999542236328,28.190000534057617,28.190000534057617,1880300,25.313099784851076,17.037574944496154,18.27868095386549,75.72923747419516
2023-07-27,29.979999542236328,31.100000381469727,29.950000762939453,30.59000015258789,2646300,25.46009979248047,17.091374945640563,17.75287523064144,75.41010970497268
2023-07-28,31.260000228881836,31.329999923706055,30.479999542236328,30.729999542236328,2014200,25.627699813842774,17.155274949073792,21.977393429576473,82.2180077071254
2023-07-31,31.399999618530273,31.889999389648438,31.170000076293945,31.309999465942383,1526400,25.768099822998046,17.223424944877625,21.85609274342284,82.30984672922948
2023-08-01,31.43000030517578,32.029998779296875,30.8700008392334,31.139999389648438,1471700,25.89509983062744,17.290074944496155,21.37431603179971,81.78059034487126
2023-08-02,31.15999984741211,31.375,29.761999130249023,30.56999969482422,2419300,26.015899810791016,17.354174942970275,19.772908390765686,79.55333485925364
2023-08-03,30.59000015258789,31.190000534057617,30.350000381469727,31.0,1267300,26.125899810791015,17.417974944114686,17.086876908075066,75.62317233051175
2023-08-04,31.360000610351562,31.969999313354492,31.024999618530273,31.100000381469727,3167100,26.2568998336792,17.482574944496154,19.43527533333056,79.378613905066
2023-08-07,30.780000686645508,31.479999542236328,30.229999542236328,31.440000534057617,2225100,26.383899841308594,17.54332495212555,16.66205857275902,75.45135127258875
2023-08-08,30.049999237060547,30.31999969482422,29.600000381469727,30.06999969482422,1966400,26.503899841308595,17.606374945640564,13.379538169794358,70.67681069975788
2023-08-09,29.40999984741211,30.190000534057617,28.990999221801758,30.030000686645508,4990600,26.611099853515626,17.66442494869232,10.51779148289025,66.49282347336928
2023-08-10,37.20000076293945,38.959999084472656,33.16999816894531,38.31999969482422,19545600,26.87049987792969,17.7628249502182,38.44178906955873,109.42615190542924
2023-08-11,38.88999938964844,39.56999969482422,37.10499954223633,37.20000076293945,7701100,27.14809986114502,17.868924946784972,43.251275737749474,117.64039809594497
2023-08-14,39.75,40.0,38.29999923706055,38.400001525878906,3657400,27.446499862670898,17.97367495059967,44.827210022734796,121.15677572478738
2023-08-15,39.630001068115234,40.040000915527344,38.529998779296875,39.689998626708984,2374500,27.742899894714355,18.081874957084654,42.847363536302986,119.16975513973354
2023-08-16,39.04999923706055,39.650001525878906,38.625,39.400001525878906,2437000,28.011899871826174,18.18922495365143,39.405036487140535,114.68753801530936
2023-08-17,37.81999969482422,38.869998931884766,37.439998626708984,38.619998931884766,2300700,28.302299880981444,18.291374955177307,33.628715171089226,106.76411580595477
2023-08-18,38.22999954223633,39.25,37.06999969482422,37.209999084472656,2520500,28.63619987487793,18.397724957466124,33.50234915693153,107.79742946815776
2023-08-21,39.0099983215332,39.599998474121094,38.130001068115234,38.5099983215332,4053500,28.96659984588623,18.507174944877626,34.672341693819185,110.78310675574126
2023-08-22,39.47999954223633,40.689998626708984,39.2400016784668,40.68000030517578,2502600,29.302999839782714,18.624224944114687,34.730231573891565,111.98197326709227
2023-08-23,40.18000030517578,40.189998626708984,39.38999938964844,39.560001373291016,2112100,29.6589998626709,18.748674945831297,35.47321383465365,114.30848004599743
2023-08-24,39.310001373291016,40.43000030517578,39.220001220703125,40.43000030517578,1984200,29.994799880981446,18.871024951934814,31.056054813741163,108.30877746924195
2023-08-25,39.7599983215332,39.935001373291016,38.849998474121094,39.310001373291016,1595600,30.33999984741211,18.995124945640566,31.048116418908233,109.3168559581296
2023-08-28,40.650001525878906,40.90999984741211,39.369998931884766,39.66999816894531,2042600,30.688799896240234,19.12247495174408,32.45875258504014,112.57709385662649
2023-08-29,41.220001220703125,42.29999923706055,40.380001068115234,40.459999084472656,2865400,31.033799934387208,19.259874958992004,32.82292631856865,114.02008740175349
2023-08-30,42.97999954223633,43.040000915527344,41.25,41.25,2481800,31.421799926757814,19.39337495326996,36.78401505457973,121.62207272225909
2023-08-31,43.220001220703125,43.236000061035156,42.540000915527344,43.099998474121094,2226600,31.81919994354248,19.524774956703187,35.829943233611594,121.35979193893327
2023-09-01,43.189998626708984,43.7599983215332,42.849998474121094,43.4900016784668,1467600,32.20899990081787,19.663924951553344,34.09295153436997,119.64078246391603
2023-09-05,42.540000915527344,43.459999084472656,42.130001068115234,42.709999084472656,2090000,32.59199993133545,19.799024953842164,30.52283077181597,114.8590701547255
2023-09-06,42.22999954223633,42.70000076293945,41.779998779296875,42.2599983215332,1971700,32.95279991149902,19.937324953079223,28.15299354122558,111.81376960861597
2023-09-07,42.47999954223633,42.900001525878906,41.50299835205078,41.720001220703125,1468700,33.281599884033206,20.07792495250702,27.63809339170633,111.57564660053225
2023-09-08,42.119998931884766,42.6150016784668,41.724998474121094,42.34000015258789,1284700,33.60979988098145,20.218774948120117,25.320588283891944,108.32122143879425
2023-09-11,42.400001525878906,43.63999938964844,42.279998779296875,42.619998931884766,1798800,33.94639991760254,20.36427495479584,24.90279272263225,108.2077639395337
2023-09-12,41.70000076293945,42.34000015258789,41.310001373291016,41.959999084472656,3087200,34.2657999420166,20.5029749584198,21.69568734278129,103.38512263467811
2023-09-13,40.810001373291016,41.849998474121094,40.70000076293945,41.40999984741211,2640100,34.56359996795654,20.636524963378907,18.072195636812815,97.75616992546703
2023-09-14,42.599998474121094,42.970001220703125,41.30500030517578,41.720001220703125,3400500,34.88439994812012,20.779424953460694,22.117618584454846,105.01047824726406
2023-09-15,42.81999969482422,42.84000015258789,41.09000015258789,42.119998931884766,6482800,35.22979995727539,20.92612495422363,21.544827807009327,104.62460101186402
2023-09-18,44.0099983215332,44.88999938964844,42.084999084472656,42.4900016784668,5615400,35.59019992828369,21.07897494792938,23.65763162391865,108.78623571710429
2023-09-19,39.72999954223633,43.790000915527344,39.02000045776367,43.599998474121094,5802800,35.8431999206543,21.2055749464035,10.843896834507504,87.35638926392136
2023-09-20,39.33000183105469,40.560001373291016,39.310001373291016,39.66999816894531,3764600,36.06799995422363,21.33077495574951,9.044033162279819,84.38149534015713
2023-09-21,38.439998626708984,39.29999923706055,38.2400016784668,38.380001068115234,2582200,36.2707999420166,21.451574950218202,5.980564774309127,79.1942955979462
2023-09-22,37.7599983215332,38.970001220703125,37.481998443603516,38.81999969482422,2103800,36.446199913024905,21.576224942207336,3.6047610221190185,75.00743722627412
2023-09-25,38.20000076293945,38.34000015258789,37.119998931884766,37.349998474121094,2219500,36.647199935913086,21.711724944114685,4.237160901083392,75.94180499829048
2023-09-26,38.59000015258789,39.04999923706055,37.369998931884766,37.650001525878906,2240000,36.849799957275394,21.85072494506836,4.722414225667793,76.60741348216702
2023-09-27,39.560001373291016,39.560001373291016,38.38999938964844,38.959999084472656,1734600,37.07479999542236,21.996474952697753,6.703209129045895,79.84700484219718
2023-09-28,39.7400016784668,40.349998474121094,38.900001525878906,39.2400016784668,1485900,37.29820003509521,22.143374962806703,6.54670102330408,79.46677841664338
2023-09-29,39.959999084472656,40.529998779296875,39.61000061035156,40.380001068115234,1539100,37.53680000305176,22.28967495918274,6.455529190617981,79.27582684650241
2023-10-02,40.81999969482422,41.04999923706055,39.970001220703125,40.150001525878906,1356600,37.79119998931885,22.440974955558776,8.014563460174372,81.89940399498035
2023-10-03,39.130001068115234,40.959999084472656,39.0,40.31999969482422,2126900,38.01080001831055,22.583974962234496,2.944429081380928,73.26445470095247
2023-10-04,40.33000183105469,40.470001220703125,39.2400016784668,39.29999923706055,2205600,38.24460006713867,22.73682497024536,5.452800552901804,77.37745654387854
2023-10-05,39.70000076293945,40.34000015258789,39.31999969482422,40.290000915527344,1230600,38.439800071716306,22.886224975585936,3.278374728463773,73.4667941317965
2023-10-06,40.380001068115234,41.060001373291016,38.790000915527344,38.9900016784668,1828500,38.64780010223389,23.04072498321533,4.482016987510828,75.25490668167424
2023-10-09,40.849998474121094,40.939998626708984,39.56999969482422,39.709999084472656,1543000,38.83960006713867,23.195824975967408,5.176156303121604,76.10927189028507
2023-10-10,40.529998779296875,42.220001220703125,40.422000885009766,41.5,3160600,39.022200050354,23.347474970817565,3.8639511021859807,73.59478414670563
2023-10-11,40.279998779296875,40.63999938964844,39.79999923706055,40.5,2003700,39.199200019836425,23.49967496395111,2.7571959604112406,71.40662090470211
2023-10-12,39.689998626708984,40.209999084472656,38.97999954223633,40.15999984741211,2033100,39.36979999542236,23.648924956321718,0.8133102817993842,67.83003328909987
2023-10-13,38.52000045776367,39.83000183105469,38.209999084472656,39.68000030517578,2091600,39.52840000152588,23.79502495765686,-2.5510760458892445,61.882580607962545
2023-10-16,38.88999938964844,39.43000030517578,37.90999984741211,38.689998626708984,2298800,39.678999977111815,23.942474956512452,-1.9884588520842295,62.430991199889284
2023-10-17,39.63999938964844,40.25,38.814998626708984,38.88999938964844,2237000,39.856199951171874,24.088524951934815,-0.5424515176768119,64.5596792196465
2023-10-18,38.95000076293945,39.97999954223633,38.630001068115234,39.36000061035156,1546400,40.034199981689454,24.230624957084657,-2.708182552032723,60.74699200670464
2023-10-19,38.540000915527344,39.68000030517578,38.45000076293945,39.369998931884766,2165900,40.21680000305176,24.369674963951113,-4.169399572808318,58.14737362126377
2023-10-20,37.58000183105469,38.560001373291016,37.38999938964844,38.34000015258789,1993400,40.22440002441406,24.50307497501373,-6.574114695941679,53.36851341872706
2023-10-23,37.63999938964844,38.22999954223633,36.83000183105469,37.04999923706055,1440700,40.19940002441406,24.642024970054628,-6.366763268136433,52.74718467897483
2023-10-24,38.470001220703125,38.95000076293945,37.71699905395508,38.18000030517578,1352200,40.17380004882813,24.785774974823,-4.241069617646742,55.209999525051565
2023-10-25,36.150001525878906,38.380001068115234,36.060001373291016,38.31999969482422,1709900,40.1042000579834,24.915624980926513,-9.859811506992877,45.08968389736388
2023-10-26,36.369998931884766,36.650001525878906,34.45000076293945,36.400001525878906,3996700,40.05060005187988,25.04562497615814,-9.18987759291351,45.21497853020924
2023-10-27,36.220001220703125,37.0,36.132999420166016,36.77000045776367,2358200,40.01860008239746,25.172924981117248,-9.492083315940846,43.88475414705493
2023-10-30,36.72999954223633,37.15999984741211,35.869998931884766,36.81999969482422,1631000,39.98860008239746,25.30317497730255,-8.148823748385059,45.15964725843244
2023-10-31,36.439998626708984,37.279998779296875,36.26499938964844,36.880001068115234,1023800,39.93720008850098,25.431324968338014,-8.756751735329926,43.28784942222539
2023-11-01,36.70000076293945,36.76599884033203,36.04499816894531,36.56999969482422,2246500,39.88160011291504,25.56032497406006,-7.977612084188346,43.58190203052783
2023-11-02,37.36000061035156,38.91999816894531,37.279998779296875,37.630001068115234,2093800,39.825200119018554,25.69362497806549,-6.190049268552789,45.405720844161124
2023-11-03,39.27000045776367,39.5099983215332,37.2599983215332,37.2599983215332,2235500,39.824400100708004,25.83907497882843,-1.3921104688140118,51.97912653583783
2023-11-06,39.41999816894531,39.47999954223633,38.41999816894531,39.36000061035156,3293900,39.81760009765625,25.98147497177124,-0.9985582449363761,51.72348071760733
2023-11-07,40.88999938964844,41.5,39.665000915527344,40.0,5125600,39.82240005493164,26.126024971008302,2.6809015359298582,56.51060364147826
2023-11-08,40.119998931884766,41.90999984741211,39.81800079345703,41.099998474121094,5230800,39.800400009155275,26.26712496757507,0.8030042980873953,52.73844770377458
2023-11-09,39.68000030517578,45.10499954223633,37.13999938964844,45.10499954223633,14358800,39.734400024414064,26.40642497062683,-0.13690836958619723,50.266461095410705
2023-11-10,43.790000915527344,44.060001373291016,39.130001068115234,39.869998931884766,5897800,39.74580001831055,26.565874977111818,10.175165414593913,64.83553036839629
2023-11-13,41.40999984741211,44.52000045776367,41.32500076293945,43.650001525878906,3429900,39.71020004272461,26.709974975585936,4.280511815248156,55.035711883903396
2023-11-14,42.79999923706055,43.810001373291016,42.56999969482422,42.58000183105469,3557900,39.715400009155275,26.862924971580505,7.766758555105091,59.327397453332395
2023-11-15,40.45000076293945,42.70000076293945,39.869998931884766,42.439998626708984,5182300,39.679800033569336,27.001674976348877,1.9410398457616385,49.8055242808831
2023-11-16,38.93000030517578,40.400001525878906,38.900001525878906,40.20000076293945,2850300,39.60880004882812,27.12952497959137,-1.7137599291459082,43.49680038431012
2023-11-17,39.099998474121094,39.41999816894531,38.56999969482422,39.189998626708984,2328700,39.54840003967285,27.25407497406006,-1.1338045663084828,43.46477916177955
2023-11-20,39.5,40.11000061035156,39.15999984741211,39.15999984741211,1991400,39.49040000915527,27.385474972724914,0.024309682460810222,44.237045511683746
2023-11-21,38.77000045776367,39.650001525878906,38.65999984741211,39.02000045776367,1830000,39.431800003051755,27.516324973106386,-1.6783396782212967,40.898177702350445
2023-11-22,39.2400016784668,39.540000915527344,38.61000061035156,39.0,1329400,39.40040000915528,27.64827497959137,-0.40709822908195914,41.92567784945673
2023-11-24,39.4900016784668,39.63800048828125,38.72999954223633,39.209999084472656,811900,39.338200073242184,27.782324986457823,0.38588853821979185,42.14073767301962
2023-11-27,39.38999938964844,40.41999816894531,38.790000915527344,39.25,3201600,39.26960006713867,27.89872498035431,0.30659676264572777,41.18924580741965
2023-11-28,38.400001525878906,40.09000015258789,37.95000076293945,39.43000030517578,3391600,39.157400131225586,28.01427498817444,-1.9342413000057679,37.0729799078811
2023-11-29,39.029998779296875,39.27000045776367,38.279998779296875,38.880001068115234,2245900,39.1434001159668,28.130124983787535,-0.2897074253487397,38.748046095747355
2023-11-30,37.47999954223633,39.5,37.04399871826172,38.93000030517578,4034500,39.10640007019043,28.237674980163575,-4.158911393109433,32.73047291806179
2023-12-01,38.25,38.77000045776367,36.810001373291016,37.650001525878906,2907900,39.10260009765625,28.344574975967408,-2.1804179147344005,34.9464581226959
2023-12-04,37.369998931884766,37.93000030517578,36.95000076293945,37.56999969482422,3051100,39.09480010986328,28.45342496871948,-4.411842938527677,31.337436435043564
2023-12-05,37.06999969482422,37.380001068115234,36.61000061035156,36.97999954223633,2456500,39.07220008850098,28.56382496833801,-5.1243605149995375,29.77953665489479
2023-12-06,36.599998474121094,37.79999923706055,36.29999923706055,37.130001068115234,1929500,39.03240005493164,28.675824961662293,-6.231749975372624,27.633637473561446
2023-12-07,36.84000015258789,37.060001373291016,36.369998931884766,36.52000045776367,1932000,38.97800003051758,28.784174962043764,-5.485145149201487,27.986993551723938
2023-12-08,37.36000061035156,37.6150016784668,36.529998779296875,36.529998779296875,1631300,38.93040000915527,28.89852496623993,-4.0338640199802605,29.279956862838397
2023-12-11,36.7400016784668,37.90999984741211,36.58000183105469,37.27000045776367,3843100,38.86600006103516,29.011174974441527,-5.470072503549872,26.640860671221578
2023-12-12,36.2599983215332,36.75,35.790000915527344,36.560001373291016,4006800,38.774800033569335,29.125424966812133,-6.485660041725394,24.496031775848003
2023-12-13,37.93000030517578,38.029998779296875,36.33000183105469,36.369998931884766,3158300,38.75080001831055,29.247574968338014,-2.1181490775594947,29.685966601459903
2023-12-14,38.689998626708984,39.59000015258789,38.13999938964844,38.25,4068300,38.717999954223636,29.37412496089935,-0.07232121377074296,31.714557210504935
2023-12-15,39.95000076293945,40.2400016784668,38.720001220703125,38.790000915527344,4500300,38.72299995422363,29.505374965667723,3.1686615452478417,35.39906138940798
2023-12-18,40.869998931884766,41.04999923706055,39.91999816894531,40.56999969482422,2922500,38.73279991149902,29.639974961280824,5.517801515173315,37.88810208265663
2023-12-19,43.59000015258789,44.40999984741211,41.2599983215332,41.459999084472656,3942400,38.78759994506836,29.789874963760376,12.381277042974492,46.32488456435442
2023-12-20,43.099998474121094,44.56999969482422,43.029998779296875,43.61000061035156,2132600,38.83899993896485,29.938174958229066,10.970927526075268,43.96334624357006
2023-12-21,43.0,44.11000061035156,42.32099914550781,43.91999816894531,1590100,38.893399963378904,30.0867249584198,10.558603877490192,42.92017512516399
2023-12-22,41.209999084472656,42.47999954223633,41.13999938964844,42.380001068115234,1898100,38.92379997253418,30.228874955177307,5.873524973285482,36.32660542470705
2023-12-26,40.400001525878906,41.38999938964844,40.310001373291016,41.15999984741211,2617200,38.961399993896485,30.369324960708617,3.692376383312168,33.028974394879796
2023-12-27,40.650001525878906,40.689998626708984,39.880001068115234,40.5,2234100,38.996600036621096,30.510524969100953,4.239860622990532,33.23271745421144
2023-12-28,40.7599983215332,40.93000030517578,40.349998474121094,40.349998474121094,1130700,39.01900001525879,30.6504749584198,4.461924461399769,32.983251896839796
2023-12-29,39.849998474121094,40.75,39.275001525878906,40.70000076293945,2260500,39.03699996948242,30.781774950027465,2.0826357180988353,29.459716143124925
2024-01-02,38.779998779296875,39.40999984741211,38.29999923706055,39.40999984741211,2371600,39.04179992675781,30.90687494277954,-0.6705662852431793,25.473697522293982
2024-01-03,38.209999084472656,38.43000030517578,37.58000183105469,37.939998626708984,1942300,39.05439987182617,31.030324935913086,-2.1621143587528646,23.13760543399963
2024-01-04,38.119998931884766,38.41999816894531,37.400001525878906,38.040000915527344,2131400,39.0639998626709,31.15292492866516,-2.4165495958036964,22.364108728708487
2024-01-05,38.11000061035156,38.689998626708984,37.68000030517578,37.790000915527344,1955600,39.05679985046387,31.27227493286133,-2.424159797365122,21.86513674547246
2024-01-08,39.290000915527344,39.310001373291016,37.95000076293945,38.33000183105469,1428600,39.11959983825684,31.399674935340883,0.43559003153161857,25.12868683014855
2024-01-09,39.13999938964844,39.310001373291016,38.599998474121094,38.7599983215332,1726900,39.17499984741211,31.524424934387206,-0.08934386190172505,24.15769509233481
2024-01-10,40.529998779296875,41.2599983215332,39.150001525878906,39.38999938964844,2951400,39.26119979858399,31.656224927902223,3.2316867218068257,28.031686884980367
2024-01-11,41.41999816894531,41.45000076293945,39.90999984741211,40.9900016784668,2108600,39.354999771118166,31.792574920654296,5.247105602431246,30.281986508857717
2024-01-12,41.709999084472656,42.029998779296875,41.209999084472656,41.45000076293945,2122000,39.460399780273434,31.931274914741515,5.700903479755959,30.624283545962207
2024-01-16,40.720001220703125,41.41999816894531,40.38999938964844,41.369998931884766,2131300,39.54079978942871,32.05997492313385,2.9822397057069017,27.01195593050938
2024-01-17,41.18000030517578,41.220001220703125,39.43000030517578,40.56999969482422,2661200,39.6171997833252,32.19087492465973,3.9447526084576134,27.92445188754393
2024-01-18,43.09000015258789,43.119998931884766,40.97999954223633,42.0099983215332,2826600,39.69359977722168,32.32757492542267,8.556544113983966,33.29178032064992
2024-01-19,41.13999938964844,43.70000076293945,41.099998474121094,43.400001525878906,3288200,39.72799980163574,32.45412492275238,3.5541673254704476,26.763545427800818
2024-01-22,43.35499954223633,44.018001556396484,42.275001525878906,42.439998626708984,8093000,39.7772998046875,32.58889992237091,8.994325293863259,33.03609402437957
2024-01-23,44.72999954223633,44.88999938964844,43.400001525878906,44.04999923706055,5229600,39.86949981689453,32.73404992103577,12.191022580328891,36.6467016765061
2024-01-24,43.310001373291016,45.599998474121094,42.88999938964844,45.41999816894531,3867500,39.94209983825684,32.87199992656708,8.43195913252508,31.75347246909661
2024-01-25,44.06999969482422,44.56999969482422,43.25,43.91999816894531,1895100,39.947699813842775,33.013049926757816,10.319242159602338,33.49266363634127
2024-01-26,44.29999923706055,44.58000183105469,43.895999908447266,44.13999938964844,2173500,40.00549980163574,33.15474992275238,10.734772610562926,33.615844909931766
2024-01-29,46.56999969482422,46.59000015258789,44.150001525878906,44.54999923706055,4791600,40.08089981079102,33.30679992198944,16.19000550054053,39.82129716424154
2024-01-30,42.470001220703125,47.040000915527344,42.11000061035156,46.41999816894531,5727700,40.12129981994629,33.4373499250412,5.854001269393527,27.013657828479353
2024-01-31,41.130001068115234,42.44499969482422,41.040000915527344,41.79999923706055,2907100,40.165299835205076,33.560649933815,2.4018275398621336,22.554244775437194
2024-02-01,40.959999084472656,41.97999954223633,40.900001525878906,41.540000915527344,2847200,40.202499847412106,33.68374992847443,1.884209290306882,21.601660062935224
2024-02-02,45.86000061035156,45.88999938964844,40.709999084472656,41.0,6023700,40.32969985961914,33.83004992961884,13.712724790867426,35.55995544127257
2024-02-05,45.47999954223633,46.09000015258789,44.0099983215332,45.599998474121094,2839600,40.463899841308596,33.9735999250412,12.396481111805535,33.86864990045994
2024-02-06,46.040000915527344,46.5,45.08399963378906,46.11000061035156,2400200,40.59989982604981,34.121349930763245,13.399296827789332,34.93018596552781
2024-02-07,47.689998626708984,47.83000183105469,45.71500015258789,46.5,4285800,40.76389976501465,34.27764992237091,16.990766098484556,39.12855383818088
2024-02-08,46.54999923706055,48.77000045776367,46.52000045776367,47.801998138427734,3383900,40.90709976196289,34.43109992027283,13.794425681442846,35.197537531039444
2024-02-09,46.349998474121094,47.15999984741211,45.279998779296875,47.08000183105469,2741500,41.06609970092774,34.585649914741516,12.86681426206635,34.01511490569167
2024-02-12,47.060001373291016,48.369998931884766,46.47999954223633,46.68000030517578,3593300,41.22669975280762,34.74124992370606,14.149329573939863,35.45857295473738
2024-02-13,45.83000183105469,46.790000915527344,45.124000549316406,45.33000183105469,3452200,41.39369979858398,34.8852499294281,10.717336343591267,31.373580306196814
2024-02-14,46.869998931884766,47.29999923706055,45.59000015258789,46.279998779296875,6882500,41.56609977722168,35.03459992408752,12.760155951821183,33.78202986031529
2024-02-15,58.5,59.13999938964844,52.75,54.685001373291016,16102500,41.98869979858399,35.24274991989136,39.32319952896668,65.99158729944061
2024-02-16,59.869998931884766,60.650001525878906,57.119998931884766,58.52000045776367,6179900,42.4446997833252,35.46079991340637,41.05412274680587,68.83431585887665
2024-02-20,57.33000183105469,59.150001525878906,55.380001068115234,59.130001068115234,6228000,42.85929985046387,35.66519991874695,33.76327198782787,60.744933329028996
2024-02-21,55.41999816894531,57.58000183105469,54.5,55.209999084472656,4180600,43.230899810791016,35.859199905395506,28.195338083413503,54.54889767522844
2024-02-22,57.79999923706055,58.34000015258789,56.45000076293945,57.7599983215332,4505000,43.6396997833252,36.06239990234375,32.448205473553735,60.277739123246874
2024-02-23,57.38999938964844,59.06800079345703,57.09000015258789,58.06999969482422,3099000,44.05269973754883,36.26124989509582,30.275782713792253,58.26812246041797
2024-02-26,58.9900016784668,60.900001525878906,57.720001220703125,57.81999969482422,4403100,44.5072998046875,36.46954990386963,32.54005957974109,61.75138391880077
2024-02-27,60.630001068115234,61.349998474121094,59.68000030517578,59.90999984741211,4166100,44.96129981994629,36.683649911880494,34.8493066502001,65.27799500256215
2024-02-28,58.0099983215332,60.400001525878906,57.96500015258789,59.79999923706055,2882700,45.34769981384277,36.86369990348816,27.922691910880904,57.36347266662756
2024-02-29,59.720001220703125,60.060001373291016,57.400001525878906,58.5,15796600,45.74309982299805,37.05474990844726,30.55521259334939,61.166925612116806
2024-03-01,62.2599983215332,62.34000015258789,59.84000015258789,60.72999954223633,6075800,46.17089981079101,37.2528999042511,34.84683767627561,67.12792421947378
2024-03-04,61.869998931884766,63.487998962402344,61.599998474121094,62.5,4657800,46.53649978637695,37.447849903106686,32.94940362058887,65.21642522058926
2024-03-05,60.959999084472656,61.689998626708984,60.02000045776367,60.75,3761500,46.89369979858398,37.63074990272522,29.996138812475248,61.99517480266299
2024-03-06,62.619998931884766,63.84000015258789,61.119998931884766,62.529998779296875,4374100,47.28609977722168,37.818449897766115,32.42792115844924,65.58055420347529
2024-03-07,63.189998626708984,63.380001068115234,62.310001373291016,63.0,4283500,47.725699768066406,38.00879988670349,32.40245598030989,66.25097034125132
2024-03-08,63.41999816894531,65.66999816894531,62.540000915527344,64.04000091552734,3862400,48.186099700927734,38.20044987678528,31.614715784361923,66.0189824295398
2024-03-11,60.029998779296875,62.95000076293945,59.29999923706055,62.79999923706055,4416800,48.57369964599609,38.37654987335205,23.58539542343696,56.42364667330497
2024-03-12,61.11000061035156,61.349998474121094,59.91999816894531,61.150001525878906,3947500,48.98069969177246,38.55994987487793,24.763429258681093,58.48049805211273
2024-03-13,63.09000015258789,63.209999084472656,60.79999923706055,60.9900016784668,3591800,49.4454997253418,38.755149879455566,27.59502988752891,62.7912686412611
2024-03-14,63.189998626708984,64.30999755859375,62.5,63.43000030517578,3870900,49.93369972229004,38.95084987640381,26.547800339539897,62.23008952877586
2024-03-15,63.130001068115234,63.90700149536133,62.13999938964844,62.58000183105469,4651300,50.43209976196289,39.1453498840332,25.178212618720686,61.270754393908256
2024-03-18,68.1500015258789,68.81999969482422,63.59000015258789,63.75,7559300,51.032699813842775,39.36104989051819,33.5418305801509,73.14071071639728
2024-03-19,67.63999938964844,68.00499725341797,63.73400115966797,66.98999786376953,5961700,51.623299789428714,39.5750998878479,31.026105780823364,70.91554937658735
2024-03-20,70.5199966430664,71.06999969482422,67.27999877929688,68.18000030517578,3855300,52.24789970397949,39.80364987373352,34.971926225955464,77.16967380321232
2024-03-21,71.91000366210938,73.4800033569336,71.02999877929688,71.5199966430664,3400800,52.90329978942871,40.03519989013672,35.92725585801482,79.6169467354789
2024-03-22,71.2300033569336,72.30500030517578,70.26000213623047,72.0,6505100,53.51729988098145,40.27484991073609,33.097154593643374,76.85976115318998
2024-03-25,72.5999984741211,73.25,70.38999938964844,70.61000061035156,2618000,54.14089988708496,40.53017490386963,34.09455444134473,79.12579614155474
2024-03-26,71.08999633789062,74.55000305175781,70.56999969482422,72.80000305175781,5233200,54.72849983215332,40.773174886703494,29.8957518585679,74.35482160863987
2024-03-27,68.86000061035156,71.59500122070312,66.29000091552734,71.25,4049600,55.29129981994629,41.004174890518186,24.540390322873872,67.93412084064339
2024-03-28,69.22000122070312,70.03500366210938,68.54000091552734,68.8499984741211,2602100,55.852099838256834,41.238374900817874,23.934465169901674,67.85336809994007
2024-04-01,69.13999938964844,69.43000030517578,67.80000305175781,69.04000091552734,1735800,56.37309982299805,41.47147489547729,22.647148385907954,66.71700141821712
2024-04-02,69.72000122070312,69.76000213623047,67.19999694824219,67.4000015258789,3216500,56.94469985961914,41.70757490158081,22.434574934239414,67.16388182536257
2024-04-03,72.86000061035156,73.67900085449219,69.51000213623047,69.76000213623047,7316600,57.534799880981446,41.95582490921021,26.636402248851777,73.65884419628519
2024-04-04,72.77999877929688,75.83000183105469,72.48999786376953,73.0999984741211,4692300,58.095799865722654,42.19987490653992,25.275835684359183,72.46496332153298
2024-04-05,74.79499816894531,75.8499984741211,70.83000183105469,71.94999694824219,4151400,58.72549980163574,42.45594989776611,27.363749004417958,76.17082729052488
2024-04-08,78.05000305175781,78.29000091552734,75.05000305175781,77.18000030517578,3907400,59.405099868774414,42.729449911117555,31.386031206360897,82.66091235462028
2024-04-09,76.5199966430664,79.55000305175781,75.33499908447266,78.30000305175781,4196500,60.04949981689453,42.99354989051819,27.428199862437495,77.9801780451308
2024-04-10,76.33999633789062,77.52999877929688,74.31999969482422,74.70999908447266,2924200,60.64489974975586,43.2582998752594,25.880324071601677,76.47479572250032
2024-04-11,78.23999786376953,78.875,75.22000122070312,77.20999908447266,2777200,61.36029968261719,43.52854986190796,27.509152120282444,79.74409465048069
2024-04-12,75.56999969482422,78.04000091552734,74.48999786376953,77.5,2563800,62.049099655151366,43.77619985580444,21.790646624717525,72.62804890270557
2024-04-15,71.43000030517578,75.09500122070312,71.27999877929688,74.33999633789062,4107200,62.65849967956543,44.00479986190796,13.998899862696469,62.32320230822819
2024-04-16,72.31999969482422,73.29000091552734,70.4530029296875,70.80999755859375,2812100,63.18769966125488,44.238549861907956,14.452654682045708,63.47732898246756
2024-04-17,70.9000015258789,73.18800354003906,70.36000061035156,72.75,2394700,63.69609970092773,44.464399871826174,11.309800535316361,59.45340931229577
2024-04-18,68.86000061035156,71.83000183105469,68.30999755859375,71.47000122070312,3701600,64.15249969482421,44.67909987449646,7.337985172707384,54.12127998052607
2024-04-19,66.80000305175781,69.18000030517578,66.20999908447266,68.16000366210938,2614700,64.5346997833252,44.88029989242554,3.5102096640076796,48.84036695804625
2024-04-22,67.8499984741211,68.25,65.69999694824219,67.30000305175781,2468600,64.9606997680664,45.091799888610836,4.447764134885479,50.470814298229996
2024-04-23,71.18499755859375,71.66999816894531,68.86000061035156,68.86000061035156,2526700,65.45739974975587,45.31777487754822,8.750115083603283,57.079639834348825
2024-04-24,69.69999694824219,72.9800033569336,68.45999908447266,71.80000305175781,3856500,65.91019966125488,45.5308748626709,5.749940534947484,53.08292923970734
2024-04-25,69.20999908447266,69.77999877929688,65.62000274658203,66.45999908447266,4564800,66.37779960632324,45.73647485733032,4.266787231494229,51.32342249892518
2024-04-26,73.81999969482422,74.58999633789062,69.97000122070312,70.08999633789062,5381300,66.91679962158203,45.96407485961914,10.316094183045422,60.6036886857422
2024-04-29,72.98999786376953,73.66500091552734,71.52999877929688,72.63999938964844,3820200,67.20659957885742,46.184074850082396,8.605402328273005,58.04148529704565
2024-04-30,70.56999969482422,73.27999877929688,70.51000213623047,72.36000061035156,3687000,67.42059959411621,46.396174850463865,4.671272755905376,52.103055741714165
2024-05-01,69.73999786376953,72.3550033569336,69.37000274658203,70.7300033569336,2646000,67.66879951477051,46.602574844360355,3.0607877838100706,49.648379079228434
2024-05-02,72.47000122070312,73.05000305175781,70.68000030517578,71.25499725341797,2397900,68.00979957580566,46.823374853134155,6.558174958192597,54.7731265591427
2024-05-03,75.06999969482422,75.27999877929688,72.5,73.0,2974600,68.35519958496094,47.055874853134156,9.82339331994375,59.53374563564018
2024-05-06,76.8499984741211,77.55999755859375,75.30000305175781,75.80000305175781,2831200,68.74439956665039,47.299974842071535,11.790922545787907,62.47365612923315
2024-05-07,77.08999633789062,78.27999877929688,75.31999969482422,76.4000015258789,3398300,69.10639945983887,47.54492482185364,11.552615879939477,62.141378131818655
2024-05-08,74.0,76.62999725341797,73.62000274658203,75.7300033569336,6353600,69.37379943847657,47.77417482376099,6.668512607019794,54.895401695552316
2024-05-09,84.69000244140625,88.5,80.66999816894531,83.27200317382812,15126900,69.90739952087402,48.054424839019774,21.145977424204165,76.23767785196485
2024-05-10,86.43000030517578,87.95999908447266,84.80999755859375,85.73999786376953,4971000,70.44159950256348,48.336874837875364,22.69738466405844,78.80758860614579
2024-05-13,86.37000274658203,87.12999725341797,83.51000213623047,87.05000305175781,5023700,70.92379959106445,48.618824853897095,21.77858947853608,77.64724467555482
2024-05-14,83.44000244140625,83.88999938964844,80.01000213623047,81.12000274658203,7763200,71.35519966125489,48.87972486495972,16.936120755770624,70.70473017580683
2024-05-15,84.05999755859375,84.38999938964844,82.52999877929688,84.0999984741211,5308100,71.8171996307373,49.143024854660034,17.047166961125292,71.05173685828312
2024-05-16,83.2300033569336,84.5,82.70999908447266,83.83999633789062,4621400,72.22939971923829,49.402024869918826,15.230091459233464,68.47488250954834
2024-05-17,82.48999786376953,83.91999816894531,81.91999816894531,83.25,3337200,72.61539970397949,49.65867486000061,13.598490402923291,66.11397323091701
2024-05-20,84.56999969482422,85.1500015258789,81.42500305175781,82.5,6473600,73.03839973449708,49.928574857711794,15.78840719709882,69.38196200439282
2024-05-21,84.0,84.93000030517578,83.0199966430664,84.54000091552734,4187100,73.51779975891114,50.19177485466003,14.258044004939507,67.35809849968089
2024-05-22,80.0,84.58999633789062,79.5,83.9000015258789,4840500,73.89559974670411,50.43787485122681,8.260844047846238,58.61096494642288
2024-05-23,79.26000213623047,81.78500366210938,77.9000015258789,81.51000213623047,3662300,74.21899978637695,50.68392486572266,6.792064517661145,56.38094789662531
2024-05-24,82.1500015258789,82.27999877929688,78.37999725341797,79.43000030517578,5051600,74.59819984436035,50.94762487411499,10.123302837433656,61.24402605393473
2024-05-28,83.2300033569336,85.33999633789062,82.55999755859375,83.83999633789062,6187200,75.00019989013671,51.17777488708496,10.97304204369085,62.62919507650815
2024-05-29,83.88999938964844,84.37999725341797,81.44999694824219,82.12999725341797,2998200,75.31499984741211,51.40277488708496,11.38551358907156,63.20130493718921
2024-05-30,82.5,84.2300033569336,82.08999633789062,83.51000213623047,3246000,75.61219985961914,51.616524887084964,9.109376731755825,59.832534601031284
2024-05-31,81.4800033569336,83.09500122070312,78.22000122070312,82.98999786376953,6736000,75.83139999389648,51.825774898529055,7.448897638038798,57.21907393852823
2024-06-03,82.69999694824219,83.41999816894531,79.06999969482422,83.05000305175781,3779300,76.04719985961914,52.04402488708496,8.748247273935018,58.90392245347784
2024-06-04,81.63999938964844,85.44999694824219,79.86000061035156,83.0,4193400,76.25539978027344,52.26312488555908,7.061269923035596,56.209563757268825
2024-06-05,83.66999816894531,84.5999984741211,81.83000183105469,82.19999694824219,4259500,76.47679977416992,52.490324878692626,9.405726201954522,59.40080074244203
2024-06-06,83.2300033569336,87.08000183105469,82.19999694824219,83.66999816894531,4691500,76.71959991455078,52.71142490386963,8.485971576538475,57.89746437080958
2024-06-07,81.91000366210938,83.33999633789062,80.80400085449219,82.4000015258789,3008800,76.98059997558593,52.923574924468994,6.403436304844057,54.77035287016982
2024-06-10,80.37999725341797,83.0,79.08000183105469,81.18000030517578,3835100,77.20379989624024,53.1245749092102,4.114042782151195,51.30473493818488
2024-06-11,77.3499984741211,79.6500015258789,72.1500015258789,79.6500015258789,9550300,77.36799987792969,53.314774894714354,-0.02326724723011875,45.081731334083905
2024-06-12,76.54000091552734,79.3499984741211,73.62999725341797,79.1500015258789,6165500,77.50439987182617,53.498674907684325,-1.2443151071341862,43.06896581569997
2024-06-13,75.6500015258789,77.2300033569336,74.37999725341797,76.54000091552734,3139200,77.56019989013672,53.67367490768433,-2.462859001090234,40.944330076136225
2024-06-14,77.5199966430664,77.66999816894531,74.9000015258789,75.41000366210938,2846300,77.65499984741211,53.85517488479614,-0.1738499834022078,43.941593001773136
2024-06-17,78.45999908447266,79.4489974975586,76.73999786376953,77.66999816894531,3794600,77.72829986572266,54.032574882507326,0.9413549762622209,45.20869911360368
2024-06-18,80.83999633789062,81.0999984741211,78.45999908447266,78.52999877929688,4370300,77.78409973144531,54.22067485809326,3.928690589716921,49.094411955339254
2024-06-20,77.18000030517578,82.66000366210938,76.33999633789062,81.5999984741211,4373400,77.7972998046875,54.390624866485595,-0.7934716257009811,41.89945508924009
2024-06-21,78.58000183105469,78.72000122070312,75.12999725341797,77.0,4130800,77.84209991455079,54.57082487106323,0.9479470843077431,43.996360723369946
2024-06-24,78.05000305175781,78.33999633789062,76.37899780273438,77.73999786376953,3496400,77.83830001831055,54.74992488861084,0.2719779766483299,42.557278773534705
2024-06-25,81.20999908447266,81.76000213623047,78.44000244140625,78.44000244140625,3999300,77.95110000610352,54.94357488632202,4.180696716420895,47.80617979899513
2024-06-26,80.4800033569336,82.25,79.88500213623047,80.72000122070312,2896400,78.13210006713867,55.13537490844727,3.00504311003722,45.967998749571
2024-06-27,83.12000274658203,83.55999755859375,80.0199966430664,80.58000183105469,3319300,78.34810012817383,55.33897491455078,6.0906424158359895,50.201558440372416
2024-06-28,83.22000122070312,84.3499984741211,82.30000305175781,83.5,10782600,78.59450012207031,55.5465749168396,5.88527325887771,49.820220860231636
2024-07-01,84.81999969482422,85.26000213623047,82.41999816894531,85.12000274658203,3347400,78.91370010375977,55.76662490844726,7.484504697281391,52.0981408397482
2024-07-02,83.68000030517578,85.38999938964844,82.62999725341797,84.20999908447266,3466500,79.25130004882813,55.97202491760254,5.588173637049554,49.50325707951904
2024-07-03,86.95999908447266,87.0,83.69999694824219,83.7699966430664,2986800,79.63350006103515,56.19272491455078,9.200272520763386,54.75312723614667
2024-07-05,86.80000305175781,91.91000366210938,85.31999969482422,87.51000213623047,5769600,79.94580017089844,56.4066749382019,8.573562171130057,53.88250264149459
2024-07-08,85.18000030517578,87.91999816894531,83.12000274658203,87.31999969482422,2932300,80.25540023803711,56.6339249420166,6.136160373672461,50.40455061588165
2024-07-09,84.70999908447266,86.20500183105469,84.04000091552734,85.6500015258789,1996300,80.56540023803711,56.86082492828369,5.144390562437451,48.97778776743746
2024-07-10,84.36000061035156,85.27999877929688,82.06999969482422,85.0,2349700,80.77620025634765,57.090424938201906,4.436703314380375,47.76558538786124
2024-07-11,82.01000213623047,85.05999755859375,80.87100219726562,85.0,2383300,80.95660034179687,57.31167495727539,1.3011932195598153,43.09475721546639
2024-07-12,84.86000061035156,85.23999786376953,81.83000183105469,82.22000122070312,1952400,81.24240036010742,57.54497495651245,4.452847569999285,47.46726482109249
2024-07-15,87.93000030517578,88.45999908447266,84.69999694824219,85.7300033569336,3154300,81.60620040893555,57.79167495727539,7.749165951301662,52.1499426520883
2024-07-16,86.52999877929688,89.26000213623047,86.19000244140625,88.62000274658203,2014000,81.88740036010742,58.02652494430542,5.6694905428346765,49.12145585548926
2024-07-17,80.19000244140625,84.36000061035156,79.13999938964844,84.05999755859375,4584300,81.98980041503906,58.22877494812012,-2.1951486215627813,37.71542079127175
2024-07-18,80.93000030517578,82.25900268554688,78.80000305175781,81.98999786376953,2763500,82.07140045166015,58.43362495422363,-1.3907404287034852,38.49902409541699
2024-07-19,81.80000305175781,82.33799743652344,79.9000015258789,80.38999938964844,1654500,82.1656005859375,58.6385249710083,-0.4449520621434555,39.498739254101054
2024-07-22,83.23999786376953,83.87999725341797,81.91000366210938,83.25,1802300,82.35040054321288,58.859074954986575,1.0802586443885431,41.422538372253825
2024-07-23,83.80999755859375,85.27999877929688,82.75,83.5199966430664,1425200,82.33280044555664,59.07647493362427,1.7941781465503848,41.86695745262219
2024-07-24,78.68000030517578,82.8550033569336,78.55000305175781,81.48999786376953,2194700,82.17780044555664,59.27137493133545,-4.256380824768091,32.74536046502175
2024-07-25,76.16999816894531,78.20500183105469,73.08499908447266,77.77999877929688,4132000,81.97380035400391,59.4503249168396,-7.080069680794199,28.123771023108034
2024-07-26,77.52999877929688,78.81999969482422,76.56500244140625,78.81999969482422,1790400,81.85560028076172,59.63372491836548,-5.284429515669286,30.010323664051143
2024-07-29,76.8499984741211,79.0999984741211,76.30000305175781,78.22000122070312,2339500,81.71140029907227,59.8153249168396,-5.949478049767764,28.47877794020941
2024-07-30,74.83000183105469,78.38999938964844,74.12000274658203,76.98999786376953,3080500,81.54340026855469,59.988074932098385,-8.232914515938905,24.741462225210853
2024-07-31,77.0999984741211,78.05000305175781,76.41000366210938,77.62999725341797,2799900,81.43560028076172,60.175124931335446,-5.323963710825453,28.12602975415217
2024-08-01,75.08999633789062,81.62999725341797,74.61000061035156,78.88999938964844,3166100,81.24600021362305,60.35797491073608,-7.576993156027645,24.40774636482064
2024-08-02,68.72000122070312,71.55000305175781,68.08000183105469,70.5250015258789,4368000,80.94040023803711,60.50712491989136,-15.098021484197133,13.573403647397274
2024-08-05,67.13999938964844,68.72000122070312,60.66999816894531,62.09000015258789,3561700,80.68320022583008,60.644624919891356,-16.78565153374505,10.71055263073546
2024-08-06,69.0,70.5,67.31999969482422,68.98999786376953,4259000,80.47800018310546,60.79487491607666,-14.262283054984525,13.496409187863257
2024-08-07,67.19000244140625,73.0,66.97000122070312,72.0,7312900,80.17880020141601,60.938124923706056,-16.19979062717425,10.259386099469726
2024-08-08,76.7300033569336,76.86000061035156,66.16000366210938,70.05000305175781,9465900,80.04880020141601,61.13387493133545,-4.145967005291496,25.511434443040713
2024-08-09,77.37999725341797,78.1500015258789,72.80999755859375,76.5,4907300,79.9186001586914,61.332574920654295,-3.176485699490017,26.164599078913863
2024-08-12,74.76000213623047,78.19000244140625,74.12000274658203,77.58999633789062,4957300,79.76380020141602,61.514024925231936,-6.273269393572245,21.53326371847484
2024-08-13,79.79000091552734,80.16999816894531,75.88999938964844,76.33999633789062,3919500,79.73000015258789,61.73222492218017,0.07525493894973145,29.251782219271803
2024-08-14,84.63999938964844,85.5999984741211,80.13999938964844,80.13999938964844,6277900,79.76880020141601,61.97357492446899,6.106647180266789,36.5743375185382
2024-08-15,85.58000183105469,86.94000244140625,84.19000244140625,86.01000213623047,3521100,79.84760025024414,62.22037492752075,7.1791782881953425,37.54337213612919
2024-08-16,86.3499984741211,87.0199966430664,83.61000061035156,84.43000030517578,2782200,79.90120025634765,62.46847492218018,8.070965388609586,38.22972080187841
2024-08-19,85.81500244140625,86.30500030517578,84.16999816894531,86.0,1873300,79.9529002380371,62.71534994125366,7.331944414669644,36.832533856209615
2024-08-20,86.58000183105469,88.7040023803711,85.0,85.6500015258789,2363900,80.04630020141602,62.96474994659424,8.162403025746713,37.50551205951036
2024-08-21,90.88999938964844,91.0999984741211,86.29000091552734,86.58999633789062,3545900,80.25650024414062,63.23239994049072,13.249393025064204,43.739601019709575
2024-08-22,89.0,92.5,88.69999694824219,91.4000015258789,3145700,80.4895002746582,63.481049938201906,10.573428455017142,40.19931946091078
2024-08-23,90.19999694824219,91.30000305175781,88.31999969482422,90.11000061035156,1910200,80.7627001953125,63.73494993209839,11.685216975295521,41.52360211208921
2024-08-26,89.88999938964844,92.33000183105469,89.56999969482422,89.98999786376953,2055200,81.04750015258789,63.979949932098386,10.91026770771808,40.49713931481389
2024-08-27,90.30000305175781,90.88999938964844,87.62999725341797,88.98999786376953,1876100,81.30310028076173,64.23084995269775,11.065879086931908,40.58665441646569
2024-08-28,88.0,89.80000305175781,87.11000061035156,88.9000015258789,3219400,81.49390029907227,64.47244995117188,7.983541930194993,36.49240887642191
2024-08-29,91.61000061035156,93.69000244140625,88.29000091552734,88.29000091552734,4595100,81.70930038452148,64.711549949646,12.116980783384124,41.56669200727854
2024-08-30,92.87000274658203,93.69999694824219,90.69499969482422,92.0,4581600,82.02310043334961,64.96884996414184,13.22420422530406,42.945431230258244
2024-09-03,88.12999725341797,92.80999755859375,87.77999877929688,92.62000274658203,3302500,82.21410034179688,65.19549995422364,7.195720547967244,35.178037311313744
2024-09-04,87.87999725341797,89.8550033569336,85.41300201416016,87.37000274658203,2575400,82.41070022583008,65.43264993667603,6.636634578519973,34.30603427870624
2024-09-05,88.19000244140625,89.41999816894531,86.55999755859375,86.55999755859375,2019200,82.55030029296876,65.67894994735718,6.831837229449622,34.27437940480485
2024-09-06,84.56999969482422,88.56500244140625,82.51000213623047,88.19000244140625,4251000,82.63210021972657,65.90629995346069,2.3452138696034464,28.31853670217077
2024-09-09,86.30999755859375,88.19999694824219,84.7300033569336,85.88999938964844,3564600,82.6959001159668,66.14034994125366,4.370346580131312,30.495223619552835
2024-09-10,86.2300033569336,88.27999877929688,85.2300033569336,87.9000015258789,2828300,82.75610015869141,66.37764995574952,4.197760879960155,29.90818960059387
2024-09-11,97.56999969482422,98.0999984741211,87.12000274658203,87.55000305175781,7894700,83.0111001586914,66.6692999458313,17.538497271209174,46.349218867004296
2024-09-12,105.61000061035156,106.44999694824219,97.3499984741211,97.3499984741211,9795800,83.44970016479492,66.99989994049072,26.55527869098977,57.62710198694971
2024-09-13,112.58000183105469,112.87999725341797,105.94000244140625,106.8499984741211,8598400,83.96210021972657,67.36584995269776,34.084308916089334,67.11731821108904
2024-09-16,116.25,116.97000122070312,110.9000015258789,111.4000015258789,6967200,84.55110015869141,67.75509994506837,37.49081890337782,71.57380048770985
2024-09-17,123.63999938964844,124.76499938964844,117.26000213623047,118.16000366210938,9429300,85.32030014038087,68.17814994812012,44.91275720575134,81.34842245460132
2024-09-18,123.16000366210938,125.75,120.63999938964844,123.30000305175781,7244700,86.08930023193359,68.60654996871948,43.06075590149232,79.51639270341249
2024-09-19,124.0,128.19000244140625,122.41300201416016,126.5,6986000,86.88210021972657,69.03529996871949,42.722148390061385,79.61825335181496
2024-09-20,126.08999633789062,126.68000030517578,123.51000213623047,124.0,9910700,87.76370010375976,69.47889995574951,43.66987283902013,81.47955194770817
2024-09-23,126.12000274658203,127.41699981689453,124.58999633789062,125.76000213623047,3910300,88.58890014648438,69.9241499710083,42.36546851585115,80.36687296001945
2024-09-24,129.0800018310547,130.38999938964844,125.88999938964844,126.51000213623047,4925200,89.41190017700195,70.38654998779298,44.365572787878136,83.38731171429885
2024-09-25,130.7100067138672,131.41400146484375,128.1300048828125,129.33999633789062,4530400,90.29550033569336,70.85590002059936,44.75805131808785,84.4730032020861
2024-09-26,128.1300048828125,133.0500030517578,125.62000274658203,133.0500030517578,4494900,91.25430038452149,71.30975004196166,40.40982654286598,79.68090591737511
2024-09-27,127.75,128.9499969482422,126.66000366210938,128.9499969482422,2327100,92.19070037841797,71.76480003356933,38.57146054387339,78.01206154025726
2024-09-30,130.5500030517578,131.14700317382812,126.52999877929688,127.51000213623047,3814900,93.16570037841797,72.23625005722046,40.12668022833863,80.726439908419
2024-10-01,130.64999389648438,131.66799926757812,128.00999450683594,130.7899932861328,2555900,94.11390029907227,72.699850025177,38.82114489072159,79.71150401443525
2024-10-02,131.36000061035156,132.02999877929688,128.5,129.85000610351562,2637200,95.06490036010742,73.16320003509522,38.17928605905829,79.5438151247352
2024-10-03,135.25,135.2519989013672,130.5399932861328,130.8800048828125,3160900,96.19630035400391,73.63970003128051,40.597922687543964,83.66451783827038
2024-10-04,139.66000366210938,140.02000427246094,135.5,137.5,3961200,97.46610046386719,74.13365005493164,43.290849841565574,88.38948784880274
2024-10-07,139.9499969482422,142.27000427246094,137.1999969482422,138.85000610351562,3848900,98.7145004272461,74.61545003890991,41.77248159340805,87.5616871241306
2024-10-08,143.50999450683594,143.9499969482422,139.89999389648438,141.3699951171875,2616000,100.04770034790039,75.11750001907349,43.441572377777945,91.04735177607952
2024-10-09,143.39999389648438,144.49000549316406,140.14999389648438,142.9600067138672,4041800,101.41910018920899,75.6194999885559,41.393478771705915,89.63361820454543
2024-10-10,144.83999633789062,145.67999267578125,141.10400390625,141.58999633789062,3846400,102.77390014648438,76.13764997482299,40.93071891934541,90.23439308382378
2024-10-11,147.0,147.60000610351562,144.656005859375,144.83999633789062,4037700,104.21210021972657,76.6706499671936,41.058475637720626,91.72916893609151
2024-10-14,145.3000030517578,148.47999572753906,140.9199981689453,141.27000427246094,5361000,105.74370025634765,77.193899974823,37.407715731070844,88.2273121310723
2024-10-15,143.80999755859375,146.77000427246094,143.30999755859375,144.6300048828125,4586200,107.27710021972656,77.7091499710083,34.054702507841796,85.06185901177187
2024-10-16,144.85000610351562,145.10000610351562,139.39999389648438,144.1199951171875,4297500,108.79410034179688,78.23415000915527,33.14141635294783,85.14933195614024
2024-10-17,143.0,146.74000549316406,142.72000122070312,146.30999755859375,2598900,110.31030029296875,78.7552500152588,29.634313042582594,81.57519653901653
2024-10-18,145.22000122070312,146.02000427246094,141.35000610351562,144.14999389648438,2782700,111.68010025024414,79.29030002593994,30.03211932591874,83.14976885343374
2024-10-21,158.85000610351562,159.80999755859375,148.00999450683594,148.27000427246094,5796500,113.30950042724609,79.8939500617981,40.19125095826386,98.82607629319229
2024-10-22,158.9499969482422,163.07899475097656,157.9199981689453,161.27000427246094,3411500,114.99330032348632,80.49815004348756,38.225441396239425,97.45795010490622
2024-10-23,159.39999389648438,165.3800048828125,157.8800048828125,160.16000366210938,4049400,116.58550018310547,81.09870000839233,36.72368660436833,96.55061533660738
2024-10-24,159.0,162.72000122070312,158.0800018310547,160.55999755859375,2489100,118.0727001953125,81.6980000114441,34.662796511798845,94.61920729727484
2024-10-25,161.6300048828125,164.14999389648438,159.91000366210938,161.4600067138672,2193300,119.59370025634766,82.30350004196167,35.14926332771753,96.38290570924318
2024-10-28,166.18499755859375,166.74000549316406,162.1699981689453,163.30999755859375,2584900,121.19040023803711,82.92732503890991,37.12719591005569,100.39835781585734
2024-10-29,172.24000549316406,172.5500030517578,166.57000732421875,167.97999572753906,2874200,122.91890029907226,83.57997507095337,40.12491575672197,106.07807713144774
2024-10-30,171.64999389648438,174.4600067138672,170.8300018310547,173.22000122070312,2995100,124.62030014038086,84.23462503433228,37.738389093210365,103.77605269391701
2024-10-31,169.38999938964844,171.30999755859375,164.75999450683594,170.0,2772800,126.19030014038086,84.87567502975463,34.23377169339474,99.57425885598654
2024-11-01,163.52999877929688,171.17999267578125,163.02000427246094,171.13999938964844,3567900,127.6809001159668,85.47787502288818,28.077103647272207,91.31266276274286
2024-11-04,159.11000061035156,162.4499969482422,158.3300018310547,161.77999877929688,4037600,129.05910018920898,86.0677250289917,23.28460401249197,84.86604654271477
2024-11-05,165.17999267578125,167.42999267578125,160.52000427246094,161.7100067138672,4003600,130.56490005493163,86.67684999465942,26.51179038645628,90.5699072889229
2024-11-06,168.5500030517578,176.99000549316406,166.97000122070312,175.22999572753906,6099600,132.12990005493165,87.29595001220703,27.56386176155803,93.07883473195334
2024-11-07,246.52999877929688,257.42999267578125,228.10000610351562,230.0,18592800,135.30050003051758,88.31204999923706,82.20922962124384,179.15782589287267
2024-11-08,290.010009765625,292.8599853515625,243.25,249.08999633789062,15031900,139.26850021362304,89.54175004959106,108.2380504714135,223.8824454570167
2024-11-11,286.42999267578125,292.04998779296875,263.260009765625,291.1199951171875,10199300,143.13970001220704,90.75240001678466,100.10520676748263,215.61698932789218
2024-11-12,289.0299987792969,291.32000732421875,277.32000732421875,281.0,6234700,147.1577000427246,91.96470001220703,96.40834200003275,214.28363137261596
2024-11-13,283.9599914550781,291.4490051269531,278.19000244140625,290.0,4750300,151.0792999267578,93.1721499633789,87.9542674560578,204.7691735853342
2024-11-14,284.489990234375,302.54998779296875,283.0350036621094,284.57000732421875,7161900,155.0052996826172,94.38894990921021,83.53565382402127,201.40179598143328
2024-11-15,291.0899963378906,292.04998779296875,277.5,280.5,24367500,159.13569961547853,95.63959989547729,82.91935564505941,204.3613698259062
2024-11-18,298.0,302.3999938964844,287.239990234375,293.1000061035156,5365200,163.36949966430663,96.90029989242554,82.40858949334702,207.53258795981696
2024-11-19,321.19000244140625,323.5899963378906,293.6099853515625,295.2799987792969,5599000,168.0686996459961,98.27884990692138,91.10637680777577,226.814978752398
2024-11-20,325.2200012207031,342.5069885253906,319.5199890136719,327.6600036621094,7107500,172.62169967651369,99.67474990844727,88.40041653520541,226.2812312239785
2024-11-21,318.239990234375,329.19000244140625,307.70001220703125,325.6199951171875,8502500,176.87429946899414,101.0274998664856,79.9243819988455,215.00333142456242
2024-11-22,333.30999755859375,335.3900146484375,303.5,309.0,6876400,181.28889938354493,102.46129985809326,83.85571245232421,225.3033077076136
2024-11-25,319.5899963378906,344.7699890136719,317.8599853515625,344.0,8052300,185.35569931030273,103.82749984741211,72.41983792624967,207.80862180787295
2024-11-26,329.7699890136719,334.739990234375,320.3699951171875,324.4599914550781,4442200,189.4782991027832,105.24104978561401,74.04103297063422,213.34730096805816
2024-11-27,328.55999755859375,329.3599853515625,309.32000732421875,325.1549987792969,4854000,193.58629898071288,106.6546997642517,69.72275377366886,208.05955882379203
2024-11-29,336.75,343.75,331.8080139160156,332.5,2715200,197.84129898071288,108.10409976959228,70.21218609812556,211.5052997228896
2024-12-02,340.5899963378906,347.6000061035156,335.7850036621094,335.7850036621094,3805700,202.1312989807129,109.51454975128173,68.49938532794432,210.9997686256336
2024-12-03,366.54998779296875,372.57000732421875,338.0,338.0,7364800,206.9398986816406,111.04794969558716,77.12871714355802,230.08262538640528
2024-12-04,373.70001220703125,384.5,368.0,373.0,5787200,211.83229888916014,112.62979974746705,76.41314103972752,231.79497170812954
2024-12-05,379.07000732421875,397.4700012207031,370.3500061035156,373.70001220703125,6384100,216.7994989013672,114.24804979324341,74.84819348991043,231.7956043978239
2024-12-06,401.5,417.635009765625,378.0,382.8800048828125,9922600,222.26689880371094,115.96654979705811,80.6386835651016,246.22052712840596
2024-12-09,342.5400085449219,379.8999938964844,332.3500061035156,370.0,16231100,226.56269897460936,117.39229984283448,51.189939957110944,191.79086618416756
2024-12-10,321.05999755859375,360.4599914550781,319.552001953125,342.1099853515625,9028300,230.3728988647461,118.7026498222351,39.36535032581712,170.47416215173112
2024-12-11,338.2099914550781,339.1700134277344,313.92999267578125,327.6000061035156,7055400,234.52409881591797,120.09054977416992,44.21118902605612,181.62914741508095
2024-12-12,326.2099914550781,340.6300048828125,324.0,336.20001220703125,4055400,238.4210986328125,121.43154973983765,36.82094132007483,168.63693344437283
2024-12-13,324.4700012207031,337.625,321.0,326.0,4704100,242.20549865722657,122.75529973983765,33.964754317943346,164.32260106762885
2024-12-16,343.9599914550781,350.0,326.0,326.1600036621094,8308300,246.29149841308595,124.16379970550537,39.65564937129103,177.02115453207017
2024-12-17,337.8900146484375,342.4700012207031,320.4700012207031,340.5899963378906,6556400,250.25029876708984,125.54389978408814,35.020823676584186,169.14092618561688
2024-12-18,313.07000732421875,344.0899963378906,308.1300048828125,339.0199890136719,6826600,253.6414990234375,126.80444982528687,23.43012027984026,146.89197244700125
2024-12-19,318.739990234375,331.0,312.7099914550781,315.3999938964844,5507600,257.14829895019534,128.0850497817993,23.951817505939932,148.85026845628587
2024-12-20,340.989990234375,343.20001220703125,311.1199951171875,313.20001220703125,8922500,261.071298828125,129.47404973983765,30.61182587476383,163.36550908815545
2024-12-23,344.82000732421875,350.20001220703125,331.5400085449219,347.6050109863281,2481700,265.0276989746094,130.881049785614,30.107158103973774,163.46060632080915
2024-12-24,341.8299865722656,348.4800109863281,341.3110046386719,345.0,1312400,268.9582986450195,132.29004972457886,27.094047030474666,158.3943291909998
2024-12-26,346.7300109863281,350.2359924316406,336.3500061035156,341.3500061035156,1825300,273.0166989135742,133.71814977645874,26.999561699370076,159.29913894708284
2024-12-27,335.1700134277344,345.04998779296875,326.68499755859375,345.0,2506500,276.8230990600586,135.07854984283446,21.077328649881565,148.12970957839627
2024-12-30,335.3800048828125,341.239990234375,325.2099914550781,328.7300109863281,2291600,280.67069915771486,136.439499874115,19.49234668573483,145.80858563117621
2024-12-31,323.8299865722656,334.3500061035156,318.7200012207031,332.010009765625,2981700,284.2428988647461,137.74299980163573,13.927203763270303,135.09723691121476
2025-01-02,341.7799987792969,342.4079895019531,316.25,331.05999755859375,4883300,287.90149871826173,139.11114978790283,18.71421312528847,145.68842921677745
2025-01-03,350.6499938964844,352.1700134277344,336.7200012207031,341.4700012207031,4431800,291.7354986572266,140.526199760437,20.194489704003814,149.52641891281294
2025-01-06,354.92999267578125,362.45001220703125,346.0400085449219,358.8800048828125,3895700,295.6460986328125,141.94824974060057,20.05231738795863,150.04182392131523
2025-01-07,330.0050048828125,347.0,313.6099853515625,345.67999267578125,6622400,299.0661987304687,143.2387247467041,10.345136389093291,130.38811987915707
2025-01-08,329.20001220703125,340.5799865722656,317.3599853515625,332.6099853515625,3924200,302.41759887695315,144.5285747909546,8.856102763045627,127.77503527118044
2025-01-10,318.4800109863281,321.8399963378906,308.20001220703125,315.0,4238400,305.4634991455078,145.75797485351563,4.261233134967757,118.49920136884124
2025-01-13,315.67999267578125,317.7300109863281,307.0679931640625,310.0,3809100,308.33229888916014,146.9809248352051,2.3830438176905,114.7761643422243
2025-01-14,321.0899963378906,328.5,316.82000732421875,324.5199890136719,3227500,311.32109893798827,148.24207481384278,3.1378847862310266,116.59842304629385
2025-01-15,335.0299987792969,342.3599853515625,329.4049987792969,335.0,3825400,314.63389892578124,149.57112480163573,6.482486446359315,123.99376833170206
2025-01-16,332.010009765625,343.17999267578125,331.6700134277344,333.7300109863281,2496200,318.0034991455078,150.88547485351563,4.404514622560263,120.04106762957187
2025-01-17,342.3399963378906,347.3900146484375,336.7699890136719,341.82000732421875,4175700,321.6680990600586,152.24857482910156,6.426467945760583,124.85596119514813
2025-01-21,338.3900146484375,354.9049987792969,337.1199951171875,349.0,4919800,325.1322994995117,153.576224899292,4.077637063230544,120.34010464206789
2025-01-22,361.7200012207031,371.77398681640625,343.17999267578125,345.0,4582100,328.9956994628906,155.02092491149904,9.94672629801463,133.33624246353062
2025-01-23,362.5199890136719,367.7850036621094,352.4599914550781,354.17999267578125,3120100,331.3154992675781,156.45954986572266,9.418360992792651,131.70205291066938
2025-01-24,363.1000061035156,368.8500061035156,360.6000061035156,364.29998779296875,2833400,332.7772991943359,157.88479988098143,9.11201184173076,129.9778106424633
2025-01-27,343.0199890136719,350.5799865722656,330.5400085449219,341.6600036621094,5825400,333.90909912109373,159.21729984283448,2.7285539437408524,115.44140577203072
2025-01-28,360.75,368.3800048828125,342.0799865722656,347.6300048828125,4522300,335.3434991455078,160.639349861145,7.576261630009462,124.57137700807964
2025-01-29,366.3399963378906,370.6390075683594,352.2200012207031,360.0,3346800,336.99109924316406,162.0798498535156,8.709101563999821,126.02439271074171
2025-01-30,365.510009765625,385.6600036621094,357.010009765625,377.989990234375,4018500,338.61149963378904,163.52954990386962,7.94376746239478,123.51312651474244
2025-01-31,369.5899963378906,379.0,364.5,371.0400085449219,3353300,340.1814996337891,165.0203498840332,8.644942989480686,123.96631481972808
2025-02-03,365.44000244140625,369.4800109863281,349.2200012207031,353.510009765625,3549600,341.53029968261717,166.48594989776612,7.000755944936143,119.50200762635626
2025-02-04,380.260009765625,390.67999267578125,370.75,373.7699890136719,5255600,342.7116998291016,168.03274993896486,10.956238131131046,126.30112874052722
2025-02-05,368.2699890136719,378.6499938964844,363.010009765625,377.3699951171875,3978500,343.57269958496096,169.52979988098144,7.188373656738589,117.23023873809568
2025-02-06,380.6300048828125,381.7900085449219,365.6000061035156,369.57000732421875,3014500,344.8204998779297,171.0989498901367,10.38496986622308,122.4619175788142
2025-02-07,375.7200012207031,393.6300048828125,374.5799865722656,385.8800048828125,3119700,345.6686999511719,172.63829990386964,8.693671505049828,117.63421061833652
2025-02-10,384.3999938964844,396.614990234375,373.20001220703125,387.20001220703125,4593700,346.96489990234375,174.20437488555908,10.789302896251773,120.66035606109784
2025-02-11,375.25,383.3399963378906,366.9599914550781,381.6000061035156,4253900,347.8745001220703,175.73212490081787,7.869360895473387,113.5352316554465
2025-02-12,380.32000732421875,390.2099914550781,372.00299072265625,375.92999267578125,9393000,348.9097003173828,177.2876749420166,9.002417238117433,114.52140282656735
2025-02-13,471.6700134277344,525.1500244140625,449.0,499.3399963378906,19398900,351.6081005859375,179.27692501068114,34.14651500967116,163.0957739818623
2025-02-14,510.1300048828125,516.989990234375,462.79998779296875,473.55999755859375,11344800,354.99890075683595,181.46262504577638,43.69903788300373,181.12125279468728
2025-02-18,496.0,519.7899780273438,487.989990234375,514.0999755859375,7330000,357.58790100097656,183.58977504730225,38.7071538526818,170.16755147295356
2025-02-19,494.1700134277344,507.0,481.1199951171875,502.739990234375,5052300,359.99730102539064,185.71192512512206,37.270477311962004,166.09492798849126
2025-02-20,450.010009765625,494.5400085449219,427.1300048828125,488.9100036621094,11209300,361.4161010742188,187.59962516784668,24.512994420581435,139.87788321165243
2025-02-21,415.30999755859375,456.760009765625,412.18499755859375,452.7699890136719,7658100,361.69230102539063,189.30082515716552,14.824118838360123,119.39154106369365
2025-02-24,410.45001220703125,426.489990234375,395.010009765625,411.8599853515625,8103500,363.0505010986328,190.96882522583007,13.05590020257843,114.93037500840977
2025-02-25,377.05999755859375,406.70001220703125,367.1199951171875,406.70001220703125,11330300,364.1705010986328,192.4686752319336,3.539412561170052,95.90720261581222
2025-02-26,331.0,343.1700134277344,288.9150085449219,328.4700012207031,31783300,364.02630126953125,193.75367523193358,-9.072504144440385,70.83546910982473
2025-02-27,320.489990234375,349.92401123046875,310.0,346.44000244140625,11883600,363.9119012451172,194.93267517089845,-11.931984324276012,64.41060481697069
2025-02-28,325.739990234375,331.55999755859375,306.1000061035156,313.0,9099600,363.93730102539064,196.12922512054445,-10.495574562814802,66.08437117628417
2025-03-03,337.3399963378906,359.70001220703125,332.0,350.239990234375,10950600,363.8049011230469,197.38407508850096,-7.274477255105816,70.90537632614877
2025-03-04,327.2300109863281,341.0,307.5660095214844,324.0,9225400,363.59170104980467,198.6030251312256,-10.000693073711197,64.76587442216106
2025-03-05,318.0,326.27398681640625,310.510009765625,323.0,8128700,363.6903009033203,199.7727251434326,-12.562969314781402,59.180889068656754
2025-03-06,259.6300048828125,306.5,258.5140075683594,305.760009765625,16179500,362.5081011962891,200.65472515106202,-28.379530270903008,29.39142334542644
2025-03-07,270.4800109863281,278.6000061035156,247.5,256.1449890136719,14654300,361.0979016113281,201.5946752166748,-25.095103078870174,34.17021590258527
2025-03-10,238.0800018310547,255.60000610351562,234.55999755859375,246.52999877929688,16713700,358.96310150146485,202.36222522735596,-33.67563383667635,17.65041700029215
2025-03-11,257.760009765625,261.45001220703125,236.0,239.8000030517578,12850800,357.28170196533205,203.23102527618408,-27.855244657719382,26.831033507476466
2025-03-12,272.5899963378906,292.42999267578125,261.010009765625,285.0,12741300,355.7989016723633,204.19397525787355,-23.386498649480213,33.495611706290916
2025-03-13,272.0,275.0,260.92999267578125,272.875,7266100,354.5355014038086,205.15767524719237,-23.279897521405722,32.58095251482549
2025-03-14,292.8900146484375,298.010009765625,282.3900146484375,284.17999267578125,10061800,353.6857015991211,206.2113753128052,-17.189184260434544,42.033878685959095
2025-03-17,306.8500061035156,314.79998779296875,293.510009765625,297.760009765625,8871500,353.3461019897461,207.32947532653807,-13.15879689188697,48.00114919513278
2025-03-18,278.8399963378906,302.0,275.7200012207031,299.5,8636600,352.087301940918,208.3042253112793,-20.803733960084315,33.86190122701842
2025-03-19,297.0299987792969,300.20001220703125,277.5,286.19500732421875,6935500,351.01490203857423,209.3768753051758,-15.379661360743246,41.863803414948705
2025-03-20,306.739990234375,315.4079895019531,292.4049987792969,293.82000732421875,8401500,350.0511019897461,210.50317523956298,-12.372796859996683,45.717512282315845
2025-03-21,314.0299987792969,315.2699890136719,296.1300048828125,301.04998779296875,9505700,349.7316018676758,211.65982524871825,-10.208286268018451,48.36542476130508
2025-03-24,339.7200012207031,342.3800048828125,323.5,328.0899963378906,9119900,349.9420016479492,212.95022525787354,-2.9210555975300423,59.53023802126383
2025-03-25,346.2900085449219,352.0,332.0400085449219,341.0,7757500,350.4982015991211,214.2633253097534,-1.2006318534587779,61.61889023438884
2025-03-26,327.6199951171875,343.20001220703125,322.1000061035156,340.5,8294500,350.7370016479492,215.4852752685547,-6.590980256473,52.03822846311967
2025-03-27,261.70001220703125,326.010009765625,252.50999450683594,322.04998779296875,20188900,349.54920196533203,216.3842253112793,-25.13213855570856,20.942278408032266
2025-03-28,272.3800048828125,286.9100036621094,264.07000732421875,286.80999755859375,15471800,348.2962020874023,217.34422534942627,-21.79644703261485,25.3219423911101
2025-03-31,264.9700012207031,268.3999938964844,244.0,255.92999267578125,10510400,346.9554019165039,218.28232536315917,-23.62995366059493,21.388665243449758
2025-04-01,282.70001220703125,284.79998779296875,257.0,264.2200012207031,7624200,345.7626022338867,219.3131254196167,-18.238696035783985,28.902459287894878
2025-04-02,290.3900146484375,299.7200012207031,272.8999938964844,273.3299865722656,7313600,344.8026022338867,220.38682548522948,-15.780793773864865,31.76378125556316
2025-04-03,261.9800109863281,268.0,249.0800018310547,264.5199890136719,8959500,342.8078024291992,221.3091255569458,-23.578165628118875,18.37741002637381
2025-04-04,219.3699951171875,245.97000122070312,208.50999450683594,243.3800048828125,16840300,339.9448025512695,222.01367553710938,-35.46893687715589,-1.1907736825337967
2025-04-07,232.22000122070312,253.61000061035156,200.5,203.77999877929688,13612300,337.32720245361327,222.77057556152343,-31.158827532553858,4.241774585966374
2025-04-08,235.27999877929688,261.60699462890625,227.1999969482422,255.0500030517578,11230600,335.17240264892575,223.56107555389406,-29.803290211294797,5.2419336399988525
2025-04-09,274.9599914550781,280.989990234375,218.28700256347656,234.30999755859375,13063800,333.4566024780273,224.54297550201417,-17.542495961465853,22.453169973518804
2025-04-10,263.8299865722656,278.4800109863281,250.50999450683594,270.0,10364800,331.40640228271485,225.4718754196167,-20.390799708450235,17.012370647674867
2025-04-11,249.9499969482422,263.0,239.0,258.2950134277344,8966900,329.0952020263672,226.31557540893556,-24.04933423240363,10.443126371925992
2025-04-14,236.07000732421875,262.0799865722656,234.38999938964844,258.94000244140625,7438400,326.42480224609375,227.09352542877198,-27.680125499089968,3.952768745167168
2025-04-15,245.47000122070312,248.17999267578125,230.52000427246094,235.60000610351562,6784600,324.0254022216797,227.9052754211426,-24.243593391864216,7.707029057183057
2025-04-16,229.80999755859375,241.9499969482422,224.39999389648438,234.52499389648438,7300800,321.0164019775391,228.63822540283203,-28.41175835785702,0.5125005469654997
2025-04-17,238.22000122070312,239.9499969482422,226.10000610351562,231.38999938964844,5286000,318.4154022216797,229.4052254104614,-25.185779469657945,3.8424477012107827
2025-04-21,228.1300048828125,238.4949951171875,222.02000427246094,233.52999877929688,5778200,315.3654022216797,230.12747543334962,-27.661689178430183,-0.8679843842095414
2025-04-22,237.7100067138672,243.55999755859375,227.0500030517578,232.0,6342300,312.60520233154296,230.88122547149658,-23.958397064116475,2.9577031343389404
2025-04-23,252.35000610351562,268.0,250.10000610351562,255.5050048828125,7302600,309.9642025756836,231.70897548675538,-18.587371055565804,8.908170507162815
2025-04-24,267.8800048828125,275.9200134277344,252.0,253.72500610351562,6773100,307.81680267333985,232.62247550964355,-12.974209803910197,15.156544652843461
2025-04-25,276.8299865722656,278.8800048828125,266.5050048828125,272.29998779296875,5770400,305.74700225830077,233.5830754470825,-9.457824761142064,18.51457390155844
2025-04-28,284.9800109863281,286.8280029296875,273.5,278.6400146484375,6313800,302.01320220947264,234.5861754989624,-5.639882991383438,21.48201418100557
2025-04-29,288.8800048828125,291.3900146484375,281.2699890136719,286.5,4797100,297.5882022094727,235.6205255126953,-2.9262575807795232,22.603921816330708
2025-04-30,269.30999755859375,273.80999755859375,246.0,247.91000366210938,9277900,293.05440216064454,236.54277549743654,-8.102387961752832,13.8525566854661
2025-05-01,279.489990234375,288.25,276.79998779296875,282.0,5912200,288.7608016967773,237.50057544708253,-3.2105505345346175,17.67971075785799
2025-05-02,307.5799865722656,309.3420104980469,286.8450012207031,291.989990234375,6998000,285.91220123291015,238.60582538604737,7.578475226282655,28.907157264338768
2025-05-05,301.8399963378906,306.7900085449219,295.4100036621094,299.19000244140625,4444600,283.6428012084961,239.7140753555298,6.415532159414261,25.916676311234266
2025-05-06,304.6199951171875,307.2699890136719,290.9599914550781,294.6449890136719,4539500,281.52620086669924,240.83252532958986,8.203071038998244,26.486235486798005
2025-05-07,303.4599914550781,304.5199890136719,292.8699951171875,300.54998779296875,11595900,280.05420074462893,241.94082527160646,8.357593154545139,25.427360642590724
2025-05-08,339.510009765625,357.6400146484375,335.1300048828125,344.0,14355300,280.2244009399414,243.22217533111572,21.15647624790171,39.58842745462077
2025-05-09,328.5400085449219,351.375,328.5199890136719,343.0450134277344,7760100,280.38540130615235,244.44582538604737,17.174434551315887,34.401971490438264
2025-05-12,347.8999938964844,358.6700134277344,343.3699951171875,350.55999755859375,7826600,280.8286013793945,245.7919253540039,23.883390861060327,41.54248289296667
2025-05-13,370.1000061035156,380.70001220703125,347.70001220703125,348.5299987792969,9729200,281.48380157470706,247.26157539367676,31.481813174705685,49.67954706033966
2025-05-14,376.5400085449219,379.5799865722656,368.45001220703125,373.489990234375,6324300,282.4700015258789,248.75662544250488,33.30265391400318,51.36883605616831
2025-05-15,366.6099853515625,378.2300109863281,361.44000244140625,373.94000244140625,6322200,283.4422012329102,250.2054253768921,29.34206118809799,46.52359548132365
2025-05-16,362.3399963378906,373.7300109863281,358.0,369.260009765625,4740200,285.4964010620117,251.64297534942628,26.915784223559424,43.989712343351826
2025-05-19,370.6300048828125,375.8399963378906,354.010009765625,355.2699890136719,6224300,287.4994009399414,253.11062538146973,28.915052925705776,46.430045883781524
2025-05-20,363.05499267578125,371.447998046875,360.864013671875,371.447998046875,5533500,289.99890075683595,254.55045036315917,25.191851323672033,42.62594788491714
2025-05-21,358.3500061035156,374.57000732421875,358.0,359.67999267578125,7567100,292.01070068359377,255.99860038757325,22.718107680513853,39.98123644464688
2025-05-22,351.4700012207031,367.4700012207031,350.8169860839844,360.5199890136719,5329400,293.58830078125,257.42025039672853,19.71526122990175,36.535490381595025
2025-05-23,354.2900085449219,356.54998779296875,340.20001220703125,341.7200012207031,5318800,295.2341009521484,258.8467004394531,20.003078032759248,36.87252259481435
2025-05-27,380.9100036621094,384.3599853515625,355.1600036621094,362.0,7683400,296.9945007324219,260.4153004455566,28.254901260037602,46.27020878204651
2025-05-28,390.260009765625,392.8699951171875,375.1199951171875,381.3800048828125,6778300,298.6627008056641,261.98295047760007,30.66914908117773,48.963895953600534
2025-05-29,384.2300109863281,402.90301513671875,381.42999267578125,400.0950012207031,5134100,300.7705010986328,263.51720054626463,27.748568953019138,45.808323020216065
2025-05-30,393.0,394.239990234375,372.5299987792969,386.8699951171875,7840300,302.68990112304687,265.1084005355835,29.835848021979782,48.24124743163338
2025-06-02,401.9100036621094,402.25,381.6000061035156,392.30999755859375,6202100,304.5933013916016,266.71900054931643,31.94971846915051,50.68667880217108
2025-06-03,398.510009765625,408.0,390.4100036621094,401.9100036621094,4651300,306.2829016113281,268.28835060119627,30.111739071654988,48.5379476494676
2025-06-04,416.5199890136719,417.45001220703125,398.2099914550781,398.3900146484375,4804600,307.8189013671875,269.9430505371094,35.31332454364726,54.29920799402552
2025-06-05,414.1400146484375,428.989990234375,406.7799987792969,414.1700134277344,5973700,309.1759014892578,271.58200061798095,33.94964247005734,52.49170184550811
2025-06-06,417.8900146484375,426.5199890136719,413.2300109863281,421.0,5495500,310.98130187988284,273.2423756790161,34.37785877230921,52.937484023101234
2025-06-09,383.6000061035156,404.5,382.8500061035156,401.25,7829200,313.4193017578125,274.7274757003784,22.391953511508245,39.62928357477979
2025-06-10,383.6099853515625,396.7699890136719,374.67999267578125,390.0,4949300,315.6439013671875,276.191075630188,21.53251930101774,38.89296910708491
2025-06-11,383.42999267578125,387.95001220703125,377.8999938964844,386.29998779296875,3598500,318.0131011962891,277.6632255935669,20.57050204328359,38.091744722807405
2025-06-12,380.5799865722656,384.1000061035156,362.45001220703125,380.5,6527800,319.97070068359375,279.115125541687,18.942136189089997,36.35233340853985
2025-06-13,364.489990234375,381.0,360.7489929199219,372.7799987792969,4351700,321.4527001953125,280.48812549591065,13.388374094513233,29.948456673503298
2025-06-16,370.67999267578125,377.010009765625,364.489990234375,367.7900085449219,3544900,323.62669982910154,281.89002544403075,14.539372947759643,31.498087628992643
2025-06-17,360.45001220703125,371.0,358.7099914550781,370.95001220703125,2960000,326.44830017089845,283.25227550506594,10.415649895659618,27.25405702895567
2025-06-18,344.3699951171875,361.8900146484375,338.6499938964844,360.6600036621094,5816300,328.6913000488281,284.5160754776001,4.77003652546637,21.03709589664282
2025-06-20,324.70001220703125,344.760009765625,321.67999267578125,344.2300109863281,8731800,330.4797003173828,285.6752255249023,-1.7488784045739947,13.660542880617111
2025-06-23,335.3999938964844,336.0400085449219,320.0,324.3599853515625,5498900,331.6885003662109,286.91157550811766,1.1189696134100702,16.90012621571444
2025-06-24,349.4800109863281,352.3900146484375,341.92999267578125,346.9150085449219,5303000,333.4015008544922,288.21957557678223,4.822566812275131,21.254779550262025
2025-06-25,338.79998779296875,358.23699951171875,336.6700134277344,355.3999938964844,4109500,335.1785006713867,289.47262550354003,1.080465219078186,17.04042384098441
2025-06-26,347.45001220703125,347.95001220703125,328.94000244140625,342.4100036621094,5305900,337.40610076904295,290.7870255661011,2.9768019650787014,19.486078008679808
2025-06-27,333.7799987792969,348.8299865722656,332.1000061035156,348.489990234375,18537800,339.1723007202148,292.0243755722046,-1.5898414845397668,14.29867733653214
2025-06-30,350.0799865722656,361.75799560546875,340.04998779296875,341.32000732421875,8204900,341.5777005004883,293.34362548828125,2.489122111695119,19.341262653839706
2025-07-01,336.69000244140625,358.5299987792969,331.0,347.0,5379800,343.54710052490236,294.5392255020142,-1.9959702972370374,14.310751604493444
2025-07-02,336.0,348.54998779296875,333.2049865722656,342.5299987792969,4127400,345.7045004272461,295.6911754989624,-2.807166356021573,13.632068807267817
2025-07-03,341.6400146484375,343.5,325.5799865722656,332.0,3525800,347.7831005859375,296.8364755630493,-1.7663555035164924,15.093677082778779
2025-07-07,345.0,346.7799987792969,338.2200012207031,341.8699951171875,3158400,349.6361004638672,297.9802255630493,-1.3259787698456815,15.779494880274125
2025-07-08,344.75,359.0,341.5,352.1400146484375,3023100,351.17350036621093,299.08577556610106,-1.8291529285416996,15.267935878082795
2025-07-09,352.739990234375,362.6400146484375,344.75,350.2699890136719,4234900,352.69170043945314,300.2336754989624,0.013691786583480692,17.488482811980255
2025-07-10,346.32000732421875,359.3550109863281,334.5260009765625,359.3550109863281,5618400,353.91850036621094,301.3452755355835,-2.146961245069068,14.924651368335319
2025-07-11,335.1000061035156,345.92999267578125,332.32000732421875,342.0,3584600,354.842900390625,302.39032558441164,-5.5638408617942225,10.817039353321878
2025-07-14,355.8999938964844,362.5299987792969,342.1099853515625,342.8999938964844,6338800,356.5747003173828,303.5392255401611,-0.1892188145423246,17.25008300431188
2025-07-15,352.9599914550781,354.3760070800781,345.4100036621094,348.0,3389500,358.0441003417969,304.65862548828125,-1.4199672280217346,15.8542584800885
2025-07-16,355.5,358.55999755859375,348.7099914550781,355.5799865722656,3703500,359.00250061035155,305.7825754547119,-0.9756201152907984,16.259077048898597
2025-07-17,363.7799987792969,369.3999938964844,351.0,356.5899963378906,4602400,360.2413006591797,306.96082542419435,0.9823132754745112,18.510236046108865
2025-07-18,364.4599914550781,375.4949951171875,361.0,372.5899963378906,4836500,361.4381005859375,308.14437538146973,0.8360742445917557,18.275724164652374
2025-07-21,366.1700134277344,375.5,359.3999938964844,360.6000061035156,4582400,362.69230102539063,309.3224754333496,0.9588602770204124,18.378081940131707
2025-07-22,350.0,364.9049987792969,343.0,363.29998779296875,4775200,362.9021008300781,310.4192254638672,-3.5552565831299066,12.750748436082304
2025-07-23,362.1199951171875,363.67999267578125,349.2099914550781,352.9800109863281,3626100,363.5737005615234,311.5730254364014,-0.3998378986408424,16.223153339409933
2025-07-24,359.94000244140625,364.7799987792969,355.0,363.82000732421875,2673300,363.8145007324219,312.6964754486084,-1.0649653279942384,15.108429644120601
2025-07-25,364.1400146484375,369.7900085449219,357.02899169921875,360.0,2883700,363.6953009033203,313.81887550354,0.12227646164595374,16.035090006665275
2025-07-28,370.9599914550781,371.69500732421875,362.1700134277344,366.5,2823000,363.5837005615234,314.9739254760742,2.0287738097617414,17.774825612749545
2025-07-29,361.6300048828125,379.2300109863281,359.4599914550781,373.9599914550781,3270300,363.4841009521484,316.0645255279541,-0.5100900051691726,14.416511716633117
2025-07-30,363.30999755859375,366.79998779296875,358.54998779296875,362.5299987792969,2247100,363.5035009765625,317.16407554626466,-0.05323288976555318,14.5495425145014
2025-07-31,390.70001220703125,397.9200134277344,377.5199890136719,380.0,7940700,363.9049011230469,318.39337562561036,7.36321797296271,22.709843268361276
2025-08-01,379.1700134277344,385.9200134277344,366.4700012207031,377.4599914550781,6336300,364.2272015380859,319.554225692749,4.1026073359009985,18.655922200918052
2025-08-04,395.010009765625,395.55999755859375,368.18798828125,383.010009765625,4986200,364.9604016113281,320.8027757263184,8.233662616992298,23.13173066264673
2025-08-05,377.92999267578125,399.94000244140625,376.90899658203125,398.0,6389800,365.4896014404297,321.9733757019043,3.403760650459775,17.37926834847483
2025-08-06,390.57000732421875,393.45001220703125,378.3599853515625,385.19000244140625,12843900,366.21520141601565,323.2019757080078,6.650408233746785,20.843941770044626
2025-08-07,437.3399963378906,453.760009765625,385.1000061035156,397.25,20738700,367.34380126953124,324.6736756896973,19.05468251443314,34.70140300375715
2025-08-08,455.9800109863281,464.9800109863281,447.01800537109375,448.6000061035156,9487800,368.6582012939453,326.2274757385254,23.686387386987164,39.77363799724849
2025-08-11,465.5799865722656,473.70001220703125,449.21099853515625,455.0,5976600,370.2852008056641,327.7611256408691,25.73551023893468,42.04856834742687
2025-08-12,467.0,470.2799987792969,458.4800109863281,466.9200134277344,4536800,371.76520080566405,329.3013756561279,25.61692137616689,41.815380840577944
2025-08-13,446.3999938964844,472.04998779296875,438.7699890136719,470.3800048828125,6334100,372.6550006103516,330.7363756561279,19.7890792194791,34.97154433373058
2025-08-14,433.3399963378906,445.0,426.0,434.5799865722656,5005100,373.3516003417969,332.10807563781736,16.067534179892462,30.481619727450536
2025-08-15,438.67999267578125,441.5,421.3999938964844,434.5,3404000,373.79480041503905,333.49332557678224,17.358505840289283,31.54086125024449
2025-08-18,438.5400085449219,444.0,432.6099853515625,438.0050048828125,2713000,374.2828002929688,334.85510063171387,17.168090064960495,30.964111855427447
2025-08-19,412.6000061035156,434.07000732421875,407.5199890136719,430.6400146484375,5456700,374.1770001220703,336.0569006347656,10.268671235514294,22.776828960860662
2025-08-20,412.3800048828125,412.80999755859375,385.19000244140625,405.0199890136719,6374400,374.7526000976562,337.26055068969725,10.040598724425397,22.273418589721228
2025-08-21,418.760009765625,431.8599853515625,408.79998779296875,411.6199951171875,5061500,375.4556005859375,338.50740074157716,11.53382959585807,23.707785663839644
2025-08-22,441.67999267578125,446.9200134277344,412.3299865722656,418.760009765625,6208200,376.6206005859375,339.89815071105954,17.274517641527275,29.944806040220072
2025-08-25,450.67999267578125,454.3900146484375,434.0199890136719,440.29998779296875,4018600,378.0226007080078,341.3560006713867,19.220383075427662,32.026386467316705
2025-08-26,469.3299865722656,471.9200134277344,444.0,448.010009765625,5593700,380.1194006347656,342.87675064086915,23.46909570743463,36.88008466454591
2025-08-27,462.94000244140625,474.9800109863281,458.6499938964844,469.0,2968600,381.9646008300781,344.3487006378174,21.199713647640106,34.439305733963565
2025-08-28,483.75,488.70001220703125,463.0,463.20001220703125,5898500,384.4306005859375,345.5348006439209,25.83545619487182,40.00037017935918
2025-08-29,478.5899963378906,485.52801513671875,472.4200134277344,480.7200012207031,5148100,387.11500061035156,346.47770057678224,23.629927949914986,38.13010059267328
2025-09-02,481.7300109863281,481.8599853515625,452.25,464.0,5279100,390.2556005859375,347.454200668335,23.439615027445893,38.645614316854136
2025-09-03,487.3500061035156,499.8699951171875,485.0799865722656,487.69000244140625,5052300,393.29460083007814,348.44580070495607,23.914746115234344,39.863934395976756
2025-09-04,499.9700012207031,511.0,490.6579895019531,497.79998779296875,6215200,396.3044006347656,349.5258507537842,26.15807455579475,43.04235298833332
2025-09-05,490.239990234375,507.8699951171875,469.79998779296875,506.0,8290500,399.33320068359376,350.5546007537842,22.76464601369572,39.84697082287057
2025-09-08,547.0399780273438,555.5,535.7000122070312,537.0750122070312,16516900,403.325,351.83435066223143,35.632548943741085,55.48225379292595
2025-09-09,558.1699829101562,559.239990234375,544.9229736328125,546.8150024414062,8503500,407.8127996826172,353.1352005767822,36.869167261193226,58.0612700174004
2025-09-10,567.1199951171875,576.010009765625,561.5,562.8300170898438,6730300,412.15359985351563,354.3648505401611,37.59918518696641,60.03844462923511
2025-09-11,571.3099975585938,576.4400024414062,560.7899780273438,568.0,6133500,416.8459997558594,355.59530052185056,37.05541084554047,60.66297746909848
2025-09-12,582.0,587.8800048828125,572.1099853515625,573.0549926757812,6730300,421.76599975585935,356.9141005706787,37.99120847505315,63.064445778249144
2025-09-15,593.1400146484375,595.27001953125,574.2269897460938,578.5399780273438,6246600,426.7959997558594,358.2132506561279,38.97506419641517,65.58293518232551
2025-09-16,603.7999877929688,605.3800048828125,589.280029296875,596.7000122070312,8588900,431.97199951171876,359.6343006134033,39.77757550847658,67.89276961711077
2025-09-17,606.6599731445312,613.6900024414062,587.22998046875,603.5700073242188,8915200,437.2101989746094,361.01875053405763,38.75704971369218,68.0411259102456
2025-09-18,621.52001953125,632.8809814453125,613.780029296875,616.3250122070312,9258500,442.5857995605469,362.4835506439209,40.42927273047865,71.46157899501178
2025-09-19,649.5900268554688,653.0599975585938,617.5599975585938,628.47998046875,73131600,448.65119995117186,364.04775077819824,44.787315162907326,78.43539081532236
2025-09-22,643.5,657.0,639.5150146484375,647.0499877929688,9307100,454.81919982910154,365.5623007965088,41.48479225190918,76.03018653671457
2025-09-23,651.1799926757812,670.1890258789062,637.510009765625,641.0,7799900,460.7247998046875,366.98545082092284,41.33816824096128,77.44027487169683
2025-09-24,641.9199829101562,662.4990234375,635.5,652.75,5991500,466.5039996337891,368.32655067443847,37.60224637175045,74.28012771133226
2025-09-25,639.9099731445312,643.9240112304688,619.489990234375,624.8699951171875,6418200,472.1921990966797,369.63075050354,35.51896333075844,73.12141164467396
2025-09-26,669.8599853515625,671.1799926757812,646.469970703125,652.6699829101562,6122400,478.313798828125,370.9725504302979,40.04613435630085,80.56861203735414
2025-09-29,712.3599853515625,745.6099853515625,683.5,685.4000244140625,11947800,485.2717987060547,372.82165031433107,46.796081546676206,91.07259054053378
2025-09-30,718.5399780273438,720.5599975585938,699.219970703125,713.0,6759600,492.3191979980469,374.8090502166748,45.95002204853979,91.7082785519614
2025-10-01,704.0900268554688,727.489990234375,697.5059814453125,714.8350219726562,6210800,499.40099853515625,376.63845039367675,40.98690810004519,86.94055960551219
2025-10-02,683.6400146484375,710.989990234375,674.4000244140625,710.1900024414062,6075400,505.83139892578123,378.4256005096436,35.151755328013046,80.65374375511259
2025-10-03,682.760009765625,695.0,673.1699829101562,691.02001953125,4205800,512.2877990722657,380.21705055236816,33.276648595199454,79.57111833194521
2025-10-06,587.0,687.0,545.0,684.4749755859375,14417700,516.7449987792969,381.4322505950928,13.595680923214726,53.89364666574208
2025-10-07,631.8499755859375,644.469970703125,592.260009765625,595.2150268554688,11768700,521.9627984619141,382.90205039978025,21.052683725321387,65.01608568724973
2025-10-08,629.7000122070312,654.97998046875,616.239990234375,631.3900146484375,5472900,527.3241986083984,384.4852004241943,19.414207401974192,63.777438380540175
2025-10-09,600.3200073242188,618.989990234375,591.5,615.9400024414062,6289300,532.0643988037109,385.89310050964355,12.828448712970308,55.56640078078219
2025-10-10,569.8900146484375,601.8300170898438,566.9000244140625,599.6099853515625,6479100,535.648198852539,387.0376006317139,6.392594219349745,47.24409559130072
2025-10-13,590.1099853515625,591.3200073242188,562.280029296875,590.0,4062400,539.8669982910156,388.2640505218506,9.306549061082503,51.98676894201733
2025-10-14,590.030029296875,596.77001953125,566.489990234375,576.9400024414062,3572700,543.7673986816407,389.5050507354736,8.50779776930315,51.481997006910404
2025-10-15,602.2999877929688,615.3800048828125,592.3200073242188,603.3800048828125,3535600,548.2547985839843,390.78290061950685,9.857677369823437,54.12649500224922
2025-10-16,605.6799926757812,616.280029296875,594.6799926757812,612.8099975585938,3541900,552.5569982910156,392.1354505157471,9.614029783183975,54.45683165834014
2025-10-17,599.3099975585938,612.739990234375,589.2000122070312,600.3400268554688,3298200,555.7963983154297,393.455100479126,7.829053836089983,52.31979375252476
2025-10-20,565.9400024414062,595.697021484375,553.0,593.3099975585938,6529800,557.9955981445313,394.66565055847167,1.4237395999703306,43.39732926860314
2025-10-21,552.6400146484375,568.0,547.1290283203125,567.6900024414062,4199900,559.7367987060547,395.71995063781736,-1.267878773384723,39.65432214314644
2025-10-22,564.8200073242188,571.5819702148438,553.239990234375,568.72998046875,4442800,561.693198852539,396.79080070495604,0.5566755086348518,42.34705197820479
2025-10-23,589.7000122070312,591.3099975585938,560.8400268554688,560.8400268554688,3216100,564.55919921875,397.9646508026123,4.453175685219857,48.17899303813251
2025-10-24,620.0,627.1099853515625,605.5,607.5650024414062,4100400,568.2923992919922,399.41462577819823,9.098766897538635,55.227164952216
2025-10-27,643.0999755859375,645.7000122070312,620.72998046875,634.25,3765100,572.3807989501953,400.9841255950928,12.355267116829971,60.38040773597339
2025-10-28,626.8200073242188,649.64697265625,620.8699951171875,643.989990234375,2545100,576.1463989257812,402.5258255767822,8.795266011020452,55.72168727957858
2025-10-29,631.2000122070312,633.7550048828125,617.2000122070312,627.4099731445312,3014700,580.5183990478515,404.1034256744385,8.730406003032144,56.19763954081167
2025-10-30,620.6199951171875,638.3800048828125,619.75,622.9500122070312,3560200,584.683198852539,405.60107566833494,6.146370604658324,53.012413513586495
2025-10-31,637.3300170898438,652.8699951171875,621.5599975585938,621.5599975585938,4312100,589.0545989990235,407.1125757598877,8.19540636349403,56.54884055110514
