Date,Close,High,Low,Open,Volume,SMA50,SMA200,ext_sma50_pct,ext_sma200_pct
2020-08-31,0.3400000035762787,0.3400000035762787,0.3400000035762787,0.3400000035762787,1000,,,,
2020-09-01,0.3499999940395355,0.3499999940395355,0.3409999907016754,0.3409999907016754,2000,,,,
2020-09-02,0.3440000116825104,0.3440000116825104,0.3440000116825104,0.3440000116825104,1500,,,,
2020-09-03,0.3140000104904175,0.3230000138282776,0.3140000104904175,0.3199999928474426,39400,,,,
2020-09-04,0.3160000145435333,0.3160000145435333,0.3100000023841858,0.3109999895095825,4100,,,,
2020-09-08,0.27399998903274536,0.296999990940094,0.27399998903274536,0.296999990940094,4900,,,,
2020-09-09,0.27399998903274536,0.27399998903274536,0.27399998903274536,0.27399998903274536,0,,,,
2020-09-10,0.28299999237060547,0.2840000092983246,0.28299999237060547,0.2840000092983246,3500,,,,
2020-09-11,0.30000001192092896,0.3050000071525574,0.30000001192092896,0.30000001192092896,14100,,,,
2020-09-14,0.30000001192092896,0.30000001192092896,0.30000001192092896,0.30000001192092896,0,,,,
2020-09-15,0.27000001072883606,0.2759999930858612,0.27000001072883606,0.2759999930858612,37100,,,,
2020-09-16,0.2720000147819519,0.2800000011920929,0.2720000147819519,0.2800000011920929,12000,,,,
2020-09-17,0.2720000147819519,0.2720000147819519,0.2720000147819519,0.2720000147819519,0,,,,
2020-09-18,0.2669999897480011,0.27000001072883606,0.2669999897480011,0.27000001072883606,4700,,,,
2020-09-21,0.25999999046325684,0.25999999046325684,0.25999999046325684,0.25999999046325684,17000,,,,
2020-09-22,0.26499998569488525,0.26600000262260437,0.25099998712539673,0.26600000262260437,4000,,,,
2020-09-23,0.26499998569488525,0.26499998569488525,0.26499998569488525,0.26499998569488525,0,,,,
2020-09-24,0.2590000033378601,0.25999999046325684,0.2549999952316284,0.2549999952316284,17500,,,,
2020-09-25,0.2590000033378601,0.2590000033378601,0.2590000033378601,0.2590000033378601,0,,,,
2020-09-28,0.25,0.2590000033378601,0.24400000274181366,0.2590000033378601,42500,,,,
2020-09-29,0.2549999952316284,0.2549999952316284,0.23000000417232513,0.25,35800,,,,
2020-09-30,0.23999999463558197,0.24300000071525574,0.21899999678134918,0.23399999737739563,75000,,,,
2020-10-01,0.23999999463558197,0.23999999463558197,0.23999999463558197,0.23999999463558197,0,,,,
2020-10-02,0.23999999463558197,0.23999999463558197,0.23999999463558197,0.23999999463558197,100,,,,
2020-10-05,0.2280000001192093,0.2329999953508377,0.21400000154972076,0.2329999953508377,16800,,,,
2020-10-06,0.2280000001192093,0.2280000001192093,0.2280000001192093,0.2280000001192093,0,,,,
2020-10-07,0.2280000001192093,0.2280000001192093,0.2280000001192093,0.2280000001192093,0,,,,
2020-10-08,0.2240000069141388,0.2280000001192093,0.2240000069141388,0.2280000001192093,1100,,,,
2020-10-09,0.2199999988079071,0.22100000083446503,0.2199999988079071,0.22100000083446503,1900,,,,
2020-10-12,0.2199999988079071,0.2199999988079071,0.2199999988079071,0.2199999988079071,3500,,,,
2020-10-13,0.23399999737739563,0.23399999737739563,0.21899999678134918,0.2199999988079071,5500,,,,
2020-10-14,0.23000000417232513,0.23000000417232513,0.2199999988079071,0.2199999988079071,10100,,,,
2020-10-15,0.23000000417232513,0.23000000417232513,0.23000000417232513,0.23000000417232513,0,,,,
2020-10-16,0.23000000417232513,0.23000000417232513,0.23000000417232513,0.23000000417232513,0,,,,
2020-10-19,0.23000000417232513,0.23000000417232513,0.23000000417232513,0.23000000417232513,0,,,,
2020-10-20,0.23000000417232513,0.23000000417232513,0.23000000417232513,0.23000000417232513,0,,,,
2020-10-21,0.28299999237060547,0.28600001335144043,0.2800000011920929,0.2809999883174896,21000,,,,
2020-10-22,0.28299999237060547,0.28299999237060547,0.28299999237060547,0.28299999237060547,0,,,,
2020-10-23,0.2709999978542328,0.28999999165534973,0.2709999978542328,0.27900001406669617,26500,,,,
2020-10-26,0.2800000011920929,0.2800000011920929,0.2800000011920929,0.2800000011920929,200,,,,
2020-10-27,0.3580000102519989,0.3700000047683716,0.3310000002384186,0.3310000002384186,129500,,,,
2020-10-28,0.3199999928474426,0.3199999928474426,0.3199999928474426,0.3199999928474426,4000,,,,
2020-10-29,0.3700000047683716,0.37700000405311584,0.35499998927116394,0.37700000405311584,31700,,,,
2020-10-30,0.36800000071525574,0.36899998784065247,0.36800000071525574,0.36899998784065247,2000,,,,
2020-11-02,0.3959999978542328,0.3959999978542328,0.3799999952316284,0.3959999978542328,10000,,,,
2020-11-03,0.3959999978542328,0.3959999978542328,0.3959999978542328,0.3959999978542328,0,,,,
2020-11-04,0.4300000071525574,0.4300000071525574,0.4169999957084656,0.4169999957084656,38000,,,,
2020-11-05,0.4950000047683716,0.5189999938011169,0.47200000286102295,0.5109999775886536,45200,,,,
2020-11-06,0.5099999904632568,0.5170000195503235,0.503000020980835,0.5080000162124634,11000,,,,
2020-11-09,0.41499999165534973,0.4749999940395355,0.41499999165534973,0.4749999940395355,10300,0.29232000023126603,,41.967703655934145,
2020-11-10,0.4000000059604645,0.4000000059604645,0.4000000059604645,0.4000000059604645,500,0.29352000027894976,,36.27691659182351,
2020-11-11,0.4000000059604645,0.4000000059604645,0.4000000059604645,0.4000000059604645,0,0.2945200005173683,,35.81420795117643,
2020-11-12,0.4300000071525574,0.45500001311302185,0.4300000071525574,0.45500001311302185,6300,0.29624000042676923,,45.15258119534526,
2020-11-13,0.4830000102519989,0.4830000102519989,0.39800000190734863,0.39800000190734863,17600,0.2996200004220009,,61.20419517112201,
2020-11-16,0.4860000014305115,0.800000011920929,0.453000009059906,0.453000009059906,7800,0.30302000015974045,,60.3854534929414,
2020-11-17,0.5299999713897705,0.5400000214576721,0.4860000014305115,0.4860000014305115,55200,0.30813999980688095,,71.99973120073173,
2020-11-18,0.5,0.5799999833106995,0.5,0.5619999766349792,42200,0.31266000002622607,,59.91812190816215,
2020-11-19,0.5099999904632568,0.5329999923706055,0.5080000162124634,0.5080000162124634,16100,0.3171999999880791,,60.78183810921296,
2020-11-20,0.5450000166893005,0.5569999814033508,0.5299999713897705,0.546999990940094,19400,0.3221000000834465,,69.20211628317519,
2020-11-23,0.6240000128746033,0.6259999871253967,0.5400000214576721,0.546999990940094,132100,0.32858000010252,,89.908093213193,
2020-11-24,0.6660000085830688,0.7070000171661377,0.6259999871253967,0.6990000009536743,45100,0.3365000000596046,,97.91976477417519,
2020-11-25,0.6499999761581421,0.7099999785423279,0.6499999761581421,0.6899999976158142,10100,0.34405999928712844,,88.9205305774873,
2020-11-27,0.503000020980835,0.5590000152587891,0.4970000088214874,0.5120000243186951,30600,0.3486799994111061,,44.25835202201549,
2020-11-30,0.6299999952316284,0.75,0.5950000286102295,0.6520000100135803,109100,0.35593999952077865,,76.99612184071239,
2020-12-01,0.6000000238418579,0.6380000114440918,0.5979999899864197,0.6140000224113464,20900,0.3627400001883507,,65.40773654141019,
2020-12-02,0.6060000061988831,0.6309999823570251,0.5899999737739563,0.6309999823570251,20300,0.36956000059843064,,63.978786994691994,
2020-12-03,0.6000000238418579,0.6299999952316284,0.5849999785423279,0.6079999804496765,47400,0.3762600013613701,,59.46420604660603,
2020-12-04,0.5759999752044678,0.6110000014305115,0.5600000023841858,0.6110000014305115,47100,0.38260000079870227,,50.54886931574243,
2020-12-07,0.5600000023841858,0.5759999752044678,0.5410000085830688,0.550000011920929,76700,0.38862000077962877,,44.09963492891349,
2020-12-08,0.5180000066757202,0.550000011920929,0.5,0.550000011920929,101700,0.39398000091314317,,31.478756656462494,
2020-12-09,0.49000000953674316,0.5299999713897705,0.47099998593330383,0.5249999761581421,48200,0.39868000119924546,,22.905590464232837,
2020-12-10,0.5400000214576721,0.5400000214576721,0.4819999933242798,0.492000013589859,33100,0.40468000173568724,,33.438771162793415,
2020-12-11,0.5099999904632568,0.527999997138977,0.5099999904632568,0.5220000147819519,24200,0.41008000165224073,,24.365974543608935,
2020-12-14,0.578000009059906,0.578000009059906,0.5049999952316284,0.5479999780654907,59900,0.41684000194072723,,38.66231800423392,
2020-12-15,0.6510000228881836,0.699999988079071,0.5699999928474426,0.578000009059906,111700,0.4253000023961067,,53.0684268094288,
2020-12-16,0.7950000166893005,1.0,0.7319999933242798,0.7559999823570251,320600,0.4366400027275085,,82.07219029939219,
2020-12-17,1.1160000562667847,1.350000023841858,0.8899999856948853,0.9259999990463257,411600,0.45440000385046003,,145.59860185081615,
2020-12-18,1.0700000524520874,1.440000057220459,0.9929999709129333,1.059999942779541,248100,0.47132000476121905,,127.02198965523914,
2020-12-21,1.3700000047683716,2.0,1.0529999732971191,1.0570000410079956,623000,0.4943200048804283,,177.1484041192633,
2020-12-22,2.2939999103546143,2.325000047683716,1.496999979019165,1.5089999437332153,972200,0.5358000031113624,,328.1448109431649,
2020-12-23,1.8630000352859497,2.9000000953674316,1.8339999914169312,2.450000047683716,823500,0.5683800038695336,,227.77367651969408,
2020-12-24,1.649999976158142,1.9830000400543213,1.4500000476837158,1.7879999876022339,398000,0.5967800033092499,,176.4837908456387,
2020-12-28,2.299999952316284,10.0,1.9600000381469727,2.450000047683716,399300,0.638180002272129,,260.399878424196,
2020-12-29,1.9500000476837158,2.4000000953674316,1.8799999952316284,2.190999984741211,350500,0.6725800031423569,,189.92834139777165,
2020-12-30,2.118000030517578,2.25,2.0,2.25,328100,0.710340003669262,,198.16707767787918,
2020-12-31,1.899999976158142,2.200000047683716,1.8240000009536743,2.0,483000,0.7437400031089783,,155.46561543224402,
2021-01-04,1.8600000143051147,2.5,1.8200000524520874,2.247999906539917,978600,0.7752800035476685,,139.91332238594902,
2021-01-05,1.909999966621399,1.9500000476837158,1.7799999713897705,1.9249999523162842,538000,0.8078200030326843,,136.43880560656538,
2021-01-06,2.119999885559082,2.200000047683716,1.9229999780654907,2.0320000648498535,2324900,0.8448000007867813,,150.94695591674693,
2021-01-07,2.437999963760376,2.75,2.25,2.361999988555908,4159800,0.887960000038147,,174.56191311045978,
2021-01-08,3.1610000133514404,3.200000047683716,2.5199999809265137,2.799999952316284,5171200,0.9440200001001358,,234.8446021287834,
2021-01-11,2.765000104904175,2.990000009536743,2.2239999771118164,2.321000099182129,4500900,0.9929200023412704,,178.47158868633946,
2021-01-12,3.3499999046325684,3.503000020980835,2.700000047683716,2.8499999046325684,2124400,1.0525200003385544,,218.28372891299023,
2021-01-13,3.3499999046325684,4.590000152587891,3.1080000400543213,4.590000152587891,1480200,1.1121599984169006,,201.2156442779017,
2021-01-14,3.940000057220459,4.084000110626221,3.75,3.75,1695200,1.1830399996042251,,233.04030789648272,
2021-01-15,3.388000011444092,3.950000047683716,3.25,3.950000047683716,1337900,1.2428799998760223,,172.59268889852973,
2021-01-19,3.25,3.4700000286102295,2.8499999046325684,3.4000000953674316,1628400,1.2992799997329711,,150.1385383187567,
2021-01-20,2.796999931335449,3.200000047683716,2.4000000953674316,3.1500000953674316,1499300,1.3453199982643127,,107.9059208919845,
2021-01-21,2.359999895095825,2.5999999046325684,2.109999895095825,2.490000009536743,1774600,1.3823199963569641,,70.7274655156178,
2021-01-22,2.450000047683716,2.6500000953674316,2.359999895095825,2.490999937057495,758400,1.4230199974775315,,72.16905258019044,
2021-01-25,2.2699999809265137,2.690000057220459,2.25,2.5299999713897705,657900,1.4604199969768523,,55.43473696782675,
2021-01-26,2.0299999713897705,2.25,2.0,2.200000047683716,784500,1.4930199962854385,,35.96602700836642,
2021-01-27,1.8799999952316284,2.2249999046325684,1.7999999523162842,1.8969999551773071,1378100,1.52201999604702,,23.52005887664759,
2021-01-28,2.0999999046325684,2.325000047683716,1.7999999523162842,1.899999976158142,704900,1.5543599939346313,,35.103831340687734,
2021-01-29,2.680000066757202,2.7130000591278076,2.200000047683716,2.690000057220459,1154900,1.5982399952411652,,67.68445757439612,
2021-02-01,2.562000036239624,2.8499999046325684,2.369999885559082,2.8499999046325684,400800,1.6388799965381622,,56.32627414157145,
2021-02-02,2.819999933242798,2.940000057220459,2.5999999046325684,2.6500000953674316,574700,1.6852799952030182,,67.33124117473935,
2021-02-03,3.052000045776367,3.055000066757202,2.8429999351501465,3.0,632800,1.7361199963092804,,75.79430294360078,
2021-02-04,2.9000000953674316,3.2899999618530273,2.75,3.119999885559082,606200,1.783219997882843,,62.62716315488297,
2021-02-05,2.990000009536743,3.190000057220459,2.819999933242798,3.190000057220459,382200,1.830539997816086,,63.33978023446325,
2021-02-08,3.2100000381469727,4.050000190734863,3.121999979019165,4.0,1617900,1.8814199984073638,,70.61581363354603,
2021-02-09,3.5899999141693115,3.5899999141693115,3.2100000381469727,3.3420000076293945,1473300,1.9402199971675873,,85.0305593906949,
2021-02-10,3.2899999618530273,3.7899999618530273,3.059999942779541,3.5429999828338623,921400,1.9959599959850312,,64.83296100478061,
2021-02-11,3.308000087738037,3.549999952316284,3.0,3.2699999809265137,1077900,2.0495199978351595,,61.4036501830755,
2021-02-12,3.4730000495910645,3.75,3.1500000953674316,3.3429999351501465,915000,2.1069799983501434,,64.83308110710941,
2021-02-16,3.75,3.990000009536743,3.5999999046325684,3.691999912261963,1856700,2.169859998226166,,72.8222098690966,
2021-02-17,4.650000095367432,4.800000190734863,3.869999885559082,4.0,3670000,2.250859999656677,,106.58770852370623,
2021-02-18,5.591000080108643,6.239999771118164,4.718999862670898,4.855000019073486,6357200,2.351160001754761,,137.797515946846,
2021-02-19,6.309999942779541,7.0,6.170000076293945,6.5,4670000,2.466160000562668,,155.8633641507396,
2021-02-22,6.4039998054504395,8.5,5.019999980926514,5.192999839782715,6388000,2.5838799965381622,,147.84431993863524,
2021-02-23,4.960000038146973,5.730000019073486,4.440000057220459,5.699999809265137,4503100,2.6732799971103667,,85.5398627718905,
2021-02-24,5.248000144958496,5.85699987411499,5.160999774932861,5.690000057220459,2141500,2.7674399995803833,,89.63374619699907,
2021-02-25,4.699999809265137,5.670000076293945,4.566999912261963,5.550000190734863,2070600,2.851239995956421,,64.84055414242908,
2021-02-26,4.630000114440918,5.050000190734863,4.25,4.369999885559082,1556800,2.932279998064041,,57.897612693799736,
2021-03-01,5.179999828338623,5.289999961853027,4.949999809265137,5.070000171661377,1352600,3.02285999417305,,71.36089128585962,
2021-03-02,5.380000114440918,5.889999866485596,5.25,5.579999923706055,1848400,3.114559996128082,,72.73708392611336,
2021-03-03,5.414999961853027,5.849999904632568,5.389999866485596,5.71999979019165,1485800,3.200539994239807,,69.1901982665022,
2021-03-04,4.645999908447266,5.401000022888184,4.210000038146973,5.400000095367432,1972500,3.272059991359711,,41.99005888387186,
2021-03-05,4.650000095367432,4.829999923706055,3.630000114440918,4.730000019073486,1998500,3.337659993171692,,39.31916686782277,
2021-03-08,4.505000114440918,4.809999942779541,4.460000038146973,4.743000030517578,1134100,3.381879997253418,,33.20993406329136,
2021-03-09,4.818999767303467,5.079999923706055,4.695000171661377,4.820000171661377,1467000,3.440999991893768,,40.04649167846441,
2021-03-10,5.006999969482422,5.203999996185303,4.670000076293945,5.119999885559082,1265200,3.508139991760254,,42.72520427470445,
2021-03-11,5.052000045776367,5.150000095367432,4.869999885559082,5.079999923706055,1059200,3.5631799936294555,,41.78346462454172,
2021-03-12,5.051000118255615,5.179999828338623,4.495999813079834,4.789999961853027,907800,3.6251999950408935,,39.33024730125649,
2021-03-15,5.251999855041504,5.46999979019165,5.050000190734863,5.159999847412109,1341400,3.6878799915313722,,42.4124393174909,
2021-03-16,5.059999942779541,5.360000133514404,4.927999973297119,5.199999809265137,809200,3.7510799908638,,34.89448252513332,
2021-03-17,5.289999961853027,5.316999912261963,4.75,5.019999980926514,925300,3.8196799898147584,,38.49327629432051,
2021-03-18,5.099999904632568,5.920000076293945,5.040999889373779,5.179999828338623,1136300,3.883479988574982,,31.325510100130096,
2021-03-19,5.320000171661377,5.449999809265137,5.124000072479248,5.28000020980835,783700,3.947479994297028,,34.76952839146104,
2021-03-22,5.199999809265137,5.440000057220459,5.150000095367432,5.400000095367432,691800,4.0027199912071225,,29.91165559140059,
2021-03-23,5.360000133514404,5.5,4.889999866485596,5.099999904632568,1322100,4.046699993610382,,32.453607679780674,
2021-03-24,5.298999786376953,5.900000095367432,5.150000095367432,5.800000190734863,1627600,4.0973799872398375,,29.326540444850856,
2021-03-25,4.885000228881836,5.1519999504089355,4.300000190734863,4.636000156402588,1160700,4.128079993724823,,18.33589068786512,
2021-03-26,5.0,5.239999771118164,4.840000152587891,5.079999923706055,539500,4.161079995632171,,20.16111214512655,
2021-03-29,4.849999904632568,5.269999980926514,4.763000011444092,5.170000076293945,857100,4.179279992580414,,16.0486953073951,
2021-03-30,5.0,5.0,4.849999904632568,4.9120001792907715,566000,4.211519992351532,,18.72198182794842,
2021-03-31,5.070000171661377,5.119999885559082,4.900000095367432,4.958000183105469,562300,4.247919995784759,,19.35253433897941,
2021-04-01,4.96999979019165,5.099999904632568,4.886000156402588,5.031000137329102,599800,4.291379992961883,,15.813556439717381,
2021-04-05,5.206999778747559,5.429999828338623,4.860000133514404,5.0,1089100,4.348319990634918,,19.74739186541008,
2021-04-06,5.320000171661377,5.489999771118164,5.159999847412109,5.489999771118164,541900,4.405719993114471,,20.752117247028835,
2021-04-07,5.297999858856201,5.300000190734863,5.0,5.21999979019165,600100,4.4662799906730655,,18.622206174266196,
2021-04-08,5.230000019073486,5.400000095367432,5.199999809265137,5.329999923706055,729300,4.530279991626739,,15.445403567550597,
2021-04-09,5.146999835968018,5.309999942779541,5.099999904632568,5.300000190734863,561900,4.5956199884414675,,11.997942582575071,
2021-04-12,5.119999885559082,5.300000190734863,5.043000221252441,5.21999979019165,984200,4.656019988059998,,9.965161203966577,
2021-04-13,4.954999923706055,5.28000020980835,4.869999885559082,5.260000228881836,1438300,4.701519985198974,,5.39144658121351,
2021-04-14,4.340000152587891,5.039999961853027,4.25,5.0,1405800,4.73707998752594,,-8.382375555905153,
2021-04-15,4.389999866485596,4.5,3.869999885559082,4.329999923706055,1483900,4.768479986190796,,-7.937122957446685,
2021-04-16,4.099999904632568,4.360000133514404,3.9600000381469727,4.360000133514404,690300,4.78943998336792,,-14.39500403240338,
2021-04-19,3.509999990463257,4.0,3.361999988555908,3.9000000953674316,3244600,4.801639981269837,,-26.899975755054296,
2021-04-20,3.3299999237060547,3.569999933242798,3.119999885559082,3.569999933242798,797200,4.808439979553222,,-30.746771554472797,
2021-04-21,3.609999895095825,3.680000066757202,3.25,3.299999952316284,690600,4.8164399766922,,-25.048377794275456,
2021-04-22,3.3399999141693115,3.7100000381469727,3.2209999561309814,3.7100000381469727,651800,4.8114399766922,,-30.582114079171863,
2021-04-23,3.5899999141693115,3.619999885559082,2.880000114440918,3.059999942779541,813500,4.817439975738526,,-25.47909403647618,
2021-04-26,4.340000152587891,4.590000152587891,3.8550000190734863,3.990000009536743,996900,4.838079977035522,,-10.294989475408055,
2021-04-27,4.389999866485596,4.659999847412109,4.361999988555908,4.599999904632568,860700,4.856419973373413,,-9.604196289552524,
2021-04-28,4.590000152587891,4.639999866485596,4.349999904632568,4.349999904632568,492100,4.873219976425171,,-5.811759477458278,
2021-04-29,4.767000198364258,4.909999847412109,4.550000190734863,4.690000057220459,1240500,4.875559978485107,,-2.2266115194952474,
2021-04-30,5.349999904632568,5.400000095367432,4.769999980926514,4.96999979019165,1051700,4.870739974975586,,9.83957123803112,
2021-05-03,5.710000038146973,5.900000095367432,5.349999904632568,5.75,1829100,4.8587399768829345,,17.520181473266526,
2021-05-04,5.063000202178955,5.5,4.880000114440918,5.440000057220459,1394800,4.831919984817505,,4.782368459898612,
2021-05-05,5.28000020980835,5.449999809265137,5.110000133514404,5.159999847412109,993000,4.838319988250732,,9.128793106495303,
2021-05-06,5.0,5.619999885559082,4.960000038146973,5.300000190734863,1157500,4.833359985351563,,3.4477054296280896,
2021-05-07,6.260000228881836,6.590000152587891,5.579999923706055,5.590000152587891,6157600,4.864559993743897,,28.68584696113432,
2021-05-10,5.49399995803833,7.326000213623047,5.409999847412109,6.739999771118164,6336400,4.881839990615845,,12.539533630746092,
2021-05-11,5.638999938964844,6.099999904632568,4.789999961853027,5.190000057220459,2672100,4.891019992828369,,15.292923505387979,
2021-05-12,5.449999809265137,6.019999980926514,5.260000228881836,5.860000133514404,1781800,4.892419986724853,,11.396810250412415,
2021-05-13,4.980000019073486,5.590000152587891,4.570000171661377,5.5,3355700,4.883719987869263,,1.9714486384021734,
2021-05-14,5.329999923706055,5.570000171661377,5.199999809265137,5.329999923706055,1318500,4.897399988174438,,8.833257168624131,
2021-05-17,4.880000114440918,5.326000213623047,4.769999980926514,5.192999839782715,2814600,4.901999988555908,,-0.44879384264281397,
2021-05-18,4.380000114440918,4.699999809265137,4.360000133514404,4.610000133514404,2115000,4.899499988555908,,-10.603120223051754,
2021-05-19,4.139999866485596,4.510000228881836,3.700000047683716,3.8299999237060547,1920000,4.885919990539551,,-15.266728180122813,
2021-05-20,4.420000076293945,4.78000020980835,4.25,4.5,1032100,4.874179992675781,,-9.318078467851254,
2021-05-21,4.159999847412109,4.704999923706055,4.019999980926514,4.611000061035156,1083800,4.856339988708496,,-14.3387848238684,
2021-05-24,5.034999847412109,5.050000190734863,4.25,4.480000019073486,957100,4.856019983291626,,3.685731622528521,
2021-05-25,4.460000038146973,5.0,4.400000095367432,4.999000072479248,1351200,4.840179986953736,,-7.854665525486726,
2021-05-26,4.539999961853027,4.760000228881836,4.489999771118164,4.556000232696533,833000,4.829779987335205,,-5.99985975017594,
2021-05-27,4.5,4.699999809265137,4.400000095367432,4.699999809265137,1166400,4.813979988098144,,-6.522253704303171,
2021-05-28,4.255000114440918,4.480000019073486,4.229000091552734,4.480000019073486,870800,4.797079992294312,,-11.300205098187899,
2021-06-01,4.480999946594238,4.650000095367432,4.230000019073486,4.349999904632568,531300,4.780299987792969,,-6.26111419708023,
2021-06-02,4.539999961853027,4.630000114440918,4.5,4.5,530000,4.767099990844726,,-4.763903199594033,
2021-06-03,4.525000095367432,4.636000156402588,4.410999774932861,4.570000171661377,583000,4.750399990081787,,-4.744861383987898,
2021-06-04,4.505000114440918,4.53000020980835,4.380000114440918,4.480000019073486,273500,4.734519996643066,,-4.847796236258073,
2021-06-07,4.5,4.53000020980835,4.400000095367432,4.5,398300,4.72681999206543,,-4.7985747806384875,
2021-06-08,4.25,4.360000133514404,3.8299999237060547,4.320000171661377,1500300,4.71181999206543,,-9.801308047487423,
2021-06-09,4.420000076293945,4.5,4.28000020980835,4.429999828338623,741800,4.7032199954986575,,-6.021830139261519,
2021-06-10,4.309999942779541,4.449999809265137,4.215000152587891,4.420000076293945,731600,4.689419994354248,,-8.090980377776003,
2021-06-11,4.034999847412109,4.349999904632568,3.8929998874664307,4.349999904632568,1183000,4.668719987869263,,-13.573744883046079,
2021-06-14,4.179999828338623,4.36299991607666,4.119999885559082,4.309999942779541,880600,4.652919988632203,,-10.163943533286535,
2021-06-15,4.159999847412109,4.300000190734863,3.950000047683716,4.210000038146973,746000,4.631979990005493,,-10.18959804687809,
2021-06-16,3.9600000381469727,4.170000076293945,3.9100000858306885,4.159999847412109,861200,4.604779987335205,2.6814599945396185,-14.002405130356033,47.680742812158485
2021-06-17,4.380000114440918,4.71999979019165,3.9240000247955322,4.079999923706055,1202300,4.586419992446899,2.7016599950939417,-4.500675436308099,62.12255140893912
2021-06-18,4.269999980926514,4.493000030517578,4.070000171661377,4.489999771118164,1316700,4.5672199916839595,2.7212599950283765,-6.50767887902547,56.912606245916145
2021-06-21,3.9600000381469727,4.110000133514404,3.9000000953674316,4.039999961853027,2320200,4.543479995727539,2.739339995160699,-12.842137703461699,44.560370203869695
2021-06-22,4.099999904632568,4.349999904632568,3.299999952316284,3.75,4011300,4.523079996109009,2.7582699946314095,-9.35380519116169,48.64389318712998
2021-06-23,4.300000190734863,4.46999979019165,4.260000228881836,4.46999979019165,2968200,4.509980001449585,2.778189995512366,-4.655892279948704,54.777038204035364
2021-06-24,4.340000152587891,4.460000038146973,4.300000190734863,4.400000095367432,3133000,4.509980001449585,2.798519996330142,-3.768971232844931,55.081977555249885
2021-06-25,4.059999942779541,4.306000232696533,4.010000228881836,4.230000019073486,1942200,4.503380002975464,2.817449996098876,-9.845495159257577,44.10193431653218
2021-06-28,4.0,4.230000019073486,3.950000047683716,4.205999851226807,1773700,4.5013800048828125,2.836034996137023,-11.138362109818479,41.0419831013517
2021-06-29,4.050000190734863,4.21999979019165,3.990000009536743,4.150000095367432,1883200,4.512180008888245,2.854784997031093,-10.242938385502443,41.86708263307975
2021-06-30,3.940000057220459,4.119999885559082,3.8399999141693115,3.990000009536743,1747100,4.524380011558533,2.8729849972575905,-12.916243835512164,37.139597351931464
2021-07-01,3.75,4.090000152587891,3.75,3.9100000858306885,2102900,4.527180013656616,2.890384997203946,-17.166978368701656,29.740501823376974
2021-07-02,4.059999942779541,4.070000171661377,3.8329999446868896,3.890000104904175,2048500,4.5415800142288205,2.909324996843934,-10.603800217996461,39.551268668294924
2021-07-06,3.9800000190734863,4.179999828338623,3.940000057220459,4.139999866485596,1829300,4.5493800163269045,2.9278649968653916,-12.515551464375719,35.93523005106189
2021-07-07,4.119999885559082,4.1479997634887695,3.9600000381469727,4.079999923706055,1398100,4.544980010986328,2.9471299963444473,-9.350538933063845,39.79701915658407
2021-07-08,3.888000011444092,3.9700000286102295,3.8299999237060547,3.8299999237060547,1398600,4.534940013885498,2.965269996449351,-14.265679379673058,31.117908861575106
2021-07-09,3.9000000953674316,3.9700000286102295,3.880000114440918,3.9000000953674316,864600,4.521140012741089,2.983444996997714,-13.738568494300418,30.721367388775754
2021-07-12,3.819999933242798,3.924999952316284,3.7699999809265137,3.9200000762939453,872000,4.50220000743866,3.0012199967354536,-15.152593689056726,27.28157007476839
2021-07-13,3.509999990463257,3.809999942779541,3.505000114440918,3.799999952316284,1502900,4.465400009155274,3.0174749966710808,-21.39562002806443,16.322421704754355
2021-07-14,3.490000009536743,3.690000057220459,3.4100000858306885,3.609999895095825,1512200,4.421000008583069,3.033629996702075,-21.05858396830701,15.043693968308535
2021-07-15,3.390000104904175,3.450000047683716,3.1700000762939453,3.430000066757202,3158900,4.387540006637574,3.0493299972265957,-22.735744864418262,11.17196590685241
2021-07-16,3.1600000858306885,3.4700000286102295,3.140000104904175,3.4700000286102295,2222600,4.34514000415802,3.063854997679591,-27.275068632845635,3.1380430282736294
2021-07-19,3.049999952316284,3.1600000858306885,2.940000057220459,3.049999952316284,1819900,4.306140003204345,3.0779049974679946,-29.170905961100303,-0.9066246415879053
2021-07-20,3.190000057220459,3.2100000381469727,2.809999942779541,3.009999990463257,1846800,4.244739999771118,3.0926549977809192,-24.848163670979428,3.147621041124471
2021-07-21,3.359999895095825,3.609999895095825,3.309999942779541,3.3499999046325684,2402500,4.202059998512268,3.10825499728322,-20.039221327505373,8.099235681520444
2021-07-22,3.3499999046325684,3.5399999618530273,3.309999942779541,3.369999885559082,1441800,4.156279997825623,3.123864996805787,-19.399080274063905,7.238946243131794
2021-07-23,3.2899999618530273,3.450000047683716,3.2100000381469727,3.4000000953674316,837300,4.11308000087738,3.139174996614456,-20.011282028279965,4.80460520363577
2021-07-26,4.320000171661377,4.380000114440918,3.6500000953674316,3.7799999713897705,9270500,4.0998800039291385,3.159634997472167,5.3689417134473505,36.72465886463303
2021-07-27,3.759999990463257,4.099999904632568,3.5999999046325684,4.019999980926514,3450900,4.068480005264282,3.1773149973899124,-7.582193212253163,18.33891174000708
2021-07-28,3.940000057220459,4.110000133514404,3.890000104904175,4.010000228881836,2673700,4.049680004119873,3.1959149976819754,-2.708360828209455,23.282379540074594
2021-07-29,3.8499999046325684,4.019999980926514,3.7699999809265137,3.990000009536743,1322700,4.039079999923706,3.2140649972110986,-4.681266409546458,19.786000220072776
2021-07-30,4.190000057220459,4.230000019073486,3.7799999713897705,3.8499999046325684,1851100,4.040080003738403,3.233844997510314,3.710818927925441,29.5671270715286
2021-08-02,4.369999885559082,4.840000152587891,4.269999980926514,4.610000133514404,4810600,4.039079999923706,3.254544996917248,8.192952000000675,34.27375838092295
2021-08-03,4.369999885559082,4.519999980926514,4.059999942779541,4.21999979019165,2962500,4.043280000686646,3.2752449963241816,8.08056540276587,33.42512973727301
2021-08-04,4.739999771118164,4.739999771118164,4.480000019073486,4.550000190734863,4397900,4.037379999160766,3.297794995158911,17.402864533520468,43.73239628528691
2021-08-05,5.130000114440918,5.46999979019165,4.5,4.510000228881836,7765000,4.050780000686646,3.3222949957102537,26.642279106032273,54.411336773669184
2021-08-06,5.949999809265137,6.110000133514404,5.25,5.480000019073486,11767000,4.078979997634888,3.3508949947357176,45.86979619206568,77.56449601114429
2021-08-09,6.610000133514404,7.190000057220459,6.489999771118164,6.789999961853027,20512900,4.121180000305176,3.3825299954414367,60.39095921616937,95.4158615717395
2021-08-10,6.590000152587891,6.730000019073486,5.880000114440918,6.579999923706055,9141900,4.167880001068116,3.4140649962425234,58.11396083618172,93.02503496098527
2021-08-11,7.079999923706055,7.46999979019165,6.519999980926514,6.769999980926514,15274700,4.2198600006103515,3.4481099958717825,67.77807611347339,105.32987440025168
2021-08-12,6.510000228881836,6.71999979019165,6.300000190734863,6.699999809265137,7282400,4.259260005950928,3.479259997010231,52.8434568395973,87.10875974994553
2021-08-13,6.78000020980835,7.360000133514404,6.664999961853027,6.960000038146973,11637800,4.304360008239746,3.511369998008013,57.51471059180779,93.08703479424322
2021-08-16,6.389999866485596,6.89900016784668,6.369999885559082,6.89900016784668,7494800,4.34206000328064,3.5417199973762035,47.16516726294977,80.42080885048708
2021-08-17,5.429999828338623,6.309999942779541,5.349999904632568,6.010000228881836,9145800,4.360659999847412,3.567019996494055,24.52243074508513,52.22790546942966
2021-08-18,5.630000114440918,6.130000114440918,5.380000114440918,5.409999847412109,7590800,4.388260002136231,3.5933299970626833,28.2968673620114,56.67918390582223
2021-08-19,5.789999961853027,5.900000095367432,5.409999847412109,5.546999931335449,5531400,4.415659999847412,3.620299996882677,31.124225190642107,59.931496473734455
2021-08-20,5.900000095367432,6.28000020980835,5.809999942779541,5.960000038146973,8083800,4.44746000289917,3.647819997370243,32.65999225448666,61.74043948497492
2021-08-23,5.739999771118164,6.440000057220459,5.610000133514404,6.360000133514404,8837700,4.481560001373291,3.6743699961900713,28.080395428360827,56.217250224390305
2021-08-24,5.579999923706055,5.708000183105469,5.210000038146973,5.699999809265137,8103200,4.509560003280639,3.6997949957847593,23.73712556539187,50.8191651176199
2021-08-25,5.670000076293945,5.789999961853027,5.349999904632568,5.429999828338623,4605700,4.539760007858276,3.7255949962139128,24.89647176236709,52.19045768678583
2021-08-26,5.46999979019165,5.698999881744385,5.429999828338623,5.539999961853027,2473300,4.56996000289917,3.7508699952065943,19.69469725602626,45.832828042081154
2021-08-27,5.929999828338623,6.03000020980835,5.53000020980835,5.570000171661377,7073800,4.6009599971771244,3.778519994318485,28.88614184815601,56.93974988236607
2021-08-30,5.960000038146973,6.059999942779541,5.639999866485596,5.78000020980835,5345100,4.634759998321533,3.8063199944794177,28.593498699077678,56.58168642655357
2021-08-31,5.889999866485596,5.980000019073486,5.739999771118164,5.96999979019165,3390000,4.673359994888306,3.833619993776083,26.033514921342338,53.64068102858563
2021-09-01,5.880000114440918,6.179999828338623,5.829999923706055,5.880000114440918,6750700,4.708959999084473,3.8606049942970277,24.868338562742554,52.30773733979481
2021-09-02,5.940000057220459,6.159999847412109,5.889999866485596,6.159999847412109,6931400,4.741759996414185,3.887874994575977,25.269943263944338,52.782691457606724
2021-09-03,6.409999847412109,6.519999980926514,5.994999885559082,6.079999923706055,14830100,4.7831599903106685,3.917274993956089,34.01182190010283,63.63415530699306
2021-09-07,5.909999847412109,6.670000076293945,5.550000190734863,6.650000095367432,13580200,4.82015998840332,3.9443249931931494,22.61003497043257,49.83551957841175
2021-09-08,5.920000076293945,6.050000190734863,5.400000095367432,5.8379998207092285,7290600,4.8585599899292,3.971374993622303,21.846804167590683,49.06676115453643
2021-09-09,5.940000057220459,6.179999828338623,5.900000095367432,6.0879998207092285,6217500,4.896359987258911,3.998349993824959,21.314610704222336,48.56128318917001
2021-09-10,5.570000171661377,5.940000057220459,5.539999961853027,5.860000133514404,5137100,4.92895998954773,4.023079994618893,13.005587050270773,38.45114139195793
2021-09-13,5.519999980926514,5.739999771118164,5.349999904632568,5.460000038146973,4339700,4.96435998916626,4.0473499944806095,11.192580573786536,36.38553592978526
2021-09-14,5.53000020980835,5.75,5.449999809265137,5.650000095367432,4251800,4.993759994506836,4.071749995648861,10.738205598414453,35.81384455621781
2021-09-15,5.489999771118164,5.710000038146973,5.460000038146973,5.650000095367432,6059900,5.02395998954773,4.096684994399547,9.276343413164568,34.01078624847589
2021-09-16,5.28000020980835,5.539000034332275,5.260000228881836,5.480000019073486,3746200,5.047159996032715,4.119934995472431,4.6132917117479355,28.15736693930273
2021-09-17,5.119999885559082,5.369999885559082,5.119999885559082,5.269999980926514,4176600,5.071799993515015,4.142534994781017,0.9503508045604514,23.595814929977088
2021-09-20,4.429999828338623,4.769999980926514,4.389999866485596,4.735000133514404,8642500,5.082399988174439,4.161654993891716,-12.83645839276324,6.448031728741843
2021-09-21,4.260000228881836,4.550000190734863,4.224999904632568,4.460000038146973,5255200,5.091199994087219,4.1799549949169155,-16.326205338048318,1.9149783684814903
2021-09-22,4.650000095367432,4.760000228881836,4.289999961853027,4.300000190734863,5168700,5.113999996185303,4.200324995517731,-9.073130644583182,10.705721588914209
2021-09-23,5.019999980926514,5.045000076293945,4.711999893188477,4.880000114440918,5734600,5.144599995613098,4.222624995410443,-2.42195729100092,18.883395669346314
2021-09-24,4.840000152587891,5.090000152587891,4.579999923706055,4.650000095367432,5683600,5.1735999965667725,4.244234996140003,-6.448118219426712,14.037044531928998
2021-09-27,4.590000152587891,4.965000152587891,4.559999942779541,4.860000133514404,4486400,5.202199997901917,4.264734996855259,-11.76809514361099,7.626855032551316
2021-09-28,4.300000190734863,4.539999961853027,4.25,4.5,3512600,5.227200002670288,4.283534997701645,-17.737982312935596,0.38438329655419157
2021-09-29,4.150000095367432,4.454999923706055,4.139999866485596,4.360000133514404,3465600,5.246400003433227,4.3017349982261655,-20.898137910725744,-3.527295449889456
2021-09-30,4.25,4.510000228881836,4.190000057220459,4.380000114440918,5211900,5.264200005531311,4.320094998180866,-19.265985419734232,-1.6225337222996794
2021-10-01,5.03000020980835,5.050000190734863,4.599999904632568,4.71999979019165,9707900,5.297800011634827,4.341989999115467,-5.054924709093312,15.845504269540967
2021-10-04,4.960000038146973,5.139999866485596,4.730000019073486,5.079999923706055,8106600,5.331200013160705,4.362814999222755,-6.9627846281771655,13.688066971224021
2021-10-05,5.230000019073486,5.389999866485596,5.050000190734863,5.179999828338623,12199500,5.349400010108948,4.383384999036789,-2.232025849811703,19.314183450067326
2021-10-06,5.179999828338623,5.53000020980835,4.949999809265137,5.510000228881836,11811800,5.377800006866455,4.403934997916221,-3.6780872898820594,17.62207731925214
2021-10-07,5.03000020980835,5.230000019073486,4.945000171661377,5.03000020980835,4930500,5.399600009918213,4.422234998941422,-6.844947763370756,13.743394709064827
2021-10-08,5.130000114440918,5.170000076293945,4.96999979019165,5.159999847412109,4893600,5.42520001411438,4.436414999961853,-5.441272190987623,15.633909688003245
2021-10-11,5.25,5.485000133514404,5.144999980926514,5.239999771118164,5755800,5.446400012969971,4.453349999785424,-3.606051933428811,17.888780362041203
2021-10-12,4.900000095367432,5.210000038146973,4.800000190734863,5.179999828338623,5338700,5.457000017166138,4.46960000038147,-10.20707201844504,9.629499171049494
2021-10-13,5.03000020980835,5.150000095367432,4.78000020980835,4.909999847412109,4239900,5.470200023651123,4.48325000166893,-8.047234323050567,12.195398604491992
2021-10-14,5.0,5.170000076293945,4.9710001945495605,5.159999847412109,3479100,5.475400028228759,4.498500001430512,-8.682471157866189,11.148160462598922
2021-10-15,5.380000114440918,5.479000091552734,5.110000133514404,5.210000038146973,11147900,5.48040002822876,4.514810001850128,-1.831981484393408,19.16337813188691
2021-10-18,5.599999904632568,5.840000152587891,5.409999847412109,5.480000019073486,9703100,5.4734000301361085,4.5333100014925005,2.3130024079988765,23.530045436753323
2021-10-19,5.679999828338623,5.839000225067139,5.269999980926514,5.710000038146973,8994900,5.4548000240325925,4.552410000562668,4.12847039880202,24.76907457009776
2021-10-20,5.809999942779541,6.139999866485596,5.650000095367432,5.699999809265137,9299900,5.439200019836425,4.5719100004434585,6.817177555354292,27.080365584974153
2021-10-21,5.480000019073486,5.829999923706055,5.369999885559082,5.789999961853027,8035200,5.407200021743774,4.58871000111103,1.34635295600245,19.423542079291444
2021-10-22,5.25,5.5,5.079999923706055,5.5,5461200,5.3820000171661375,4.602770001292229,-2.4526201550560622,14.061749740396777
2021-10-25,5.389999866485596,5.53000020980835,5.269999980926514,5.309999942779541,5503500,5.3542000102996825,4.613915000557899,0.6686312823026119,16.820528029533598
2021-10-26,5.210000038146973,5.380000114440918,5.150000095367432,5.340000152587891,4652400,5.33060001373291,4.6261400002241135,-2.262409021034084,12.620889940524371
2021-10-27,4.869999885559082,5.170000076293945,4.849999904632568,5.059999942779541,4179700,5.31940001487732,4.633740000128746,-8.448323646677325,5.098686707147393
2021-10-28,5.289999961853027,5.300000190734863,5.019999980926514,5.110000133514404,5625200,5.312600011825562,4.643440000414849,-0.4254046968005798,13.924158843021871
2021-10-29,5.119999885559082,5.53000020980835,5.110000133514404,5.269999980926514,6471700,5.299200010299683,4.649339999556542,-3.3816448594561788,10.123154814391544
2021-11-01,5.570000171661377,5.570000171661377,5.275000095367432,5.340000152587891,6656100,5.292600011825561,4.660250000357628,5.241283286399967,19.52148857322964
2021-11-02,6.409999847412109,6.460000038146973,5.682000160217285,5.764999866485596,14624000,5.30600001335144,4.676049999594689,20.80663081950027,37.0815078531606
2021-11-03,6.849999904632568,6.929999828338623,5.960000038146973,6.28000020980835,13049300,5.33140001296997,4.696314999461174,28.48407337600296,45.85903853166779
2021-11-04,7.199999809265137,7.579999923706055,6.730000019073486,6.739999771118164,15898900,5.362000007629394,4.72051499903202,34.278250634474446,52.525726763744096
2021-11-05,7.28000020980835,7.659999847412109,7.090000152587891,7.400000095367432,7950700,5.398200016021729,4.744664999842644,34.85977155721318,53.435494603934956
2021-11-08,8.149999618530273,8.359999656677246,7.75,7.980000019073486,14462800,5.4426000118255615,4.774064998030663,49.744600022454954,70.71404813072735
2021-11-09,8.869999885559082,8.90999984741211,7.699999809265137,8.5600004196167,13845700,5.500800008773804,4.808264997601509,61.249270495407714,84.47402316602088
2021-11-10,7.900000095367432,9.359999656677246,7.75,9.055000305175781,14052700,5.54100001335144,4.838364998102188,42.57354405940823,63.278299559172304
2021-11-11,8.079999923706055,8.369999885559082,7.949999809265137,7.959000110626221,9880200,5.585000009536743,4.868264998197556,44.673230257993566,65.9728861657618
2021-11-12,8.579999923706055,8.59000015258789,7.679999828338623,7.980000019073486,10508600,5.637800006866455,4.8977649974823,52.18702176835293,75.18194376652639
2021-11-15,8.609999656677246,9.1899995803833,8.380000114440918,8.829999923706055,10003000,5.681800003051758,4.928004995584488,51.53647879286001,74.71572501228874
2021-11-16,8.430000305175781,9.079999923706055,7.769999980926514,8.0,12232100,5.732200012207032,4.956054997444153,47.06395951333933,70.09497088961176
2021-11-17,8.5600004196167,8.65999984741211,8.043999671936035,8.430000305175781,8493400,5.785000019073486,4.983594999313355,47.96889181320439,71.76356467160967
2021-11-18,7.769999980926514,8.420000076293945,7.421999931335449,8.34000015258789,11516400,5.821600017547607,5.0079449987411495,33.468461548474515,55.153460808368784
2021-11-19,8.180000305175781,8.5600004196167,7.980000019073486,7.98199987411499,9452800,5.873800020217896,5.033895000219345,39.2624923732479,62.49842924453826
2021-11-22,7.440000057220459,8.390000343322754,7.309999942779541,8.390000343322754,9270000,5.912200021743774,5.0550450003147125,25.841480833831266,47.17969981982883
2021-11-23,8.039999961853027,8.100000381469727,7.5,7.579999923706055,8893100,5.962400016784668,5.077295000553131,34.845027828051414,58.35203510879579
2021-11-24,7.849999904632568,8.039999961853027,7.369999885559082,7.642000198364258,7534600,6.009600019454956,5.100095000267029,30.624332388506105,53.91869963640994
2021-11-26,7.139999866485596,7.639999866485596,7.110000133514404,7.340000152587891,7601300,6.046800012588501,5.119254999160766,18.078981471542342,39.473416886951384
2021-11-29,7.860000133514404,8.020000457763672,7.349999904632568,7.440000057220459,8672100,6.101600017547607,5.141189999580384,28.818672330369232,52.88289548053906
2021-11-30,7.650000095367432,8.239999771118164,7.210000038146973,7.829999923706055,11599800,6.166000022888183,5.160690000057221,24.067467839290345,48.235993545099774
2021-12-01,7.599999904632568,8.130000114440918,7.46999979019165,7.980000019073486,10572300,6.232800016403198,5.1754399991035465,21.935564828507825,46.84741598683373
2021-12-02,7.199999809265137,7.644999980926514,6.840000152587891,7.4019999504089355,8383900,6.283800010681152,5.1834849977493285,14.580346239960452,38.90268443704148
2021-12-03,6.25,7.25,6.010000228881836,7.230000019073486,11949200,6.308400011062622,5.183184998035431,-0.9257499676654901,20.582228926208913
2021-12-06,6.050000190734863,6.190000057220459,5.309999942779541,5.513999938964844,10918000,6.332600011825561,5.181414999961853,-4.462619154264724,16.763474664341782
2021-12-07,6.340000152587891,6.659999847412109,6.239999771118164,6.517000198364258,7361900,6.367600011825561,5.1883150005340575,-0.43344210042109976,22.197672113880618
2021-12-08,6.429999828338623,6.489999771118164,6.130000114440918,6.340000152587891,5070500,6.410200004577637,5.194224998950959,0.30887996859454425,23.791322663866985
2021-12-09,5.809999942779541,6.269999980926514,5.75,6.199999809265137,6496900,6.4434000015258786,5.19977499961853,-9.830214771647583,11.735602852157623
2021-12-10,5.579999923706055,6.059999942779541,5.510000228881836,6.005000114440918,6872300,6.47,5.204524998664856,-13.755797160648298,7.214393727333834
2021-12-13,5.059999942779541,5.460000038146973,5.0,5.360000133514404,7435200,6.470599994659424,5.203924999237061,-21.800143001331197,-2.7657019745407685
2021-12-14,4.960000038146973,5.28000020980835,4.829999923706055,4.960000038146973,6989500,6.470599994659424,5.2018249988555905,-23.34559326429142,-4.648848447647113
2021-12-15,5.210000038146973,5.293000221252441,4.610000133514404,5.0,10164500,6.470199995040893,5.20079999923706,-19.476986149729612,0.17689661035344972
2021-12-16,4.900000095367432,5.400000095367432,4.783999919891357,5.269999980926514,7685600,6.46460000038147,5.202070000171662,-24.202578735292402,-5.806725107394984
2021-12-17,4.730000019073486,4.940000057220459,4.510000228881836,4.610000133514404,6458600,6.458599996566773,5.202469999790192,-26.764313913420335,-9.081647385487269
2021-12-20,4.550000190734863,4.650000095367432,4.40500020980835,4.478000164031982,5163100,6.446999998092651,5.202695000171661,-29.424535565674216,-12.545321403912057
2021-12-21,4.900000095367432,4.960000038146973,4.752999782562256,4.800000190734863,3948300,6.44,5.203100001811981,-23.913041997400132,-5.825371535027091
2021-12-22,5.099999904632568,5.260000228881836,4.860000133514404,4.920000076293945,4069000,6.443999996185303,5.203565001487732,-20.85661223383537,-1.9902719928655332
2021-12-23,5.800000190734863,5.829999923706055,5.0,5.105000019073486,8091200,6.459399995803833,5.207305002212524,-10.208375476009069,11.381994875862066
2021-12-27,5.960000038146973,6.03000020980835,5.710000038146973,5.840000152587891,7349900,6.478599996566772,5.211850001811981,-8.00481521771097,14.35478833955095
2021-12-28,5.210000038146973,5.789999961853027,5.170000076293945,5.590000152587891,8277900,6.475199995040893,5.211640002727509,-19.539164162695954,-0.031467341943769433
2021-12-29,5.090000152587891,5.449999809265137,5.039999961853027,5.230000019073486,4178800,6.465,5.21179000377655,-21.268365775902698,-2.3368142442502293
2021-12-30,5.119999885559082,5.25,5.059999942779541,5.159999847412109,5058100,6.453800001144409,5.210940003395081,-20.666895710260825,-1.745176835211082
2021-12-31,5.050000190734863,5.349999904632568,4.940000057220459,5.210000038146973,6832500,6.438600006103516,5.210690004825592,-21.566797348061996,-3.083849047667675
2022-01-03,5.050000190734863,5.260000228881836,5.0,5.130000114440918,3986200,6.4300000095367436,5.20934000492096,-21.461894506300382,-3.058733237522937
2022-01-04,5.21999979019165,5.389999866485596,5.039999961853027,5.099999904632568,6302800,6.429400005340576,5.209440004825592,-18.810467759734006,0.20270480812287772
2022-01-05,4.679999828338623,5.179999828338623,4.572999954223633,5.130000114440918,7562000,6.4152000045776365,5.206040003299713,-27.04826310950309,-10.104420531299663
2022-01-06,4.53000020980835,4.619999885559082,4.264999866485596,4.460000038146973,6899100,6.401600008010864,5.20219500541687,-29.23643770089389,-12.921368670505174
2022-01-07,4.289999961853027,4.539999961853027,4.201000213623047,4.329999923706055,6880100,6.3900000095367435,5.1992200040817265,-32.86385046243466,-17.4876239419548
2022-01-10,4.309999942779541,4.320000171661377,3.990000009536743,4.034999847412109,6900000,6.370400009155273,5.195770003795624,-32.34333893342036,-17.047907439494214
2022-01-11,4.710000038146973,4.769999980926514,4.179999828338623,4.275000095367432,6425000,6.3622000122070315,5.1950700044631954,-25.96900397488313,-9.33712088382811
2022-01-12,4.940000057220459,5.110000133514404,4.75,4.980000019073486,7408800,6.349600009918213,5.194770004749298,-22.199822831295325,-4.904354712449566
2022-01-13,4.480000019073486,5.110000133514404,4.440000057220459,5.110000133514404,5462000,6.311000013351441,5.191820003986359,-29.012834580959012,-13.710413388105247
2022-01-14,4.559999942779541,4.625,4.380000114440918,4.389999866485596,3888700,6.26520001411438,5.189770004749298,-27.217009313243423,-12.134835674672239
2022-01-18,4.190000057220459,4.389999866485596,4.099999904632568,4.320000171661377,5245400,6.205000019073486,5.184685006141662,-32.47381072778629,-19.185060379616537
2022-01-19,4.070000171661377,4.380000114440918,4.050000190734863,4.309999942779541,4327900,6.1408000183105464,5.178435006141663,-33.72198802231776,-21.404822753702103
2022-01-20,4.159999847412109,4.539999961853027,4.110000133514404,4.130000114440918,6358200,6.061000022888184,5.172745006084442,-31.364464086740107,-19.578486035578614
2022-01-21,3.5799999237060547,3.9100000858306885,3.490000009536743,3.7799999713897705,11305900,5.955200023651123,5.164495005607605,-39.88447223455036,-30.680542437955815
2022-01-24,3.5,3.5299999713897705,2.934999942779541,3.119999885559082,15339500,5.867200021743774,5.156260006427765,-40.34633237269837,-32.12134384928379
2022-01-25,3.5,3.6649999618530273,3.2799999713897705,3.4100000858306885,6031900,5.775600023269654,5.148160006999969,-39.40023571752468,-32.01454509492636
2022-01-26,3.490000009536743,3.9049999713897705,3.440000057220459,3.7699999809265137,10985400,5.673800024986267,5.140835007429123,-38.489196056126595,-32.11219569402102
2022-01-27,3.0950000286102295,3.5789999961853027,3.069999933242798,3.5789999961853027,7091900,5.563500032424927,5.134610006809234,-44.36955135126993,-39.72278275261778
2022-01-28,3.3499999046325684,3.390000104904175,3.0199999809265137,3.140000104904175,6028900,5.461900024414063,5.1294100069999695,-38.66603398710238,-34.690346451913335
2022-01-31,3.6600000858306885,3.680000066757202,3.309999942779541,3.3399999141693115,6634000,5.3639000177383425,5.12721000790596,-31.766064361246126,-28.616146399560204
2022-02-01,3.9000000953674316,4.010000228881836,3.619999885559082,3.816999912261963,7143200,5.286500020027161,5.129160008430481,-26.227180921350023,-23.96415613946057
2022-02-02,3.640000104904175,3.9189999103546143,3.5199999809265137,3.9100000858306885,6652400,5.195700016021728,5.130710009336472,-29.942065675853435,-29.054651339085968
2022-02-03,3.4000000953674316,3.5199999809265137,3.3350000381469727,3.380000114440918,5028000,5.114900016784668,5.12966001033783,-33.527535548881715,-33.718802249751555
2022-02-04,3.809999942779541,3.940000057220459,3.450000047683716,3.555000066757202,13371200,5.030300016403198,5.13201001048088,-24.258991901962247,-25.76008357352101
2022-02-07,4.150000095367432,4.429999828338623,4.03000020980835,4.139999866485596,18013300,4.9563000202178955,5.134810011386872,-16.26818234492221,-19.17909160875556
2022-02-08,4.269999980926514,4.284999847412109,3.950000047683716,4.059999942779541,6422200,4.898900022506714,5.1344600105285645,-12.837576572105647,-16.83643514273002
2022-02-09,4.400000095367432,4.425000190734863,4.25,4.309999942779541,7082400,4.829700021743775,5.134510011672973,-8.897031377555386,-14.30535561593378
2022-02-10,4.28000020980835,4.619999885559082,4.130000114440918,4.199999809265137,8755300,4.762300024032593,5.132960011959076,-10.1274554687935,-16.617308534713892
2022-02-11,3.9000000953674316,4.400000095367432,3.8499999046325684,4.320000171661377,6020900,4.68830002784729,5.128625011444091,-16.814195503648666,-23.95622439416194
2022-02-14,3.859999895095825,4.179999828338623,3.7899999618530273,4.099999904632568,6067300,4.6215000295639035,5.121175011396408,-16.47733700306685,-24.62667480595814
2022-02-15,4.099999904632568,4.228000164031982,3.9649999141693115,4.139999866485596,6478900,4.578500027656555,5.113125010728836,-10.451023700635442,-19.814205675989417
2022-02-16,4.139999866485596,4.139999866485596,3.882999897003174,3.9600000381469727,6919900,4.54030002117157,5.108510009050369,-8.816601387999935,-18.958759811548486
2022-02-17,3.630000114440918,3.9700000286102295,3.559999942779541,3.9200000762939453,7448500,4.486100020408631,5.100260008573532,-19.08338873571821,-28.827155706985685
2022-02-18,3.450000047683716,3.6500000953674316,3.359999895095825,3.6500000953674316,4794600,4.426500024795533,5.092510008811951,-22.060317895444335,-32.25344590950391
2022-02-22,3.180000066757202,3.3399999141693115,3.0899999141693115,3.2699999809265137,6635600,4.373900027275085,5.077110008001328,-27.296004780010385,-37.36594121959844
2022-02-23,3.059999942779541,3.4089999198913574,3.059999942779541,3.369999885559082,5219400,4.323500027656555,5.064940007925034,-29.224010102802357,-39.58467547509732
2022-02-24,3.390000104904175,3.424999952316284,2.75,2.799999952316284,7078500,4.290100030899048,5.0536950087547305,-20.98086104081458,-32.92036620667583
2022-02-25,3.2899999618530273,3.509999990463257,3.25,3.4200000762939453,4534700,4.256700029373169,5.04289500951767,-22.710082008350863,-34.7596974427651
2022-02-28,3.7699999809265137,3.7899999618530273,3.259999990463257,3.2799999713897705,10272400,4.22790002822876,5.036845009326935,-10.830436960310042,-25.15155868514024
2022-03-01,4.03000020980835,4.050000190734863,3.7799999713897705,4.010000228881836,10369100,4.210500030517578,5.030345010757446,-4.28689750388247,-19.886206588411902
2022-03-02,4.059999942779541,4.269999980926514,3.869999885559082,4.0,5702600,4.1971000289916995,5.02624500989914,-3.266543214722839,-19.22399455690259
2022-03-03,3.740000009536743,4.059999942779541,3.7200000286102295,4.059999942779541,4843000,4.180900025367737,5.023045009374618,-10.545576625985298,-25.543171471553617
2022-03-04,3.440000057220459,3.680000066757202,3.390000104904175,3.559999942779541,5089800,4.151700024604797,5.019545010328293,-17.14237452529065,-31.467891011192005
2022-03-07,3.2300000190734863,3.5789999961853027,3.190000057220459,3.450000047683716,5794300,4.114300026893615,5.013595010042191,-21.493328197744354,-35.57517085835967
2022-03-08,3.3399999141693115,3.4600000381469727,3.180000066757202,3.2300000190734863,5648600,4.065100021362305,5.009495010375977,-17.837202120059924,-33.32661461382243
2022-03-09,3.630000114440918,3.7300000190734863,3.5399999618530273,3.619999885559082,6128800,4.018500022888183,5.002470011711121,-9.667784154149196,-27.43584457392364
2022-03-10,3.4600000381469727,3.509999990463257,3.369999885559082,3.440000057220459,3722900,3.9835000228881836,4.997470011711121,-13.141709093342847,-30.76496647225948
2022-03-11,3.25,3.5399999618530273,3.2300000190734863,3.5399999618530273,2665700,3.9467000198364257,4.991020011901855,-17.65272294156527,-34.88305011300547
2022-03-14,3.180000066757202,3.315000057220459,3.0850000381469727,3.190000057220459,3197500,3.907900023460388,4.984420012235642,-18.626371000623532,-36.20120176568167
2022-03-15,3.3299999237060547,3.3399999141693115,3.0999999046325684,3.200000047683716,2694300,3.873500018119812,4.9797950112819676,-14.031240270332335,-33.12977911416478
2022-03-16,3.509999990463257,3.5190000534057617,3.2899999618530273,3.390000104904175,5207000,3.8427000141143797,4.974940011501312,-8.657975445106391,-29.446385637843562
2022-03-17,3.809999942779541,3.809999942779541,3.4600000381469727,3.509999990463257,4333300,3.8145000171661376,4.971290011405944,-0.11797285008113834,-23.359934060615707
2022-03-18,3.880000114440918,3.990000009536743,3.640000104904175,3.7300000190734863,6201900,3.7985000228881836,4.968065011501312,2.1455861803777454,-21.90118073216576
2022-03-21,3.6500000953674316,3.890000104904175,3.609999895095825,3.8299999237060547,4568400,3.7809000205993653,4.963790011405945,-3.462136647855152,-26.467475719553967
2022-03-22,3.75,3.9800000190734863,3.7200000286102295,3.8499999046325684,5257900,3.7701000213623046,4.960040011405945,-0.5331429205700955,-24.39577117570376
2022-03-23,3.690000057220459,3.869999885559082,3.630000114440918,3.700000047683716,3549100,3.757700023651123,4.957240011692047,-1.8016330735438624,-25.563417375045418
2022-03-24,3.9700000286102295,3.990000009536743,3.640000104904175,3.759999990463257,5578300,3.742900023460388,4.954990011453629,6.067487876416289,-19.878748101743117
2022-03-25,3.7300000190734863,4.065000057220459,3.6500000953674316,4.03000020980835,6500300,3.718700022697449,4.952090011835098,0.30386953255350235,-24.67826695074029
2022-03-28,4.21999979019165,4.380000114440918,3.990000009536743,4.070000171661377,11099300,3.713500018119812,4.953015011548996,13.63941751987079,-14.799374111488994
2022-03-29,4.230000019073486,4.25,4.019999980926514,4.224999904632568,6695200,3.706900019645691,4.95326501250267,14.111521666500026,-14.60178269492085
2022-03-30,4.0,4.210000038146973,3.9600000381469727,4.130000114440918,6425500,3.703100018501282,4.95246501326561,8.017606330246508,-19.232140170891654
2022-03-31,3.75,4.045000076293945,3.75,4.0,4855400,3.6967000150680542,4.951415013074875,1.441826080414721,-24.264074207118124
2022-04-01,3.799999952316284,3.940000057220459,3.7300000190734863,3.809999942779541,3885700,3.6895000171661376,4.948515012264251,2.994983998808065,-23.20928717204095
2022-04-04,3.759999990463257,3.869999885559082,3.640000104904175,3.799999952316284,4216500,3.6931000185012817,4.945965012311936,1.8114855169593769,-23.97843532852475
2022-04-05,3.509999990463257,3.759999990463257,3.5,3.759999990463257,5363700,3.6933000183105467,4.9437150120735165,-4.963041912071309,-29.00076193932797
2022-04-06,3.2799999713897705,3.4549999237060547,3.2100000381469727,3.430000066757202,6082300,3.688900017738342,4.939615012407303,-11.084606369984174,-33.59806456270212
2022-04-07,3.2899999618530273,3.3499999046325684,3.1500000953674316,3.299999952316284,4263600,3.684900016784668,4.934565011262894,-10.716710172131583,-33.32745734743043
2022-04-08,3.180000066757202,3.315000057220459,3.174999952316284,3.2300000190734863,3566800,3.6866000175476072,4.92876501083374,-13.741657580943766,-35.48079367209922
2022-04-11,3.109999895095825,3.190000057220459,2.990000009536743,3.049999952316284,3733400,3.6818000173568723,4.924015010595322,-15.530450311408728,-36.84016217651983
2022-04-12,3.0799999237060547,3.240000009536743,3.049999952316284,3.190000057220459,3842200,3.67020001411438,4.919415010213852,-16.0808699291213,-37.39093129343109
2022-04-13,3.390000104904175,3.424999952316284,3.0299999713897705,3.0899999141693115,4293400,3.6600000143051146,4.916115009784699,-7.37704667611051,-31.04310826420963
2022-04-14,3.140000104904175,3.4100000858306885,3.130000114440918,3.4000000953674316,3445900,3.650000014305115,4.9121150100231175,-13.972600202798446,-36.076413143889376
2022-04-18,3.2100000381469727,3.239000082015991,3.009999990463257,3.109999895095825,3084300,3.6462000131607057,4.909415010213852,-11.963138978643507,-34.61542706272155
2022-04-19,3.299999952316284,3.3499999046325684,3.1600000858306885,3.2200000286102295,2895400,3.6360000133514405,4.905615010261536,-9.240925737111105,-32.73014809736671
2022-04-20,3.190000057220459,3.3499999046325684,3.1500000953674316,3.3499999046325684,2115200,3.616800012588501,4.9016650104522705,-11.80048534291467,-34.92007204861759
2022-04-21,3.0399999618530273,3.3399999141693115,3.0,3.25,3176700,3.5922000122070314,4.896265010833741,-15.372196661586635,-37.9118582199583
2022-04-22,2.859999895095825,3.069999933242798,2.8499999046325684,3.0299999713897705,3745300,3.5614000082015993,4.891125010251999,-19.694505292595878,-41.526747136882655
2022-04-25,2.9700000286102295,2.9700000286102295,2.75,2.7799999713897705,4373100,3.5352000045776366,4.886475009918213,-15.987779340222463,-39.21998940786684
2022-04-26,2.7699999809265137,2.950000047683716,2.75,2.930000066757202,4282000,3.5126000022888184,4.881225010156632,-21.141035725059066,-43.25195058283887
2022-04-27,2.859999895095825,2.9600000381469727,2.7799999713897705,2.7799999713897705,6179000,3.4926000022888184,4.877975009679794,-18.112583942576567,-41.369115474751794
2022-04-28,3.0,3.059999942779541,2.7200000286102295,2.9000000953674316,5867800,3.470600004196167,4.875525009632111,-13.559615156664062,-38.468165088412306
2022-04-29,2.880000114440918,3.140000104904175,2.869999885559082,2.9100000858306885,5050700,3.4454000091552732,4.872975009679794,-16.4102830792346,-40.89852484939863
2022-05-02,3.0199999809265137,3.049999952316284,2.8289999961853027,2.859999895095825,4488600,3.4332000064849852,4.872275009155273,-12.035419572934181,-38.01663544747028
2022-05-03,2.9800000190734863,3.0799999237060547,2.930000066757202,2.940000057220459,3365300,3.423800005912781,4.871925009489059,-12.962205329542254,-38.83321247208581
2022-05-04,3.2100000381469727,3.2100000381469727,2.875,3.049999952316284,6190200,3.4244000053405763,4.872025009393692,-6.260949855718745,-34.11363792349565
2022-05-05,2.8399999141693115,3.140000104904175,2.7799999713897705,3.119999885559082,5635500,3.4200000047683714,4.86942500948906,-16.95906695293534,-41.6768939118069
2022-05-06,2.7100000381469727,2.8399999141693115,2.640000104904175,2.809999942779541,4818300,3.4064000034332276,4.866225010156631,-20.443869321993024,-44.31001376856298
2022-05-09,2.1700000762939453,2.5280001163482666,2.1500000953674316,2.4800000190734863,8105700,3.384000005722046,4.860625010728836,-35.87470234560679,-55.35553408246648
2022-05-10,2.0899999141693115,2.3399999141693115,2.0299999713897705,2.3299999237060547,6216100,3.350400004386902,4.849475009441376,-37.61939137318721,-56.90255316090258
2022-05-11,1.850000023841858,2.174999952316284,1.850000023841858,1.9199999570846558,8905000,3.306800000667572,4.839925009608269,-44.05467450500839,-61.77626677749719
2022-05-12,1.8899999856948853,2.0299999713897705,1.6749999523162842,1.7200000286102295,8178900,3.263400001525879,4.829675009250641,-42.08494255037165,-60.86693241108717
2022-05-13,2.0299999713897705,2.1700000762939453,1.9600000381469727,2.0799999237060547,7814600,3.2292000007629396,4.820575009584427,-37.136133689144145,-57.888841738720856
2022-05-16,1.8700000047683716,2.0299999713897705,1.8509999513626099,2.0199999809265137,4174000,3.1977999997138977,4.808975009322166,-41.52229642455195,-61.11437466105794
2022-05-17,2.009999990463257,2.0350000858306885,1.8899999856948853,1.9500000476837158,4237800,3.1733999991416932,4.797175009846687,-36.660994800311975,-58.10034058925246
2022-05-18,1.899999976158142,2.0399999618530273,1.8600000143051147,1.940000057220459,4865500,3.1446000003814696,4.7848250102996825,-39.5789615236388,-60.29112930842289
2022-05-19,1.8799999952316284,2.0199999809265137,1.8600000143051147,1.8899999856948853,5563600,3.109599997997284,4.77052501142025,-39.542063402288754,-60.59133972191613
2022-05-20,1.8200000524520874,1.9450000524520874,1.690000057220459,1.940000057220459,5345100,3.076799998283386,4.753975011110306,-40.847632167592785,-61.71624696809206
2022-05-23,1.7999999523162842,1.8600000143051147,1.7400000095367432,1.8200000524520874,2352000,3.047799997329712,4.733225011825562,-40.941008140516786,-61.97096170540939
2022-05-24,1.690000057220459,1.7599999904632568,1.6399999856948853,1.75,3643800,3.0179999971389773,4.7086250114440915,-44.00264881303658,-64.10841693460418
2022-05-25,1.6799999475479126,1.75,1.6549999713897705,1.7000000476837158,5919600,2.984999997615814,4.6840750104188915,-43.71859467705976,-64.1337949582137
2022-05-26,1.7200000286102295,1.7599999904632568,1.6100000143051147,1.649999976158142,4880200,2.9491999983787536,4.657275010943413,-41.67909841462922,-63.0685320371104
2022-05-27,1.840000033378601,1.8849999904632568,1.7400000095367432,1.7699999809265137,4577800,2.9098000001907347,4.633925009965896,-36.76541228751149,-60.29283966785335
2022-05-31,2.009999990463257,2.0999999046325684,1.899999976158142,2.0399999618530273,6772000,2.872399997711182,4.610075008869171,-30.023673859320166,-56.39984194191452
2022-06-01,1.8799999952316284,2.049999952316284,1.850000023841858,2.0199999809265137,4084600,2.8369999957084655,4.587525009512901,-33.73281642314038,-59.01929708648619
2022-06-02,1.9600000381469727,1.9900000095367432,1.8600000143051147,1.8899999856948853,2148200,2.801199996471405,4.570175010561943,-30.029985698417427,-57.11323891060414
2022-06-03,1.940000057220459,1.9500000476837158,1.850000023841858,1.8799999952316284,2706800,2.7661999964714052,4.551725010275841,-29.86768636775562,-57.37879479009009
2022-06-06,1.909999966621399,2.049999952316284,1.909999966621399,2.0299999713897705,2738400,2.7249999952316286,4.532325010299683,-29.90825798298593,-57.85827445558439
2022-06-07,1.8799999952316284,1.8899999856948853,1.7999999523162842,1.8200000524520874,4150500,2.6879999947547915,4.512225009799003,-30.059523850440762,-58.33541121843627
2022-06-08,1.8300000429153442,1.9450000524520874,1.7999999523162842,1.850000023841858,3648800,2.640199999809265,4.492675011157989,-30.68706753096174,-59.26702825442829
2022-06-09,1.7300000190734863,1.8380000591278076,1.7200000286102295,1.7999999523162842,3283800,2.5901999998092653,4.473425011634827,-33.20979000845964,-61.327170689707124
2022-06-10,1.590000033378601,1.7000000476837158,1.5800000429153442,1.6200000047683716,7151200,2.542000000476837,4.45302501142025,-37.4508248198134,-64.29393436369931
2022-06-13,1.340000033378601,1.4600000381469727,1.3300000429153442,1.350000023841858,6564500,2.4938000011444093,4.432375012636185,-46.266740205161895,-69.76790028915836
2022-06-14,1.3700000047683716,1.409999966621399,1.2899999618530273,1.340000033378601,6252500,2.445200002193451,4.409575013518333,-43.97186309752078,-68.93124619564485
2022-06-15,1.4299999475479126,1.4500000476837158,1.3300000429153442,1.3600000143051147,7703400,2.398600001335144,4.386925013065338,-40.38189165546881,-67.40313674637652
2022-06-16,1.2999999523162842,1.3899999856948853,1.2799999713897705,1.3700000047683716,3653400,2.3544000005722046,4.363975013494492,-44.78423581378112,-70.21064629617808
2022-06-17,1.3300000429153442,1.3899999856948853,1.309999942779541,1.3200000524520874,5601300,2.315400002002716,4.341225013136864,-42.558519402049136,-69.36348521694529
2022-06-21,1.3899999856948853,1.4900000095367432,1.3600000143051147,1.375,2692200,2.277400002479553,4.318475012779236,-38.965487653398526,-67.81271208976327
2022-06-22,1.309999942779541,1.4199999570846558,1.2999999523162842,1.3300000429153442,1881100,2.24,4.292975013256073,-41.51785969734193,-69.48503220413689
2022-06-23,1.3799999952316284,1.399999976158142,1.2999999523162842,1.340000033378601,2225100,2.2054000020027162,4.270325013995171,-37.42631749440214,-67.68395869848447
2022-06-24,1.5,1.5399999618530273,1.399999976158142,1.4299999475479126,4355400,2.173800003528595,4.248225013613701,-30.996411925423562,-64.69113582276935
2022-06-27,1.3899999856948853,1.5,1.3899999856948853,1.4900000095367432,1970400,2.1338000011444094,4.225475013256073,-34.858000517883866,-67.10429049197532
2022-06-28,1.2699999809265137,1.4299999475479126,1.2699999809265137,1.4199999570846558,2797400,2.096399998664856,4.203975012302399,-39.41995889451706,-69.79049644181947
2022-06-29,1.190000057220459,1.2599999904632568,1.1399999856948853,1.2599999904632568,3899500,2.0559999990463256,4.182325012683869,-42.120619758149815,-71.54692536779163
2022-06-30,1.1200000047683716,1.149999976158142,1.0700000524520874,1.149999976158142,4339600,2.0124000000953672,4.160275011658668,-44.34506038981838,-73.07870269081475
2022-07-01,1.100000023841858,1.1660000085830688,1.0700000524520874,1.1399999856948853,2465000,1.9705999994277954,4.138325012922287,-44.17943650861332,-73.41919688746026
2022-07-05,1.2899999618530273,1.2899999618530273,1.0399999618530273,1.0399999618530273,3339200,1.9355999994277955,4.11837501168251,-33.3540007111811,-68.67696705147756
2022-07-06,1.1699999570846558,1.2899999618530273,1.1699999570846558,1.25,2726200,1.901800000667572,4.098625012040138,-38.47933764465448,-71.45384235816502
2022-07-07,1.3300000429153442,1.3300000429153442,1.1699999570846558,1.190000057220459,2842700,1.8690000009536742,4.083125013113022,-28.8389490510059,-67.42690858976819
2022-07-08,1.3600000143051147,1.399999976158142,1.2319999933242798,1.2799999713897705,3645300,1.8408000016212462,4.068625012040139,-26.11907794940661,-66.57347358676421
2022-07-11,1.190000057220459,1.309999942779541,1.1799999475479126,1.309999942779541,1854100,1.807400004863739,4.0513250118494035,-34.159563239008975,-70.6268923441116
2022-07-12,1.1399999856948853,1.2100000381469727,1.1150000095367432,1.1799999475479126,1663200,1.7702000045776367,4.031925011873245,-35.60049809361032,-71.72566497794963
2022-07-13,1.159999966621399,1.187000036239624,1.0700000524520874,1.090000033378601,2158200,1.7358000016212463,4.013525010943413,-33.17202641214697,-71.09772672504833
2022-07-14,1.149999976158142,1.190000057220459,1.090000033378601,1.1299999952316284,2536400,1.6984000015258789,3.996325010061264,-32.28921484191254,-71.22356231630638
2022-07-15,1.1699999570846558,1.2100000381469727,1.1399999856948853,1.190000057220459,1935800,1.6622000002861024,3.980675008893013,-29.611361034576333,-70.60800104326977
2022-07-18,1.25,1.3899999856948853,1.2400000095367432,1.25,5029300,1.6229999995231628,3.966175008416176,-22.982131831962427,-68.48348856650261
2022-07-19,1.4299999475479126,1.4500000476837158,1.309999942779541,1.3200000524520874,5920400,1.5948000001907348,3.9520750081539155,-10.333587448151016,-63.81647755678881
2022-07-20,1.4700000286102295,1.5499999523162842,1.409999966621399,1.5299999713897705,6989100,1.57,3.934275007247925,-6.369424929284751,-62.63606316533239
2022-07-21,1.5,1.5,1.3600000143051147,1.3899999856948853,4494200,1.556599998474121,3.91697500705719,-3.6361299325198493,-61.70514243012888
2022-07-22,1.340000033378601,1.5700000524520874,1.2999999523162842,1.5399999618530273,5217700,1.5416000008583068,3.8975250071287153,-13.077320145787642,-65.61920626736988
2022-07-25,1.2999999523162842,1.3300000429153442,1.2699999809265137,1.3300000429153442,2681500,1.5305999994277955,3.878125007748604,-15.065990278173235,-66.47864754955431
2022-07-26,1.2599999904632568,1.2699999809265137,1.2000000476837158,1.2200000286102295,2225000,1.5179999995231628,3.8592750066518784,-16.996048033000623,-67.35138106790757
2022-07-27,1.3799999952316284,1.399999976158142,1.2699999809265137,1.2699999809265137,5004300,1.505,3.840525006055832,-8.305648157366875,-64.06741283924433
2022-07-28,1.4700000286102295,1.4900000095367432,1.309999942779541,1.3700000047683716,4687900,1.4970000004768371,3.8216250061988832,-1.803605334536229,-61.53468678308809
2022-07-29,1.4600000381469727,1.559999942779541,1.409999966621399,1.4700000286102295,9702600,1.4860000014305115,3.8044250059127807,-1.7496610537355073,-61.623634691763876
2022-08-01,1.409999966621399,1.4800000190734863,1.375,1.399999976158142,2509300,1.4762000012397767,3.786325004696846,-4.484489538191305,-62.76072537692017
2022-08-02,1.4900000095367432,1.5299999713897705,1.3600000143051147,1.3899999856948853,4297200,1.468400001525879,3.76877500474453,1.4709893754030645,-60.464606996677304
2022-08-03,1.6100000143051147,1.6449999809265137,1.5099999904632568,1.5399999618530273,4485800,1.4642000007629394,3.749925004243851,9.95765697761264,-57.06580764993829
2022-08-04,1.5399999618530273,1.6799999475479126,1.5199999809265137,1.6100000143051147,4564100,1.4590000009536743,3.729625004529953,5.551745088855897,-58.70898656077852
2022-08-05,1.6200000047683716,1.6200000047683716,1.5,1.559999942779541,3921900,1.4575999999046325,3.7093250054121016,11.141602968877917,-56.3262857149291
2022-08-08,1.690000057220459,1.7799999713897705,1.6399999856948853,1.7000000476837158,4736300,1.4578000020980835,3.688725005984306,15.928114610247658,-54.184710042664285
2022-08-09,1.5700000524520874,1.649999976158142,1.5390000343322754,1.6399999856948853,2914300,1.4548000025749206,3.669175006151199,7.918617656947258,-57.21108832857369
2022-08-10,1.7200000286102295,1.7400000095367432,1.6349999904632568,1.690000057220459,6139500,1.4524000024795531,3.6515250062942504,18.4246781653695,-52.896391900769935
2022-08-11,1.7400000095367432,1.940000057220459,1.7200000286102295,1.8700000047683716,7109900,1.447000002861023,3.633275007009506,20.248791022556855,-52.10932268601074
2022-08-12,2.0,2.0199999809265137,1.6799999475479126,1.7400000095367432,5918600,1.4494000029563905,3.6172250068187712,37.98813273910113,-44.70899664162907
2022-08-15,2.180000066757202,2.3299999237060547,1.8949999809265137,2.0999999046325684,11282700,1.453800003528595,3.603775007724762,49.9518545512456,-39.50787543383454
2022-08-16,2.0,2.180000066757202,1.940000057220459,2.109999895095825,8401100,1.4550000023841858,3.587325007915497,37.457044448300245,-44.24815160078989
2022-08-17,1.809999942779541,1.9249999523162842,1.7699999809265137,1.909999966621399,6638300,1.4530000019073486,3.570775008201599,24.56985136982517,-49.31072558135951
2022-08-18,1.7200000286102295,1.8600000143051147,1.7100000381469727,1.8600000143051147,4713600,1.4498000025749207,3.5515250074863434,18.63705514935987,-51.57009946474822
2022-08-19,1.5,1.590000033378601,1.4900000095367432,1.5800000429153442,4709500,1.4432000017166138,3.526975008249283,3.9356983242672783,-57.4706371184476
2022-08-22,1.3799999952316284,1.4500000476837158,1.3600000143051147,1.4299999475479126,3780100,1.4362000012397766,3.499625008702278,-3.9131044394676517,-60.56720386326887
2022-08-23,1.4500000476837158,1.4900000095367432,1.3799999952316284,1.409999966621399,5658600,1.433400001525879,3.470875009894371,1.1580888893655494,-58.22378957610912
2022-08-24,1.4700000286102295,1.5169999599456787,1.399999976158142,1.4299999475479126,5167800,1.4360000014305114,3.4418250089883804,2.3676899126635176,-57.29009973571285
2022-08-25,1.4600000381469727,1.5099999904632568,1.409999966621399,1.4700000286102295,5599400,1.4378000020980835,3.408375011086464,1.5440280996309674,-57.164336864399836
2022-08-26,1.340000033378601,1.4800000190734863,1.3109999895095825,1.4500000476837158,5086200,1.4360000038146972,3.3707250118255616,-6.6852346922753885,-60.24594030431256
2022-08-29,1.3200000524520874,1.3680000305175781,1.2599999904632568,1.2899999618530273,5502500,1.4364000058174133,3.3378250116109847,-8.103589034663505,-60.45328775893509
2022-08-30,1.2799999713897705,1.3600000143051147,1.2400000095367432,1.350000023841858,4921600,1.435400004386902,3.3038250118494035,-10.826252788225887,-61.25702884387159
2022-08-31,1.2999999523162842,1.3300000429153442,1.2599999904632568,1.2999999523162842,4301900,1.43360000371933,3.2674250119924544,-9.319199989985627,-60.213319432125154
2022-09-01,1.25,1.2790000438690186,1.190000057220459,1.25,4413600,1.432400004863739,3.2306250137090684,-12.73387351608466,-61.307796643198785
2022-09-02,1.2200000286102295,1.2999999523162842,1.2000000476837158,1.2799999713897705,3975100,1.429200005531311,3.1945750123262404,-14.63755780236724,-61.81025570215538
2022-09-06,1.149999976158142,1.2300000190734863,1.1299999952316284,1.2200000286102295,4305500,1.4222000050544739,3.1575250101089476,-19.13936351630837,-63.57906992101823
2022-09-07,1.2100000381469727,1.2100000381469727,1.1299999952316284,1.1299999952316284,1740000,1.4186000061035156,3.12472501039505,-14.704636053788466,-61.27659124813687
2022-09-08,1.2799999713897705,1.2899999618530273,1.1699999570846558,1.2000000476837158,2776200,1.4188000059127808,3.09022500872612,-9.782917532038892,-58.57906891002014
2022-09-09,1.399999976158142,1.440000057220459,1.350000023841858,1.3700000047683716,5518000,1.4230000042915345,3.0600250083208085,-1.6163055561509543,-54.248740701423436
2022-09-12,1.409999966621399,1.4900000095367432,1.3799999952316284,1.4900000095367432,3661000,1.428800003528595,3.0268750083446503,-1.3157920535251333,-53.417304555548675
2022-09-13,1.25,1.3450000286102295,1.25,1.3200000524520874,4550000,1.431800003051758,2.9938750088214876,-12.697304278828536,-58.24808997313313
2022-09-14,1.2599999904632568,1.2799999713897705,1.2300000190734863,1.2699999809265137,2206900,1.4312000036239625,2.964475009441376,-11.96199082778141,-57.49669042746659
2022-09-15,1.2699999809265137,1.3200000524520874,1.2400000095367432,1.2699999809265137,2883600,1.4332000041007995,2.9315250086784364,-11.387107361660853,-56.67783910535208
2022-09-16,1.2400000095367432,1.2599999904632568,1.2000000476837158,1.25,3358100,1.4314000034332275,2.899475008249283,-13.371523923250628,-57.23363691672372
2022-09-19,1.2400000095367432,1.25,1.1799999475479126,1.1799999475479126,3587000,1.42900000333786,2.8676750087738037,-13.226031725657839,-56.75939547741995
2022-09-20,1.149999976158142,1.2300000190734863,1.149999976158142,1.2000000476837158,3270000,1.4282000017166139,2.837425009608269,-19.47906632293036,-59.47029534652232
2022-09-21,1.159999966621399,1.2300000190734863,1.1200000047683716,1.190000057220459,4925200,1.428600001335144,2.8119750094413756,-18.801626379862547,-58.74785648070736
2022-09-22,1.100000023841858,1.1699999570846558,1.0800000429153442,1.159999966621399,3868800,1.4274000024795532,2.7872250086069106,-22.936806646277496,-60.53422237368444
2022-09-23,1.0700000524520874,1.100000023841858,1.0199999809265137,1.100000023841858,3043700,1.4258000040054322,2.7608750081062317,-24.954408090462397,-61.244168993147106
2022-09-26,1.0299999713897705,1.1100000143051147,1.0099999904632568,1.059999942779541,4376500,1.4230000042915345,2.7338750088214874,-27.61771129420523,-62.32454051241426
2022-09-27,1.0399999618530273,1.1100000143051147,1.024999976158142,1.090000033378601,3830800,1.418800003528595,2.7100250089168547,-26.698621421869284,-61.62397179247082
2022-09-28,1.100000023841858,1.1200000047683716,1.0199999809265137,1.0199999809265137,3526400,1.4122000050544739,2.687625009417534,-22.10734882418962,-59.0716703413825
2022-09-29,1.0499999523162842,1.0800000429153442,1.0199999809265137,1.0700000524520874,2561500,1.403800003528595,2.6675750094652178,-25.203023958042326,-60.63840946962601
2022-09-30,1.0499999523162842,1.1200000047683716,1.0199999809265137,1.0399999618530273,2380400,1.3948000025749208,2.648025009036064,-24.720393577724842,-60.34780832003902
2022-10-03,1.0800000429153442,1.0989999771118164,1.0299999713897705,1.0800000429153442,2322500,1.3896000027656554,2.627375009059906,-22.279789812473304,-58.894332206433816
2022-10-04,1.1299999952316284,1.159999966621399,1.1100000143051147,1.1200000047683716,5214600,1.3862000036239623,2.608525008559227,-18.48218206049247,-56.68049984095171
2022-10-05,1.1399999856948853,1.149999976158142,1.0700000524520874,1.090000033378601,2973100,1.383800003528595,2.590575008392334,-17.618154156094544,-55.99432627884612
2022-10-06,1.1100000143051147,1.190000057220459,1.100000023841858,1.1299999952316284,2855400,1.3784000039100648,2.5733750075101853,-19.471850612564424,-56.86598295756855
2022-10-07,1.0199999809265137,1.090000033378601,1.0,1.0800000429153442,2856000,1.3694000029563904,2.5539750069379807,-25.514825564156485,-60.062256750530416
2022-10-10,0.9700000286102295,1.0499999523162842,0.9449999928474426,1.0199999809265137,2920700,1.3596000027656556,2.533325007557869,-28.655484948728606,-61.71039934803662
2022-10-11,0.9290000200271606,0.9800000190734863,0.9129999876022339,0.9700000286102295,1828400,1.3499800038337708,2.5089700067043306,-31.184164403256396,-62.97285270271313
2022-10-12,0.9549999833106995,0.9599999785423279,0.9010000228881836,0.9419999718666077,1905200,1.3392800033092498,2.483945006430149,-28.693030512590813,-61.553094740885726
2022-10-13,1.0,1.0199999809265137,0.8899999856948853,0.8899999856948853,2366900,1.3270800030231475,2.4628950062394144,-24.646592690572135,-59.397375955262646
2022-10-14,0.9490000009536743,1.065000057220459,0.9470000267028809,1.0299999713897705,1941100,1.3152600038051605,2.442190005481243,-27.84696575520159,-61.14143458028482
2022-10-17,0.9980000257492065,1.0299999713897705,0.9660000205039978,1.0099999904632568,1491100,1.3028200042247773,2.421580006182194,-23.396937219807977,-58.78723712611793
2022-10-18,0.9610000252723694,1.0299999713897705,0.9509999752044678,1.0299999713897705,1463000,1.2882400035858155,2.4011350053548814,-25.402097233634557,-59.97725979050744
2022-10-19,0.9390000104904175,0.9599999785423279,0.9200000166893005,0.949999988079071,1064600,1.275620002746582,2.380580004453659,-26.388735793682784,-60.55583056508461
2022-10-20,0.9359999895095825,0.9800000190734863,0.925000011920929,0.9300000071525574,1538600,1.259940001964569,2.359160005450249,-25.7107490793118,-60.32486192766965
2022-10-21,0.949999988079071,0.949999988079071,0.9100000262260437,0.9409999847412109,1958300,1.2441400015354156,2.340510006248951,-23.64203490711182,-59.410556436731454
2022-10-24,0.9470000267028809,0.949999988079071,0.8999999761581421,0.949999988079071,2020400,1.2230800020694732,2.3225950053334237,-22.57251977789352,-59.22663983482851
2022-10-25,1.100000023841858,1.100000023841858,0.9399999976158142,0.9399999976158142,4149900,1.2014800012111664,2.3066450056433676,-8.446247733379696,-52.31168987205959
2022-10-26,1.059999942779541,1.159999966621399,1.0499999523162842,1.1100000143051147,3852000,1.1826800000667572,2.2903950056433677,-10.373055879890714,-53.719775839199016
2022-10-27,0.9980000257492065,1.100000023841858,0.9909999966621399,1.0700000524520874,5550700,1.1664400017261505,2.2718350055813787,-14.440517791543407,-56.07075235229016
2022-10-28,1.0499999523162842,1.0499999523162842,0.9700000286102295,0.9900000095367432,3576100,1.1530400002002716,2.252385005056858,-8.936381033276419,-53.38274984254841
2022-10-31,0.9589999914169312,1.0299999713897705,0.9520000219345093,1.0299999713897705,4369000,1.1422200000286102,2.234780004918575,-16.040693439712996,-57.08749902423291
2022-11-01,0.9459999799728394,1.0099999904632568,0.9399999976158142,0.9900000095367432,1876900,1.1335399997234346,2.2167100051045416,-16.544631843283163,-57.3241435372948
2022-11-02,0.8899999856948853,0.9700000286102295,0.8899999856948853,0.9430000185966492,3054800,1.1223399984836577,2.2002100047469138,-20.701392902567527,-59.549316484575286
2022-11-03,0.8880000114440918,0.9399999976158142,0.8799999952316284,0.8999999761581421,2438100,1.1106999981403352,2.1843000039458276,-20.050417490691807,-59.346243197364615
2022-11-04,0.8889999985694885,0.9399999976158142,0.8700000047683716,0.9120000004768372,4539100,1.0992799973487855,2.167945004701614,-19.128884295761285,-58.993424803603524
2022-11-07,0.8740000128746033,0.8999999761581421,0.8500000238418579,0.8899999856948853,1856600,1.0899599969387055,2.1544150051474573,-19.813569733811697,-59.43214233161251
2022-11-08,0.8069999814033508,0.8949999809265137,0.7720000147819519,0.8600000143051147,5516700,1.0796999955177307,2.140950005054474,-25.257017249834902,-62.30645370054694
2022-11-09,0.7099999785423279,0.777999997138977,0.6940000057220459,0.777999997138977,4710800,1.068299995660782,2.1270000049471856,-33.53926973451241,-66.61965317861119
2022-11-10,0.6970000267028809,0.7799999713897705,0.6970000267028809,0.7599999904632568,4981300,1.0562399971485137,2.1130350050330162,-34.01120686732728,-67.01426975688032
2022-11-11,0.8519999980926514,0.8519999980926514,0.6800000071525574,0.7099999785423279,4593100,1.048279997110367,2.1018200048804285,-18.724004994731423,-59.46370307094298
2022-11-14,0.7630000114440918,0.8109999895095825,0.7409999966621399,0.7409999966621399,2254900,1.039139996767044,2.088885005414486,-26.573896316384182,-63.47333580037385
2022-11-15,0.75,0.8100000023841858,0.75,0.8100000023841858,2024400,1.0311399972438813,2.0743350049853326,-27.264968674994293,-63.84383437595689
2022-11-16,0.699999988079071,0.75,0.6949999928474426,0.75,1855600,1.0209399962425232,2.0583350044488906,-31.435736609853926,-65.99193102356568
2022-11-17,0.6759999990463257,0.699999988079071,0.6600000262260437,0.6940000057220459,2428000,1.0088599967956542,2.0435150039196013,-32.99367591207501,-66.9197437870673
2022-11-18,0.6499999761581421,0.7099999785423279,0.6399999856948853,0.7099999785423279,2121900,0.9938599967956543,2.029765003323555,-34.59843657518823,-67.97658964984487
2022-11-21,0.550000011920929,0.6349999904632568,0.550000011920929,0.6349999904632568,4740900,0.9766599977016449,2.013465003669262,-43.68562107435204,-72.6839050632303
2022-11-22,0.5899999737739563,0.6060000061988831,0.5550000071525574,0.5879999995231628,3987800,0.963459997177124,1.9956650030612946,-38.762379807919544,-70.43592121578959
2022-11-23,0.6200000047683716,0.6380000114440918,0.6000000238418579,0.6150000095367432,3608100,0.9506599974632263,1.9774150031805038,-34.782150671869985,-68.64593402137871
2022-11-25,0.6129999756813049,0.6499999761581421,0.6060000061988831,0.6489999890327454,1375900,0.9375199973583221,1.9584800025820732,-34.61473062883213,-68.7002177774028
2022-11-28,0.5899999737739563,0.6340000033378601,0.5759999752044678,0.6200000047683716,1747200,0.9245199966430664,1.9400300014019012,-36.183103024677976,-69.58810052691909
2022-11-29,0.5630000233650208,0.6010000109672546,0.5630000233650208,0.5879999995231628,1745100,0.9109799969196319,1.923345001041889,-38.198420901804994,-70.72807930662259
2022-11-30,0.5830000042915344,0.6000000238418579,0.5600000023841858,0.6000000238418579,4086800,0.8996399974822998,1.9069600015878678,-35.19630008413396,-69.42778014189663
2022-12-01,0.5799999833106995,0.6299999952316284,0.5419999957084656,0.5950000286102295,4958900,0.8880399978160858,1.8893600019812584,-34.68762840220422,-69.30177506126476
2022-12-02,0.578000009059906,0.5820000171661377,0.5529999732971191,0.5799999833106995,2665700,0.8775999975204468,1.8715500026941299,-34.1385584898615,-69.1165072678868
2022-12-05,0.5400000214576721,0.5960000157356262,0.5400000214576721,0.5950000286102295,1533100,0.8669999969005585,1.8561000022292138,-37.71626027818683,-70.90673881746021
2022-12-06,0.5,0.5529999732971191,0.5,0.5519999861717224,1749300,0.8563999974727631,1.8413500019907951,-41.6160670859995,-72.84600975048635
2022-12-07,0.4880000054836273,0.5220000147819519,0.47999998927116394,0.5080000162124634,2460700,0.845359998345375,1.8278900016844273,-42.273113651131965,-73.30255075338624
2022-12-08,0.5099999904632568,0.5199999809265137,0.48899999260902405,0.49000000953674316,1375000,0.8335599976778031,1.8151400019228459,-38.816642847059015,-71.90299426363835
2022-12-09,0.49000000953674316,0.5289999842643738,0.49000000953674316,0.5220000147819519,859200,0.8223599988222122,1.8006400014460087,-40.4153886085749,-72.78745284214239
2022-12-12,0.5019999742507935,0.5149999856948853,0.47999998927116394,0.48500001430511475,1275000,0.8113999992609024,1.7867000015079975,-38.131627470044236,-71.90351072776073
2022-12-13,0.5400000214576721,0.550000011920929,0.5139999985694885,0.5350000262260437,3767000,0.8005999988317489,1.7705500017106532,-32.55058428108286,-69.50100133088928
2022-12-14,0.5239999890327454,0.550000011920929,0.5180000066757202,0.5379999876022339,2103500,0.7884799987077713,1.7530200006067753,-33.54302076254039,-70.10872729054019
2022-12-15,0.46000000834465027,0.5099999904632568,0.46000000834465027,0.5099999904632568,3168400,0.7748799991607666,1.7350200009346008,-40.63596829923949,-73.48733685508739
2022-12-16,0.5019999742507935,0.5049999952316284,0.42899999022483826,0.4699999988079071,4236700,0.7627199983596802,1.7188300007581712,-34.182927505453655,-70.79408818618695
2022-12-19,0.46000000834465027,0.5099999904632568,0.4300000071525574,0.5,1669700,0.7515199989080429,1.703930000513792,-38.79071627993541,-73.003585346467
2022-12-20,0.44999998807907104,0.47600001096725464,0.4410000145435333,0.44999998807907104,1492700,0.7411199980974197,1.69003000035882,-39.281089535527705,-73.37325444024492
2022-12-21,0.43799999356269836,0.4650000035762787,0.43799999356269836,0.44999998807907104,1719800,0.7312999975681305,1.6755200007557869,-40.10666005480292,-73.85886212249767
2022-12-22,0.41999998688697815,0.4490000009536743,0.4099999964237213,0.4399999976158142,1774900,0.7205999976396561,1.6594700001180172,-41.715238931071475,-74.6907152972269
2022-12-23,0.41200000047683716,0.4339999854564667,0.4020000100135803,0.42500001192092896,1336700,0.7088399976491928,1.6442299999296666,-41.87686899114047,-74.94267830568346
2022-12-27,0.3799999952316284,0.41200000047683716,0.37599998712539673,0.40400001406669617,1324600,0.6974599975347519,1.6298799999058247,-45.51658925604627,-76.68540044337098
2022-12-28,0.4009999930858612,0.4099999964237213,0.3799999952316284,0.38999998569488525,2328000,0.685519996881485,1.615984999537468,-41.50426028269641,-75.18541365169624
2022-12-29,0.3970000147819519,0.41499999165534973,0.38999998569488525,0.39399999380111694,1815000,0.6742399966716767,1.6013199999928474,-41.118886933183184,-75.20795251519215
2022-12-30,0.4399999976158142,0.4399999976158142,0.382999986410141,0.3970000147819519,2239200,0.6642599964141845,1.5859700000286103,-33.760876766472926,-72.25672631841228
2023-01-03,0.4269999861717224,0.4429999887943268,0.41999998688697815,0.4359999895095825,1092500,0.6540799963474274,1.5690550002455712,-34.71746750302497,-72.78616835580058
2023-01-04,0.5109999775886536,0.5220000147819519,0.4339999854564667,0.4399999976158142,3616100,0.645299996137619,1.55220999956131,-20.812028413575902,-67.07919819270111
2023-01-05,0.5230000019073486,0.5350000262260437,0.47999998927116394,0.5249999761581421,1481400,0.6368199956417083,1.5365749990940094,-17.87318151335151,-65.96326230638152
2023-01-06,0.5440000295639038,0.550000011920929,0.5,0.5400000214576721,1550700,0.6256999957561493,1.520544999241829,-13.057370424545445,-64.22335216418114
2023-01-09,0.6710000038146973,0.7459999918937683,0.6000000238418579,0.6240000128746033,6912000,0.6179199969768524,1.5054499989748,8.590109900559394,-55.428609102152635
2023-01-10,0.7250000238418579,0.746999979019165,0.6589999794960022,0.6830000281333923,4479500,0.6124599969387055,1.4892249989509583,18.375082040568834,-51.316958528592835
2023-01-11,0.699999988079071,0.7480000257492065,0.6759999990463257,0.7300000190734863,3068900,0.6054599976539612,1.4740749987959862,15.61457252195584,-52.51259341276218
2023-01-12,1.0099999904632568,1.0099999904632568,0.6919999718666077,0.75,10457800,0.6064799976348877,1.4580249997973442,66.53475702446757,-30.728211751949374
2023-01-13,1.0700000524520874,1.2599999904632568,0.9200000166893005,0.9900000095367432,14683700,0.6089599990844726,1.4422249999642371,75.70941507829008,-25.809076081844363
2023-01-17,1.100000023841858,1.25,1.059999942779541,1.2300000190734863,10295000,0.6131599998474121,1.4277250000834465,79.39852960330067,-22.95434878722681
2023-01-18,0.9599999785423279,1.159999966621399,0.9200000166893005,1.1200000047683716,10096300,0.6145999991893768,1.4137749999761582,56.19915063594443,-32.09669299863718
2023-01-19,1.090000033378601,1.159999966621399,0.9100000262260437,0.9150000214576721,5962500,0.618619999885559,1.4002250003814698,76.19864110120017,-22.155365524708724
2023-01-20,1.149999976158142,1.190000057220459,1.0410000085830688,1.090000033378601,6912500,0.6241399991512299,1.3871750003099441,84.25352929183052,-17.097700297281072
2023-01-23,1.1799999475479126,1.2200000286102295,1.090000033378601,1.1699999570846558,6918800,0.6315999984741211,1.3755250000953674,86.82709790985876,-14.214576436916715
2023-01-24,1.1299999952316284,1.159999966621399,1.100000023841858,1.1200000047683716,3054900,0.6399999988079071,1.3647750002145767,76.5624995838152,-17.20246963389832
2023-01-25,1.0800000429153442,1.1100000143051147,1.0399999618530273,1.0499999523162842,3444700,0.6476599991321563,1.3537250006198882,66.75416798358857,-20.220130202160835
2023-01-26,1.0700000524520874,1.1699999570846558,1.059999942779541,1.1399999856948853,3919100,0.6520200002193451,1.3431750005483627,64.10540352935956,-20.33800122729721
2023-01-27,1.100000023841858,1.1399999856948853,1.0399999618530273,1.059999942779541,5825100,0.6587600004673004,1.333125001192093,66.98039089525136,-17.48710564589011
2023-01-30,1.059999942779541,1.2000000476837158,1.0199999809265137,1.090000033378601,5514200,0.6649599993228912,1.3230250012874603,59.40807625404643,-19.880581111616536
2023-01-31,0.9860000014305115,1.1299999952316284,0.9819999933242798,1.1100000143051147,12093200,0.6706799995899201,1.311005000770092,47.01497018449787,-24.790523235889307
2023-02-01,1.1100000143051147,1.1299999952316284,0.9599999785423279,1.0199999809265137,7045300,0.6793599998950959,1.3008550003170967,63.38907419873361,-14.671503431624512
2023-02-02,1.149999976158142,1.2300000190734863,1.1100000143051147,1.1799999475479126,10554700,0.6893599998950958,1.2905550000071526,66.82139612584785,-10.891052597388839
2023-02-03,1.059999942779541,1.156000018119812,1.0499999523162842,1.090000033378601,7928900,0.699559998512268,1.2793549999594689,51.52380711215751,-17.14575369517274
2023-02-06,1.0700000524520874,1.1100000143051147,1.0199999809265137,1.0299999713897705,3633300,0.7091600000858307,1.268754999935627,50.882741880899054,-15.665352845397562
2023-02-07,1.100000023841858,1.1100000143051147,1.024999976158142,1.100000023841858,3394300,0.7187600004673004,1.2590550002455712,53.041352207509476,-12.632885487344915
2023-02-08,1.0800000429153442,1.159999966621399,1.0399999618530273,1.0800000429153442,3842500,0.7281000018119812,1.2501550009846687,48.33127870177303,-13.610708906919866
2023-02-09,0.9629999995231628,1.090000033378601,0.9330000281333923,1.0800000429153442,6343600,0.7355600023269653,1.2401200008392335,30.920658610675478,-22.346224649915627
2023-02-10,0.8999999761581421,0.9700000286102295,0.8999999761581421,0.9390000104904175,5091200,0.7423000013828278,1.2307700008153915,21.244776300893918,-26.875047688691833
2023-02-13,0.8799999952316284,0.9139999747276306,0.8560000061988831,0.8989999890327454,2118800,0.7482400012016296,1.2208700013160705,17.609322385651673,-27.92025405792524
2023-02-14,0.9700000286102295,1.0099999904632568,0.8700000047683716,0.8700000047683716,3751600,0.7560400021076202,1.2107200014591217,28.30009336888932,-19.882381769425137
2023-02-15,1.1100000143051147,1.1299999952316284,0.9879999756813049,1.0099999904632568,7465200,0.7666800022125244,1.2018700009584427,44.78009222906818,-7.643920438988017
2023-02-16,1.0499999523162842,1.2000000476837158,1.0499999523162842,1.1399999856948853,8224000,0.7768800008296967,1.1920200008153916,35.156002367791594,-11.91423368751865
2023-02-17,1.1100000143051147,1.1399999856948853,1.0199999809265137,1.0399999618530273,5395300,0.7890800011157989,1.1826700007915496,40.67014912753064,-6.14457003541119
2023-02-21,1.059999942779541,1.1200000047683716,1.0399999618530273,1.090000033378601,3739700,0.8005199998617172,1.1719200003147126,32.41392381984794,-9.550144848207731
2023-02-22,1.0099999904632568,1.0779999494552612,1.0,1.059999942779541,4649400,0.8105199998617172,1.1627700006961823,24.611359452644344,-13.138454736659689
2023-02-23,1.059999942779541,1.059999942779541,0.9940000176429749,1.0399999618530273,2225300,0.8219199985265732,1.1545200002193452,28.96631602586204,-8.186957126931238
2023-02-24,0.9399999976158142,1.0149999856948853,0.9300000071525574,1.0,3152400,0.8306799989938736,1.1483699998259544,13.160302252895217,-18.144848980879036
2023-02-27,0.9470000267028809,1.0199999809265137,0.9309999942779541,0.9900000095367432,1703600,0.8388199990987778,1.1426550003886222,12.896691509540892,-17.122838793791495
2023-02-28,0.949999988079071,0.9779999852180481,0.9290000200271606,0.9419999718666077,1941700,0.8473399990797043,1.1381550002098084,12.115560354859412,-16.531580680667634
2023-03-01,0.949999988079071,0.9900000095367432,0.9150000214576721,0.9279999732971191,2671400,0.8571399986743927,1.1334550002217292,10.83370155963912,-16.185469392853726
2023-03-02,0.9259999990463257,0.9399999976158142,0.906000018119812,0.9399999976158142,1254200,0.8656199991703033,1.1279350003600122,6.975347142383104,-17.903070766421227
2023-03-03,0.8799999952316284,0.8999999761581421,0.8700000047683716,0.8980000019073486,2277800,0.8740199989080429,1.1229850003123283,0.6841944499046404,-21.63742213948717
2023-03-06,0.8899999856948853,0.9300000071525574,0.8700000047683716,0.8999999761581421,1900900,0.8828199988603592,1.1173850002884864,0.8133013347901841,-20.34974646472746
2023-03-07,0.8299999833106995,0.8999999761581421,0.8240000009536743,0.8889999985694885,3019100,0.8906599986553192,1.1120350003242492,-6.810681453776035,-25.36206296845993
2023-03-08,0.8199999928474426,0.843999981880188,0.8009999990463257,0.843999981880188,2372300,0.8986599987745285,1.1067350003123284,-8.753032964007723,-25.908190071152283
2023-03-09,0.7129999995231628,0.8299999833106995,0.699999988079071,0.7950000166893005,3529300,0.904679998755455,1.1012000000476838,-21.18760219038571,-35.25245191679179
2023-03-10,0.7099999785423279,0.7670000195503235,0.6800000071525574,0.7279999852180481,2647400,0.911279998421669,1.0957500001788139,-22.08761524755912,-35.20420000671102
2023-03-13,0.8199999928474426,0.8500000238418579,0.7509999871253967,0.800000011920929,6091700,0.9196599984169006,1.0913999998569488,-10.836614155341362,-24.86714376443824
2023-03-14,0.8640000224113464,0.9449999928474426,0.8270000219345093,0.9300000071525574,5202300,0.9289999985694886,1.087320000231266,-6.9967681655793035,-20.538569857302434
2023-03-15,0.8180000185966492,0.8799999952316284,0.7799999713897705,0.8600000143051147,3270800,0.9365599989891052,1.0828100001811982,-12.659090770524706,-24.455812334595684
2023-03-16,0.8489999771118164,0.8700000047683716,0.800000011920929,0.8180000185966492,2367400,0.9449999988079071,1.077854999899864,-10.158732467427745,-21.232449894402215
2023-03-17,0.8799999952316284,0.9520000219345093,0.8799999952316284,0.9200000166893005,7031500,0.9523799991607667,1.072204999923706,-7.599908019164536,-17.926143294029984
2023-03-20,0.9100000262260437,0.9850000143051147,0.8899999856948853,0.9800000190734863,4462800,0.9601199996471405,1.0673550000786782,-5.220178044360768,-14.742515268213053
2023-03-21,1.0399999618530273,1.0399999618530273,0.8989999890327454,0.9200000166893005,5545700,0.970039998292923,1.0627549996972083,7.212069985074843,-2.141136748419359
2023-03-22,0.9150000214576721,1.0800000429153442,0.9100000262260437,1.0399999618530273,6103800,0.9749199986457825,1.0576299995183944,-6.146142993408943,-13.48581055053948
2023-03-23,0.9869999885559082,1.0199999809265137,0.9300000071525574,0.949999988079071,4327900,0.9801599979400635,1.053014999628067,0.6978442938112117,-6.2691425189076995
2023-03-24,0.9179999828338623,0.968999981880188,0.9100000262260437,0.9399999976158142,2350500,0.9845199978351593,1.0482049995660783,-6.756593583428117,-12.421713003288136
2023-03-27,0.8949999809265137,0.9300000071525574,0.8690000176429749,0.9200000166893005,1692500,0.9822199976444245,1.043529999256134,-8.879886066979214,-14.233421026275995
2023-03-28,0.8960000276565552,0.8989999890327454,0.8510000109672546,0.8600000143051147,2119200,0.9787399971485138,1.0393599992990494,-8.45372312698116,-13.79310072921578
2023-03-29,0.949999988079071,0.9750000238418579,0.9300000071525574,0.9300000071525574,2714500,0.975739996433258,1.0361599990725516,-2.6379986931229227,-8.315319166016922
2023-03-30,0.9269999861717224,0.9700000286102295,0.9200000166893005,0.949999988079071,1980200,0.975079996585846,1.0340949988365173,-4.930878551756923,-10.356399826446294
2023-03-31,0.9700000286102295,0.9800000190734863,0.9269999861717224,0.9269999861717224,2520000,0.9726799964904785,1.0320949989557267,-0.2755241076118131,-6.0164006615984755
2023-04-03,0.9409999847412109,0.9700000286102295,0.9259999990463257,0.9700000286102295,2180700,0.9684999966621399,1.0296499991416932,-2.839443677408948,-8.609723155866567
2023-04-04,0.9359999895095825,0.9769999980926514,0.9169999957084656,0.949999988079071,1262600,0.9636199975013733,1.0278299993276596,-2.8662759244731606,-8.934357809963355
2023-04-05,0.9089999794960022,0.9449999928474426,0.8830000162124634,0.9430000185966492,1820000,0.9591999971866607,1.0257249990105628,-5.233529799613789,-11.37975769598637
2023-04-06,0.9200000166893005,0.9330000281333923,0.8659999966621399,0.8700000047683716,792400,0.9559999966621399,1.023374999165535,-3.7656882948255976,-10.101378532847383
2023-04-10,0.9599999785423279,0.9739999771118164,0.8240000009536743,0.9200000166893005,4537000,0.9537999951839446,1.021624999344349,0.6500297116470044,-6.032058812340169
2023-04-11,1.100000023841858,1.100000023841858,0.9819999933242798,0.9819999933242798,8219600,0.9537999951839446,1.0202249994874,15.32816412205138,7.819355965060648
2023-04-12,1.100000023841858,1.159999966621399,1.0299999713897705,1.0700000524520874,8845100,0.954599996805191,1.0182249996066093,15.231513463574764,8.031134991464794
2023-04-13,1.25,1.309999942779541,1.1200000047683716,1.1399999856948853,11275300,0.9598799967765808,1.0175249996781348,30.224611847073103,22.847104532606277
2023-04-14,1.25,1.350000023841858,1.1510000228881836,1.340000033378601,11562500,0.9626799964904785,1.0174249997735023,29.84584748379191,22.859178836599582
2023-04-17,1.2100000381469727,1.2400000095367432,1.0920000076293945,1.1200000047683716,6612400,0.9638799977302551,1.0175249996781348,25.534303128634384,18.916000936558987
2023-04-18,1.25,1.3200000524520874,1.2200000286102295,1.2799999713897705,4938000,0.9676799988746643,1.018174999654293,29.17493401265414,22.768679296232964
2023-04-19,1.1699999570846558,1.2200000286102295,1.1399999856948853,1.1649999618530273,3847600,0.9696799969673157,1.018524999320507,20.658357472964582,14.871992132269995
2023-04-20,1.065000057220459,1.1649999618530273,1.0499999523162842,1.149999976158142,4709900,0.9689799976348877,1.0173999997973442,9.909395428175971,4.678598135698464
2023-04-21,1.0399999618530273,1.1150000095367432,1.0299999713897705,1.0800000429153442,5610000,0.9681799960136414,1.016749999821186,7.4180386018194655,2.2866940777900524
2023-04-24,1.0499999523162842,1.090000033378601,1.0,1.0399999618530273,4571300,0.9699199950695038,1.0153499993681907,8.256346673319381,3.412611707259039
2023-04-25,1.059999942779541,1.0889999866485596,1.0099999904632568,1.0499999523162842,5136200,0.9731199944019318,1.013849999010563,8.92797896224553,4.551949875624284
2023-04-26,1.1299999952316284,1.2100000381469727,1.100000023841858,1.1799999475479126,8350300,0.9781199944019318,1.0135499987006187,15.527747280389992,11.489319390291541
2023-04-27,1.2200000286102295,1.2350000143051147,1.1150000095367432,1.159999966621399,4987900,0.9831199944019318,1.0139499989151954,24.094722471024575,20.321517817987367
2023-04-28,1.159999966621399,1.2200000286102295,1.159999966621399,1.2000000476837158,5831900,0.9841199934482574,1.0139499989151954,17.87180164452058,14.404060147192599
2023-05-01,1.1100000143051147,1.1699999570846558,1.090000033378601,1.159999966621399,4429200,0.9853199946880341,1.0137499991059302,12.653759214188698,9.494452802374509
2023-05-02,1.149999976158142,1.159999966621399,1.0700000524520874,1.1100000143051147,5301600,0.9861199939250946,1.0136499992012977,16.618665400013754,13.451386283656186
2023-05-03,1.1100000143051147,1.149999976158142,1.090000033378601,1.1399999856948853,4367100,0.9871199953556061,1.0129499992728233,12.448336527236648,9.580928486298612
2023-05-04,1.0800000429153442,1.1390000581741333,1.0700000524520874,1.1299999952316284,3725600,0.9885199964046478,1.0111999997496606,9.254243398557339,6.803801738797088
2023-05-05,1.159999966621399,1.1749999523162842,1.0800000429153442,1.0800000429153442,5948000,0.990519996881485,1.0096499994397163,17.110201739843546,14.891295722786712
2023-05-08,1.0700000524520874,1.1200000047683716,1.059999942779541,1.100000023841858,5089100,0.9931199979782105,1.0074999997019767,7.741265368776085,6.203479182987448
2023-05-09,1.0499999523162842,1.090000033378601,1.0499999523162842,1.0800000429153442,2850900,0.9951799964904785,1.0060499992966652,5.5085467974767655,4.368565483857134
2023-05-10,1.1100000143051147,1.159999966621399,1.0800000429153442,1.100000023841858,7309300,0.9983799970149994,1.0050999996066095,11.18011354632924,10.436773926928922
2023-05-11,1.0099999904632568,1.1100000143051147,1.0,1.0800000429153442,5218000,0.9995799970626831,1.0038499996066093,1.0424371667293597,0.6126404202876579
2023-05-12,0.9800000190734863,1.0099999904632568,0.9549999833106995,1.0,4246200,1.0006599974632264,1.0018499997258186,-2.0646351849894273,-2.1809632837562543
2023-05-15,1.090000033378601,1.100000023841858,1.0099999904632568,1.0399999618530273,3889500,1.0048599982261657,0.9999499997496605,8.472825597867285,9.005453637830364
2023-05-16,1.059999942779541,1.0800000429153442,1.0399999618530273,1.0399999618530273,1747000,1.008259997367859,0.9979499992728234,5.131607476915989,6.21774072367669
2023-05-17,1.149999976158142,1.1699999570846558,1.0499999523162842,1.0499999523162842,4280000,1.0146599972248078,0.996649999320507,13.338456163000622,15.386542611968657
2023-05-18,1.149999976158142,1.2100000381469727,1.1050000190734863,1.149999976158142,3942900,1.0212599968910216,0.994949999153614,12.605994522358465,15.583695375287832
2023-05-19,1.1299999952316284,1.2100000381469727,1.1200000047683716,1.2100000381469727,2849100,1.029599996805191,0.9925499990582466,9.751359628785416,13.848168485597444
2023-05-22,1.149999976158142,1.1699999570846558,1.1200000047683716,1.1299999952316284,2187700,1.0383999967575073,0.9905999991297721,10.747301593712955,16.091255518715975
2023-05-23,1.1399999856948853,1.2089999914169312,1.1299999952316284,1.159999966621399,3650300,1.044799996614456,0.9881999990344048,9.11179071486532,15.36126156737585
2023-05-24,1.1200000047683716,1.1399999856948853,1.0800000429153442,1.1200000047683716,2908700,1.0499199962615966,0.9853499987721444,6.674795104037035,13.665195733903301
2023-05-25,1.0700000524520874,1.1200000047683716,1.0499999523162842,1.1200000047683716,2833200,1.0549599969387053,0.9828499987721443,1.4256517362767784,8.867075727610318
2023-05-26,1.100000023841858,1.1299999952316284,1.059999942779541,1.059999942779541,1802900,1.0599799978733062,0.9797499987483025,3.775545392257018,12.273541745055683
2023-05-30,1.2000000476837158,1.2300000190734863,1.1699999570846558,1.1699999570846558,5468000,1.066379998922348,0.9770499989390373,12.530247087942413,22.81869392423892
2023-05-31,1.2000000476837158,1.2300000190734863,1.1399999856948853,1.149999976158142,3596400,1.0721799993515015,0.9730499991774559,11.921510232379372,23.323575222044756
2023-06-01,1.2100000381469727,1.2300000190734863,1.149999976158142,1.149999976158142,3326400,1.0755800008773804,0.9681999990344048,12.497446694801152,24.97418295328624
2023-06-02,1.2100000381469727,1.25,1.1799999475479126,1.2400000095367432,3746200,1.0814800012111663,0.9642499992251397,11.883718311191593,25.48613317286128
2023-06-05,1.1200000047683716,1.2000000476837158,1.1100000143051147,1.1799999475479126,3279000,1.0841400015354157,0.9607999995350838,3.3076911821507515,16.569525948201736
2023-06-06,1.1699999570846558,1.1699999570846558,1.0099999904632568,1.100000023841858,4564500,1.0891800010204316,0.9580499991774559,7.420257073073833,22.12305809604631
2023-06-07,1.1200000047683716,1.2100000381469727,1.1200000047683716,1.1699999570846558,4524500,1.0936800014972687,0.9561499992012977,2.406554315254028,17.136433164664844
2023-06-08,1.1299999952316284,1.159999966621399,1.1100000143051147,1.1399999856948853,2606300,1.0983600008487702,0.9548999992012978,2.880657922576213,18.3369982382227
2023-06-09,1.090000033378601,1.159999966621399,1.0800000429153442,1.149999976158142,2312400,1.1011600017547607,0.9530999991297722,-1.0134738238199326,14.36365904667143
2023-06-12,1.1699999570846558,1.190000057220459,1.090000033378601,1.090000033378601,4222500,1.1060200011730195,0.9515999987721443,5.784701528343117,22.95081532096619
2023-06-13,1.1799999475479126,1.2000000476837158,1.1299999952316284,1.159999966621399,4049100,1.110219999551773,0.950199998319149,6.285236081525447,24.18437693488391
2023-06-14,1.1799999475479126,1.190000057220459,1.1399999856948853,1.1699999570846558,3293200,1.1149999988079071,0.9493999978899956,5.829591821479796,24.289019398611366
2023-06-15,1.149999976158142,1.149999976158142,1.1100000143051147,1.1200000047683716,4028800,1.1192799985408783,0.9485499975085259,2.7446195462539347,21.23767636695455
2023-06-16,1.1699999570846558,1.2100000381469727,1.1200000047683716,1.1399999856948853,11025000,1.1244999980926513,0.9479999974370003,4.046239134653651,23.41771732572273
2023-06-20,1.340000033378601,1.3949999809265137,1.2000000476837158,1.2300000190734863,16143000,1.1328999984264374,0.9481999978423119,18.280522132564148,41.32040038260436
2023-06-21,1.399999976158142,1.4700000286102295,1.3700000047683716,1.440000057220459,13353700,1.1416999983787537,0.9489499977231026,22.62415504477373,47.531480006036396
2023-06-22,1.4500000476837158,1.4900000095367432,1.3300000429153442,1.409999966621399,9620000,1.1486999988555908,0.95009999781847,26.2296551865848,52.61551952563617
2023-06-23,1.5199999809265137,1.5700000524520874,1.3899999856948853,1.4500000476837158,18301400,1.157099997997284,0.9519499978423118,31.362888562556336,59.67225005218162
2023-06-26,1.3799999952316284,1.559999942779541,1.3600000143051147,1.5199999809265137,10038200,1.1596999979019165,0.9527999976277352,18.996291948630684,44.83627190045427
2023-06-27,1.4800000190734863,1.5,1.409999966621399,1.4199999570846558,8051800,1.1642999982833862,0.9537999978661538,27.11500654947696,55.168800837130426
2023-06-28,1.440000057220459,1.5,1.399999976158142,1.434999942779541,8031000,1.168899998664856,0.9539999982714653,23.192750352062586,50.943402497858294
2023-06-29,1.409999966621399,1.4900000095367432,1.409999966621399,1.4600000381469727,8178800,1.172099997997284,0.9539999982714653,20.296900352410564,47.798738907353396
2023-06-30,1.4700000286102295,1.5099999904632568,1.350000023841858,1.4600000381469727,16959700,1.1780999994277954,0.9550999984145164,24.777186089823466,53.91058853004467
2023-07-03,1.6299999952316284,1.6399999856948853,1.4800000190734863,1.5,7121100,1.1893999981880188,0.9569499984383583,37.043887482330405,70.33282803611651
2023-07-05,1.649999976158142,1.6790000200271606,1.559999942779541,1.600000023841858,11283400,1.201599998474121,0.9588499984145165,37.31690897581823,72.08113666229966
2023-07-06,1.6399999856948853,1.6699999570846558,1.531999945640564,1.649999976158142,10922100,1.213399999141693,0.9608499982953072,35.15740785025141,70.68220727527634
2023-07-07,1.7100000381469727,1.8049999475479126,1.6100000143051147,1.6299999952316284,15985300,1.2264000010490417,0.9631999984383584,39.43248831411186,77.53322683963928
2023-07-10,1.8700000047683716,1.8799999952316284,1.7050000429153442,1.7400000095367432,18153900,1.2412000012397766,0.9667999985814094,50.66065121660619,93.42159779812083
2023-07-11,1.8200000524520874,1.9249999523162842,1.7799999713897705,1.8899999856948853,18549600,1.2532000017166138,0.9700999990105629,45.22821975415574,87.60953038948209
2023-07-12,1.840000033378601,1.9700000286102295,1.7799999713897705,1.8899999856948853,20435200,1.2668000030517579,0.9737999990582467,45.24787093037479,88.9505067938025
2023-07-13,2.0899999141693115,2.119999885559082,1.850000023841858,1.850000023841858,28872100,1.2864000010490417,0.9788999983668327,62.46889866798391,113.50494612894111
2023-07-14,1.9700000286102295,2.1600000858306885,1.9299999475479126,2.0999999046325684,24181500,1.3028000020980834,0.983599998652935,51.21277444255905,100.28467174747804
2023-07-17,1.840000033378601,2.0799999237060547,1.8300000429153442,2.0,20714000,1.3174000024795531,0.987599999010563,39.66904735960475,86.31025063001456
2023-07-18,1.7999999523162842,1.8899999856948853,1.7599999904632568,1.809999942779541,12158300,1.331800000667572,0.9910999986529351,35.15542509491097,81.6163812695767
2023-07-19,1.850000023841858,1.8899999856948853,1.7799999713897705,1.8200000524520874,13655100,1.3456000018119811,0.9950999990105629,37.48513832867517,85.91096630301777
2023-07-20,1.7200000286102295,1.9079999923706055,1.7100000381469727,1.8799999952316284,14045800,1.358600001335144,0.9984499993920326,26.60091468570034,72.26701684186057
2023-07-21,1.7400000095367432,1.809999942779541,1.659999966621399,1.7400000095367432,10780100,1.3724000024795533,1.0017499992251395,26.785194286872382,73.6960330304612
2023-07-24,1.7000000476837158,1.7200000286102295,1.6299999952316284,1.6699999570846558,8974600,1.3842000031471253,1.0045999994874,22.81462533005243,69.22158556153153
2023-07-25,1.690000057220459,1.809999942779541,1.690000057220459,1.7100000381469727,9308800,1.3978000044822694,1.007349999845028,20.904281857290275,67.76691889417292
2023-07-26,1.7899999618530273,1.7999999523162842,1.6799999475479126,1.7000000476837158,11860400,1.4140000033378601,1.0107499995827676,26.59122755499217,77.09621198040368
2023-07-27,1.7100000381469727,1.8300000429153442,1.7000000476837158,1.8200000524520874,12750400,1.4264000034332276,1.0141999998688698,19.88222336168979,68.60580145612954
2023-07-28,1.7899999618530273,1.809999942779541,1.7200000286102295,1.7400000095367432,8151000,1.4410000038146973,1.0182999995350839,24.219289182126126,75.78316435925284
2023-07-31,1.8700000047683716,1.8899999856948853,1.7899999618530273,1.7999999523162842,19477200,1.4554000043869018,1.0230049994587898,28.487013819690297,82.79480606230427
2023-08-01,1.7799999713897705,1.7999999523162842,1.6699999570846558,1.7799999713897705,10078000,1.4680000042915344,1.0271299993991851,21.25340369115387,73.29841134335217
2023-08-02,1.7200000286102295,1.850000023841858,1.7100000381469727,1.7699999809265137,8311400,1.4798000049591065,1.0307299995422363,16.231924776737717,66.8720255909995
2023-08-03,1.6399999856948853,1.690000057220459,1.6299999952316284,1.6699999570846558,12078600,1.4896000051498413,1.0341849994659424,10.096668906087647,58.57897634773161
2023-08-04,1.559999942779541,1.659999966621399,1.559999942779541,1.6299999952316284,7898100,1.4980000042915345,1.036994999051094,4.138847684271463,50.43466402509409
2023-08-07,1.5299999713897705,1.559999942779541,1.4450000524520874,1.559999942779541,5868500,1.5062000036239624,1.039839998781681,1.580133296278352,47.13801865502201
2023-08-08,1.6200000047683716,1.649999976158142,1.5049999952316284,1.559999942779541,8311900,1.517200002670288,1.0432449987530708,6.775639461979588,55.28471324613702
2023-08-09,1.5299999713897705,1.6699999570846558,1.5199999809265137,1.649999976158142,7978700,1.5258000016212463,1.0462149986624718,0.2752634528812026,46.241448779246255
2023-08-10,1.5499999523162842,1.649999976158142,1.5399999618530273,1.569000005722046,10119900,1.5327999997138977,1.0492149984836578,1.1221263443108587,47.72948867070799
2023-08-11,1.5800000429153442,1.6100000143051147,1.5049999952316284,1.5399999618530273,5832100,1.5403999996185302,1.0523799985647202,2.570763652727903,50.13588675860567
2023-08-14,1.5199999809265137,1.5800000429153442,1.5,1.559999942779541,6101100,1.546599998474121,1.0544799983501434,-1.7199028561910579,44.14687649881748
2023-08-15,1.4600000381469727,1.559999942779541,1.4600000381469727,1.5199999809265137,5858100,1.5515999984741211,1.0564799988269806,-5.903580846689216,38.1947637217954
2023-08-16,1.409999966621399,1.4600000381469727,1.3899999856948853,1.4199999570846558,8507800,1.5573999977111816,1.0585399985313415,-9.464494112392952,33.20233232354812
2023-08-17,1.3300000429153442,1.3799999952316284,1.2999999523162842,1.350000023841858,11290200,1.5605999994277955,1.0599399989843368,-14.776365282391534,25.478804855915072
2023-08-18,1.340000033378601,1.350000023841858,1.190000057220459,1.2200000286102295,12186200,1.565,1.0618449991941452,-14.376994672293863,26.19544607692772
2023-08-21,1.2699999809265137,1.340000033378601,1.2599999904632568,1.3300000429153442,5803400,1.5677999997138976,1.0634649991989136,-18.994770942832528,19.42094773999885
2023-08-22,1.2799999713897705,1.3200000524520874,1.2599999904632568,1.2899999618530273,5711100,1.5715999984741211,1.065414999127388,-18.55434126797324,20.14097534182784
2023-08-23,1.3899999856948853,1.399999976158142,1.2699999809265137,1.2799999713897705,7370500,1.5759999990463256,1.067924998998642,-11.802031311167083,30.15895189252451
2023-08-24,1.25,1.4299999475479126,1.2400000095367432,1.399999976158142,6525800,1.5774000000953674,1.0697299990057945,-20.755673898540206,16.851916012615177
2023-08-25,1.2599999904632568,1.2699999809265137,1.2000000476837158,1.2699999809265137,4471900,1.5790000009536742,1.0716599988937379,-20.20266056350537,17.57460311702781
2023-08-28,1.2599999904632568,1.2999999523162842,1.2400000095367432,1.25,4249600,1.5812000012397767,1.0739249989390374,-20.31368647386007,17.3266281824195
2023-08-29,1.4600000381469727,1.4950000047683716,1.2300000190734863,1.25,15428100,1.587000002861023,1.0776749992370604,-8.002518241026868,35.47684034431335
2023-08-30,1.440000057220459,1.4600000381469727,1.3899999856948853,1.4199999570846558,6972600,1.5890000033378602,1.0813899993896485,-9.376963235016444,33.16195433961984
2023-08-31,1.3600000143051147,1.4600000381469727,1.3600000143051147,1.4299999475479126,6342200,1.5882000041007995,1.0839299994707108,-14.368466767816567,25.46935825830179
2023-09-01,1.309999942779541,1.3899999856948853,1.2899999618530273,1.3700000047683716,6254200,1.5854000020027161,1.086664999127388,-17.371014184135426,20.552326966589995
2023-09-05,1.2599999904632568,1.309999942779541,1.25,1.2799999713897705,6061100,1.580200002193451,1.0892149990797042,-20.263258529662675,15.679640064436473
2023-09-06,1.2599999904632568,1.2999999523162842,1.2200000286102295,1.2599999904632568,4856400,1.5778000020980836,1.0920149990916252,-20.141970542035203,15.38302967554175
2023-09-07,1.2400000095367432,1.2699999809265137,1.2000000476837158,1.2400000095367432,5967100,1.5730000019073487,1.0948349991440773,-21.16973884086617,13.259076528075298
2023-09-08,1.2200000286102295,1.2699999809265137,1.2000000476837158,1.2699999809265137,3687300,1.568600001335144,1.0976849994063378,-22.223637155947785,11.142999063487569
2023-09-11,1.100000023841858,1.2200000286102295,1.100000023841858,1.2000000476837158,6167400,1.5624000024795532,1.1004349994659424,-29.595492697379633,-0.03952760720038473
2023-09-12,1.149999976158142,1.2899999618530273,1.1299999952316284,1.1699999570846558,12498000,1.5560000014305115,1.1032349994778634,-26.092546587346565,4.238895312640678
2023-09-13,1.100000023841858,1.1799999475479126,1.090000033378601,1.1699999570846558,7367500,1.545400002002716,1.1056349995732306,-28.821015761851633,-0.5096596737212411
2023-09-14,1.159999966621399,1.225000023841858,1.149999976158142,1.1699999570846558,5899300,1.5356000018119813,1.1083699995279312,-24.45949692285627,4.658188792141393
2023-09-15,1.1699999570846558,1.1699999570846558,1.100000023841858,1.149999976158142,6504300,1.5262000012397765,1.1112699994444848,-23.33901479922481,5.284940443774211
2023-09-18,1.149999976158142,1.2549999952316284,1.1200000047683716,1.2100000381469727,7415800,1.515,1.1142049992084504,-24.092410814644083,3.212602436277079
2023-09-19,1.1299999952316284,1.184999942779541,1.100000023841858,1.159999966621399,5539000,1.5001999998092652,1.1169399991631508,-24.67671008030289,1.1692656792900769
2023-09-20,1.1200000047683716,1.1699999570846558,1.1100000143051147,1.1100000143051147,3699900,1.4861999988555907,1.1196399992704391,-24.64002115255025,0.03215368316307199
2023-09-21,1.090000033378601,1.1150000095367432,1.0499999523162842,1.100000023841858,6249300,1.4711999988555908,1.1221999993920326,-25.91081877198991,-2.869360722765668
2023-09-22,1.059999942779541,1.1200000047683716,1.0429999828338623,1.1200000047683716,4683000,1.4505999994277954,1.124799998998642,-26.926792830713552,-5.7610291853475655
2023-09-25,1.059999942779541,1.090000033378601,1.0099999904632568,1.0199999809265137,3867500,1.4323999977111816,1.1275999987125396,-25.998328366845513,-5.995038667096697
2023-09-26,1.0199999809265137,1.0750000476837158,1.0099999904632568,1.0499999523162842,2993000,1.41599999666214,1.1302599985897541,-27.966102872111275,-9.755279121690041
2023-09-27,1.0399999618530273,1.0700000524520874,1.0,1.059999942779541,3902100,1.4007999968528748,1.132909998446703,-25.756713007598762,-8.201007734159083
2023-09-28,1.090000033378601,1.1399999856948853,1.0199999809265137,1.0399999618530273,6208800,1.3855999970436097,1.1359099985659122,-21.333715667993403,-4.041690384385433
2023-09-29,1.0700000524520874,1.1349999904632568,1.059999942779541,1.125,7519300,1.3725999975204468,1.1387499989569188,-22.045748624143634,-6.037316932408821
2023-10-02,1.090000033378601,1.2300000190734863,1.059999942779541,1.1399999856948853,13686500,1.359599997997284,1.1414999990165233,-19.829359003810577,-4.511604527577118
2023-10-03,0.9679999947547913,1.100000023841858,0.9599999785423279,1.0800000429153442,7994300,1.3449599969387054,1.1437199990451337,-28.027599559981077,-15.363900643255967
2023-10-04,0.9929999709129333,1.0199999809265137,0.9409999847412109,1.0099999904632568,4869400,1.331019995212555,1.146384998857975,-25.395563215835992,-13.379887917047363
2023-10-05,1.0099999904632568,1.0299999713897705,0.9750000238418579,1.0099999904632568,2770800,1.3154199957847594,1.1489249989390373,-23.218440216829283,-12.091738677813545
2023-10-06,1.0700000524520874,1.090000033378601,0.9800000190734863,0.9959999918937683,5185600,1.3026199960708618,1.1519749991595745,-17.857851431763216,-7.11603522361961
2023-10-09,1.059999942779541,1.0700000524520874,1.0099999904632568,1.0399999618530273,3714000,1.288019995689392,1.1550249989330768,-17.70314542266147,-8.227099520903236
2023-10-10,1.0499999523162842,1.100000023841858,1.0399999618530273,1.059999942779541,2892500,1.2716199946403504,1.158084998726845,-17.428165903190795,-9.33308405940716
2023-10-11,1.0199999809265137,1.0499999523162842,0.9900000095367432,1.0499999523162842,3024400,1.2564199948310852,1.1610849986970424,-18.816957297496383,-12.151136043343325
2023-10-12,0.9660000205039978,1.0099999904632568,0.949999988079071,1.0099999904632568,2987200,1.2413399946689605,1.1638549987971782,-22.18086707488951,-16.999968080015105
2023-10-13,0.9470000267028809,0.9800000190734863,0.9190000295639038,0.9559999704360962,3375300,1.2274799954891205,1.1666899989545345,-22.850064344590415,-18.830192463166462
2023-10-16,1.059999942779541,1.0700000524520874,0.9900000095367432,1.0299999713897705,8139500,1.2174799954891204,1.1699849987030029,-12.934919119251076,-9.400552660537254
2023-10-17,1.0499999523162842,1.100000023841858,1.0299999713897705,1.0499999523162842,4689900,1.2078799951076507,1.1732499983906746,-13.07083844676934,-10.505011399399123
2023-10-18,0.9929999709129333,1.059999942779541,0.9760000109672546,1.0499999523162842,4079400,1.195339994430542,1.1760149982571602,-16.92740345511514,-15.562303849479198
2023-10-19,0.9990000128746033,1.034999966621399,0.9800000190734863,1.0,3125400,1.1847199952602387,1.1788749983906746,-15.676276515012288,-15.258189864203175
2023-10-20,1.0199999809265137,1.0889999866485596,0.9819999933242798,1.0399999618530273,6903000,1.1741199958324433,1.181419998407364,-13.126427916480509,-13.66322033641344
2023-10-23,1.1299999952316284,1.159999966621399,1.0,1.059999942779541,10421400,1.165119994878769,1.1844549983739854,-3.014281773680727,-4.597473371053573
2023-10-24,1.2100000381469727,1.2599999904632568,1.149999976158142,1.2200000286102295,22560500,1.1589199960231782,1.1877849984169007,4.407555508497141,1.8702913203719973
2023-10-25,1.190000057220459,1.2690000534057617,1.159999966621399,1.2200000286102295,11823000,1.1535199964046479,1.1903799986839294,3.1624992136689567,-0.03191766191388279
2023-10-26,1.1100000143051147,1.190000057220459,1.0800000429153442,1.159999966621399,7850300,1.147519997358322,1.1923049986362457,-3.2696583187727613,-6.903014281184017
2023-10-27,1.100000023841858,1.1699999570846558,1.090000033378601,1.159999966621399,5532600,1.1429199969768524,1.1943049988150596,-3.7552911182342164,-7.896222076167081
2023-10-30,1.0800000429153442,1.1799999475479126,1.059999942779541,1.1299999952316284,7333500,1.1377199971675873,1.19465499907732,-5.073300495371436,-9.5973277850533
2023-10-31,1.0499999523162842,1.090000033378601,1.0299999713897705,1.0800000429153442,8340800,1.1333199965953826,1.194554998576641,-7.351855127360407,-12.101162896024032
2023-11-01,1.100000023841858,1.100000023841858,1.0299999713897705,1.059999942779541,5158700,1.1297199976444245,1.194554998576641,-2.6307380469971053,-7.915497808593919
2023-11-02,1.1799999475479126,1.190000057220459,1.1100000143051147,1.149999976158142,7687400,1.125519996881485,1.1956549984216691,4.840424942904331,-1.309328434575363
2023-11-03,1.1699999570846558,1.2100000381469727,1.1399999856948853,1.159999966621399,6148700,1.123919996023178,1.1960549980401993,4.099932488480018,-2.178414955686503
2023-11-06,1.159999966621399,1.2100000381469727,1.1200000047683716,1.2100000381469727,6513300,1.121919995546341,1.1961049979925156,3.3941788386179894,-3.018550330590841
2023-11-07,1.1699999570846558,1.1799999475479126,1.0800000429153442,1.1100000143051147,8332100,1.120119994878769,1.1960549980401993,4.453090957570605,-2.178414955686503
2023-11-08,1.1200000047683716,1.159999966621399,1.0800000429153442,1.149999976158142,5131700,1.1133199942111969,1.196004998087883,0.600008137095176,-6.354905994625836
2023-11-09,1.2000000476837158,1.340000033378601,1.1699999570846558,1.2000000476837158,13364400,1.108519994020462,1.1966049981117248,8.2524495865399,0.2837234991788007
2023-11-10,1.2000000476837158,1.25,1.149999976158142,1.2000000476837158,8878300,1.105319994688034,1.197254998087883,8.56585002087149,0.2292786081675935
2023-11-13,1.1200000047683716,1.2200000286102295,1.1100000143051147,1.2100000381469727,10541100,1.1015199959278106,1.1973549979925155,1.6776825576366727,-6.460489441630701
2023-11-14,1.149999976158142,1.1699999570846558,1.100000023841858,1.1399999856948853,8961800,1.0993199956417083,1.1978049981594086,4.610120867204848,-3.9910521390982168
2023-11-15,1.2999999523162842,1.3600000143051147,1.149999976158142,1.1699999570846558,18138900,1.100119994878769,1.1993749979138375,18.168923241827038,8.389782559872527
2023-11-16,1.2100000381469727,1.274999976158142,1.1649999618530273,1.2599999904632568,9832200,1.0995199954509736,1.1998749980330468,10.04802487931884,0.8438412443399379
2023-11-17,1.1799999475479126,1.2300000190734863,1.159999966621399,1.2300000190734863,8657900,1.0987199938297272,1.2000249978899955,7.397694970023605,-1.6687194331195587
2023-11-20,1.1699999570846558,1.2480000257492065,1.149999976158142,1.2100000381469727,21547700,1.100119992494583,1.2005749979615212,6.352031148131032,-2.5466997837519045
2023-11-21,1.1399999856948853,1.159999966621399,1.100000023841858,1.149999976158142,12117500,1.099919992685318,1.2009249976277352,3.6439007633379594,-5.073173766321714
2023-11-22,1.159999966621399,1.1799999475479126,1.1100000143051147,1.149999976158142,8304000,1.101119991540909,1.201224997341633,5.347280544611066,-3.431915820222431
2023-11-24,1.0700000524520874,1.1299999952316284,1.0099999904632568,1.0299999713897705,18338200,1.0993199932575226,1.2011749973893167,-2.6670979319273425,-10.920552394308103
2023-11-27,1.059999942779541,1.100000023841858,1.0299999713897705,1.0499999523162842,10545400,1.0971199929714204,1.2016599971055983,-3.383408417464351,-11.788696858285174
2023-11-28,1.340000033378601,1.3700000047683716,1.149999976158142,1.2300000190734863,45584200,1.1009199941158294,1.2038599973917008,21.71638634420312,11.308626940164391
2023-11-29,1.5,1.5499999523162842,1.3700000047683716,1.4600000381469727,47448000,1.108319994211197,1.2069599974155425,35.3399747216115,24.279181017758876
2023-11-30,1.4299999475479126,1.5199999809265137,1.4299999475479126,1.5,21704600,1.1145199930667877,1.2092599970102311,28.30635219140656,18.254134849696335
2023-12-01,1.659999966621399,1.690000057220459,1.4500000476837158,1.4700000286102295,38275100,1.1259199917316436,1.2120099967718125,47.43498461807667,36.96256392627184
2023-12-04,1.75,1.9700000286102295,1.659999966621399,1.9199999570846558,68641600,1.1397199928760529,1.215509997010231,53.54648606136336,43.972489268245
2023-12-05,1.9500000476837158,2.059999942779541,1.7400000095367432,1.7599999904632568,58165700,1.1575199949741364,1.219709997177124,68.46361671076677,59.87407270554171
2023-12-06,1.9700000286102295,2.055000066757202,1.9049999713897705,2.049999952316284,38303500,1.1765199959278108,1.2242599976062776,67.44297040669296,60.913534090965385
2023-12-07,2.140000104904175,2.1700000762939453,1.840000033378601,1.8700000047683716,44496300,1.1985199987888335,1.229909998178482,78.55355831081296,73.9964800736275
2023-12-08,2.5899999141693115,2.619999885559082,2.1600000858306885,2.1700000762939453,55491200,1.2285199964046478,1.2375599980354308,110.82277225841928,109.28277564569125
2023-12-11,2.2699999809265137,2.5,2.1600000858306885,2.3299999237060547,46080300,1.2525199949741364,1.2442099979519845,81.23463018834983,82.44508440400071
2023-12-12,2.490000009536743,2.559999942779541,2.359999895095825,2.390000104904175,30986100,1.2805199944972991,1.2519249978661537,94.45225535226854,98.89370479707881
2023-12-13,2.950000047683716,2.9600000381469727,2.450000047683716,2.5299999713897705,54810200,1.3201599955558776,1.261924998164177,123.45776705963311,133.76983988551748
2023-12-14,2.890000104904175,3.180000066757202,2.8299999237060547,3.069999933242798,49267500,1.3580999982357025,1.2716249987483024,112.79729833285859,127.26826759059362
2023-12-15,2.9700000286102295,3.049999952316284,2.7300000190734863,2.7799999713897705,32619300,1.3972999989986419,1.281844998896122,112.55278256198697,131.69728252385312
2023-12-18,2.9200000762939453,3.1700000762939453,2.859999895095825,2.940000057220459,37954200,1.434299999475479,1.2920449993014336,103.58363503881924,125.9983265190217
2023-12-19,2.7799999713897705,3.059999942779541,2.680000066757202,3.009999990463257,43730300,1.4687000000476838,1.301494999229908,89.28303746847644,113.60051118403764
2023-12-20,2.7200000286102295,3.0399999618530273,2.700000047683716,2.930000066757202,39176100,1.5021000015735626,1.3109449994564057,81.07982329810433,107.48391654402742
2023-12-21,2.890000104904175,2.9200000762939453,2.690000057220459,2.819999933242798,26630200,1.539500004053116,1.3212950000166892,87.72329310136617,118.72481957985697
2023-12-22,2.990000009536743,3.115000009536743,2.7750000953674316,2.880000114440918,40812300,1.5799800038337708,1.3326800000667571,89.24290195329081,124.3599370731884
2023-12-26,3.240000009536743,3.2899999618530273,2.859999895095825,2.9149999618530273,31031600,1.625840003490448,1.3453300002217292,99.28160228441433,140.83310481463624
2023-12-27,3.509999990463257,3.559999942779541,3.2799999713897705,3.359999895095825,57062100,1.6748400044441223,1.3587800002098083,109.57225652298783,158.31996275491838
2023-12-28,3.319999933242798,3.4800000190734863,3.2699999809265137,3.4000000953674316,37592800,1.7202400040626527,1.3710599997639656,92.99632175754707,142.14840589137972
2023-12-29,2.9100000858306885,3.509999990463257,2.8499999046325684,3.369999885559082,48498500,1.7585800063610078,1.3815200001001358,65.47442114119617,110.63756482857757
2024-01-02,2.8399999141693115,3.319999933242798,2.809999942779541,3.309999942779541,28783500,1.7954000043869018,1.3914749997854232,58.182015552524334,104.09995972671177
2024-01-03,2.809999942779541,2.9000000953674316,2.509999990463257,2.5799999237060547,23205800,1.8312000036239624,1.401124999523163,53.451285343956116,100.55312293591597
2024-01-04,2.930000066757202,2.990000009536743,2.7200000286102295,2.8499999046325684,18517800,1.867200005054474,1.4112249997258186,56.91945473574065,107.62104323027586
2024-01-05,2.7200000286102295,2.880000114440918,2.640000104904175,2.880000114440918,24679400,1.897400004863739,1.4196250000596047,43.354064595649945,91.59989634558612
2024-01-08,2.9700000286102295,3.069999933242798,2.5799999237060547,2.7799999713897705,34010100,1.9330000042915345,1.4299000000953674,53.6471816873465,107.70683463264179
2024-01-09,2.9200000762939453,3.069999933242798,2.880000114440918,2.9700000286102295,21347400,1.969200005531311,1.4395650005340577,48.28357038858013,102.83905729929997
2024-01-10,3.0,3.1700000762939453,2.75,2.8299999237060547,32326500,2.007200005054474,1.4499750006198884,49.46193665033307,106.90011887911517
2024-01-11,2.5999999046325684,3.390000104904175,2.5350000858306885,3.25,59662800,2.0376000022888183,1.4585000002384185,27.60109450883448,78.26533453599937
2024-01-12,2.440000057220459,2.619999885559082,2.365000009536743,2.505000114440918,25041700,2.065400004386902,1.466220000386238,18.13692514950653,66.4143209462225
2024-01-16,2.309999942779541,2.380000114440918,2.180000066757202,2.3399999141693115,18786700,2.0896000027656556,1.4730200001597404,10.547470315954177,56.82067741979302
2024-01-17,2.2699999809265137,2.305000066757202,2.200000047683716,2.2200000286102295,10153700,2.1114000034332276,1.4797350001335143,7.5116025971107225,53.40584501425558
2024-01-18,2.0799999237060547,2.390000104904175,2.069999933242798,2.3299999237060547,23123300,2.1296000027656556,1.4852849996089936,-2.329079592185701,40.04045851493967
2024-01-19,2.0899999141693115,2.119999885559082,1.899999976158142,2.059999942779541,22157800,2.1482000017166136,1.491029999256134,-2.7092490224743915,40.17155357115551
2024-01-22,2.0899999141693115,2.180000066757202,1.9639999866485596,2.0,21802600,2.166600000858307,1.4967999988794327,-3.5354973995499916,39.63120762519863
2024-01-23,2.0199999809265137,2.059999942779541,1.9600000381469727,2.0199999809265137,19234000,2.1846000003814696,1.5023549988865852,-7.5345609917703005,34.45557024961224
2024-01-24,2.0199999809265137,2.200000047683716,2.005000114440918,2.109999895095825,17317400,2.2009999990463256,1.5078549987077714,-8.223535583745466,33.965134754843774
2024-01-25,2.069999933242798,2.109999895095825,2.0,2.0450000762939453,14737700,2.2183999967575074,1.5134049984812736,-6.689508823098467,36.77765933904516
2024-01-26,2.3299999237060547,2.375,2.1619999408721924,2.200000047683716,21852800,2.242599995136261,1.5195549979805947,3.897258929784453,53.33435951989214
2024-01-29,2.4000000953674316,2.569999933242798,2.2899999618530273,2.390000104904175,29392600,2.267599997520447,1.5260549983382226,5.83877659162817,57.26825690953996
2024-01-30,2.309999942779541,2.4600000381469727,2.2699999809265137,2.4200000762939453,20411300,2.287799997329712,1.5313549980521202,0.9703621590934741,50.846795531921416
2024-01-31,2.3299999237060547,2.4600000381469727,2.200000047683716,2.2300000190734863,33625900,2.3101999950408936,1.5367549976706505,0.8570655660836257,51.61817773410673
2024-02-01,2.309999942779541,2.380000114440918,2.190000057220459,2.2699999809265137,22208700,2.332799994945526,1.5422549971938133,-0.9773684934578974,49.78067485484996
2024-02-02,2.240000009536743,2.3259999752044678,2.180000066757202,2.259999990463257,13112600,2.354199995994568,1.547204997241497,-4.850904198968841,44.777195880987094
2024-02-05,2.130000114440918,2.25,2.0999999046325684,2.240000009536743,10648200,2.3739999985694884,1.5520049980282784,-10.278006919780902,37.241833444283024
2024-02-06,2.2300000190734863,2.25,2.0999999046325684,2.130000114440918,12016100,2.3953999996185305,1.5578299978375434,-6.904900249285473,43.14784168805301
2024-02-07,2.2799999713897705,2.2899999618530273,2.109999895095825,2.240000009536743,18915100,2.4195999979972838,1.5640299978852272,-5.769549790174445,45.77725327983659
2024-02-08,2.5199999809265137,2.559999942779541,2.380000114440918,2.4100000858306885,25462500,2.4487999987602236,1.5713799980282783,2.907545826622715,60.368592198483874
2024-02-09,2.7200000286102295,2.7699999809265137,2.5239999294281006,2.700000047683716,40625100,2.476399998664856,1.579679998457432,9.836861172537148,72.18677398373896
2024-02-12,3.069999933242798,3.1600000858306885,2.75,2.75,40607700,2.507799997329712,1.5893799981474876,22.418053134688275,93.15707614422331
2024-02-13,3.009999990463257,3.0899999141693115,2.740000009536743,2.7699999809265137,22075000,2.539399998188019,1.5983299979567527,18.531936386982473,88.32156027298068
2024-02-14,3.490000009536743,3.5,3.240000009536743,3.359999895095825,35037000,2.5759999990463256,1.6099799981713294,35.48136687999979,116.77288000477057
2024-02-15,3.4800000190734863,3.6500000953674316,3.3299999237060547,3.609999895095825,37932600,2.6105999994277953,1.6218299981951714,33.3026897968379,114.57242885790441
2024-02-16,3.609999895095825,3.680000066757202,3.369999885559082,3.5299999713897705,33279000,2.6437999963760377,1.6341299977898598,36.54587714820321,120.91265076697107
2024-02-20,3.4600000381469727,3.7200000286102295,3.259999990463257,3.6500000953674316,29449500,2.6735999965667725,1.645879997909069,29.413526428412375,110.2218899641874
2024-02-21,3.1500000953674316,3.3010001182556152,3.1500000953674316,3.2249999046325684,29421700,2.6937999963760375,1.6562299981713295,16.93518819530473,90.19098185912573
2024-02-22,3.190000057220459,3.3299999237060547,3.1500000953674316,3.2100000381469727,23403300,2.7057999992370605,1.6663799986243248,17.894894601224244,91.43293005520674
2024-02-23,3.0199999809265137,3.1700000762939453,2.9700000286102295,3.119999885559082,20469400,2.7207999992370606,1.6761299982666968,10.996764987259322,80.1769542964762
2024-02-26,3.5999999046325684,3.690000057220459,3.0399999618530273,3.059999942779541,49487600,2.742999997138977,1.6888799980282783,31.243161078653504,113.15901122847514
2024-02-27,3.5399999618530273,3.9100000858306885,3.490000009536743,3.880000114440918,43235700,2.7547999954223634,1.701029997766018,28.502975451409405,108.10920245393376
2024-02-28,3.1600000858306885,3.7799999713897705,3.130000114440918,3.759999990463257,56809400,2.7601999950408938,1.711779998242855,14.484460963266965,84.60316682485096
2024-02-29,2.8499999046325684,3.299999952316284,2.75,3.2950000762939453,39124100,2.75779999256134,1.7211299976706504,3.3432414359243046,65.58888105429061
2024-03-01,2.930000066757202,2.930000066757202,2.759999990463257,2.9000000953674316,17916500,2.7579999923706056,1.7303299978375435,6.236405905090514,69.33186562210271
2024-03-04,2.630000114440918,3.0250000953674316,2.569999933242798,3.0,40302100,2.7549999952316284,1.7381799986958504,-4.537200762506755,51.30769634987151
2024-03-05,2.490000009536743,2.6600000858306885,2.434999942779541,2.569999933242798,22092600,2.7503999948501585,1.7448799988627435,-9.467713270832878,42.70322378385016
2024-03-06,2.640000104904175,2.700000047683716,2.424999952316284,2.569999933242798,33717300,2.7453999948501586,1.7523299995064736,-3.8391451206998495,50.65656044510478
2024-03-07,2.509999990463257,2.5899999141693115,2.369999885559082,2.559999942779541,23421600,2.735799994468689,1.7592299994826317,-8.2535274677228,42.67605663849625
2024-03-08,2.6700000762939453,2.859999895095825,2.5230000019073486,2.5399999618530273,24618200,2.724399995803833,1.7668299999833108,-1.9967669796533416,51.11810849482779
2024-03-11,2.390000104904175,2.6710000038146973,2.369999885559082,2.6600000858306885,30031400,2.7019999980926515,1.7730800005793572,-11.546998275674248,34.79369820443736
2024-03-12,2.3399999141693115,2.4000000953674316,2.25,2.390000104904175,18483600,2.6823999977111814,1.7791800001263618,-12.764691464137734,31.52125777060888
2024-03-13,2.359999895095825,2.430000066757202,2.2699999809265137,2.319999933242798,19524200,2.6713999938964843,1.7856299993395806,-11.656812888827373,32.166232420416144
2024-03-14,2.2100000381469727,2.3299999237060547,2.1700000762939453,2.319999933242798,20293000,2.658799996376038,1.7911799994111062,-16.879793848382075,23.38235346942037
2024-03-15,2.259999990463257,2.319999933242798,2.109999895095825,2.1600000858306885,26438100,2.6477999973297117,1.7964799991250038,-14.646121582353222,25.80156704021286
2024-03-18,2.2300000190734863,2.319999933242798,2.200000047683716,2.25,16706400,2.6337999963760375,1.8016299989819526,-15.331459406870584,23.77680324670397
2024-03-19,2.240000009536743,2.2750000953674316,2.109999895095825,2.140000104904175,22885800,2.6241999959945677,1.8067799988389015,-14.640651895596601,23.97746327589654
2024-03-20,2.490000009536743,2.5,2.2300000190734863,2.240000009536743,26324500,2.6145999956130983,1.8131799986958503,-4.765546786713648,37.3277893715849
2024-03-21,2.4000000953674316,2.559999942779541,2.4000000953674316,2.5299999713897705,27296900,2.604199995994568,1.8195799991488457,-7.841175829091829,31.898575302547407
2024-03-22,2.309999942779541,2.4100000858306885,2.2899999618530273,2.4100000858306885,20729100,2.590399994850159,1.82527999907732,-10.824585107630746,26.555922595286585
2024-03-25,2.2899999618530273,2.440000057220459,2.240000009536743,2.299999952316284,41604700,2.584199995994568,1.8311299988627434,-11.384569096724007,25.059387551690683
2024-03-26,2.180000066757202,2.309999942779541,2.1600000858306885,2.299999952316284,26094700,2.5789999961853027,1.8363799992203713,-15.471110120910303,18.711817144747457
2024-03-27,2.1600000858306885,2.240000009536743,2.049999952316284,2.2200000286102295,27312500,2.5759999990463256,1.8417299994826317,-16.149064960001812,17.281039372625926
2024-03-28,2.2300000190734863,2.4200000762939453,2.140000104904175,2.1700000762939453,38332100,2.575199999809265,1.8470299997925759,-13.404783347365113,20.734369193998937
2024-04-01,2.265000104904175,2.3399999141693115,2.2100000381469727,2.2799999713897705,24963400,2.5789000034332275,1.8524550005793572,-12.17185226690315,22.270182228221124
2024-04-02,2.180000066757202,2.200000047683716,2.0999999046325684,2.190000057220459,23259800,2.580700006484985,1.8574550011754036,-15.526792681089352,17.364892574931346
2024-04-03,2.2149999141693115,2.259999990463257,2.1600000858306885,2.190000057220459,15467600,2.583200006484985,1.8627800008654594,-14.253642435402869,18.90829368686633
2024-04-04,2.1649999618530273,2.3299999237060547,2.1600000858306885,2.259999990463257,16660500,2.5861000061035155,1.8677550008893014,-16.28320804518928,15.914558430961101
2024-04-05,2.0799999237060547,2.184999942779541,2.059999942779541,2.130000114440918,15594400,2.5873000049591064,1.8714550003409385,-19.607315745398836,11.1434644876379
2024-04-08,2.0299999713897705,2.2100000381469727,2.0199999809265137,2.180000066757202,17706500,2.586500005722046,1.8746050003170966,-21.51556284945467,8.289478105861669
2024-04-09,1.965000033378601,2.0399999618530273,1.940000057220459,2.0199999809265137,13765400,2.579200007915497,1.8771800002455712,-23.813584547609036,4.6782958012306475
2024-04-10,1.9299999475479126,2.009999990463257,1.8899999856948853,1.909999966621399,12011000,2.5698000049591063,1.8792300000786781,-24.89688132059036,2.7016356415717535
2024-04-11,1.909999966621399,1.9800000190734863,1.850000023841858,1.9700000286102295,13346000,2.5618000054359436,1.881879999935627,-25.443049318115186,1.4942486602086191
2024-04-12,1.809999942779541,1.8869999647140503,1.7899999618530273,1.8700000047683716,13032000,2.5514000058174133,1.8835299995541572,-29.05855849131519,-3.9038431451594247
2024-04-15,1.7300000190734863,1.850000023841858,1.725000023841858,1.7799999713897705,13245700,2.5398000073432923,1.8849799993634224,-31.884399792441975,-8.221836854623099
2024-04-16,1.7100000381469727,1.75,1.659999966621399,1.690000057220459,19890500,2.529200007915497,1.8864799997210502,-32.38968714236595,-9.354987150681337
2024-04-17,1.784999966621399,1.8300000429153442,1.7000000476837158,1.75,20320500,2.5223000049591064,1.8880549994111062,-29.231258648380376,-5.458264341973651
2024-04-18,1.8899999856948853,1.965000033378601,1.7899999618530273,1.840000033378601,26755200,2.5155000042915345,1.8893549993634224,-24.86583253943644,0.034137911174991764
2024-04-19,1.9199999570846558,1.9700000286102295,1.8600000143051147,1.9500000476837158,28528900,2.508300004005432,1.890704999268055,-23.454134113995018,1.5494198104908818
2024-04-22,2.049999952316284,2.075000047683716,1.8799999952316284,1.9700000286102295,28162900,2.4989000034332274,1.8927549991011619,-17.963906138709085,8.30772885501796
2024-04-23,2.109999895095825,2.140000104904175,2.0199999809265137,2.0299999713897705,18303700,2.4867000007629394,1.8947549983859062,-15.148594746110899,11.360038468998933
2024-04-24,2.059999942779541,2.119999885559082,2.0,2.109999895095825,18114000,2.4665000009536744,1.8957049980759622,-16.48084565242083,8.666693650664502
2024-04-25,2.005000114440918,2.0399999618530273,1.909999966621399,1.9500000476837158,11747100,2.4464000034332276,1.8966299983859063,-18.042833893592956,5.713824844447157
2024-04-26,1.9600000381469727,2.0369999408721924,1.940000057220459,1.9700000286102295,9033800,2.415800004005432,1.897229998409748,-18.86745447068202,3.3085097636996075
2024-04-29,1.8899999856948853,1.9700000286102295,1.8700000047683716,1.9199999570846558,10716000,2.38400000333786,1.8962299987673759,-20.72147722111245,-0.32854733215592624
2024-04-30,1.7899999618530273,1.8700000047683716,1.7599999904632568,1.840000033378601,21416300,2.347600004673004,1.8953299984335898,-23.751918627962542,-5.557345510682222
2024-05-01,1.7799999713897705,1.8600000143051147,1.7100000381469727,1.7599999904632568,13958600,2.3140000033378603,1.8950299981236458,-23.07692442427892,-6.070090016926999
2024-05-02,1.7999999523162842,1.850000023841858,1.7640000581741333,1.8300000429153442,11789100,2.287000000476837,1.8950299981236458,-21.294274073415565,-5.0146987594631875
2024-05-03,1.8200000524520874,1.909999966621399,1.8200000524520874,1.8600000143051147,9105400,2.25960000038147,1.8948799982666968,-19.454768448184122,-3.951698571049589
2024-05-06,1.9199999570846558,1.9800000190734863,1.8600000143051147,1.8700000047683716,16610400,2.2375999999046328,1.895879997909069,-14.193780963242453,1.27223026785388
2024-05-07,1.8300000429153442,1.9299999475479126,1.8200000524520874,1.909999966621399,10698100,2.202200002670288,1.896329998075962,-16.901278689657207,-3.4978065646758205
2024-05-08,1.7999999523162842,1.8300000429153442,1.7400000095367432,1.7999999523162842,13384000,2.1674000024795532,1.896829997599125,-16.951188047566458,-5.10483519373911
2024-05-09,1.850000023841858,1.850000023841858,1.7599999904632568,1.809999942779541,8456300,2.1412000012397767,1.897629997432232,-13.599849487638293,-2.509971577959047
2024-05-10,1.7300000190734863,1.8799999952316284,1.7100000381469727,1.8799999952316284,9792300,2.118800003528595,1.8973299977183342,-18.350008675080765,-8.819234336993208
2024-05-13,1.590000033378601,1.659999966621399,1.5199999809265137,1.6200000047683716,18793100,2.092000002861023,1.8967299976944922,-23.996174416629344,-16.171514379417562
2024-05-14,1.6100000143051147,1.649999976158142,1.559999942779541,1.5700000524520874,8750200,2.071600000858307,1.8958299979567528,-22.282293220792702,-15.076772915276882
2024-05-15,1.850000023841858,1.8799999952316284,1.649999976158142,1.7000000476837158,25233600,2.058800001144409,1.8957299980521203,-10.141829084247489,-2.4122619918052868
2024-05-16,1.7599999904632568,1.8600000143051147,1.75,1.7899999618530273,13136900,2.041199998855591,1.8956299981474876,-13.776210491377139,-7.154877682711058
2024-05-17,1.75,1.8600000143051147,1.7400000095367432,1.7699999809265137,14678100,2.0259999990463258,1.8957799980044365,-13.622902229824474,-7.689710734256594
2024-05-20,1.8350000381469727,1.850000023841858,1.7200000286102295,1.7799999713897705,13378900,2.009299998283386,1.896754998266697,-8.674660841353898,-3.255821662584657
2024-05-21,1.8700000047683716,1.9299999475479126,1.809999942779541,1.8300000429153442,27693700,1.9988999962806702,1.8983049985766411,-6.448546288065504,-1.4910667057976834
2024-05-22,2.0399999618530273,2.115000009536743,1.8550000190734863,1.8700000047683716,33546900,1.9928999972343444,1.9008549985289573,2.363388262534305,7.320125071704697
2024-05-23,1.9600000381469727,2.0999999046325684,1.9500000476837158,2.069999933242798,19539600,1.9849000000953674,1.9025549986958503,-1.2544693408835905,3.0193628825710306
2024-05-24,2.0199999809265137,2.119999885559082,1.940000057220459,1.9900000095367432,23814400,1.9810999989509583,1.905004998743534,1.9635546916437319,6.036466164594101
2024-05-28,2.2100000381469727,2.240000009536743,2.0899999141693115,2.200000047683716,36296300,1.9800999999046325,1.9083049991726875,11.61052665286666,15.809581754755131
2024-05-29,2.180000066757202,2.3399999141693115,2.1500000953674316,2.2300000190734863,24079300,1.9791000008583068,1.911304999291897,10.151082098517916,14.05819937502657
2024-05-30,2.25,2.299999952316284,2.1500000953674316,2.2100000381469727,22704700,1.979300000667572,1.9149549993872643,13.676552278135045,17.496233630552215
2024-05-31,2.240000009536743,2.2899999618530273,2.180000066757202,2.2799999713897705,18717000,1.974300000667572,1.9188549992442132,13.457934902463142,16.73628337831783
2024-06-03,2.3299999237060547,2.369999885559082,2.259999990463257,2.2699999809265137,27930000,1.9728999972343444,1.9234549990296363,18.100254801170923,21.136180720709152
2024-06-04,2.4100000858306885,2.440000057220459,2.299999952316284,2.319999933242798,30269700,1.9749000000953674,1.928854999244213,22.03149960576789,24.944595979221006
2024-06-05,2.509999990463257,2.5199999809265137,2.380000114440918,2.450000047683716,23013200,1.979300000667572,1.9347049990296363,26.812508948451065,29.735540649461466
2024-06-06,2.450000047683716,2.5799999237060547,2.4000000953674316,2.5199999809265137,24255200,1.9847000002861024,1.9406049993634225,23.44435165670069,26.249290736001953
2024-06-07,2.4000000953674316,2.549999952316284,2.4000000953674316,2.4700000286102295,27909000,1.989500000476837,1.9462049999833106,20.633329720643733,23.316921670019973
2024-06-10,2.299999952316284,2.440000057220459,2.259999990463257,2.299999952316284,23217200,1.9908999991416931,1.9507549998164178,15.525639324318075,17.903065865920276
2024-06-11,2.2699999809265137,2.2750000953674316,2.140000104904175,2.2100000381469727,24802300,1.99099999666214,1.9558549997210504,14.013057997594668,16.061772536832606
2024-06-12,2.430000066757202,2.5199999809265137,2.319999933242798,2.3399999141693115,36856100,1.9959999966621398,1.96170500010252,21.74349052208566,23.871839375961667
2024-06-13,2.809999942779541,2.880000114440918,2.5199999809265137,2.569999933242798,54303500,2.0078999972343445,1.9694549998641013,39.94720586931613,42.67906314048506
2024-06-14,2.869999885559082,2.9600000381469727,2.799999952316284,2.9549999237060547,39388100,2.0219999957084656,1.976504999101162,41.93866922108946,45.20579947251573
2024-06-17,3.140000104904175,3.2300000190734863,2.819999933242798,2.869999885559082,41946300,2.043199999332428,1.9850049993395806,53.680506359147564,58.186004868948224
2024-06-18,3.1500000953674316,3.2300000190734863,3.009999990463257,3.0199999809265137,33581900,2.065600001811981,1.9939549997448922,52.498067999815824,57.97749175735885
2024-06-20,3.119999885559082,3.2799999713897705,3.0199999809265137,3.1600000858306885,26987400,2.0886999988555908,2.0030049994587897,49.375204063223336,55.76595597125835
2024-06-21,2.940000057220459,2.9749999046325684,2.8450000286102295,2.950000047683716,26717700,2.108900001049042,2.011404999792576,39.40917330162637,46.16648847564977
2024-06-24,2.680000066757202,2.8350000381469727,2.630000114440918,2.7300000190734863,25429100,2.124300003051758,2.0185050001740454,26.15920834661436,32.77153470148051
2024-06-25,2.7799999713897705,2.930000066757202,2.7100000381469727,2.7300000190734863,19877700,2.1437000036239624,2.0262049999833107,29.68232339833614,37.20230536459383
2024-06-26,2.6500000953674316,2.7899999618530273,2.630000114440918,2.740000009536743,21370200,2.162100005149841,2.033355000317097,22.566027892117656,30.326484797498242
2024-06-27,2.5899999141693115,2.7699999809265137,2.5799999237060547,2.680000066757202,13421000,2.179700002670288,2.040804999768734,18.823687250372846,26.910700163063737
2024-06-28,2.569999933242798,2.640000104904175,2.5299999713897705,2.5999999046325684,11282300,2.195400002002716,2.047904999554157,17.062946656571,25.494099277178584
2024-07-01,2.680000066757202,2.740000009536743,2.5999999046325684,2.680000066757202,19367200,2.2112000036239623,2.0558049997687338,21.20116056281285,30.362561967632473
2024-07-02,2.5250000953674316,2.740000009536743,2.4800000190734863,2.7300000190734863,26161400,2.2233000063896178,2.0626300004124642,13.569922552545655,22.416531072587297
2024-07-03,2.509999990463257,2.549999952316284,2.450000047683716,2.4700000286102295,12454600,2.2325000071525576,2.0693300005793573,12.430010410823545,21.29529798343055
2024-07-05,2.6700000762939453,2.690000057220459,2.299999952316284,2.319999933242798,25447100,2.2437000107765197,2.076930001080036,18.999869121090196,28.555130645014692
2024-07-08,2.6649999618530273,2.809999942779541,2.609999895095825,2.740000009536743,27569700,2.2558000111579894,2.084605000913143,18.139903744613406,27.84196337846485
2024-07-09,2.4800000190734863,2.7200000286102295,2.4700000286102295,2.700000047683716,19255500,2.265300009250641,2.0914050009846687,9.477773758270015,18.58057229020016
2024-07-10,2.440000057220459,2.5350000858306885,2.4200000762939453,2.509999990463257,12198400,2.274900009632111,2.098155001103878,7.25746392761446,16.292650253996
2024-07-11,2.450000047683716,2.569999933242798,2.4100000858306885,2.5199999809265137,18567400,2.286100010871887,2.1051050016283988,7.169416737342105,16.38374550383588
2024-07-12,2.5299999713897705,2.549999952316284,2.4100000858306885,2.4600000381469727,18649100,2.300900011062622,2.11245500177145,9.956971586146569,19.765863380198788
2024-07-15,2.7699999809265137,2.7899999618530273,2.5999999046325684,2.690000057220459,36435700,2.320700011253357,2.12120500177145,19.360536368097847,30.586151673847905
2024-07-16,2.9700000286102295,3.009999990463257,2.7699999809265137,2.809999942779541,40583600,2.344100012779236,2.130855002105236,26.70107983528005,39.38067234400921
2024-07-17,2.9600000381469727,3.1480000019073486,2.890000104904175,2.9100000858306885,28691300,2.3669000124931334,2.1402050021290777,25.05809381567865,38.304509857810906
2024-07-18,2.6700000762939453,3.059999942779541,2.630000114440918,3.0299999713897705,25638200,2.3819000148773193,2.1482050022482873,12.095388539281938,24.289817475499454
2024-07-19,2.7899999618530273,2.859999895095825,2.6600000858306885,2.7100000381469727,20360200,2.401100013256073,2.1567050018906593,16.196740929153396,29.364004785410835
2024-07-22,2.880000114440918,2.9100000858306885,2.75,2.869999885559082,31573600,2.4227000164985655,2.16626500248909,18.875638536679862,32.94772851575081
2024-07-23,2.700000047683716,2.859999895095825,2.700000047683716,2.819999933242798,17125200,2.4397000169754026,2.174800002872944,10.669345776003158,24.1493490949501
2024-07-24,2.609999895095825,2.7699999809265137,2.609999895095825,2.700000047683716,28321300,2.4573000144958494,2.1828000023961067,6.2141325723023,19.57118802596536
2024-07-25,2.5799999237060547,2.690000057220459,2.490000009536743,2.5999999046325684,24732500,2.4771000123023987,2.1903500017523765,4.154047510904224,17.789390811602757
2024-07-26,2.690000057220459,2.7899999618530273,2.630000114440918,2.6700000762939453,20502100,2.498700013160706,2.198500002324581,7.655982833160113,22.35615439509624
2024-07-29,2.549999952316284,2.8399999141693115,2.549999952316284,2.7799999713897705,20300400,2.5127000117301943,2.206000002324581,1.484456577066906,15.593832712112965
2024-07-30,2.5199999809265137,2.5999999046325684,2.4700000286102295,2.549999952316284,16208800,2.5279000115394594,2.213500002324581,-0.31251357161610205,13.846847900612214
2024-07-31,2.5899999141693115,2.7300000190734863,2.549999952316284,2.549999952316284,29366600,2.5447000098228454,2.2216200017929078,1.7801667847527458,16.581589654356343
2024-08-01,2.4600000381469727,2.680000066757202,2.4000000953674316,2.609999895095825,23278300,2.5572000098228456,2.2291850018501282,-3.801031256941323,10.354234220366543
2024-08-02,2.180000066757202,2.447999954223633,2.1500000953674316,2.390000104904175,25017300,2.563400011062622,2.2347850024700167,-14.956695898057937,-2.4514633690606913
2024-08-05,2.0,2.0399999618530273,1.649999976158142,1.690000057220459,19180400,2.5626000118255616,2.239535002708435,-21.954265559562415,-10.695747216218876
2024-08-06,2.049999952316284,2.0899999141693115,1.9600000381469727,2.059999942779541,11977700,2.564400010108948,2.2448200026154517,-20.059275298895727,-8.678649070846733
2024-08-07,1.8849999904632568,2.130000114440918,1.8700000047683716,2.0999999046325684,17570500,2.5617000102996825,2.2492500025033952,-26.416052508711253,-16.194287501822004
2024-08-08,2.299999952316284,2.3499999046325684,1.9550000429153442,1.9700000286102295,34366100,2.563500008583069,2.255650002360344,-10.278917705657808,1.966171609493128
2024-08-09,2.2699999809265137,2.3299999237060547,2.200000047683716,2.299999952316284,17878800,2.565300006866455,2.261350002288818,-11.511325191966693,0.3825139243788245
2024-08-12,2.2200000286102295,2.299999952316284,2.1600000858306885,2.25,17466100,2.5647000074386597,2.266400002241135,-13.440167576272543,-2.047298516811802
2024-08-13,2.2799999713897705,2.3499999046325684,2.190000057220459,2.200000047683716,12401900,2.56550000667572,2.2718500018119814,-11.128436349368398,0.3587371336703171
2024-08-14,2.2300000190734863,2.380000114440918,2.180000066757202,2.299999952316284,11616700,2.563500008583069,2.277450001835823,-13.009556793171962,-2.0834697896370047
2024-08-15,2.299999952316284,2.3949999809265137,2.2300000190734863,2.2300000190734863,15568300,2.5613000059127806,2.283450001478195,-10.201852691730107,0.7247783322330337
2024-08-16,2.390000104904175,2.4200000762939453,2.25,2.2699999809265137,15946800,2.558900008201599,2.2900000017881394,-6.600488598854137,4.366816726548062
2024-08-19,2.390000104904175,2.444999933242798,2.3299999237060547,2.369999885559082,10362500,2.5577000093460085,2.296700002551079,-6.556668249952957,4.062354780748989
2024-08-20,2.359999895095825,2.490000009536743,2.319999933242798,2.430000066757202,11455300,2.556900005340576,2.3030000019073484,-7.700735649946711,2.475027926238349
2024-08-21,2.380000114440918,2.380000114440918,2.1600000858306885,2.180000066757202,30224700,2.558500008583069,2.3090000027418136,-6.976740025144911,3.0749290435164722
2024-08-22,2.259999990463257,2.390000104904175,2.25,2.380000114440918,12004000,2.558300008773804,2.3144500029087065,-11.660087452117185,-2.352611306229091
2024-08-23,2.440000057220459,2.450000047683716,2.2699999809265137,2.2799999713897705,16194600,2.558500008583069,2.320850003361702,-4.631618173346686,5.133897222404316
2024-08-26,2.380000114440918,2.440000057220459,2.3420000076293945,2.440000057220459,10854900,2.5499000120162965,2.326900004148483,-6.663002344199076,2.2820108383585946
2024-08-27,2.259999990463257,2.3350000381469727,2.2200000286102295,2.319999933242798,11909900,2.53770001411438,2.3326000040769577,-10.942980734783037,-3.1124073345969894
2024-08-28,2.1600000858306885,2.2300000190734863,2.119999885559082,2.2200000286102295,14432100,2.5181000137329104,2.3374000042676926,-14.22103673203049,-7.589625999533767
2024-08-29,2.1700000762939453,2.2699999809265137,2.1500000953674316,2.200000047683716,17656500,2.4985000133514403,2.3422500044107437,-13.147886143768773,-7.354036836052114
2024-08-30,2.1600000858306885,2.184999942779541,2.119999885559082,2.1700000762939453,11361800,2.4793000173568727,2.3474500048160554,-12.878632246636402,-7.9852571343710155
2024-09-03,1.9600000381469727,2.1500000953674316,1.9299999475479126,2.130000114440918,19364300,2.4597000169754026,2.3515000051259993,-20.31548462738524,-16.64894603978745
2024-09-04,1.934999942779541,2.0,1.8799999952316284,1.899999976158142,8606200,2.4448000144958497,2.354675005078316,-20.852424275751503,-17.823056744292252
2024-09-05,1.909999966621399,1.9800000190734863,1.8899999856948853,1.9199999570846558,12545200,2.427400014400482,2.358175004720688,-21.314989071006917,-19.005164468375526
2024-09-06,1.7899999618530273,1.9500000476837158,1.7699999809265137,1.9299999475479126,12442700,2.4102000117301943,2.3612250047922134,-25.732306317264854,-24.19189368992192
2024-09-09,1.940000057220459,1.9500000476837158,1.8250000476837158,1.850000023841858,14699100,2.397200014591217,2.3650750052928924,-19.072249065071112,-17.97300073448588
2024-09-10,2.009999990463257,2.009999990463257,1.8700000047683716,1.9700000286102295,14936100,2.3860000157356263,2.3694250053167343,-15.75859274068131,-15.169292720679762
2024-09-11,1.9900000095367432,2.009999990463257,1.8799999952316284,1.9600000381469727,15467800,2.372200014591217,2.373575005531311,-16.111626452389828,-16.160222242848686
2024-09-12,2.0399999618530273,2.0799999237060547,1.9500000476837158,2.0,10609400,2.362500011920929,2.3784250050783156,-13.650795701189411,-14.228955821718026
2024-09-13,2.0399999618530273,2.119999885559082,2.0,2.0399999618530273,16120900,2.353100011348724,2.383325005173683,-13.305853894252351,-14.405296909794984
2024-09-16,1.9800000190734863,2.0199999809265137,1.9500000476837158,1.9800000190734863,10710200,2.3393000102043153,2.3865250051021576,-15.35929506961562,-17.034180876360416
2024-09-17,2.0399999618530273,2.0799999237060547,1.9700000286102295,2.009999990463257,14418200,2.326800010204315,2.3892250049114225,-12.325943230767999,-14.616666171687843
2024-09-18,1.9600000381469727,2.0899999141693115,1.940000057220459,2.0399999618530273,14849200,2.316400010585785,2.391875005364418,-15.385942445609114,-18.055917062925552
2024-09-19,2.0299999713897705,2.109999895095825,2.0199999809265137,2.069999933242798,16763600,2.308200008869171,2.39372500538826,-12.05268332078795,-15.194938147855186
2024-09-20,2.0,2.049999952316284,1.9700000286102295,2.0399999618530273,11957900,2.2992000079154966,2.3949750053882597,-13.013222289728398,-16.491821605638368
2024-09-23,2.049999952316284,2.069999933242798,1.9900000095367432,2.009999990463257,17258500,2.2896000075340273,2.3954750049114226,-10.464712370253704,-14.421985280030636
2024-09-24,2.2100000381469727,2.2100000381469727,2.0399999618530273,2.069999933242798,14925700,2.278400008678436,2.3966750049591066,-3.0021054367506905,-7.78891449303194
2024-09-25,2.130000114440918,2.25,2.119999885559082,2.190000057220459,15661300,2.26160001039505,2.3966250050067903,-5.81888465463638,-11.125014969336721
2024-09-26,2.200000047683716,2.2699999809265137,2.1500000953674316,2.180000066757202,18194000,2.246400010585785,2.394675005674362,-2.065525404354396,-8.129493878265293
2024-09-27,2.25,2.299999952316284,2.2100000381469727,2.2699999809265137,17627300,2.238000009059906,2.3945750057697297,0.5361926224984437,-6.037606064599199
2024-09-30,2.109999895095825,2.190000057220459,2.0850000381469727,2.1700000762939453,16109700,2.224400007724762,2.392675005197525,-5.1429649447785835,-11.814187446588221
2024-10-01,1.9800000190734863,2.1050000190734863,1.9600000381469727,2.0999999046325684,16656100,2.206400005817413,2.387825005054474,-10.261058110360711,-17.079349831655023
2024-10-02,1.9800000190734863,2.009999990463257,1.9299999475479126,1.9500000476837158,19152500,2.192000005245209,2.3832750046253204,-9.671532192720367,-16.921042882973293
2024-10-03,1.9700000286102295,1.9900000095367432,1.9199999570846558,1.9700000286102295,11767400,2.179200007915497,2.3782750046253205,-9.599852172604228,-17.166853085579636
2024-10-04,2.0199999809265137,2.059999942779541,1.9539999961853027,2.0399999618530273,17638100,2.168000009059906,2.373775004148483,-6.826569534820637,-14.903477482225613
2024-10-07,1.8899999856948853,2.0299999713897705,1.850000023841858,2.0199999809265137,18692500,2.1520000076293946,2.3693250042200087,-12.174722165690133,-20.23044612585427
2024-10-08,1.840000033378601,1.9299999475479126,1.8200000524520874,1.899999976158142,15005900,2.137800009250641,2.3649250042438505,-13.930207436776431,-22.1962628803566
2024-10-09,1.7799999713897705,1.8600000143051147,1.7599999904632568,1.850000023841858,13097300,2.123000009059906,2.359375003576279,-16.15638418306087,-24.556292717703066
2024-10-10,1.75,1.7899999618530273,1.7200000286102295,1.7799999713897705,14934500,2.10620001077652,2.353175003528595,-16.911974596619395,-25.63239039273032
2024-10-11,1.850000023841858,1.8650000095367432,1.774999976158142,1.7899999618530273,14649400,2.0940000104904173,2.3462250036001207,-11.652339323122273,-21.149931442928093
2024-10-14,1.909999966621399,1.9550000429153442,1.850000023841858,1.9500000476837158,20312400,2.088600008487701,2.338225003480911,-8.551184580125604,-18.314107334495798
2024-10-15,1.850000023841858,1.937999963760376,1.840000033378601,1.8700000047683716,24302000,2.085600008964539,2.3308750039339063,-11.296508635884205,-20.63066356112865
2024-10-16,1.9299999475479126,1.9299999475479126,1.840000033378601,1.8799999952316284,22574300,2.0832000088691713,2.3259750032424926,-7.3540735728213065,-17.024046051336605
2024-10-17,1.8700000047683716,1.909999966621399,1.8300000429153442,1.899999976158142,20556500,2.0829000091552734,2.321125003695488,-10.221326201503267,-19.43561842679198
2024-10-18,2.059999942779541,2.069999933242798,1.8700000047683716,1.8899999856948853,33584800,2.0781000089645385,2.317375003695488,-0.8709911027822148,-11.10631902499658
2024-10-21,2.1500000953674316,2.1600000858306885,2.0,2.0399999618530273,31790700,2.075700011253357,2.313475003838539,3.5795193771382516,-7.066205954240634
2024-10-22,2.0999999046325684,2.1600000858306885,2.059999942779541,2.130000114440918,20146700,2.0733000087738036,2.3103750032186507,1.2877970262757943,-9.105668919244824
2024-10-23,1.9700000286102295,2.0950000286102295,1.909999966621399,2.069999933242798,18876600,2.067100009918213,2.305375003218651,-4.697401230810561,-14.547523684441243
2024-10-24,1.9900000095367432,2.049999952316284,1.9299999475479126,2.009999990463257,26139900,2.062300009727478,2.3007250028848647,-3.5057944939974495,-13.505525126145256
2024-10-25,1.899999976158142,2.0299999713897705,1.8899999856948853,2.009999990463257,26751500,2.054300010204315,2.2952250027656556,-7.511075951892088,-17.219445855255277
2024-10-28,2.140000104904175,2.177999973297119,1.9700000286102295,1.9700000286102295,45048900,2.0493000102043153,2.2929250037670137,4.425906126395662,-6.6694243645823885
2024-10-29,2.25,2.365000009536743,2.2300000190734863,2.259999990463257,58101300,2.0465000081062317,2.2919750034809114,9.94380606341072,-1.8313901075344363
2024-10-30,2.140000104904175,2.2899999618530273,2.140000104904175,2.190000057220459,37582100,2.0421000123023987,2.2911250042915343,4.794089026589687,-6.596100130035931
2024-10-31,1.9249999523162842,2.0799999237060547,1.9199999570846558,2.069999933242798,32327800,2.033000009059906,2.2894000041484834,-5.312349053729859,-15.916836340171747
2024-11-01,1.8600000143051147,2.0199999809265137,1.850000023841858,1.9299999475479126,21857300,2.0250000095367433,2.2883000046014788,-8.148147874299294,-18.716950986981928
2024-11-04,1.7300000190734863,1.8300000429153442,1.7100000381469727,1.809999942779541,32372600,2.0108000087738036,2.2865000051259994,-13.964590634329198,-24.338507973099553
2024-11-05,1.809999942779541,1.8550000190734863,1.7400000095367432,1.7899999618530273,26211800,1.9994000053405763,2.2851000052690504,-9.47284495624341,-20.79121532510655
2024-11-06,2.130000114440918,2.1700000762939453,1.9700000286102295,2.0,57226200,1.9968000078201293,2.2856500059366227,6.670678390381268,-6.809874262963634
2024-11-07,2.25,2.2699999809265137,2.109999895095825,2.109999895095825,40789900,1.9986000061035156,2.28680000603199,12.578804819810617,-1.6092358726133016
2024-11-08,2.240000009536743,2.259999990463257,2.1500000953674316,2.240000009536743,30993100,2.0000000047683715,2.2876500064134597,12.00000020980836,-2.082923381772961
2024-11-11,2.640000104904175,2.690000057220459,2.4600000381469727,2.484999895095825,64905900,2.0096000051498413,2.2892000073194505,31.369431635094426,15.324134914515186
2024-11-12,2.690000057220459,2.75,2.490000009536743,2.549999952316284,58791400,2.024200005531311,2.2906500071287157,32.892009182382594,17.433918269876614
2024-11-13,2.265000104904175,2.759999990463257,2.25,2.690000057220459,53978500,2.0308000087738036,2.290425007939339,11.532405708023475,-1.1100517566405066
2024-11-14,2.109999895095825,2.380000114440918,2.0999999046325684,2.3499999046325684,39328000,2.0348000073432924,2.2893250077962874,3.69568937886513,-7.833099804080734
2024-11-15,2.25,2.2799999713897705,2.0999999046325684,2.190000057220459,42079300,2.0440000081062317,2.28902500808239,10.078277449941275,-1.7048746931377035
2024-11-18,2.1600000858306885,2.319999933242798,2.069999933242798,2.2200000286102295,50295500,2.048400008678436,2.2886250084638595,5.448158400675518,-5.620183392101663
2024-11-19,2.2300000190734863,2.299999952316284,2.049999952316284,2.140000104904175,54501500,2.0528000092506407,2.2891250079870225,8.632112676554948,-2.5828641383603856
2024-11-20,2.1700000762939453,2.3299999237060547,2.0999999046325684,2.2799999713897705,79548500,2.0564000105857847,2.2888250082731245,5.524220245252809,-5.19152541368072
2024-11-21,2.049999952316284,2.2950000762939453,2.0,2.265000104904175,70554900,2.05660001039505,2.2876750081777573,-0.32092084242955066,-10.38937152400824
2024-11-22,2.109999895095825,2.1500000953674316,1.9600000381469727,2.0299999713897705,55789700,2.058000009059906,2.285625007748604,2.5267194269679605,-7.68389880480761
2024-11-25,2.049999952316284,2.1700000762939453,2.0199999809265137,2.130000114440918,56665600,2.059400007724762,2.2822750073671343,-0.4564463131600638,-10.177347353017108
2024-11-26,1.9700000286102295,2.0899999141693115,1.940000057220459,1.975000023841858,48087400,2.058000009059906,2.2767750078439715,-4.275995143939526,-13.474101664715976
2024-11-27,2.1500000953674316,2.180000066757202,2.0,2.009999990463257,61445900,2.061800010204315,2.272475008368492,4.2778196103693045,-5.389494386078663
2024-11-29,2.1500000953674316,2.2899999618530273,2.1500000953674316,2.1700000762939453,30681600,2.064200012683868,2.2657750087976454,4.156577955447571,-5.109726825509064
2024-12-02,2.0399999618530273,2.190000057220459,2.0,2.130000114440918,52185100,2.065000011920929,2.2585750085115435,-1.2106561706334285,-9.677564209061295
2024-12-03,1.9900000095367432,2.0299999713897705,1.930999994277954,1.9620000123977661,45872800,2.0638000130653382,2.2504750090837478,-3.575928048327748,-11.57422315269583
2024-12-04,2.140000104904175,2.1700000762939453,1.9900000095367432,2.0399999618530273,46581400,2.0624000144004824,2.243875009417534,3.762611033837193,-4.62926428956143
2024-12-05,2.0799999237060547,2.369999885559082,2.0799999237060547,2.259999990463257,63232500,2.061400010585785,2.238525008559227,0.9022951889373632,-7.081675846686353
2024-12-06,2.2899999618530273,2.3299999237060547,2.109999895095825,2.119999885559082,67897000,2.0632000088691713,2.23402500808239,10.992630477360454,2.5055652272525153
2024-12-09,2.140000104904175,2.3499999046325684,2.109999895095825,2.2300000190734863,46416500,2.0610000109672546,2.229625008702278,3.8330952700890375,-4.019729929844484
2024-12-10,2.009999990463257,2.140000104904175,1.9800000190734863,2.140000104904175,51172300,2.0590000128746033,2.2216750091314315,-2.379797091061542,-9.527722002460182
2024-12-11,2.069999933242798,2.125,2.009999990463257,2.069999933242798,50880700,2.0608000111579896,2.2143250089883804,0.44642478818885944,-6.517790981890137
2024-12-12,2.0199999809265137,2.1600000858306885,2.0,2.118000030517578,66737100,2.06160001039505,2.2086250084638595,-2.017851632653267,-8.540382673133728
2024-12-13,1.9299999475479126,2.0199999809265137,1.9299999475479126,2.0199999809265137,41573000,2.060800008773804,2.2040250086784363,-6.347052633395444,-12.432937922734045
2024-12-16,2.0999999046325684,2.1700000762939453,1.9600000381469727,1.972000002861023,71288600,2.0624000072479247,2.199875007867813,1.8231137147258325,-4.540035360101968
2024-12-17,2.069999933242798,2.1500000953674316,2.0199999809265137,2.1500000953674316,57674600,2.066000006198883,2.1970750069618226,0.1936073103539826,-5.783829560500431
2024-12-18,1.8200000524520874,2.0799999237060547,1.7999999523162842,2.0399999618530273,64442500,2.0656000065803526,2.193725007176399,-11.890005487309296,-17.036089459787984
2024-12-19,1.690000057220459,1.899999976158142,1.690000057220459,1.899999976158142,34279500,2.0638000082969667,2.1889750069379805,-18.11221773300432,-22.794913059126532
2024-12-20,1.6799999475479126,1.7100000381469727,1.590000033378601,1.6349999904632568,55861200,2.0624000072479247,2.184825006723404,-18.54150787219442,-23.105972223037707
2024-12-23,1.590000033378601,1.6799999475479126,1.559999942779541,1.6799999475479126,35536300,2.05720000743866,2.1794250065088274,-22.710478921383604,-27.044976145997936
2024-12-24,1.690000057220459,1.7200000286102295,1.6200000047683716,1.6449999809265137,33441400,2.0528000092506407,2.1759250062704085,-17.673419251523637,-22.331879437464497
2024-12-26,1.659999966621399,1.7000000476837158,1.6200000047683716,1.7000000476837158,25683500,2.0490000081062316,2.172525006532669,-18.984872618149097,-23.59121475564765
2024-12-27,1.6299999952316284,1.6950000524520874,1.5499999523162842,1.659999966621399,45531100,2.043000009059906,2.168875007033348,-20.2153701417907,-24.845830675083892
2024-12-30,1.5399999618530273,1.6050000190734863,1.5,1.600000023841858,37058400,2.036400008201599,2.1655250066518783,-24.376352600143434,-28.885607087307484
2024-12-31,1.4900000095367432,1.5989999771118164,1.4800000190734863,1.590000033378601,40174400,2.0250000095367433,2.1616750067472457,-26.419752961995858,-31.07196942713407
2025-01-02,1.6100000143051147,1.6399999856948853,1.5199999809265137,1.559999942779541,36537700,2.014200007915497,2.158575006723404,-20.067520207622792,-25.41375633043187
2025-01-03,1.7200000286102295,1.75,1.5800000429153442,1.6100000143051147,47979200,2.00660001039505,2.1559750068187715,-14.282865558661884,-20.22170836070316
2025-01-06,1.7599999904632568,1.8200000524520874,1.7300000190734863,1.7699999809265137,59313500,2.0024000096321104,2.152325006723404,-12.10547433094491,-18.227963482959474
2025-01-07,1.690000057220459,1.7599999904632568,1.6100000143051147,1.7400000095367432,46546100,1.9964000105857849,2.148775006532669,-15.347623308989156,-21.35053451000921
2025-01-08,1.6200000047683716,1.6649999618530273,1.5700000524520874,1.649999976158142,41966300,1.9908000111579895,2.1453250068426133,-18.62567833591354,-24.48696586292023
2025-01-10,1.6100000143051147,1.6200000047683716,1.5299999713897705,1.600000023841858,42970000,1.9802000093460084,2.1419250071048737,-18.695080966248344,-24.83396902484152
2025-01-13,1.559999942779541,1.5700000524520874,1.4700000286102295,1.5299999713897705,31066700,1.966400008201599,2.138825006484985,-20.667212353896268,-27.062759316467133
2025-01-14,1.5700000524520874,1.625,1.5299999713897705,1.6200000047683716,33723500,1.9550000071525573,2.1358750063180922,-19.6930922399954,-26.493823477127677
2025-01-15,1.6699999570846558,1.690000057220459,1.6100000143051147,1.6399999856948853,45215200,1.949900007247925,2.133075006008148,-14.354584805521286,-21.709271714270105
2025-01-16,1.6399999856948853,1.690000057220459,1.6200000047683716,1.649999976158142,38016900,1.9455000066757202,2.129950005412102,-15.702905162300329,-23.00288825898621
2025-01-17,1.6799999475479126,1.7799999713897705,1.6699999570846558,1.7200000286102295,49313600,1.9445000052452088,2.127450004816055,-13.60247143141261,-21.03222431809063
2025-01-21,1.6699999570846558,1.7400000095367432,1.6299999952316284,1.7400000095367432,53222700,1.941700005531311,2.124725005030632,-13.992895281076612,-21.40159535324999
2025-01-22,1.659999966621399,1.6799999475479126,1.5800000429153442,1.6200000047683716,46341300,1.9323000025749206,2.122200005054474,-14.092016539391583,-21.779287406099645
2025-01-23,1.6100000143051147,1.7300000190734863,1.6100000143051147,1.6299999952316284,56061900,1.919500002861023,2.119850005507469,-16.123990002323374,-24.05122956236245
2025-01-24,1.6299999952316284,1.7000000476837158,1.6100000143051147,1.6299999952316284,38079800,1.9073000025749207,2.1178500056266785,-14.538877311850662,-23.03515400519093
2025-01-27,1.399999976158142,1.5700000524520874,1.3600000143051147,1.5700000524520874,57755900,1.8825,2.115025005340576,-25.630811359461248,-33.80693029051426
2025-01-28,1.399999976158142,1.4500000476837158,1.3700000047683716,1.4279999732971191,23267900,1.8566999983787538,2.1123750054836274,-24.59740521459558,-33.7238902882392
2025-01-29,1.440000057220459,1.4600000381469727,1.3600000143051147,1.399999976158142,51694400,1.8401999974250793,2.1100250059366226,-21.747632907542915,-31.754360580136588
2025-01-30,1.5,1.5399999618530273,1.440000057220459,1.4500000476837158,53848400,1.8279999995231628,2.108475006222725,-17.943107199601872,-28.858535407198925
2025-01-31,1.4500000476837158,1.5399999618530273,1.4299999475479126,1.5,59498100,1.812000000476837,2.107075006365776,-19.977922334318933,-31.184222521597114
2025-02-03,1.399999976158142,1.4900000095367432,1.309999942779541,1.315000057220459,64703900,1.7967999982833862,2.105525006055832,-22.083705615780058,-33.5082712325185
2025-02-04,1.4800000190734863,1.5,1.3899999856948853,1.3899999856948853,27029600,1.7817999982833863,2.1040000063180924,-16.937926787555213,-29.657793981501868
2025-02-05,1.409999966621399,1.5,1.409999966621399,1.4600000381469727,31077700,1.7665999960899352,2.101600006222725,-20.185669096445658,-32.90826215995124
2025-02-06,1.409999966621399,1.4850000143051147,1.3899999856948853,1.4199999570846558,29468300,1.7537999963760376,2.0990500062704087,-19.603149188336722,-32.82675675141793
2025-02-07,1.4199999570846558,1.5049999952316284,1.409999966621399,1.4600000381469727,41253000,1.7399999976158143,2.0959000062942503,-18.39080695227756,-32.248678237500926
2025-02-10,1.3899999856948853,1.440000057220459,1.3799999952316284,1.4199999570846558,29161900,1.7267999982833862,2.0923000067472457,-19.50428613176478,-33.56593312563134
2025-02-11,1.309999942779541,1.399999976158142,1.309999942779541,1.3949999809265137,37749000,1.7135999965667725,2.088550006747246,-23.552757621139776,-37.27706118850542
2025-02-12,1.3600000143051147,1.399999976158142,1.2799999713897705,1.2899999618530273,51930300,1.697799994945526,2.085325006246567,-19.896335354344817,-34.7823475846091
2025-02-13,1.399999976158142,1.4199999570846558,1.340000033378601,1.3700000047683716,32915500,1.6827999925613404,2.0825250059366227,-16.805325508277235,-32.773917616010216
2025-02-14,1.4199999570846558,1.4500000476837158,1.3899999856948853,1.399999976158142,23526100,1.670399992465973,2.0801750057935715,-14.990423641684615,-31.736514806217652
2025-02-18,1.399999976158142,1.4700000286102295,1.3799999952316284,1.409999966621399,30393200,1.658599991798401,2.078225005865097,-15.591463699445807,-32.63482191740024
2025-02-19,1.409999966621399,1.4600000381469727,1.399999976158142,1.409999966621399,24297500,1.6439999890327455,2.076375005841255,-14.233578100509693,-32.093193057381775
2025-02-20,1.3899999856948853,1.4299999475479126,1.3700000047683716,1.4199999570846558,26390800,1.630199990272522,2.074325006008148,-14.734388787321873,-32.99025072402636
2025-02-21,1.3200000524520874,1.4199999570846558,1.2899999618530273,1.4049999713897705,56563500,1.610799992084503,2.0718250060081482,-18.05313763728652,-36.2880528700938
2025-02-24,1.2400000095367432,1.3200000524520874,1.2300000190734863,1.315000057220459,42380700,1.5927999901771546,2.0684250062704086,-22.149672452042914,-40.051004712392455
2025-02-25,1.1299999952316284,1.2100000381469727,1.090000033378601,1.1950000524520874,35083100,1.575199990272522,2.06492500603199,-28.263077564130157,-45.27646321630519
2025-02-26,1.1299999952316284,1.190000057220459,1.1100000143051147,1.1150000095367432,21988300,1.5563999915122986,2.0615750062465668,-27.396556065664868,-45.18753905107835
2025-02-27,1.090000033378601,1.2100000381469727,1.090000033378601,1.159999966621399,25533200,1.5377999925613404,2.0577750062942504,-29.119518880793414,-47.03016461738786
2025-02-28,1.159999966621399,1.1699999570846558,1.059999942779541,1.0750000476837158,34043800,1.52239999294281,2.05492500603199,-23.804521019531087,-43.55025301573752
2025-03-03,1.100000023841858,1.2999999523162842,1.090000033378601,1.2799999713897705,40817900,1.5023999953269958,2.052475005984306,-26.78381075191337,-46.406167157473845
2025-03-04,1.1399999856948853,1.1799999475479126,1.059999942779541,1.0800000429153442,42999000,1.4837999963760375,2.050125005841255,-23.170239353068677,-44.39363539068224
2025-03-05,1.1799999475479126,1.1799999475479126,1.1100000143051147,1.1399999856948853,32323000,1.4709999942779541,2.0467750054597853,-19.782464164650115,-42.348331184411805
2025-03-06,1.1200000047683716,1.1799999475479126,1.0800000429153442,1.1299999952316284,34911700,1.4595999932289123,2.043575005531311,-23.266647714164556,-45.194083812099585
2025-03-07,1.2400000095367432,1.2599999904632568,1.0800000429153442,1.1100000143051147,42959900,1.450799994468689,2.041025005578995,-14.529913546708052,-39.246211773628815
2025-03-10,1.1100000143051147,1.215000033378601,1.0800000429153442,1.1699999570846558,31063400,1.4411999940872193,2.0374000054597854,-22.98084798368801,-45.51879791250819
2025-03-11,1.1399999856948853,1.159999966621399,1.0800000429153442,1.1100000143051147,22902400,1.4301999926567077,2.033750005364418,-20.290869000967714,-43.94591357404255
2025-03-12,1.149999976158142,1.1799999475479126,1.100000023841858,1.1399999856948853,33334500,1.4199999928474427,2.029300005435944,-19.014085778119295,-43.330213715192215
2025-03-13,1.090000033378601,1.1799999475479126,1.090000033378601,1.1299999952316284,29056600,1.409199993610382,2.024950005412102,-22.65114686908194,-46.171508903165595
2025-03-14,1.1100000143051147,1.159999966621399,1.1050000190734863,1.1200000047683716,22499900,1.4005999946594239,2.0204000055789946,-20.748249426130595,-45.060383526032645
2025-03-17,1.100000023841858,1.1399999856948853,1.0800000429153442,1.1299999952316284,24001200,1.392799994945526,2.014850005507469,-21.022398920608833,-45.40536412958408
2025-03-18,1.0099999904632568,1.100000023841858,0.9900000095367432,1.0800000429153442,31510600,1.380799994468689,2.0090000051259995,-26.853998080157183,-49.72623255917254
2025-03-19,1.0800000429153442,1.100000023841858,1.0149999856948853,1.0149999856948853,17790900,1.3679999947547912,2.003150005340576,-21.052628139159445,-46.08491425824487
2025-03-20,1.0399999618530273,1.090000033378601,1.0199999809265137,1.059999942779541,21426700,1.3535999941825867,1.9971500051021576,-23.167851187745935,-47.925796299921416
2025-03-21,1.0099999904632568,1.0449999570846558,1.0,1.0299999713897705,26418900,1.3399999928474426,1.9905500054359435,-24.626865981017655,-49.260255321138736
2025-03-24,1.100000023841858,1.1100000143051147,1.0299999713897705,1.0299999713897705,29704600,1.3295999932289124,1.9840000051259994,-17.268349169397535,-44.55645055444446
2025-03-25,1.059999942779541,1.1100000143051147,1.0299999713897705,1.100000023841858,19645900,1.3185999917984008,1.9767500048875808,-19.611713228221895,-46.3766313312935
2025-03-26,0.9869999885559082,1.059999942779541,0.9750000238418579,1.0399999618530273,29808700,1.3071399927139282,1.9694350045919418,-24.491638687707397,-49.88410451451226
2025-03-27,0.953000009059906,1.0099999904632568,0.9300000071525574,0.9800000190734863,14648000,1.2947999918460846,1.9622000041604042,-26.397898126246588,-51.43206568956866
2025-03-28,0.8429999947547913,0.9300000071525574,0.8199999928474426,0.9139999747276306,27828500,1.2782599925994873,1.9549150043725967,-34.05097557340782,-56.87792088815951
2025-03-31,0.7879999876022339,0.8199999928474426,0.7699999809265137,0.8040000200271606,31144000,1.2612199926376342,1.9475050044059754,-37.52081379916429,-59.537973673007926
2025-04-01,0.8080000281333923,0.8169999718666077,0.7509999871253967,0.7919999957084656,15617900,1.243779994249344,1.9393950042128563,-35.036740270047275,-58.33752142404142
2025-04-02,0.8579999804496765,0.8899999856948853,0.7680000066757202,0.7680000066757202,20627300,1.2275399947166443,1.929635004401207,-30.104111952154323,-55.53563350101405
2025-04-03,0.8209999799728394,0.8360000252723694,0.7749999761581421,0.7900000214576721,7786600,1.2107599949836731,1.9193900048732757,-32.19135226020493,-57.2259948270886
2025-04-04,0.7680000066757202,0.7950000166893005,0.7200000286102295,0.7699999809265137,12923700,1.1939199948310852,1.9075300043821335,-35.67408117791208,-59.73850975285275
2025-04-07,0.7540000081062317,0.8199999928474426,0.6809999942779541,0.699999988079071,11109500,1.1763999950885773,1.8955500039458275,-35.90615341260188,-60.222626333429076
2025-04-08,0.6840000152587891,0.8100000023841858,0.675000011920929,0.8069999814033508,8959500,1.1620799958705903,1.883370004594326,-41.14002326093223,-63.68212228132404
2025-04-09,0.8460000157356262,0.8759999871253967,0.6729999780654907,0.6899999976158142,18084800,1.1509999966621398,1.872900004386902,-26.498695205126232,-54.82940820363946
2025-04-10,0.7720000147819519,0.8330000042915344,0.7620000243186951,0.8069999814033508,5878300,1.1376399958133698,1.8633600041270255,-32.14021855569512,-58.56946520950845
2025-04-11,0.7979999780654907,0.8299999833106995,0.7799999713897705,0.7799999713897705,7129900,1.1235999953746796,1.8534500041604043,-28.978285746664955,-56.945157610173716
2025-04-14,0.8149999976158142,0.8489999771118164,0.7879999876022339,0.8100000023841858,7931700,1.1108999943733215,1.8442750036716462,-26.63606069459292,-55.8091935316976
2025-04-15,0.7919999957084656,0.8349999785423279,0.7770000100135803,0.8100000023841858,5478000,1.098739994764328,1.8352850040793418,-27.917432742735095,-56.84593978874868
2025-04-16,0.8270000219345093,0.8410000205039978,0.765999972820282,0.765999972820282,13249500,1.0856799948215485,1.8265700045228004,-23.826539507118582,-54.723880284535454
2025-04-17,0.8360000252723694,0.8500000238418579,0.8040000200271606,0.8289999961853027,5737700,1.0741999959945678,1.8173500043153763,-22.17463895088332,-53.99895324030864
2025-04-21,0.8349999785423279,0.8880000114440918,0.8309999704360962,0.843999981880188,8595200,1.0626999962329864,1.8089000037312508,-21.42655674205325,-53.8393511625873
2025-04-22,0.9419999718666077,0.972000002861023,0.8619999885559082,0.8640000224113464,16587900,1.0531399965286254,1.8010600036382676,-10.553205179592362,-47.69746871488447
2025-04-23,1.0,1.0800000429153442,0.9829999804496765,1.0,13811100,1.045339996814728,1.7927100032567977,-4.337344495846718,-44.21852959021201
2025-04-24,1.0199999809265137,1.0399999618530273,0.9789999723434448,0.9800000190734863,6678800,1.0395399975776671,1.7844850033521653,-1.8796791558463921,-42.84065268072089
2025-04-25,1.0299999713897705,1.0499999523162842,1.0099999904632568,1.024999976158142,10129600,1.0329399967193604,1.7772350031137467,-0.28462692304755954,-42.04480726605133
2025-04-28,1.0199999809265137,1.059999942779541,0.9729999899864197,1.0499999523162842,16269100,1.0253399968147279,1.7701350027322769,-0.5208044068117146,-42.377277475893
2025-04-29,0.9980000257492065,1.0299999713897705,0.9950000047683716,1.0,8964500,1.016899998188019,1.7628750026226043,-1.8585871248391839,-43.387930269333
2025-04-30,0.9990000128746033,1.0149999856948853,0.9330000281333923,0.9700000286102295,15620600,1.008879998922348,1.7552200028300284,-0.97930240051326,-43.084057197168114
2025-05-01,1.0299999713897705,1.059999942779541,1.0,1.0199999809265137,9397100,1.0012799990177155,1.7465200027823449,2.868325783020742,-41.0255840328826
2025-05-02,1.0199999809265137,1.059999942779541,1.0,1.0299999713897705,8796200,0.993879998922348,1.7367700025439263,2.628082065489523,-41.27029028412091
2025-05-05,0.9679999947547913,1.0099999904632568,0.9639999866485596,1.0,7880100,0.9868399977684021,1.7268100023269652,-1.9091243824951198,-43.94287770800717
2025-05-06,0.9819999933242798,0.9980000257492065,0.9340000152587891,0.9480000138282776,9007200,0.9816799974441528,1.718370001912117,0.032596760753000886,-42.852820275519306
2025-05-07,1.0199999809265137,1.0299999713897705,0.9750000238418579,0.9990000128746033,7494500,0.9794799971580506,1.7095200020074843,4.136887316334326,-40.334130064068816
2025-05-08,1.059999942779541,1.090000033378601,1.0099999904632568,1.0449999570846558,13653900,0.9780799961090088,1.7004200011491775,8.375587579382637,-37.66246327006433
2025-05-09,1.0800000429153442,1.149999976158142,1.0499999523162842,1.0700000524520874,16533100,0.9778799962997436,1.6923200011253356,10.443003947521024,-36.18227981722247
2025-05-12,1.090000033378601,1.149999976158142,1.0499999523162842,1.1399999856948853,23019000,0.9764799976348877,1.6847200018167496,11.625433804959439,-35.30081959001027
2025-05-13,1.159999966621399,1.190000057220459,1.0800000429153442,1.1100000143051147,31625800,0.9776799964904785,1.6776200020313263,18.64822547105227,-30.854426794099577
2025-05-14,1.090000033378601,1.159999966621399,1.0700000524520874,1.100000023841858,23793500,0.9766799974441528,1.669620001912117,11.602575688146821,-34.71568188388444
2025-05-15,1.0700000524520874,1.090000033378601,1.0299999713897705,1.0700000524520874,15258100,0.9744799995422363,1.662220002412796,9.802156324883192,-35.628253125402864
2025-05-16,1.149999976158142,1.149999976158142,1.059999942779541,1.059999942779541,24991600,0.9750799989700317,1.6553700023889542,17.939038578668075,-30.529127959397904
2025-05-19,1.149999976158142,1.149999976158142,1.090000033378601,1.1100000143051147,17175900,0.9732799983024597,1.6481700026988984,18.15715705284271,-30.225645760145902
2025-05-20,1.1200000047683716,1.1399999856948853,1.090000033378601,1.1200000047683716,21322000,0.9734799981117248,1.6414700025320053,15.051157388015568,-31.768475632162286
2025-05-21,1.0800000429153442,1.159999966621399,1.059999942779541,1.100000023841858,31716600,0.9722799992561341,1.635970002412796,11.07911751158348,-33.984116987321556
2025-05-22,1.090000033378601,1.149999976158142,1.0800000429153442,1.1100000143051147,49156500,0.9710800004005432,1.631420002579689,12.246162306813723,-33.18703757125483
2025-05-23,1.0499999523162842,1.090000033378601,1.0299999713897705,1.0449999570846558,28677100,0.9702799987792968,1.626420002579689,8.216180240475168,-35.44103302647142
2025-05-27,1.0700000524520874,1.090000033378601,1.0499999523162842,1.0700000524520874,39571600,0.9694799995422363,1.6223450028896331,10.368450402000473,-34.04608449212336
2025-05-28,0.9819999933242798,1.0700000524520874,0.9750000238418579,1.0499999523162842,40144800,0.9671199989318847,1.6157550030946732,1.538588221609416,-39.22345953170843
2025-05-29,0.9359999895095825,0.9980000257492065,0.9359999895095825,0.9900000095367432,10864600,0.9656399989128113,1.6090850031375885,-3.069467859305708,-41.83029562239058
2025-05-30,0.9210000038146973,0.9340000152587891,0.8880000114440918,0.9200000166893005,12598700,0.9624599981307983,1.6025900030136109,-4.307710907115192,-42.53052857669204
2025-06-02,0.9160000085830688,0.9229999780654907,0.8989999890327454,0.9200000166893005,9472200,0.9599799990653992,1.5957700031995774,-4.581344457712411,-42.598243685089
2025-06-03,0.9200000166893005,0.9390000104904175,0.9020000100135803,0.9100000262260437,9073300,0.9581799995899201,1.5892200031876564,-3.984635759143351,-42.109964961178115
2025-06-04,0.9319999814033508,0.9390000104904175,0.9150000214576721,0.9200000166893005,8815800,0.9548199987411499,1.5823800033330917,-2.389981082076764,-41.101380234823125
2025-06-05,0.8600000143051147,0.9419999718666077,0.8500000238418579,0.9390000104904175,11315100,0.9508200001716614,1.5747300028800963,-9.551753838807553,-45.38746243913426
2025-06-06,0.8970000147819519,0.9150000214576721,0.8769999742507935,0.8989999890327454,11226200,0.9490200006961822,1.5672650024294854,-5.481442527667435,-42.76653830772248
2025-06-09,0.9240000247955322,0.925000011920929,0.8600000143051147,0.8999999761581421,18165400,0.9484400010108948,1.5600850030779838,-2.576860548828941,-40.77245643843008
2025-06-10,0.9599999785423279,0.9599999785423279,0.9100000262260437,0.9300000071525574,18983400,0.9507800006866455,1.5529850023984908,0.9697277865567067,-38.18356410012548
2025-06-11,0.8960000276565552,0.949999988079071,0.8859999775886536,0.9470000267028809,21769800,0.952940001487732,1.5461650025844573,-5.975189806523174,-42.050167597968745
2025-06-12,0.8700000047683716,0.8889999985694885,0.8600000143051147,0.8799999952316284,8313800,0.9541800010204315,1.538315002322197,-8.822234396239192,-43.44461287479846
2025-06-13,0.8389999866485596,0.8700000047683716,0.8370000123977661,0.8500000238418579,9832900,0.9538000011444092,1.5306100016832351,-12.036067766629044,-45.18525387094697
2025-06-16,0.8500000238418579,0.8669999837875366,0.8100000023841858,0.847000002861023,7700300,0.9543800020217895,1.523560001850128,-10.93694104641858,-44.20961282721624
2025-06-17,0.8029999732971191,0.8420000076293945,0.7929999828338623,0.8399999737739563,11022500,0.9550800013542176,1.5167750012874603,-15.92327635815456,-47.058728379916516
2025-06-18,0.7950000166893005,0.8080000281333923,0.7900000214576721,0.800000011920929,7165200,0.955900001525879,1.509900000989437,-16.832303021209107,-47.347505386559554
2025-06-20,0.7760000228881836,0.8199999928474426,0.7699999809265137,0.8199999928474426,13773300,0.9577400016784668,1.5029800006747245,-18.97592023636673,-48.36923827730122
2025-06-23,0.746999979019165,0.7689999938011169,0.699999988079071,0.7599999904632568,8108100,0.9557600009441376,1.4969150003790856,-21.842305779562977,-50.097368332203814
2025-06-24,0.800000011920929,0.8019999861717224,0.7599999904632568,0.7889999747276306,13494700,0.9563200008869172,1.4912400007247926,-16.345991804104564,-46.353369576184775
2025-06-25,0.8019999861717224,0.8299999833106995,0.7910000085830688,0.8289999961853027,6509300,0.9564000010490418,1.485700000822544,-16.143874394391823,-46.01871267902655
2025-06-26,0.7960000038146973,0.8040000200271606,0.7820000052452087,0.7900000214576721,5912200,0.9560200011730194,1.4807300010323525,-16.738143256624394,-46.24273140547347
2025-06-27,0.7459999918937683,0.7950000166893005,0.7400000095367432,0.7900000214576721,8937200,0.9551000010967254,1.4747600007057189,-21.892996436273805,-49.415498688818246
2025-06-30,0.8399999737739563,0.8479999899864197,0.7599999904632568,0.7699999809265137,23759700,0.9553600001335144,1.4689100006222724,-12.075032065759107,-42.81474199112891
2025-07-01,0.843999981880188,0.8619999885559082,0.8019999861717224,0.8240000009536743,17152200,0.9555199992656708,1.4631800004839897,-11.671133777543885,-42.31741948352149
2025-07-02,1.0099999904632568,1.0199999809265137,0.8399999737739563,0.8600000143051147,52660300,0.9590199995040893,1.4580300006270408,5.315842316690933,-30.728449344053555
2025-07-03,1.0199999809265137,1.0700000524520874,1.0,1.0099999904632568,28048400,0.9605799996852875,1.4529300007224082,6.1858441005115505,-29.79703217502827
2025-07-07,1.0299999713897705,1.059999942779541,0.9430000185966492,1.0449999570846558,27852600,0.9611799991130829,1.4481800004839898,7.159946351379598,-28.87624666508729
2025-07-08,1.0299999713897705,1.090000033378601,1.0099999904632568,1.059999942779541,21212800,0.961379998922348,1.4431300005316734,7.137653429896762,-28.627360597430506
2025-07-09,1.0299999713897705,1.059000015258789,0.9800000190734863,1.0499999523162842,22183400,0.961379998922348,1.4384800001978875,7.137653429896762,-28.396642897497603
2025-07-10,1.0700000524520874,1.090000033378601,1.0,1.0399999618530273,23200400,0.9623800003528595,1.4336800006031991,11.182698316649198,-25.36688438131932
2025-07-11,1.0700000524520874,1.149999976158142,1.059999942779541,1.1200000047683716,18703300,0.9638200008869171,1.4290300008654595,11.01658519925528,-25.124031559584736
2025-07-14,1.0800000429153442,1.159999966621399,1.059999942779541,1.1150000095367432,23666900,0.9654400014877319,1.4241800013184547,11.866096417289175,-24.16688607370424
2025-07-15,1.0199999809265137,1.0800000429153442,1.0099999904632568,1.065000057220459,19058700,0.9652400016784668,1.4182300010323525,5.6731982877651355,-28.079367931573916
2025-07-16,1.0399999618530273,1.0700000524520874,1.0199999809265137,1.034999966621399,19132400,0.9656400012969971,1.412780000269413,7.700588258165975,-26.386276585547474
2025-07-17,1.0800000429153442,1.0800000429153442,1.0099999904632568,1.0399999618530273,15045400,0.9678800022602081,1.4071800002455712,11.584084844537724,-23.250753796467393
2025-07-18,1.0399999618530273,1.1100000143051147,1.0299999713897705,1.090000033378601,23882900,0.9690400016307831,1.4011300000548363,7.322707019609798,-25.774199266854282
2025-07-21,1.1299999952316284,1.2300000190734863,1.0499999523162842,1.059999942779541,44937300,0.9712400019168854,1.3962300005555153,16.346113525123208,-19.067775740240677
2025-07-22,1.3200000524520874,1.340000033378601,1.2100000381469727,1.2300000190734863,60579500,0.9764400041103363,1.3929300007224084,35.1849624037863,-5.2357224148017245
2025-07-23,1.2699999809265137,1.350000023841858,1.2400000095367432,1.350000023841858,41185400,0.9802400028705597,1.3893800005316734,29.560105403514815,-8.592323162811955
2025-07-24,1.2300000190734863,1.2699999809265137,1.2100000381469727,1.2649999856948853,30175100,0.9830400025844575,1.3856800004839898,25.122071923803666,-11.23491580712196
2025-07-25,1.2300000190734863,1.25,1.149999976158142,1.2100000381469727,21115800,0.9844400036334991,1.3817300006747246,24.944132149612198,-10.981159960856735
2025-07-28,1.2799999713897705,1.309999942779541,1.25,1.2599999904632568,20065400,0.9882400023937226,1.378680000603199,29.523189537900187,-7.157573125761896
2025-07-29,1.2400000095367432,1.3200000524520874,1.2200000286102295,1.2899999618530273,25279000,0.9916400015354156,1.3756800004839898,25.045380139645125,-9.862758119585358
2025-07-30,1.2000000476837158,1.2599999904632568,1.1799999475479126,1.2400000095367432,25331200,0.9926400029659271,1.3727800008654594,20.889752991841327,-12.586135657047425
2025-07-31,1.2599999904632568,1.3300000429153442,1.2089999914169312,1.2100000381469727,35011100,0.9948400032520294,1.3703300008177757,26.65353085364952,-8.051346047205922
2025-08-01,1.159999966621399,1.2300000190734863,1.149999976158142,1.2100000381469727,33594300,0.99564000248909,1.3668800005316735,16.50797112625153,-15.135200883018607
2025-08-04,1.2000000476837158,1.2300000190734863,1.1399999856948853,1.190000057220459,28096200,0.9980400025844574,1.363330000936985,20.23566636370049,-11.980221453427742
2025-08-05,1.2300000190734863,1.2300000190734863,1.159999966621399,1.2200000286102295,21328000,1.000840002298355,1.3602300009131432,22.896768339483064,-9.574114800602207
2025-08-06,1.2699999809265137,1.2799999713897705,1.2000000476837158,1.2300000190734863,25304300,1.0052400028705597,1.3569300010800363,26.33798667978855,-6.406374690244254
2025-08-07,1.2799999713897705,1.3300000429153442,1.2599999904632568,1.2899999618530273,29277200,1.0094400012493134,1.353980000913143,26.802976878824293,-5.463893814788944
2025-08-08,1.2400000095367432,1.3049999475479126,1.2200000286102295,1.2899999618530273,20315600,1.0146000015735626,1.3498800012469292,22.215652238675677,-8.13998219165305
2025-08-11,1.2300000190734863,1.309999942779541,1.2300000190734863,1.2599999904632568,25791900,1.0204800021648408,1.3452800008654595,20.531516194748644,-8.56921843168783
2025-08-12,1.2699999809265137,1.284999966621399,1.1699999570846558,1.2000000476837158,31577800,1.027460001707077,1.3411300012469292,23.60578307831622,-5.303737911632844
2025-08-13,1.2699999809265137,1.3300000429153442,1.25,1.274999976158142,27277900,1.0345400011539458,1.3376300010085105,22.759871973044188,-5.055958675493743
2025-08-14,1.2699999809265137,1.2999999523162842,1.2300000190734863,1.2599999904632568,24947900,1.04154000043869,1.3340300008654595,21.93482539236109,-4.799743626260733
2025-08-15,1.2599999904632568,1.309999942779541,1.2200000286102295,1.2699999809265137,21272300,1.0481000006198884,1.3308300009369851,20.217535513600062,-5.322243293573159
2025-08-18,1.3799999952316284,1.399999976158142,1.2450000047683716,1.2450000047683716,57759100,1.0585000002384186,1.3270300003886222,30.373169099744413,3.9916199955912113
2025-08-19,1.2799999713897705,1.4290000200271606,1.2699999809265137,1.399999976158142,33519800,1.066159999370575,1.322180000245571,20.057024475260697,-3.1901880869447674
2025-08-20,1.2599999904632568,1.2899999618530273,1.1799999475479126,1.2699999809265137,26716900,1.0728799986839295,1.3177799996733666,17.44090597353498,-4.3846476061581985
2025-08-21,1.2300000190734863,1.2599999904632568,1.2100000381469727,1.2300000190734863,13657500,1.0782799994945527,1.3143050000071526,14.07055863505331,-6.414415294258746
2025-08-22,1.2699999809265137,1.3200000524520874,1.2100000381469727,1.2200000286102295,24559700,1.0857599985599518,1.3113549998402596,16.968757608580187,-3.1536097333508817
2025-08-25,1.2400000095367432,1.2699999809265137,1.2200000286102295,1.2549999952316284,18345600,1.0931599986553193,1.308904999792576,13.432618378101079,-5.264323252394343
2025-08-26,1.2999999523162842,1.2999999523162842,1.2100000381469727,1.2300000190734863,15974200,1.1023799979686737,1.3063549998402595,17.926663646996445,-0.48647171134587053
2025-08-27,1.340000033378601,1.3700000047683716,1.2799999713897705,1.2999999523162842,28501700,1.1121799981594085,1.302404999434948,20.484097501863108,2.8865855060417944
2025-08-28,1.3200000524520874,1.3799999952316284,1.3200000524520874,1.3600000143051147,20569600,1.122519999742508,1.2977549996972084,17.592564297730018,1.7141180546458523
2025-08-29,1.340000033378601,1.3799999952316284,1.2799999713897705,1.3350000381469727,23290500,1.133420000076294,1.2932549998164178,18.22625622350069,3.614525640250288
2025-09-02,1.340000033378601,1.3700000047683716,1.2699999809265137,1.309999942779541,23446600,1.1447000002861023,1.28675499945879,17.06124163917937,4.137930992473793
2025-09-03,1.2899999618530273,1.3799999952316284,1.2899999618530273,1.350000023841858,33839900,1.1555599999427795,1.2797549989819528,11.634182726721676,0.8005409534812769
2025-09-04,1.25,1.2999999523162842,1.2400000095367432,1.2899999618530273,18381500,1.164559999704361,1.2746799984574317,7.33667654026664,-1.936172097098765
2025-09-05,1.2899999618530273,1.309999942779541,1.2300000190734863,1.2999999523162842,17876500,1.1743199992179871,1.2705799987912179,9.850804100421918,1.5284329267173158
2025-09-08,1.2799999713897705,1.340000033378601,1.2699999809265137,1.2899999618530273,16880800,1.1839999985694885,1.2657299986481667,8.108105822320045,1.1274104869794188
2025-09-09,1.590000033378601,1.6200000047683716,1.2999999523162842,1.2999999523162842,113559800,1.2008799993991852,1.2628799983859063,32.40290738242766,25.9027013976616
2025-09-10,1.75,1.8600000143051147,1.6200000047683716,1.6799999475479126,94499100,1.219079999923706,1.2604799982905388,43.550874438881834,38.83599917280303
2025-09-11,2.0399999618530273,2.109999895095825,1.8200000524520874,1.8799999952316284,119211100,1.2429999995231629,1.2598299977183343,64.11906376794916,61.92660641099603
2025-09-12,2.2300000190734863,2.25,2.0399999618530273,2.119999885559082,141015300,1.2674000000953674,1.2607299980521203,75.95076683806903,76.88164972031505
2025-09-15,2.4800000190734863,2.680000066757202,2.359999895095825,2.5299999713897705,171934900,1.296600000858307,1.2625799986720085,91.26947535337091,96.42319866321101
2025-09-16,2.890000104904175,2.9100000858306885,2.3299999237060547,2.4800000190734863,156449800,1.333800003528595,1.266779999434948,116.67417133442952,128.13749081871123
2025-09-17,3.049999952316284,3.119999885559082,2.684999942779541,2.7899999618530273,156206700,1.3742000031471253,1.2721799990534783,121.94731082312065,139.74594433063965
2025-09-18,3.200000047683716,3.5999999046325684,3.1500000953674316,3.384999990463257,182341700,1.4176000046730042,1.2774299988150597,125.73363693109295,150.50296694550985
2025-09-19,3.119999885559082,3.2799999713897705,3.0199999809265137,3.0299999713897705,103363800,1.4586000013351441,1.282279997766018,113.90373527376654,143.31658381903569
2025-09-22,3.069999933242798,3.180000066757202,2.859999895095825,3.0799999237060547,103346700,1.4985999989509582,1.2874299976229668,104.85786303161899,138.45956198869538
2025-09-23,2.5899999141693115,3.1089999675750732,2.549999952316284,3.0399999618530273,136994100,1.5287999963760377,1.2904299971461297,69.4139142012564,100.7082848273262
2025-09-24,2.7750000953674316,2.8399999141693115,2.609999895095825,2.640000104904175,91251600,1.5638999986648559,1.2936049970984458,77.4410191020222,114.51680393874119
2025-09-25,2.680000066757202,2.7799999713897705,2.5299999713897705,2.5899999141693115,74939500,1.5967000007629395,1.2966049978137015,67.84618685267347,106.69364002731302
2025-09-26,2.5399999618530273,2.6600000858306885,2.490000009536743,2.640000104904175,44172600,1.6258999991416931,1.2978549978137017,56.2211675499037,95.70753020420446
2025-09-29,2.819999933242798,2.8299999237060547,2.5899999141693115,2.609999895095825,57629500,1.6614999985694885,1.3012549969553948,69.72614719655432,116.71386006900102
2025-09-30,2.819999933242798,2.9000000953674316,2.759999990463257,2.815000057220459,44392600,1.6952999973297118,1.3053049966692924,66.34223663567597,116.04145701108224
2025-10-01,2.799999952316284,3.0,2.7799999713897705,2.890000104904175,64038100,1.724899995326996,1.3089549967646599,62.32824858843353,113.91109390598118
2025-10-02,2.930000066757202,3.069999933242798,2.819999933242798,2.890000104904175,58920900,1.7580999970436095,1.3135049971938133,66.65719081305042,123.06729498683957
2025-10-03,3.009999990463257,3.1500000953674316,2.9200000762939453,2.984999895095825,64972800,1.793699996471405,1.31890499740839,67.80955546549458,128.2196213053874
2025-10-06,3.4600000381469727,3.509999990463257,3.190000057220459,3.2049999237060547,97658100,1.8382999968528748,1.325704998075962,88.21737714575472,160.99321064404077
2025-10-07,3.4700000286102295,3.799999952316284,3.299999952316284,3.7980000972747803,134142200,1.882099997997284,1.3327049985527992,84.3685262367891,160.37270306469514
2025-10-08,4.0,4.039999961853027,3.4800000190734863,3.5899999141693115,116178100,1.937299997806549,1.3436049982905387,106.47292647132001,197.70654359645715
2025-10-09,4.170000076293945,4.260000228881836,3.940000057220459,4.130000114440918,107644800,1.9966999983787537,1.3560049983859062,108.84459756998201,207.5209959592791
2025-10-10,4.199999809265137,5.099999904632568,4.090000152587891,4.400000095367432,226081800,2.055499994754791,1.3686049976944923,104.32983799477809,206.8818115044385
2025-10-13,5.389999866485596,5.420000076293945,4.409999847412109,4.75,158019400,2.1400999927520754,1.3876049968600273,151.8573844558679,288.4390643362107
2025-10-14,5.889999866485596,6.195000171661377,4.690000057220459,5.369999885559082,210070100,2.233899989128113,1.408604995906353,163.66443865664962,318.1441840404473
2025-10-15,6.46999979019165,6.599999904632568,5.75,6.235000133514404,176318900,2.338699984550476,1.4326549950242042,176.649413474694,351.60906238157787
2025-10-16,5.28000020980835,6.039999961853027,5.210000038146973,5.980000019073486,214338000,2.418899989128113,1.450904996097088,118.28104648971096,263.91081593980783
2025-10-17,5.010000228881836,5.150000095367432,4.599999904632568,4.710000038146973,181640200,2.493499994277954,1.4682549974322319,100.92240787562497,241.2213980298797
2025-10-20,4.980000019073486,5.409999847412109,4.840000152587891,5.40500020980835,119319300,2.568299994468689,1.4857049974799157,93.90258263438234,235.19440450968852
2025-10-21,4.489999771118164,4.869999885559082,4.369999885559082,4.75,113262900,2.6334999895095823,1.500104996263981,70.49553024506767,199.31236695434862
2025-10-22,3.940000057220459,4.5,3.7009999752044678,4.099999904632568,156370000,2.6868999910354616,1.511204996407032,46.63739143123391,160.71909943310226
2025-10-23,4.164999961853027,4.239999771118164,3.940000057220459,4.010000228881836,86385500,2.7447999906539917,1.5232299962639808,51.74147391557848,173.43211281740142
2025-10-24,4.610000133514404,4.769999980926514,4.46999979019165,4.664999961853027,103116700,2.8115999937057494,1.5378299966454505,63.96358457229632,199.77306617574376
2025-10-27,4.539999961853027,4.889999866485596,4.409999847412109,4.880000114440918,97908900,2.877199993133545,1.5524299964308739,57.79229711830129,192.44474612644368
2025-10-28,4.300000190734863,4.670000076293945,4.260000228881836,4.465000152587891,73322900,2.9355999970436097,1.5658799973130226,46.477728405277176,174.60598501248268
2025-10-29,4.260000228881836,4.505000114440918,4.090000152587891,4.28000020980835,66383300,2.995200002193451,1.5793799987435342,42.22757164002884,169.72610975641405
2025-10-30,4.059999942779541,4.28000020980835,3.9200000762939453,4.019999980926514,69304400,3.0512000012397764,1.5918299981951713,33.062399748619065,155.05235781351016
2025-10-31,3.9700000286102295,4.190000057220459,3.819999933242798,4.130000114440918,78683300,3.1060000014305116,1.6033299985527991,27.817129001345474,147.60966439807396
