Date,Close,High,Low,Open,Volume,SMA50,SMA200,ext_sma50_pct,ext_sma200_pct
2020-08-31,10.079999923706055,10.75,9.710000038146973,9.789999961853027,2549400,,,,
2020-09-01,10.369999885559082,11.329999923706055,9.850000381469727,10.0,3475900,,,,
2020-09-02,9.529999732971191,10.347999572753906,9.430000305175781,10.347999572753906,1882500,,,,
2020-09-03,8.5,9.5,7.630000114440918,9.369999885559082,3812200,,,,
2020-09-04,8.880000114440918,9.390000343322754,7.039999961853027,8.050000190734863,4726200,,,,
2020-09-08,8.789999961853027,9.59000015258789,8.25,8.369999885559082,2891700,,,,
2020-09-09,9.170000076293945,9.470000267028809,8.869999885559082,9.010000228881836,1186900,,,,
2020-09-10,9.75,10.550000190734863,9.319999694824219,9.319999694824219,2912400,,,,
2020-09-11,9.550000190734863,10.350000381469727,9.100000381469727,10.039999961853027,1576200,,,,
2020-09-14,10.010000228881836,10.220000267028809,9.369999885559082,9.619999885559082,1172600,,,,
2020-09-15,9.970000267028809,10.25,9.720000267028809,10.130000114440918,1098800,,,,
2020-09-16,10.220000267028809,10.489999771118164,9.934000015258789,9.949999809265137,1127200,,,,
2020-09-17,10.220000267028809,10.229999542236328,9.65999984741211,9.847000122070312,744000,,,,
2020-09-18,11.550000190734863,11.550000190734863,10.220000267028809,10.359999656677246,2251500,,,,
2020-09-21,14.84000015258789,15.069999694824219,10.732999801635742,11.0,16494900,,,,
2020-09-22,13.399999618530273,15.140000343322754,12.357000350952148,14.300000190734863,5725300,,,,
2020-09-23,11.520000457763672,13.0,11.475000381469727,12.850000381469727,3751500,,,,
2020-09-24,11.229999542236328,11.899999618530273,10.100000381469727,11.0,2043500,,,,
2020-09-25,11.75,12.119999885559082,10.770000457763672,11.199999809265137,1350300,,,,
2020-09-28,12.0,12.359999656677246,11.8100004196167,12.097000122070312,1225400,,,,
2020-09-29,12.979999542236328,13.779999732971191,12.029999732971191,12.149999618530273,2609000,,,,
2020-09-30,12.489999771118164,13.479999542236328,12.109999656677246,13.220000267028809,1376000,,,,
2020-10-01,12.430000305175781,12.880000114440918,12.1899995803833,12.510000228881836,1203000,,,,
2020-10-02,12.630000114440918,12.979999542236328,11.25,11.600000381469727,1403900,,,,
2020-10-05,12.199999809265137,12.65999984741211,11.920000076293945,12.619999885559082,1253900,,,,
2020-10-06,12.479999542236328,13.479999542236328,12.380000114440918,12.579999923706055,4407100,,,,
2020-10-07,10.75,11.890000343322754,10.149999618530273,10.180000305175781,9383900,,,,
2020-10-08,10.15999984741211,10.75,9.100000381469727,10.239999771118164,8513600,,,,
2020-10-09,10.779999732971191,10.9399995803833,9.899999618530273,9.899999618530273,2719400,,,,
2020-10-12,10.140000343322754,11.100000381469727,9.899999618530273,11.050000190734863,2077400,,,,
2020-10-13,9.84000015258789,10.1899995803833,9.555000305175781,10.0,1733800,,,,
2020-10-14,9.84000015258789,10.1899995803833,9.600000381469727,9.890000343322754,1176700,,,,
2020-10-15,10.289999961853027,10.350000381469727,9.550000190734863,9.729999542236328,1544600,,,,
2020-10-16,9.720000267028809,10.289999961853027,9.699999809265137,10.25,1333400,,,,
2020-10-19,9.260000228881836,9.845999717712402,9.199999809265137,9.789999961853027,1460100,,,,
2020-10-20,9.0,9.354999542236328,8.420000076293945,9.279999732971191,1969500,,,,
2020-10-21,8.880000114440918,9.479999542236328,8.859999656677246,9.09000015258789,1371800,,,,
2020-10-22,8.970000267028809,9.079999923706055,8.300000190734863,9.029999732971191,1231300,,,,
2020-10-23,8.800000190734863,9.09000015258789,8.510000228881836,9.029999732971191,934400,,,,
2020-10-26,8.069999694824219,8.800000190734863,7.591000080108643,8.609999656677246,1540400,,,,
2020-10-27,7.829999923706055,8.140000343322754,7.739999771118164,8.079999923706055,906500,,,,
2020-10-28,7.210000038146973,7.5289998054504395,6.920000076293945,7.510000228881836,1714900,,,,
2020-10-29,7.989999771118164,8.489999771118164,7.210000038146973,7.25,1841000,,,,
2020-10-30,7.550000190734863,7.889999866485596,7.119999885559082,7.829999923706055,1223700,,,,
2020-11-02,7.730000019073486,8.140000343322754,7.429999828338623,8.020000457763672,802600,,,,
2020-11-03,8.630000114440918,8.739999771118164,7.791999816894531,7.920000076293945,1266100,,,,
2020-11-04,8.619999885559082,8.899999618530273,8.020000457763672,8.720000267028809,972700,,,,
2020-11-05,9.300000190734863,9.430000305175781,8.699999809265137,8.75,1242900,,,,
2020-11-06,9.029999732971191,9.289999961853027,8.800000190734863,9.239999771118164,744400,,,,
2020-11-09,9.140000343322754,9.5,9.100000381469727,9.5,1091300,10.081400022506713,,-9.337985568296926,
2020-11-10,8.729999542236328,9.199999809265137,8.25,9.119999885559082,806900,10.05440001487732,,-13.172347138380214,
2020-11-11,9.119999885559082,9.130000114440918,8.699999809265137,8.899999618530273,415400,10.02940001487732,,-9.067343290418773,
2020-11-12,8.890000343322754,9.086999893188477,8.8100004196167,8.979999542236328,601300,10.016600027084351,,-11.247326245585644,
2020-11-13,8.819999694824219,8.930000305175781,8.5600004196167,8.90999984741211,588700,10.023000020980835,,-12.00239772162439,
2020-11-16,8.920000076293945,9.050000190734863,8.710000038146973,8.949999809265137,671800,10.023800020217896,,-11.011791353554523,
2020-11-17,8.8100004196167,8.958999633789062,8.625,8.920000076293945,624500,10.02420002937317,,-12.112683368234778,
2020-11-18,9.920000076293945,10.300000190734863,8.640000343322754,8.869999885559082,2771500,10.03920002937317,,-1.1873451343778707,
2020-11-19,10.59000015258789,11.34000015258789,10.020000457763672,10.329999923706055,3898400,10.056000032424926,,5.310263707648333,
2020-11-20,10.149999618530273,11.100000381469727,9.850000381469727,10.819999694824219,2094200,10.068000020980834,,0.8144576616861299,
2020-11-23,11.09000015258789,11.380000114440918,9.720000267028809,10.25,3511500,10.089600019454956,,9.915161465310263,
2020-11-24,10.380000114440918,11.550000190734863,10.149999618530273,11.550000190734863,2225200,10.097800016403198,,2.794669111878867,
2020-11-25,11.069999694824219,11.300000190734863,10.15999984741211,10.239999771118164,2417200,10.114800004959106,,9.44358454340961,
2020-11-27,10.930000305175781,11.470000267028809,10.729999542236328,11.279999732971191,954600,10.129000005722046,,7.907989920043801,
2020-11-30,10.899999618530273,11.149999618530273,10.319999694824219,11.109999656677246,1131800,10.115999994277955,,7.75009514329561,
2020-12-01,11.600000381469727,12.329999923706055,10.979999542236328,11.0,3583000,10.05119999885559,,15.409109188857851,
2020-12-02,11.0,11.399999618530273,10.520000457763672,11.149999618530273,1388000,10.003200006484985,,9.96481118910748,
2020-12-03,10.850000381469727,11.270000457763672,10.770000457763672,11.140000343322754,899400,9.989800004959106,,8.610786763334621,
2020-12-04,11.600000381469727,11.779999732971191,10.819999694824219,10.960000038146973,1371800,9.997200021743774,,16.03249266034372,
2020-12-07,11.75,12.119999885559082,11.520000457763672,11.699999809265137,1428200,9.997200021743774,,17.532908958947612,
2020-12-08,12.729999542236328,13.25,11.729999542236328,11.732999801635742,2591100,10.011800012588502,,27.14995831149296,
2020-12-09,13.09000015258789,14.25,12.779999732971191,13.350000381469727,3133500,10.014000024795532,,30.7169974053916,
2020-12-10,15.390000343322754,15.680000305175781,13.210000038146973,13.569999694824219,6937400,10.072000036239624,,52.79984400266744,
2020-12-11,15.949999809265137,18.461999893188477,15.0600004196167,15.913999557495117,8835600,10.142400026321411,,57.260606640163324,
2020-12-14,16.260000228881836,17.770000457763672,15.649999618530273,16.6299991607666,3859900,10.215000028610229,,59.177681677344474,
2020-12-15,17.09000015258789,17.860000610351562,16.170000076293945,16.540000915527344,3166100,10.312800035476684,,65.71639219026075,
2020-12-16,16.530000686645508,17.600000381469727,16.229999542236328,17.350000381469727,2012500,10.393800058364867,,59.03712399530201,
2020-12-17,17.600000381469727,17.700000762939453,15.899999618530273,16.610000610351562,2298800,10.530800065994264,,67.12880570492557,
2020-12-18,18.3799991607666,19.200000762939453,17.34000015258789,17.600000381469727,3708400,10.695200052261352,,71.8527850900779,
2020-12-21,21.799999237060547,21.989999771118164,18.18000030517578,18.25,5961600,10.91560004234314,,99.71416278074774,
2020-12-22,25.700000762939453,26.079999923706055,22.024999618530273,22.024999618530273,5761300,11.226800050735473,,128.91652694265125,
2020-12-23,23.399999618530273,25.979999542236328,22.423999786376953,25.979999542236328,3429100,11.498000040054322,,103.51365052195392,
2020-12-24,24.8700008392334,25.799999237060547,23.110000610351562,23.75,1928300,11.798600053787231,,110.78772672907391,
2020-12-28,28.899999618530273,30.6299991607666,27.1299991607666,27.51099967956543,6020900,12.170800046920776,,137.45357336506405,
2020-12-29,26.709999084472656,28.93000030517578,24.15999984741211,28.219999313354492,3047400,12.510600023269653,,113.49894517283099,
2020-12-30,29.049999237060547,29.690000534057617,26.5,26.700000762939453,2091100,12.906400003433227,,125.08212382486957,
2020-12-31,29.049999237060547,30.75,27.05299949645996,28.68000030517578,2267300,13.307399988174438,,118.29958716861069,
2021-01-04,26.65999984741211,30.492000579833984,25.700000762939453,30.25,2844700,13.662999982833862,,95.12552060973158,
2021-01-05,27.56999969482422,28.40999984741211,25.1200008392334,25.34000015258789,1713600,14.034999971389771,,96.43747596028093,
2021-01-06,35.20000076293945,37.4900016784668,28.059999465942383,29.114999771118164,8686600,14.562999982833862,,141.70844471902396,
2021-01-07,40.38999938964844,42.0,37.79999923706055,38.40399932861328,5612100,15.209399976730346,,165.5594530451116,
2021-01-08,38.900001525878906,42.604000091552734,37.7130012512207,42.38999938964844,3399100,15.830800008773803,,145.72353579300864,
2021-01-11,37.060001373291016,38.18000030517578,33.560001373291016,34.17100143432617,2780200,16.427800035476686,,125.59320964011019,
2021-01-12,36.04999923706055,36.900001525878906,35.0,36.060001373291016,1617600,16.989000024795534,,112.19612210515857,
2021-01-13,39.34000015258789,39.54999923706055,35.91999816894531,36.20000076293945,2371800,17.62480002403259,,123.20820717934487,
2021-01-14,35.709999084472656,41.40999984741211,34.12200164794922,39.7599983215332,4401000,18.184400005340578,,96.37710935738866,
2021-01-15,31.149999618530273,35.189998626708984,30.31999969482422,35.132999420166016,4655100,18.634799995422362,,67.16036461986322,
2021-01-19,30.559999465942383,31.649999618530273,28.100000381469727,30.2549991607666,3463800,19.07359998703003,,60.221455240348234,
2021-01-20,28.31999969482422,30.81999969482422,26.948999404907227,30.329999923706055,2677500,19.453999977111817,,45.57417357943612,
2021-01-21,25.200000762939453,26.739999771118164,24.010000228881836,26.20199966430664,5283100,19.777399997711182,,27.41816803955941,
2021-01-22,27.959999084472656,28.940000534057617,24.760000228881836,24.950000762939453,4613300,20.15379997253418,,38.73313778333043,
2021-01-25,27.299999237060547,29.360000610351562,25.25,28.5,3468300,20.525199966430662,,33.00722663706173,
2021-01-26,26.829999923706055,27.639999389648438,25.850000381469727,27.305999755859375,1680300,20.879399967193603,,28.49986094362016,
2021-01-27,24.559999465942383,26.920000076293945,24.1200008392334,24.510000228881836,2313700,21.192799949645995,,15.888412688728447,
2021-01-28,25.469999313354492,26.290000915527344,24.1299991607666,25.0,1664400,21.5257999420166,,18.323125653691207,
2021-01-29,26.389999389648438,29.790000915527344,25.82200050354004,27.395000457763672,2691800,21.875199928283692,,20.638894621151806,
2021-02-01,25.079999923706055,27.805999755859375,24.559999465942383,27.440000534057617,1344400,22.20059991836548,,12.969919803647233,
2021-02-02,26.270000457763672,26.56999969482422,24.809999465942383,25.8799991607666,1234900,22.527599925994874,,16.612513290643083,
2021-02-03,29.920000076293945,32.0,27.049999237060547,27.420000076293945,3839600,22.914199924468996,,30.574055279773415,
2021-02-04,30.239999771118164,31.40999984741211,28.309999465942383,30.450000762939453,2015400,23.315999927520753,,29.696345278440116,
2021-02-05,32.06999969482422,32.599998474121094,30.049999237060547,30.93000030517578,1860200,23.73559991836548,,35.113499574999054,
2021-02-08,34.66999816894531,36.099998474121094,33.029998779296875,34.56999969482422,2659900,24.221399879455568,,43.13787948462953,
2021-02-09,34.779998779296875,37.0,34.31999969482422,35.27799987792969,2155000,24.69559986114502,,40.8348004294409,
2021-02-10,30.920000076293945,33.689998626708984,29.93000030517578,33.59000015258789,2311000,25.095399856567383,,23.2098322920417,
2021-02-11,29.270000457763672,32.645999908447266,28.770000457763672,31.780000686645508,1550600,25.46279987335205,,14.952010789654068,
2021-02-12,28.229999542236328,29.18000030517578,26.520000457763672,27.799999237060547,2581800,25.795399856567382,,9.43811570747608,
2021-02-16,29.030000686645508,32.47999954223633,28.760000228881836,30.31999969482422,2221200,26.155999870300292,,10.98792181754289,
2021-02-17,30.270000457763672,30.31999969482422,27.0,30.149999618530273,1887800,26.544399871826172,,14.035354364487995,
2021-02-18,38.099998474121094,40.5,28.799999237060547,29.399999618530273,11634700,27.0743998336792,,40.72333535802557,
2021-02-19,36.310001373291016,37.720001220703125,32.849998474121094,36.59000015258789,4803200,27.56559986114502,,31.722152088812795,
2021-02-22,29.979999542236328,35.84700012207031,29.540000915527344,33.56999969482422,3028200,27.91059986114502,,7.414386259652428,
2021-02-23,26.40999984741211,27.489999771118164,21.610000610351562,26.0,3272900,28.176999855041505,,-6.27107221038381,
2021-02-24,27.729999542236328,29.010000228881836,26.299999237060547,28.239999771118164,1351900,28.423799839019775,,-2.4409132512641984,
2021-02-25,24.65999984741211,28.167999267578125,24.440000534057617,27.139999389648438,1723100,28.597999839782716,,-13.770193770308548,
2021-02-26,23.93000030517578,26.200000762939453,23.100000381469727,25.0,1604500,28.751399841308594,,-16.76926884514911,
2021-03-01,28.459999084472656,29.190000534057617,25.049999237060547,25.270000457763672,1905100,28.97879981994629,,-1.7902768185607876,
2021-03-02,29.200000762939453,31.389999389648438,27.6200008392334,28.600000381469727,1813800,29.232199821472168,,-0.11014928308290539,
2021-03-03,28.290000915527344,30.0,27.753000259399414,29.0,1477100,29.44599983215332,,-3.9258266766805217,
2021-03-04,22.719999313354492,28.239999771118164,21.8799991607666,26.74799919128418,2645300,29.53279983520508,,-23.06859004180589,
2021-03-05,22.09000015258789,23.989999771118164,17.913999557495117,23.8700008392334,2816600,29.538599853515624,,-25.21649549357776,
2021-03-08,21.209999084472656,23.548999786376953,20.81999969482422,23.030000686645508,1099600,29.448799819946288,,-27.97669441826732,
2021-03-09,26.68000030517578,27.399999618530273,22.700000762939453,23.299999237060547,1832000,29.5143998336792,,-9.60344626513142,
2021-03-10,26.93000030517578,27.829999923706055,25.40999984741211,27.68000030517578,1534400,29.555599822998047,,-8.883594085541835,
2021-03-11,30.6200008392334,31.75,28.100000381469727,28.700000762939453,2428900,29.58999984741211,,3.480909081219119,
2021-03-12,30.860000610351562,31.459999084472656,28.219999313354492,29.12299919128418,1284000,29.672999877929687,,4.000272090132517,
2021-03-15,29.34000015258789,30.5,28.610000610351562,30.440000534057617,1797300,29.678799896240236,,-1.1415547287519034,
2021-03-16,22.68000030517578,23.360000610351562,22.0,22.329999923706055,19790100,29.551399917602538,,-23.252365815447373,
2021-03-17,23.75,23.75,21.663999557495117,21.989999771118164,7635900,29.4931999206543,,-19.472963042685286,
2021-03-18,23.200000762939453,25.3700008392334,22.899999618530273,23.39699935913086,6466800,29.4057999420166,,-21.10399714108768,
2021-03-19,24.399999618530273,25.100000381469727,23.040000915527344,23.700000762939453,5317500,29.18979991912842,,-16.4091576984717,
2021-03-22,23.200000762939453,24.889999389648438,22.920000076293945,24.400999069213867,3013700,28.845999946594237,,-19.572901595049018,
2021-03-23,21.790000915527344,23.5,21.350000381469727,23.030000686645508,3335200,28.503799934387207,,-23.55404905421148,
2021-03-24,19.540000915527344,22.280000686645508,19.299999237060547,22.049999237060547,3186800,28.153399925231934,,-30.594525110926295,
2021-03-25,20.309999465942383,20.360000610351562,17.200000762939453,17.5,2876700,27.838599929809572,,-27.0437467503729,
2021-03-26,21.030000686645508,21.479999542236328,19.5,21.200000762939453,2836200,27.47239994049072,,-23.45044214484502,
2021-03-29,20.860000610351562,21.584999084472656,19.600000381469727,21.329999923706055,1774300,27.1753999710083,,-23.239398012151558,
2021-03-30,21.610000610351562,21.854999542236328,19.760000228881836,20.299999237060547,1563300,26.98459999084473,,-19.917283866785674,
2021-03-31,23.81999969482422,24.239999771118164,21.639999389648438,21.8439998626709,2621200,26.849799995422362,,-11.284256497682277,
2021-04-01,22.979999542236328,24.649999618530273,22.639999389648438,24.264999389648438,1721900,26.742999992370606,,-14.070973530298803,
2021-04-05,22.760000228881836,23.18600082397461,21.649999618530273,23.18600082397461,1373800,26.694199981689454,,-14.738032065041217,
2021-04-06,22.760000228881836,23.139999389648438,21.979999542236328,22.459999084472656,1059700,26.590200004577635,,-14.404554215599774,
2021-04-07,20.684999465942383,22.3700008392334,20.049999237060547,22.062999725341797,2258400,26.457900009155274,,-21.81919404493662,
2021-04-08,21.100000381469727,21.458999633789062,20.700000762939453,20.860000610351562,812600,26.343300018310547,,-19.903731245502044,
2021-04-09,22.09000015258789,22.1200008392334,20.760000228881836,21.0,915500,26.293900032043457,,-15.988118439381072,
2021-04-12,20.59000015258789,22.201000213623047,20.030000686645508,21.979999542236328,1836800,26.196300048828125,,-21.40111346178839,
2021-04-13,21.729999542236328,22.389999389648438,20.1299991607666,20.920000076293945,1505800,26.10310005187988,,-16.753184491313377,
2021-04-14,21.329999923706055,23.299999237060547,21.239999771118164,21.850000381469727,1772100,26.028100051879882,,-18.050107840408835,
2021-04-15,21.059999465942383,23.200000762939453,20.3799991607666,21.90999984741211,2307800,25.923900032043456,,-18.762225437102476,
2021-04-16,18.940000534057617,21.010000228881836,18.899999618530273,21.010000228881836,2474400,25.70430004119873,,-26.315828465662662,
2021-04-19,17.56999969482422,19.280000686645508,17.010000228881836,18.56999969482422,2964300,25.450900039672852,,-30.965114524688275,
2021-04-20,17.020000457763672,17.799999237060547,16.299999237060547,17.549999237060547,1981500,25.149900054931642,,-32.32577298283847,
2021-04-21,18.610000610351562,18.809999465942383,16.610000610351562,17.072999954223633,2188000,24.828700103759765,,-25.04641591150604,
2021-04-22,18.420000076293945,19.329999923706055,17.799999237060547,18.784000396728516,1537300,24.501500129699707,,-24.820929417436034,
2021-04-23,19.90999984741211,20.190000534057617,18.030000686645508,18.09000015258789,1563600,24.28130012512207,,-18.00274390244573,
2021-04-26,21.829999923706055,22.040000915527344,20.100000381469727,20.350000381469727,1516700,24.13250011444092,,-9.541076058493603,
2021-04-27,22.15999984741211,22.600000381469727,20.959999084472656,22.290000915527344,1248500,24.011100120544434,,-7.709352190608221,
2021-04-28,22.889999389648438,23.024999618530273,21.326000213623047,21.81999969482422,1131200,23.888300094604492,,-4.179036185088513,
2021-04-29,21.799999237060547,23.15999984741211,21.479999542236328,23.049999237060547,1254800,23.71890007019043,,-8.090176304345276,
2021-04-30,21.549999237060547,21.940000534057617,20.56999969482422,21.131999969482422,1295100,23.387900085449218,,-7.858340602079627,
2021-05-03,20.75,21.950000762939453,20.399999618530273,21.670000076293945,988000,23.0767000579834,,-10.082464356416832,
2021-05-04,19.75,20.6200008392334,18.520000457763672,20.309999465942383,1364800,22.87210006713867,,-13.650255367780273,
2021-05-05,19.15999984741211,20.43000030517578,19.020000457763672,20.0,1048800,22.72710006713867,,-15.69536020516874,
2021-05-06,18.229999542236328,19.219999313354492,17.700000762939453,19.219999313354492,1739200,22.53710006713867,,-19.111156768490023,
2021-05-07,19.299999237060547,20.649999618530273,18.40999984741211,18.719999313354492,2438300,22.42990005493164,,-13.954145182126766,
2021-05-10,16.229999542236328,19.18000030517578,16.18000030517578,19.18000030517578,3349400,22.27590003967285,,-27.140993121126044,
2021-05-11,15.760000228881836,16.270000457763672,14.020000457763672,14.460000038146973,2769200,22.021900062561034,,-28.43487535539643,
2021-05-12,14.729999542236328,15.869999885559082,14.670000076293945,15.260000228881836,1627200,21.732500038146974,,-32.22132973021596,
2021-05-13,13.84000015258789,15.350000381469727,12.996000289916992,15.0,2985400,21.443500022888184,,-35.458296743463215,
2021-05-14,15.6899995803833,15.729999542236328,14.300000190734863,14.40999984741211,1858500,21.30290002822876,,-26.348057965853144,
2021-05-17,14.65999984741211,14.890000343322754,14.010000228881836,14.75,1650900,21.154300022125245,,-30.6996694190815,
2021-05-18,15.479999542236328,16.15999984741211,14.359999656677246,14.75,1558700,21.039700031280518,,-26.42480872245504,
2021-05-19,14.850000381469727,14.930000305175781,13.600000381469727,13.666000366210938,1775000,20.803100032806398,,-28.616406410336246,
2021-05-20,15.979999542236328,16.440000534057617,15.220000267028809,15.329999923706055,1838400,20.58410001754761,,-22.367266343373583,
2021-05-21,15.319999694824219,16.413000106811523,15.3100004196167,16.209999084472656,1415900,20.278099994659424,,-24.450517065903632,
2021-05-24,15.180000305175781,15.949999809265137,14.8100004196167,15.520000457763672,1542100,19.964499988555907,,-23.96503637017059,
2021-05-25,15.199999809265137,15.699999809265137,15.065999984741211,15.210000038146973,1119200,19.68169998168945,,-22.770899752530482,
2021-05-26,17.010000228881836,17.25,15.399999618530273,15.420000076293945,1595200,19.568299980163573,,-13.073694464389296,
2021-05-27,17.280000686645508,17.489999771118164,16.350000381469727,17.200000762939453,1694300,19.438899993896484,,-11.106077545174042,
2021-05-28,16.760000228881836,18.010000228881836,16.670000076293945,17.459999084472656,1220500,19.31009998321533,,-13.206041173013528,
2021-06-01,16.809999465942383,17.459999084472656,16.719999313354492,16.940000534057617,741700,19.158299980163573,,-12.257353296757078,
2021-06-02,17.149999618530273,17.260000228881836,16.700000762939453,16.920000076293945,870200,19.03729995727539,,-9.913697546294408,
2021-06-03,16.549999237060547,17.29400062561035,16.520000457763672,17.030000686645508,1248400,18.932499923706054,,-12.584184319273618,
2021-06-04,16.510000228881836,16.969999313354492,16.030000686645508,16.559999465942383,977800,18.871899909973145,,-12.515431368111097,
2021-06-07,17.209999084472656,17.450000762939453,16.350000381469727,16.510000228881836,1096800,18.80989990234375,,-8.505631748054887,
2021-06-08,17.420000076293945,17.51799964904785,16.06999969482422,17.100000381469727,1599200,18.737699890136717,,-7.032345600413803,
2021-06-09,18.8799991607666,20.399999618530273,17.93600082397461,17.989999771118164,3223700,18.69809986114502,,0.9728223775270939,
2021-06-10,18.299999237060547,19.283000946044922,17.8700008392334,19.0,1328800,18.6318998336792,,-1.781356703188719,
2021-06-11,18.260000228881836,18.75,18.079999923706055,18.64900016784668,638000,18.52069984436035,,-1.4076121187067359,
2021-06-14,19.700000762939453,20.75,18.84000015258789,18.84000015258789,2214700,18.455099868774415,,6.7455657407272,
2021-06-15,19.1299991607666,20.079999923706055,18.613000869750977,19.809999465942383,1200400,18.38249984741211,,4.066363767492298,
2021-06-16,19.420000076293945,19.600000381469727,18.799999237060547,18.975000381469727,836300,18.315699844360353,18.78527496099472,6.029254908725878,3.378843890319172
2021-06-17,19.850000381469727,20.39900016784668,18.899999618530273,19.15999984741211,1282900,18.298999862670897,18.83412496328354,8.475875897254891,5.393802049028551
2021-06-18,18.709999084472656,19.639999389648438,18.389999389648438,19.559999465942383,1460800,18.251199836730958,18.875824959278106,2.5138032120954223,-0.8785092845647546
2021-06-21,17.15999984741211,18.299999237060547,16.847000122070312,18.200000762939453,2288700,18.15259983062744,18.91397495985031,-5.468087174712,-9.273434675479141
2021-06-22,16.649999618530273,16.81999969482422,15.4399995803833,16.649999618530273,2523000,18.073799819946288,18.95472495794296,-7.877702617048488,-12.15910726495082
2021-06-23,16.799999237060547,17.65999984741211,16.31999969482422,16.90999984741211,1922700,17.975199813842774,18.99432495355606,-6.537899934092528,-11.552533305926715
2021-06-24,16.610000610351562,17.16900062561035,16.270000457763672,17.110000610351562,1731100,17.880799827575682,19.033424956798555,-7.10706025165776,-12.732465922174285
2021-06-25,16.200000762939453,16.829999923706055,16.030000686645508,16.31999969482422,5321100,17.783599853515625,19.068574960231782,-8.904828626489314,-15.04346393621362
2021-06-28,16.84000015258789,17.059999465942383,16.059999465942383,16.399999618530273,1932000,17.74159984588623,19.10402496099472,-5.081839862978288,-11.851035648400588
2021-06-29,17.149999618530273,18.049999237060547,16.8700008392334,17.020000457763672,1604800,17.733199844360353,19.142024958133696,-3.2887478342807586,-10.406554917571487
2021-06-30,16.639999389648438,16.986000061035156,16.420000076293945,16.969999313354492,1142100,17.725599822998046,19.175174953937532,-6.124477841032483,-13.221133942084363
2021-07-01,16.229999542236328,16.700000762939453,15.899999618530273,16.559999465942383,1110600,17.677999801635742,19.206474950313567,-8.19097338866036,-15.497249837761839
2021-07-02,16.459999084472656,17.530000686645508,15.84000015258789,16.25,1988900,17.638799781799317,19.237674944400787,-6.682998344042734,-14.438729565583941
2021-07-06,16.15999984741211,16.739999771118164,16.083999633789062,16.600000381469727,854900,17.563799781799318,19.267374942302705,-7.99257536425525,-16.127651557079336
2021-07-07,15.59000015258789,16.6200008392334,15.539999961853027,16.329999923706055,1024200,17.438999786376954,19.28757494211197,-10.602670201495556,-19.17076045392775
2021-07-08,15.739999771118164,15.859999656677246,14.880000114440918,15.279999732971191,880900,17.310599784851075,19.29207494020462,-9.073053696887968,-18.41209501878901
2021-07-09,15.720000267028809,15.899999618530273,15.40999984741211,15.760000228881836,693900,17.16719980239868,19.303674943447113,-8.430026748844988,-18.56472763303979
2021-07-12,15.5,15.789999961853027,14.869999885559082,15.710000038146973,1132300,17.04119981765747,19.323574941158295,-9.043963066852466,-19.787099192573642
2021-07-13,14.789999961853027,15.260000228881836,14.760000228881836,15.199999809265137,1090500,16.90599983215332,19.34137494325638,-12.516265771373646,-23.531806786002296
2021-07-14,14.050000190734863,14.987000465393066,14.0,14.899999618530273,1326900,16.771999835968018,19.352874944210054,-16.229428045877693,-27.400966361650013
2021-07-15,13.930000305175781,14.342000007629395,13.34000015258789,14.0,1287100,16.655599842071535,19.36252494573593,-16.364463380123794,-28.056901957699043
2021-07-16,13.75,14.380000114440918,13.670000076293945,13.970000267028809,834600,16.54739984512329,19.36637494802475,-16.905374084785397,-29.000651712558035
2021-07-19,12.899999618530273,13.350000381469727,12.739999771118164,13.210000038146973,1538900,16.44079984664917,19.36842494726181,-21.53666647088678,-33.396754492656896
2021-07-20,13.550000190734863,13.880000114440918,12.399999618530273,13.079999923706055,1342300,16.325799865722658,19.374024946689605,-17.002534012534433,-30.060995440959626
2021-07-21,14.5,14.9399995803833,13.90999984741211,14.0600004196167,1733100,16.29119987487793,19.3833749461174,-10.994892264750089,-25.19362577307812
2021-07-22,14.239999771118164,14.619999885559082,13.770000457763672,14.529999732971191,781900,16.260799865722657,19.393574945926666,-12.427433529049736,-26.573621362630384
2021-07-23,13.479999542236328,14.359999656677246,13.34000015258789,14.229999542236328,992600,16.235799865722655,19.398574945926665,-16.973603680003635,-30.51036181878466
2021-07-26,14.319999694824219,15.039999961853027,13.920000076293945,14.460000038146973,2111900,16.24539985656738,19.416424944400788,-11.851971504196612,-26.248010455942616
2021-07-27,13.4399995803833,14.03499984741211,12.899999618530273,14.0,1594500,16.200399856567383,19.432824943065643,-17.03908731033611,-30.838673122616722
2021-07-28,14.039999961853027,14.25,13.40999984741211,13.699999809265137,1023200,16.1879998588562,19.449124944210052,-13.269087692930992,-27.811662467453612
2021-07-29,13.680000305175781,14.177000045776367,13.649999618530273,14.050000190734863,733300,16.151999874114992,19.46682494401932,-15.304603691217267,-29.726597200543438
2021-07-30,13.5,13.875,13.260000228881836,13.369999885559082,722300,16.124999866485595,19.485124943256377,-16.279069074235643,-30.716379600777334
2021-08-02,13.539999961853027,14.149999618530273,13.359999656677246,13.720000267028809,826500,16.07619987487793,19.503624942302704,-15.776115828145365,-30.577008110501424
2021-08-03,13.229999542236328,13.836000442504883,12.880000114440918,13.836000442504883,1247700,16.03439987182617,19.51832494020462,-17.48989891737337,-32.217546419751166
2021-08-04,13.130000114440918,13.677000045776367,13.0,13.029999732971191,993400,15.993399868011474,19.53537493944168,-17.90363385647391,-32.7885942545612
2021-08-05,13.270000457763672,13.649999618530273,12.579999923706055,13.010000228881836,1436400,15.954799880981446,19.55542494058609,-16.827534304696158,-32.1415898755409
2021-08-06,13.680000305175781,13.9399995803833,12.949999809265137,13.25,1205700,15.888199882507324,19.578824942111968,-13.898362266720587,-30.12859379649717
2021-08-09,15.369999885559082,15.710000038146973,14.0600004196167,14.329999923706055,3022100,15.849999866485597,19.61127494096756,-3.028391072365,-21.62671763144037
2021-08-10,15.25,15.930000305175781,14.640000343322754,15.579999923706055,1755700,15.81979986190796,19.642674939632414,-3.601814604999931,-22.362916217533336
2021-08-11,14.869999885559082,15.460000038146973,14.510000228881836,15.380000114440918,1174100,15.780999870300294,19.673024938106536,-5.772764667818708,-24.414268103956005
2021-08-12,14.539999961853027,14.770000457763672,14.039999961853027,14.75,1027900,15.728799877166749,19.705374939441683,-7.5581094844971775,-26.21302560069434
2021-08-13,13.920000076293945,14.970000267028809,13.770000457763672,14.699999809265137,1333600,15.676199893951416,19.73582494020462,-11.202969020158339,-29.468364669485037
2021-08-16,13.729999542236328,13.979999542236328,13.34000015258789,13.880000114440918,1399500,15.620599880218506,19.76842493772507,-12.103250531219246,-30.545809362714138
2021-08-17,11.649999618530273,11.970000267028809,10.399999618530273,10.970000267028809,8498800,15.509399890899658,19.786724936962127,-24.88426566803489,-41.122142973909924
2021-08-18,11.930000305175781,12.319999694824219,11.170000076293945,11.350000381469727,2280100,15.399599895477294,19.808624937534333,-22.53045282897577,-39.77370795400218
2021-08-19,10.720000267028809,12.109999656677246,10.579999923706055,11.36400032043457,3422100,15.236399917602538,19.823574938774108,-29.64217055864985,-45.922971511758334
2021-08-20,10.789999961853027,11.140000343322754,10.630000114440918,11.020000457763672,2607500,15.086199932098388,19.83437493801117,-28.477681520741903,-45.59949584710754
2021-08-23,12.619999885559082,12.920000076293945,10.890000343322754,11.079000473022461,4656000,14.973399925231934,19.85437493801117,-15.717205520618583,-36.43718361841696
2021-08-24,13.479999542236328,13.699999809265137,12.430000305175781,12.649999618530273,2454800,14.848999900817871,19.875274934768676,-9.219478535427427,-32.17704114042124
2021-08-25,13.199999809265137,13.720000267028809,13.010000228881836,13.399999618530273,1122700,14.730399913787842,19.896124935150148,-10.389399564707213,-33.655423594848266
2021-08-26,13.069999694824219,13.449999809265137,12.920000076293945,13.239999771118164,824100,14.603399906158447,19.915774931907652,-10.500295966609619,-34.37363226130666
2021-08-27,14.079999923706055,14.300000190734863,12.949999809265137,13.109999656677246,1283400,14.487999897003174,19.942524933815,-2.8161235242796567,-29.39710507854657
2021-08-30,13.640000343322754,14.229000091552734,13.380000114440918,14.039999961853027,1181300,14.386599922180176,19.96512493610382,-5.189548488843232,-31.68086657621192
2021-08-31,13.800000190734863,13.979999542236328,13.329999923706055,13.619999885559082,846500,14.31939992904663,19.989674935340883,-3.6272451421527463,-30.964359173559853
2021-09-01,13.75,14.164999961853027,13.579999923706055,13.840999603271484,1377200,14.261399936676025,20.01432493686676,-3.585902779157457,-31.299206726317095
2021-09-02,14.399999618530273,14.833000183105469,14.010000228881836,14.125,1628900,14.21339994430542,20.041724934577942,1.3128433376675241,-28.149898945644214
2021-09-03,14.260000228881836,14.633000373840332,14.039999961853027,14.399999618530273,768900,14.166399936676026,20.06897493362427,0.6607203850251597,-28.945049380722832
2021-09-07,13.800000190734863,14.800000190734863,13.710000038146973,14.387999534606934,1225200,14.118399925231934,20.088374934196473,-2.255211186701389,-31.303551253202166
2021-09-08,12.789999961853027,13.729999542236328,12.65999984741211,13.649999618530273,1209200,14.037399921417236,20.0993749332428,-8.886260750190766,-36.36618051888089
2021-09-09,13.489999771118164,13.6899995803833,12.8100004196167,13.005000114440918,906700,13.964199924468994,20.116074934005738,-3.395827587085065,-32.939205012039174
2021-09-10,12.850000381469727,13.489999771118164,12.770000457763672,13.4399995803833,804300,13.88839994430542,20.124874935150146,-7.476740063649034,-36.14866962961399
2021-09-13,12.899999618530273,13.204999923706055,12.380000114440918,12.850000381469727,969500,13.821799945831298,20.137474932670592,-6.6691771760091445,-35.94033183573776
2021-09-14,12.34000015258789,13.199999809265137,12.270000457763672,12.989999771118164,733200,13.739399967193604,20.14382493495941,-10.185305165779768,-38.740531192902
2021-09-15,12.710000038146973,12.90999984741211,12.350000381469727,12.5,748600,13.670399971008301,20.152724933624267,-7.025397463849703,-36.931605626489315
2021-09-16,12.65999984741211,12.800000190734863,12.390000343322754,12.550000190734863,580900,13.611799964904785,20.16152493476868,-6.992463303506479,-37.207131462661046
2021-09-17,12.899999618530273,13.0600004196167,12.399999618530273,12.609999656677246,1077600,13.554999961853028,20.16802493095398,-4.832167799085796,-36.03736775071468
2021-09-20,11.640000343322754,12.289999961853027,11.289999961853027,12.0,1728500,13.473399963378906,20.171224932670594,-13.607549876344393,-42.29403329656063
2021-09-21,11.239999771118164,11.875,11.229999542236328,11.800000190734863,1171100,13.38819995880127,20.173174929618835,-16.045474330332965,-44.28244532487906
2021-09-22,11.760000228881836,12.029999732971191,11.300000190734863,11.329000473022461,1278300,13.327599964141847,20.173974928855895,-11.762055730046416,-41.70707423621861
2021-09-23,11.859999656677246,12.039999961853027,11.600000381469727,11.960000038146973,865400,13.283799953460694,20.17452492713928,-10.718320825153038,-41.21299163420262
2021-09-24,11.399999618530273,11.880000114440918,11.100000381469727,11.25,969000,13.233199939727783,20.167874927520753,-13.853038792937788,-43.474462929289494
2021-09-27,11.630000114440918,12.166000366210938,11.340999603271484,11.390000343322754,979000,13.190799942016602,20.160574927330018,-11.832488055588463,-42.31315249509531
2021-09-28,10.9399995803833,11.630000114440918,10.899999618530273,11.520000457763672,1173500,13.151599941253663,20.13832492351532,-16.816207691454032,-45.67572217682925
2021-09-29,11.609999656677246,12.729999542236328,11.300000190734863,11.420999526977539,4169400,13.11279993057251,20.11662492275238,-11.460559772527933,-42.28654308931286
2021-09-30,11.59000015258789,11.949999809265137,11.15999984741211,11.899999618530273,2058000,13.054599933624267,20.09327492237091,-11.219032283509966,-42.31900873618104
2021-10-01,12.529999732971191,12.699999809265137,11.90999984741211,12.0,2222800,13.020399932861329,20.070474920272826,-3.7663989003321574,-37.56998883810735
2021-10-04,12.210000038146973,12.65999984741211,11.899999618530273,12.510000228881836,1294500,12.994999942779542,20.048874917030336,-6.040784209997174,-39.098826798628494
2021-10-05,13.390000343322754,13.569999694824219,12.3100004196167,12.420000076293945,2023100,12.976399955749512,20.0278249168396,3.1873276793536798,-33.143012788851046
2021-10-06,13.449999809265137,14.140000343322754,13.119999885559082,13.654000282287598,1799400,12.976599960327148,20.003174920082092,3.6481038976719393,-32.76067492784821
2021-10-07,13.8100004196167,14.100000381469727,12.390000343322754,13.449999809265137,2280600,12.971999969482422,19.963224925994872,6.460071323664307,-30.82279806588677
2021-10-08,14.319999694824219,14.5600004196167,13.710000038146973,13.925000190734863,1609100,12.98479995727539,19.906324920654296,10.28279020040439,-28.063066628807253
2021-10-11,14.529999732971191,15.319999694824219,14.399999618530273,14.420000076293945,2290200,13.005399951934814,19.8619749212265,11.72282118712975,-26.845141076867563
2021-10-12,14.34000015258789,14.970000267028809,14.300000190734863,14.741000175476074,1214200,13.021399955749512,19.809324917793273,10.126408844819789,-27.60984934066424
2021-10-13,15.170000076293945,15.1899995803833,13.65999984741211,14.260000228881836,1977800,13.060199966430664,19.740674920082093,16.154424245311816,-23.153589541857166
2021-10-14,15.210000038146973,15.550000190734863,14.920000076293945,15.449999809265137,1139800,13.101799964904785,19.683174924850462,16.090919407175576,-22.725880879390058
2021-10-15,15.789999961853027,16.649999618530273,15.489999771118164,15.649999618530273,2675500,13.152199954986573,19.616874928474427,20.055960340432243,-19.508076493196103
2021-10-18,16.280000686645508,16.610000610351562,15.600000381469727,15.800000190734863,1970600,13.204199962615967,19.553024935722352,23.29410894062358,-16.73922198655411
2021-10-19,16.700000762939453,17.030000686645508,15.899999618530273,16.600000381469727,1857300,13.230799980163575,19.503224940299987,26.220642651820867,-14.373131551019359
2021-10-20,17.65999984741211,18.6299991607666,16.739999771118164,17.0,3374300,13.278999977111816,19.45367494106293,32.99194124445779,-9.220237816684806
2021-10-21,17.639999389648438,17.950000762939453,17.06999969482422,17.68000030517578,1996400,13.334399967193603,19.365874934196473,32.28941259485112,-8.911942013528474
2021-10-22,16.440000534057617,17.55500030517578,16.329999923706055,17.549999237060547,2033500,13.372399978637695,19.246124939918516,22.939790615898346,-14.5802046626056
2021-10-25,18.450000762939453,18.649999618530273,16.780000686645508,16.780000686645508,2321100,13.462999992370605,19.14387493610382,37.04226972736351,-3.62452312021625
2021-10-26,18.200000762939453,18.760000228881836,17.719999313354492,18.459999084472656,2043300,13.552400016784668,19.049574933052064,34.293562324007,-4.459806442392333
2021-10-27,17.43000030517578,18.43199920654297,17.420000076293945,17.579999923706055,1605300,13.668000030517579,18.95647493839264,27.52414593399546,-8.052523679522716
2021-10-28,19.709999084472656,19.709999084472656,17.90999984741211,17.90999984741211,2457800,13.823600006103515,18.858324933052064,42.58224395794241,4.5161707333184475
2021-10-29,20.260000228881836,20.75,19.200000762939453,19.25,2419900,14.014400005340576,18.781074938774108,44.56559125728678,7.874550817399917
2021-11-01,21.68000030517578,22.170000076293945,20.309999465942383,20.309999465942383,2292800,14.23220001220703,18.733724942207335,52.33063255561849,15.727119790952248
2021-11-02,22.110000610351562,22.641000747680664,21.33099937438965,22.239999771118164,2131300,14.42200002670288,18.691474947929382,53.30745090427165,18.28922368055754
2021-11-03,21.850000381469727,22.09000015258789,20.709999084472656,21.985000610351562,1518700,14.589400043487549,18.65912495136261,49.76627082909542,17.100884625750346
2021-11-04,21.969999313354492,23.600000381469727,21.530000686645508,21.530000686645508,2120600,14.764800033569337,18.642974944114684,48.799843298950016,17.84599496171131
2021-11-05,20.479999542236328,22.780000686645508,20.42099952697754,22.3799991607666,1644200,14.913000030517578,18.605574946403504,37.32984309211149,10.074531968146228
2021-11-08,22.260000228881836,23.09000015258789,21.670000076293945,21.75,2699200,15.076600036621095,18.58037495136261,47.64602214565781,19.803826818087856
2021-11-09,21.329999923706055,22.950000762939453,20.75,22.802000045776367,1880600,15.23040002822876,18.55287495136261,40.048848908577604,14.96870420149885
2021-11-10,20.31999969482422,21.799999237060547,19.8799991607666,21.5,1892200,15.360800018310547,18.531674952507018,32.28477469013431,9.650097721335605
2021-11-11,21.469999313354492,21.979999542236328,20.329999923706055,20.530000686645508,1202400,15.515200004577636,18.51167495250702,38.380422469706744,15.980857315382103
2021-11-12,21.420000076293945,21.690000534057617,20.690000534057617,21.399999618530273,1193600,15.65560001373291,18.486824955940246,36.82005197823508,15.866300066909012
2021-11-15,20.690000534057617,22.600000381469727,20.5,21.84000015258789,2661100,15.784200019836426,18.464874958992006,31.08045075490642,12.050585666067693
2021-11-16,18.399999618530273,20.0,18.31999969482422,19.9950008392334,2473300,15.876200008392335,18.425524954795836,15.8967486476854,-0.13853247778928823
2021-11-17,18.43000030517578,18.80299949645996,18.010000228881836,18.770000457763672,1319600,15.989000015258789,18.368074955940248,15.266747686456128,0.3371357607374392
2021-11-18,17.15999984741211,18.18000030517578,16.545000076293945,18.1299991607666,2188900,16.062400016784668,18.302674956321717,6.833348873645817,-6.2432136921872665
2021-11-19,18.0,18.65999984741211,17.25,17.260000228881836,1635400,16.165400009155274,18.232324957847595,11.348930368600229,-1.274247570645659
2021-11-22,17.56999969482422,18.15999984741211,16.959999084472656,18.0,1427900,16.258800010681153,18.14682496547699,8.064553861795943,-3.1786567168093582
2021-11-23,17.850000381469727,18.450000762939453,17.200000762939453,17.299999237060547,1346100,16.369000015258788,18.062174973487853,9.0475921854138,-1.1746901595713788
2021-11-24,18.079999923706055,18.09000015258789,16.760000228881836,17.44499969482422,1266200,16.47640001296997,17.997974972724915,9.732708051963733,0.45574544417048557
2021-11-26,17.260000228881836,17.599000930786133,16.399999618530273,16.799999237060547,1121200,16.568400020599366,17.937924971580504,4.174212400851074,-3.779281849894678
2021-11-29,17.770000457763672,17.969999313354492,17.0,17.940000534057617,1161700,16.665800037384034,17.88562497615814,6.625547035862311,-0.6464661902986224
2021-11-30,17.780000686645508,18.43000030517578,16.889999389648438,17.559999465942383,1329400,16.788600044250487,17.829374976158142,5.905201385356373,-0.2769266425696859
2021-12-01,16.31999969482422,18.479999542236328,16.209999084472656,18.229999542236328,1680700,16.890200042724608,17.759624972343445,-3.3759241835978226,-8.106169357523674
2021-12-02,16.020000457763672,17.09000015258789,15.260000228881836,16.139999389648438,1891200,16.975400047302244,17.649224982261657,-5.628141822144606,-9.231139192431604
2021-12-03,13.649999618530273,16.149999618530273,13.3100004196167,16.09000015258789,2960800,17.011200046539308,17.535924973487855,-19.758749640316086,-22.159796878879323
2021-12-06,14.010000228881836,14.4399995803833,12.329999923706055,12.800000190734863,2229200,17.06340005874634,17.45607497692108,-17.89443967411052,-19.74140665983245
2021-12-07,15.119999885559082,15.604999542236328,14.779999732971191,14.779999732971191,1374100,17.1332000541687,17.399624977111817,-11.750286941404065,-13.101576008399308
2021-12-08,14.729999542236328,15.300000190734863,14.496999740600586,15.09000015258789,1214700,17.209000053405763,17.334624977111815,-14.40525599091288,-15.025565527460593
2021-12-09,13.399999618530273,14.550000190734863,13.345000267028809,14.520000457763672,1627900,17.244800052642823,17.278324975967408,-22.295419038641285,-22.446188289846003
2021-12-10,13.420000076293945,14.140000343322754,12.899999618530273,13.779999732971191,1422100,17.281400051116943,17.225774974822997,-22.344254304635612,-22.093490156997465
2021-12-13,12.239999771118164,13.33899974822998,12.210000038146973,13.109999656677246,1803400,17.275600051879884,17.144674978256226,-29.14862734515412,-28.60757181666277
2021-12-14,12.109999656677246,12.800000190734863,11.8100004196167,12.0,2591700,17.27360004425049,17.059224972724916,-29.89301809898016,-29.01201739211906
2021-12-15,12.510000228881836,12.678000450134277,10.5600004196167,11.399999618530273,3813300,17.25600004196167,16.980324969291686,-27.503475901361362,-26.326496981031124
2021-12-16,11.569999694824219,13.12600040435791,11.199999809265137,12.59000015258789,1917500,17.21840003967285,16.924574971199036,-32.804443687184495,-31.63787147084538
2021-12-17,11.710000038146973,11.880000114440918,10.800000190734863,11.329999923706055,1805000,17.176400032043457,16.872674970626832,-31.825062199870956,-30.597844985856813
2021-12-20,10.819999694824219,11.260000228881836,10.631999969482422,11.100000381469727,1996800,17.106400032043457,16.82072497367859,-36.748821057871005,-35.674593623309505
2021-12-21,11.390000343322754,11.569999694824219,11.031000137329102,11.050000190734863,1574700,17.04360004425049,16.744274973869324,-33.171393873648945,-31.97674810585893
2021-12-22,11.260000228881836,11.59000015258789,11.069999694824219,11.329999923706055,1732400,16.982000045776367,16.665924973487854,-33.69449888982695,-32.436991965377025
2021-12-23,11.90999984741211,12.069999694824219,10.770000457763672,11.130000114440918,1835800,16.91680004119873,16.57237496852875,-29.59661509028416,-28.1334155784586
2021-12-27,12.229999542236328,12.324999809265137,11.670000076293945,12.029999732971191,1903100,16.857200031280517,16.479224963188173,-27.449401326779498,-25.785347493246213
2021-12-28,11.010000228881836,11.890000343322754,10.850000381469727,11.880000114440918,1961400,16.761600036621093,16.38757496356964,-34.31414539884642,-32.814951245943405
2021-12-29,9.850000381469727,10.9399995803833,9.800000190734863,10.819999694824219,3785000,16.63300003051758,16.323424963951112,-40.780374175450426,-39.65726921143933
2021-12-30,10.09000015258789,10.449999809265137,9.720000267028809,9.850000381469727,1705000,16.500800018310546,16.25512496471405,-38.85144876980961,-37.92726801860432
2021-12-31,9.520000457763672,10.4399995803833,9.520000457763672,10.050000190734863,2272000,16.338000030517577,16.186724963188173,-41.73093132585773,-41.18637043988797
2022-01-03,9.59000015258789,9.90999984741211,9.430000305175781,9.729999542236328,1826300,16.177000045776367,16.11267496585846,-40.718302989114896,-40.481638381532704
2022-01-04,9.600000381469727,9.789999961853027,9.149999618530273,9.539999961853027,1673000,16.04020004272461,16.04467496395111,-40.15036997107764,-40.16706226184802
2022-01-05,8.569999694824219,9.600000381469727,8.4399995803833,9.404999732971191,2065000,15.842600021362305,15.978574957847595,-45.90534581906787,-46.36568206218406
2022-01-06,8.300000190734863,8.690999984741211,7.900000095367432,8.390000343322754,1656800,15.644600009918213,15.922374954223633,-46.946549061830225,-47.87209687878145
2022-01-07,8.140000343322754,8.5,7.96999979019165,8.062000274658203,1487000,15.458800010681152,15.861524958610534,-47.34390549267423,-48.680846485041776
2022-01-10,8.020000457763672,8.050000190734863,7.570000171661377,7.840000152587891,1706700,15.225000038146973,15.796474957466126,-47.32347824191019,-49.22917626015633
2022-01-11,8.260000228881836,8.5,7.820000171661377,8.079999923706055,1499600,14.985000038146973,15.733474955558776,-44.878210157794186,-47.500471115165155
2022-01-12,8.470000267028809,9.140000343322754,8.319999694824219,8.649999618530273,1898500,14.720800037384032,15.667774953842162,-42.462364507914515,-45.9399928070084
2022-01-13,8.170000076293945,8.760000228881836,8.100000381469727,8.708000183105469,1229800,14.44200002670288,15.589524955749512,-43.42888754197598,-47.59301454352014
2022-01-14,8.180000305175781,8.369999885559082,7.920000076293945,8.050000190734863,1326400,14.168600025177001,15.515524959564209,-42.26670037519396,-47.27861076892924
2022-01-18,7.429999828338623,8.0,7.400000095367432,7.920000076293945,1476100,13.877800035476685,15.438874957561493,-46.46125603953904,-51.874732784854686
2022-01-19,7.130000114440918,7.610000133514404,7.079999923706055,7.510000228881836,1610200,13.610800046920776,15.360724956989289,-47.61512850191371,-53.58291920202182
2022-01-20,6.960000038146973,7.809999942779541,6.929999828338623,7.289999961853027,1613700,13.304800043106079,15.292099959850312,-47.68805231497397,-54.486303016455686
2022-01-21,6.400000095367432,6.820000171661377,6.130000114440918,6.670000076293945,3050900,13.006200046539307,15.2185999584198,-50.79269830952396,-57.946196674769766
2022-01-24,6.590000152587891,6.590000152587891,5.46999979019165,5.590000152587891,3330400,12.73160005569458,15.1410999584198,-48.23902633007765,-56.47608053123469
2022-01-25,6.369999885559082,6.570000171661377,6.15500020980835,6.340000152587891,1862000,12.429600067138672,15.069999957084656,-48.7513689004358,-57.73059121632951
2022-01-26,6.079999923706055,6.849999904632568,6.039999961853027,6.78000020980835,2527000,12.122800064086913,14.991749958992004,-49.84657099379458,-59.44436146322405
2022-01-27,5.579999923706055,6.420000076293945,5.513999938964844,6.289999961853027,2093800,11.820600051879882,14.912999958992005,-52.7942752549297,-62.582981700194296
2022-01-28,6.059999942779541,6.099999904632568,5.510000228881836,5.659999847412109,2178100,11.573800058364869,14.837999961376191,-47.6403608821657,-59.15891657532064
2022-01-31,6.71999979019165,6.809999942779541,6.079999923706055,6.090000152587891,1912900,11.339600048065186,14.77689995765686,-40.73865249473021,-54.52361585009184
2022-02-01,7.230000019073486,7.25,6.610000133514404,6.9079999923706055,1682700,11.141000051498413,14.725199959278108,-35.10456883894292,-50.90049684168818
2022-02-02,6.710000038146973,7.300000190734863,6.46999979019165,7.289999961853027,1542200,10.915200052261353,14.673649957180023,-38.526091999964486,-54.271772478369115
2022-02-03,6.300000190734863,6.690000057220459,6.170000076293945,6.420000076293945,1324800,10.689800062179565,14.61209995508194,-41.06531315750031,-56.88504588593519
2022-02-04,6.829999923706055,6.989999771118164,6.210000038146973,6.449999809265137,2471100,10.469400053024293,14.554149954319,-34.762260596460116,-53.07180463892893
2022-02-07,7.079999923706055,7.78000020980835,7.039999961853027,7.230000019073486,4433600,10.249400053024292,14.48999995470047,-30.9227868257815,-51.13871672988277
2022-02-08,7.519999980926514,7.545000076293945,6.849999904632568,7.019999980926514,3415100,10.054600048065186,14.418449954986572,-25.208362888849145,-47.8446018510766
2022-02-09,8.34000015258789,8.390000343322754,7.409999847412109,7.840000152587891,3673200,9.86600004196167,14.349349956512452,-15.467260114367098,-41.87889919847706
2022-02-10,9.3100004196167,10.630000114440918,8.350000381469727,8.380000114440918,13080500,9.696600036621094,14.281449961662293,-3.98696053817138,-34.81053783328133
2022-02-11,8.699999809265137,9.710000038146973,8.510000228881836,9.25,3897800,9.544200038909912,14.215949964523315,-8.845164877130918,-38.801136533425726
2022-02-14,8.609999656677246,9.175999641418457,8.369999885559082,8.699999809265137,2580800,9.396000022888183,14.1512499666214,-8.365265690679857,-39.157320540689476
2022-02-15,10.210000038146973,10.289999961853027,9.050000190734863,9.218000411987305,4088000,9.327200031280517,14.098549966812135,9.46479119034458,-27.58120471834887
2022-02-16,10.720000267028809,10.800000190734863,9.710000038146973,9.979999542236328,3347100,9.261400032043458,14.053399968147279,15.749241258759472,-23.719524874221076
2022-02-17,10.279999732971191,11.050000190734863,9.9399995803833,10.84000015258789,3352400,9.1646000289917,14.008999967575074,12.170740681000659,-26.618604063351736
2022-02-18,8.930000305175781,10.093999862670898,8.800000190734863,9.880000114440918,3698100,9.048600044250488,13.96249997138977,-1.3106971077815,-36.04296993035606
2022-02-22,8.75,9.289999961853027,8.359999656677246,8.649999618530273,2695100,8.955600051879882,13.909749975204468,-2.2957708103179986,-37.09448397276904
2022-02-23,8.40999984741211,9.279999732971191,8.380000114440918,8.90999984741211,2501600,8.855400047302247,13.870649976730347,-5.029701622862614,-39.36837955307879
2022-02-24,9.479999542236328,9.539999961853027,7.340000152587891,7.340000152587891,3080800,8.80020004272461,13.83924997329712,7.724818711067027,-31.499181237942665
2022-02-25,9.479999542236328,9.949999809265137,9.079999923706055,9.90999984741211,2796800,8.747600040435792,13.812999973297119,8.37257646000067,-31.36900339851747
2022-02-28,10.600000381469727,10.789999961853027,9.312000274658203,9.369999885559082,3399400,8.709400043487548,13.796799974441528,21.707584087791144,-23.170587374564033
2022-03-01,10.680000305175781,11.470000267028809,10.15999984741211,11.100000381469727,3590400,8.69160005569458,13.771749978065492,22.877263527311477,-22.44994047825436
2022-03-02,10.949999809265137,11.079999923706055,10.359999656677246,10.819999694824219,2085200,8.676400051116943,13.753199977874756,26.20441363645405,-20.38216686385149
2022-03-03,10.079999923706055,11.149999618530273,9.770000457763672,11.09000015258789,2187300,8.66160005569458,13.726199979782104,16.375725719163704,-26.563798148407358
2022-03-04,9.329999923706055,10.359999656677246,9.119999885559082,9.850000381469727,2114200,8.620400047302246,13.698599977493286,8.2316351040562,-31.890850604914466
2022-03-07,9.100000381469727,10.039999961853027,8.970000267028809,9.539999961853027,2107800,8.577200050354003,13.664199981689453,6.09523303696462,-33.40261124936643
2022-03-08,10.100000381469727,10.350000381469727,8.970000267028809,9.170000076293945,2184600,8.541000061035156,13.63809998512268,18.25313557304462,-25.942760410266395
2022-03-09,11.1899995803833,11.3100004196167,10.5,10.640000343322754,2962200,8.520200061798096,13.618149981498718,31.334939311527997,-17.830251571720403
2022-03-10,11.09000015258789,11.270000457763672,10.59000015258789,10.670000076293945,1782800,8.521800060272216,13.597599983215332,30.136826423426278,-18.441488451806087
2022-03-11,9.930000305175781,11.170000076293945,9.920000076293945,11.170000076293945,1703600,8.523400058746338,13.562199983596802,16.50280682280132,-26.781788226202906
2022-03-14,9.550000190734863,10.09000015258789,9.095000267028809,9.930000305175781,1767000,8.512600059509277,13.523549981117249,12.1866424356061,-29.382446147132967
2022-03-15,9.670000076293945,9.710000038146973,8.970000267028809,9.5600004196167,1203000,8.515600051879883,13.48809998035431,13.556296883144725,-28.30717380225165
2022-03-16,10.260000228881836,10.380000114440918,9.5600004196167,9.899999618530273,1993400,8.529000053405762,13.455349984169006,20.295464469892455,-23.747801127779532
2022-03-17,11.180000305175781,11.199999809265137,9.970000267028809,10.130000114440918,3000300,8.560600051879883,13.425499987602233,30.59832532090652,-16.725631704592423
2022-03-18,11.960000038146973,12.449999809265137,10.920000076293945,11.0,3898000,8.628400058746339,13.402549991607666,38.6120249028497,-10.763249936497022
2022-03-21,11.880000114440918,12.5600004196167,11.720000267028809,11.899999618530273,2708100,8.700000057220459,13.379399991035461,36.55172455523443,-11.206779658274503
2022-03-22,12.640000343322754,13.069999694824219,12.21500015258789,12.449999809265137,2484700,8.790000057220459,13.356549997329711,43.799775438451235,-5.364780981243012
2022-03-23,12.479999542236328,13.359999656677246,12.15999984741211,12.470000267028809,1962300,8.879200038909913,13.331849994659423,40.55319721987569,-6.389589237535198
2022-03-24,13.140000343322754,13.180000305175781,12.079999923706055,12.640000343322754,1876300,8.97680004119873,13.303150000572204,46.37733137662809,-1.2263986893512602
2022-03-25,12.680000305175781,13.550000190734863,12.460000038146973,13.375,1853800,9.06100004196167,13.275050005912782,39.94040664887375,-4.4824667362605926
2022-03-28,13.420000076293945,13.90999984741211,12.859999656677246,13.140000343322754,2037300,9.16600004196167,13.250850005149841,46.410648209225315,1.2765224199078995
2022-03-29,13.09000015258789,13.5,12.710000038146973,13.5,1511100,9.264200038909912,13.217800002098084,41.29660518565559,-0.9668768591589161
2022-03-30,12.449999809265137,13.185999870300293,12.34000015258789,12.869999885559082,1263500,9.364600038528442,13.184400005340576,32.9474804908116,-5.570220835062322
2022-03-31,12.369999885559082,12.968999862670898,12.220000267028809,12.640000343322754,1692300,9.469400033950805,13.149150004386902,30.63129492057264,-5.9254789744422665
2022-04-01,12.739999771118164,12.970000267028809,12.319999694824219,12.369999885559082,1126600,9.58500002861023,13.113600001335143,32.91601182149804,-2.8489524629311647
2022-04-04,13.229999542236328,13.279999732971191,12.600000381469727,12.84000015258789,1278300,9.721600017547608,13.086200003623963,36.08870472304986,1.0988639832231195
2022-04-05,12.010000228881836,13.359999656677246,11.899999618530273,13.220000267028809,1753700,9.830000019073486,13.060450005531312,22.177011246982925,-8.042983022825345
2022-04-06,11.199999809265137,11.630000114440918,10.829999923706055,11.569999694824219,1573700,9.926600017547607,13.033200006484986,12.828156563843574,-14.065618545773074
2022-04-07,11.140000343322754,11.369999885559082,10.645000457763672,11.069999694824219,1188300,10.027800025939941,13.004900012016297,11.091169693310299,-14.339976985370196
2022-04-08,10.40999984741211,11.039999961853027,10.380000114440918,11.020000457763672,1422400,10.124400024414063,12.9739000082016,2.82090615058026,-19.761984901754225
2022-04-11,10.010000228881836,10.40999984741211,9.836999893188477,9.970000267028809,1676900,10.203400030136109,12.94295000553131,-1.8954446623974386,-22.660597278024298
2022-04-12,9.770000457763672,10.680000305175781,9.739999771118164,10.300000190734863,1125700,10.264400043487548,12.90760000705719,-4.81664377488441,-24.30815602883608
2022-04-13,10.130000114440918,10.329999923706055,9.649999618530273,9.770000457763672,1077300,10.322400045394897,12.872500009536743,-1.8639069412913711,-21.305106957187903
2022-04-14,9.609999656677246,10.140000343322754,9.5600004196167,10.130000114440918,1070400,10.380400037765503,12.837350010871887,-7.421682962943821,-25.140315964442927
2022-04-18,9.319999694824219,9.5600004196167,9.012999534606934,9.550000190734863,1236800,10.44080002784729,12.802800011634826,-10.734812754134904,-27.203426700764954
2022-04-19,9.510000228881836,9.970000267028809,9.229999542236328,9.430000305175781,1083900,10.494400033950805,12.768050017356872,-9.380239002556634,-25.51720727946748
2022-04-20,9.010000228881836,9.819999694824219,8.84000015258789,9.819999694824219,1356500,10.533000040054322,12.73230001926422,-14.45931648515053,-29.23509330404147
2022-04-21,8.470000267028809,9.550000190734863,8.420000076293945,9.25,1451900,10.552000045776367,12.696700019836426,-19.730854527250663,-33.289750456450264
2022-04-22,7.920000076293945,8.729999542236328,7.840000152587891,8.350000381469727,1916200,10.54360004425049,12.657600021362304,-24.883341144822868,-37.42889597611462
2022-04-25,7.880000114440918,8.180000305175781,7.710000038146973,7.860000133514404,1837600,10.515000038146972,12.618400020599365,-25.05943808032941,-37.551511272610426
2022-04-26,7.039999961853027,7.860000133514404,7.019999980926514,7.800000190734863,1868700,10.481800041198731,12.57610002040863,-32.83596391667179,-44.02080175548508
2022-04-27,6.789999961853027,7.46999979019165,6.75,7.199999809265137,2349500,10.445400047302247,12.53610002040863,-34.99530959939927,-45.83642479878923
2022-04-28,7.039999961853027,7.261000156402588,6.489999771118164,7.0,2322600,10.382000045776367,12.501050019264222,-32.190330082717935,-43.6847308745719
2022-04-29,6.489999771118164,7.360000133514404,6.480000019073486,6.829999923706055,1726300,10.297400035858153,12.463850016593932,-36.97438432499134,-47.92941376478691
2022-05-02,6.800000190734863,6.8379998207092285,6.320000171661377,6.550000190734863,1846700,10.227800045013428,12.429100017547608,-33.51453723374062,-45.28968162510149
2022-05-03,6.949999809265137,7.160999774932861,6.679999828338623,6.75,2024400,10.188200035095214,12.399350018501282,-31.783830457543772,-43.948676350817394
2022-05-04,7.710000038146973,7.769999980926514,6.579999923706055,6.989999771118164,2955300,10.167400035858154,12.370150017738343,-24.1694040663737,-37.6725421511371
2022-05-05,6.900000095367432,7.590000152587891,6.690000057220459,7.460000038146973,2133700,10.13720004081726,12.332150018215179,-31.93386667339403,-44.04868506160078
2022-05-06,6.539999961853027,6.829999923706055,6.340000152587891,6.769999980926514,1962900,10.078400049209595,12.293650019168854,-35.108748115570876,-46.80180457670795
2022-05-09,5.639999866485596,6.170000076293945,5.611999988555908,6.099999904632568,2336100,10.00160005569458,12.2544500207901,-43.60902420533835,-53.97590379888824
2022-05-10,5.699999809265137,6.15500020980835,5.349999904632568,6.050000190734863,2377500,9.903600044250489,12.211350021362305,-42.44517363588145,-53.32211590615563
2022-05-11,5.019999980926514,5.599999904632568,4.880000114440918,4.947999954223633,2690900,9.790400037765503,12.16925002336502,-48.725282301414055,-58.748485146676344
2022-05-12,5.139999866485596,5.449999809265137,4.53000020980835,4.820000171661377,3045000,9.674200038909913,12.124750022888184,-46.86899334505833,-57.607374529102096
2022-05-13,6.320000171661377,6.670000076293945,5.630000114440918,5.639999866485596,4061800,9.599000043869019,12.087950022220612,-34.15980682594093,-47.71652629235174
2022-05-16,5.900000095367432,6.420000076293945,5.829999923706055,6.340000152587891,2813400,9.530400047302246,12.049950022697448,-38.09283906148793,-51.03714053374402
2022-05-17,6.25,6.433000087738037,5.860000133514404,6.170000076293945,1914100,9.473400039672851,12.013500022888184,-34.02579882802211,-47.97519467189023
2022-05-18,5.75,6.223999977111816,5.679999828338623,5.989999771118164,1494300,9.386400032043458,11.976100025177002,-38.74115762837138,-51.98770895440131
2022-05-19,5.849999904632568,6.190000057220459,5.730000019073486,5.760000228881836,2148000,9.279600038528443,11.93970002412796,-36.958490879524376,-51.003794962932204
2022-05-20,5.650000095367432,6.099999904632568,5.289999961853027,6.03000020980835,1865500,9.170800037384033,11.901600022315979,-38.39141544537382,-52.52739056283647
2022-05-23,5.460000038146973,5.690000057220459,5.340000152587891,5.630000114440918,1305100,9.081400032043456,11.860500020980835,-39.87711125067147,-53.96484103968289
2022-05-24,5.170000076293945,5.329999923706055,4.909999847412109,5.309999942779541,1411300,8.993800029754638,11.80950002193451,-42.51595477784945,-56.22168536609182
2022-05-25,5.269999980926514,5.349999904632568,5.050000190734863,5.170000076293945,1144700,8.90580002784729,11.759600021839141,-40.82508068395987,-55.185550774350965
2022-05-26,5.639999866485596,5.795000076293945,5.03000020980835,5.119999885559082,1462300,8.813400020599365,11.713450021743775,-36.006537167230036,-51.85022469028324
2022-05-27,5.889999866485596,5.965000152587891,5.670000076293945,5.699999809265137,1589500,8.707600011825562,11.670200021266938,-32.35794181535048,-49.52957228023443
2022-05-31,5.889999866485596,6.269999980926514,5.829999923706055,6.119999885559082,2212900,8.586200008392334,11.630050020217896,-31.40155294858511,-49.35533504803238
2022-06-01,5.559999942779541,6.099999904632568,5.460000038146973,5.929999828338623,1376700,8.459800004959106,11.589200022220611,-34.277406800157365,-52.02429907052215
2022-06-02,5.849999904632568,6.03000020980835,5.53000020980835,5.579999923706055,1298800,8.323999996185302,11.560200023651124,-29.721288955868708,-49.39534010947909
2022-06-03,5.570000171661377,5.690000057220459,5.409999847412109,5.679999828338623,1382900,8.185800008773803,11.52840002298355,-31.95533526727661,-51.684534188987485
2022-06-06,5.760000228881836,5.875,5.550000190734863,5.78000020980835,1347300,8.038200006484985,11.503600022792817,-28.342163366987183,-49.92871607610505
2022-06-07,5.550000190734863,5.644999980926514,5.380000114440918,5.510000228881836,1323500,7.895600004196167,11.477400023937225,-29.70768291472111,-51.644099019291815
2022-06-08,5.460000038146973,5.718999862670898,5.349999904632568,5.400000095367432,1002200,7.736400003433228,11.441600024700165,-29.424538083295115,-52.27940125192363
2022-06-09,5.110000133514404,5.440000057220459,5.090000152587891,5.360000133514404,1647300,7.5768000030517575,11.399750027656555,-32.55727838327241,-55.174454517711325
2022-06-10,4.900000095367432,5.170000076293945,4.820000171661377,4.920000076293945,1538400,7.425800008773804,11.358250029087067,-34.01384241996909,-56.85955069822253
2022-06-13,4.460000038146973,4.679999828338623,4.281000137329102,4.400000095367432,2268900,7.267600011825562,11.31520003080368,-38.63173494840345,-60.58399298284263
2022-06-14,4.429999828338623,4.599999904632568,4.310999870300293,4.460000038146973,1120700,7.101400012969971,11.266950030326843,-37.61793702301395,-60.68146378199466
2022-06-15,4.409999847412109,4.534999847412109,4.204999923706055,4.400000095367432,1895600,6.925000019073487,11.22080002784729,-36.31769190952097,-60.697990905572105
2022-06-16,4.449999809265137,4.489999771118164,4.059000015258789,4.329999923706055,1881800,6.7738000106811525,11.174050025939941,-34.30571020330938,-60.17558719591636
2022-06-17,4.650000095367432,4.849999904632568,4.46999979019165,4.480000019073486,1893700,6.642800016403198,11.128550026416779,-29.999396581485303,-58.215579888401145
2022-06-21,4.730000019073486,5.079999923706055,4.579999923706055,4.800000190734863,1740900,6.514600009918213,11.080200028419494,-27.39385362305814,-57.31123980666815
2022-06-22,4.570000171661377,4.84499979019165,4.53000020980835,4.659999847412109,1139400,6.397800016403198,11.031750028133393,-28.569193161017225,-58.57411417040026
2022-06-23,4.78000020980835,4.840000152587891,4.460000038146973,4.590000152587891,1167900,6.2932000160217285,10.986650028228759,-24.044997812892564,-56.49265064849827
2022-06-24,4.929999828338623,5.184999942779541,4.869999885559082,4.880000114440918,1645400,6.196400003433228,10.947350027561187,-20.43767630225506,-54.96627205737651
2022-06-27,4.53000020980835,4.960000038146973,4.5,4.929999828338623,1350300,6.0844000053405765,10.90255002975464,-25.54729791216642,-58.45008555388122
2022-06-28,4.210000038146973,4.59499979019165,4.164999961853027,4.550000190734863,1504100,5.976400012969971,10.859350028038024,-29.55625411601567,-61.23156517400149
2022-06-29,4.039999961853027,4.170000076293945,3.8959999084472656,4.170000076293945,1647500,5.870800018310547,10.815050029754639,-31.184847903989287,-62.64464842290995
2022-06-30,3.9200000762939453,4.078999996185303,3.8399999141693115,3.9800000190734863,1191200,5.759000015258789,10.772950029373169,-31.93262604779149,-63.612566051027784
2022-07-01,3.950000047683716,4.059999942779541,3.8499999046325684,3.9000000953674316,1099300,5.657800011634826,10.729150029420852,-30.18487681500146,-63.18440848667177
2022-07-05,4.320000171661377,4.349999904632568,3.75,3.809999942779541,1481900,5.574800009727478,10.687450031042099,-22.508427851700485,-59.57875677440574
2022-07-06,4.050000190734863,4.329999923706055,4.03000020980835,4.269999980926514,1008400,5.497400012016296,10.643200033903122,-26.328806674385806,-61.947532905198734
2022-07-07,4.489999771118164,4.5,4.070000171661377,4.099999904632568,1308400,5.429600005149841,10.607450031042099,-17.305146477465915,-57.67126163235805
2022-07-08,4.579999923706055,4.724999904632568,4.28000020980835,4.389999866485596,1862500,5.380400004386902,10.574150031805038,-14.876218869010527,-56.68682674323436
2022-07-11,4.46999979019165,4.599999904632568,4.360000133514404,4.5,1822800,5.334000000953674,10.537700029611587,-16.19797920149133,-57.58087839252707
2022-07-12,4.159999847412109,4.480000019073486,4.050000190734863,4.409999847412109,1175000,5.276399998664856,10.499200030565262,-21.15836842421427,-60.377935125518874
2022-07-13,4.190000057220459,4.210000038146973,3.9749999046325684,4.019999980926514,1280300,5.230400004386902,10.463150032758712,-19.891403072304726,-59.95469773345374
2022-07-14,4.199999809265137,4.239999771118164,4.010000228881836,4.090000152587891,1127900,5.178399996757507,10.426000031232833,-18.89387046394645,-59.716096329528746
2022-07-15,4.260000228881836,4.4079999923706055,4.1519999504089355,4.28000020980835,949900,5.1246000051498415,10.392600034475327,-16.871556324379412,-59.009293008966424
2022-07-18,4.269999980926514,4.760000228881836,4.199999809265137,4.489999771118164,4335500,5.055800004005432,10.355900036096573,-15.54254563978742,-58.767466216910336
2022-07-19,4.699999809265137,4.769999980926514,4.389999866485596,4.389999866485596,3357600,5.0117999982833865,10.321450034379959,-6.221321463846241,-54.46376435859499
2022-07-20,4.909999847412109,5.110000133514404,4.769999980926514,4.869999885559082,2839100,4.979199995994568,10.283350034952164,-1.389784476183431,-52.252915336699914
2022-07-21,4.864999771118164,4.994999885559082,4.670000076293945,4.880000114440918,1684400,4.963699994087219,10.24662503361702,-1.9884405400533267,-52.5209544102851
2022-07-22,4.289999961853027,4.980000019073486,4.255000114440918,4.960000038146973,1885000,4.935499997138977,10.20112503170967,-13.07871615155779,-57.9458153045102
2022-07-25,4.059999942779541,4.300000190734863,4.059999942779541,4.28000020980835,1007400,4.916299996376037,10.154175032377243,-17.417571226892225,-60.0164471280634
2022-07-26,3.809999942779541,4.090000152587891,3.7799999713897705,4.090000152587891,1747100,4.889699997901917,10.104175029993057,-22.08111040729811,-62.2928152820987
2022-07-27,4.070000171661377,4.125,3.8399999141693115,3.9100000858306885,2015900,4.844699997901916,10.052925032377242,-15.990666637274476,-59.51426914501785
2022-07-28,4.199999809265137,4.295000076293945,3.9100000858306885,4.110000133514404,2000200,4.81069999217987,10.001275032758713,-12.694622069708561,-58.00535636198152
2022-07-29,3.990000009536743,4.260000228881836,3.9800000190734863,4.195000171661377,2222700,4.765499992370605,9.949525032043457,-16.27321338947455,-59.89758308374981
2022-08-01,4.360000133514404,4.507999897003174,3.8399999141693115,4.0,2891900,4.737699995040893,9.895475032329559,-7.972219894080245,-55.939455970836924
2022-08-02,4.53000020980835,4.650000095367432,4.21999979019165,4.260000228881836,2320100,4.7113000011444095,9.842075033187866,-3.848190335831314,-53.973118529039766
2022-08-03,4.639999866485596,4.71999979019165,4.445000171661377,4.639999866485596,2099200,4.691099996566773,9.786325032711028,-1.0892995271594041,-52.58690212131434
2022-08-04,4.389999866485596,5.019999980926514,4.380000114440918,4.699999809265137,2375200,4.669699993133545,9.72687502861023,-5.989680858711011,-54.86731500535341
2022-08-05,4.659999847412109,4.71999979019165,4.389999866485596,4.389999866485596,1561500,4.6594999885559085,9.666675024032592,0.01072773596799692,-51.793146704251946
2022-08-08,4.940000057220459,5.019999980926514,4.739999771118164,4.860000133514404,2075000,4.652899990081787,9.603075025081635,6.170346832097406,-48.55814367462506
2022-08-09,4.679999828338623,4.880000114440918,4.565000057220459,4.880000114440918,1684300,4.633699989318847,9.538275027275086,0.9991980302242576,-50.93452626438246
2022-08-10,5.980000019073486,6.010000228881836,4.9019999504089355,5.0,6418700,4.6354999923706055,9.485975024700165,29.004423016195503,-36.95956395096557
2022-08-11,5.699999809265137,6.840000152587891,5.631999969482422,6.690000057220459,7078400,4.6316999912261965,9.422225019931794,23.06496146258641,-39.50473696810101
2022-08-12,6.019999980926514,6.019999980926514,5.425000190734863,5.610000133514404,3331500,4.640899991989135,9.361325016021729,29.716218649785688,-35.692864304749605
2022-08-15,5.96999979019165,6.179999828338623,5.889999866485596,5.925000190734863,2289500,4.643299989700317,9.304025013446807,28.572347326991455,-35.83422463328073
2022-08-16,5.579999923706055,6.0329999923706055,5.505000114440918,5.929999828338623,3113100,4.643499984741211,9.233375017642976,20.167975493533596,-39.567060657193224
2022-08-17,5.090000152587891,5.480000019073486,5.03000020980835,5.480000019073486,2601800,4.630099983215332,9.157525017261506,9.932834518471578,-44.41729459659156
2022-08-18,5.190000057220459,5.230000019073486,5.03000020980835,5.150000095367432,1688100,4.622899980545044,9.075075016021728,12.26719329991981,-42.81038946721988
2022-08-19,4.639999866485596,4.929999828338623,4.599999904632568,4.809999942779541,1966400,4.606499977111817,8.987725012302398,0.727230859442729,-48.37403391698829
2022-08-22,4.309999942779541,4.559999942779541,4.28000020980835,4.539999961853027,1645300,4.590499973297119,8.900025010108948,-6.110446185584206,-51.57317043621678
2022-08-23,4.349999904632568,4.599999904632568,4.230000019073486,4.329999923706055,1793400,4.579499969482422,8.811925013065338,-5.011465583125474,-50.63507805408154
2022-08-24,4.559999942779541,4.679999828338623,4.329999923706055,4.389999866485596,1634700,4.581499967575073,8.732325015068055,-0.4692791650703021,-47.78023109640287
2022-08-25,4.619999885559082,4.71999979019165,4.480000019073486,4.650000095367432,1419100,4.585299968719482,8.64412501335144,0.7567643791315692,-46.55329627436927
2022-08-26,4.300000190734863,4.699999809265137,4.269999980926514,4.650000095367432,1962300,4.583099975585937,8.558975014686585,-6.17703707881433,-49.76033715069418
2022-08-29,4.230000019073486,4.460000038146973,4.139999866485596,4.199999809265137,1403300,4.578699979782105,8.478525016307831,-7.615697954623634,-50.10924646754729
2022-08-30,4.269999980926514,4.409999847412109,4.139999866485596,4.300000190734863,1470000,4.571099977493287,8.39252501964569,-6.587035900533744,-49.12139110778866
2022-08-31,4.28000020980835,4.380000114440918,4.099999904632568,4.349999904632568,1389900,4.562099981307983,8.306825020313262,-6.183550835261475,-48.47610008225568
2022-09-01,4.079999923706055,4.210000038146973,3.9010000228881836,4.150000095367432,1855500,4.552299976348877,8.223775017261506,-10.374976497520393,-50.38774875112424
2022-09-02,4.059999942779541,4.269999980926514,4.019999980926514,4.119999885559082,2505900,4.537899971008301,8.152075018882751,-10.531303714977492,-50.19672987091859
2022-09-06,3.9700000286102295,4.197999954223633,3.799999952316284,4.039999961853027,3152600,4.518699975013733,8.079775017499923,-12.142871831224767,-50.864968145627365
2022-09-07,4.269999980926514,4.275000095367432,3.950000047683716,3.9700000286102295,1541700,4.513499970436096,8.015325018167495,-5.394926135028988,-46.72705135165257
2022-09-08,4.519999980926514,4.539999961853027,4.150000095367432,4.170000076293945,1692500,4.519699969291687,7.947925018072128,0.006637866160685846,-43.12981098023874
2022-09-09,4.809999942779541,4.954999923706055,4.710000038146973,4.71999979019165,2751800,4.535099968910218,7.884125019311905,6.0616078091743075,-38.99132838460064
2022-09-12,4.889999866485596,5.0,4.699999809265137,4.920000076293945,2632800,4.554499964714051,7.819325016736984,7.366338881783463,-37.46263448547379
2022-09-13,4.46999979019165,4.671000003814697,4.400000095367432,4.559999942779541,2125000,4.564899959564209,7.751275016069412,-2.0789101669956067,-42.33207077642383
2022-09-14,4.289999961853027,4.480000019073486,4.239999771118164,4.420000076293945,2351000,4.564299955368042,7.686425014734268,-6.009683767439777,-44.18731785414627
2022-09-15,4.050000190734863,4.320000171661377,4.000999927520752,4.289999961853027,3623700,4.564299955368042,7.617825013399124,-11.267878309100043,-46.83521630371861
2022-09-16,3.740000009536743,4.0,3.7200000286102295,4.0,4693400,4.5492999601364135,7.54762501001358,-17.789549110659276,-50.44798854507461
2022-09-19,3.5399999618530273,3.740000009536743,3.4739999771118164,3.630000114440918,3626100,4.528499960899353,7.483725011348724,-21.828420174039508,-52.69735383803146
2022-09-20,3.369999885559082,3.5299999713897705,3.319999933242798,3.4700000286102295,3008400,4.506499962806702,7.420475008487702,-25.21912984860637,-54.58511912371644
2022-09-21,3.259999990463257,3.5199999809265137,3.240000009536743,3.4000000953674316,4625900,4.4884999656677245,7.3685250103473665,-27.36994507299081,-55.75776718019752
2022-09-22,3.1600000858306885,3.309999942779541,3.0299999713897705,3.259999990463257,3139300,4.467899966239929,7.3142750096321105,-29.27325791293255,-56.796810597505434
2022-09-23,3.109999895095825,3.1600000858306885,3.000999927520752,3.069999933242798,2637500,4.446099967956543,7.254225009679795,-30.05105783698332,-57.12843355498423
2022-09-26,3.130000114440918,3.309999942779541,3.059999942779541,3.069999933242798,2477300,4.423499965667725,7.196225012540817,-29.241547671890935,-56.5049715790392
2022-09-27,3.2200000286102295,3.3299999237060547,3.125,3.25,3722300,4.402499966621399,7.145325014591217,-26.859737580387822,-54.935569452267316
2022-09-28,3.4000000953674316,3.4700000286102295,3.2019999027252197,3.2200000286102295,2777400,4.376499972343445,7.0952250146865845,-22.312347381397004,-52.08044722570904
2022-09-29,3.2100000381469727,3.375,3.1449999809265137,3.3299999237060547,2070600,4.342499976158142,7.0500750160217285,-26.079446038664223,-54.46856904569029
2022-09-30,3.180000066757202,3.440000057220459,3.1700000762939453,3.1700000762939453,2351200,4.308799982070923,7.0054250180721285,-26.197547345216744,-54.606607614046965
2022-10-03,3.180000066757202,3.246000051498413,3.0799999237060547,3.240000009536743,2303200,4.286599984169007,6.958775017261505,-25.815329666836828,-54.30230092409811
2022-10-04,3.450000047683716,3.4600000381469727,3.2939999103546143,3.299999952316284,3276500,4.27439998626709,6.918175019025803,-19.286916087217598,-50.13135634476136
2022-10-05,3.3299999237060547,3.4049999713897705,3.1649999618530273,3.3299999237060547,2451700,4.26479998588562,6.876275018453598,-21.91896607750168,-51.57261868134331
2022-10-06,3.25,3.450000047683716,3.2300000190734863,3.299999952316284,1677200,4.248399982452392,6.838425019979477,-23.500611679130667,-52.47443686953295
2022-10-07,3.0199999809265137,3.190000057220459,3.0,3.180000066757202,2385800,4.22479998588562,6.796575018167496,-28.517326476617832,-55.565855260128195
2022-10-10,2.9100000858306885,3.0199999809265137,2.809999942779541,3.0199999809265137,2491800,4.203199987411499,6.75482501745224,-30.767032390890712,-56.91968217811405
2022-10-11,3.0,3.109999895095825,2.7750000953674316,2.9100000858306885,2499700,4.175999984741211,6.71027501821518,-28.160919277735307,-55.29244342658926
2022-10-12,3.009999990463257,3.0399999618530273,2.9000000953674316,3.0250000953674316,1561400,4.145599980354309,6.664175020456314,-27.392898380754925,-54.83311915992935
2022-10-13,3.0399999618530273,3.059999942779541,2.759999990463257,2.869999885559082,3496900,4.113599982261658,6.62432501912117,-26.098794852151975,-54.108532521003404
2022-10-14,2.8299999237060547,3.180000066757202,2.819999933242798,3.119999885559082,2336400,4.0823999834060665,6.589225016832351,-30.678034116958266,-57.05109604730838
2022-10-17,3.119999885559082,3.140000104904175,2.9200000762939453,2.950000047683716,2498500,4.051599984169006,6.554375015497207,-22.993387852947134,-52.398209162854826
2022-10-18,3.0399999618530273,3.2690000534057617,3.0,3.259999990463257,1898800,4.013599982261658,6.521975013017655,-24.25752503267673,-53.388353132520685
2022-10-19,2.940000057220459,3.0199999809265137,2.9149999618530273,3.0199999809265137,1198500,3.9787999868392943,6.488725012540817,-26.108372701690996,-54.69063565587546
2022-10-20,2.890000104904175,3.0950000286102295,2.880000114440918,2.9000000953674316,1594000,3.9169999885559084,6.45517501115799,-26.219042293905147,-55.22971724378175
2022-10-21,2.9200000762939453,2.940000057220459,2.7699999809265137,2.880000114440918,1923100,3.8613999938964843,6.426925013065338,-24.37975654142438,-54.56614056710079
2022-10-24,2.9200000762939453,2.950000047683716,2.752000093460083,2.9200000762939453,1852000,3.799399995803833,6.400025012493134,-23.145757763886987,-54.375177118933514
2022-10-25,3.4600000381469727,3.559999942779541,2.950000047683716,2.950000047683716,5564100,3.7492000007629396,6.376625010967254,-7.713644579033296,-45.73932084455231
2022-10-26,3.700000047683716,3.880000114440918,3.3499999046325684,3.4100000858306885,5312300,3.7116000032424927,6.355025008916855,-0.31253248056479777,-41.77835582877839
2022-10-27,3.640000104904175,3.7799999713897705,3.5299999713897705,3.7300000190734863,3627900,3.6826000022888183,6.331925008296967,-1.1567886101712554,-42.51353103306591
2022-10-28,3.6600000858306885,3.680000066757202,3.490000009536743,3.640000104904175,2527500,3.652000002861023,6.307875007390976,0.21906032210838866,-41.977288999191586
2022-10-31,3.4800000190734863,3.6700000762939453,3.4600000381469727,3.559999942779541,7501100,3.628800005912781,6.284425007104874,-4.100528731173925,-44.62500522897221
2022-11-01,3.259999990463257,3.63700008392334,3.2200000286102295,3.559999942779541,4097900,3.607800006866455,6.259825005531311,-9.640224395511298,-47.92186702371626
2022-11-02,2.990000009536743,3.2850000858306885,2.9800000190734863,3.2699999809265137,3544800,3.5806000089645384,6.237625006437302,-16.494442214968007,-52.0650887725532
2022-11-03,2.890000104904175,3.130000114440918,2.869999885559082,2.9800000190734863,3358200,3.547200012207031,6.216425006389618,-18.5272864524477,-53.510255461400114
2022-11-04,3.0299999713897705,3.140000104904175,2.890000104904175,3.049999952316284,3740700,3.515400013923645,6.196775006055832,-13.80781818886394,-51.10359875211401
2022-11-07,3.130000114440918,3.1500000953674316,2.930000066757202,3.009999990463257,2265800,3.492000012397766,6.180425006151199,-10.366549160126793,-49.35623179108688
2022-11-08,2.9200000762939453,3.055000066757202,2.809999942779541,3.0,4232900,3.465800013542175,6.162075005769729,-15.74816593904973,-52.613363622483256
2022-11-09,2.484999895095825,2.890000104904175,2.4800000190734863,2.819999933242798,4110700,3.4301000118255613,6.142650005817413,-27.553135869841206,-59.5451491987595
2022-11-10,2.7200000286102295,2.75,2.569999933242798,2.740000009536743,3913300,3.398900008201599,6.125850006341934,-19.974108622000454,-55.59799822401325
2022-11-11,2.640000104904175,2.7699999809265137,2.5399999618530273,2.5899999141693115,4743900,3.3701000118255617,6.111150007247925,-21.664042739369517,-56.80027324197425
2022-11-14,2.509999990463257,2.7049999237060547,2.4800000190734863,2.630000114440918,3334600,3.3391000127792356,6.093400007486343,-24.83004459713363,-58.80789071159822
2022-11-15,2.5899999141693115,2.7049999237060547,2.572999954223633,2.5999999046325684,2486800,3.3115000104904175,6.072750008106231,-21.787712336871024,-57.35046048804839
2022-11-16,2.4000000953674316,2.555000066757202,2.3399999141693115,2.549999952316284,2990000,3.2741000127792357,6.048600008487702,-26.69741040286121,-60.321395165829614
2022-11-17,2.3399999141693115,2.4100000858306885,2.299999952316284,2.359999895095825,1987900,3.2305000114440916,6.026750007867813,-27.565395267610924,-61.17310472286914
2022-11-18,2.2799999713897705,2.4100000858306885,2.259999990463257,2.4100000858306885,2598700,3.1799000120162964,6.006650006771087,-28.299633234565803,-62.042070558137965
2022-11-21,2.0199999809265137,2.257999897003174,2.009999990463257,2.2200000286102295,3351200,3.122500014305115,5.98260000705719,-35.308247504490495,-66.23541639849425
2022-11-22,2.1500000953674316,2.200000047683716,2.0199999809265137,2.0799999237060547,2073000,3.07610002040863,5.957950007915497,-30.106300799613628,-63.91376073127457
2022-11-23,2.200000047683716,2.25,2.0950000286102295,2.1500000953674316,2758200,3.0343000221252443,5.931350008249283,-27.495632216921617,-62.908949149452155
2022-11-25,2.2200000286102295,2.240000009536743,2.180999994277954,2.2200000286102295,817200,2.9977000188827514,5.900750007629394,-25.943222649822452,-62.37766342007587
2022-11-28,2.0899999141693115,2.2200000286102295,2.049999952316284,2.1500000953674316,2559800,2.964700016975403,5.864650005102158,-29.503831679350256,-64.36275118973779
2022-11-29,2.059999942779541,2.140000104904175,2.0299999713897705,2.0899999141693115,1543000,2.935100016593933,5.83145000576973,-29.815000131747162,-64.67431015028262
2022-11-30,2.25,2.2899999618530273,2.0899999141693115,2.119999885559082,3343200,2.9127000188827514,5.799650007486344,-22.752086194476995,-61.20455549738968
2022-12-01,2.299999952316284,2.3499999046325684,2.1600000858306885,2.2699999809265137,2056900,2.893500018119812,5.76010000705719,-20.51149341928058,-60.07013854797039
2022-12-02,2.2799999713897705,2.309999942779541,2.130000114440918,2.2200000286102295,2229100,2.8759000158309935,5.717900005578994,-20.720471544941287,-60.125221337114
2022-12-05,2.0999999046325684,2.3399999141693115,2.0799999237060547,2.3399999141693115,2804200,2.8557000160217285,5.677000006437302,-26.462867498313948,-63.00863304119566
2022-12-06,2.069999933242798,2.109999895095825,2.0,2.0999999046325684,2779200,2.834500012397766,5.6427000045776365,-26.9712498081191,-63.315435313528766
2022-12-07,2.049999952316284,2.0789999961853027,1.9700000286102295,2.049999952316284,2024900,2.811100010871887,5.609200004339218,-27.074812550676242,-63.45289968747012
2022-12-08,2.109999895095825,2.130000114440918,2.0299999713897705,2.0899999141693115,2018400,2.7853000068664553,5.577700004577637,-24.24514810274828,-62.170789153878104
2022-12-09,2.130000114440918,2.25,2.0899999141693115,2.134999990463257,2883800,2.763700008392334,5.54095000743866,-22.92940232395354,-61.558936435423206
2022-12-12,2.299999952316284,2.319999933242798,2.0999999046325684,2.119999885559082,2378300,2.7461000061035157,5.505050009489059,-16.24485826429205,-58.22018059142473
2022-12-13,2.240000009536743,2.505000114440918,2.1600000858306885,2.450000047683716,2957600,2.7273000049591065,5.463250007629394,-17.86748779145293,-58.998764354393494
2022-12-14,2.2799999713897705,2.390000104904175,2.2200000286102295,2.2300000190734863,2914200,2.7039000034332275,5.421250005960465,-15.677356096942107,-57.94327933810478
2022-12-15,1.899999976158142,2.109999895095825,1.8700000047683716,2.0399999618530273,6519000,2.6753000044822692,5.376000006794929,-28.979928494941454,-64.65773858339546
2022-12-16,1.8899999856948853,1.909999966621399,1.75,1.8600000143051147,4838700,2.648100004196167,5.335050007104874,-28.628073611268455,-64.57390309035706
2022-12-19,1.7799999713897705,1.8799999952316284,1.7400000095367432,1.8799999952316284,2335600,2.623300004005432,5.297300007343292,-32.1465341870184,-66.39797691423412
2022-12-20,1.909999966621399,2.0,1.7699999809265137,1.809999942779541,3797600,2.603300001621246,5.26135000526905,-26.63158431867567,-63.697530772356835
2022-12-21,2.0899999141693115,2.0999999046325684,1.8109999895095825,1.9700000286102295,2565700,2.5850999999046325,5.221300002932549,-19.152067067176738,-59.97165623512419
2022-12-22,2.0399999618530273,2.049999952316284,1.8799999952316284,2.049999952316284,2011400,2.565699999332428,5.175550004839897,-20.489536485800485,-60.58390006964808
2022-12-23,1.9700000286102295,2.0460000038146973,1.8600000143051147,2.0,2383300,2.544300000667572,5.129950004220009,-22.572022635171084,-61.598065731836286
2022-12-27,1.8799999952316284,1.9600000381469727,1.8600000143051147,1.940000057220459,1979400,2.5253000020980836,5.089700002670288,-25.553399846763693,-63.062656065282916
2022-12-28,1.809999942779541,1.9299999475479126,1.7699999809265137,1.8799999952316284,2236800,2.499100003242493,5.051000001430512,-27.573928997193754,-64.16551292284845
2022-12-29,1.9500000476837158,1.9500000476837158,1.7999999523162842,1.8799999952316284,2154500,2.4773000049591065,5.01240000128746,-21.285268486652065,-61.09647978647258
2022-12-30,2.0399999618530273,2.069999933242798,1.8799999952316284,1.8899999856948853,1736600,2.4593000030517578,4.971299999952317,-17.049568604010034,-58.96445674426016
2023-01-03,2.009999990463257,2.1500000953674316,1.9600000381469727,2.0999999046325684,1764300,2.4417000007629395,4.925449998378753,-17.68030512203762,-59.1915461303056
2023-01-04,2.190000057220459,2.2300000190734863,1.9800000190734863,2.0299999713897705,3258400,2.42710000038147,4.876599998474121,-9.768857612943249,-55.091661036260795
2023-01-05,2.1600000858306885,2.190000057220459,2.0399999618530273,2.180000066757202,2287600,2.4119000005722047,4.8279999983310695,-10.44404472331999,-55.26097583725452
2023-01-06,2.0999999046325684,2.1549999713897705,2.0,2.130000114440918,2329300,2.3846999979019166,4.775299996137619,-11.938612551676531,-56.02370727847254
2023-01-09,2.2100000381469727,2.4000000953674316,2.190000057220459,2.200000047683716,4640000,2.3548999977111817,4.723949998617172,-6.153125810227311,-53.21711621008056
2023-01-10,2.450000047683716,2.4700000286102295,2.0999999046325684,2.180000066757202,3825600,2.3310999965667722,4.670499997138977,5.100598485352781,-47.543088551878384
2023-01-11,2.4000000953674316,2.5399999618530273,2.3450000286102295,2.430000066757202,3026500,2.3058999967575073,4.619099996089935,4.0808403982065755,-48.04182422118962
2023-01-12,2.6700000762939453,2.740000009536743,2.359999895095825,2.490000009536743,6196000,2.2896999979019164,4.565349996089935,16.60916621131603,-41.51598281444559
2023-01-13,2.5799999237060547,2.805000066757202,2.4700000286102295,2.5399999618530273,4806700,2.2760999965667725,4.512799994945526,13.351782768669175,-42.82928721424098
2023-01-17,2.7200000286102295,3.0299999713897705,2.630000114440918,2.8450000286102295,6358000,2.270699996948242,4.464149996042251,19.786851291048315,-39.07014703758431
2023-01-18,2.5299999713897705,2.890000104904175,2.5199999809265137,2.7899999618530273,4017800,2.263499994277954,4.414949996471405,11.773800653214872,-42.6947083565648
2023-01-19,2.490000009536743,2.630000114440918,2.4200000762939453,2.5350000858306885,4313500,2.2526999950408935,4.363699997663498,10.534026502341343,-42.938331900222515
2023-01-20,2.640000104904175,2.6700000762939453,2.4700000286102295,2.5399999618530273,4531100,2.2428999948501587,4.310750000476837,17.704762181362675,-38.75775434408979
2023-01-23,2.8299999237060547,2.9100000858306885,2.6600000858306885,2.740000009536743,5143800,2.241099991798401,4.264849998950958,26.277271610495312,-33.643623470880314
2023-01-24,2.799999952316284,2.950000047683716,2.740000009536743,2.799999952316284,3290700,2.24739999294281,4.222849999666214,24.588411547064393,-33.694070295236536
2023-01-25,2.799999952316284,2.819999933242798,2.5799999237060547,2.693000078201294,4479900,2.248999991416931,4.181149997711182,24.499776033889976,-33.03277916723767
2023-01-26,2.8499999046325684,2.9609999656677246,2.691999912261963,2.9100000858306885,4590200,2.253199987411499,4.143349997997284,26.48677083948858,-31.215081853810677
2023-01-27,2.9200000762939453,2.9579999446868896,2.7750000953674316,2.7799999713897705,4073100,2.2613999891281127,4.107899997234345,29.12355577660355,-28.91744983422567
2023-01-30,2.799999952316284,3.1470000743865967,2.7799999713897705,2.880000114440918,4259000,2.265599989891052,4.073049994707108,23.58756906822419,-31.255448473383364
2023-01-31,3.1700000762939453,3.190000057220459,2.809999942779541,2.869999885559082,7690400,2.2809999895095827,4.038249994516373,38.974138135594586,-21.500648038171065
2023-02-01,3.240000009536743,3.3299999237060547,2.9200000762939453,3.109999895095825,5052600,2.298999991416931,4.0063999962806705,40.930840436404296,-19.129392658132303
2023-02-02,3.640000104904175,3.7200000286102295,3.3499999046325684,3.4100000858306885,6368500,2.326199994087219,3.97799999833107,56.478381659203805,-8.496729350646037
2023-02-03,3.509999990463257,3.8410000801086426,3.359999895095825,3.4200000762939453,5461000,2.355999994277954,3.947999997138977,48.981324235485445,-11.094225101143074
2023-02-06,3.4800000190734863,3.569999933242798,3.3499999046325684,3.450000047683716,4178400,2.382599992752075,3.9203499960899353,46.05892846720925,-11.232414898048482
2023-02-07,3.5399999618530273,3.559999942779541,3.2799999713897705,3.5,4357800,2.4093999910354613,3.8956999945640565,46.92454449340644,-9.130580722523874
2023-02-08,3.4200000762939453,3.6700000762939453,3.3499999046325684,3.5299999713897705,3441300,2.433399991989136,3.8731999945640565,40.544098280296794,-11.700917042914549
2023-02-09,3.240000009536743,3.5199999809265137,3.180000066757202,3.5199999809265137,4852700,2.4563999938964844,3.8499999940395355,31.900342679828242,-15.844155466160458
2023-02-10,2.9549999237060547,3.180000066757202,2.8499999046325684,3.1600000858306885,3580500,2.4742999935150145,3.8295749938488006,19.427714159597652,-22.837392440349635
2023-02-13,2.940000057220459,2.9700000286102295,2.8399999141693115,2.9600000381469727,2178000,2.4880999946594238,3.810324994325638,18.162455830996137,-22.84122583772441
2023-02-14,3.2799999713897705,3.2899999618530273,2.8299999237060547,2.9000000953674316,3891700,2.5076999950408934,3.7915249943733214,30.797143911797285,-13.491273926524594
2023-02-15,3.559999942779541,3.609999895095825,3.2300000190734863,3.2799999713897705,6367900,2.533299994468689,3.7768749952316285,40.52816289237715,-5.742182431928411
2023-02-16,3.390000104904175,3.680000066757202,3.3450000286102295,3.4600000381469727,6799400,2.559099998474121,3.759824994802475,32.46845011627069,-9.836226165035356
2023-02-17,3.380000114440918,3.450000047683716,3.25,3.3299999237060547,3889500,2.5853000020980836,3.741974996328354,30.739183526008617,-9.673364526556371
2023-02-21,3.119999885559082,3.3989999294281006,3.109999895095825,3.309999942779541,3789900,2.6067000007629395,3.719024995565414,19.691559621203346,-16.1070471621087
2023-02-22,2.9700000286102295,3.1449999809265137,2.940000057220459,3.0999999046325684,3895500,2.6239000034332274,3.6993749952316284,13.190290206339771,-19.71616739480423
2023-02-23,2.940000057220459,3.049999952316284,2.930000066757202,3.0399999618530273,2784000,2.6401000022888184,3.6813749957084654,11.359420274673093,-20.13853354663023
2023-02-24,2.75,2.9059998989105225,2.7300000190734863,2.859999895095825,3479400,2.6491000032424927,3.6669249963760375,3.8088406113021778,-25.00528364453103
2023-02-27,2.799999952316284,2.9000000953674316,2.7799999713897705,2.8299999237060547,2644700,2.6603000020980834,3.6524249970912934,5.2512855733573005,-23.338605048806226
2023-02-28,2.759999990463257,2.930000066757202,2.759999990463257,2.802000045776367,2970800,2.669900002479553,3.641124997138977,3.374657773700407,-24.199251807286657
2023-03-01,2.5799999237060547,2.8550000190734863,2.559999942779541,2.8499999046325684,3132700,2.6835000014305113,3.6283249974250795,-3.8569061922594794,-28.892810717424478
2023-03-02,2.5399999618530273,2.5899999141693115,2.444999933242798,2.509999990463257,4186500,2.6965000009536744,3.6094249963760374,-5.803821214362969,-29.6286814547121
2023-03-03,2.549999952316284,2.5999999046325684,2.450000047683716,2.4800000190734863,2890200,2.7119000005722045,3.592674995660782,-5.969985922112164,-29.02224789617308
2023-03-06,2.4700000286102295,2.680000066757202,2.4600000381469727,2.5999999046325684,3242400,2.7231000018119813,3.573774995803833,-9.294553010661977,-30.885407405043875
2023-03-07,2.380000114440918,2.484999895095825,2.3499999046325684,2.4800000190734863,2912700,2.7289000058174135,3.5569249963760377,-12.78536738732522,-33.08826818485704
2023-03-08,2.380000114440918,2.434999942779541,2.319999933242798,2.369999885559082,2141200,2.735700008869171,3.5395749974250794,-13.002152768032682,-32.76028573565224
2023-03-09,2.134999990463257,2.380000114440918,2.130000114440918,2.3399999141693115,2829400,2.7390000081062316,3.5219999969005586,-22.051844317466273,-39.38103372112135
2023-03-10,2.0799999237060547,2.25,2.0350000858306885,2.119999885559082,2987000,2.7430000066757203,3.505099996328354,-24.17061907969751,-40.65790060526414
2023-03-13,2.2799999713897705,2.4000000953674316,2.049999952316284,2.130000114440918,6896400,2.7524000072479247,3.490649995803833,-17.163204280416288,-34.68265296920071
2023-03-14,2.430000066757202,2.5999999046325684,2.390000104904175,2.4700000286102295,6862200,2.7620000076293945,3.4764499962329865,-12.020272988961555,-30.101106893805373
2023-03-15,2.2899999618530273,2.440000057220459,2.2100000381469727,2.4000000953674316,3880100,2.7670000076293944,3.4596999967098236,-17.23888848793438,-33.80929086247887
2023-03-16,2.299999952316284,2.3399999141693115,2.2200000286102295,2.259999990463257,3637100,2.772800006866455,3.441749997138977,-17.051357955112056,-33.17353223714085
2023-03-17,2.450000047683716,2.5299999713897705,2.3399999141693115,2.430000066757202,10747500,2.77800000667572,3.424549998044968,-11.80705393102226,-28.457752140211422
2023-03-20,2.5899999141693115,2.7049999237060547,2.5,2.5999999046325684,7258100,2.7866000032424925,3.4096999979019165,-7.0551958962325685,-24.040240614628537
2023-03-21,2.9700000286102295,3.0,2.5299999713897705,2.630000114440918,5364600,2.8040000057220458,3.395299998521805,5.920114926869902,-12.52613819387789
2023-03-22,2.680000066757202,3.119999885559082,2.6700000762939453,2.950000047683716,6903300,2.8134000062942506,3.380849997997284,-4.741591641380561,-20.729991914910293
2023-03-23,2.869999885559082,3.059999942779541,2.7300000190734863,2.740000009536743,5971500,2.8218000030517576,3.3663999962806703,1.7081253970939292,-14.745725738772297
2023-03-24,2.690000057220459,2.8499999046325684,2.680000066757202,2.799999952316284,3982500,2.8276000022888184,3.352099995613098,-4.866315778645436,-19.75179556872203
2023-03-27,2.5799999237060547,2.740000009536743,2.4200000762939453,2.700000047683716,5639900,2.8257999992370606,3.3376999950408934,-8.698424361149748,-22.70126351860918
2023-03-28,2.505000114440918,2.571000099182129,2.450000047683716,2.5299999713897705,2439600,2.824300003051758,3.3246749949455263,-11.305452263067838,-24.654285960304477
2023-03-29,2.700000047683716,2.7200000286102295,2.5799999237060547,2.609999895095825,4189400,2.8239000034332276,3.3136749947071076,-4.387547561842742,-18.519466996721377
2023-03-30,2.6700000762939453,2.7750000953674316,2.630000114440918,2.7300000190734863,2948300,2.826700005531311,3.3047249948978425,-5.543564189009587,-19.20658813014238
2023-03-31,2.7799999713897705,2.809999942779541,2.640000104904175,2.6700000762939453,4275800,2.8325000047683715,3.296474995613098,-1.8534874948003432,-15.667494062920095
2023-04-03,2.700000047683716,2.7950000762939453,2.619999885559082,2.700000047683716,3725000,2.8337000036239623,3.287924996614456,-4.718211376266379,-17.881336999357366
2023-04-04,2.6500000953674316,2.7750000953674316,2.569999933242798,2.7100000381469727,4282700,2.83010000705719,3.2789249980449675,-6.36372959403052,-19.18082612601775
2023-04-05,2.490000009536743,2.640000104904175,2.4100000858306885,2.640000104904175,4265400,2.823900008201599,3.268124997615814,-11.824073008785463,-23.809523462129945
2023-04-06,2.440000057220459,2.5299999713897705,2.4100000858306885,2.4800000190734863,2628500,2.8167000102996824,3.2566749978065492,-13.37380451243526,-25.076955518623777
2023-04-10,2.7100000381469727,2.7249999046325684,2.380000114440918,2.4200000762939453,3622100,2.8139000129699707,3.247374997138977,-3.6923833236467862,-16.547979813401458
2023-04-11,3.0999999046325684,3.130000114440918,2.865000009536743,2.9200000762939453,9950600,2.8175000095367433,3.238974995613098,10.026615586144194,-4.2907120668964405
2023-04-12,3.259999990463257,3.430000066757202,3.0399999618530273,3.0999999046325684,13644600,2.8267000102996827,3.2306249964237215,15.328827911867315,0.9092665992510129
2023-04-13,3.940000057220459,4.110000133514404,3.430000066757202,3.440000057220459,20867800,2.8421000099182128,3.2276749956607818,38.629887881174184,22.069293299892713
2023-04-14,4.130000114440918,4.340000152587891,3.753000020980835,4.329999923706055,14877000,2.8599000120162965,3.2272749960422518,44.41064712360945,27.971744567962674
2023-04-17,4.389999866485596,4.590000152587891,3.75,3.8299999237060547,11842500,2.8749000072479247,3.2290249955654144,52.700958482658365,35.954347597637295
2023-04-18,5.03000020980835,5.15500020980835,4.635000228881836,4.679999828338623,16632700,2.905300011634827,3.2345749962329866,73.13186898649904,55.50729897023041
2023-04-19,4.460000038146973,4.820000171661377,4.380000114440918,4.659999847412109,10296900,2.9249000120162965,3.237124996185303,52.48384627932789,37.7765777782054
2023-04-20,3.9000000953674316,4.429999828338623,3.865000009536743,4.289999961853027,10304800,2.9321000146865845,3.235024995803833,33.01047289767525,20.55548567402543
2023-04-21,3.869999885559082,4.179999828338623,3.7799999713897705,3.9600000381469727,8146600,2.941100010871887,3.234124994277954,31.583416791454955,19.661419778337663
2023-04-24,3.740000009536743,4.0,3.609999895095825,3.9000000953674316,7026700,2.9511000108718872,3.230374995470047,26.732404722257442,15.776032651978266
2023-04-25,3.6700000762939453,3.8399999141693115,3.5450000762939453,3.7300000190734863,7484400,2.965400013923645,3.2258249962329866,23.760708810344088,13.769348324216345
2023-04-26,3.819999933242798,4.284999847412109,3.809999942779541,4.21999979019165,14530800,2.983000011444092,3.222574996948242,28.058998276487035,18.53874422970183
2023-04-27,3.9700000286102295,4.050000190734863,3.759999990463257,3.9149999618530273,9754600,2.996800012588501,3.221624997854233,32.47464001380334,23.229737516143345
2023-04-28,3.9100000858306885,4.0320000648498535,3.7799999713897705,3.880000114440918,7273300,3.003800015449524,3.220224997997284,30.16845548040088,21.420089846591097
2023-05-01,3.4200000762939453,3.819999933242798,3.4000000953674316,3.819999933242798,6087500,3.0044000148773193,3.216324999332428,13.833046843251218,6.332540306212575
2023-05-02,3.809999942779541,3.9000000953674316,3.3299999237060547,3.4000000953674316,6171200,3.013000011444092,3.2140749979019163,26.45203877558093,18.541102658358398
2023-05-03,3.7899999618530273,4.010000228881836,3.559999942779541,3.640000104904175,7232700,3.0264000129699706,3.211674997806549,25.23129611454418,18.006957878410866
2023-05-04,3.990000009536743,4.197999954223633,3.809999942779541,3.869999885559082,6731200,3.046800012588501,3.2081249988079072,30.95706948441681,24.37171279234349
2023-05-05,4.199999809265137,4.289999961853027,3.950000047683716,4.0,5793200,3.0720000076293945,3.204574998617172,36.71874345163817,31.062615513055782
2023-05-08,4.239999771118164,4.380000114440918,3.8949999809265137,4.050000190734863,9014700,3.101800003051758,3.2014499986171723,36.694814847719684,32.43998103826644
2023-05-09,4.269999980926514,4.449999809265137,4.215000152587891,4.25,5812900,3.1312000036239622,3.20134999871254,36.36944225806518,33.38122925152651
2023-05-10,4.900000095367432,5.119999885559082,4.349999904632568,4.409999847412109,13531000,3.174000005722046,3.2055499994754793,54.379334799425806,52.859886639397715
2023-05-11,4.21999979019165,4.699999809265137,4.179999828338623,4.650000095367432,7563400,3.206800003051758,3.20759999871254,31.59535319245599,31.562532481776586
2023-05-12,4.28000020980835,4.409999847412109,4.099999904632568,4.099999904632568,7324900,3.2416000080108645,3.2086499989032746,32.03356981834031,33.38943827688483
2023-05-15,4.599999904632568,4.650000095367432,4.329999923706055,4.420000076293945,7501300,3.28260000705719,3.2106499993801116,40.13281833738893,43.2731660417891
2023-05-16,4.289999961853027,4.630000114440918,4.21999979019165,4.420000076293945,6297200,3.319000005722046,3.212149999141693,29.255798567549007,33.55540566285331
2023-05-17,4.480000019073486,4.510000228881836,4.130000114440918,4.21999979019165,7320200,3.361000003814697,3.2127499985694885,33.29366301662413,39.44440186968343
2023-05-18,4.210000038146973,4.579999923706055,4.099999904632568,4.360000133514404,6830500,3.397600002288818,3.2111499977111815,23.910997036463243,31.105679932352693
2023-05-19,4.21999979019165,4.400000095367432,4.130000114440918,4.309999942779541,5462600,3.4392999982833863,3.209049997329712,22.699380463987584,31.503086387035474
2023-05-22,4.429999828338623,4.559999942779541,4.159999847412109,4.21999979019165,6552300,3.4862999963760375,3.209249997138977,27.06880741598683,38.03847728559433
2023-05-23,4.510000228881836,5.090000152587891,4.460000038146973,4.53000020980835,12798300,3.530900001525879,3.208499999046326,27.72948049882009,40.56413371427021
2023-05-24,4.46999979019165,4.579999923706055,4.250999927520752,4.400000095367432,6925700,3.571699995994568,3.2061499977111816,25.150482829030096,39.41954660208382
2023-05-25,4.25,4.579999923706055,4.170000076293945,4.53000020980835,5776900,3.6108999967575075,3.2039999985694885,17.6991886736378,32.646691694679355
2023-05-26,4.230000019073486,4.479000091552734,4.21999979019165,4.28000020980835,5374000,3.6494999980926512,3.1952499985694884,15.90628911588501,32.38400816735012
2023-05-30,4.46999979019165,4.710000038146973,4.340000152587891,4.510000228881836,8455200,3.6898999929428102,3.1890999984741213,21.141488895114648,40.164930304173495
2023-05-31,4.289999961853027,4.389999866485596,4.179999828338623,4.239999771118164,6729900,3.7238999938964845,3.1804499983787538,15.20180372417055,34.886571524151336
2023-06-01,4.320000171661377,4.489999771118164,4.269999980926514,4.340000152587891,8608800,3.750899996757507,3.1722000002861024,15.172363310027803,36.18309599873128
2023-06-02,4.150000095367432,4.489999771118164,4.059999942779541,4.460000038146973,7888900,3.780299997329712,3.1650500011444094,9.779649718246297,31.119574536480844
2023-06-05,3.9200000762939453,4.150000095367432,3.8299999237060547,4.079999923706055,7992200,3.8013000011444094,3.1592000007629393,3.1226179231789164,24.082048472628337
2023-06-06,4.099999904632568,4.139999866485596,3.615000009536743,3.7799999713897705,9614700,3.8294999980926514,3.15375,7.063582887443376,30.003960511536043
2023-06-07,3.9100000858306885,4.230000019073486,3.880000114440918,4.090000152587891,6755100,3.856100001335144,3.1501000010967255,1.397787517877691,24.12304639438112
2023-06-08,3.9000000953674316,4.074999809265137,3.890000104904175,3.9600000381469727,3947500,3.8840000009536744,3.148050001859665,0.4119488776989755,23.886218232352196
2023-06-09,3.799999952316284,3.990000009536743,3.7899999618530273,3.9600000381469727,3873400,3.9059999990463257,3.1453000020980837,-2.7137748785438287,20.815182964470182
2023-06-12,3.759999990463257,3.884999990463257,3.740000009536743,3.7799999713897705,6384100,3.927799997329712,3.141300002336502,-4.272111792365518,19.695667006225626
2023-06-13,3.880000114440918,4.070000171661377,3.740000009536743,3.8299999237060547,7801000,3.9498000001907347,3.137600003480911,-1.7671751923248324,23.66140075651373
2023-06-14,3.880000114440918,4.0,3.7899999618530273,3.890000104904175,5644800,3.973400001525879,3.1355000030994415,-2.3506288581339185,23.744222950264326
2023-06-15,3.869999885559082,3.9200000762939453,3.5999999046325684,3.7300000190734863,7640500,3.997799997329712,3.1337000024318695,-3.1967610149580383,23.496182868679718
2023-06-16,3.880000114440918,3.9800000190734863,3.640000104904175,3.950000047683716,15623100,4.025599999427795,3.1317500030994414,-3.6168492897350246,23.892395963948143
2023-06-20,4.409999847412109,4.429999828338623,3.8499999046325684,3.990000009536743,11695900,4.064999995231628,3.1324000012874604,8.4870812444078,40.786612361114074
2023-06-21,4.78000020980835,5.079999923706055,4.53000020980835,4.559999942779541,18021400,4.106399998664856,3.135900002717972,16.403667722640414,52.428336543429
2023-06-22,4.679999828338623,4.989999771118164,4.46999979019165,4.820000171661377,11205300,4.137999997138977,3.1390000021457674,13.098110961198305,49.092061966851055
2023-06-23,4.590000152587891,4.989999771118164,4.489999771118164,4.619999885559082,15097500,4.16460000038147,3.1421000027656554,10.214670128402602,46.08065142891071
2023-06-26,4.21999979019165,4.703000068664551,4.210000038146973,4.590000152587891,7296100,4.1701999950408934,3.141850001811981,1.1941824183486993,34.315762616225285
2023-06-27,4.449999809265137,4.5,4.239999771118164,4.349999904632568,9207800,4.176599988937378,3.141500000953674,6.5459900649312175,41.65207091880432
2023-06-28,4.230000019073486,4.554999828338623,4.199999809265137,4.309999942779541,7284400,4.173399991989136,3.138600001335144,1.3562090188574016,34.77346642688035
2023-06-29,4.260000228881836,4.554999828338623,4.210000038146973,4.329999923706055,9911000,4.1579999923706055,3.1354500031471253,2.4531081457043635,35.86567237895591
2023-06-30,4.289999961853027,4.559999942779541,4.110000133514404,4.380000114440918,10431500,4.154599990844726,3.134550004005432,3.259037483913607,36.86174909863054
2023-07-03,4.869999885559082,4.989999771118164,4.329999923706055,4.329999923706055,11507800,4.1739999866485595,3.1374500036239623,16.67465024285646,55.22159333005816
2023-07-05,5.289999961853027,5.380000114440918,4.630000114440918,4.699999809265137,19276300,4.202399988174438,3.143650002479553,25.880448713570757,68.27572909454109
2023-07-06,5.389999866485596,5.53000020980835,5.039999961853027,5.429999828338623,16068900,4.235399985313416,3.1519000017642975,27.26070466014654,71.00795911889675
2023-07-07,6.0,6.25,5.409999847412109,5.409999847412109,16438300,4.281999983787537,3.1642000019550323,40.12143911062906,89.62138917555276
2023-07-10,6.329999923706055,6.409999847412109,5.78000020980835,6.039999961853027,14671200,4.3321999835968015,3.1790000021457674,46.11513659742419,99.11921734612832
2023-07-11,6.420000076293945,6.550000190734863,6.170000076293945,6.340000152587891,11740000,4.381199984550476,3.1948000025749206,46.5351980948812,100.95154848878182
2023-07-12,6.619999885559082,6.849999904632568,6.329999923706055,6.639999866485596,12638100,4.435399980545044,3.2121000015735626,49.25372941778261,106.09569696821511
2023-07-13,7.46999979019165,7.548999786376953,6.679999828338623,6.71999979019165,19282700,4.516399974822998,3.233900001049042,65.3972153005427,130.99043841084955
2023-07-14,6.900000095367432,7.519999980926514,6.730000019073486,7.5,15987000,4.578199977874756,3.2527500009536743,50.714257321945944,112.12820208575573
2023-07-17,6.829999923706055,7.598999977111816,6.760000228881836,7.03000020980835,16768300,4.638999977111816,3.2708000004291535,47.23000554870291,108.81741233979172
2023-07-18,6.519999980926514,6.991000175476074,6.5,6.78000020980835,12118900,4.689599976539612,3.2863999998569486,39.03104771289101,98.39337820138505
2023-07-19,6.96999979019165,7.070000171661377,6.559999942779541,6.639999866485596,14718500,4.744999976158142,3.305199998617172,46.8914610160865,110.87981946955571
2023-07-20,6.5,7.159999847412109,6.489999771118164,7.059999942779541,10330800,4.790199980735779,3.321799998283386,35.69370853284488,95.67704266840325
2023-07-21,6.420000076293945,6.678999900817871,6.159999847412109,6.630000114440918,9203600,4.833199982643127,3.3379999983310698,32.83125257281505,92.33073935002429
2023-07-24,6.110000133514404,6.354000091552734,5.96999979019165,6.179999828338623,9103600,4.857399983406067,3.3512999987602234,25.78746148942832,82.31731375211804
2023-07-25,6.139999866485596,6.590000152587891,6.139999866485596,6.210000038146973,8689800,4.895799984931946,3.3653499984741213,25.41361749628226,82.44758700490364
2023-07-26,6.230000019073486,6.388999938964844,6.071000099182129,6.110000133514404,7516000,4.934799981117249,3.3802499985694885,26.24625198411794,84.30589517668821
2023-07-27,5.849999904632568,6.400000095367432,5.809999942779541,6.340000152587891,8753100,4.959799981117248,3.394399998188019,17.94830289335163,72.34267934702407
2023-07-28,5.960000038146973,6.139999866485596,5.881999969482422,5.920000076293945,8588300,4.9931999826431275,3.4096499979496,19.362333951464805,74.79800101860985
2023-07-31,6.010000228881836,6.239999771118164,5.960000038146973,6.099999904632568,12054200,5.023799986839294,3.4246999990940092,19.630563410686385,75.48983065587518
2023-08-01,5.840000152587891,5.900000095367432,5.670000076293945,5.900000095367432,7820900,5.056399989128113,3.4388499999046327,15.49719494392483,69.82421893219673
2023-08-02,5.610000133514404,6.0,5.590000152587891,5.739999771118164,6945500,5.084199995994568,3.4517000007629393,10.341846070848359,62.528612923325014
2023-08-03,5.5,5.75,5.480000019073486,5.550000190734863,9169000,5.105599999427795,3.465050001144409,7.724851155915191,58.72786823230556
2023-08-04,5.300000190734863,5.550000190734863,5.239999771118164,5.550000190734863,8736700,5.121399998664856,3.475950002670288,3.4873314350874374,52.47630681290889
2023-08-07,5.099999904632568,5.329999923706055,4.909999847412109,5.329999923706055,10124300,5.134000000953674,3.486250002384186,-0.6622535316476386,46.28898963484451
2023-08-08,5.269999980926514,5.389999866485596,5.050000190734863,5.340000152587891,12819300,5.154400000572204,3.4979000020027162,2.2427436819314694,50.661825035283606
2023-08-09,5.050000190734863,5.460000038146973,5.039999961853027,5.449999809265137,7224300,5.170800004005432,3.5087000024318695,-2.336191946642574,43.92795585928473
2023-08-10,5.860000133514404,6.271999835968018,5.099999904632568,5.130000114440918,20137100,5.198600010871887,3.5234000027179717,12.722658432257216,66.3166296473283
2023-08-11,6.519999980926514,6.769999980926514,5.949999809265137,5.989999771118164,16466000,5.243200011253357,3.5414000022411347,24.35154041296901,84.10797923986011
2023-08-14,6.550000190734863,6.690000057220459,6.059999942779541,6.639999866485596,13781300,5.287800011634826,3.556850003004074,23.870043805037987,84.15171247600573
2023-08-15,6.260000228881836,6.860000133514404,6.25,6.46999979019165,12149600,5.3300000143051145,3.5696500039100645,17.448409232283435,75.36733915159357
2023-08-16,6.21999979019165,6.389999866485596,5.96999979019165,6.150000095367432,12653900,5.376000008583069,3.582550002336502,15.699400674499465,73.61934337650642
2023-08-17,5.460000038146973,6.130000114440918,5.420000076293945,6.099999904632568,12348400,5.403200011253357,3.5915500020980833,1.0512293969373143,52.02350057655867
2023-08-18,5.199999809265137,5.480000019073486,5.010000228881836,5.079999923706055,12353700,5.429000005722046,3.600150001049042,-4.21809165989222,44.4384208366295
2023-08-21,4.960000038146973,5.295000076293945,4.800000190734863,5.224999904632568,13063800,5.450200004577637,3.6086500012874603,-8.994164728247478,37.44752293454312
2023-08-22,4.690000057220459,5.110000133514404,4.650000095367432,5.0,8338000,5.46800000667572,3.617150001525879,-14.22823607361785,29.660093035732626
2023-08-23,4.869999885559082,5.019999980926514,4.590000152587891,4.619999885559082,12711100,5.490200004577637,3.6270500004291533,-11.296494089494779,34.2688930393257
2023-08-24,4.570000171661377,4.940000057220459,4.539999961853027,4.940000057220459,6984600,5.5040000057220455,3.6347500014305116,-16.9694737116582,25.730797712711563
2023-08-25,4.559999942779541,4.730000019073486,4.449999809265137,4.579999923706055,7600100,5.517600002288819,3.6419000005722046,-17.35537297216262,25.209367145256255
2023-08-28,4.519999980926514,4.71999979019165,4.46999979019165,4.630000114440918,6289000,5.530600004196167,3.6499000000953674,-18.272882191857885,23.839008762114354
2023-08-29,5.25,5.429999828338623,4.448999881744385,4.519999980926514,19941800,5.558000001907349,3.6637250006198885,-5.541561745261814,43.2967812571009
2023-08-30,5.289999961853027,5.329999923706055,5.019999980926514,5.150000095367432,9573000,5.575600004196167,3.6765750002861024,-5.122319429804834,43.88391264808611
2023-08-31,4.929999828338623,5.429999828338623,4.829999923706055,5.260000228881836,12463000,5.578599996566773,3.6880249989032747,-11.62657599805178,33.67587881873577
2023-09-01,4.570000171661377,4.960000038146973,4.539999961853027,4.889999866485596,9274000,5.5764000034332275,3.698324999809265,-18.047482805254987,23.56945838716358
2023-09-05,4.53000020980835,4.650000095367432,4.449999809265137,4.559999942779541,8630800,5.575200004577637,3.7080250012874605,-18.747305817030846,22.167466730550412
2023-09-06,4.579999923706055,4.75,4.489999771118164,4.510000228881836,9619700,5.582400007247925,3.7189250004291536,-17.95643598166382,23.15386632366976
2023-09-07,4.510000228881836,4.550000190734863,4.28000020980835,4.5,9115300,5.5836000156402585,3.7297750020027163,-19.227734503745886,20.91882825264728
2023-09-08,4.400000095367432,4.570000171661377,4.300000190734863,4.550000190734863,6894200,5.587000017166138,3.7403750026226046,-21.245747595339747,17.63526631106036
2023-09-11,4.190000057220459,4.440000057220459,4.150000095367432,4.389999866485596,8050600,5.58560001373291,3.751225003004074,-24.985676616320372,11.696847133003295
2023-09-12,4.320000171661377,4.678999900817871,4.300000190734863,4.349999904632568,8445100,5.586200017929077,3.7620750033855437,-22.666568368547367,14.830251065535617
2023-09-13,4.309999942779541,4.561999797821045,4.28000020980835,4.400000095367432,8523600,5.575000019073486,3.772625002861023,-22.69058425051228,14.244059229607831
2023-09-14,4.630000114440918,4.78000020980835,4.440000057220459,4.489999771118164,9987300,5.561800022125244,3.7846750032901766,-16.753567261993563,22.33547425910718
2023-09-15,4.420000076293945,4.599999904632568,4.369999885559082,4.590000152587891,15665200,5.5424000263214115,3.7963250041007996,-20.25115373659564,16.428389864393857
2023-09-18,4.510000228881836,4.840000152587891,4.460000038146973,4.659999847412109,12716900,5.512600030899048,3.8085750055313112,-18.187421478022557,18.41699907004124
2023-09-19,4.369999885559082,4.659999847412109,4.309999942779541,4.53000020980835,11143000,5.4734000301361085,3.8191750049591064,-20.159318494935363,14.422614305046055
2023-09-20,4.210000038146973,4.5,4.210000038146973,4.400000095367432,11618900,5.429200029373169,3.82872500538826,-22.45634687670477,9.958276768954022
2023-09-21,4.059999942779541,4.119999885559082,3.930000066757202,4.034999847412109,7494000,5.378000030517578,3.8376250052452088,-24.507253258814,5.794597888808672
2023-09-22,3.930000066757202,4.130000114440918,3.9000000953674316,4.070000171661377,6224900,5.307200036048889,3.846775006055832,-25.949652546297962,2.163502169228826
2023-09-25,3.869999885559082,3.950000047683716,3.759999990463257,3.809999942779541,7576700,5.246600031852722,3.855775005817413,-26.237947202686307,0.36892400931607394
2023-09-26,3.7100000381469727,3.940000057220459,3.700000047683716,3.799999952316284,6166000,5.184200034141541,3.864075006246567,-28.43640265201848,-3.987370013535463
2023-09-27,3.700000047683716,3.9100000858306885,3.6500000953674316,3.809999942779541,7945200,5.127800035476684,3.872025007009506,-27.844299268979565,-4.442764677768729
2023-09-28,3.859999895095825,4.054999828338623,3.6700000762939453,3.7200000286102295,11380800,5.065600037574768,3.8806750059127806,-23.79974995136296,-0.5327709943619086
2023-09-29,3.809999942779541,3.994999885559082,3.7920000553131104,3.9000000953674316,8620300,5.011800036430359,3.888225005865097,-23.979410290016222,-2.0118450698598855
2023-10-02,3.859999895095825,4.329999923706055,3.809999942779541,4.166999816894531,13632900,4.960600032806396,3.8963250052928924,-22.186834867392456,-0.9322915862440162
2023-10-03,3.4700000286102295,3.8399999141693115,3.4100000858306885,3.809999942779541,10881700,4.907800030708313,3.9022750055789945,-29.296222199390932,-11.077511870658817
2023-10-04,3.630000114440918,3.680000066757202,3.440000057220459,3.5799999237060547,8742700,4.85760003566742,3.910925006270409,-25.2717373232198,-7.183080508551876
2023-10-05,3.5299999713897705,3.7699999809265137,3.5,3.7149999141693115,9884100,4.803600034713745,3.919125006198883,-26.513449373806385,-9.92887530236043
2023-10-06,3.75,3.799999952316284,3.380000114440918,3.450000047683716,8479100,4.761600036621093,3.9289750063419344,-21.244960283118207,-4.555259477422046
2023-10-09,3.700000047683716,3.799999952316284,3.5799999237060547,3.619999885559082,8902800,4.716400036811828,3.9379250067472458,-21.550334602557896,-6.041886492400672
2023-10-10,3.75,3.859999895095825,3.6500000953674316,3.6600000858306885,6388000,4.671200032234192,3.946225007176399,-19.72084316401219,-4.97247386602524
2023-10-11,3.740000009536743,3.880000114440918,3.619999885559082,3.7899999618530273,9004200,4.629200029373169,3.954725007414818,-19.208502855661447,-5.429581006908979
2023-10-12,3.569999933242798,3.7799999713897705,3.5350000858306885,3.7799999713897705,6515700,4.588400025367736,3.9627250069379807,-22.195102573763037,-9.91048011173109
2023-10-13,3.5199999809265137,3.6600000858306885,3.4800000190734863,3.640000104904175,6174900,4.548800024986267,3.970925006866455,-22.616954766281673,-11.355667134489057
2023-10-16,3.950000047683716,4.144999980926514,3.680000066757202,3.8399999141693115,22107200,4.521800022125245,3.981625007390976,-12.645406069346322,-0.7942726813438106
2023-10-17,4.170000076293945,4.289000034332275,3.8299999237060547,3.940000057220459,14479500,4.503200025558471,3.9927250075340273,-7.399181634691077,4.439951873104486
2023-10-18,4.0,4.230000019073486,3.9649999141693115,4.110000133514404,12753800,4.477800025939941,4.002525007724762,-10.670419026576461,-0.06308537035717432
2023-10-19,3.869999885559082,4.110000133514404,3.859999895095825,4.079999923706055,10038700,4.454200019836426,4.011825007200241,-13.115713970536913,-3.5351771671650156
2023-10-20,3.9200000762939453,4.409999847412109,3.869999885559082,4.090000152587891,19227100,4.415400018692017,4.020475007295609,-11.219820181656493,-2.4990810991074475
2023-10-23,4.255000114440918,4.480000019073486,3.940000057220459,4.099999904632568,23832200,4.370100021362305,4.030950007438659,-2.633804863933209,5.558245738319734
2023-10-24,4.699999809265137,5.110000133514404,4.590000152587891,4.809999942779541,31776400,4.33310001373291,4.043950006961823,8.467374267139238,16.222994873178397
2023-10-25,4.619999885559082,4.940000057220459,4.5,4.849999904632568,19766300,4.300300006866455,4.056000006198883,7.434362211523604,13.905322448181057
2023-10-26,4.360000133514404,4.646999835968018,4.190000057220459,4.510000228881836,16171400,4.2631000137329105,4.065550006628037,2.272996633185831,7.242565616123953
2023-10-27,4.150000095367432,4.630000114440918,4.130000114440918,4.449999809265137,13990300,4.236900014877319,4.074300006628037,-2.0510259672106956,1.8579900502232682
2023-10-30,4.090000152587891,4.460000038146973,3.990000009536743,4.340000152587891,15525400,4.2147000217437744,4.081400007009506,-2.958689076625931,0.21071557709644306
2023-10-31,4.099999904632568,4.179999828338623,3.940000057220459,4.079999923706055,13572400,4.197500019073487,4.089000006914139,-2.3228139129928937,0.26901192711736854
2023-11-01,4.139999866485596,4.300000190734863,3.9749999046325684,4.199999809265137,12915900,4.1865000152587895,4.096100006103516,-1.1107165556840326,1.0717477677953502
2023-11-02,4.639999866485596,4.690000057220459,4.210000038146973,4.300000190734863,18213500,4.1819000148773195,4.106650005578995,10.954347305735745,12.98746813539089
2023-11-03,4.449999809265137,4.690000057220459,4.400000095367432,4.539999961853027,17583300,4.179500007629395,4.116450004577636,6.472061278668795,8.102850862189047
2023-11-06,4.309999942779541,4.690000057220459,4.190000057220459,4.610000133514404,16387500,4.174500007629394,4.124800003767014,3.24589615289268,4.489913179872751
2023-11-07,4.329999923706055,4.360000133514404,4.090000152587891,4.25,19258600,4.170700006484985,4.132300003767013,3.8195007306537354,4.784258639469985
2023-11-08,3.9200000762939453,4.380000114440918,3.9200000762939453,4.349999904632568,15175300,4.144100008010864,4.137900004386902,-5.407686380244591,-5.26595441798845
2023-11-09,3.690000057220459,4.459000110626221,3.640000104904175,4.260000228881836,39434800,4.112100009918213,4.142350004911423,-10.264827014899113,-10.920128602233758
2023-11-10,3.740000009536743,3.880000114440918,3.4600000381469727,3.7899999618530273,24930900,4.088300013542176,4.146800005435944,-8.51943357512207,-9.809973844070996
2023-11-13,3.809999942779541,3.880000114440918,3.5999999046325684,3.690000057220459,18370000,4.073100008964539,4.151250004768372,-6.459455098228306,-8.22041702130324
2023-11-14,3.8499999046325684,3.930000066757202,3.674999952316284,3.869999885559082,14309000,4.059500002861023,4.156500004529953,-5.160736496632712,-7.373994937166984
2023-11-15,4.150000095367432,4.21999979019165,3.819999933242798,3.890000104904175,18368000,4.050900006294251,4.16140000462532,2.4463721375299396,-0.273944087211464
2023-11-16,3.8399999141693115,4.059999942779541,3.759999990463257,4.0,13982500,4.0375,4.164400004148483,-4.891642992710543,-7.789839824608857
2023-11-17,3.940000057220459,4.03000020980835,3.75,3.8299999237060547,9820100,4.028299999237061,4.165900003910065,-2.1919902200264407,-5.422596473212959
2023-11-20,4.590000152587891,4.650000095367432,4.039999961853027,4.039999961853027,22240400,4.036300001144409,4.171300004720688,13.718012815858383,10.037641679892516
2023-11-21,4.53000020980835,4.675000190734863,4.309999942779541,4.449999809265137,20496000,4.040500001907349,4.176550005674362,12.114842412323434,8.462731289073066
2023-11-22,4.860000133514404,4.880000114440918,4.389999866485596,4.53000020980835,13415200,4.051500005722046,4.183150006532669,19.955575136381377,16.180393385958514
2023-11-24,5.579999923706055,5.650000095367432,4.869999885559082,4.96999979019165,21678600,4.070500001907349,4.19395000576973,37.083894388684115,33.04879447846301
2023-11-27,5.579999923706055,5.75,5.160999774932861,5.302000045776367,23058800,4.093699998855591,4.205650005340576,36.3070065042862,32.678656488776994
2023-11-28,6.380000114440918,6.440000057220459,5.710000038146973,5.710000038146973,30109000,4.131099996566772,4.222775006294251,54.438288101065964,51.085485372325515
2023-11-29,6.590000152587891,6.739999771118164,6.230000019073486,6.489999771118164,26670700,4.1755000019073485,4.241025006771087,57.82541371279153,55.38696758605535
2023-11-30,6.239999771118164,6.619999885559082,6.150000095367432,6.599999904632568,23205400,4.216099996566772,4.255825005769729,48.00407429139444,46.62256466509875
2023-12-01,7.639999866485596,7.789999961853027,5.730000019073486,5.909999847412109,57378000,4.287699995040893,4.27622500538826,78.18410512213858,78.66225132818805
2023-12-04,8.869999885559082,9.369999885559082,8.119999885559082,8.829999923706055,44819000,4.386499991416931,4.3036250042915345,102.21132800444587,106.1053153263586
2023-12-05,9.3100004196167,10.050000190734863,8.8100004196167,8.920000076293945,52681600,4.495300002098084,4.333275005817414,107.10520800105571,114.84905544000878
2023-12-06,9.25,9.600000381469727,8.930000305175781,9.5600004196167,26260800,4.606100001335144,4.363925006389618,100.82065081780152,111.96514574508582
2023-12-07,9.239999771118164,9.579999923706055,8.569999694824219,8.989999771118164,23480500,4.716899995803833,4.395275005102158,95.89136465343961,110.22574834093692
2023-12-08,10.34000015258789,10.449999809265137,9.100000381469727,9.119999885559082,31717600,4.846500000953674,4.432275005578995,113.34984319721917,133.288776972835
2023-12-11,8.800000190734863,9.479999542236328,8.430000305175781,9.4399995803833,30959000,4.94630000591278,4.462525006532669,77.91076522280069,97.19777878785183
2023-12-12,8.774999618530273,9.1899995803833,8.649999618530273,8.960000038146973,18857100,5.04460000038147,4.492400004863739,73.94837287132205,95.32988177878056
2023-12-13,10.25,10.279999732971191,8.541000366210938,8.779999732971191,32709300,5.180199999809265,4.529850004911423,97.86880816141085,126.27680803749767
2023-12-14,10.920000076293945,11.289999961853027,10.40999984741211,10.430000305175781,32948300,5.325999999046326,4.5715500056743625,105.03192035766583,138.86865642374406
2023-12-15,10.640000343322754,10.819999694824219,10.069999694824219,10.73900032043457,29641900,5.468200006484985,4.612050007581711,94.57957519301227,130.70002115830798
2023-12-18,10.84000015258789,11.3100004196167,10.180000305175781,10.244999885559082,27394200,5.610000009536743,4.653500008583069,93.22638385312632,132.94294901889413
2023-12-19,10.430000305175781,11.350000381469727,10.039999961853027,11.069999694824219,28180400,5.7446000146865845,4.693300009965896,81.56181942190146,122.23169801692629
2023-12-20,10.489999771118164,11.600000381469727,10.460000038146973,11.050000190734863,33854300,5.879400010108948,4.7338500082492825,78.41956242272721,121.5955248442203
2023-12-21,11.529999732971191,11.600000381469727,10.550000190734863,11.0,28169300,6.035200004577637,4.779600006341934,91.0458596935612,141.23357012453587
2023-12-22,11.890000343322754,12.239999771118164,11.350000381469727,11.65999984741211,27508900,6.2016000127792354,4.8283750081062315,91.72472134323077,146.25262792059326
2023-12-26,11.739999771118164,11.8100004196167,11.194999694824219,11.6899995803833,22123700,6.366000008583069,4.876675007343292,84.41721261843398,140.7377927263983
2023-12-27,13.430000305175781,13.5600004196167,12.239999771118164,12.260000228881836,27394000,6.55560001373291,4.932425009012222,104.86302210388257,172.2798680291604
2023-12-28,13.109999656677246,13.390000343322754,12.399999618530273,12.65999984741211,25965600,6.734400005340576,4.985825006961822,94.67212589511513,162.9454430986136
2023-12-29,11.029999732971191,13.470000267028809,10.630000114440918,13.199999809265137,35949700,6.875,5.029525005817414,60.436359752308235,119.30499838878048
2024-01-02,10.880000114440918,12.600000381469727,10.75,12.600000381469727,24949600,7.015200004577637,5.072425006628037,55.09180219154661,114.49306988716911
2024-01-03,10.569999694824219,11.029000282287598,9.600000381469727,9.75,26263900,7.148199996948242,5.113025004863739,47.86938948737913,106.72693141084895
2024-01-04,10.760000228881836,11.460000038146973,10.53499984741211,10.770000457763672,21026700,7.278299999237061,5.153875006437302,47.836723273425676,108.77495506667047
2024-01-05,10.210000038146973,10.649999618530273,9.770000457763672,10.600000381469727,16480400,7.3885000038146975,5.190075006484985,38.18772461088893,96.72162782598718
2024-01-08,10.725000381469727,10.9399995803833,9.119999885559082,10.170000076293945,30910800,7.51060001373291,5.230300008058548,42.798183392264,105.05516633740429
2024-01-09,10.550000190734863,11.0600004196167,10.329999923706055,10.520000457763672,18099800,7.634400014877319,5.2687000095844265,38.1902987815133,100.23915143285991
2024-01-10,9.984999656677246,10.96500015258789,9.760000228881836,10.180000305175781,31181900,7.751100006103516,5.305175007581711,28.820420957214733,88.21244619465942
2024-01-11,9.260000228881836,11.350000381469727,8.880000114440918,10.680000305175781,37395900,7.854500007629395,5.33857500910759,17.89420357613116,73.45453071436307
2024-01-12,8.140000343322754,9.09000015258789,8.074999809265137,9.010000228881836,28056200,7.935300016403199,5.366750010251999,2.5796167315213836,51.674669544381025
2024-01-16,7.650000095367432,8.260000228881836,7.349999904632568,7.900000095367432,28821900,8.005500020980834,5.391500010490417,-4.440696079966367,41.89001354878192
2024-01-17,7.360000133514404,7.599999904632568,7.230000019073486,7.5,15470800,8.059900026321412,5.414950010776519,-8.683729209063728,35.92000145646699
2024-01-18,6.880000114440918,7.639999866485596,6.760000228881836,7.420000076293945,21855400,8.108500032424926,5.435450011491776,-15.150766640826085,26.57645824899566
2024-01-19,6.869999885559082,6.949999809265137,6.409999847412109,6.889999866485596,21516900,8.159700031280517,5.456300010681153,-15.805729877045982,25.90949676723231
2024-01-22,7.099999904632568,7.349999904632568,6.590000152587891,6.730000019073486,20878800,8.215100030899048,5.478550009727478,-13.573786345538208,29.596332825768012
2024-01-23,7.090000152587891,7.380000114440918,6.704999923706055,6.840000152587891,18681600,8.278500032424926,5.501550010442734,-14.356464035537385,28.872774747662923
2024-01-24,6.989999771118164,7.71999979019165,6.980000019073486,7.440000057220459,17561700,8.344500026702882,5.524300009012222,-16.23225179759409,26.53186394140128
2024-01-25,7.304999828338623,7.389999866485596,6.949999809265137,7.059999942779541,11454000,8.41580002307892,5.54727500796318,-13.198985143350761,31.686275114397745
2024-01-26,8.010000228881836,8.260000228881836,7.599999904632568,7.699999809265137,22815400,8.499800028800964,5.571825009584427,-5.762486155668089,43.7590056238909
2024-01-29,8.529999732971191,9.239999771118164,7.974999904632568,8.140000343322754,32376000,8.593400025367737,5.598175008296966,-0.7377789025227233,52.37108022398396
2024-01-30,8.420000076293945,9.010000228881836,8.213000297546387,8.65999984741211,22805400,8.678800024986266,5.620575008392334,-2.9819784756790813,49.80673798893645
2024-01-31,8.050000190734863,8.979999542236328,8.039999961853027,8.140000343322754,26492400,8.763000030517578,5.640175008773804,-8.136481082958547,42.72607105652497
2024-02-01,8.359999656677246,8.520000457763672,7.679999828338623,8.100000381469727,28283300,8.851400022506715,5.660025007724762,-5.551668262421428,47.70252154836025
2024-02-02,8.279999732971191,8.609999656677246,8.029999732971191,8.109999656677246,16921400,8.92520001411438,5.676275005340576,-7.228972797504407,45.87030623394526
2024-02-05,7.760000228881836,8.369999885559082,7.679999828338623,8.260000228881836,19708700,8.989800014495849,5.692775006294251,-13.679945979120657,36.31313762272259
2024-02-06,8.699999809265137,8.720000267028809,7.639999866485596,7.760000228881836,20793100,9.066600008010864,5.716775004863739,-4.043414272404378,52.18370150763882
2024-02-07,9.3100004196167,9.34000015258789,8.461000442504883,8.760000228881836,21592800,9.141200017929076,5.7439750075340275,1.8465890841087296,62.08288523897354
2024-02-08,10.5,10.539999961853027,9.529999732971191,9.930000305175781,36373100,9.239600019454956,5.777775007486343,13.641282933147947,81.73085636590218
2024-02-09,13.949999809265137,14.59000015258789,11.949999809265137,13.020000457763672,89228000,9.39100001335144,5.8291750061512,48.54647843075328,139.31344992292202
2024-02-12,16.0049991607666,16.440000534057617,14.095000267028809,14.1899995803833,69106600,9.579299993515015,5.890100002288818,67.07900547640904,171.72712100893466
2024-02-13,15.890000343322754,16.389999389648438,13.75,14.350000381469727,49437500,9.772300004959106,5.949700003862381,62.60246139863823,167.07229495617267
2024-02-14,17.850000381469727,18.8700008392334,16.860000610351562,18.139999389648438,51912800,9.97650001525879,6.019400005340576,78.92046663828627,196.54118958090038
2024-02-15,17.229999542236328,19.229999542236328,16.469999313354492,18.114999771118164,51900500,10.143700008392335,6.088450002670288,69.85911972930177,182.99484326354906
2024-02-16,17.860000610351562,18.009000778198242,16.5,17.440000534057617,33765400,10.314700012207032,6.158700006008148,73.15094563307679,189.9962750731186
2024-02-20,16.559999465942383,18.5,15.4399995803833,18.360000610351562,43437000,10.460900001525879,6.222550003528595,58.30377370519611,166.12882912233368
2024-02-21,15.460000038146973,16.545000076293945,15.0,15.199999809265137,26355500,10.585300006866454,6.279900003671646,46.05160012581984,146.18226451230166
2024-02-22,17.09000015258789,17.68000030517578,15.289999961853027,15.699999809265137,37647000,10.720300006866456,6.34435000538826,59.41718181059841,169.37353926049704
2024-02-23,16.43000030517578,17.059999465942383,15.880000114440918,16.709999084472656,19874400,10.872900009155273,6.405300008058548,51.10964224209991,156.50633513660713
2024-02-26,20.350000381469727,20.950000762939453,16.56999969482422,16.610000610351562,62811600,11.104400024414062,6.485700010061264,83.26069248881838,213.76721633595105
2024-02-27,20.889999389648438,23.450000762939453,20.299999237060547,23.06999969482422,59037700,11.317200012207032,6.565650006532669,84.58628783723829,218.1710777891507
2024-02-28,18.079999923706055,22.3799991607666,17.760000228881836,21.850000381469727,75234500,11.460400009155274,6.634950007200241,57.76063583524691,172.49640018516578
2024-02-29,16.719999313354492,19.540000915527344,15.812000274658203,19.399999618530273,61792900,11.581999988555909,6.697150002717972,44.361935156928034,149.65842644361925
2024-03-01,17.860000610351562,17.8700008392334,15.534000396728516,16.719999313354492,40502200,11.722399997711182,6.763450006246567,52.357884169101524,164.06642458887814
2024-03-04,16.469999313354492,19.18000030517578,15.890000343322754,18.90999984741211,61567700,11.843199977874756,6.824350003004074,39.067138477129795,141.3416560713388
2024-03-05,15.329999923706055,17.190000534057617,14.779999732971191,16.0,50329100,11.939999980926514,6.878600002527237,28.391959365116225,122.86511671086741
2024-03-06,16.575000762939453,17.34000015258789,15.0649995803833,16.1200008392334,41271700,12.040900001525879,6.940425006151199,37.65582938849248,138.81823877139033
2024-03-07,17.81999969482422,17.989999771118164,15.90999984741211,16.489999771118164,36086800,12.159499988555908,7.008425005674362,46.55207624981104,154.26539743803036
2024-03-08,20.239999771118164,20.489999771118164,17.989999771118164,18.200000762939453,58042600,12.329499988555908,7.08747500538826,64.15912883656829,185.57419610976663
2024-03-11,16.90999984741211,21.329999923706055,16.8700008392334,21.040000915527344,46884200,12.399099979400635,7.149475003480911,36.38086534914391,136.5208611706318
2024-03-12,16.489999771118164,17.270000457763672,15.579999923706055,17.110000610351562,37991900,12.466699981689453,7.2095750033855435,32.272371961609394,128.72360386534058
2024-03-13,17.110000610351562,17.895000457763672,16.290000915527344,16.459999084472656,32646500,12.58829999923706,7.273875006437302,35.919866950966764,135.22538667779406
2024-03-14,15.84000015258789,16.600000381469727,14.989999771118164,16.360000610351562,34141400,12.6875,7.331925007104874,24.847291843057274,116.04149165789903
2024-03-15,17.43000030517578,17.729999542236328,15.324000358581543,15.649999618530273,44009300,12.824700012207032,7.396725009679795,35.90961417097671,135.64483311689762
2024-03-18,17.459999084472656,18.229999542236328,16.25,17.0,32794000,12.958699989318848,7.4625750052928925,34.735730427156916,133.96748537989916
2024-03-19,16.489999771118164,17.079999923706055,15.0600004196167,16.6299991607666,35840100,13.084299983978271,7.523425003290177,26.028903275759284,119.18208480720796
2024-03-20,20.25,20.25,16.1200008392334,16.510000228881836,45280100,13.274799976348877,7.603925002813339,52.5446713779381,166.30983330987354
2024-03-21,20.770000457763672,21.020000457763672,19.290000915527344,19.631999969482422,41788300,13.479199981689453,7.688175004720688,54.08926706316593,170.15514663766743
2024-03-22,19.520000457763672,19.950000762939453,18.6299991607666,19.815000534057617,31839500,13.669899997711182,7.765275007486343,42.795488343235874,151.37552036399015
2024-03-25,23.399999618530273,24.079999923706055,20.1200008392334,20.149999618530273,48308500,13.95269998550415,7.862725005149842,67.70947302558778,197.60674070635815
2024-03-26,23.190000534057617,24.149999618530273,22.350000381469727,23.209999084472656,30486400,14.253699989318848,7.959175007343292,62.694602464169115,191.36186241239906
2024-03-27,23.110000610351562,24.719999313354492,22.46500015258789,24.040000915527344,32273300,14.56289999961853,8.055725010633468,58.69092427302887,186.87673151512269
2024-03-28,21.209999084472656,24.097000122070312,21.110000610351562,23.190000534057617,45389900,14.839899978637696,8.142975006103516,42.92548544804771,160.469902812852
2024-04-01,18.579999923706055,20.5,18.540000915527344,19.489999771118164,35555600,15.073899974822998,8.21647500514984,23.259408346473553,126.1310344406898
2024-04-02,16.829999923706055,17.93000030517578,16.520000457763672,17.90999984741211,29455800,15.273099975585938,8.281225004196166,10.193738996070367,103.23080118192843
2024-04-03,16.184999465942383,17.079999923706055,16.18000030517578,16.850000381469727,22862400,15.454799966812134,8.342800002098084,4.72474247934811,93.99960998552174
2024-04-04,15.890000343322754,17.75,15.859999656677246,16.899999618530273,38249900,15.630799970626832,8.402850003242493,1.658266839720346,89.10251090036259
2024-04-05,15.600000381469727,16.520000457763672,15.579999923706055,15.729999542236328,21599300,15.802999982833862,8.458800005912781,-1.2845637004660238,84.42332683791057
2024-04-08,15.359999656677246,17.329999923706055,15.210000038146973,16.829999923706055,30346600,15.964099979400634,8.511700003147125,-3.784117635838491,80.45748382811924
2024-04-09,15.329999923706055,15.760000228881836,14.84000015258789,15.09000015258789,26407800,16.11049997329712,8.564950003623963,-4.8446668376818325,78.98528207659933
2024-04-10,15.050000190734863,15.720000267028809,14.59000015258789,14.800000190734863,22227400,16.240899982452394,8.617250003814696,-7.332720434238538,74.64968736049794
2024-04-11,15.869999885559082,15.970000267028809,14.664999961853027,14.989999771118164,26514000,16.389899978637697,8.675500004291534,-3.1720760575491225,82.92893640376491
2024-04-12,14.850000381469727,15.850000381469727,14.609999656677246,15.640000343322754,28466200,16.525899982452394,8.727500007152557,-10.141048915715201,70.15182319449464
2024-04-15,14.6899995803833,15.878000259399414,14.529999732971191,14.800000190734863,29642200,16.652499980926514,8.779800004959107,-11.785019683477117,67.3158793148583
2024-04-16,14.479999542236328,14.795000076293945,13.699999809265137,14.34000015258789,25300000,16.776499977111815,8.83090000152588,-13.688793479024842,63.96969210085437
2024-04-17,14.920000076293945,15.460000038146973,14.180000305175781,14.479999542236328,32065200,16.91969997406006,8.884050002098084,-11.818766886126198,67.94142393131955
2024-04-18,16.229999542236328,17.149999618530273,14.779999732971191,14.949999809265137,40509300,17.070299968719482,8.94085000038147,-4.922587347749974,81.52635981527325
2024-04-19,17.200000762939453,17.899999618530273,16.3700008392334,16.729999542236328,44791800,17.228099975585938,9.000400004386902,-0.16310105401236008,91.10262604501986
2024-04-22,19.09000015258789,19.170000076293945,17.06999969482422,17.850000381469727,46061900,17.399899978637695,9.068900005817413,9.713275225864383,110.49962112651212
2024-04-23,20.729999542236328,21.049999237060547,18.610000610351562,18.760000228881836,39722100,17.53549997329712,9.142550003528594,18.21732812753418,126.74198701932747
2024-04-24,19.780000686645508,21.389999389648438,19.209999084472656,20.299999237060547,34948300,17.6110000038147,9.209800007343292,12.316169907222662,114.77122924356915
2024-04-25,19.540000915527344,19.799999237060547,18.059999465942383,18.6200008392334,26067700,17.68400001525879,9.275400011539459,10.495368121845106,110.66477878277779
2024-04-26,19.229999542236328,19.6200008392334,18.530000686645508,19.06999969482422,19374000,17.71159999847412,9.338450009822845,8.572910092216501,105.9228193330676
2024-04-29,18.1200008392334,18.729999542236328,17.280000686645508,18.5,23027300,17.729400024414062,9.391700015068054,2.2031248337871734,92.93632473526252
2024-04-30,16.3799991607666,17.700000762939453,16.329999923706055,17.329999923706055,22808300,17.699799995422364,9.43910001039505,-7.456586147849675,73.53348457721296
2024-05-01,15.649999618530273,16.8799991607666,15.350000381469727,16.030000686645508,27968600,17.68159999847412,9.48320000886917,-11.489912565147776,65.02867812440525
2024-05-02,15.9399995803833,16.299999237060547,15.312999725341797,16.100000381469727,21437700,17.691199989318847,9.530300006866455,-9.898709019132912,67.2560105022795
2024-05-03,16.149999618530273,17.3799991607666,15.930000305175781,16.719999313354492,25038400,17.672399978637696,9.576200006008149,-8.614564869218055,68.64726727091848
2024-05-06,17.43000030517578,18.316999435424805,16.47800064086914,16.56999969482422,26468500,17.692399978637695,9.630850007534027,-1.4831208529014872,80.98091333102093
2024-05-07,16.540000915527344,17.479999542236328,16.219999313354492,17.309999465942383,21881000,17.616199989318847,9.681450011730194,-6.109144278811717,70.84218681589249
2024-05-08,16.3700008392334,16.709999084472656,15.300000190734863,16.139999389648438,22503000,17.525800018310548,9.73275001525879,-6.5948440463179825,68.19502004642959
2024-05-09,16.59000015258789,17.395000457763672,16.18000030517578,16.809999465942383,26022000,17.496000022888182,9.7850000166893,-5.17832572653788,69.54522354922818
2024-05-10,15.569999694824219,18.079999923706055,15.550000190734863,17.350000381469727,34285800,17.47300003051758,9.831700015068055,-10.891091011100917,58.36528444685711
2024-05-13,15.550000190734863,17.100000381469727,15.40999984741211,16.049999237060547,25380100,17.426800022125246,9.880200016498566,-10.769618225994314,57.385479694424355
2024-05-14,15.359999656677246,16.049999237060547,15.029999732971191,15.15999984741211,22748400,17.4046000289917,9.927200014591216,-11.747471179508063,54.72640456625011
2024-05-15,17.1200008392334,17.18000030517578,15.210000038146973,16.270000457763672,40153400,17.440400047302248,9.982750017642974,-1.8371092818963763,71.49583841102334
2024-05-16,16.469999313354492,17.40999984741211,16.40999984741211,16.809999465942383,23051900,17.438300018310546,10.035900013446808,-5.552724198685189,64.11083501516379
2024-05-17,16.030000686645508,17.530000686645508,15.930000305175781,16.799999237060547,31358100,17.40250003814697,10.088000016212463,-7.886794130112862,58.90167189615021
2024-05-20,18.309999465942383,18.530000686645508,15.699999809265137,16.280000686645508,36767300,17.363900032043457,10.152050013542175,5.448657456867334,80.35765625187065
2024-05-21,18.420000076293945,19.020000457763672,17.93000030517578,18.440000534057617,28778500,17.394100036621094,10.21765001296997,5.8979771158780725,80.27628713952977
2024-05-22,18.440000534057617,20.149999618530273,18.170000076293945,18.31999969482422,37983500,17.433100051879883,10.284350016117095,5.775797070981392,79.30156504941404
2024-05-23,17.09000015258789,18.770000457763672,16.770000457763672,18.690000534057617,32685100,17.43270004272461,10.343450016975403,-1.9658451605133909,65.22533704460527
2024-05-24,17.6299991607666,18.15999984741211,16.81999969482422,17.25,31356500,17.468500022888183,10.40635001182556,0.9245163446593319,69.41578114067117
2024-05-28,17.690000534057617,18.940000534057617,17.18000030517578,17.920000076293945,37774700,17.47370002746582,10.465500013828278,1.237863224456226,69.03158483286475
2024-05-29,17.06999969482422,17.764999389648438,16.84000015258789,17.290000915527344,21800100,17.465900039672853,10.518250012397766,-2.2667045153663357,62.28935112498717
2024-05-30,16.389999389648438,17.8799991607666,16.239999771118164,17.190000534057617,30719100,17.46390003204346,10.567450008392335,-6.149260133329815,55.09890632680558
2024-05-31,16.06999969482422,16.81999969482422,15.539999961853027,16.68000030517578,24462900,17.380300025939942,10.616500005722045,-7.538997193144603,51.3681503900802
2024-06-03,15.654999732971191,17.1299991607666,15.40999984741211,16.600000381469727,26005300,17.278000011444092,10.663675005435943,-9.393449921275066,46.80679714067484
2024-06-04,16.09000015258789,16.700000762939453,15.329999923706055,15.829999923706055,30005000,17.209400005340576,10.716825006008149,-6.504583846068446,50.13775202606547
2024-06-05,16.360000610351562,16.670000076293945,15.5600004196167,16.510000228881836,27009000,17.068600025177002,10.77262501001358,-4.151479405342096,51.86642619736874
2024-06-06,16.329999923706055,17.115999221801758,16.059999465942383,16.290000915527344,29311000,16.93140001296997,10.829475009441376,-3.551980868700899,50.79216591265228
2024-06-07,15.579999923706055,17.959999084472656,15.5649995803833,16.385000228881836,44653500,16.78079999923706,10.883925008773804,-7.15579755187834,43.146887829038015
2024-06-10,15.699999809265137,16.1200008392334,15.260000228881836,15.619999885559082,22439400,16.67060001373291,10.938075008392333,-5.822227176395634,43.53530943259371
2024-06-11,15.949999809265137,15.960000038146973,14.229999542236328,15.289999961853027,30363600,16.618000011444092,10.994975006580352,-4.0197388477490215,45.06626708764016
2024-06-12,17.25,18.09000015258789,16.139999389648438,16.450000762939453,46503100,16.62640001296997,11.058425006866456,3.7506615174876634,55.98966389236297
2024-06-13,17.96500015258789,18.3700008392334,16.895000457763672,17.420000076293945,32604700,16.66200002670288,11.125650007724762,7.820190396091675,61.47371290769017
2024-06-14,17.709999084472656,18.81999969482422,17.274999618530273,17.899999618530273,36530500,16.69840000152588,11.187950003147126,6.0580599509793664,58.29530056436527
2024-06-17,19.239999771118164,19.440000534057617,16.860000610351562,17.389999389648438,34358100,16.77119998931885,11.25770000219345,14.720471900470034,70.90524500892226
2024-06-18,19.479999542236328,19.6200008392334,18.3700008392334,18.690000534057617,31089200,16.85359998703003,11.330450000762939,15.583611556151133,71.92608891019012
2024-06-20,19.170000076293945,20.639999389648438,18.8700008392334,19.941999435424805,35881600,16.93039999008179,11.403450000286103,13.228276281270169,68.10702090869856
2024-06-21,17.290000915527344,18.739999771118164,17.229999542236328,18.389999389648438,35600000,16.975200004577637,11.467250003814698,1.8544754162826749,50.77722130219231
2024-06-24,16.510000228881836,16.950000762939453,16.1200008392334,16.464000701904297,22728400,16.988000011444093,11.526900005340575,-2.8137496011316765,43.23018522961524
2024-06-25,16.610000610351562,17.18000030517578,16.290000915527344,16.65999984741211,28094100,17.02320001602173,11.587400007247926,-2.4272722242661526,43.34536306645147
2024-06-26,16.079999923706055,17.229999542236328,15.920000076293945,16.389999389648438,23513700,17.051000022888182,11.645800006389617,-5.694681237925748,38.075528644520396
2024-06-27,16.049999237060547,16.908000946044922,16.014999389648438,16.579999923706055,28119300,17.082400016784668,11.705100002288818,-6.043651821229535,37.1197105015944
2024-06-28,15.949999809265137,16.454999923706055,15.729999542236328,16.200000762939453,35723500,17.10300001144409,11.763250000476837,-6.741508515508688,35.59177785576762
2024-07-01,17.920000076293945,18.420000076293945,16.260000228881836,16.399999618530273,40486400,17.136800022125243,11.83130000114441,4.570281809658261,51.46264632424664
2024-07-02,16.93000030517578,18.139999389648438,16.915000915527344,17.940000534057617,26646800,17.13140001296997,11.892800002098083,-1.1756173321603058,42.35504088346778
2024-07-03,16.149999618530273,16.808000564575195,15.920000076293945,16.540000915527344,19266300,17.07260000228882,11.951449999809265,-5.403982894432358,35.13004379207556
2024-07-05,16.049999237060547,16.1299991607666,15.119999885559082,15.449999809265137,30904100,16.9789999961853,12.009149994850159,-5.471469222766212,33.648087033163975
2024-07-08,15.420000076293945,16.559999465942383,15.170000076293945,16.3799991607666,32715700,16.89179998397827,12.064399995803832,-8.713102861035027,27.814065197251736
2024-07-09,15.220000267028809,15.75,15.079999923706055,15.670000076293945,23897200,16.8053999710083,12.119449996948243,-9.433870700575586,25.58325890086848
2024-07-10,15.180000305175781,15.4399995803833,15.020000457763672,15.37600040435791,15818200,16.72439998626709,12.175049998760223,-9.23441009757876,24.681215327424134
2024-07-11,14.960000038146973,15.899999618530273,14.84000015258789,15.6899995803833,33937000,16.661199970245363,12.230199998617172,-10.210548670783027,22.32015862241379
2024-07-12,15.850000381469727,16.165000915527344,15.020000457763672,15.079999923706055,29243100,16.650599994659423,12.290100001096725,-4.808232817114599,28.965593282848225
2024-07-15,18.299999237060547,18.780000686645508,16.719999313354492,16.959999084472656,58214900,16.703599987030028,12.363049997091293,9.557216715379235,48.02171989408814
2024-07-16,19.790000915527344,20.15999984741211,18.280000686645508,18.31999969482422,49371000,16.78060001373291,12.443500001430511,17.933809871706607,59.03886296662735
2024-07-17,19.06999969482422,20.489999771118164,18.079999923706055,19.219999313354492,39550800,16.83900001525879,12.519550000429154,13.249003370412682,52.32176631085401
2024-07-18,17.06999969482422,19.530000686645508,16.68000030517578,19.450000762939453,37316000,16.831800003051757,12.585849999189376,1.415176580812938,35.62850102236763
2024-07-19,17.84000015258789,18.485000610351562,16.989999771118164,17.1200008392334,32829900,16.85779998779297,12.655750000476838,5.826384021083109,40.96359482382097
2024-07-22,18.1299991607666,18.610000610351562,17.05500030517578,18.06999969482422,30122900,16.892999954223633,12.729049996137618,7.322554962972649,42.430104102566936
2024-07-23,17.450000762939453,19.040000915527344,17.360000610351562,17.969999313354492,31817600,16.910199966430664,12.798149999380112,3.1921609299734754,36.347837490454936
2024-07-24,16.56999969482422,17.940000534057617,16.5,17.68000030517578,32423200,16.930199966430663,12.863349997997284,-2.1275606450051,28.815586121842518
2024-07-25,16.18000030517578,16.729000091552734,15.550000190734863,16.229999542236328,25069400,16.942799968719484,12.925499999523163,-4.502205449819485,25.17891227242799
2024-07-26,17.1200008392334,17.665000915527344,16.66200065612793,16.989999771118164,26195300,16.977999992370606,12.992600003480911,0.8363814755955046,31.767320125661502
2024-07-29,16.290000915527344,18.049999237060547,16.200000762939453,17.770000457763672,30333400,16.961399993896485,13.055300008058548,-3.958394228134132,24.77691746242625
2024-07-30,15.699999809265137,16.489999771118164,15.6899995803833,16.350000381469727,18042200,16.946000003814696,13.11510000705719,-7.352768761177108,19.70934114735703
2024-07-31,16.0,16.774999618530273,15.96500015258789,16.209999084472656,21891200,16.945399990081786,13.177250007390976,-5.579095156414915,21.42138906847615
2024-08-01,15.09000015258789,16.260000228881836,14.914999961853027,16.0,27094400,16.881000003814698,13.235100008249283,-10.609560161258724,14.015006635253746
2024-08-02,13.479999542236328,15.239999771118164,13.239999771118164,14.920000076293945,37910400,16.782199993133545,13.282750005722045,-19.676803114301556,1.4850052619322929
2024-08-05,12.1899995803833,12.199999809265137,9.34000015258789,10.085000038146973,43413200,16.65719997406006,13.322850003242493,-26.81843527503689,-8.503063703212765
2024-08-06,12.260000228881836,12.720000267028809,11.84000015258789,12.600000381469727,22453500,16.560599975585937,13.364150004386902,-25.968864371122756,-8.262027702043294
2024-08-07,11.079999923706055,12.699999809265137,11.0,12.649999618530273,24119000,16.429599990844725,13.400200004577636,-32.560744449771725,-17.31466754286487
2024-08-08,12.229999542236328,12.430000305175781,11.270000457763672,11.569999694824219,25641000,16.3203999710083,13.441750001907348,-25.063113869992126,-9.014826637149742
2024-08-09,11.460000038146973,12.199999809265137,11.34000015258789,11.989999771118164,23064100,16.208199977874756,13.47777500152588,-29.29504785361351,-14.971128121299436
2024-08-12,11.15999984741211,11.420000076293945,10.25,11.109999656677246,26424600,16.10359998703003,13.510075001716613,-30.698726642486996,-17.394982292888084
2024-08-13,11.079999923706055,11.4399995803833,10.84000015258789,11.180000305175781,19287700,16.003799991607664,13.542375001907349,-30.766443410212784,-18.182741785355127
2024-08-14,10.989999771118164,11.475000381469727,10.869999885559082,11.270000457763672,17617500,15.910499992370605,13.575525000095368,-30.926119377844298,-19.045489798435355
2024-08-15,11.329999923706055,11.890000343322754,11.140000343322754,11.229999542236328,21995700,15.815299987792969,13.61142499923706,-28.360512083544986,-16.76110382020165
2024-08-16,11.84000015258789,12.039999961853027,11.180000305175781,11.300000190734863,21831200,15.724899978637696,13.650174999237061,-24.705402459331683,-13.261184173465502
2024-08-19,12.010000228881836,12.319999694824219,11.619999885559082,11.90999984741211,18890300,15.63849998474121,13.689725000858306,-23.202351628351646,-12.269967233608837
2024-08-20,11.65999984741211,12.430000305175781,11.350000381469727,12.34000015258789,21150500,15.560099983215332,13.727325000762939,-25.064749841005252,-15.059927212591905
2024-08-21,12.40999984741211,12.414999961853027,11.489999771118164,11.710000038146973,21266700,15.494299983978271,13.766175000667571,-19.906030861384206,-9.851503073218925
2024-08-22,11.869999885559082,12.454999923706055,11.819999694824219,12.40999984741211,14589300,15.412699985504151,13.803275001049041,-22.98559047588693,-14.005916098484105
2024-08-23,12.609999656677246,12.75,11.878000259399414,12.029999732971191,29800000,15.319899978637695,13.84477499961853,-17.688759885764107,-8.918710076366754
2024-08-26,12.15999984741211,12.630000114440918,12.130000114440918,12.630000114440918,17290400,15.20379997253418,13.88392499923706,-20.01999586038179,-12.416698821980688
2024-08-27,11.470000267028809,12.050000190734863,11.289999961853027,11.899999618530273,17402400,15.078999996185303,13.921675000190735,-23.933946084418743,-17.610486763470178
2024-08-28,10.680000305175781,11.380000114440918,10.600000381469727,11.25,18969700,14.907800006866456,13.956625001430512,-28.359648638587664,-23.47719950861248
2024-08-29,10.8100004196167,11.4399995803833,10.692000389099121,11.0,20106500,14.734400024414063,13.991975003480912,-26.63426809571382,-22.741425589115217
2024-08-30,10.6899995803833,10.960000038146973,10.619999885559082,10.850000381469727,15729000,14.56480001449585,14.02637500166893,-26.603869811161786,-23.786441050439976
2024-09-03,9.020000457763672,10.229999542236328,8.949999809265137,10.1899995803833,28142300,14.399400005340576,14.052225004434586,-37.358497892840994,-35.81087368785264
2024-09-04,8.675000190734863,9.15999984741211,8.600000381469727,8.859999656677246,20796400,14.242700004577637,14.074850004911422,-39.0916035025192,-38.36523879325379
2024-09-05,8.59000015258789,8.920000076293945,8.369999885559082,8.630000114440918,18605100,14.082299995422364,14.098600006103515,-39.00144042251491,-39.07196353631468
2024-09-06,8.09000015258789,8.875,8.039999961853027,8.770000457763672,17611300,13.9225,14.119350006580353,-41.8926187639584,-42.70274376074303
2024-09-09,8.829999923706055,8.84000015258789,8.220000267028809,8.3149995803833,17814200,13.77810001373291,14.140550005435944,-35.91278975399354,-37.55547047100993
2024-09-10,9.350000381469727,9.359999656677246,8.600000381469727,8.880000114440918,18055400,13.646100025177002,14.16465000629425,-31.48225233422728,-33.99060070446549
2024-09-11,9.289999961853027,9.380000114440918,8.609999656677246,9.0,18819600,13.473500022888183,14.186800005435943,-31.04983897226713,-34.516593183146405
2024-09-12,9.25,9.458999633789062,9.020000457763672,9.329999923706055,15651100,13.319900016784668,14.205150005817414,-30.5550342844624,-34.882771415917034
2024-09-13,9.380000114440918,9.75,9.119999885559082,9.3100004196167,17563900,13.184500026702882,14.224150006771088,-28.855852740389242,-34.05581275523824
2024-09-16,9.069999694824219,9.260000228881836,8.800000190734863,9.149999618530273,13100300,13.044900035858154,14.237600004673004,-30.470914534474225,-36.29544521655825
2024-09-17,9.149999618530273,9.545000076293945,8.972000122070312,9.300000190734863,17691100,12.919500026702881,14.250400002002715,-29.176828827598232,-35.79127872028606
2024-09-18,8.84000015258789,9.574999809265137,8.829999923706055,9.149999618530273,19326700,12.791900024414062,14.263400003910064,-30.8937676520591,-38.02319117346104
2024-09-19,9.029999732971191,9.555000305175781,9.010000228881836,9.479999542236328,20641600,12.66890001296997,14.270350003242493,-28.723095740541027,-36.72194633684944
2024-09-20,8.989999771118164,9.1899995803833,8.8100004196167,9.039999961853027,19692900,12.549500007629394,14.270950002670288,-28.363681695264773,-37.00489617414389
2024-09-23,9.170000076293945,9.350000381469727,8.949999809265137,9.069999694824219,17080200,12.415900001525879,14.270250000953673,-26.143090108916965,-35.740438494902904
2024-09-24,9.630000114440918,9.654999732971191,9.079999923706055,9.279999732971191,24246100,12.242500019073486,14.27215000152588,-21.339594858585777,-32.52593257910444
2024-09-25,9.34000015258789,9.979999542236328,9.329999923706055,9.680000305175781,21413300,12.033500003814698,14.272650003433228,-22.383345247624963,-34.56015420863545
2024-09-26,10.09000015258789,10.3100004196167,9.510000228881836,9.760000228881836,31828100,11.853900012969971,14.271400003433227,-14.880333548048363,-29.299156703893313
2024-09-27,10.130000114440918,10.470000267028809,9.875,10.4399995803833,24717700,11.715100021362305,14.278050003051758,-13.530400116353958,-29.05193557750705
2024-09-30,9.34000015258789,9.829999923706055,9.220000267028809,9.619999885559082,20939100,11.545100021362305,14.280875005722045,-19.099876698289677,-34.5978439777286
2024-10-01,8.609999656677246,9.401000022888184,8.449999809265137,9.279999732971191,25190400,11.354700031280517,14.272675004005432,-24.172372383612316,-39.67494072231753
2024-10-02,8.789999961853027,8.949999809265137,8.460000038146973,8.5,15080600,11.18150001525879,14.262025003433228,-21.38800742424729,-38.36779868400838
2024-10-03,8.65999984741211,8.824999809265137,8.430000305175781,8.619999885559082,15043800,11.023300018310547,14.252125000953674,-21.439134986554066,-39.237132379679316
2024-10-04,9.579999923706055,9.640000343322754,8.850000381469727,8.979999542236328,22432600,10.891300010681153,14.245824999809265,-12.039885832628794,-32.752227941629776
2024-10-07,9.100000381469727,9.720000267028809,8.819999694824219,9.600000381469727,23593300,10.730900001525878,14.239175000190734,-15.198162501041345,-36.09180039329644
2024-10-08,9.0,9.192999839782715,8.779999732971191,9.0,15389300,10.585099983215333,14.231725001335144,-14.974822965572432,-36.761004030392186
2024-10-09,8.859999656677246,9.364999771118164,8.800000190734863,8.960000038146973,17111800,10.448299980163574,14.218375000953674,-15.201519161028742,-37.686271067664364
2024-10-10,8.65999984741211,8.880000114440918,8.5600004196167,8.8100004196167,12638300,10.301499977111817,14.20222499847412,-15.934573929494167,-39.02363996949397
2024-10-11,9.59000015258789,9.65999984741211,8.75,8.781999588012695,24209400,10.191499977111816,14.19147500038147,-5.90197542927714,-32.42421839639565
2024-10-14,10.8100004196167,10.954999923706055,9.800000190734863,10.029999732971191,34798100,10.138099994659424,14.178375000953674,6.627478771280826,-23.75712718213765
2024-10-15,11.229999542236328,11.744999885559082,10.720000267028809,10.850000381469727,42073200,10.118899993896484,14.16897500038147,10.980438081313547,-20.742329336215338
2024-10-16,11.84000015258789,12.1899995803833,11.25,11.75,35139400,10.110499992370606,14.173025002479553,17.105980530363162,-16.461022607971852
2024-10-17,11.720000267028809,12.135000228881836,11.234999656677246,11.710000038146973,28089500,10.12329999923706,14.177225003242492,15.77252741608055,-17.33219819570959
2024-10-18,12.859999656677246,12.989999771118164,11.9399995803833,12.09000015258789,41945600,10.13590000152588,14.188675003051758,26.875755036467154,-9.364337022933677
2024-10-21,12.6899995803833,12.760000228881836,11.954999923706055,12.59000015258789,33707700,10.160499992370605,14.198324999809266,24.895424338487928,-10.623263092274815
2024-10-22,12.229999542236328,12.619999885559082,11.960000038146973,12.4399995803833,30127900,10.18189998626709,14.208424997329711,20.115101884045483,-13.924312198327415
2024-10-23,11.630000114440918,12.067000389099121,11.0600004196167,11.869999885559082,35137700,10.192899990081788,14.212949995994569,14.099030950539127,-18.17321444374016
2024-10-24,11.960000038146973,12.479999542236328,11.5649995803833,11.989999771118164,33949800,10.212299995422363,14.219999995231628,17.11367707086564,-15.893108001705336
2024-10-25,11.390000343322754,12.276000022888184,11.3100004196167,12.010000228881836,32996600,10.213500003814698,14.227024998664856,11.519071220136468,-19.941095595237545
2024-10-28,12.550000190734863,12.770000457763672,11.819999694824219,11.960000038146973,43268200,10.227700004577637,14.24347499847412,22.70598653771454,-11.889477869134291
2024-10-29,12.369999885559082,13.270000457763672,12.199999809265137,13.199999809265137,48393600,10.234899997711182,14.264624996185303,20.86097459013152,-13.281983305785383
2024-10-30,12.0600004196167,12.541000366210938,11.729999542236328,11.864999771118164,27313000,10.242900009155273,14.28667499780655,17.740097129106715,-15.585673913151343
2024-10-31,10.609999656677246,11.890000343322754,10.600000381469727,11.829999923706055,33571600,10.206900005340577,14.302924995422364,3.949285788297674,-25.819371491684638
2024-11-01,10.324999809265137,11.234999656677246,10.270000457763672,10.739999771118164,24129800,10.176000003814698,14.320149993896484,1.464227647352434,-27.898801243940564
2024-11-04,9.800000190734863,10.170000076293945,9.699999809265137,10.09000015258789,22272200,10.11980001449585,14.334799995422363,-3.1601397587195157,-31.63490112269185
2024-11-05,10.5600004196167,10.760000228881836,9.979999542236328,10.199999809265137,26105800,10.087800025939941,14.352099997997284,4.680905573688343,-26.421914416076675
2024-11-06,12.989999771118164,13.045000076293945,11.399999618530273,11.947999954223633,49290100,10.118200016021728,14.381599996089935,28.38251616442713,-9.67625455686516
2024-11-07,13.569999694824219,13.79800033569336,12.649999618530273,12.699999809265137,37698300,10.176000003814698,14.414499995708466,33.352984372417495,-5.858686053180307
2024-11-08,13.569999694824219,13.569999694824219,13.569999694824219,13.569999694824219,0,10.231199989318847,14.445824995040894,32.63351033105604,-6.0628264603602595
2024-11-11,17.610000610351562,17.8700008392334,14.829999923706055,15.0,68160000,10.369600009918212,14.493824996948241,69.82333545660511,21.50002234785815
2024-11-12,17.6299991607666,17.690000534057617,15.859999656677246,16.6200008392334,48154500,10.541799983978272,14.539324994087218,67.2389837367544,21.257342881710684
2024-11-13,14.979999542236328,17.969999313354492,14.8100004196167,17.299999237060547,57517800,10.667899971008302,14.572124991416931,40.42125988195273,2.799005299910884
2024-11-14,13.979999542236328,15.579999923706055,13.699999809265137,15.390000343322754,34207500,10.775699958801269,14.601774988174439,29.73634748263274,-4.258218240191136
2024-11-15,14.029999732971191,14.430000305175781,13.100000381469727,14.430000305175781,31081300,10.894499950408935,14.630124988555908,28.78057549070494,-4.1019831071446795
2024-11-18,13.380000114440918,14.569999694824219,13.300000190734863,13.6899995803833,30389600,10.985499954223632,14.655624990463258,21.79691566333004,-8.703995065733583
2024-11-19,14.119999885559082,14.399999618530273,12.835000038146973,13.260000228881836,35421400,11.08089994430542,14.687424988746644,27.426472186633944,-3.863339582141301
2024-11-20,14.0,14.979999542236328,13.319999694824219,14.5600004196167,49099900,11.175099945068359,14.713924989700317,25.278521613386438,-4.852036354678047
2024-11-21,12.96500015258789,15.279999732971191,12.600000381469727,14.600000381469727,62190600,11.249399948120118,14.732199988365174,15.25059303055951,-11.995491760720988
2024-11-22,15.100000381469727,15.479999542236328,12.859999656677246,13.100000381469727,49084900,11.363799953460694,14.755199990272523,32.878090456627774,2.336805949255294
2024-11-25,14.949999809265137,15.869999885559082,14.510000228881836,15.399999618530273,42148400,11.481399955749511,14.760199990272522,30.2106003351853,1.2858892096157204
2024-11-26,13.029999732971191,14.449999809265137,13.010000228881836,14.0,37181100,11.55899995803833,14.745324993133545,12.726012460186077,-11.633010876064986
2024-11-27,13.859999656677246,14.125,13.25,13.640000343322754,33683800,11.659399948120118,14.735174989700317,18.874039130220744,-5.939361654237607
2024-11-29,14.350000381469727,15.149999618530273,14.220000267028809,14.359000205993652,28952500,11.765799961090089,14.717674989700317,21.96366102539291,-2.4981840439328606
2024-12-02,14.520000457763672,15.399999618530273,14.109999656677246,14.960000038146973,48225000,11.876399974822998,14.704124994277954,22.259274599583122,-1.2521964862644563
2024-12-03,13.949999809265137,14.369999885559082,12.699999809265137,13.329999923706055,45886100,11.971999969482422,14.684574990272521,16.521883100775092,-5.002359152334934
2024-12-04,14.680000305175781,14.854999542236328,13.539999961853027,13.970000267028809,44538700,12.072999973297119,14.675174994468689,21.593641494614314,0.03288077115886079
2024-12-05,13.930000305175781,16.25,13.869999885559082,15.4399995803833,49980300,12.164799976348878,14.667524995803833,14.510722184161295,-5.028283168694426
2024-12-06,14.970000267028809,15.550000190734863,14.069999694824219,14.1899995803833,43080400,12.262399978637696,14.656924996376038,22.080508653346964,2.136022874717436
2024-12-09,13.5600004196167,15.045000076293945,13.420000076293945,14.770000457763672,33694900,12.330999984741212,14.642574996948243,9.966754005322297,-7.393334693912578
2024-12-10,12.9399995803833,13.975000381469727,12.859999656677246,13.960000038146973,27927300,12.402999973297119,14.60552499294281,4.329594519409086,-11.403392985628846
2024-12-11,12.829999923706055,13.470000267028809,12.470000267028809,13.149999618530273,37701600,12.487399978637695,14.565224995613098,2.743565078835042,-11.913479348445877
2024-12-12,12.329999923706055,13.645000457763672,12.270000457763672,13.25,41802800,12.558199977874756,14.536474995613098,-1.8171398335012023,-15.178886714784202
2024-12-13,12.020000457763672,12.4399995803833,11.579999923706055,11.680000305175781,69680300,12.625399990081787,14.512975001335144,-4.795091900404758,-17.177556933310555
2024-12-16,12.479999542236328,13.25,11.800000190734863,12.34000015258789,48538800,12.683399982452393,14.486074995994567,-1.6036744129923508,-13.848302278656732
2024-12-17,12.359999656677246,12.880000114440918,12.135000228881836,12.489999771118164,31721900,12.748599967956544,14.465524997711181,-3.048180288471203,-14.555471311045288
2024-12-18,11.319999694824219,13.319999694824219,11.050000190734863,12.3100004196167,61231000,12.794999961853028,14.445474996566773,-11.527942723144747,-21.636362269052277
2024-12-19,10.90999984741211,12.149999618530273,10.619999885559082,11.9399995803833,35966500,12.835999965667725,14.417149991989136,-15.004675314794813,-24.32623747776619
2024-12-20,11.140000343322754,11.3100004196167,10.640000343322754,10.765000343322754,30052900,12.885599975585938,14.383749995231629,-13.546902244137126,-22.55148798459521
2024-12-23,10.260000228881836,11.21500015258789,10.109999656677246,11.109999656677246,27635300,12.898999977111817,14.333849997520447,-20.458948390671083,-28.42118320858199
2024-12-24,10.65999984741211,10.82800006866455,10.319999694824219,10.619999885559082,14608200,12.895999965667725,14.302599997520447,-17.33871064057374,-25.468097763622232
2024-12-26,10.359999656677246,10.65999984741211,10.319999694824219,10.460000038146973,15777200,12.878599967956543,14.271949996948242,-19.55647599541773,-27.410061982472513
2024-12-27,9.779999732971191,10.460000038146973,9.710000038146973,10.375,24104100,12.837399959564209,14.235299992561341,-23.816350945077257,-31.29755089052052
2024-12-30,9.510000228881836,9.75,9.02400016784668,9.46500015258789,27334600,12.793199958801269,14.20364999294281,-25.663631776979358,-33.04537753600694
2024-12-31,9.210000038146973,9.84000015258789,9.130000114440918,9.739999771118164,20141600,12.720199966430664,14.162549991607666,-27.595477567548542,-34.96933784096393
2025-01-02,9.449999809265137,9.789999961853027,9.17300033569336,9.449999809265137,26589000,12.6553999710083,14.122499995231628,-25.328319682398615,-33.085503186717155
2025-01-03,10.800000190734863,10.829999923706055,9.430000305175781,9.5,26512700,12.626799983978271,14.094049997329712,-14.46763863814564,-23.371917988221604
2025-01-06,11.430000305175781,11.5,10.739999771118164,11.0600004196167,33200400,12.622799987792968,14.04994999885559,-9.44956494415421,-18.647395142994895
2025-01-07,10.710000038146973,11.5,10.59000015258789,11.220000267028809,20527300,12.59779998779297,13.999649996757507,-14.98515575318896,-23.49808716198232
2025-01-08,10.09000015258789,10.5,9.800000190734863,10.324999809265137,18869600,12.571799983978272,13.952499995231628,-19.741006336031685,-27.683209775766183
2025-01-10,10.09000015258789,10.1899995803833,9.630000114440918,9.920000076293945,17743300,12.522599983215333,13.885949997901916,-19.425677047002843,-27.336623319885
2025-01-13,10.1899995803833,10.265000343322754,9.359999656677246,9.510000228881836,22232400,12.478999977111817,13.820949993133546,-18.34281914357604,-26.271351929890173
2025-01-14,10.350000381469727,10.975000381469727,10.170000076293945,10.670000076293945,19415000,12.444799976348877,13.757149991989136,-16.832730127123618,-24.76639138559521
2025-01-15,11.199999809265137,11.430000305175781,10.739999771118164,10.800000190734863,24511400,12.456599979400634,13.707099995613099,-10.087826310658809,-18.290522336237057
2025-01-16,11.180000305175781,11.350000381469727,10.84000015258789,11.039999961853027,18555800,12.473699989318847,13.670099997520447,-10.37141894747231,-18.21566552400007
2025-01-17,11.869999885559082,12.399999618530273,11.649999618530273,11.829999923706055,27676600,12.515099983215332,13.645299997329712,-5.154574062703688,-13.010341378482282
2025-01-21,10.960000038146973,12.170000076293945,10.680000305175781,12.039999961853027,33559900,12.523099975585938,13.619175000190735,-12.48173328078721,-19.525227937863498
2025-01-22,11.140000343322754,11.359999656677246,10.649999618530273,10.899999618530273,19622600,12.486099987030029,13.595425000190735,-10.780785394202674,-18.060668620756857
2025-01-23,11.40999984741211,11.970000267028809,10.774999618530273,10.878999710083008,27642000,12.442899990081788,13.574474997520447,-8.301120667151562,-15.945184992448747
2025-01-24,11.529999732971191,12.229999542236328,11.399999618530273,11.649999618530273,25360100,12.402099990844727,13.555324997901916,-7.031875718767977,-14.941178210365324
2025-01-27,10.305000305175781,11.050000190734863,9.65999984741211,10.859999656677246,34770200,12.25599998474121,13.530199999809264,-15.918731086769212,-23.837043758990617
2025-01-28,10.050000190734863,10.569999694824219,9.930000305175781,10.539999961853027,18303600,12.104400005340576,13.505199999809266,-16.972339097347177,-25.584217998424307
2025-01-29,10.260000228881836,10.442000389099121,9.84000015258789,9.960000038146973,15369100,12.010000019073486,13.477150001525878,-14.57118890434984,-23.871143174037524
2025-01-30,10.970000267028809,11.100000381469727,10.470000267028809,10.539999961853027,24156700,11.949800033569336,13.457750000953673,-8.19929842999947,-18.485628977715983
2025-01-31,10.4399995803833,11.180000305175781,10.359999656677246,11.020000457763672,18723400,11.878000030517578,13.436500000953675,-12.106418979960354,-22.301197635974347
2025-02-03,10.59000015258789,10.699999809265137,9.569999694824219,9.630000114440918,25333400,11.822200031280518,13.417050004005432,-10.42276289888797,-21.070576994000724
2025-02-04,10.84000015258789,11.079999923706055,10.399999618530273,10.420000076293945,18432200,11.756600036621094,13.396650004386903,-7.796470758365947,-19.08424756160536
2025-02-05,10.3100004196167,11.010000228881836,10.28499984741211,10.920000076293945,14776500,11.682800045013428,13.367050008773804,-11.75060447929759,-22.870039291769928
2025-02-06,10.380000114440918,10.940999984741211,10.229999542236328,10.539999961853027,23563800,11.631100044250488,13.33295000553131,-10.75650561898499,-22.1477609221165
2025-02-07,11.329999923706055,12.470000267028809,11.199999809265137,11.550000190734863,57650200,11.555700035095215,13.294150004386902,-1.9531496205655974,-14.774544292284219
2025-02-10,11.180000305175781,11.4399995803833,10.95199966430664,11.40999984741211,22586500,11.480300045013427,13.246400008201599,-2.6157830253581538,-15.599707858334277
2025-02-11,10.279999732971191,10.979999542236328,10.204999923706055,10.949999809265137,22549100,11.425300045013428,13.198900003433227,-10.02424713162875,-22.11472372472545
2025-02-12,10.520000457763672,10.609999656677246,9.970000267028809,10.0,18640500,11.358500061035157,13.15380000114441,-7.382133193342333,-20.023107719074275
2025-02-13,10.670000076293945,10.689000129699707,10.154999732971191,10.46500015258789,18388600,11.28490005493164,13.111000003814697,-5.448873943451327,-18.617953831214496
2025-02-14,10.5,10.9399995803833,10.5,10.680000305175781,19025500,11.204500045776367,13.07289999961853,-6.287652665430032,-19.681172499549504
2025-02-18,10.079999923706055,10.529999732971191,10.020000457763672,10.520000457763672,19284200,11.127100048065186,13.041400003433228,-9.4103595711014,-22.707685363132533
2025-02-19,9.890000343322754,10.279999732971191,9.880000114440918,10.140000343322754,14724900,11.031300048828125,13.01260000705719,-10.34601271340284,-23.99673902249312
2025-02-20,10.0600004196167,10.199999809265137,9.65999984741211,10.050000190734863,17148400,10.953900051116943,12.983200011253357,-8.160560415275054,-22.51524731270362
2025-02-21,9.25,10.3100004196167,9.220000267028809,10.270000457763672,25174700,10.839500045776367,12.948700013160705,-14.663960875167103,-28.564257488407698
2025-02-24,8.899999618530273,9.260000228881836,8.630000114440918,9.244999885559082,19158900,10.74630002975464,12.906050009727478,-17.180800890653348,-31.040096607232936
2025-02-25,8.149999618530273,8.680000305175781,7.730000019073486,8.430000305175781,32391100,10.650500030517579,12.864100003242493,-23.477774797638208,-36.645395974253894
2025-02-26,7.880000114440918,8.369999885559082,7.695000171661377,8.010000228881836,22195400,10.551500034332275,12.821649999618531,-25.318674228298153,-38.541450478874694
2025-02-27,7.510000228881836,8.390000343322754,7.5,8.21500015258789,24115000,10.455100040435791,12.77625,-28.169025644552292,-41.2190570090454
2025-02-28,7.989999771118164,8.119999885559082,7.360000133514404,7.389999866485596,26388200,10.374500026702881,12.73835000038147,-22.984242608774032,-37.276022633395286
2025-03-03,7.789999961853027,8.920000076293945,7.639999866485596,8.8149995803833,35188700,10.280700035095215,12.69954999923706,-24.22695015650381,-38.65924412816973
2025-03-04,7.760000228881836,8.0600004196167,7.21999979019165,7.440000057220459,24446000,10.188700046539306,12.661550002098084,-23.83719028496086,-38.71208321575191
2025-03-05,8.550000190734863,8.5600004196167,7.820000171661377,7.920000076293945,22904800,10.13330005645752,12.618699998855591,-15.62472103758229,-32.243414999086475
2025-03-06,8.149999618530273,8.539999961853027,8.005000114440918,8.229999542236328,21566500,10.078100051879883,12.57710000038147,-19.131586543338173,-35.19969135744267
2025-03-07,8.829999923706055,8.932000160217285,7.952000141143799,8.045000076293945,23415100,10.031900043487548,12.541099996566773,-11.980782449698912,-29.591503726759704
2025-03-10,7.980000019073486,8.670000076293945,7.800000190734863,8.550000190734863,31225400,9.986300039291383,12.489449999332429,-20.090524141314113,-36.10607336992403
2025-03-11,8.260000228881836,8.444999694824219,7.460000038146973,7.954999923706055,21452100,9.938300046920777,12.438650000095368,-16.887192076263936,-33.59407790380382
2025-03-12,8.100000381469727,8.607999801635742,7.869999885559082,8.430000305175781,17410100,9.893100061416625,12.386949999332428,-18.124750268523403,-34.60859709689422
2025-03-13,7.690000057220459,8.289999961853027,7.679999828338623,8.09000015258789,16137200,9.851300067901612,12.339949998855591,-21.939236403155494,-37.68208090037941
2025-03-14,7.96999979019165,8.149999618530273,7.695000171661377,7.920000076293945,23059000,9.820500059127808,12.291650002002717,-18.843238712841128,-35.159235831698155
2025-03-17,8.119999885559082,8.300000190734863,7.519999980926514,7.789999961853027,26227200,9.79870005607605,12.243799998760224,-17.131866073153525,-33.68072096586605
2025-03-18,7.590000152587891,8.039999961853027,7.550000190734863,7.894999980926514,23615900,9.761500062942504,12.196400001049042,-22.24555546127853,-37.768520613172285
2025-03-19,8.010000228881836,8.279999732971191,7.684999942779541,7.769999980926514,22953400,9.705700063705445,12.15450000524521,-17.471174914674048,-34.09848018902329
2025-03-20,7.75,8.210000038146973,7.679999828338623,7.920000076293945,23177900,9.632100057601928,12.112900006771088,-19.53987236788016,-36.01862480770283
2025-03-21,7.440000057220459,7.760000228881836,7.269999980926514,7.599999904632568,87802400,9.566700057983399,12.071825008392334,-22.23023600481977,-38.368887454480415
2025-03-24,8.789999961853027,8.869999885559082,7.639999866485596,7.639999866485596,37787700,9.5407000541687,12.03532500743866,-7.868396323681337,-26.964997152796442
2025-03-25,8.729999542236328,8.899999618530273,8.479999542236328,8.774999618530273,25839900,9.51350004196167,11.997175002098084,-8.235670323955613,-27.232873232993494
2025-03-26,8.119999885559082,8.739999771118164,8.050000190734863,8.640000343322754,16454800,9.472100048065185,11.956125001907349,-14.274555332450156,-32.085020152735886
2025-03-27,7.84499979019165,8.265000343322754,7.78000020980835,7.940000057220459,17177800,9.422000036239623,11.917450001239777,-16.7374255994735,-34.1721610799665
2025-03-28,7.190000057220459,7.699999809265137,7.019999980926514,7.670000076293945,26180400,9.34180004119873,11.874900002479553,-23.034104503291797,-39.4521212328597
2025-03-31,6.71999979019165,6.929999828338623,6.590000152587891,6.880000114440918,19145200,9.252600030899048,11.828750002384187,-27.371768284047526,-43.1892652322758
2025-04-01,7.559999942779541,7.599999904632568,6.630000114440918,6.78000020980835,32268100,9.166400032043457,11.780300002098084,-17.52487436341792,-35.82506437498962
2025-04-02,8.020000457763672,8.069999694824219,7.289999961853027,7.289999961853027,26624200,9.107600040435791,11.730575003623962,-11.941670449332541,-31.631651003586537
2025-04-03,7.409999847412109,7.589000225067139,7.099999904632568,7.135000228881836,18141600,9.033000030517577,11.67907500743866,-17.967454639900758,-36.55319584220054
2025-04-04,7.320000171661377,7.400000095367432,6.5,7.151000022888184,23582800,8.951200037002563,11.619475009441375,-18.22325340287464,-37.00231580416904
2025-04-07,7.429999828338623,7.989999771118164,6.452000141143799,6.541999816894531,29559100,8.869200038909913,11.559225010871888,-16.226944981028723,-35.72233587156208
2025-04-08,6.739999771118164,7.755000114440918,6.510000228881836,7.724999904632568,23344000,8.79790002822876,11.497075009346009,-23.390812017727637,-41.37639559940944
2025-04-09,7.630000114440918,7.96999979019165,6.559999942779541,6.775000095367432,30589600,8.749500026702881,11.448775005340575,-12.795015816278932,-33.355314338156624
2025-04-10,7.130000114440918,7.460999965667725,6.940000057220459,7.380000114440918,20041900,8.686900024414063,11.401875004768371,-17.92238779769034,-37.46642450071514
2025-04-11,7.5,7.619999885559082,7.130000114440918,7.179999828338623,19725400,8.617500019073486,11.356325001716614,-12.967798277923691,-33.957508270797945
2025-04-14,7.78000020980835,8.145000457763672,7.619999885559082,7.804999828338623,19711600,8.564300031661988,11.314825003147126,-9.157780775476143,-31.240649257550103
2025-04-15,7.28000020980835,7.880000114440918,7.03000020980835,7.800000190734863,27775800,8.498100032806397,11.270975008010865,-14.333790121270019,-35.40931281779902
2025-04-16,7.28000020980835,7.5,7.03000020980835,7.09499979019165,20730600,8.426900033950806,11.22762501001358,-13.609984923539587,-35.1599273816543
2025-04-17,7.510000228881836,7.53000020980835,7.150000095367432,7.269999980926514,21256900,8.370900030136108,11.17557501077652,-10.284435343331577,-32.79987632278427
2025-04-21,7.46999979019165,7.980000019073486,7.440000057220459,7.545000076293945,23977300,8.312700023651123,11.1282750082016,-10.137503230741384,-32.87369529701396
2025-04-22,8.770000457763672,8.84000015258789,7.699999809265137,7.75,40215100,8.261500034332276,11.091375012397766,6.1550616875654995,-20.929547076348044
2025-04-23,8.869999885559082,9.260000228881836,8.649999618530273,9.154999732971191,34450000,8.215300025939941,11.055475015640258,7.969275103184503,-19.76826076662802
2025-04-24,8.859999656677246,8.989999771118164,8.619999885559082,8.779999732971191,23707500,8.186900024414063,11.022675013542175,8.22166669015061,-19.6202405877695
2025-04-25,9.010000228881836,9.279999732971191,8.920000076293945,9.0,26436500,8.156700019836427,10.99162501335144,10.4613410689403,-18.028496988048083
2025-04-28,8.569999694824219,9.109999656677246,8.25,9.069999694824219,23680000,8.114700012207031,10.958575010299683,5.61080116248629,-21.796404306495177
2025-04-29,8.4399995803833,8.664999961853027,8.399999618530273,8.550000190734863,18600700,8.073500003814697,10.925975008010864,4.53953770230302,-22.752893227422355
2025-04-30,8.170000076293945,8.220000267028809,7.860000133514404,8.140999794006348,16693100,8.035300006866455,10.887575006484985,1.676353954580212,-24.960332567834122
2025-05-01,8.670000076293945,8.984999656677246,8.380000114440918,8.625,23177300,8.01090000152588,10.839425010681152,8.227540908543652,-20.014206770649356
2025-05-02,8.8100004196167,9.220000267028809,8.770000457763672,8.795000076293945,22506600,7.985900001525879,10.7845250082016,10.319443242882564,-18.308869301923636
2025-05-05,8.09000015258789,8.45199966430664,7.925000190734863,8.45199966430664,21144900,7.962700004577637,10.729625010490418,1.5987058150761735,-24.601277820257007
2025-05-06,8.09000015258789,8.140000343322754,7.820000171661377,7.885000228881836,12260200,7.946500015258789,10.684725012779236,1.8058281891845995,-24.28443274944353
2025-05-07,8.029999732971191,8.279999732971191,7.909999847412109,8.229999542236328,13582400,7.9441000175476075,10.635675010681153,1.081302038416454,-24.499387909964753
2025-05-08,8.680000305175781,8.899999618530273,8.260000228881836,8.4350004196167,32905900,7.9601000213623045,10.588425016403198,9.043859774142282,-18.023688209256385
2025-05-09,9.199999809265137,9.880000114440918,8.350000381469727,8.369999885559082,49846100,7.993900012969971,10.547175011634828,15.087751840006614,-12.772853402769858
2025-05-12,9.619999885559082,10.03600025177002,9.300000190734863,9.795000076293945,33539100,8.026500015258788,10.512425012588501,19.852985326991444,-8.489241311693075
2025-05-13,10.0,10.329999923706055,9.539999961853027,9.949999809265137,36202600,8.070700016021728,10.481525011062622,23.90498940796064,-4.594035796836826
2025-05-14,9.609999656677246,10.0,9.5,9.960000038146973,23978600,8.107700004577637,10.443975005149841,18.529295006615996,-7.985229264349725
2025-05-15,9.359999656677246,9.470000267028809,8.970000267028809,9.399999618530273,18750600,8.123899993896485,10.40932499885559,15.215594279957244,-10.08062811271343
2025-05-16,9.779999732971191,10.109999656677246,9.359999656677246,9.359999656677246,30118100,8.156499996185303,10.37972499847412,19.90436752951854,-5.777853128007648
2025-05-19,9.84000015258789,9.890000343322754,9.289999961853027,9.385000228881836,23515200,8.17670000076294,10.348924999237061,20.341949095230994,-4.917659048516532
2025-05-20,9.699999809265137,9.84000015258789,9.399999618530273,9.84000015258789,19833800,8.211099996566773,10.321974997520448,18.132769218751488,-6.025738179027973
2025-05-21,10.109999656677246,10.859999656677246,9.520000457763672,9.550000190734863,51060500,8.24809998512268,10.305124998092651,22.573679694874272,-1.8934786472897813
2025-05-22,9.869999885559082,11.039999961853027,9.850000381469727,10.829999923706055,52174900,8.283499975204467,10.29352499961853,19.152531117324646,-4.114480841841283
2025-05-23,9.359999656677246,9.520000457763672,9.140000343322754,9.515000343322754,25656300,8.316899967193603,10.279024996757506,12.541929007180542,-8.940783200451063
2025-05-27,9.859999656677246,10.09000015258789,9.460000038146973,9.550000190734863,27540800,8.354699964523315,10.272924995422363,18.017399769541797,-4.019549825673963
2025-05-28,9.109999656677246,9.760000228881836,9.100000381469727,9.760000228881836,24011700,8.374499959945679,10.257324995994567,8.782610308070726,-11.185424462667859
2025-05-29,8.779999732971191,9.289999961853027,8.729999542236328,9.270000457763672,24768700,8.398299951553344,10.243924994468689,4.544964857408407,-14.290667515507572
2025-05-30,8.630000114440918,8.835000038146973,8.479999542236328,8.585000038146973,21885100,8.410699949264526,10.231274995803833,2.60739494333726,-15.65078528355115
2025-06-02,8.609999656677246,8.850000381469727,8.399999618530273,8.574999809265137,17150000,8.42789994239807,10.218924994468688,2.1606772211792524,-15.74456548670553
2025-06-03,9.210000038146973,9.270000457763672,8.479999542236328,8.65999984741211,26744600,8.4632999420166,10.210024995803833,8.822800813466758,-9.794539759382136
2025-06-04,9.529999732971191,9.569999694824219,9.010000228881836,9.100000381469727,23264200,8.478099937438964,10.201024994850158,12.407258740688798,-6.578018015030096
2025-06-05,9.020000457763672,9.670000076293945,8.880000114440918,9.614999771118164,22939500,8.483899955749513,10.186924996376037,6.319033755824122,-11.455120549405184
2025-06-06,9.789999961853027,10.050000190734863,9.199999809265137,9.239999771118164,31031900,8.517299957275391,10.175824995040893,14.942528864332271,-3.791584794116387
2025-06-09,10.119999885559082,10.154999732971191,9.70199966430664,10.100000381469727,30421500,8.562799959182739,10.16812499523163,18.185639438025227,-0.47329384419562137
2025-06-10,10.130000114440918,10.350000381469727,9.960000038146973,10.22599983215332,20226000,8.62159996032715,10.156724996566773,17.49559433347372,-0.2631249948668368
2025-06-11,9.970000267028809,10.28499984741211,9.8149995803833,10.119999885559082,26785200,8.686599969863892,10.14722499847412,14.774483706137854,-1.7465339683702896
2025-06-12,9.710000038146973,10.0600004196167,9.510000228881836,9.649999618530273,19483900,8.72959997177124,10.13272500038147,11.230755928634029,-4.1718783665655845
2025-06-13,9.300000190734863,9.710000038146973,9.109999656677246,9.390000343322754,28082900,8.755199966430665,10.118425002098084,6.222590305111031,-8.088460518247832
2025-06-16,9.619999885559082,9.654999732971191,9.295000076293945,9.539999961853027,29758300,8.799399967193603,10.109175000190735,9.325634945847261,-4.838922212964203
2025-06-17,8.899999618530273,9.479999542236328,8.710000038146973,9.375,29142100,8.83099995613098,10.100274996757507,0.7813346477415495,-11.883591076604926
2025-06-18,9.180000305175781,9.289999961853027,8.725000381469727,8.819999694824219,26854600,8.865999965667724,10.092124996185303,3.5416235136924934,-9.037984481507056
2025-06-20,9.0,9.430000305175781,8.850000381469727,9.289999961853027,36242700,8.911199970245361,10.083674998283387,0.9964991252709332,-10.746825918803093
2025-06-23,8.850000381469727,9.0,8.425000190734863,8.704999923706055,29475400,8.935599975585937,10.082824997901916,-0.957961349546621,-12.226976236210806
2025-06-24,10.039999961853027,10.039999961853027,8.989999771118164,9.045000076293945,37569100,8.99379997253418,10.089649996757508,11.632457832215493,-0.49208877335127355
2025-06-25,10.600000381469727,10.739999771118164,10.152000427246094,10.260000228881836,34137300,9.055799980163574,10.099699997901917,17.0520595053852,4.953616282382067
2025-06-26,10.8100004196167,10.84000015258789,10.199999809265137,10.484999656677246,30385200,9.116399984359742,10.11329999923706,18.577513472012285,6.888952373925394
2025-06-27,10.670000076293945,10.960000038146973,10.460000038146973,10.760000228881836,28518500,9.184199981689453,10.1225,16.177784647184666,5.408743653187886
2025-06-30,11.029999732971191,11.130000114440918,10.65999984741211,10.850000381469727,31218900,9.25919997215271,10.130899996757508,19.12475987282065,8.874825894061233
2025-07-01,11.079999923706055,11.329999923706055,10.600000381469727,10.789999961853027,28651200,9.330599966049194,10.139849996566772,18.749061839777916,9.271832694345639
2025-07-02,12.479999542236328,12.489999771118164,11.35200023651123,11.380000114440918,40684100,9.430799961090088,10.155999994277954,32.332353498396,22.883020374830167
2025-07-03,12.25,12.960000038146973,12.15999984741211,12.630000114440918,20908900,9.500399951934815,10.170349993705749,28.941939939120264,20.448165575238896
2025-07-07,11.329999923706055,12.0600004196167,11.092000007629395,11.960000038146973,32247800,9.549599952697754,10.181649994850158,18.643712614425677,11.278623105653086
2025-07-08,11.600000381469727,11.979999542236328,11.380000114440918,11.520000457763672,22403000,9.604399967193604,10.193899998664856,20.77798114502343,13.79354695444368
2025-07-09,12.470000267028809,12.640000343322754,11.4399995803833,11.819999694824219,29290800,9.673599967956543,10.21204999923706,28.907545364034505,22.1106464222212
2025-07-10,12.899999618530273,13.0,12.239999771118164,12.454999923706055,24988000,9.760199966430664,10.231399998664855,32.169419303894074,26.08244834737823
2025-07-11,12.649999618530273,13.510000228881836,12.420000076293945,13.260000228881836,33778400,9.844399967193603,10.249699997901917,28.49944801802358,23.418242691197698
2025-07-14,12.600000381469727,13.65999984741211,12.420000076293945,13.0,44064400,9.93299997329712,10.266849999427796,26.849898473193434,22.72508493035317
2025-07-15,12.1899995803833,12.520000457763672,11.970000267028809,12.425000190734863,28346400,10.003399963378905,10.279649996757508,21.858564338217423,18.583799878676533
2025-07-16,12.569999694824219,13.050000190734863,12.40999984741211,12.569999694824219,27173200,10.078599948883056,10.29579999446869,24.71970073797074,22.088615761546638
2025-07-17,12.979999542236328,13.09000015258789,12.210000038146973,12.489999771118164,26748300,10.176399936676026,10.310249991416931,27.550013983393605,25.894130142740558
2025-07-18,12.779999732971191,13.579999923706055,12.375,13.130000114440918,29206700,10.270199928283692,10.323499989509582,24.437691789968152,23.79522202700468
2025-07-21,12.390000343322754,13.350000381469727,12.369999885559082,12.920000076293945,24158400,10.357399940490723,10.338749990463256,19.62462021849596,19.840409669946823
2025-07-22,12.84000015258789,12.880000114440918,12.119999885559082,12.550000190734863,20712100,10.440599937438964,10.35989999294281,22.98144004680145,23.93942182197253
2025-07-23,12.449999809265137,12.890000343322754,12.210000038146973,12.630000114440918,20137100,10.505599937438966,10.378199992179871,18.508223075360817,19.962997616604007
2025-07-24,12.34000015258789,12.800000190734863,12.295000076293945,12.420000076293945,15712600,10.559999942779541,10.396599993705749,16.856062684218422,18.692651059564703
2025-07-25,11.819999694824219,12.09000015258789,11.600000381469727,12.085000038146973,17162100,10.596399936676026,10.40779999256134,11.547315743652685,13.568666800593832
2025-07-28,12.029999732971191,12.40999984741211,11.850000381469727,12.289999961853027,17314700,10.644799938201905,10.422449989318848,13.012924646879487,15.423914197715472
2025-07-29,11.729999542236328,12.149999618530273,11.399999618530273,12.045000076293945,17750400,10.692199935913086,10.43609998703003,9.706137301430996,12.398305466739057
2025-07-30,11.420000076293945,12.170000076293945,11.180000305175781,11.859999656677246,16557000,10.72499994277954,10.448899989128114,6.480187759649403,9.29380210525743
2025-07-31,11.369999885559082,11.739999771118164,11.300000190734863,11.420000076293945,20120000,10.755599937438966,10.462449989318849,5.712372640241692,8.674353494322595
2025-08-01,10.4399995803833,10.963000297546387,10.229999542236328,10.800000190734863,17906900,10.770399932861329,10.466699986457824,-3.067670230795705,-0.2550986090082752
2025-08-04,10.619999885559082,10.729999542236328,10.331999778747559,10.635000228881836,13234900,10.780599937438964,10.465749983787537,-1.489713492865541,1.4738542580368552
2025-08-05,10.829999923706055,10.850000381469727,10.430000305175781,10.510000228881836,14943600,10.799799938201904,10.463749985694886,0.27963467542879705,3.500178602430992
2025-08-06,11.0,11.079999923706055,10.5,10.800000190734863,19317900,10.83259994506836,10.459549984931947,1.5453358914805149,5.167048447080669
2025-08-07,10.720000267028809,11.4399995803833,10.4399995803833,11.15999984741211,25416000,10.84979995727539,10.454549984931946,-1.1963325661091484,2.539088554547586
2025-08-08,10.069999694824219,11.350000381469727,9.819999694824219,11.0,33992800,10.86899995803833,10.440599985122681,-7.351184711553882,-3.5496072143990642
2025-08-11,9.869999885559082,10.359999656677246,9.8100004196167,10.135000228881836,29678200,10.890799961090089,10.42649998664856,-9.373049538858968,-5.33736250709339
2025-08-12,9.920000076293945,10.239999771118164,9.770000457763672,9.949999809265137,22600900,10.916599960327149,10.414949989318847,-9.129215027160686,-4.7523023493392
2025-08-13,9.970000267028809,10.25,9.829999923706055,10.149999618530273,21296500,10.94379997253418,10.406649990081787,-8.89818626025084,-4.195872095911113
2025-08-14,9.949999809265137,9.960000038146973,9.350000381469727,9.729999542236328,25428700,10.958599967956543,10.396599988937378,-9.203731878530109,-4.2956368442322646
2025-08-15,9.75,10.015000343322754,9.619999885559082,9.930000305175781,16460000,10.96299997329712,10.388399987220764,-11.064489430371772,-6.145315813850916
2025-08-18,9.84000015258789,10.050000190734863,9.449999809265137,9.520000457763672,15833000,10.979399967193604,10.374849987030029,-10.377614605627217,-5.155253667385773
2025-08-19,9.359999656677246,9.868000030517578,9.319999694824219,9.84000015258789,13770700,10.970799961090087,10.359799985885621,-14.682614851476949,-9.65076864968939
2025-08-20,9.489999771118164,9.5,8.970000267028809,9.3100004196167,15416400,10.95819995880127,10.346949982643128,-13.398187596530352,-8.282152836946988
2025-08-21,9.329999923706055,9.369999885559082,9.0649995803833,9.130999565124512,16217100,10.942199954986572,10.34054998397827,-14.733783315171522,-9.77269160574602
2025-08-22,9.819999694824219,9.930000305175781,9.09000015258789,9.270000457763672,15657600,10.93919994354248,10.338024983406067,-10.231097836171621,-5.010872864143289
2025-08-25,9.449999809265137,9.675000190734863,9.270000457763672,9.5,17447200,10.933999938964844,10.336274981498718,-13.572344411776193,-8.57441557833899
2025-08-26,9.680000305175781,9.699999809265137,9.265000343322754,9.401000022888184,12713000,10.941599941253662,10.331874980926514,-11.530303089598515,-6.309355048857512
2025-08-27,9.579999923706055,9.829999923706055,9.425000190734863,9.649999618530273,15833000,10.940799942016602,10.314824981689453,-12.43784755705647,-7.12397020102461
2025-08-28,9.550000190734863,9.989999771118164,9.529999732971191,9.720000267028809,16489500,10.953799953460694,10.294724984169006,-12.81564177445399,-7.234042624541825
2025-08-29,9.470000267028809,9.635000228881836,9.260000228881836,9.550000190734863,17104700,10.959599952697754,10.27422498703003,-13.59173411527922,-7.82759498664335
2025-09-02,9.640000343322754,9.928999900817871,9.109999656677246,9.270000457763672,16334600,10.972399959564209,10.234374985694885,-12.14319220181228,-5.807630101524708
2025-09-03,9.4399995803833,9.960000038146973,9.3100004196167,9.760000228881836,20611900,10.98419994354248,10.19342498779297,-14.058378134922812,-7.391288093176984
2025-09-04,9.079999923706055,9.430000305175781,9.020000457763672,9.399999618530273,16146200,10.96499994277954,10.163924989700318,-17.191062735159967,-10.664433937604478
2025-09-05,9.239999771118164,9.420000076293945,8.880000114440918,9.199999809265137,18387600,10.93779993057251,10.140224990844727,-15.522318658515443,-8.877763763026426
2025-09-08,9.170000076293945,9.40999984741211,9.069999694824219,9.260000228881836,15999900,10.904999923706054,10.11592499256134,-15.910131678593087,-9.350849447410614
2025-09-09,9.670000076293945,9.6850004196167,9.09000015258789,9.345000267028809,23573300,10.884999923706054,10.097374992370606,-11.162148423777241,-4.232534855837056
2025-09-10,10.029999732971191,10.260000228881836,9.777000427246094,10.010000228881836,28763500,10.864999923706055,10.076924991607665,-7.685229605137856,-0.465670417072217
2025-09-11,10.199999809265137,10.460000038146973,9.859999656677246,10.050000190734863,18286200,10.847399921417237,10.057924990653992,-5.968251533474545,1.4125658994590173
2025-09-12,10.350000381469727,10.539999961853027,10.062000274658203,10.180000305175781,17529100,10.804799938201905,10.0448499917984,-4.209236259194116,3.0378790118367194
2025-09-15,10.289999961853027,10.479999542236328,9.8100004196167,10.385000228881836,21682900,10.765599937438965,10.020799989700317,-4.417774934511254,2.6864119873603265
2025-09-16,11.199999809265137,11.265000343322754,10.164999961853027,10.295000076293945,29647700,10.762999935150146,10.002049989700318,4.060205117049409,11.977042914186754
2025-09-17,11.4399995803833,11.675000190734863,10.979999542236328,11.229999542236328,28227300,10.759799919128419,9.994099988937378,6.321675740881072,14.467531774210896
2025-09-18,13.460000038146973,13.635000228881836,11.829999923706055,11.979999542236328,64657700,10.779599914550781,9.992099990844727,24.8654880036695,34.706418575471766
2025-09-19,13.619999885559082,14.050000190734863,13.1899995803833,13.329999923706055,47361400,10.793999919891357,9.988449988365174,26.18121166056271,36.35749191740501
2025-09-22,13.739999771118164,13.819999694824219,12.510000228881836,13.234999656677246,34536600,10.815799922943116,9.984549984931945,27.03637150287943,37.61260940006017
2025-09-23,13.90999984741211,15.1899995803833,13.760000228881836,14.739999771118164,48667500,10.841999912261963,9.98434998512268,28.297361741170413,39.318031400530806
2025-09-24,14.449999809265137,15.119999885559082,13.970000267028809,14.34000015258789,40798700,10.887199916839599,9.983199982643127,32.724666761329836,44.743166864212114
2025-09-25,13.680000305175781,14.569999694824219,13.385000228881836,14.0,37228400,10.90939992904663,9.981949982643128,25.396450713593666,37.04737379933698
2025-09-26,12.960000038146973,13.539999961853027,12.300000190734863,13.109999656677246,35209600,10.908999938964843,9.971899981498717,18.800991022617495,29.96520284190778
2025-09-29,14.869999885559082,15.125,13.303000450134277,13.3100004196167,40808300,10.950799942016602,9.97844997882843,35.78916576226627,49.0211397272041
2025-09-30,14.5,14.869999885559082,14.210000038146973,14.619999885559082,25824900,10.992999935150147,9.986249980926514,31.902120308726744,45.19964979541504
2025-10-01,14.59000015258789,15.369999885559082,14.25,15.079999923706055,31962300,11.027999935150147,9.995049982070922,32.29960317722151,45.972258055331096
2025-10-02,15.140000343322754,15.380000114440918,14.4350004196167,14.956000328063965,30563900,11.0817999458313,10.009099984169007,36.62040839329579,51.262354929704834
2025-10-03,15.9399995803833,16.545000076293945,15.430000305175781,15.614999771118164,39652000,11.153799934387207,10.028699979782104,42.91093326176869,58.943827340716126
2025-10-06,17.43000030517578,17.469999313354492,16.229999542236328,16.915000915527344,36834100,11.265999946594238,10.053449983596801,54.71330008700157,73.37332292511081
2025-10-07,17.959999084472656,18.8700008392334,16.815000534057617,18.0,47720100,11.384599933624267,10.081449980735778,57.75696281981797,78.14896784482062
2025-10-08,18.979999542236328,19.690000534057617,18.264999389648438,18.459999084472656,43561500,11.529599933624267,10.11974997997284,64.61975828739853,87.55403621431435
2025-10-09,20.09000015258789,20.579999923706055,19.054000854492188,19.260000228881836,50271900,11.702999935150146,10.165649981498719,71.66538719911684,97.62632186974068
2025-10-10,19.280000686645508,22.1200008392334,18.760000228881836,21.049999237060547,62391400,11.861199951171875,10.206349983215333,62.54679767657625,88.90201412211107
2025-10-13,20.040000915527344,20.280000686645508,19.100000381469727,20.225000381469727,35295100,12.053199977874756,10.25524998664856,66.26290903920466,95.41211517630165
2025-10-14,21.979999542236328,22.68000030517578,18.81999969482422,19.155000686645508,50946600,12.2803999710083,10.31184998512268,78.98439459730096,113.15282489512315
2025-10-15,23.200000762939453,23.610000610351562,21.770000457763672,22.514999389648438,45368400,12.527799987792969,10.376049990653991,85.18814784355935,123.59183681493792
2025-10-16,19.989999771118164,23.145000457763672,19.81999969482422,23.049999237060547,46991500,12.707599983215331,10.427099990844727,57.30743647519356,91.7119792528116
2025-10-17,19.524999618530273,19.84000015258789,18.334999084472656,18.610000610351562,30681200,12.883699970245361,10.477174987792969,51.54807752138637,86.3574832078207
2025-10-20,20.399999618530273,22.690000534057617,20.31999969482422,21.23200035095215,44490000,13.090299968719483,10.533124985694885,55.840581707661485,93.674713309067
2025-10-21,18.770000457763672,20.350000381469727,18.420000076293945,20.239999771118164,37933000,13.268299980163574,10.579724988937379,41.46499917717621,77.41482389561544
2025-10-22,16.860000610351562,18.729999542236328,16.229999542236328,18.100000381469727,36451900,13.407099990844726,10.610024991035461,25.75426916980339,58.906323261224934
2025-10-23,17.670000076293945,18.139999389648438,16.760000228881836,17.010000228881836,22929500,13.56109998703003,10.641224989891052,30.299165209265546,66.0523115814212
2025-10-24,19.364999771118164,19.389999389648438,18.219999313354492,18.399999618530273,24943500,13.74939998626709,10.684499988555908,40.84250796732904,81.24385597697486
2025-10-27,20.200000762939453,20.459999084472656,19.579999923706055,20.040000915527344,23545100,13.95840000152588,10.735049991607665,44.715732180846416,88.16866971957464
2025-10-28,19.149999618530273,20.864999771118164,19.125,19.899999618530273,24040800,14.144599990844727,10.780349988937378,35.387353696289445,77.63801396227115
2025-10-29,18.889999389648438,20.850000381469727,18.209999084472656,20.479999542236328,34180300,14.33519998550415,10.823849987983703,31.773532345207123,74.52199920194312
2025-10-30,17.690000534057617,18.719999313354492,17.65399932861328,18.18000030517578,19537900,14.49920000076294,10.860549988746643,22.006735082809946,62.88310032537427
2025-10-31,17.799999237060547,18.375,17.375,18.200000762939453,17901000,14.66859998703003,10.89354998588562,21.347635444413914,63.399435997662515
