Date,Close,High,Low,Open,Volume,SMA50,SMA200,ext_sma50_pct,ext_sma200_pct
2021-10-28,35.0,35.95000076293945,32.0,33.5,18628300,,,,
2021-10-29,35.56999969482422,36.63999938964844,34.2599983215332,35.0,2742000,,,,
2021-11-01,36.95000076293945,37.20000076293945,34.2599983215332,35.56999969482422,1949400,,,,
2021-11-02,35.43000030517578,37.81999969482422,34.86000061035156,37.13999938964844,1837200,,,,
2021-11-03,35.810001373291016,36.41999816894531,34.625,35.15999984741211,3567800,,,,
2021-11-04,34.5,36.81999969482422,34.30500030517578,36.22999954223633,953400,,,,
2021-11-05,34.34000015258789,35.380001068115234,33.5,34.79999923706055,762900,,,,
2021-11-08,36.060001373291016,37.650001525878906,35.47999954223633,35.880001068115234,1593900,,,,
2021-11-09,36.439998626708984,37.150001525878906,35.25,36.20000076293945,561600,,,,
2021-11-10,34.15999984741211,36.84000015258789,33.58000183105469,36.689998626708984,1159500,,,,
2021-11-11,37.2400016784668,37.43000030517578,34.18000030517578,34.61000061035156,872300,,,,
2021-11-12,37.52000045776367,39.290000915527344,37.0099983215332,37.2400016784668,526600,,,,
2021-11-15,37.61000061035156,39.400001525878906,37.380001068115234,38.130001068115234,524000,,,,
2021-11-16,36.5099983215332,37.970001220703125,36.290000915527344,37.599998474121094,528400,,,,
2021-11-17,35.81999969482422,37.650001525878906,35.5099983215332,36.83000183105469,531800,,,,
2021-11-18,35.0,36.9900016784668,34.43000030517578,35.81999969482422,644300,,,,
2021-11-19,35.79999923706055,36.369998931884766,34.650001525878906,35.0,579400,,,,
2021-11-22,36.459999084472656,38.869998931884766,36.209999084472656,37.709999084472656,1545900,,,,
2021-11-23,36.529998779296875,38.0,36.13999938964844,36.459999084472656,2139600,,,,
2021-11-24,35.970001220703125,37.25,35.448001861572266,37.16999816894531,598100,,,,
2021-11-26,34.369998931884766,35.255001068115234,33.79999923706055,35.04999923706055,431200,,,,
2021-11-29,34.08000183105469,35.09000015258789,33.090999603271484,35.0,677800,,,,
2021-11-30,31.690000534057617,35.78499984741211,31.59000015258789,35.630001068115234,1430700,,,,
2021-12-01,33.189998626708984,36.0,32.619998931884766,32.689998626708984,1404500,,,,
2021-12-02,33.7400016784668,35.55099868774414,32.75,33.29999923706055,775000,,,,
2021-12-03,31.030000686645508,34.880001068115234,30.2450008392334,33.7599983215332,826600,,,,
2021-12-06,32.56999969482422,32.619998931884766,27.479999542236328,31.049999237060547,1389200,,,,
2021-12-07,31.850000381469727,34.22999954223633,31.020000457763672,33.56999969482422,937200,,,,
2021-12-08,31.6200008392334,32.029998779296875,31.1299991607666,31.690000534057617,872900,,,,
2021-12-09,31.31999969482422,32.2400016784668,29.75,30.299999237060547,1438300,,,,
2021-12-10,32.15999984741211,32.84000015258789,30.959999084472656,31.31999969482422,861500,,,,
2021-12-13,32.70000076293945,33.47200012207031,31.670000076293945,32.20000076293945,778200,,,,
2021-12-14,30.540000915527344,33.619998931884766,30.34000015258789,32.310001373291016,662000,,,,
2021-12-15,31.239999771118164,31.459999084472656,29.549999237060547,30.56999969482422,908900,,,,
2021-12-16,30.3799991607666,34.470001220703125,29.799999237060547,31.510000228881836,1139100,,,,
2021-12-17,30.049999237060547,30.610000610351562,28.25,30.010000228881836,5110400,,,,
2021-12-20,29.709999084472656,29.93000030517578,28.399999618530273,29.43000030517578,724500,,,,
2021-12-21,31.920000076293945,32.43000030517578,30.93000030517578,30.93000030517578,832400,,,,
2021-12-22,32.900001525878906,32.959999084472656,31.110000610351562,31.90999984741211,1207300,,,,
2021-12-23,35.369998931884766,35.599998474121094,33.040000915527344,33.209999084472656,734900,,,,
2021-12-27,35.09000015258789,35.56999969482422,34.189998626708984,35.16999816894531,364900,,,,
2021-12-28,36.02000045776367,36.5,34.86000061035156,34.9900016784668,672500,,,,
2021-12-29,33.5,36.18000030517578,33.310001373291016,35.970001220703125,859300,,,,
2021-12-30,34.38999938964844,35.58000183105469,33.310001373291016,33.400001525878906,1607100,,,,
2021-12-31,35.560001373291016,36.38999938964844,34.27000045776367,34.38999938964844,370200,,,,
2022-01-03,34.869998931884766,36.70500183105469,34.56999969482422,35.90999984741211,583600,,,,
2022-01-04,34.849998474121094,35.810001373291016,34.27000045776367,35.290000915527344,589000,,,,
2022-01-05,30.229999542236328,35.06999969482422,29.575000762939453,34.7599983215332,1343800,,,,
2022-01-06,28.059999465942383,30.43000030517578,27.649999618530273,30.170000076293945,2183700,,,,
2022-01-07,27.399999618530273,28.670000076293945,27.200000762939453,28.459999084472656,1057100,33.82240001678467,,-18.98860043955255,
2022-01-10,26.049999237060547,27.280000686645508,25.059999465942383,27.280000686645508,990600,33.643400001525876,,-22.57025379159341,
2022-01-11,26.920000076293945,27.597000122070312,25.59000015258789,26.059999465942383,976400,33.47040000915527,,-19.570724972123344,
2022-01-12,25.81999969482422,27.549999237060547,25.389999389648438,27.31999969482422,577600,33.247799987792966,,-22.340727193065067,
2022-01-13,24.600000381469727,27.469999313354492,24.520000457763672,27.0,740600,33.03119998931885,,-25.524957042358388,
2022-01-14,24.200000762939453,24.729999542236328,22.1299991607666,24.18000030517578,1200800,32.79899997711182,,-26.217260343830663,
2022-01-18,23.489999771118164,24.514999389648438,22.889999389648438,23.510000228881836,1077800,32.57879997253418,,-27.89789743354083,
2022-01-19,21.93000030517578,24.739999771118164,21.81999969482422,24.15999984741211,775300,32.33059997558594,,-32.16952261406855,
2022-01-20,21.3700008392334,23.625,21.270000457763672,22.6200008392334,847700,32.03679996490479,,-33.295457528081776,
2022-01-21,20.1299991607666,21.354999542236328,19.459999084472656,20.809999465942383,1440800,31.710599975585936,,-36.51965217856258,
2022-01-24,20.65999984741211,20.75,18.424999237060547,19.34000015258789,1424500,31.440599975585936,,-34.28878627171591,
2022-01-25,20.790000915527344,21.049999237060547,19.700000762939453,20.139999389648438,1230300,31.111599960327148,,-33.176047062708726,
2022-01-26,19.959999084472656,21.84000015258789,19.75,21.139999389648438,1044400,30.76039993286133,,-35.11137979987902,
2022-01-27,17.559999465942383,21.0049991607666,17.5,20.280000686645508,1210700,30.359399909973146,,-42.15959630949795,
2022-01-28,17.030000686645508,17.40999984741211,15.579999923706055,17.40999984741211,1614300,29.96979995727539,,-43.176128266043534,
2022-01-31,18.700000762939453,19.059999465942383,17.040000915527344,17.040000915527344,2322600,29.627399978637694,,-36.88274780634564,
2022-02-01,19.15999984741211,19.639999389648438,18.459999084472656,18.8799991607666,1421200,29.310599975585937,,-34.63115779488888,
2022-02-02,17.850000381469727,19.979999542236328,17.655000686645508,19.549999237060547,1537800,28.951599998474123,,-38.34537510047631,
2022-02-03,15.609999656677246,17.690000534057617,15.350000381469727,17.690000534057617,1644800,28.53460000991821,,-45.294485812832704,
2022-02-04,15.470000267028809,16.170000076293945,15.229999542236328,15.40999984741211,1634100,28.11340003967285,,-44.97285904516005,
2022-02-07,15.970000267028809,16.56999969482422,15.430000305175781,15.5,1708700,27.713400020599366,,-42.374446097706134,
2022-02-08,15.609999656677246,16.6299991607666,15.359999656677246,15.970000267028809,895000,27.338200035095216,,-42.90041174386747,
2022-02-09,16.670000076293945,17.65999984741211,16.40999984741211,16.40999984741211,2151100,26.99,,-38.236383563193975,
2022-02-10,15.210000038146973,16.649999618530273,13.440999984741211,15.5,2640500,26.660399990081785,,-42.949092872554786,
2022-02-11,13.34000015258789,16.0,12.819999694824219,14.640000343322754,3030800,26.263400020599367,,-49.2068805176602,
2022-02-14,12.739999771118164,13.170000076293945,12.399999618530273,13.170000076293945,1928400,25.843399982452393,,-50.7030817161496,
2022-02-15,13.470000267028809,14.109999656677246,12.859999656677246,13.289999961853027,2297000,25.492199974060057,,-47.1603067576145,
2022-02-16,13.59000015258789,13.9399995803833,13.220000267028809,13.75,1468700,25.112599983215333,,-45.88373899289152,
2022-02-17,13.079999923706055,14.640000343322754,12.819999694824219,14.069999694824219,1182600,24.737199974060058,,-47.12416952030944,
2022-02-18,12.15999984741211,13.289999961853027,11.949999809265137,13.210000038146973,1345000,24.34799995422363,,-50.05750012208817,
2022-02-22,11.180000305175781,12.390000343322754,11.069999694824219,11.989999771118164,1541900,23.945199966430664,,-53.310056625756786,
2022-02-23,10.829999923706055,11.680000305175781,10.744999885559082,11.65999984741211,1346600,23.518599967956543,,-53.95134090268283,
2022-02-24,12.479999542236328,12.520000457763672,10.239999771118164,10.34000015258789,2805500,23.11419994354248,,-46.007218191763876,
2022-02-25,12.069999694824219,12.789999961853027,11.449999809265137,12.5,2727300,22.74479991912842,,-46.93292648104006,
2022-02-28,13.529999732971191,13.5600004196167,12.279999732971191,12.359999656677246,1939400,22.390599918365478,,-39.57285743883325,
2022-03-01,12.180000305175781,13.819999694824219,12.0600004196167,13.529999732971191,1436500,22.02659994125366,,-44.70322093441287,
2022-03-02,11.739999771118164,12.477999687194824,11.109999656677246,12.15999984741211,1938800,21.660399951934814,,-45.7997091597125,
2022-03-03,10.770000457763672,11.84000015258789,10.699999809265137,11.729999542236328,980700,21.281599979400635,,-49.39290058929585,
2022-03-04,10.039999961853027,11.029999732971191,9.930000305175781,10.789999961853027,949400,20.843999977111817,,-51.83266180734189,
2022-03-07,9.850000381469727,10.65999984741211,9.819999694824219,10.1899995803833,1687700,20.38299995422363,,-51.67541380762907,
2022-03-08,11.300000190734863,11.6899995803833,9.899999618530273,10.149999618530273,1925200,19.901599979400636,,-43.2206445590754,
2022-03-09,11.930000305175781,12.739999771118164,11.5,11.5,2287300,19.438399982452392,,-38.62663431174717,
2022-03-10,12.180000305175781,12.329999923706055,11.380000114440918,11.930000305175781,1120600,18.961599979400635,,-35.76491267399481,
2022-03-11,10.880000114440918,12.960000038146973,10.84000015258789,12.34000015258789,899400,18.509199981689452,,-41.21842043305952,
2022-03-14,10.260000228881836,11.109999656677246,10.079999923706055,10.760000228881836,1270200,18.026599998474122,,-43.08410776435766,
2022-03-15,11.329999923706055,11.40999984741211,10.149999618530273,10.260000228881836,1758800,17.541999969482422,,-35.41215401084995,
2022-03-16,12.550000190734863,12.819999694824219,11.5600004196167,11.600000381469727,1301600,17.095599994659423,,-26.589296692392082,
2022-03-17,13.59000015258789,14.09000015258789,12.140000343322754,12.390000343322754,1213100,16.67040002822876,,-18.478260092287435,
2022-03-18,14.170000076293945,14.229999542236328,13.180000305175781,13.350000381469727,2666900,16.349200038909913,,-13.329092294605427,
2022-03-21,14.170000076293945,14.720000267028809,13.770000457763672,14.069999694824219,1794900,16.071400051116942,,-11.830954171854192,
2022-03-22,14.239999771118164,14.760000228881836,14.010000228881836,14.199999809265137,883100,15.8082000541687,,-9.920169770605824,
2022-03-23,13.579999923706055,13.9399995803833,13.079999923706055,13.890000343322754,902200,15.558800067901611,,-12.718205360051481,
2022-03-24,13.819999694824219,15.020000457763672,13.0,13.90999984741211,1610800,15.296800060272217,,-9.654309134126947,
2022-03-25,13.130000114440918,14.277000427246094,12.670000076293945,13.949999809265137,1218200,15.04300006866455,,-12.716877919907233,
2022-03-28,13.050000190734863,13.600000381469727,12.520000457763672,13.170000076293945,813300,14.812000064849853,,-11.895759292469666,
2022-03-29,13.90999984741211,14.100000381469727,13.239999771118164,13.289999961853027,1098400,14.606200046539307,,-4.766470381816735,
2022-03-30,13.34000015258789,14.418999671936035,13.270000457763672,13.770000457763672,1894800,14.403200054168702,,-7.381692246044236,
2022-03-31,13.109999656677246,13.670000076293945,12.770000457763672,13.289999961853027,931700,14.22680004119873,,-7.849975969911672,
2022-04-01,13.619999885559082,13.989999771118164,13.170000076293945,13.359999656677246,947200,14.071800022125244,,-3.210677637941073,
2022-04-04,14.4399995803833,14.489999771118164,13.680000305175781,13.789999961853027,2132500,13.958000030517578,,3.4532135607671988,
2022-04-05,13.140000343322754,15.170000076293945,13.0600004196167,14.569999694824219,2903600,13.80760004043579,,-4.835016187881747,
2022-04-06,12.140000343322754,12.84000015258789,11.800000190734863,12.770000457763672,2025600,13.634600028991699,,-10.961815399725172,
2022-04-07,12.149999618530273,12.34000015258789,11.579999923706055,11.989999771118164,1220100,13.478400039672852,,-9.855772326333334,
2022-04-08,11.539999961853027,12.260000228881836,11.489999771118164,12.039999961853027,2195700,13.358000049591064,,-13.609822435909425,
2022-04-11,10.59000015258789,11.220000267028809,10.380000114440918,11.15999984741211,3573000,13.229200038909912,,-19.949807082511185,
2022-04-12,10.239999771118164,11.15999984741211,10.029999732971191,10.949999809265137,2005200,13.060000019073486,,-21.592651177923816,
2022-04-13,10.670000076293945,10.699999809265137,9.720000267028809,10.229999542236328,1972900,12.890200023651124,,-17.223937124974974,
2022-04-14,10.069999694824219,11.020000457763672,10.039999961853027,10.670000076293945,1457000,12.734600009918212,,-20.9240990138575,
2022-04-18,10.09000015258789,10.130000114440918,9.649999618530273,10.079999923706055,1013500,12.624200019836426,,-20.074142228945536,
2022-04-19,10.800000190734863,10.970000267028809,10.0,10.010000228881836,1155300,12.530800018310547,,-13.812364933177168,
2022-04-20,10.109999656677246,10.9399995803833,10.085000038146973,10.920000076293945,1073000,12.413600006103515,,-18.55706924899816,
2022-04-21,9.380000114440918,10.383000373840332,9.170000076293945,10.239999771118164,1586600,12.28900001525879,,-23.671575369890764,
2022-04-22,9.390000343322754,9.675000190734863,9.109999656677246,9.34000015258789,1111000,12.143400020599366,,-22.674042464267853,
2022-04-25,9.479999542236328,9.60200023651123,8.949999809265137,9.100000381469727,1281000,12.028800010681152,,-21.189149925026427,
2022-04-26,8.869999885559082,9.65999984741211,8.819999694824219,9.479999542236328,1543300,11.939400005340577,,-25.70816053075139,
2022-04-27,9.100000381469727,9.3100004196167,8.84000015258789,8.920000076293945,1440200,11.866600017547608,,-23.3141728210844,
2022-04-28,9.449999809265137,9.579999923706055,8.59000015258789,9.3100004196167,2516500,11.786200008392335,,-19.82148782019406,
2022-04-29,9.170000076293945,9.970000267028809,9.170000076293945,9.420000076293945,934200,11.697800006866455,,-21.60919086570744,
2022-05-02,9.359999656677246,9.489999771118164,8.8100004196167,9.260000228881836,923600,11.623400001525878,,-19.47279061678597,
2022-05-03,9.729999542236328,10.0600004196167,9.199999809265137,9.319999694824219,1064100,11.574799995422364,,-15.938076285686343,
2022-05-04,10.859999656677246,10.914999961853027,9.770000457763672,10.0600004196167,1452200,11.568399982452393,,-6.12358084825636,
2022-05-05,10.079999923706055,10.89900016784668,9.850000381469727,10.84000015258789,1098900,11.553399982452392,,-12.752956367685497,
2022-05-06,10.390000343322754,10.517000198364258,9.510000228881836,10.050000190734863,1180000,11.511599998474122,,-9.743212544737801,
2022-05-09,8.949999809265137,10.199999809265137,8.880000114440918,9.979999542236328,1427300,11.44920000076294,,-21.828601049254647,
2022-05-10,8.239999771118164,9.614999771118164,7.770999908447266,9.25,1886200,11.343400001525879,,-27.3586422941116,
2022-05-11,7.090000152587891,8.15999984741211,7.050000190734863,8.15999984741211,1811300,11.241599998474122,,-36.93068465743087,
2022-05-12,6.309999942779541,7.199999809265137,4.960000038146973,7.099999904632568,6999700,11.133000001907348,,-43.321656860698035,
2022-05-13,7.300000190734863,7.519999980926514,6.389999866485596,6.550000190734863,3318100,11.063599996566772,,-34.01785862648523,
2022-05-16,7.659999847412109,7.849999904632568,7.050000190734863,7.21999979019165,1815900,11.015999994277955,,-30.464779853023373,
2022-05-17,8.619999885559082,8.729999542236328,7.949999809265137,8.020000457763672,1328200,10.991399984359742,,-21.575050513811277,
2022-05-18,8.100000381469727,8.920000076293945,8.029999732971191,8.220000267028809,1250500,10.927399988174438,,-25.874403881659912,
2022-05-19,9.119999885559082,9.3100004196167,8.119999885559082,8.119999885559082,1671000,10.871199979782105,,-16.10861816064323,
2022-05-20,8.949999809265137,9.680000305175781,8.4399995803833,9.680000305175781,1837600,10.80659996986389,,-17.180243238171222,
2022-05-23,9.289999961853027,9.300000190734863,8.470000267028809,9.050000190734863,915500,10.774799966812134,,-13.78030227505378,
2022-05-24,8.5600004196167,9.100000381469727,8.479999542236328,9.020000457763672,1000900,10.740799970626831,,-20.30388385384726,
2022-05-25,9.460000038146973,9.545000076293945,8.430000305175781,8.460000038146973,889600,10.70339997291565,,-11.616868825934102,
2022-05-26,9.359999656677246,9.880000114440918,9.300000190734863,9.470000267028809,1058200,10.639599962234497,,-12.026770838182088,
2022-05-27,9.989999771118164,10.0,9.479999542236328,9.489999771118164,829300,10.567599954605102,,-5.465765036225035,
2022-05-31,9.800000190734863,10.359999656677246,9.600000381469727,10.140000343322754,1094000,10.480199956893921,,-6.490331949359607,
2022-06-01,9.75,10.479999542236328,9.699999809265137,9.829999923706055,974000,10.391799955368041,,-6.1760230001012495,
2022-06-02,10.199999809265137,10.329999923706055,9.75,9.760000228881836,1054000,10.310999956130981,,-1.076521650064044,
2022-06-03,10.800000190734863,10.819999694824219,10.050000190734863,10.119999885559082,888900,10.255399961471557,,5.310375327235506,
2022-06-06,11.470000267028809,12.65999984741211,11.329999923706055,11.779999732971191,1676700,10.20839997291565,,12.35845281787904,
2022-06-07,10.399999618530273,11.489999771118164,9.819999694824219,11.130000114440918,2976300,10.153799962997436,,2.4247046074379996,
2022-06-08,10.399999618530273,10.949999809265137,10.135000228881836,10.609999656677246,1348300,10.100799951553345,,2.9621383297559145,
2022-06-09,9.699999809265137,10.586000442504883,9.670000076293945,10.329999923706055,939500,10.016599950790406,,-3.1607545782068147,
2022-06-10,9.34000015258789,9.725000381469727,9.15999984741211,9.350000381469727,743900,9.936599950790406,,-6.004063775910174,
2022-06-13,8.779999732971191,9.020000457763672,8.470000267028809,8.800000190734863,1063700,9.849999952316285,,-10.862946441877664,
2022-06-14,8.539999961853027,9.199999809265137,8.40999984741211,8.800000190734863,1007700,9.748399953842164,,-12.395880326113073,
2022-06-15,9.319999694824219,9.52299976348877,8.550000190734863,8.619999885559082,1029800,9.645999956130982,,-3.3796419530310873,
2022-06-16,8.369999885559082,9.079999923706055,8.119999885559082,8.9399995803833,1337100,9.550599946975709,,-12.361527736176148,
2022-06-17,9.260000228881836,9.520000457763672,8.479999542236328,8.479999542236328,1276700,9.49299994468689,,-2.454437134337717,
2022-06-21,9.779999732971191,10.279999732971191,9.510000228881836,9.529999732971191,1235900,9.445599946975708,,3.540270473794016,
2022-06-22,9.600000381469727,9.890000343322754,9.369999885559082,9.399999618530273,767300,9.406799955368042,,2.0538379365815373,
2022-06-23,9.949999809265137,10.199999809265137,9.524999618530273,9.760000228881836,789700,9.393999948501587,,5.918670042703544,
2022-06-24,9.1899995803833,10.46500015258789,9.15999984741211,10.020000457763672,4877000,9.372999944686889,,-1.9524204137792878,
2022-06-27,9.170000076293945,9.420000076293945,8.819999694824219,9.34000015258789,1557400,9.34299994468689,,-1.8516522467852958,
2022-06-28,9.380000114440918,9.800000190734863,9.180000305175781,9.3100004196167,1054400,9.329199953079224,,0.5445285942759392,
2022-06-29,8.890000343322754,9.539999961853027,8.71500015258789,9.539999961853027,1512500,9.30519995689392,,-4.4620171032816796,
2022-06-30,9.479999542236328,9.65999984741211,8.550000190734863,8.600000381469727,1221500,9.27879994392395,,2.168379526752595,
2022-07-01,9.0,9.640000343322754,8.899999618530273,9.449999809265137,797100,9.256599950790406,,-2.772075623387993,
2022-07-05,9.199999809265137,9.210000038146973,8.109999656677246,8.9399995803833,1690500,9.25299994468689,,-0.5727886711183405,
2022-07-06,9.289999961853027,9.520000457763672,8.930000305175781,9.199999809265137,2102400,9.250999937057495,,0.421576316732053,
2022-07-07,10.260000228881836,10.300000190734863,9.369999885559082,9.369999885559082,1106200,9.266599950790406,,10.720224066721439,
2022-07-08,11.1899995803833,11.239999771118164,9.949999809265137,10.09000015258789,1171600,9.31299994468689,,20.15461877853062,
2022-07-11,10.369999885559082,11.1899995803833,10.243000030517578,11.010000228881836,915100,9.338399934768677,,11.046859826056043,
2022-07-12,10.119999885559082,10.619999885559082,9.96500015258789,10.369999885559082,598500,9.351799936294556,,8.214460900549469,
2022-07-13,9.850000381469727,10.329999923706055,9.600000381469727,9.9399995803833,613300,9.36539994239807,,5.1743699367052365,
2022-07-14,9.770000457763672,9.819999694824219,9.279999732971191,9.550000190734863,601700,9.373599958419799,,4.2289035280176135,
2022-07-15,9.25,9.40999984741211,8.649999618530273,9.390000343322754,1173200,9.363999967575074,,-1.2174281073240478,
2022-07-18,10.220000267028809,10.59000015258789,9.390000343322754,9.390000343322754,934200,9.351199979782104,,9.290789301106894,
2022-07-19,10.5600004196167,10.819999694824219,10.34000015258789,10.34000015258789,712800,9.360799989700318,,12.810875472564964,
2022-07-20,11.050000190734863,11.3100004196167,10.470999717712402,10.779999732971191,841300,9.37399998664856,,17.879242654933215,
2022-07-21,11.109999656677246,11.3100004196167,10.779999732971191,10.989999771118164,586100,9.417199983596802,,17.975615639776365,
2022-07-22,10.199999809265137,11.130000114440918,10.029999732971191,11.130000114440918,809500,9.456399984359741,,7.863455713963674,
2022-07-25,10.270000457763672,10.609999656677246,9.90999984741211,10.40999984741211,540700,9.519999990463257,,7.878156177014017,
2022-07-26,9.550000190734863,10.130000114440918,9.510000228881836,10.130000114440918,683500,9.584799995422363,,-0.3630728309836462,
2022-07-27,10.010000228881836,10.100000381469727,9.600000381469727,9.890000343322754,589800,9.638999996185303,,3.8489494018400183,
2022-07-28,12.630000114440918,12.729999542236328,11.1899995803833,11.1899995803833,1822400,9.738400001525878,,29.69276382631607,
2022-07-29,13.739999771118164,14.119999885559082,12.630000114440918,13.0600004196167,1758700,9.84079999923706,,39.62279257970289,
2022-08-01,13.600000381469727,13.869999885559082,13.199999809265137,13.5,1120200,9.950799999237061,,36.67243219150676,
2022-08-02,13.84000015258789,14.140000343322754,13.199999809265137,13.270000457763672,1096300,10.045200004577637,,37.77724830049125,
2022-08-03,14.430000305175781,14.46500015258789,13.350000381469727,13.850000381469727,781600,10.15480001449585,,42.10029035113578,
2022-08-04,15.989999771118164,16.020000457763672,14.420000076293945,14.489999771118164,1009900,10.288800010681152,,55.41170743447636,
2022-08-05,16.579999923706055,16.93899917602539,15.460000038146973,15.880000114440918,1448100,10.44920000076294,,58.67243351161313,
2022-08-08,16.790000915527344,19.09000015258789,16.559999465942383,17.670000076293945,2504500,10.595800018310547,,58.4590204280246,
2022-08-09,15.890000343322754,17.540000915527344,15.520000457763672,16.059999465942383,2334000,10.726400032043458,,48.13917340257534,
2022-08-10,17.43000030517578,17.510000228881836,16.545000076293945,16.670000076293945,1151700,10.87520004272461,,60.27291669762216,
2022-08-11,16.760000228881836,18.459999084472656,16.540000915527344,17.940000534057617,1345000,11.014400043487548,,52.16444075672983,
2022-08-12,18.1200008392334,18.4950008392334,16.559999465942383,17.110000610351562,1268600,11.181800060272217,,62.04905061405894,
2022-08-15,17.860000610351562,18.899999618530273,17.579999923706055,17.950000762939453,1563500,11.335000076293944,17.819150025844575,57.56506828530179,0.229251027393218
2022-08-16,17.31999969482422,17.979999542236328,16.559999465942383,16.760000228881836,1877300,11.465400066375732,17.730750024318695,51.0631953054836,-2.316598727809649
2022-08-17,17.209999084472656,17.985000610351562,16.510000228881836,17.260000228881836,1701600,11.58020004272461,17.638950021266936,48.61573220650046,-2.4318394024423373
2022-08-18,17.549999237060547,17.700000762939453,16.65999984741211,16.8700008392334,1437600,11.723200035095214,17.541950013637543,49.70314576670114,0.04588556811955247
2022-08-19,16.399999618530273,17.0,15.8100004196167,16.790000915527344,1282400,11.843200035095215,17.446800010204313,38.47608391255568,-5.999956387771888
2022-08-22,16.459999084472656,16.739999771118164,15.829999923706055,16.3700008392334,1412000,11.978400020599365,17.350049998760223,37.41400400860084,-5.129961667840533
2022-08-23,17.5,17.700000762939453,16.604999542236328,16.649999618530273,1882100,12.141600017547608,17.265049998760222,44.132568810603054,1.3608417077080492
2022-08-24,19.709999084472656,20.114999771118164,17.579999923706055,17.600000381469727,1570800,12.360200004577637,17.191899993419646,59.46343163681007,14.647008719320343
2022-08-25,20.649999618530273,20.739999771118164,19.700000762939453,20.229999542236328,1403100,12.602399997711181,17.114849984645844,63.857674905420225,20.65545206096402
2022-08-26,19.489999771118164,21.09000015258789,19.1299991607666,20.670000076293945,1267500,12.80579999923706,17.03009999036789,52.19665910977318,14.444423592002265
2022-08-29,19.18000030517578,20.059999465942383,18.65999984741211,18.65999984741211,951200,13.022000007629394,16.95519999265671,47.28920514466677,13.121640048378257
2022-08-30,18.809999465942383,20.045000076293945,18.559999465942383,19.450000762939453,630200,13.212999992370605,16.863049981594084,42.359793209744744,11.545654472194421
2022-08-31,19.950000762939453,20.104999542236328,18.530000686645508,18.899999618530273,1038100,13.416400012969971,16.775199983119965,48.69861321705737,18.925561441974637
2022-09-01,18.030000686645508,19.510000228881836,16.90999984741211,19.5,1426600,13.585000019073487,16.677299983501435,32.719916535378665,8.111029390142743
2022-09-02,18.09000015258789,18.809999465942383,17.420000076293945,18.5,1176800,13.747800025939942,16.585199992656708,31.58469077565065,9.073150523342811
2022-09-06,18.200000762939453,18.5,17.18000030517578,18.25,905900,13.928000049591065,16.497099997997285,30.672032582838902,10.322424942255882
2022-09-07,19.399999618530273,19.4950008392334,18.030000686645508,18.030000686645508,886900,14.132600040435792,16.419099996089937,37.2712704174996,18.15507319615699
2022-09-08,18.81999969482422,19.600000381469727,18.559999465942383,19.149999618530273,850300,14.321400032043456,16.334199998378754,31.41173106480761,15.218374310907134
2022-09-09,18.700000762939453,19.270000457763672,18.40999984741211,19.149999618530273,527800,14.517600040435791,16.24540000677109,28.80917445620794,15.109512570606354
2022-09-12,18.920000076293945,19.0,18.1299991607666,18.690000534057617,808800,14.706400051116944,16.157350013256075,28.651471539814267,17.098410697121082
2022-09-13,18.309999465942383,18.649999618530273,17.510000228881836,17.84000015258789,892100,14.892600040435791,16.069050004482268,22.94696303014789,13.945749505011374
2022-09-14,19.25,19.270000457763672,17.541000366210938,18.5,1205100,15.093600044250488,15.993450009822846,27.537498963560946,20.361773026939467
2022-09-15,19.170000076293945,20.15999984741211,18.8700008392334,19.200000762939453,1585300,15.291200046539307,15.918900001049042,25.366223827753043,20.422894012969863
2022-09-16,18.239999771118164,18.93000030517578,17.950000762939453,18.31999969482422,1064400,15.450800037384033,15.851649997234345,18.052137928039414,15.06688435778305
2022-09-19,18.579999923706055,18.959999084472656,17.760000228881836,18.0,823000,15.598600044250489,15.77860000371933,19.113252926530965,17.754426370694354
2022-09-20,17.360000610351562,18.75,17.31999969482422,18.579999923706055,972200,15.738400058746338,15.696699998378755,10.303465063490048,10.596498704470392
2022-09-21,17.549999237060547,18.360000610351562,17.280000686645508,17.59000015258789,897600,15.887000045776368,15.629299991130829,10.467672855117138,12.289093222471003
2022-09-22,15.5600004196167,17.719999313354492,15.265000343322754,17.719999313354492,1413400,16.001200046539306,15.544249994754791,-2.757290863431383,0.10132637385027454
2022-09-23,14.649999618530273,15.220000267028809,14.324999809265137,14.970000267028809,1887500,16.09880002975464,15.458249990940095,-8.999431066580222,-5.228602027289819
2022-09-26,14.380000114440918,15.390000343322754,14.170000076293945,14.569999694824219,759900,16.201400032043455,15.372049987316132,-11.242237794265531,-6.453595152850655
2022-09-27,14.449999809265137,14.979999542236328,14.079999923706055,14.829999923706055,985300,16.286000022888185,15.287699987888336,-11.273487725916443,-5.479569714782906
2022-09-28,14.850000381469727,15.130000114440918,14.15999984741211,14.479999542236328,677200,16.371800022125242,15.201149990558624,-9.295249383689752,-2.310020026820314
2022-09-29,14.300000190734863,14.680000305175781,13.800000190734863,14.680000305175781,1334800,16.436800022125244,15.1091499876976,-13.000096299243635,-5.355362794211294
2022-09-30,14.59000015258789,15.279999732971191,14.3100004196167,14.430000305175781,895600,16.50640003204346,15.029399983882904,-11.610041412635763,-2.9236019519489287
2022-10-03,15.569999694824219,15.635000228881836,14.604999542236328,14.670000076293945,660100,16.61380002975464,14.951049983501434,-6.282730820528815,4.139841094811403
2022-10-04,16.610000610351562,16.709999084472656,16.100000381469727,16.170000076293945,692700,16.740600032806398,14.88219999074936,-0.7801358505603262,11.609846801388146
2022-10-05,16.09000015258789,16.350000381469727,15.055000305175781,16.190000534057617,638800,16.871400032043457,14.812399995326995,-4.631505849967832,8.625206972968268
2022-10-06,15.25,16.78700065612793,15.149999618530273,16.139999389648438,575200,16.976200027465822,14.740099999904633,-10.16835348707602,3.4592709689803103
2022-10-07,14.399999618530273,15.045000076293945,14.130000114440918,14.789999961853027,602300,17.011600017547607,14.652499997615815,-15.351879872107544,-1.7232580046178225
2022-10-10,14.380000114440918,14.579999923706055,13.869999885559082,14.380000114440918,600500,17.024400024414064,14.559899990558625,-15.532999143470017,-1.2355845591959014
2022-10-11,14.350000381469727,14.5600004196167,13.430000305175781,14.199999809265137,558800,17.039400024414064,14.45479999780655,-15.783417485891317,-0.7250160247995519
2022-10-12,13.729999542236328,14.479999542236328,13.359999656677246,14.3100004196167,343800,17.03720001220703,14.347999994754792,-19.41164315498507,-4.3072236739921
2022-10-13,13.739999771118164,13.979999542236328,12.890000343322754,13.220000267028809,703300,17.02340000152588,14.236599991321564,-19.28757022753039,-3.488193954357921
2022-10-14,13.470000267028809,14.3100004196167,13.210000038146973,13.90999984741211,506300,16.973000011444093,14.136449992656708,-20.638659883658615,-4.714406558747719
2022-10-17,14.130000114440918,14.4399995803833,13.765000343322754,13.850000381469727,508000,16.924000015258787,14.035149996280671,-16.509098902734465,0.675804093190191
2022-10-18,14.0600004196167,15.039999961853027,13.859999656677246,14.829999923706055,557800,16.869400005340577,13.927649991512299,-16.6538204372086,0.9502710664401892
2022-10-19,13.84000015258789,14.0600004196167,13.430000305175781,13.970000267028809,437700,16.82840000152588,13.822499997615814,-17.758074734775864,0.12660629390555123
2022-10-20,12.369999885559082,13.65999984741211,12.029999732971191,13.65999984741211,994300,16.727199993133546,13.710100004673004,-26.048592169419138,-9.774546638297
2022-10-21,12.760000228881836,12.859999656677246,11.895000457763672,12.329999923706055,642700,16.647199993133544,13.622750008106232,-23.350471946363704,-6.333154309599864
2022-10-24,12.6899995803833,12.930000305175781,12.210000038146973,12.720000267028809,467800,16.538599967956543,13.545900008678437,-23.270412217659818,-6.318520199815348
2022-10-25,13.90999984741211,14.180000305175781,12.619999885559082,12.619999885559082,842400,16.459599952697754,13.478450009822845,-15.490049045011943,3.2017764451755193
2022-10-26,14.520000457763672,15.329999923706055,14.0,14.0,777100,16.40359996795654,13.42080001592636,-11.482842265553717,8.190275099345046
2022-10-27,14.489999771118164,15.109999656677246,14.3100004196167,14.5600004196167,493000,16.349199981689452,13.358650014400482,-11.371811542176557,8.469042571652817
2022-10-28,14.600000381469727,14.84000015258789,13.770000457763672,14.055000305175781,341300,16.29020000457764,13.30255001783371,-10.375560905531888,9.753395866932468
2022-10-31,14.930000305175781,15.225000381469727,14.25,14.65999984741211,471200,16.260800018310547,13.25420001745224,-8.184097409944247,12.643541560538996
2022-11-01,14.899999618530273,15.6899995803833,14.75,15.149999618530273,503900,16.229600028991698,13.207700011730195,-8.19244102187544,12.812977318511876
2022-11-02,13.9399995803833,14.885000228881836,13.6899995803833,14.779999732971191,677300,16.158400020599366,13.15995001077652,-13.729084794212055,5.927450856333105
2022-11-03,14.239999771118164,14.930000305175781,13.829999923706055,13.829999923706055,538700,16.049000034332277,13.121500008106231,-11.271731941829833,8.524176064633938
2022-11-04,13.720000267028809,14.930000305175781,13.279999732971191,14.930000305175781,596100,15.910400047302247,13.083250005245208,-13.767094314167416,4.866911979273647
2022-11-07,12.9399995803833,14.069999694824219,12.600000381469727,13.84000015258789,796600,15.779400043487549,13.047300007343292,-17.99434994536514,-0.8223956443064839
2022-11-08,13.489999771118164,13.760000228881836,12.9399995803833,13.0600004196167,467500,15.665600032806397,13.011450006961823,-13.887755701231752,3.6779126377174842
2022-11-09,13.350000381469727,13.989999771118164,13.1899995803833,13.300000190734863,429900,15.556400051116944,12.974250004291534,-14.183227883039674,2.8961240692441104
2022-11-10,15.550000190734863,16.260000228881836,14.210000038146973,14.350000381469727,1191800,15.46840003967285,12.952200009822846,0.5275280627131895,20.056825704836754
2022-11-11,15.029999732971191,16.125,15.020000457763672,15.84000015258789,679100,15.408400020599366,12.939550011157989,-2.455805191468907,16.155505562485352
2022-11-14,15.460000038146973,15.65999984741211,14.3100004196167,14.949999809265137,638700,15.355800018310546,12.931700007915497,0.6785710917840637,19.551180654391164
2022-11-15,16.450000762939453,16.75,15.930000305175781,16.030000686645508,909400,15.320800018310546,12.920450007915496,7.370377155757857,27.317552816361946
2022-11-16,16.1299991607666,16.5,15.4399995803833,16.309999465942383,565900,15.255400009155274,12.90530000448227,5.733046338256953,24.987401727695826
2022-11-17,16.020000457763672,16.190000534057617,14.90999984741211,15.460000038146973,364700,15.199400024414063,12.896150004863738,5.398900167319232,24.223124356662918
2022-11-18,15.6899995803833,16.6200008392334,15.25,16.489999771118164,566200,15.139200000762939,12.89655000448227,3.638234382217065,21.660440776255285
2022-11-21,14.75,15.5,14.399999618530273,15.380000114440918,566300,15.05579999923706,12.892950003147126,-2.031110929027724,14.403608145533608
2022-11-22,15.010000228881836,15.050000190734863,14.447999954223633,14.800000190734863,474700,14.989800014495849,12.88815000295639,0.134759732394385,16.46357487644634
2022-11-23,17.290000915527344,17.420000076293945,15.140000343322754,15.25,899400,14.950600032806397,12.89655000925064,15.64753841041533,34.06686984600764
2022-11-25,18.559999465942383,18.760000228881836,17.260000228881836,17.260000228881836,501500,14.938400020599365,12.906000006198884,24.243556474247562,43.80907684044495
2022-11-28,16.43000030517578,18.3700008392334,16.030000686645508,18.219999313354492,921500,14.902200031280518,12.912100007534027,10.252179347266367,27.244989549253095
2022-11-29,16.290000915527344,17.700000762939453,16.020000457763672,16.350000381469727,814500,14.856400051116943,12.926850011348725,9.649719040129234,26.01678600143149
2022-11-30,17.18000030517578,17.84000015258789,16.219999313354492,16.510000228881836,1358800,14.852800045013428,12.949050014019013,15.66842785945719,32.67382770609597
2022-12-01,15.880000114440918,17.389999389648438,15.430000305175781,17.31999969482422,1082000,14.819400062561035,12.961100013256074,7.156835279447837,22.520465841630077
2022-12-02,16.920000076293945,17.187999725341797,15.5,15.699999809265137,897800,14.84660005569458,12.977750012874603,13.965487133898314,30.376991847650213
2022-12-05,16.09000015258789,17.06999969482422,16.06999969482422,16.950000762939453,775900,14.875400066375732,12.992800014019013,8.16515912709892,23.837818909142385
2022-12-06,14.550000190734863,16.190000534057617,14.020000457763672,16.09000015258789,1189200,14.878800067901611,13.004750015735626,-2.209854797874966,11.882198220876973
2022-12-07,14.989999771118164,15.765000343322754,14.329999923706055,14.399999618530273,677400,14.889600067138671,13.023800013065339,0.6742941618766096,15.09697443204252
2022-12-08,15.300000190734863,16.315000534057617,14.90999984741211,15.09000015258789,819800,14.898600063323975,13.046150014400482,2.6942137227981444,17.27597930306304
2022-12-09,15.899999618530273,16.25,15.140000343322754,15.140000343322754,644500,14.930600051879884,13.063250014781952,6.492703329283378,21.715496530636315
2022-12-12,17.200000762939453,17.649999618530273,16.059999465942383,16.079999923706055,1432200,14.982800064086915,13.088900020122528,14.798306654088433,31.409062155693967
2022-12-13,21.729999542236328,23.375,19.010000228881836,19.010000228881836,4754300,15.106000061035155,13.129900019168854,43.85012216627289,65.50011432312395
2022-12-14,22.100000381469727,22.65999984741211,21.450000762939453,21.889999389648438,2262600,15.21580005645752,13.179500019550323,45.24376174416529,67.68466443102419
2022-12-15,20.93000030517578,22.850000381469727,20.290000915527344,21.850000381469727,1786400,15.312600059509277,13.225450022220612,36.6848231119185,58.255486732099435
2022-12-16,19.93000030517578,21.09000015258789,19.309999465942383,20.610000610351562,2118600,15.406200065612794,13.271250021457671,29.363504435206433,50.17425090290579
2022-12-19,19.420000076293945,21.579999923706055,18.90999984741211,20.0,1631400,15.506600074768066,13.318150022029876,25.236995747982572,45.81604835634716
2022-12-20,19.6299991607666,20.899999618530273,18.5310001373291,19.040000915527344,1546300,15.61160005569458,13.367050015926361,25.739828657769426,46.853637394774175
2022-12-21,19.030000686645508,20.209999084472656,18.639999389648438,19.739999771118164,851300,15.705200061798095,13.405700018405915,21.17006221993172,41.95454665192773
2022-12-22,17.899999618530273,18.989999771118164,17.25,18.780000686645508,1103900,15.788600063323974,13.435550014972687,13.372937098526938,33.228632981771256
2022-12-23,17.06999969482422,18.049999237060547,16.8799991607666,18.0,789300,15.855200061798095,13.460000011920929,7.6618373044253785,26.820205644175864
2022-12-27,15.739999771118164,17.204999923706055,15.710000038146973,17.06999969482422,1054400,15.900600051879882,13.484300010204315,-1.0100265413740206,16.72834154688665
2022-12-28,15.470000267028809,15.920000076293945,15.199999809265137,15.75,822500,15.92740005493164,13.510350010395051,-2.871779363394633,14.50480746335938
2022-12-29,17.049999237060547,17.31999969482422,15.656000137329102,15.710000038146973,1524800,15.987200031280517,13.538950006961823,6.647813273747483,25.932950696274947
2022-12-30,17.149999618530273,17.200000762939453,16.399999618530273,16.700000762939453,679700,16.053400020599366,13.5619500041008,6.830949185367441,26.45673825183352
2023-01-03,16.209999084472656,18.190000534057617,16.204999923706055,17.719999313354492,855700,16.130200004577638,13.575049998760223,0.49471847759092746,19.410234849618057
2023-01-04,16.260000228881836,17.094999313354492,16.020000457763672,16.489999771118164,670600,16.20020000457764,13.585499999523163,0.3691326297656783,19.686432074289083
2023-01-05,15.899999618530273,16.2450008392334,15.850000381469727,16.06999969482422,924800,16.264400005340576,13.594149997234345,-2.2404785094479296,16.96207281635882
2023-01-06,16.43000030517578,16.559999465942383,15.550000190734863,16.100000381469727,581700,16.314800014495848,13.605099999904633,0.7061091191898017,20.763539446905565
2023-01-09,18.420000076293945,19.239999771118164,16.860000610351562,16.860000610351562,1355800,16.392800006866455,13.629300000667572,12.366405181411078,35.15000825714984
2023-01-10,19.829999923706055,19.985000610351562,18.145000457763672,18.34000015258789,1336300,16.49960000991821,13.659350001811982,20.184731216428766,45.17528228704517
2023-01-11,21.350000381469727,21.399999618530273,19.889999389648438,19.889999389648438,1373500,16.634600009918213,13.700450003147125,28.346941728325326,55.834300162151074
2023-01-12,21.860000610351562,22.06999969482422,20.610000610351562,21.540000915527344,1219100,16.77320001602173,13.744500005245209,30.326953649100542,59.04544073636215
2023-01-13,22.079999923706055,22.729999542236328,21.200000762939453,21.43000030517578,1104500,16.916800022125244,13.785350005626679,30.521138127943438,60.17003496243332
2023-01-17,21.440000534057617,22.06999969482422,21.219999313354492,21.940000534057617,799700,17.066800041198732,13.825850007534028,25.62402138832185,55.0718438459441
2023-01-18,21.530000686645508,22.790000915527344,21.329999923706055,22.06999969482422,1034100,17.212600059509278,13.867950012683869,25.082791746799682,55.25005979221005
2023-01-19,20.899999618530273,21.190000534057617,19.770000457763672,20.81100082397461,1174600,17.356200046539307,13.904350011348724,20.418061341126183,50.312669067390445
2023-01-20,22.540000915527344,23.18000030517578,20.739999771118164,21.239999771118164,1503300,17.54820007324219,13.944850018024445,28.446227085686935,61.636739630711126
2023-01-23,24.90999984741211,24.93000030517578,22.6200008392334,22.770000457763672,1756500,17.776600074768066,14.003700015544892,40.12803203447841,77.88155858637798
2023-01-24,23.100000381469727,24.489999771118164,22.415000915527344,24.3799991607666,1908800,17.971600074768066,14.058500015735627,28.53613637831769,64.31340723131188
2023-01-25,22.260000228881836,22.399999618530273,20.100000381469727,21.850000381469727,1682200,18.105800075531008,14.109050018787384,22.944029736443404,57.771077423644954
2023-01-26,21.174999237060547,23.100000381469727,21.0,23.06999969482422,1036000,18.22870006561279,14.157225015163421,16.16296916863398,49.57026687349093
2023-01-27,22.760000228881836,23.25,20.538000106811523,21.010000228881836,1201100,18.37470006942749,14.21807501554489,23.865968657364768,60.07793040898923
2023-01-30,23.459999084472656,24.53499984741211,21.540000915527344,22.059999465942383,1907100,18.514900035858155,14.284175012111664,26.7087537012743,64.23769006316948
2023-01-31,24.139999389648438,24.309999465942383,22.959999084472656,23.709999084472656,937000,18.67510004043579,14.351525008678436,29.263025833221313,68.20511670398
2023-02-01,24.3799991607666,24.829999923706055,23.530000686645508,24.139999389648438,1810600,18.842300014495848,14.423075006008148,29.38971963088617,69.03468331552563
2023-02-02,22.579999923706055,25.489999771118164,22.090999603271484,24.899999618530273,2012000,18.980100021362304,14.485525004863739,18.96670669960656,55.8797483427385
2023-02-03,21.690000534057617,22.940000534057617,21.190000534057617,21.950000762939453,1903900,19.118900032043456,14.539975006580352,13.447952014524756,49.17495060508274
2023-02-06,21.950000762939453,22.09000015258789,20.809999465942383,21.239999771118164,1084000,19.257700042724608,14.599175012111663,13.980385582088095,50.35096671373176
2023-02-07,22.31999969482422,22.5,21.354999542236328,21.969999313354492,981400,19.358300018310548,14.66387501001358,15.299378941912622,52.21078793690255
2023-02-08,22.100000381469727,23.649999618530273,22.049999237060547,22.40999984741211,1435200,19.429100036621094,14.727425010204316,13.74690716407021,50.060179333163205
2023-02-09,24.260000228881836,26.780000686645508,23.110000610351562,24.799999237060547,3740700,19.585700035095215,14.801325013637543,23.865882686913608,63.90424645448516
2023-02-10,21.959999084472656,23.649999618530273,21.510000228881836,23.413999557495117,1620700,19.69909999847412,14.86677500963211,11.477169445170897,47.71192185423456
2023-02-13,21.829999923706055,23.475000381469727,21.399999618530273,22.1299991607666,1320700,19.792099990844726,14.930425007343292,10.296532120411705,46.2115104758861
2023-02-14,22.219999313354492,22.360000610351562,20.049999237060547,21.56999969482422,1795500,19.918899974823,14.99427500486374,11.552341451787118,48.18988784817486
2023-02-15,23.25,23.799999237060547,21.790000915527344,22.260000228881836,1099000,20.04549997329712,15.06467500448227,15.9861317052288,54.33456077268384
2023-02-16,21.3799991607666,22.614999771118164,21.280000686645508,22.479999542236328,931400,20.151299953460693,15.124775002002716,6.097369450822443,41.35746917184298
2023-02-17,20.3700008392334,21.100000381469727,20.049999237060547,21.0,1292100,20.267699966430666,15.177975008487701,0.5047483087482707,34.207631965675624
2023-02-21,18.690000534057617,20.75,18.639999389648438,20.0,1475600,20.34169998168945,15.217125012874604,-8.119770958762585,22.822152793282257
2023-02-22,19.15999984741211,19.25,18.440000534057617,18.670000076293945,728200,20.418899974823,15.262525012493134,-6.165367032323699,25.536238805366086
2023-02-23,19.3799991607666,19.950000762939453,18.96500015258789,19.739999771118164,664800,20.488499965667724,15.307475006580352,-5.410356086383194,26.604806817816517
2023-02-24,18.739999771118164,19.010000228881836,18.365999221801758,18.579999923706055,680800,20.5192999458313,15.356425006389617,-8.671349312161203,22.03360979733684
2023-02-27,19.149999618530273,19.309999465942383,18.389999389648438,19.06999969482422,755600,20.46769994735718,15.410975005626678,-6.437950195752451,24.26208991668888
2023-02-28,18.670000076293945,19.18000030517578,18.5,19.020000457763672,554200,20.399099941253663,15.46887500524521,-8.47635371138562,20.693974642391865
2023-03-01,19.399999618530273,19.489999771118164,18.729999542236328,19.200000762939453,854300,20.36849992752075,15.534325003623962,-4.754892664834365,24.88472858656232
2023-03-02,19.200000762939453,19.389999389648438,18.420000076293945,19.06999969482422,760700,20.353899936676026,15.593825006484986,-5.669179750939735,23.125665158835453
2023-03-03,20.59000015258789,20.969999313354492,18.5,19.209999084472656,1091900,20.377299938201904,15.658475008010864,1.0438096069206537,31.49428754750423
2023-03-06,20.739999771118164,21.610000610351562,20.56999969482422,20.739999771118164,846500,20.399499950408934,15.71907500743866,1.6691576829676258,31.94160446020824
2023-03-07,20.540000915527344,21.149999618530273,19.90999984741211,20.65999984741211,602700,20.42969995498657,15.781275010108947,0.5399049461509486,30.154254978575047
2023-03-08,20.360000610351562,20.600000381469727,19.670000076293945,20.559999465942383,440100,20.478899974822998,15.83747501373291,-0.5805944880711955,28.555849923659583
2023-03-09,19.549999237060547,21.1200008392334,19.469999313354492,20.489999771118164,723200,20.528499965667724,15.890475010871887,-4.766547630092999,23.02967169757293
2023-03-10,18.079999923706055,19.399999618530273,17.649999618530273,19.219999313354492,1225200,20.57529996871948,15.934425010681153,-12.127648436751915,13.465028776292097
2023-03-13,18.1299991607666,18.760000228881836,17.0,17.600000381469727,1149600,20.62849994659424,15.982275004386901,-12.11188788470361,13.43816293856901
2023-03-14,17.25,19.299999237060547,17.010000228881836,18.979999542236328,1168700,20.63249996185303,16.021225004196168,-16.394038376865904,7.669669425914694
2023-03-15,16.5,17.163999557495117,16.200000762939453,16.81999969482422,1502600,20.619499969482423,16.05692500591278,-19.978660857825968,2.759401279660101
2023-03-16,16.329999923706055,16.790000915527344,15.9399995803833,16.209999084472656,1109800,20.62189998626709,16.08862500667572,-20.812340596255307,1.5002830691260405
2023-03-17,15.260000228881836,16.1200008392334,14.699999809265137,16.110000610351562,2330400,20.60189998626709,16.115925006866455,-25.929160713070555,-5.311049645738219
2023-03-20,15.5600004196167,16.079999923706055,15.149999618530273,15.399999618530273,1035600,20.595100002288817,16.14497500896454,-24.448046293111204,-3.6232610395682374
2023-03-21,17.299999237060547,17.59000015258789,16.020000457763672,16.100000381469727,1428300,20.612499980926515,16.180475006103517,-16.07034928771931,6.918982480642422
2023-03-22,16.559999465942383,17.610000610351562,16.540000915527344,17.299999237060547,917700,20.57529996871948,16.209275002479554,-19.51514927549799,2.163727023011064
2023-03-23,16.06999969482422,17.440000534057617,15.600000381469727,16.8799991607666,1025200,20.500099964141846,16.23227499961853,-21.61013983866725,-0.9997077107067431
2023-03-24,16.149999618530273,16.18000030517578,15.350000381469727,16.010000228881836,573200,20.396099948883055,16.26102499961853,-20.818197307300945,-0.6827698813012262
2023-03-27,15.979999542236328,16.3799991607666,15.550000190734863,16.3799991607666,595400,20.278499927520752,16.28892499923706,-21.197329194211058,-1.8965368004039695
2023-03-28,15.84000015258789,16.229999542236328,15.729999542236328,15.979999542236328,427600,20.153699932098387,16.319625000953675,-21.40400915982754,-2.9389452780793413
2023-03-29,16.25,16.530000686645508,15.329999923706055,16.030000686645508,1041800,20.049899921417236,16.354175000190736,-18.952213907851956,-0.6369933071495248
2023-03-30,18.639999389648438,19.600000381469727,17.700000762939453,17.950000762939453,3169300,19.992099895477295,16.40347499847412,-6.7631740182267475,13.63445484193051
2023-03-31,20.25,21.56999969482422,19.344999313354492,19.3799991607666,2856600,19.97909990310669,16.462024998664855,1.3559174247443684,23.010382997488875
2023-04-03,19.209999084472656,20.540000915527344,18.559999465942383,20.110000610351562,1861700,19.912499866485597,16.5114749956131,-3.5279386652768197,16.343325412033273
2023-04-04,19.8700008392334,20.1200008392334,18.68000030517578,19.530000686645508,1537700,19.81169988632202,16.56897500038147,0.2942753688270239,19.92293330623003
2023-04-05,19.190000534057617,20.989999771118164,18.190000534057617,20.770000457763672,1963800,19.73349988937378,16.618625001907347,-2.754196459639824,15.472853691897793
2023-04-06,20.170000076293945,20.440000534057617,19.114999771118164,19.610000610351562,1844700,19.69169988632202,16.670575003623963,2.4289431218894153,20.991627894714206
2023-04-10,19.809999465942383,20.190000534057617,19.09000015258789,19.940000534057617,945400,19.66439989089966,16.721624999046327,0.7404221631502894,18.469344140131085
2023-04-11,21.049999237060547,21.100000381469727,19.6200008392334,20.059999465942383,1492600,19.630199871063233,16.777124996185304,7.232730055337999,25.46845327698748
2023-04-12,21.139999389648438,22.34000015258789,20.959999084472656,21.68000030517578,1387600,19.583799877166747,16.83687499523163,7.9463613917751585,25.557737974745898
2023-04-13,21.780000686645508,22.249000549316406,21.389999389648438,21.59000015258789,866400,19.53659990310669,16.899924998283385,11.483066627075033,28.87631565736426
2023-04-14,21.350000381469727,22.209999084472656,20.920000076293945,21.850000381469727,1031700,19.475999927520753,16.95977499961853,9.622101360253655,25.88610628354411
2023-04-17,20.889999389648438,21.40999984741211,20.540000915527344,20.90999984741211,725300,19.4421999168396,17.01977499485016,7.446685452271518,22.73957438314742
2023-04-18,20.790000915527344,21.489999771118164,20.479999542236328,21.100000381469727,747100,19.424199924468994,17.076325001716615,7.0314401435800145,21.74751249719953
2023-04-19,20.18000030517578,20.6200008392334,19.8700008392334,20.40999984741211,433900,19.388799915313722,17.132225003242493,4.0807084157753915,17.789722592112
2023-04-20,20.489999771118164,20.520000457763672,19.3799991607666,19.559999465942383,1096900,19.3521999168396,17.188675003051756,5.879434168559272,19.20639471908263
2023-04-21,20.1299991607666,20.469999313354492,19.774999618530273,20.3799991607666,581100,19.312799892425538,17.242874999046325,4.231386815443416,16.74386760838873
2023-04-24,20.25,20.3799991607666,19.5,20.049999237060547,434700,19.2325998878479,17.292824997901917,5.289977008230395,17.10058942050745
2023-04-25,19.09000015258789,19.829999923706055,19.010000228881836,19.829999923706055,956000,19.175199909210207,17.33232500076294,-0.44432265126682635,10.141023502314784
2023-04-26,17.690000534057617,19.049999237060547,17.459999084472656,18.989999771118164,976900,19.092399921417236,17.368925004005433,-7.345327947936253,1.848563051415919
2023-04-27,18.100000381469727,18.559999465942383,17.790000915527344,17.979999542236328,1018100,19.00999994277954,17.408825006484985,-4.786951941341034,3.970258617266076
2023-04-28,18.059999465942383,18.399999618530273,17.700000762939453,18.1200008392334,897900,18.90619993209839,17.449875001907348,-4.475782913515857,3.496440312428284
2023-05-01,17.399999618530273,17.8799991607666,17.010000228881836,17.8799991607666,755400,18.82659994125366,17.488024997711182,-7.577578145681841,-0.5033465997013931
2023-05-02,16.940000534057617,17.34000015258789,16.575000762939453,17.010000228881836,1019900,18.757999935150146,17.52647500038147,-9.691861645045774,-3.346220311335213
2023-05-03,16.690000534057617,17.350000381469727,16.149999618530273,16.809999465942383,1137500,18.717999935150146,17.558825001716613,-10.834487702311568,-4.948078630398422
2023-05-04,16.450000762939453,16.639999389648438,15.819999694824219,16.59000015258789,1183900,18.663799953460693,17.58827500343323,-11.861460131599577,-6.471778729133948
2023-05-05,17.93000030517578,18.5,16.93000030517578,16.93000030517578,1634400,18.634799976348877,17.622675004005433,-3.7821692321228118,1.7439197006158036
2023-05-08,18.84000015258789,19.170000076293945,18.0,18.15999984741211,1440200,18.63679998397827,17.661325006484986,1.0903168397166096,6.673763976769087
2023-05-09,19.75,20.059999465942383,18.5,18.719999313354492,1277900,18.648799991607667,17.70907500743866,5.904937630774598,11.524740799302347
2023-05-10,20.010000228881836,20.860000610351562,19.780000686645508,20.229999542236328,1438900,18.675599994659425,17.75777500629425,7.145153219195111,12.683037271219423
2023-05-11,21.3700008392334,23.518999099731445,19.700000762939453,22.149999618530273,3416500,18.715000019073486,17.816875009536744,14.186485799914795,19.942474916587738
2023-05-12,22.5,24.020000457763672,21.329999923706055,22.0,2309400,18.781000003814697,17.879325008392335,19.80192745556637,25.843676925380432
2023-05-15,24.739999771118164,24.770000457763672,22.424999237060547,22.969999313354492,2402700,18.863999996185303,17.93987500667572,31.149277863237444,37.90508441063278
2023-05-16,22.639999389648438,24.450000762939453,22.530000686645508,24.350000381469727,2101400,18.901999988555907,17.98437500476837,19.775681956172253,25.887051307847365
2023-05-17,23.510000228881836,24.43000030517578,22.593000411987305,23.190000534057617,1400400,18.961399974823,18.033925004005432,23.988736380744456,30.365409768866947
2023-05-18,22.450000762939453,23.43000030517578,22.1200008392334,23.420000076293945,892000,19.003199977874758,18.07697500705719,18.138001963236583,24.191136814511548
2023-05-19,21.739999771118164,22.948999404907227,21.469999313354492,22.81999969482422,950500,19.046999988555907,18.1135250043869,14.138708374968779,20.020811884229992
2023-05-22,22.809999465942383,23.297000885009766,21.774999618530273,21.969999313354492,1050400,19.141599979400635,18.147625002861023,19.16453948723995,25.69137538573958
2023-05-23,22.889999389648438,23.530000686645508,22.290000915527344,22.440000534057617,925200,19.236799983978273,18.179175000190735,18.990681447604587,25.91330128792024
2023-05-24,22.540000915527344,22.59000015258789,21.5,22.420000076293945,856700,19.34260000228882,18.207925000190734,16.530357412448037,23.792254830197447
2023-05-25,22.219999313354492,23.249000549316406,21.969999313354492,22.770000457763672,727600,19.456999988555907,18.239574995040893,14.200541329206494,21.823010236783613
2023-05-26,23.110000610351562,23.19499969482422,21.729999542236328,22.200000762939453,775600,19.59260000228882,18.26797499656677,17.95269952763716,26.50554106130969
2023-05-30,24.5,25.280000686645508,23.5,23.5,1464600,19.777399997711182,18.306674995422362,23.878770732428723,33.83096606088378
2023-05-31,24.799999237060547,24.979999542236328,23.209999084472656,24.18000030517578,1272700,19.96219997406006,18.340074987411498,24.234800118659173,35.22299801981779
2023-06-01,24.200000762939453,24.93000030517578,23.639999389648438,24.59000015258789,1528700,20.100200004577637,18.371774988174437,20.396815740281802,31.723803380547256
2023-06-02,23.56999969482422,24.989999771118164,23.100000381469727,24.959999084472656,1495600,20.240400009155273,18.403024988174437,16.450266220839893,28.076768411552
2023-06-05,24.600000381469727,25.708999633789062,23.68000030517578,23.860000610351562,1899000,20.411000022888185,18.439974994659423,20.52324900242095,33.40582288530416
2023-06-06,26.8700008392334,27.280000686645508,24.399999618530273,24.540000915527344,2456400,20.625400047302247,18.48657500267029,30.276265079027787,45.348723792006716
2023-06-07,25.65999984741211,27.399999618530273,25.18000030517578,27.040000915527344,1870400,20.819000053405762,18.5328750038147,23.252796875873074,38.456660621357486
2023-06-08,25.329999923706055,26.559999465942383,25.280000686645508,26.0,1097600,21.008800048828125,18.577225008010863,20.568523022898532,36.349750367900825
2023-06-09,25.739999771118164,26.719999313354492,25.200000762939453,25.790000915527344,1090100,21.198600044250487,18.618425006866456,21.423111513910563,38.250146087143676
2023-06-12,27.450000762939453,27.6200008392334,25.399999618530273,26.31999969482422,1665000,21.374800071716308,18.65712501525879,28.422257381775506,47.12878184870062
2023-06-13,28.84000015258789,29.549999237060547,27.899999618530273,27.959999084472656,2267200,21.546600074768065,18.698075017929078,33.84942428276973,54.24047729476962
2023-06-14,27.420000076293945,29.239999771118164,26.729999542236328,28.68000030517578,1978000,21.710800094604494,18.737725019454956,26.29658951679208,46.33580142639717
2023-06-15,27.209999084472656,27.969999313354492,26.520000457763672,26.700000762939453,1349300,21.857600059509277,18.77787501335144,24.487587888839535,44.90457021961116
2023-06-16,26.030000686645508,27.309999465942383,25.959999084472656,27.290000915527344,1527700,21.994400062561034,18.813975019454958,18.348309627021344,38.354604275431846
2023-06-20,26.459999084472656,26.7810001373291,25.770000457763672,26.049999237060547,1324300,22.12020004272461,18.84652501106262,19.619167246977142,40.39723009382921
2023-06-21,25.979999542236328,26.459999084472656,25.809999465942383,26.459999084472656,1328800,22.24360004425049,18.886275005340575,16.797638379366653,37.56020991375917
2023-06-22,25.760000228881836,25.8700008392334,25.399999618530273,25.760000228881836,1612700,22.337800064086913,18.924625005722046,15.320220231968529,36.118946722025136
2023-06-23,23.8799991607666,25.020000457763672,23.459999084472656,24.90999984741211,1995000,22.392600059509277,18.953024997711182,6.642368895548079,25.995713948830932
2023-06-26,23.190000534057617,24.34000015258789,23.155000686645508,23.790000915527344,966100,22.42080005645752,18.97197500228882,3.430745003136293,22.232927943769297
2023-06-27,24.670000076293945,24.940000534057617,22.850000381469727,23.459999084472656,1708500,22.487200050354005,19.00122500419617,9.706855549166416,29.83373477681519
2023-06-28,25.760000228881836,26.170000076293945,24.450000762939453,24.5,1446500,22.584600067138673,19.036525001525877,14.06002387601928,35.31881594365063
2023-06-29,26.479999542236328,27.1299991607666,25.760000228881836,25.760000228881836,1405700,22.69840003967285,19.07432499885559,16.660202903966347,38.82535577969368
2023-06-30,26.639999389648438,27.139999389648438,25.920000076293945,27.065000534057617,1150400,22.827600021362304,19.115974998474123,16.700833047356923,39.35987775551546
2023-07-03,26.149999618530273,27.3799991607666,25.549999237060547,26.68000030517578,669700,22.940800018310547,19.15047499656677,13.989048322893073,36.55013582283652
2023-07-05,25.459999084472656,26.100000381469727,24.881999969482422,25.989999771118164,862700,23.047400016784668,19.181924991607666,10.46798799834676,32.72911397376295
2023-07-06,24.3700008392334,25.299999237060547,23.90999984741211,24.8700008392334,1152400,23.129800033569335,19.21257499694824,5.361917543014227,26.844011503426124
2023-07-07,24.3799991607666,25.2549991607666,24.309999465942383,24.489999771118164,839100,23.23560001373291,19.241574993133543,4.925197310839047,26.70480025396431
2023-07-10,25.600000381469727,25.969999313354492,24.049999237060547,24.270000457763672,1368400,23.39380001068115,19.282774991989136,9.430705442387598,32.76097653011576
2023-07-11,25.6299991607666,25.739999771118164,24.565000534057617,25.6200008392334,985100,23.54439998626709,19.323174991607665,8.858153852788742,32.638653698981045
2023-07-12,27.25,27.639999389648438,25.75,26.139999389648438,1301300,23.72819999694824,19.381624989509582,14.842255221654854,40.59708623373541
2023-07-13,28.6299991607666,29.290000915527344,27.700000762939453,27.780000686645508,1804100,23.952799987792968,19.451524987220765,19.52673247118195,47.18639890484626
2023-07-14,27.700000762939453,29.28499984741211,27.420000076293945,28.610000610351562,790700,24.167999992370607,19.518124990463257,14.6143692969374,41.91937379473663
2023-07-17,29.110000610351562,29.979999542236328,27.59000015258789,27.84000015258789,1357600,24.416399993896484,19.59142499446869,19.22314762875923,48.58541743936586
2023-07-18,31.1299991607666,31.200000762939453,29.209999084472656,29.209999084472656,1564300,24.70999996185303,19.672824988365175,25.98138085319579,58.23858128752421
2023-07-19,30.15999984741211,31.31999969482422,29.690000534057617,30.959999084472656,1251300,24.954599952697755,19.75212498664856,20.859480434795017,52.69243115765392
2023-07-20,29.729999542236328,30.040000915527344,28.719999313354492,29.979999542236328,844400,25.172399940490724,19.827824983596802,18.105542628116833,49.94080070220215
2023-07-21,28.8700008392334,30.1200008392334,28.520000457763672,29.8700008392334,969400,25.35479995727539,19.894324989318847,13.86404502453724,45.11676498063415
2023-07-24,28.479999542236328,29.31999969482422,28.229999542236328,29.0,692300,25.52419994354248,19.95367498397827,11.580380992281224,42.73059757214768
2023-07-25,28.06999969482422,28.639999389648438,27.729999542236328,28.18000030517578,700400,25.658199920654297,20.01357498168945,9.399723213741407,40.25480065658256
2023-07-26,28.06999969482422,28.541000366210938,27.549999237060547,27.68000030517578,528500,25.76959991455078,20.077674980163575,8.926796643724844,39.80702308687103
2023-07-27,27.760000228881836,29.81999969482422,27.25,28.850000381469727,1148300,25.829999923706055,20.144474983215332,7.471933065723624,37.8045357449716
2023-07-28,27.329999923706055,28.469999313354492,27.239999771118164,28.200000762939453,947400,25.92379993438721,20.20922498226166,5.424359055685968,35.23526977256451
2023-07-31,29.239999771118164,29.389999389648438,27.6299991607666,27.6299991607666,957100,26.038399925231932,20.2836749792099,12.295685814333757,44.15533576182917
2023-08-01,28.850000381469727,29.2450008392334,28.42099952697754,28.670000076293945,556100,26.16639991760254,20.359274983406067,10.255902502131708,41.704458557507905
2023-08-02,27.6299991607666,27.920000076293945,26.90999984741211,27.799999237060547,1242900,26.284199905395507,20.42872498035431,5.120183457038907,35.2507275287006
2023-08-03,28.360000610351562,28.709999084472656,27.329999923706055,27.399999618530273,864100,26.39519992828369,20.503174982070924,7.4437802608287695,38.320043774445026
2023-08-04,28.40999984741211,29.3700008392334,28.190000534057617,28.6299991607666,1202300,26.505599937438966,20.57457498073578,7.184896453836509,38.083046060551595
2023-08-07,27.149999618530273,28.530000686645508,26.280000686645508,28.479999542236328,1320100,26.597799911499024,20.640024976730345,2.0761104635294236,31.540536647311733
2023-08-08,27.6200008392334,27.739999771118164,26.100000381469727,26.31999969482422,1073000,26.7057999420166,20.708924980163573,3.4232297823008517,33.372451084205125
2023-08-09,27.739999771118164,28.170000076293945,27.149999618530273,27.690000534057617,1605600,26.798399925231934,20.78577497959137,3.513642040246112,33.456653881584096
2023-08-10,26.020000457763672,30.190000534057617,25.190000534057617,29.360000610351562,3311200,26.828799934387206,20.85207498073578,-3.014668858098546,24.78374685398115
2023-08-11,24.969999313354492,26.280000686645508,24.079999923706055,26.0,2323900,26.832199935913085,20.913474979400636,-6.940171238311931,19.396701590479125
2023-08-14,24.1200008392334,24.3799991607666,23.239999771118164,24.34000015258789,1554600,26.830599937438965,20.96452498435974,-10.102640658523788,15.051501797573529
2023-08-15,24.34000015258789,24.62700080871582,23.15999984741211,23.93000030517578,1406000,26.845999946594237,21.01362498283386,-9.334723232480169,15.829611371057407
2023-08-16,22.670000076293945,24.795000076293945,22.649999618530273,24.100000381469727,1042500,26.807399940490722,21.05452498435974,-15.433797658039639,7.672816618443079
2023-08-17,21.280000686645508,22.649999618530273,21.190000534057617,22.649999618530273,1716400,26.695599937438963,21.08792498588562,-20.286486400323987,0.9108326252509125
2023-08-18,22.829999923706055,22.989999771118164,20.510000228881836,20.959999084472656,1568200,26.638999938964844,21.127424983978273,-14.298584871751762,8.05860127781266
2023-08-21,22.610000610351562,23.43000030517578,22.3799991607666,22.979999542236328,1392200,26.584599952697754,21.16597498893738,-14.950758519662644,6.822391230117764
2023-08-22,23.15999984741211,23.360000610351562,22.25,22.770000457763672,1493200,26.532999954223634,21.212074990272523,-12.712471686695181,9.183094336753328
2023-08-23,23.90999984741211,24.709999084472656,23.059999465942383,23.309999465942383,1454700,26.462199935913088,21.26042499065399,-9.644701100747366,12.462473623753345
2023-08-24,23.170000076293945,24.46500015258789,22.969999313354492,24.010000228881836,1013500,26.348799934387205,21.307674989700317,-12.064306025355954,8.740160939632503
2023-08-25,23.770000457763672,24.225000381469727,23.239999771118164,23.510000228881836,913500,26.2757999420166,21.36182499408722,-9.536529771814873,11.273266513245094
2023-08-28,23.959999084472656,24.329999923706055,23.81999969482422,23.979999542236328,658100,26.210799942016603,21.41417499065399,-8.587303182364359,11.888499533275354
2023-08-29,26.06999969482422,26.25,23.389999389648438,23.84000015258789,1139700,26.211599922180177,21.477774987220766,-0.5402197033998579,21.381286983106108
2023-08-30,26.360000610351562,27.190000534057617,26.1299991607666,26.59000015258789,1023300,26.209599952697754,21.53182498931885,0.5738380514210384,22.423438902312242
2023-08-31,26.350000381469727,27.110000610351562,26.299999237060547,26.56999969482422,1088900,26.216999969482423,21.58842499256134,0.5073059928371704,22.056149953269255
2023-09-01,27.540000915527344,27.649999618530273,26.549999237060547,26.81999969482422,820200,26.252599983215333,21.648824996948242,4.903898787682426,27.212451111825043
2023-09-05,27.34000015258789,28.139999389648438,27.270000457763672,27.450000762939453,1203300,26.32180000305176,21.703274993896486,3.868277053309721,25.971772279882167
2023-09-06,26.790000915527344,27.34000015258789,26.3799991607666,27.170000076293945,997300,26.39380001068115,21.75657500267029,1.5011135368376616,23.13519435958684
2023-09-07,26.18000030517578,26.360000610351562,25.101999282836914,26.049999237060547,961300,26.424000015258787,21.80737500190735,-0.923401869293472,20.05113088065844
2023-09-08,26.479999542236328,27.139999389648438,25.639999389648438,27.100000381469727,824800,26.438400001525878,21.861325001716615,0.15734515215766187,21.127148240818162
2023-09-11,25.43000030517578,26.979999542236328,25.110000610351562,26.729999542236328,1783600,26.41740001678467,21.91472500324249,-3.7376869448981664,16.04070003804825
2023-09-12,25.790000915527344,26.30500030517578,24.81999969482422,25.0,937500,26.400400047302245,21.96862500667572,-2.312082887688194,17.394697700426875
2023-09-13,25.200000762939453,26.290000915527344,25.040000915527344,25.68000030517578,798900,26.38140007019043,22.00817500591278,-4.478152425980964,14.50290974226236
2023-09-14,25.440000534057617,26.209999084472656,25.18000030517578,25.440000534057617,1024700,26.381000099182128,22.04257501125336,-3.5669594086150003,15.413015589466195
2023-09-15,25.239999771118164,25.950000762939453,24.719999313354492,25.579999923706055,1187600,26.398400077819826,22.08662500858307,-4.38814588492793,14.277304754844454
2023-09-18,24.360000610351562,25.299999237060547,24.329999923706055,25.200000762939453,706200,26.398000106811523,22.12697500705719,-7.720279900802374,10.091870228904632
2023-09-19,23.950000762939453,24.989999771118164,23.899999618530273,24.079999923706055,843500,26.365000114440917,22.16082500934601,-9.159868541698568,8.073597227715501
2023-09-20,23.690000534057617,24.389999389648438,23.610000610351562,24.079999923706055,663600,26.32620014190674,22.199875011444092,-10.013597076825187,6.7123149199955545
2023-09-21,22.229999542236328,23.149999618530273,22.149999618530273,22.93000030517578,1394300,26.225800132751466,22.226425008773802,-15.236143684039893,0.01608235899888122
2023-09-22,22.149999618530273,22.719999313354492,21.93000030517578,22.350000381469727,724600,26.09620014190674,22.256725006103515,-15.121743786136266,-0.4795197296276754
2023-09-25,22.700000762939453,22.940000534057617,21.520000457763672,21.899999618530273,903000,25.996200141906737,22.29747500896454,-12.679543013879558,1.8052526297846816
2023-09-26,22.040000915527344,22.690000534057617,21.8799991607666,22.170000076293945,739300,25.854800148010256,22.332725014686584,-14.754704003297014,-1.3107406237561126
2023-09-27,22.25,22.950000762939453,21.770000457763672,22.610000610351562,693200,25.67720016479492,22.36747501373291,-13.34725025625586,-0.525204627079201
2023-09-28,22.479999542236328,22.760000228881836,21.510000228881836,21.989999771118164,882200,25.523600158691405,22.40037501335144,-11.924652468819751,0.3554606958027673
2023-09-29,22.989999771118164,23.790000915527344,22.799999237060547,23.0,1222800,25.388800163269043,22.429325008392333,-9.448262134188267,2.4997397938459898
2023-10-02,22.3799991607666,23.079999923706055,21.809999465942383,22.719999313354492,1397400,25.259000129699707,22.432575006484985,-11.397921351399642,-0.23437276239212101
2023-10-03,20.420000076293945,22.0,19.850000381469727,21.920000076293945,2033000,25.09780014038086,22.424175004959107,-18.638287172271372,-8.937563715150898
2023-10-04,21.100000381469727,21.18000030517578,19.385000228881836,20.459999084472656,1271700,24.958400154113768,22.425025005340576,-15.459323309262995,-5.908687386325284
2023-10-05,20.6200008392334,20.979999542236328,20.209999084472656,20.979999542236328,1222500,24.809400177001955,22.428475008010864,-16.886338677595614,-8.063295289276361
2023-10-06,20.780000686645508,21.110000610351562,19.649999618530273,19.739999771118164,1308000,24.669800186157225,22.435275011062622,-15.767454418598703,-7.377998814816911
2023-10-09,20.510000228881836,20.8700008392334,19.969999313354492,20.209999084472656,803600,24.533400192260743,22.4396750164032,-16.399683418722045,-8.59938829822976
2023-10-10,22.479999542236328,22.6299991607666,20.600000381469727,20.739999771118164,1229400,24.398200187683106,22.456925010681154,-7.8620579825193,0.10275018304688466
2023-10-11,23.059999465942383,23.59000015258789,22.190000534057617,23.010000228881836,1136400,24.282400169372558,22.482725009918212,-5.034101632885502,2.5676356214360485
2023-10-12,21.1299991607666,23.139999389648438,21.010000228881836,23.139999389648438,895700,24.15240016937256,22.503025007247924,-12.513874345451747,-6.101516778473515
2023-10-13,20.700000762939453,21.604999542236328,20.540000915527344,21.18000030517578,656500,23.999200172424317,22.527825012207032,-13.74712234483434,-8.113629470564266
2023-10-16,21.350000381469727,21.790000915527344,20.34000015258789,20.690000534057617,1079100,23.858000183105467,22.557225012779234,-10.512196254452743,-5.351831311810673
2023-10-17,21.020000457763672,21.809999465942383,20.6299991607666,20.780000686645508,995200,23.735400199890137,22.577075018882752,-11.440294746490242,-6.896706326292456
2023-10-18,19.309999465942383,20.850000381469727,19.030000686645508,20.850000381469727,1240000,23.569200172424317,22.587875018119814,-18.071044733478693,-14.511659682674638
2023-10-19,19.329999923706055,20.0,19.020000457763672,19.489999771118164,1304800,23.401000175476074,22.60347502231598,-17.396693394483076,-14.482176282089743
2023-10-20,18.06999969482422,18.229999542236328,17.06999969482422,17.799999237060547,1952600,23.242000160217284,22.61252501964569,-22.252820022976515,-20.08853642339783
2023-10-23,17.975000381469727,18.700000762939453,17.190000534057617,17.56999969482422,1097300,23.10210018157959,22.62290002346039,-22.193219490052883,-20.545109765638802
2023-10-24,19.0,19.229999542236328,18.25,18.440000534057617,1386400,22.999700164794923,22.63575002193451,-17.390227420952066,-16.06198168124048
2023-10-25,18.959999084472656,19.604999542236328,18.479999542236328,19.010000228881836,985200,22.892100143432618,22.6384500169754,-17.1766724517323,-16.24868721023067
2023-10-26,18.6200008392334,19.6299991607666,18.600000381469727,18.989999771118164,1202400,22.811100158691406,22.63240002155304,-18.373069647239838,-17.728562496679967
2023-10-27,17.260000228881836,18.799999237060547,17.12700080871582,18.739999771118164,1042900,22.730700149536133,22.6119500207901,-24.067450121046708,-23.66867867206288
2023-10-30,17.280000686645508,18.049999237060547,16.790000915527344,17.540000915527344,1210100,22.61970016479492,22.58905002117157,-23.60641139912221,-23.50275611214354
2023-10-31,17.31999969482422,17.920000076293945,16.760000228881836,17.43000030517578,1545500,22.513900146484374,22.56525002002716,-23.069749878371038,-23.244813687185673
2023-11-01,16.6200008392334,17.5,16.420000076293945,17.34000015258789,1940500,22.3831001663208,22.54115002155304,-25.747547409714812,-26.26817698590379
2023-11-02,17.260000228881836,17.950000762939453,16.990999221801758,17.049999237060547,3253700,22.250100173950194,22.51980001926422,-22.427314511197704,-23.356334363018185
2023-11-03,19.010000228881836,19.290000915527344,17.979999542236328,18.190000534057617,3721900,22.166900177001953,22.51035002231598,-14.24150387700751,-15.549957197307096
2023-11-06,18.770000457763672,19.31999969482422,17.860000610351562,19.229999542236328,887500,22.066900177001955,22.49150002002716,-14.940475068058268,-16.54624884489583
2023-11-07,18.229999542236328,19.049999237060547,17.899999618530273,18.600000381469727,644500,21.952300186157228,22.45810001850128,-16.95631260667674,-18.82661700135714
2023-11-08,18.5,19.059999465942383,17.81999969482422,19.059999465942383,747900,21.80090019226074,22.435100016593932,-15.141118775602447,-17.539926337227683
2023-11-09,17.739999771118164,19.08300018310547,17.709999084472656,18.780000686645508,863300,21.628500175476074,22.412500014305113,-17.978594783779634,-20.847742287583515
2023-11-10,17.149999618530273,17.600000381469727,16.780000686645508,17.56999969482422,918700,21.444500160217284,22.392375016212462,-20.026116298359543,-23.41143087272618
2023-11-13,16.649999618530273,17.18000030517578,16.290000915527344,17.0,941500,21.226700134277344,22.361825013160704,-21.56105511829657,-25.5427515029244
2023-11-14,18.81999969482422,18.920000076293945,17.350000381469727,17.75,1491700,21.05630012512207,22.338625016212465,-10.620576345365363,-15.751306621757477
2023-11-15,19.329999923706055,20.8700008392334,19.059999465942383,19.149999618530273,1424400,20.907100105285643,22.314575018882753,-7.543371264486709,-13.37500307602152
2023-11-16,18.270000457763672,19.420000076293945,18.079999923706055,19.010000228881836,1113200,20.748900108337402,22.284025025367736,-11.94713761997268,-18.013014089844948
2023-11-17,19.149999618530273,19.260000228881836,18.40999984741211,18.65999984741211,1113400,20.602300109863283,22.26687502384186,-7.049215299206935,-13.997812454483382
2023-11-20,19.270000457763672,20.200000762939453,19.003999710083008,19.149999618530273,1064400,20.479100112915038,22.25477502346039,-5.904066333407165,-13.411838864020186
2023-11-21,18.899999618530273,19.19099998474121,18.579999923706055,19.059999465942383,877700,20.341300086975096,22.23952501773834,-7.085586773127217,-15.016172317279475
2023-11-22,18.979999542236328,19.6200008392334,18.725000381469727,19.209999084472656,700800,20.216900062561034,22.222825016975403,-6.118151232370583,-14.592318808531179
2023-11-24,18.860000610351562,19.229999542236328,18.469999313354492,18.920000076293945,338200,20.085300064086915,22.206625018119812,-6.100478707441481,-15.070387350790693
2023-11-27,19.100000381469727,19.579999923706055,18.3700008392334,18.739999771118164,1394900,19.962500076293946,22.18082501888275,-4.3205995818553,-13.889585417991835
2023-11-28,20.270000457763672,20.40999984741211,18.610000610351562,18.93000030517578,2403000,19.88070007324219,22.172375025749208,1.958182473893122,-8.579931404625219
2023-11-29,25.09000015258789,26.489999771118164,23.31999969482422,23.360000610351562,8075900,19.903500061035157,22.188675026893616,26.058231344477356,13.075702457121686
2023-11-30,25.079999923706055,26.450000762939453,24.610000610351562,25.75,3607300,19.931300048828124,22.202975029945375,25.832233031786878,12.957835109395965
2023-12-01,25.770000457763672,25.850000381469727,24.079999923706055,25.0,2160100,20.00210006713867,22.21557503223419,28.836474026550096,15.999700302027332
2023-12-04,26.940000534057617,27.799999237060547,26.219999313354492,26.489999771118164,2344000,20.09790008544922,22.24337503910065,34.04385741554186,21.11471611974791
2023-12-05,25.739999771118164,26.559999465942383,25.149999618530273,26.3700008392334,1217100,20.15870006561279,22.27022503376007,27.686803649735793,15.580330832302614
2023-12-06,22.399999618530273,22.950000762939453,22.049999237060547,22.5,11541100,20.165900039672852,22.288775029182435,11.078600878027878,0.4990161603866117
2023-12-07,21.969999313354492,22.649999618530273,21.139999389648438,22.399999618530273,4354900,20.160300025939943,22.302825026512146,8.976549382132394,-1.492302938134571
2023-12-08,21.93000030517578,22.524999618530273,21.6299991607666,22.25,4838800,20.14930004119873,22.315575032234193,8.83752914660112,-1.7278278803098734
2023-12-11,21.950000762939453,22.530000686645508,21.5,21.950000762939453,2142000,20.128500061035155,22.331625037193298,9.049361335325568,-1.7088961220611987
2023-12-12,20.68000030517578,21.889999389648438,20.6299991607666,21.649999618530273,2200200,20.09450008392334,22.339275040626525,2.9137337022923537,-7.4276122767330754
2023-12-13,22.959999084472656,23.0,20.422000885009766,20.700000762939453,3221600,20.145300064086914,22.360725035667418,13.97198856026729,2.6800295958621323
2023-12-14,24.700000762939453,26.299999237060547,24.100000381469727,24.219999313354492,4668500,20.21730007171631,22.387225041389467,22.172598098271166,10.330783369864417
2023-12-15,25.889999389648438,26.0,24.79199981689453,25.34000015258789,2408700,20.32270004272461,22.42067503452301,27.3944866342545,15.47377297866106
2023-12-18,26.309999465942383,26.600000381469727,25.200000762939453,25.450000762939453,1888000,20.433300018310547,22.449275031089783,28.760403079119136,17.197546154634935
2023-12-19,27.219999313354492,27.389999389648438,26.520000457763672,26.799999237060547,1774900,20.5675,22.481675028800964,32.344715270959014,21.076384559795148
2023-12-20,23.010000228881836,25.565000534057617,20.850000381469727,25.389999389648438,10142100,20.57810001373291,22.494025025367737,11.817904536988276,2.29383226404436
2023-12-21,24.90999984741211,24.950000762939453,23.809999465942383,24.15999984741211,2673700,20.615100021362306,22.51677502155304,20.83375691410292,10.628630536869842
2023-12-22,25.25,25.40999984741211,24.2549991607666,24.90999984741211,2560100,20.697500038146973,22.545275025367737,21.995409848834125,11.99685952639269
2023-12-26,25.43000030517578,25.841999053955078,25.299999237060547,25.43000030517578,924200,20.792100028991698,22.582025027275087,22.30606946733218,12.611691265335345
2023-12-27,25.239999771118164,25.850000381469727,25.110000610351562,25.700000762939453,606400,20.86990001678467,22.617575030326844,20.939725397911978,11.594632657457904
2023-12-28,24.59000015258789,25.09000015258789,24.399999618530273,25.049999237060547,1122800,20.941300010681154,22.65427503108978,17.42346530561956,8.54463503617573
2023-12-29,23.850000381469727,24.56999969482422,23.780000686645508,24.56999969482422,971100,21.0321000289917,22.691025032997132,13.398093146160829,5.107637697227085
2024-01-02,23.850000381469727,24.829999923706055,23.110000610351562,23.469999313354492,1272300,21.122500038146974,22.72862503528595,12.912772344168166,4.933757956950102
2024-01-03,22.479999542236328,23.350000381469727,22.010000228881836,23.149999618530273,2471100,21.210700035095215,22.764725031852723,5.984241467942741,-1.250731072824307
2024-01-04,21.8799991607666,22.739999771118164,21.850000381469727,22.65999984741211,1779600,21.288800010681154,22.79632502555847,2.777043092089859,-4.01962098612173
2024-01-05,21.5,22.209999084472656,21.15999984741211,21.479999542236328,1860300,21.33880001068115,22.81732502937317,0.755431370265236,-5.773354359800509
2024-01-08,21.989999771118164,22.350000381469727,21.049999237060547,21.350000381469727,1546100,21.399400024414064,22.844475030899048,2.759889277411043,-3.7404022575486473
2024-01-09,21.65999984741211,22.15999984741211,20.8700008392334,21.1299991607666,2594200,21.460200004577636,22.872425031661987,0.9310250733537195,-5.300816081248638
2024-01-10,21.559999465942383,21.81999969482422,21.170000076293945,21.65999984741211,1025400,21.546199989318847,22.899475030899048,0.06404598783253945,-5.8493723683589405
2024-01-11,20.90999984741211,21.149999618530273,20.219999313354492,21.149999618530273,1769800,21.61879997253418,22.924125032424925,-3.278628443866327,-8.786050425758651
2024-01-12,20.25,21.260000228881836,20.049999237060547,21.049999237060547,1203500,21.677399978637695,22.946175031661987,-6.584737930030105,-11.749997670381685
2024-01-16,19.610000610351562,20.700000762939453,19.149999618530273,20.700000762939453,1887400,21.737199974060058,22.962975034713747,-9.785986080300013,-14.601655139603654
2024-01-17,19.31999969482422,19.420000076293945,18.739999771118164,18.969999313354492,1485100,21.778399963378906,22.966375036239626,-11.28825015927969,-15.877017316235742
2024-01-18,19.450000762939453,19.79800033569336,19.010000228881836,19.760000228881836,1369500,21.78719997406006,22.962375040054322,-10.7273959659951,-15.296215095294253
2024-01-19,19.940000534057617,20.059999465942383,19.020000457763672,19.43000030517578,1731600,21.810599975585937,22.966025047302246,-8.576561138263994,-13.176091670247859
2024-01-22,21.110000610351562,21.469999313354492,20.18000030517578,20.239999771118164,1773100,21.868199996948242,22.97222504615784,-3.46713212199673,-8.106417345575057
2024-01-23,21.760000228881836,22.969999313354492,21.489999771118164,21.940000534057617,3139000,21.93340000152588,22.98507504463196,-0.7905740680057782,-5.329870854766828
2024-01-24,20.979999542236328,22.743000030517578,20.969999313354492,22.350000381469727,1458200,21.99819999694824,22.98912504196167,-4.628562586271445,-8.739460488635908
2024-01-25,21.010000228881836,21.40999984741211,20.70800018310547,21.34000015258789,1549100,22.075400009155274,22.995125045776366,-4.82618561761774,-8.63280722736991
2024-01-26,20.1200008392334,21.329999923706055,20.100000381469727,21.139999389648438,1370700,22.144800033569336,22.990475053787232,-9.14345214798301,-12.485493265529456
2024-01-29,21.049999237060547,21.239999771118164,19.8799991607666,20.200000762939453,1015200,22.189400024414063,22.990025053024294,-5.134887766680851,-8.43855459700137
2024-01-30,20.219999313354492,20.68000030517578,20.0,20.670000076293945,989000,22.207200012207032,22.982225046157836,-8.948452293671416,-12.01896564521342
2024-01-31,19.8700008392334,21.18000030517578,19.860000610351562,20.139999389648438,1104900,22.239200019836424,22.974825048446654,-10.65325721469208,-13.514027648376691
2024-02-01,20.540000915527344,20.969999313354492,20.06999969482422,20.34000015258789,1419900,22.267000045776367,22.97307505607605,-7.755867996131805,-10.590981549530055
2024-02-02,19.790000915527344,19.975000381469727,19.110000610351562,19.84000015258789,1755800,22.27740005493164,22.96807505607605,-11.165571984481426,-13.836919867204834
2024-02-05,18.479999542236328,19.270000457763672,18.209999084472656,19.25,2418300,22.26900005340576,22.959575052261354,-17.014686344616326,-19.510707405639984
2024-02-06,19.600000381469727,19.6299991607666,18.1200008392334,18.329999923706055,2329600,22.28140007019043,22.95512505531311,-12.034251349887393,-14.616015664296366
2024-02-07,20.229999542236328,20.62700080871582,19.469999313354492,20.049999237060547,4053300,22.308800048828125,22.95562505722046,-9.318298169519856,-11.873453709886295
2024-02-08,21.579999923706055,22.229999542236328,19.427000045776367,19.5,4086000,22.35840003967285,22.96227505683899,-3.4814660914269324,-6.019765592526705
2024-02-09,22.43000030517578,23.15999984741211,21.469999313354492,21.709999084472656,2668800,22.401600036621094,22.97897505760193,0.12677785742205572,-2.3890306293036123
2024-02-12,22.15999984741211,22.90999984741211,21.8799991607666,22.579999923706055,2382700,22.34300003051758,23.001325054168703,-0.8190492899588953,-3.6577249561720926
2024-02-13,20.670000076293945,20.959999084472656,20.100000381469727,20.459999084472656,2854600,22.254800033569335,23.014175052642823,-7.121160176163633,-10.185787546096225
2024-02-14,21.079999923706055,21.704999923706055,20.709999084472656,21.489999771118164,2399500,22.161000022888185,23.02927505493164,-4.877939163691436,-8.464335618798202
2024-02-15,20.309999465942383,21.540000915527344,20.18000030517578,21.399999618530273,2033300,22.028400001525878,23.0438250541687,-7.800841347825827,-11.863592879220198
2024-02-16,19.15999984741211,20.031999588012695,19.09000015258789,19.93000030517578,2123900,21.89680000305176,23.054925050735473,-12.49863064583967,-16.89411349094415
2024-02-20,17.760000228881836,18.770000457763672,17.5,18.75,3032000,21.80400001525879,23.060275049209594,-18.547054593408994,-22.984438863010993
2024-02-21,17.010000228881836,17.94499969482422,16.969999313354492,17.700000762939453,3689400,21.704800033569335,23.063075046539307,-21.63023753928335,-26.245740455003876
2024-02-22,14.725000381469727,17.170000076293945,13.40999984741211,17.079999923706055,18422500,21.560700035095216,23.047050046920777,-31.704442075158724,-36.108958189913444
2024-02-23,14.40999984741211,16.65999984741211,14.204999923706055,16.610000610351562,5794900,21.40990001678467,23.024900045394897,-32.69468873691547,-37.4155813097908
2024-02-26,15.550000190734863,16.100000381469727,14.670000076293945,15.170000076293945,5469700,21.30730001449585,23.003900046348573,-27.02031613505307,-32.40276579447611
2024-02-27,15.170000076293945,16.190000534057617,15.020000457763672,15.899999618530273,2620600,21.151500034332276,22.97970004558563,-28.27931800737251,-33.98521283480338
2024-02-28,15.449999809265137,15.541999816894531,14.53499984741211,15.0,2439100,20.966500015258788,22.950100040435792,-26.311020923754125,-32.68003284498205
2024-02-29,15.289999961853027,16.0,15.229999542236328,15.819999694824219,2620000,20.754500026702882,22.914050040245055,-26.329230084170618,-33.27238120280588
2024-03-01,15.449999809265137,15.791999816894531,15.03499984741211,15.390000343322754,1695100,20.537300033569338,22.86760004043579,-24.771027428088065,-32.43716095285221
2024-03-04,15.109999656677246,15.583999633789062,14.510000228881836,15.479999542236328,2305600,20.29510004043579,22.829950041770935,-25.548533258903838,-33.81501217028001
2024-03-05,14.8100004196167,15.609999656677246,14.710000038146973,15.210000038146973,3034500,20.131100044250488,22.78645004272461,-26.43223476579718,-35.005231653689194
2024-03-06,14.829999923706055,15.329999923706055,14.460000038146973,15.109999656677246,2247800,19.92950004577637,22.748350038528443,-25.58769718436085,-34.80845908125746
2024-03-07,15.210000038146973,15.279999732971191,14.680000305175781,15.0,1933100,19.728700046539306,22.715700039863588,-22.9041953992553,-33.04190488756642
2024-03-08,15.399999618530273,16.1299991607666,14.949999809265137,15.354999542236328,2182400,19.528100032806396,22.678650040626525,-21.139283429217826,-32.09472525506272
2024-03-11,15.229999542236328,16.010000228881836,15.175000190734863,15.399999618530273,1601300,19.32790002822876,22.640350041389464,-21.201995457382196,-32.730724063921556
2024-03-12,15.170000076293945,15.5600004196167,14.859999656677246,15.220000267028809,1848200,19.13950002670288,22.6035000371933,-20.73983095102172,-32.88649965123888
2024-03-13,14.3100004196167,15.130000114440918,14.255000114440918,14.989999771118164,1922300,18.94870002746582,22.56395004272461,-24.480305251153922,-36.58025127461788
2024-03-14,13.470000267028809,14.289999961853027,13.34000015258789,14.279999732971191,3056000,18.741100025177,22.515750041007994,-28.125882424547854,-40.17520960884775
2024-03-15,14.100000381469727,14.140000343322754,13.029999732971191,13.399999618530273,3587200,18.57350004196167,22.463750042915343,-24.085388593347034,-37.232205867084915
2024-03-18,14.149999618530273,14.399999618530273,13.9399995803833,14.260000228881836,1661000,18.418900051116943,22.410500044822694,-23.176739222968955,-36.85995586787798
2024-03-19,14.420000076293945,14.470000267028809,13.829999923706055,13.829999923706055,1393500,18.277300052642822,22.361600041389465,-21.10432046986681,-35.51445312677214
2024-03-20,14.989999771118164,15.170000076293945,14.260000228881836,14.420000076293945,1683000,18.13730005264282,22.318700041770935,-17.352639435802118,-32.83659109597162
2024-03-21,16.020000457763672,16.260000228881836,15.0,15.0600004196167,2837500,18.024500064849853,22.275800042152405,-11.12097200962161,-28.08338902553852
2024-03-22,15.720000267028809,16.389999389648438,15.640000343322754,15.75,1883000,17.90770008087158,22.220050039291383,-12.216531458328372,-29.253083412362415
2024-03-25,15.899999618530273,16.1200008392334,15.510000228881836,15.699999809265137,1184300,17.807500076293945,22.171250038146972,-10.711781269640497,-28.2855067207606
2024-03-26,15.789999961853027,16.350000381469727,15.75,16.059999465942383,992900,17.718300075531005,22.123550038337708,-10.883098860826735,-28.628091176639035
2024-03-27,16.649999618530273,16.889999389648438,15.680000305175781,16.0,1740500,17.65910005569458,22.078100037574767,-5.714336710147916,-24.585903722722502
2024-03-28,17.34000015258789,17.610000610351562,16.600000381469727,16.649999618530273,2100100,17.619500064849852,22.02755003452301,-1.5863101179559136,-21.28039602492554
2024-04-01,17.420000076293945,17.850000381469727,16.81999969482422,17.780000686645508,2090900,17.578900051116943,21.97045003414154,-0.903924445562232,-20.711682968606947
2024-04-02,15.699999809265137,17.1200008392334,15.550000190734863,16.950000762939453,2571300,17.494100036621095,21.911850032806395,-10.25545883240805,-28.34927317520376
2024-04-03,16.459999084472656,16.549999237060547,15.510000228881836,16.1299991607666,2097100,17.401100006103515,21.858100032806398,-5.408284081470505,-24.696112380453183
2024-04-04,16.700000762939453,17.399999618530273,16.389999389648438,16.540000915527344,1786100,17.29990001678467,21.811450033187867,-3.46764578560097,-23.434706369686264
2024-04-05,16.610000610351562,16.739999771118164,16.176000595092773,16.420000076293945,1011500,17.212500038146974,21.762200040817262,-3.500359776093709,-23.674993432659452
2024-04-08,16.690000534057617,17.15999984741211,16.579999923706055,16.920000076293945,811900,17.12610004425049,21.715750045776367,-2.54640291173166,-23.14333836558521
2024-04-09,17.040000915527344,17.559999465942383,16.834999084472656,16.84000015258789,1098400,17.064500045776366,21.672150049209595,-0.14356781730084922,-21.373740598714576
2024-04-10,16.739999771118164,16.75,15.670000076293945,16.049999237060547,1387900,16.97830005645752,21.636450052261353,-1.4035579801684683,-22.630562173166812
2024-04-11,16.799999237060547,17.3799991607666,16.559999465942383,16.950000762939453,1386500,16.90990005493164,21.604500045776366,-0.6499199729985472,-22.238426247012775
2024-04-12,16.139999389648438,16.684999465942383,15.970000267028809,16.520000457763672,1027100,16.83530002593994,21.56185004234314,-4.130016306333594,-25.14557258327683
2024-04-15,15.729999542236328,16.100000381469727,15.479999542236328,16.0,1525100,16.73909999847412,21.51170003890991,-6.02840329724883,-26.877004077854217
2024-04-16,16.049999237060547,16.329999923706055,15.300000190734863,15.470000267028809,1342400,16.664299964904785,21.459550037384034,-3.686327833380121,-25.208127807431524
2024-04-17,15.979999542236328,16.799999237060547,15.880000114440918,16.309999465942383,2123100,16.614299964904784,21.406250038146972,-3.8177980655719534,-25.348907380978936
2024-04-18,15.579999923706055,16.040000915527344,15.34000015258789,15.8100004196167,1383600,16.53389995574951,21.353400039672852,-5.769358920741185,-27.037380956851354
2024-04-19,15.100000381469727,15.569999694824219,15.015000343322754,15.479999542236328,1298400,16.43129997253418,21.301600046157837,-8.102217069189866,-29.1133044055378
2024-04-22,15.6899995803833,15.90999984741211,14.920000076293945,15.130000114440918,1154000,16.313499965667724,21.258200039863585,-3.8219902939074957,-26.193188741467953
2024-04-23,16.239999771118164,16.940000534057617,15.604999542236328,15.680000305175781,1669900,16.189699954986573,21.217500042915344,0.31069023064937973,-23.45940974068337
2024-04-24,16.84000015258789,16.950000762939453,16.299999237060547,16.329999923706055,1459200,16.083299961090088,21.173700041770935,4.704881419413098,-20.467371695233393
2024-04-25,16.510000228881836,16.639999389648438,15.970000267028809,16.459999084472656,1146900,16.000099964141846,21.128100047111513,3.1868567439124584,-21.857619984438838
2024-04-26,16.850000381469727,16.989999771118164,16.540000915527344,16.6299991607666,837900,15.91549997329712,21.07610004901886,5.871637144547792,-20.051620829850194
2024-04-29,18.139999389648438,18.229999542236328,17.049999237060547,17.06999969482422,2251100,15.87209997177124,21.02365005016327,14.288590809727065,-13.71622269983721
2024-04-30,17.84000015258789,18.559999465942383,17.709999084472656,17.950000762939453,2194000,15.845699977874755,20.97435004711151,12.585749935299573,-14.943728351455011
2024-05-01,18.139999389648438,19.049999237060547,17.530000686645508,17.885000228881836,2445400,15.853299961090087,20.919500041007996,14.424122638004476,-13.286649517966342
2024-05-02,19.489999771118164,19.510000228881836,18.149999618530273,18.729999542236328,2202200,15.902899951934815,20.861300044059753,22.556262254211855,-6.573417141047577
2024-05-03,20.899999618530273,20.93000030517578,20.020000457763672,20.040000915527344,3275600,16.026399936676025,20.815000042915344,30.409821925765957,0.40835731654904617
2024-05-06,21.149999618530273,21.5,20.579999923706055,21.110000610351562,1885500,16.161199932098388,20.772100043296813,30.8689930660621,1.8192651414434602
2024-05-07,20.81999969482422,21.239999771118164,20.709999084472656,21.15999984741211,1650100,16.266599922180177,20.73185003757477,27.99232657363937,0.4251895373046155
2024-05-08,20.3799991607666,20.6200008392334,19.65999984741211,20.190000534057617,2682700,16.370799903869628,20.69135003566742,24.48994111735068,-1.504739296199209
2024-05-09,18.75,20.690000534057617,18.530000686645508,20.5,4429800,16.436799907684325,20.644750037193297,14.073299579647713,-9.177878316665211
2024-05-10,16.729999542236328,19.139999389648438,16.459999084472656,18.8700008392334,5419700,16.46559989929199,20.58805003643036,1.605769875142582,-18.739271020651536
2024-05-13,17.40999984741211,17.75,17.010000228881836,17.270000457763672,2483800,16.50479990005493,20.53630003452301,5.484464839553538,-15.223288430025672
2024-05-14,18.440000534057617,18.459999084472656,17.844999313354492,17.850000381469727,2379600,16.571399917602537,20.491850037574768,11.276057700292451,-10.013002729157138
2024-05-15,18.530000686645508,19.149999618530273,18.100000381469727,19.079999923706055,1762800,16.645799922943116,20.438300042152406,11.319376493918899,-9.336879053400615
2024-05-16,18.260000228881836,18.8799991607666,17.719999313354492,18.530000686645508,1679300,16.714399929046632,20.385350041389465,9.247118092162122,-10.425868617376777
2024-05-17,18.31999969482422,18.5,18.020000457763672,18.299999237060547,1034100,16.776599922180175,20.338800044059752,9.199717343223579,-9.925857694958529
2024-05-20,18.149999618530273,18.549999237060547,17.6200008392334,18.360000610351562,1237000,16.831599922180175,20.287750039100647,7.8328839946626205,-10.537148853127032
2024-05-21,18.84000015258789,18.979999542236328,17.950000762939453,17.959999084472656,2140700,16.90379993438721,20.239900040626527,11.454230561862545,-6.916535581839279
2024-05-22,20.040000915527344,21.31999969482422,19.09000015258789,19.09000015258789,3728300,17.001199951171873,20.20435004711151,17.874038144854644,-0.8134343901236463
2024-05-23,20.209999084472656,20.670000076293945,19.809999465942383,20.290000915527344,2500100,17.119199924468994,20.167300038337707,18.05457716272061,0.21172415768981878
2024-05-24,23.25,23.8799991607666,20.209999084472656,20.389999389648438,6097300,17.31479991912842,20.144850039482115,34.278190383907955,15.414113058335332
2024-05-28,23.829999923706055,25.36400032043457,23.18000030517578,23.670000076293945,7666000,17.509399909973144,20.133900036811827,36.098324592682204,18.35759530014782
2024-05-29,24.389999389648438,25.290000915527344,23.058000564575195,23.280000686645508,5166400,17.714199905395507,20.1310000371933,37.68614738405189,21.15642215779825
2024-05-30,25.649999618530273,25.760000228881836,24.479999542236328,24.65999984741211,2618900,17.938799896240234,20.13865003108978,42.9861516204672,27.3670259870058
2024-05-31,25.1299991607666,26.1200008392334,24.09000015258789,26.0,3407300,18.1415998840332,20.142600026130676,38.52140561695463,24.760453606614096
2024-06-03,24.399999618530273,26.079999923706055,24.329999923706055,25.84000015258789,2441000,18.309199867248534,20.151250023841857,33.266334932401676,21.08429794509783
2024-06-04,22.34000015258789,24.68899917602539,22.309999465942383,24.18000030517578,4733800,18.441599864959716,20.15655002117157,21.13916534451763,10.832459568343399
2024-06-05,24.780000686645508,24.829999923706055,21.889999389648438,22.5,2814000,18.619199886322022,20.166300024986267,33.08842935216199,22.878270460832262
2024-06-06,22.899999618530273,24.229999542236328,22.6200008392334,24.15999984741211,2066200,18.761399879455567,20.16775002002716,22.059120138506437,13.547617338522699
2024-06-07,22.360000610351562,23.540000915527344,22.219999313354492,22.40999984741211,1932200,18.87559989929199,20.163750023841857,18.45981441464155,10.892074063171941
2024-06-10,22.34000015258789,22.850000381469727,21.93000030517578,22.43000030517578,2055100,18.975599899291993,20.155900025367735,17.73013907940495,10.836033739358196
2024-06-11,22.600000381469727,22.68000030517578,21.23200035095215,22.239999771118164,1711800,19.07919990539551,20.153050026893617,18.453606511447852,12.141836353855773
2024-06-12,22.610000610351562,25.1299991607666,22.559999465942383,23.950000762939453,2441000,19.217399921417236,20.147250027656554,17.653796573975498,12.223755496727051
2024-06-13,22.0,23.700000762939453,21.969999313354492,22.729999542236328,1818000,19.32819993972778,20.13745003223419,13.823325858609925,9.2491848013746
2024-06-14,20.43000030517578,21.540000915527344,20.34000015258789,21.540000915527344,2384300,19.40279993057251,20.10925003528595,5.294083216230749,1.5950384491068004
2024-06-17,20.170000076293945,20.860000610351562,19.94099998474121,20.450000762939453,2666400,19.47399991989136,20.07830003261566,3.573996915198041,0.4567121894250237
2024-06-18,20.260000228881836,20.709999084472656,19.219999313354492,20.0,1678500,19.545399913787843,20.04785003185272,3.6561048545744823,1.0582191940384789
2024-06-20,20.010000228881836,20.700000762939453,19.6200008392334,20.059999465942383,2248000,19.604799900054932,20.010200028419494,2.0668424615023495,-0.0009984884577596276
2024-06-21,19.489999771118164,19.899999618530273,19.075000762939453,19.850000381469727,2019600,19.65979990005493,19.970950026512146,-0.8636920507837598,-2.408249255821593
2024-06-24,18.6200008392334,19.68000030517578,18.290000915527344,19.5,2295200,19.696199932098388,19.930100026130678,-5.463993544821488,-6.573470204261833
2024-06-25,18.600000381469727,18.719999313354492,18.010000228881836,18.559999465942383,1837500,19.745399951934814,19.892200026512146,-5.800842592468491,-6.4960117197705
2024-06-26,18.8700008392334,18.940000534057617,18.25,18.5,1578700,19.808199977874757,19.854150032997133,-4.736417946553962,-4.956894110944566
2024-06-27,19.1299991607666,19.170000076293945,18.170000076293945,18.969999313354492,2146500,19.869799976348876,19.822650027275085,-3.7232423902750056,-3.4942394965124524
2024-06-28,17.34000015258789,19.299999237060547,17.200000762939453,19.1299991607666,4225700,19.89699998855591,19.780400023460388,-12.851182778502878,-12.337464702321899
2024-07-01,16.43000030517578,17.51799964904785,16.420000076293945,17.3799991607666,3813700,19.913999996185304,19.73655002117157,-17.4952279385202,-16.753433160551488
2024-07-02,15.880000114440918,16.809999465942383,15.15999984741211,16.520000457763672,6262900,19.929599990844725,19.688750019073485,-20.31952411620963,-19.34480300142385
2024-07-03,17.09000015258789,17.1200008392334,16.0,16.420000076293945,2251300,19.957600002288817,19.648000020980835,-14.368460382871984,-13.019136124091101
2024-07-05,16.59000015258789,17.469999313354492,16.579999923706055,17.299999237060547,2115800,19.964600009918215,19.609150018692016,-16.902917442141874,-15.396638116523075
2024-07-08,17.190000534057617,17.950000762939453,16.854999542236328,17.579999923706055,2182900,19.97160001754761,19.575350017547606,-13.927774845510621,-12.185475515644573
2024-07-09,17.010000228881836,17.450000762939453,16.6200008392334,17.3799991607666,2187400,19.981600017547606,19.54195001602173,-14.871680876687288,-12.956484818884705
2024-07-10,17.239999771118164,18.399999618530273,16.799999237060547,18.1200008392334,3280100,19.989400005340578,19.517000017166136,-13.754290941638347,-11.666753312728606
2024-07-11,18.190000534057617,18.6200008392334,17.68000030517578,18.290000915527344,2914800,19.99040002822876,19.497200021743776,-9.006320491980002,-6.704549813451866
2024-07-12,18.540000915527344,18.739999771118164,18.209999084472656,18.329999923706055,2047400,20.00440004348755,19.476400022506713,-7.3203851391531405,-4.807865446885851
2024-07-15,16.65999984741211,17.75,16.229999542236328,17.674999237060547,6007900,19.974800052642824,19.449500017166137,-16.594910569791367,-14.342271869672818
2024-07-16,17.610000610351562,17.719999313354492,16.235000610351562,16.989999771118164,3661600,19.93720006942749,19.426300020217894,-11.67264937389353,-9.349692983100333
2024-07-17,17.010000228881836,17.59000015258789,16.829999923706055,17.290000915527344,2063900,19.859400081634522,19.398950023651125,-14.34786469399818,-12.314840709712072
2024-07-18,16.489999771118164,17.8799991607666,16.399999618530273,17.270000457763672,2419100,19.76620008468628,19.366450023651122,-16.574760447286618,-14.85274920814148
2024-07-19,15.960000038146973,16.56999969482422,15.600000381469727,16.520000457763672,2708700,19.669000091552736,19.334350028038024,-18.857084936405442,-17.452616638251005
2024-07-22,16.25,16.420000076293945,15.850000381469727,16.299999237060547,2133500,19.5864001083374,19.313500027656556,-17.034269135129055,-15.86196196064764
2024-07-23,16.139999389648438,16.479999542236328,15.970000267028809,16.110000610351562,1485300,19.53420009613037,19.288700022697448,-17.37568310848985,-16.32406864819228
2024-07-24,15.579999923706055,16.81999969482422,15.529999732971191,15.979999542236328,1926100,19.511200103759766,19.263500018119814,-20.14842838547988,-19.121655415417504
2024-07-25,15.600000381469727,16.184999465942383,15.270000457763672,15.5,1889800,19.475000114440917,19.237600016593934,-19.89730274814139,-18.908801679973042
2024-07-26,16.3700008392334,16.700000762939453,15.890000343322754,15.930000305175781,1586500,19.433600120544433,19.216900019645692,-15.76444540542089,-14.81455998366995
2024-07-29,16.079999923706055,16.469999313354492,15.760000228881836,16.389999389648438,1252200,19.384600105285646,19.18490002155304,-17.04755405647248,-16.184082764876674
2024-07-30,15.630000114440918,16.829999923706055,15.619999885559082,16.329999923706055,2307000,19.332000102996826,19.14775002479553,-19.149596362675524,-18.371609749444584
2024-07-31,16.3799991607666,17.100000381469727,15.914999961853027,15.930000305175781,1647900,19.293200092315672,19.12400002479553,-15.099625347841473,-14.348467164145317
2024-08-01,15.850000381469727,16.940000534057617,15.649999618530273,16.469999313354492,1959900,19.247200107574464,19.099750022888184,-17.650358011126087,-17.0146187124131
2024-08-02,14.670000076293945,15.270000457763672,14.399999618530273,15.09000015258789,2274900,19.163800106048583,19.066350021362304,-23.449420286617794,-23.058162365332656
2024-08-05,14.130000114440918,14.475000381469727,12.739999771118164,12.770000457763672,2251700,19.045600090026856,19.03190001964569,-25.8096355712098,-25.756229804406196
2024-08-06,14.359999656677246,14.850000381469727,14.050000190734863,14.699999809265137,1506400,18.92860010147095,19.007150020599365,-24.13596578882067,-24.44948537200833
2024-08-07,13.84000015258789,14.869999885559082,13.75,14.729999542236328,2148900,18.740400104522706,18.979700021743774,-26.148854478043827,-27.079984737733852
2024-08-08,15.920000076293945,16.670000076293945,13.91100025177002,15.829999923706055,7394600,18.58220010757446,18.96895002365112,-14.32661372640881,-16.073372240190643
2024-08-09,16.25,16.579999923706055,15.75,16.3799991607666,3550800,18.419400119781493,18.960325021743774,-11.777800067721355,-14.294718147687668
2024-08-12,15.770000457763672,16.600000381469727,15.699999809265137,16.200000762939453,1783900,18.221800136566163,18.944175024032592,-13.455309905865997,-16.755411952445332
2024-08-13,17.030000686645508,17.260000228881836,15.930000305175781,16.010000228881836,2460900,18.05980016708374,18.934525032043457,-5.702164314725755,-10.058474359271575
2024-08-14,16.6200008392334,17.200000762939453,16.450000762939453,17.200000762939453,1215300,17.904200191497804,18.92452503204346,-7.17261502065999,-12.177447988300816
2024-08-15,17.440000534057617,17.469999313354492,16.700000762939453,16.770000457763672,1503400,17.806200199127197,18.925425033569336,-2.0565851275081704,-7.848830326805967
2024-08-16,17.239999771118164,17.760000228881836,16.906999588012695,17.510000228881836,965600,17.65540018081665,18.9252250289917,-2.352823529595416,-8.904651095518956
2024-08-19,18.010000228881836,18.197999954223633,17.079999923706055,17.079999923706055,1680200,17.55760019302368,18.92867503166199,2.5766621342586005,-4.853349752391467
2024-08-20,17.670000076293945,18.389999389648438,17.3799991607666,17.920000076293945,1545400,17.463800182342528,18.93392502784729,1.1807275151940022,-6.675451337714778
2024-08-21,18.31999969482422,18.389999389648438,17.719999313354492,17.829999923706055,973500,17.383400173187255,18.939225025177002,5.3878959944879234,-3.269538904203373
2024-08-22,17.780000686645508,18.540000915527344,17.725000381469727,18.31999969482422,973800,17.28700017929077,18.93307502746582,2.8518568996449334,-6.090264466535789
2024-08-23,19.579999923706055,19.6200008392334,18.010000228881836,18.049999237060547,1801400,17.226400165557862,18.93712502479553,13.662748662102576,3.394786157184737
2024-08-26,19.260000228881836,19.8799991607666,19.150999069213867,19.829999923706055,2049800,17.1716001701355,18.94227502822876,12.161942032510398,1.677333900915201
2024-08-27,18.760000228881836,19.229999542236328,18.59000015258789,19.079999923706055,1440700,17.138200168609618,18.943575029373168,9.463071059484474,-0.9690610151816048
2024-08-28,17.989999771118164,18.989999771118164,17.889999389648438,18.6200008392334,1135900,17.094600162506104,18.94482502937317,5.237909047887279,-5.040032076171663
2024-08-29,18.299999237060547,18.780000686645508,17.989999771118164,18.209999084472656,1310600,17.05540014266968,18.95057502746582,7.297390175426588,-3.4330134545382807
2024-08-30,18.3700008392334,18.674999237060547,18.049999237060547,18.5,1179900,17.02260015487671,18.959175033569338,7.915363529059216,-3.107594045061246
2024-09-03,17.34000015258789,18.299999237060547,16.899999618530273,18.079999923706055,1936700,16.979600162506102,18.951775035858155,2.1225469777410577,-8.504611732783173
2024-09-04,18.510000228881836,19.049999237060547,17.149999618530273,17.350000381469727,2229100,16.977400150299072,18.947675037384034,9.027295492918963,-2.309912997972885
2024-09-05,19.440000534057617,19.469999313354492,18.479999542236328,18.670000076293945,1718700,16.994200153350832,18.953525037765502,14.391971135073023,2.566675567330079
2024-09-06,18.350000381469727,19.5,18.139999389648438,19.420000076293945,1393200,16.983800144195556,18.949525041580202,8.044137505592875,-3.163797819707681
2024-09-09,18.8700008392334,19.40999984741211,18.55500030517578,18.600000381469727,1523000,16.978600177764893,18.94752504348755,11.1399093073967,-0.4091521403255527
2024-09-10,18.920000076293945,18.985000610351562,17.954999923706055,18.5,1429100,17.010200176239014,18.947625045776366,11.22738051444372,-0.14579647536659968
2024-09-11,21.09000015258789,21.15999984741211,19.760000228881836,19.860000610351562,3408700,17.103400173187257,18.958175048828124,23.30881543454948,11.24488564046433
2024-09-12,21.649999618530273,21.729999542236328,20.5,21.040000915527344,1904000,17.218800163269044,18.972125043869017,25.73465870585927,14.114784550856797
2024-09-13,21.729999542236328,22.770000457763672,21.530000686645508,22.0,2536100,17.311600151062013,18.985275039672853,25.522767119267485,14.457122674430178
2024-09-16,21.989999771118164,22.350000381469727,21.149999618530273,21.559999465942383,1234800,17.419600143432618,18.993875036239626,26.237109865054144,15.774162613800712
2024-09-17,21.950000762939453,22.479999542236328,21.790000915527344,22.209999084472656,1486500,17.514800148010252,18.978175039291383,25.322587625603354,15.659175434389038
2024-09-18,21.700000762939453,23.0,21.56999969482422,21.610000610351562,1800100,17.608600158691406,18.96127504348755,23.23524054936632,14.443784572348939
2024-09-19,21.34000015258789,22.68000030517578,21.170000076293945,22.68000030517578,1783800,17.690600166320802,18.93912504196167,20.629034356984576,12.676800566588064
2024-09-20,21.559999465942383,21.760000228881836,21.104999542236328,21.209999084472656,1522600,17.758000144958498,18.912225036621095,21.410064702940513,14.000332717034691
2024-09-23,21.8799991607666,21.959999084472656,21.030000686645508,21.549999237060547,902300,17.824800109863283,18.892925033569338,22.75031992453811,15.810543480640348
2024-09-24,22.360000610351562,22.719999313354492,21.540000915527344,22.0,1284500,17.93880012512207,18.892725038528443,24.646021218765355,18.352437590406943
2024-09-25,21.6200008392334,22.40999984741211,21.51099967956543,22.280000686645508,1057400,18.019000129699705,18.890975046157838,19.984464640734224,14.446188121086978
2024-09-26,22.15999984741211,22.690000534057617,21.579999923706055,22.049999237060547,1355700,18.12200012207031,18.89212504386902,22.282307130237932,17.29755014830161
2024-09-27,22.920000076293945,23.09000015258789,22.209999084472656,22.270000457763672,1663100,18.25060012817383,18.89697504043579,25.584911812910004,21.289254112098234
2024-09-30,22.709999084472656,23.209999084472656,22.440000534057617,22.920000076293945,1400700,18.38560010910034,18.907125034332275,23.52057561195331,20.113444234567535
2024-10-01,21.56999969482422,21.950000762939453,20.81999969482422,21.950000762939453,2647800,18.492000102996826,18.900175037384034,16.645033391107166,14.125925565024367
2024-10-02,21.850000381469727,22.010000228881836,19.809999465942383,21.299999237060547,3024300,18.60620012283325,18.885925035476685,17.433974896656814,15.694626238455921
2024-10-03,21.56999969482422,21.93000030517578,21.1200008392334,21.549999237060547,1483200,18.726000118255616,18.864325037002562,15.18743756599703,14.342811908268382
2024-10-04,21.989999771118164,22.809999465942383,21.510000228881836,22.1299991607666,1493300,18.853800106048585,18.842725038528442,16.634310576271783,16.702863976173134
2024-10-07,21.15999984741211,22.610000610351562,20.860000610351562,21.770000457763672,1405000,18.949600086212158,18.81242504119873,11.664624852997573,12.478852678866502
2024-10-08,20.68000030517578,21.040000915527344,20.09000015258789,21.040000915527344,1480200,19.041600093841552,18.8007750415802,8.60432003224414,9.995466992394974
2024-10-09,21.389999389648438,21.639999389648438,20.399999618530273,20.639999389648438,1126100,19.156800079345704,18.783175039291383,11.657475679931029,13.878507466943146
2024-10-10,20.56999969482422,21.0,20.225000381469727,20.899999618530273,1275100,19.240600090026856,18.759775037765504,6.909345854999827,9.649500878419559
2024-10-11,21.700000762939453,21.90999984741211,20.1299991607666,20.229999542236328,956300,19.35760009765625,18.74112504005432,12.100677012987848,15.788143542937249
2024-10-14,21.8700008392334,22.030000686645508,21.219999313354492,21.950000762939453,792000,19.50160011291504,18.724275045394897,12.14464819607224,16.800254141813475
2024-10-15,21.299999237060547,21.649999618530273,20.780000686645508,21.6299991607666,1179500,19.645000095367433,18.707825040817262,8.424531095234688,13.856095995058793
2024-10-16,22.40999984741211,22.450000762939453,21.450000762939453,21.93000030517578,1215700,19.80600009918213,18.700625038146974,13.14752971417743,19.83556593268121
2024-10-17,21.3799991607666,22.479000091552734,21.309999465942383,22.440000534057617,1168800,19.956800079345705,18.688275032043457,7.131399201086541,14.403277585051777
2024-10-18,21.059999465942383,21.690000534057617,21.010000228881836,21.40999984741211,814100,20.05960006713867,18.681175031661986,4.9871353140412245,12.73380518221483
2024-10-21,20.68000030517578,21.104999542236328,20.420000076293945,21.0,1193700,20.148200073242187,18.675175037384033,2.639442878274023,10.73524217994466
2024-10-22,19.809999465942383,20.649999618530273,19.770000457763672,20.649999618530273,1626500,20.229000053405763,18.666725034713746,-2.071286699081487,6.124665302041654
2024-10-23,19.799999237060547,19.860000610351562,19.149999618530273,19.34000015258789,1739100,20.28440002441406,18.655775032043458,-2.388045920857884,6.133351217259819
2024-10-24,20.739999771118164,21.450000762939453,20.200000762939453,20.520000457763672,1703800,20.366800003051758,18.65117503166199,1.8323927568910436,11.19942703829766
2024-10-25,20.65999984741211,21.399999618530273,20.610000610351562,21.0,1359600,20.43119998931885,18.646675033569338,1.1198552126790107,10.797232269121505
2024-10-28,20.809999465942383,21.649999618530273,20.780000686645508,21.0,1007400,20.502599983215333,18.646175031661986,1.499319515469777,11.604655810675023
2024-10-29,20.84000015258789,20.889999389648438,20.0,20.31999969482422,994700,20.559199981689453,18.649125032424926,1.3658127317625501,11.747870832297625
2024-10-30,21.190000534057617,22.110000610351562,20.385000228881836,20.520000457763672,1756200,20.629599990844728,18.657025032043457,2.7164876849846475,13.576524111769018
2024-10-31,21.75,21.979999542236328,20.65999984741211,21.139999389648438,1058800,20.698199996948244,18.669175033569335,5.081601314156958,16.502201949957552
2024-11-01,21.280000686645508,22.690000534057617,21.270000457763672,21.959999084472656,1475100,20.76819999694824,18.678325033187868,2.464347848019921,13.928848806490702
2024-11-04,22.149999618530273,22.700000762939453,21.309999465942383,21.3799991607666,1997900,20.819599990844726,18.68937502861023,6.390130589783571,18.516534579794254
2024-11-05,22.420000076293945,22.450000762939453,20.90999984741211,21.739999771118164,1887400,20.882799987792968,18.695925025939943,7.361082275363207,19.919180490866207
2024-11-06,19.469999313354492,20.09000015258789,18.200000762939453,18.729999542236328,4929900,20.896999969482422,18.684475021362303,-6.828734546642556,4.204155006196775
2024-11-07,20.139999389648438,20.479999542236328,19.260000228881836,19.59000015258789,2243500,20.939999961853026,18.680275020599364,-3.8204420900762703,7.81425523681738
2024-11-08,20.670000076293945,20.709999084472656,19.3799991607666,20.260000228881836,1750800,20.987399978637697,18.678575019836426,-1.5123355092427904,10.66154700956925
2024-11-11,21.670000076293945,21.69499969482422,20.200000762939453,20.780000686645508,1209500,21.053399963378908,18.68632501602173,2.9287436422980484,15.96715811008318
2024-11-12,20.450000762939453,21.450000762939453,19.950000762939453,21.200000762939453,1707200,21.115599975585937,18.683325023651122,-3.1521681288528725,9.45589576294319
2024-11-13,20.219999313354492,21.34000015258789,20.1200008392334,20.5,1260000,21.14979995727539,18.683325023651122,-4.396262119732497,8.224843745736376
2024-11-14,21.010000228881836,21.06999969482422,19.834999084472656,20.260000228881836,1820300,21.181199951171877,18.689025020599367,-0.8082626229141909,12.418920760843587
2024-11-15,19.34000015258789,21.149999618530273,19.280000686645508,21.149999618530273,1684100,21.200999946594237,18.68302501678467,-8.777886885968789,3.516428068864652
2024-11-18,19.639999389648438,19.68000030517578,18.799999237060547,19.270000457763672,2383700,21.21639991760254,18.682275009155273,-7.430103759715689,5.126379844124074
2024-11-19,21.09000015258789,21.350000381469727,19.385000228881836,19.940000534057617,2154600,21.25979991912842,18.695325012207032,-0.7986893911816728,12.808951643350763
2024-11-20,21.90999984741211,22.1200008392334,20.809999465942383,21.0,1645400,21.276199913024904,18.706875009536745,2.97891511161823,17.122714703778243
2024-11-21,21.18000030517578,22.139999389648438,21.15999984741211,21.719999313354492,1573000,21.266799926757812,18.71162501335144,-0.40814613332031957,13.191667159122012
2024-11-22,23.020000457763672,23.15999984741211,21.06999969482422,21.25,2777000,21.29259994506836,18.71882501602173,8.112680072662526,22.977806769711773
2024-11-25,23.5,24.0,22.510000228881836,24.0,3608000,21.322799949645997,18.72417501449585,10.210666776856137,25.506197105115767
2024-11-26,19.0,21.219999313354492,18.780000686645508,21.0,9581100,21.263799934387208,18.708375015258788,-10.646262386650163,1.558793772860323
2024-11-27,18.3700008392334,19.3799991607666,17.854999542236328,19.274999618530273,6605300,21.197199935913087,18.696875019073488,-13.337606406635539,-1.7482824242373685
2024-11-29,18.809999465942383,18.985000610351562,17.950000762939453,18.530000686645508,1801900,21.146599922180176,18.685525016784666,-11.049532619127989,0.6661544112135154
2024-12-02,18.770000457763672,19.239999771118164,18.6200008392334,18.90999984741211,2422600,21.090799942016602,18.677825021743775,-11.003847604800843,0.4935019784829908
2024-12-03,18.329999923706055,18.950000762939453,18.239999771118164,18.889999389648438,1947500,21.019799957275392,18.673675022125245,-12.796506337056467,-1.840425615268504
2024-12-04,17.079999923706055,18.5,16.65999984741211,18.290000915527344,5737300,20.91419994354248,18.670275020599366,-18.332998776844356,-8.517684368005952
2024-12-05,16.84000015258789,17.375,16.799999237060547,17.1299991607666,2075900,20.81859992980957,18.669425020217897,-19.110794148672948,-9.79904236819744
2024-12-06,16.920000076293945,17.600000381469727,16.708999633789062,17.15999984741211,1667100,20.713799934387207,18.680400018692016,-18.31532538747337,-9.423780757567158
2024-12-09,18.520000457763672,18.989999771118164,17.1200008392334,17.270000457763672,2948500,20.625799942016602,18.700950021743775,-10.20954091561428,-0.9675955701165528
2024-12-10,16.420000076293945,17.30699920654297,15.770000457763672,16.190000534057617,11611400,20.499999961853028,18.70530002117157,-19.902438503176878,-12.217392622898382
2024-12-11,16.670000076293945,16.75,15.899999618530273,16.2450008392334,14715900,20.40199996948242,18.71280002117157,-18.292323785760466,-10.916591544645438
2024-12-12,17.06999969482422,17.600000381469727,16.525999069213867,16.68000030517578,3277200,20.306399955749512,18.720900020599366,-15.937833727188778,-8.818488021188053
2024-12-13,17.170000076293945,17.6200008392334,16.729999542236328,16.75,3408300,20.218399963378907,18.73030002117157,-15.077354749171324,-8.330352119901752
2024-12-16,16.950000762939453,17.239999771118164,16.610000610351562,17.170000076293945,3544700,20.11759998321533,18.73780002593994,-15.74541308564985,-9.541137489596007
2024-12-17,17.040000915527344,17.3700008392334,16.559999465942383,16.790000915527344,1769200,20.035200004577636,18.74745003223419,-14.94968399799328,-9.10763391165772
2024-12-18,16.06999969482422,17.709999084472656,15.789999961853027,16.600000381469727,3577300,19.942999992370606,18.75375002861023,-19.420349491190102,-14.31047299708993
2024-12-19,15.0,16.530000686645508,14.805000305175781,16.270000457763672,4568700,19.815200004577637,18.7546000289917,-24.30053697901231,-20.01962197640936
2024-12-20,15.210000038146973,15.739999771118164,14.720000267028809,14.75,3404000,19.708000011444092,18.7546000289917,-22.823218848615834,-18.89989648067848
2024-12-23,15.9399995803833,15.970000267028809,15.029999732971191,15.1899995803833,2004700,19.59279998779297,18.757300028800966,-18.643585448151857,-15.019754677335385
2024-12-24,16.1299991607666,16.274999618530273,15.949999809265137,15.949999809265137,782300,19.477999954223634,18.761800026893617,-17.18862717591827,-14.027443328222923
2024-12-26,15.800000190734863,16.075000762939453,15.75,15.75,1499200,19.36799997329712,18.76495002746582,-18.42213851446457,-15.800467533306662
2024-12-27,16.239999771118164,16.600000381469727,15.850000381469727,16.18000030517578,2096800,19.24459997177124,18.77460002422333,-15.612692417926821,-13.500155794717205
2024-12-30,16.420000076293945,16.530000686645508,15.920000076293945,16.0,1650500,19.14539999008179,18.78935002326965,-14.23527278197232,-12.610068704033871
2024-12-31,15.880000114440918,16.850000381469727,15.710000038146973,16.579999923706055,2549000,19.04180000305176,18.79825002193451,-16.604522094046313,-15.524050930743382
2025-01-02,16.90999984741211,17.270000457763672,16.280000686645508,16.510000228881836,1697200,18.966399993896484,18.812050023078918,-10.842332478204286,-10.110807558630475
2025-01-03,17.350000381469727,17.799999237060547,17.0,17.360000610351562,2356600,18.917200012207033,18.826700024604797,-8.28452217942408,-7.8436456798332
2025-01-06,17.389999389648438,18.579999923706055,17.350000381469727,17.959999084472656,4130700,18.869000015258788,18.83870002269745,-7.83825652877379,-7.690024424740416
2025-01-07,17.65999984741211,18.3700008392334,17.40999984741211,17.75,3162300,18.80740001678467,18.84690001964569,-6.100791009648132,-6.2975883089334435
2025-01-08,17.09000015258789,17.600000381469727,16.780000686645508,17.209999084472656,1812100,18.736000022888184,18.853750019073487,-8.785225599324908,-9.354902153159406
2025-01-10,16.09000015258789,17.0,15.989999771118164,16.639999389648438,1949100,18.641600036621092,18.854700021743774,-13.687665645763392,-14.663186717198117
2025-01-13,16.559999465942383,16.809999465942383,15.609999656677246,15.949999809265137,5130900,18.556000022888185,18.85855001926422,-10.75663157191099,-12.188373713640988
2025-01-14,16.149999618530273,17.190000534057617,15.920000076293945,16.8799991607666,2114700,18.455200004577637,18.85605001926422,-12.490790592762913,-14.351098973376287
2025-01-15,15.710000038146973,16.780000686645508,14.109999656677246,16.5,5609200,18.334400005340576,18.847900018692016,-14.314076088822924,-16.64853897480937
2025-01-16,15.579999923706055,15.789999961853027,15.329999923706055,15.729999542236328,2513800,18.220399990081788,18.838700017929078,-14.491449517096367,-17.297903205219413
2025-01-17,14.4399995803833,14.800000190734863,13.970000267028809,14.25,7467800,18.066199989318847,18.832400016784668,-20.071738445713205,-23.323636034103846
2025-01-21,14.40999984741211,14.739999771118164,14.0,14.489999771118164,3153900,17.90599998474121,18.822150020599366,-19.52418262207224,-23.441265574647453
2025-01-22,13.329999923706055,14.100000381469727,13.3100004196167,13.9399995803833,4851900,17.78319999694824,18.805300016403198,-25.041612724405038,-29.115728480381765
2025-01-23,13.75,13.989999771118164,12.90999984741211,13.4399995803833,4599400,17.655400009155272,18.79100001335144,-22.120144585396606,-26.82667239513433
2025-01-24,14.1899995803833,14.239999771118164,13.489999771118164,13.75,3061300,17.525799999237062,18.77850000858307,-19.03365563340319,-24.434861283395946
2025-01-27,13.6899995803833,14.180000305175781,13.369999885559082,14.020000457763672,2215000,17.366199989318847,18.761750001907348,-21.168709396394192,-27.03239527767104
2025-01-28,12.649999618530273,13.979999542236328,12.430000305175781,13.9399995803833,3583500,17.210199966430665,18.74130000114441,-26.49707938777751,-32.50201630752498
2025-01-29,13.25,13.279999732971191,12.579999923706055,12.805000305175781,2615400,17.070799980163574,18.723550004959108,-22.38207924996707,-29.233505417025018
2025-01-30,13.819999694824219,14.930000305175781,13.654999732971191,14.0600004196167,6167400,16.926999969482424,18.711950006484987,-18.355292020203194,-26.143455438718945
2025-01-31,13.010000228881836,14.289999961853027,12.859999656677246,14.289999961853027,4027300,16.8003999710083,18.69835000991821,-22.561366090494207,-30.42166703489394
2025-02-03,12.479999542236328,13.130000114440918,12.460000038146973,12.619999885559082,2688900,16.65719997406006,18.680500011444092,-25.0774466196528,-33.192368862767054
2025-02-04,12.369999885559082,12.824999809265137,12.015000343322754,12.449999809265137,2449300,16.482799968719483,18.662450013160704,-24.952071801911924,-33.71717069926085
2025-02-05,11.9399995803833,12.84000015258789,11.890000343322754,12.569999694824219,2799600,16.283399963378905,18.644250011444093,-26.673792898066985,-35.958809965247376
2025-02-06,12.600000381469727,12.755000114440918,11.930000305175781,11.970000267028809,3402600,16.111799964904787,18.63175001144409,-21.796444786334046,-32.37350021479202
2025-02-07,12.529999732971191,12.779999732971191,12.062000274658203,12.600000381469727,2694800,15.901999950408936,18.61595001220703,-21.20488132281141,-32.69212839121882
2025-02-10,13.069999694824219,13.369999885559082,12.720000267028809,12.960000038146973,9204900,15.693399944305419,18.60010001182556,-16.716583141903165,-29.731562268404033
2025-02-11,7.0,7.75,6.559999942779541,7.699999809265137,53193300,15.45339994430542,18.550900011062623,-54.70252484742362,-62.26598172689397
2025-02-12,6.53000020980835,7.230000019073486,6.349999904632568,6.704999923706055,17578400,15.21659993171692,18.501000010967253,-57.08633834686382,-64.70460944847622
2025-02-13,6.179999828338623,6.769999980926514,6.050000190734863,6.519999980926514,16384600,14.963999938964843,18.4476500082016,-58.70088309579254,-66.49979902268814
2025-02-14,6.429999828338623,6.864999771118164,6.315000057220459,6.440000057220459,10995200,14.717199926376344,18.38910001039505,-56.30962506111845,-65.03363500821764
2025-02-18,7.03000020980835,7.230000019073486,6.755000114440918,6.78000020980835,10118500,14.49119993209839,18.33505001068115,-51.487797816958455,-61.65813452533264
2025-02-19,6.849999904632568,7.269999980926514,6.829999923706055,7.114999771118164,5328100,14.28659993171692,18.278600013256074,-52.05297315405852,-62.52448273027045
2025-02-20,7.360000133514404,7.46999979019165,6.78000020980835,6.920000076293945,8613100,14.09699993133545,18.217950015068055,-47.790308793615985,-59.60028363549712
2025-02-21,6.940000057220459,7.78000020980835,6.855000019073486,7.59499979019165,7633900,13.897399930953979,18.148150017261504,-50.06260097787898,-61.759187296669246
2025-02-24,6.590000152587891,7.025000095367432,6.590000152587891,7.025000095367432,4977200,13.658799924850463,18.075350019931793,-51.75271481502399,-63.54150738258977
2025-02-25,6.190000057220459,6.630000114440918,6.179999828338623,6.550000190734863,5505900,13.454199924468995,18.002200021743775,-53.992061274763884,-65.61531340756169
2025-02-26,6.150000095367432,6.53000020980835,6.130000114440918,6.300000190734863,4200000,13.243799924850464,17.931050026416777,-53.56317574816526,-65.70195227659845
2025-02-27,5.880000114440918,6.28000020980835,5.840000152587891,6.190000057220459,4976500,13.019999933242797,17.866700026988983,-54.838708566902206,-67.08961304796779
2025-02-28,5.71999979019165,5.820000171661377,5.550000190734863,5.820000171661377,6443800,12.790999927520751,17.811650028228758,-55.28105838008284,-67.88618807844125
2025-03-03,5.190000057220459,5.820000171661377,5.150000095367432,5.764999866485596,8103800,12.555799913406371,17.7505500292778,-58.664520834878296,-70.76146908878846
2025-03-04,5.210000038146973,5.360000133514404,4.784999847412109,5.010000228881836,8402600,12.319199895858764,17.684400026798247,-57.70829207911164,-70.53900595863053
2025-03-05,5.449999809265137,5.579999923706055,5.170000076293945,5.420000076293945,4947300,12.106799898147584,17.619000022411345,-54.98397714412525,-69.06748508807115
2025-03-06,5.28000020980835,5.449999809265137,5.139999866485596,5.369999885559082,4595400,11.91239990234375,17.55410002231598,-55.67643587276216,-69.92155563033108
2025-03-07,5.599999904632568,5.880000114440918,5.324999809265137,5.349999904632568,6636000,11.720199899673462,17.49050002336502,-52.21924581006003,-67.98261972412622
2025-03-10,5.369999885559082,5.639999866485596,5.340000152587891,5.5,4203600,11.508799905776977,17.426600024700164,-53.34005344151003,-69.18503966380283
2025-03-11,5.380000114440918,5.619999885559082,5.130000114440918,5.369999885559082,3587200,11.293799924850465,17.35930002450943,-52.36324221927322,-69.00796629561707
2025-03-12,5.28000020980835,5.510000228881836,5.202000141143799,5.460000038146973,3687300,11.083399925231934,17.285500020980834,-52.361186590514016,-69.4541656104852
2025-03-13,5.21999979019165,5.349999904632568,4.96999979019165,5.300000190734863,4303500,10.862999925613403,17.21055002450943,-51.946977575838545,-69.66976777175695
2025-03-14,5.130000114440918,5.340000152587891,5.119999885559082,5.340000152587891,3463300,10.637199926376343,17.119950025081636,-51.773021566320246,-70.03495858968516
2025-03-17,5.409999847412109,5.510000228881836,5.150000095367432,5.179999828338623,5453600,10.427799921035767,17.027850024700165,-48.11945100232852,-68.22852069072431
2025-03-18,5.510000228881836,5.639999866485596,5.215000152587891,5.46999979019165,4471200,10.199799928665161,16.93345002889633,-45.97933030630607,-67.46085281216045
2025-03-19,5.659999847412109,5.769999980926514,5.46999979019165,5.510000228881836,5098400,9.965999917984009,16.833500030040742,-43.206904535505416,-66.37657149546213
2025-03-20,5.429999828338623,5.659999847412109,5.400000095367432,5.53000020980835,3198800,9.726799926757813,16.7350000333786,-44.17485844032799,-67.5530336569568
2025-03-21,5.380000114440918,5.480000019073486,5.239999771118164,5.300000190734863,2950800,9.481199932098388,16.639900035858155,-43.25612630288441,-67.66807431025856
2025-03-24,5.300000190734863,5.739999771118164,5.289999961853027,5.550000190734863,3344400,9.245399932861329,16.55470003604889,-42.67419225536322,-67.98492162833647
2025-03-25,5.420000076293945,5.494999885559082,5.230000019073486,5.315000057220459,3877300,9.031999931335449,16.45790003299713,-39.991141303158116,-67.0674869489597
2025-03-26,5.289999961853027,5.5960001945495605,5.199999809265137,5.380000114440918,3684100,8.806599941253662,16.369850034713746,-39.93141510752025,-67.68449343985984
2025-03-27,5.03000020980835,5.289999961853027,4.994999885559082,5.21999979019165,4037700,8.584199953079224,16.28320003271103,-41.40397197989258,-69.10926476550266
2025-03-28,4.980000019073486,5.179999828338623,4.954999923706055,5.0,3533600,8.369599952697754,16.196400032043456,-40.498948011627554,-69.2524264082086
2025-03-31,4.849999904632568,4.900000095367432,4.630000114440918,4.835000038146973,3932200,8.154999952316285,16.107650029659272,-40.527284696611055,-69.89008393091365
2025-04-01,4.800000190734863,4.840000152587891,4.630000114440918,4.840000152587891,3916300,7.9621999645233155,16.018600027561188,-39.715151439025284,-70.03483336573666
2025-04-02,4.860000133514404,4.889999866485596,4.605000019073486,4.690000057220459,3839800,7.771199970245362,15.93290002822876,-37.461393965892775,-69.49707758848793
2025-04-03,4.320000171661377,4.630000114440918,4.059999942779541,4.570000171661377,7367500,7.5909999752044675,15.852350027561188,-43.09049946288512,-72.74851890003346
2025-04-04,4.309999942779541,4.309999942779541,3.630000114440918,4.050000190734863,8219800,7.402199974060059,15.773050026893616,-41.77406773819522,-72.67491109562934
2025-04-07,4.289999961853027,4.590000152587891,3.869999885559082,4.019999980926514,7151200,7.204199981689453,15.693200025558472,-40.451403726205534,-72.66331943219872
2025-04-08,3.9000000953674316,4.510000228881836,3.799999952316284,4.349999904632568,5322100,7.008399991989136,15.6126500248909,-44.352489871792734,-75.02025543934087
2025-04-09,4.420000076293945,4.46999979019165,3.809999942779541,3.8499999046325684,6800200,6.843800001144409,15.537300026416778,-35.415995856763196,-71.55232846904553
2025-04-10,3.859999895095825,4.300000190734863,3.75,4.295000076293945,5036900,6.655999999046326,15.46350002169609,-42.00721310623668,-75.03799340589099
2025-04-11,4.159999847412109,4.159999847412109,3.799999952316284,3.880000114440918,4027700,6.462800002098083,15.391300019025802,-35.631617161886375,-72.97174480212999
2025-04-14,4.059999942779541,4.269999980926514,3.940000057220459,4.260000228881836,4208400,6.283799996376038,15.317250014543534,-35.38941492216486,-73.49393697351272
2025-04-15,3.674999952316284,4.005000114440918,3.6530001163482666,3.940000057220459,4982100,6.107700004577636,15.239975018501282,-39.83005141768714,-75.88578755637823
2025-04-16,3.640000104904175,3.755000114440918,3.5399999618530273,3.569999933242798,4496900,5.933100008964539,15.171475018262862,-38.6492710487879,-76.00760571716016
2025-04-17,3.690000057220459,3.700000047683716,3.490000009536743,3.640000104904175,3724700,5.768100018501282,15.107775017023087,-36.027460595608275,-75.57548975237815
2025-04-21,3.609999895095825,3.6549999713897705,3.4600000381469727,3.640000104904175,3747200,5.588300008773803,15.046425015926362,-35.40074996997272,-76.0075905653688
2025-04-22,3.7100000381469727,3.799999952316284,3.634999990463257,3.6500000953674316,3386200,5.411900014877319,14.979525015354156,-31.44736547334248,-75.23285929063715
2025-04-23,3.6700000762939453,3.9600000381469727,3.559999942779541,3.8399999141693115,4971200,5.223900022506714,14.914925014972686,-29.745974071439495,-75.39377454053752
2025-04-24,3.9100000858306885,3.9100000858306885,3.6549999713897705,3.6700000762939453,3741900,5.162100024223328,14.848525012731551,-24.25563109039186,-73.6674175887629
2025-04-25,4.179999828338623,4.244999885559082,3.759999990463257,3.8299999237060547,4470400,5.115100016593933,14.784375010728835,-18.281171144684272,-71.7269088121395
2025-04-28,4.099999904632568,4.150000095367432,3.940000057220459,4.019999980926514,4317100,5.073500018119812,14.718675011396408,-19.18793948970977,-72.14423240231875
2025-04-29,4.119999885559082,4.210000038146973,4.079999923706055,4.159999847412109,3104200,5.027300019264221,14.648325008153915,-18.04746345410927,-71.87391812193063
2025-04-30,4.090000152587891,4.199999809265137,3.819999933242798,3.9149999618530273,4387800,4.968500018119812,14.576075004339218,-17.68139000358432,-71.94031897221768
2025-05-01,4.28000020980835,4.446000099182129,4.144999980926514,4.159999847412109,3630600,4.917100024223328,14.514175006151198,-12.956820306204985,-70.51158465435026
2025-05-02,4.340000152587891,4.5289998054504395,4.300000190734863,4.360000133514404,2876800,4.856700024604797,14.44782500386238,-10.63890850575957,-69.96087541600437
2025-05-05,4.260000228881836,4.369999885559082,4.224999904632568,4.340000152587891,2228900,4.803100028038025,14.384075003862382,-11.307276466986993,-70.38391257179937
2025-05-06,4.190000057220459,4.340000152587891,4.179999828338623,4.25,4004100,4.755100026130676,14.322575005292892,-11.88408163455713,-70.74548357629791
2025-05-07,4.510000228881836,4.534999847412109,4.269999980926514,4.289999961853027,8608700,4.721500029563904,14.265325006246567,-4.47950438118716,-68.38487572553042
2025-05-08,4.820000171661377,4.900000095367432,3.930000066757202,4.195000171661377,15080800,4.694900031089783,14.208175007104874,2.6645964715580117,-66.07586710291005
2025-05-09,4.579999923706055,4.929999828338623,4.498000144958496,4.749000072479248,6446100,4.668900027275085,14.150375009775162,-1.9040909646745097,-67.63336716841664
2025-05-12,5.690000057220459,6.110000133514404,5.03000020980835,5.050000190734863,14575800,4.668300032615662,14.100925010442733,21.8859117337481,-59.6480368982417
2025-05-13,5.78000020980835,6.525000095367432,5.75,6.034999847412109,9072500,4.68010003566742,14.051825009584427,23.50163812223034,-58.866551456014115
2025-05-14,5.449999809265137,5.800000190734863,5.369999885559082,5.78000020980835,5574900,4.684900031089783,13.997225004434586,16.331186857734913,-61.06371221768263
2025-05-15,5.369999885559082,5.454999923706055,4.900000095367432,5.380000114440918,7052000,4.683300032615661,13.94367500424385,14.662734570945112,-61.48791560385129
2025-05-16,5.40500020980835,5.760000228881836,5.400000095367432,5.610000133514404,5456100,4.685800032615662,13.892550004720688,15.348503397214387,-61.09425405723405
2025-05-19,5.269999980926514,5.304999828338623,5.070000171661377,5.199999809265137,3651900,4.679200034141541,13.837000008821487,12.626088700509296,-61.91370978126229
2025-05-20,5.360000133514404,5.619999885559082,5.255000114440918,5.309999942779541,3505000,4.6790000391006465,13.78455000758171,14.554393860288428,-61.11588604222609
2025-05-21,5.010000228881836,5.360000133514404,4.934999942779541,5.260000228881836,3283200,4.671600041389465,13.73625000834465,7.243774820066173,-63.52716188305902
2025-05-22,4.929999828338623,5.005000114440918,4.599999904632568,4.710000038146973,3760800,4.66460003376007,13.69025000691414,5.6896581198327745,-63.98897152463417
2025-05-23,4.880000114440918,5.130000114440918,4.710000038146973,4.769999980926514,3315500,4.657800040245056,13.642850009202958,4.770494058911368,-64.23034694987446
2025-05-27,4.829999923706055,5.0,4.715000152587891,4.989999771118164,3906700,4.651800036430359,13.597800008058549,3.8307727305587402,-64.47954874432907
2025-05-28,4.78000020980835,4.8460001945495605,4.639999866485596,4.84499979019165,2337000,4.639200043678284,13.54210000872612,3.035009587955373,-64.70266644960336
2025-05-29,4.679999828338623,5.139999866485596,4.659999847412109,4.920000076293945,2629000,4.6226000356674195,13.484250007867812,1.2417209412087127,-65.29284294189199
2025-05-30,4.699999809265137,4.855000019073486,4.554999828338623,4.639999866485596,2014200,4.60340003490448,13.428900004625321,2.098444055007298,-65.0008577944112
2025-06-02,4.440000057220459,4.715000152587891,4.40500020980835,4.690000057220459,2382400,4.583600039482117,13.365950001478195,-3.1329082167885325,-66.78126091501598
2025-06-03,4.769999980926514,4.929999828338623,4.4029998779296875,4.429999828338623,2883600,4.571400036811829,13.30669999718666,4.344400895030653,-64.15339654508631
2025-06-04,4.849999904632568,4.869999885559082,4.574999809265137,4.75,3596800,4.5624000310897825,13.243749994039536,6.303696992437757,-63.3789530396198
2025-06-05,4.619999885559082,4.889999866485596,4.550000190734863,4.880000114440918,4858300,4.5464000272750855,13.18064999461174,1.6188601496228028,-64.94861871419285
2025-06-06,4.71999979019165,4.849999904632568,4.639999866485596,4.699999809265137,1787800,4.5350000238418575,13.114199992418289,4.079377406332818,-64.00848093730137
2025-06-09,4.760000228881836,4.989999771118164,4.75,4.809999942779541,2321500,4.529600024223328,13.049649993181228,5.086546349045773,-63.52392415605739
2025-06-10,4.96999979019165,5.070000171661377,4.78000020980835,4.860000133514404,2252800,4.529400019645691,12.982899993658066,9.727552625842595,-61.718877965482186
2025-06-11,4.940000057220459,5.099999904632568,4.800000190734863,5.050000190734863,2234100,4.5312000226974485,12.918699990510941,9.021893372070778,-61.76085781968005
2025-06-12,4.849999904632568,4.929999828338623,4.760000228881836,4.894999980926514,1785000,4.532200016975403,12.845049990415573,7.012044624395286,-62.24226524418799
2025-06-13,5.010000228881836,5.159999847412109,4.679999828338623,4.710000038146973,4021400,4.535200018882751,12.773799990415574,10.469223143901218,-60.77909288824833
2025-06-16,5.010000228881836,5.28000020980835,4.840000152587891,5.139999866485596,6583300,4.549000020027161,12.705049990415572,10.134099952189546,-60.566859377481585
2025-06-17,5.670000076293945,5.980000019073486,5.320000171661377,5.369999885559082,13128400,4.576200022697448,12.643449991941452,23.901928415964523,-55.154644658634865
2025-06-18,5.570000171661377,5.849999904632568,5.570000171661377,5.650000095367432,5249000,4.601800026893616,12.579799996614456,21.03959622559548,-55.722665120586925
2025-06-20,5.829999923706055,6.229000091552734,5.610000133514404,5.670000076293945,9040500,4.640400023460388,12.517099992036819,25.63571877923083,-53.4237169359116
2025-06-23,5.619999885559082,5.849999904632568,5.420000076293945,5.800000190734863,5245700,4.664400019645691,12.458499990701675,20.487090770271866,-54.8902364670423
2025-06-24,5.900000095367432,5.985000133514404,5.630000114440918,5.744999885559082,3548300,4.705200023651123,12.395449990034104,25.39318340794303,-52.4018885953232
2025-06-25,6.190000057220459,6.289999961853027,5.739999771118164,6.03000020980835,4142500,4.74580002784729,12.329199987649918,30.431118481582175,-49.79398449679668
2025-06-26,6.300000190734863,6.650000095367432,6.139999866485596,6.179999828338623,6866500,4.790600032806396,12.268949986696244,31.50753867139773,-48.65086093295492
2025-06-27,6.139999866485596,6.379000186920166,6.059999942779541,6.349999904632568,5997400,4.839900031089782,12.205299981832503,26.86212167698585,-49.69398641881037
2025-06-30,6.710000038146973,7.050000190734863,6.25,6.329999923706055,8106100,4.901300029754639,12.144249981641769,36.90245439806055,-44.747513858078094
2025-07-01,7.340000152587891,7.380000114440918,6.501999855041504,6.619999885559082,8113700,4.974300031661987,12.07549998164177,47.55845256353561,-39.21576610702
2025-07-02,7.480000019073486,7.920000076293945,7.099999904632568,7.340000152587891,9530800,5.051700034141541,12.004649983644486,48.06896625928816,-37.690811233443085
2025-07-03,8.40999984741211,8.427000045776367,7.590000152587891,7.695000171661377,6114100,5.145700030326843,11.938049985170364,63.437429268062594,-29.552985136943267
2025-07-07,7.980000019073486,8.369999885559082,7.875,8.274999618530273,6441300,5.231900029182434,11.86799998641014,52.52585054306715,-32.76036376633588
2025-07-08,8.40999984741211,8.6899995803833,7.880000114440918,8.079999923706055,6027600,5.321900024414062,11.800299981832504,58.026265221659166,-28.730626675932225
2025-07-09,8.739999771118164,8.770000457763672,8.25,8.420000076293945,5305000,5.413100023269653,11.735499976873397,61.46015653778696,-25.525117904293182
2025-07-10,8.569999694824219,8.914999961853027,8.475000381469727,8.739999771118164,4013300,5.502500019073486,11.671649974584579,55.74738146511156,-26.57422289491469
2025-07-11,8.170000076293945,8.529999732971191,7.989999771118164,8.449999809265137,5440200,5.583500022888184,11.604699977636336,46.32399109524565,-29.597489878768723
2025-07-14,7.940000057220459,8.095000267028809,7.650000095367432,7.75,5023000,5.660500020980835,11.534999982118606,40.27029463458316,-31.16601586884322
2025-07-15,8.319999694824219,8.585000038146973,8.220000267028809,8.289999961853027,3986700,5.741300010681153,11.46479997754097,44.91490915551593,-27.430049271485547
2025-07-16,8.270000457763672,8.4399995803833,7.994999885559082,8.40999984741211,4312900,5.819900016784668,11.39804997563362,42.09866894470491,-27.44372523858898
2025-07-17,8.239999771118164,8.479999542236328,8.180000305175781,8.265000343322754,4309300,5.899500007629395,11.328449975252152,39.67284957135302,-27.262778322550208
2025-07-18,8.960000038146973,9.005000114440918,8.15999984741211,8.220000267028809,5304900,5.994900007247924,11.258649975061417,49.46037510741126,-20.41674572001164
2025-07-21,9.529999732971191,9.640000343322754,9.140000343322754,9.170000076293945,6127000,6.095299997329712,11.19274997830391,56.349970258169165,-14.85560071077977
2025-07-22,10.210000038146973,10.345000267028809,9.5,9.529999732971191,6377400,6.203099994659424,11.135949980020523,64.59512255061664,-8.31496139561364
2025-07-23,9.4399995803833,10.116000175476074,9.34000015258789,9.954999923706055,5821300,6.300299987792969,11.073899976015092,49.834128512508926,-14.754516468187795
2025-07-24,9.359999656677246,9.630000114440918,9.15999984741211,9.524999618530273,4440700,6.373699979782105,11.012849975824356,46.853471082227394,-15.008379509168668
2025-07-25,9.380000114440918,9.430000305175781,9.104999542236328,9.369999885559082,3634400,6.445699977874756,10.94979997754097,45.523374445573324,-14.336333689381108
2025-07-28,8.84000015258789,9.529999732971191,8.734999656677246,9.489999771118164,3569800,6.513499984741211,10.888199979066849,35.71812655710191,-18.81118853820405
2025-07-29,8.449999809265137,8.859999656677246,8.430000305175781,8.729999542236328,3234100,6.575099983215332,10.827049976587295,28.515153090234048,-21.95473533845651
2025-07-30,8.199999809265137,8.585000038146973,8.119999885559082,8.489999771118164,3334000,6.6309999752044675,10.76109997868538,23.66158708984596,-23.799613185390346
2025-07-31,8.119999885559082,8.404999732971191,8.050000190734863,8.199999809265137,2737300,6.687999973297119,10.698849979639053,21.41148202720462,-24.103993410392455
2025-08-01,7.78000020980835,7.96999979019165,7.579999923706055,7.889999866485596,3989100,6.736399974822998,10.629249976873398,15.491957705684968,-26.80574615578998
2025-08-04,8.479999542236328,8.505000114440918,7.800000190734863,7.820000171661377,2874800,6.805799961090088,10.562299970388413,24.599600204500916,-19.714460240571174
2025-08-05,8.550000190734863,8.805000305175781,8.404999732971191,8.579999923706055,3111700,6.878199968338013,10.498549975156784,24.30578101963514,-18.56018011089976
2025-08-06,8.449999809265137,8.649999618530273,8.399999618530273,8.510000228881836,1749600,6.9495999622344975,10.428749974966049,21.5897296993224,-18.973991805833414
2025-08-07,9.069999694824219,9.385000228881836,8.8100004196167,8.979999542236328,2766000,7.03439995765686,10.367199977636337,28.93778786279606,-12.512542302746944
2025-08-08,9.1899995803833,9.385000228881836,8.970000267028809,9.180000305175781,2410000,7.12259994506836,10.307849978208543,29.025912605780913,-10.844651408280582
2025-08-11,9.140000343322754,9.40999984741211,8.84000015258789,9.210000038146973,5401000,7.211799955368042,10.250149978399277,26.73674255924796,-10.830569673770674
2025-08-12,7.369999885559082,8.319999694824219,7.119999885559082,7.739999771118164,10157000,7.2651999568939205,10.18794998049736,1.442492006922902,-27.65963810514026
2025-08-13,7.550000190734863,7.630000114440918,7.110000133514404,7.369999885559082,6225500,7.327399959564209,10.126699985265732,3.0379156644793515,-25.44461471436842
2025-08-14,7.565000057220459,7.679999828338623,7.329999923706055,7.546999931335449,4173900,7.383299961090088,10.060824986696243,2.4609605066559626,-24.807358569263403
2025-08-15,7.949999809265137,8.6899995803833,7.570000171661377,7.610000133514404,6269400,7.445299959182739,9.99727498650551,6.778771209344248,-20.47833214554785
2025-08-18,8.0600004196167,8.484000205993652,7.909999847412109,8.170000076293945,4508000,7.514099969863891,9.93352499127388,7.265014465367781,-18.86062171588616
2025-08-19,7.820000171661377,8.1899995803833,7.699999809265137,8.079999923706055,3473400,7.5760999774932865,9.868424991369247,3.219337058548022,-20.757363221581837
2025-08-20,7.480000019073486,7.857999801635742,7.361000061035156,7.789999961853027,3668800,7.630499973297119,9.799874988794327,-1.9723472216801818,-23.672495540744176
2025-08-21,6.840000152587891,7.5,6.78000020980835,7.400000095367432,5128800,7.667899980545044,9.725324989557267,-10.796956533831903,-29.668158545524626
2025-08-22,7.539999961853027,7.635000228881836,6.769999980926514,6.900000095367432,5573000,7.719899978637695,9.656624985933304,-2.330341290463378,-21.918890162593453
2025-08-25,7.46999979019165,7.734000205993652,7.349999904632568,7.670000076293945,3673400,7.772299976348877,9.583224986791611,-3.88945597927417,-22.051294835638124
2025-08-26,7.579999923706055,7.8429999351501465,7.400000095367432,7.46999979019165,3014400,7.823699970245361,9.50902498602867,-3.114895093959791,-20.28625505934494
2025-08-27,7.28000020980835,7.599999904632568,7.269999980926514,7.550000190734863,2944300,7.869099969863892,9.448074990510941,-7.486240641389785,-22.947264737844176
2025-08-28,7.75,7.760000228881836,7.260000228881836,7.400000095367432,2523500,7.910699968338013,9.386124993562698,-2.0314253982732566,-17.43131478309531
2025-08-29,7.400000095367432,7.849999904632568,7.389999866485596,7.699999809265137,2530800,7.947299966812134,9.319774993658065,-6.886613991295432,-20.59894042073982
2025-09-02,6.929999828338623,7.21999979019165,6.900000095367432,7.059999942779541,3355700,7.969299964904785,9.24607499241829,-13.041297744381986,-25.04927946159674
2025-09-03,6.75,7.199999809265137,6.699999809265137,7.130000114440918,4057200,7.9918999671936035,9.177574988603592,-15.539483380567177,-26.451159392520076
2025-09-04,6.75,6.894999980926514,6.690000057220459,6.75,4404400,8.008899965286254,9.11022499203682,-15.718762510991835,-25.907428127185383
2025-09-05,7.550000190734863,7.590000152587891,6.929999828338623,6.980000019073486,6326000,8.036099967956543,9.042924991846085,-6.04895134654837,-16.509313108948465
2025-09-08,7.210000038146973,7.599999904632568,7.170000076293945,7.579999923706055,2780500,8.054299964904786,8.98227499127388,-10.482598493186291,-19.730802662450664
2025-09-09,6.78000020980835,7.25,6.764999866485596,7.210000038146973,4249400,8.06709997177124,8.91797499537468,-15.954925146171096,-23.973769680619128
2025-09-10,6.760000228881836,7.25,6.710000038146973,6.869999885559082,5593400,8.068099975585938,8.846324995756149,-16.21323174802506,-23.58408455347487
2025-09-11,6.940000057220459,7.090000152587891,6.6020002365112305,6.760000228881836,4164800,8.06009997367859,8.77147499680519,-13.896848923908845,-20.879896941526987
2025-09-12,7.0,7.170000076293945,6.789999961853027,6.940000057220459,7052800,8.05049997329712,8.700574995279313,-13.04887866320783,-19.545547233395453
2025-09-15,7.389999866485596,7.409999847412109,7.09499979019165,7.159999847412109,3856900,8.030099973678588,8.622424992322921,-7.971259502261995,-14.293254240363119
2025-09-16,7.5,8.300000190734863,7.480000019073486,7.579999923706055,5825400,8.020499973297119,8.542424992322921,-6.489620036531818,-12.202916540206655
2025-09-17,7.440000057220459,7.800000190734863,7.260000228881836,7.5,3937400,8.001099977493286,8.484624992609024,-7.012784765234459,-12.311975323582836
2025-09-18,7.920000076293945,8.09000015258789,7.539999961853027,7.670000076293945,5627500,7.984699983596801,8.432374988794328,-0.8102985389027872,-6.076282342534222
2025-09-19,9.359999656677246,9.479999542236328,8.00100040435791,8.050000190734863,8252800,8.000499982833862,8.385124989748,16.992683916759855,11.626238942426825
2025-09-22,10.600000381469727,10.859999656677246,9.229999542236328,9.510000228881836,12216800,8.049099988937378,8.344274989366532,31.691746854161163,27.033210134826113
2025-09-23,10.210000038146973,11.149999618530273,10.050000190734863,10.569999694824219,10005600,8.094499988555908,8.303674989938736,26.135030608215224,22.957606728563707
2025-09-24,11.180000305175781,12.100000381469727,10.619999885559082,10.640000343322754,13856600,8.15170000076294,8.274174991846085,37.149310010542756,35.11921510233089
2025-09-25,11.729999542236328,11.970000267028809,10.510000228881836,10.90999984741211,14215100,8.220899982452393,8.248624988794326,42.68510220625661,42.20551374527772
2025-09-26,11.90999984741211,12.149999618530273,11.260000228881836,11.489999771118164,7294300,8.294299983978272,8.223574987649918,43.59258611839605,44.82752167151667
2025-09-29,11.399999618530273,12.880000114440918,11.204999923706055,12.199999809265137,8071700,8.343099975585938,8.187974983453751,36.63985391388827,39.228559461495394
2025-09-30,10.800000190734863,11.34000015258789,10.46500015258789,11.34000015258789,6113700,8.368499984741211,8.159874984025954,29.055388784455438,32.35497126950237
2025-10-01,13.449999809265137,13.524999618530273,10.949999809265137,11.0,11096700,8.433299980163575,8.143774982690811,59.48679450395,65.15682024432704
2025-10-02,13.050000190734863,14.149999618530273,12.65999984741211,13.625,8908000,8.505499992370606,8.123674985170364,53.430135823180926,60.64158419135952
2025-10-03,13.789999961853027,14.220000267028809,13.0,13.149999618530273,8837900,8.594099998474121,8.10677498459816,60.45891907589436,70.10463455630966
2025-10-06,15.260000228881836,15.5,13.760000228881836,14.204999923706055,9559300,8.711700000762939,8.098324981927872,75.1667324121058,88.43403127110699
2025-10-07,13.829999923706055,15.8100004196167,13.600000381469727,15.8100004196167,9486300,8.811499996185303,8.082274976968765,56.95397979564629,71.1151867898085
2025-10-08,14.960000038146973,15.449999809265137,14.010000228881836,14.350000381469727,5916300,8.941700000762939,8.076724978685379,67.30599367984308,85.22359096820406
2025-10-09,14.899999618530273,15.270000457763672,14.100000381469727,14.5,6402100,9.075699996948241,8.07622497677803,64.17466006523449,84.49213167504594
2025-10-10,13.09000015258789,15.460000038146973,12.979999542236328,14.920000076293945,9816900,9.175100002288819,8.065624977350234,42.668746382300604,62.29368696594537
2025-10-13,15.890000343322754,16.34000015258789,13.96500015258789,14.0,10184600,9.337300004959106,8.065374981164933,70.1776780748553,97.01502261743151
2025-10-14,18.450000762939453,19.385000228881836,15.15999984741211,15.359999656677246,15089000,9.536700029373169,8.076974989175797,93.46315503385023,128.4271127206023
2025-10-15,21.440000534057617,21.8700008392334,19.690000534057617,20.584999084472656,18888200,9.794500036239624,8.10517499089241,118.89836596793786,164.52236451587078
2025-10-16,19.579999923706055,22.1200008392334,18.639999389648438,20.93000030517578,11333100,10.017100038528442,8.12187499165535,95.46575204795944,141.0773367458021
2025-10-17,18.325000762939453,19.940000534057617,18.229999542236328,19.104999542236328,6882200,10.202200059890748,8.131399995088577,79.61812800537935,125.36095597323809
2025-10-20,18.450000762939453,19.922000885009766,18.010000228881836,19.850000381469727,5775800,10.38740008354187,8.14424999833107,77.61904436676342,126.54020648580597
2025-10-21,16.260000228881836,17.56999969482422,16.010000228881836,17.469999313354492,7328900,10.529800081253052,8.141000000238419,54.418888330374514,99.72976573400862
2025-10-22,15.220000267028809,16.131000518798828,14.3100004196167,16.040000915527344,8524300,10.686800088882446,8.130349999666214,42.41868604674548,87.19981633820998
2025-10-23,16.030000686645508,16.399999618530273,15.282999992370605,15.989999771118164,5512200,10.856400098800659,8.123550006151198,47.65484452269213,97.32753136876735
2025-10-24,19.520000457763672,19.540000915527344,17.079999923706055,17.079999923706055,9200900,11.095500106811523,8.132850009202958,75.92718011674258,140.01426849966813
2025-10-27,18.739999771118164,20.329999923706055,18.3799991607666,19.979999542236328,7749600,11.311300106048584,8.14110000729561,65.67502935491183,130.19002044348306
2025-10-28,18.100000381469727,19.30500030517578,17.899999618530273,19.200000762939453,4433400,11.512100105285645,8.151150008440018,57.225877259000946,122.05456116901642
2025-10-29,20.280000686645508,21.209999084472656,18.520000457763672,18.899999618530273,9075000,11.761300115585327,8.169750014543533,72.4299226049996,148.23281802434204
2025-10-30,20.469999313354492,21.399999618530273,19.40999984741211,19.700000762939453,8803400,12.021100101470948,8.191350013017654,70.28391029577821,149.89774922111332
2025-10-31,21.0,21.729999542236328,19.950000762939453,20.010000228881836,6578000,12.304300098419189,8.21780001282692,70.672040116268,155.54284561831295
2025-11-03,20.809999465942383,22.440000534057617,20.709999084472656,21.5,7600500,12.569700088500976,8.243950010538102,65.55684956222467,152.42753096927214
2025-11-04,19.18000030517578,20.989999771118164,19.010000228881836,19.520000457763672,5288200,12.803900098800659,8.267650014162063,49.79810961640017,131.98853691582758
2025-11-05,20.719999313354492,21.719999313354492,19.40999984741211,19.809999465942383,6634700,13.066700086593627,8.299200011491775,58.57101774772586,149.6626094643318
2025-11-06,19.81999969482422,21.200000762939453,19.360000610351562,21.149999618530273,5313400,13.317500076293946,8.331650010347367,48.82672859980053,137.8880494284934
2025-11-07,20.790000915527344,21.059999465942383,17.68000030517578,19.010000228881836,6457800,13.578300094604492,8.366850014925003,53.111956361816695,148.48062148169987
2025-11-10,21.790000915527344,23.743000030517578,21.270000457763672,21.844999313354492,11621800,13.86610011100769,8.404850021600723,57.145850246885324,159.25508319037664
2025-11-11,20.729999542236328,21.100000381469727,18.649999618530273,21.030000686645508,8014800,14.142100105285644,8.440050021409988,46.583600652695424,145.61465263416994
2025-11-12,19.209999084472656,21.219999313354492,18.9950008392334,20.799999237060547,6473300,14.391300086975098,8.4728500187397,33.483416844727884,126.72417240934544
2025-11-13,16.25,19.489999771118164,16.0,18.93000030517578,14489000,14.581300086975098,8.4878500187397,11.444109256865831,91.4501312360942
2025-11-14,17.90999984741211,18.270000457763672,15.220000267028809,15.295000076293945,10086700,14.788500080108642,8.50830001950264,21.107615717580842,110.50033269112501
2025-11-17,17.229999542236328,18.09000015258789,16.920000076293945,17.450000762939453,4929100,14.98890007019043,8.529400016069411,14.951727355250988,102.00716943483674
2025-11-18,17.020000457763672,18.209999084472656,16.0,16.760000228881836,6071900,15.193700075149536,8.55210002064705,12.020116058504993,99.01545137069085
2025-11-19,16.809999465942383,18.049999237060547,16.3799991607666,17.25,4159900,15.394700059890747,8.574300018548966,9.19341981685664,96.05098293244873
2025-11-20,15.510000228881836,18.280000686645508,15.454999923706055,17.700000762939453,5807800,15.566100063323974,8.592150021791458,-0.360397493360054,80.51361055783812
2025-11-21,15.399999618530273,15.880000114440918,14.579999923706055,15.579999923706055,7750500,15.73410005569458,8.606150017976761,-2.123416248668042,78.94179843905039
2025-11-24,15.800000190734863,15.989999771118164,15.010000228881836,15.5,9794700,15.902300062179565,8.62250002026558,-0.6433023590593723,83.24152106233582
2025-11-25,16.770000457763672,19.229999542236328,15.100000381469727,18.145000457763672,11842100,16.08770007133484,8.641000024080277,4.241130698629569,94.0747646224966
2025-11-26,18.989999771118164,19.200000762939453,17.209999084472656,17.6200008392334,8358500,16.31870006561279,8.700950022935867,16.36956188155212,118.2520267448976
2025-11-28,19.639999389648438,19.989999771118164,18.700000762939453,19.010000228881836,3411000,16.553100051879884,8.766500018835067,18.648466620111947,124.03467002168891
2025-12-01,19.389999389648438,19.969999313354492,18.520000457763672,19.049999237060547,4878100,16.753700046539308,8.832550016641617,15.735624583142105,119.52889429570486
2025-12-02,19.959999084472656,20.270000457763672,18.910999298095703,19.200000762939453,5690100,16.940900020599365,8.900200012922287,17.82136167619315,124.26461265468798
2025-12-03,19.850000381469727,20.152999877929688,19.110000610351562,20.09000015258789,4496900,17.13370002746582,8.964300013780594,15.85355381295106,121.43391398050953
2025-12-04,23.34000015258789,23.479999542236328,19.84000015258789,20.110000610351562,10286000,17.376900024414063,9.04675001502037,34.31624812133256,157.9932032369233
2025-12-05,23.959999084472656,24.790000915527344,22.510000228881836,22.510000228881836,7800400,17.62150001525879,9.129750009775162,35.970258285192756,162.4387202148892
2025-12-08,22.860000610351562,23.670000076293945,21.829999923706055,22.579999923706055,6257300,17.84050003051758,9.209350012540817,28.135425415474536,148.22599400850217
2025-12-09,23.940000534057617,24.329999923706055,21.829999923706055,22.610000610351562,5635400,18.091300048828124,9.296100014448166,32.32880152031057,157.5273555238179
2025-12-10,23.809999465942383,24.40999984741211,22.540000915527344,23.899999618530273,3994300,18.351500034332275,9.384200011491776,29.744159449626785,153.72433917419653
2025-12-11,25.790000915527344,25.809999465942383,22.25,23.489999771118164,7086100,18.598300056457518,9.482400015592575,38.66859249091852,171.97756763181303
2025-12-12,22.190000534057617,25.850000381469727,22.010000228881836,25.440000534057617,7057800,18.781100063323976,9.563950017690658,18.15069649402803,132.0171110577979
2025-12-15,21.520000457763672,22.68000030517578,21.360000610351562,22.610000610351562,4325000,18.935700073242188,9.642950021028518,13.647767838134106,123.1682256035207
2025-12-16,21.309999465942383,21.3700008392334,18.520000457763672,20.809999465942383,6081400,19.0567000579834,9.723550018072128,11.824184675746174,119.15863472019738
2025-12-17,18.56999969482422,21.719999313354492,18.479999542236328,21.709999084472656,4994300,19.151500053405762,9.790350016355514,-3.0363175571624934,89.67656584087025
2025-12-18,19.309999465942383,20.82200050354004,19.0,20.479999542236328,4414400,19.23850004196167,9.8596500146389,0.37164760155292687,95.84873131675347
2025-12-19,19.959999084472656,20.25,18.90999984741211,18.96500015258789,6804100,19.33970003128052,9.933050009012222,3.207387147623031,100.94531957820627
2025-12-22,20.450000762939453,20.950000762939453,19.538000106811523,20.34000015258789,4106800,19.486900043487548,10.007300013303757,4.942298248067267,104.35083125071812
2025-12-23,19.670000076293945,21.149999618530273,19.420000076293945,19.84000015258789,4026600,19.562500038146972,10.078800014257432,0.5495209607020879,95.16212295579672
2025-12-24,19.829999923706055,20.0,19.219999313354492,19.700000762939453,1517800,19.590100021362304,10.151050013303756,1.2245976390225177,95.34924857741088
2025-12-26,20.209999084472656,20.584999084472656,19.110000610351562,19.829999923706055,2538600,19.565499992370604,10.225700007677078,3.294058891177687,97.639272316807
2025-12-29,19.969999313354492,20.951000213623047,19.3700008392334,19.489999771118164,2719200,19.573299980163576,10.299450005292892,2.0267371040803006,93.8938419341994
2025-12-30,19.860000610351562,20.600000381469727,19.81999969482422,20.010000228881836,2719000,19.603999977111815,10.373100007772445,1.3058591794462115,91.45675444631492
2025-12-31,19.780000686645508,20.190000534057617,19.489999771118164,19.96500015258789,2041000,19.630599975585938,10.444950011968613,0.7610603407199878,89.373818581995
2026-01-02,23.010000228881836,23.1200008392334,20.139999389648438,20.360000610351562,6109700,19.76559997558594,10.532450011968614,16.414377794265356,118.46768987969827
2026-01-05,22.25,23.56999969482422,21.709999084472656,23.1299991607666,3825900,19.90619997024536,10.615400012731552,11.774221264018326,109.60114525420165
2026-01-06,21.829999923706055,22.639999389648438,21.309999465942383,22.3799991607666,3733200,20.022199954986572,10.697400013208389,9.028977698673145,104.06827730805546
2026-01-07,20.559999465942383,21.600000381469727,19.90999984741211,21.600000381469727,4666200,20.042999935150146,10.773300009965897,2.579451840867164,90.84216950166845
2026-01-08,21.18000030517578,22.0,20.5,20.774999618530273,5537900,20.091799945831298,10.8527000105381,5.4161417208927976,95.15881102960321
2026-01-09,23.200000762939453,23.389999389648438,21.6200008392334,21.950000762939453,4351600,20.193799953460694,10.941600013971328,14.886751460383628,112.03480965594954
2026-01-12,23.280000686645508,24.200000762939453,22.219999313354492,22.75,5243200,20.253799953460693,11.031550017595292,14.941397368091124,111.03109399417099
2026-01-13,23.81999969482422,25.229999542236328,22.950000762939453,23.844999313354492,4960200,20.32079996109009,11.125500015020371,17.219793218939895,114.10273392355572
2026-01-14,22.649999618530273,24.549999237060547,22.59000015258789,23.799999237060547,4656800,20.353799953460694,11.213850013017655,11.2814298574216,101.98236637940497
2026-01-15,25.5,26.31999969482422,23.389999389648438,23.489999771118164,7091800,20.447599964141844,11.31710001349449,24.709012523319874,125.32274142310169
2026-01-16,27.079999923706055,27.93000030517578,25.049999237060547,25.700000762939453,6205300,20.60559995651245,11.428500012159347,31.420584602523817,136.95148002707532
2026-01-20,25.510000228881836,26.700000762939453,24.3799991607666,25.65999984741211,6874700,20.701399974822998,11.531750012636184,23.228381944733446,121.21534199864423
2026-01-21,26.34000015258789,27.350000381469727,24.610000610351562,26.68000030517578,4196000,20.83179998397827,11.641850012540818,26.441306909849228,126.25270145392658
2026-01-22,27.270000457763672,28.459999084472656,26.5,27.25,5654800,20.961399974823,11.756650015115738,30.09627453566084,131.9538339807865
2026-01-23,26.940000534057617,28.399999618530273,26.579999923706055,27.540000915527344,3854600,21.064399967193605,11.86990001797676,27.893510263833132,126.9606356688552
2026-01-26,27.1200008392334,27.540000915527344,25.701000213623047,26.6200008392334,4526700,21.192199993133546,11.986000021696091,27.97161619850941,126.26398122929218
2026-01-27,28.440000534057617,30.540000915527344,27.100000381469727,27.1299991607666,5896700,21.376800022125245,12.10610002398491,33.04143045087138,134.9228940592889
2026-01-28,30.989999771118164,31.485000610351562,28.90999984741211,29.020000457763672,6062600,21.671600017547608,12.241750023365022,42.998208466497154,153.15007831371815
2026-01-29,31.56999969482422,32.04499816894531,29.709999084472656,31.299999237060547,7098300,21.94480001449585,12.378800022602082,43.86095874179918,155.0327950785334
2026-01-30,30.770000457763672,33.5099983215332,30.260000228881836,30.645000457763672,7341100,22.215600032806396,12.512350025177001,38.50627672592572,145.9170371341046
2026-02-02,30.889999389648438,32.34000015258789,29.700000762939453,30.010000228881836,5818900,22.493000011444092,12.648425022363663,37.3316114966082,144.22012491699064
2026-02-03,32.22999954223633,33.29999923706055,30.049999237060547,31.93000030517578,5705400,22.80140001296997,12.791375019550323,41.35096758928465,151.96665325640154
2026-02-04,28.989999771118164,33.5,26.389999389648438,33.040000915527344,10331600,23.071000003814696,12.917875018119812,25.65558392061369,124.41771367546207
2026-02-05,18.950000762939453,25.6200008392334,18.600000381469727,24.850000381469727,19885200,23.14200002670288,12.99457502245903,-18.114247942815666,45.830092405387866
2026-02-06,19.440000534057617,21.599000930786133,18.81999969482422,20.399999618530273,12000000,23.214800033569336,13.073225024938584,-16.260314515107776,48.70087906368723
2026-02-09,19.399999618530273,20.719999313354492,18.285999298095703,19.170000076293945,7086000,23.267400016784666,13.151875022649765,-16.62154084884655,47.507481519708605
2026-02-10,18.989999771118164,21.079999923706055,18.90999984741211,19.989999771118164,8253000,23.267400016784666,13.227275021076203,-18.383662302538596,43.566983682275406
2026-02-11,17.520000457763672,19.80500030517578,17.26099967956543,19.65999984741211,10396200,23.225000038146973,13.293975024223327,-24.564045515663558,31.789027930622595
2026-02-12,17.440000534057617,18.479999542236328,17.018999099731445,17.469999313354492,6982600,23.186000061035156,13.360675027370453,-24.782194047492833,30.53233087647389
2026-02-13,18.459999084472656,18.5049991607666,16.600000381469727,17.200000762939453,4802500,23.156000061035158,13.43237502336502,-20.279845241771742,37.42915197321626
2026-02-17,17.780000686645508,18.360000610351562,17.18000030517578,18.020000457763672,4542200,23.11460006713867,13.500825026035308,-23.078917069723403,31.69566046784651
2026-02-18,17.43000030517578,18.3700008392334,17.31999969482422,18.079999923706055,2698000,22.99640007019043,13.566575026512146,-24.205526726029657,28.477528566448296
