Date,Close,High,Low,Open,Volume,SMA50,SMA200,ext_sma50_pct,ext_sma200_pct
2020-08-31,1.7999999523162842,1.7999999523162842,1.649999976158142,1.7999999523162842,242160,,,,
2020-09-01,1.899999976158142,1.9500000476837158,1.7999999523162842,1.7999999523162842,386220,,,,
2020-09-02,1.7999999523162842,1.899999976158142,1.7000000476837158,1.899999976158142,266440,,,,
2020-09-03,1.649999976158142,1.75,1.5499999523162842,1.5499999523162842,197060,,,,
2020-09-04,1.649999976158142,1.7000000476837158,1.5,1.600000023841858,326780,,,,
2020-09-08,1.5,1.649999976158142,1.4500000476837158,1.600000023841858,123600,,,,
2020-09-09,1.600000023841858,1.600000023841858,1.350000023841858,1.350000023841858,111700,,,,
2020-09-10,1.5499999523162842,1.649999976158142,1.5499999523162842,1.5499999523162842,159240,,,,
2020-09-11,1.5499999523162842,1.649999976158142,1.5,1.5499999523162842,59180,,,,
2020-09-14,1.600000023841858,1.649999976158142,1.5499999523162842,1.649999976158142,106620,,,,
2020-09-15,1.5499999523162842,1.600000023841858,1.5,1.600000023841858,202360,,,,
2020-09-16,1.5499999523162842,1.649999976158142,1.5,1.5,77660,,,,
2020-09-17,1.5499999523162842,1.600000023841858,1.399999976158142,1.600000023841858,136700,,,,
2020-09-18,1.5,1.600000023841858,1.5,1.600000023841858,85840,,,,
2020-09-21,1.4500000476837158,1.5499999523162842,1.350000023841858,1.4500000476837158,208120,,,,
2020-09-22,1.399999976158142,1.4500000476837158,1.350000023841858,1.4500000476837158,126520,,,,
2020-09-23,1.25,1.5,1.2000000476837158,1.5,355360,,,,
2020-09-24,1.399999976158142,1.399999976158142,1.2000000476837158,1.2999999523162842,184160,,,,
2020-09-25,1.350000023841858,1.5,1.2999999523162842,1.5,297880,,,,
2020-09-28,1.4500000476837158,1.5499999523162842,1.399999976158142,1.5,341300,,,,
2020-09-29,1.399999976158142,1.5,1.399999976158142,1.5,83920,,,,
2020-09-30,1.350000023841858,1.4500000476837158,1.25,1.399999976158142,120300,,,,
2020-10-01,1.350000023841858,1.5,1.2999999523162842,1.5,238580,,,,
2020-10-02,1.2999999523162842,1.399999976158142,1.2999999523162842,1.2999999523162842,191380,,,,
2020-10-05,1.2999999523162842,1.399999976158142,1.2999999523162842,1.2999999523162842,99560,,,,
2020-10-06,1.2999999523162842,1.4500000476837158,1.149999976158142,1.4500000476837158,145540,,,,
2020-10-07,1.2999999523162842,1.350000023841858,1.2999999523162842,1.2999999523162842,137900,,,,
2020-10-08,1.5,1.5,1.2999999523162842,1.350000023841858,194020,,,,
2020-10-09,1.649999976158142,1.649999976158142,1.5,1.649999976158142,322100,,,,
2020-10-12,1.899999976158142,1.899999976158142,1.649999976158142,1.7000000476837158,472780,,,,
2020-10-13,1.7000000476837158,1.850000023841858,1.649999976158142,1.7999999523162842,401040,,,,
2020-10-14,1.7000000476837158,1.75,1.600000023841858,1.649999976158142,264480,,,,
2020-10-15,1.649999976158142,1.75,1.600000023841858,1.7000000476837158,174600,,,,
2020-10-16,1.600000023841858,1.7000000476837158,1.5499999523162842,1.649999976158142,259460,,,,
2020-10-19,1.649999976158142,1.7000000476837158,1.600000023841858,1.600000023841858,154940,,,,
2020-10-20,1.649999976158142,1.7000000476837158,1.600000023841858,1.7000000476837158,145820,,,,
2020-10-21,1.7999999523162842,1.850000023841858,1.5,1.75,388960,,,,
2020-10-22,1.7999999523162842,1.9500000476837158,1.75,1.850000023841858,297360,,,,
2020-10-23,1.7000000476837158,1.850000023841858,1.600000023841858,1.850000023841858,226280,,,,
2020-10-26,1.600000023841858,1.7999999523162842,1.5,1.7000000476837158,377160,,,,
2020-10-27,1.7999999523162842,1.7999999523162842,1.5,1.7000000476837158,364560,,,,
2020-10-28,1.600000023841858,1.75,1.5499999523162842,1.600000023841858,272660,,,,
2020-10-29,1.600000023841858,1.649999976158142,1.5499999523162842,1.5499999523162842,153800,,,,
2020-10-30,1.899999976158142,1.899999976158142,1.5,1.600000023841858,304080,,,,
2020-11-02,1.7999999523162842,1.899999976158142,1.5,1.850000023841858,196460,,,,
2020-11-03,1.7999999523162842,1.899999976158142,1.75,1.899999976158142,149920,,,,
2020-11-04,1.899999976158142,2.0,1.5499999523162842,1.649999976158142,330780,,,,
2020-11-05,2.0,2.0999999046325684,1.899999976158142,2.0,533580,,,,
2020-11-06,2.0,2.1500000953674316,1.9500000476837158,2.1500000953674316,347600,,,,
2020-11-09,1.9500000476837158,2.049999952316284,1.7000000476837158,2.049999952316284,513780,1.6119999885559082,,20.96774575231859,
2020-11-10,1.899999976158142,2.700000047683716,1.850000023841858,2.0,119100,1.6139999890327454,,17.71994975643052,
2020-11-11,1.9500000476837158,2.049999952316284,1.7999999523162842,1.9500000476837158,222960,1.6149999904632568,,20.743037721279833,
2020-11-12,1.9500000476837158,2.049999952316284,1.850000023841858,2.049999952316284,198040,1.6179999923706054,,20.51916297148322,
2020-11-13,1.9500000476837158,2.049999952316284,1.899999976158142,2.049999952316284,162820,1.623999993801117,,20.07389502013277,
2020-11-16,2.0,2.0999999046325684,1.9500000476837158,2.0,236020,1.630999994277954,,22.624157389123887,
2020-11-17,2.3499999046325684,2.450000047683716,2.0,2.049999952316284,1255500,1.6479999923706055,,42.597082251933394,
2020-11-18,2.299999952316284,2.5999999046325684,2.25,2.5,787680,1.661999990940094,,38.387482843204566,
2020-11-19,2.549999952316284,2.5999999046325684,2.049999952316284,2.25,594340,1.681999990940094,,51.605229848488435,
2020-11-20,2.75,2.8499999046325684,2.5999999046325684,2.5999999046325684,740760,1.7059999918937683,,61.195780367344874,
2020-11-23,3.700000047683716,3.700000047683716,3.0,3.0999999046325684,1816380,1.7479999923706055,,111.67048420096637,
2020-11-24,4.300000190734863,4.849999904632568,3.8499999046325684,3.8499999046325684,2143240,1.802999997138977,,138.491414174052,
2020-11-25,3.8499999046325684,4.650000095367432,3.75,4.650000095367432,1117940,1.8489999961853028,,108.2206550879154,
2020-11-27,3.299999952316284,3.549999952316284,3.200000047683716,3.549999952316284,766980,1.8839999961853027,,75.15923349246702,
2020-11-30,4.800000190734863,4.800000190734863,4.099999904632568,4.099999904632568,1438840,1.95,,146.15385593512121,
2020-12-01,4.650000095367432,5.199999809265137,4.5,4.800000190734863,1117000,2.0140000009536743,,130.88381793274837,
2020-12-02,4.650000095367432,4.900000095367432,4.300000190734863,4.75,574940,2.07900000333786,,123.66522789330445,
2020-12-03,5.099999904632568,5.099999904632568,4.550000190734863,4.550000190734863,900000,2.1560000014305114,,136.54916054029246,
2020-12-04,4.900000095367432,4.949999809265137,4.699999809265137,4.900000095367432,683500,2.2260000038146974,,120.12579007054352,
2020-12-07,5.650000095367432,5.75,5.0,5.0,1110380,2.3120000052452085,,144.37716620023093,
2020-12-08,5.449999809265137,6.150000095367432,5.349999904632568,5.599999904632568,1080060,2.392000000476837,,127.84280134526327,
2020-12-09,5.300000190734863,5.650000095367432,4.949999809265137,5.099999904632568,1091700,2.4700000047683717,,114.5749060932443,
2020-12-10,5.5,5.550000190734863,4.900000095367432,5.300000190734863,837200,2.5530000042915346,,115.43282376633863,
2020-12-11,5.150000095367432,5.5,5.050000190734863,5.5,446560,2.629000005722046,,95.89197733580839,
2020-12-14,5.800000190734863,5.900000095367432,5.5,5.5,705160,2.7190000104904173,,113.31372447066434,
2020-12-15,7.099999904632568,7.199999809265137,5.849999904632568,5.949999809265137,1259660,2.8350000095367434,,150.44091290118735,
2020-12-16,9.149999618530273,9.25,7.599999904632568,7.800000190734863,1923360,2.992000002861023,,205.81549497930553,
2020-12-17,10.300000190734863,12.399999618530273,9.25,11.399999618530273,2906120,3.1720000076293946,,224.71627257127923,
2020-12-18,9.899999618530273,11.149999618530273,8.850000381469727,10.350000381469727,1416960,3.34,,196.40717420749323,
2020-12-21,10.300000190734863,11.399999618530273,9.850000381469727,10.0,1403500,3.5130000042915346,,193.196703050163,
2020-12-22,11.100000381469727,11.149999618530273,10.25,11.100000381469727,1173400,3.697000012397766,,200.2434499390383,
2020-12-23,9.399999618530273,11.25,9.350000381469727,11.199999809265137,1445240,3.8510000038146974,,144.09243337364023,
2020-12-24,8.300000190734863,9.300000190734863,7.599999904632568,9.25,1811440,3.98300000667572,,108.38564340506203,
2020-12-28,10.100000381469727,11.5,9.800000190734863,11.449999809265137,1389280,4.152000014781952,,143.256270363962,
2020-12-29,9.850000381469727,10.75,9.0,10.449999809265137,883000,4.3170000219345095,,128.1677167343585,
2020-12-30,9.899999618530273,10.600000381469727,9.800000190734863,10.0,1068140,4.482000014781952,,120.88352489690712,
2020-12-31,9.449999809265137,9.699999809265137,8.850000381469727,9.399999618530273,937520,4.638000011444092,,103.75161246113875,
2021-01-04,9.75,11.0,9.600000381469727,11.0,1831440,4.797000012397766,,103.25203199502373,
2021-01-05,10.649999618530273,10.699999809265137,9.5,10.199999809265137,1172320,4.974000005722046,,114.11338171046657,
2021-01-06,10.850000381469727,11.850000381469727,10.600000381469727,10.899999618530273,1962220,5.157000012397766,,110.39364660433613,
2021-01-07,12.25,12.75,11.100000381469727,11.75,2515320,5.370000011920929,,128.11918012674255,
2021-01-08,13.25,13.850000381469727,12.25,13.0,2346520,5.599000012874603,,136.64940113470848,
2021-01-11,11.050000190734863,11.75,9.699999809265137,10.25,2305380,5.788000016212464,,90.91223496515698,
2021-01-12,11.850000381469727,12.100000381469727,10.550000190734863,10.550000190734863,1171600,5.9930000233650205,,97.73069139445872,
2021-01-13,11.699999809265137,12.149999618530273,11.199999809265137,12.100000381469727,787300,6.18900002002716,,89.0450762870379,
2021-01-14,12.300000190734863,13.050000190734863,11.199999809265137,12.199999809265137,893340,6.399000024795532,,92.21753622555873,
2021-01-15,11.149999618530273,11.649999618530273,10.800000190734863,11.649999618530273,869640,6.586000018119812,,69.29850573722598,
2021-01-19,11.899999618530273,12.449999809265137,11.800000190734863,12.449999809265137,857900,6.786000010967254,,75.36103152516922,
2021-01-20,11.350000381469727,12.050000190734863,10.100000381469727,11.75,914320,6.973000018596649,,62.77069197188916,
2021-01-21,9.699999809265137,10.0,9.100000381469727,9.199999809265137,1438600,7.127000014781952,,36.102143807304365,
2021-01-22,10.100000381469727,10.449999809265137,9.699999809265137,9.699999809265137,638800,7.290000021457672,,38.545958185747445,
2021-01-25,10.25,11.050000190734863,9.899999618530273,11.0,716340,7.457000021934509,,37.454740107951956,
2021-01-26,9.949999809265137,10.25,9.5,10.0,499760,7.617000017166138,,30.628853706724524,
2021-01-27,8.949999809265137,9.75,8.699999809265137,9.75,889760,7.757000012397766,,15.379654440642486,
2021-01-28,10.149999618530273,10.25,8.75,8.75,906060,7.921000003814697,,28.140381437218863,
2021-01-29,9.5,11.75,9.5,11.5,922800,8.071000003814698,,17.705364830998583,
2021-02-01,9.350000381469727,9.949999809265137,8.949999809265137,9.550000190734863,704760,8.211000013351441,,13.871640071443458,
2021-02-02,10.649999618530273,10.800000190734863,9.5,9.949999809265137,877640,8.37800000667572,,27.118639413275126,
2021-02-03,11.149999618530273,11.300000190734863,10.800000190734863,11.0,707260,8.55,,30.409352263511956,
2021-02-04,11.0,11.399999618530273,10.699999809265137,11.399999618530273,546000,8.715,,26.21916236374069,
2021-02-05,10.949999809265137,11.300000190734863,10.850000381469727,11.25,566580,8.859999995231629,,23.589162699303913,
2021-02-08,11.75,12.350000381469727,11.550000190734863,12.25,1392300,9.008999991416932,,30.425130549389245,
2021-02-09,13.25,13.25,12.050000190734863,12.25,1327280,9.19699999332428,,44.06871816481053,
2021-02-10,12.300000190734863,13.350000381469727,11.25,13.25,945160,9.376999998092652,,31.172018697203473,
2021-02-11,12.899999618530273,13.199999809265137,12.100000381469727,12.75,1064160,9.538999986648559,,35.234297479672925,
2021-02-12,15.699999809265137,15.75,12.75,13.199999809265137,2586320,9.759999980926514,,60.860654097816315,
2021-02-16,19.049999237060547,19.549999237060547,17.149999618530273,17.350000381469727,2859320,10.047999963760375,,89.5899612437026,
2021-02-17,23.399999618530273,23.75,19.950000762939453,20.5,2524720,10.41399995803833,,124.6975198081151,
2021-02-18,24.0,26.0,20.5,23.25,2516700,10.79599995613098,,122.30455814674724,
2021-02-19,26.850000381469727,28.75,25.350000381469727,25.5,2618240,11.219999961853027,,139.30481704774752,
2021-02-22,24.850000381469727,28.5,21.0,22.5,2396160,11.607999973297119,,114.07650274495454,
2021-02-23,19.399999618530273,22.350000381469727,17.5,21.049999237060547,2936280,11.889999961853027,,63.16231859353876,
2021-02-24,21.450000762939453,22.5,20.600000381469727,21.950000762939453,1129600,12.208999977111816,,75.6900712847221,
2021-02-25,20.149999618530273,23.899999618530273,19.299999237060547,22.75,1177160,12.508999967575074,,61.08401687394394,
2021-02-26,18.950000762939453,20.149999618530273,17.799999237060547,19.0,957940,12.771999979019165,,48.37144373683855,
2021-03-01,22.549999237060547,22.649999618530273,20.399999618530273,21.25,954980,13.080999965667724,,72.38742677352705,
2021-03-02,21.850000381469727,24.799999237060547,21.299999237060547,24.049999237060547,888580,13.334999980926513,,63.8545212802587,
2021-03-03,21.549999237060547,23.549999237060547,21.100000381469727,23.149999618530273,804200,13.559999961853027,,58.92329865549391,
2021-03-04,17.75,21.25,15.800000190734863,20.649999618530273,1621500,13.716999969482423,,29.401472913101955,
2021-03-05,17.5,18.75,13.149999618530273,18.0,1891980,13.860999965667725,,26.25351737497803,
2021-03-08,19.850000381469727,20.75,17.649999618530273,19.649999618530273,928580,14.035999965667724,,41.42206062997391,
2021-03-09,21.0,22.25,20.899999618530273,21.299999237060547,843720,14.267999973297119,,47.18250658327705,
2021-03-10,19.950000762939453,22.25,19.5,22.0,912460,14.500999984741211,,37.57672425303078,
2021-03-11,20.149999618530273,20.75,19.75,20.049999237060547,533560,14.701999969482422,,37.05618052208204,
2021-03-12,19.5,19.850000381469727,18.75,19.350000381469727,524900,14.894999961853028,,30.91641523961497,
2021-03-15,19.350000381469727,20.350000381469727,19.149999618530273,19.600000381469727,471920,15.083999977111816,,28.281625635315976,
2021-03-16,18.0,19.25,17.600000381469727,19.0,484200,15.254999980926513,,17.994100442514505,
2021-03-17,19.600000381469727,19.649999618530273,16.549999237060547,17.5,620980,15.451999988555908,,26.84442399680247,
2021-03-18,18.049999237060547,20.049999237060547,18.0,19.5,515580,15.599999980926514,,15.705123455958647,
2021-03-19,18.649999618530273,19.200000762939453,18.049999237060547,18.5,366520,15.755999965667725,,18.36760382818332,
2021-03-22,18.149999618530273,19.0,18.049999237060547,19.0,422120,15.87399995803833,,14.337908948647904,
2021-03-23,16.700000762939453,18.0,16.600000381469727,17.899999618530273,443560,15.94299997329712,,4.748170299882282,
2021-03-24,15.199999809265137,17.799999237060547,14.550000190734863,17.149999618530273,609320,16.025999965667726,,-5.154125534582043,
2021-03-25,16.5,16.5,13.0,13.75,845440,16.11899995803833,,2.3636704693436705,
2021-03-26,16.5,17.25,15.899999618530273,16.899999618530273,319620,16.214999961853028,,1.7576320617789465,
2021-03-29,17.200000762939453,17.5,16.75,17.25,392020,16.31299997329712,,5.437386079165529,
2021-03-30,17.5,17.5,16.549999237060547,17.350000381469727,381420,16.439999980926515,,6.447688687976183,
2021-03-31,19.5,19.649999618530273,17.0,17.5,597180,16.59199998855591,,17.52651888530523,
2021-04-01,19.850000381469727,20.700000762939453,19.5,20.0,488700,16.761999988555907,,18.42262495538791,
2021-04-05,21.700000762939453,21.950000762939453,20.049999237060547,20.350000381469727,789280,17.002000007629395,,27.63204771910306,
2021-04-06,20.100000381469727,22.5,20.0,21.75,492900,17.202000007629394,,16.846880435734324,
2021-04-07,19.899999618530273,20.25,18.799999237060547,19.0,765740,17.395,,14.40068766042124,
2021-04-08,20.5,20.75,20.0,20.200000762939453,304840,17.606000003814696,,16.43757807314701,
2021-04-09,20.049999237060547,21.399999618530273,20.0,21.350000381469727,344640,17.827999992370607,,12.463536266776032,
2021-04-12,20.399999618530273,20.950000762939453,19.149999618530273,20.600000381469727,433460,18.032999992370605,,13.12593371685853,
2021-04-13,20.0,21.0,19.649999618530273,20.899999618530273,616140,18.242999992370606,,9.631091423363403,
2021-04-14,17.350000381469727,20.5,16.799999237060547,20.049999237060547,947400,18.402999992370606,,-5.72189105763965,
2021-04-15,18.850000381469727,18.950000762939453,17.399999618530273,18.0,559480,18.567000007629396,,1.524211632057093,
2021-04-16,17.5,18.25,17.200000762939453,18.0,453040,18.69400001525879,,-6.387076143597947,
2021-04-19,16.200000762939453,18.399999618530273,14.5,16.5,1023120,18.798000030517578,,-13.820615296097493,
2021-04-20,15.899999618530273,16.75,15.149999618530273,15.550000190734863,402300,18.89700002670288,,-15.859662401109276,
2021-04-21,15.449999809265137,16.600000381469727,15.25,15.550000190734863,332640,18.971000022888184,,-18.559908330478216,
2021-04-22,14.5,16.200000762939453,14.449999809265137,15.699999809265137,563100,18.996000022888182,,-23.66814075316369,
2021-04-23,14.25,14.350000381469727,12.899999618530273,13.350000381469727,753760,19.035000019073486,,-25.13790393632157,
2021-04-26,15.850000381469727,16.049999237060547,15.0,15.0,368820,19.094000034332275,,-16.989628401747257,
2021-04-27,15.850000381469727,16.5,15.600000381469727,16.0,474860,19.09700004577637,,-17.00266877794123,
2021-04-28,15.949999809265137,16.100000381469727,15.449999809265137,15.899999618530273,198720,19.035000057220458,,-16.206988382882102,
2021-04-29,14.949999809265137,16.100000381469727,14.75,16.100000381469727,432240,18.866000061035155,,-20.756918472919537,
2021-04-30,18.75,19.049999237060547,15.050000190734863,15.149999618530273,539020,18.761000061035155,,-0.05863259420803013,
2021-05-03,18.649999618530273,19.350000381469727,17.799999237060547,19.200000762939453,684440,18.59700004577637,,0.28498990494942866,
2021-05-04,17.100000381469727,18.350000381469727,16.649999618530273,18.350000381469727,472020,18.442000045776368,,-7.276866180325103,
2021-05-05,16.700000762939453,18.450000762939453,16.600000381469727,17.100000381469727,348260,18.38800006866455,,-9.179896124764852,
2021-05-06,15.600000381469727,17.899999618530273,15.25,16.899999618530273,524800,18.271000061035156,,-14.618793008827247,
2021-05-07,16.25,16.549999237060547,15.600000381469727,15.75,282480,18.19300006866455,,-10.679932179031615,
2021-05-10,15.5,17.0,15.350000381469727,16.399999618530273,447060,18.124000053405762,,-14.478040419739868,
2021-05-11,15.699999809265137,16.399999618530273,13.75,15.0,605780,17.987000064849852,,-12.714739797293738,
2021-05-12,14.600000381469727,16.299999237060547,14.550000190734863,15.699999809265137,377360,17.842000064849852,,-18.17060683553702,
2021-05-13,12.800000190734863,14.5,12.25,13.800000190734863,969160,17.66700008392334,,-27.548536084614394,
2021-05-14,14.350000381469727,14.949999809265137,13.5,13.800000190734863,378420,17.599000091552735,,-18.461274465487854,
2021-05-17,12.850000381469727,13.25,12.399999618530273,12.449999809265137,463780,17.506000099182128,,-26.596593689782555,
2021-05-18,12.899999618530273,13.25,12.649999618530273,12.800000190734863,328980,17.36700008392334,,-25.721197925991703,
2021-05-19,12.0,12.699999809265137,10.0,10.699999809265137,836600,17.18700008392334,,-30.179787389279422,
2021-05-20,12.699999809265137,13.199999809265137,12.100000381469727,12.75,383160,17.042000064849855,,-25.478231657447026,
2021-05-21,11.75,13.0,11.399999618530273,12.600000381469727,364180,16.874000072479248,,-30.366244224665294,
2021-05-24,13.550000190734863,13.649999618530273,11.699999809265137,12.0,524840,16.755000076293946,,-19.128617552760996,
2021-05-25,12.5,12.949999809265137,12.149999618530273,12.949999809265137,422320,16.61800006866455,,-24.780358958052883,
2021-05-26,13.25,13.399999618530273,12.699999809265137,13.0,286880,16.52300006866455,,-19.808751770640686,
2021-05-27,13.600000381469727,14.100000381469727,13.25,13.350000381469727,288780,16.40300006866455,,-17.088335520704725,
2021-05-28,12.550000190734863,13.25,12.449999809265137,12.899999618530273,292140,16.293000087738037,,-22.97305515771845,
2021-06-01,12.399999618530273,13.0,12.300000190734863,13.0,288300,16.168000087738037,,-23.30529718431564,
2021-06-02,12.850000381469727,13.0,12.600000381469727,12.850000381469727,240940,16.062000102996826,,-19.99750778813536,
2021-06-03,12.550000190734863,12.949999809265137,12.449999809265137,12.899999618530273,245680,15.979000091552734,,-21.459414739165094,
2021-06-04,12.449999809265137,12.550000190734863,12.300000190734863,12.399999618530273,172120,15.924000091552735,,-21.816128248645672,
2021-06-07,12.100000381469727,12.699999809265137,12.0,12.25,206160,15.83600009918213,,-23.591814184854375,
2021-06-08,12.0,12.100000381469727,10.850000381469727,12.0,496140,15.74600009918213,,-23.79016941182861,
2021-06-09,12.300000190734863,12.75,11.899999618530273,12.25,226040,15.648000087738037,,-21.395704743296285,
2021-06-10,12.199999809265137,12.75,12.100000381469727,12.75,159860,15.54200008392334,,-21.50302571491536,
2021-06-11,12.0,12.75,11.850000381469727,12.25,166120,15.39200008392334,,-22.037422462505198,
2021-06-14,13.050000190734863,13.149999618530273,12.300000190734863,12.5,341720,15.256000080108642,,-14.459883834492404,
2021-06-15,13.0,13.350000381469727,12.550000190734863,13.0,151780,15.082000064849854,,-13.804535578156962,
2021-06-16,12.199999809265137,12.899999618530273,12.149999618530273,12.699999809265137,134020,14.924000053405761,10.257000017762184,-18.252480798664894,18.943158702722364
2021-06-17,12.75,13.300000190734863,12.75,13.199999809265137,413380,14.781000061035156,10.311750018000602,-13.740613305246951,23.645355810052536
2021-06-18,12.149999618530273,12.800000190734863,11.899999618530273,12.75,337960,14.614000053405762,10.363000016212464,-16.860547597310692,17.244037436284152
2021-06-21,11.949999809265137,12.0,11.550000190734863,11.75,292340,14.452000064849853,10.413750015497207,-17.312484392178217,14.752128594231294
2021-06-22,11.449999809265137,11.600000381469727,10.25,11.399999618530273,601800,14.273000068664551,10.462750014662742,-19.778604678893885,9.435853797699846
2021-06-23,11.649999618530273,12.0,11.600000381469727,11.949999809265137,200140,14.106000061035155,10.512750012874603,-17.411033828711396,10.817812696610485
2021-06-24,11.800000190734863,12.100000381469727,11.649999618530273,12.0,118480,13.995000057220459,10.564250013828278,-15.684171900757704,11.697471900882949
2021-06-25,11.350000381469727,11.850000381469727,11.199999809265137,11.800000190734863,196900,13.845000057220458,10.613000015616416,-18.020943773485488,6.944317014688184
2021-06-28,11.699999809265137,11.800000190734863,11.5,11.649999618530273,156040,13.729000053405763,10.663750014901161,-14.778936821675448,9.717498937202729
2021-06-29,13.75,13.800000190734863,12.25,12.25,1379880,13.680000038146973,10.72475001513958,0.5116956261537409,28.208116558333106
2021-06-30,14.300000190734863,16.0,12.800000190734863,13.5,1296140,13.648000049591065,10.788250015974045,4.777257757727904,32.551620230908696
2021-07-01,15.5,15.850000381469727,14.0,14.699999809265137,1155860,13.649000053405763,10.858000016212463,13.561432627677128,42.75188779569352
2021-07-02,15.350000381469727,16.5,14.300000190734863,15.600000381469727,905780,13.666000061035156,10.92700001835823,12.322554609347879,40.477719005038004
2021-07-06,14.449999809265137,15.649999618530273,14.399999618530273,15.600000381469727,886800,13.67000005722046,10.991500017642975,5.705923546303748,31.465221180646495
2021-07-07,13.550000190734863,14.850000381469727,13.149999618530273,14.649999618530273,579840,13.624000053405762,11.05175001859665,-0.5431581208222291,22.605018824479718
2021-07-08,12.449999809265137,12.550000190734863,11.5,12.5,649360,13.55600004196167,11.106750017404556,-8.158750584781538,12.093995000838898
2021-07-09,12.5,13.100000381469727,12.350000381469727,12.899999618530273,363140,13.487000045776368,11.162250017523766,-7.3181585410126875,11.98459074448326
2021-07-12,12.600000381469727,13.300000190734863,12.399999618530273,13.25,507160,13.440000057220459,11.219000019431114,-6.249997560821841,12.30947820346504
2021-07-13,11.899999618530273,12.550000190734863,11.649999618530273,12.25,560420,13.303000049591065,11.271500017642975,-10.54649647320658,5.576006741813644
2021-07-14,11.600000381469727,12.149999618530273,11.550000190734863,11.850000381469727,363520,13.162000064849854,11.322750019431114,-11.867494876797402,2.4486132923787984
2021-07-15,10.949999809265137,11.850000381469727,10.699999809265137,11.300000190734863,529160,13.039000053405761,11.370250018239021,-16.02116907419585,-3.696050731512157
2021-07-16,10.800000190734863,11.399999618530273,10.699999809265137,11.199999809265137,292760,12.921000041961669,11.417250019311904,-16.415136942486964,-5.40629159852839
2021-07-19,9.899999618530273,10.300000190734863,9.75,10.199999809265137,596480,12.80700002670288,11.460000017285347,-22.69852738433237,-13.61256890403223
2021-07-20,10.949999809265137,11.050000190734863,9.350000381469727,9.850000381469727,592360,12.701000022888184,11.508000016212463,-13.786317695202033,-4.848802625662286
2021-07-21,11.449999809265137,12.300000190734863,11.149999618530273,11.550000190734863,990600,12.620000019073487,11.558750015497207,-9.27100006370878,-0.940847462625849
2021-07-22,11.300000190734863,11.800000190734863,11.149999618530273,11.800000190734863,274940,12.532000026702882,11.608750016689301,-9.830831737495238,-2.6596302402115968
2021-07-23,10.899999618530273,11.699999809265137,10.75,11.699999809265137,277180,12.458000011444092,11.656750015020371,-12.506023370385433,-6.491950119158285
2021-07-26,12.75,13.199999809265137,12.0,12.300000190734863,2006080,12.457000007629395,11.714000015258788,2.352091131019951,8.844118007441581
2021-07-27,11.699999809265137,12.5,11.350000381469727,12.5,614160,12.403999996185302,11.765000014305114,-5.675590028512345,-0.5524879299697694
2021-07-28,12.0,12.350000381469727,11.899999618530273,12.100000381469727,481000,12.386999988555909,11.816750014424324,-3.1242430686481804,1.5507646802376929
2021-07-29,11.899999618530273,12.300000190734863,11.699999809265137,12.050000190734863,268100,12.366999988555909,11.866750012636185,-3.7761815351967765,0.2801913401620837
2021-07-30,12.850000381469727,13.100000381469727,11.0,11.100000381469727,1299420,12.383999996185302,11.922500014305115,3.7629230089467613,7.7794117513252825
2021-08-02,13.399999618530273,14.5,12.699999809265137,12.699999809265137,1045740,12.397999992370606,11.981000012159347,8.081945691049143,11.843749310832186
2021-08-03,13.399999618530273,13.600000381469727,12.550000190734863,12.850000381469727,520020,12.430999984741211,12.039750010371208,7.7950256212572455,11.297988803648984
2021-08-04,13.899999618530273,14.149999618530273,13.350000381469727,13.699999809265137,678760,12.437999973297119,12.10125000834465,11.754298507572681,14.864163693380949
2021-08-05,14.600000381469727,15.300000190734863,13.199999809265137,13.649999618530273,1680520,12.479999980926515,12.166000010371208,16.987182722622272,20.00657873601508
2021-08-06,15.199999809265137,15.75,14.300000190734863,14.800000190734863,1511220,12.518999977111816,12.233750009536744,21.41544721667008,24.246447715672392
2021-08-09,16.200000762939453,17.100000381469727,15.899999618530273,16.200000762939453,1687000,12.570999984741212,12.30575001358986,28.86803581738251,31.64578140340066
2021-08-10,15.449999809265137,16.450000762939453,14.800000190734863,16.350000381469727,1028660,12.628999977111816,12.374000012874603,22.337475946361263,24.85857275893075
2021-08-11,16.049999237060547,16.700000762939453,15.649999618530273,16.0,1010040,12.701999969482422,12.445750008821488,26.35804814692144,28.959678811517065
2021-08-12,15.550000190734863,15.899999618530273,14.399999618530273,15.850000381469727,1020700,12.755999965667725,12.515500009655952,21.903419822727187,24.245936468680718
2021-08-13,15.199999809265137,16.350000381469727,15.149999618530273,16.25,656580,12.80899995803833,12.582500008940697,18.66656147286758,20.802700563993916
2021-08-16,14.75,15.699999809265137,14.75,15.649999618530273,673280,12.854999961853027,12.648250008821487,14.74134612034501,16.61692320844903
2021-08-17,13.449999809265137,15.050000190734863,13.300000190734863,14.699999809265137,769440,12.881999950408936,12.707500007748603,4.409252142856657,5.843004533258167
2021-08-18,13.899999618530273,14.75,13.300000190734863,13.5,689900,12.91999994277954,12.767500005960464,7.585136842809459,8.870175148158266
2021-08-19,14.75,14.899999618530273,13.399999618530273,13.5,667820,12.968999938964844,12.832250006198883,13.732747855786576,14.944768009310195
2021-08-20,15.199999809265137,15.75,14.649999618530273,15.100000381469727,933300,13.028999938964844,12.899250005483628,16.662828156193687,17.836306783754342
2021-08-23,15.300000190734863,16.149999618530273,15.0,16.049999237060547,829200,13.094999942779541,12.96625000655651,16.8384899395982,17.99865175357771
2021-08-24,15.5,15.5,14.800000190734863,15.25,521520,13.143999938964845,13.033750006556511,17.92452884947824,18.922029287065236
2021-08-25,15.800000190734863,15.800000190734863,15.0,15.149999618530273,501460,13.199999942779542,13.102750007510185,19.696971660803175,20.58537468606727
2021-08-26,14.899999618530273,15.550000190734863,14.800000190734863,15.199999809265137,569420,13.253999938964844,13.167500005364419,12.418890049383723,13.157392158420645
2021-08-27,15.600000381469727,15.850000381469727,15.0,15.149999618530273,798340,13.310999946594238,13.236000007390976,17.196307144912538,17.860383595940576
2021-08-30,15.850000381469727,15.899999618530273,15.050000190734863,15.5,631240,13.384999961853028,13.305500009059905,18.416140654776967,19.1236734484028
2021-08-31,15.899999618530273,16.399999618530273,15.5,15.850000381469727,801900,13.46399995803833,13.375250006914138,18.092689156891993,18.8762797727968
2021-09-01,16.350000381469727,17.049999237060547,15.75,16.049999237060547,1657620,13.561999969482422,13.447250008583069,20.55744298968396,21.586200680688616
2021-09-02,16.799999237060547,17.350000381469727,16.5,17.049999237060547,1267760,13.664999961853027,13.52125000476837,22.9418169334733,24.248861837003986
2021-09-03,18.0,18.700000762939453,16.899999618530273,16.899999618530273,2880900,13.78899995803833,13.59950000524521,30.53883570074898,32.35780722127692
2021-09-07,16.549999237060547,18.75,15.899999618530273,18.350000381469727,2125200,13.892999935150147,13.67075000166893,19.124734141745936,21.06138459879756
2021-09-08,15.949999809265137,16.649999618530273,15.149999618530273,16.100000381469727,982400,13.977999935150146,13.737750000953675,14.107882982285957,16.103436211591337
2021-09-09,16.0,16.75,16.0,16.450000762939453,920100,14.022999935150146,13.804000000953675,14.098267660219355,15.908432330444878
2021-09-10,15.0,15.899999618530273,14.949999809265137,15.800000190734863,1059880,14.03699993133545,13.860500000715255,6.860440787741262,8.221204135680104
2021-09-13,15.300000190734863,15.550000190734863,14.5,15.0,1038500,14.032999935150146,13.915500000715255,9.02871988484164,9.949338435186995
2021-09-14,14.75,15.800000190734863,14.75,15.5,504680,14.020999927520752,13.970000001192092,5.199344385191451,5.5833929759581125
2021-09-15,15.100000381469727,15.350000381469727,14.800000190734863,15.25,603940,14.033999938964843,14.02900000333786,7.5958418636241865,7.634189021862192
2021-09-16,14.5,15.100000381469727,14.449999809265137,15.0,527300,14.052999935150147,14.077500002384186,3.180815960382888,3.0012431010069784
2021-09-17,14.0,14.699999809265137,14.0,14.300000190734863,640840,14.083999938964844,14.124250001907349,-0.5964210403924364,-0.8796927404327359
2021-09-20,12.949999809265137,13.199999809265137,12.5,13.0,872260,14.092999935150146,14.165750000476837,-8.110410353683385,-8.58232138200079
2021-09-21,12.75,13.449999809265137,12.600000381469727,13.199999809265137,555380,14.095999927520753,14.204000000953675,-9.548807707446482,-10.236553089665247
2021-09-22,14.0,14.649999618530273,12.949999809265137,13.199999809265137,840180,14.137999935150146,14.249500000476838,-0.9760923453327242,-1.7509386327133503
2021-09-23,14.800000190734863,14.899999618530273,14.25,14.600000381469727,766340,14.201999931335449,14.295250000953674,4.2106763997370455,3.530894456183109
2021-09-24,14.25,14.800000190734863,13.649999618530273,13.699999809265137,836060,14.267999935150147,14.339250001907349,-0.12615598003896666,-0.6224175036733226
2021-09-27,14.300000190734863,14.800000190734863,14.0,14.5,604820,14.337999935150146,14.384250001907349,-0.2650282088656253,-0.5857087520121929
2021-09-28,13.300000190734863,14.149999618530273,13.149999618530273,13.800000190734863,669900,14.405999946594239,14.423250002861023,-7.677354990695029,-7.787771909266983
2021-09-29,12.800000190734863,13.699999809265137,12.75,13.600000381469727,545460,14.442999954223632,14.46150000333786,-11.375751358417052,-11.489125002382227
2021-09-30,13.350000381469727,13.399999618530273,12.800000190734863,13.399999618530273,676140,14.480999965667724,14.499250004291534,-7.81023124700938,-7.926269444844724
2021-10-01,13.899999618530273,14.199999809265137,13.5,14.199999809265137,1036560,14.532999954223634,14.533250002861022,-4.3556068099304905,-4.357252398507471
2021-10-04,14.149999618530273,14.5,13.699999809265137,14.399999618530273,981980,14.597999954223633,14.558250002861023,-3.0689158590094356,-2.8042545240706707
2021-10-05,15.199999809265137,15.300000190734863,14.199999809265137,14.5,1452000,14.646999950408935,14.582750000953673,3.7755162198984227,4.232739423435894
2021-10-06,15.350000381469727,15.800000190734863,14.949999809265137,15.600000381469727,1411280,14.719999961853027,14.610000004768372,4.279894166096132,5.065026532921535
2021-10-07,14.75,15.300000190734863,14.600000381469727,15.199999809265137,596780,14.774999961853027,14.632250003814697,-0.16920447998357568,0.8047292532221917
2021-10-08,14.600000381469727,15.149999618530273,14.399999618530273,15.100000381469727,577280,14.828999977111817,14.649750003814697,-1.5442686357512003,-0.3395936608612149
2021-10-11,15.550000190734863,15.75,14.699999809265137,14.800000190734863,852680,14.88299997329712,14.68050000667572,4.481624797651462,5.922824043212094
2021-10-12,14.449999809265137,15.300000190734863,14.25,15.25,990900,14.903999977111816,14.711250004768372,-3.0461632349965795,-1.7758531424491908
2021-10-13,14.350000381469727,14.699999809265137,13.949999809265137,14.600000381469727,679480,14.922999992370606,14.732500004768372,-3.8397079085560892,-2.596298137959241
2021-10-14,14.449999809265137,14.75,14.199999809265137,14.699999809265137,660200,14.933999996185303,14.755500001907349,-3.2409279968112936,-2.0704157270354906
2021-10-15,15.649999618530273,16.0,14.649999618530273,14.800000190734863,2236300,14.954999980926514,14.784250001907349,4.647272741492192,5.855891347286679
2021-10-18,16.75,17.5,15.75,15.899999618530273,2608120,14.98599998474121,14.820750002861024,11.770986367642466,13.0172224534288
2021-10-19,18.200000762939453,18.299999237060547,16.25,17.350000381469727,2701780,15.025999984741212,14.86300000667572,21.12339133116874,22.451730840105743
2021-10-20,19.850000381469727,20.5,18.25,18.5,4175200,15.113999996185303,14.909000010490418,31.335188477436592,33.14105820311673
2021-10-21,18.799999237060547,21.049999237060547,18.600000381469727,20.25,3415760,15.168999996185303,14.948750004768371,23.936971730426304,25.763018520369265
2021-10-22,17.799999237060547,18.700000762939453,17.450000762939453,18.549999237060547,2000500,15.213999977111817,14.976500000953674,16.9974974618059,18.852864393730705
2021-10-25,19.5,19.75,18.299999237060547,18.299999237060547,2287700,15.299999980926513,15.007750000953674,27.45098055104147,29.932868009933955
2021-10-26,19.100000381469727,19.75,18.75,19.75,1780340,15.386999988555909,15.048000001907349,24.130762303732787,26.927168919781906
2021-10-27,17.100000381469727,18.75,17.049999237060547,18.149999618530273,1964300,15.46,15.074250001907348,10.608023166039615,13.438482042596211
2021-10-28,18.450000762939453,18.549999237060547,17.450000762939453,18.350000381469727,1769700,15.551000022888184,15.10800000667572,18.64189271290899,22.12073573462414
2021-10-29,17.700000762939453,19.850000381469727,17.700000762939453,18.700000762939453,3453020,15.610000038146973,15.135000009536743,13.388857909577423,16.94747771249734
2021-11-01,19.0,19.200000762939453,18.0,18.649999618530273,2077860,15.68600004196167,15.174250011444093,21.12711940056764,25.21211912068544
2021-11-02,21.799999237060547,21.799999237060547,19.450000762939453,19.649999618530273,6298620,15.816000022888183,15.223750009536744,37.83509866914896,43.19730173842966
2021-11-03,21.75,22.0,20.200000762939453,21.200000762939453,3165060,15.941000022888183,15.275750007629394,36.440624608062365,42.382534338000255
2021-11-04,22.049999237060547,23.149999618530273,21.149999618530273,21.600000381469727,2614580,16.066000003814697,15.337500004768371,37.24635398870295,43.7652761545577
2021-11-05,22.100000381469727,22.899999618530273,21.450000762939453,22.399999618530273,1899560,16.210000019073487,15.397500004768371,36.33559750441564,43.529796230723775
2021-11-08,24.299999237060547,24.75,23.100000381469727,23.5,3621260,16.383999996185302,15.467750000953675,48.315425065419504,57.101060177222365
2021-11-09,22.200000762939453,28.0,21.549999237060547,26.350000381469727,8688340,16.511000003814697,15.529000005722047,34.455821923628925,42.95834087680668
2021-11-10,20.399999618530273,23.899999618530273,20.149999618530273,23.799999237060547,3969220,16.601000003814697,15.586250004768372,22.884161278492954,30.88459130508756
2021-11-11,20.850000381469727,21.450000762939453,20.200000762939453,21.0,2217520,16.691000003814697,15.63975000858307,24.91762253133125,33.3141538069808
2021-11-12,21.600000381469727,21.75,20.350000381469727,20.899999618530273,2430340,16.78700002670288,15.700250010490418,28.670997480853423,37.577429448813106
2021-11-15,21.100000381469727,22.299999237060547,20.549999237060547,22.100000381469727,2279100,16.849000034332274,15.759000010490418,25.229985984185554,33.89174673154338
2021-11-16,20.149999618530273,21.5,19.399999618530273,20.100000381469727,3127340,16.92100004196167,15.806500010490417,19.082793975303748,27.479199096303255
2021-11-17,20.200000762939453,20.649999618530273,19.549999237060547,20.200000762939453,1980320,17.006000061035156,15.851750016212463,18.7816105518106,27.430729996876014
2021-11-18,19.649999618530273,20.049999237060547,18.350000381469727,19.850000381469727,3123820,17.07900005340576,15.895000014305115,15.053571971924807,23.62377855203366
2021-11-19,21.0,21.399999618530273,19.600000381469727,19.649999618530273,2882080,17.19900005340576,15.94525001525879,22.10012172098088,31.700663080880354
2021-11-22,19.450000762939453,21.299999237060547,19.149999618530273,21.149999618530273,2328840,17.282000064849854,15.983750019073486,12.544848339048054,21.68609206055947
2021-11-23,20.200000762939453,20.5,19.25,19.600000381469727,1783300,17.391000080108643,16.018500022888183,16.152036512515867,26.104196610647023
2021-11-24,19.799999237060547,19.899999618530273,18.899999618530273,19.399999618530273,1355880,17.48500005722046,16.05600001811981,13.239915197392893,23.318380759314206
2021-11-26,18.549999237060547,19.149999618530273,18.200000762939453,18.549999237060547,1537620,17.56600004196167,16.084250016212465,5.601726020427544,15.330209480471124
2021-11-29,19.25,19.75,18.350000381469727,19.149999618530273,1922040,17.67100004196167,16.102000017166137,8.93554385314259,19.550366286658914
2021-11-30,18.850000381469727,20.25,17.799999237060547,19.600000381469727,2650000,17.78900005340576,16.101000022888183,5.964361824040987,17.073475900091516
2021-12-01,17.799999237060547,19.549999237060547,17.549999237060547,19.5,2412080,17.890000038146972,16.073000020980835,-0.5030788199805292,10.744722290956133
2021-12-02,17.149999618530273,17.899999618530273,16.049999237060547,17.649999618530273,2705400,17.95300003051758,16.038750019073486,-4.47279235014938,6.92852995486104
2021-12-03,15.550000190734863,17.350000381469727,15.050000190734863,17.350000381469727,2469960,17.96800003051758,15.982250018119812,-13.457256431856003,-2.7045617913303066
2021-12-06,15.149999618530273,15.300000190734863,13.5,14.0,2448260,17.986000022888184,15.933750014305115,-15.767821643216628,-4.918806904032014
2021-12-07,16.149999618530273,16.950000762939453,16.0,16.299999237060547,1286660,18.023000011444093,15.917500014305114,-10.392278709008028,1.4606540224043396
2021-12-08,16.549999237060547,16.850000381469727,15.699999809265137,16.299999237060547,1090520,18.087999992370605,15.89300000667572,-8.502879013482845,4.133890581443778
2021-12-09,14.649999618530273,16.100000381469727,14.600000381469727,16.049999237060547,1872680,18.124999980926514,15.86550000667572,-19.1724158127067,-7.661280058201769
2021-12-10,14.399999618530273,15.550000190734863,14.25,15.5,1334900,18.145999965667723,15.842750000953675,-20.643669978093747,-9.106691592915073
2021-12-13,13.800000190734863,14.25,13.399999618530273,14.25,1494300,18.143999977111818,15.799000005722046,-23.94179779462521,-12.652698362321601
2021-12-14,13.600000381469727,13.949999809265137,13.149999618530273,13.399999618530273,1464240,18.132999992370607,15.757750005722047,-24.99861916289705,-13.693259656161484
2021-12-15,14.149999618530273,14.350000381469727,12.449999809265137,13.600000381469727,2682760,18.111999988555908,15.720750007629395,-21.875002056807812,-9.991574119153501
2021-12-16,13.149999618530273,14.25,13.0,14.199999809265137,1510420,18.06799997329712,15.697750005722046,-27.21939540643795,-16.230035427134993
2021-12-17,12.949999809265137,13.5,12.149999618530273,12.550000190734863,1874280,18.03199996948242,15.675000004768371,-28.183230749878685,-17.384371257890162
2021-12-20,12.5,12.75,12.199999809265137,12.449999809265137,1123840,17.989999961853027,15.638250002861023,-30.516953715921737,-20.06778253504631
2021-12-21,14.050000190734863,14.350000381469727,13.0,13.149999618530273,1766760,17.95999996185303,15.603500003814696,-21.77060010814582,-9.956098392668554
2021-12-22,14.25,14.550000190734863,13.850000381469727,14.149999618530273,1399960,17.955999965667726,15.575,-20.639340458641577,-8.50722311396468
2021-12-23,15.300000190734863,15.550000190734863,13.75,14.449999809265137,1777820,17.974999961853026,15.550750002861022,-14.881779008595885,-1.61246121299633
2021-12-27,15.399999618530273,15.800000190734863,15.050000190734863,15.699999809265137,994680,17.99399995803833,15.530250000953675,-14.415918336985756,-0.8386882530249218
2021-12-28,13.949999809265137,15.050000190734863,13.800000190734863,14.550000190734863,1344980,17.95999996185303,15.50324999809265,-22.327395106375935,-10.018868230974853
2021-12-29,13.300000190734863,14.199999809265137,13.199999809265137,13.800000190734863,955500,17.890999965667724,15.479749999046327,-25.66094563603403,-14.081298525142538
2021-12-30,13.199999809265137,13.850000381469727,13.149999618530273,13.25,1169100,17.790999946594237,15.447749996185303,-25.805183244958442,-14.550663931480178
2021-12-31,13.199999809265137,13.850000381469727,13.100000381469727,13.25,1159820,17.657999935150148,15.423499999046326,-25.246348070320714,-14.416314000834273
2022-01-03,13.300000190734863,13.649999618530273,12.75,13.449999809265137,1325220,17.547999954223634,15.396750001907348,-24.207885654036133,-13.61813246894792
2022-01-04,13.600000381469727,13.800000190734863,12.949999809265137,13.5,1263960,17.463999977111815,15.374000005722046,-22.12551305947216,-11.538959435358754
2022-01-05,12.199999809265137,13.600000381469727,11.949999809265137,13.449999809265137,1730640,17.31799997329712,15.351500000953674,-29.553067166667645,-20.528939787595725
2022-01-06,12.0,12.25,11.399999618530273,11.899999618530273,1865100,17.175999965667724,15.335500001907349,-30.135072054109113,-21.75018748324148
2022-01-07,11.449999809265137,12.149999618530273,11.350000381469727,11.850000381469727,1655660,17.06299995422363,15.310250000953674,-32.89574025679522,-25.213502009752176
2022-01-10,11.5,11.550000190734863,10.699999809265137,10.850000381469727,1652280,16.923999938964844,15.285250000953674,-32.04916070979732,-24.764069941397793
2022-01-11,12.050000190734863,12.300000190734863,11.199999809265137,11.449999809265137,1428400,16.81099992752075,15.259499998092652,-28.320740927443623,-21.032797980005626
2022-01-12,12.649999618530273,13.050000190734863,12.199999809265137,12.699999809265137,1528680,16.683999919891356,15.235249996185303,-24.17885591423181,-16.968874014554014
2022-01-13,11.5,12.850000381469727,11.5,12.850000381469727,1331100,16.477999935150148,15.195249996185304,-30.209976664287375,-24.31845476127723
2022-01-14,12.100000381469727,12.100000381469727,11.350000381469727,11.449999809265137,1187220,16.284999942779542,15.156499996185303,-25.698492944517103,-20.16626276175145
2022-01-18,10.899999618530273,11.550000190734863,10.75,11.449999809265137,1702740,16.061999950408936,15.102499990463256,-32.1379675495967,-27.826521268576244
2022-01-19,10.600000381469727,11.399999618530273,10.550000190734863,11.25,1089240,15.831999950408935,15.054999990463257,-33.046990811821395,-29.591495262807012
2022-01-20,10.800000190734863,11.600000381469727,10.75,10.899999618530273,1546040,15.561999969482422,15.00949999332428,-30.60017856371926,-28.045569835515238
2022-01-21,9.100000381469727,10.300000190734863,9.100000381469727,10.050000190734863,2891600,15.299999961853027,14.952499995231628,-40.52287317543497,-39.14060936718457
2022-01-24,9.350000381469727,9.399999618530273,7.5,7.849999904632568,3891240,15.078999977111817,14.899000000953674,-37.99323300177765,-37.24410778662165
2022-01-25,9.25,9.550000190734863,8.800000190734863,9.300000190734863,1718240,14.846999969482422,14.843250002861023,-37.69785128973457,-37.68211140944826
2022-01-26,9.300000190734863,10.350000381469727,9.149999618530273,9.949999809265137,2594880,14.600999965667725,14.789750003814698,-36.305731027994284,-37.1186112791891
2022-01-27,8.649999618530273,9.550000190734863,8.5,9.449999809265137,1620400,14.351999950408935,14.74625,-39.72965685326799,-41.34102149000408
2022-01-28,9.350000381469727,9.350000381469727,8.350000381469727,8.75,1939000,14.135999965667725,14.69875,-33.856816608813055,-36.38914614188467
2022-01-31,9.949999809265137,10.199999809265137,9.149999618530273,9.25,2123520,13.930999946594238,14.660999999046325,-28.57655697789555,-32.1328708143212
2022-02-01,10.550000190734863,10.649999618530273,9.850000381469727,10.199999809265137,1740060,13.74899995803833,14.632749996185304,-23.267145080127648,-27.901452608120803
2022-02-02,9.850000381469727,10.5,9.699999809265137,10.5,1491640,13.525999965667724,14.6025,-27.177285180604606,-32.54579434021758
2022-02-03,9.300000190734863,9.75,9.199999809265137,9.5,1087440,13.322999954223633,14.571750001907349,-30.195900152453316,-36.17787712857034
2022-02-04,10.0,10.600000381469727,9.449999809265137,9.449999809265137,3776600,13.118999938964844,14.549250001907348,-23.774677593381778,-31.267934782280594
2022-02-07,10.399999618530273,11.449999809265137,10.300000190734863,10.850000381469727,4058800,12.930999946594238,14.53,-19.57312147952315,-28.42395307274416
2022-02-08,10.449999809265137,10.800000190734863,10.149999618530273,10.350000381469727,2323620,12.76899995803833,14.502999997138977,-18.161172812232163,-27.94594351977784
2022-02-09,11.149999618530273,11.25,10.5,10.600000381469727,2103380,12.606999950408936,14.47949999332428,-11.557074146188139,-22.994581141124073
2022-02-10,11.100000381469727,12.050000190734863,10.600000381469727,10.800000190734863,2458280,12.451999950408936,14.455249996185303,-10.85769012466795,-23.211287356503806
2022-02-11,10.399999618530273,11.399999618530273,10.350000381469727,11.050000190734863,2187680,12.30399995803833,14.432499995231629,-15.474645204823446,-27.940414883309593
2022-02-14,10.0,10.800000190734863,9.850000381469727,10.5,1765060,12.160999965667724,14.388749995231628,-17.76992000467512,-30.50125964163698
2022-02-15,11.050000190734863,11.25,10.550000190734863,11.0,2109760,12.070999965667724,14.35074999809265,-8.458286619474631,-23.000538702133955
2022-02-16,10.75,11.149999618530273,10.550000190734863,10.899999618530273,1629880,11.982999973297119,14.318999996185303,-10.289576700698754,-24.924924904924318
2022-02-17,10.100000381469727,10.600000381469727,10.0,10.399999618530273,1640900,11.861999988555908,14.285999994277955,-14.854152830771405,-29.30141127316861
2022-02-18,9.850000381469727,10.199999809265137,9.550000190734863,10.100000381469727,1939820,11.728000011444092,14.257249994277954,-16.01295726587506,-30.912340139767814
2022-02-22,9.350000381469727,9.75,9.100000381469727,9.350000381469727,1890860,11.622000026702882,14.222749996185303,-19.549127861065006,-34.26024936121708
2022-02-23,8.949999809265137,9.850000381469727,8.899999618530273,9.75,1716760,11.513000030517578,14.189999995231629,-22.26179288160064,-36.927414994554816
2022-02-24,9.649999618530273,9.699999809265137,7.900000095367432,7.900000095367432,2019240,11.430000019073486,14.159749994277954,-15.573056846656929,-31.84908192284539
2022-02-25,9.550000190734863,9.949999809265137,9.350000381469727,9.850000381469727,1514240,11.349000015258788,14.13449999332428,-15.851615315051204,-32.434821215852516
2022-02-28,10.199999809265137,10.399999618530273,9.449999809265137,9.649999618530273,1759040,11.270000019073485,14.12149999141693,-9.494234321184269,-27.769714155969893
2022-03-01,10.300000190734863,10.850000381469727,10.149999618530273,10.800000190734863,1939340,11.213000030517579,14.101249990463257,-8.14233333896257,-26.9568286662473
2022-03-02,10.399999618530273,10.699999809265137,10.100000381469727,10.300000190734863,1287140,11.16200002670288,14.08899998664856,-6.82673720076753,-26.183550085983153
2022-03-03,9.399999618530273,10.399999618530273,9.399999618530273,10.399999618530273,1570360,11.100000019073486,14.07149998664856,-15.315318897495922,-33.198311285582484
2022-03-04,8.899999618530273,9.449999809265137,8.699999809265137,9.350000381469727,1511680,10.997000007629394,14.055999984741211,-19.068840480533634,-36.68184669755367
2022-03-07,8.25,9.0,8.199999809265137,8.899999618530273,1809880,10.877000007629395,14.033749985694886,-24.151880167203753,-41.21314681813823
2022-03-08,8.600000381469727,8.899999618530273,8.199999809265137,8.300000190734863,1672560,10.743000011444092,14.017999987602234,-19.947869568011857,-38.650303972922536
2022-03-09,9.350000381469727,9.600000381469727,9.100000381469727,9.550000190734863,1612120,10.622000026702882,13.996999988555908,-11.975142553525197,-33.1999686424635
2022-03-10,9.199999809265137,9.300000190734863,8.75,8.800000190734863,1420620,10.527000026702881,13.980499987602235,-12.605682664307627,-34.194057312516705
2022-03-11,8.600000381469727,9.25,8.600000381469727,9.25,1520200,10.433000030517578,13.957249989509583,-17.569247998525274,-38.38327472866375
2022-03-14,8.199999809265137,8.75,8.0,8.699999809265137,1619200,10.333000030517578,13.93024998664856,-20.642603454493546,-41.13530039213639
2022-03-15,8.699999809265137,8.699999809265137,7.900000095367432,8.300000190734863,1035060,10.243000030517578,13.910999984741212,-15.063948224692858,-37.45956567602581
2022-03-16,9.300000190734863,9.300000190734863,8.600000381469727,8.899999618530273,1281440,10.163000030517578,13.895499987602234,-8.491585527809587,-33.071856363337346
2022-03-17,9.699999809265137,9.75,9.199999809265137,9.199999809265137,1076200,10.085000019073487,13.879749984741212,-3.817552891226672,-30.114016319250048
2022-03-18,10.149999618530273,10.300000190734863,9.399999618530273,9.5,1589960,10.044000015258788,13.867749981880188,1.0553524801916625,-26.808605348434924
2022-03-21,9.649999618530273,10.100000381469727,9.449999809265137,10.0,1856680,9.997000007629394,13.853749980926514,-3.4710452019035776,-30.343772395083324
2022-03-22,10.199999809265137,10.5,10.0,10.149999618530273,1963940,9.972000007629395,13.844249978065491,2.2863999344294283,-26.32320403470192
2022-03-23,10.0,10.5,9.75,10.100000381469727,1475400,9.942000007629394,13.834249978065492,0.5833835478384453,-27.71563318679928
2022-03-24,10.850000381469727,10.850000381469727,9.899999618530273,10.25,1926180,9.918000011444091,13.826999979019165,9.39705957804222,-21.530336313493038
2022-03-25,10.600000381469727,11.350000381469727,10.399999618530273,11.199999809265137,1670840,9.87700002670288,13.818999981880188,7.320040020372431,-23.294012624873673
2022-03-28,11.5,11.699999809265137,10.949999809265137,11.199999809265137,2158160,9.87700002670288,13.816499981880188,16.43211469990151,-16.766185248928377
2022-03-29,11.350000381469727,11.649999618530273,11.0,11.600000381469727,1679540,9.86200002670288,13.807999982833863,15.088220956579356,-17.801271758545244
2022-03-30,11.050000190734863,11.449999809265137,11.050000190734863,11.199999809265137,1751120,9.865000038146972,13.798249983787537,12.012165717238865,-19.917379350872544
2022-03-31,10.649999618530273,11.25,10.550000190734863,11.199999809265137,1277180,9.866000022888183,13.790499982833863,7.946478753530162,-22.77292605933665
2022-04-01,10.550000190734863,10.949999809265137,10.399999618530273,10.600000381469727,1692940,9.861000022888184,13.779499983787536,6.987122667553525,-23.436988256848114
2022-04-04,10.649999618530273,10.899999618530273,10.300000190734863,10.600000381469727,1274900,9.892000007629395,13.771999983787536,7.662753844685155,-22.66918653015173
2022-04-05,10.100000381469727,10.850000381469727,10.050000190734863,10.850000381469727,1354180,9.907000007629394,13.76274998664856,1.9481212646785373,-26.613500998943664
2022-04-06,9.550000190734863,10.050000190734863,9.399999618530273,10.0,1587340,9.913000011444092,13.753249988555908,-3.661856353174242,-30.56186575041224
2022-04-07,9.5,9.75,9.149999618530273,9.449999809265137,911320,9.917000007629394,13.742499990463257,-4.204900749305085,-30.871384343513785
2022-04-08,9.25,9.600000381469727,9.149999618530273,9.25,879100,9.929000015258788,13.729749989509582,-6.838553874663189,-32.628052170887315
2022-04-11,8.949999809265137,9.25,8.800000190734863,9.0,1035180,9.921000003814697,13.71774998664856,-9.787321783854486,-34.75606555028236
2022-04-12,8.850000381469727,9.399999618530273,8.75,9.25,1139420,9.899000015258789,13.703499989509583,-10.597026287221789,-35.41795608242674
2022-04-13,9.300000190734863,9.5,8.800000190734863,8.899999618530273,871880,9.874000015258789,13.681249990463257,-5.813245124943234,-32.02375369781575
2022-04-14,8.75,9.350000381469727,8.75,9.25,839500,9.852000007629394,13.653499989509582,-11.185546150791769,-35.91386818967369
2022-04-18,8.649999618530273,8.949999809265137,8.399999618530273,8.75,1201400,9.838999996185303,13.619249987602235,-12.084565282203663,-36.48696054184724
2022-04-19,9.050000190734863,9.25,8.699999809265137,8.949999809265137,964240,9.82,13.587749986648559,-7.841138587221352,-33.3958882108703
2022-04-20,8.850000381469727,9.350000381469727,8.75,9.25,810520,9.78900001525879,13.559749989509582,-9.59239587624251,-34.73330711616014
2022-04-21,8.449999809265137,9.300000190734863,8.399999618530273,9.199999809265137,1122800,9.749000015258789,13.534249987602234,-13.324445624787185,-37.565806623894325
2022-04-22,8.050000190734863,8.600000381469727,7.949999809265137,8.5,1032220,9.687000026702881,13.512249989509582,-16.898934979410708,-40.42442822635321
2022-04-25,8.399999618530273,8.449999809265137,7.800000190734863,7.849999904632568,1331460,9.633000011444091,13.491749987602233,-12.799754920056072,-37.739732605116785
2022-04-26,7.849999904632568,8.350000381469727,7.800000190734863,8.350000381469727,1014380,9.582000017166138,13.467999985218048,-18.07555948059585,-41.713692357822815
2022-04-27,7.849999904632568,8.199999809265137,7.75,7.849999904632568,1372880,9.53900001525879,13.44774998664856,-17.70625964906657,-41.62592320331395
2022-04-28,8.0,8.199999809265137,7.550000190734863,7.900000095367432,1410200,9.478000011444092,13.42974998474121,-15.594007276424337,-40.43075999858862
2022-04-29,7.300000190734863,8.25,7.300000190734863,7.900000095367432,1596200,9.409000015258789,13.41149998664856,-22.41470741953143,-45.569099668179
2022-05-02,7.550000190734863,7.650000095367432,7.199999809265137,7.400000095367432,1775900,9.358000011444092,13.39524998664856,-19.32036566037817,-43.636735422928496
2022-05-03,7.550000190734863,7.75,7.449999809265137,7.550000190734863,807540,9.312000007629395,13.383499989509582,-18.92181932400033,-43.58725149136776
2022-05-04,8.0,8.0,7.199999809265137,7.550000190734863,1775720,9.285,13.368749990463257,-13.839526117393653,-40.15895273898542
2022-05-05,7.349999904632568,7.900000095367432,7.199999809265137,7.900000095367432,1265640,9.253000001907349,13.348249990940094,-20.566303867745695,-44.93660285339831
2022-05-06,7.0,7.300000190734863,6.800000190734863,7.150000095367432,1401460,9.200000009536744,13.32674998998642,-23.913043557132806,-47.474065280284194
2022-05-09,5.800000190734863,6.599999904632568,5.75,6.5,1695060,9.125000009536743,13.301249992847442,-36.438354140568194,-56.395074193374825
2022-05-10,5.949999809265137,6.5,5.800000190734863,6.099999904632568,1376640,9.040000009536744,13.267249991893769,-34.181418108537756,-55.15272710696972
2022-05-11,4.599999904632568,5.75,4.599999904632568,5.349999904632568,2494220,8.926000003814698,13.231749992370606,-48.465159055941406,-65.23513588690145
2022-05-12,4.25,4.650000095367432,3.9000000953674316,4.300000190734863,1905180,8.803000011444091,13.192999992370606,-51.72100426587632,-67.78594707452636
2022-05-13,4.650000095367432,4.849999904632568,4.400000095367432,4.699999809265137,1264660,8.708000020980835,13.156749994754792,-46.60082585939551,-64.65692441354248
2022-05-16,4.300000190734863,4.75,4.25,4.699999809265137,892760,8.616000032424926,13.113999993801118,-50.09284848476665,-67.21061314040385
2022-05-17,4.650000095367432,4.75,4.449999809265137,4.5,486020,8.544000034332276,13.070249996185304,-45.575841799129456,-64.42302100782629
2022-05-18,4.349999904632568,4.650000095367432,4.300000190734863,4.650000095367432,427560,8.459000024795532,13.024999997615815,-48.575483013576246,-66.60268786618946
2022-05-19,4.5,4.650000095367432,4.300000190734863,4.300000190734863,523980,8.362000017166137,12.977999999523163,-46.185123286748805,-65.32593619844862
2022-05-20,4.449999809265137,4.650000095367432,4.199999809265137,4.599999904632568,520700,8.267000017166138,12.92724999666214,-46.17152776067659,-65.57659354917602
2022-05-23,4.25,4.550000190734863,4.150000095367432,4.550000190734863,973280,8.180000009536743,12.872499997615813,-48.04400984052456,-66.98388035900435
2022-05-24,3.819999933242798,4.190000057220459,3.740000009536743,4.099999904632568,1929100,8.092400012016297,12.810599993467331,-52.79521615873497,-70.18094441173108
2022-05-25,3.690000057220459,3.9700000286102295,3.6600000858306885,3.799999952316284,1848000,7.992200016975403,12.751799994707108,-53.829983616739916,-71.06290830508581
2022-05-26,3.7799999713897705,3.859999895095825,3.549999952316284,3.6500000953674316,2489200,7.881800012588501,12.690449998378753,-52.0414122998236,-70.213822426528
2022-05-27,3.9800000190734863,4.019999980926514,3.7799999713897705,3.7899999618530273,2033400,7.767400016784668,12.632599997520447,-48.76020276446358,-68.49421322724784
2022-05-31,4.389999866485596,4.630000114440918,4.300000190734863,4.53000020980835,3571000,7.6522000217437744,12.57854999780655,-42.630879302535426,-65.09931695425048
2022-06-01,3.990000009536743,4.480000019073486,3.9700000286102295,4.480000019073486,2485600,7.539000029563904,12.524749997854233,-47.075208994692815,-68.14307662651696
2022-06-02,4.179999828338623,4.210000038146973,3.950000047683716,3.9600000381469727,2056600,7.418600029945374,12.4783999979496,-43.655139629229986,-66.50211702601725
2022-06-03,4.239999771118164,4.239999771118164,4.0,4.139999866485596,1646500,7.303400025367737,12.43009999871254,-41.944850940782565,-65.88925453892304
2022-06-06,4.139999866485596,4.460000038146973,4.050000190734863,4.400000095367432,1716700,7.169200015068054,12.377049998044967,-42.252973026498886,-66.5509966660914
2022-06-07,4.079999923706055,4.130000114440918,3.9100000858306885,4.010000228881836,2441700,7.038800005912781,12.321449998617172,-42.03557537820729,-66.88701472502059
2022-06-08,3.9100000858306885,4.170000076293945,3.869999885559082,4.039999961853027,1702300,6.8870000076293945,12.264499998092651,-43.22636733702332,-68.11936820548115
2022-06-09,3.569999933242798,3.9100000858306885,3.559999942779541,3.9000000953674316,1841100,6.731399998664856,12.204849997758865,-46.964971121150256,-70.74933379846253
2022-06-10,3.390000104904175,3.549999952316284,3.3299999237060547,3.4700000286102295,1805600,6.578199996948242,12.142799997329712,-48.46614413552547,-72.08222069333547
2022-06-13,2.9200000762939453,3.0999999046325684,2.869999885559082,2.940000057220459,3573300,6.4236000061035154,12.08289999961853,-54.542622929207184,-75.83361546991092
2022-06-14,3.0199999809265137,3.1500000953674316,2.819999933242798,2.930000066757202,2690500,6.273000001907349,12.019999997615814,-51.85716594917484,-74.87520814038656
2022-06-15,3.0999999046325684,3.190000057220459,2.930000066757202,3.0399999618530273,3509100,6.122000007629395,11.956249995231628,-49.36295490412825,-74.07213879043258
2022-06-16,2.890000104904175,3.0399999618530273,2.8299999237060547,3.0399999618530273,2118800,5.977800002098084,11.891199997663499,-51.65445307822536,-75.69631235306755
2022-06-17,2.940000057220459,3.0199999809265137,2.859999895095825,2.859999895095825,2104000,5.845599999427796,11.824149996042252,-49.70576061468036,-75.13563293594441
2022-06-21,3.0799999237060547,3.2799999713897705,3.0,3.0,2386200,5.717199997901917,11.755549999475479,-46.12747630244971,-73.79961019396386
2022-06-22,3.0,3.0999999046325684,2.950000047683716,3.009999990463257,1402900,5.592199997901917,11.68054999947548,-46.35384998523764,-74.3162779138421
2022-06-23,3.2300000190734863,3.240000009536743,2.9800000190734863,3.0999999046325684,1649400,5.477800002098084,11.613950003385543,-41.03472164306208,-72.18861784206132
2022-06-24,3.569999933242798,3.619999885559082,3.2899999618530273,3.309999942779541,2064000,5.372199993133545,11.552050004005432,-33.54677901407658,-69.09639473509053
2022-06-27,3.440000057220459,3.630000114440918,3.359999895095825,3.609999895095825,1520100,5.254999990463257,11.489250004291534,-34.53853352115412,-70.0589676790432
2022-06-28,3.1600000858306885,3.509999990463257,3.119999885559082,3.4700000286102295,1612000,5.143199992179871,11.430050004720687,-38.55964981654606,-72.35357601650398
2022-06-29,3.109999895095825,3.1500000953674316,3.0,3.109999895095825,1472600,5.032399997711182,11.369100003242492,-38.20046306910611,-72.6451531413318
2022-06-30,2.990000009536743,3.059999942779541,2.890000104904175,2.9800000190734863,1893300,4.9111999940872195,11.310300003290177,-39.118748714438055,-73.56391953646721
2022-07-01,3.109999895095825,3.119999885559082,2.950000047683716,3.0199999809265137,1043900,4.796399984359741,11.250350000858306,-35.15970508637697,-72.35641651274352
2022-07-05,3.369999885559082,3.4000000953674316,2.869999885559082,2.950000047683716,2417500,4.69479998588562,11.194700000286103,-28.218456682060967,-69.89646988777764
2022-07-06,3.2300000190734863,3.4000000953674316,3.180000066757202,3.3399999141693115,1210600,4.598399982452393,11.14085000038147,-29.758176074303112,-71.00759799330491
2022-07-07,3.640000104904175,3.6500000953674316,3.240000009536743,3.25,2227100,4.50319999217987,11.094300001859665,-19.168588754101613,-67.19035807311839
2022-07-08,3.619999885559082,3.740000009536743,3.390000104904175,3.5199999809265137,2724900,4.418599991798401,11.048650001287461,-18.073600410121838,-67.2358171800423
2022-07-11,3.259999990463257,3.5,3.259999990463257,3.4800000190734863,1356300,4.3267999935150145,10.994950001239777,-24.655634756648613,-70.35002441943199
2022-07-12,3.1500000953674316,3.299999952316284,3.119999885559082,3.2100000381469727,1237600,4.229799995422363,10.93670000076294,-25.52839144223199,-71.19789246164119
2022-07-13,3.2100000381469727,3.259999990463257,3.0199999809265137,3.0399999618530273,1323800,4.147999992370606,10.881500000953674,-22.61330655614492,-70.50039022317105
2022-07-14,3.240000009536743,3.2799999713897705,3.049999952316284,3.1500000953674316,1067400,4.061799988746643,10.826200000047685,-20.23240882088545,-70.07260156359136
2022-07-15,3.5299999713897705,3.5299999713897705,3.309999942779541,3.319999933242798,1465800,3.9813999843597414,10.777349998950958,-11.337720770161742,-67.24612291766184
2022-07-18,3.700000047683716,4.03000020980835,3.6600000858306885,3.75,3402600,3.8953999853134156,10.731849998235703,-5.016171339693076,-65.52318520765768
2022-07-19,4.010000228881836,4.03000020980835,3.7200000286102295,3.8299999237060547,2128500,3.828599991798401,10.685149997472763,4.738030545683269,-62.47127808378661
2022-07-20,4.320000171661377,4.389999866485596,4.110000133514404,4.150000095367432,3573500,3.7749999952316284,10.637250000238419,14.437090784587081,-59.387998105106576
2022-07-21,4.449999809265137,4.449999809265137,4.110000133514404,4.179999828338623,1820000,3.747999987602234,10.588750001192093,18.729984631403475,-57.974266945917584
2022-07-22,3.930000066757202,4.539999961853027,3.9000000953674316,4.539999961853027,2088300,3.7075999927520753,10.532400002479553,5.99849159671737,-62.68656653913642
2022-07-25,3.6600000858306885,3.940000057220459,3.5799999237060547,3.9100000858306885,1666800,3.6887999963760376,10.473950001001358,-0.7807392803524937,-65.05616233149122
2022-07-26,3.4100000858306885,3.5899999141693115,3.380000114440918,3.5299999713897705,1461500,3.671999998092651,10.417250001430512,-7.135073867049391,-67.26583229391228
2022-07-27,3.9100000858306885,3.950000047683716,3.490000009536743,3.5299999713897705,1787400,3.6571999979019165,10.363799999952317,6.912394402105426,-62.2725246931755
2022-07-28,4.159999847412109,4.210000038146973,3.7200000286102295,3.9100000858306885,2425100,3.6543999910354614,10.306849998235702,13.835372636189947,-59.638494320532395
2022-07-29,4.510000228881836,4.510000228881836,4.010000228881836,4.159999847412109,5722700,3.6515999937057497,10.257150000333786,23.507510040960344,-56.030669057827254
2022-08-01,4.550000190734863,4.610000133514404,4.050000190734863,4.400000095367432,1816000,3.6555999994277952,10.208149999380112,24.46657707208302,-55.4277690765598
2022-08-02,4.849999904632568,4.980000019073486,4.369999885559082,4.440000057220459,2118100,3.662599997520447,10.160149999856948,32.41959012493809,-52.264485222158584
2022-08-03,5.019999980926514,5.050000190734863,4.849999904632568,4.989999771118164,1482100,3.6740000009536744,10.10700000166893,36.63581871593502,-50.33145364502245
2022-08-04,4.920000076293945,5.260000228881836,4.869999885559082,4.949999809265137,1684000,3.6874000024795532,10.0478500020504,33.42734916161911,-51.03430012102138
2022-08-05,5.03000020980835,5.110000133514404,4.829999923706055,4.980000019073486,1450300,3.711600008010864,9.981999999284744,35.52107444099419,-49.60929462864384
2022-08-08,5.53000020980835,5.539999961853027,5.139999866485596,5.21999979019165,1978200,3.748400011062622,9.910399998426437,47.5296177965987,-44.20003016340009
2022-08-09,5.5,5.519999980926514,5.099999904632568,5.449999809265137,1434900,3.782800011634827,9.843900002241135,45.39494509579016,-44.127835525068015
2022-08-10,6.059999942779541,6.090000152587891,5.590000152587891,5.75,2296400,3.8244000101089477,9.78520000576973,58.456226512950636,-38.06973859291243
2022-08-11,6.309999942779541,6.75,6.190000057220459,6.489999771118164,2737400,3.8628000116348264,9.719250005483627,63.35300620725128,-35.07729568413795
2022-08-12,7.179999828338623,7.179999828338623,6.300000190734863,6.309999942779541,1850000,3.926600008010864,9.659650002717973,82.85539178144772,-25.670186535553984
2022-08-15,7.28000020980835,7.53000020980835,6.619999885559082,7.159999847412109,2252800,3.988600015640259,9.610550001859664,82.52018706467734,-24.249910687737408
2022-08-16,6.730000019073486,7.269999980926514,6.659999847412109,7.119999885559082,1660100,4.038400020599365,9.551949998140335,66.65015810084715,-29.543182068753005
2022-08-17,6.210000038146973,6.480000019073486,5.889999866485596,6.46999979019165,2435800,4.0798000240325925,9.494499994516373,52.21334382975047,-34.59371170958334
2022-08-18,6.320000171661377,6.460000038146973,6.199999809265137,6.340000152587891,1356600,4.124600028991699,9.43109999537468,53.22698267076254,-32.98766660558247
2022-08-19,5.320000171661377,5.679999828338623,5.170000076293945,5.610000133514404,2205100,4.152800030708313,9.348700000047684,28.106341078840313,-43.093690335188406
2022-08-22,4.929999828338623,5.079999923706055,4.889999866485596,5.0,1335300,4.1800000286102295,9.264599999189377,17.94257881806174,-46.7866952834447
2022-08-23,5.460000038146973,5.539999961853027,5.019999980926514,5.079999923706055,1591100,4.221400027275085,9.18165000319481,29.34097699505167,-40.53356383387372
2022-08-24,5.099999904632568,5.5,5.0,5.449999809265137,1680500,4.265000023841858,9.096650000810623,19.5779572361773,-43.935405845249676
2022-08-25,4.889999866485596,5.190000057220459,4.849999904632568,5.099999904632568,1952100,4.30240002155304,8.999600003957749,13.657489819378753,-45.6642532519765
2022-08-26,4.329999923706055,4.880000114440918,4.309999942779541,4.880000114440918,1929400,4.327000021934509,8.910249999761582,0.06932983028282713,-51.40428244076299
2022-08-29,4.760000228881836,4.800000190734863,4.119999885559082,4.119999885559082,1430400,4.364400024414063,8.83205000281334,9.064251724287908,-46.10537499939882
2022-08-30,4.889999866485596,5.139999866485596,4.570000171661377,4.909999847412109,1869400,4.403400020599365,8.75225000023842,11.05054829472425,-44.12865415918892
2022-08-31,5.090000152587891,5.170000076293945,4.840000152587891,4.900000095367432,1110100,4.443600025177002,8.669699999094009,14.546766670007404,-41.28977758031074
2022-09-01,4.849999904632568,4.96999979019165,4.71999979019165,4.949999809265137,841300,4.480600023269654,8.588449996709823,8.244428858734643,-43.52881012882918
2022-09-02,4.789999961853027,5.03000020980835,4.75,4.900000095367432,968800,4.511800022125244,8.511649998426437,6.166052093699403,-43.72419022470893
2022-09-06,4.260000228881836,4.809999942779541,4.25,4.739999771118164,1456500,4.525600028038025,8.431949995756149,-5.868830597284003,-49.47787604260082
2022-09-07,4.320000171661377,4.340000152587891,4.03000020980835,4.159999847412109,988000,4.543200030326843,8.355299998521804,-4.912833623339463,-48.29628891331659
2022-09-08,4.619999885559082,4.639999866485596,4.25,4.289999961853027,1068600,4.572400026321411,8.2733999979496,1.0410256968694354,-44.15838848956827
2022-09-09,5.110000133514404,5.139999866485596,4.909999847412109,4.909999847412109,1328700,4.612400031089782,8.201699994802475,10.788311921571392,-37.695841877261074
2022-09-12,5.119999885559082,5.289999961853027,5.050000190734863,5.21999979019165,1273000,4.655000028610229,8.126299990415573,9.989255726979685,-36.99469756718582
2022-09-13,4.550000190734863,4.809999942779541,4.539999961853027,4.659999847412109,1394000,4.68380003452301,8.050049995183945,-2.856651496689544,-43.4786095309102
2022-09-14,4.539999961853027,4.639999866485596,4.460000038146973,4.539999961853027,460700,4.7072000360488895,7.979999998807907,-3.552006987495815,-43.10776989309228
2022-09-15,4.5,4.590000152587891,4.329999923706055,4.46999979019165,1283400,4.73260003566742,7.906249998807907,-4.914846678663332,-43.08300394398731
2022-09-16,4.230000019073486,4.369999885559082,4.210000038146973,4.320000171661377,1289000,4.7444000339508055,7.8331499969959255,-10.842256369536418,-45.99873587642615
2022-09-19,4.269999980926514,4.309999942779541,3.990000009536743,4.059999942779541,1001900,4.757400035858154,7.765500000715256,-10.245092934332611,-45.013199658319266
2022-09-20,4.130000114440918,4.289999961853027,4.050000190734863,4.130000114440918,656500,4.774800038337707,7.700400003194809,-13.504228841408594,-46.36642105958876
2022-09-21,4.179999828338623,4.400000095367432,4.150000095367432,4.190000057220459,929300,4.795400032997131,7.6435500013828275,-12.83313593076576,-45.31337104378984
2022-09-22,3.9700000286102295,4.199999809265137,3.9100000858306885,4.199999809265137,819600,4.810600032806397,7.587650003433228,-17.473911746218896,-47.67813451050193
2022-09-23,3.75,3.940000057220459,3.680000066757202,3.869999885559082,970200,4.8208000326156615,7.525650005340577,-22.212081508692417,-50.17041720862898
2022-09-26,3.609999895095825,3.9100000858306885,3.5899999141693115,3.700000047683716,926000,4.822400031089782,7.4609500086307525,-25.141011284374404,-51.61474221218727
2022-09-27,3.7200000286102295,3.880000114440918,3.6500000953674316,3.859999895095825,1037700,4.822800030708313,7.406300010681153,-22.866384570710018,-49.77249067354344
2022-09-28,4.03000020980835,4.050000190734863,3.6500000953674316,3.690000057220459,1088500,4.823200030326843,7.354450013637543,-16.445509527514712,-45.203241543073666
2022-09-29,3.890000104904175,3.9600000381469727,3.759999990463257,3.9000000953674316,463800,4.814600028991699,7.304900013208389,-19.20408587462995,-46.74807187134042
2022-09-30,3.759999990463257,4.090000152587891,3.759999990463257,3.8299999237060547,820700,4.800800032615662,7.2557000112533565,-21.679720777400025,-48.17867353071904
2022-10-03,3.869999885559082,3.9100000858306885,3.690000057220459,3.799999952316284,681200,4.7996000289917,7.204300012588501,-19.368283561493104,-46.28208321701204
2022-10-04,4.03000020980835,4.099999904632568,3.9600000381469727,3.9600000381469727,673500,4.807000031471253,7.158700015544891,-16.163923789804734,-43.704859806147326
2022-10-05,4.070000171661377,4.110000133514404,3.8499999046325684,3.9100000858306885,558800,4.8202000331878665,7.1143000173568725,-15.56366657734618,-42.791277262250226
2022-10-06,4.0,4.239999771118164,3.9700000286102295,4.010000228881836,504400,4.822000031471252,7.071800017356873,-17.046869060688287,-43.437314542514116
2022-10-07,3.759999990463257,3.9700000286102295,3.7200000286102295,3.930000066757202,579500,4.814000034332276,7.020350016355515,-21.89447520465615,-46.44141699910297
2022-10-10,3.490000009536743,3.75,3.450000047683716,3.700000047683716,623300,4.793600029945374,6.966550016403199,-27.194593046251427,-49.90346726400716
2022-10-11,3.390000104904175,3.559999942779541,3.2899999618530273,3.509999990463257,491000,4.77040002822876,6.907000015974045,-28.936775011657147,-50.91935576858244
2022-10-12,3.309999942779541,3.4100000858306885,3.2300000190734863,3.359999895095825,554500,4.739600028991699,6.846550017595291,-30.162884578180126,-51.65448387475434
2022-10-13,3.380000114440918,3.440000057220459,3.0199999809265137,3.119999885559082,890600,4.706800031661987,6.79370001912117,-28.18900119605403,-50.24802236001358
2022-10-14,3.200000047683716,3.549999952316284,3.180000066757202,3.4800000190734863,487600,4.672400031089783,6.743200018405914,-31.51271238782709,-52.54478528073986
2022-10-17,3.309999942779541,3.4200000762939453,3.25,3.299999952316284,601100,4.638000025749206,6.693750019073486,-28.633033109031615,-50.550888017212
2022-10-18,3.200000047683716,3.4700000286102295,3.1700000762939453,3.380000114440918,561200,4.591400022506714,6.643750020265579,-30.304481596080823,-51.834430285265334
2022-10-19,3.140000104904175,3.25,3.109999895095825,3.2100000381469727,361800,4.544200024604797,6.592950019836426,-30.90092672192052,-52.373367074575825
2022-10-20,3.0299999713897705,3.2200000286102295,3.0,3.119999885559082,513000,4.483600025177002,6.540100017786026,-32.420377500775096,-53.670433737258115
2022-10-21,3.119999885559082,3.1500000953674316,2.9600000381469727,3.0399999618530273,783000,4.419800024032593,6.494700018167496,-29.408573496671075,-51.96083149596489
2022-10-24,3.130000114440918,3.180000066757202,2.9700000286102295,3.1500000953674316,653000,4.338800029754639,6.450350018739701,-27.86023571088799,-51.47549969617816
2022-10-25,3.509999990463257,3.559999942779541,3.119999885559082,3.119999885559082,1142400,4.263400025367737,6.410650019645691,-17.671342834865612,-45.24736212854044
2022-10-26,3.359999895095825,3.759999990463257,3.359999895095825,3.549999952316284,1423200,4.1960000228881835,6.36995001912117,-19.923739829174835,-47.2523350260229
2022-10-27,3.309999942779541,3.490000009536743,3.309999942779541,3.390000104904175,987500,4.138000020980835,6.326250017881393,-20.009668293936645,-47.67832549419171
2022-10-28,3.380000114440918,3.4100000858306885,3.259999990463257,3.2699999809265137,1101300,4.079200019836426,6.279900020360946,-17.140613404476934,-46.1774852548266
2022-10-31,3.0899999141693115,3.359999895095825,3.0899999141693115,3.3499999046325684,4526200,4.034600014686585,6.237850019931793,-23.41248443659294,-50.46370296983994
2022-11-01,3.0799999237060547,3.2100000381469727,3.049999952316284,3.1700000762939453,1139300,3.997600016593933,6.192750017642975,-22.95377449166861,-50.264423480178934
2022-11-02,2.950000047683716,3.1500000953674316,2.940000057220459,3.0799999237060547,1451600,3.947400016784668,6.153000019788742,-25.267263638342353,-52.05590706653367
2022-11-03,2.809999942779541,3.0,2.799999952316284,2.930000066757202,1354600,3.9016000175476075,6.114050017595291,-27.97826711755562,-54.04028533144487
2022-11-04,2.859999895095825,3.0,2.799999952316284,2.9800000190734863,1385700,3.861000018119812,6.074350016117096,-25.92592899057905,-52.91677483998492
2022-11-07,2.7200000286102295,2.890000104904175,2.700000047683716,2.890000104904175,1833000,3.8288000202178956,6.042450014352799,-28.959464734451313,-54.98514638682425
2022-11-08,2.559999942779541,2.680000066757202,2.4700000286102295,2.680000066757202,2874500,3.7848000144958496,6.008500012159348,-32.361024810433925,-57.39369330783237
2022-11-09,2.2899999618530273,2.5199999809265137,2.2699999809265137,2.4700000286102295,2613400,3.732800016403198,5.973700011968613,-38.65195157013541,-61.66530027847238
2022-11-10,2.440000057220459,2.490000009536743,2.299999952316284,2.490000009536743,2102500,3.6798000144958496,5.939400011301041,-33.69204718711457,-58.918408381691556
2022-11-11,2.630000114440918,2.6600000858306885,2.3399999141693115,2.3499999046325684,2330800,3.6354000186920166,5.9093000137805936,-27.655826018640784,-55.493880691321976
2022-11-14,2.4700000286102295,2.630000114440918,2.4700000286102295,2.5999999046325684,1204200,3.589000020027161,5.874900012016297,-31.178600868563468,-57.95673077740582
2022-11-15,2.549999952316284,2.6500000953674316,2.490000009536743,2.559999942779541,1496500,3.5548000144958496,5.837900012731552,-28.26600816029502,-56.31991046857379
2022-11-16,2.3499999046325684,2.490000009536743,2.3299999237060547,2.490000009536743,1291700,3.5154000091552735,5.796900011301041,-33.151280124242334,-59.46109299709759
2022-11-17,2.359999895095825,2.390000104904175,2.25,2.299999952316284,1307400,3.470200009346008,5.759450008869171,-31.992395575476085,-59.02386701053779
2022-11-18,2.240000009536743,2.3499999046325684,2.2200000286102295,2.3499999046325684,1306400,3.4128000068664552,5.72415000796318,-34.364744343942576,-60.86755227552465
2022-11-21,2.0,2.180000066757202,2.0,2.180000066757202,1543800,3.3504000091552735,5.68415000796318,-40.30563531116233,-64.81444020305392
2022-11-22,2.119999885559082,2.119999885559082,1.9800000190734863,2.049999952316284,1103800,3.301800003051758,5.642750009298324,-35.7926015022222,-62.42966847608575
2022-11-23,2.140000104904175,2.190000057220459,2.069999933242798,2.1500000953674316,1288500,3.253800005912781,5.60120001077652,-34.230742485236256,-61.79389950748255
2022-11-25,2.130000114440918,2.180000066757202,2.0799999237060547,2.180000066757202,511900,3.2064000082015993,5.556100013256073,-33.57035588221604,-61.66375498354895
2022-11-28,2.0199999809265137,2.130000114440918,1.9900000095367432,2.0999999046325684,1332400,3.16220000743866,5.510700011253357,-36.12042324411077,-63.34404019813296
2022-11-29,2.009999990463257,2.059999942779541,1.9900000095367432,2.0299999713897705,1085500,3.1170000076293944,5.468750013113022,-35.51491865436523,-63.245714548230225
2022-11-30,2.109999895095825,2.140000104904175,2.009999990463257,2.069999933242798,1431900,3.0766000032424925,5.429300012588501,-31.417802350905134,-61.13679682088795
2022-12-01,2.2100000381469727,2.2300000190734863,2.109999895095825,2.140000104904175,1120100,3.03720000743866,5.385100011825561,-27.235610669884192,-58.96083576360957
2022-12-02,2.2200000286102295,2.2300000190734863,2.130000114440918,2.1600000858306885,946500,3.0022000074386597,5.342450011968612,-26.05422613051579,-58.446030872786906
2022-12-05,2.0399999618530273,2.2799999713897705,2.0299999713897705,2.2300000190734863,624400,2.9680000066757204,5.302150009870529,-31.26684780105814,-61.525042519443154
2022-12-06,1.9299999475479126,2.049999952316284,1.9199999570846558,2.049999952316284,1060600,2.934400007724762,5.26255000770092,-34.22846433794922,-63.325765176128314
2022-12-07,1.8600000143051147,1.940000057220459,1.840000033378601,1.899999976158142,666300,2.8972000074386597,5.225100005865097,-35.800082509681715,-64.40259493182346
2022-12-08,1.909999966621399,1.9500000476837158,1.8600000143051147,1.8700000047683716,595600,2.8548000025749207,5.189900006651879,-33.095139242726226,-63.19775016525641
2022-12-09,1.9199999570846558,1.9700000286102295,1.8799999952316284,1.909999966621399,420200,2.8153999996185304,5.15125000834465,-31.80365286123449,-62.7274942203466
2022-12-12,1.899999976158142,1.9700000286102295,1.8899999856948853,1.909999966621399,546100,2.778199999332428,5.113000007271767,-31.61039606166971,-62.8398205856456
2022-12-13,1.9500000476837158,2.140000104904175,1.940000057220459,2.059999942779541,1011600,2.7398000025749205,5.07175000846386,-28.82691999959611,-61.55173176064459
2022-12-14,1.9900000095367432,2.0299999713897705,1.9199999570846558,1.9299999475479126,893600,2.6989999985694886,5.030200007557869,-26.268988121842398,-60.43894861940339
2022-12-15,1.8600000143051147,1.940000057220459,1.8600000143051147,1.899999976158142,494100,2.6547999954223633,4.987500009536743,-29.938224442056338,-62.70676670178336
2022-12-16,1.8899999856948853,1.9199999570846558,1.7699999809265137,1.840000033378601,1733600,2.612599995136261,4.949950011372566,-27.65827186659273,-61.81779651607413
2022-12-19,1.7599999904632568,1.8300000429153442,1.7400000095367432,1.8200000524520874,1026000,2.572599995136261,4.914250013232231,-31.586721845965158,-64.18578652440887
2022-12-20,1.7699999809265137,1.840000033378601,1.7400000095367432,1.7599999904632568,625900,2.5381999945640565,4.881850013136864,-30.265543112550652,-63.74325355831265
2022-12-21,1.7300000190734863,1.7799999713897705,1.7300000190734863,1.7799999713897705,595200,2.5049999928474427,4.8475000113248825,-30.93812279388516,-64.31150046350065
2022-12-22,1.6100000143051147,1.7200000286102295,1.5700000524520874,1.7100000381469727,1092800,2.470999994277954,4.808800009489059,-34.84419190476083,-66.51971362651491
2022-12-23,1.590000033378601,1.659999966621399,1.5800000429153442,1.6200000047683716,582000,2.435199992656708,4.770750010609627,-34.707619983031734,-66.67190630733921
2022-12-27,1.5,1.590000033378601,1.4900000095367432,1.559999942779541,946200,2.4011999917030336,4.735250008702278,-37.53123416695766,-68.32268629442264
2022-12-28,1.4299999475479126,1.5700000524520874,1.4199999570846558,1.5,583300,2.363599991798401,4.701400009393692,-39.499071225674555,-69.5835294871595
2022-12-29,1.440000057220459,1.5,1.399999976158142,1.409999966621399,804700,2.328399991989136,4.665100010633469,-38.154953522814736,-69.13249332408368
2022-12-30,1.440000057220459,1.440000057220459,1.3600000143051147,1.399999976158142,909400,2.2943999910354616,4.6258000099658965,-37.23849098471328,-68.87024830044317
2023-01-03,1.5299999713897705,1.5499999523162842,1.440000057220459,1.4900000095367432,589400,2.2643999910354613,4.58495001077652,-32.43243342841852,-66.62995304651871
2023-01-04,1.7999999523162842,1.809999942779541,1.5399999618530273,1.5499999523162842,1038400,2.2379999923706055,4.54320001244545,-19.571047432862986,-60.380349811026576
2023-01-05,1.7799999713897705,1.7899999618530273,1.690000057220459,1.7899999618530273,397700,2.2109999895095824,4.503850014209747,-19.493442793521275,-60.47825825074479
2023-01-06,1.8200000524520874,1.8200000524520874,1.7000000476837158,1.7699999809265137,364100,2.1771999907493593,4.461950015425682,-16.40639076864634,-59.21065798227113
2023-01-09,2.109999895095825,2.25,1.940000057220459,1.9500000476837158,1426300,2.152199990749359,4.4225000149011615,-1.9607887666071577,-52.289431588775656
2023-01-10,2.2200000286102295,2.2300000190734863,2.0999999046325684,2.1500000953674316,1002900,2.130399992465973,4.379350013136864,4.205784663026724,-49.30754513909985
2023-01-11,2.309999942779541,2.3299999237060547,2.1600000858306885,2.2300000190734863,1213700,2.1089999890327453,4.337900010943413,9.530581071220423,-46.748428111482475
2023-01-12,3.180000066757202,3.2100000381469727,2.3399999141693115,2.549999952316284,5015000,2.110799992084503,4.296300011277199,50.65378428473555,-25.98282106905623
2023-01-13,3.130000114440918,3.5999999046325684,2.9200000762939453,3.009999990463257,4181400,2.1117999958992004,4.255200009942055,48.21479877445354,-26.442937884756656
2023-01-17,3.319999933242798,3.5999999046325684,3.180000066757202,3.4700000286102295,3018000,2.119199993610382,4.216550008654594,56.662888979471404,-21.262645375285494
2023-01-18,2.8299999237060547,3.450000047683716,2.8299999237060547,3.369999885559082,2284300,2.1195999932289125,4.177450010180474,33.51575451719775,-32.255325214919964
2023-01-19,2.890000104904175,2.950000047683716,2.630000114440918,2.740000009536743,1348100,2.1201999974250794,4.13915000975132,36.307900594943646,-30.17889909532885
2023-01-20,3.140000104904175,3.140000104904175,2.880000114440918,2.940000057220459,1388100,2.1285999989509583,4.101600012183189,47.514803460098975,-23.444507129479362
2023-01-23,3.440000057220459,3.5299999713897705,3.2100000381469727,3.299999952316284,2480800,2.1462000012397766,4.068300010561943,60.28329397229075,-15.443795976459928
2023-01-24,3.3299999237060547,3.4700000286102295,3.2699999809265137,3.369999885559082,1370400,2.167000000476837,4.037200009226799,53.66866280449034,-17.51709313148909
2023-01-25,3.319999933242798,3.359999895095825,3.0399999618530273,3.190000057220459,1006400,2.184599997997284,4.006300008893013,51.972898301125305,-17.1305212821505
2023-01-26,3.390000104904175,3.569999933242798,3.3299999237060547,3.440000057220459,1015700,2.199799997806549,3.9770000094175337,54.104923551431526,-14.759866812254053
2023-01-27,3.4100000858306885,3.4800000190734863,3.3399999141693115,3.359999895095825,1050600,2.218599998950958,3.9493000108003615,53.70053580830576,-13.655582596784765
2023-01-30,3.2200000286102295,3.5299999713897705,3.1700000762939453,3.359999895095825,1181200,2.232000000476837,3.9211500090360643,44.265234225910376,-17.881233281309694
2023-01-31,3.4600000381469727,3.4600000381469727,3.2899999618530273,3.359999895095825,1099200,2.254200003147125,3.891950008273125,53.49126223566722,-11.098548779094164
2023-02-01,3.7200000286102295,3.740000009536743,3.3299999237060547,3.440000057220459,1356200,2.2814000058174133,3.8668000084161758,63.05777238206738,-3.796420282570412
2023-02-02,4.130000114440918,4.289999961853027,3.880000114440918,3.9000000953674316,2723500,2.3192000079154966,3.844200010895729,78.07865213630167,7.434579437467814
2023-02-03,3.759999990463257,4.110000133514404,3.7100000381469727,3.940000057220459,1623100,2.3544000077247618,3.817750009894371,59.700984460021076,-1.512671580942826
2023-02-06,3.5899999141693115,3.809999942779541,3.549999952316284,3.609999895095825,1350500,2.3838000082969666,3.7914500075578688,50.59987841572657,-5.313273100976856
2023-02-07,3.5999999046325684,3.6700000762939453,3.4100000858306885,3.630000114440918,1185300,2.4130000042915345,3.767200008034706,49.19187311354942,-4.438312355211627
2023-02-08,3.569999933242798,3.7100000381469727,3.509999990463257,3.6500000953674316,677200,2.441800000667572,3.744800006747246,46.20361750621604,-4.6678079787839
2023-02-09,3.0899999141693115,3.630000114440918,3.0799999237060547,3.630000114440918,1304300,2.463199999332428,3.718250008225441,25.44657011232372,-16.89639192271436
2023-02-10,2.9600000381469727,3.069999933242798,2.880000114440918,3.009999990463257,882600,2.4822000002861024,3.693800008893013,19.24905478228178,-19.86572009798525
2023-02-13,3.0199999809265137,3.0299999713897705,2.859999895095825,2.9800000190734863,373100,2.500400002002716,3.669650009274483,20.7806742324276,-17.70332393296574
2023-02-14,3.2799999713897705,3.380000114440918,2.950000047683716,3.0199999809265137,1402300,2.521800000667572,3.6460500091314314,30.065824828356224,-10.039632940439613
2023-02-15,3.5299999713897705,3.549999952316284,3.200000047683716,3.299999952316284,1647700,2.547999999523163,3.627200008034706,38.540030300250436,-2.6797539818489535
2023-02-16,3.2899999618530273,3.700000047683716,3.2799999713897705,3.509999990463257,2766700,2.5729999995231627,3.605900006890297,27.8663024664882,-8.760643512954747
2023-02-17,3.369999885559082,3.380000114440918,3.200000047683716,3.299999952316284,1229800,2.6017999982833864,3.585000005364418,29.525708654875004,-5.9972139325975
2023-02-21,3.049999952316284,3.369999885559082,3.009999990463257,3.2300000190734863,1390300,2.6255999970436097,3.5602500051259995,16.16392275101093,-14.33186018046666
2023-02-22,2.9100000858306885,3.109999895095825,2.9000000953674316,3.049999952316284,1513200,2.6455999994277954,3.53805000603199,9.993955490628936,-17.751301398525875
2023-02-23,2.8399999141693115,3.0399999618530273,2.809999942779541,2.9700000286102295,1372200,2.6639999985694884,3.5172500056028366,6.606603441979408,-19.255102433852954
2023-02-24,2.6700000762939453,2.799999952316284,2.569999933242798,2.7899999618530273,1334400,2.6794000005722047,3.501600005030632,-0.35082198537926823,-23.749141179516652
2023-02-27,2.7699999809265137,2.869999885559082,2.7300000190734863,2.7799999713897705,666100,2.6957999992370607,3.4857000058889387,2.752429027021752,-20.532461880060847
2023-02-28,2.8499999046325684,2.9000000953674316,2.7300000190734863,2.7699999809265137,611600,2.712999997138977,3.476950005888939,5.049757008406419,-18.03161104400409
2023-03-01,2.809999942779541,2.930000066757202,2.7799999713897705,2.869999885559082,486000,2.7319999957084655,3.4697500056028368,2.855049311625213,-19.01433998870101
2023-03-02,2.809999942779541,2.819999933242798,2.6700000762939453,2.7799999713897705,589900,2.7503999948501585,3.460550004839897,2.166955644305446,-18.79903660257768
2023-03-03,2.75,2.759999990463257,2.559999942779541,2.700000047683716,1434300,2.7701999950408935,3.4528000038862228,-0.7291890505037424,-20.354494992330906
2023-03-06,2.7799999713897705,2.890000104904175,2.7100000381469727,2.7200000286102295,960300,2.7903999948501585,3.4434500032663347,-0.37270726345978167,-19.267015093793695
2023-03-07,2.609999895095825,2.7699999809265137,2.609999895095825,2.7699999809265137,559200,2.8079999923706054,3.434750003218651,-7.0512855346421155,-24.01193994759343
2023-03-08,2.6600000858306885,2.680000066757202,2.559999942779541,2.5799999237060547,682200,2.828999993801117,3.425550003647804,-5.97383910713114,-22.348233626772217
2023-03-09,2.380000114440918,2.690000057220459,2.3499999046325684,2.640000104904175,996500,2.8447999954223633,3.4152000051736833,-16.338578519733062,-30.311545126626317
2023-03-10,2.3499999046325684,2.440000057220459,2.200000047683716,2.309999942779541,1962700,2.8617999935150147,3.405700004696846,-17.883852471948124,-30.99803560526023
2023-03-13,2.7100000381469727,2.7200000286102295,2.359999895095825,2.490000009536743,1888900,2.8873999953269958,3.400150005221367,-6.1439342476667385,-20.297632928387877
2023-03-14,2.8399999141693115,3.069999933242798,2.7899999618530273,3.009999990463257,1964400,2.915399992465973,3.395900004506111,-2.5862687278422003,-16.36974261901589
2023-03-15,2.799999952316284,2.8399999141693115,2.6600000858306885,2.7699999809265137,996900,2.9425999903678894,3.391000004410744,-4.846055818608807,-17.428488685512644
2023-03-16,2.890000104904175,2.940000057220459,2.75,2.809999942779541,695800,2.9697999930381775,3.385550004839897,-2.6870458724853608,-14.63720515801854
2023-03-17,3.049999952316284,3.200000047683716,2.9600000381469727,2.990000009536743,2488400,2.9947999930381775,3.3788500052690504,1.8431935156413282,-9.732602880860364
2023-03-20,3.0,3.2799999713897705,2.859999895095825,3.2799999713897705,2466800,3.019199993610382,3.373900005221367,-0.6359298374077671,-11.082130609761053
2023-03-21,3.2899999618530273,3.299999952316284,2.9700000286102295,2.9700000286102295,1555100,3.048599991798401,3.3694500058889387,7.918387807651395,-2.3579528972696773
2023-03-22,3.0199999809265137,3.4100000858306885,3.0199999809265137,3.2899999618530273,1478200,3.0667999935150148,3.3633500069379805,-1.5260210215032988,-10.208572563164642
2023-03-23,3.2100000381469727,3.359999895095825,3.069999933242798,3.069999933242798,1773900,3.0865999937057493,3.3587000077962874,3.9979279690553593,-4.427307270793735
2023-03-24,3.119999885559082,3.2100000381469727,3.059999942779541,3.140000104904175,688700,3.1027999925613403,3.3539000076055525,0.5543345700327773,-6.9739742245165655
2023-03-27,2.9100000858306885,3.130000114440918,2.890000104904175,3.130000114440918,883900,3.09739999294281,3.3489000076055526,-6.050232696425972,-13.105793567383206
2023-03-28,2.9100000858306885,2.940000057220459,2.819999933242798,2.9000000953674316,793400,3.0929999923706055,3.3456000083684923,-5.916582831921002,-13.02008373530067
2023-03-29,3.1500000953674316,3.190000057220459,3.0399999618530273,3.0399999618530273,1135300,3.089599995613098,3.3444000083208083,1.954948855518368,-5.812699212705208
2023-03-30,3.200000047683716,3.2300000190734863,3.130000114440918,3.190000057220459,570400,3.0969999980926515,3.3458000081777572,3.325800763787501,-4.357701002381464
2023-03-31,3.2899999618530273,3.3299999237060547,3.1500000953674316,3.200000047683716,1068800,3.1049999952316285,3.34715000808239,5.958130979243315,-1.7074241098057108
2023-04-03,3.359999895095825,3.4000000953674316,3.2200000286102295,3.259999990463257,724400,3.1093999910354615,3.348450008034706,8.059429625743043,0.3449323428274198
2023-04-04,3.299999952316284,3.4000000953674316,3.2300000190734863,3.4000000953674316,486200,3.106599988937378,3.3505000072717666,6.225454325230317,-1.5072393626586966
2023-04-05,3.1600000858306885,3.319999933242798,3.0999999046325684,3.299999952316284,579700,3.1031999921798707,3.351600007414818,1.830371674205833,-5.71667028166395
2023-04-06,3.2300000190734863,3.25,3.0299999713897705,3.130000114440918,773800,3.1013999938964845,3.352350007891655,4.146515297287845,-3.6496782415364915
2023-04-10,3.509999990463257,3.5299999713897705,3.0999999046325684,3.1600000858306885,1625200,3.103799991607666,3.3549000078439715,13.087183451057127,4.623088087771676
2023-04-11,3.7799999713897705,3.859999895095825,3.569999933242798,3.569999933242798,2212700,3.111199989318848,3.3576500076055527,21.496528168134475,12.57873699842258
2023-04-12,3.5799999237060547,3.8299999237060547,3.569999933242798,3.75,1292900,3.118399987220764,3.357700007557869,14.802460825324925,6.620600877023253
2023-04-13,4.010000228881836,4.110000133514404,3.630000114440918,3.6500000953674316,2634600,3.1293999910354615,3.3605500084161757,28.139587153095125,19.325712125669135
2023-04-14,4.050000190734863,4.199999809265137,3.859999895095825,4.130000114440918,1880700,3.135999994277954,3.365000008940697,29.145414481014775,20.35661753266398
2023-04-17,3.8499999046325684,3.890000104904175,3.619999885559082,3.7899999618530273,1580800,3.130399990081787,3.3687000089883803,22.987474981814728,14.287407437883504
2023-04-18,3.950000047683716,4.099999904632568,3.9200000762939453,3.950000047683716,760100,3.1341999912261964,3.373500009179115,26.028972584431443,17.08907772153474
2023-04-19,3.619999885559082,3.759999990463257,3.619999885559082,3.690000057220459,1430500,3.134799990653992,3.3760500091314314,15.47785812018796,7.225896410533705
2023-04-20,3.3399999141693115,3.640000104904175,3.3299999237060547,3.5999999046325684,1294300,3.1295999908447265,3.3759000092744826,6.722901455140762,-1.0634229392619488
2023-04-21,3.2300000190734863,3.369999885559082,3.190000057220459,3.3399999141693115,838700,3.1227999925613403,3.3759000092744826,3.43281756012237,-4.32181017803166
2023-04-24,3.1500000953674316,3.299999952316284,3.130000114440918,3.259999990463257,842300,3.1239999961853027,3.373450009226799,0.8322695010844372,-6.623780202706564
2023-04-25,3.140000104904175,3.2100000381469727,2.990000009536743,3.109999895095825,1346900,3.1275999975204467,3.3710500103235246,0.3964735705831668,-6.853944756434382
2023-04-26,3.3299999237060547,3.450000047683716,3.2899999618530273,3.369999885559082,1487900,3.1337999963760375,3.3714000099897383,6.260767360932573,-1.2279790639203814
2023-04-27,3.390000104904175,3.4200000762939453,3.2699999809265137,3.3399999141693115,1134600,3.1359999990463256,3.3726000100374223,8.099493173950645,0.5159252450621654
2023-04-28,3.240000009536743,3.450000047683716,3.2100000381469727,3.359999895095825,2847100,3.1301999998092653,3.372750009894371,3.507763393207086,-3.9359573039267515
2023-05-01,3.049999952316284,3.2300000190734863,3.009999990463257,3.2200000286102295,1156700,3.1253999996185304,3.3718000096082688,-2.4124927148988617,-9.543865483569148
2023-05-02,3.130000114440918,3.180000066757202,2.950000047683716,3.049999952316284,1102200,3.120600004196167,3.3698000103235244,0.3012276559671623,-7.11614621484864
2023-05-03,3.0199999809265137,3.130000114440918,3.009999990463257,3.0899999141693115,743400,3.1200000047683716,3.3664000099897384,-3.2051289643918457,-10.289924787169923
2023-05-04,3.0299999713897705,3.130000114440918,3.009999990463257,3.0399999618530273,655700,3.1224000024795533,3.361500008702278,-2.9592630994237257,-9.861669982279263
2023-05-05,3.190000057220459,3.200000047683716,3.0399999618530273,3.069999933242798,767400,3.1294000053405764,3.3558500081300737,1.9364750999061764,-4.942114531573738
2023-05-08,3.069999933242798,3.109999895095825,3.0299999713897705,3.069999933242798,748600,3.1374000024795534,3.348950008749962,-2.1482778473732367,-8.329478635940756
2023-05-09,3.109999895095825,3.119999885559082,3.009999990463257,3.049999952316284,551000,3.1442000007629396,3.344850007891655,-1.08772042677997,-7.021244965894957
2023-05-10,3.140000104904175,3.2899999618530273,3.109999895095825,3.130000114440918,1108500,3.1500000047683714,3.3422500079870225,-0.317457138065369,-6.051309824206097
2023-05-11,2.9200000762939453,3.140000104904175,2.869999885559082,3.140000104904175,1327700,3.1522000074386596,3.339800007939339,-7.366281663497287,-12.569612870454794
2023-05-12,2.869999885559082,2.890000104904175,2.7699999809265137,2.869999885559082,971200,3.1534000062942504,3.334600006937981,-8.987128818719349,-13.93270918287801
2023-05-15,3.109999895095825,3.109999895095825,2.880000114440918,2.9000000953674316,918600,3.160600004196167,3.3293500071763993,-1.6009652924496187,-6.588376458100409
2023-05-16,2.9800000190734863,3.140000104904175,2.9700000286102295,3.049999952316284,629100,3.1646000051498415,3.3217000061273576,-5.833280217909076,-10.286900876766602
2023-05-17,3.140000104904175,3.1600000858306885,2.9700000286102295,2.9700000286102295,565600,3.175200009346008,3.314650005698204,-1.1085885720025446,-5.269029927557634
2023-05-18,3.119999885559082,3.1700000762939453,3.049999952316284,3.140000104904175,508300,3.184400005340576,3.3060000056028365,-2.022362758242946,-5.626137922823082
2023-05-19,3.0799999237060547,3.140000104904175,3.049999952316284,3.130000114440918,403300,3.198400001525879,3.296300005316734,-3.701853356782714,-6.561905204677987
2023-05-22,3.1600000858306885,3.2100000381469727,3.0399999618530273,3.0399999618530273,490100,3.2146000051498413,3.287500005364418,-1.6984980785069048,-3.878324542226008
2023-05-23,3.069999933242798,3.259999990463257,3.0199999809265137,3.200000047683716,660800,3.221800003051758,3.2777000039815904,-4.711654033930468,-6.336762683787067
2023-05-24,3.0199999809265137,3.069999933242798,2.940000057220459,3.049999952316284,503000,3.225400004386902,3.265150002837181,-6.368203112203807,-7.508078394488749
2023-05-25,2.9800000190734863,3.0199999809265137,2.9100000858306885,3.009999990463257,394900,3.229000005722046,3.2525500029325487,-7.7113653207591115,-8.379578595665771
2023-05-26,2.990000009536743,3.0799999237060547,2.9600000381469727,2.9600000381469727,581200,3.2310000038146973,3.2372000032663344,-7.4589908385458425,-7.636228638334563
2023-05-30,3.1700000762939453,3.259999990463257,3.0799999237060547,3.140000104904175,1240100,3.2334000062942505,3.2215000039339063,-1.9607821450141838,-1.598631928513805
2023-05-31,3.240000009536743,3.2699999809265137,3.069999933242798,3.0799999237060547,944200,3.2382000064849854,3.2018000048398974,0.05558653104047462,1.1930790380130452
2023-06-01,3.2799999713897705,3.3499999046325684,3.1600000858306885,3.240000009536743,804800,3.2380000066757204,3.1818000036478042,1.297095881020982,3.08630233293683
2023-06-02,3.25,3.4200000762939453,3.2100000381469727,3.319999933242798,770800,3.24260000705719,3.1644000035524367,0.22821171056266465,2.705094057371582
2023-06-05,3.0999999046325684,3.200000047683716,3.059999942779541,3.1600000858306885,692600,3.2404000043869017,3.1488500028848647,-4.33280149253974,-1.551363139163242
2023-06-06,3.180000066757202,3.180000066757202,2.9700000286102295,3.0,767200,3.2416000080108645,3.133150002360344,-1.9002943330895916,1.4953023111425878
2023-06-07,3.069999933242798,3.2200000286102295,3.059999942779541,3.180000066757202,696700,3.2448000049591066,3.121900001168251,-5.387083069808851,-1.6624513247071149
2023-06-08,3.059999942779541,3.1500000953674316,3.009999990463257,3.009999990463257,641800,3.2478000020980833,3.1125500017404555,-5.78237758474115,-1.6883281852991927
2023-06-09,3.0,3.1500000953674316,2.9700000286102295,3.130000114440918,677800,3.2448000001907347,3.1002500015497207,-7.544378703659548,-3.2336102410969736
2023-06-12,3.0999999046325684,3.119999885559082,2.9600000381469727,3.0,850700,3.242799997329712,3.090250001549721,-4.403604687761575,0.315505317626652
2023-06-13,3.119999885559082,3.1600000858306885,3.0399999618530273,3.0799999237060547,702200,3.239399995803833,3.081400001645088,-3.685871161308152,1.252673586466746
2023-06-14,3.140000104904175,3.1700000762939453,3.049999952316284,3.0999999046325684,668300,3.235,3.075450002551079,-2.9366273599945925,2.098883165050691
2023-06-15,3.0999999046325684,3.0999999046325684,3.009999990463257,3.059999942779541,813000,3.230999999046326,3.0671500009298325,-4.054475222916243,1.071023709071195
2023-06-16,3.2200000286102295,3.359999895095825,3.059999942779541,3.0799999237060547,2934300,3.2321999979019167,3.0588000017404555,-0.37745094052368255,5.270041414216409
2023-06-20,3.5999999046325684,3.640000104904175,3.2799999713897705,3.299999952316284,2657200,3.2395999956130983,3.051350000500679,11.124827432630745,17.980562834216474
2023-06-21,3.7799999713897705,3.930000066757202,3.7100000381469727,3.7799999713897705,2714100,3.2449999952316286,3.046000000834465,16.48690221708162,24.097175651812954
2023-06-22,3.880000114440918,3.940000057220459,3.6600000858306885,3.8299999237060547,1858200,3.2469999980926514,3.0414500015974046,19.494921980908607,27.570734761482086
2023-06-23,4.150000095367432,4.159999847412109,3.75,3.9100000858306885,3268300,3.258400001525879,3.0409000009298324,27.36312587233074,36.472757870974505
2023-06-26,3.9200000762939453,4.309999942779541,3.869999885559082,4.119999885559082,2368900,3.256599998474121,3.0389000004529954,20.370941415300003,28.994046388812023
2023-06-27,4.349999904632568,4.349999904632568,4.010000228881836,4.019999980926514,2443700,3.262599992752075,3.0375500005483627,33.32924398627388,43.20751605232085
2023-06-28,4.460000038146973,4.610000133514404,4.119999885559082,4.150000095367432,3156200,3.2747999954223634,3.0343000000715254,36.19152450168943,46.986126554455396
2023-06-29,4.630000114440918,4.760000228881836,4.460000038146973,4.550000190734863,1696400,3.2883999967575073,3.031850001215935,40.79796007195844,52.71204421670066
2023-06-30,4.630000114440918,4.849999904632568,4.449999809265137,4.800000190734863,2337300,3.308600001335144,3.032250000834465,39.93834590378225,52.691899189273904
2023-07-03,5.019999980926514,5.050000190734863,4.690000057220459,4.710000038146973,1617000,3.342200002670288,3.0346500009298323,50.200466067731696,65.42270045601173
2023-07-05,5.170000076293945,5.239999771118164,4.739999771118164,4.889999866485596,2252500,3.3810000038146972,3.038000001311302,52.913341332764396,70.1777509566294
2023-07-06,5.179999828338623,5.300000190734863,4.960000038146973,5.190000057220459,2772500,3.421599998474121,3.042750000357628,51.39115707998214,70.24073051449493
2023-07-07,5.53000020980835,5.710000038146973,5.150000095367432,5.150000095367432,2878500,3.4694000005722048,3.049050001502037,59.39356110267746,81.36797386347013
2023-07-10,5.929999828338623,5.929999828338623,5.360000133514404,5.570000171661377,2923500,3.521399998664856,3.0580500000715256,68.39892743190184,93.91441697159708
2023-07-11,5.659999847412109,6.0,5.570000171661377,5.989999771118164,3022700,3.5667999935150148,3.065450000166893,58.685652621477246,84.63846570989449
2023-07-12,5.659999847412109,5.659999847412109,5.659999847412109,5.659999847412109,31500,3.615199990272522,3.0738999992609024,56.561182303650256,84.13090369800634
2023-07-13,6.639999866485596,6.840000152587891,5.820000171661377,5.889999866485596,5536800,3.6869999885559084,3.0883499985933303,80.09221283144869,115.00153381287603
2023-07-14,5.980000019073486,6.650000095367432,5.809999942779541,6.650000095367432,3224000,3.7439999866485594,3.1001999992132188,59.72222330124743,92.89078190410666
2023-07-17,5.730000019073486,6.380000114440918,5.71999979019165,6.03000020980835,2376100,3.798199987411499,3.110249999165535,50.860935128866736,84.22956420258237
2023-07-18,5.599999904632568,5.739999771118164,5.309999942779541,5.5,1885700,3.849599986076355,3.118099997639656,45.46965723418659,79.59654625803098
2023-07-19,5.78000020980835,5.940000057220459,5.599999904632568,5.639999866485596,1415200,3.901399989128113,3.127549998164177,48.15195124609788,84.80920251318507
2023-07-20,5.449999809265137,5.980000019073486,5.409999847412109,5.869999885559082,1435700,3.9489999866485594,3.1359999972581862,38.00961832594096,73.78825937595941
2023-07-21,5.329999923706055,5.599999904632568,5.110000133514404,5.480000019073486,1577600,3.993399987220764,3.143299997448921,33.4702243893056,69.56701326732554
2023-07-24,5.139999866485596,5.28000020980835,4.980000019073486,5.179999828338623,1438900,4.0333999824523925,3.1488499957323075,27.435907394445103,63.234192592595036
2023-07-25,5.159999847412109,5.409999847412109,5.159999847412109,5.190000057220459,888500,4.078199977874756,3.154299994111061,26.526405654611974,63.58621111009104
2023-07-26,5.309999942779541,5.369999885559082,5.059999942779541,5.130000114440918,923700,4.126999979019165,3.160849993824959,28.664889018039965,67.99278526830328
2023-07-27,5.039999961853027,5.46999979019165,5.010000228881836,5.46999979019165,945100,4.165599980354309,3.167249993681908,20.99097334411706,59.128580690091326
2023-07-28,5.300000190734863,5.329999923706055,5.139999866485596,5.150000095367432,729500,4.211999983787536,3.1762999945878985,25.830964176998172,66.86081918476026
2023-07-31,5.420000076293945,5.5,5.320000171661377,5.340000152587891,1131100,4.257599983215332,3.186449994444847,27.301768547095186,70.09524975263999
2023-08-01,5.179999828338623,5.269999980926514,5.050000190734863,5.179999828338623,920600,4.298799982070923,3.1957999938726425,20.498740344815648,62.087735098263906
2023-08-02,4.980000019073486,5.289999961853027,4.940000057220459,5.159999847412109,1157900,4.336799983978271,3.2037999933958052,14.831212817548224,55.440415423530624
2023-08-03,4.849999904632568,4.989999771118164,4.809999942779541,4.900000095367432,681400,4.370599980354309,3.2120499926805497,10.96874402675021,50.99391091933478
2023-08-04,4.679999828338623,4.920000076293945,4.679999828338623,4.849999904632568,812700,4.402799978256225,3.218899992108345,6.295990084750236,45.39127775986831
2023-08-07,4.559999942779541,4.670000076293945,4.329999923706055,4.670000076293945,1521500,4.433599977493286,3.225699991583824,2.850955564956492,41.364663628887996
2023-08-08,4.889999866485596,4.929999828338623,4.519999980926514,4.739999771118164,1330200,4.471799974441528,3.2344499903917314,9.351936455885323,51.18489638151298
2023-08-09,4.639999866485596,5.039999961853027,4.619999885559082,4.940000057220459,1059900,4.504799971580505,3.2424999898672104,3.0012408044314487,43.09945662253083
2023-08-10,4.480000019073486,4.909999847412109,4.429999828338623,4.670000076293945,2031600,4.530999970436096,3.2492999905347824,-1.125578276216621,37.87585117175194
2023-08-11,4.679999828338623,4.699999809265137,4.429999828338623,4.5,1104800,4.559799966812133,3.257049989104271,2.6360775122011404,43.688302113707536
2023-08-14,4.550000190734863,4.679999828338623,4.369999885559082,4.590000152587891,887600,4.585199971199035,3.2622499901056288,-0.7676825587819902,39.47429548731605
2023-08-15,4.210000038146973,4.579999923706055,4.199999809265137,4.480000019073486,1043100,4.604399971961975,3.2664999908208845,-8.565718361060304,28.884128271158605
2023-08-16,4.159999847412109,4.260000228881836,4.070000171661377,4.150000095367432,1262000,4.625599970817566,3.2707499903440476,-10.06572393511933,27.187949543478318
2023-08-17,3.819999933242798,4.079999923706055,3.799999952316284,4.050000190734863,1419700,4.638399968147278,3.272949989438057,-17.644016051323284,16.71427750408938
2023-08-18,3.7899999618530273,3.8299999237060547,3.559999942779541,3.5999999046325684,1235900,4.652799968719482,3.2764499896764754,-18.543672899480136,15.673975607583168
2023-08-21,3.569999933242798,3.859999895095825,3.5399999618530273,3.7899999618530273,1412200,4.662999968528748,3.278899989724159,-23.43984650788684,8.877975675712136
2023-08-22,3.4800000190734863,3.6600000858306885,3.430000066757202,3.5399999618530273,929700,4.672599968910217,3.281549989581108,-25.523262375804855,6.047448008485468
2023-08-23,3.7799999713897705,3.8499999046325684,3.4700000286102295,3.4700000286102295,1948800,4.686199970245362,3.2863999897241594,-19.33762973431422,15.019473685765217
2023-08-24,3.450000047683716,3.8499999046325684,3.440000057220459,3.7899999618530273,1171600,4.692799973487854,3.2893499904870986,-26.483121650728393,4.88394538924779
2023-08-25,3.450000047683716,3.569999933242798,3.390000104904175,3.4700000286102295,941700,4.698999972343445,3.2929999905824663,-26.580121983632154,4.767690785006029
2023-08-28,3.440000057220459,3.549999952316284,3.4200000762939453,3.5,668800,4.705799975395203,3.2973999911546708,-26.898719129438543,4.324621412273766
2023-08-29,3.9700000286102295,4.099999904632568,3.359999895095825,3.4200000762939453,2684100,4.720799975395202,3.3057999914884566,-15.904083009196324,20.091960760841808
2023-08-30,3.9100000858306885,3.9800000190734863,3.799999952316284,3.940000057220459,934500,4.7269999790191655,3.3131499916315077,-17.283687260730673,18.014581160126465
2023-08-31,3.6500000953674316,3.950000047683716,3.640000104904175,3.9200000762939453,1101000,4.724399981498718,3.3182499915361405,-22.741509828523355,9.997742927069563
2023-09-01,3.4700000286102295,3.680000066757202,3.4000000953674316,3.630000114440918,1361900,4.716199979782105,3.3232499915361404,-26.423814861842466,4.415859097204278
2023-09-05,3.430000066757202,3.4800000190734863,3.369999885559082,3.4200000762939453,842900,4.7017999792099,3.327649992108345,-27.04921345178988,3.0757463943499097
2023-09-06,3.4200000762939453,3.5299999713897705,3.359999895095825,3.4700000286102295,616100,4.6917999792099,3.332999992966652,-27.106865351283073,2.610263531679635
2023-09-07,3.4000000953674316,3.450000047683716,3.25,3.3399999141693115,811200,4.672799983024597,3.33819999396801,-27.238484255286078,1.8513001471179624
2023-09-08,3.3399999141693115,3.450000047683716,3.299999952316284,3.4200000762939453,641100,4.6503999805450436,3.343699993491173,-28.1782227734774,-0.11065823276801279
2023-09-11,3.1600000858306885,3.369999885559082,3.1600000858306885,3.299999952316284,827600,4.620999979972839,3.3494999939203263,-31.616531064142915,-5.6575580962412
2023-09-12,3.240000009536743,3.5199999809265137,3.190000057220459,3.299999952316284,1319300,4.593199977874756,3.3550999945402147,-29.46094171506396,-3.4305977524000664
2023-09-13,3.1600000858306885,3.2799999713897705,3.0999999046325684,3.259999990463257,706100,4.55599997997284,3.360199994444847,-30.640910892858987,-5.957975981939567
2023-09-14,3.259999990463257,3.390000104904175,3.2100000381469727,3.25,768600,4.5177999782562255,3.3658499938249586,-27.840984413799852,-3.1448223645110684
2023-09-15,3.1600000858306885,3.2699999809265137,3.119999885559082,3.25,1056000,4.477399983406067,3.3715499943494796,-29.423323858888306,-6.274559442195315
2023-09-18,3.180000066757202,3.4200000762939453,3.1700000762939453,3.390000104904175,1334500,4.430399980545044,3.377399994730949,-28.223183443450917,-5.844730511094598
2023-09-19,3.180000066757202,3.2899999618530273,3.119999885559082,3.2200000286102295,795200,4.375399985313416,3.3827499955892564,-27.320928888072515,-5.993642128339916
2023-09-20,3.059999942779541,3.240000009536743,3.059999942779541,3.190000057220459,618100,4.323399987220764,3.386999995112419,-29.222372396160868,-9.654563117943681
2023-09-21,3.009999990463257,3.069999933242798,2.930000066757202,3.0,974000,4.2703999900817875,3.390949994921684,-29.5147996100101,-11.234315015819796
2023-09-22,2.990000009536743,3.0899999141693115,2.9800000190734863,3.0299999713897705,649100,4.19739999294281,3.395699995160103,-28.765425869254713,-11.947462561522059
2023-09-25,3.0,3.0399999618530273,2.9000000953674316,2.950000047683716,695000,4.13779999256134,3.401049995422363,-27.4977039636232,-11.791946486001548
2023-09-26,2.930000066757202,3.0,2.9200000762939453,2.9600000381469727,494900,4.081799993515014,3.4063999956846236,-28.21794131480576,-13.985437104595633
2023-09-27,2.990000009536743,3.0799999237060547,2.9100000858306885,3.0399999618530273,1050100,4.029599995613098,3.4117999958992002,-25.799086440543363,-12.36297517056797
2023-09-28,3.119999885559082,3.2300000190734863,2.9600000381469727,2.9700000286102295,1260900,3.976399989128113,3.4177999955415728,-21.53707136883908,-8.713210555648743
2023-09-29,3.0799999237060547,3.2100000381469727,3.069999933242798,3.200000047683716,722800,3.9289999914169313,3.4236999952793123,-21.6085535649161,-10.038848965947967
2023-10-02,3.0999999046325684,3.4200000762939453,3.0399999618530273,3.259999990463257,1453100,3.8843999910354614,3.4294499945640564,-20.193597163349708,-9.60649930611882
2023-10-03,2.859999895095825,3.0799999237060547,2.8399999141693115,3.009999990463257,1066900,3.838799991607666,3.433799993991852,-25.49755388797751,-16.710352958821407
2023-10-04,2.9600000381469727,2.990000009536743,2.799999952316284,2.9200000762939453,795600,3.7947999954223635,3.439299994111061,-21.998523197069765,-13.935974087307578
2023-10-05,2.940000057220459,3.0799999237060547,2.859999895095825,2.9600000381469727,758700,3.747399997711182,3.444549994468689,-21.545603377911682,-14.647775124717132
2023-10-06,3.119999885559082,3.140000104904175,2.880000114440918,2.880000114440918,952200,3.7089999961853026,3.4513499939441683,-15.880294182583066,-9.600594230271698
2023-10-09,3.130000114440918,3.130000114440918,3.009999990463257,3.059999942779541,448900,3.665599994659424,3.45814999461174,-14.611520105817476,-9.489174289204449
2023-10-10,3.180000066757202,3.259999990463257,3.0799999237060547,3.109999895095825,658200,3.620799994468689,3.465399994850159,-12.174103192246866,-8.235699443558664
2023-10-11,3.009999990463257,3.200000047683716,2.9700000286102295,3.1600000858306885,703800,3.5773999977111814,3.4723999947309494,-15.86068115421666,-13.31643834147398
2023-10-12,2.890000104904175,3.0199999809265137,2.880000114440918,3.0,613100,3.5355999994277956,3.478899995088577,-18.25998118079266,-16.927761390548625
2023-10-13,2.859999895095825,2.9600000381469727,2.8299999237060547,2.930000066757202,840400,3.4957999992370605,3.4856999945640563,-18.187542315921824,-17.950486285222755
2023-10-16,3.140000104904175,3.1700000762939453,2.9100000858306885,3.059999942779541,2278800,3.4650000047683718,3.4942499953508377,-9.379506476679577,-10.138080873377653
2023-10-17,3.0999999046325684,3.2300000190734863,3.0199999809265137,3.069999933242798,885400,3.435800004005432,3.5025499945878984,-9.773563623650682,-11.493057645924997
2023-10-18,2.9000000953674316,3.140000104904175,2.880000114440918,3.059999942779541,1135700,3.396000008583069,3.5098499947786332,-14.60541554658552,-17.375383572472725
2023-10-19,2.940000057220459,3.0199999809265137,2.880000114440918,2.940000057220459,658300,3.362000012397766,3.5168999952077864,-12.552050970289507,-16.40364920166696
2023-10-20,2.9700000286102295,3.1700000762939453,2.940000057220459,3.0399999618530273,1024300,3.331800012588501,3.5227499955892565,-10.858994615861894,-15.690865592821257
2023-10-23,3.130000114440918,3.2200000286102295,2.940000057220459,3.049999952316284,1967900,3.300800018310547,3.529499996304512,-5.174500209711274,-11.318880359311013
2023-10-24,3.4100000858306885,3.5199999809265137,3.25,3.440000057220459,2518400,3.2780000162124634,3.537449996471405,4.026847741469619,-3.6028752566918953
2023-10-25,3.3299999237060547,3.5299999713897705,3.2699999809265137,3.440000057220459,1285200,3.260400013923645,3.5435499966144564,2.13470462167773,-6.026444472701941
2023-10-26,3.0799999237060547,3.309999942779541,3.0199999809265137,3.309999942779541,1350800,3.238800015449524,3.5478499960899352,-4.903053321784945,-13.186861702143426
2023-10-27,2.940000057220459,3.180000066757202,2.940000057220459,3.119999885559082,999200,3.221200017929077,3.55099999666214,-8.72966469463149,-17.206419037341792
2023-10-30,2.950000047683716,3.130000114440918,2.880000114440918,3.0399999618530273,1069400,3.204400019645691,3.5498499965667722,-7.939082836171751,-16.89789567061143
2023-10-31,3.059999942779541,3.109999895095825,2.7799999713897705,2.9000000953674316,2915900,3.1942000198364258,3.5494999957084654,-4.201367360324449,-13.790676250760836
2023-11-01,3.0899999141693115,3.119999885559082,2.9700000286102295,3.109999895095825,1015400,3.1864000177383422,3.548349995613098,-3.025361004029059,-12.917273719065337
2023-11-02,3.299999952316284,3.3499999046325684,3.130000114440918,3.1600000858306885,1389200,3.1768000173568725,3.5506999957561494,3.878114274939959,-7.0605808358775946
2023-11-03,3.3399999141693115,3.4100000858306885,3.240000009536743,3.259999990463257,1011800,3.1746000146865843,3.552949994802475,5.210102019704577,-5.99361322125791
2023-11-06,3.309999942779541,3.430000066757202,3.25,3.359999895095825,777900,3.171800012588501,3.5537999939918516,4.35714514290122,-6.860263707144054
2023-11-07,3.3399999141693115,3.380000114440918,3.1700000762939453,3.2899999618530273,776700,3.169800009727478,3.553299993276596,5.369420907297751,-6.002872808681559
2023-11-08,3.2200000286102295,3.3499999046325684,3.1600000858306885,3.319999933242798,752000,3.154800009727478,3.552749993801117,2.0666926170189726,-9.36598313338889
2023-11-09,3.2100000381469727,3.569999933242798,3.1600000858306885,3.430000066757202,1911400,3.1408000087738035,3.5521999943256377,2.203261244901289,-9.633465365838145
2023-11-10,3.130000114440918,3.309999942779541,3.0399999618530273,3.2300000190734863,1203900,3.1304000091552733,3.5508999943733217,-0.01277455638850622,-11.853329595295625
2023-11-13,2.8499999046325684,3.059999942779541,2.819999933242798,3.049999952316284,1966200,3.1180000066757203,3.5480999934673307,-8.595256621852364,-19.675321724869256
2023-11-14,2.8499999046325684,2.950000047683716,2.7899999618530273,2.890000104904175,851900,3.1064000034332278,3.5462499928474425,-8.25393054716982,-19.63341810699092
2023-11-15,3.0999999046325684,3.1500000953674316,2.8299999237060547,2.9000000953674316,1714500,3.1,3.5444499921798704,-3.076368770837945e-06,-12.539324536328444
2023-11-16,2.9200000762939453,3.0399999618530273,2.890000104904175,3.0399999618530273,1047200,3.0903999996185303,3.540449992418289,-5.513846859488048,-17.524606122188104
2023-11-17,3.0,3.009999990463257,2.9000000953674316,2.9800000190734863,630900,3.083600001335144,3.5347999918460844,-2.7111169185026207,-15.129568662434556
2023-11-20,2.950000047683716,3.0799999237060547,2.9200000762939453,2.990000009536743,1798000,3.0794000005722046,3.5307499921321868,-4.2021157649036915,-16.4483451318444
2023-11-21,2.8499999046325684,2.9200000762939453,2.799999952316284,2.9100000858306885,1347700,3.071599998474121,3.5270499920845033,-7.214484110940134,-19.195931131438126
2023-11-22,2.869999885559082,2.890000104904175,2.75,2.859999895095825,1050500,3.065799994468689,3.5233999919891357,-6.38659107778945,-18.544590677062946
2023-11-24,2.940000057220459,2.990000009536743,2.809999942779541,2.859999895095825,1214500,3.059399995803833,3.520249992609024,-3.9027240225906756,-16.483202517060846
2023-11-27,2.890000104904175,3.009999990463257,2.8299999237060547,2.8499999046325684,1024000,3.053999996185303,3.519249993562698,-5.370002995611567,-17.880227031598427
2023-11-28,3.1500000953674316,3.1500000953674316,2.9100000858306885,2.9200000762939453,2484200,3.0533999967575074,3.5201999938488004,3.163689615265164,-10.516445063583213
2023-11-29,3.1500000953674316,3.2799999713897705,3.119999885559082,3.190000057220459,1620600,3.052799997329712,3.520849994421005,3.183965478339257,-10.532965040862496
2023-11-30,3.069999933242798,3.1600000858306885,3.069999933242798,3.1600000858306885,754700,3.052999997138977,3.5197999942302705,0.5568272558058363,-12.779136931780055
2023-12-01,3.4700000286102295,3.5,3.069999933242798,3.119999885559082,3364700,3.0621999979019163,3.5194999945163725,13.317223923575195,-1.4064488132765285
2023-12-04,3.8299999237060547,3.880000114440918,3.569999933242798,3.7899999618530273,4599800,3.0789999961853027,3.522199994325638,24.391033726898215,8.73885440566382
2023-12-05,3.9800000190734863,4.210000038146973,3.75,3.8299999237060547,5073500,3.0985999965667723,3.5252499949932097,28.445104998492845,12.899795042228002
2023-12-06,3.8499999046325684,4.139999866485596,3.75,4.070000171661377,3193700,3.1169999933242796,3.529249994754791,23.51619868072392,9.088330675199519
2023-12-07,3.9200000762939453,4.039999961853027,3.759999990463257,3.7699999809265137,1636900,3.1355999946594237,3.5342999947071077,25.01594855754934,10.91305441429573
2023-12-08,4.199999809265137,4.210000038146973,3.930000066757202,3.930000066757202,2809500,3.157199993133545,3.5410999941825865,33.02926068666956,18.607207256643644
2023-12-11,3.3399999141693115,3.990000009536743,3.319999933242798,3.950000047683716,4151100,3.16239999294281,3.5444499933719635,5.6159853789157665,-5.7681750224990775
2023-12-12,3.4100000858306885,3.509999990463257,3.3499999046325684,3.450000047683716,1828100,3.1685999965667726,3.5476499938964845,7.618509421368325,-3.880030676718793
2023-12-13,3.7200000286102295,3.7200000286102295,3.2899999618530273,3.4100000858306885,3143500,3.1857999992370605,3.5519999945163727,16.7681596302687,4.729730696881118
2023-12-14,3.5899999141693115,3.880000114440918,3.549999952316284,3.75,5328700,3.1983999967575074,3.5558999943733216,12.243619241145653,0.9589673458181514
2023-12-15,3.680000066757202,3.690000057220459,3.450000047683716,3.5,5129400,3.213199996948242,3.56024999499321,14.527575944613048,3.363529862576997
2023-12-18,3.859999895095825,3.9100000858306885,3.5799999237060547,3.5999999046325684,3500900,3.2279999971389772,3.565799994468689,19.5786833493494,8.250600176215794
2023-12-19,3.8299999237060547,4.320000171661377,3.680000066757202,3.990000009536743,9317800,3.2419999933242796,3.5710499942302705,18.136950388419095,7.251366681905003
2023-12-20,4.159999847412109,4.659999847412109,3.930000066757202,4.059999942779541,12372400,3.261599988937378,3.578799993991852,27.544759060642132,16.240076405386873
2023-12-21,4.900000095367432,4.900000095367432,4.28000020980835,4.420000076293945,7462500,3.2993999910354614,3.5899999940395357,48.511853933467734,36.490253579467534
2023-12-22,5.110000133514404,5.440000057220459,4.789999961853027,4.96999979019165,11445600,3.343799991607666,3.603649994134903,52.820149121944546,41.80067825208196
2023-12-26,5.119999885559082,5.25,4.869999885559082,5.059999942779541,4953400,3.3889999914169313,3.6174999940395356,51.07701087418488,41.53420577733733
2023-12-27,5.71999979019165,5.739999771118164,5.260000228881836,5.599999904632568,10418000,3.4405999851226805,3.632549992799759,66.25006728260199,57.46513610355039
2023-12-28,5.340000152587891,5.650000095367432,5.170000076293945,5.460000038146973,9974300,3.485399990081787,3.6450499939918517,53.210540190039545,46.500052437959184
2023-12-29,4.53000020980835,5.659999847412109,4.429999828338623,5.360000133514404,13031100,3.5179999923706053,3.6536999952793123,28.76635075703362,23.98391262723385
2024-01-02,4.389999866485596,5.070000171661377,4.380000114440918,5.039999961853027,5877500,3.5469999885559083,3.661199994087219,23.76655992809569,19.906038281857775
2024-01-03,4.300000190734863,4.480000019073486,3.8399999141693115,4.059999942779541,5341400,3.573599991798401,3.6674499952793123,20.326846893988936,17.247684256629547
2024-01-04,4.349999904632568,4.599999904632568,4.230000019073486,4.389999866485596,3252100,3.597999987602234,3.674199994802475,20.900498043955796,18.393117162540975
2024-01-05,4.150000095367432,4.340000152587891,4.090000152587891,4.329999923706055,2965400,3.6127999877929686,3.678499995470047,14.86935643793097,12.81772734750637
2024-01-08,4.389999866485596,4.5,3.940000057220459,4.21999979019165,4260400,3.6339999866485595,3.6853499948978423,20.80351905929019,19.120297191943813
2024-01-09,4.199999809265137,4.449999809265137,4.179999828338623,4.329999923706055,2876900,3.6563999843597412,3.6902999937534333,14.867077650985806,13.811880236687312
2024-01-10,4.409999847412109,4.559999942779541,4.010000228881836,4.119999885559082,4667100,3.685799980163574,3.6967499935626984,19.648376774270737,19.29397051711428
2024-01-11,4.059999942779541,4.769999980926514,3.890000104904175,4.769999980926514,8302500,3.707999978065491,3.7024999928474425,9.492987238303407,9.65563674875689
2024-01-12,3.619999885559082,4.010000228881836,3.609999895095825,3.950000047683716,4058000,3.7191999769210815,3.7060499918460845,-2.6672427397711918,-2.3218819626374954
2024-01-16,3.5399999618530273,3.6600000858306885,3.369999885559082,3.549999952316284,2658600,3.728199977874756,3.7079999911785126,-5.048012905386345,-4.530745138219105
2024-01-17,3.440000057220459,3.5,3.4000000953674316,3.450000047683716,1465400,3.7309999799728395,3.709199991226196,-7.799515527054468,-7.257627915521059
2024-01-18,3.1700000762939453,3.5,3.130000114440918,3.440000057220459,2983600,3.727599983215332,3.7085999917984007,-14.958684124695576,-14.5229983469658
2024-01-19,3.180000066757202,3.200000047683716,2.9700000286102295,3.1600000858306885,3045200,3.724999985694885,3.707699992656708,-14.630870363238813,-14.232541115641572
2024-01-22,3.130000114440918,3.25,3.0,3.130000114440918,2452900,3.7207999897003172,3.706849993467331,-15.878302432133252,-15.561727074011877
2024-01-23,3.0199999809265137,3.130000114440918,3.009999990463257,3.0199999809265137,1312000,3.716799988746643,3.70614999294281,-18.747309780720812,-18.513821980299017
2024-01-24,3.0,3.200000047683716,2.940000057220459,3.130000114440918,2464700,3.7125999879837037,3.7049999928474424,-19.19409552039334,-19.02833992465467
2024-01-25,3.0999999046325684,3.0999999046325684,2.9700000286102295,2.9800000190734863,2075500,3.711999983787537,3.702949992418289,-16.487071169933433,-16.28296598712509
2024-01-26,3.3399999141693115,3.3399999141693115,3.1500000953674316,3.240000009536743,3217100,3.7217999839782716,3.7007499921321867,-10.258479000820719,-9.74802617658128
2024-01-29,3.4700000286102295,3.5399999618530273,3.200000047683716,3.4000000953674316,3111200,3.7341999864578246,3.700199992656708,-7.075142167150217,-6.221284376610059
2024-01-30,3.390000104904175,3.5399999618530273,3.3299999237060547,3.490000009536743,1817500,3.739999990463257,3.6970999920368195,-9.358285733998873,-8.306507473265723
2024-01-31,3.1700000762939453,3.450000047683716,3.1700000762939453,3.2200000286102295,3125800,3.7449999904632567,3.692699991464615,-15.353802820655915,-14.154952104932683
2024-02-01,3.240000009536743,3.3499999046325684,3.119999885559082,3.180000066757202,1864900,3.7497999906539916,3.689649991989136,-13.595391284545178,-12.186792336093133
2024-02-02,3.119999885559082,3.2200000286102295,3.049999952316284,3.1600000858306885,1423300,3.753199987411499,3.6854999911785127,-16.87093957093189,-15.343918246452104
2024-02-05,3.009999990463257,3.0999999046325684,2.9600000381469727,3.0999999046325684,1521400,3.756399989128113,3.6824499917030336,-19.870088404459306,-18.260940481333922
2024-02-06,3.069999933242798,3.109999895095825,2.9800000190734863,3.0,1204300,3.7603999900817873,3.681099991798401,-18.359750522815354,-16.601017628348913
2024-02-07,3.109999895095825,3.140000104904175,2.9800000190734863,3.0999999046325684,1571100,3.7637999868392944,3.680499991178513,-17.370744833136243,-15.500613977722377
2024-02-08,3.4200000762939453,3.4200000762939453,3.180000066757202,3.25,3153000,3.77439998626709,3.681849991083145,-9.389569501446749,-7.111911550534611
2024-02-09,3.609999895095825,3.6700000762939453,3.450000047683716,3.6700000762939453,4393000,3.7835999822616575,3.6841999900341036,-4.588225181829674,-2.0140083366536166
2024-02-12,3.859999895095825,3.950000047683716,3.609999895095825,3.609999895095825,5942900,3.7977999782562257,3.6868499898910523,1.637788119324779,4.696418505757793
2024-02-13,3.619999885559082,3.8499999046325684,3.4800000190734863,3.700000047683716,3358200,3.8087999773025514,3.687999988794327,-4.956944257208806,-1.843820592241252
2024-02-14,4.340000152587891,4.340000152587891,3.869999885559082,3.9600000381469727,7445300,3.8261999797821047,3.6934999895095824,13.428471473544,17.503727221186473
2024-02-15,4.460000038146973,4.5,4.179999828338623,4.449999809265137,5898000,3.8387999820709227,3.700549989938736,16.18214178851096,20.52262637373019
2024-02-16,4.409999847412109,4.590000152587891,4.21999979019165,4.489999771118164,3573700,3.847399978637695,3.7069499886035917,14.622858863081412,18.96572279016251
2024-02-20,4.25,4.460000038146973,4.0,4.400000095367432,3490600,3.855399980545044,3.7130999886989593,10.234995628110433,14.459616302688527
2024-02-21,4.079999923706055,4.170000076293945,3.990000009536743,4.0,2117800,3.858599977493286,3.718349988460541,5.737831013947181,9.726086472974615
2024-02-22,4.110000133514404,4.260000228881836,4.079999923706055,4.119999885559082,2124500,3.8567999839782714,3.7229499888420103,6.565031906968577,10.396329411687377
2024-02-23,3.819999933242798,4.090000152587891,3.7799999713897705,4.039999961853027,1713700,3.866399984359741,3.7266999888420105,-1.2000840912642197,2.5035539399504536
2024-02-26,4.269999980926514,4.329999923706055,3.809999942779541,3.809999942779541,4294700,3.8835999822616576,3.732499989271164,9.949531373718656,14.400535651717616
2024-02-27,4.329999923706055,4.570000171661377,4.190000057220459,4.510000228881836,4214600,3.895799980163574,3.7384499883651734,11.145334610434743,15.823401066803267
2024-02-28,4.0,4.539999961853027,4.0,4.489999771118164,7833300,3.903999981880188,3.7438499879837037,2.4590168689903047,6.841887704860983
2024-02-29,3.809999942779541,4.159999847412109,3.6700000762939453,4.099999904632568,3885300,3.9065999794006347,3.748549988269806,-2.4727393930902175,1.6392993211249207
2024-03-01,3.869999885559082,3.890000104904175,3.680000066757202,3.859999895095825,2045200,3.9067999792098997,3.752349988222122,-0.9419497759457829,3.135365776279908
2024-03-04,3.5899999141693115,3.990000009536743,3.4800000190734863,3.940000057220459,3885400,3.901999979019165,3.755399987697601,-7.995901243656078,-4.4043264118370224
2024-03-05,3.4000000953674316,3.6600000858306885,3.319999933242798,3.490000009536743,2110500,3.8867999839782716,3.7566999876499176,-12.524438885907985,-9.495032700378802
2024-03-06,3.450000047683716,3.5799999237060547,3.4000000953674316,3.5,2947100,3.8577999830245973,3.758349988460541,-10.570790013357756,-8.204396656074287
2024-03-07,3.390000104904175,3.490000009536743,3.309999942779541,3.450000047683716,1559300,3.8233999824523925,3.7598999893665312,-11.335457434150742,-9.838024562048986
2024-03-08,3.430000066757202,3.6500000953674316,3.3499999046325684,3.390000104904175,3058900,3.789599986076355,3.761249989271164,-9.489126046030849,-8.806910560554094
2024-03-11,3.130000114440918,3.559999942779541,3.130000114440918,3.509999990463257,3462100,3.7377999925613405,3.7615499901771545,-16.26089890657647,-16.789618040048783
2024-03-12,3.140000104904175,3.1700000762939453,3.059999942779541,3.1700000762939453,2524300,3.693799991607666,3.762149990797043,-14.992687421130746,-16.537083513809094
2024-03-13,3.130000114440918,3.2200000286102295,3.0799999237060547,3.119999885559082,2680000,3.6657999897003175,3.76289999127388,-14.616178644902057,-16.819471107407825
2024-03-14,2.950000047683716,3.109999895095825,2.9100000858306885,3.069999933242798,2728900,3.6369999933242796,3.762699991464615,-18.889192931029786,-21.59885044315104
2024-03-15,3.069999933242798,3.0799999237060547,2.890000104904175,2.9100000858306885,4494400,3.6123999881744386,3.7621999907493593,-15.014950080479538,-18.39881078115383
2024-03-18,2.9700000286102295,3.0999999046325684,2.950000047683716,3.0999999046325684,2087800,3.5847999906539916,3.7608499908447266,-17.150188675703525,-21.02848994667995
2024-03-19,2.9600000381469727,3.009999990463257,2.7799999713897705,2.9200000762939453,2230500,3.5609999895095825,3.7592499911785127,-16.87728034633831,-21.26088860562789
2024-03-20,3.2100000381469727,3.240000009536743,2.930000066757202,2.990000009536743,3795300,3.53739999294281,3.7590499913692472,-9.255384051817927,-14.606082773117922
2024-03-21,3.119999885559082,3.2799999713897705,3.119999885559082,3.2799999713897705,2578000,3.515799994468689,3.75914999127388,-11.257753840727814,-17.002516717834038
2024-03-22,3.049999952316284,3.0999999046325684,2.950000047683716,3.0899999141693115,2108000,3.4885999965667724,3.7584999907016754,-12.572379885401785,-18.850606362596302
2024-03-25,3.190000057220459,3.2200000286102295,3.069999933242798,3.130000114440918,3366600,3.4711999988555906,3.759099991321564,-8.100943239451475,-15.13926033930877
2024-03-26,3.1500000953674316,3.2300000190734863,3.0899999141693115,3.200000047683716,2301800,3.4618000030517577,3.7595499920845032,-9.006872361472595,-16.21337388784404
2024-03-27,3.240000009536743,3.2699999809265137,3.059999942779541,3.180000066757202,2613000,3.455800004005432,3.7607499921321867,-6.244574171496231,-13.846971579735357
2024-03-28,3.369999885559082,3.5199999809265137,3.2300000190734863,3.2699999809265137,4458200,3.4544000005722046,3.7620999920368194,-2.443264097937181,-10.422373336904645
2024-04-01,3.3499999046325684,3.4100000858306885,3.2799999713897705,3.3299999237060547,1920000,3.457999997138977,3.7632499921321867,-3.123195274602786,-10.981202108911148
2024-04-02,3.200000047683716,3.259999990463257,3.119999885559082,3.2100000381469727,2303600,3.458399996757507,3.7635499918460846,-7.471661731322565,-14.973892877292116
2024-04-03,3.2100000381469727,3.259999990463257,3.1600000858306885,3.200000047683716,1519600,3.4599999952316285,3.7640999925136565,-7.225432295641365,-14.720649171613987
2024-04-04,3.200000047683716,3.309999942779541,3.1700000762939453,3.1700000762939453,2253700,3.4635999965667725,3.763999992609024,-7.610577120462669,-14.984058077385132
2024-04-05,3.180000066757202,3.2100000381469727,3.109999895095825,3.1500000953674316,1422600,3.4671999979019166,3.761899993419647,-8.283339043565585,-15.468245505736732
2024-04-08,3.1700000762939453,3.3499999046325684,3.130000114440918,3.299999952316284,1955500,3.468600001335144,3.758849993944168,-8.608658390309076,-15.665693459406748
2024-04-09,3.059999942779541,3.180000066757202,3.0299999713897705,3.109999895095825,1859700,3.4630000019073486,3.754749993085861,-11.63731039289181,-18.50323061683625
2024-04-10,3.0399999618530273,3.049999952316284,2.950000047683716,3.0,1423000,3.4544000005722046,3.7491999924182893,-11.996295699702808,-18.916036274389768
2024-04-11,3.0,3.069999933242798,2.930000066757202,3.059999942779541,1371700,3.446599998474121,3.7445999920368194,-12.957697402420932,-19.884633702405296
2024-04-12,2.8499999046325684,2.9800000190734863,2.7899999618530273,2.9700000286102295,1811300,3.4401999950408935,3.7370999920368195,-17.155981956255694,-23.737659931351153
2024-04-15,2.680000066757202,2.880000114440918,2.6500000953674316,2.859999895095825,3084500,3.428999996185303,3.7281999921798707,-21.843100911675386,-28.115442509021314
2024-04-16,2.6600000858306885,2.700000047683716,2.5399999618530273,2.6600000858306885,4485300,3.419800000190735,3.7183499920368193,-22.217671042682895,-28.462891026199312
2024-04-17,2.5999999046325684,2.7300000190734863,2.559999942779541,2.6500000953674316,1849900,3.411599998474121,3.7081999909877776,-23.789427078337155,-29.88512186636435
2024-04-18,2.5999999046325684,2.680000066757202,2.559999942779541,2.630000114440918,1840600,3.4021999979019166,3.696099990606308,-23.578863493153037,-29.65558531315424
2024-04-19,2.7100000381469727,2.7200000286102295,2.5799999237060547,2.619999885559082,1881100,3.3942000007629396,3.683799990415573,-20.15791533976119,-26.434658635165075
2024-04-22,2.940000057220459,2.940000057220459,2.690000057220459,2.759999990463257,2632900,3.38460000038147,3.6725999915599825,-13.135967119036252,-19.947719218622083
2024-04-23,3.049999952316284,3.0799999237060547,2.9000000953674316,2.940000057220459,2484200,3.3734000015258787,3.660199990272522,-9.586768514356791,-16.67122123320931
2024-04-24,3.069999933242798,3.1700000762939453,3.009999990463257,3.059999942779541,2671200,3.357600002288818,3.6458999907970426,-8.565644175898512,-15.79582706623681
2024-04-25,3.069999933242798,3.0899999141693115,2.9000000953674316,2.950000047683716,1570800,3.3466000032424925,3.632949991226196,-8.2651069662254,-15.4956731951433
2024-04-26,3.049999952316284,3.119999885559082,3.0299999713897705,3.0299999713897705,1143400,3.3207999992370607,3.6198999917507173,-8.154662942152246,-15.743529952019708
2024-04-29,2.8299999237060547,3.0299999713897705,2.7799999713897705,3.0299999713897705,2115600,3.2881999969482423,3.6008499920368195,-13.934677746713708,-21.407447409236113
2024-04-30,2.5399999618530273,2.809999942779541,2.5299999713897705,2.759999990463257,2728000,3.2507999992370604,3.583649991750717,-21.865388136792564,-29.122543560339054
2024-05-01,2.509999990463257,2.5999999046325684,2.4100000858306885,2.5199999809265137,1689400,3.2159999990463257,3.567549991607666,-21.95273659180431,-29.643593043747064
2024-05-02,2.490000009536743,2.5799999237060547,2.4700000286102295,2.5199999809265137,2222300,3.1842000007629396,3.551999992132187,-21.80139410400933,-29.89864822488214
2024-05-03,2.440000057220459,2.5799999237060547,2.4100000858306885,2.5299999713897705,2823300,3.1507999992370603,3.5352999913692473,-22.559348171534708,-30.9818102232555
2024-05-06,2.440000057220459,2.5299999713897705,2.4100000858306885,2.4800000190734863,3507500,3.1232000017166137,3.520249992609024,-21.8749982108301,-30.686739227515503
2024-05-07,2.2699999809265137,2.450000047683716,2.2699999809265137,2.450000047683716,3154800,3.0832000017166137,3.5049499928951264,-26.37519526262778,-35.234454542061265
2024-05-08,2.2699999809265137,2.319999933242798,2.180000066757202,2.2300000190734863,2165000,3.042000002861023,3.490599993467331,-25.37804145984345,-34.96820073411947
2024-05-09,2.380000114440918,2.380000114440918,2.25,2.2699999809265137,1534000,3.0096000051498413,3.476699994802475,-20.919719884090604,-31.544277101880482
2024-05-10,2.359999895095825,2.4100000858306885,2.299999952316284,2.390000104904175,1915600,2.980600004196167,3.4619499945640566,-20.821314776442478,-31.830329762085242
2024-05-13,2.3299999237060547,2.450000047683716,2.299999952316284,2.380000114440918,1772200,2.9498000049591067,3.4483999943733217,-21.011596725576798,-32.43243453462868
2024-05-14,2.319999933242798,2.359999895095825,2.2699999809265137,2.2699999809265137,1250700,2.9244000053405763,3.4334999930858614,-20.667489775475833,-32.430466348779696
2024-05-15,2.509999990463257,2.5199999809265137,2.3299999237060547,2.4000000953674316,3387300,2.9066000032424926,3.418949992656708,-13.644808791605445,-26.585647761614318
2024-05-16,2.450000047683716,2.5399999618530273,2.4200000762939453,2.5,1525200,2.8866000032424926,3.405299993753433,-15.125059068396995,-28.05332710251922
2024-05-17,2.440000057220459,2.5299999713897705,2.4100000858306885,2.4800000190734863,1581300,2.8676000022888184,3.392599993944168,-14.911422259975726,-28.078757838357348
2024-05-20,2.619999885559082,2.6600000858306885,2.4000000953674316,2.450000047683716,2336500,2.851399998664856,3.3814499938488005,-8.115315747146145,-22.5184494721162
2024-05-21,2.5799999237060547,2.700000047683716,2.569999933242798,2.6700000762939453,2498000,2.840399994850159,3.370949994325638,-9.167725377278813,-23.463714144410307
2024-05-22,2.630000114440918,2.740000009536743,2.5799999237060547,2.5799999237060547,3081000,2.8301999950408936,3.361299995183945,-7.073700832123809,-21.75645975636896
2024-05-23,2.490000009536743,2.6600000858306885,2.4800000190734863,2.6600000858306885,1551700,2.81739999294281,3.3492999958992002,-11.620642586290831,-25.65610687052705
2024-05-24,2.630000114440918,2.640000104904175,2.4700000286102295,2.5,1821200,2.810999994277954,3.339249997138977,-6.43898542175303,-21.23979586151784
2024-05-28,2.630000114440918,2.700000047683716,2.5799999237060547,2.630000114440918,1525200,2.8021999979019165,3.3299999976158143,-6.145167496607284,-21.021017527810105
2024-05-29,2.549999952316284,2.6600000858306885,2.5299999713897705,2.5899999141693115,1009700,2.7937999963760376,3.3193499982357024,-8.726467333953657,-23.177731975487436
2024-05-30,2.5899999141693115,2.6500000953674316,2.5199999809265137,2.619999885559082,1805200,2.7863999938964845,3.3095499968528745,-7.048524266342982,-21.74162902412109
2024-05-31,2.5199999809265137,2.619999885559082,2.490000009536743,2.5999999046325684,1007000,2.7725999927520752,3.3010999965667724,-9.110582575412597,-23.66181019819522
2024-06-03,2.5799999237060547,2.6500000953674316,2.5299999713897705,2.559999942779541,1997600,2.7617999935150146,3.293199996948242,-6.58266602345734,-21.656749480842308
2024-06-04,2.7799999713897705,2.809999942779541,2.559999942779541,2.5999999046325684,3114500,2.7563999938964843,3.287999997138977,0.8561884177022083,-15.450122451071714
2024-06-05,2.8499999046325684,2.9100000858306885,2.7100000381469727,2.819999933242798,3649200,2.7495999908447266,3.283299996852875,3.6514370861994827,-13.197091116731198
2024-06-06,2.9700000286102295,3.049999952316284,2.819999933242798,2.880000114440918,4509100,2.7459999895095826,3.280299997329712,8.157321192876331,-9.459499709541152
2024-06-07,2.799999952316284,3.0999999046325684,2.759999990463257,3.009999990463257,5492800,2.737199988365173,3.276899996995926,2.2943140515143456,-14.55339025044513
2024-06-10,2.9100000858306885,2.950000047683716,2.7200000286102295,2.7799999713897705,2939200,2.7279999923706053,3.2725499975681305,6.67155769681389,-11.078514064165768
2024-06-11,2.869999885559082,2.880000114440918,2.5999999046325684,2.75,3322800,2.718399991989136,3.2696499967575074,5.576805989431155,-12.223024225674184
2024-06-12,2.9800000190734863,3.1500000953674316,2.9600000381469727,3.0,4524400,2.713999991416931,3.2672999966144562,9.801032737574978,-8.793192478152212
2024-06-13,3.180000066757202,3.190000057220459,2.9100000858306885,3.0199999809265137,5480400,2.7133999919891356,3.26599999666214,17.196140493315614,-2.633188303515921
2024-06-14,2.930000066757202,3.2100000381469727,2.9100000858306885,3.1600000858306885,3789000,2.7079999923706053,3.260799996852875,8.197934823192377,-10.144747620674089
2024-06-17,3.259999990463257,3.3499999046325684,2.9100000858306885,2.9100000858306885,7863000,2.7095999908447266,3.2575499963760377,20.31296137726002,0.07520971558210299
2024-06-18,3.299999952316284,3.3399999141693115,3.140000104904175,3.190000057220459,5455900,2.7121999883651733,3.255799995660782,21.67244179900678,1.3575759172679724
2024-06-20,3.359999895095825,3.640000104904175,3.25,3.380000114440918,10714900,2.718199987411499,3.2552499949932097,23.611210016062966,3.2178757472921538
2024-06-21,3.0799999237060547,3.2300000190734863,3.0,3.2100000381469727,9377500,2.7189999866485595,3.253499994277954,13.27693780177115,-5.332720789212841
2024-06-24,2.930000066757202,2.9800000190734863,2.8299999237060547,2.9000000953674316,3178000,2.7175999879837036,3.25104999423027,7.815722685923565,-9.87526885291965
2024-06-25,2.990000009536743,3.2200000286102295,2.9700000286102295,3.0299999713897705,5251300,2.7203999900817872,3.248999993801117,9.910308059031081,-7.971683125839613
2024-06-26,3.2899999618530273,3.490000009536743,2.9800000190734863,2.990000009536743,8087700,2.7325999879837037,3.2487499940395357,20.39815473616433,1.269718134333897
2024-06-27,3.1700000762939453,3.390000104904175,3.1600000858306885,3.359999895095825,4071300,2.742799987792969,3.248799993991852,15.575327781911241,-2.4255084290702666
2024-06-28,3.0799999237060547,3.2100000381469727,2.9600000381469727,3.200000047683716,4548400,2.7523999881744383,3.2479999935626984,11.90233748507248,-5.172415954113541
2024-07-01,3.2200000286102295,3.319999933242798,3.109999895095825,3.1500000953674316,4577500,2.7647999906539917,3.248299993276596,16.46412179886343,-0.8712238624801416
2024-07-02,3.140000104904175,3.2100000381469727,2.9800000190734863,3.180000066757202,4673700,2.7733999919891357,3.2476999938488005,13.218436358763608,-3.316189584894269
2024-07-03,3.049999952316284,3.130000114440918,2.9800000190734863,3.009999990463257,3276800,2.7755999898910524,3.2471499931812287,9.886149424434976,-6.071479336616569
2024-07-05,3.3399999141693115,3.3499999046325684,2.7799999713897705,2.819999933242798,7221000,2.7813999891281127,3.247949992418289,20.083408615252907,2.834092949888234
2024-07-08,3.4200000762939453,3.509999990463257,3.200000047683716,3.4000000953674316,7672100,2.788399991989136,3.249149992465973,22.65098573086175,5.258300916366876
2024-07-09,3.2899999618530273,3.490000009536743,3.2200000286102295,3.430000066757202,2827800,2.7927999925613403,3.2502999925613403,17.80292074677692,1.2214247725608418
2024-07-10,3.2300000190734863,3.4100000858306885,3.2200000286102295,3.299999952316284,2864400,2.7963999938964843,3.2513999927043913,15.505651055764268,-0.6581772060934687
2024-07-11,3.309999942779541,3.450000047683716,3.240000009536743,3.309999942779541,3465000,2.805999994277954,3.2529999923706057,17.961509249085992,1.7522271915960452
2024-07-12,3.5199999809265137,3.5999999046325684,3.2899999618530273,3.3299999237060547,5893400,2.8255999946594237,3.255599992275238,24.57531099871013,8.121390504934078
2024-07-15,3.8399999141693115,3.869999885559082,3.6500000953674316,3.7200000286102295,4664900,2.852199993133545,3.2601499915122987,34.6329122576895,17.785989116041723
2024-07-16,4.050000190734863,4.070000171661377,3.7300000190734863,3.859999895095825,4101400,2.8833999967575075,3.265449992418289,40.45918690744406,24.025791242803905
2024-07-17,4.039999961853027,4.179999828338623,3.9600000381469727,3.9700000286102295,4569900,2.9153999948501585,3.270049992799759,38.57446556182316,23.545510641996348
2024-07-18,3.6600000858306885,4.130000114440918,3.5299999713897705,4.079999923706055,6920900,2.9397999954223635,3.272949993610382,24.4982683015772,11.825725812368804
2024-07-19,4.150000095367432,4.28000020980835,3.690000057220459,3.7100000381469727,6060700,2.977399997711182,3.2781999945640563,39.383357914880875,26.593865604569665
2024-07-22,4.5,4.570000171661377,4.159999847412109,4.25,8209200,3.0219999980926513,3.286399995088577,48.90800803574437,36.927945676883844
2024-07-23,4.300000190734863,4.53000020980835,4.210000038146973,4.369999885559082,4506800,3.0603999996185305,3.2930999958515166,40.504515464346014,30.576058915665772
2024-07-24,4.110000133514404,4.480000019073486,4.079999923706055,4.28000020980835,5046800,3.0954000043869017,3.2989499962329862,32.77767421624276,24.585099447022294
2024-07-25,3.700000047683716,4.019999980926514,3.690000057220459,4.0,4246000,3.122800006866455,3.3018499970436097,18.483413588705822,12.058393052276738
2024-07-26,3.809999942779541,4.079999923706055,3.7699999809265137,3.9100000858306885,3731400,3.15260000705719,3.3052499961853026,20.85262749003176,15.271157920786237
2024-07-29,3.690000057220459,4.130000114440918,3.6700000762939453,3.940000057220459,2925700,3.176200008392334,3.307799996137619,16.17656468328612,11.554509387783995
2024-07-30,3.5799999237060547,3.740000009536743,3.549999952316284,3.690000057220459,1906300,3.198800005912781,3.310649995803833,11.916966271372065,8.135862390878422
2024-07-31,3.630000114440918,3.880000114440918,3.619999885559082,3.630000114440918,6507800,3.22260000705719,3.314349995851517,12.641969418840704,9.523741276102161
2024-08-01,3.369999885559082,3.6600000858306885,3.3299999237060547,3.6500000953674316,3216600,3.23760000705719,3.316899995803833,4.089445212913634,1.6008890778264284
2024-08-02,3.059999942779541,3.380000114440918,3.059999942779541,3.3499999046325684,3582000,3.2472000074386598,3.31649999499321,-5.764968718597019,-7.73405857382472
2024-08-05,2.7799999713897705,2.8299999237060547,2.2300000190734863,2.549999952316284,5657100,3.250200004577637,3.314899995326996,-14.466803043678201,-16.13623411539631
2024-08-06,2.869999885559082,3.0199999809265137,2.8399999141693115,2.940000057220459,3786900,3.2578000020980835,3.314749994277954,-11.903742288945029,-13.417304758627846
2024-08-07,2.609999895095825,3.0899999141693115,2.5999999046325684,3.0,6502800,3.2573999977111816,3.313099993467331,-19.874749894709076,-21.221819436716583
2024-08-08,2.9600000381469727,3.0,2.680000066757202,2.799999952316284,3485600,3.263999996185303,3.3130499935150146,-9.313724215490826,-10.656342526044105
2024-08-09,2.880000114440918,3.0,2.809999942779541,2.990000009536743,2281000,3.2705999994277954,3.311799993515015,-11.942759281331083,-13.03822332023744
2024-08-12,2.7899999618530273,2.890000104904175,2.7799999713897705,2.880000114440918,1870000,3.27460000038147,3.3086999928951264,-14.798755221156467,-15.67685290766524
2024-08-13,2.8399999141693115,2.930000066757202,2.759999990463257,2.799999952316284,2375000,3.2809999990463257,3.3062499928474427,-13.441026668856992,-14.102081805271549
2024-08-14,2.809999942779541,2.9600000381469727,2.7699999809265137,2.890000104904175,1566100,3.2855999994277956,3.30489999294281,-14.475287823565953,-14.974736034980317
2024-08-15,2.880000114440918,3.0199999809265137,2.869999885559082,2.880000114440918,3306700,3.2876000022888183,3.3045999932289125,-12.398098538877312,-12.848752637474881
2024-08-16,3.049999952316284,3.0799999237060547,2.930000066757202,2.930000066757202,2905400,3.291600003242493,3.305099992752075,-7.3398970314805245,-7.718375873504979
2024-08-19,3.069999933242798,3.0899999141693115,2.990000009536743,3.0399999618530273,1803700,3.293600001335144,3.3051499927043917,-6.788926038429199,-7.114656217740533
2024-08-20,3.0799999237060547,3.190000057220459,3.009999990463257,3.130000114440918,2214400,3.2992000007629394,3.305099992752075,-6.644037251642665,-6.810688618790772
2024-08-21,3.309999942779541,3.309999942779541,3.059999942779541,3.059999942779541,4484100,3.3071999979019164,3.3051499927043917,0.08466209722426399,0.14673918236252081
2024-08-22,3.1600000858306885,3.309999942779541,3.130000114440918,3.299999952316284,1483500,3.3130000019073487,3.3042499935626983,-4.618168306325854,-4.365586986851355
2024-08-23,3.630000114440918,3.630000114440918,3.1700000762939453,3.2100000381469727,4703800,3.326000003814697,3.3058499944210054,9.140111553744834,9.805348717181728
2024-08-26,3.559999942779541,3.6700000762939453,3.430000066757202,3.6500000953674316,3849200,3.333600001335144,3.3069499945640564,6.791454924217688,7.652064549855497
2024-08-27,3.3499999046325684,3.5299999713897705,3.2699999809265137,3.5299999713897705,2246000,3.3419999980926516,3.307599993944168,0.2393748217978109,1.2818935411183174
2024-08-28,3.0999999046325684,3.309999942779541,3.049999952316284,3.2899999618530273,2952200,3.3387999963760375,3.307049993276596,-7.152273032306966,-6.260869628973598
2024-08-29,3.190000057220459,3.369999885559082,3.1500000953674316,3.1700000762939453,2043900,3.3365999984741213,3.3073499929904937,-4.393692421048511,-3.5481559562411835
2024-08-30,3.119999885559082,3.259999990463257,3.0899999141693115,3.200000047683716,1343500,3.3317999982833864,3.3086999928951264,-6.356927571685822,-5.703149507094807
2024-09-03,2.809999942779541,3.1500000953674316,2.7899999618530273,3.140000104904175,2994300,3.326399998664856,3.3084999930858614,-15.524292210575597,-15.067252572104916
2024-09-04,2.799999952316284,2.9700000286102295,2.75,2.7799999713897705,2349900,3.3237999963760374,3.30699999332428,-15.759072285662679,-15.33111708592253
2024-09-05,2.75,2.880000114440918,2.7200000286102295,2.8299999237060547,2545300,3.318999996185303,3.30614999294281,-17.14371789211461,-16.821680629431455
2024-09-06,2.5799999237060547,2.890000104904175,2.569999933242798,2.8499999046325684,3349300,3.3047999954223632,3.3040499925613402,-21.931737857669564,-21.91401675172575
2024-09-09,2.7799999713897705,2.799999952316284,2.6600000858306885,2.7100000381469727,3264200,3.2969999933242797,3.3031999921798705,-15.680922747386228,-15.839186910533575
2024-09-10,2.9200000762939453,2.930000066757202,2.7300000190734863,2.819999933242798,3078100,3.2937999963760376,3.3035499930381773,-11.348591914911687,-11.610234976086819
2024-09-11,3.009999990463257,3.069999933242798,2.740000009536743,2.8399999141693115,4383500,3.289599995613098,3.3042499935626983,-8.499513786560875,-8.905197962402845
2024-09-12,3.0199999809265137,3.0799999237060547,2.930000066757202,3.009999990463257,2534300,3.287199993133545,3.3046499931812288,-8.128498806436202,-8.613620590442505
2024-09-13,3.0799999237060547,3.1500000953674316,3.009999990463257,3.0299999713897705,2687200,3.2877999925613404,3.305599992275238,-6.320337895414385,-6.824784278085117
2024-09-16,2.9600000381469727,3.0399999618530273,2.859999895095825,3.0199999809265137,3018300,3.2801999950408938,3.3046499919891357,-9.761598603073264,-10.429242270062955
2024-09-17,3.049999952316284,3.119999885559082,2.9600000381469727,3.0299999713897705,3059100,3.2727999925613402,3.30414999127388,-6.807627742344547,-7.69184327675182
2024-09-18,2.990000009536743,3.2300000190734863,2.9800000190734863,3.049999952316284,2656900,3.2667999935150145,3.3037499916553497,-8.473123072356803,-9.496783440365641
2024-09-19,3.109999895095825,3.25,3.0999999046325684,3.190000057220459,3000300,3.2643999910354613,3.3019499909877776,-4.729815474930832,-5.813234495248388
2024-09-20,3.109999895095825,3.1500000953674316,2.9700000286102295,3.109999895095825,4701700,3.2603999900817873,3.2983499908447267,-4.612933856075408,-5.7104338918461455
2024-09-23,3.130000114440918,3.2300000190734863,3.109999895095825,3.140000104904175,2968100,3.2525999927520752,3.2940999913215636,-3.7692885256211173,-4.9816301057336805
2024-09-24,3.380000114440918,3.4000000953674316,3.119999885559082,3.1500000953674316,2874700,3.2433999967575073,3.2917499923706055,4.211633403834636,2.680948500792968
2024-09-25,3.240000009536743,3.4100000858306885,3.240000009536743,3.369999885559082,2288700,3.227199993133545,3.2883499920368195,0.3966291655439047,-1.4703417403002184
2024-09-26,3.4100000858306885,3.5199999809265137,3.3299999237060547,3.369999885559082,3792900,3.214599995613098,3.284399993419647,6.078519582039732,3.824141172289708
2024-09-27,3.3499999046325684,3.5,3.3299999237060547,3.4700000286102295,2098600,3.2083999919891357,3.2844499933719633,4.413412074460332,1.9957652390167446
2024-09-30,3.130000114440918,3.25,3.119999885559082,3.240000009536743,3170800,3.1879999923706053,3.283049993515015,-1.8193186345197732,-4.661819935012113
2024-10-01,2.9600000381469727,3.190000057220459,2.940000057220459,3.1700000762939453,3680500,3.157199993133545,3.2792499935626984,-6.2460393834870676,-9.735456462374826
2024-10-02,3.0999999046325684,3.180000066757202,2.9100000858306885,2.9600000381469727,2772100,3.133199987411499,3.2767999935150147,-1.0596222045295978,-5.3955105356550455
2024-10-03,3.0999999046325684,3.109999895095825,3.0,3.0299999713897705,1679700,3.112999982833862,3.2738999927043917,-0.417606112206248,-5.3117104511238855
2024-10-04,3.1700000762939453,3.240000009536743,3.0899999141693115,3.1500000953674316,2944000,3.102399983406067,3.270449993610382,2.178961231609522,-3.071440245614221
2024-10-07,3.0799999237060547,3.2899999618530273,3.0199999809265137,3.200000047683716,4270600,3.0877999830245972,3.266699993610382,-0.25260895658475446,-5.715249954679336
2024-10-08,3.009999990463257,3.109999895095825,2.9700000286102295,3.0299999713897705,2184800,3.074199981689453,3.260949994325638,-2.088347915183919,-7.69561030678354
2024-10-09,2.9000000953674316,3.0199999809265137,2.890000104904175,3.0199999809265137,2929700,3.0605999851226806,3.2509499943256377,-5.247333546883337,-10.795302898253457
2024-10-10,2.9100000858306885,2.950000047683716,2.8399999141693115,2.890000104904175,2841400,3.046199984550476,3.2399499940872194,-4.471141074471719,-10.183796319655436
2024-10-11,3.1500000953674316,3.1600000858306885,2.940000057220459,2.9700000286102295,3730400,3.041799988746643,3.230099995136261,3.5571078644579757,-2.479796287713698
2024-10-14,3.3499999046325684,3.380000114440918,3.190000057220459,3.2899999618530273,4373500,3.0475999879837037,3.2182499957084656,9.922559320159753,4.093836995254918
2024-10-15,3.3299999237060547,3.4100000858306885,3.2200000286102295,3.299999952316284,4641700,3.0585999870300293,3.2081999945640565,8.87333871140048,3.796519211656846
2024-10-16,3.450000047683716,3.490000009536743,3.3299999237060547,3.4200000762939453,4965900,3.070199990272522,3.202799993753433,12.370531516335582,7.718248233183722
2024-10-17,3.299999952316284,3.4200000762939453,3.2799999713897705,3.4000000953674316,3664200,3.083999991416931,3.1973499941825865,7.003889802221197,3.210469867873833
2024-10-18,3.809999942779541,3.8299999237060547,3.369999885559082,3.369999885559082,7276800,3.1009999895095826,3.19489999294281,22.863590959962732,19.25255723795487
2024-10-21,3.8299999237060547,3.8499999046325684,3.5399999618530273,3.7899999618530273,5710100,3.1199999856948852,3.1922999930381777,22.756408373926273,19.976190585426924
2024-10-22,3.869999885559082,3.9100000858306885,3.7200000286102295,3.7899999618530273,2884100,3.1415999841690065,3.1908999919891357,23.185634869512086,21.28239353395123
2024-10-23,3.6500000953674316,3.819999933242798,3.5,3.759999990463257,4207800,3.1577999877929686,3.187199993133545,15.58680440424185,14.520585568239719
2024-10-24,3.7799999713897705,3.869999885559082,3.609999895095825,3.7300000190734863,4376800,3.177199988365173,3.185099993944168,18.972679882665112,18.67759186765521
2024-10-25,3.630000114440918,3.890000104904175,3.609999895095825,3.799999952316284,4124600,3.1921999883651733,3.181199995279312,13.714683530838423,14.107887584169344
2024-10-28,4.110000133514404,4.119999885559082,3.759999990463257,3.759999990463257,5987900,3.2133999919891356,3.1814499962329865,27.901915222519857,29.186381630416093
2024-10-29,4.28000020980835,4.420000076293945,4.179999828338623,4.28000020980835,8034000,3.2375999975204466,3.1847499978542326,32.19669548697299,34.39046118822691
2024-10-30,4.269999980926514,4.449999809265137,4.050000190734863,4.119999885559082,5650400,3.261399998664856,3.1883999979496003,30.92536894200515,33.92297025694611
2024-10-31,3.690000057220459,4.260000228881836,3.6600000858306885,4.21999979019165,4999500,3.269000000953674,3.1896499979496,12.878557850840178,15.686675954806905
2024-11-01,3.5399999618530273,3.859999895095825,3.5,3.7799999713897705,4385300,3.276599998474121,3.1914999973773956,8.038819614892546,10.91962916377911
2024-11-04,3.390000104904175,3.509999990463257,3.369999885559082,3.5,2849800,3.2717999982833863,3.1925499975681304,3.6126935229171764,6.184714647740797
2024-11-05,3.640000104904175,3.7300000190734863,3.440000057220459,3.440000057220459,4053800,3.273400001525879,3.1950999975204466,11.199367727971122,13.924450180870473
2024-11-06,4.070000171661377,4.179999828338623,3.9000000953674316,4.179999828338623,7934100,3.2878000068664552,3.2003499984741213,23.790989815722497,27.17359581301706
2024-11-07,4.519999980926514,4.590000152587891,4.010000228881836,4.010000228881836,7778100,3.316200008392334,3.2079499983787536,36.30058408683774,40.89995115917795
2024-11-08,4.650000095367432,4.739999771118164,4.400000095367432,4.46999979019165,7267000,3.3454000091552736,3.215699999332428,38.996833940392506,44.60304432418327
2024-11-11,5.25,5.460000038146973,4.920000076293945,5.099999904632568,11476100,3.388000011444092,3.2252499997615813,54.95867716252618,62.77807923069818
2024-11-12,5.239999771118164,5.289999961853027,4.929999828338623,5.039999961853027,6258900,3.4366000080108643,3.234099998474121,52.476277684440916,62.023430740869024
2024-11-13,4.670000076293945,5.539999961853027,4.639999866485596,5.260000228881836,8278600,3.4740000104904176,3.24049999833107,34.42717507748916,44.11356515041196
2024-11-14,4.309999942779541,4.860000133514404,4.25,4.769999980926514,5363700,3.5052000093460083,3.246199997663498,22.960171496281912,32.770622447222266
2024-11-15,4.429999828338623,4.460000038146973,4.199999809265137,4.360000133514404,5686700,3.5422000074386597,3.2521499967575074,25.06351473760866,36.21757399736998
2024-11-18,4.320000171661377,4.639999866485596,4.210000038146973,4.460000038146973,4788200,3.573000011444092,3.258149998188019,20.906805424704487,32.590585886588805
2024-11-19,4.289999961853027,4.400000095367432,4.199999809265137,4.340000152587891,6560700,3.6004000091552735,3.2645499980449677,19.15342603444632,31.4116789273305
2024-11-20,4.159999847412109,4.579999923706055,4.090000152587891,4.449999809265137,6800500,3.6234000062942506,3.2699999976158143,14.809290726547575,27.217120808721763
2024-11-21,4.0,4.449999809265137,3.9100000858306885,4.360000133514404,8514000,3.64300000667572,3.274449998140335,9.79961550013957,22.157919720005737
2024-11-22,4.090000152587891,4.199999809265137,3.819999933242798,3.950000047683716,6809600,3.663200011253357,3.2777999985218047,11.65101932800292,24.778819770344906
2024-11-25,3.930000066757202,4.179999828338623,3.869999885559082,4.139999866485596,5143200,3.6826000118255617,3.2793999993801117,6.718081087742078,19.838996996403925
2024-11-26,3.6600000858306885,3.9600000381469727,3.6500000953674316,3.859999895095825,5221400,3.6948000144958497,3.278400000333786,-0.9418623072596666,11.639826911238726
2024-11-27,4.039999961853027,4.090000152587891,3.7200000286102295,3.799999952316284,7633400,3.715800013542175,3.280500000715256,8.724903039165465,23.151957353213714
2024-11-29,4.079999923706055,4.389999866485596,4.079999923706055,4.179999828338623,5641400,3.7352000141143797,3.2791999995708467,9.231096281022788,24.420588077580184
2024-12-02,4.090000152587891,4.210000038146973,3.9600000381469727,4.119999885559082,7881700,3.7548000192642212,3.277350000143051,8.92724330467416,24.79595259613312
2024-12-03,4.070000171661377,4.159999847412109,3.940000057220459,4.010000228881836,7584400,3.7736000204086304,3.2756500017642973,7.854572547427807,24.250153999030253
2024-12-04,4.340000152587891,4.400000095367432,4.050000190734863,4.119999885559082,10363800,3.79280002117157,3.276100002527237,14.427339389417494,32.47459324318378
2024-12-05,4.099999904632568,4.650000095367432,4.090000152587891,4.570000171661377,11499400,3.8100000190734864,3.2762000024318696,7.6115455146271715,25.144982039839014
2024-12-06,4.349999904632568,4.5,4.190000057220459,4.199999809265137,12845700,3.828800015449524,3.2774000012874605,13.612617192853115,32.72715881258799
2024-12-09,4.039999961853027,4.429999828338623,4.0,4.360000133514404,10202000,3.842600016593933,3.2785000014305115,5.137145276808419,23.227084340102166
2024-12-10,3.940000057220459,4.079999923706055,3.880000114440918,4.059999942779541,6300100,3.858800015449524,3.2768500018119813,2.10428219772556,20.237424814739136
2024-12-11,3.9800000190734863,4.110000133514404,3.8299999237060547,4.03000020980835,9285800,3.8792000150680543,3.275100002288818,2.598474005307594,21.523007428537923
2024-12-12,3.859999895095825,4.230000019073486,3.8399999141693115,4.059999942779541,9778700,3.8944000148773195,3.2744000017642976,-0.883322710817569,17.88418925653548
2024-12-13,3.809999942779541,3.930000066757202,3.7699999809265137,3.869999885559082,5418700,3.9086000156402587,3.2744000017642976,-2.5226442323637577,16.35719340113162
2024-12-16,3.9200000762939453,4.150000095367432,3.799999952316284,3.880000114440918,13543200,3.923600015640259,3.274650002717972,-0.09175092598541212,19.707451881585225
2024-12-17,3.8399999141693115,3.9800000190734863,3.7200000286102295,3.9700000286102295,10259600,3.938800015449524,3.2759000027179717,-2.508380747757677,17.219692633575924
2024-12-18,3.4000000953674316,3.9000000953674316,3.359999895095825,3.809999942779541,12268200,3.9466000175476075,3.2759000027179717,-13.8498940797104,3.78827475034329
2024-12-19,3.140000104904175,3.5299999713897705,3.130000114440918,3.5,7991200,3.9514000177383424,3.274350003004074,-20.53449180522572,-4.1031013171053505
2024-12-20,3.130000114440918,3.2300000190734863,3.049999952316284,3.0999999046325684,15676200,3.955800018310547,3.273050003051758,-20.875673695514905,-4.370537830997446
2024-12-23,2.9700000286102295,3.119999885559082,2.9600000381469727,3.0899999141693115,7142500,3.952200016975403,3.270750002861023,-24.851980773909453,-9.195137934348963
2024-12-24,3.130000114440918,3.140000104904175,2.990000009536743,3.069999933242798,7842900,3.94780002117157,3.270750002861023,-20.71533264970087,-4.303290936237469
2024-12-26,3.0299999713897705,3.130000114440918,3.009999990463257,3.0999999046325684,4852300,3.941800022125244,3.2702000021934508,-23.13156541726009,-7.345117443659976
2024-12-27,2.9700000286102295,3.069999933242798,2.9000000953674316,3.049999952316284,6909700,3.9322000217437743,3.2694000017642977,-24.469762164002205,-9.157642778262066
2024-12-30,2.9200000762939453,2.9800000190734863,2.759999990463257,2.930000066757202,7758600,3.9246000242233277,3.2692500019073485,-25.597511637588877,-10.68287605443583
2024-12-31,2.8499999046325684,3.0,2.809999942779541,2.990000009536743,8236100,3.905400023460388,3.2681500017642975,-27.024123328925477,-12.794703330813839
2025-01-02,3.0899999141693115,3.180000066757202,2.930000066757202,2.9700000286102295,11704900,3.8906000232696534,3.268750001192093,-20.577805590704724,-5.468453903100334
2025-01-03,3.309999942779541,3.3399999141693115,3.0399999618530273,3.0999999046325684,12457700,3.8794000244140623,3.2705000007152556,-14.677529464637317,1.2077646248477958
2025-01-06,3.3499999046325684,3.490000009536743,3.259999990463257,3.440000057220459,13062200,3.873400020599365,3.2712000000476835,-13.512679123851667,2.4088990151545753
2025-01-07,3.130000114440918,3.380000114440918,3.0899999141693115,3.299999952316284,10603400,3.860400023460388,3.271250001192093,-18.92031666616647,-4.317917820395911
2025-01-08,3.119999885559082,3.1700000762939453,2.9600000381469727,3.059999942779541,10178800,3.8502000188827514,3.271600000858307,-18.96525192827666,-4.633821838227547
2025-01-10,3.0399999618530273,3.0899999141693115,2.950000047683716,3.0899999141693115,8286800,3.828800015449524,3.27085000038147,-20.601756435792506,-7.057799608710857
2025-01-13,2.9100000858306885,2.950000047683716,2.809999942779541,2.9100000858306885,7236900,3.8014000129699705,3.269650000333786,-23.449253540746064,-10.999645664410018
2025-01-14,2.9200000762939453,3.069999933242798,2.859999895095825,3.069999933242798,8232800,3.7744000148773194,3.268050000667572,-22.636708754123536,-10.650079536804203
2025-01-15,3.140000104904175,3.1700000762939453,3.009999990463257,3.069999933242798,9847000,3.7634000158309937,3.2669000017642973,-16.564805981411634,-3.884413260019892
2025-01-16,3.1500000953674316,3.180000066757202,3.049999952316284,3.119999885559082,7457800,3.7556000185012817,3.265900002717972,-16.125250829440617,-3.548789223616311
2025-01-17,3.200000047683716,3.4200000762939453,3.1700000762939453,3.2899999618530273,13460100,3.7518000173568726,3.265900002717972,-14.707606138930018,-2.017819130390164
2025-01-21,3.119999885559082,3.2799999713897705,3.049999952316284,3.2799999713897705,10954400,3.7414000129699705,3.2654500019550325,-16.608759428468943,-4.454213548174657
2025-01-22,3.1500000953674316,3.240000009536743,3.059999942779541,3.0999999046325684,9407200,3.7230000114440918,3.265200002193451,-15.39081155829496,-3.5281118078106077
2025-01-23,3.109999895095825,3.25,3.0399999618530273,3.049999952316284,8523900,3.6948000097274782,3.264850001335144,-15.827652730649067,-4.742947032053346
2025-01-24,3.0899999141693115,3.240000009536743,3.059999942779541,3.130000114440918,12119800,3.6636000061035157,3.264450000524521,-15.6567335674908,-5.34393500672945
2025-01-27,2.7799999713897705,2.9600000381469727,2.680000066757202,2.9600000381469727,17104600,3.614200005531311,3.263050000667572,-23.08118070015075,-14.803635530530535
2025-01-28,2.7899999618530273,2.859999895095825,2.75,2.859999895095825,7362900,3.5652000093460083,3.261800000667572,-21.74352197522803,-14.464407343122943
2025-01-29,2.869999885559082,2.9100000858306885,2.690000057220459,2.7899999618530273,11508800,3.529200005531311,3.2611500000953675,-18.678457410718163,-11.99423867423599
2025-01-30,3.0799999237060547,3.1600000858306885,2.9000000953674316,2.9100000858306885,17423700,3.5046000051498414,3.2623000001907347,-12.115507641952217,-5.588084372192059
2025-01-31,2.930000066757202,3.1700000762939453,2.9000000953674316,3.140000104904175,15804300,3.474600009918213,3.263550000190735,-15.67374493773256,-10.220463403779279
2025-02-03,2.9100000858306885,2.9800000190734863,2.6500000953674316,2.690000057220459,13806200,3.446400008201599,3.2648000001907347,-15.564064562860036,-10.867431828575047
2025-02-04,2.9200000762939453,2.9700000286102295,2.869999885559082,2.940000057220459,9682600,3.4190000104904175,3.2664000010490417,-14.594908823205765,-10.604945035630852
2025-02-05,2.8399999141693115,2.9800000190734863,2.8399999141693115,2.940000057220459,5600200,3.3926000118255617,3.2676000010967257,-16.28839520515404,-13.086059700816987
2025-02-06,2.8499999046325684,2.9700000286102295,2.7799999713897705,2.8499999046325684,9625400,3.369600009918213,3.2683000004291536,-15.420230999413388,-12.798705618874006
2025-02-07,2.8299999237060547,3.0799999237060547,2.809999942779541,2.9200000762939453,14703700,3.3444000053405762,3.2677499997615813,-15.380937711191567,-13.396069959068635
2025-02-10,2.8299999237060547,2.890000104904175,2.809999942779541,2.859999895095825,10396000,3.322400002479553,3.2666499996185303,-14.82061396598885,-13.366907258612537
2025-02-11,2.7200000286102295,2.8499999046325684,2.7100000381469727,2.819999933242798,12586200,3.303600001335144,3.2649000000953676,-17.665576113604963,-16.68963739989653
2025-02-12,2.75,2.7899999618530273,2.6500000953674316,2.7200000286102295,8246200,3.2778000020980835,3.2633000004291532,-16.102263767168367,-15.729476308082301
2025-02-13,2.859999895095825,2.869999885559082,2.690000057220459,2.759999990463257,7554500,3.253400001525879,3.262350000143051,-12.091968594256631,-12.333137309901854
2025-02-14,2.8499999046325684,2.9000000953674316,2.799999952316284,2.859999895095825,6231000,3.2285999965667727,3.262450000047684,-11.726447758681779,-12.642342270658158
2025-02-18,2.809999942779541,2.9000000953674316,2.7899999618530273,2.8499999046325684,7547400,3.203399991989136,3.263799999952316,-12.280703321264442,-13.904039989564465
2025-02-19,2.75,2.869999885559082,2.7300000190734863,2.8499999046325684,8273800,3.171599988937378,3.265,-13.292974852059825,-15.773353751914243
2025-02-20,2.690000057220459,2.799999952316284,2.680000066757202,2.799999952316284,6016700,3.1433999919891358,3.2660000002384186,-14.423870201824563,-17.636250550395328
2025-02-21,2.490000009536743,2.7300000190734863,2.4800000190734863,2.7300000190734863,9358800,3.1061999940872194,3.26625,-19.837743407489484,-23.765786160375256
2025-02-24,2.380000114440918,2.5199999809265137,2.3299999237060547,2.5,14281000,3.072999997138977,3.2659500002861024,-22.551249051196077,-27.126866172708517
2025-02-25,2.180000066757202,2.3399999141693115,2.140000104904175,2.309999942779541,13344200,3.037799997329712,3.2655000007152557,-28.237538064603772,-33.24146175839204
2025-02-26,2.069999933242798,2.2799999713897705,2.0299999713897705,2.1700000762939453,11531000,2.999599995613098,3.264500000476837,-30.99080089778091,-36.59059785754516
2025-02-27,2.0399999618530273,2.2300000190734863,2.0299999713897705,2.1600000858306885,10096500,2.963199996948242,3.2627999997138977,-31.155508775850617,-37.477014771610065
2025-02-28,2.069999933242798,2.119999885559082,1.9700000286102295,2.0,11841700,2.9283999967575074,3.2613499999046325,-29.312937592718868,-36.52935338729887
2025-03-03,1.899999976158142,2.2899999618530273,1.8799999952316284,2.2699999809265137,15593100,2.887999994754791,3.259200000166893,-34.2105270218512,-41.70348625242853
2025-03-04,1.899999976158142,1.9800000190734863,1.7799999713897705,1.850000023841858,12817200,2.8491999959945677,3.25710000038147,-33.314615371712065,-41.66589985153618
2025-03-05,1.9600000381469727,1.9700000286102295,1.8600000143051147,1.9299999475479126,8139600,2.820399994850159,3.254350000619888,-30.506309682109368,-39.772918162655145
2025-03-06,1.8899999856948853,1.9600000381469727,1.840000033378601,1.899999976158142,7596700,2.7953999924659727,3.251550000309944,-32.38892499146018,-41.87387598177095
2025-03-07,2.0,2.0399999618530273,1.8700000047683716,1.909999966621399,13552100,2.7727999901771545,3.249350000023842,-27.87074411839493,-38.44922830765153
2025-03-10,1.7300000190734863,1.940000057220459,1.690000057220459,1.909999966621399,7939800,2.7479999899864196,3.244900000691414,-37.045122802855765,-46.68556754584539
2025-03-11,1.7599999904632568,1.7899999618530273,1.6699999570846558,1.7200000286102295,7167500,2.7205999875068665,3.2408000010252,-35.308387909091145,-45.692421935741315
2025-03-12,1.7599999904632568,1.8300000429153442,1.7200000286102295,1.7999999523162842,8057900,2.695199987888336,3.2364500004053114,-34.69872371726299,-45.619428996497824
2025-03-13,1.6699999570846558,1.7899999618530273,1.659999966621399,1.7899999618530273,6482200,2.6691999864578246,3.232350000143051,-37.43443857495152,-48.334804182382854
2025-03-14,1.7400000095367432,1.7799999713897705,1.690000057220459,1.7200000286102295,5898300,2.6455999851226806,3.2278999996185305,-34.230419590206616,-46.09498405333577
2025-03-17,1.75,1.7699999809265137,1.649999976158142,1.7400000095367432,7518300,2.6235999870300293,3.2234999990463256,-33.29775847494811,-45.71118348013841
2025-03-18,1.6200000047683716,1.7400000095367432,1.6100000143051147,1.7300000190734863,8287700,2.5941999888420106,3.218849999308586,-37.55300240011561,-49.67146635859546
2025-03-19,1.6799999475479126,1.7100000381469727,1.6299999952316284,1.649999976158142,8717500,2.561599988937378,3.2142999994754793,-34.41599177064243,-47.73356725190365
2025-03-20,1.6699999570846558,1.7200000286102295,1.6399999856948853,1.690000057220459,9083100,2.52799998998642,3.21004999935627,-33.93987485365351,-47.97588955251319
2025-03-21,1.659999966621399,1.7000000476837158,1.6200000047683716,1.649999976158142,14429400,2.4985999870300293,3.2054499995708468,-33.562796156316146,-48.213200429155236
2025-03-24,1.7899999618530273,1.7899999618530273,1.7100000381469727,1.7200000286102295,6937900,2.471999988555908,3.2004999995231627,-27.588997971690578,-44.07124005250066
2025-03-25,1.809999942779541,1.8300000429153442,1.7400000095367432,1.7999999523162842,6179500,2.4473999881744386,3.1952999997138978,-26.043967004770074,-43.3543034162174
2025-03-26,1.6799999475479126,1.809999942779541,1.649999976158142,1.7899999618530273,6552000,2.422799985408783,3.188849999308586,-30.65874369879289,-47.31643232161519
2025-03-27,1.6100000143051147,1.6799999475479126,1.600000023841858,1.649999976158142,6393700,2.3965999841690064,3.18289999961853,-32.821496080274585,-49.417197697129254
2025-03-28,1.5,1.600000023841858,1.4800000190734863,1.5800000429153442,8168600,2.363799982070923,3.175849999189377,-36.54285424412892,-52.76855013987218
2025-03-31,1.4500000476837158,1.4800000190734863,1.3799999952316284,1.4600000381469727,6929000,2.3297999811172487,3.16875,-37.76289555173005,-54.240629658896545
2025-04-01,1.5399999618530273,1.5700000524520874,1.4299999475479126,1.5,9839500,2.296599979400635,3.161549999713898,-32.94435358068167,-51.28971668983922
2025-04-02,1.6100000143051147,1.6299999952316284,1.4800000190734863,1.4900000095367432,9539800,2.2663999819755554,3.1536999994516375,-28.962229654550022,-48.9488532648933
2025-04-03,1.4800000190734863,1.5199999809265137,1.4500000476837158,1.4900000095367432,9108100,2.2329999804496765,3.146449999213219,-33.72144952838525,-52.96286229104019
2025-04-04,1.399999976158142,1.4500000476837158,1.2999999523162842,1.4500000476837158,6142000,2.198799982070923,3.137149999141693,-36.328907241505306,-55.373508549442185
2025-04-07,1.4199999570846558,1.5499999523162842,1.2599999904632568,1.2999999523162842,8069700,2.16539998292923,3.127749999165535,-34.423202721015976,-54.59995340217398
2025-04-08,1.309999942779541,1.5099999904632568,1.2799999713897705,1.5099999904632568,7266400,2.135999982357025,3.1174999994039534,-38.67041415730784,-57.97915178732944
2025-04-09,1.5199999809265137,1.559999942779541,1.2599999904632568,1.3300000429153442,12232500,2.1105999827384947,3.109699999690056,-27.982564514460005,-51.120687491461815
2025-04-10,1.4299999475479126,1.5,1.3899999856948853,1.4900000095367432,5456000,2.0817999839782715,3.1021999990940095,-31.30944574150607,-53.9036829358023
2025-04-11,1.4800000190734863,1.4900000095367432,1.4299999475479126,1.4500000476837158,5961400,2.04979998588562,3.094649999141693,-27.797832507348296,-52.17552810547341
2025-04-14,1.4900000095367432,1.5499999523162842,1.440000057220459,1.5399999618530273,6089900,2.020999984741211,3.0856499993801116,-26.274120693398338,-51.71195664329801
2025-04-15,1.440000057220459,1.5199999809265137,1.399999976158142,1.4900000095367432,7723000,1.9915999841690064,3.076999999284744,-27.69632111534195,-53.2011681002538
2025-04-16,1.4600000381469727,1.4800000190734863,1.409999966621399,1.4299999475479126,5265200,1.9623999834060668,3.068899999856949,-25.601301952066713,-52.425949421127186
2025-04-17,1.4900000095367432,1.5,1.409999966621399,1.4600000381469727,3492500,1.9353999853134156,3.0602499997615813,-23.013329500699832,-51.3111670728592
2025-04-21,1.4800000190734863,1.559999942779541,1.4500000476837158,1.5,7140500,1.907999987602234,3.051949999332428,-22.431864324412874,-51.50641329650827
2025-04-22,1.600000023841858,1.659999966621399,1.5099999904632568,1.5199999809265137,12072100,1.88339998960495,3.0446999996900557,-15.04725322965178,-47.449665845412206
2025-04-23,1.690000057220459,1.7300000190734863,1.6399999856948853,1.7000000476837158,9848400,1.860599992275238,3.0364500004053117,-9.169081788835264,-44.342898549461566
2025-04-24,1.7200000286102295,1.7400000095367432,1.6699999570846558,1.7100000381469727,5548200,1.840599992275238,3.027950000166893,-6.552209288881405,-43.19589066809467
2025-04-25,1.7899999618530273,1.809999942779541,1.7100000381469727,1.7300000190734863,7366900,1.8213999915122985,3.020450000166893,-1.7239502473698765,-40.73730862109547
2025-04-28,1.75,1.8300000429153442,1.649999976158142,1.8200000524520874,13200300,1.7991999936103822,3.0130500000715257,-2.734548342880694,-41.919317636333375
2025-04-29,1.7200000286102295,1.7799999713897705,1.7000000476837158,1.7300000190734863,9172300,1.7765999960899352,3.005100000500679,-3.1858588092015583,-42.76396697868089
2025-04-30,1.690000057220459,1.7100000381469727,1.600000023841858,1.690000057220459,7604400,1.7541999983787537,2.9959500008821487,-3.6597845865710243,-43.59051196706075
2025-05-01,1.7599999904632568,1.840000033378601,1.7300000190734863,1.7300000190734863,8793400,1.7343999981880187,2.9855500012636185,1.4760143163043749,-41.049388229359884
2025-05-02,1.7899999618530273,1.8600000143051147,1.7699999809265137,1.7899999618530273,7713700,1.7163999962806702,2.974250000119209,4.288042748301302,-39.81676181285086
2025-05-05,1.7200000286102295,1.7699999809265137,1.690000057220459,1.7400000095367432,7483200,1.7009999966621399,2.9626500004529954,1.1169918862653283,-41.94386686421826
2025-05-06,1.7300000190734863,1.7400000095367432,1.6699999570846558,1.7000000476837158,5619000,1.6879999947547912,2.9530000001192094,2.4881531071803353,-41.41550900766515
2025-05-07,1.7300000190734863,1.7799999713897705,1.7000000476837158,1.7599999904632568,6639700,1.6789999938011169,2.9408999997377396,3.037523851141266,-41.17446974641224
2025-05-08,1.8300000429153442,1.8799999952316284,1.7599999904632568,1.7899999618530273,10916100,1.674199995994568,2.9275499999523165,9.30593998886151,-37.49039152379461
2025-05-09,1.840000033378601,1.909999966621399,1.7599999904632568,1.850000023841858,12024600,1.6701999974250794,2.915249999165535,10.166449300401137,-36.883628028289685
2025-05-12,1.850000023841858,1.940000057220459,1.8200000524520874,1.909999966621399,17220300,1.6657999992370605,2.9039499986171724,11.057751512135994,-36.29366811677864
2025-05-13,1.9600000381469727,1.9900000095367432,1.8600000143051147,1.899999976158142,19877500,1.667000000476837,2.8952499985694886,17.576486957787907,-32.30290858767335
2025-05-14,1.909999966621399,1.9800000190734863,1.899999976158142,1.9600000381469727,11109600,1.6672000002861023,2.8857499986886976,14.563337709550783,-33.81270146446107
2025-05-15,1.840000033378601,1.899999976158142,1.7799999713897705,1.8899999856948853,11767800,1.6648000001907348,2.8764999985694883,10.523788633336961,-36.03337269968186
2025-05-16,2.069999933242798,2.0799999237060547,1.8799999952316284,1.8799999952316284,20746500,1.6683999991416931,2.8689499986171723,24.070962257714434,-27.848169740130245
2025-05-19,2.0899999141693115,2.109999895095825,1.9900000095367432,2.009999990463257,8560200,1.6701999974250794,2.8612499976158143,25.13470945943186,-26.955005123255926
2025-05-20,2.0799999237060547,2.119999885559082,2.0,2.0999999046325684,19032400,1.6771999955177308,2.8547999978065492,24.01621328790813,-27.14025762560609
2025-05-21,2.0,2.1600000858306885,1.9600000381469727,2.049999952316284,20253600,1.6819999957084655,2.8494999980926514,18.906064512657238,-29.812247715784345
2025-05-22,2.009999990463257,2.130000114440918,1.9900000095367432,2.0999999046325684,27342800,1.6869999957084656,2.845649998188019,19.14641349000985,-29.365874519243974
2025-05-23,1.9600000381469727,2.0199999809265137,1.8899999856948853,1.9199999570846558,18766200,1.6927999973297119,2.841099998950958,15.7845014909471,-31.01263458270814
2025-05-27,1.9800000190734863,2.0199999809265137,1.9500000476837158,2.0199999809265137,15383000,1.6975999975204468,2.8379499995708466,16.635251058289313,-30.2313282695995
2025-05-28,1.8899999856948853,1.9800000190734863,1.8600000143051147,1.9700000286102295,15338300,1.7003999972343444,2.832599999308586,11.150316911839585,-33.276848614127715
2025-05-29,1.809999942779541,1.909999966621399,1.809999942779541,1.909999966621399,14721200,1.704199995994568,2.827249998450279,6.20818841882631,-35.98019475562227
2025-05-30,1.7999999523162842,1.840000033378601,1.7599999904632568,1.7899999618530273,14183000,1.7065999960899354,2.8222999984025954,5.47286748156226,-36.222231749457066
2025-06-02,1.7699999809265137,1.840000033378601,1.7599999904632568,1.7799999713897705,13923500,1.7085999965667724,2.8169499987363817,3.5935844833850705,-37.16608453396424
2025-06-03,1.8799999952316284,1.8899999856948853,1.7599999904632568,1.7899999618530273,11703600,1.712999997138977,2.812299998998642,9.748978305404066,-33.15080198054873
2025-06-04,1.940000057220459,1.9600000381469727,1.850000023841858,1.8899999856948853,14568800,1.7159999990463257,2.8075999987125395,13.053616450968653,-30.901835798900468
2025-06-05,1.8200000524520874,1.9600000381469727,1.7999999523162842,1.9500000476837158,19076100,1.7162000012397767,2.8014499992132187,6.048249104843606,-35.03364140130181
2025-06-06,2.009999990463257,2.059999942779541,1.8600000143051147,1.8700000047683716,27014600,1.7228000020980836,2.796149999499321,16.670535640550945,-28.115444778600295
2025-06-09,2.009999990463257,2.119999885559082,1.9800000190734863,2.0999999046325684,14261000,1.7308000016212464,2.790799999833107,16.131268117661367,-27.977641157250343
2025-06-10,2.0199999809265137,2.069999933242798,1.9900000095367432,2.0399999618530273,18445200,1.7412000012397766,2.7843500000238417,16.011944606491202,-27.45165008317141
2025-06-11,2.0,2.049999952316284,1.9800000190734863,2.0199999809265137,17159300,1.7522000002861022,2.7785499995946883,14.142221188987358,-28.020010426598642
2025-06-12,1.9500000476837158,2.009999990463257,1.9199999570846558,1.9800000190734863,17348200,1.760400002002716,2.7701499992609024,10.77028206460473,-29.606698258072996
2025-06-13,1.8899999856948853,1.9600000381469727,1.8600000143051147,1.8700000047683716,16016100,1.7660000014305115,2.761799999475479,7.021516657074178,-31.566370263819465
2025-06-16,1.899999976158142,1.9800000190734863,1.8899999856948853,1.940000057220459,18221000,1.7744000005722045,2.754549999833107,7.0784476750132,-31.023216994672097
2025-06-17,1.7599999904632568,1.8799999952316284,1.7300000190734863,1.8700000047683716,12196800,1.7816000008583068,2.7478500002622606,-1.2123939371713077,-35.94992483959173
2025-06-18,1.7599999904632568,1.7899999618530273,1.7200000286102295,1.75,15642800,1.788400001525879,2.7406999999284745,-1.588012247729309,-35.78282955050941
2025-06-20,1.7000000476837158,1.809999942779541,1.6699999570846558,1.7999999523162842,24899800,1.7962000036239625,2.7336000007390977,-5.35574856620401,-37.810943546090215
2025-06-23,1.6699999570846558,1.7200000286102295,1.600000023841858,1.6799999475479126,18031900,1.7992000031471251,2.727900000810623,-7.180971867300756,-38.78074868622756
2025-06-24,1.850000023841858,1.850000023841858,1.7100000381469727,1.75,19494600,1.807600004673004,2.7231500011682512,2.345652747247251,-32.06396918832255
2025-06-25,1.7799999713897705,1.899999976158142,1.7699999809265137,1.8799999952316284,18746900,1.8136000037193298,2.7183000010252,-1.852670504005982,-34.51789829237215
2025-06-26,1.7899999618530273,1.7999999523162842,1.7000000476837158,1.75,28654200,1.8196000027656556,2.714350001215935,-1.626733395671487,-34.05419488823589
2025-06-27,1.7999999523162842,1.8200000524520874,1.7599999904632568,1.8200000524520874,28373700,1.826800000667572,2.709450001120567,-1.4670488472462329,-33.5658546357436
2025-06-30,1.7999999523162842,1.8600000143051147,1.7799999713897705,1.840000033378601,32054600,1.8335999989509582,2.703850000500679,-1.8324632773722316,-33.428261479631885
2025-07-01,2.069999933242798,2.109999895095825,1.7699999809265137,1.7899999618530273,33289300,1.8451999974250795,2.6991500002145767,12.182957735281796,-23.309192409527547
2025-07-02,2.25,2.299999952316284,1.9199999570846558,2.059999942779541,51681300,1.8605999970436096,2.695300000309944,20.928732859030717,-16.521351992681232
2025-07-03,2.309999942779541,2.450000047683716,2.25,2.299999952316284,23328100,1.8747999954223633,2.6914500004053115,23.21313998398715,-14.172659999937842
2025-07-07,2.2699999809265137,2.319999933242798,2.130000114440918,2.2799999713897705,32678300,1.8863999938964844,2.6880000001192093,20.335029064418,-15.550595951419567
2025-07-08,2.2200000286102295,2.440000057220459,2.180000066757202,2.319999933242798,23530300,1.8963999938964844,2.683850000500679,17.06391245281815,-17.28300656906747
2025-07-09,2.2100000381469727,2.259999990463257,2.0899999141693115,2.25,22975600,1.9047999954223633,2.6799500006437302,16.022681827912088,-17.535773517560948
2025-07-10,2.319999933242798,2.369999885559082,2.1600000858306885,2.2100000381469727,23755000,1.9161999940872192,2.676000000834465,21.072953783612157,-13.3034404888137
2025-07-11,2.299999952316284,2.4700000286102295,2.2799999713897705,2.450000047683716,24015800,1.9277999925613403,2.6719500011205675,19.306980038962784,-13.920546741080264
2025-07-14,2.299999952316284,2.509999990463257,2.2699999809265137,2.3499999046325684,34580800,1.9399999904632568,2.6678000003099442,18.55669915581093,-13.786642475107925
2025-07-15,2.1600000858306885,2.2799999713897705,2.119999885559082,2.259999990463257,25818200,1.9479999923706055,2.661700000166893,10.882961719219054,-18.848852774720935
2025-07-16,2.200000047683716,2.25,2.1600000858306885,2.200000047683716,37725300,1.9561999940872192,2.656500000357628,12.46294112735933,-17.184263226518215
2025-07-17,2.2200000286102295,2.25,2.1500000953674316,2.190000057220459,20389500,1.9661999940872192,2.6505500000715254,12.908149490704957,-16.243797379776936
2025-07-18,2.2300000190734863,2.3499999046325684,2.180000066757202,2.240000009536743,24981900,1.9761999940872192,2.64495000064373,12.842830975894937,-15.688386603499227
2025-07-21,2.2699999809265137,2.4800000190734863,2.2200000286102295,2.2300000190734863,40614100,1.9869999933242797,2.640649999976158,14.242576172774468,-14.036317537462029
2025-07-22,2.5,2.509999990463257,2.2699999809265137,2.309999942779541,44448100,2.0003999924659728,2.638349999785423,24.975005469688604,-5.243807675125556
2025-07-23,2.4000000953674316,2.5399999618530273,2.3299999237060547,2.5,31688400,2.0115999937057496,2.634850000739098,19.308018635761435,-8.913217272550188
2025-07-24,2.3499999046325684,2.4100000858306885,2.309999942779541,2.4000000953674316,30007900,2.0215999913215636,2.6311000007390977,16.244554546932033,-10.683748091200107
2025-07-25,2.2699999809265137,2.309999942779541,2.200000047683716,2.299999952316284,20552500,2.0277999901771544,2.6266000002622603,11.943978297790592,-13.576487447656316
2025-07-28,2.2200000286102295,2.319999933242798,2.200000047683716,2.319999933242798,16793500,2.0339999914169313,2.6223000007867814,9.14454464002854,-15.341493042590393
2025-07-29,2.1500000953674316,2.240000009536743,2.119999885559082,2.2300000190734863,33185400,2.040199992656708,2.618000001311302,5.381830364960649,-17.87623780402823
2025-07-30,2.190000057220459,2.2899999618530273,2.1600000858306885,2.1600000858306885,30642000,2.042599995136261,2.6144500011205674,7.216296016605295,-16.234769979084962
2025-07-31,2.140000104904175,2.2300000190734863,2.130000114440918,2.190000057220459,31412600,2.0435999989509583,2.6106000012159347,4.7171709729253,-18.02650333611313
2025-08-01,2.0299999713897705,2.119999885559082,1.9700000286102295,2.069999933242798,32909700,2.0425999999046325,2.6050000005960463,-0.6168622596421369,-22.072937776380453
2025-08-04,2.069999933242798,2.0799999237060547,1.9500000476837158,2.049999952316284,18134400,2.0439999985694883,2.5986000007390975,1.2720124604454819,-20.341725057567707
2025-08-05,2.069999933242798,2.0899999141693115,1.9900000095367432,2.059999942779541,11677200,2.045199997425079,2.592300000786781,1.2125922085342244,-20.148133602802975
2025-08-06,2.119999885559082,2.140000104904175,2.049999952316284,2.069999933242798,10333400,2.0483999943733213,2.585649999976158,3.495405749972469,-18.009015699006813
2025-08-07,2.0999999046325684,2.2200000286102295,2.059999942779541,2.1600000858306885,10209800,2.050799992084503,2.5796499997377396,2.3990595249640645,-18.593611348591278
2025-08-08,2.069999933242798,2.140000104904175,2.0399999618530273,2.0999999046325684,9168700,2.0543999910354613,2.5709499996900558,0.7593429845895727,-19.485017853620278
2025-08-11,2.119999885559082,2.2200000286102295,2.109999895095825,2.140000104904175,11585100,2.060599989891052,2.562399999499321,2.8826504881799275,-17.265068452493036
2025-08-12,2.1500000953674316,2.1700000762939453,2.0999999046325684,2.130000114440918,6304600,2.067599992752075,2.5538000005483625,3.985301939650232,-15.811727821059806
2025-08-13,2.2300000190734863,2.240000009536743,2.1500000953674316,2.1600000858306885,9107300,2.0767999935150145,2.546700000166893,7.3767346897559705,-12.43570036017797
2025-08-14,2.25,2.259999990463257,2.130000114440918,2.1700000762939453,15354900,2.084199993610382,2.539050000309944,7.955091013238569,-11.384179132930017
2025-08-15,2.2200000286102295,2.2799999713897705,2.1600000858306885,2.25,13996700,2.0897999930381777,2.5319999998807905,6.230262991950974,-12.322273747442747
2025-08-18,2.369999885559082,2.390000104904175,2.259999990463257,2.2899999618530273,23245100,2.1007999897003176,2.523299998641014,12.814161137594372,-6.075381966650639
2025-08-19,2.390000104904175,2.4600000381469727,2.3399999141693115,2.4100000858306885,21966800,2.1083999919891356,2.513849998116493,13.356104818107495,-4.926701804209199
2025-08-20,2.4000000953674316,2.4100000858306885,2.2300000190734863,2.380000114440918,14926200,2.116199994087219,2.504499998688698,13.410835557752844,-4.172485660849679
2025-08-21,2.3299999237060547,2.380000114440918,2.2899999618530273,2.3499999046325684,11089900,2.12239999294281,2.4976999980211256,9.781376340630189,-6.714180023539096
2025-08-22,2.5199999809265137,2.5299999713897705,2.2899999618530273,2.359999895095825,17068900,2.13279999256134,2.4925999981164932,18.154538152458176,1.0992531024121455
2025-08-25,2.640000104904175,2.6700000762939453,2.430000066757202,2.450000047683716,21798800,2.1465999937057494,2.488849998116493,22.985191122946567,6.073090258636271
2025-08-26,2.8499999046325684,2.8499999046325684,2.5999999046325684,2.6500000953674316,21528400,2.1657999920845032,2.4848999971151353,31.591094055252423,14.692740470091303
2025-08-27,2.940000057220459,3.0299999713897705,2.7899999618530273,2.859999895095825,34841700,2.1865999937057494,2.4792499965429307,34.45532176362451,18.584251742260726
2025-08-28,2.940000057220459,3.069999933242798,2.880000114440918,3.0399999618530273,26170700,2.2101999950408935,2.4713499969244004,33.019639119402974,18.963322106512415
2025-08-29,2.950000047683716,2.990000009536743,2.809999942779541,2.9200000762939453,26633900,2.2339999961853025,2.4628499966859816,32.050136648210795,19.779931853472398
2025-09-02,2.950000047683716,2.990000009536743,2.799999952316284,2.880000114440918,19293000,2.258999996185303,2.4513499969244004,30.588758418117813,20.341854544840565
2025-09-03,2.880000114440918,3.0199999809265137,2.8299999237060547,3.0,31408000,2.283199999332428,2.4395499986410143,26.138757677075365,18.05456399931391
2025-09-04,2.7100000381469727,2.869999885559082,2.700000047683716,2.869999885559082,15903200,2.3003999996185303,2.429749998450279,17.80560070406736,11.53411008850458
2025-09-05,2.6600000858306885,2.809999942779541,2.609999895095825,2.809999942779541,13060200,2.3180000019073486,2.421499999165535,14.754101969021916,9.849270565655255
2025-09-08,2.5999999046325684,2.700000047683716,2.5899999141693115,2.680000066757202,15091500,2.3342000007629395,2.4123499995470046,11.387194918291122,7.778718060016199
2025-09-09,2.990000009536743,3.0,2.6500000953674316,2.6700000762939453,28337900,2.3580000019073486,2.4056999987363814,26.802375195851557,24.288149441213424
2025-09-10,3.119999885559082,3.190000057220459,2.9600000381469727,3.009999990463257,31084200,2.384400000572205,2.3998499983549118,30.850523603856274,30.008120828294693
2025-09-11,3.380000114440918,3.569999933242798,3.1500000953674316,3.190000057220459,33150300,2.410600004196167,2.395949999690056,40.21405909554889,41.071396100843515
2025-09-12,3.809999942779541,3.819999933242798,3.4700000286102295,3.5899999141693115,49641800,2.4418000030517577,2.3949999994039537,56.032432550487734,59.081417274644664
2025-09-15,3.9600000381469727,4.329999923706055,3.9000000953674316,4.059999942779541,58513100,2.4748000049591066,2.394349998831749,60.01293155858094,65.38935577835888
2025-09-16,3.880000114440918,4.0,3.700000047683716,4.0,54609700,2.5070000076293946,2.3940999990701677,54.766657464425975,62.06508148982295
2025-09-17,3.880000114440918,4.0,3.740000009536743,3.7699999809265137,40870400,2.5402000093460084,2.3951999992132187,52.743882377980555,61.99065279373039
2025-09-18,3.8399999141693115,4.079999923706055,3.799999952316284,4.010000228881836,38377400,2.572800006866455,2.3941999989748,49.25372760886473,60.387599858558396
2025-09-19,3.7899999618530273,3.9100000858306885,3.7300000190734863,3.7899999618530273,30872500,2.6022000074386598,2.392749999165535,45.64598997075235,58.395150482698966
2025-09-22,3.819999933242798,3.869999885559082,3.5399999618530273,3.6500000953674316,29963500,2.63260000705719,2.3913999980688097,45.10369683972324,59.73906232030038
2025-09-23,3.7300000190734863,4.0,3.680000066757202,3.859999895095825,48128500,2.661200008392334,2.38969999730587,40.162333056913994,56.08653903329541
2025-09-24,4.050000190734863,4.139999866485596,3.7799999713897705,3.7899999618530273,58147600,2.6990000104904173,2.388249997496605,50.05558262294949,69.58024473904017
2025-09-25,3.5799999237060547,3.880000114440918,3.490000009536743,3.859999895095825,56985700,2.7266000080108643,2.3856499975919725,31.29905058269882,50.063920831623875
2025-09-26,3.5199999809265137,3.640000104904175,3.440000057220459,3.559999942779541,28032200,2.75260000705719,2.381499997973442,27.879095106511762,47.80600394381223
2025-09-29,3.8499999046325684,3.869999885559082,3.609999895095825,3.619999885559082,50400000,2.7850000047683716,2.3805499976873397,38.24057084526908,61.727328070100285
2025-09-30,4.03000020980835,4.039999961853027,3.740000009536743,3.7699999809265137,55373900,2.8202000093460082,2.3809999984502794,42.89767379806826,69.25662378964108
2025-10-01,4.159999847412109,4.170000076293945,3.9600000381469727,4.059999942779541,61510100,2.8534000062942506,2.3818999975919724,45.79098052273287,74.65048287576057
2025-10-02,4.360000133514404,4.420000076293945,4.130000114440918,4.179999828338623,61913900,2.89260000705719,2.3843999987840654,50.729451803814584,82.8552313260277
2025-10-03,4.449999809265137,4.690000057220459,4.349999904632568,4.420000076293945,64554900,2.934600005149841,2.3875999981164933,51.63905818360139,86.37962023687425
2025-10-06,5.570000171661377,5.599999904632568,4.690000057220459,4.699999809265137,72856600,3.0006000089645384,2.3958499985933304,85.62954592483321,132.48534653386804
2025-10-07,6.199999809265137,6.260000228881836,5.570000171661377,6.050000190734863,81901000,3.0802000045776365,2.4076499980688095,101.28562431176587,157.51250448521148
2025-10-08,6.539999961853027,6.630000114440918,6.119999885559082,6.300000190734863,46235300,3.1680000019073487,2.4233499974012376,106.43939261096934,169.8743462094382
2025-10-09,6.960000038146973,6.989999771118164,6.409999847412109,6.519999980926514,36670600,3.263400001525879,2.4424499970674516,113.27450005799662,184.9597759013923
2025-10-10,6.610000133514404,7.840000152587891,6.559999942779541,7.199999809265137,61950600,3.3528000020980837,2.4598499971628187,97.1486557318677,168.71557782541018
2025-10-13,6.760000228881836,6.869999885559082,6.28000020980835,6.800000190734863,34401000,3.447400007247925,2.478799998164177,96.08981303792403,172.7126123079053
2025-10-14,6.920000076293945,7.130000114440918,6.03000020980835,6.320000171661377,28891800,3.544400010108948,2.497749997973442,95.23755943340149,177.04934768926077
2025-10-15,6.809999942779541,7.079999923706055,6.340000152587891,7.03000020980835,28549500,3.6392000102996827,2.516649997830391,87.12903724735777,170.5978164882068
2025-10-16,5.840000152587891,6.769999980926514,5.820000171661377,6.730000019073486,33339800,3.713600015640259,2.5309999984502793,57.259805256140936,130.7388445738324
2025-10-17,5.710000038146973,5.820000171661377,4.96999979019165,4.96999979019165,37236600,3.785800018310547,2.5449499982595443,50.826774011563344,124.36590275062227
2025-10-20,5.590000152587891,6.139999866485596,5.489999771118164,6.130000114440918,22933900,3.8562000226974487,2.558649999499321,44.96136402897566,118.47459221393106
2025-10-21,5.5,5.710000038146973,5.269999980926514,5.489999771118164,32459400,3.9238000249862672,2.5706999999284745,40.17024223907153,113.9495079220846
2025-10-22,4.940000057220459,5.440000057220459,4.739999771118164,5.150000095367432,34044700,3.979600024223328,2.578850000500679,24.133079383638957,91.55825489118665
2025-10-23,5.119999885559082,5.170000076293945,4.909999847412109,4.96999979019165,14107400,4.037400021553039,2.5877000004053117,26.81428291045598,97.8590982245676
2025-10-24,6.03000020980835,6.059999942779541,5.260000228881836,5.440000057220459,31118700,4.113000025749207,2.602200000882149,46.60831928173768,131.727008214748
2025-10-27,5.900000095367432,6.300000190734863,5.880000114440918,6.260000228881836,24501100,4.18660002708435,2.6161000019311906,40.9258122867862,125.52655062926053
2025-10-28,5.570000171661377,5.949999809265137,5.519999980926514,5.860000133514404,17331500,4.250600032806396,2.628750002980232,31.04032674614803,111.88778565274862
2025-10-29,5.550000190734863,5.840000152587891,5.360000133514404,5.670000076293945,19176500,4.31380003452301,2.641950003504753,28.65687204596037,110.07211277171614
2025-10-30,5.300000190734863,5.550000190734863,5.210000038146973,5.25,14518100,4.371800036430359,2.6538500040769577,21.231532699798272,99.7098623732606
2025-10-31,5.199999809265137,5.449999809265137,4.920000076293945,5.360000133514404,23746800,4.429200034141541,2.6641500025987623,17.40268601964352,95.18419774384938
2025-11-03,5.380000114440918,5.590000152587891,5.079999923706055,5.429999828338623,25008300,4.486400036811829,2.67530000269413,19.91797588928579,101.09894624988046
2025-11-04,4.929999828338623,5.210000038146973,4.840000152587891,4.920000076293945,26305600,4.532200031280517,2.6839500015974043,8.77718976021702,83.68448836246722
2025-11-05,5.079999923706055,5.099999904632568,4.829999923706055,4.980000019073486,19291200,4.576800031661987,2.6937500017881395,10.994578932069675,88.58468381749967
2025-11-06,4.769999980926514,5.03000020980835,4.699999809265137,5.010000228881836,17173600,4.613400030136108,2.7018500012159348,3.3944585287954077,76.54569938300916
2025-11-07,4.699999809265137,4.739999771118164,4.440000057220459,4.480000019073486,21507500,4.648600025177002,2.7098000007867813,1.1057045951415878,73.4445275629385
2025-11-10,4.730000019073486,5.039999961853027,4.650000095367432,5.039999961853027,21921000,4.684200024604797,2.718000001311302,0.9777548829707161,74.02501901366787
2025-11-11,4.619999885559082,4.699999809265137,4.46999979019165,4.670000076293945,17047800,4.717600021362305,2.727200000882149,-2.0688514363504384,69.40451320272373
2025-11-12,4.099999904632568,4.760000228881836,4.039999961853027,4.699999809265137,23909900,4.742000017166138,2.7337500005960464,-13.538593635797469,49.97713411023814
2025-11-13,3.6600000858306885,4.039999961853027,3.640000104904175,3.9600000381469727,20215300,4.761000018119812,2.7377000015974047,-23.125392314615546,33.68886597125822
2025-11-14,3.309999942779541,3.549999952316284,3.2799999713897705,3.369999885559082,21454200,4.774000015258789,2.738850001692772,-30.666109505655026,20.85364078842451
2025-11-17,3.559999942779541,3.7899999618530273,3.2699999809265137,3.299999952316284,30574100,4.7932000160217285,2.7420000010728836,-25.728116271386515,29.832237103814464
2025-11-18,3.4800000190734863,3.680000066757202,3.4200000762939453,3.4600000381469727,21762600,4.803000016212463,2.7448500007390977,-27.545284044830474,26.782884971362254
2025-11-19,3.0799999237060547,3.5199999809265137,3.069999933242798,3.509999990463257,19241900,4.802200016975402,2.745649999976158,-35.862731397724055,12.177441543270252
2025-11-20,2.9200000762939453,3.3399999141693115,2.9200000762939453,3.259999990463257,21805100,4.7930000162124635,2.746050000786781,-39.077820437785114,6.33455601527011
2025-11-21,2.890000104904175,2.9600000381469727,2.740000009536743,2.8299999237060547,21011400,4.774600019454956,2.7462500017881393,-39.47136737887246,5.2344143112402985
2025-11-24,3.2100000381469727,3.2300000190734863,2.9200000762939453,2.9800000190734863,19915000,4.759600019454956,2.748150002360344,-32.55735723535514,16.805852496768846
2025-11-25,3.1700000762939453,3.200000047683716,2.9800000190734863,3.140000104904175,14493800,4.745400018692017,2.7498500031232833,-33.19846453813396,15.2790178625545
2025-11-26,3.200000047683716,3.2699999809265137,3.0199999809265137,3.1700000762939453,19350700,4.731800017356872,2.7522500032186508,-32.37245792413691,16.268509181267632
2025-11-28,3.359999895095825,3.559999942779541,3.259999990463257,3.319999933242798,17733400,4.722200016975403,2.75530000269413,-28.84672646187646,21.94678952601967
2025-12-01,3.1500000953674316,3.2200000286102295,2.950000047683716,3.119999885559082,25192800,4.709400019645691,2.756750003695488,-33.11249666142355,14.264989249833416
2025-12-02,3.1500000953674316,3.380000114440918,3.140000104904175,3.259999990463257,16028200,4.6960000228881835,2.7582500046491623,-32.92163373052786,14.202849272471884
2025-12-03,3.2799999713897705,3.309999942779541,3.0799999237060547,3.180000066757202,13148800,4.68700002193451,2.7606000047922135,-30.019202986135575,18.81474917394459
2025-12-04,3.319999933242798,3.369999885559082,3.190000057220459,3.2799999713897705,12192200,4.6724000167846675,2.7634500044584276,-28.94444137239195,20.139677862326334
2025-12-05,3.119999885559082,3.299999952316284,3.0799999237060547,3.2899999618530273,11490000,4.663200016021729,2.7656000036001207,-33.09315759908541,12.81457482996895
2025-12-08,3.0999999046325684,3.2100000381469727,2.990000009536743,3.180000066757202,14756300,4.65480001449585,2.7686500030756,-33.40208182996833,11.967923037902327
2025-12-09,3.2100000381469727,3.309999942779541,3.0299999713897705,3.069999933242798,11881700,4.642000017166137,2.77280000269413,-30.848771514942307,15.767456543134983
2025-12-10,3.180000066757202,3.2699999809265137,3.0899999141693115,3.180000066757202,9128500,4.625000014305114,2.77780000269413,-31.243242012508777,14.47908645953586
2025-12-11,3.259999990463257,3.259999990463257,3.0199999809265137,3.0899999141693115,7663100,4.607000017166138,2.7837500029802325,-29.23811638124215,17.108216864774484
2025-12-12,3.059999942779541,3.319999933242798,3.0,3.259999990463257,12815700,4.58100001335144,2.788850002884865,-33.20235900761638,9.722643369639506
2025-12-15,2.7799999713897705,3.069999933242798,2.75,3.069999933242798,15086800,4.547600016593933,2.7924000030755995,-38.86885475315091,-0.4440635894632394
2025-12-16,2.7799999713897705,2.8499999046325684,2.740000009536743,2.7699999809265137,9756800,4.491800012588501,2.7968000030517577,-38.10944468590149,-0.6006876302794506
2025-12-17,2.6600000858306885,2.9700000286102295,2.6500000953674316,2.8399999141693115,11846800,4.421000018119812,2.8006000036001204,-39.83261536013409,-5.020349838916416
2025-12-18,2.6700000762939453,2.9000000953674316,2.6600000858306885,2.759999990463257,9919000,4.343600020408631,2.8041500037908555,-38.53024993671583,-4.783978293442093
2025-12-19,2.8299999237060547,2.859999895095825,2.7200000286102295,2.740000009536743,11899700,4.261000018119812,2.808850003480911,-33.58366787910021,0.7529743560152014
2025-12-22,2.9200000762939453,3.0299999713897705,2.859999895095825,2.9600000381469727,10405600,4.187200016975403,2.813450003862381,-30.263659140811995,3.787167793466728
2025-12-23,2.8299999237060547,2.9200000762939453,2.8299999237060547,2.8499999046325684,5247100,4.108600010871887,2.818950003385544,-31.120091607420807,0.39198709828978107
2025-12-24,2.8499999046325684,2.869999885559082,2.7799999713897705,2.8399999141693115,4090800,4.02720000743866,2.8244000029563905,-29.231230150766784,0.9063837151034315
2025-12-26,2.7200000286102295,2.859999895095825,2.7100000381469727,2.8399999141693115,4780700,3.9454000091552732,2.8292000031471254,-31.058954166916198,-3.859747434448779
2025-12-29,2.7100000381469727,2.869999885559082,2.680000066757202,2.7200000286102295,7954800,3.882800006866455,2.834400003552437,-30.20500583716569,-4.38893470397792
2025-12-30,2.569999933242798,2.740000009536743,2.559999942779541,2.7100000381469727,7248700,3.8200000047683718,2.838550003170967,-32.72251492055609,-9.460818714772323
2025-12-31,2.5799999237060547,2.700000047683716,2.549999952316284,2.5899999141693115,7882500,3.759800000190735,2.8427000027894973,-31.379330720379507,-9.241217111396171
2026-01-02,2.7300000190734863,2.799999952316284,2.619999885559082,2.6600000858306885,10199400,3.7044000005722046,2.848250002861023,-26.30385437177968,-4.151671505968801
2026-01-05,2.990000009536743,3.009999990463257,2.859999895095825,2.9600000381469727,13711300,3.6653999996185305,2.854800003170967,-18.42636520303591,4.735883642132643
2026-01-06,3.049999952316284,3.0899999141693115,2.819999933242798,3.059999942779541,19672900,3.624000000953674,2.861700003147125,-15.838853435053501,6.5800031087143385
2026-01-07,3.059999942779541,3.259999990463257,3.0299999713897705,3.1500000953674316,18238500,3.564599995613098,2.868700003027916,-14.155867515417187,6.668523705849605
2026-01-08,3.1500000953674316,3.180000066757202,3.0,3.0199999809265137,11767900,3.5095999956130983,2.875500003695488,-10.246179071551076,9.546169059960574
2026-01-09,3.109999895095825,3.319999933242798,3.0999999046325684,3.200000047683716,10953300,3.460399990081787,2.8820000034570694,-10.125999768531969,7.911169027247089
2026-01-12,3.25,3.3299999237060547,3.0799999237060547,3.0899999141693115,12866600,3.4143999862670897,2.8898500037193298,-4.814901210412248,12.462584418469657
2026-01-13,3.5399999618530273,3.680000066757202,3.299999952316284,3.3499999046325684,21608400,3.379199981689453,2.8995000034570695,4.758522166041823,22.090014058709805
2026-01-14,3.430000066757202,3.630000114440918,3.4000000953674316,3.5799999237060547,17663600,3.3437999868392945,2.9091500037908555,2.5779077772946524,17.90385721903778
2026-01-15,3.4000000953674316,3.5299999713897705,3.309999942779541,3.450000047683716,10184600,3.304199986457825,2.918900004029274,2.8993435416210023,16.482239565385683
2026-01-16,3.4700000286102295,3.559999942779541,3.359999895095825,3.440000057220459,13459800,3.274999990463257,2.92855000436306,5.954199655414016,18.48867266874383
2026-01-20,3.190000057220459,3.380000114440918,3.109999895095825,3.2799999713897705,13350300,3.237199993133545,2.9364500045776367,-1.4580481902014775,8.634577542527966
2026-01-21,3.2300000190734863,3.380000114440918,3.0799999237060547,3.2300000190734863,11089000,3.2063999938964844,2.9452000045776368,0.7360287307237146,9.66997195617254
2026-01-22,3.069999933242798,3.3399999141693115,3.049999952316284,3.299999952316284,11383300,3.1737999963760375,2.95355000436306,-3.2705294363779225,3.9427105925992523
2026-01-23,3.2200000286102295,3.309999942779541,2.950000047683716,3.069999933242798,17535200,3.1435999965667722,2.962550004720688,2.4303356701519396,8.690149482010657
2026-01-26,3.0299999713897705,3.2100000381469727,3.0299999713897705,3.200000047683716,8522000,3.111799998283386,2.971150004863739,-2.628704509889468,1.9807134082659772
2026-01-27,3.0399999618530273,3.0899999141693115,2.9100000858306885,3.0,12423800,3.0905999994277953,2.9787500047683717,-1.6372237618629493,2.0562301967807617
2026-01-28,2.950000047683716,3.1500000953674316,2.880000114440918,3.0799999237060547,13547500,3.076399998664856,2.986350005269051,-4.108696887140728,-1.2172035267533965
2026-01-29,2.75,2.9000000953674316,2.680000066757202,2.890000104904175,14853500,3.065199999809265,2.992700005173683,-10.283178906070678,-8.109733844157818
2026-01-30,2.7899999618530273,2.799999952316284,2.640000104904175,2.690000057220459,30146100,3.049800000190735,2.9992000049352647,-8.518592639565203,-6.975194809882401
2026-02-02,2.4600000381469727,2.6700000762939453,2.450000047683716,2.609999895095825,12472700,3.0294000005722044,3.004300004839897,-18.795799904855127,-18.117363972175305
2026-02-03,2.4700000286102295,2.569999933242798,2.380000114440918,2.4700000286102295,9557800,3.017200002670288,3.0093500047922133,-18.13601927534716,-17.92247413305533
2026-02-04,2.2899999618530273,2.450000047683716,2.240000009536743,2.4200000762939453,11950300,3.00460000038147,3.0133500045537946,-23.783533197021754,-24.004846486721952
2026-02-05,2.009999990463257,2.299999952316284,2.0,2.190000057220459,11747000,2.986999998092651,3.016000004410744,-32.7084033563193,-33.35543807945173
2026-02-06,2.3299999237060547,2.369999885559082,2.2200000286102295,2.2200000286102295,13077800,2.969399995803833,3.0196500039100647,-21.53297208194711,-22.83874221552168
2026-02-09,2.380000114440918,2.430000066757202,2.2300000190734863,2.2699999809265137,10330100,2.9535999965667723,3.023100004196167,-19.420364395740776,-21.272861925262287
2026-02-10,2.299999952316284,2.390000104904175,2.299999952316284,2.3499999046325684,5171600,2.935599994659424,3.0260000038146972,-21.651452633173875,-23.992070409226308
2026-02-11,2.2300000190734863,2.319999933242798,2.190000057220459,2.299999952316284,5021400,2.912999997138977,3.0282000041007997,-23.446617876289178,-26.35889254165471
2026-02-12,2.140000104904175,2.2699999809265137,2.119999885559082,2.259999990463257,4130300,2.892799997329712,3.0301500046253205,-26.023226393820252,-29.37643015568179
2026-02-13,2.2100000381469727,2.2799999713897705,2.140000104904175,2.2100000381469727,8740800,2.8739999961853027,3.032600004673004,-23.10368681000925,-27.125237923183676
2026-02-17,2.119999885559082,2.240000009536743,2.0799999237060547,2.200000047683716,6838500,2.850799994468689,3.0347500038146973,-25.634913369143884,-30.14251971680597
2026-02-18,2.119999885559082,2.1500000953674316,2.0399999618530273,2.0999999046325684,8094000,2.8267999935150145,3.036550003290176,-25.003541445359012,-30.183929681315625
