Date,Close,High,Low,Open,Volume,SMA50,SMA200,ext_sma50_pct,ext_sma200_pct
2020-08-03,1.4299999475479126,1.4299999475479126,1.3300000429153442,1.3300000429153442,44600,,,,
2020-08-04,1.4299999475479126,1.4500000476837158,1.3700000047683716,1.4199999570846558,11200,,,,
2020-08-05,1.409999966621399,1.4500000476837158,1.409999966621399,1.409999966621399,12500,,,,
2020-08-06,1.4800000190734863,1.5,1.399999976158142,1.399999976158142,273200,,,,
2020-08-07,1.4700000286102295,1.4900000095367432,1.4500000476837158,1.4800000190734863,199000,,,,
2020-08-10,1.5499999523162842,1.559999942779541,1.440000057220459,1.4900000095367432,177300,,,,
2020-08-11,1.5499999523162842,1.5700000524520874,1.5299999713897705,1.5299999713897705,112800,,,,
2020-08-12,1.5399999618530273,1.590000033378601,1.5299999713897705,1.5800000429153442,168500,,,,
2020-08-13,1.6399999856948853,1.649999976158142,1.5299999713897705,1.5499999523162842,328300,,,,
2020-08-14,1.649999976158142,1.649999976158142,1.4500000476837158,1.649999976158142,125100,,,,
2020-08-17,1.6299999952316284,1.659999966621399,1.6100000143051147,1.649999976158142,182900,,,,
2020-08-18,1.6799999475479126,1.690000057220459,1.6100000143051147,1.649999976158142,141900,,,,
2020-08-19,2.450000047683716,2.680000066757202,1.6699999570846558,1.690000057220459,2641400,,,,
2020-08-20,2.509999990463257,2.5199999809265137,2.049999952316284,2.1700000762939453,554700,,,,
2020-08-21,2.440000057220459,2.6500000953674316,2.309999942779541,2.509999990463257,316000,,,,
2020-08-24,2.3499999046325684,2.5,2.299999952316284,2.440000057220459,143400,,,,
2020-08-25,2.2699999809265137,2.4700000286102295,2.2200000286102295,2.4100000858306885,111600,,,,
2020-08-26,1.7999999523162842,2.2799999713897705,1.7999999523162842,2.2799999713897705,324500,,,,
2020-08-27,2.119999885559082,2.319999933242798,1.899999976158142,1.909999966621399,278800,,,,
2020-08-28,2.0899999141693115,2.2699999809265137,2.069999933242798,2.130000114440918,153900,,,,
2020-08-31,2.0999999046325684,2.130000114440918,2.0,2.0899999141693115,84600,,,,
2020-09-01,2.140000104904175,2.240000009536743,2.0799999237060547,2.0999999046325684,116700,,,,
2020-09-02,2.2300000190734863,2.2899999618530273,2.130000114440918,2.1600000858306885,102700,,,,
2020-09-03,2.1700000762939453,2.259999990463257,2.0999999046325684,2.259999990463257,65600,,,,
2020-09-04,2.0199999809265137,2.2100000381469727,1.9600000381469727,2.2100000381469727,105800,,,,
2020-09-08,1.9299999475479126,2.049999952316284,1.8899999856948853,1.9500000476837158,24400,,,,
2020-09-09,1.9299999475479126,2.0399999618530273,1.8899999856948853,1.899999976158142,38000,,,,
2020-09-10,1.9800000190734863,2.0199999809265137,1.899999976158142,2.0199999809265137,10500,,,,
2020-09-11,2.0999999046325684,2.0999999046325684,1.9600000381469727,2.0,65300,,,,
2020-09-14,2.240000009536743,2.25,2.059999942779541,2.0899999141693115,55000,,,,
2020-09-15,2.2799999713897705,2.390000104904175,2.25,2.259999990463257,70200,,,,
2020-09-16,2.259999990463257,2.450000047683716,2.25,2.3299999237060547,47400,,,,
2020-09-17,2.0999999046325684,2.359999895095825,2.059999942779541,2.2899999618530273,111200,,,,
2020-09-18,2.2300000190734863,2.2300000190734863,2.049999952316284,2.109999895095825,33900,,,,
2020-09-21,2.2899999618530273,2.2899999618530273,2.049999952316284,2.200000047683716,24900,,,,
2020-09-22,2.2799999713897705,2.2899999618530273,2.1500000953674316,2.1600000858306885,14100,,,,
2020-09-23,2.2699999809265137,2.309999942779541,2.2100000381469727,2.299999952316284,15000,,,,
2020-09-24,2.2100000381469727,2.2899999618530273,2.119999885559082,2.200000047683716,19600,,,,
2020-09-25,2.25,2.369999885559082,2.25,2.369999885559082,34800,,,,
2020-09-28,2.3299999237060547,2.359999895095825,2.140000104904175,2.3399999141693115,24400,,,,
2020-09-29,3.25,3.450000047683716,2.319999933242798,2.319999933242798,2094600,,,,
2020-09-30,3.0899999141693115,3.2100000381469727,2.9000000953674316,2.9000000953674316,347000,,,,
2020-10-01,3.0899999141693115,3.8299999237060547,3.049999952316284,3.140000104904175,499100,,,,
2020-10-02,3.3499999046325684,3.5,2.9000000953674316,3.009999990463257,252800,,,,
2020-10-05,3.380000114440918,3.799999952316284,3.3399999141693115,3.3499999046325684,110000,,,,
2020-10-06,3.200000047683716,3.450000047683716,3.059999942779541,3.390000104904175,91600,,,,
2020-10-07,3.180000066757202,3.299999952316284,3.0999999046325684,3.2699999809265137,57200,,,,
2020-10-08,3.130000114440918,3.240000009536743,3.049999952316284,3.240000009536743,97500,,,,
2020-10-09,3.1500000953674316,3.299999952316284,3.0899999141693115,3.190000057220459,45100,,,,
2020-10-12,3.069999933242798,3.25,3.009999990463257,3.2100000381469727,47300,2.234399983882904,,37.39706209215963,
2020-10-13,2.8499999046325684,3.1500000953674316,2.7899999618530273,3.049999952316284,67500,2.262799983024597,,25.95014698661451,
2020-10-14,2.9100000858306885,3.109999895095825,2.8499999046325684,2.8499999046325684,71500,2.2923999857902526,,26.941201529781566,
2020-10-15,2.950000047683716,2.9600000381469727,2.7300000190734863,2.9100000858306885,56900,2.323199987411499,,26.980030288765413,
2020-10-16,2.9000000953674316,3.0999999046325684,2.819999933242798,2.950000047683716,20200,2.351599988937378,,23.320297202325648,
2020-10-19,2.7699999809265137,2.990000009536743,2.75,2.990000009536743,38700,2.3775999879837038,,16.50403747165141,
2020-10-20,2.680000066757202,2.859999895095825,2.640000104904175,2.8499999046325684,28000,2.400199990272522,,11.657365120350294,
2020-10-21,2.809999942779541,2.859999895095825,2.6500000953674316,2.6500000953674316,20600,2.4253999900817873,,15.857176311969257,
2020-10-22,2.609999895095825,2.819999933242798,2.5,2.809999942779541,107000,2.446799988746643,,6.669932446451421,
2020-10-23,2.6600000858306885,2.690000057220459,2.5999999046325684,2.609999895095825,20200,2.467199990749359,,7.814530471961079,
2020-10-26,2.450000047683716,2.6500000953674316,2.440000057220459,2.630000114440918,69100,2.4831999921798706,,-1.336982305118739,
2020-10-27,2.4800000190734863,2.549999952316284,2.440000057220459,2.440000057220459,31700,2.500199992656708,,-0.8079343109571369,
2020-10-28,2.569999933242798,2.5799999237060547,2.4000000953674316,2.4800000190734863,45800,2.5179999923706053,,2.065128714445952,
2020-10-29,2.5999999046325684,2.5999999046325684,2.5,2.5799999237060547,39700,2.5209999895095825,,3.1336737584974683,
2020-10-30,2.5999999046325684,2.6500000953674316,2.509999990463257,2.5899999141693115,58400,2.5227999877929688,,3.0600886797663485,
2020-11-02,2.9200000762939453,2.9200000762939453,2.5999999046325684,2.5999999046325684,22900,2.5323999881744386,,15.305642470758363,
2020-11-03,2.759999990463257,2.990000009536743,2.759999990463257,2.9000000953674316,61900,2.540599989891052,,8.635755390269573,
2020-11-04,2.7899999618530273,2.799999952316284,2.5999999046325684,2.759999990463257,19600,2.5509999895095827,,9.36887390538137,
2020-11-05,2.9600000381469727,3.0,2.6500000953674316,2.700000047683716,48700,2.5741999912261964,,14.987182357071017,
2020-11-06,2.8399999141693115,2.950000047683716,2.700000047683716,2.950000047683716,22100,2.588599991798401,,9.711810367280926,
2020-11-09,2.869999885559082,2.890000104904175,2.6700000762939453,2.8399999141693115,39800,2.604199991226196,,10.20658533247798,
2020-11-10,2.940000057220459,2.9800000190734863,2.759999990463257,2.799999952316284,37600,2.620999994277954,,12.170929555090847,
2020-11-11,2.990000009536743,3.140000104904175,2.9000000953674316,2.9700000286102295,97000,2.6379999923706055,,13.343442690832518,
2020-11-12,3.6700000762939453,4.349999904632568,3.119999885559082,3.1500000953674316,2405200,2.666799993515015,,37.61812228957777,
2020-11-13,4.239999771118164,4.349999904632568,3.509999990463257,3.5899999141693115,554900,2.708199987411499,,56.56154607587756,
2020-11-16,3.990000009536743,4.269999980926514,3.700000047683716,4.239999771118164,414600,2.7475999879837034,,45.217645471921905,
2020-11-17,3.930000066757202,4.039999961853027,3.799999952316284,4.039999961853027,184700,2.787599990367889,,40.9814923352237,
2020-11-18,3.75,3.930000066757202,3.619999885559082,3.930000066757202,92400,2.8239999914169314,,32.79036867554845,
2020-11-19,3.890000104904175,4.0,3.6500000953674316,3.700000047683716,151000,2.862199993133545,,35.9094442818928,
2020-11-20,3.759999990463257,4.019999980926514,3.7200000286102295,3.950000047683716,212900,2.8953999948501585,,29.861158981518976,
2020-11-23,4.0,4.230000019073486,3.7899999618530273,3.8499999046325684,518000,2.9305999946594237,,36.49082124102219,
2020-11-24,4.039999961853027,4.099999904632568,3.819999933242798,4.019999980926514,305400,2.965799994468689,,36.21956872977798,
2020-11-25,3.9200000762939453,4.070000171661377,3.7300000190734863,4.039999961853027,214300,2.9989999961853027,,30.71023945582345,
2020-11-27,4.349999904632568,4.460000038146973,3.9100000858306885,3.9600000381469727,557100,3.0439999961853026,,42.90407063350612,
2020-11-30,5.199999809265137,5.340000152587891,4.300000190734863,4.380000114440918,1028200,3.1033999919891357,,67.55815630237782,
2020-12-01,5.159999847412109,5.75,5.059999942779541,5.309999942779541,658300,3.160799989700317,,63.24980587909141,
2020-12-02,5.380000114440918,5.440000057220459,5.010000228881836,5.119999885559082,195600,3.2227999925613404,,66.93558790054264,
2020-12-03,5.369999885559082,5.489999771118164,5.210000038146973,5.460000038146973,353700,3.2847999906539918,,63.48026975273873,
2020-12-04,5.309999942779541,5.400000095367432,5.039999961853027,5.369999885559082,312200,3.346799988746643,,58.65901639279332,
2020-12-07,5.929999828338623,6.090000152587891,5.239999771118164,5.360000133514404,871800,3.4203999853134155,,73.37153121859956,
2020-12-08,5.599999904632568,5.989999771118164,5.400000095367432,5.989999771118164,409000,3.485799984931946,,60.65178520969838,
2020-12-09,5.369999885559082,5.769999980926514,5.110000133514404,5.579999923706055,347100,3.5281999826431276,,52.20225361307842,
2020-12-10,5.579999923706055,5.889999866485596,5.119999885559082,5.300000190734863,293900,3.5779999828338624,,55.953045010541324,
2020-12-11,5.190000057220459,5.71999979019165,5.130000114440918,5.639999866485596,198800,3.6199999856948852,,43.37016789308636,
2020-12-14,5.150000095367432,5.46999979019165,5.050000190734863,5.210000038146973,241600,3.6559999895095827,,40.864335616649015,
2020-12-15,5.190000057220459,5.349999904632568,5.130000114440918,5.239999771118164,125100,3.6921999883651733,,40.566601851880705,
2020-12-16,5.289999961853027,5.429999828338623,5.150000095367432,5.21999979019165,169400,3.7339999866485596,,41.6711296402829,
2020-12-17,5.130000114440918,5.349999904632568,5.039999961853027,5.349999904632568,211300,3.7729999876022338,,35.966078221512696,
2020-12-18,5.099999904632568,5.199999809265137,4.789999961853027,5.170000076293945,342200,3.812399983406067,,33.77399871028581,
2020-12-21,5.869999885559082,5.900000095367432,5.0,5.079999923706055,520800,3.8667999792098997,,51.805108025227995,
2020-12-22,5.769999980926514,6.25,5.610000133514404,5.900000095367432,375000,3.920799980163574,,47.16384437152013,
2020-12-23,5.769999980926514,5.869999885559082,5.210000038146973,5.699999809265137,216500,3.979199981689453,,45.0040210966411,
2020-12-24,5.679999828338623,5.789999961853027,5.659999847412109,5.760000228881836,69800,4.034599976539612,,40.782230242568794,
2020-12-28,5.429999828338623,5.75,5.360000133514404,5.75,123100,4.08419997215271,,32.951370289456364,
2020-12-29,5.309999942779541,5.559999942779541,5.269999980926514,5.5,136700,4.132399969100952,,28.49675690842648,
2020-12-30,5.429999828338623,5.599999904632568,5.329999923706055,5.360000133514404,57000,4.185599966049194,,29.730501538206553,
2020-12-31,5.300000190734863,5.53000020980835,5.269999980926514,5.409999847412109,101900,4.237999968528747,,25.05899551893571,
2021-01-04,5.289999961853027,5.409999847412109,4.869999885559082,5.349999904632568,186000,4.287599968910217,,23.37904655777836,
2021-01-05,5.420000076293945,5.429999828338623,5.090000152587891,5.28000020980835,115600,4.34379997253418,,24.77554469737493,
2021-01-06,5.570000171661377,5.809999942779541,5.369999885559082,5.409999847412109,203600,4.401999974250794,,26.53339855162933,
2021-01-07,6.239999771118164,6.440000057220459,5.570000171661377,5.639999866485596,478200,4.4777999687194825,,39.35414298782574,
2021-01-08,6.429999828338623,6.679999828338623,6.079999923706055,6.5,401800,4.556799964904785,,41.107792263445965,
2021-01-11,6.179999828338623,6.449999809265137,6.039999961853027,6.449999809265137,149300,4.628999962806701,,33.506154201641095,
2021-01-12,6.320000171661377,6.400000095367432,6.110000133514404,6.190000057220459,101900,4.703399968147278,,34.37088519926355,
2021-01-13,6.460000038146973,6.539999961853027,6.25,6.320000171661377,156800,4.7805999708175655,,35.129483277853105,
2021-01-14,6.050000190734863,6.78000020980835,6.050000190734863,6.429999828338623,358100,4.843199973106384,,24.91741460872301,
2021-01-15,5.059999942779541,6.0,4.889999866485596,5.980000019073486,605300,4.88919997215271,,3.493413474589957,
2021-01-19,5.400000095367432,5.489999771118164,5.079999923706055,5.090000152587891,376100,4.941399974822998,,9.280773118570739,
2021-01-20,5.480000019073486,5.619999885559082,5.300000190734863,5.489999771118164,297000,4.991799974441529,,9.780040208573793,
2021-01-21,5.579999923706055,5.619999885559082,5.300000190734863,5.449999809265137,390200,5.046599974632263,,10.569491375481155,
2021-01-22,5.5,5.699999809265137,5.449999809265137,5.559999942779541,143800,5.099199976921081,,7.860056967621087,
2021-01-25,5.380000114440918,5.510000228881836,5.050000190734863,5.440000057220459,303600,5.14799997806549,,4.5066071749015,
2021-01-26,5.230000019073486,5.429999828338623,5.090000152587891,5.429999828338623,164700,5.192799978256225,,0.7163773103725957,
2021-01-27,5.159999847412109,5.300000190734863,4.880000114440918,5.090000152587891,238500,5.222599973678589,,-1.1986391181016853,
2021-01-28,5.190000057220459,5.199999809265137,4.960000038146973,5.150000095367432,134800,5.241599979400635,,-0.9844307536432173,
2021-01-29,5.099999904632568,5.239999771118164,4.809999942779541,5.199999809265137,225600,5.2637999773025514,,-3.111821751895727,
2021-02-01,5.539999961853027,5.570000171661377,5.019999980926514,5.230000019073486,193500,5.2959999752044675,,4.607250524753637,
2021-02-02,5.96999979019165,6.090000152587891,5.559999942779541,5.599999904632568,345300,5.340399971008301,,11.789375750904242,
2021-02-03,6.440000057220459,6.599999904632568,5.96999979019165,5.989999771118164,503800,5.391399970054627,,19.449495362801052,
2021-02-04,6.46999979019165,6.690000057220459,6.210000038146973,6.610000133514404,407800,5.445599966049194,,18.811514443387644,
2021-02-05,6.659999847412109,6.659999847412109,6.300000190734863,6.440000057220459,183200,5.4987999629974365,,21.117332731298234,
2021-02-08,7.110000133514404,7.230000019073486,6.53000020980835,6.699999809265137,582400,5.560199966430664,,27.87310126327389,
2021-02-09,7.110000133514404,7.309999942779541,7.010000228881836,7.050000190734863,226000,5.623999967575073,,26.42247820958039,
2021-02-10,7.159999847412109,7.349999904632568,6.900000095367432,7.239999771118164,220800,5.680199966430664,,26.05189763964111,
2021-02-11,6.730000019073486,7.25,6.679999828338623,7.25,167200,5.710799970626831,,17.846887540954892,
2021-02-12,6.739999771118164,7.170000076293945,6.519999980926514,6.75,238800,5.742399969100952,,17.372523812084783,
2021-02-16,7.079999923706055,7.150000095367432,6.75,7.099999904632568,128400,5.776399965286255,,22.56768863399159,
2021-02-17,6.710000038146973,7.079999923706055,6.360000133514404,7.079999923706055,157800,5.803199968338013,,15.625862881796571,
2021-02-18,6.599999904632568,6.739999771118164,6.300000190734863,6.599999904632568,118600,5.828999967575073,,13.226967599010631,
2021-02-19,6.849999904632568,7.019999980926514,6.570000171661377,6.670000076293945,83300,5.847399969100952,,17.146081007449343,
2021-02-22,6.449999809265137,6.880000114440918,6.420000076293945,6.710000038146973,211300,5.864399967193603,,9.985673646877324,
2021-02-23,6.099999904632568,6.199999809265137,5.380000114440918,5.909999847412109,224100,5.878999967575073,,3.7591416614457307,
2021-02-24,6.099999904632568,6.329999923706055,6.010000228881836,6.170000076293945,81200,5.8893999671936035,,3.5759150102233406,
2021-02-25,5.800000190734863,6.289999961853027,5.71999979019165,6.150000095367432,173500,5.9015999698638915,,-1.7215632988992868,
2021-02-26,5.849999904632568,6.150000095367432,5.639999866485596,5.929999828338623,119900,5.915599966049195,,-1.1089333591371653,
2021-03-01,6.300000190734863,6.480000019073486,5.909999847412109,5.989999771118164,137800,5.9377999687194825,,6.09990609187685,
2021-03-02,6.159999847412109,6.489999771118164,5.980000019073486,6.460000038146973,130500,5.955199966430664,,3.4390093050762127,
2021-03-03,6.0,6.289999961853027,5.869999885559082,6.150000095367432,133400,5.972599964141846,,0.4587622814629766,
2021-03-04,5.570000171661377,6.130000114440918,5.199999809265137,5.909999847412109,160000,5.9819999694824215,,-6.88732530797207,
2021-03-05,5.380000114440918,5.579999923706055,4.96999979019165,5.579999923706055,105700,5.972199974060058,,-9.915941565776931,
2021-03-08,5.5,5.820000171661377,5.21999979019165,5.349999904632568,92800,5.966799974441528,,-7.823288470219236,
2021-03-09,5.769999980926514,5.989999771118164,5.53000020980835,5.53000020980835,83800,5.966799974441528,,-3.2982502238720457,
2021-03-10,5.949999809265137,6.130000114440918,5.760000228881836,5.880000114440918,128800,5.972199974060058,,-0.3717250743670131,
2021-03-11,7.820000171661377,8.0,6.510000228881836,6.880000114440918,956200,6.019999980926514,,29.900335489001662,
2021-03-12,8.3100004196167,8.779999732971191,7.699999809265137,7.75,538700,6.079999990463257,,36.6776386949226,
2021-03-15,9.449999809265137,9.449999809265137,8.180000305175781,8.600000381469727,424900,6.160399990081787,,53.39912707745582,
2021-03-16,9.369999885559082,9.489999771118164,9.029999732971191,9.489999771118164,250300,6.241799983978272,,50.11695199478374,
2021-03-17,8.4399995803833,9.399999618530273,7.610000133514404,9.34000015258789,764600,6.304799976348877,,33.86625447348326,
2021-03-18,7.409999847412109,8.420000076293945,7.300000190734863,8.229999542236328,561300,6.34459997177124,,16.79223087950552,
2021-03-19,7.449999809265137,7.739999771118164,7.159999847412109,7.690000057220459,335900,6.382199964523315,,16.73090549774987,
2021-03-22,7.400000095367432,7.739999771118164,7.170000076293945,7.400000095367432,161800,6.4053999710083005,,15.52752566367166,
2021-03-23,7.239999771118164,7.539999961853027,7.099999904632568,7.28000020980835,195400,6.421599969863892,,12.744484320028704,
2021-03-24,6.869999885559082,7.400000095367432,6.840000152587891,7.360000133514404,147200,6.435399971008301,,6.753269672571549,
2021-03-25,6.880000114440918,6.96999979019165,6.440000057220459,6.78000020980835,192800,6.446599969863891,,6.722925985838346,
2021-03-26,6.929999828338623,7.059999942779541,6.670000076293945,6.900000095367432,59100,6.455999965667725,,7.34200534683358,
2021-03-29,6.420000076293945,7.019999980926514,6.349999904632568,6.920000076293945,125400,6.463399963378906,,-0.6714714752430795,
2021-03-30,6.599999904632568,6.71999979019165,6.269999980926514,6.340000152587891,102700,6.4941999626159665,,1.6291451237356647,
2021-03-31,6.300000190734863,6.800000190734863,6.289999961853027,6.71999979019165,94100,6.512199964523315,,-3.2584959759291543,
2021-04-01,6.619999885559082,6.639999866485596,6.340000152587891,6.380000114440918,79100,6.5349999618530275,,1.3006874399728696,
2021-04-05,6.800000190734863,6.929999828338623,6.590000152587891,6.929999828338623,117100,6.559399967193603,,3.6680218426167865,
2021-04-06,6.599999904632568,6.849999904632568,6.539999961853027,6.78000020980835,74100,6.581399965286255,,0.2826137211599189,
2021-04-07,6.989999771118164,7.239999771118164,6.380000114440918,6.409999847412109,219900,6.6135999584198,,5.691299973763431,
2021-04-08,6.980000019073486,7.210000038146973,6.659999847412109,7.119999885559082,109600,6.6485999584197994,,4.984508960175904,
2021-04-09,7.190000057220459,7.190000057220459,6.840000152587891,7.050000190734863,65400,6.689199962615967,,7.486696427126138,
2021-04-12,6.940000057220459,7.170000076293945,6.699999809265137,7.170000076293945,92000,6.724199962615967,,3.2093051337595435,
2021-04-13,7.090000152587891,7.130000114440918,6.71999979019165,6.909999847412109,79800,6.7639999675750735,,4.819636111407166,
2021-04-14,6.849999904632568,7.190000057220459,6.849999904632568,7.150000095367432,69300,6.790199966430664,,0.8806800756611333,
2021-04-15,7.039999961853027,7.050000190734863,6.769999980926514,6.849999904632568,93000,6.811599969863892,,3.353103426502302,
2021-04-16,6.96999979019165,7.099999904632568,6.829999923706055,7.099999904632568,75100,6.822199964523316,,2.166454024169928,
2021-04-19,6.539999961853027,6.989999771118164,6.440000057220459,6.949999809265137,139300,6.823599967956543,,-4.156164010717134,
2021-04-20,6.349999904632568,6.550000190734863,6.110000133514404,6.519999980926514,165000,6.817399969100952,,-6.855987129797558,
2021-04-21,6.429999828338623,6.619999885559082,6.289999961853027,6.289999961853027,111300,6.803799962997436,,-5.493990662449377,
2021-04-22,6.139999866485596,6.630000114440918,6.130000114440918,6.349999904632568,113100,6.78439995765686,,-9.49826211887752,
2021-04-23,6.409999847412109,6.599999904632568,6.099999904632568,6.099999904632568,67100,6.76939995765686,,-5.309187113966196,
2021-04-26,6.519999980926514,6.670000076293945,6.230000019073486,6.400000095367432,75900,6.7651999568939205,,-3.624430578988891,
2021-04-27,6.510000228881836,6.710000038146973,6.420000076293945,6.460000038146973,62400,6.760599966049194,,-3.7067677192236803,
2021-04-28,6.539999961853027,6.619999885559082,6.429999828338623,6.46999979019165,34600,6.749799966812134,,-3.1082403329086072,
2021-04-29,6.510000228881836,6.710000038146973,6.400000095367432,6.630000114440918,60500,6.745799970626831,,-3.4955045031239584,
2021-04-30,6.269999980926514,6.510000228881836,6.230000019073486,6.449999809265137,79900,6.73919997215271,,-6.9622506108290905,
2021-05-03,6.400000095367432,6.570000171661377,6.25,6.300000190734863,52200,6.730199975967407,,-4.906241742876471,
2021-05-04,6.5,6.53000020980835,6.119999885559082,6.309999942779541,53700,6.7311999797821045,,-3.4347513144244557,
2021-05-05,6.309999942779541,6.559999942779541,6.269999980926514,6.5,66900,6.7353999805450435,,-6.315883822701773,
2021-05-06,6.510000228881836,6.559999942779541,5.5,6.300000190734863,232200,6.743599987030029,,-3.4640215700438293,
2021-05-07,6.710000038146973,6.789999961853027,6.409999847412109,6.559999942779541,86300,6.761799983978271,,-0.7660674074068452,
2021-05-10,6.340000152587891,6.690000057220459,6.269999980926514,6.659999847412109,101000,6.771599988937378,,-6.373675897196874,
2021-05-11,6.25,6.429999828338623,6.010000228881836,6.190000057220459,174700,6.770599985122681,,-7.68912631475227,
2021-05-12,6.070000171661377,6.320000171661377,6.0,6.199999809265137,111700,6.768799991607666,,-10.323836142487586,
2021-05-13,5.960000038146973,6.289999961853027,5.760000228881836,6.119999885559082,194400,6.767999992370606,,-11.93853361605306,
2021-05-14,6.25,6.25,5.929999828338623,5.989999771118164,144600,6.781599988937378,,-7.838857936247512,
2021-05-17,6.420000076293945,6.449999809265137,6.099999904632568,6.199999809265137,77400,6.802399988174439,,-5.621544051294725,
2021-05-18,6.610000133514404,6.840000152587891,6.400000095367432,6.440000057220459,126200,6.824599990844726,4.736649982333184,-3.144504551449312,39.55010731568651
2021-05-19,6.78000020980835,6.78000020980835,6.329999923706055,6.5,79500,6.844799995422363,4.763399983644486,-0.9467009358542278,42.33531160700386
2021-05-20,6.610000133514404,6.829999923706055,6.519999980926514,6.789999961853027,105600,6.858000001907349,4.789299984574318,-3.6162127198012595,38.015997218890305
2021-05-21,6.599999904632568,6.760000228881836,6.53000020980835,6.659999847412109,51100,6.833599996566773,4.815249984264374,-3.4184045313094935,37.064533019065074
2021-05-24,6.519999980926514,6.679999828338623,6.429999828338623,6.639999866485596,62700,6.797799987792969,4.840449984073639,-4.086616366549611,34.698220255948065
2021-05-25,6.46999979019165,6.730000019073486,6.409999847412109,6.570000171661377,94700,6.738199987411499,4.865449982881546,-3.9802944068283552,32.97844624763393
2021-05-26,6.5,6.550000190734863,6.409999847412109,6.409999847412109,41100,6.680799989700318,4.890199983119965,-2.706262573030982,32.91889948134548
2021-05-27,6.420000076293945,6.590000152587891,6.360000133514404,6.510000228881836,43100,6.640399999618531,4.914549983739853,-3.3190760095362704,30.63251157349063
2021-05-28,6.260000228881836,6.420000076293945,6.179999828338623,6.420000076293945,48500,6.617400007247925,4.938149985074997,-5.40090939001171,26.768126683109728
2021-06-01,6.349999904632568,6.570000171661377,6.260000228881836,6.28000020980835,92300,6.595400009155274,4.961699984669686,-3.7207766652827434,27.98032779596418
2021-06-02,6.300000190734863,6.409999847412109,6.210000038146973,6.320000171661377,40900,6.573400011062622,4.984949985742569,-4.159184286178297,26.380409206781685
2021-06-03,6.449999809265137,6.480000019073486,6.199999809265137,6.300000190734863,87800,6.557600011825562,5.009049984812736,-1.6408472972792687,28.76692843595712
2021-06-04,7.179999828338623,7.210000038146973,6.449999809265137,6.449999809265137,210100,6.5638000106811525,5.03654998421669,9.38785180314361,42.557898776721714
2021-06-07,7.039999961853027,7.21999979019165,6.889999866485596,7.090000152587891,144700,6.567000007629394,5.0594999837875365,7.20267936156711,39.144183899826615
2021-06-08,7.269999980926514,7.820000171661377,7.019999980926514,7.079999923706055,270600,6.573800010681152,5.0832999837398525,10.590525557731766,43.01733134344505
2021-06-09,7.110000133514404,7.5,7.050000190734863,7.300000190734863,141100,6.587600011825561,5.106649984121322,7.930052230722429,39.230222467220635
2021-06-10,7.159999847412109,7.190000057220459,6.920000076293945,7.119999885559082,63900,6.598800010681153,5.13069998383522,8.504574101693807,39.552105365162646
2021-06-11,7.239999771118164,7.360000133514404,7.03000020980835,7.239999771118164,68300,6.617600002288818,5.155549982786178,9.40521894061408,40.43118183882879
2021-06-14,7.440000057220459,7.46999979019165,7.210000038146973,7.320000171661377,122500,6.634000005722046,5.183749983310699,12.149533476080965,43.52544164309335
2021-06-15,7.340000152587891,7.650000095367432,7.320000171661377,7.5,75500,6.644800004959106,5.209849984645843,10.462318611695576,40.88697705730296
2021-06-16,7.340000152587891,7.53000020980835,7.099999904632568,7.329999923706055,87800,6.659600009918213,5.236099985837936,10.21683196673,40.180672111693184
2021-06-17,7.610000133514404,7.769999980926514,7.199999809265137,7.289999961853027,220400,6.6720000171661376,5.263649986982346,14.058754705259613,44.57648499301572
2021-06-18,7.329999923706055,7.699999809265137,7.269999980926514,7.559999942779541,116800,6.679000015258789,5.289599986076355,9.746966715975391,38.573804125086575
2021-06-21,7.139999866485596,7.460000038146973,7.110000133514404,7.340000152587891,141600,6.678000011444092,5.314149985313415,6.918236811167633,34.35826776094457
2021-06-22,7.190000057220459,7.349999904632568,6.900000095367432,7.150000095367432,116000,6.683000011444092,5.339249985218048,7.586413959421989,34.663109558951064
2021-06-23,7.420000076293945,7.460000038146973,7.110000133514404,7.190000057220459,63600,6.6896000099182125,5.3662499856948855,10.918441540492974,38.2716067286067
2021-06-24,7.420000076293945,7.480000019073486,7.170000076293945,7.480000019073486,66200,6.7010000133514405,5.393699986338615,10.729742747499316,37.56790505752316
2021-06-25,7.75,7.75,7.340000152587891,7.449999809265137,127800,6.71520001411438,5.422799986600876,15.40981629304592,42.91509956386685
2021-06-28,7.550000190734863,8.0,7.420000076293945,7.909999847412109,150500,6.726800022125244,5.450649987459183,12.23761916367392,38.51559370177593
2021-06-29,7.510000228881836,7.630000114440918,7.440000057220459,7.630000114440918,33900,6.746200027465821,5.477699989080429,11.321932321993922,37.10134260460984
2021-06-30,7.0,7.489999771118164,6.909999847412109,7.489999771118164,118500,6.759200029373169,5.501499989032745,3.562551331228514,27.238026246560352
2021-07-01,7.139999866485596,7.239999771118164,6.989999771118164,7.019999980926514,66200,6.773400030136108,5.525799988508225,5.412345863501589,29.212057644763732
2021-07-02,7.019999980926514,7.159999847412109,6.940000057220459,7.159999847412109,39400,6.791000032424927,5.549599988460541,3.3721093713471095,26.495603206058504
2021-07-06,6.809999942779541,7.03000020980835,6.690000057220459,6.940000057220459,70300,6.799000034332275,5.573149988651275,0.16178715092984852,22.193013944481834
2021-07-07,6.679999828338623,6.800000190734863,6.550000190734863,6.800000190734863,48800,6.802200031280518,5.5953999876976015,-1.7964805853980526,19.383776727770872
2021-07-08,6.760000228881836,6.789999961853027,6.409999847412109,6.539999961853027,43300,6.807200031280518,5.617749989032745,-0.6933805703048024,20.33287779055759
2021-07-09,6.929999828338623,6.949999809265137,6.699999809265137,6.769999980926514,21600,6.815000028610229,5.64099998831749,1.6874511994953822,22.85055562295075
2021-07-12,7.010000228881836,7.010000228881836,6.75,6.960000038146973,25000,6.82500002861023,5.664699989557266,2.7106256336423495,23.74883474508089
2021-07-13,6.900000095367432,7.010000228881836,6.769999980926514,6.909999847412109,37800,6.837600030899048,5.688149989843368,0.9126018513279321,21.304819804117603
2021-07-14,6.599999904632568,6.900000095367432,6.579999923706055,6.880000114440918,26900,6.84160002708435,5.709899989366531,-3.531339474616202,15.588712883301948
2021-07-15,6.46999979019165,6.610000133514404,6.300000190734863,6.539999961853027,80400,6.841000022888184,5.730599988698959,-5.4231871284207696,12.902659458884337
2021-07-16,6.260000228881836,6.519999980926514,6.260000228881836,6.519999980926514,31200,6.84000002861023,5.745649989843368,-8.479529200327207,8.95199394233357
2021-07-19,6.429999828338623,6.480000019073486,6.179999828338623,6.289999961853027,80400,6.838400020599365,5.762349989414215,-5.972160023258577,11.58641596138592
2021-07-20,6.639999866485596,6.829999923706055,6.46999979019165,6.5,54200,6.837000017166138,5.780099989175796,-2.881382919203157,14.876903149082299
2021-07-21,6.78000020980835,6.940000057220459,6.650000095367432,6.650000095367432,25100,6.8458000183105465,5.797249990701675,-0.9611704742499283,16.95200691160339
2021-07-22,6.769999980926514,6.929999828338623,6.630000114440918,6.78000020980835,12400,6.856200017929077,5.814199990034103,-1.2572567424688486,16.439062855263153
2021-07-23,7.0,7.0,6.659999847412109,6.769999980926514,19000,6.874800014495849,5.833199989795685,1.821143673127379,20.00274312976511
2021-07-26,6.949999809265137,7.25,6.760000228881836,7.050000190734863,30900,6.8946000099182125,5.852049988508225,0.8035244868045854,18.761798393947004
2021-07-27,6.670000076293945,6.889999866485596,6.5,6.889999866485596,20900,6.9030000114440915,5.86974998831749,-3.375343108269868,13.633461213325715
2021-07-28,6.820000171661377,7.050000190734863,6.599999904632568,6.769999980926514,25200,6.91100001335144,5.88809998869896,-1.3167391334721446,15.826840317776792
2021-07-29,6.880000114440918,6.96999979019165,6.730000019073486,6.829999923706055,22900,6.91640001296997,5.9071499896049495,-0.526283882667189,16.469026968130684
2021-07-30,6.840000152587891,6.929999828338623,6.730000019073486,6.800000190734863,28200,6.917600011825561,5.927099990844726,-1.121774301853451,15.402138704480638
2021-08-02,7.239999771118164,7.489999771118164,6.880000114440918,6.929999828338623,65200,6.930200004577637,5.948749989271164,4.470286086056596,21.70623717883298
2021-08-03,6.960000038146973,7.420000076293945,6.880000114440918,7.260000228881836,27300,6.937400007247925,5.968799989223481,0.3257709066139425,16.606353885422177
2021-08-04,7.010000228881836,7.139999866485596,6.849999904632568,6.849999904632568,16100,6.947200012207031,5.9893499898910525,0.9039644254441592,17.041085271581345
2021-08-05,7.940000057220459,7.949999809265137,7.260000228881836,7.71999979019165,185900,6.976600017547607,6.015199990272522,13.809019253643594,31.998937193453703
2021-08-06,8.449999809265137,8.640000343322754,7.71999979019165,7.929999828338623,174500,7.01560001373291,6.044049988985062,20.445860549695173,39.80691464605326
2021-08-09,8.289999961853027,8.649999618530273,8.069999694824219,8.569999694824219,153800,7.053000011444092,6.071449989080429,17.538635309822737,36.54069417952359
2021-08-10,7.929999828338623,8.4399995803833,7.78000020980835,8.149999618530273,135000,7.086400003433227,6.098049988746643,11.904490636948072,30.04156809099081
2021-08-11,7.929999828338623,8.079999923706055,7.75,7.769999980926514,58600,7.118000001907348,6.124399987459182,11.407696350290664,29.48206917537608
2021-08-12,8.020000457763672,8.130000114440918,7.829999923706055,7.949999809265137,89800,7.152400007247925,6.152249989509582,12.1302003472479,30.358819479683973
2021-08-13,7.989999771118164,8.149999618530273,7.829999923706055,7.980000019073486,42900,7.183200006484985,6.179799988269806,11.231759715792421,29.292206645593577
2021-08-16,8.0600004196167,8.109999656677246,7.800000190734863,7.980000019073486,58200,7.200800018310547,6.207249990701675,11.932013097452154,29.848168378757144
2021-08-17,7.989999771118164,8.0,7.570000171661377,7.920000076293945,50100,7.219800014495849,6.234199990034103,10.66788214460117,28.163995121921914
2021-08-18,7.989999771118164,8.079999923706055,7.809999942779541,7.920000076293945,17500,7.234200010299682,6.261149989366531,10.44759281941905,27.612336147317684
2021-08-19,7.78000020980835,7.989999771118164,7.690000057220459,7.909999847412109,9600,7.247600011825561,6.285449990034103,7.345882735168829,23.77793510637951
2021-08-20,7.78000020980835,7.949999809265137,7.739999771118164,7.809999942779541,16500,7.260000019073487,6.310549991130829,7.162537043646244,23.28561251781163
2021-08-23,8.09000015258789,8.25,7.840000152587891,7.840000152587891,209300,7.277000026702881,6.337049992084503,11.172188029431274,27.661927279932573
2021-08-24,7.980000019073486,8.40999984741211,7.849999904632568,8.130000114440918,37400,7.287800025939942,6.362149991989136,9.4980651317236,25.429297157744735
2021-08-25,7.940000057220459,8.100000381469727,7.909999847412109,7.980000019073486,39000,7.299800024032593,6.387649992704391,8.770103716268697,24.30236575718885
2021-08-26,7.989999771118164,8.029999732971191,7.889999866485596,7.909999847412109,18000,7.312800016403198,6.413249992132187,9.260471408980852,24.58581500674921
2021-08-27,8.119999885559082,8.300000190734863,7.940000057220459,7.989999771118164,88100,7.323000011444091,6.43914999127388,10.883515947964927,26.1035990241419
2021-08-30,8.220000267028809,8.390000343322754,8.149999618530273,8.210000038146973,56800,7.340800018310547,6.465299992561341,11.976899609378089,27.14027618960204
2021-08-31,8.260000228881836,8.430000305175781,8.109999656677246,8.279999732971191,59900,7.363200025558472,6.488249993324279,12.179489898555973,27.307058719693277
2021-09-01,7.809999942779541,8.279999732971191,7.769999980926514,8.220000267028809,103900,7.375600023269653,6.506099994182587,5.889689220393968,20.041191339863108
2021-09-02,8.079999923706055,8.229999542236328,7.860000133514404,7.860000133514404,35800,7.388800020217896,6.5265499937534335,9.354697672109635,23.802007667748338
2021-09-03,8.079999923706055,8.180000305175781,7.690000057220459,8.020000457763672,37500,7.402000017166138,6.547299993038178,9.159685287321695,23.409648745247893
2021-09-07,8.1899995803833,8.25,7.800000190734863,8.09000015258789,35700,7.410800008773804,6.569499990940094,10.51437861886686,24.667015627947574
2021-09-08,8.039999961853027,8.229999542236328,7.949999809265137,8.229999542236328,23100,7.420600004196167,6.590249990224838,8.347033357229927,21.99840633934327
2021-09-09,8.029999732971191,8.140000343322754,7.840000152587891,8.140000343322754,15600,7.430999994277954,6.611599988937378,8.060822758100938,21.453199625009066
2021-09-10,7.940000057220459,8.140000343322754,7.909999847412109,8.130000114440918,22500,7.449799995422364,6.63129998922348,6.580043250816203,19.735196268058242
2021-09-13,7.650000095367432,7.929999828338623,7.619999885559082,7.909999847412109,56000,7.46,6.649349989891053,2.5469181684642406,15.048840969382837
2021-09-14,7.53000020980835,7.650000095367432,7.380000114440918,7.610000133514404,77900,7.470200004577637,6.667399990558624,0.8005167892970455,12.937580173249108
2021-09-15,7.630000114440918,7.75,7.420000076293945,7.659999847412109,64000,7.486600008010864,6.683799991607666,1.9154236405926728,14.156619348593956
2021-09-16,7.929999828338623,8.029999732971191,7.699999809265137,7.710000038146973,33500,7.5116000080108645,6.697449991703033,5.5700492555720515,18.403270471037537
2021-09-17,8.100000381469727,8.100000381469727,7.849999904632568,7.929999828338623,27600,7.538400011062622,6.712149994373322,7.4498616361954095,20.676689112427702
2021-09-20,7.940000057220459,8.039999961853027,7.809999942779541,8.010000228881836,43800,7.558600015640259,6.724949994087219,5.045908512039365,18.06779328027046
2021-09-21,7.860000133514404,8.1899995803833,7.760000228881836,7.929999828338623,64900,7.5756000137329105,6.737399995326996,3.7541596608313244,16.662215973016803
2021-09-22,8.0600004196167,8.130000114440918,7.860000133514404,8.0600004196167,27600,7.598800020217896,6.751149997711182,6.0693846156195885,19.387073644479113
2021-09-23,8.880000114440918,9.100000381469727,7.949999809265137,8.09000015258789,457300,7.644400024414063,6.765899999141693,16.163467192725346,31.246399083158405
2021-09-24,9.600000381469727,9.649999618530273,8.609999656677246,8.890000343322754,184400,7.707000036239624,6.785900001525879,24.562090778887935,41.46981799482852
2021-09-27,9.100000381469727,9.649999618530273,9.020000457763672,9.569999694824219,96200,7.7638000392913815,6.804550004005432,17.210648592390875,33.73405112921648
2021-09-28,8.899999618530273,9.050000190734863,8.789999961853027,9.029999732971191,39600,7.813200035095215,6.821150002479553,13.909788288452729,30.476526909612577
2021-09-29,9.010000228881836,9.289999961853027,8.859999656677246,9.010000228881836,28600,7.8606000423431395,6.84025000333786,14.622295757921243,31.720335141043023
2021-09-30,9.529999732971191,9.649999618530273,8.9399995803833,9.050000190734863,62100,7.915600032806396,6.862150001525879,20.395165160870633,38.87775304900192
2021-10-01,9.579999923706055,9.600000381469727,9.15999984741211,9.600000381469727,26500,7.971800031661988,6.884100000858307,20.173610547890064,39.161254521457025
2021-10-04,9.75,9.75,9.220000267028809,9.5,45600,8.026800031661987,6.906400001049041,21.46808144641441,41.17340435710404
2021-10-05,10.15999984741211,10.479999542236328,9.75,9.75,288000,8.091000032424926,6.931549999713898,25.57162040162655,46.57616042344739
2021-10-06,10.039999961853027,10.3100004196167,9.779999732971191,10.15999984741211,114000,8.158400030136109,6.95625,23.063344831909728,44.33063736715943
2021-10-07,9.970000267028809,10.239999771118164,9.899999618530273,10.010000228881836,34100,8.221400032043457,6.976750001907349,21.268886420440136,42.90321803566339
2021-10-08,9.829999923706055,10.029999732971191,9.65999984741211,9.970000267028809,41200,8.28040002822876,6.997050001621246,18.714070457883004,40.48777586880761
2021-10-11,9.8100004196167,9.989999771118164,9.779999732971191,9.880000114440918,26900,8.339800033569336,7.017250003814698,17.62872467120935,39.79835995986767
2021-10-12,9.9399995803833,10.0,9.84000015258789,9.850000381469727,30100,8.393800029754638,7.038550002574921,18.420733698058566,41.22226277780139
2021-10-13,10.300000190734863,10.34000015258789,9.899999618530273,10.0,77800,8.460600032806397,7.0629000043869015,21.74077666827532,45.832451037638045
2021-10-14,10.010000228881836,10.34000015258789,10.0,10.34000015258789,31100,8.520600032806396,7.0864000058174135,17.479991905979443,41.25649442120627
2021-10-15,10.25,10.319999694824219,10.029999732971191,10.170000076293945,44700,8.566800031661987,7.1105000066757205,19.64794278046742,44.15301301422894
2021-10-18,10.109999656677246,10.449999809265137,9.920000076293945,10.449999809265137,48900,8.60000002861023,7.134550004005432,17.558135151669685,41.70479779385323
2021-10-19,10.329999923706055,10.489999771118164,9.899999618530273,10.0600004196167,114000,8.64080002784729,7.159750003814697,19.549114554379997,44.278779541216615
2021-10-20,10.460000038146973,10.5,10.25,10.430000305175781,66600,8.691400032043457,7.184950003623962,20.34885058314011,45.58208523192413
2021-10-21,10.579999923706055,10.699999809265137,10.050000190734863,10.5,116900,8.744400033950805,7.210000002384186,20.991719073102686,46.74063689608161
2021-10-22,10.329999923706055,10.65999984741211,10.329999923706055,10.600000381469727,22000,8.790600023269654,7.2304500031471255,17.511886519252904,42.86800848093575
2021-10-25,10.199999809265137,10.470000267028809,10.180000305175781,10.420000076293945,42200,8.834800024032592,7.249300003051758,15.452526163794333,40.70323762254582
2021-10-26,10.180000305175781,10.300000190734863,10.100000381469727,10.25,27700,8.877200021743775,7.269300005435944,14.675801832119738,40.040998411996085
2021-10-27,10.119999885559082,10.279999732971191,10.100000381469727,10.170000076293945,20500,8.919800024032593,7.288300004005432,13.45545705388902,38.85268004881017
2021-10-28,10.34000015258789,10.470000267028809,10.100000381469727,10.140000343322754,30800,8.966800031661988,7.307700004577637,15.314271714291605,41.49458989984238
2021-10-29,10.619999885559082,10.680000305175781,10.3100004196167,10.3100004196167,48400,9.023600025177002,7.330550003051758,17.6913854329527,44.87316614903254
2021-11-01,10.9399995803833,11.199999809265137,10.5600004196167,10.729999542236328,100400,9.086800012588501,7.359950001239777,20.3944134924005,48.642308419764646
2021-11-02,11.1899995803833,11.239999771118164,10.949999809265137,11.029999732971191,57100,9.148800001144409,7.388899998664856,22.311118168323297,51.44337563649919
2021-11-03,11.15999984741211,11.25,11.020000457763672,11.170000076293945,37700,9.21239999771118,7.417299997806549,21.141069104520092,50.45905991010684
2021-11-04,9.010000228881836,11.109999656677246,8.899999618530273,11.109999656677246,402000,9.23380000114441,7.434449999332428,-2.4237017504693203,21.19255936472615
2021-11-05,9.119999885559082,9.5,8.90999984741211,8.90999984741211,105100,9.256400003433228,7.452549998760223,-1.4735763128598034,22.374219389017846
2021-11-08,8.569999694824219,9.119999885559082,8.5,9.109999656677246,202700,9.26539999961853,7.46849999666214,-7.505345746788505,14.748606797273434
2021-11-09,8.34000015258789,8.680000305175781,8.010000228881836,8.59000015258789,160400,9.267799997329712,7.484049997329712,-10.01100417584696,11.436991409244722
2021-11-10,8.579999923706055,8.800000190734863,8.149999618530273,8.300000190734863,114600,9.274199991226196,7.501149997711182,-7.485282484493383,14.382460373730165
2021-11-11,8.569999694824219,8.90999984741211,8.289999961853027,8.609999656677246,177000,9.28939998626709,7.518049995899201,-7.744313868564079,13.992321140439534
2021-11-12,8.300000190734863,8.460000038146973,8.0,8.010000228881836,132700,9.293799991607665,7.534049997329712,-10.69314813929939,10.166513278736232
2021-11-15,8.039999961853027,8.6899995803833,7.789999961853027,8.380000114440918,143600,9.292999992370605,7.546549997329712,-13.483267314605285,6.538749027011259
2021-11-16,7.929999828338623,8.180000305175781,7.659999847412109,7.920000076293945,111000,9.287799997329712,7.556349997520447,-14.61917966990528,4.944845473552517
2021-11-17,7.820000171661377,8.100000381469727,7.610000133514404,7.920000076293945,163900,9.283400001525878,7.563249998092651,-15.763619251825489,3.394706953141502
2021-11-18,7.510000228881836,7.960000038146973,7.510000228881836,7.800000190734863,106100,9.273000011444092,7.568450000286102,-19.012183547789107,-0.7722819256526292
2021-11-19,7.239999771118164,7.730000019073486,7.139999866485596,7.46999979019165,68200,9.259000005722045,7.5713499999046325,-21.80581308301267,-4.376369191632168
2021-11-22,6.949999809265137,7.53000020980835,6.809999942779541,7.349999904632568,147700,9.245,7.570549998283386,-24.824231376255955,-8.196897043926255
2021-11-23,6.630000114440918,7.070000171661377,6.329999923706055,7.0,257100,9.226999998092651,7.5681499981880185,-28.145658222483682,-12.39602655829647
2021-11-24,6.869999885559082,7.099999904632568,6.590000152587891,6.590000152587891,73500,9.211799993515015,7.566699998378754,-25.421742868978146,-9.207449918312438
2021-11-26,6.599999904632568,6.869999885559082,6.5,6.710000038146973,43100,9.185199995040893,7.566049997806549,-28.145278184515078,-12.768222433820098
2021-11-29,6.420000076293945,6.889999866485596,6.400000095367432,6.769999980926514,108700,9.151599988937377,7.564449999332428,-29.848331613547796,-15.129321009980657
2021-11-30,6.519999980926514,6.610000133514404,6.289999961853027,6.489999771118164,100300,9.1231999874115,7.56164999961853,-28.533847883165663,-13.77543285849736
2021-12-01,6.170000076293945,6.630000114440918,6.170000076293945,6.630000114440918,112500,9.08939998626709,7.558949999809265,-32.118730767531204,-18.374905556332124
2021-12-02,6.400000095367432,6.429999828338623,6.079999923706055,6.179999828338623,39700,9.056199979782104,7.55795000076294,-29.330181426477086,-15.320952179871771
2021-12-03,6.199999809265137,6.550000190734863,6.150000095367432,6.400000095367432,77200,9.002599973678588,7.554700000286102,-31.131008515401916,-17.931885991100405
2021-12-06,6.71999979019165,6.820000171661377,6.139999866485596,6.269999980926514,49400,8.944999961853027,7.5560500001907345,-24.874233439353198,-11.064646342705252
2021-12-07,6.949999809265137,7.190000057220459,6.670000076293945,6.670000076293945,104400,8.901999950408936,7.560299999713898,-21.927658414041318,-8.072433507557331
2021-12-08,6.920000076293945,7.110000133514404,6.860000133514404,6.989999771118164,40000,8.86239995956421,7.5644000005722045,-21.917312377377485,-8.518850460439875
2021-12-09,6.670000076293945,6.980000019073486,6.659999847412109,6.920000076293945,30200,8.81559995651245,7.56875,-24.3386711148736,-11.874482889592786
2021-12-10,6.670000076293945,6.739999771118164,6.590000152587891,6.71999979019165,19100,8.758399963378906,7.572850000858307,-23.84453662560617,-11.92219474124052
2021-12-13,6.599999904632568,6.809999942779541,6.519999980926514,6.630000114440918,60900,8.698799962997436,7.574349999427795,-24.12746663094506,-12.863811348417153
2021-12-14,6.289999961853027,6.699999809265137,6.110000133514404,6.539999961853027,96200,8.629599962234497,7.575,-27.111337844398385,-16.963696873227363
2021-12-15,6.03000020980835,6.409999847412109,5.869999885559082,6.289999961853027,154200,8.546999969482421,7.575150001049042,-29.448926742262437,-20.397613130125634
2021-12-16,5.829999923706055,6.170000076293945,5.630000114440918,5.989999771118164,116300,8.462799968719482,7.576449999809265,-31.11027147923715,-23.051034140622285
2021-12-17,5.760000228881836,6.019999980926514,5.559999942779541,5.800000190734863,231200,8.378599967956543,7.578350000381469,-31.253428366187496,-23.99400623365381
2021-12-20,5.489999771118164,5.670000076293945,5.25,5.650000095367432,144000,8.291799964904785,7.5782999992370605,-33.790011886988324,-27.556315114592124
2021-12-21,5.840000152587891,5.960000038146973,5.53000020980835,5.630000114440918,121300,8.212399959564209,7.578650000095368,-28.888020781469702,-22.941418953053628
2021-12-22,5.630000114440918,6.03000020980835,5.5,5.829999923706055,125400,8.126199970245361,7.577050001621246,-30.717923075292887,-25.696674652585394
2021-12-23,5.75,5.840000152587891,5.519999980926514,5.619999885559082,88100,8.035199966430664,7.566700000762939,-28.43986429681573,-24.00914534182357
2021-12-27,5.769999980926514,5.880000114440918,5.619999885559082,5.75,117400,7.9503999614715575,7.553999998569489,-27.425035106554173,-23.61662719063825
2021-12-28,5.650000095367432,5.860000133514404,5.599999904632568,5.809999942779541,76900,7.858399963378906,7.535,-28.102411156251716,-25.016587984506543
2021-12-29,5.679999828338623,5.800000190734863,5.5,5.690000057220459,133800,7.769799966812133,7.516549999713898,-26.896447108031964,-24.433419207551065
2021-12-30,5.820000171661377,6.03000020980835,5.619999885559082,5.710000038146973,104600,7.67959997177124,7.503450002670288,-24.214800340452637,-22.435677327226987
2021-12-31,5.920000076293945,6.179999828338623,5.739999771118164,5.800000190734863,99400,7.588799972534179,7.496000003814697,-21.990300209256407,-21.024545447154875
2022-01-03,5.849999904632568,6.03000020980835,5.679999828338623,5.909999847412109,76000,7.49419997215271,7.488000004291535,-21.939634298920975,-21.87500131837865
2022-01-04,5.96999979019165,6.139999866485596,5.900000095367432,5.900000095367432,54900,7.406999969482422,7.4808500027656555,-19.400569531677547,-20.196237219239077
2022-01-05,5.849999904632568,6.199999809265137,5.789999961853027,6.190000057220459,62000,7.3199999713897705,7.4739000034332275,-20.081968203588787,-21.727613402035097
2022-01-06,5.869999885559082,5.949999809265137,5.550000190734863,5.849999904632568,61200,7.233799962997437,7.468900003433228,-18.853162714126846,-21.407437737005175
2022-01-07,6.010000228881836,6.349999904632568,5.809999942779541,5.920000076293945,91700,7.1515999698638915,7.4645500040054324,-15.962857903023654,-19.486101296703673
2022-01-10,6.090000152587891,6.159999847412109,5.940000057220459,6.010000228881836,105600,7.0665999698638915,7.460350005626679,-13.819939170758111,-18.368439175176164
2022-01-11,6.230000019073486,6.260000228881836,6.019999980926514,6.039999961853027,64700,6.97879997253418,7.4594000053405765,-10.72963770859856,-16.481218132650056
2022-01-12,6.820000171661377,6.980000019073486,6.159999847412109,6.25,174500,6.896399984359741,7.46050000667572,-1.1078216587151246,-8.585213248994283
2022-01-13,6.429999828338623,6.769999980926514,6.260000228881836,6.769999980926514,124400,6.801199989318848,7.461150004863739,-5.457862753090447,-13.820257947540714
2022-01-14,6.090000152587891,6.510000228881836,6.010000228881836,6.320000171661377,48500,6.699799995422364,7.458500006198883,-9.10176189216273,-18.34819135849849
2022-01-18,6.050000190734863,6.25,5.920000076293945,6.019999980926514,39500,6.640599994659424,7.454750006198883,-8.89377171339245,-18.843687773512475
2022-01-19,6.210000038146973,6.429999828338623,5.909999847412109,5.909999847412109,103300,6.582399997711182,7.452800006866455,-5.657510325925186,-16.675611415501002
2022-01-20,6.079999923706055,6.610000133514404,6.079999923706055,6.460000038146973,102800,6.532600002288818,7.448250007629395,-6.92832989045995,-18.370088041107824
2022-01-21,5.739999771118164,6.239999771118164,5.690000057220459,6.110000133514404,62100,6.480599994659424,7.442050006389618,-11.427957660580478,-22.870717528236206
2022-01-24,5.679999828338623,5.710000038146973,5.349999904632568,5.599999904632568,81500,6.422599992752075,7.434500005245209,-11.562298216477418,-23.599437429131022
2022-01-25,5.78000020980835,5.880000114440918,5.550000190734863,5.650000095367432,47300,6.3668000030517575,7.428700006008148,-9.216557657883728,-22.19365157923151
2022-01-26,5.710000038146973,5.989999771118164,5.539999961853027,5.889999866485596,26800,6.315,7.421800005435943,-9.580363608123953,-23.064485246640952
2022-01-27,5.269999980926514,5.78000020980835,5.150000095367432,5.710000038146973,69400,6.25960000038147,7.413900005817413,-15.809317199096562,-28.91730429610139
2022-01-28,5.309999942779541,5.449999809265137,5.059999942779541,5.21999979019165,40300,6.207200002670288,7.405250005722046,-14.454183198620619,-28.294116489294787
2022-01-31,5.670000076293945,5.929999828338623,5.260000228881836,5.260000228881836,16800,6.164200000762939,7.398750007152557,-8.01725973212788,-23.365432393139194
2022-02-01,5.679999828338623,5.829999923706055,5.619999885559082,5.690000057220459,20400,6.127599992752075,7.394450006484985,-7.304657042608664,-23.185634856450132
2022-02-02,5.480000019073486,5.840000152587891,5.389999866485596,5.679999828338623,41300,6.092399997711182,7.39010000705719,-10.051867554129146,-25.84674072285422
2022-02-03,5.369999885559082,5.610000133514404,5.349999904632568,5.610000133514404,19800,6.0607999992370605,7.3848000073432924,-11.39783714633278,-27.28306954529215
2022-02-04,5.619999885559082,5.849999904632568,5.320000171661377,5.429999828338623,52500,6.0405999946594235,7.38220000743866,-6.962886293947612,-23.870934411203983
2022-02-07,5.5,5.829999923706055,5.420000076293945,5.559999942779541,39700,6.013199996948242,7.377650008201599,-8.534557260837762,-25.450516168620762
2022-02-08,5.519999980926514,5.929999828338623,5.179999828338623,5.440000057220459,55800,5.991599998474121,7.3726500082015995,-7.871019722072726,-25.128685414527098
2022-02-09,5.820000171661377,5.869999885559082,5.579999923706055,5.630000114440918,64800,5.9796000003814695,7.369200007915497,-2.669071989930949,-21.022632505429005
2022-02-10,5.619999885559082,5.920000076293945,5.619999885559082,5.639999866485596,39700,5.961599998474121,7.364600007534027,-5.730007263192293,-23.68900035562297
2022-02-11,5.610000133514404,5.820000171661377,5.340000152587891,5.630000114440918,55500,5.95039999961853,7.36010000705719,-5.720621573775686,-23.778207794251603
2022-02-14,5.269999980926514,5.760000228881836,5.260000228881836,5.659999847412109,57800,5.9277999973297115,7.35510000705719,-11.096865897964104,-28.34903705089028
2022-02-15,5.449999809265137,5.940000057220459,5.380000114440918,5.380000114440918,34700,5.912799997329712,7.350350005626678,-7.827090181869522,-25.85387355577391
2022-02-16,5.619999885559082,5.820000171661377,5.429999828338623,5.510000228881836,48900,5.8907999992370605,7.3459500050544735,-4.5970006402025305,-23.495260903053104
2022-02-17,5.460000038146973,5.699999809265137,5.369999885559082,5.53000020980835,40300,5.861000003814698,7.341700005531311,-6.841835273958874,-25.630303144593846
2022-02-18,5.210000038146973,5.639999866485596,5.150000095367432,5.389999866485596,47500,5.8268000030517575,7.335200004577636,-10.58556951640247,-28.97262467423386
2022-02-22,5.059999942779541,5.789999961853027,4.880000114440918,5.210000038146973,81500,5.79460000038147,7.3269500041008,-12.677321256921426,-30.939887129739873
2022-02-23,4.860000133514404,5.170000076293945,4.820000171661377,5.170000076293945,42000,5.758400001525879,7.319550004005432,-15.601553691536086,-33.60247377427715
2022-02-24,5.190000057220459,5.25,4.570000171661377,4.760000228881836,82800,5.730200004577637,7.314250004291535,-9.427244196112404,-29.04262153774757
2022-02-25,5.409999847412109,5.5,5.019999980926514,5.179999828338623,25700,5.712600002288818,7.310950002670288,-5.297065342496731,-26.001410959777683
2022-02-28,5.289999961853027,5.590000152587891,5.230000019073486,5.389999866485596,11200,5.697799997329712,7.307600002288819,-7.157148999048779,-27.609612455578535
2022-03-01,5.0,5.28000020980835,5.0,5.28000020980835,18900,5.681199998855591,7.301350002288818,-11.990424540463462,-31.519513536091182
2022-03-02,5.070000171661377,5.260000228881836,4.949999809265137,5.260000228881836,95100,5.667399997711182,7.294600002765655,-10.54098574815734,-30.49652935405436
2022-03-03,4.889999866485596,5.150000095367432,4.889999866485596,5.150000095367432,57900,5.65539999961853,7.286000001430511,-13.533969890450937,-32.88498674820879
2022-03-04,5.070000171661377,5.079999923706055,4.829999923706055,4.900000095367432,43200,5.64,7.277450001239776,-10.106379935081966,-30.3327378299039
2022-03-07,4.800000190734863,5.210000038146973,4.75,5.03000020980835,62900,5.623400001525879,7.268400001525879,-14.642383799260072,-33.960704010137256
2022-03-08,4.920000076293945,4.989999771118164,4.71999979019165,4.78000020980835,25500,5.606800003051758,7.260000002384186,-12.249410116001824,-32.231403930052124
2022-03-09,5.21999979019165,5.300000190734863,4.909999847412109,4.909999847412109,13100,5.595799999237061,7.2535000014305115,-6.715754835709776,-28.0347447554673
2022-03-10,4.989999771118164,5.199999809265137,4.949999809265137,4.960000038146973,18200,5.582599992752075,7.246100001335144,-10.615129552597136,-31.13537254248876
2022-03-11,5.079999923706055,5.239999771118164,4.900000095367432,5.090000152587891,32900,5.570599994659424,7.239000000953674,-8.806952059449813,-29.824562466683112
2022-03-14,5.260000228881836,5.5,5.099999904632568,5.159999847412109,83300,5.559399995803833,7.233200001716614,-5.385469064071313,-27.27976237856674
2022-03-15,5.130000114440918,5.46999979019165,5.050000190734863,5.349999904632568,18100,5.543599996566773,7.227550001144409,-7.460853639909137,-29.021589423405793
2022-03-16,5.360000133514404,5.449999809265137,5.179999828338623,5.329999923706055,38000,5.533800001144409,7.222600002288818,-3.140696584518099,-25.788495392021737
2022-03-17,7.199999809265137,7.75,5.360000133514404,5.360000133514404,683200,5.558400001525879,7.22710000038147,29.53367528944677,-0.37498015960624187
2022-03-18,7.639999866485596,7.869999885559082,6.989999771118164,7.289999961853027,252000,5.59420000076294,7.233050000667572,36.570016542913166,5.626255394065627
2022-03-21,7.71999979019165,8.0600004196167,7.449999809265137,7.699999809265137,174900,5.631199998855591,7.235750000476838,37.093333423791705,6.6924615925495035
2022-03-22,7.809999942779541,7.949999809265137,7.53000020980835,7.789999961853027,116000,5.667199993133545,7.239600000381469,37.81055816350651,7.878887540306323
2022-03-23,7.559999942779541,7.75,7.199999809265137,7.71999979019165,59500,5.696599988937378,7.241050000190735,32.71073899274703,4.404747137230158
2022-03-24,7.5,7.679999828338623,7.420000076293945,7.579999923706055,26700,5.7219999885559085,7.242999999523163,31.073051642784332,3.5482534929415444
2022-03-25,7.230000019073486,7.550000190734863,7.110000133514404,7.510000228881836,79300,5.73019998550415,7.2433500003814695,26.173607157925073,-0.18430672696031491
2022-03-28,7.409999847412109,7.46999979019165,7.039999961853027,7.25,60000,5.74979998588562,7.244200000762939,28.874045455526833,2.288725416632742
2022-03-29,7.400000095367432,7.789999961853027,7.199999809265137,7.789999961853027,51600,5.775999984741211,7.244000000953674,28.116345479855177,2.153507653136666
2022-03-30,7.079999923706055,7.710000038146973,7.050000190734863,7.400000095367432,82200,5.796599979400635,7.242699999809265,22.140564276752507,-2.24640087408694
2022-03-31,6.989999771118164,7.389999866485596,6.920000076293945,7.130000114440918,79300,5.812199974060059,7.240949997901916,20.264268303132106,-3.4657085997896075
2022-04-01,7.090000152587891,7.429999828338623,6.869999885559082,7.099999904632568,41300,5.832399978637695,7.238349997997284,21.56231017345178,-2.049498096257285
2022-04-04,7.210000038146973,7.25,7.0,7.099999904632568,42000,5.861799983978272,7.237749998569488,22.999762152472968,-0.3834058986287192
2022-04-05,7.199999809265137,7.300000190734863,6.889999866485596,7.21999979019165,37100,5.892199983596802,7.238049998283386,22.195441928466387,-0.5256966866389878
2022-04-06,7.130000114440918,7.230000019073486,6.860000133514404,7.199999809265137,23700,5.919199981689453,7.237749998569488,20.45546926099766,-1.4887207232892385
2022-04-07,7.050000190734863,7.289999961853027,7.039999961853027,7.050000190734863,27200,5.945999984741211,7.235899999141693,18.567107447473408,-2.5691318070852343
2022-04-08,7.050000190734863,7.230000019073486,6.900000095367432,7.059999942779541,27000,5.981599988937378,7.234049999713898,17.86144516138539,-2.5442153287067892
2022-04-11,7.079999923706055,7.139999866485596,6.980000019073486,7.059999942779541,20900,6.0169999885559085,7.230699999332428,17.66661022389777,-2.084169937077829
2022-04-12,7.119999885559082,7.28000020980835,7.010000228881836,7.130000114440918,19700,6.045999984741211,7.2285499978065495,17.763809188362757,-1.5016858468213656
2022-04-13,7.199999809265137,7.25,7.010000228881836,7.110000133514404,10600,6.076399984359742,7.226999995708465,18.491209067827462,-0.37360158377420793
2022-04-14,7.159999847412109,7.309999942779541,6.989999771118164,7.130000114440918,13300,6.1099999809265135,7.227799994945526,17.184940585325094,-0.938046813426352
2022-04-18,7.300000190734863,7.349999904632568,6.949999809265137,7.079999923706055,30400,6.148599987030029,7.228599996566772,18.72621745004748,0.9877458180284293
2022-04-19,7.639999866485596,7.690000057220459,7.210000038146973,7.21999979019165,70500,6.188999986648559,7.231699995994568,23.444819566444618,5.645973570767238
2022-04-20,7.610000133514404,7.800000190734863,7.420000076293945,7.650000095367432,56900,6.231199989318847,7.2356999969482425,22.12736144818035,5.172963731553648
2022-04-21,7.28000020980835,7.690000057220459,7.199999809265137,7.690000057220459,41500,6.266399993896484,7.238699998855591,16.17515985093705,0.5705473490998259
2022-04-22,7.050000190734863,7.579999923706055,7.050000190734863,7.210000038146973,26900,6.290999994277954,7.240149998664856,12.06485768792347,-2.6263241502601176
2022-04-25,7.079999923706055,7.329999923706055,6.900000095367432,7.050000190734863,50100,6.320199995040894,7.240899999141693,12.021770343681105,-2.222100504836555
2022-04-26,6.829999923706055,7.019999980926514,6.800000190734863,6.980000019073486,32600,6.344599990844727,7.239999997615814,7.650599463508523,-5.662984448132258
2022-04-27,6.690000057220459,6.929999828338623,6.559999942779541,6.929999828338623,18100,6.372999992370605,7.238949997425079,4.974110548083299,-7.583281282504839
2022-04-28,6.980000019073486,7.150000095367432,6.630000114440918,6.800000190734863,71200,6.403599996566772,7.240849997997284,9.001187188702374,-3.6024773195956983
2022-04-29,7.289999961853027,7.46999979019165,6.929999828338623,6.929999828338623,94400,6.436999998092651,7.244949998855591,13.251514121689123,0.6218119242306974
2022-05-02,8.050000190734863,8.25,7.289999961853027,7.300000190734863,233900,6.488800001144409,7.253899998664856,24.05992154658967,10.974788627035604
2022-05-03,8.680000305175781,9.0,7.860000133514404,8.079999923706055,245100,6.558200006484985,7.265150001049042,32.35339417206981,19.474481654507404
2022-05-04,8.899999618530273,8.949999809265137,8.289999961853027,8.680000305175781,102700,6.635,7.276449999809265,34.13714572012469,22.312386105361348
2022-05-05,8.489999771118164,8.890000343322754,8.229999542236328,8.779999732971191,57700,6.707599992752075,7.284999997615814,26.572839470035014,16.54083423331112
2022-05-06,8.5,8.739999771118164,8.25,8.319999694824219,37400,6.773799991607666,7.2936499977111815,25.48348062433188,16.53972980150382
2022-05-09,8.039999961853027,8.449999809265137,7.889999866485596,8.449999809265137,144500,6.8263999938964846,7.298849997520446,17.778037751107867,10.154338897009296
2022-05-10,7.550000190734863,8.130000114440918,7.179999828338623,8.130000114440918,172300,6.871599998474121,7.3018499994277954,9.872521573016257,3.398456436745678
2022-05-11,6.840000152587891,7.510000228881836,6.75,7.070000171661377,146200,6.908400001525879,7.302699999809265,-0.9900968230397877,-6.336010615710075
2022-05-12,6.989999771118164,7.139999866485596,6.840000152587891,6.880000114440918,56400,6.946799993515015,7.303549997806549,0.6218658611659711,-4.29312083551906
2022-05-13,7.599999904632568,7.920000076293945,7.119999885559082,7.119999885559082,154800,7.000999994277954,7.3071499967575075,8.555919309301352,4.00771720855615
2022-05-16,7.210000038146973,7.900000095367432,7.159999847412109,7.510000228881836,54700,7.043799991607666,7.308999996185303,2.3595225125262687,-1.3544938854836541
2022-05-17,6.980000019073486,7.449999809265137,6.869999885559082,7.449999809265137,140600,7.087399988174439,7.307699997425079,-1.515364862716273,-4.484310774485268
2022-05-18,6.440000057220459,6.949999809265137,6.230000019073486,6.800000190734863,216500,7.117799987792969,7.305099997520447,-9.522604340314944,-11.84241065274434
2022-05-19,6.28000020980835,6.699999809265137,6.230000019073486,6.230000019073486,89200,7.138999996185302,7.301449997425079,-12.032494562767281,-13.989684076134923
2022-05-20,6.199999809265137,6.489999771118164,5.75,6.289999961853027,49200,7.163199996948242,7.292749996185303,-13.446506981425344,-14.984062082091976
2022-05-23,6.25,6.300000190734863,5.880000114440918,6.269999980926514,57300,7.186599998474121,7.281749997138977,-13.032588409998924,-14.16898407037258
2022-05-24,5.900000095367432,6.070000171661377,5.690000057220459,6.010000228881836,141900,7.199399995803833,7.269799997806549,-18.048724910322466,-18.842332703133714
2022-05-25,5.96999979019165,6.090000152587891,5.920000076293945,5.940000057220459,49600,7.216199989318848,7.2599999976158145,-17.26947979506911,-17.76859790423968
2022-05-26,5.909999847412109,6.150000095367432,5.75,5.980000019073486,69600,7.227199983596802,7.249899997711181,-18.22559413291832,-18.481636308391604
2022-05-27,6.300000190734863,6.400000095367432,5.96999979019165,6.010000228881836,87200,7.209199991226196,7.241299996376037,-12.611660123146196,-12.999044454894214
2022-05-31,6.400000095367432,6.599999904632568,6.139999866485596,6.329999923706055,85600,7.184399995803833,7.2333499979972835,-10.918098949036015,-11.520939853049883
2022-06-01,6.400000095367432,6.619999885559082,6.150000095367432,6.400000095367432,21800,7.158000001907348,7.225049996376038,-10.589548845179342,-11.419296771959186
2022-06-02,6.789999961853027,6.860000133514404,6.449999809265137,6.449999809265137,61100,7.137600002288818,7.219049997329712,-4.869984873407384,-5.943303282778045
2022-06-03,6.360000133514404,6.730000019073486,6.320000171661377,6.730000019073486,30800,7.113600006103516,7.210899999141693,-10.593790372561262,-11.800189514881232
2022-06-06,5.75,6.440000057220459,5.670000076293945,6.369999885559082,111300,7.078600006103516,7.200749998092651,-18.76924822645625,-20.147206867019808
2022-06-07,5.78000020980835,6.119999885559082,5.75,5.800000190734863,88200,7.049600009918213,7.1907499980926515,-18.009529594922256,-19.61895196827179
2022-06-08,5.28000020980835,6.0,5.190000057220459,5.809999942779541,197100,7.0070000171661375,7.176699998378754,-24.64677897997557,-26.428578441329254
2022-06-09,5.139999866485596,5.519999980926514,5.139999866485596,5.25,114000,6.961800012588501,7.162499997615814,-26.168521687044745,-28.2373491351267
2022-06-10,5.0,5.099999904632568,4.920000076293945,5.099999904632568,112500,6.92020001411438,7.147799997329712,-27.747753102481965,-30.04840647656749
2022-06-13,4.699999809265137,4.940000057220459,4.630000114440918,4.929999828338623,160900,6.874400014877319,7.131349997520447,-31.630399757163197,-34.09382780400183
2022-06-14,4.489999771118164,4.909999847412109,4.420000076293945,4.909999847412109,142700,6.822400007247925,7.113199996948242,-34.18738616398752,-36.87792030247291
2022-06-15,4.75,4.840000152587891,4.550000190734863,4.699999809265137,106600,6.773200006484985,7.095849995613098,-29.870666812553548,-33.059464293402264
2022-06-16,4.489999771118164,4.639999866485596,4.320000171661377,4.639999866485596,80700,6.719000005722046,7.0769999933242795,-33.17458301392495,-36.55504061956235
2022-06-17,4.710000038146973,5.0,4.409999847412109,4.599999904632568,108700,6.670600004196167,7.061499993801117,-29.391658393785736,-33.30028970782964
2022-06-21,4.829999923706055,5.179999828338623,4.78000020980835,5.0,37400,6.626199998855591,7.045249993801117,-27.10754392351208,-31.443171953361315
2022-06-22,4.800000190734863,4.909999847412109,4.710000038146973,4.71999979019165,24400,6.581199998855591,7.028849995136261,-27.064970042400493,-31.7100209272312
2022-06-23,4.659999847412109,4.940000057220459,4.659999847412109,4.809999942779541,52300,6.532799997329712,7.011199996471405,-28.66764864503906,-33.53491770656388
2022-06-24,4.78000020980835,5.0,4.590000152587891,4.75,49300,6.486000003814698,6.994899997711181,-26.30280285234313,-31.66449539846995
2022-06-27,4.670000076293945,5.119999885559082,4.670000076293945,4.75,27900,6.435400009155273,6.978099999427795,-27.43263713754849,-33.07633773266525
2022-06-28,4.650000095367432,5.0,4.599999904632568,4.889999866485596,34500,6.38520001411438,6.961649999618531,-27.175341648050455,-33.20548870422626
2022-06-29,4.550000190734863,4.710000038146973,4.449999809265137,4.710000038146973,50400,6.3302000141143795,6.9461500000953675,-28.12233135462108,-34.49608501583764
2022-06-30,4.840000152587891,4.860000133514404,4.570000171661377,4.769999980926514,45600,6.274200019836425,6.932699999809265,-22.858688959774764,-30.185928242660864
2022-07-01,4.889999866485596,5.03000020980835,4.769999980926514,4.769999980926514,46700,6.219800014495849,6.918999998569489,-21.380111015000878,-29.325048887171434
2022-07-05,4.78000020980835,4.909999847412109,4.699999809265137,4.849999904632568,20100,6.169800014495849,6.903250000476837,-22.52584851084617,-30.757248984490282
2022-07-06,4.800000190734863,4.900000095367432,4.75,4.820000171661377,21800,6.124800014495849,6.886749999523163,-21.630091115228588,-30.300937436857524
2022-07-07,4.809999942779541,5.199999809265137,4.710000038146973,4.889999866485596,33400,6.0794000148773195,6.8710999989509585,-20.880351169380894,-29.996653468674516
2022-07-08,4.880000114440918,4.96999979019165,4.650000095367432,4.730000019073486,51900,6.040400018692017,6.85619999885559,-19.210646656847917,-28.823544889946795
2022-07-11,4.760000228881836,5.0,4.650000095367432,5.0,19000,6.001800022125244,6.839699997901916,-20.69045600762428,-30.40630100235434
2022-07-12,4.570000171661377,4.820000171661377,4.449999809265137,4.679999828338623,28400,5.953600025177002,6.8181499981880185,-23.23971794652917,-32.973018005237584
2022-07-13,4.789999961853027,5.150000095367432,4.400000095367432,4.579999923706055,41100,5.903600025177002,6.794099996089935,-18.863067595616567,-29.49765289575198
2022-07-14,4.53000020980835,4.739999771118164,4.460000038146973,4.650000095367432,33500,5.8332000255584715,6.771249995231629,-22.341078825346017,-33.09949842350506
2022-07-15,4.550000190734863,4.869999885559082,4.480000019073486,4.630000114440918,12900,5.750600023269653,6.749499998092651,-20.8778184481027,-32.587596236452285
2022-07-18,4.550000190734863,4.949999809265137,4.550000190734863,4.630000114440918,30600,5.663600034713745,6.727199997901916,-19.66240266179331,-32.36413080993697
2022-07-19,4.75,4.920000076293945,4.650000095367432,4.650000095367432,29200,5.588800039291382,6.7032999992370605,-15.008589203304812,-29.139379103715722
2022-07-20,4.949999809265137,5.039999961853027,4.760000228881836,4.760000228881836,19400,5.517800035476685,6.680149998664856,-10.290337137280758,-25.89987035838297
2022-07-21,5.150000095367432,5.150000095367432,4.849999904632568,4.849999904632568,28800,5.460000038146973,6.657149999141693,-5.677654589994274,-22.63956654076562
2022-07-22,5.059999942779541,5.130000114440918,4.920000076293945,5.130000114440918,14300,5.410200033187866,6.6316499996185305,-6.472960117187688,-23.699231065110414
2022-07-25,5.0,5.159999847412109,4.920000076293945,4.949999809265137,40500,5.373400030136108,6.606449999809265,-6.949045819070532,-24.31638777037055
2022-07-26,5.079999923706055,5.199999809265137,4.900000095367432,5.03000020980835,28600,5.335200033187866,6.581999998092652,-4.783327858268239,-22.819812744178826
2022-07-27,5.360000133514404,5.449999809265137,5.0,5.139999866485596,184400,5.290400037765503,6.559649999141693,1.3155923040235384,-18.28832126385187
2022-07-28,5.599999904632568,5.659999847412109,5.230000019073486,5.380000114440918,14700,5.258200035095215,6.538599996566773,6.50032078003977,-14.354756254045753
2022-07-29,5.710000038146973,5.760000228881836,5.5,5.539999961853027,34900,5.232800035476685,6.517449998855591,9.119400692459623,-12.389047263122844
2022-08-01,6.150000095367432,6.199999809265137,5.710000038146973,5.739999771118164,102100,5.227000036239624,6.4966999983787534,17.658313616386103,-5.33655399045424
2022-08-02,6.400000095367432,6.559999942779541,6.010000228881836,6.019999980926514,42100,5.229400033950806,6.478649997711182,22.384978273162215,-1.2139859750339377
2022-08-03,6.369999885559082,6.5,6.150000095367432,6.289999961853027,47900,5.232800035476685,6.459249997138977,21.732148034944032,-1.3817410940810015
2022-08-04,6.900000095367432,6.900000095367432,6.309999942779541,6.619999885559082,55200,5.245800037384033,6.443199999332428,31.5337993479506,7.089646388166315
2022-08-05,6.889999866485596,7.159999847412109,6.75,6.75,47100,5.265600032806397,6.425999999046326,30.849282580497217,7.220663982386122
2022-08-08,6.849999904632568,6.989999771118164,6.710000038146973,6.920000076293945,24800,5.283200035095215,6.407949998378753,29.656266261535123,6.898460605430068
2022-08-09,6.510000228881836,6.690000057220459,6.340000152587891,6.590000152587891,92900,5.295200042724609,6.387599999904633,22.941535283946692,1.9162162467754928
2022-08-10,6.599999904632568,6.75,6.46999979019165,6.650000095367432,47300,5.301200037002563,6.368949999809265,24.50011051392771,3.6277550432994854
2022-08-11,6.590000152587891,6.650000095367432,6.460000038146973,6.460000038146973,107700,5.305000038146972,6.350900001525879,24.222433651287332,3.764823111756832
2022-08-12,4.949999809265137,5.679999828338623,4.75,5.349999904632568,337200,5.2760000324249265,6.324749999046325,-6.178927618579932,-21.736040001398948
2022-08-15,4.46999979019165,4.989999771118164,4.449999809265137,4.989999771118164,139800,5.229600028991699,6.296499998569488,-14.52501595894523,-29.00818246315895
2022-08-16,4.489999771118164,4.639999866485596,4.420000076293945,4.46999979019165,141200,5.1922000217437745,6.26724999666214,-13.524137122702374,-28.357736271738275
2022-08-17,4.429999828338623,4.489999771118164,4.260000228881836,4.489999771118164,82000,5.165800018310547,6.2362999963760375,-14.243683211967706,-28.964292434409334
2022-08-18,4.099999904632568,4.5,4.0,4.480000019073486,128200,5.132200012207031,6.2020999979972835,-20.1122346190592,-33.893360217402225
2022-08-19,4.090000152587891,4.25,4.010000228881836,4.099999904632568,74600,5.108400011062622,6.166600000858307,-19.93578921520066,-33.67495618300818
2022-08-22,3.9100000858306885,4.099999904632568,3.880000114440918,4.090000152587891,66400,5.0838000154495235,6.1303500020504,-23.089026437934034,-36.21897469927619
2022-08-23,3.950000047683716,4.130000114440918,3.8499999046325684,3.9600000381469727,88500,5.062800016403198,6.105050001144409,-21.97993136434524,-35.299464427919894
2022-08-24,3.700000047683716,4.0,3.690000057220459,4.0,112600,5.04280002117157,6.077950001955032,-26.62806313655658,-39.1242105233907
2022-08-25,3.5,3.869999885559082,3.450000047683716,3.7799999713897705,208000,5.023000025749207,6.0526000034809115,-30.320525939516465,-42.17361137383745
2022-08-26,3.450000047683716,3.630000114440918,3.450000047683716,3.5399999618530273,93600,4.997000026702881,6.028150002956391,-30.958574559782537,-42.768510305952425
2022-08-29,3.4200000762939453,3.559999942779541,3.4100000858306885,3.4700000286102295,116300,4.975600032806397,6.00235000371933,-31.264570026844453,-43.022315023703094
2022-08-30,3.430000066757202,3.5199999809265137,3.390000104904175,3.430000066757202,64900,4.950000033378601,5.976650005578994,-30.70706982569311,-42.609989483148304
2022-08-31,3.369999885559082,3.559999942779541,3.3499999046325684,3.509999990463257,70100,4.920800032615662,5.952000004053116,-31.51520355994325,-43.38037830537259
2022-09-01,3.3399999141693115,3.4200000762939453,3.259999990463257,3.369999885559082,72800,4.89160002708435,5.9285000038146975,-31.719684854116615,-43.66197331500066
2022-09-02,3.3399999141693115,3.509999990463257,3.309999942779541,3.440000057220459,57900,4.865200028419495,5.9055500042438505,-31.349175888779612,-43.44303389575707
2022-09-06,3.1700000762939453,3.4000000953674316,3.0999999046325684,3.3399999141693115,111200,4.8330000257492065,5.882300003767013,-34.409268375649646,-46.10951372313748
2022-09-07,3.2100000381469727,3.2799999713897705,3.1700000762939453,3.240000009536743,61400,4.803800024986267,5.860800002813339,-33.177900381976265,-45.22931960472823
2022-09-08,3.240000009536743,3.2899999618530273,3.190000057220459,3.25,105200,4.775600023269654,5.840800004005432,-32.155122000387905,-44.528146703964254
2022-09-09,3.4000000953674316,3.450000047683716,3.2899999618530273,3.2899999618530273,64900,4.752600021362305,5.8230500054359435,-28.46020956771276,-41.61135329091357
2022-09-12,3.390000104904175,3.559999942779541,3.319999933242798,3.4600000381469727,59800,4.723600020408631,5.8068500053882595,-28.232701959152926,-41.620670384829204
2022-09-13,3.440000057220459,3.509999990463257,3.2100000381469727,3.3499999046325684,73200,4.694600024223328,5.789700006246567,-26.72432072017529,-40.584139877558286
2022-09-14,3.180000066757202,3.430000066757202,3.1700000762939453,3.4000000953674316,76500,4.662600021362305,5.77260000705719,-31.79770831322394,-44.912170202862676
2022-09-15,3.2200000286102295,3.390000104904175,3.1600000858306885,3.190000057220459,34600,4.631000018119812,5.756600006818771,-30.46858095419418,-44.0642041344527
2022-09-16,3.1600000858306885,3.25,3.119999885559082,3.1600000858306885,86800,4.598000020980835,5.739800007343292,-31.274465606535497,-44.94581550249313
2022-09-19,3.259999990463257,3.2799999713897705,3.1500000953674316,3.1600000858306885,40600,4.565600018501282,5.7252500069141385,-28.59646098535381,-43.059255289702726
2022-09-20,3.180000066757202,3.259999990463257,3.1500000953674316,3.259999990463257,30100,4.534000015258789,5.709150006771088,-29.86325416728751,-44.29993846744783
2022-09-21,3.069999933242798,3.259999990463257,3.049999952316284,3.1600000858306885,46700,4.504000010490418,5.693500007390976,-31.838367537913904,-46.07886310252921
2022-09-22,2.9200000762939453,3.0899999141693115,2.9000000953674316,3.069999933242798,93500,4.466600012779236,5.674500008821488,-34.62588841759653,-48.541720473089086
2022-09-23,2.869999885559082,2.9100000858306885,2.7799999713897705,2.9000000953674316,42300,4.43340000629425,5.654100009202957,-35.26413403968862,-49.24037634835437
2022-09-26,2.890000104904175,2.990000009536743,2.819999933242798,2.9100000858306885,30300,4.400200004577637,5.633950009346008,-34.32116490392173,-48.70383833527043
2022-09-27,2.9100000858306885,3.009999990463257,2.869999885559082,2.950000047683716,12100,4.367400002479553,5.615150009393692,-33.36996647482343,-48.175915497137325
2022-09-28,2.9000000953674316,2.9800000190734863,2.880000114440918,2.9200000762939453,22000,4.3304000043869015,5.59630000948906,-33.031588480750194,-48.18004591515456
2022-09-29,2.880000114440918,2.9600000381469727,2.869999885559082,2.9000000953674316,24100,4.289000010490417,5.577700010538101,-32.85147802758783,-48.36581191172608
2022-09-30,3.0199999809265137,3.1600000858306885,2.9000000953674316,2.9000000953674316,57300,4.246400008201599,5.561350010633468,-28.88093502511273,-45.696638852937085
2022-10-03,3.259999990463257,3.309999942779541,3.0199999809265137,3.0199999809265137,43100,4.210400009155274,5.547500009536743,-22.57267757518113,-41.23479071908122
2022-10-04,3.359999895095825,3.4100000858306885,3.2799999713897705,3.2799999713897705,35000,4.17760000705719,5.535150009393692,-19.57104822338661,-39.29704001890507
2022-10-05,3.4000000953674316,3.450000047683716,3.2300000190734863,3.3399999141693115,30900,4.1440000104904176,5.52335000872612,-17.953665860028266,-38.44315333998557
2022-10-06,3.309999942779541,3.509999990463257,3.2200000286102295,3.4000000953674316,32200,4.10300000667572,5.512450009584427,-19.327322997951278,-39.9541050345221
2022-10-07,3.4100000858306885,3.4800000190734863,3.2300000190734863,3.2300000190734863,14600,4.059200010299683,5.50030000925064,-15.99329727093356,-38.00338017752479
2022-10-10,3.2799999713897705,3.440000057220459,3.140000104904175,3.3399999141693115,22400,4.010600008964539,5.488550008535385,-18.216726573124287,-40.23922591050535
2022-10-11,3.2699999809265137,3.309999942779541,3.200000047683716,3.200000047683716,10500,3.9530000066757203,5.476150008440018,-17.278017318385388,-40.28651560153238
2022-10-12,3.509999990463257,3.509999990463257,3.200000047683716,3.25,12000,3.895200004577637,5.464850008487701,-9.889094620602101,-35.77133892034146
2022-10-13,3.490000009536743,3.609999895095825,3.309999942779541,3.4200000762939453,17000,3.83760000705719,5.454050008058548,-9.057744342329176,-36.01085423895734
2022-10-14,3.309999942779541,3.390000104904175,3.2100000381469727,3.2699999809265137,10800,3.765800004005432,5.442200008630753,-12.103671483910105,-39.179009637091035
2022-10-17,3.559999942779541,3.5799999237060547,3.2799999713897705,3.3299999237060547,10900,3.6992000055313112,5.430900007486343,-3.762977469280604,-34.44917163136532
2022-10-18,3.4800000190734863,3.680000066757202,3.450000047683716,3.680000066757202,8800,3.6318000078201296,5.418700007200241,-4.179745261847612,-35.777953855180314
2022-10-19,3.5,3.690000057220459,3.430000066757202,3.430000066757202,43400,3.5716000032424926,5.406950007677079,-2.0047038631842984,-35.268497118883815
2022-10-20,3.7100000381469727,3.7300000190734863,3.5399999618530273,3.5399999618530273,33200,3.5138000059127807,5.395650008916855,5.583699467927605,-31.240906433593274
2022-10-21,3.630000114440918,3.690000057220459,3.5299999713897705,3.5799999237060547,6900,3.454600005149841,5.3845500099658965,5.0772914094136645,-32.58489367315006
2022-10-24,3.380000114440918,3.680000066757202,3.380000114440918,3.680000066757202,17300,3.423200011253357,5.372100011110306,-1.2619740789443945,-37.08233079334763
2022-10-25,3.4200000762939453,3.4700000286102295,3.3299999237060547,3.4100000858306885,8900,3.402200016975403,5.359150010347366,0.523192617416024,-36.18390846140412
2022-10-26,3.509999990463257,3.5799999237060547,3.430000066757202,3.430000066757202,8900,3.382600021362305,5.346250009536743,3.7663326522904494,-34.3465048547664
2022-10-27,3.5199999809265137,3.630000114440918,3.390000104904175,3.509999990463257,9100,3.3644000244140626,5.332700009346008,4.624894643423083,-33.99216204254101
2022-10-28,3.259999990463257,3.4600000381469727,3.140000104904175,3.4600000381469727,38400,3.347600026130676,5.314900008440017,-2.6168011406270675,-38.66300428443802
2022-10-31,3.309999942779541,3.4100000858306885,3.0999999046325684,3.0999999046325684,17600,3.332000021934509,5.299300009012223,-0.6602664768950217,-37.53892142074595
2022-11-01,3.2699999809265137,3.3499999046325684,3.2699999809265137,3.2899999618530273,3900,3.3192000198364258,5.285200008153915,-1.4822860513340474,-38.12911572160724
2022-11-02,3.200000047683716,3.3499999046325684,3.1700000762939453,3.2699999809265137,29500,3.3042000198364256,5.2709500074386595,-3.1535612713260663,-39.28988051171617
2022-11-03,3.0199999809265137,3.2799999713897705,3.0199999809265137,3.190000057220459,37300,3.290600018501282,5.2550000071525576,-8.223425395165895,-42.530923371722075
2022-11-04,3.190000057220459,3.2200000286102295,3.0299999713897705,3.069999933242798,10800,3.284400019645691,5.240550007820129,-2.87419199429354,-39.128525584905574
2022-11-07,3.109999895095825,3.1700000762939453,3.049999952316284,3.059999942779541,13900,3.277600016593933,5.227400008440018,-5.113501362264361,-40.50579848348119
2022-11-08,3.0399999618530273,3.2899999618530273,3.0199999809265137,3.1600000858306885,35500,3.270000014305115,5.214200009107589,-7.033640717000522,-41.69767257598307
2022-11-09,2.9000000953674316,3.0399999618530273,2.8499999046325684,3.0399999618530273,79500,3.2594000148773192,5.1998000085353855,-11.02656678742806,-44.22862243534118
2022-11-10,3.0299999713897705,3.2200000286102295,2.9600000381469727,3.190000057220459,14000,3.252600016593933,5.186400008201599,-6.8437571194894575,-41.57797380459991
2022-11-11,3.380000114440918,3.5,3.0299999713897705,3.0299999713897705,73400,3.2534000205993654,5.176950008869171,3.8913165623644774,-34.71059004529137
2022-11-14,3.369999885559082,3.380000114440918,3.2699999809265137,3.380000114440918,102000,3.254000020027161,5.167250008583069,3.564839115488172,-34.781559244059444
2022-11-15,3.299999952316284,3.390000104904175,3.2100000381469727,3.369999885559082,26100,3.2566000175476075,5.1554000079631805,1.3326762431623118,-35.989448981281605
2022-11-16,3.0999999046325684,3.2799999713897705,3.049999952316284,3.25,30800,3.2544000148773193,5.14250000834465,-4.744349481898935,-39.71803792703453
2022-11-17,3.0299999713897705,3.0999999046325684,3.0299999713897705,3.0399999618530273,12700,3.25020001411438,5.130250008106231,-6.7749689793971,-40.9385514038865
2022-11-18,3.109999895095825,3.140000104904175,3.0299999713897705,3.0799999237060547,14000,3.2444000101089476,5.118950008153916,-4.14252603237445,-39.24535519702395
2022-11-21,3.0899999141693115,3.240000009536743,3.0299999713897705,3.0399999618530273,21900,3.2384000062942504,5.106300008296967,-4.582512717283349,-39.48651843509923
2022-11-22,3.009999990463257,3.190000057220459,3.009999990463257,3.119999885559082,29200,3.2298000049591065,5.093850008249283,-6.8053753841836535,-40.909135809089705
2022-11-23,3.190000057220459,3.25,3.009999990463257,3.009999990463257,14700,3.2300000047683715,5.082200008630752,-1.238388467147411,-37.23190642235449
2022-11-25,3.240000009536743,3.3299999237060547,3.109999895095825,3.140000104904175,33300,3.230400004386902,5.06930000782013,0.2971769792225132,-36.085850027842625
2022-11-28,3.009999990463257,3.259999990463257,3.009999990463257,3.0399999618530273,17200,3.2274000024795533,5.056250008344651,-6.736072747390221,-40.469715985252655
2022-11-29,3.049999952316284,3.259999990463257,3.009999990463257,3.0399999618530273,20300,3.223200001716614,5.0434500074386595,-5.373543351578758,-39.52552423801576
2022-11-30,3.109999895095825,3.1500000953674316,3.069999933242798,3.130000114440918,11800,3.221799998283386,5.032650007009506,-3.4701130811077396,-38.20353311348498
2022-12-01,3.390000104904175,3.4000000953674316,3.1700000762939453,3.1700000762939453,16000,3.2282000017166137,5.0223500084877015,5.0120842296488055,-32.50171534888804
2022-12-02,3.2799999713897705,3.4200000762939453,3.0999999046325684,3.0999999046325684,24100,3.2353999996185303,5.010650008916855,1.378499467654648,-34.53943169942529
2022-12-05,3.069999933242798,3.390000104904175,2.8499999046325684,3.309999942779541,68700,3.239400000572205,4.998700008392334,-5.229365539898878,-38.584033286883304
2022-12-06,3.0199999809265137,3.2200000286102295,2.9800000190734863,3.0799999237060547,23800,3.2419999980926515,4.987750008106231,-6.8476254564079575,-39.45165703937998
2022-12-07,3.0,3.1700000762939453,2.9700000286102295,3.049999952316284,11900,3.2437999963760378,4.977450008392334,-7.515876337887983,-39.72817416665588
2022-12-08,3.049999952316284,3.0999999046325684,2.990000009536743,3.059999942779541,7600,3.2467999935150145,4.968400007486343,-6.061353997530128,-38.61202906930662
2022-12-09,3.109999895095825,3.1700000762939453,3.009999990463257,3.0199999809265137,19000,3.251399989128113,4.958000006675721,-4.348898766841824,-37.273096189827505
2022-12-12,2.9700000286102295,3.1700000762939453,2.9600000381469727,3.049999952316284,47000,3.250399990081787,4.945800007581711,-8.6266294095239,-39.9490471903971
2022-12-13,2.880000114440918,3.0399999618530273,2.819999933242798,3.0399999618530273,60300,3.2427999925613404,4.93375000834465,-11.187858608383161,-41.62654959067935
2022-12-14,2.9100000858306885,2.990000009536743,2.859999895095825,2.950000047683716,30300,3.2337999963760375,4.923300008773804,-10.012985061173108,-40.89330163417255
2022-12-15,2.890000104904175,2.990000009536743,2.859999895095825,2.9000000953674316,18400,3.2235999965667723,4.9124000084400175,-10.348675146354736,-41.16928385435119
2022-12-16,2.9000000953674316,2.9800000190734863,2.799999952316284,2.869999885559082,40900,3.2153999996185303,4.902450009584427,-9.809040999207475,-40.84590174916928
2022-12-19,2.880000114440918,2.940000057220459,2.8399999141693115,2.940000057220459,40800,3.204800000190735,4.8915000092983245,-10.134794237721124,-41.12235287812975
2022-12-20,2.859999895095825,3.0,2.8399999141693115,2.9100000858306885,14600,3.196399998664856,4.88180000782013,-10.524343126941126,-41.41505406787647
2022-12-21,3.009999990463257,3.119999885559082,2.859999895095825,2.9800000190734863,34200,3.191199998855591,4.872250007390976,-5.678115080763191,-38.22156116994761
2022-12-22,2.9700000286102295,3.1500000953674316,2.869999885559082,3.0399999618530273,22900,3.18039999961853,4.861000008583069,-6.615519149589266,-38.90146012412878
2022-12-23,3.0,3.0,2.9000000953674316,2.9800000190734863,15900,3.1705999994277954,4.851050009727478,-5.380685026764143,-38.15771855610011
2022-12-27,2.9200000762939453,3.0299999713897705,2.8399999141693115,2.9600000381469727,45700,3.1628000020980833,4.840250010490418,-7.676739776244901,-39.67253613004819
2022-12-28,2.869999885559082,3.0899999141693115,2.869999885559082,3.049999952316284,25600,3.1490000009536745,4.8283000087738035,-8.859959203242218,-40.55879128588059
2022-12-29,2.950000047683716,2.9700000286102295,2.859999895095825,2.9100000858306885,26200,3.138400001525879,4.817400008440018,-6.003057409844626,-38.76364755853039
2022-12-30,2.9700000286102295,3.0,2.869999885559082,3.0,41400,3.1278000020980836,4.805450007915497,-5.045078757657273,-38.19517373569447
2023-01-03,3.059999942779541,3.130000114440918,2.9600000381469727,3.0799999237060547,17900,3.1148000001907348,4.784750008583069,-1.7593443369666728,-36.04681671371765
2023-01-04,3.009999990463257,3.130000114440918,3.0,3.119999885559082,44600,3.102399997711182,4.761600009202957,-2.9783395860009554,-36.7859546235363
2023-01-05,2.9700000286102295,3.059999942779541,2.9600000381469727,3.0,31700,3.094199995994568,4.73785001039505,-4.01396055669041,-37.31333786223878
2023-01-06,3.059999942779541,3.069999933242798,2.990000009536743,3.069999933242798,20900,3.0869999933242798,4.71410001039505,-0.874637207746265,-35.0883533223321
2023-01-09,3.0199999809265137,3.0899999141693115,3.009999990463257,3.0899999141693115,16000,3.077199993133545,4.6914000105857845,-1.8588331058971508,-35.62689231120528
2023-01-10,3.0399999618530273,3.0999999046325684,3.0299999713897705,3.0399999618530273,15600,3.067599992752075,4.66910001039505,-0.8997271796928996,-34.89109346373126
2023-01-11,3.3299999237060547,3.380000114440918,3.049999952316284,3.0899999141693115,46600,3.068999991416931,4.649600009918213,8.50439664447904,-28.38093778813826
2023-01-12,3.3499999046325684,3.380000114440918,3.2300000190734863,3.380000114440918,21900,3.069799990653992,4.629300010204315,9.127627690131135,-27.634849820746112
2023-01-13,3.2699999809265137,3.369999885559082,3.2300000190734863,3.3299999237060547,28300,3.069799990653992,4.608650009632111,6.521597201186746,-29.04646753187613
2023-01-17,3.390000104904175,3.390000104904175,3.2200000286102295,3.2699999809265137,35600,3.073599991798401,4.590200010538101,10.294121354439634,-26.1470067290865
2023-01-18,3.299999952316284,3.4000000953674316,3.2799999713897705,3.4000000953674316,33100,3.0791999912261963,4.571750011444092,7.1706924434668196,-27.8175765504312
2023-01-19,3.25,3.359999895095825,3.25,3.309999942779541,52300,3.080399990081787,4.552550010681152,5.505778810034023,-28.611437713481912
2023-01-20,3.3399999141693115,3.380000114440918,3.180000066757202,3.25,66600,3.084999990463257,4.533200010061264,8.265799821534614,-26.32136444991816
2023-01-23,3.309999942779541,3.359999895095825,3.2899999618530273,3.359999895095825,20400,3.090399990081787,4.513750010728836,7.105874754159003,-26.668514319314852
2023-01-24,3.4200000762939453,3.5,3.3299999237060547,3.359999895095825,61100,3.1007999897003176,4.495200010538102,10.294120473874147,-23.91884525101362
2023-01-25,3.490000009536743,3.5399999618530273,3.4000000953674316,3.440000057220459,34300,3.109999990463257,4.4774000096321105,12.218650168448475,-22.05297712894091
2023-01-26,3.4700000286102295,3.549999952316284,3.4600000381469727,3.549999952316284,24800,3.111799988746643,4.459500008821488,11.511023881964233,-22.188585676732707
2023-01-27,4.059999942779541,4.070000171661377,3.450000047683716,3.450000047683716,105900,3.125599989891052,4.444400008916855,29.895058737860403,-8.649087961616575
2023-01-30,3.9200000762939453,4.099999904632568,3.880000114440918,4.050000190734863,53900,3.1379999923706055,4.428400009870529,24.92033415629733,-11.480442878768937
2023-01-31,4.400000095367432,4.400000095367432,3.9200000762939453,3.9200000762939453,70300,3.1639999961853027,4.414400011301041,39.064478529466506,-0.3262032415899063
2023-02-01,5.940000057220459,6.0,4.400000095367432,4.440000057220459,713500,3.2221999979019165,4.408300012350082,84.34610083446697,34.74582130479411
2023-02-02,5.190000057220459,6.360000133514404,5.090000152587891,6.170000076293945,249400,3.2638000011444093,4.39775001168251,59.0170983332512,18.01489496750286
2023-02-03,5.590000152587891,5.71999979019165,5.0,5.159999847412109,75000,3.3138000059127806,4.387500013113022,68.68851899974979,27.407410504408645
2023-02-06,5.46999979019165,6.0,5.400000095367432,5.650000095367432,125100,3.3630000019073485,4.3768000113964085,62.652387365129414,24.977147138291535
2023-02-07,6.289999961853027,6.440000057220459,5.420000076293945,5.550000190734863,126500,3.425,4.371850010156631,83.64963392271613,43.875017378001814
2023-02-08,5.420000076293945,6.099999904632568,5.420000076293945,6.019999980926514,105800,3.468600001335144,4.363700009584427,56.259011538017134,24.206523463791306
2023-02-09,5.460000038146973,5.880000114440918,5.21999979019165,5.550000190734863,76300,3.5176000022888183,4.355600010156632,55.21946880243009,25.355864299178954
2023-02-10,5.690000057220459,5.800000190734863,5.269999980926514,5.429999828338623,80800,3.5704000043869017,4.349900010824204,59.3658987852687,30.80760576246757
2023-02-13,5.809999942779541,5.809999942779541,5.619999885559082,5.730000019073486,43400,3.624400005340576,4.345500010251999,60.3023930641891,33.7015286865139
2023-02-14,6.099999904632568,6.130000114440918,5.670000076293945,5.78000020980835,88400,3.678600001335144,4.341100009679795,65.8239521127217,40.51737787728398
2023-02-15,6.119999885559082,6.420000076293945,6.050000190734863,6.130000114440918,145100,3.7353999996185303,4.335250009298324,63.83787241484376,41.16832645021149
2023-02-16,6.980000019073486,7.0,6.059999942779541,6.059999942779541,315600,3.813600001335144,4.329900008440018,83.02915923614913,61.204646884865355
2023-02-17,7.329999923706055,7.650000095367432,6.909999847412109,7.139999866485596,337900,3.899800000190735,4.323150006532669,87.95835487326407,69.55229202386606
2023-02-21,7.190000057220459,7.489999771118164,6.670000076293945,7.429999828338623,202200,3.983600001335144,4.31460000872612,80.49001041295958,66.64349053629417
2023-02-22,6.550000190734863,7.300000190734863,6.46999979019165,7.25,160800,4.053600006103515,4.304900010824204,61.58476862227433,52.152202705419384
2023-02-23,6.460000038146973,7.0,6.449999809265137,6.570000171661377,201400,4.120600008964539,4.294700011014938,56.773286028563085,50.41795751923366
2023-02-24,7.21999979019165,7.579999923706055,6.25,6.420000076293945,269900,4.205600004196167,4.2906000101566315,71.6758555970098,68.27482806834932
2023-02-27,7.039999961853027,7.28000020980835,6.659999847412109,7.21999979019165,181000,4.288800001144409,4.288050009012222,64.14847882798212,64.17718886339978
2023-02-28,6.760000228881836,7.110000133514404,6.610000133514404,7.110000133514404,117500,4.3658000040054326,4.287650009393692,54.839896987489766,57.66212760070297
2023-03-01,6.940000057220459,7.039999961853027,6.710000038146973,6.71999979019165,98300,4.446800003051758,4.287400010824204,56.067285518972376,61.86966552454534
2023-03-02,6.929999828338623,7.070000171661377,6.769999980926514,6.980000019073486,130600,4.527399997711182,4.2840500104427335,53.067982326325726,61.76281349298358
2023-03-03,7.269999980926514,8.170000076293945,6.960000038146973,7.03000020980835,399000,4.615199995040894,4.284350010156632,57.522967341355624,69.6873496257774
2023-03-06,7.090000152587891,7.539999961853027,6.929999828338623,7.28000020980835,115300,4.699800000190735,4.284900010824203,50.857486537728256,65.46477478302053
2023-03-07,6.769999980926514,7.150000095367432,6.760000228881836,7.050000190734863,64200,4.775,4.286550010442734,41.78010431259713,57.935868342459344
2023-03-08,6.980000019073486,7.010000228881836,6.760000228881836,6.78000020980835,66600,4.855199999809265,4.290050009489059,43.76338810651863,62.70206649420382
2023-03-09,6.849999904632568,7.21999979019165,6.760000228881836,6.909999847412109,73800,4.932199997901916,4.293300009965897,38.88325508994881,59.550925598767556
2023-03-10,6.320000171661377,6.840000152587891,6.119999885559082,6.78000020980835,173000,5.000199999809265,4.293650010824203,26.394947640143517,47.194115862466354
2023-03-13,6.099999904632568,6.480000019073486,6.010000228881836,6.190000057220459,90600,5.0648000001907345,4.294650009870529,20.439107257993385,42.03718325387975
2023-03-14,6.690000057220459,6.820000171661377,6.159999847412109,6.230000019073486,105800,5.13960000038147,4.298250011205673,30.165772759045772,55.644740063500684
2023-03-15,6.53000020980835,6.900000095367432,6.420000076293945,6.5,63700,5.210800004005432,4.301350013017655,25.316653964628767,51.81280737549565
2023-03-16,7.070000171661377,7.199999809265137,6.440000057220459,6.440000057220459,178500,5.291000008583069,4.305200012922287,33.62313665077321,64.22001650191385
2023-03-17,6.840000152587891,7.150000095367432,6.800000190734863,6.960000038146973,94800,5.367600011825561,4.307400013208389,27.431256753827206,58.7964928173244
2023-03-20,7.03000020980835,7.190000057220459,6.820000171661377,6.980000019073486,94500,5.448800015449524,4.310550013780594,29.01923707743892,63.0882413458566
2023-03-21,7.400000095367432,7.5,7.099999904632568,7.179999828338623,110400,5.535600018501282,4.313600014448166,33.68018047971104,71.55044674011354
2023-03-22,7.090000152587891,7.53000020980835,7.010000228881836,7.400000095367432,183900,5.617000021934509,4.317250014543533,26.22396519318646,64.22491467262228
2023-03-23,7.139999866485596,7.519999980926514,7.0,7.170000076293945,94700,5.69900002002716,4.324200013875961,25.285134960423594,65.11724350339927
2023-03-24,7.429999828338623,7.5,7.090000152587891,7.090000152587891,142400,5.781000018119812,4.3324500119686125,28.52447336187909,71.49649292693216
2023-03-27,7.929999828338623,7.940000057220459,7.269999980926514,7.539999961853027,149600,5.872600016593933,4.345700010061264,35.03388287864304,82.47922797199317
2023-03-28,7.829999923706055,8.149999618530273,7.75,7.940000057220459,79200,5.963800015449524,4.359150010347366,31.2921275599793,79.62217187111915
2023-03-29,7.75,8.0,7.559999942779541,7.989999771118164,85600,6.05100001335144,4.372900010347366,28.078003353160508,77.22792612823474
2023-03-30,8.020000457763672,8.3100004196167,7.75,7.75,112900,6.145400023460388,4.389500013589859,30.504123851122756,82.70874662111427
2023-03-31,8.539999961853027,8.5600004196167,7.900000095367432,7.980000019073486,156100,6.251200022697449,4.409750014543533,36.61376904986542,93.66177070554482
2023-04-03,8.460000038146973,8.9399995803833,8.359999656677246,8.600000381469727,352000,6.353600025177002,4.428300014734268,33.152858294873376,91.04396743666965
2023-04-04,7.889999866485596,8.489999771118164,7.889999866485596,8.489999771118164,143500,6.445200023651123,4.445300015211106,22.416679661339867,77.49082940380352
2023-04-05,7.420000076293945,8.0,7.260000228881836,7.909999847412109,152800,6.525200023651123,4.45885001540184,13.712990397222246,66.41062270907628
2023-04-06,7.630000114440918,7.829999923706055,7.300000190734863,7.320000171661377,82800,6.608000025749207,4.4728500163555145,15.466102976835838,70.58475214999171
2023-04-10,8.0,8.149999618530273,7.5,7.510000228881836,158400,6.698600025177002,4.48885001540184,19.427939717726474,78.21936515033781
2023-04-11,7.929999828338623,8.229999542236328,7.900000095367432,8.020000457763672,91100,6.776000022888184,4.505200015306473,17.030693647467878,76.01881828545571
2023-04-12,7.860000133514404,8.0600004196167,7.840000152587891,8.029999732971191,51100,6.854800024032593,4.520600014925003,14.664178472860323,73.87072750440633
2023-04-13,8.140000343322754,8.34000015258789,7.739999771118164,7.960000038146973,119000,6.9296000289916995,4.537950016260147,17.467102130960587,79.37615694654913
2023-04-14,7.920000076293945,8.279999732971191,7.760000228881836,8.199999809265137,101600,6.969200029373169,4.554300016164779,13.642886456313907,73.90158856867437
2023-04-17,8.430000305175781,8.539999961853027,7.920000076293945,7.920000076293945,133400,7.0340000343322755,4.573700016736984,19.84646380480186,84.31467464693931
2023-04-18,8.149999618530273,8.529999732971191,7.96999979019165,8.479999542236328,117500,7.085200023651123,4.590250014066696,15.028504365786999,77.55023350699463
2023-04-19,8.210000038146973,8.449999809265137,8.100000381469727,8.220000267028809,68200,7.140000028610229,4.606850014925003,14.98599447127753,78.21287889878539
2023-04-20,8.279999732971191,8.399999618530273,7.929999828338623,8.15999984741211,120000,7.179800024032593,4.624350012540817,15.323542511712773,79.05218485877117
2023-04-21,8.579999923706055,8.779999732971191,8.149999618530273,8.34000015258789,184400,7.243000020980835,4.643250011205673,18.459200591637792,84.78436231087542
2023-04-24,8.359999656677246,8.6899995803833,8.180000305175781,8.600000381469727,116600,7.30100001335144,4.661000009775162,14.50485743581973,79.36064447853364
2023-04-25,7.099999904632568,8.350000381469727,6.78000020980835,8.1899995803833,363000,7.329200010299683,4.67210000872612,-3.1272185960953602,51.96592306183172
2023-04-26,6.539999961853027,7.449999809265137,6.349999904632568,7.0,322900,7.343800010681153,4.681000007390976,-10.945287829993223,39.71373534558469
2023-04-27,6.639999866485596,6.769999980926514,6.320000171661377,6.5,234600,7.3546000099182125,4.691350005865097,-9.716369924522429,41.537081185251765
2023-04-28,6.619999885559082,6.949999809265137,6.550000190734863,6.650000095367432,128500,7.364600009918213,4.700500005483628,-10.110530420611397,40.83607866899597
2023-05-01,6.679999828338623,6.929999828338623,6.519999980926514,6.619999885559082,77300,7.358600006103516,4.7112500035762785,-9.221865262441698,41.788269000114184
2023-05-02,6.349999904632568,6.829999923706055,6.340000152587891,6.679999828338623,66200,7.3390000057220455,4.720250002145767,-13.475951768883732,34.526770864804554
2023-05-03,6.489999771118164,6.710000038146973,6.340000152587891,6.369999885559082,122000,7.325,4.729950000047683,-11.399320530810053,37.210747915997786
2023-05-04,5.809999942779541,6.550000190734863,5.570000171661377,6.429999828338623,294000,7.310199995040893,4.735249999761582,-20.5220110705461,22.696794109541685
2023-05-05,6.159999847412109,6.320000171661377,5.800000190734863,6.010000228881836,145000,7.304199991226196,4.741299999952316,-15.664961873832862,29.922170026660645
2023-05-08,8.270000457763672,8.399999618530273,6.800000190734863,6.800000190734863,853400,7.325200004577637,4.756900001764297,12.897947531748134,73.8527287665579
2023-05-09,7.5,8.270000457763672,7.460000038146973,8.260000228881836,285900,7.3344000053405765,4.7691000020504,2.257853328681847,57.26237648142192
2023-05-10,8.0600004196167,8.399999618530273,7.460000038146973,7.78000020980835,380000,7.360400009155273,4.784400004148483,9.504923775762508,68.4641838606302
2023-05-11,7.889999866485596,8.1899995803833,7.619999885559082,8.180000305175781,189000,7.379400005340576,4.798450003862381,6.919259841931469,64.42809365805115
2023-05-12,9.289999961853027,9.640000343322754,7.949999809265137,8.020000457763672,925900,7.4266000080108645,4.818100003004074,25.090888856706517,92.81459405285766
2023-05-15,9.720000267028809,10.1899995803833,9.149999618530273,9.510000228881836,621000,7.47560001373291,4.838700004816055,30.02301151978257,100.88040707946963
2023-05-16,8.630000114440918,9.819999694824219,8.399999618530273,9.619999885559082,553000,7.506400012969971,4.853300005197525,14.968561487924026,77.81715750517849
2023-05-17,8.289999961853027,8.739999771118164,8.199999809265137,8.619999885559082,356400,7.536800012588501,4.864000004529953,9.993630559474553,70.43585432015549
2023-05-18,10.0,10.289999961853027,8.199999809265137,8.25,1458700,7.597200012207031,4.882000004053116,31.62744147754697,104.8340842215862
2023-05-19,9.90999984741211,10.079999923706055,9.430000305175781,10.0,350100,7.658400011062622,4.899700003862381,29.400394770409388,102.25727778435747
2023-05-22,10.050000190734863,10.289999961853027,9.229999542236328,10.029999732971191,708400,7.7330000114440915,4.915450004339218,29.9625006577245,104.45737789750709
2023-05-23,9.8100004196167,10.899999618530273,9.550000190734863,10.029999732971191,667900,7.807200021743775,4.930050007104874,25.653248184943898,98.98379135057762
2023-05-24,8.8100004196167,9.869999885559082,8.75,9.770000457763672,318900,7.849600028991699,4.939850009679795,12.235023276063227,78.34550446578785
2023-05-25,9.720000267028809,9.890000343322754,8.819999694824219,9.710000038146973,670000,7.913400030136108,4.955900009870529,22.82963365952355,96.12987041041492
2023-05-26,11.300000190734863,11.399999618530273,9.649999618530273,9.649999618530273,1090400,7.998000030517578,4.979400011301041,41.28532317601905,126.93497540042671
2023-05-30,11.149999618530273,11.890000343322754,10.569999694824219,11.5,1179300,8.084200019836425,5.002200008630752,37.92335161390381,122.90191514318023
2023-05-31,10.130000114440918,11.489999771118164,9.729999542236328,10.970000267028809,704100,8.146200017929077,5.028100010156631,24.352459946302197,101.46775310710967
2023-06-01,10.630000114440918,10.760000228881836,9.569999694824219,10.220000267028809,527800,8.210800018310547,5.058900011777878,29.46363436858064,110.12473244564399
2023-06-02,11.390000343322754,11.569999694824219,10.520000457763672,10.779999732971191,633900,8.296800022125245,5.093400014638901,37.281847374274534,123.62273354904079
2023-06-05,11.300000190734863,11.850000381469727,11.029999732971191,11.369999885559082,473300,8.38000002861023,5.127750016450882,34.84487055078087,120.36956081092343
2023-06-06,11.539999961853027,11.930000305175781,11.100000381469727,11.300000190734863,351000,8.462200031280517,5.164950016736984,36.3711554819719,123.42907335904005
2023-06-07,11.039999961853027,11.850000381469727,11.0,11.8100004196167,383300,8.524400033950805,5.19970001578331,29.51058042657715,112.31994015696891
2023-06-08,10.880000114440918,11.100000381469727,10.529999732971191,11.050000190734863,285800,8.585400037765503,5.234550015926361,26.726769475876686,107.84976896462948
2023-06-09,10.479999542236328,11.4399995803833,10.430000305175781,10.9399995803833,308200,8.64000002861023,5.267200013399124,21.296290596448863,98.96718399864193
2023-06-12,10.270000457763672,11.029999732971191,9.800000190734863,10.579999923706055,424200,8.68500002861023,5.300050015449524,18.249860954889073,93.77176494234689
2023-06-13,10.25,10.5,10.039999961853027,10.350000381469727,331000,8.71920002937317,5.3338000154495235,17.556656177973707,92.17068450842822
2023-06-14,12.09000015258789,12.800000190734863,10.75,10.930000305175781,1702800,8.791800031661987,5.377000015974045,37.51450339006877,124.84657088842846
2023-06-15,11.760000228881836,12.829999923706055,11.460000038146973,12.069999694824219,710100,8.869200038909913,5.4187000167369845,32.59369703343869,117.02622755565338
2023-06-16,11.9399995803833,12.079999923706055,11.270000457763672,11.760000228881836,517000,8.9596000289917,5.461250014305115,33.264872781681646,118.63125747965846
2023-06-20,12.170000076293945,12.579999923706055,11.609999656677246,11.949999809265137,480700,9.05040002822876,5.505250015258789,34.46919515529656,121.06171459175523
2023-06-21,13.270000457763672,14.220000267028809,12.84000015258789,12.84000015258789,1661100,9.155800037384033,5.5549000179767605,44.93545516045516,138.88819627390797
2023-06-22,13.039999961853027,13.100000381469727,11.9399995803833,13.0,597300,9.258000040054322,5.603400018215179,40.851154735753425,132.7158496531288
2023-06-23,10.5,12.989999771118164,9.930000305175781,12.670000076293945,3861800,9.310800037384034,5.64005001783371,12.77226401427567,86.16856174677952
2023-06-26,10.199999809265137,10.510000228881836,9.5600004196167,10.319999694824219,949100,9.35200002670288,5.6750000166893,9.067576776528586,79.73567892984157
2023-06-27,11.170000076293945,11.489999771118164,10.399999618530273,10.510000228881836,782700,9.417000026702881,5.714650017023087,18.615270729746737,95.46254001592726
2023-06-28,11.649999618530273,11.779999732971191,10.869999885559082,11.0600004196167,622900,9.48140001296997,5.7559000146389,22.87214549110672,102.40100746887526
2023-06-29,11.1899995803833,12.300000190734863,10.930000305175781,11.800000190734863,339600,9.542200012207031,5.794900012016297,17.268549873910555,93.10082239865629
2023-06-30,11.329999923706055,11.520000457763672,10.819999694824219,11.369999885559082,299200,9.604600009918213,5.834350011348724,17.9643078525509,94.19472437662175
2023-07-03,11.109999656677246,11.5600004196167,10.710000038146973,11.539999961853027,300500,9.661200008392335,5.874000009298324,14.996063087674315,89.13857063484045
2023-07-05,10.710000038146973,11.149999618530273,10.640000343322754,11.079999923706055,250200,9.703800010681153,5.911450009346009,10.369134013049287,81.17382404003166
2023-07-06,10.380000114440918,10.550000190734863,9.960000038146973,10.5,380400,9.744200019836425,5.94755000948906,6.52490808183519,74.52564665921389
2023-07-07,10.609999656677246,10.90999984741211,10.3100004196167,10.420000076293945,315500,9.81440001487732,5.98430000782013,8.10645215799135,77.29725519797421
2023-07-10,11.300000190734863,11.4399995803833,10.449999809265137,10.529999732971191,370500,9.909600019454956,6.024900008440017,14.030840483472717,87.55498306868479
2023-07-11,10.9399995803833,11.399999618530273,10.779999732971191,11.34000015258789,321100,9.99560001373291,6.06425000667572,9.4481528407788,80.40152645982931
2023-07-12,10.65999984741211,11.479999542236328,10.600000381469727,11.229999542236328,375200,10.076400012969971,6.102950005531311,5.791749371709631,74.66962432513111
2023-07-13,11.029999732971191,11.130000114440918,10.260000228881836,10.640000343322754,474200,10.163400011062622,6.143750004768371,8.526671398993413,79.53204027524619
2023-07-14,10.460000038146973,11.170000076293945,10.34000015258789,11.069999694824219,261800,10.24560001373291,6.181600004434586,2.09260584179245,69.2118550317576
2023-07-17,10.699999809265137,10.880000114440918,10.25,10.460000038146973,293500,10.32980001449585,6.220550003051758,3.5838040838136687,72.0105103892066
2023-07-18,13.079999923706055,13.699999809265137,11.600000381469727,11.680000305175781,2417100,10.47520001411438,6.2714500021934505,24.866350103882915,108.56420634990793
2023-07-19,13.5,14.0600004196167,12.630000114440918,13.050000190734863,931600,10.622000017166137,6.324550001621247,27.09470888893568,113.4539215681651
2023-07-20,12.149999618530273,13.260000228881836,11.670000076293945,13.239999771118164,727400,10.69960000038147,6.370199999809265,13.555643370753057,90.73183917136143
2023-07-21,11.75,12.420000076293945,11.670000076293945,12.420000076293945,272300,10.78460000038147,6.412649999856949,8.951653279531758,83.23158133161976
2023-07-24,11.869999885559082,12.369999885559082,11.40999984741211,11.770000457763672,397400,10.860799989700318,6.455199999809265,9.292132226132743,83.882759417366
2023-07-25,12.40999984741211,12.430000305175781,11.850000381469727,11.899999618530273,329300,10.951199989318848,6.500249998569489,13.320913320148374,90.91573170482951
2023-07-26,12.140000343322754,12.670000076293945,11.84000015258789,12.40999984741211,356800,11.008199996948242,6.544400000572205,10.281429722282255,85.50211390289869
2023-07-27,11.229999542236328,12.279999732971191,11.050000190734863,12.279999732971191,500600,11.038399982452393,6.583499997854233,1.7357548203409845,70.57795315404472
2023-07-28,11.8100004196167,11.90999984741211,11.3100004196167,11.5,310200,11.101999988555908,6.626150000095367,6.377233217353684,78.23321867821771
2023-07-31,12.829999923706055,13.210000038146973,12.130000114440918,12.1899995803833,526700,11.192799987792968,6.673949999809265,14.627259825053972,92.2399766865608
2023-08-01,13.1899995803833,13.4399995803833,12.600000381469727,12.8100004196167,411400,11.256599979400635,6.722349997758865,17.175697852999573,96.21114022299726
2023-08-02,12.1899995803833,12.979999542236328,12.020000457763672,12.880000114440918,355800,11.30219997406006,6.765849995613098,7.855104389949319,80.16952176425964
2023-08-03,11.970000267028809,12.75,11.850000381469727,12.210000038146973,331400,11.340599975585938,6.8091499972343446,5.5499734828655,75.79287094410658
2023-08-04,11.789999961853027,12.289999961853027,11.460000038146973,12.1899995803833,306700,11.380199966430665,6.850299997329712,3.600991165631462,72.10925019997431
2023-08-07,11.15999984741211,12.020000457763672,10.630000114440918,11.800000190734863,427400,11.427199954986571,6.888699996471405,-2.338281544271592,62.00443992521942
2023-08-08,11.109999656677246,11.210000038146973,10.65999984741211,10.770000457763672,226400,11.45499994277954,6.9267499947547915,-3.011787759281126,60.3926757150204
2023-08-09,10.430000305175781,11.100000381469727,10.119999885559082,11.079999923706055,503200,11.43759994506836,6.960349996089935,-8.809537356891328,49.84879080843587
2023-08-10,10.710000038146973,10.880000114440918,10.380000114440918,10.5,569800,11.428799953460693,6.995749995708466,-6.28937349713663,53.092949929843236
2023-08-11,13.34000015258789,13.880000114440918,12.010000228881836,12.800000190734863,2088000,11.492999954223633,7.045549995899201,16.07065349100165,89.33937251672783
2023-08-14,14.229999542236328,14.449999809265137,13.039999961853027,13.09000015258789,1011500,11.564999942779542,7.099599993228912,23.04366288493278,100.43382100129415
2023-08-15,13.050000190734863,14.9399995803833,12.649999618530273,14.140000343322754,918000,11.598199939727783,7.14729999423027,12.517461835040189,82.5864340557918
2023-08-16,13.149999618530273,13.470000267028809,12.720000267028809,12.970000267028809,276800,11.635199928283692,7.195449992418289,13.019111829477858,82.7543743947381
2023-08-17,13.0600004196167,13.420000076293945,12.59000015258789,13.180000305175781,348200,11.665599937438964,7.244449994564056,11.953097051636586,80.27594129873764
2023-08-18,13.59000015258789,13.609999656677246,12.640000343322754,12.699999809265137,349200,11.716599941253662,7.295849995613098,15.989282050486885,86.27027914169541
2023-08-21,13.670000076293945,14.079999923706055,13.359999656677246,13.779999732971191,466600,11.772399940490722,7.347849996089935,16.119059371033593,86.04081579738647
2023-08-22,13.229999542236328,14.079999923706055,13.119999885559082,14.0,490100,11.827399940490723,7.397999993562698,11.858900593560296,78.83211075626238
2023-08-23,13.420000076293945,13.760000228881836,13.220000267028809,13.239999771118164,643300,11.890399932861328,7.449999994039535,12.864160600732056,80.13422935611788
2023-08-24,13.020000457763672,14.039999961853027,12.739999771118164,13.899999618530273,463600,11.9457999420166,7.499149996042251,8.992286167197715,73.61968309255185
2023-08-25,13.59000015258789,13.800000190734863,12.75,13.100000381469727,437100,11.975799942016602,7.551549997329712,13.478850835741941,79.96305602682128
2023-08-28,13.729999542236328,15.199999809265137,13.329999923706055,13.789999961853027,1231900,12.01519992828369,7.604999995231628,14.271919104034314,80.53911309461019
2023-08-29,14.5600004196167,15.109999656677246,14.100000381469727,14.109999656677246,1036900,12.067599945068359,7.663299996852874,20.653655125242242,89.99648226737995
2023-08-30,14.90999984741211,15.359999656677246,14.010000228881836,14.5600004196167,928200,12.122399940490723,7.722699996232986,22.995445791310388,93.06718964461882
2023-08-31,13.0,15.010000228881836,12.989999771118164,14.979999542236328,759700,12.11699993133545,7.770799995660782,7.287282938584894,67.29294290496739
2023-09-01,11.859999656677246,13.489999771118164,11.670000076293945,13.199999809265137,1278000,12.093399925231934,7.813249994516372,-1.9299805678940296,51.79342354335306
2023-09-05,11.550000190734863,11.859999656677246,11.109999656677246,11.699999809265137,746500,12.11439992904663,7.854499995708466,-4.658916179236483,47.04946460049069
2023-09-06,11.470000267028809,12.170000076293945,11.380000114440918,11.4399995803833,396000,12.139799938201904,7.8963499975204465,-5.517386403258162,45.256989249850044
2023-09-07,11.029999732971191,11.529999732971191,10.869999885559082,11.279999732971191,574300,12.136999931335449,7.936349996328354,-9.120871752715365,38.98076241690542
2023-09-08,10.0600004196167,11.050000190734863,9.729999542236328,11.050000190734863,1422100,12.105199947357178,7.971099998950958,-16.895214755928002,26.205924162796258
2023-09-11,9.25,10.239999771118164,9.130000114440918,10.100000381469727,1464800,12.066399955749512,8.001899999380111,-23.340847030414626,15.597545591879136
2023-09-12,9.229999542236328,9.59000015258789,8.829999923706055,9.130000114440918,1090800,12.024399948120116,8.032999997138978,-23.2394166689429,14.901027580277248
2023-09-13,8.850000381469727,9.229999542236328,8.770000457763672,9.229999542236328,900900,11.979199962615967,8.061299998760223,-26.121941289165186,9.78378652116656
2023-09-14,8.430000305175781,9.0,8.350000381469727,8.850000381469727,742100,11.933599967956543,8.087250000238418,-29.359117719618876,4.238156418155237
2023-09-15,7.920000076293945,8.489999771118164,7.849999904632568,8.4399995803833,1036300,11.884399967193604,8.111800000667571,-33.35801472386676,-2.364455784879338
2023-09-18,7.920000076293945,8.300000190734863,7.690000057220459,7.849999904632568,953200,11.830599975585937,8.13615000128746,-33.0549583906315,-2.6566610123868295
2023-09-19,7.809999942779541,8.140000343322754,7.699999809265137,7.909999847412109,490000,11.760799970626831,8.159650001525879,-33.59295318103024,-4.285110987370199
2023-09-20,7.71999979019165,8.109999656677246,7.679999828338623,7.820000171661377,341700,11.696399974822999,8.181299999952316,-33.99678698736979,-5.63847077803471
2023-09-21,7.78000020980835,7.869999885559082,7.400000095367432,7.519999980926514,491400,11.638799982070923,8.203800001144408,-33.154618845644656,-5.165896185632757
2023-09-22,7.710000038146973,7.949999809265137,7.53000020980835,7.78000020980835,518000,11.572399988174439,8.22700000166893,-33.3759631016415,-6.2841857714486355
2023-09-25,8.079999923706055,8.210000038146973,7.519999980926514,7.599999904632568,404800,11.52479998588562,8.252300001382828,-29.890324052464244,-2.08790370742582
2023-09-26,8.100000381469727,8.34000015258789,7.949999809265137,7.949999809265137,395600,11.472799997329712,8.277800003290176,-29.398225512908816,-2.147909127422498
2023-09-27,8.390000343322754,8.460000038146973,8.0600004196167,8.149999618530273,402100,11.379000005722046,8.30450000524521,-26.26768310832449,1.0295663558738122
2023-09-28,8.229999542236328,8.529999732971191,8.180000305175781,8.380000114440918,332000,11.273599996566773,8.330100003480911,-26.99759132182562,-1.20167178308489
2023-09-29,8.529999732971191,8.770000457763672,8.229999542236328,8.390000343322754,440800,11.201199998855591,8.357900002002715,-23.847447292766056,2.0591264663041953
2023-10-02,9.020000457763672,9.369999885559082,8.529999732971191,8.550000190734863,698600,11.146600008010864,8.38860000371933,-19.078459339339737,7.526887129728355
2023-10-03,7.949999809265137,8.960000038146973,7.900000095367432,8.930000305175781,497700,11.068200006484986,8.413800002336503,-28.172604356560772,-5.512374824010191
2023-10-04,8.390000343322754,8.710000038146973,7.989999771118164,8.350000381469727,280500,10.987800016403199,8.441300003528594,-23.64258240232171,-0.6077222724508835
2023-10-05,8.300000190734863,8.40999984741211,8.180000305175781,8.359999656677246,236100,10.91100001335144,8.468300004005432,-23.929977265343048,-1.987409671255913
2023-10-06,8.520000457763672,8.579999923706055,7.960000038146973,8.180000305175781,287800,10.856800031661987,8.496500005722046,-21.523833607356135,0.2765897961019226
2023-10-09,8.25,8.520000457763672,8.029999732971191,8.390000343322754,232000,10.785600023269653,8.523450006246566,-23.50912344050551,-3.208208014901992
2023-10-10,8.069999694824219,8.619999885559082,8.050000190734863,8.279999732971191,277300,10.690400018692017,8.548750004768372,-24.51171442870299,-5.600237574816358
2023-10-11,7.690000057220459,8.390000343322754,7.630000114440918,8.069999694824219,513000,10.580400028228759,8.572350004911423,-27.318437519343732,-10.292976222219485
2023-10-12,7.360000133514404,7.760000228881836,7.239999771118164,7.650000095367432,557300,10.483800039291381,8.594150005578994,-29.796446842457325,-14.360348274854717
2023-10-13,6.840000152587891,7.440000057220459,6.739999771118164,7.389999866485596,710400,10.381200037002564,8.613750005960464,-34.11166215651836,-20.592074905182876
2023-10-16,7.190000057220459,7.199999809265137,6.800000190734863,6.840000152587891,403700,10.289200038909913,8.635350006818772,-30.12090317973639,-16.737595447283717
2023-10-17,7.519999980926514,8.130000114440918,7.099999904632568,7.099999904632568,554500,10.2164000415802,8.658200006484986,-26.392859027441006,-13.145919760527146
2023-10-18,7.130000114440918,7.449999809265137,7.070000171661377,7.400000095367432,355200,10.136800050735474,8.679000006914139,-29.66222004227457,-17.847677050803178
2023-10-19,7.28000020980835,7.349999904632568,7.019999980926514,7.119999885559082,277200,10.073800048828126,8.700100008249283,-27.73332630663814,-16.322798555124873
2023-10-20,6.880000114440918,7.300000190734863,6.75,7.269999980926514,341800,9.997200050354003,8.71945000886917,-31.18072980646921,-21.095939452112432
2023-10-23,6.739999771118164,7.03000020980835,6.71999979019165,6.849999904632568,222800,9.86520004272461,8.73830000758171,-31.67903598580567,-22.86829514584917
2023-10-24,6.889999866485596,6.920000076293945,6.690000057220459,6.75,220600,9.718400049209595,8.75745000720024,-29.103557873747288,-21.324131330230333
2023-10-25,6.760000228881836,6.900000095367432,6.659999847412109,6.820000171661377,206000,9.592600049972534,8.776150008440018,-29.529009927801674,-22.97305512803738
2023-10-26,6.949999809265137,7.119999885559082,6.630000114440918,6.760000228881836,316000,9.468600053787231,8.795700007677079,-26.599499717117205,-20.984119476573493
2023-10-27,6.889999866485596,7.079999923706055,6.820000171661377,6.980000019073486,174900,9.34520004272461,8.813500007390976,-26.27231268473945,-21.82447539901672
2023-10-30,7.289999961853027,7.369999885559082,6.909999847412109,6.949999809265137,464200,9.219200038909912,8.833200007677078,-20.925894534391677,-17.470452887773746
2023-10-31,7.5,7.570000171661377,7.119999885559082,7.289999961853027,388100,9.095800037384032,8.854350007772446,-17.54436147260541,-15.295871595132137
2023-11-01,7.449999809265137,7.579999923706055,7.179999828338623,7.409999847412109,340500,8.98020004272461,8.874650006294251,-17.0397121019501,-16.053029652084273
2023-11-02,8.069999694824219,8.149999618530273,7.670000076293945,7.75,559500,8.873200035095214,8.89850000500679,-9.05198053795907,-9.310561439752895
2023-11-03,8.850000381469727,8.979999542236328,7.860000133514404,8.3100004196167,700700,8.789800033569335,8.92650000691414,0.6848887081671862,-0.8569946270672646
2023-11-06,8.880000114440918,9.5600004196167,8.65999984741211,9.0,474500,8.695600032806396,8.954200007915496,2.1206136544783982,-0.8286602198854798
2023-11-07,8.649999618530273,9.079999923706055,8.529999732971191,8.869999885559082,361600,8.594000034332275,8.98090000629425,0.6516125666079287,-3.6844902797277146
2023-11-08,8.670000076293945,8.739999771118164,8.369999885559082,8.6899995803833,228600,8.47620002746582,9.00715000629425,2.28640249404386,-3.743136616629039
2023-11-09,8.479999542236328,9.149999618530273,8.420000076293945,8.6899995803833,479400,8.347600021362304,9.032100003957748,1.5860788793809144,-6.112647794859405
2023-11-10,8.350000381469727,8.520000457763672,8.0600004196167,8.4399995803833,248700,8.2546000289917,9.056500005722047,1.155723501356376,-7.8010227329094235
2023-11-13,8.229999542236328,8.380000114440918,8.079999923706055,8.25,330000,8.18200002670288,9.07735000371933,0.5866477068784626,-9.334777893722402
2023-11-14,8.880000114440918,9.039999961853027,8.15999984741211,8.619999885559082,496600,8.128600025177002,9.102150003910065,9.243905308867184,-2.4406309429499284
2023-11-15,9.1899995803833,9.680000305175781,8.869999885559082,8.920000076293945,502600,8.083000011444092,9.126100001335145,13.69540476768396,0.7001849534719939
2023-11-16,8.680000305175781,9.270000457763672,8.600000381469727,9.050000190734863,232600,8.036000022888183,9.13980000257492,8.01394077219204,-5.030741343022848
2023-11-17,8.960000038146973,9.109999656677246,8.75,8.75,206700,8.01400001525879,9.158650002479554,11.804342663925427,-2.16898739747452
2023-11-20,8.630000114440918,9.0600004196167,8.579999923706055,8.970000267028809,281100,8.001600017547608,9.173850002288818,7.853430507838688,-5.928262264068119
2023-11-21,8.369999885559082,8.59000015258789,8.319999694824219,8.5600004196167,249200,7.984400024414063,9.188350002765656,4.829415610014065,-8.906388165016066
2023-11-22,6.639999866485596,8.550000190734863,6.570000171661377,8.479999542236328,1954000,7.94020001411438,9.190100002288819,-16.374904225555632,-27.748339356134476
2023-11-24,6.760000228881836,7.0,6.400000095367432,6.610000133514404,602200,7.906800012588501,9.196800003051758,-14.503968506612452,-26.49617011744654
2023-11-27,6.400000095367432,7.110000133514404,5.710000038146973,6.829999923706055,1984100,7.87640001296997,9.201500003337861,-18.74460305687077,-30.446121903539424
2023-11-28,6.440000057220459,6.559999942779541,6.269999980926514,6.349999904632568,609700,7.846800012588501,9.20525000333786,-17.92832687351703,-30.039922273862306
2023-11-29,6.840000152587891,7.019999980926514,6.480000019073486,6.489999771118164,554800,7.827400016784668,9.210400004386901,-12.6146595559119,-25.736122759814904
2023-11-30,6.760000228881836,7.0,6.599999904632568,6.849999904632568,333800,7.808200025558472,9.213700006008148,-13.424346113644347,-26.630992712225087
2023-12-01,7.329999923706055,7.340000152587891,6.699999809265137,6.760000228881836,456200,7.799200019836426,9.219750006198883,-6.01600285845999,-20.496760554486382
2023-12-04,7.190000057220459,7.5,7.0,7.360000133514404,377800,7.788800020217895,9.220800006389618,-7.687961707106261,-22.024118815741613
2023-12-05,7.460000038146973,7.510000228881836,7.150000095367432,7.170000076293945,300400,7.776400022506714,9.221450006961822,-4.068720531917158,-19.10165936468805
2023-12-06,7.599999904632568,7.679999828338623,7.400000095367432,7.550000190734863,460200,7.766400012969971,9.223500006198883,-2.1425642261474143,-17.601779156233544
2023-12-07,8.050000190734863,8.300000190734863,7.489999771118164,7.659999847412109,506600,7.759600009918213,9.231000006198883,3.742463277043462,-12.793844812814914
2023-12-08,8.170000076293945,8.399999618530273,7.900000095367432,8.050000190734863,361600,7.758400020599365,9.239550006389617,5.305218274408885,-11.575779441163514
2023-12-11,8.430000305175781,8.5600004196167,8.100000381469727,8.239999771118164,356500,7.756400032043457,9.245600008964539,8.684444721127438,-8.821490254801766
2023-12-12,8.329999923706055,8.550000190734863,8.149999618530273,8.4399995803833,365600,7.742600021362304,9.252050008773804,7.5865975347180425,-9.965900359308044
2023-12-13,8.890000343322754,8.90999984741211,8.109999656677246,8.390000343322754,316500,7.761400032043457,9.262700009346009,14.541194972811544,-4.023661196489181
2023-12-14,9.010000228881836,9.289999961853027,8.920000076293945,9.239999771118164,482800,7.773800029754638,9.273050010204315,15.902135305713738,-2.83671263535743
2023-12-15,8.520000457763672,9.220000267028809,8.25,9.170000076293945,625000,7.778200035095215,9.28100001335144,9.536916244394034,-8.19954266235331
2023-12-18,8.449999809265137,8.65999984741211,8.170000076293945,8.520000457763672,389400,7.7768000221252445,9.286900012493133,8.656514057512311,-9.011620692611766
2023-12-19,8.779999732971191,8.859999656677246,8.539999961853027,8.539999961853027,243000,7.787400016784668,9.29535001039505,12.746227419255618,-5.544172912774004
2023-12-20,8.25,8.760000228881836,8.229999542236328,8.739999771118164,299200,7.791000022888183,9.302750010490417,5.891412857956357,-11.316546282585948
2023-12-21,8.550000190734863,8.619999885559082,8.319999694824219,8.34000015258789,240900,7.808200025558472,9.310600011348724,9.500271032354025,-8.169181574622076
2023-12-22,8.579999923706055,8.859999656677246,8.520000457763672,8.5600004196167,248000,7.832600021362305,9.319250011444092,9.542168632450565,-7.932506229902991
2023-12-26,8.579999923706055,8.670000076293945,8.460000038146973,8.600000381469727,164900,7.867400016784668,9.330550010204314,9.057629018495227,-8.044006898601086
2023-12-27,8.59000015258789,8.630000114440918,8.40999984741211,8.539999961853027,178900,7.895400018692016,9.343000011444092,8.797529349386203,-8.059508272865934
2023-12-28,8.479999542236328,8.670000076293945,8.380000114440918,8.539999961853027,151900,7.914600009918213,9.35195000886917,7.143753716038481,-9.323728910076568
2023-12-29,8.140000343322754,8.539999961853027,8.09000015258789,8.460000038146973,300800,7.93480001449585,9.360000009536742,2.5860806630542577,-13.034184454817865
2024-01-02,7.789999961853027,8.020000457763672,7.650000095367432,8.0,368900,7.945000009536743,9.363600008487701,-1.9509131214306197,-16.805502640098602
2024-01-03,7.710000038146973,8.09000015258789,7.300000190734863,7.630000114440918,415300,7.961600008010865,9.367950007915496,-3.1601684285914255,-17.698108640285547
2024-01-04,7.670000076293945,7.909999847412109,7.590000152587891,7.699999809265137,236000,7.98020001411438,9.371150007247925,-3.887119837495201,-18.153054103693357
2024-01-05,7.579999923706055,7.78000020980835,7.550000190734863,7.619999885559082,207100,7.994000015258789,9.372050006389617,-5.17888529850511,-19.121217678755343
2024-01-08,7.71999979019165,7.809999942779541,7.510000228881836,7.579999923706055,212200,8.013200006484986,9.375200004577637,-3.6589654077778255,-17.65509230286075
2024-01-09,7.539999961853027,7.829999923706055,7.409999847412109,7.539999961853027,235100,8.025000009536743,9.377200005054474,-6.043614294172606,-19.592202813325553
2024-01-10,7.53000020980835,7.579999923706055,7.300000190734863,7.5,242800,8.037800016403198,9.377700006961822,-6.3176466888769545,-19.703123322155502
2024-01-11,7.550000190734863,7.610000133514404,7.309999942779541,7.53000020980835,187300,8.043000020980834,9.375800008773803,-6.129551522565457,-19.473536299093087
2024-01-12,7.650000095367432,7.909999847412109,7.579999923706055,7.630000114440918,215800,8.046000022888183,9.37490000963211,-4.921699308902117,-18.399128657291865
2024-01-16,7.619999885559082,7.690000057220459,7.420000076293945,7.659999847412109,359900,8.049400024414062,9.374250009059907,-5.334560806427769,-18.713498379127923
2024-01-17,7.610000133514404,7.760000228881836,7.400000095367432,7.429999828338623,224800,8.040200033187865,9.372200007438659,-5.350611898929225,-18.802414294675817
2024-01-18,8.210000038146973,8.579999923706055,7.610000133514404,7.710000038146973,1184600,8.027400026321411,9.37055000782013,2.2747092611160147,-12.385078450087006
2024-01-19,8.65999984741211,8.65999984741211,8.039999961853027,8.289999961853027,596800,8.023000020980835,9.371550006866455,7.939671254711023,-7.592662461737909
2024-01-22,10.020000457763672,10.140000343322754,8.8100004196167,8.899999618530273,1020500,8.050400037765503,9.382200009822846,24.46587015252051,6.797983919262762
2024-01-23,10.279999732971191,10.569999694824219,10.0,10.229999542236328,936800,8.082600030899048,9.396500008106232,27.186792537941784,9.4024341414652
2024-01-24,10.470000267028809,11.119999885559082,10.3100004196167,10.5,703400,8.122400045394897,9.41070000886917,28.90278992063331,11.256338605643524
2024-01-25,10.289999961853027,10.739999771118164,10.079999923706055,10.649999618530273,344400,8.161200037002564,9.422150008678436,26.08439831395588,9.210742265568284
2024-01-26,10.149999618530273,10.8100004196167,9.960000038146973,10.600000381469727,258900,8.199600038528443,9.433250007629395,23.786520938061063,7.598119527428904
2024-01-29,10.800000190734863,10.920000076293945,9.819999694824219,10.069999694824219,602700,8.238000040054322,9.447950007915496,31.09978317824391,14.310513727174868
2024-01-30,10.850000381469727,11.279999732971191,10.65999984741211,11.130000114440918,515100,8.271200056076049,9.461500008106231,31.178067365197904,14.675266841133894
2024-01-31,10.369999885559082,10.90999984741211,10.319999694824219,10.800000190734863,352400,8.305000047683716,9.473750007152557,24.86453733918159,9.460349679164736
2024-02-01,10.800000190734863,11.180000305175781,10.380000114440918,10.569999694824219,389100,8.341800050735474,9.485600006580352,29.46846154365277,13.856795387141396
2024-02-02,10.720000267028809,10.779999732971191,10.369999885559082,10.699999809265137,267200,8.383600053787232,9.498450009822845,27.868698390330838,12.860522042466883
2024-02-05,10.220000267028809,10.600000381469727,10.020000457763672,10.579999923706055,306800,8.420600061416627,9.508500010967255,21.36902587093612,7.482781250890236
2024-02-06,10.710000038146973,10.729999542236328,10.050000190734863,10.229999542236328,249700,8.502000064849854,9.520650012493133,25.970359403144894,12.492319579998812
2024-02-07,10.489999771118164,10.770000457763672,10.390000343322754,10.770000457763672,258200,8.57660005569458,9.530200011730194,22.30953644799083,10.071139726412937
2024-02-08,11.3100004196167,11.319999694824219,10.350000381469727,10.550000190734863,322800,8.674800062179566,9.544950015544892,30.37764949680042,18.491981636333854
2024-02-09,11.630000114440918,11.890000343322754,11.199999809265137,11.489999771118164,425000,8.778600063323974,9.567600016593934,32.481261596934786,21.556086105919793
2024-02-12,11.619999885559082,12.170000076293945,11.420000076293945,11.640000343322754,347800,8.874200057983398,9.593000016212464,30.94137848634042,21.129989220482905
2024-02-13,10.880000114440918,11.140000343322754,10.65999984741211,11.100000381469727,620300,8.95660005569458,9.61420001745224,21.474667248577738,13.165943028966787
2024-02-14,12.260000228881836,12.390000343322754,11.260000228881836,11.289999961853027,593400,9.055200061798097,9.642400019168853,35.39182066892248,27.14677056032997
2024-02-15,8.520000457763672,12.479999542236328,8.449999809265137,12.359999656677246,3229600,9.08180006980896,9.651600022315979,-6.1859940510351485,-11.724476376309367
2024-02-16,8.1899995803833,8.75,7.079999923706055,8.75,2167300,9.096400060653686,9.660800020694733,-9.964386726909735,-15.224416582071676
2024-02-20,8.739999771118164,8.760000228881836,7.71999979019165,7.96999979019165,722600,9.119200057983399,9.672050020694734,-4.158262615735286,-9.63653256116661
2024-02-21,8.5,8.789999961853027,8.350000381469727,8.670000076293945,564000,9.128200054168701,9.685500020980834,-6.8819707109926025,-12.239946501603338
2024-02-22,8.479999542236328,9.149999618530273,8.399999618530273,8.640000343322754,879800,9.134400043487549,9.697100019454956,-7.164132270709789,-12.55117998965465
2024-02-23,7.070000171661377,9.399999618530273,6.849999904632568,9.399999618530273,2016300,9.107200040817261,9.691100018024445,-22.369113009766174,-27.046463677890987
2024-02-26,7.079999923706055,7.400000095367432,6.78000020980835,7.110000133514404,1139100,9.082200040817261,9.689000017642975,-22.045320606382923,-26.92744441310887
2024-02-27,7.550000190734863,7.889999866485596,6.920000076293945,6.960000038146973,773400,9.055400037765503,9.686450016498565,-16.62433289255446,-22.056066176202506
2024-02-28,7.409999847412109,7.679999828338623,7.170000076293945,7.46999979019165,552400,9.02340003013611,9.684050016403198,-17.880180168623905,-23.482428995505177
2024-02-29,7.400000095367432,7.699999809265137,7.329999923706055,7.550000190734863,371500,9.001000022888183,9.67460001707077,-17.786911714805587,-23.511048701649894
2024-03-01,7.369999885559082,7.53000020980835,7.190000057220459,7.420000076293945,324800,8.979400024414062,9.662850015163421,-17.923248039726335,-23.728507904047824
2024-03-04,7.289999961853027,7.5,7.070000171661377,7.400000095367432,512500,8.9496000289917,9.656150014400483,-18.543846225110585,-24.504073041727302
2024-03-05,7.139999866485596,7.28000020980835,6.929999828338623,7.170000076293945,394600,8.927400026321411,9.650400013923646,-20.02150855305993,-26.013430985410256
2024-03-06,7.420000076293945,7.739999771118164,7.0,7.239999771118164,534200,8.904800024032593,9.637500014305115,-16.674152633763995,-23.00907844067127
2024-03-07,7.360000133514404,7.539999961853027,7.130000114440918,7.5,380100,8.88040002822876,9.624750015735627,-17.120849172124586,-23.530480049025215
2024-03-08,7.179999828338623,7.619999885559082,7.139999866485596,7.389999866485596,295300,8.852400026321412,9.610400013923645,-18.892054053252604,-25.289271851991934
2024-03-11,7.150000095367432,7.210000038146973,7.010000228881836,7.130000114440918,193000,8.823600025177003,9.597100012302398,-18.967314078541296,-25.49832672159361
2024-03-12,5.989999771118164,7.139999866485596,5.929999828338623,7.130000114440918,991900,8.77380002975464,9.583000009059907,-31.728558312199475,-37.493480481528415
2024-03-13,6.480000019073486,6.78000020980835,6.170000076293945,6.300000190734863,612900,8.740600023269653,9.56680000782013,-25.863213030889032,-32.26575224969079
2024-03-14,6.210000038146973,6.670000076293945,6.179999828338623,6.440000057220459,426300,8.709000024795532,9.54135000705719,-28.694453778087237,-34.91487018552101
2024-03-15,6.300000190734863,6.449999809265137,6.150000095367432,6.199999809265137,288300,8.68080002784729,9.517100009918213,-27.42604171821742,-33.80336253512793
2024-03-18,6.380000114440918,6.429999828338623,6.079999923706055,6.349999904632568,250900,8.65500002861023,9.498350009918212,-26.28538309242061,-32.830437836267365
2024-03-19,6.340000152587891,6.429999828338623,6.130000114440918,6.320000171661377,247400,8.630200033187867,9.476900010108947,-26.537042847128667,-33.10048490724758
2024-03-20,6.559999942779541,6.599999904632568,6.21999979019165,6.309999942779541,204700,8.607000036239624,9.452750008106232,-23.782968337878764,-30.602206372177466
2024-03-21,6.5,6.809999942779541,6.460000038146973,6.570000171661377,218700,8.586200037002563,9.428750007152557,-24.29712827574483,-31.06191175851344
2024-03-22,6.289999961853027,6.53000020980835,6.260000228881836,6.489999771118164,232900,8.561400032043457,9.402500007152558,-26.530708315101194,-33.102898621981666
2024-03-25,6.039999961853027,6.389999866485596,6.019999980926514,6.349999904632568,311500,8.53120002746582,9.377500007152557,-29.201050937646343,-35.59050965346733
2024-03-26,6.0,6.21999979019165,5.889999866485596,6.070000171661377,248700,8.498200025558472,9.353100006580354,-29.396813655186925,-35.85014598605048
2024-03-27,6.46999979019165,6.46999979019165,6.010000228881836,6.019999980926514,185000,8.475200023651123,9.333050007820129,-23.65962134066106,-30.676469270276474
2024-03-28,6.599999904632568,6.739999771118164,6.380000114440918,6.460000038146973,208900,8.455000019073486,9.314700005054474,-21.93968196636612,-29.144256915937362
2024-04-01,6.75,6.809999942779541,6.400000095367432,6.599999904632568,263700,8.425800018310547,9.297200005054474,-19.888912799600966,-27.39749605977795
2024-04-02,6.760000228881836,6.849999904632568,6.400000095367432,6.599999904632568,230900,8.387800025939942,9.270550005435943,-19.40675495390931,-27.08091510300904
2024-04-03,7.119999885559082,7.340000152587891,6.679999828338623,6.699999809265137,310400,8.32980001449585,9.24735000371933,-14.523759596045839,-23.004970259637815
2024-04-04,6.940000057220459,7.559999942779541,6.900000095367432,7.260000228881836,458700,8.263000020980835,9.222350006103516,-16.011133491481377,-24.748030028924916
2024-04-05,6.860000133514404,7.179999828338623,6.789999961853027,6.869999885559082,302400,8.190800018310547,9.195800006389618,-16.247495749147056,-25.400725018510673
2024-04-08,6.710000038146973,7.059999942779541,6.650000095367432,6.889999866485596,207300,8.119200019836425,9.163000004291534,-17.3563895241719,-26.77070790129529
2024-04-09,6.760000228881836,6.820000171661377,6.599999904632568,6.760000228881836,130200,8.051400032043457,9.131600005626678,-16.039444047271633,-25.971349766563556
2024-04-10,6.28000020980835,6.599999904632568,6.21999979019165,6.5,265400,7.961000032424927,9.11050000667572,-21.115435444917885,-31.068545028190776
2024-04-11,6.460000038146973,6.539999961853027,6.239999771118164,6.300000190734863,139600,7.8732000255584715,9.09180000782013,-17.949499349995946,-28.946962839145897
2024-04-12,6.329999923706055,6.489999771118164,6.190000057220459,6.349999904632568,158700,7.7924000263214115,9.06760000705719,-18.76700500071372,-30.19101064471853
2024-04-15,6.159999847412109,6.349999904632568,6.150000095367432,6.329999923706055,206400,7.699600019454956,9.0401500082016,-19.995846123859206,-31.85953947862036
2024-04-16,5.989999771118164,6.159999847412109,5.949999809265137,6.099999904632568,230600,7.605000009536743,9.014150009155273,-21.23603203673049,-33.54892291525672
2024-04-17,5.909999847412109,6.150000095367432,5.880000114440918,6.050000190734863,239100,7.51880000114441,8.987050008773803,-21.397033482569427,-34.23871190610552
2024-04-18,5.860000133514404,5.96999979019165,5.619999885559082,5.929999828338623,220500,7.421800003051758,8.960800011157989,-21.0434108827395,-34.604051800982816
2024-04-19,5.800000190734863,5.929999828338623,5.679999828338623,5.809999942779541,257900,7.328000011444092,8.93625001192093,-20.85152590506224,-35.09581554905379
2024-04-22,5.690000057220459,5.920000076293945,5.460000038146973,5.840000152587891,310900,7.215600004196167,8.912800011634827,-21.14307813748696,-36.159231108151246
2024-04-23,5.739999771118164,5.980000019073486,5.679999828338623,5.699999809265137,176400,7.097799997329712,8.88845001220703,-19.129874421966964,-35.42181411567725
2024-04-24,6.329999923706055,6.920000076293945,5.800000190734863,5.920000076293945,601100,6.991999998092651,8.863600010871886,-9.467964453191978,-28.58432334557264
2024-04-25,5.690000057220459,6.21999979019165,5.5,6.159999847412109,627900,6.888199996948242,8.837350013256073,-17.394964435681825,-35.61418243381298
2024-04-26,5.920000076293945,6.0,5.679999828338623,5.710000038146973,338900,6.761399993896484,8.813650014400482,-12.444167160086227,-32.83145953581828
2024-04-29,6.03000020980835,6.289999961853027,5.940000057220459,5.949999809265137,467300,6.711599988937378,8.788650016784668,-10.155548308190266,-31.388777590503846
2024-04-30,5.840000152587891,6.0,5.800000190734863,5.96999979019165,216600,6.66460000038147,8.765550017356873,-12.372833294517015,-33.375542424331975
2024-05-01,6.010000228881836,6.25,5.860000133514404,5.860000133514404,178600,6.610000009536743,8.742100019454956,-9.077152493029384,-31.252213821541908
2024-05-02,6.480000019073486,6.539999961853027,6.039999961853027,6.119999885559082,206400,6.569600009918213,8.709100019931793,-1.3638576277011816,-25.59506717980906
2024-05-03,6.71999979019165,6.920000076293945,6.599999904632568,6.650000095367432,251300,6.53440001487732,8.675200018882752,2.840349150522825,-22.537811513686623
2024-05-06,6.739999771118164,6.989999771118164,6.670000076293945,6.809999942779541,217800,6.527800006866455,8.64815001964569,3.2507087231303133,-22.06425934093246
2024-05-07,6.739999771118164,6.929999828338623,6.599999904632568,6.760000228881836,351100,6.521000003814697,8.623100018501281,3.3583770460873463,-21.837856957971425
2024-05-08,10.470000267028809,10.539999961853027,8.210000038146973,8.649999618530273,19162200,6.579400005340577,8.61610002040863,59.13305557543524,21.516698300030335
2024-05-09,11.5,11.789999961853027,9.510000228881836,10.180000305175781,3773400,6.661200008392334,8.61155002117157,72.64156586668082,33.541580455634005
2024-05-10,10.779999732971191,11.710000038146973,10.40999984741211,11.630000114440918,1279700,6.72880000114441,8.604750018119812,60.20686795770076,25.279638691080585
2024-05-13,11.0600004196167,11.699999809265137,10.65999984741211,10.779999732971191,864100,6.802600011825562,8.603900022506714,62.58489989695295,28.54636142545981
2024-05-14,11.039999961853027,11.680000305175781,10.90999984741211,11.0,512800,6.877600011825561,8.600050020217896,60.52111118515915,28.371345932861345
2024-05-15,12.170000076293945,12.539999961853027,11.020000457763672,11.15999984741211,1168000,6.978200016021728,8.596750020980835,74.40027583548776,41.56512689786722
2024-05-16,11.979999542236328,12.800000190734863,11.800000190734863,12.180000305175781,756100,7.069400005340576,8.5907000207901,69.46274836882962,39.453123880986226
2024-05-17,12.010000228881836,12.220000267028809,11.770000457763672,12.029999732971191,396200,7.162400007247925,8.589800024032593,67.68122719658811,39.81699452001428
2024-05-20,12.210000038146973,12.489999771118164,12.0,12.170000076293945,382800,7.263000011444092,8.591000022888183,68.11235052881786,42.12548021903193
2024-05-21,12.279999732971191,12.529999732971191,12.0,12.180000305175781,250100,7.365600004196167,8.593450021743774,66.72096945225509,42.89953047843929
2024-05-22,12.920000076293945,13.270000457763672,12.319999694824219,12.40999984741211,750200,7.504200010299683,8.602250022888184,72.17025210629988,50.1932638776766
2024-05-23,12.890000343322754,13.369999885559082,12.630000114440918,13.149999618530273,457800,7.632400016784668,8.611150026321411,68.88528267616896,49.68965009229112
2024-05-24,12.960000038146973,13.359999656677246,12.770000457763672,13.0,206700,7.767400016784668,8.623800024986267,66.8511987298395,50.28177834130159
2024-05-28,12.880000114440918,13.180000305175781,12.34000015258789,13.180000305175781,295300,7.899000015258789,8.634650025367737,63.058616148375094,49.16644075441121
2024-05-29,12.510000228881836,13.039999961853027,12.510000228881836,12.510000228881836,337700,8.021600017547607,8.630500025749207,55.953926916271726,44.95104792953004
2024-05-30,12.850000381469727,13.029999732971191,12.529999732971191,12.529999732971191,225700,8.151800022125244,8.623600029945374,57.6339010598008,49.00969823331573
2024-05-31,12.619999885559082,13.140000343322754,11.869999885559082,13.140000343322754,350600,8.273000020980835,8.621450028419495,52.544419842306176,46.37908755440074
2024-06-03,14.40999984741211,14.869999885559082,13.100000381469727,13.470000267028809,1171900,8.431200017929077,8.627750029563904,70.91279790265943,67.01920892509298
2024-06-04,14.640000343322754,14.65999984741211,13.850000381469727,14.380000114440918,445000,8.598200025558471,8.635650029182434,70.26819915569311,69.52980139132355
2024-06-05,15.100000381469727,15.300000190734863,14.619999885559082,14.75,719500,8.779400033950806,8.643200030326843,71.99353398952704,74.70381720297543
2024-06-06,15.15999984741211,15.739999771118164,14.760000228881836,14.90999984741211,501300,8.962600030899047,8.650650029182435,69.14734335067048,75.24694440615195
2024-06-07,14.5600004196167,15.460000038146973,14.449999809265137,14.979999542236328,314600,9.12440004348755,8.657300033569335,59.57214008836402,68.18176987235279
2024-06-10,15.779999732971191,16.229999542236328,14.430000305175781,14.449999809265137,1143000,9.30800004005432,8.669100031852722,69.53158213436257,82.02581207958168
2024-06-11,15.319999694824219,15.779999732971191,14.6899995803833,15.779999732971191,529400,9.479400033950805,8.680600028038025,61.61360043837269,76.48549230860968
2024-06-12,16.25,16.450000762939453,15.569999694824219,16.18000030517578,468700,9.669200029373169,8.693900027275085,68.05940461088433,86.91266231517976
2024-06-13,15.640000343322754,16.780000686645508,15.420000076293945,16.5,479400,9.839600038528442,8.703450031280518,58.949553661550944,79.69885835056236
2024-06-14,15.149999618530273,15.600000381469727,14.84000015258789,15.390000343322754,387800,10.003800029754638,8.706400027275086,51.44244760460146,74.00991880764632
2024-06-17,15.140000343322754,15.380000114440918,14.670000076293945,14.970000267028809,369900,10.169400033950806,8.707550029754639,48.87800944773015,73.87210284853647
2024-06-18,13.819999694824219,15.170000076293945,13.270000457763672,15.069999694824219,631600,10.311600027084351,8.71165002822876,34.02381452465902,58.63814145474897
2024-06-20,13.4399995803833,14.0,13.289999961853027,13.800000190734863,370600,10.44520001411438,8.71955002784729,28.671538718474608,54.13638934876792
2024-06-21,13.34000015258789,13.449999809265137,12.670000076293945,13.380000114440918,476300,10.586400012969971,8.728500027656555,26.010732035860485,52.83267583570645
2024-06-24,13.609999656677246,13.970000267028809,13.1899995803833,13.3100004196167,322700,10.729400005340576,8.739200024604797,26.847723543747513,55.735074358739325
2024-06-25,14.15999984741211,14.329999923706055,13.520000457763672,13.520000457763672,309700,10.886000003814697,8.754850025177001,30.075324659655788,61.738919646722664
2024-06-26,14.079999923706055,14.779999732971191,13.949999809265137,14.0600004196167,314300,11.044400005340576,8.774950022697448,27.485421724109948,60.45675345485122
2024-06-27,14.430000305175781,14.619999885559082,13.949999809265137,14.0600004196167,284100,11.213200016021728,8.800850024223328,28.687620702010143,63.96143855944443
2024-06-28,14.829999923706055,15.020000457763672,14.359999656677246,14.569999694824219,1020700,11.391600017547608,8.828850026130675,30.18364321835334,67.97204482819194
2024-07-01,15.449999809265137,16.030000686645508,14.800000190734863,14.899999618530273,473700,11.583400011062622,8.861850023269653,33.380525532311346,74.34282648314026
2024-07-02,15.149999618530273,15.90999984741211,14.949999809265137,15.470000267028809,361900,11.77039999961853,8.895450019836426,28.712699814970378,70.31178394287532
2024-07-03,14.979999542236328,15.819999694824219,14.880000114440918,15.109999656677246,207900,11.956199989318847,8.930750017166138,25.29064046786449,67.7350671941628
2024-07-05,14.970000267028809,15.0,14.649999618530273,14.850000381469727,237300,12.14079999923706,8.966000018119813,23.30324416817291,66.9640891899981
2024-07-08,16.850000381469727,17.549999237060547,15.15999984741211,15.25,875900,12.351200008392334,9.011200020313263,36.423994186966205,86.98952795949543
2024-07-09,17.459999084472656,17.75,16.559999465942383,17.170000076293945,663200,12.586599988937378,9.059900016784669,38.71894792730848,92.7173484489419
2024-07-10,16.68000030517578,17.649999618530273,16.34000015258789,17.59000015258789,433400,12.801799993515015,9.104400017261504,30.294179831159205,83.20812215578515
2024-07-11,16.559999465942383,17.100000381469727,16.010000228881836,17.0,370800,13.012399978637696,9.148650014400483,27.263221950821826,81.01030687452275
2024-07-12,16.920000076293945,17.170000076293945,16.600000381469727,16.809999465942383,315000,13.233999977111816,9.192850015163422,27.85250193106439,84.05608759399689
2024-07-15,20.170000076293945,20.989999771118164,17.350000381469727,17.6299991607666,2255200,13.517199974060059,9.253200013637542,49.21729437310112,117.97864572868862
2024-07-16,21.34000015258789,21.579999923706055,20.09000015258789,20.520000457763672,1398500,13.814399976730346,9.317950012683868,54.47648966682617,129.02033305114594
2024-07-17,19.6200008392334,21.1200008392334,19.079999923706055,20.709999084472656,658400,14.072399997711182,9.374900019168853,39.42185300605803,109.28224086781077
2024-07-18,18.950000762939453,20.260000228881836,18.75,19.719999313354492,396600,14.316600017547607,9.427000024318694,32.3638345676541,101.01835911800588
2024-07-19,17.649999618530273,18.899999618530273,17.350000381469727,18.899999618530273,641300,14.53480001449585,9.470150020122528,21.432696706714726,86.37507939184592
2024-07-22,17.6299991607666,18.56999969482422,17.020000457763672,18.100000381469727,435900,14.677999992370605,9.518550016880035,20.111726188379887,85.21727710104861
2024-07-23,17.719999313354492,18.170000076293945,17.229999542236328,17.420000076293945,299500,14.802399978637695,9.565200011730195,19.710312779869298,85.25487487583882
2024-07-24,17.209999084472656,17.520000457763672,17.100000381469727,17.3700008392334,259200,14.930999965667725,9.609750006198883,15.263539776607393,79.08893647983706
2024-07-25,17.31999969482422,17.989999771118164,16.610000610351562,17.34000015258789,362300,15.056199951171875,9.653750002384186,15.03566471615665,79.41214233377391
2024-07-26,19.760000228881836,20.079999923706055,17.979999542236328,18.040000915527344,780600,15.230599956512451,9.711300003528596,29.738817152981945,103.47430541433229
2024-07-29,18.770000457763672,21.1200008392334,18.520000457763672,20.309999465942383,696800,15.362599964141845,9.764800007343291,22.179842615020306,92.22104337670328
2024-07-30,18.75,19.940000534057617,18.31999969482422,19.0,378000,15.49799997329712,9.82010000705719,20.98335289912272,90.9349190591273
2024-07-31,19.350000381469727,20.049999237060547,18.760000228881836,19.079999923706055,463200,15.644799976348876,9.880050008296967,23.6832711873735,95.84921498595837
2024-08-01,18.040000915527344,19.959999084472656,17.600000381469727,19.3799991607666,490800,15.761399993896484,9.936050012111664,14.456843443559798,81.5610921194768
2024-08-02,16.770000457763672,17.6299991607666,16.229999542236328,16.90999984741211,549200,15.851200008392334,9.983950014114379,5.79640941307209,67.969595541402
2024-08-05,15.84000015258789,16.399999618530273,13.5600004196167,14.600000381469727,657600,15.909600009918213,10.025550014972687,-0.4374708181659748,57.99632068995313
2024-08-06,16.639999389648438,17.0,15.5,16.0,472700,15.984599990844726,10.073100011348725,4.100192680324155,65.19243699458164
2024-08-07,15.460000038146973,17.25,15.329999923706055,17.0,404300,16.034599990844725,10.114000010490418,-3.583500386824945,52.85742556962221
2024-08-08,16.3799991607666,16.43000030517578,15.600000381469727,15.8100004196167,566300,16.10459997177124,10.161500005722045,1.7100653818045375,61.19666536970778
2024-08-09,18.549999237060547,21.100000381469727,17.110000610351562,20.5,1720100,16.225399951934815,10.220550003051757,14.326915157789589,81.49707434063427
2024-08-12,18.469999313354492,20.110000610351562,17.959999084472656,19.200000762939453,899800,16.33779993057251,10.278450000286103,13.050713020374637,79.69634830971961
2024-08-13,16.43000030517578,19.350000381469727,15.779999732971191,18.719999313354492,1291100,16.413999938964842,10.326800000667571,0.09747999433675769,59.10059557765883
2024-08-14,16.489999771118164,17.190000534057617,16.260000228881836,16.549999237060547,594400,16.455599937438965,10.374500000476838,0.2090463660394004,58.94741693922833
2024-08-15,17.1200008392334,17.190000534057617,15.670000076293945,16.59000015258789,560600,16.505199947357177,10.425650005340577,3.72489211786049,64.21039292958824
2024-08-16,17.059999465942383,17.600000381469727,16.850000381469727,17.270000457763672,302800,16.54439992904663,10.474500002861022,3.116459582136466,62.8717309779234
2024-08-19,18.690000534057617,18.700000762939453,17.010000228881836,17.09000015258789,609700,16.61499994277954,10.53045000553131,12.488718618261686,77.48529762963932
2024-08-20,18.360000610351562,19.549999237060547,17.530000686645508,18.719999313354492,653700,16.69099994659424,10.585000009536744,9.999404883455654,73.4530051375512
2024-08-21,18.489999771118164,18.700000762939453,17.850000381469727,18.450000762939453,263600,16.74519994735718,10.637100009918212,10.419701342750232,73.82557044568327
2024-08-22,17.84000015258789,19.389999389648438,17.75,18.6299991607666,361600,16.79559995651245,10.682050008773803,6.218296451330252,67.00914279501443
2024-08-23,19.139999389648438,19.15999984741211,17.799999237060547,17.899999618530273,354900,16.85339994430542,10.733350005149841,13.567585489571421,78.32269869579488
2024-08-26,18.889999389648438,19.43000030517578,18.75,19.389999389648438,279900,16.918399925231935,10.784550004005432,11.653581149101932,75.15797490514305
2024-08-27,19.5,19.799999237060547,18.3700008392334,18.540000915527344,386600,17.005399932861327,10.838700003623963,14.669458389614798,79.91087486027011
2024-08-28,17.719999313354492,19.399999618530273,17.360000610351562,19.219999313354492,663500,17.05699991226196,10.884900002479553,3.8869637363128096,62.79432341425204
2024-08-29,17.18000030517578,18.709999084472656,17.1200008392334,17.780000686645508,901600,17.124199924468993,10.929050002098084,0.325856863111329,57.19573340663355
2024-08-30,17.280000686645508,17.6200008392334,16.75,17.469999313354492,576500,17.200999946594237,10.97430000782013,0.45927992730976364,57.45879622693042
2024-09-03,15.90999984741211,17.190000534057617,15.8100004196167,16.899999618530273,476500,17.252399940490722,11.009450006484986,-7.780946985399117,44.512213035533236
2024-09-04,15.460000038146973,16.25,15.430000305175781,15.699999809265137,290400,17.289399948120117,11.040800008773804,-10.58104917153042,40.026085300534
2024-09-05,15.010000228881836,15.649999618530273,14.899999618530273,15.3100004196167,332700,17.306399955749512,11.072450008392334,-13.26907810254766,35.5616888539126
2024-09-06,14.069999694824219,15.039999961853027,13.899999618530273,14.899999618530273,531900,17.306199951171877,11.09800000667572,-18.69965830441316,26.77959710182707
2024-09-09,14.270000457763672,14.6899995803833,14.010000228881836,14.010000228881836,377100,17.302999954223633,11.126200008392335,-17.52874937573823,28.25583260232616
2024-09-10,14.520000457763672,14.5600004196167,13.90999984741211,14.34000015258789,245400,17.296799964904785,11.156950011253358,-16.053833730951627,30.14309863464659
2024-09-11,15.25,15.489999771118164,14.329999923706055,14.40999984741211,352300,17.292799968719482,11.20000001192093,-11.81300872279013,36.160714140789075
2024-09-12,15.479999542236328,16.079999923706055,15.210000038146973,15.520000457763672,351400,17.299399967193605,11.243600008487702,-10.517130238086681,37.678319493317105
2024-09-13,15.699999809265137,16.149999618530273,15.510000228881836,15.789999961853027,341700,17.31379997253418,11.29010000705719,-9.320889497563234,39.05988254711134
2024-09-16,14.979999542236328,15.75,14.760000228881836,15.680000305175781,394200,17.31399995803833,11.33280000448227,-13.480422903191712,32.18268685860109
2024-09-17,14.770000457763672,15.970000267028809,14.600000381469727,15.369999885559082,665300,17.272399959564208,11.372450006008147,-14.487850603615094,29.875272698148358
2024-09-18,13.739999771118164,14.979999542236328,13.65999984741211,14.739999771118164,776300,17.19799997329712,11.40735000371933,-20.106990391604263,20.44865605629951
2024-09-19,14.3100004196167,14.779999732971191,13.8100004196167,13.9399995803833,932600,17.150599975585937,11.442250006198883,-16.562683288123225,25.062819042270547
2024-09-20,13.949999809265137,14.079999923706055,13.020000457763672,13.020000457763672,1561400,17.098399982452392,11.476050004959106,-18.41341983120275,21.55750282751445
2024-09-23,15.460000038146973,15.520000457763672,13.920000076293945,14.109999656677246,776100,17.069199981689454,11.516050004959107,-9.427506533807728,34.24742017870277
2024-09-24,15.479999542236328,15.510000228881836,14.800000190734863,15.329999923706055,539400,16.9753999710083,11.555450003147126,-8.809220585823695,33.96275816190932
2024-09-25,15.40999984741211,15.850000381469727,15.0,15.479999542236328,605900,16.856799964904784,11.59225000143051,-8.582887146462303,32.93363967746106
2024-09-26,15.960000038146973,16.06999969482422,15.210000038146973,15.819999694824219,383200,16.783599948883058,11.631200001239776,-4.907170769349134,37.217140419267025
2024-09-27,15.90999984741211,16.540000915527344,15.5,16.299999237060547,342100,16.72279993057251,11.668599998950958,-4.860430588985554,36.34883232643562
2024-09-30,16.770000457763672,16.84000015258789,15.399999618530273,15.670000076293945,973200,16.705199947357176,11.710800001621246,0.3879062244732223,43.201151547648564
2024-10-01,15.489999771118164,16.8799991607666,15.3100004196167,16.780000686645508,628700,16.66239995956421,11.743799998760224,-7.036202415565517,31.899383272479277
2024-10-02,15.479999542236328,16.100000381469727,15.15999984741211,15.350000381469727,366300,16.617599964141846,11.776149995326996,-6.84575645315978,31.452126105553102
2024-10-03,15.680000305175781,15.800000190734863,15.180000305175781,15.300000190734863,251700,16.58699998855591,11.811949994564056,-5.468135793126583,32.74692419449649
2024-10-04,15.569999694824219,16.610000610351562,15.550000190734863,16.270000457763672,373800,16.55199998855591,11.847549993991851,-5.932819565071579,31.419573690088676
2024-10-07,15.449999809265137,15.920000076293945,15.289999961853027,15.489999771118164,303500,16.465799980163574,11.880899994373321,-6.169151648399573,30.04065194204233
2024-10-08,15.520000457763672,15.699999809265137,14.899999618530273,15.470000267028809,296300,16.400799980163573,11.91724999666214,-5.370466827625542,30.231391152410268
2024-10-09,15.5600004196167,16.18000030517578,15.369999885559082,15.4399995803833,185000,16.33699998855591,11.952299997806549,-4.756072531575562,30.184152192232673
2024-10-10,15.479999542236328,15.489999771118164,14.789999961853027,15.220000267028809,229500,16.25959997177124,11.9867999958992,-4.794708546879378,29.142052487170766
2024-10-11,16.559999465942383,16.75,15.329999923706055,15.59000015258789,433100,16.229999942779543,12.026699993610382,2.033268788208775,37.693627302090185
2024-10-14,17.09000015258789,17.360000610351562,16.549999237060547,16.790000915527344,397500,16.236399936676026,12.069199993610383,5.257324402213603,41.60010739432269
2024-10-15,16.920000076293945,17.6200008392334,16.579999923706055,17.229999542236328,416000,16.257999935150146,12.11139999628067,4.071842439318396,39.70309032390939
2024-10-16,17.6200008392334,17.719999313354492,16.950000762939453,17.020000457763672,315100,16.277599964141846,12.158799998760223,8.246921401488837,44.91562358974595
2024-10-17,18.329999923706055,18.700000762939453,17.56999969482422,18.040000915527344,559300,16.33499996185303,12.211499998569488,12.213039280758675,50.104409170481226
2024-10-18,18.799999237060547,19.239999771118164,17.559999465942383,18.6299991607666,615300,16.383399963378906,12.266949994564056,14.750291631061675,53.25732350251309
2024-10-21,19.639999389648438,19.690000534057617,18.239999771118164,18.790000915527344,483900,16.405199966430665,12.326799991130828,19.718134675816312,59.32763899616671
2024-10-22,19.399999618530273,20.200000762939453,19.149999618530273,19.479999542236328,483300,16.42379997253418,12.38589998960495,18.12126091996522,56.629713099669885
2024-10-23,18.969999313354492,19.399999618530273,18.579999923706055,19.149999618530273,247700,16.474599952697755,12.442149987220764,15.146949654750852,52.46560548489152
2024-10-24,19.15999984741211,19.739999771118164,18.770000457763672,19.25,309100,16.52799995422363,12.50024998664856,15.92449116939818,53.2769334043462
2024-10-25,20.299999237060547,20.399999618530273,19.290000915527344,19.40999984741211,486200,16.591599922180176,12.564099981784821,22.35106519126504,61.571455707062796
2024-10-28,20.489999771118164,21.190000534057617,19.899999618530273,20.649999618530273,620400,16.660199928283692,12.628799979686738,22.987718390658074,62.24819305140683
2024-10-29,21.68000030517578,21.690000534057617,20.209999084472656,20.5,425900,16.719999923706055,12.69894998073578,29.6650741872152,70.722778954671
2024-10-30,21.43000030517578,21.899999618530273,21.1299991607666,21.75,536100,16.78139991760254,12.767999982833862,27.70090940206471,67.84148131256016
2024-10-31,20.110000610351562,21.219999313354492,19.690000534057617,21.0,808700,16.813799934387205,12.830499985218047,19.604138795674864,56.73590766938303
2024-11-01,21.1299991607666,21.84000015258789,20.469999313354492,20.469999313354492,569100,16.87959991455078,12.895099980831146,25.180687147399937,63.86068500575271
2024-11-04,20.639999389648438,21.239999771118164,20.219999313354492,21.15999984741211,346200,16.909599914550782,12.954999978542327,22.06083818628748,59.32072114114209
2024-11-05,22.020000457763672,22.25,20.260000228881836,20.709999084472656,802800,16.972199935913086,13.014999978542328,29.74158059008878,69.18940064592991
2024-11-06,24.079999923706055,24.18000030517578,22.700000762939453,23.0,1085300,17.063799934387205,13.083999979496003,41.11745341774493,84.0415772045394
2024-11-07,24.34000015258789,25.239999771118164,23.670000076293945,24.200000762939453,1250600,17.196199951171874,13.153349978923798,41.542900301814576,85.0479170066102
2024-11-08,42.779998779296875,43.650001525878906,29.670000076293945,30.34000015258789,9608600,17.708199920654298,13.315799973011018,141.58298963747075,221.27246478623172
2024-11-11,45.900001525878906,47.810001373291016,40.66999816894531,43.13999938964844,4249300,18.280599937438964,13.49454998254776,151.08585978009924,240.13732644097425
2024-11-12,45.9900016784668,49.720001220703125,44.38999938964844,45.349998474121094,2803100,18.882199974060057,13.67049998998642,143.56272966946028,236.4178465466096
2024-11-13,39.33000183105469,46.15999984741211,38.459999084472656,46.15999984741211,3062900,19.359600009918214,13.812899997234345,103.15503321817259,184.73384907535308
2024-11-14,39.15999984741211,39.650001525878906,36.58000183105469,39.5,1190200,19.84260000228882,13.95684999704361,97.35316865176465,180.57906945841734
2024-11-15,36.75,39.849998474121094,36.02000045776367,39.7400016784668,1507500,20.296200008392333,14.086599996089936,81.06837725684679,160.88623237829444
2024-11-18,41.439998626708984,43.79999923706055,38.720001220703125,40.63999938964844,2414000,20.83959997177124,14.240199987888337,98.85217894221813,191.0071393797474
2024-11-19,44.68000030517578,45.369998931884766,40.36000061035156,41.45000076293945,2011100,21.442799968719484,14.412499988079071,108.36831183592844,210.0086754007403
2024-11-20,44.45000076293945,45.900001525878906,42.95000076293945,45.58000183105469,1267100,22.02679998397827,14.581199991703034,101.79962952072583,204.8445998150516
2024-11-21,46.22999954223633,47.689998626708984,43.70000076293945,46.9900016784668,2145400,22.64179998397827,14.759899990558624,104.17987781426157,213.2135012554827
2024-11-22,44.77000045776367,48.25,44.65999984741211,47.16999816894531,2362100,23.223199996948242,14.92719999074936,92.78135857094152,199.92229276427196
2024-11-25,45.38999938964844,47.849998474121094,44.04999923706055,46.25,2426300,23.831399993896483,15.095999987125397,90.46300008087388,200.67567188897212
2024-11-26,40.369998931884766,44.63999938964844,40.25,42.15999984741211,1897000,24.343399963378907,15.239749982357026,65.83549953012127,164.89935188320604
2024-11-27,38.33000183105469,40.5,36.5099983215332,39.970001220703125,2189200,24.835200004577636,15.376999990940094,54.337399433021204,149.26839990660187
2024-11-29,41.08000183105469,42.09000015258789,38.790000915527344,40.29999923706055,1387500,25.370600032806397,15.521099998950959,61.91970934047546,164.67197449814256
2024-12-02,40.52000045776367,45.25,40.34000015258789,41.900001525878906,2080000,25.90200004577637,15.681099998950959,56.43579795441682,158.40024271559008
2024-12-03,40.380001068115234,40.84000015258789,38.5,39.4900016784668,895900,26.40040006637573,15.842050006389618,52.95223165782363,154.89126124351748
2024-12-04,45.65999984741211,46.130001068115234,40.27000045776367,41.5,2855300,27.004000072479247,16.02665000677109,69.08606030536144,184.90046159441457
2024-12-05,45.130001068115234,48.45000076293945,43.209999084472656,46.0,2115100,27.59840009689331,16.209800012111664,63.52397570029944,178.411831326697
2024-12-06,44.54999923706055,45.900001525878906,43.900001525878906,45.900001525878906,1415100,28.17020008087158,16.390150010585785,58.14583889771996,171.80958812632815
2024-12-09,43.630001068115234,55.16999816894531,43.40999984741211,45.95000076293945,5343900,28.724600105285646,16.572950015068056,51.890717044610234,163.26031894410482
2024-12-10,38.279998779296875,44.849998474121094,38.09000015258789,42.540000915527344,2467300,29.15480007171631,16.728950009346008,31.299129766398615,128.82487399335213
2024-12-11,37.72999954223633,40.029998779296875,37.650001525878906,39.90999984741211,1650000,29.59960006713867,16.879850006103517,27.467936920282888,123.52094081756468
2024-12-12,35.029998779296875,37.4900016784668,34.40999984741211,36.869998931884766,2009200,29.990600051879884,17.01795000076294,16.803260750700154,105.8414719618193
2024-12-13,34.5,37.0099983215332,34.209999084472656,35.20000076293945,2220600,30.36700004577637,17.153450000286103,13.610168762121354,101.12572106150411
2024-12-16,37.7599983215332,38.189998626708984,34.810001373291016,34.869998931884766,1648100,30.810800018310548,17.305399992465972,22.554423445976134,118.19777836959729
2024-12-17,37.56999969482422,39.880001068115234,36.91999816894531,38.77000045776367,1489100,31.25320001602173,17.45679999113083,20.211689284822754,115.21699116626291
2024-12-18,34.189998626708984,38.0,33.40999984741211,37.83000183105469,1505200,31.626599979400634,17.592049984931947,8.10519831084584,94.34914439189075
2024-12-19,39.7599983215332,41.52000045776367,36.91999816894531,37.20000076293945,2630000,32.11059993743896,17.753749976158144,23.82203508809413,123.95267689883926
2024-12-20,43.0099983215332,44.279998779296875,38.11000061035156,38.54999923706055,2606400,32.6611999130249,17.931999967098236,31.685297650014753,139.85053758893744
2024-12-23,43.2599983215332,44.45000076293945,40.77000045776367,43.959999084472656,2448400,33.19519989013672,18.112399959564208,30.320041646705164,138.84188963423298
2024-12-24,43.09000015258789,43.7599983215332,41.22999954223633,43.349998474121094,694800,33.71519989013672,18.29209995985031,27.805856981419662,135.5661747266141
2024-12-26,46.22999954223633,46.65999984741211,42.099998474121094,42.939998626708984,1490300,34.301399879455566,18.4932999587059,34.77583919228107,149.98242415071576
2024-12-27,45.36000061035156,46.22999954223633,43.150001525878906,46.0,1136600,34.85619987487793,18.687699961662293,30.134669795269573,142.72650301218093
2024-12-30,42.09000015258789,44.5,41.040000915527344,44.0,1240200,35.33139987945557,18.867099962234498,19.12916073575195,123.0867501462213
2024-12-31,39.52000045776367,42.599998474121094,39.220001220703125,42.599998474121094,997800,35.74579990386963,19.03319996356964,10.558444807624712,107.63718414878554
2025-01-02,39.5,41.27000045776367,38.45000076293945,40.209999084472656,830100,36.14299991607666,19.198799962997438,9.288105834375205,105.74202593979737
2025-01-03,44.31999969482422,44.400001525878906,39.630001068115234,40.189998626708984,1282100,36.64139991760254,19.388699960708617,20.9560764449201,128.58675302954356
2025-01-06,43.7599983215332,46.689998626708984,42.90999984741211,45.58000183105469,1988400,37.137199897766116,19.574699952602387,17.833327342930506,123.55386507835316
2025-01-07,39.099998474121094,43.7400016784668,37.29999923706055,43.5,2476800,37.535999870300294,19.73769994497299,4.166662961490175,98.09804882599555
2025-01-08,36.7599983215332,39.0,35.5099983215332,38.0,1892200,37.86519985198974,19.890049936771394,-2.918779076240541,84.81601825229095
2025-01-10,35.959999084472656,36.209999084472656,34.02000045776367,35.54999923706055,1390900,38.17459983825684,20.039649932384492,-5.80124156682007,79.44424780774513
2025-01-13,33.43000030517578,34.31999969482422,32.540000915527344,33.97999954223633,1346500,38.40959983825684,20.17679993391037,-12.96446605549184,65.68534363564396
2025-01-14,33.95000076293945,35.5,33.400001525878906,34.970001220703125,1026500,38.65999984741211,20.31419993877411,-12.183132703214284,67.12447876491767
2025-01-15,36.81999969482422,37.08000183105469,35.43000030517578,35.439998626708984,1116800,38.99419982910156,20.465299937725067,-5.575701370475938,79.91429300750892
2025-01-16,37.09000015258789,38.099998474121094,36.58000183105469,37.0099983215332,644700,39.31339984893799,20.616999938488007,-5.655577245655497,79.90008373307474
2025-01-17,36.779998779296875,38.31999969482422,36.70000076293945,38.16999816894531,795500,39.63619983673096,20.767099931240082,-7.206041621546266,77.107053469553
2025-01-21,38.2400016784668,38.900001525878906,36.119998931884766,37.5,853600,39.96059986114502,20.92269994020462,-4.305736622215262,82.76800693865334
2025-01-22,39.79999923706055,40.63999938964844,37.90999984741211,39.04999923706055,1217000,40.27499984741211,21.086999936103823,-1.1793932021134101,88.74187583657888
2025-01-23,39.68000030517578,39.939998626708984,38.279998779296875,38.779998779296875,742300,40.58179985046387,21.251099936962127,-2.222177302660411,86.71974826187791
2025-01-24,40.279998779296875,42.459999084472656,38.939998626708984,39.83000183105469,1167000,40.53179985046387,21.41894993066788,-0.6212432512150423,88.05776618219528
2025-01-27,33.189998626708984,35.54999923706055,31.709999084472656,35.0,2498300,40.277599792480466,21.551099922657013,-17.59688065398247,54.00605419594298
2025-01-28,33.93000030517578,35.189998626708984,33.0,34.0,1619100,40.03639976501465,21.68934992313385,-15.252119310625122,56.436225269186416
2025-01-29,34.16999816894531,34.56999969482422,32.58000183105469,34.06999969482422,1001700,39.93319969177246,21.827899913787842,-14.432105534519824,56.542765469441434
2025-01-30,36.09000015258789,36.91999816894531,34.90999984741211,34.90999984741211,1000400,39.87179969787598,21.97669991493225,-9.484898033056554,64.21937912555397
2025-01-31,37.08000183105469,38.88999938964844,36.70000076293945,36.86000061035156,1520100,39.87839973449707,22.131299924850463,-7.017327480725388,67.5455213067663
2025-02-03,36.7400016784668,36.93000030517578,33.90999984741211,34.0,958600,39.784399795532224,22.285049934387207,-7.652240910285924,64.86389658824461
2025-02-04,38.75,38.83000183105469,37.36000061035156,37.43000030517578,925000,39.66579978942871,22.449249935150146,-2.3087894213412063,72.61155767759877
2025-02-05,39.290000915527344,39.75,37.33000183105469,39.0,699800,39.56259979248047,22.616399939060212,-0.6890317582337935,73.7234972028885
2025-02-06,39.810001373291016,40.34000015258789,38.83000183105469,39.5,731400,39.434199829101566,22.786449944972993,0.9529838206888464,74.70909891373252
2025-02-07,42.880001068115234,43.79999923706055,40.25,40.25,1633500,39.39639984130859,22.972399950027466,8.842435453084097,86.65877819206247
2025-02-10,44.33000183105469,45.029998779296875,43.06999969482422,44.20000076293945,1169400,39.37519989013672,23.16534996032715,12.583560095549174,91.36340226663533
2025-02-11,42.470001220703125,44.15999984741211,41.470001220703125,43.7400016784668,1105800,39.41719993591309,23.346049966812135,7.744845625141994,81.91514744925534
2025-02-12,43.84000015258789,44.11000061035156,40.869998931884766,41.060001373291016,1061100,39.52739990234375,23.53679996728897,10.910407112278664,86.26151479179815
2025-02-13,52.290000915527344,52.720001220703125,44.70000076293945,45.0,3407900,39.751599884033205,23.76864997148514,31.541877730889432,119.9956706765374
2025-02-14,53.84000015258789,55.810001373291016,50.2400016784668,53.25,3050000,40.01799987792969,24.007699971199035,34.53945803593539,124.26138371096496
2025-02-18,58.09000015258789,60.47999954223633,55.93000030517578,58.029998779296875,3676200,40.372199859619144,24.268949971199035,43.88614035048,139.35934690839815
2025-02-19,59.52000045776367,62.31999969482422,57.599998474121094,60.0,3249200,40.64939987182617,24.536499972343446,46.422827016977905,142.57738685163824
2025-02-20,54.560001373291016,55.59000015258789,48.5,55.59000015258789,5158000,40.83799987792969,24.776899979114532,33.60106160041687,120.20511613350293
2025-02-21,61.90999984741211,71.0,58.5,59.459999084472656,12846100,41.185199890136715,25.052849979400634,50.32098912366503,147.11759300166153
2025-02-24,59.209999084472656,65.9800033569336,55.0,62.25,4880000,41.496799850463866,25.315199975967406,42.68569937402242,133.89109760413805
2025-02-25,58.11000061035156,60.20000076293945,55.5099983215332,57.0,2935000,41.89339988708496,25.572049980163573,38.70920184796438,127.24029029908795
2025-02-26,64.16999816894531,65.62999725341797,59.880001068115234,60.060001373291016,3896000,42.42219985961914,25.840549969673155,51.26513566314949,148.33062084303995
2025-02-27,52.619998931884766,65.05000305175781,52.5099983215332,64.98999786376953,3686000,42.7739998626709,26.04614996433258,23.01865409086168,102.02601537633096
2025-02-28,52.720001220703125,53.34000015258789,48.68000030517578,49.02000045776367,2365500,43.13839988708496,26.25584997177124,22.2113044496274,100.79335187161944
2025-03-03,50.7599983215332,56.0,49.86000061035156,55.75,2997100,43.39839988708496,26.454349961280823,16.962833776364626,91.87770024902018
2025-03-04,51.13999938964844,53.869998931884766,46.75,47.33000183105469,2622300,43.669799880981444,26.6548499584198,17.10609970511985,91.86001597992193
2025-03-05,53.79999923706055,53.970001220703125,49.810001373291016,51.5,1371400,44.06199989318848,26.862999954223632,22.100674884204373,100.27546933975873
2025-03-06,46.310001373291016,51.959999084472656,45.060001373291016,51.880001068115234,2151300,44.19299995422363,27.034649963378907,4.79035462914994,71.29869051762263
2025-03-07,47.25,47.709999084472656,43.11000061035156,46.54999923706055,1670500,44.27779998779297,27.210849962234498,6.71261899422837,73.64396946650882
2025-03-10,41.099998474121094,45.689998626708984,40.380001068115234,44.439998626708984,2261300,44.23459999084473,27.355299954414367,-7.086311433521287,50.24510256736821
2025-03-11,41.880001068115234,43.20000076293945,39.2599983215332,40.58000183105469,1598500,44.21040000915527,27.50329996109009,-5.271155521229054,52.27264047355911
2025-03-12,46.599998474121094,46.849998474121094,42.709999084472656,44.959999084472656,2645700,44.21779998779297,27.671699953079223,5.387419742695854,68.40309252101294
2025-03-13,43.13999938964844,46.86000061035156,42.11000061035156,46.310001373291016,1618500,44.173399963378905,27.822949948310853,-2.339418234926871,55.051852768284526
2025-03-14,48.18000030517578,48.34000015258789,44.650001525878906,45.130001068115234,2609300,44.295199966430665,27.999049949645997,8.77025127257407,72.07726830668746
2025-03-17,45.93000030517578,50.93000030517578,45.880001068115234,48.5099983215332,1612200,44.423399963378905,28.16429995059967,3.3914566265501156,63.07879260530971
2025-03-18,41.380001068115234,44.849998474121094,41.310001373291016,44.849998474121094,1245600,44.460999984741214,28.308649954795836,-6.929666264104184,46.17440653013178
2025-03-19,43.93000030517578,45.0,41.150001525878906,41.7599983215332,1051300,44.45319999694824,28.464049954414367,-1.1769674439823907,54.33503094440313
2025-03-20,42.9900016784668,44.81999969482422,42.529998779296875,42.79999923706055,865300,44.437800064086915,28.615899963378908,-3.2580334389464505,50.23117124914154
2025-03-21,41.81999969482422,42.36000061035156,40.119998931884766,41.779998779296875,1257000,44.49220008850098,28.75294996261597,-6.005997429575061,45.44594467419092
2025-03-24,46.119998931884766,47.20000076293945,44.08000183105469,45.13999938964844,2053000,44.67940010070801,28.910349955558775,3.2243020898437003,59.52763976493125
2025-03-25,44.349998474121094,46.38999938964844,43.22999954223633,46.119998931884766,1701900,44.847200088500976,29.056599946022033,-1.1086569805889956,52.63313173774411
2025-03-26,41.22999954223633,44.16999816894531,40.599998474121094,44.0099983215332,1093700,45.00320007324219,29.186949944496156,-8.384293838804846,41.26176123453131
2025-03-27,39.83000183105469,41.15999984741211,38.61000061035156,40.400001525878906,1101800,45.12080009460449,29.313299951553343,-11.725852051507557,35.87689511887948
2025-03-28,37.38999938964844,40.220001220703125,36.90999984741211,39.54999923706055,1142900,45.13220008850098,29.42134994983673,-17.154494315966527,27.08458127651592
2025-03-31,35.900001525878906,37.0,34.400001525878906,35.5,1715000,45.108400115966795,29.524249958992005,-20.41393302891369,21.594965412305346
2025-04-01,36.540000915527344,36.7400016784668,34.18000030517578,35.900001525878906,1332200,45.10360015869141,29.62569996356964,-18.986509309753774,23.33886105800076
2025-04-02,37.849998474121094,38.31999969482422,34.869998931884766,35.13999938964844,1416900,45.09580009460449,29.736749954223633,-16.06757526262479,27.283575146533813
2025-04-03,33.33000183105469,35.34000015258789,33.02000045776367,33.959999084472656,1622500,44.966400146484375,29.827649965286255,-25.877985067789467,11.7419638149318
2025-04-04,29.969999313354492,31.649999618530273,27.270000457763672,31.270000457763672,3794500,44.77220012664795,29.901799960136415,-33.06114234150254,0.2280777522055466
2025-04-07,31.829999923706055,34.36000061035156,26.40999984741211,26.8700008392334,2773100,44.603200149536136,29.991849961280824,-28.637407591847243,6.128831548564917
2025-04-08,32.09000015258789,35.279998779296875,30.81999969482422,35.279998779296875,2238800,44.58120018005371,30.085099964141847,-28.018985529812113,6.664096814820852
2025-04-09,37.11000061035156,38.47999954223633,31.3799991607666,31.670000076293945,2615300,44.64480018615723,30.203949966430663,-16.877216482966674,22.86472680426379
2025-04-10,36.97999954223633,37.689998626708984,34.31999969482422,35.65999984741211,1878600,44.70100021362305,30.32079996585846,-17.272545657789717,21.96247982861994
2025-04-11,37.09000015258789,37.65999984741211,35.560001373291016,36.36000061035156,951600,44.72100021362305,30.43544996738434,-17.06357197867543,21.86447117533925
2025-04-14,35.15999984741211,39.880001068115234,34.220001220703125,39.0,1338000,44.68260017395019,30.54084996700287,-21.311652163183037,15.124496814593869
2025-04-15,35.70000076293945,36.04999923706055,34.560001373291016,35.099998474121094,1310800,44.66180015563965,30.647199969291687,-20.06591620013003,16.48698999814222
2025-04-16,34.779998779296875,35.5,33.25,34.4900016784668,752400,44.58240013122558,30.74694996356964,-21.987154848271818,13.116906946886676
2025-04-17,33.040000915527344,35.5,32.970001220703125,34.939998626708984,908000,44.45740013122558,30.834899969100952,-25.681661955034095,7.151315388199997
2025-04-21,29.68000030517578,32.45000076293945,29.1299991607666,32.189998626708984,1636600,44.25480010986328,30.90754997253418,-32.93382812374096,-3.971682221493633
2025-04-22,31.239999771118164,32.040000915527344,30.209999084472656,30.40999984741211,762300,44.02200008392334,30.98884997367859,-29.035482914083023,0.8104521389238339
2025-04-23,34.38999938964844,36.290000915527344,33.88999938964844,33.88999938964844,1414100,43.82320003509521,31.085949969291686,-21.5255860774483,10.628754867136635
2025-04-24,37.459999084472656,37.58000183105469,34.5099983215332,34.63999938964844,1118300,43.7229999923706,31.1889999628067,-14.324270770511639,20.10644499388954
2025-04-25,38.06999969482422,38.41999816894531,36.79999923706055,38.27000045776367,829700,43.60759998321533,31.29204996585846,-12.6987045618712,21.66029306600532
2025-04-28,38.22999954223633,39.540000915527344,36.75,38.529998779296875,948400,43.32639995574951,31.399799962043762,-11.762806092170774,21.752366538796263
2025-04-29,37.560001373291016,38.75,36.790000915527344,38.189998626708984,792200,43.00079998016358,31.504799971580507,-12.652784621175472,19.219932858398447
2025-04-30,37.81999969482422,37.93000030517578,34.619998931884766,36.0,917400,42.5953999710083,31.609299969673156,-11.211070395945011,19.64833049485366
2025-05-01,39.25,40.83000183105469,38.02000045776367,39.45000076293945,1361700,42.189999961853026,31.70469996929169,-6.968475858049983,23.798679810931777
2025-05-02,39.869998931884766,41.939998626708984,39.5099983215332,40.84000015258789,1494100,41.8961999130249,31.79734996318817,-4.8362404832573365,25.387804260550983
2025-05-05,38.68000030517578,39.150001525878906,38.0,38.7400016784668,1005100,41.431599922180176,31.892649960517883,-6.64130668903119,21.281863855968155
2025-05-06,38.5099983215332,38.93000030517578,37.290000915527344,37.939998626708984,958800,41.01759990692139,31.990449948310854,-6.113477119769383,20.37967075723044
2025-05-07,36.7599983215332,39.08000183105469,36.02000045776367,38.66999816894531,2184200,40.59059986114502,32.08599994182587,-9.43716415306941,14.567095892855498
2025-05-08,41.11000061035156,41.459999084472656,37.900001525878906,40.0,4687000,40.129399909973145,32.20339994907379,2.443596721053165,27.657330205390117
2025-05-09,34.619998931884766,37.52000045776367,31.899999618530273,37.150001525878906,8443700,39.769399909973146,32.287899947166444,-12.948148550758098,7.222826472252453
2025-05-12,35.810001373291016,36.599998474121094,34.45000076293945,35.5,3605900,39.431199913024905,32.380899958610534,-9.183586976103497,10.589889160164102
2025-05-13,36.31999969482422,37.439998626708984,35.22999954223633,35.33000183105469,2436700,39.14239994049072,32.47589995861053,-7.210595798820396,11.836776628554912
2025-05-14,34.869998931884766,36.959999084472656,34.5,36.33000183105469,2464100,38.81699993133545,32.55144995212555,-10.168227854890011,7.122721055956571
2025-05-15,35.400001525878906,35.970001220703125,33.439998626708984,34.27000045776367,1294700,38.44899997711182,32.63459995746612,-7.9299811517801295,8.47383320775199
2025-05-16,36.72999954223633,36.95000076293945,35.11000061035156,35.70000076293945,1583900,38.25739994049072,32.72449995517731,-3.992431269846519,12.24006353816054
2025-05-19,38.4900016784668,38.72999954223633,34.70000076293945,34.7599983215332,1718000,38.08219997406006,32.82019996166229,1.070845971830714,17.27534178166945
2025-05-20,37.220001220703125,38.900001525878906,36.33000183105469,38.5099983215332,1364600,38.004600028991696,32.916099963188174,-2.0644837932514593,13.07536817037327
2025-05-21,34.810001373291016,37.959999084472656,34.790000915527344,36.2599983215332,1374900,37.86320003509522,33.006299967765806,-8.063762859383806,5.464718575807392
2025-05-22,36.150001525878906,36.40999984741211,33.77000045776367,35.0,1538900,37.654200096130374,33.107849974632266,-3.994769684155497,9.188611019977388
2025-05-23,36.47999954223633,36.939998626708984,34.93000030517578,35.02000045776367,1024000,37.52100009918213,33.2070499753952,-2.7744477870900175,9.856188879368165
2025-05-27,39.95000076293945,40.41999816894531,37.650001525878906,37.779998779296875,2222500,37.356400108337404,33.32949997901917,6.942854897903272,19.8637866997341
2025-05-28,39.34000015258789,41.56999969482422,38.25,40.93000030517578,1517300,37.224600105285646,33.44429998397827,5.682801269373128,17.62841551903911
2025-05-29,38.029998779296875,40.619998931884766,37.720001220703125,40.36000061035156,1296800,37.15760005950928,33.541699981689455,2.3478338708377677,13.381250205140471
2025-05-30,39.470001220703125,43.27000045776367,37.869998931884766,39.959999084472656,4344100,37.068400077819824,33.6466999912262,6.478836793175535,17.307198717839857
2025-06-02,43.86000061035156,44.189998626708984,40.02000045776367,40.400001525878906,3644100,37.08580005645752,33.783849992752074,18.26629206753352,29.825347376812307
2025-06-03,44.279998779296875,46.040000915527344,42.79999923706055,46.029998779296875,3119500,37.13500003814697,33.92279998779297,19.24060518058488,30.531674258112297
2025-06-04,44.970001220703125,45.310001373291016,42.56999969482422,44.189998626708984,1770700,37.11200008392334,34.06204998970032,21.173747356677275,32.023766139445954
2025-06-05,45.63999938964844,48.93000030517578,43.79999923706055,44.70000076293945,2604400,37.13780010223389,34.20494998931885,22.893653539007364,33.430978276244815
2025-06-06,51.22999954223633,51.790000915527344,45.7599983215332,47.150001525878906,3053400,37.337800102233885,34.367649984359744,37.20679687063644,49.06459873034792
2025-06-09,48.66999816894531,51.380001068115234,47.77000045776367,50.86000061035156,2565200,37.5146000289917,34.51919997215271,29.736151075401573,40.993992352685794
2025-06-10,43.27000045776367,49.7400016784668,42.61000061035156,49.0,4611200,37.632200050354,34.64309997558594,14.981320251980957,24.90221858972601
2025-06-11,42.56999969482422,45.0099983215332,42.0099983215332,45.0,2958300,37.76560001373291,34.76674997329712,12.721629417629444,22.444576290623797
2025-06-12,42.41999816894531,43.220001220703125,41.2599983215332,42.13999938964844,1407000,37.88319995880127,34.8831499671936,11.975752352171675,21.605985149964546
2025-06-13,39.189998626708984,41.81999969482422,39.150001525878906,40.849998474121094,2592700,37.909999961853025,34.98464996337891,3.3764143132259505,12.020553779249287
2025-06-16,44.56999969482422,46.43000030517578,40.79999923706055,40.9900016784668,3456800,38.13479991912842,35.10999996185303,16.874874889452094,26.943889898175645
2025-06-17,43.54999923706055,47.189998626708984,43.060001373291016,44.689998626708984,2614300,38.40639991760254,35.239149961471554,13.39255783018749,23.584136634043663
2025-06-18,46.33000183105469,47.220001220703125,42.630001068115234,43.709999084472656,3197800,38.69639995574951,35.38489996910095,19.726904528675604,30.93156083954256
2025-06-20,49.22999954223633,50.290000915527344,46.380001068115234,47.58000183105469,3046400,39.03919994354248,35.54464996337891,26.104017534763855,38.501854971021565
2025-06-23,47.2599983215332,48.459999084472656,44.0,46.97999954223633,3714300,39.24219989776611,35.70139995574951,20.431572247873664,32.3757566373031
2025-06-24,46.959999084472656,50.59000015258789,46.400001525878906,48.75,2819700,39.44179988861084,35.85889995098114,19.061501293283435,30.957723601857957
2025-06-25,46.38999938964844,47.880001068115234,44.5099983215332,47.599998474121094,2594300,39.62779987335205,36.01579994678497,17.06428198867449,28.804578707655605
2025-06-26,51.959999084472656,52.0,45.88999938964844,46.310001373291016,3041500,39.96379985809326,36.205249943733214,30.017664158504665,43.51509564282525
2025-06-27,48.79999923706055,49.9900016784668,47.52000045776367,49.7599983215332,3717600,40.225799827575685,36.3778999376297,21.315174455790586,34.147378822660656
2025-06-30,51.220001220703125,52.599998474121094,48.08000183105469,49.75,2839300,40.554599876403806,36.5613999414444,26.298869614800104,40.09310721891253
2025-07-01,47.38999938964844,50.86000061035156,46.29999923706055,50.099998474121094,2774900,40.84159984588623,36.72209993839264,16.033650906115994,29.050352428518387
2025-07-02,47.939998626708984,48.54999923706055,46.150001525878906,46.5099983215332,2516200,41.206799812316895,36.884399933815004,16.340018747050355,29.97364390564041
2025-07-03,50.130001068115234,50.709999084472656,48.470001220703125,48.5,1526300,41.584599838256835,37.05654994010925,20.54943720294462,35.27973097640034
2025-07-07,50.9900016784668,51.34000015258789,47.810001373291016,48.88999938964844,1733600,41.916599884033204,37.236599950790406,21.646321074553132,36.93517062742582
2025-07-08,50.970001220703125,55.689998626708984,49.75,51.72999954223633,2922400,42.186799926757814,37.4175999546051,20.81978559453235,36.2193226784715
2025-07-09,52.040000915527344,52.58000183105469,49.40999984741211,51.689998626708984,1640700,42.46619995117187,37.60909996032715,22.544520054451624,38.37076922984855
2025-07-10,52.70000076293945,53.86000061035156,50.470001220703125,53.130001068115234,1633900,42.75559997558594,37.80104996204376,23.258709486083482,39.414118961922505
2025-07-11,49.720001220703125,52.65999984741211,49.290000915527344,52.0,1630100,42.99879997253418,37.979899969100956,15.63113680489261,30.911353798070774
2025-07-14,50.34000015258789,50.58000183105469,47.31999969482422,49.43000030517578,1754500,43.24919998168945,38.154299969673154,16.39521696100852,31.937947210669606
2025-07-15,49.099998474121094,51.5,48.369998931884766,50.880001068115234,1651800,43.44619995117188,38.32239996433258,13.013332648893083,28.123495709609614
2025-07-16,49.849998474121094,50.849998474121094,47.689998626708984,49.540000915527344,2055400,43.6457999420166,38.49459995746613,14.214881020274039,29.498679111360794
2025-07-17,50.099998474121094,52.630001068115234,49.90999984741211,50.0,1925000,43.87419990539551,38.665299949646,14.190113055394903,29.573541494224955
2025-07-18,49.279998779296875,51.290000915527344,48.439998626708984,50.540000915527344,1836100,44.08959991455078,38.83214994430542,11.772388215827556,26.90515165906644
2025-07-21,47.7400016784668,49.83000183105469,45.97999954223633,49.099998474121094,4088400,44.30919998168945,38.986999950408936,7.742865360230167,22.451077895687256
2025-07-22,46.43000030517578,47.11000061035156,44.25,46.90999984741211,2298000,44.415599975585934,39.141699953079225,4.535344182442902,18.620295901387387
2025-07-23,47.41999816894531,48.13999938964844,45.79999923706055,46.95000076293945,1629000,44.67159996032715,39.30139994621277,6.152450798849873,20.65727489057265
2025-07-24,46.310001373291016,48.45000076293945,46.25,48.45000076293945,1615000,44.88159996032715,39.454549951553346,3.182599136899067,17.375566139153918
2025-07-25,49.20000076293945,49.56999969482422,45.880001068115234,46.5,1832900,45.13919998168945,39.62269995689392,8.996173576176037,24.171247331617508
2025-07-28,49.45000076293945,50.599998474121094,48.20000076293945,50.0,1216900,45.43080001831055,39.792699961662294,8.846863235974256,24.26902625502001
2025-07-29,47.2400016784668,50.599998474121094,46.79999923706055,49.45000076293945,1924900,45.667600021362304,39.951299967765806,3.443144935072029,18.243966320449623
2025-07-30,48.4900016784668,49.75,47.5099983215332,47.59000015258789,2097200,45.90280006408691,40.11594997406006,5.636260992287578,20.87461897280658
2025-07-31,54.900001525878906,55.54999923706055,50.150001525878906,50.22999954223633,6586100,46.231000061035154,40.313049983978274,18.75149024117746,36.184192333991014
2025-08-01,44.959999084472656,49.650001525878906,44.0,45.52000045776367,7518700,46.38580001831055,40.455049982070925,-3.0737875239298718,11.135690363497908
2025-08-04,44.84000015258789,44.900001525878906,41.150001525878906,44.189998626708984,7468000,46.586399993896485,40.59379998207092,-3.748733195819809,10.460218487533535
2025-08-05,44.47999954223633,46.150001525878906,43.18000030517578,44.91999816894531,1990600,46.75299995422363,40.731599979400634,-4.861720989482654,9.202681860598139
2025-08-06,43.58000183105469,44.15999984741211,41.90999984741211,43.630001068115234,1698100,46.895,40.86139998435974,-7.068979995618541,6.653227367969583
2025-08-07,42.83000183105469,44.52000045776367,42.130001068115234,44.0,2092300,46.95260002136231,40.983899993896486,-8.780340574178936,4.504456231430232
2025-08-08,43.529998779296875,44.88999938964844,43.13999938964844,43.66999816894531,2541600,47.03639999389648,41.10754999160767,-7.4546547249674795,5.892953455469274
2025-08-11,40.06999969482422,43.369998931884766,39.970001220703125,43.369998931884766,2764100,47.07720001220703,41.20969999313355,-14.884488277904929,-2.765611733400697
2025-08-12,42.95000076293945,43.33000183105469,39.90999984741211,40.189998626708984,2356600,47.14680000305176,41.32744999885559,-8.901556923991983,3.9260848761024203
2025-08-13,43.18000030517578,44.04999923706055,41.720001220703125,43.650001525878906,1595300,47.13319999694824,41.4485000038147,-8.387293228612569,4.177473976625756
2025-08-14,40.619998931884766,42.54999923706055,40.400001525878906,42.08000183105469,1798000,47.06,41.55579999923706,-13.684660153241046,-2.2519144556703896
2025-08-15,40.189998626708984,40.63999938964844,37.95000076293945,40.63999938964844,3209300,46.96439994812012,41.655249996185304,-14.42454567479744,-3.517567100450736
2025-08-18,39.58000183105469,40.279998779296875,39.34000015258789,39.720001220703125,1435800,46.84319999694824,41.75070000648498,-15.505341578642662,-5.1991898940451975
2025-08-19,38.5,39.61000061035156,38.27000045776367,38.97999954223633,1335600,46.58860000610352,41.834800004959106,-17.361758037468057,-7.971354003279085
2025-08-20,38.27000045776367,38.43000030517578,36.33000183105469,37.849998474121094,1893400,46.38060005187988,41.91900000572205,-17.48705188170042,-8.704882147618687
2025-08-21,37.7400016784668,38.599998474121094,37.34000015258789,38.20000076293945,1135200,46.27000007629395,42.00715001106262,-18.43526774100315,-10.158147675983887
2025-08-22,38.47999954223633,39.459999084472656,36.84000015258789,37.4900016784668,1516300,46.188200073242186,42.09390001296997,-16.688679183823364,-8.585330581438466
2025-08-25,37.81999969482422,38.63999938964844,37.54999923706055,38.22999954223633,1145000,46.09620010375976,42.17980001449585,-17.954192298511195,-10.336228047959695
2025-08-26,38.25,39.61000061035156,38.18000030517578,38.349998474121094,1053000,46.07740013122559,42.26095001220703,-16.987503871602204,-9.490913032121796
2025-08-27,39.06999969482422,39.20000076293945,38.20000076293945,38.70000076293945,1024600,45.96740013122559,42.33590001106262,-15.004982697979418,-7.714257439631622
2025-08-28,39.5099983215332,40.349998474121094,39.119998931884766,39.779998779296875,1151100,45.88660011291504,42.41175000190735,-13.896435507731386,-6.841857929096651
2025-08-29,37.97999954223633,39.5099983215332,37.63999938964844,39.41999816894531,1319000,45.71960006713867,42.38775000572205,-16.92840819590905,-10.398642208870967
2025-09-02,37.439998626708984,37.70000076293945,36.25,36.70000076293945,1638800,45.48380004882812,42.3454499912262,-17.68498105585702,-11.584364708684403
2025-09-03,36.68000030517578,38.040000915527344,36.369998931884766,37.810001373291016,1441600,45.27220008850097,42.29889998435974,-18.978975544657906,-13.283796224633694
2025-09-04,41.099998474121094,41.16999816894531,37.06999969482422,37.220001220703125,3679100,45.155000076293945,42.30774996757507,-8.980182915117963,-2.8546814576043467
2025-09-05,43.47999954223633,44.099998474121094,41.27000045776367,42.970001220703125,2931800,45.096800079345705,42.32934996604919,-3.5851779599986977,2.7183256466494887
2025-09-08,47.720001220703125,48.47999954223633,43.310001373291016,44.22999954223633,4897900,45.01200012207031,42.38419997215271,6.01617588929364,12.589128146941908
2025-09-09,53.630001068115234,54.20000076293945,47.619998931884766,47.619998931884766,4289300,45.10860015869141,42.445149984359745,18.890856465165527,26.35130536204231
2025-09-10,58.150001525878906,60.40999984741211,54.2599983215332,54.279998779296875,5482800,45.24720016479492,42.512499990463255,28.51624258316685,36.78330264962912
2025-09-11,60.970001220703125,61.97999954223633,56.27000045776367,58.20000076293945,2982500,45.51880020141601,42.595099992752075,33.944657923576926,43.13853290889726
2025-09-12,62.560001373291016,65.76000213623047,61.220001220703125,61.4900016784668,3414300,45.811200256347654,42.67675000190735,36.560493991035806,46.59035978722612
2025-09-15,65.66999816894531,66.37000274658203,60.70000076293945,63.209999084472656,3589700,46.122000198364255,42.78124999046326,42.38323985626786,53.50182190465305
2025-09-16,65.88999938964844,65.97000122070312,63.779998779296875,65.61000061035156,3565800,46.42000015258789,42.88374999046326,41.94312618065579,53.64794217926707
2025-09-17,66.94999694824219,69.18000030517578,64.4800033569336,65.86000061035156,3571500,46.739600067138674,43.01664998054505,43.24041466352402,55.637403141623935
2025-09-18,69.91000366210938,73.79000091552734,68.81999969482422,68.81999969482422,2943600,47.09700012207031,43.17454998970032,48.438336796208326,61.92410500812873
2025-09-19,70.56999969482422,73.58000183105469,69.29000091552734,70.05000305175781,2962100,47.45440010070801,43.32199997901917,48.71118283038065,62.89644921518225
2025-09-22,72.19999694824219,73.62999725341797,65.5,68.05999755859375,2076800,47.90400001525879,43.480399961471555,50.71809645383356,66.05182337839435
2025-09-23,73.86000061035156,77.47000122070312,72.0,73.0,2367100,48.374400024414065,43.64779995918274,52.684065483138134,69.21815229959304
2025-09-24,69.43000030517578,74.44000244140625,67.80999755859375,74.37999725341797,2547800,48.78100006103516,43.76664996147156,42.33000598246128,58.63677107180023
2025-09-25,68.62000274658203,68.80999755859375,64.19999694824219,65.58999633789062,2431800,49.15640014648437,43.88409996986389,39.59525624760316,56.36643520934641
2025-09-26,70.5199966430664,70.9800033569336,68.05999755859375,68.43000030517578,1371600,49.564800109863285,44.013949956893924,42.2783840280899,60.22192216815758
2025-09-29,75.94000244140625,75.9800033569336,72.41999816894531,72.63999938964844,2125300,50.09800018310547,44.17549996376037,51.58290184009275,71.9052472608212
2025-09-30,77.06999969482422,77.16000366210938,71.94999694824219,75.12999725341797,1672200,50.68460014343262,44.36944996833801,52.058020536264316,73.7005974827754
2025-10-01,82.36000061035156,83.05000305175781,75.55000305175781,76.80000305175781,2262400,51.40320014953613,44.59259997367859,60.22348875315069,84.69432295709538
2025-10-02,87.41000366210938,88.94000244140625,84.0,84.77999877929688,2629400,52.20300025939942,44.85449999809265,67.44249033152218,94.87454695922666
2025-10-03,84.13999938964844,89.94999694824219,84.04000091552734,89.5,1906100,52.95960021972656,45.102699995040894,58.8758205132895,86.55202326889466
