Date,Close,High,Low,Open,Volume,SMA50,SMA200,ext_sma50_pct,ext_sma200_pct
2021-11-17,24.450000762939453,28.25,21.459999084472656,28.0,5815300,,,,
2021-11-18,23.399999618530273,25.059999465942383,21.68000030517578,24.309999465942383,1145900,,,,
2021-11-19,24.799999237060547,25.1299991607666,23.049999237060547,23.770000457763672,986400,,,,
2021-11-22,22.639999389648438,25.209999084472656,22.084999084472656,25.0,1123600,,,,
2021-11-23,21.0,24.0,20.8799991607666,22.5,474900,,,,
2021-11-24,20.06999969482422,21.049999237060547,18.829999923706055,21.0,442200,,,,
2021-11-26,18.989999771118164,20.920000076293945,18.829999923706055,19.450000762939453,216600,,,,
2021-11-29,19.059999465942383,19.916000366210938,18.913000106811523,19.200000762939453,295300,,,,
2021-11-30,18.149999618530273,19.308000564575195,17.1299991607666,19.15999984741211,640600,,,,
2021-12-01,18.469999313354492,19.299999237060547,17.850000381469727,17.850000381469727,338600,,,,
2021-12-02,17.260000228881836,19.0,16.937999725341797,18.239999771118164,179300,,,,
2021-12-03,15.430000305175781,17.5,15.0600004196167,17.1299991607666,459700,,,,
2021-12-06,15.359999656677246,16.040000915527344,14.279999732971191,15.199999809265137,376400,,,,
2021-12-07,16.18000030517578,16.729999542236328,15.670000076293945,15.819999694824219,373300,,,,
2021-12-08,15.520000457763672,16.8700008392334,14.819999694824219,16.690000534057617,305500,,,,
2021-12-09,14.859999656677246,16.0,13.899999618530273,15.609999656677246,391700,,,,
2021-12-10,14.399999618530273,15.199999809265137,13.119999885559082,14.75,600900,,,,
2021-12-13,13.520000457763672,14.520000457763672,13.5,14.520000457763672,605300,,,,
2021-12-14,12.989999771118164,13.539999961853027,12.5,13.5,338700,,,,
2021-12-15,13.779999732971191,13.850000381469727,12.600000381469727,12.600000381469727,333600,,,,
2021-12-16,14.020000457763672,14.1899995803833,13.260000228881836,13.9399995803833,184000,,,,
2021-12-17,17.700000762939453,17.700000762939453,12.609999656677246,13.779999732971191,1360400,,,,
2021-12-20,17.309999465942383,17.850000381469727,15.5,16.0,555000,,,,
2021-12-21,17.969999313354492,18.100000381469727,16.780000686645508,17.200000762939453,276800,,,,
2021-12-22,16.959999084472656,18.5,16.75,18.0,175600,,,,
2021-12-23,17.15999984741211,17.329999923706055,16.110000610351562,16.75,243800,,,,
2021-12-27,15.84000015258789,17.510000228881836,15.550000190734863,17.200000762939453,149500,,,,
2021-12-28,16.790000915527344,17.09000015258789,15.6899995803833,15.84000015258789,226900,,,,
2021-12-29,16.670000076293945,17.1299991607666,16.100000381469727,16.93000030517578,226500,,,,
2021-12-30,16.8700008392334,17.3700008392334,16.68000030517578,16.75,198400,,,,
2021-12-31,16.170000076293945,17.34000015258789,16.079999923706055,17.0,167100,,,,
2022-01-03,15.229999542236328,16.510000228881836,15.15999984741211,16.25,156900,,,,
2022-01-04,13.460000038146973,15.350000381469727,13.4399995803833,15.229999542236328,161100,,,,
2022-01-05,12.989999771118164,13.899999618530273,12.989999771118164,13.899999618530273,149700,,,,
2022-01-06,12.510000228881836,13.460000038146973,12.0,13.0,165500,,,,
2022-01-07,11.989999771118164,12.869999885559082,11.725000381469727,12.569999694824219,217600,,,,
2022-01-10,11.15999984741211,12.180000305175781,11.039999961853027,11.979999542236328,347800,,,,
2022-01-11,12.329999923706055,12.649999618530273,11.149999618530273,11.25,231100,,,,
2022-01-12,12.40999984741211,12.947999954223633,12.0,12.609999656677246,108700,,,,
2022-01-13,12.069999694824219,12.880000114440918,12.0,12.579999923706055,75200,,,,
2022-01-14,12.34000015258789,12.489999771118164,11.779999732971191,12.279999732971191,96000,,,,
2022-01-18,11.239999771118164,12.937000274658203,11.029999732971191,12.550000190734863,167000,,,,
2022-01-19,11.5600004196167,11.890000343322754,11.239999771118164,11.276000022888184,76000,,,,
2022-01-20,11.399999618530273,12.100000381469727,11.34000015258789,11.760000228881836,66900,,,,
2022-01-21,9.579999923706055,11.6899995803833,9.180000305175781,11.329999923706055,394200,,,,
2022-01-24,9.3100004196167,9.539999961853027,8.550999641418457,9.279999732971191,310900,,,,
2022-01-25,9.550000190734863,9.704999923706055,9.055000305175781,9.260000228881836,175900,,,,
2022-01-26,10.75,11.489999771118164,9.899999618530273,10.0,253000,,,,
2022-01-27,10.149999618530273,11.607000350952148,10.010000228881836,11.335000038146973,140700,,,,
2022-01-28,11.0,11.175000190734863,9.710000038146973,10.239999771118164,223400,15.296399936676025,,-28.087654313840147,
2022-01-31,13.170000076293945,13.199999809265137,11.520000457763672,11.550000190734863,327500,15.070799922943115,,-12.61246819258397,
2022-02-01,13.829999923706055,14.3100004196167,13.199999809265137,13.489999771118164,140900,14.879399929046631,,-7.052703807577643,
2022-02-02,12.489999771118164,14.1899995803833,12.239999771118164,13.989999771118164,106700,14.633199939727783,,-14.64614833007939,
2022-02-03,12.5,13.229999542236328,12.0,12.149999618530273,82100,14.430399951934815,,-13.377314269629714,
2022-02-04,13.149999618530273,13.449999809265137,12.09000015258789,12.569999694824219,85700,14.27339994430542,,-7.870586756894893,
2022-02-07,15.359999656677246,15.484000205993652,13.5,13.789999961853027,198400,14.17919994354248,,8.327689276097194,
2022-02-08,14.359999656677246,15.5600004196167,14.079999923706055,15.5600004196167,123200,14.086599941253661,,1.940849577355519,
2022-02-09,14.279999732971191,14.819999694824219,13.920000076293945,14.8100004196167,143800,13.990999946594238,,2.0656120897727837,
2022-02-10,14.739999771118164,15.489999771118164,13.84000015258789,13.84000015258789,125500,13.922799949645997,,5.869507745767377,
2022-02-11,14.779999732971191,15.604999542236328,14.3100004196167,14.3100004196167,103200,13.84899995803833,,6.722505435437487,
2022-02-14,14.100000381469727,15.239999771118164,13.524999618530273,15.149999618530273,152000,13.785799961090088,,2.2791598693326254,
2022-02-15,14.520000457763672,15.180000305175781,14.029999732971191,14.989999771118164,105300,13.767599964141846,,5.465008393485271,
2022-02-16,14.779999732971191,15.229999542236328,13.970000267028809,14.539999961853027,125900,13.755999965667725,,7.444022752683699,
2022-02-17,13.59000015258789,15.0600004196167,13.5,14.649999618530273,93400,13.704199962615967,,-0.8333197876534526,
2022-02-18,13.539999961853027,14.449000358581543,13.449999809265137,13.619999885559082,113800,13.664599952697754,,-0.9118451420169649,
2022-02-22,14.15999984741211,14.550000190734863,12.739999771118164,13.380000114440918,136000,13.650599956512451,,3.7317033135721767,
2022-02-23,13.390000343322754,14.89799976348877,13.199999809265137,14.170000076293945,116000,13.6303999710083,,-1.7637019324221792,
2022-02-24,13.859999656677246,13.930000305175781,12.579999923706055,12.609999656677246,94900,13.637199954986572,,1.6337642802487728,
2022-02-25,14.470000267028809,14.6899995803833,14.0,14.0600004196167,112300,13.666799964904785,,5.877018059725581,
2022-02-28,14.970000267028809,15.477999687194824,14.529999732971191,14.699999809265137,203700,13.690599975585938,,9.345100241949877,
2022-03-01,15.109999656677246,15.649999618530273,14.489999771118164,15.619999885559082,103500,13.712399959564209,,10.192232586814477,
2022-03-02,15.40999984741211,15.619999885559082,14.725000381469727,15.3100004196167,64600,13.666599941253661,,12.756646961588913,
2022-03-03,14.720000267028809,15.59000015258789,14.260000228881836,15.470000267028809,56500,13.614799957275391,,8.117638990081733,
2022-03-04,14.420000076293945,14.850000381469727,13.670000076293945,14.449999809265137,54800,13.54379997253418,,6.46938160292263,
2022-03-07,14.479999542236328,14.489999771118164,13.560999870300293,14.210000038146973,143200,13.494199981689453,,7.305357574991667,
2022-03-08,14.989999771118164,15.210000038146973,13.829999923706055,14.710000038146973,56600,13.450799980163573,,11.443183998160023,
2022-03-09,16.43000030517578,16.43000030517578,15.0,15.380000114440918,110300,13.462599983215332,,22.04180712239905,
2022-03-10,17.780000686645508,17.8799991607666,16.010000228881836,16.350000381469727,140700,13.482399978637694,,31.875635753405795,
2022-03-11,17.329999923706055,17.969999313354492,16.549999237060547,17.75,85100,13.495599975585938,,28.412222910109186,
2022-03-14,15.34000015258789,17.299999237060547,15.039999961853027,17.299999237060547,136800,13.464999961853028,,13.924992172646311,
2022-03-15,14.09000015258789,15.470000267028809,14.09000015258789,15.180000305175781,93300,13.423399963378905,,4.965956397243421,
2022-03-16,14.640000343322754,15.289999961853027,14.109999656677246,14.789999961853027,86600,13.411599979400634,,9.159238016410164,
2022-03-17,14.460000038146973,15.15999984741211,14.300000190734863,14.4399995803833,70300,13.431599979400636,,7.656571520321798,
2022-03-18,13.170000076293945,15.15999984741211,13.170000076293945,14.460000038146973,387600,13.43519998550415,,-1.9739185832465589,
2022-03-21,13.069999694824219,14.489999771118164,12.970000267028809,13.800000190734863,208600,13.446399974822999,,-2.799264343642538,
2022-03-22,14.170000076293945,14.300000190734863,13.5,13.569999694824219,168400,13.489999980926514,,5.040771655514331,
2022-03-23,14.430000305175781,15.039999961853027,13.770999908447266,14.359999656677246,131400,13.555399990081787,,6.452043582143818,
2022-03-24,13.819999694824219,14.25,13.020000457763672,14.25,266400,13.58519998550415,,1.7283493034376152,
2022-03-25,14.390000343322754,14.850000381469727,13.8149995803833,14.010000228881836,124900,13.624799995422363,,5.616231784374692,
2022-03-28,13.859999656677246,15.260000228881836,13.34000015258789,14.649999618530273,298300,13.660599994659425,,1.4596698687888932,
2022-03-29,15.609999656677246,15.619999885559082,13.90999984741211,13.930000305175781,265200,13.725999984741211,,13.725773524919283,
2022-03-30,15.899999618530273,15.9399995803833,15.149999618530273,15.75,183900,13.819199981689453,,15.05730895853521,
2022-03-31,15.670000076293945,16.040000915527344,15.293999671936035,15.800000190734863,68300,13.901399974822999,,12.722460361359866,
2022-04-01,15.800000190734863,15.880000114440918,15.550000190734863,15.760000228881836,40800,13.98939998626709,,12.94265805713739,
2022-04-04,15.65999984741211,16.09000015258789,15.579999923706055,15.880000114440918,56000,14.11099998474121,,10.97725082804828,
2022-04-05,15.1899995803833,15.829999923706055,14.755000114440918,15.829999923706055,69600,14.228599967956542,,6.756811032651666,
2022-04-06,14.279999732971191,15.319999694824219,14.020000457763672,15.319999694824219,79200,14.32319995880127,,-0.30161015662937274,
2022-04-07,14.010000228881836,14.619999885559082,13.65999984741211,14.3100004196167,58400,14.388399963378907,,-2.6298944667938584,
2022-04-08,13.670000076293945,14.199999809265137,13.520000457763672,14.199999809265137,39200,14.45879997253418,,-5.455500440829342,
2022-04-11,13.0600004196167,13.8100004196167,12.90999984741211,13.65999984741211,60700,14.499999980926514,,-9.931031470372476,
2022-04-12,12.84000015258789,13.663999557495117,12.720000267028809,13.3100004196167,57800,14.493399982452393,,-11.407950045305626,
2022-04-13,13.149999618530273,13.279999732971191,12.694000244140625,12.920000076293945,56500,14.479799976348877,,-9.183830992076425,
2022-04-14,12.34000015258789,13.449999809265137,12.265000343322754,13.149999618530273,80500,14.476799983978271,,-14.760166844573487,
2022-04-18,11.180000305175781,12.850000381469727,11.180000305175781,12.359999656677246,161100,14.450399990081786,,-22.631897298003413,
2022-04-19,11.199999809265137,11.3100004196167,10.6899995803833,11.260000228881836,223200,14.411399993896485,,-22.283748879300003,
2022-04-20,11.109999656677246,11.350000381469727,10.850000381469727,11.25,88900,14.326399993896484,,-22.450862314255705,
2022-04-21,10.569999694824219,11.199999809265137,10.5,11.119999885559082,87600,14.250599994659424,,-25.827686562071438,
2022-04-22,10.670000076293945,10.989999771118164,10.449999809265137,10.449999809265137,59500,14.17840000152588,,-24.744681521570556,
2022-04-25,11.25,11.329999923706055,10.550000190734863,10.65999984741211,84900,14.108600006103515,,-20.26140088220558,
2022-04-26,10.09000015258789,11.130000114440918,10.069999694824219,11.130000114440918,75500,14.01480001449585,,-28.004679751751304,
2022-04-27,10.0,10.440999984741211,9.760000228881836,10.3100004196167,63400,13.932800006866454,,-28.226917812128693,
2022-04-28,9.850000381469727,10.199999809265137,9.510000228881836,10.170000076293945,69200,13.839400005340575,,-28.82639147890338,
2022-04-29,8.6899995803833,9.989999771118164,8.609999656677246,9.850000381469727,120200,13.717600002288819,,-36.65072914406784,
2022-05-02,8.989999771118164,9.010000228881836,8.609999656677246,8.859999656677246,100700,13.625599994659424,,-34.021255763842994,
2022-05-03,9.5,9.84000015258789,8.880000114440918,8.880000114440918,73000,13.544799995422363,,-29.86238258807331,
2022-05-04,10.130000114440918,10.170000076293945,9.295999526977539,9.479999542236328,119100,13.46420000076294,,-24.76344592425166,
2022-05-05,9.8100004196167,10.25,9.569999694824219,10.029999732971191,158300,13.392600002288818,,-26.750590490717606,
2022-05-06,9.489999771118164,9.8100004196167,9.069999694824219,9.8100004196167,27700,13.305200004577637,,-28.674504946538637,
2022-05-09,8.520000457763672,9.265000343322754,8.440999984741211,9.170000076293945,59600,13.186200008392333,,-35.38699206487743,
2022-05-10,7.679999828338623,9.0,7.550000190734863,8.720000267028809,130000,13.040399999618531,,-41.10610235450382,
2022-05-11,6.889999866485596,7.565000057220459,6.800000190734863,7.5,125400,12.876000003814697,,-46.48959409409494,
2022-05-12,6.599999904632568,6.960000038146973,5.539999961853027,6.889999866485596,609500,12.699800004959107,,-48.030678419696734,
2022-05-13,7.710000038146973,7.989999771118164,6.949999809265137,7.5,198100,12.55960000038147,,-38.612694369941735,
2022-05-16,4.900000095367432,5.900000095367432,4.559999942779541,5.599999904632568,2260600,12.36920000076294,,-60.38547282714164,
2022-05-17,5.920000076293945,6.239999771118164,5.019999980926514,5.110000133514404,1415300,12.198000011444092,,-51.46745310100152,
2022-05-18,5.599999904632568,5.920000076293945,5.309999942779541,5.920000076293945,344100,12.01020001411438,,-53.37296716081787,
2022-05-19,6.739999771118164,6.770999908447266,5.369999885559082,5.519999980926514,349600,11.816400003433227,,-42.96063294099833,
2022-05-20,6.25,6.880000114440918,5.952000141143799,6.53000020980835,284600,11.585799989700318,,-46.05465306188439,
2022-05-23,5.739999771118164,6.5,5.739999771118164,6.190000057220459,210400,11.35399998664856,,-49.44513142621132,
2022-05-24,5.070000171661377,5.599999904632568,5.0,5.550000190734863,354300,11.14859998703003,,-54.523436327792965,
2022-05-25,5.320000171661377,5.380000114440918,5.0,5.0,303800,10.9731999874115,,-51.518242830127,
2022-05-26,5.699999809265137,5.860000133514404,5.079999923706055,5.190000057220459,277500,10.794399976730347,,-47.19484342295345,
2022-05-27,5.769999980926514,6.0,5.480000019073486,5.75,163400,10.620599975585938,,-45.67161936057964,
2022-05-31,5.940000057220459,6.480000019073486,5.690000057220459,5.900000095367432,245600,10.475999975204468,,-43.29896839175467,
2022-06-01,5.730000019073486,6.190000057220459,5.619999885559082,5.989999771118164,106900,10.329199981689452,,-44.52619729281025,
2022-06-02,5.960000038146973,6.050000190734863,5.590000152587891,5.699999809265137,94700,10.164999980926513,,-41.36743679950568,
2022-06-03,5.400000095367432,5.989999771118164,5.335000038146973,5.75,120200,9.984399976730346,,-45.91562729905976,
2022-06-06,5.510000228881836,5.659999847412109,5.4710001945495605,5.590000152587891,86900,9.818199987411498,,-43.87973115289425,
2022-06-07,5.25,5.400000095367432,5.110000133514404,5.400000095367432,151900,9.635399980545044,,-45.51341915644041,
2022-06-08,5.329999923706055,5.340000152587891,5.019999980926514,5.300000190734863,143300,9.46479998588562,,-43.6860796672469,
2022-06-09,4.909999847412109,5.230000019073486,4.900000095367432,5.210000038146973,197500,9.250799989700317,,-46.92351090847473,
2022-06-10,4.820000171661377,5.005000114440918,4.710000038146973,4.860000133514404,165900,9.02920000076294,,-46.61763864734304,
2022-06-13,4.059999942779541,4.739999771118164,4.0,4.690000057220459,282900,8.796999998092652,,-53.84790333454789,
2022-06-14,3.869999885559082,4.260000228881836,3.5999999046325684,4.099999904632568,412100,8.558399991989136,,-54.781268821491246,
2022-06-15,3.880000114440918,4.0,3.430000066757202,3.950000047683716,482800,8.322799997329712,,-53.38107228714162,
2022-06-16,3.819999933242798,3.8499999046325684,3.5299999713897705,3.640000104904175,259000,8.095400004386901,,-52.81270930191544,
2022-06-17,3.740000009536743,3.8889999389648438,3.5899999141693115,3.75,341900,7.884600009918213,,-52.565761042638634,
2022-06-21,3.5399999618530273,3.9000000953674316,3.4700000286102295,3.5799999237060547,342000,7.675200004577636,,-53.87742391414291,
2022-06-22,3.259999990463257,3.569999933242798,3.2049999237060547,3.2799999713897705,474000,7.467000002861023,,-56.341234910751716,
2022-06-23,3.0899999141693115,3.259999990463257,2.890000104904175,3.2100000381469727,571400,7.267599992752075,,-57.48252631885429,
2022-06-24,3.049999952316284,3.5,3.0199999809265137,3.109999895095825,543600,7.071799988746643,,-56.87095283846051,
2022-06-27,3.4200000762939453,3.6489999294281006,3.049999952316284,3.0999999046325684,625000,6.877199997901917,,-50.27045778314848,
2022-06-28,3.0999999046325684,3.5899999141693115,3.0299999713897705,3.4200000762939453,285200,6.69239999294281,,-53.67880120881083,
2022-06-29,3.200000047683716,3.200000047683716,3.0299999713897705,3.0999999046325684,273100,6.532799987792969,,-51.01640868137463,
2022-06-30,3.3499999046325684,3.4100000858306885,3.0,3.119999885559082,287300,6.375799989700317,,-47.45757536239732,
2022-07-01,3.5999999046325684,3.6050000190734863,3.3299999237060547,3.3299999237060547,175400,6.225599994659424,,-42.174249747481426,
2022-07-05,3.390000104904175,3.549999952316284,3.240000009536743,3.549999952316284,205000,6.082000002861023,,-44.26175430270486,
2022-07-06,3.299999952316284,3.569999933242798,3.0999999046325684,3.450000047683716,205400,5.93460000038147,,-44.393894245540324,
2022-07-07,3.640000104904175,3.75,3.240000009536743,3.299999952316284,258200,5.782400002479553,,-37.05035792502586,
2022-07-08,3.819999933242798,3.8499999046325684,3.5299999713897705,3.640000104904175,257500,5.656999998092651,,-32.47304340585519,
2022-07-11,3.490000009536743,3.859999895095825,3.490000009536743,3.8499999046325684,132800,5.526799998283386,,-36.853151722140645,
2022-07-12,3.2300000190734863,3.619999885559082,3.2300000190734863,3.509999990463257,138100,5.394399991035462,,-40.12309015940281,
2022-07-13,3.25,3.369999885559082,3.109999895095825,3.140000104904175,112300,5.285599999427795,,-38.51218404056613,
2022-07-14,3.130000114440918,3.2699999809265137,3.0999999046325684,3.2100000381469727,152500,5.168400006294251,,-39.43966971153357,
2022-07-15,3.25,3.2799999713897705,3.059999942779541,3.2100000381469727,419800,5.043400006294251,,-35.55934496680923,
2022-07-18,3.1600000858306885,3.4200000762939453,3.0999999046325684,3.3399999141693115,542100,4.904000005722046,,-35.56280419772507,
2022-07-19,3.490000009536743,3.5,3.25,3.25,383000,4.777599997520447,,-26.950770023693117,
2022-07-20,4.010000228881836,4.059999942779541,3.5799999237060547,3.5799999237060547,473100,4.668000006675721,,-14.09596779890483,
2022-07-21,4.119999885559082,4.679999828338623,3.7300000190734863,3.9800000190734863,486300,4.579999995231629,,-10.043670527324588,
2022-07-22,3.7699999809265137,4.158999919891357,3.690000057220459,4.139999866485596,237600,4.501799998283386,,-16.255720326001153,
2022-07-25,3.569999933242798,3.989000082015991,3.5,3.890000104904175,252700,4.4353999996185305,,-19.511206800968615,
2022-07-26,3.5199999809265137,3.5799999237060547,3.2100000381469727,3.490000009536743,249800,4.373800001144409,,-19.52078330043664,
2022-07-27,3.9600000381469727,3.9800000190734863,3.5399999618530273,3.609999895095825,217900,4.298800001144409,,-7.881268328539182,
2022-07-28,3.9700000286102295,4.179999828338623,3.7699999809265137,4.019999980926514,236900,4.280199999809265,,-7.247324218794892,
2022-07-29,3.9700000286102295,4.159999847412109,3.7799999713897705,3.799999952316284,195800,4.241199998855591,,-6.3944159746897045,
2022-08-01,4.039999961853027,4.110000133514404,3.8399999141693115,3.869999885559082,108900,4.21,,-4.038005656697685,
2022-08-02,4.010000228881836,4.190000057220459,3.9200000762939453,4.0,142300,4.155400009155273,,-3.499056166749026,
2022-08-03,4.800000190734863,4.809999942779541,4.099999904632568,4.190000057220459,205500,4.12640001296997,,16.324160906544538,
2022-08-04,4.429999828338623,4.820000171661377,4.349999904632568,4.809999942779541,188800,4.10020001411438,,8.043505514095717,
2022-08-05,4.739999771118164,4.75,4.210000038146973,4.369999885559082,116600,4.093600006103515,,15.790496483556616,
2022-08-08,5.429999828338623,5.489999771118164,4.769999980926514,4.769999980926514,292100,4.095799999237061,,32.57482858904459,
2022-08-09,5.349999904632568,5.400000095367432,4.849999904632568,5.400000095367432,186900,4.088800001144409,,30.84523339696643,
2022-08-10,5.809999942779541,5.880000114440918,5.380000114440918,5.650000095367432,299600,4.08960000038147,,42.067682468642296,
2022-08-11,6.21999979019165,6.940000057220459,5.900000095367432,5.900000095367432,544300,4.095199995040893,,51.88512887584969,
2022-08-12,5.949999809265137,6.300000190734863,5.050000190734863,6.179999828338623,633500,4.099599990844727,,45.13610651167781,
2022-08-15,5.860000133514404,6.25,5.809999942779541,5.880000114440918,286700,4.097599992752075,,43.010546268052074,
2022-08-16,5.800000190734863,6.079999923706055,5.610000133514404,5.860000133514404,295500,4.105599994659424,,41.27046468919329,
2022-08-17,5.320000171661377,5.710000038146973,5.309999942779541,5.659999847412109,229100,4.101799993515015,,29.699160857973283,
2022-08-18,5.730000019073486,5.809999942779541,5.5,5.510000228881836,183400,4.111399993896485,,39.36858558106409,
2022-08-19,5.050000190734863,5.480000019073486,4.880000114440918,5.480000019073486,210700,4.10579999923706,,22.99674099257767,
2022-08-22,5.110000133514404,5.114999771118164,4.75,4.900000095367432,324900,4.109800004959107,,24.336953801849283,
2022-08-23,5.269999980926514,5.309999942779541,5.059999942779541,5.150000095367432,116400,4.118800001144409,,27.94988781835106,
2022-08-24,5.090000152587891,5.327000141143799,5.03000020980835,5.21999979019165,78600,4.139400005340576,,22.96468439920927,
2022-08-25,5.0,5.260000228881836,4.820000171661377,5.150000095367432,248600,4.162000007629395,,20.134550476560808,
2022-08-26,4.829999923706055,5.1529998779296875,4.71999979019165,5.0,205500,4.181000003814697,,15.52260031808701,
2022-08-29,4.639999866485596,4.711999893188477,4.449999809265137,4.579999923706055,311700,4.1974000024795535,,10.544619615585438,
2022-08-30,4.730000019073486,5.119999885559082,4.710000038146973,4.880000114440918,303700,4.217200002670288,,12.159727214229775,
2022-08-31,4.059999942779541,4.919000148773193,4.019999980926514,4.869999885559082,410300,4.227600002288819,,-3.964425665118254,
2022-09-01,4.010000228881836,4.25,3.9000000953674316,4.019999980926514,397800,4.24260000705719,,-5.4824819164768,
2022-09-02,4.079999923706055,4.340000152587891,3.9100000858306885,3.9800000190734863,189100,4.2624000072479244,10.331599979400634,-4.279281231975196,-60.50950547987877
2022-09-06,4.090000152587891,4.199999809265137,3.9100000858306885,4.199999809265137,153500,4.283200011253357,10.229799976348877,-4.51064293420499,-60.01876711134234
2022-09-07,4.300000190734863,4.340000152587891,3.799999952316284,4.019999980926514,283600,4.300800013542175,10.1342999792099,-0.018597070423953532,-57.569835118793236
2022-09-08,4.170000076293945,4.375,3.9600000381469727,4.300000190734863,258400,4.322200016975403,10.031149983406067,-3.5213534793321344,-58.4294913026709
2022-09-09,4.610000133514404,4.670000076293945,4.239999771118164,4.239999771118164,247700,4.350400018692016,9.940999987125396,5.967269991425717,-53.62639433170886
2022-09-12,4.670000076293945,4.859000205993652,4.340000152587891,4.829999923706055,131900,4.376800022125244,9.859349987506867,6.698959346703992,-52.633793483226896
2022-09-13,4.260000228881836,4.570000171661377,4.139999866485596,4.449999809265137,139800,4.390000028610229,9.780299990177154,-2.961271045129088,-56.443051510072614
2022-09-14,4.480000019073486,5.159999847412109,4.349999904632568,4.599999904632568,510700,4.411800026893616,9.70774999141693,1.5458541131541548,-53.851304132940584
2022-09-15,4.489999771118164,4.53000020980835,4.03000020980835,4.329999923706055,249800,4.435600023269654,9.63489999294281,1.2264349256723595,-53.398584578906735
2022-09-16,5.059999942779541,5.159999847412109,4.260000228881836,4.349999904632568,646200,4.464000020027161,9.569449994564057,13.351252689930625,-47.12339846434348
2022-09-19,4.329999923706055,4.699999809265137,4.215000152587891,4.610000133514404,331400,4.474200019836426,9.498749997615814,-3.222924667897231,-54.41505540420704
2022-09-20,4.059999942779541,4.289999961853027,4.010000228881836,4.269999980926514,163100,4.485600018501282,9.432749996185303,-9.488141474191035,-56.95846975249588
2022-09-21,4.0,4.380000114440918,4.0,4.070000171661377,224500,4.501000018119812,9.375599994659424,-11.130860166694534,-57.33606380094607
2022-09-22,4.039999961853027,4.119999885559082,3.8610000610351562,4.0,126800,4.516800017356872,9.318999996185303,-10.556147132297822,-56.6477093732505
2022-09-23,3.6700000762939453,3.813999891281128,3.4100000858306885,3.799999952316284,248500,4.527600016593933,9.256449995040894,-18.941601227070215,-60.35196994247111
2022-09-26,3.5,3.7699999809265137,3.380000114440918,3.6700000762939453,145400,4.532600016593933,9.196349992752076,-22.78162672226901,-61.94142238215752
2022-09-27,3.680000066757202,3.7130000591278076,3.5,3.609999895095825,172200,4.5430000162124635,9.140449994802475,-18.996256798932432,-59.739399385700295
2022-09-28,3.7699999809265137,3.859999895095825,3.369999885559082,3.5199999809265137,206900,4.548600015640258,9.087299996614457,-17.11735549480161,-58.5135300657945
2022-09-29,3.7799999713897705,3.8399999141693115,3.5799999237060547,3.740000009536743,81800,4.544000010490418,9.038599994182587,-16.813381103363856,-58.17936435042319
2022-09-30,4.130000114440918,4.190000057220459,3.619999885559082,3.809999942779541,224700,4.544200015068054,8.994299995899201,-9.114913499707233,-54.08202843663297
2022-10-03,4.050000190734863,4.159999847412109,3.809999942779541,4.110000133514404,95700,4.549800019264222,8.945649998188019,-10.98509443081378,-54.726596820184014
2022-10-04,4.369999885559082,4.455999851226807,4.139999866485596,4.199999809265137,145800,4.565800018310547,8.897399995326996,-4.288407989097953,-50.884529324811176
2022-10-05,4.489999771118164,4.519999980926514,4.150000095367432,4.369999885559082,106400,4.58520001411438,8.83134999036789,-2.076250604186647,-49.158398477975815
2022-10-06,4.400000095367432,4.53000020980835,4.271999835968018,4.429999828338623,39700,4.594000015258789,8.766799993515015,-4.222897676251513,-49.81064814274075
2022-10-07,3.7100000381469727,4.260000228881836,3.700000047683716,4.260000228881836,290700,4.588800015449524,8.695499997138977,-19.150975730993224,-57.33425289669773
2022-10-10,3.569999933242798,3.880000114440918,3.515000104904175,3.700000047683716,121300,4.580800013542175,8.628550001382827,-22.066016357648422,-58.625725844195564
2022-10-11,3.4100000858306885,3.627000093460083,3.369999885559082,3.549999952316284,110400,4.568200016021729,8.55980000257492,-25.35352931414926,-60.162619631242464
2022-10-12,3.5199999809265137,3.5299999713897705,3.3499999046325684,3.450000047683716,50100,4.558400011062622,8.498200001716613,-22.77992338575051,-58.57946411927839
2022-10-13,3.6500000953674316,3.690000057220459,3.309999942779541,3.3499999046325684,88200,4.535400009155273,8.432499997615814,-19.521980685287975,-56.715089280765795
2022-10-14,3.4000000953674316,3.75,3.390000104904175,3.75,66200,4.51480001449585,8.366149997711181,-24.69212181157715,-59.36003901080418
2022-10-17,3.5799999237060547,3.7300000190734863,3.509999990463257,3.5399999618530273,150700,4.491600017547608,8.299699993133546,-20.295665025384036,-56.865911699605554
2022-10-18,3.440000057220459,3.7090001106262207,3.359999895095825,3.6500000953674316,155700,4.451800022125244,8.236049993038177,-22.727884448451984,-58.23240436704191
2022-10-19,3.2899999618530273,3.440000057220459,3.2100000381469727,3.359999895095825,82000,4.410600023269653,8.176349995136261,-25.406975366265605,-59.76199693249312
2022-10-20,3.0899999141693115,3.380000114440918,3.0299999713897705,3.2899999618530273,211000,4.356200022697449,8.124499994516373,-29.06662003422148,-61.96689130094276
2022-10-21,3.0199999809265137,3.130000114440918,2.8499999046325684,3.0899999141693115,263900,4.292200026512146,8.074649995565414,-29.63981263052704,-62.598998314662644
2022-10-24,2.9100000858306885,3.0299999713897705,2.799999952316284,3.0299999713897705,239100,4.231400032043457,8.026649994850159,-31.228433525691223,-63.74577080478501
2022-10-25,3.390000104904175,3.640000104904175,2.9200000762939453,2.990000009536743,480200,4.182000031471253,7.983649996519088,-18.938305131682355,-57.53821740203752
2022-10-26,3.6050000190734863,3.75,3.3499999046325684,3.549999952316284,247500,4.138100028038025,7.945874997377396,-12.882724084784735,-54.63054704153605
2022-10-27,3.380000114440918,3.61899995803833,3.259999990463257,3.609999895095825,182300,4.099300026893616,7.90112499833107,-17.54689600013912,-57.22128032204446
2022-10-28,3.4700000286102295,3.5299999713897705,3.3299999237060547,3.3399999141693115,119200,4.054100027084351,7.856424999237061,-14.407636579559124,-55.832327948816385
2022-10-31,3.384999990463257,3.4700000286102295,3.200000047683716,3.380000114440918,220700,4.020800023078919,7.813000000715256,-15.812774297807518,-56.674772940568666
2022-11-01,3.390000104904175,3.549999952316284,3.3299999237060547,3.4700000286102295,89400,3.986400022506714,7.768250000476837,-14.960864796190554,-56.3608263805093
2022-11-02,2.880000114440918,3.190000057220459,2.880000114440918,3.0899999141693115,646900,3.938600025177002,7.726450002193451,-26.87756827220632,-62.72544165013274
2022-11-03,2.565000057220459,2.9200000762939453,2.4800000190734863,2.9100000858306885,788600,3.8881000232696534,7.68147500038147,-34.0294734736929,-66.60797493849712
2022-11-04,2.7899999618530273,2.880000114440918,2.630000114440918,2.700000047683716,535700,3.843900022506714,7.638425002098083,-27.41746805283476,-63.4741460302787
2022-11-07,2.7899999618530273,2.9000000953674316,2.6600000858306885,2.799999952316284,348800,3.8031000232696535,7.604475002288819,-26.63879611942548,-63.31107721422866
2022-11-08,2.490000009536743,2.809999942779541,2.380000114440918,2.630000114440918,390300,3.7601000261306763,7.5703750002384185,-33.77835716516635,-67.10863055716099
2022-11-09,2.1600000858306885,2.431999921798706,2.109999895095825,2.359999895095825,487600,3.70870002746582,7.533424999713898,-41.758565809199965,-71.32778137550024
2022-11-10,2.390000104904175,2.390000104904175,2.200000047683716,2.240000009536743,449200,3.675300030708313,7.491625000238418,-34.9712925493169,-68.09770770923379
2022-11-11,2.9700000286102295,2.990000009536743,2.259999990463257,2.319999933242798,1323000,3.654500026702881,7.455725002288818,-18.730332277770234,-60.16483939927404
2022-11-14,2.5199999809265137,2.869999885559082,2.4749999046325684,2.7699999809265137,499300,3.62330002784729,7.413325002193451,-30.45014319656768,-66.00715630056827
2022-11-15,2.4100000858306885,2.7300000190734863,2.4000000953674316,2.7300000190734863,203000,3.589700026512146,7.359525002241135,-32.863468589816605,-67.25332021975888
2022-11-16,2.200000047683716,2.430000066757202,2.1600000858306885,2.390000104904175,276500,3.547700023651123,7.301375002861023,-37.9879912896474,-69.86868847550424
2022-11-17,1.940000057220459,2.200000047683716,1.9299999475479126,2.200000047683716,586400,3.503100023269653,7.248625004291535,-44.62047773875035,-73.2363026633067
2022-11-18,1.8899999856948853,2.009999990463257,1.850000023841858,2.0,181100,3.4487000203132627,7.195575004220009,-45.19674153847666,-73.73385748065371
2022-11-21,1.5499999523162842,1.840000033378601,1.5199999809265137,1.8200000524520874,581500,3.38630001783371,7.137575005888939,-54.22732941105871,-78.28394166033368
2022-11-22,1.5299999713897705,1.5499999523162842,1.399999976158142,1.5399999618530273,491200,3.3317000126838683,7.068425007462501,-54.07749900756308,-78.35444289534838
2022-11-23,1.6799999475479126,1.7899999618530273,1.5,1.5299999713897705,329000,3.275700011253357,7.005025008916855,-48.71325390675483,-76.01721699195359
2022-11-25,1.6649999618530273,1.75,1.6399999856948853,1.6399999856948853,105500,3.219200015068054,6.941950010061264,-48.27907697379191,-76.01538531046937
2022-11-28,1.5299999713897705,1.7000000476837158,1.4700000286102295,1.6799999475479126,223900,3.148600015640259,6.8759000110626225,-51.40697567840642,-77.74836793833308
2022-11-29,1.4700000286102295,1.6200000047683716,1.4500000476837158,1.5499999523162842,220300,3.0914000177383425,6.8093500125408175,-52.44872807868855,-78.41203601073639
2022-11-30,1.4900000095367432,1.5269999504089355,1.3899999856948853,1.5199999809265137,289800,3.0400000190734864,6.746300010681153,-50.98684209907154,-77.91381932055074
2022-12-01,1.5700000524520874,1.621999979019165,1.4800000190734863,1.4800000190734863,316200,2.991400020122528,6.681550008654594,-47.516211743965286,-76.50245750733782
2022-12-02,1.600000023841858,1.659999966621399,1.5299999713897705,1.5299999713897705,163500,2.9426000213623045,6.615650010108948,-45.62631644714246,-75.81492338021205
2022-12-05,1.6100000143051147,1.7100000381469727,1.600000023841858,1.649999976158142,197800,2.9014000201225283,6.555750009417534,-44.5095470069955,-75.44140621603476
2022-12-06,1.5099999904632568,1.6399999856948853,1.5,1.590000033378601,172500,2.8616000199317932,6.495600009560585,-47.23231828537491,-76.75349485435133
2022-12-07,1.409999966621399,1.5,1.3700000047683716,1.5,329700,2.816200017929077,6.431850010156632,-49.93253470475234,-78.07784751829028
2022-12-08,1.3700000047683716,1.4700000286102295,1.3200000524520874,1.3799999952316284,230200,2.7682000184059143,6.371750008463859,-50.509356417196514,-78.49884250090565
2022-12-09,1.399999976158142,1.4500000476837158,1.340000033378601,1.3600000143051147,146000,2.7206000185012815,6.309450010061264,-48.54076429326163,-77.81106159925739
2022-12-12,1.409999966621399,1.440000057220459,1.340000033378601,1.399999976158142,304900,2.6662000155448915,6.244150008559227,-47.11574681567028,-77.41886462226839
2022-12-13,1.350000023841858,1.5499999523162842,1.309999942779541,1.409999966621399,478700,2.6122000122070315,6.176050007343292,-48.31942356890002,-78.14136831410505
2022-12-14,1.3899999856948853,1.399999976158142,1.350000023841858,1.350000023841858,369700,2.552600014209747,6.107450008988381,-45.545718954905986,-77.24091095876001
2022-12-15,1.3200000524520874,1.3899999856948853,1.2899999618530273,1.350000023841858,229800,2.4892000198364257,6.03700001001358,-46.970912665394025,-78.13483435046213
2022-12-16,1.3799999952316284,1.4500000476837158,1.2799999713897705,1.2999999523162842,931100,2.42880001783371,5.970300008654594,-43.18181879533767,-76.88558375238816
2022-12-19,1.3300000429153442,1.399999976158142,1.25,1.3700000047683716,178400,2.381200017929077,5.904850008487702,-44.14580745417423,-77.47614179863017
2022-12-20,1.399999976158142,1.399999976158142,1.3300000429153442,1.350000023841858,128700,2.337800018787384,5.839450010657311,-40.11463919465954,-76.02513980592236
2022-12-21,1.340000033378601,1.4199999570846558,1.2910000085830688,1.399999976158142,184400,2.296400017738342,5.771200011968613,-41.64779554834143,-76.78125813349668
2022-12-22,1.1299999952316284,1.3200000524520874,1.1299999952316284,1.2999999523162842,355600,2.2486000180244448,5.694700010418892,-49.746509553779426,-80.15698819667048
2022-12-23,1.190000057220459,1.2400000095367432,1.1299999952316284,1.2000000476837158,258900,2.199400017261505,5.611750007271767,-45.894332641583766,-78.79449270408618
2022-12-27,1.1699999570846558,1.225000023841858,1.1200000047683716,1.2000000476837158,251700,2.1548000144958497,5.530950007438659,-45.7026197691763,-78.84631111271834
2022-12-28,1.059999942779541,1.1799999475479126,1.0199999809265137,1.1399999856948853,293300,2.1044000148773194,5.459550006389618,-49.62935110788165,-80.58448147669746
2022-12-29,1.100000023841858,1.1200000047683716,1.0399999618530273,1.059999942779541,205300,2.0576000142097475,5.394600005745888,-46.53965706428469,-79.60923844825885
2022-12-30,1.25,1.312999963760376,1.0499999523162842,1.0499999523162842,322600,2.0168000149726866,5.327650004029274,-38.02062719555619,-76.53749778880685
2023-01-03,1.190000057220459,1.3200000524520874,1.149999976158142,1.309999942779541,150900,1.9788000178337097,5.261300004124641,-39.86254060563377,-77.38201478175455
2023-01-04,1.2799999713897705,1.2799999713897705,1.149999976158142,1.190000057220459,95900,1.9440000176429748,5.2018500036001205,-34.15638067011331,-75.39337023359185
2023-01-05,1.3200000524520874,1.3200000524520874,1.2100000381469727,1.2699999809265137,124000,1.9122000169754028,5.14310000538826,-30.96956172294255,-74.33454432017332
2023-01-06,1.2799999713897705,1.340000033378601,1.2300000190734863,1.2999999523162842,140800,1.8700000143051148,5.078650004863739,-31.550804192618475,-74.79645240046202
2023-01-09,1.3200000524520874,1.3480000495910645,1.25,1.2899999618530273,503300,1.8243000149726867,5.013100003600121,-27.643477409506556,-73.66898622600509
2023-01-10,1.6299999952316284,1.7139999866485596,1.3300000429153442,1.340000033378601,556100,1.789300012588501,4.952150005102157,-8.902923838156152,-67.08500361353647
2023-01-11,1.5299999713897705,1.687999963760376,1.440000057220459,1.659999966621399,403700,1.7505000114440918,4.887850003242493,-12.596403234091824,-68.69789436306758
2023-01-12,1.6699999570846558,1.75,1.3600000143051147,1.5099999904632568,460900,1.7162000107765198,4.826900004744529,-2.6919970517282676,-65.40222595365236
2023-01-13,1.8300000429153442,1.8300000429153442,1.6299999952316284,1.6699999570846558,314500,1.6850000095367432,4.75800000667572,8.605343178512248,-61.538460690463225
2023-01-17,1.9500000476837158,1.9800000190734863,1.7799999713897705,1.9800000190734863,856200,1.666400008201599,4.688250008821488,17.018725281223546,-58.406653996383206
2023-01-18,1.9199999570846558,2.0,1.7599999904632568,1.9500000476837158,554600,1.6535000061988832,4.619500008225441,16.117323851628583,-58.43706129092065
2023-01-19,1.8700000047683716,1.909999966621399,1.7699999809265137,1.909999966621399,100100,1.63510000705719,4.549850007295609,14.366093614906683,-58.899743908703414
2023-01-20,1.9800000190734863,2.0,1.8799999952316284,1.8899999856948853,342500,1.6189000082015992,4.4814500081539155,22.30526956837966,-55.81787110263614
2023-01-23,2.1700000762939453,2.1700000762939453,2.0,2.0,318400,1.6125000095367432,4.416350010633469,34.57364734635673,-50.8643999893775
2023-01-24,2.190000057220459,2.265000104904175,2.062000036239624,2.200000047683716,291100,1.6131000089645386,4.355900012254715,35.763439653455656,-49.723362541399005
2023-01-25,2.1600000858306885,2.1600000858306885,1.9700000286102295,2.1500000953674316,193300,1.6085000085830687,4.296650011539459,34.286607044126626,-49.72827481806515
2023-01-26,2.180000066757202,2.194999933242798,2.0799999237060547,2.190000057220459,118500,1.5927000093460082,4.239200011491776,36.87449324825145,-48.57520143311051
2023-01-27,2.0850000381469727,2.1500000953674316,1.9600000381469727,2.109999895095825,366500,1.5840000104904175,4.184325009584427,31.628789415313328,-50.17117376467732
2023-01-30,2.0899999141693115,2.140000104904175,2.0,2.069999933242798,195300,1.5776000070571898,4.130575008392334,32.47970999112366,-49.401719859270564
2023-01-31,2.140000104904175,2.1700000762939453,2.0250000953674316,2.0799999237060547,123800,1.5764000082015992,4.075525010824204,35.75235306840339,-47.49142505025635
2023-02-01,2.140000104904175,2.180000066757202,2.071000099182129,2.1500000953674316,284000,1.5804000091552735,4.024525010585785,35.408763130038736,-46.826020480049415
2023-02-02,2.430000066757202,2.490000009536743,2.119999885559082,2.190000057220459,464600,1.5912000107765198,3.980775009393692,52.71493528782345,-38.956608674869244
2023-02-03,2.244999885559082,2.380000114440918,2.180000066757202,2.380000114440918,205400,1.6051000094413757,3.936000009775162,39.866667020979676,-42.962401423181795
2023-02-06,2.2149999141693115,2.2899999618530273,2.069999933242798,2.200000047683716,128300,1.6188000082969665,3.891525011062622,36.82974442899638,-43.08144216283779
2023-02-07,2.140000104904175,2.249000072479248,2.0,2.2200000286102295,217100,1.6280000114440918,3.849375013113022,31.449636969346308,-44.40655697056809
2023-02-08,2.075000047683716,2.2799999713897705,2.059999942779541,2.140000104904175,170200,1.6362000131607055,3.806400012969971,26.81823927353262,-45.48654790318051
2023-02-09,1.8600000143051147,2.2100000381469727,1.840000033378601,2.1600000858306885,243100,1.6428000140190124,3.759450013041496,13.221329342135535,-50.524677603032565
2023-02-10,1.7599999904632568,1.940000057220459,1.7300000190734863,1.850000023841858,192400,1.648600013256073,3.717800012230873,6.757247137658506,-52.660175784787164
2023-02-13,2.130000114440918,2.2100000381469727,1.7999999523162842,1.8459999561309814,695600,1.6614000153541566,3.6784500128030775,28.205133908516977,-42.09517304768807
2023-02-14,2.559999942779541,3.0399999618530273,2.072000026702881,2.119999885559082,8101200,1.6812000131607057,3.642000010609627,52.27218193786862,-29.708952901649553
2023-02-15,4.275000095367432,4.400000095367432,2.5,2.509999990463257,6288200,1.734700014591217,3.6199250131845475,146.4403101060005,18.096371604300067
2023-02-16,4.150000095367432,5.289999961853027,3.630000114440918,3.6700000762939453,6506900,1.7855000162124635,3.5957250148057938,132.4278945777174,15.414835068848397
2023-02-17,3.75,4.269999980926514,3.7200000286102295,4.059999942779541,1381300,1.8303000164031982,3.5669750148057937,104.88444333674254,5.13109804342633
2023-02-21,3.309999942779541,3.890000104904175,3.309999942779541,3.5299999713897705,526700,1.8683000159263612,3.532875013947487,77.1664033914992,-6.308603341133057
2023-02-22,3.25,3.3499999046325684,3.0199999809265137,3.309999942779541,568600,1.9059000158309936,3.5000750118494035,70.52311102389932,-7.144847210496397
2023-02-23,3.009999990463257,3.200000047683716,2.930000066757202,3.200000047683716,508100,1.938100016117096,3.467675012946129,55.306741934488414,-13.198325124880505
2023-02-24,2.819999933242798,3.059000015258789,2.700000047683716,2.9000000953674316,553700,1.9663000154495238,3.4391750103235244,43.41656466895294,-18.00359316470145
2023-02-27,2.740000009536743,3.059999942779541,2.6700000762939453,2.9200000762939453,410400,1.9941000151634216,3.414475011229515,37.40534520341965,-19.753402777134422
2023-02-28,2.7699999809265137,3.1500000953674316,2.5799999237060547,2.7100000381469727,1271900,2.0217000150680544,3.3938750118017196,37.013402595897496,-18.382380868646276
2023-03-01,2.740000009536743,2.989000082015991,2.5899999141693115,2.799999952316284,753100,2.050100014209747,3.3745750123262406,33.65201651359102,-18.804590221630825
2023-03-02,2.5,2.742000102996826,2.4700000286102295,2.6700000762939453,504300,2.0725000143051147,3.3485250121355055,20.627260928546786,-25.34026202761922
2023-03-03,2.615000009536743,2.740000009536743,2.490000009536743,2.490000009536743,528600,2.098200013637543,3.3371000117063523,24.6306354275182,-21.63854842937054
2023-03-06,2.640000104904175,2.819999933242798,2.5,2.609999895095825,646700,2.1230000162124636,3.320700011849403,24.352335597908503,-20.498687159823426
2023-03-07,2.75,2.9100000858306885,2.609999895095825,2.700000047683716,701700,2.1512000155448914,3.3064500123262404,27.83562570323963,-16.829228031629974
2023-03-08,2.5399999618530273,2.7100000381469727,2.4800000190734863,2.7100000381469727,650600,2.179400014877319,3.285450013279915,16.545835758196347,-22.689435188901065
2023-03-09,2.390000104904175,2.640000104904175,2.375,2.559999942779541,522100,2.2034000158309937,3.266150013804436,8.468734126009636,-26.825158219836787
2023-03-10,2.569999933242798,2.5899999141693115,2.2100000381469727,2.3399999141693115,464600,2.2314000153541564,3.2503000146150587,15.174326232802349,-20.930378067048395
2023-03-13,2.640000104904175,3.25,2.5,2.680000066757202,2720600,2.263000018596649,3.2381500142812727,16.65930548870762,-18.471964138136478
2023-03-14,2.680000066757202,2.990000009536743,2.559999942779541,2.799999952316284,1564500,2.294600019454956,3.224950013756752,16.795957641183644,-16.897934686582516
2023-03-15,2.7200000286102295,2.7699999809265137,2.549999952316284,2.6500000953674316,379900,2.3240000200271607,3.2100500148534774,17.039587141588775,-15.266116851005396
2023-03-16,2.9800000190734863,3.0299999713897705,2.680000066757202,2.680000066757202,546800,2.3598000192642212,3.1961000150442125,26.281888072983485,-6.761365256203877
2023-03-17,2.9800000190734863,3.25,2.9200000762939453,3.200000047683716,1561900,2.3938000202178955,3.1813000148534774,24.488261087165995,-6.327601761547863
2023-03-20,3.0199999809265137,3.2100000381469727,2.8399999141693115,3.2100000381469727,717200,2.427800018787384,3.1677500146627424,24.392452325415025,-4.664194871827954
2023-03-21,3.319999933242798,3.359999895095825,2.9700000286102295,3.069999933242798,894100,2.4686000180244445,3.1545500141382217,34.48918046673701,5.244802534848225
2023-03-22,2.940000057220459,3.5,2.859999895095825,3.3299999237060547,1155600,2.501000018119812,3.142250013947487,17.552980244705306,-6.436469276133416
2023-03-23,3.200000047683716,3.309999942779541,3.009999990463257,3.009999990463257,632500,2.5324000191688536,3.1307000130414964,26.36234494793488,2.2135635593808933
2023-03-24,2.930000066757202,3.2799999713897705,2.88100004196167,3.200000047683716,557100,2.5604000210762026,3.119100013375282,14.435246158357984,-6.062644538718997
2023-03-27,2.7200000286102295,3.069999933242798,2.690000057220459,2.9600000381469727,375600,2.5814000225067137,3.1060500138998033,5.369179704621119,-12.428968740425027
2023-03-28,2.7699999809265137,2.809999942779541,2.609999895095825,2.7200000286102295,254400,2.600200021266937,3.095350014567375,6.5302652976997555,-10.510928719197988
2023-03-29,3.0,3.0199999809265137,2.809999942779541,2.809999942779541,340900,2.621200020313263,3.0862500137090683,14.451395420081914,-2.7946541377382617
2023-03-30,2.9800000190734863,3.130000114440918,2.9000000953674316,3.049999952316284,249400,2.6424000215530397,3.080850014090538,12.7762638043738,-3.273447086219883
2023-03-31,3.059999942779541,3.1500000953674316,2.9519999027252197,2.9600000381469727,534600,2.666200020313263,3.0768000143766403,14.770081744279961,-0.5460241653210907
2023-04-03,2.9800000190734863,3.118000030517578,2.869999885559082,3.069999933242798,297800,2.686200020313263,3.0723000138998033,10.937383535793455,-3.004263724529843
2023-04-04,2.9100000858306885,3.0799999237060547,2.7899999618530273,3.0399999618530273,515600,2.7010000205039977,3.0677500146627428,7.737877221033562,-5.1422028547980165
2023-04-05,2.7899999618530273,2.950000047683716,2.7300000190734863,2.9200000762939453,453700,2.713000018596649,3.063000014424324,2.838184398399224,-8.912832232637314
2023-04-06,2.990000009536743,3.055000066757202,2.700000047683716,2.9100000858306885,476700,2.72960001707077,3.0602500146627425,9.539858984373017,-2.2955642444050905
2023-04-10,3.3499999046325684,3.359999895095825,2.8610000610351562,2.940000057220459,609800,2.7530000138282777,3.060700014233589,21.685429996569884,9.452082499219404
2023-04-11,3.9000000953674316,4.059999942779541,3.4200000762939453,3.5,2498000,2.789300014972687,3.06475001513958,39.820029198458975,27.253448930640147
2023-04-12,3.6500000953674316,4.010000228881836,3.549999952316284,3.9800000190734863,793800,2.820500018596649,3.0677500158548354,29.409681662881315,18.979710749030865
2023-04-13,4.199999809265137,4.340000152587891,3.6600000858306885,3.700000047683716,1479500,2.8617000126838685,3.0716500145196917,46.76590106054243,36.734321599522566
2023-04-14,4.519999980926514,5.070000171661377,4.321000099182129,4.519999980926514,2497500,2.909300010204315,3.078750014901161,55.3638320239473,46.81282855216233
2023-04-17,4.320000171661377,4.400000095367432,3.799999952316284,4.21999979019165,1082700,2.9471000123023985,3.0843500155210495,46.58478346944226,40.06193038800057
2023-04-18,4.630000114440918,4.829999923706055,4.5,4.710000038146973,1305100,2.9948000168800353,3.0907500165700914,54.60131188540678,49.80183093484163
2023-04-19,4.300000190734863,4.449999809265137,4.099999904632568,4.440000057220459,862400,3.0365000224113463,3.0942500180006025,41.61041195448916,38.967444961457076
2023-04-20,3.9800000190734863,4.360000133514404,3.9700000286102295,4.150000095367432,1400300,3.0733000206947327,3.097200017571449,29.502488929596595,28.503164035051597
2023-04-21,3.9700000286102295,4.264999866485596,3.9100000858306885,4.005000114440918,867800,3.111200020313263,3.100550017952919,27.60349712939687,28.041799217009533
2023-04-24,4.090000152587891,4.179999828338623,3.930000066757202,4.0,381200,3.1558000230789185,3.1028000181913375,29.6026403028393,31.816428020134047
2023-04-25,3.9800000190734863,4.239999771118164,3.9000000953674316,4.119999885559082,592400,3.200200023651123,3.103600018620491,24.367226725180945,28.238174867731303
2023-04-26,4.230000019073486,4.548999786376953,4.064000129699707,4.230000019073486,1288700,3.2422000217437743,3.107300018668175,30.466966587657886,36.131046041911134
2023-04-27,4.230000019073486,4.300000190734863,3.930000066757202,4.300000190734863,825000,3.275600023269653,3.112300018668175,29.136646386122745,35.91234757899726
2023-04-28,4.0,4.190000057220459,3.950000047683716,4.170000076293945,635100,3.2701000213623046,3.1160500186681745,22.32041753675851,28.36764416604689
2023-05-01,3.6700000762939453,4.033999919891357,3.630000114440918,4.03000020980835,586000,3.260500020980835,3.11875001847744,12.559425016961768,17.675352450518723
2023-05-02,3.9000000953674316,3.950000047683716,3.450000047683716,3.640000104904175,878300,3.2635000228881834,3.122000018954277,19.50360251310641,24.919925422477984
2023-05-03,3.640000104904175,3.809999942779541,3.5199999809265137,3.7100000381469727,885000,3.270100026130676,3.1244000190496446,11.311583004119319,16.50237110199997
2023-05-04,3.569999933242798,3.75,3.549999952316284,3.640000104904175,419900,3.2765000247955323,3.1248000186681746,8.957726422284429,14.247309009053733
2023-05-05,3.7300000190734863,3.75,3.2200000286102295,3.740000009536743,1635100,3.290900025367737,3.123400017619133,13.342854244157198,19.42114356254454
2023-05-08,3.2799999713897705,3.75,3.259999990463257,3.680000066757202,905600,3.3001000261306763,3.1192000180482866,-0.6090741062922511,5.15516646611518
2023-05-09,3.799999952316284,3.890000104904175,3.3399999141693115,3.369999885559082,708900,3.321300024986267,3.1193500179052354,14.413028745633905,21.820248785935604
2023-05-10,3.9000000953674316,4.199999809265137,3.7200000286102295,3.890000104904175,862200,3.3439000272750854,3.1210000187158586,16.6302839067084,24.959951040695415
2023-05-11,3.4800000190734863,3.859999895095825,3.450000047683716,3.799999952316284,930200,3.3587000274658205,3.120800018906593,3.6115160810948677,11.509869199909284
2023-05-12,3.690000057220459,3.7990000247955322,3.440000057220459,3.6500000953674316,919900,3.3825000286102296,3.119450019001961,9.090909859846242,18.29008430149621
2023-05-15,3.9600000381469727,3.9700000286102295,3.569999933242798,3.7300000190734863,782200,3.409400029182434,3.1194000190496443,16.149469239506374,26.947490349552083
2023-05-16,3.9200000762939453,3.950000047683716,3.812000036239624,3.869999885559082,454800,3.4350000286102294,3.119150019288063,14.119360804778292,25.67526576322463
2023-05-17,4.0,4.119999885559082,3.799999952316284,3.799999952316284,974300,3.4600000286102297,3.118950019478798,15.606935460248273,28.248287885948
2023-05-18,3.930000066757202,4.170000076293945,3.8499999046325684,3.9000000953674316,855100,3.487800030708313,3.118550018668175,12.678480192543784,26.020106884018148
2023-05-19,3.950000047683716,4.0,3.812000036239624,3.950000047683716,488300,3.519000029563904,3.114300017952919,12.247798081809735,26.834281376657998
2023-05-22,4.039999961853027,4.039999961853027,3.799999952316284,3.930000066757202,603500,3.5484000301361083,3.112350018620491,13.854129397526304,29.805450469343576
2023-05-23,3.759999990463257,4.289999961853027,3.7200000286102295,4.070000171661377,1048000,3.57080002784729,3.1074500197172163,5.2985314534689465,20.99953230480032
2023-05-24,3.7200000286102295,3.75,3.4800000190734863,3.6700000762939453,890700,3.5916000270843504,3.0989000207185744,3.5750083683486755,20.04259588044515
2023-05-25,3.490000009536743,3.7200000286102295,3.3910000324249268,3.6600000858306885,579800,3.607000026702881,3.089600021243095,-3.2436932714160926,12.959605953541775
2023-05-26,3.4700000286102295,3.6700000762939453,3.450000047683716,3.5,533800,3.616800026893616,3.077900021672249,-4.058836462945658,12.739205438029444
2023-05-30,3.690000057220459,3.8499999046325684,3.5799999237060547,3.5999999046325684,647900,3.631000027656555,3.0652500230073927,1.6248975244977482,20.381699030218382
2023-05-31,3.569999933242798,3.5999999046325684,3.4200000762939453,3.559999942779541,559500,3.6420000267028807,3.053350023627281,-1.976938301268072,16.920756075052058
2023-06-01,3.5799999237060547,3.6500000953674316,3.4600000381469727,3.5799999237060547,418700,3.647200026512146,3.0419500225782397,-1.8425121275938205,17.68766406858271
2023-06-02,3.5,3.6489999294281006,3.4100000858306885,3.5799999237060547,746200,3.6584000253677367,3.0304500216245653,-4.329762307822382,15.494397697531337
2023-06-05,3.1600000858306885,3.5160000324249268,3.11899995803833,3.490000009536743,919400,3.6576000261306763,3.0196500211954116,-13.604547701909109,4.6478917639506845
2023-06-06,3.4200000762939453,3.430000066757202,2.8499999046325684,3.0799999237060547,1063300,3.667400026321411,3.008100021481514,-6.745922131533066,13.69303054655633
2023-06-07,3.4000000953674316,3.5,3.2300000190734863,3.4200000762939453,1049500,3.6810000276565553,2.999850021004677,-7.6337932675327185,13.339002668831457
2023-06-08,3.569999933242798,3.6600000858306885,3.3459999561309814,3.369999885559082,799900,3.697000026702881,2.9921500200033186,-3.435220247302684,19.312197228628204
2023-06-09,3.640000104904175,3.6500000953674316,3.440000057220459,3.5799999237060547,632500,3.7098000288009643,2.984000020623207,-1.8815009799692417,21.98391688160788
2023-06-12,3.740000009536743,3.740000009536743,3.4189999103546143,3.549999952316284,564000,3.7250000286102294,2.9772500199079515,0.40268404862564555,25.619279016828212
2023-06-13,3.5799999237060547,3.809999942779541,3.309999942779541,3.75,2190700,3.7354000282287596,2.9701500195264816,-4.160199800512188,20.532629670901237
2023-06-14,3.4800000190734863,3.638000011444092,3.440000057220459,3.569999933242798,561500,3.74540002822876,2.9634000200033186,-7.086025715677269,17.432678530844758
2023-06-15,3.299999952316284,3.3399999141693115,3.0999999046325684,3.319999933242798,1759900,3.753200025558472,2.9567000204324723,-12.075031177554996,11.61091519299946
2023-06-16,3.4200000762939453,3.5450000762939453,3.25,3.299999952316284,1118300,3.76580002784729,2.9501500207185747,-9.182642439753241,15.926310603720694
2023-06-20,4.139999866485596,4.210000038146973,3.430000066757202,3.5299999713897705,2600700,3.788800024986267,2.9505500203371047,9.269421431145641,40.31281754079854
2023-06-21,4.079999923706055,4.420000076293945,4.010000228881836,4.300000190734863,3390100,3.8034000253677367,2.9509000188112258,7.272437726598957,38.26289937636342
2023-06-22,4.570000171661377,4.650000095367432,4.010000228881836,4.079999923706055,2330200,3.8168000268936155,2.9533500200510026,19.733812079769073,54.73953783447774
2023-06-23,4.599999904632568,4.900000095367432,4.5,4.650000095367432,2174100,3.8358000230789187,2.955900018811226,19.922829056668135,55.62095725018974
2023-06-26,4.199999809265137,4.670000076293945,4.119999885559082,4.550000190734863,1574000,3.8358000230789187,2.9554000169038774,9.494754262342454,42.112735509324416
2023-06-27,4.480000019073486,4.572999954223633,4.130000114440918,4.28000020980835,1631800,3.835000023841858,2.956950016617775,16.818774216994004,51.50746525630518
2023-06-28,4.380000114440918,4.550000190734863,4.230000019073486,4.400000095367432,976500,3.8362000226974486,2.9558000165224074,14.175488465825437,48.18323600911698
2023-06-29,4.760000228881836,4.764999866485596,4.460000038146973,4.489999771118164,1231600,3.8388000249862673,2.956250017285347,23.997087576836318,61.014805955175234
2023-06-30,4.659999847412109,5.0,4.389999866485596,4.960000038146973,2236000,3.846000018119812,2.9582500153779985,21.164842055571185,57.525558123479485
2023-07-03,5.659999847412109,5.75,4.730000019073486,4.75,2251700,3.8796000146865843,2.9641500145196913,45.89132451762183,90.94849517355658
2023-07-05,5.860000133514404,6.130000114440918,5.349999904632568,5.46999979019165,2182200,3.917400016784668,2.9710000163316725,49.58901588825202,97.23998994620717
2023-07-06,6.090000152587891,6.199999809265137,5.550000190734863,5.889999866485596,1692400,3.957400016784668,2.9761500173807143,53.88892016875084,104.6267868562503
2023-07-07,6.670000076293945,7.079999923706055,5.809999942779541,5.809999942779541,3488300,4.011200017929077,2.987850018143654,66.28440482849736,123.23744618339325
2023-07-10,7.050000190734863,7.190000057220459,6.119999885559082,6.599999904632568,2989400,4.0676000213623045,3.0028000193834306,73.32088095460539,134.78087602325414
2023-07-11,6.75,7.260000228881836,6.650000095367432,7.260000228881836,1446800,4.118000020980835,3.0165500193834305,63.914520777303665,123.76555855618365
2023-07-12,6.960000038146973,7.190000057220459,6.679999828338623,6.989999771118164,1766300,4.177200021743775,3.0311500197649,66.61878775059272,129.6158221389121
2023-07-13,7.75,8.050000190734863,6.889999866485596,6.960000038146973,2087400,4.258800020217896,3.0515500193834306,81.97614265070567,153.96929267985246
2023-07-14,7.139999866485596,7.840000152587891,6.949999809265137,7.75,1406400,4.323600015640259,3.0697500187158586,65.1401572915452,132.59222487023257
2023-07-17,7.03000020980835,7.646999835968018,6.809999942779541,7.179999828338623,1106300,4.391400017738342,3.086500019431114,60.08562602841494,127.76608344567832
2023-07-18,6.71999979019165,7.039999961853027,6.489999771118164,6.889999866485596,1304800,4.4544000148773195,3.10125001847744,50.862063751513546,116.68681177439662
2023-07-19,7.5,8.0600004196167,6.75,6.789999961853027,2445100,4.52980001449585,3.119850018620491,65.57022332110003,140.3961714581487
2023-07-20,6.739999771118164,7.800000190734863,6.679999828338623,7.36899995803833,2217300,4.599000010490418,3.132900016903877,46.55359329732725,115.13612738203638
2023-07-21,6.760000228881836,7.139999866485596,6.510000228881836,7.0,1035600,4.658200016021729,3.146450017094612,45.12043719958425,114.84530795515147
2023-07-24,6.690000057220459,6.855000019073486,6.309999942779541,6.46999979019165,1097200,4.714000015258789,3.158050017952919,41.91769273579842,111.83958516138345
2023-07-25,6.590000152587891,6.980000019073486,6.489999771118164,6.690000057220459,645800,4.776200017929077,3.168550019860268,37.97579933524775,107.98157236850274
2023-07-26,6.760000228881836,6.900000095367432,6.4710001945495605,6.550000190734863,508200,4.837600021362305,3.1803500205278397,39.73871752584805,112.55522773433238
2023-07-27,6.260000228881836,7.098999977111816,6.150000095367432,6.96999979019165,785100,4.883600025177002,3.193100021481514,28.184130489985137,96.04773376241941
2023-07-28,6.519999980926514,6.599999904632568,6.269999980926514,6.5,1282200,4.935600023269654,3.2078500217199326,32.10146588432936,103.25139694126744
2023-07-31,6.659999847412109,6.949999809265137,6.400000095367432,6.630000114440918,1020700,4.988800020217895,3.22410002052784,33.4990342451374,106.56926909859807
2023-08-01,6.239999771118164,6.53000020980835,6.03000020980835,6.440000057220459,1112300,5.035000014305115,3.237700019478798,23.932467793236988,92.72939844879988
2023-08-02,6.090000152587891,6.318999767303467,5.900000095367432,6.159999847412109,1643700,5.077800016403199,3.2499000197649,19.933832228817707,87.39038479800512
2023-08-03,5.730000019073486,6.070000171661377,5.695000171661377,5.989999771118164,1090800,5.111600017547607,3.2615500193834306,12.097973225662706,75.68334028360835
2023-08-04,5.559999942779541,5.789999961853027,5.5,5.739999771118164,798200,5.147600016593933,3.271450019478798,8.01149904530627,69.9552158729098
2023-08-07,5.380000114440918,5.5329999923706055,5.110000133514404,5.519999980926514,1384700,5.1808000183105465,3.2811500197649,3.844967870335414,63.96690434856751
2023-08-08,5.789999961853027,5.980000019073486,5.440000057220459,5.5,1440300,5.226800017356872,3.2936500197649003,10.775234227938913,75.7928112309369
2023-08-09,5.5,5.949999809265137,5.46999979019165,5.949999809265137,1036600,5.267400016784668,3.305700020194054,4.415840499566159,66.37928325018234
2023-08-10,5.5,5.929999828338623,5.46999979019165,5.590000152587891,1610000,5.303600015640259,3.318100020289421,3.7031447277426466,65.75751081548961
2023-08-11,5.659999847412109,5.800000190734863,5.25,5.409999847412109,2049200,5.345400013923645,3.3318500190973284,5.885431074737113,69.87558908625569
2023-08-14,5.150000095367432,5.629000186920166,5.03000020980835,5.599999904632568,2091500,5.376800017356873,3.3406500190496446,-4.218120838738793,54.161617230185485
2023-08-15,5.059999942779541,5.329999923706055,4.949999809265137,5.179999828338623,1212800,5.408000016212464,3.3479250186681746,-6.434912581169838,51.13838913848914
2023-08-16,4.869999885559082,5.039999961853027,4.789999961853027,4.989999771118164,1575800,5.4422000122070315,3.3553750175237655,-10.514132618508798,45.140255861864745
2023-08-17,4.650000095367432,4.840000152587891,4.570000171661377,4.800000190734863,1208100,5.466800012588501,3.3612750178575515,-14.941097448968488,38.34036401851173
2023-08-18,4.409999847412109,4.53000020980835,4.21999979019165,4.369999885559082,1214500,5.487000007629394,3.3664000171422956,-19.628215030431395,31.000470085421263
2023-08-21,4.260000228881836,4.480000019073486,4.230000019073486,4.480000019073486,1239000,5.500800013542175,3.3707500177621843,-22.556715052459086,26.381375255766315
2023-08-22,4.179999828338623,4.380000114440918,4.110000133514404,4.380000114440918,701900,5.5116000080108645,3.3772500163316725,-24.15995677728464,23.769333277815406
2023-08-23,4.460000038146973,4.5,4.070000171661377,4.230000019073486,1030500,5.526000008583069,3.3867250162363054,-19.29062556605806,31.69064558726431
2023-08-24,4.300000190734863,4.670000076293945,4.251999855041504,4.579999923706055,1112000,5.540400013923645,3.3942750173807146,-22.38827196721389,26.683906540168234
2023-08-25,4.179999828338623,4.559999942779541,4.070000171661377,4.349999904632568,1110300,5.554400010108948,3.4012250167131426,-24.74435005165151,22.89689179041934
2023-08-28,4.309999942779541,4.420000076293945,4.199999809265137,4.199999809265137,699300,5.574600009918213,3.4103250163793564,-22.68503686163531,26.38091448994335
2023-08-29,5.239999771118164,5.380000114440918,4.420000076293945,4.460000038146973,3007700,5.611000003814698,3.425725014805794,-6.612016261705667,52.96031492519613
2023-08-30,5.320000171661377,5.400000095367432,5.019999980926514,5.25,1450100,5.634600009918213,3.4403750151395798,-5.583357074203432,54.634310162421016
2023-08-31,4.860000133514404,5.400000095367432,4.829999923706055,5.28000020980835,1426400,5.65020001411438,3.449825015664101,-13.98534350334556,40.87671436804283
2023-09-01,4.550000190734863,4.919000148773193,4.489999771118164,4.900000095367432,1106100,5.64980001449585,3.4599750167131424,-19.466172624503507,31.50384522305618
2023-09-05,4.409999847412109,4.500999927520752,4.260000228881836,4.5,847100,5.646000013351441,3.4699750155210496,-21.89160756316837,27.090247845773206
2023-09-06,4.489999771118164,4.739999771118164,4.409999847412109,4.409999847412109,1277700,5.651800012588501,3.481425014138222,-20.55628718076733,28.970170343582737
2023-09-07,4.480000019073486,4.559999942779541,4.260000228881836,4.420000076293945,957700,5.651800012588501,3.494125013947487,-20.73321757502058,28.215218436394963
2023-09-08,4.670000076293945,4.710000038146973,4.360000133514404,4.550000190734863,785400,5.657600011825561,3.508025014400482,-17.456163982383465,33.12334025907862
2023-09-11,4.179999828338623,4.800000190734863,4.150000095367432,4.78000020980835,1173900,5.646000003814697,3.521175013780594,-25.965288248061935,18.710368328175363
2023-09-12,4.400000095367432,4.849999904632568,4.304999828338623,4.409999847412109,1300500,5.6408000087738035,3.5355250144004824,-21.996878305850398,24.45110916895996
2023-09-13,4.429999828338623,4.510000228881836,4.239999771118164,4.480000019073486,1383600,5.616200008392334,3.5492750138044356,-21.12104587231869,24.81421730096216
2023-09-14,5.010000228881836,5.25,4.449999809265137,4.519999980926514,2623900,5.599200010299683,3.5660000151395796,-10.52292792423951,40.49355601827544
2023-09-15,4.489999771118164,4.980000019073486,4.480000019073486,4.949999809265137,1561600,5.567200002670288,3.5808000141382217,-19.349048552871253,25.390967196998183
2023-09-18,4.760000228881836,4.78000020980835,4.550000190734863,4.679999828338623,1147400,5.529000005722046,3.5972500151395796,-13.908478496009414,32.32330832854662
2023-09-19,4.550000190734863,4.880000114440918,4.53000020980835,4.630000114440918,1362500,5.479000005722046,3.6125500160455704,-16.955645446559096,25.949818563770656
2023-09-20,4.210000038146973,4.539999961853027,4.190000057220459,4.5,1280300,5.428200006484985,3.625750015974045,-22.442061215184562,16.11390800796759
2023-09-21,3.859999895095825,4.119999885559082,3.819999933242798,4.019999980926514,1491000,5.3662000036239625,3.6370500153303147,-28.06828123273365,6.1299646368834
2023-09-22,3.8299999237060547,3.9600000381469727,3.7799999713897705,3.9600000381469727,917500,5.287800002098083,3.648150014877319,-27.569122845296825,4.984715762431469
2023-09-25,3.7799999713897705,3.869999885559082,3.630000114440918,3.6500000953674316,1052700,5.220600004196167,3.659500014781952,-27.594529970663984,3.292798363740368
2023-09-26,3.559999942779541,3.819999933242798,3.5399999618530273,3.700000047683716,1200400,5.151199998855591,3.670250014662743,-30.889890829895105,-3.0038845158436023
2023-09-27,3.609999895095825,3.75,3.5299999713897705,3.640000104904175,1190600,5.089000000953674,3.6814500141143798,-29.062686295552865,-1.9408145905722152
2023-09-28,3.7699999809265137,3.859999895095825,3.5299999713897705,3.6500000953674316,896100,5.014400000572205,3.693300014138222,-24.81652878716676,2.0767326373345885
2023-09-29,3.7100000381469727,4.0,3.640000104904175,3.950000047683716,1536100,4.953800005912781,3.7048000144958495,-25.107997219936763,0.14035909173981675
2023-10-02,3.5999999046325684,4.090000152587891,3.509999990463257,3.9100000858306885,3034100,4.8905999994277956,3.716050013899803,-26.389402015013054,-3.122942609306978
2023-10-03,3.25,3.559999942779541,3.2300000190734863,3.5,1378300,4.821799998283386,3.7253500139713287,-32.597785035525405,-12.759875238262296
2023-10-04,3.319999933242798,3.3499999046325684,2.9600000381469727,3.2300000190734863,1374100,4.756399993896484,3.735350013375282,-30.199311716779633,-11.119442050817929
2023-10-05,3.1500000953674316,3.3499999046325684,3.0199999809265137,3.3299999237060547,1814500,4.684199991226197,3.7442000138759615,-32.75265570924424,-15.869876510507764
2023-10-06,3.4600000381469727,3.494999885559082,3.0899999141693115,3.0999999046325684,1286700,4.628199987411499,3.7548500138521193,-25.240913366794405,-7.8525100767649185
2023-10-09,3.2799999713897705,3.4159998893737793,3.2149999141693115,3.3499999046325684,1031300,4.563399987220764,3.7642500138282777,-28.12376779210668,-12.864449509452758
2023-10-10,3.2699999809265137,3.424999952316284,3.240000009536743,3.25,727700,4.495599989891052,3.773900013566017,-27.262212201273716,-13.352235905247534
2023-10-11,3.2200000286102295,3.6700000762939453,3.2049999237060547,3.490000009536743,1480300,4.435199995040893,3.7843500137329102,-27.398989172740997,-14.912732254541162
2023-10-12,3.0999999046325684,3.25,3.0399999618530273,3.200000047683716,1418100,4.375399990081787,3.7939000129699707,-29.14933693697289,-18.289889189625686
2023-10-13,3.0399999618530273,3.190000057220459,2.984999895095825,3.1500000953674316,1035500,4.321599988937378,3.8032500129938125,-29.655683782974982,-20.068363860728056
2023-10-16,3.309999942779541,3.434999942779541,2.9600000381469727,3.25,3100100,4.276599988937378,3.8145000129938125,-22.60206820039795,-13.22585053075709
2023-10-17,3.5,3.5350000858306885,3.1700000762939453,3.240000009536743,1623500,4.23899998664856,3.8265000128746034,-17.433356663745315,-8.532601901896374
2023-10-18,3.180000066757202,3.490000009536743,3.1449999809265137,3.430000066757202,1256500,4.186799988746643,3.8361500132083894,-24.047003073840077,-17.10438705973367
2023-10-19,3.0999999046325684,3.2799999713897705,3.0899999141693115,3.200000047683716,1158100,4.138799986839294,3.84570001244545,-25.099064596258337,-19.390490818307406
2023-10-20,3.140000104904175,3.3499999046325684,3.0799999237060547,3.299999952316284,2294200,4.091599988937378,3.8550000131130218,-23.257402644590908,-18.54733867125111
2023-10-23,3.200000047683716,3.3610000610351562,3.121999979019165,3.200000047683716,2883700,4.04239999294281,3.86440001308918,-20.83910416410424,-17.192836226970876
2023-10-24,3.5,4.034999847412109,3.380000114440918,3.609999895095825,5057000,4.009399991035462,3.875500013232231,-12.705142718970897,-9.6890726861089
2023-10-25,3.369999885559082,3.680000066757202,3.2790000438690186,3.490000009536743,2855200,3.975599989891052,3.885750012397766,-15.232923480024606,-13.272859169868012
2023-10-26,3.059999942779541,3.309999942779541,2.940000057220459,3.299999952316284,2678300,3.9393999910354616,3.8929000121355055,-22.323197701606645,-21.395362499923685
2023-10-27,3.200000047683716,3.2899999618530273,3.0399999618530273,3.0399999618530273,1628700,3.910399990081787,3.9012500125169756,-18.166938016568814,-17.975007051158798
2023-10-30,3.009999990463257,3.25,2.9600000381469727,3.25,2147500,3.88239999294281,3.907950012683868,-22.470636824267174,-22.977520677239294
2023-10-31,3.0799999237060547,3.130000114440918,2.8010001182556152,3.049999952316284,1745600,3.8587999868392946,3.914200012087822,-20.18244184174851,-21.312147713596463
2023-11-01,3.0399999618530273,3.200000047683716,2.994999885559082,3.1600000858306885,1397800,3.8359999895095824,3.9196500116586686,-20.750782842372228,-22.442055979212338
2023-11-02,3.4800000190734863,3.5299999713897705,3.1500000953674316,3.1700000762939453,1859800,3.816399989128113,3.9274500119686127,-8.814588906114107,-11.392888299827009
2023-11-03,3.490000009536743,3.6500000953674316,3.390000104904175,3.4200000762939453,1074600,3.8001999855041504,3.9355500119924547,-8.162727676192405,-11.321162254272622
2023-11-06,3.3399999141693115,3.615000009536743,3.255000114440918,3.5799999237060547,1027700,3.783399987220764,3.9423500114679335,-11.719619245893387,-15.278960405505371
2023-11-07,3.3299999237060547,3.3499999046325684,3.0899999141693115,3.25,1389400,3.7637999868392944,3.9481500107049943,-11.52558756177502,-15.656702134490597
2023-11-08,3.0799999237060547,3.3499999046325684,3.0799999237060547,3.319999933242798,1410800,3.7205999898910522,3.9526000100374223,-17.21765489237008,-22.076609930563308
2023-11-09,2.9700000286102295,3.490000009536743,2.950000047683716,3.369999885559082,2733900,3.673599987030029,3.95665000975132,-19.15287350021564,-24.936498773190774
2023-11-10,2.9600000381469727,3.069999933242798,2.809999942779541,3.0299999713897705,1602800,3.635599985122681,3.960550009608269,-18.582901027075195,-25.262904622690495
2023-11-13,2.990000009536743,3.0199999809265137,2.7899999618530273,2.950000047683716,1233300,3.604399981498718,3.9650750094652176,-17.045832180548015,-24.59159026250013
2023-11-14,2.9100000858306885,3.0999999046325684,2.8399999141693115,3.069999933242798,1187200,3.57439998626709,3.9691750103235246,-18.58773229042743,-26.685014435947075
2023-11-15,3.109999895095825,3.180000066757202,2.9049999713897705,2.9800000190734863,2068100,3.5467999887466433,3.9740250092744827,-12.315329170990918,-21.74181370681404
2023-11-16,2.8499999046325684,3.055999994277954,2.8299999237060547,3.049999952316284,1436200,3.514199986457825,3.9775750082731247,-18.900463388105127,-28.348305218512927
2023-11-17,2.8299999237060547,2.9000000953674316,2.7899999618530273,2.8499999046325684,1003700,3.477399983406067,3.979575007557869,-18.61735960169565,-28.886880676167227
2023-11-20,2.940000057220459,3.0250000953674316,2.8499999046325684,2.9200000762939453,1536000,3.4525999879837035,3.9830500084161757,-14.846780181523423,-26.18721705707321
2023-11-21,2.869999885559082,2.994999885559082,2.8399999141693115,2.930000066757202,1500600,3.421999983787537,3.9863250082731247,-16.130920538973538,-28.003866227596795
2023-11-22,3.1600000858306885,3.174999952316284,2.8399999141693115,2.880000114440918,2393600,3.396599988937378,3.991425008177757,-6.965786488761938,-20.830277924390895
2023-11-24,3.5399999618530273,3.549999952316284,3.184999942779541,3.200000047683716,2367900,3.3671999835968016,3.998750007748604,5.13185967860581,-11.472336230237712
2023-11-27,3.799999952316284,3.924999952316284,3.4149999618530273,3.4800000190734863,4607500,3.3533999872207643,4.008450007438659,13.31782569324973,-5.200265806871607
2023-11-28,4.369999885559082,4.414999961853027,3.8499999046325684,3.8499999046325684,4212900,3.3455999803543093,4.021500006914139,30.61931824546118,8.66591764380875
2023-11-29,4.840000152587891,4.929999828338623,4.349999904632568,4.519999980926514,5194100,3.3513999795913696,4.035050007104874,44.417263891552075,19.948950919212116
2023-11-30,4.934999942779541,5.269999980926514,4.800000190734863,4.96999979019165,3945300,3.365899977684021,4.046925007104874,46.61754584208331,21.94443766849008
2023-12-01,5.570000171661377,5.710000038146973,4.880000114440918,5.110000133514404,5647400,3.4000999832153322,4.053400007486343,63.81871707178626,37.41550701569005
2023-12-04,5.380000114440918,6.269999980926514,5.130000114440918,6.170000076293945,8813700,3.4310999870300294,4.059550007581711,56.801029838185,32.527006796149905
2023-12-05,5.559999942779541,5.920000076293945,5.210000038146973,5.300000190734863,5586400,3.4666999864578245,4.068600007295609,60.38307221561998,36.65634205401438
2023-12-06,5.400000095367432,5.670000076293945,5.239999771118164,5.599999904632568,3245600,3.5034999895095824,4.079050008058548,54.13158588658425,32.383767904272375
2023-12-07,5.809999942779541,6.119999885559082,5.210000038146973,5.349999904632568,4414100,3.547499990463257,4.091850007772446,63.77730679065714,41.989562954250005
2023-12-08,5.820000171661377,6.21999979019165,5.679999828338623,5.900000095367432,5073800,3.5884999942779543,4.105900008678436,62.18476190446323,41.747245655274924
2023-12-11,5.010000228881836,5.670000076293945,4.940000057220459,5.639999866485596,4626700,3.6144999980926515,4.116850010156631,38.60838930766582,21.694990502974942
2023-12-12,5.150000095367432,5.199999809265137,4.940000057220459,5.130000114440918,2654300,3.6455000019073487,4.1289000105857845,41.27006151893893,24.730559765645175
2023-12-13,5.789999961853027,5.855000019073486,4.949999809265137,5.150000095367432,5831700,3.6963000011444094,4.1440000104904176,56.6431285355731,39.72007594584479
2023-12-14,5.869999885559082,6.0,5.599999904632568,5.900000095367432,4638400,3.747300000190735,4.159650009870529,56.64611547675133,41.11763902323571
2023-12-15,6.010000228881836,6.150000095367432,5.570000171661377,5.800000190734863,4491700,3.804500002861023,4.177200011014938,57.970829921468116,43.87628586215531
2023-12-18,6.0,6.396999835968018,5.699999809265137,5.800000190734863,4102300,3.8553000020980837,4.194125010967254,55.6299119844047,43.05725233059452
2023-12-19,5.71999979019165,6.385000228881836,5.260000228881836,6.199999809265137,8671900,3.904099998474121,4.209525009393692,46.51263524057416,35.882309225560704
2023-12-20,5.53000020980835,5.98799991607666,5.465000152587891,5.929999828338623,6597300,3.949300003051758,4.2234250104427336,40.02481972843621,30.93638921337567
2023-12-21,7.679999828338623,7.730000019073486,5.78000020980835,5.849999904632568,18683300,4.0384999990463255,4.249125009775161,90.16961322650047,80.74308971072148
2023-12-22,8.369999885559082,8.800000190734863,7.284999847412109,7.739999771118164,10156500,4.143899998664856,4.2790250086784365,101.98363590472393,95.60530421260918
2023-12-26,8.789999961853027,8.970000267028809,8.1899995803833,8.335000038146973,5778100,4.258899998664856,4.310125008821488,106.39132087178962,103.93839955599029
2023-12-27,9.5600004196167,9.6899995803833,8.829999923706055,8.970000267028809,7588600,4.383900008201599,4.34472501039505,118.0706768341298,120.03695048003613
2023-12-28,8.539999961853027,9.274999618530273,8.279999732971191,9.229999542236328,6366100,4.48470000743866,4.374025009870529,90.42522237135022,95.24351009839816
2023-12-29,7.150000095367432,8.734999656677246,6.659999847412109,8.710000038146973,9799500,4.564100008010865,4.396175010204315,56.65739319510572,62.6413889067426
2024-01-02,6.800000190734863,7.889999866485596,6.75,7.860000133514404,7081700,4.6381000137329105,4.415275011062622,46.61176280375157,54.01079601377561
2024-01-03,6.539999961853027,6.840000152587891,6.03000020980835,6.25,5020800,4.706100010871888,4.43307501077652,38.96857157188587,47.52739229439405
2024-01-04,6.739999771118164,7.130000114440918,6.563000202178955,6.75,3334100,4.776900005340576,4.451675009727478,41.09568472404366,51.403679657441394
2024-01-05,6.190000057220459,6.800000190734863,6.119999885559082,6.789999961853027,3925100,4.830700006484985,4.466025010347367,28.13878007143227,38.602001620653745
2024-01-08,6.420000076293945,6.71999979019165,5.78000020980835,6.360000133514404,7622700,4.891700010299683,4.483425010442733,31.242718539083782,43.19409963009457
2024-01-09,6.079999923706055,6.400000095367432,6.070000171661377,6.28000020980835,3431500,4.952100009918213,4.497825009822845,22.776194170732623,35.176444402080584
2024-01-10,6.449999809265137,6.679999828338623,5.78000020980835,5.96999979019165,3890500,5.017100005149842,4.515425008535385,28.560319759312836,42.843692389373686
2024-01-11,6.039999961853027,7.139999866485596,5.760000228881836,7.0,7566200,5.077700004577637,4.532025008201599,18.951492928055224,33.273756233084505
2024-01-12,5.150000095367432,5.849999904632568,5.130000114440918,5.820000171661377,6151900,5.119100008010864,4.543925008773804,0.6036234359205972,13.33814016347905
2024-01-16,4.809999942779541,5.119999885559082,4.684999942779541,5.119999885559082,6836800,5.1545000076293945,4.552975008487701,-6.6834817022008775,5.645208546339298
2024-01-17,4.710000038146973,4.869999885559082,4.519999980926514,4.809999942779541,3818000,5.179100008010864,4.561625008583069,-9.05755766712948,3.2526792378752
2024-01-18,4.329999923706055,4.875,4.295000076293945,4.809999942779541,5916000,5.19590000629425,4.567975008487702,-16.66506440730682,-5.2096406906663955
2024-01-19,4.320000171661377,4.5,4.010000228881836,4.380000114440918,6039400,5.2155000114440915,4.574675009250641,-17.169971005996874,-5.567058579555395
2024-01-22,4.300000190734863,4.610000133514404,4.070000171661377,4.25,5215600,5.2349000167846675,4.581625009775162,-17.85898150971812,-6.146832585369511
2024-01-23,4.150000095367432,4.269999980926514,4.070000171661377,4.170000076293945,5351400,5.256300020217895,4.588425010442734,-21.04712289243723,-9.555019730680936
2024-01-24,4.0,4.449999809265137,3.9800000190734863,4.25,6693400,5.276900019645691,4.59347501039505,-24.197919515091105,-12.919957310141317
2024-01-25,4.059999942779541,4.110000133514404,3.9200000762939453,4.0,3700100,5.298900017738342,4.597025010585785,-23.38032555457772,-11.682013183952911
2024-01-26,4.269999980926514,4.360000133514404,4.190000057220459,4.300000190734863,6878400,5.324500017166137,4.598875010013581,-19.804677112215717,-7.151206074767746
2024-01-29,4.480000019073486,4.599999904632568,4.21999979019165,4.360000133514404,8989000,5.3559000158309935,4.603025009632111,-16.353927335620867,-2.672698720975597
2024-01-30,4.329999923706055,4.620999813079834,4.230000019073486,4.46999979019165,6025100,5.380300016403198,4.603675010204316,-19.52121795243833,-5.94470908332243
2024-01-31,3.9200000762939453,4.239999771118164,3.880000114440918,4.170000076293945,9095000,5.401700019836426,4.600675010681153,-27.430252292820757,-14.795110126381871
2024-02-01,3.75,3.9600000381469727,3.640000104904175,3.950000047683716,6767300,5.4201000213623045,4.597825009822845,-30.81308490212209,-18.439697204907578
2024-02-02,3.7899999618530273,3.930000066757202,3.6500000953674316,3.7100000381469727,3375300,5.437100019454956,4.593625009059906,-30.29372370764374,-17.494354581009695
2024-02-05,3.6500000953674316,3.869999885559082,3.559999942779541,3.799999952316284,3333200,5.452700023651123,4.590375008583069,-33.06068407329338,-20.485797161611575
2024-02-06,3.8399999141693115,3.890000104904175,3.5899999141693115,3.6600000858306885,2842000,5.466300020217895,4.589675008058548,-29.751387593682733,-16.333947230968594
2024-02-07,4.119999885559082,4.179999828338623,3.759999990463257,3.869999885559082,5962100,5.477900018692017,4.590425007343292,-24.788698744033788,-10.247964426641797
2024-02-08,5.099999904632568,5.110000133514404,4.400000095367432,4.46999979019165,10389700,5.503900017738342,4.5954750061035154,-7.338434779048619,10.978732293374783
2024-02-09,5.940000057220459,6.045000076293945,5.5,5.789999961853027,14629800,5.53530002117157,4.60527500629425,7.311257465737753,28.98252653971751
2024-02-12,6.929999828338623,7.150000095367432,6.039999961853027,6.070000171661377,16093700,5.577100014686584,4.618775005340576,24.25812357837136,50.03977938578159
2024-02-13,6.920000076293945,7.0,5.96999979019165,6.389999866485596,11642300,5.616800017356873,4.632225005626679,23.20182407972442,49.38825441096553
2024-02-14,8.300000190734863,8.369999885559082,7.699999809265137,8.15999984741211,18108600,5.671400017738343,4.653725006580353,46.34834722952168,78.35175432580756
2024-02-15,7.739999771118164,8.694000244140625,7.409999847412109,8.449999809265137,19022300,5.718600010871887,4.6740750050544735,35.347808141910676,65.59425689036324
2024-02-16,6.809999942779541,7.369999885559082,6.372000217437744,7.0,19096400,5.743600010871887,4.688625004291534,18.566751338691724,45.24513981276592
2024-02-20,6.869999885559082,7.329999923706055,6.461999893188477,7.159999847412109,9950500,5.77300000667572,4.704775003194809,19.00224974215876,46.021858237513236
2024-02-21,6.639999866485596,6.909999847412109,6.5,6.550000190734863,5200400,5.7896000051498415,4.720125002861023,14.688404390274368,40.6742377047403
2024-02-22,6.630000114440918,7.0,6.5,6.760000228881836,7829200,5.805800004005432,4.73462500333786,14.196150571271303,40.03221183867443
2024-02-23,6.179999828338623,6.369999885559082,6.0,6.349999904632568,6919500,5.829199995994568,4.749125002622605,6.017975581299351,30.12923064618951
2024-02-26,6.909999847412109,7.199999809265137,6.070000171661377,6.150000095367432,16933800,5.864399991035461,4.764675002098084,17.829613566178825,45.02562807262509
2024-02-27,6.769999980926514,7.329999923706055,6.690000057220459,7.320000171661377,12409400,5.883999991416931,4.779025001525879,15.057783664208069,41.66069394416105
2024-02-28,6.050000190734863,6.989999771118164,5.940000057220459,6.989999771118164,16399100,5.8875999975204465,4.791875002384185,2.7583428439909463,26.255384118423386
2024-02-29,5.900000095367432,6.300000190734863,5.550000190734863,6.244999885559082,8949500,5.885399994850158,4.802925002574921,0.24807320708954972,22.841811858489415
2024-03-01,5.989999771118164,6.010000228881836,5.552999973297119,5.949999809265137,5294800,5.885199990272522,4.813075001239777,1.7807344018701654,24.45265801125536
2024-03-04,5.699999809265137,6.210000038146973,5.460000038146973,6.099999904632568,13895200,5.884799990653992,4.821974999904633,-3.1402967251622393,18.208821268834228
2024-03-05,5.090000152587891,5.739999771118164,5.070000171661377,5.539999961853027,10345800,5.875999989509583,4.827425000667572,-13.376443810839634,5.4392383493064855
2024-03-06,5.400000095367432,5.559999942779541,5.085000038146973,5.28000020980835,7237500,5.830399994850159,4.834775000810623,-7.381996087110454,11.690825208247336
2024-03-07,5.360000133514404,5.460000038146973,5.269999980926514,5.400000095367432,5193500,5.7701999998092655,4.841825001239776,-7.108936714644565,10.702062386433763
2024-03-08,5.349999904632568,5.820000171661377,5.150000095367432,5.360000133514404,10447900,5.701399998664856,4.848375000953674,-6.163400114262774,10.346248043524376
2024-03-11,5.079999923706055,5.78000020980835,5.070000171661377,5.679999828338623,11824300,5.611799988746643,4.854975000619889,-9.4764614937633,4.634934743380437
2024-03-12,4.929999828338623,5.14900016784668,4.815000057220459,5.130000114440918,12479700,5.539599986076355,4.861024999618531,-11.00440752527161,1.4189358977891642
2024-03-13,4.900000095367432,5.199999809265137,4.874000072479248,4.909999847412109,6034900,5.494599986076355,4.868075000047684,-10.821531907976468,0.6558053300213196
2024-03-14,4.559999942779541,4.869999885559082,4.480000019073486,4.860000133514404,5863600,5.449799981117248,4.87352499961853,-16.327205428102552,-6.433229682078778
2024-03-15,4.599999904632568,4.75,4.360000133514404,4.360000133514404,7967600,5.410999979972839,4.878074998855591,-14.987988880834212,-5.7005087926745635
2024-03-18,4.610000133514404,4.679999828338623,4.440000057220459,4.650000095367432,7181500,5.368399987220764,4.8832749998569485,-14.127111532518,-5.596139196554562
2024-03-19,4.489999771118164,4.639999866485596,4.289999961853027,4.5,9467900,5.334399981498718,4.8878249990940095,-15.829338131920823,-8.139105390425904
2024-03-20,5.670000076293945,5.71999979019165,4.534999847412109,4.590000152587891,14608400,5.3193999814987185,4.898674999475479,6.590970711257671,15.745585834966702
2024-03-21,5.650000095367432,6.139999866485596,5.474999904632568,5.699999809265137,14550000,5.310799984931946,4.911124999523163,6.386987109246833,15.044925468523163
2024-03-22,5.050000190734863,5.420000076293945,5.0,5.369999885559082,9827500,5.2827999925613405,4.919275000095367,-4.406750249002056,2.657407659400257
2024-03-25,5.579999923706055,5.829999923706055,5.139999866485596,5.150000095367432,12520500,5.273599991798401,4.93017499923706,5.81007153337707,13.180565082771988
2024-03-26,5.690000057220459,5.949999809265137,5.460000038146973,5.679999828338623,9636900,5.284399991035461,4.940774999856949,7.675423262301573,15.16412015089137
2024-03-27,5.369999885559082,5.940000057220459,5.28000020980835,5.909999847412109,13623100,5.295599989891052,4.9494249987602235,1.404937982665877,8.497449439161286
2024-03-28,5.400000095367432,5.945000171661377,5.329999923706055,5.46999979019165,13643600,5.309399991035462,4.957724999189377,1.7064094715964373,8.920928374413052
2024-04-01,6.46999979019165,6.650000095367432,5.320000171661377,5.599999904632568,23245900,5.352199988365173,4.972174998521805,20.88486611592233,30.124136662831447
2024-04-02,5.889999866485596,6.230000019073486,5.519999980926514,5.96999979019165,17037400,5.383599982261658,4.984224997758865,9.40634307698318,18.172832669753248
2024-04-03,5.559999942779541,6.179999828338623,5.550000190734863,5.909999847412109,9240900,5.408799977302551,4.995524997711182,2.795443834334499,11.29961205933283
2024-04-04,5.760000228881836,6.349999904632568,5.710000038146973,5.920000076293945,16047600,5.4409999799728395,5.007224998474121,5.86289744685109,15.033780799486983
2024-04-05,5.599999904632568,5.849999904632568,5.519999980926514,5.650000095367432,9606200,5.4729999780654905,5.014524998664856,2.320481035557531,11.675580560942421
2024-04-08,5.409999847412109,6.329999923706055,5.295000076293945,6.079999923706055,15120900,5.499999976158142,5.021174998283386,-1.6363659842940415,7.743702405545583
2024-04-09,5.010000228881836,5.570000171661377,4.940000057220459,5.349999904632568,13414800,5.514799981117249,5.023374998569489,-9.153545984693078,-0.26625067193792873
2024-04-10,4.900000095367432,5.260000228881836,4.809999942779541,4.940000057220459,10425300,5.523199982643128,5.0248749995231625,-11.28331201539191,-2.4851345390199953
2024-04-11,4.96999979019165,5.0,4.744999885559082,4.909999847412109,5593700,5.535999979972839,5.028724999427795,-10.223991904421315,-1.1677952014243598
2024-04-12,4.650000095367432,4.920000076293945,4.570000171661377,4.920000076293945,6524300,5.550599980354309,5.029574999809265,-16.225270928808488,-7.54685842156102
2024-04-15,4.329999923706055,4.739999771118164,4.309999942779541,4.570000171661377,5426600,5.56219997882843,5.029324998855591,-22.153105961895225,-13.904948980403253
2024-04-16,4.349999904632568,4.510000228881836,4.159999847412109,4.28000020980835,4793500,5.573399977684021,5.027274997234344,-21.950695768291627,-13.472012033842695
2024-04-17,4.5,4.664999961853027,4.300000190734863,4.349999904632568,5451800,5.5903999757766725,5.026474997997284,-19.504865134899106,-10.474039922750034
2024-04-18,4.679999828338623,4.920000076293945,4.440000057220459,4.550000190734863,6689600,5.607199974060059,5.021574997901917,-16.535885112192084,-6.802152107775128
2024-04-19,4.949999809265137,5.019999980926514,4.631999969482422,4.710000038146973,7343800,5.623799972534179,5.017024996280671,-11.98122562252898,-1.3359548151588352
2024-04-22,5.510000228881836,5.590000152587891,4.869999885559082,5.190000057220459,17710500,5.631999979019165,5.01412499666214,-2.1661887534057733,9.889566625279489
2024-04-23,5.579999923706055,5.695000171661377,5.349999904632568,5.440000057220459,10954100,5.624799976348877,5.0086749958992005,-0.7964737027307156,11.406707927238656
2024-04-24,5.25,5.630000114440918,5.199999809265137,5.550000190734863,8222800,5.591199979782105,4.999674994945526,-6.102446362424718,5.0068255498116
2024-04-25,5.170000076293945,5.21999979019165,4.849999904632568,4.920000076293945,5587900,5.556199979782105,4.991774995326995,-6.950791996210781,3.570374889368888
2024-04-26,5.079999923706055,5.301000118255615,5.0,5.119999885559082,4530700,5.491799974441529,4.9823749947547915,-7.498453196619758,1.9594054854168652
2024-04-29,4.690000057220459,4.949999809265137,4.610000133514404,4.860000133514404,7656500,5.430799980163574,4.9670749950408934,-13.64071454756104,-5.578231415814439
2024-04-30,4.340000152587891,4.630000114440918,4.289999961853027,4.539999961853027,7841900,5.381399984359741,4.953074996471405,-19.351838458366377,-12.377661237115767
2024-05-01,4.329999923706055,4.630000114440918,4.150000095367432,4.289999961853027,6280100,5.330599985122681,4.939574995040894,-18.770871275451707,-12.340638049767927
2024-05-02,4.570000171661377,4.61899995803833,4.360000133514404,4.534999847412109,4161000,5.289199991226196,4.928824996948242,-13.59751608481129,-7.2801291486112145
2024-05-03,4.730000019073486,4.989999771118164,4.679999828338623,4.769999980926514,4580600,5.251199989318848,4.914974997043609,-9.925349849663,-3.7634978424384014
2024-05-06,5.300000190734863,5.429999828338623,4.836999893188477,4.880000114440918,8589900,5.233599996566772,4.907774999141693,1.268728871362912,7.991914699874503
2024-05-07,5.070000171661377,5.369999885559082,4.960000038146973,5.230000019073486,5384000,5.196800003051758,4.899324998855591,-2.4399598082650686,3.4836466828727097
2024-05-08,5.130000114440918,5.164999961853027,4.820000171661377,4.909999847412109,3849700,5.164000005722046,4.891524999141693,-0.6584022316702853,4.875271318066843
2024-05-09,5.110000133514404,5.315000057220459,4.96999979019165,5.130000114440918,4448600,5.145200004577637,4.884124999046326,-0.6841302773831104,4.624679640922036
2024-05-10,4.789999961853027,5.255000114440918,4.764999866485596,5.150000095367432,4914700,5.123000001907348,4.874274997711182,-6.500098378495833,-1.7289758148181567
2024-05-13,4.849999904632568,5.070000171661377,4.800000190734863,4.929999828338623,6830800,5.100200004577637,4.867224996089935,-4.905691928169564,-0.3538996342105527
2024-05-14,4.869999885559082,4.960000038146973,4.650000095367432,4.78000020980835,6504800,5.083600006103516,4.8589749956130985,-4.2017491598075996,0.22689744145498736
2024-05-15,5.199999809265137,5.230000019073486,4.840000152587891,5.059999942779541,8449100,5.085799999237061,4.851674995422363,2.2454640380118684,7.179475421816672
2024-05-16,5.829999923706055,5.909999847412109,4.949999809265137,5.059999942779541,18799700,5.094399995803833,4.849624996185303,14.439383018768105,20.215479099763623
2024-05-17,6.019999980926514,6.320000171661377,5.739999771118164,5.900000095367432,14717900,5.107599992752075,4.849274995326996,17.863575641576812,24.142268415952618
2024-05-20,6.360000133514404,6.65500020980835,5.909999847412109,6.059999942779541,14816400,5.127799997329712,4.8524249958992005,24.029801022394736,31.06848923763397
2024-05-21,7.400000095367432,7.840000152587891,6.389999866485596,6.420000076293945,22107800,5.17420000076294,4.86162499666214,43.01727985536501,52.21248246107157
2024-05-22,7.760000228881836,8.100000381469727,7.269999980926514,7.28000020980835,13820400,5.230800008773803,4.873524997234345,48.352072644064336,59.227668541466905
2024-05-23,7.070000171661377,7.840000152587891,7.059999942779541,7.78000020980835,10447700,5.274200010299682,4.8799249982833866,34.048768682544825,44.87927937721161
2024-05-24,7.829999923706055,8.15999984741211,7.050000190734863,7.110000133514404,18558400,5.339600009918213,4.891574997901916,46.640196066408876,60.07114123905861
2024-05-28,7.889999866485596,8.140000343322754,7.639999866485596,7.989999771118164,11335500,5.405400009155273,4.903524997234345,45.965143247901885,60.904652692413386
2024-05-29,7.739999771118164,7.801000118255615,7.239999771118164,7.579999923706055,7620600,5.468000001907349,4.913924996852875,41.55083702301199,57.51155697482664
2024-05-30,7.409999847412109,7.960000038146973,7.28000020980835,7.800000190734863,10222800,5.526400003433228,4.925224995613098,34.08366826159366,50.449976478479705
2024-05-31,7.789999961853027,7.920000076293945,7.349999904632568,7.539999961853027,8612100,5.568800001144409,4.938874995708465,39.88650984506812,57.72822694686521
2024-06-03,8.0,9.09000015258789,7.960000038146973,8.244999885559082,17610100,5.61579999923706,4.954524996280671,42.45521566093606,61.46855664277702
2024-06-04,8.890000343322754,9.390000343322754,8.022000312805176,8.25,24881300,5.692600002288819,4.975724997520447,56.16766222373537,78.66743736345774
2024-06-05,9.0600004196167,9.25,8.550000190734863,9.069999694824219,18461900,5.762200012207031,4.99897500038147,57.23161987475942,81.23716199671603
2024-06-06,10.270000457763672,10.510000228881836,8.87399959564209,9.050000190734863,21610900,5.8538000202178955,5.029025001525879,75.44160070882286,104.21454366696538
2024-06-07,10.529999732971191,11.494999885559082,10.199999809265137,10.25,25331000,5.957000017166138,5.060775001049041,76.76682394875198,108.07089291241839
2024-06-10,10.3100004196167,11.079999923706055,10.119999885559082,10.350000381469727,16384100,6.055200023651123,5.0900250029563905,70.26688432003351,102.55304077344296
2024-06-11,12.350000381469727,12.470000267028809,9.781000137329102,10.013999938964844,28005200,6.172800035476684,5.130275003910064,100.0712854861824,140.7278434792894
2024-06-12,13.550000190734863,13.6899995803833,12.34000015258789,13.010000228881836,37372600,6.32600004196167,5.177125005722046,114.19538572328332,161.72827922367438
2024-06-13,13.699999809265137,14.949999809265137,12.9399995803833,13.630000114440918,38754100,6.488800039291382,5.224075005054474,111.13302500166525,162.24737960327732
2024-06-14,13.220000267028809,13.789999961853027,12.510000228881836,13.470000267028809,20570000,6.6380000400543215,5.263975007534027,99.15637522232711,151.14101507145793
2024-06-17,14.449999809265137,14.739999771118164,12.869999885559082,12.90999984741211,21179900,6.815000038146973,5.3096250057220455,112.03227774587292,172.14727581877716
2024-06-18,13.949999809265137,14.255000114440918,13.520000457763672,14.0600004196167,14750900,6.985800037384033,5.3550750041008,99.69079754090674,160.50054945229584
2024-06-20,13.899999618530273,14.3100004196167,13.289999961853027,14.050000190734863,14197200,7.163600025177002,5.401825001239777,94.03651194480007,157.32043550726053
2024-06-21,13.279999732971191,13.449999809265137,12.699999809265137,13.369999885559082,18076400,7.331200017929077,5.446175000667572,81.14360132711992,143.8408558546756
2024-06-24,12.630000114440918,13.4399995803833,12.135000228881836,12.449999809265137,17260700,7.484400024414063,5.486875002384186,68.75100306293011,130.18567233539792
2024-06-25,12.989999771118164,13.989999771118164,12.6899995803833,13.0,19903200,7.651200017929077,5.529425001144409,69.7772864475986,134.92496540652348
2024-06-26,12.270000457763672,13.399999618530273,12.180000305175781,12.84000015258789,13644700,7.810000028610229,5.567425003051758,57.10627929340853,120.38914670674376
2024-06-27,11.789999961853027,12.5600004196167,11.40999984741211,12.420000076293945,14004600,7.958800029754639,5.60547500371933,48.13790920459275,110.33007825438803
2024-06-28,11.289999961853027,11.84000015258789,11.210000038146973,11.84000015258789,8332300,8.0946000289917,5.639925003051758,39.47569887847025,100.17996614749345
2024-07-01,12.619999885559082,12.880000114440918,11.520000457763672,11.59000015258789,15295500,8.253400030136108,5.68087500333786,52.906678938122,122.14887456851389
2024-07-02,14.390000343322754,14.510000228881836,12.180000305175781,12.4399995803833,20070400,8.44220004081726,5.7277750039100646,70.45320264561876,151.2319414344911
2024-07-03,14.350000381469727,14.949999809265137,13.460000038146973,13.9399995803833,16561500,8.619000043869018,5.777075006961822,66.49263613448244,148.3956044222529
2024-07-05,15.029999732971191,15.039999961853027,13.1899995803833,13.312999725341797,17740000,8.80800004005432,5.828425004482269,70.64032316782888,157.87412073437645
2024-07-08,14.630000114440918,15.75,14.229999542236328,15.418000221252441,20079200,8.99560004234314,5.8788250041008,62.63506653893152,148.85925511025926
2024-07-09,12.819999694824219,15.140000343322754,12.640000343322754,14.760000228881836,20093900,9.148600034713745,5.921875002384186,40.13072651749552,116.48548288612646
2024-07-10,12.899999618530273,13.859999656677246,12.8100004196167,13.550000190734863,17002400,9.30500002861023,5.9670750010013585,38.63513787067643,116.18631601522478
2024-07-11,11.199999809265137,13.90999984741211,10.234999656677246,13.229999542236328,48327800,9.435200023651124,6.003925000429153,18.704423660231974,86.54463219418254
2024-07-12,12.3100004196167,12.479999542236328,10.869999885559082,11.069999694824219,17891800,9.5946000289917,6.046575002670288,28.301340154044574,103.5863346469755
2024-07-15,11.994999885559082,13.140000343322754,11.850000381469727,12.949999809265137,29952300,9.74790002822876,6.088750002384185,23.052143034120043,97.00266689980988
2024-07-16,12.34000015258789,12.791000366210938,11.579999923706055,12.300000190734863,29612300,9.90330002784729,6.132400003671646,24.604930860307107,101.22627593111302
2024-07-17,11.260000228881836,12.920000076293945,11.069999694824219,11.989999771118164,22730200,10.033900032043457,6.169850004911423,12.219577561295258,82.50038850083017
2024-07-18,10.229999542236328,11.59000015258789,10.109999656677246,11.539999961853027,17682200,10.132500019073486,6.20245000243187,0.9622454772199251,64.93481669703631
2024-07-19,11.300000190734863,11.470000267028809,10.229999542236328,10.470000267028809,15062200,10.257100019454956,6.240950003862381,10.16759288007143,81.06218097792086
2024-07-22,11.579999923706055,12.029999732971191,10.84000015258789,11.5,16282800,10.38610001564026,6.282600003480911,11.495170528571075,84.31859289609538
2024-07-23,10.890000343322754,11.859999656677246,10.859999656677246,11.208999633789062,17630900,10.501700019836425,6.320450005531311,3.697499669128579,72.2978638197031
2024-07-24,10.204999923706055,11.489999771118164,10.175000190734863,11.239999771118164,16663500,10.610000019073487,6.355725004673004,-3.8171545206349466,60.56389973139016
2024-07-25,9.430000305175781,10.149999618530273,9.390000343322754,9.989999771118164,21595600,10.70160002708435,6.385575006008148,-11.882332723053713,47.67660385013335
2024-07-26,9.539999961853027,10.180000305175781,9.470000267028809,9.899999618530273,11678800,10.795000028610229,6.416875005960464,-11.625753250866577,48.670496978538246
2024-07-29,9.720000267028809,10.34000015258789,9.420000076293945,9.84000015258789,12869900,10.885400037765503,6.449125007390976,-10.70608123443777,50.71812464309915
2024-07-30,9.380000114440918,9.899999618530273,8.920000076293945,9.729999542236328,11997500,10.956400041580201,6.479925007820129,-14.387936924142508,44.75476341347946
2024-07-31,10.069999694824219,10.53499984741211,9.829999923706055,9.829999923706055,16315000,11.037400035858154,6.514775006771088,-8.764748381784282,54.57171866039936
2024-08-01,9.289999961853027,10.289999961853027,9.263999938964844,10.09000015258789,8168200,11.096000032424927,6.546025006771088,-16.276136132789965,41.91818626179433
2024-08-02,8.619999885559082,9.40999984741211,8.430000305175781,9.050000190734863,14920200,11.12040002822876,6.5725750064849855,-22.484803930816312,31.151031019865982
2024-08-05,8.380000114440918,8.470000267028809,6.03000020980835,6.25,21751200,11.132800025939941,6.59697500705719,-24.726932174159888,27.02791969768441
2024-08-06,7.920000076293945,8.65999984741211,7.659999847412109,8.625,17593800,11.149800024032594,6.620675007104873,-28.967335205806798,19.625265819493045
2024-08-07,6.760000228881836,8.09000015258789,6.710000038146973,7.940000057220459,19385600,11.128400030136108,6.63897500872612,-39.254518074696165,1.8229503800909486
2024-08-08,7.599999904632568,7.760000228881836,6.739999771118164,7.050000190734863,15100500,11.122600030899047,6.661275007724762,-31.670653592510277,14.09227056110447
2024-08-09,7.510000228881836,7.610000133514404,7.260000228881836,7.480000019073486,8051400,11.118000040054321,6.682825008630752,-32.45187801919505,12.377628011848296
2024-08-12,7.579999923706055,7.695000171661377,7.099999904632568,7.349999904632568,7488000,11.1214000415802,6.703225008249283,-31.843114217937618,13.079896831417326
2024-08-13,7.349999904632568,7.710000038146973,7.311999797821045,7.570000171661377,8877500,11.11260004043579,6.72312500834465,-33.8588640112316,9.324159457244207
2024-08-14,7.25,7.590000152587891,7.239999771118164,7.429999828338623,7438100,11.097600040435792,6.744075008630753,-34.670559638268415,7.501769934672842
2024-08-15,7.46999979019165,7.800000190734863,7.340000152587891,7.400000095367432,11441800,11.06920002937317,6.765425007343293,-32.51545034537907,10.41434621008439
2024-08-16,7.96999979019165,7.989999771118164,7.429999828338623,7.429999828338623,9127600,11.047400016784668,6.7902250063419345,-27.856330194592616,17.374605152963696
2024-08-19,8.119999885559082,8.3100004196167,7.78000020980835,8.0600004196167,10854700,11.004400005340576,6.815425006151199,-26.21133472412542,19.141504429004087
2024-08-20,8.130000114440918,8.550000190734863,7.829999923706055,8.359999656677246,8931500,10.95640001296997,6.840875006914139,-25.796793610886937,18.8444476214497
2024-08-21,8.680000305175781,8.75,8.133999824523926,8.229999542236328,11121300,10.923800010681152,6.866875008344651,-20.540468548594927,26.40393621010744
2024-08-22,8.100000381469727,8.739999771118164,8.055000305175781,8.600000381469727,11218700,10.838800010681153,6.8899250102043155,-25.26847645968614,17.562968674887316
2024-08-23,8.619999885559082,8.640000343322754,8.0,8.109999656677246,13611600,10.740200004577638,6.916325010061264,-19.740788049709444,24.63266074135413
2024-08-26,8.130000114440918,8.569999694824219,8.029999732971191,8.5,12423700,10.628800010681152,6.940325011014938,-23.509708468774715,17.14148979389085
2024-08-27,7.860000133514404,8.119999885559082,7.590000152587891,7.920000076293945,10886100,10.521600008010864,6.96422501206398,-25.29653163463721,12.86252411285811
2024-08-28,7.420000076293945,7.920000076293945,7.340000152587891,7.699999809265137,12007500,10.381000013351441,6.986475012302399,-28.523263011744817,6.205204530584552
2024-08-29,8.520000457763672,9.199999809265137,8.239999771118164,8.279999732971191,27835300,10.272400026321412,7.014275014400482,-17.05930030048958,21.466586928398137
2024-08-30,7.909999847412109,8.664999961853027,7.880000114440918,8.550000190734863,13744600,10.152600030899048,7.038875013589859,-22.088924774556972,12.375909959196353
2024-09-03,6.900000095367432,7.789999961853027,6.840000152587891,7.78000020980835,18314900,10.025000038146972,7.058825013637542,-31.17206913604329,-2.2500192023922283
2024-09-04,6.71999979019165,6.960000038146973,6.572000026702881,6.679999828338623,9955400,9.906800031661987,7.076875013113022,-32.16780626726461,-5.042836312074228
2024-09-05,6.769999980926514,7.059999942779541,6.659999847412109,6.75,13534300,9.782400035858155,7.096475013494492,-30.79407961123499,-4.600523949526503
2024-09-06,6.440000057220459,7.010000228881836,6.304999828338623,6.909999847412109,13726500,9.66580002784729,7.114525014162064,-33.37333651982517,-9.480955588727369
2024-09-09,7.130000114440918,7.170000076293945,6.539999961853027,6.579999923706055,13520700,9.572600030899048,7.135475014448166,-25.516577612913427,-0.07672789822908976
2024-09-10,7.53000020980835,7.579999923706055,6.989999771118164,7.130000114440918,12790500,9.497400035858155,7.158775016069412,-20.715141182026,5.1855965986588926
2024-09-11,7.53000020980835,7.71999979019165,6.980000019073486,7.360000133514404,12668000,9.39560004234314,7.180625016689301,-19.85610098479176,4.865526222397443
2024-09-12,7.389999866485596,7.659999847412109,7.315000057220459,7.5,9885100,9.255600032806397,7.199875016212463,-20.156447552921442,2.6406687594578315
2024-09-13,7.559999942779541,7.980000019073486,7.21999979019165,7.400000095367432,12753100,9.119800024032592,7.21867501616478,-17.103446096873288,4.7283597869475
2024-09-16,7.730000019073486,8.029999732971191,7.099999904632568,7.269999980926514,12676200,8.973800029754639,7.235475016832352,-13.860349089093305,6.834727520870287
2024-09-17,8.029999732971191,8.149999618530273,7.659999847412109,7.880000114440918,13982900,8.841800022125245,7.251425014734268,-9.181391652408422,10.736851262406022
2024-09-18,7.71999979019165,8.350000381469727,7.650000095367432,8.029999732971191,15578400,8.739800024032593,7.265350013971329,-11.66846187597782,6.257782148775015
2024-09-19,7.789999961853027,8.300000190734863,7.71999979019165,8.199999809265137,12919100,8.637600030899048,7.276450012922287,-9.81291175805692,7.057699125517591
2024-09-20,7.510000228881836,7.869999885559082,7.454999923706055,7.699999809265137,11951000,8.563800039291381,7.287100013494491,-12.30528276669971,3.058832937307998
2024-09-23,7.929999828338623,8.180000305175781,7.670000076293945,7.670000076293945,16804600,8.47620002746582,7.298950012922287,-6.443927672274363,8.64576157254271
2024-09-24,8.979999542236328,8.994999885559082,7.840000152587891,7.949999809265137,19792300,8.415900020599365,7.316850010156632,6.702783068432772,22.730403517511675
2024-09-25,8.729999542236328,9.329999923706055,8.6899995803833,8.859999656677246,15477900,8.343700008392334,7.331450008153915,4.629834886866058,19.07602906010366
2024-09-26,9.130000114440918,9.40999984741211,8.75,9.100000381469727,17668600,8.301100006103516,7.348000007867813,9.98542491631158,24.251498430389805
2024-09-27,8.850000381469727,9.375,8.739999771118164,9.359999656677246,14074900,8.273500022888184,7.3672000086307525,6.968034773514065,20.127054662583575
2024-09-30,8.4399995803833,8.73900032043457,8.300000190734863,8.510000228881836,11656600,8.216300010681152,7.383650006055832,2.7226314692907927,14.306604097717045
2024-10-01,7.730000019073486,8.5,7.610000133514404,8.411999702453613,14459000,8.139300012588501,7.393350006341934,-5.0286878832575095,4.553416413977129
2024-10-02,7.800000190734863,8.0,7.610000133514404,7.699999809265137,10142300,8.077500009536744,7.4030000078678135,-3.435466647777763,5.362693265502139
2024-10-03,7.840000152587891,7.849999904632568,7.46999979019165,7.639999866485596,7877300,8.03020001411438,7.412150007486344,-2.368556962369328,5.772281249966804
2024-10-04,8.680000305175781,8.739999771118164,7.980000019073486,8.079999923706055,11860600,8.015200014114379,7.425550009012222,8.294244558971965,16.893702077840178
2024-10-07,8.350000381469727,9.0,8.234999656677246,8.729999542236328,12754800,7.991400022506713,7.438700011968613,4.487328352392117,12.250801457712534
2024-10-08,8.050000190734863,8.40999984741211,7.880000114440918,8.220000267028809,13087800,7.958000020980835,7.451300011873245,1.1560714942381756,8.03484194580304
2024-10-09,7.510000228881836,8.069999694824219,7.480000019073486,8.029999732971191,13222000,7.920600023269653,7.450450013875962,-5.183948099658242,0.7992834646896041
2024-10-10,7.329999923706055,7.53000020980835,7.21999979019165,7.474999904632568,10808900,7.86580002784729,7.445250014066696,-6.811768697962606,-1.5479680352290859
2024-10-11,7.739999771118164,7.815000057220459,7.400000095367432,7.420000076293945,13875700,7.834800024032592,7.440000013113022,-1.2099894397257893,4.032254804790214
2024-10-14,8.529999732971191,8.65999984741211,7.888999938964844,8.109999656677246,26287500,7.833000020980835,7.434850009679795,8.898247288694371,14.729950461213992
2024-10-15,8.729999542236328,9.170000076293945,8.40999984741211,8.5600004196167,18515200,7.840000009536743,7.435800007581711,11.352034842053204,17.40498041011085
2024-10-16,9.350000381469727,9.380000114440918,8.765000343322754,9.100000381469727,19637100,7.868600015640259,7.446800009012223,18.82673363603333,25.55729132183251
2024-10-17,8.949999809265137,9.449999809265137,8.90999984741211,9.289999961853027,13642600,7.912400007247925,7.4575500071048735,13.113591338490838,20.01260200385373
2024-10-18,9.489999771118164,9.670000076293945,9.130000114440918,9.220000267028809,18430500,7.950200004577637,7.472300006151199,19.368063264495582,27.00239234647959
2024-10-21,9.619999885559082,9.699999809265137,8.800000190734863,9.130000114440918,21262200,7.992399997711182,7.486700006723404,20.36434473141988,28.49452865641573
2024-10-22,9.279999732971191,9.609999656677246,9.020000457763672,9.529999732971191,17578000,8.026399993896485,7.502150005102157,15.618455846057788,23.697869632837666
2024-10-23,8.680000305175781,9.210000038146973,8.420000076293945,9.029999732971191,20289900,8.053000001907348,7.513450006246567,7.7859220553821995,15.526160391822174
2024-10-24,9.239999771118164,9.414999961853027,8.829999923706055,8.829999923706055,18381500,8.092799997329712,7.529250005483627,14.175560673277253,22.72138346300867
2024-10-25,9.25,9.6899995803833,8.979999542236328,9.3100004196167,18557500,8.128400001525879,7.543250006437302,13.798533515372924,22.626188872252428
2024-10-28,10.899999618530273,10.960000038146973,9.680000305175781,9.699999809265137,23972900,8.186999998092652,7.567550004720688,33.13789692280049,44.03604352440065
2024-10-29,10.550000190734863,11.350000381469727,10.390000343322754,11.335000038146973,27092100,8.235600004196167,7.594550005197525,28.102387019275742,38.91540885917797
2024-10-30,10.319999694824219,10.84000015258789,10.0,10.210000038146973,11914700,8.279399995803834,7.6221000039577484,24.646709907174458,35.39575300069004
2024-10-31,9.119999885559082,10.369999885559082,9.109999656677246,10.1899995803833,16739100,8.288199987411499,7.644150003194809,10.035953517180562,19.306919431819814
2024-11-01,9.050000190734863,9.640000343322754,8.895000457763672,9.260000228881836,14840800,8.307199983596801,7.667750004529953,8.941643497264762,18.02680297855701
2024-11-04,8.510000228881836,8.829999923706055,8.329999923706055,8.800000190734863,13971200,8.304999990463257,7.688700004816055,2.4683954082358017,10.681912723234532
2024-11-05,8.9399995803833,9.095000267028809,8.520000457763672,8.699999809265137,14034400,8.321199979782104,7.711900001764297,7.4364226566442815,15.92473422033538
2024-11-06,11.039999961853027,11.140000343322754,9.510000228881836,9.989999771118164,25767000,8.384799976348877,7.746350001096726,31.666825601012683,42.51873411722924
2024-11-07,11.210000038146973,11.395000457763672,10.670000076293945,10.789999961853027,13696500,8.460599975585938,7.78240000128746,32.496514082863555,44.04296921634043
2024-11-08,10.989999771118164,11.470000267028809,10.529999732971191,11.130000114440918,16019000,8.509999961853028,7.817050000429154,29.142183553254952,40.59011737822858
2024-11-11,12.75,13.069999694824219,11.850000381469727,12.149999618530273,29870900,8.606799964904786,7.859450000524521,48.13868164694879,62.22509207576987
2024-11-12,12.399999618530273,12.40999984741211,11.654999732971191,12.119999885559082,18966300,8.716799955368042,7.899049998521805,42.254034531261865,56.9808979668537
2024-11-13,10.880000114440918,12.425000190734863,10.704000473022461,12.199999809265137,30569000,8.799999961853027,7.931799999475479,23.636365472777833,37.16937032149574
2024-11-14,10.329999923706055,11.510000228881836,10.199999809265137,11.307999610900879,17393800,8.871199960708617,7.96384999871254,16.444223661495627,29.711131241497934
2024-11-15,10.670000076293945,10.824999809265137,10.119999885559082,10.699999809265137,12962800,8.955799961090088,7.998449999094009,19.140669986505678,33.400847382962255
2024-11-18,10.25,10.970000267028809,10.020000457763672,10.569999694824219,12404400,9.018199958801269,8.030749999284744,13.659045561487716,27.63440526616956
2024-11-19,10.40999984741211,10.699999809265137,9.779999732971191,10.050000190734863,14893500,9.075799951553345,8.064549998044967,14.700631382145147,29.083455988687934
2024-11-20,10.100000381469727,10.911999702453613,9.899999618530273,10.711999893188477,17312900,9.127199954986573,8.09585000038147,10.658256982215807,24.755280557246273
2024-11-21,9.720000267028809,10.829999923706055,9.34000015258789,10.619999885559082,22627100,9.173799962997437,8.123850002288819,5.953915566444357,19.64770723598157
2024-11-22,10.779999732971191,11.0,9.550000190734863,9.680000305175781,15088000,9.23819995880127,8.152250001430511,16.68939599755084,32.23342918923704
2024-11-25,10.40999984741211,11.140000343322754,10.204999923706055,10.989999771118164,16393600,9.291799955368042,8.174600000381469,12.034265668817623,27.345678650041894
2024-11-26,9.5600004196167,10.364999771118164,9.510000228881836,9.989999771118164,17683600,9.322399969100951,8.187750003337861,2.5487047466668855,16.759798671422786
2024-11-27,12.399999618530273,12.699999809265137,10.609999656677246,10.699999809265137,44547500,9.415999965667725,8.215150001049041,31.690735596247865,50.94063549596592
2024-11-29,13.510000228881836,13.760000228881836,12.199999809265137,12.515000343322754,19269900,9.5303999710083,8.241200001239777,41.756907055103376,63.93243977636072
2024-12-02,12.619999885559082,13.859999656677246,12.4399995803833,13.350000381469727,16802600,9.632599964141846,8.26560000181198,31.013432848224575,52.68098967760999
2024-12-03,12.930000305175781,13.4399995803833,12.119999885559082,12.130000114440918,15380400,9.732599973678589,8.296200003623962,32.8524786813845,55.854491207151135
2024-12-04,14.270000457763672,14.510000228881836,12.65999984741211,12.819999694824219,38666400,9.838399991989135,8.333200006484985,45.04391434972093,71.24274524382716
2024-12-05,14.149999618530273,15.4399995803833,13.829999923706055,15.010000228881836,26996200,9.946799993515015,8.370750005245208,42.2568024666788,69.04100122048469
2024-12-06,15.390000343322754,15.920000076293945,14.180000305175781,14.1899995803833,21809300,10.071999998092652,8.414550006389618,52.7998445813858,82.89748508994901
2024-12-09,14.510000228881836,15.789999961853027,14.329999923706055,15.369999885559082,16356900,10.185199995040893,8.456200008392335,42.461613281493335,71.59007845700695
2024-12-10,13.359999656677246,14.529999732971191,13.020000457763672,14.300000190734863,17655100,10.283599996566773,8.48845000743866,29.915590465766307,57.39033209796269
2024-12-11,13.609999656677246,14.149999618530273,13.255000114440918,13.859999656677246,18948900,10.401199989318847,8.522650005817413,30.850283338975927,59.69211040447861
2024-12-12,13.430000305175781,14.920000076293945,13.300000190734863,14.199999809265137,14455700,10.513799991607666,8.559550006389617,27.736882153891894,56.9007751009156
2024-12-13,13.109999656677246,13.670000076293945,12.914999961853027,13.350000381469727,10457200,10.619199981689453,8.595600004196166,23.45562452239949,52.51988983057912
2024-12-16,13.90999984741211,14.845000267028809,13.010000228881836,13.34000015258789,15509100,10.723799972534179,8.635200004577637,29.71148177920544,61.08486010790983
2024-12-17,13.729999542236328,14.289999961853027,13.300000190734863,14.100000381469727,12172800,10.83139995574951,8.675350003242492,26.761079808046297,58.26450272443895
2024-12-18,12.130000114440918,14.25,11.899999618530273,13.680000305175781,18783800,10.912999954223633,8.710550003051758,11.151838773226363,39.25642020528153
2024-12-19,11.414999961853027,12.84000015258789,11.324999809265137,12.65999984741211,15101600,10.991099948883056,8.740625002384185,3.856756966467678,30.597067815394794
2024-12-20,11.8100004196167,12.119999885559082,11.052000045776367,11.119999885559082,14505100,11.080699958801269,8.772875003814697,6.581718334825548,34.61949947401932
2024-12-23,11.25,11.770000457763672,10.710000038146973,11.760000228881836,12753700,11.150899963378906,8.802375004291534,0.8887178339555657,27.806415819766194
2024-12-24,11.8100004196167,11.9399995803833,11.4399995803833,11.880000114440918,5974100,11.216499977111816,8.836025006771088,5.291315862488033,33.657390179030045
2024-12-26,11.34000015258789,11.619999885559082,11.170000076293945,11.479999542236328,6451400,11.268699989318847,8.868075008392333,0.6327274959545104,27.87442756016658
2024-12-27,10.710000038146973,11.404999732971191,10.630000114440918,11.300000190734863,9798600,11.295899982452392,8.897125008106231,-5.186837217181317,20.37596446480203
2024-12-30,9.9399995803833,10.489999771118164,9.805000305175781,10.270000457763672,11506900,11.315699977874756,8.92402500629425,-12.157448502357958,11.384712317283597
2024-12-31,9.819999694824219,10.279999732971191,9.770000457763672,10.180000305175781,13488200,11.322299976348877,8.950125005245209,-13.268508029842074,9.71913452682751
2025-01-02,10.460000038146973,11.020000457763672,10.109999656677246,10.3100004196167,12118500,11.339099979400634,8.979375004768372,-7.752819384701548,16.489176948198914
2025-01-03,11.34000015258789,11.630000114440918,10.239999771118164,10.420000076293945,12106600,11.380299987792968,9.01362500667572,-0.35411926968801355,25.809539937474636
2025-01-06,11.770000457763672,12.020000457763672,11.34000015258789,11.720000267028809,20376500,11.442099990844726,9.04412500858307,2.8657367719327143,30.139736531656602
2025-01-07,11.380000114440918,12.399999618530273,11.204999923706055,11.649999618530273,15144100,11.484899997711182,9.072775008678436,-0.9133721955887242,25.430203036618227
2025-01-08,10.510000228881836,11.270000457763672,10.232000350952148,11.0,14441700,11.510100002288818,9.10007500886917,-8.688888656120353,15.493556027159293
2025-01-10,11.0,11.15999984741211,10.220000267028809,10.529999732971191,11952200,11.512100009918212,9.12717500925064,-4.448363109050602,20.51921858462449
2025-01-13,10.460000038146973,10.588000297546387,9.970000267028809,10.319999694824219,10331500,11.510300006866455,9.151025009155273,-9.124870490716376,14.304135631605398
2025-01-14,10.970000267028809,11.399999618530273,10.725000381469727,11.149999618530273,9788900,11.523300018310547,9.179025011062622,-4.801573771424361,19.511606666369154
2025-01-15,11.550000190734863,11.949999809265137,11.289999961853027,11.649999618530273,12268900,11.571900024414063,9.20977501153946,-0.18925011132999714,25.41023180548059
2025-01-16,11.449999809265137,11.670000076293945,11.140000343322754,11.539999961853027,7318400,11.619900016784667,9.234675011634828,-1.4621486180958043,23.98920151320114
2025-01-17,11.989999771118164,12.600000381469727,11.800000190734863,12.029999732971191,17125400,11.689500007629395,9.26517501115799,2.5706810667063706,29.409317759013586
2025-01-21,10.8100004196167,11.399999618530273,10.09000015258789,11.220000267028809,29293600,11.726900024414062,9.291425013542176,-7.818772249174833,16.343837504593893
2025-01-22,11.65999984741211,11.920000076293945,10.699999809265137,10.770000457763672,18511800,11.739300022125244,9.320925011634827,-0.6755102481721731,25.094878811464927
2025-01-23,12.279999732971191,12.539999961853027,11.25,11.300000190734863,21953500,11.760700016021728,9.35432501077652,4.415551083200975,31.276171384083696
2025-01-24,13.319999694824219,13.625,11.989999771118164,12.5,22650500,11.80730001449585,9.39387501001358,12.811563003152493,41.79451696584753
2025-01-27,10.09000015258789,11.670000076293945,9.680000305175781,11.640000343322754,47261800,11.754100017547607,9.419275009632111,-14.157611918185097,7.120772482700621
2025-01-28,10.079999923706055,10.399999618530273,9.390000343322754,10.380000114440918,22408800,11.707700023651123,9.445175008773804,-13.902816920974193,6.721155662468403
2025-01-29,9.979999542236328,10.220000267028809,9.550000190734863,10.0649995803833,13118400,11.689700012207032,9.470225007534028,-14.625700130759045,5.382918930614111
2025-01-30,10.300000190734863,10.739999771118164,10.0649995803833,10.25,14453700,11.689100017547608,9.498475008010864,-11.88371923182654,8.4384617746323
2025-01-31,10.220000267028809,10.8100004196167,10.09000015258789,10.739999771118164,13103000,11.680100021362305,9.527925009727477,-12.500747011267443,7.263651388888581
2025-02-03,10.680000305175781,10.890000343322754,9.270000457763672,9.319999694824219,21458000,11.68870002746582,9.559575011730194,-8.62969979484307,11.720450878524979
2025-02-04,10.680000305175781,11.0,10.470000267028809,10.720000267028809,12914100,11.694100036621094,9.590475013256073,-8.671892050432028,11.360493514802483
2025-02-05,11.069999694824219,11.175000190734863,10.75,10.75,15429600,11.713500022888184,9.6224250125885,-5.493663950199046,15.043761633288222
2025-02-06,11.59000015258789,11.989999771118164,11.220000267028809,11.220000267028809,14900400,11.750900020599365,9.655625014305114,-1.369255697260774,20.033660538980524
2025-02-07,12.470000267028809,12.625,11.760000228881836,11.989999771118164,18093300,11.784700031280517,9.69042501449585,5.815169108498952,28.683729025042858
2025-02-10,12.859999656677246,13.15999984741211,12.5,12.630000114440918,11304500,11.83370002746582,9.726825013160706,8.672685861813312,32.21168921284443
2025-02-11,12.420000076293945,12.979999542236328,12.220000267028809,12.720000267028809,8896300,11.890900020599366,9.762675013542175,4.449621599525555,27.219230990130217
2025-02-12,13.010000228881836,13.170000076293945,11.970000267028809,12.020000457763672,13859800,11.903100032806396,9.801875014305114,9.299259798075198,32.72970946777733
2025-02-13,13.079999923706055,13.170000076293945,12.149999618530273,12.899999618530273,21864000,11.89450002670288,9.841875014305115,9.966790485869549,32.90150408021175
2025-02-14,13.010000228881836,13.319999694824219,12.829999923706055,13.03499984741211,14108700,11.902300033569336,9.883475015163421,9.306606220548419,31.633865709395103
2025-02-18,12.970000267028809,13.5,12.529999732971191,12.960000038146973,13439100,11.903100032806396,9.926625015735626,8.963213207331755,30.65871075485216
2025-02-19,13.0,13.619999885559082,12.970000267028809,13.109999656677246,12940900,11.877700023651123,9.969975016117097,9.448798791972601,30.391500269405647
2025-02-20,12.359999656677246,13.300000190734863,12.09000015258789,13.300000190734863,11855500,11.841900024414063,10.008925013542175,4.375139388063021,23.489781769311335
2025-02-21,10.880000114440918,12.739999771118164,10.819999694824219,12.5600004196167,18536900,11.751700019836425,10.039675014019013,-7.417649394760851,8.37004284748768
2025-02-24,10.15999984741211,11.010000228881836,10.020000457763672,10.96500015258789,11822100,11.664700012207032,10.063975012302398,-12.899604475213799,0.9541442123249366
2025-02-25,8.779999732971191,9.90999984741211,8.579999923706055,9.645000457763672,29434100,11.57310001373291,10.082525010108947,-24.134417549726184,-12.918641667953379
2025-02-26,8.489999771118164,9.09000015258789,8.369999885559082,8.592000007629395,15639000,11.470700016021729,10.099325008392334,-25.98533865187185,-15.93497818851115
2025-02-27,7.860000133514404,8.890000343322754,7.800000190734863,8.770000457763672,22481900,11.3593000125885,10.113075008392334,-30.80559431651716,-22.278830850243036
2025-02-28,8.239999771118164,8.510000228881836,7.630000114440918,7.71999979019165,15303400,11.26190001487732,10.13032500743866,-26.832952164085377,-18.660065051540176
2025-03-03,7.570000171661377,8.960000038146973,7.480000019073486,8.90999984741211,16859500,11.135100021362305,10.143925008773804,-32.01677436988808,-25.374052301117743
2025-03-04,7.539999961853027,7.880000114440918,6.889999866485596,7.150000095367432,19717100,11.011300029754638,10.157275009155274,-31.524888600996192,-25.76749221561061
2025-03-05,8.0600004196167,8.164999961853027,7.610000133514404,7.760000228881836,12450600,10.929900035858154,10.17157501220703,-26.257327210917403,-20.759563686609063
2025-03-06,7.619999885559082,8.289999961853027,7.454999923706055,7.570000171661377,15600700,10.854000034332275,10.180525012016297,-29.795468385330114,-25.15120903327649
2025-03-07,7.699999809265137,7.829999923706055,7.199999809265137,7.505000114440918,14040700,10.771800022125245,10.18892501115799,-28.517055706108906,-24.427750711357742
2025-03-10,6.619999885559082,7.380000114440918,6.429999828338623,7.269999980926514,15279100,10.679200019836426,10.190225009918214,-38.01033903979185,-35.0357830262257
2025-03-11,7.050000190734863,7.179999828338623,6.460000038146973,6.769999980926514,10740400,10.58400001525879,10.18847501039505,-33.39002096966188,-30.80416663394746
2025-03-12,7.039999961853027,7.400000095367432,6.684999942779541,7.329999923706055,10040300,10.498000011444091,10.184875009059907,-32.93960798077181,-30.877895353741415
2025-03-13,6.75,7.264999866485596,6.724999904632568,7.159999847412109,11623800,10.418800010681153,10.1832750082016,-35.21326838906563,-33.714841300430784
2025-03-14,7.210000038146973,7.295000076293945,6.849999904632568,6.920000076293945,11249600,10.364200019836426,10.180175008773803,-30.433607761838953,-29.176069842286402
2025-03-17,7.349999904632568,7.474999904632568,6.909999847412109,7.230000019073486,9791200,10.314800024032593,10.177475008964539,-28.743166251331065,-27.781695379664107
2025-03-18,6.590000152587891,7.14300012588501,6.579999923706055,7.099999904632568,11908600,10.237400026321412,10.171725010871887,-35.62818551932795,-35.21256084347273
2025-03-19,7.199999809265137,7.400000095367432,6.730000019073486,6.730000019073486,14726400,10.154600019454955,10.170675010681153,-29.09617517705444,-29.208240340943348
2025-03-20,7.210000038146973,7.46999979019165,7.073999881744385,7.119999885559082,10067800,10.063400011062622,10.167775011062622,-28.354233855147648,-29.08969730051625
2025-03-21,7.150000095367432,7.190000057220459,6.900000095367432,6.989999771118164,8308800,9.978800010681152,10.163525011539459,-28.348097088686185,-29.650391106929263
2025-03-24,7.690000057220459,7.730000019073486,7.400000095367432,7.400000095367432,14158800,9.922400007247925,10.157525010108948,-22.498588530968167,-24.292580627985306
2025-03-25,7.400000095367432,7.670000076293945,7.230000019073486,7.670000076293945,11561700,9.850400009155273,10.1492250084877,-24.876146263201104,-27.08802801022855
2025-03-26,6.710000038146973,7.389999866485596,6.659999847412109,7.349999904632568,14025200,9.775400009155273,10.131425006389618,-31.358307262489127,-33.77042189114409
2025-03-27,6.460000038146973,6.769999980926514,6.300000190734863,6.510000228881836,9697300,9.685200004577636,10.111075007915497,-33.30029286856541,-36.10966160284901
2025-03-28,6.070000171661377,6.394999980926514,5.965000152587891,6.320000171661377,13708500,9.575600004196167,10.08987500667572,-36.60971459750392,-39.84068021015812
2025-03-31,6.090000152587891,6.139999866485596,5.659999847412109,5.800000190734863,11729900,9.468400011062622,10.058575005531312,-35.68078930471358,-39.45464293660943
2025-04-01,6.639999866485596,6.677999973297119,5.909999847412109,6.177999973297119,15518400,9.361400012969971,10.024025003910065,-29.0704397068168,-33.75914501514576
2025-04-02,6.760000228881836,6.78000020980835,6.409999847412109,6.420000076293945,14876100,9.280400009155274,9.989325006008148,-27.158309747284825,-32.32775763311347
2025-04-03,6.039999961853027,6.289999961853027,5.949999809265137,6.03000020980835,10325200,9.168000011444091,9.95342500448227,-34.11867414579507,-39.317371064401776
2025-04-04,5.940000057220459,6.014999866485596,5.150000095367432,5.760000228881836,20376600,9.041200017929077,9.910875005722046,-34.300756034141585,-40.06583622746731
2025-04-07,5.880000114440918,6.420000076293945,5.230000019073486,5.239999771118164,13632000,8.892400026321411,9.870525007247926,-33.87611784179547,-40.42869948535428
2025-04-08,5.300000190734863,6.199999809265137,5.190000057220459,6.175000190734863,16667900,8.79660002708435,9.827525010108948,-39.74944666784448,-46.06983767242423
2025-04-09,5.900000095367432,6.179999828338623,5.125,5.28000020980835,27012200,8.713000030517579,9.790625011920929,-32.2850903856022,-39.73826912803142
2025-04-10,5.489999771118164,5.784999847412109,5.28000020980835,5.710000038146973,13388000,8.623200035095214,9.754925010204316,-36.33454229549778,-43.72073834114306
2025-04-11,5.630000114440918,5.670000076293945,5.380000114440918,5.559999942779541,11933600,8.529800033569336,9.718125011920929,-33.99610668147144,-42.067012849343186
2025-04-14,5.75,5.929999828338623,5.59499979019165,5.889999866485596,10927400,8.44040002822876,9.68552500963211,-31.875266802885736,-40.63305815346395
2025-04-15,5.449999809265137,5.78000020980835,5.269999980926514,5.769999980926514,14528200,8.335800018310547,9.653825008869171,-34.6193551033664,-43.54569505602072
2025-04-16,5.46999979019165,5.570000171661377,5.239999771118164,5.289999961853027,12434900,8.231600008010865,9.624725008010865,-33.5487659158811,-43.1672096019486
2025-04-17,5.590000152587891,5.644999980926514,5.360000133514404,5.460000038146973,7353300,8.122000017166137,9.589575009346008,-31.174585806781263,-41.707529821291644
2025-04-21,5.510000228881836,5.820000171661377,5.454999923706055,5.590000152587891,9716500,8.000400018692016,9.545175008773803,-31.128440877851695,-42.274497598869445
2025-04-22,6.059999942779541,6.179999828338623,5.630000114440918,5.679999828338623,23560800,7.872200012207031,9.503725006580353,-23.02024931553316,-36.235529346823334
2025-04-23,6.099999904632568,6.550000190734863,5.989999771118164,6.480000019073486,19930200,7.737000017166138,9.45907500743866,-21.15807301152315,-35.5116657830126
2025-04-24,6.300000190734863,6.349999904632568,6.010000228881836,6.079999923706055,13092300,7.614600019454956,9.41742500782013,-17.264200685017606,-33.102730465032536
2025-04-25,6.539999961853027,6.639999866485596,6.21999979019165,6.369999885559082,14578600,7.48520001411438,9.386025009155274,-12.62758577565124,-30.32194187130537
2025-04-28,6.389999866485596,6.5960001945495605,6.125,6.559999942779541,10517100,7.351400012969971,9.35347501039505,-13.077783072451377,-31.683146003126915
2025-04-29,6.269999980926514,6.429999828338623,6.239999771118164,6.329999923706055,5299200,7.2166000080108645,9.328825011253358,-13.116980656175581,-32.78896352581364
2025-04-30,6.110000133514404,6.114999771118164,5.724999904632568,6.039999961853027,12746600,7.079400005340577,9.297825009822846,-13.693249019618525,-34.285705236876474
2025-05-01,6.369999885559082,6.519999980926514,6.230000019073486,6.400000095367432,19118000,6.946800003051758,9.269700009822845,-8.30310527493644,-31.28148830265306
2025-05-02,6.53000020980835,6.630000114440918,6.369999885559082,6.440000057220459,18465700,6.8302000141143795,9.240650010108947,-4.395183211116471,-29.333973230619502
2025-05-05,6.190000057220459,6.369999885559082,6.130000114440918,6.300000190734863,8130100,6.736400012969971,9.21530000925064,-8.111156622194304,-32.82909887896519
2025-05-06,6.5,6.53000020980835,6.010000228881836,6.059999942779541,9057200,6.663200016021729,9.19665001153946,-2.4492738568452466,-29.32209019758116
2025-05-07,6.570000171661377,6.635000228881836,6.360000133514404,6.539999961853027,8276300,6.6190000247955325,9.173000011444092,-0.7402908740081093,-28.37675609435575
2025-05-08,6.889999866485596,7.090000152587891,6.760000228881836,6.869999885559082,17071900,6.5870000267028805,9.14955001115799,4.599967186190845,-24.695751615290863
2025-05-09,7.039999961853027,7.25,6.769999980926514,6.954999923706055,18715600,6.5706000232696535,9.130300009250641,7.143943276428377,-22.894100361212256
2025-05-12,7.510000228881836,7.760000228881836,7.290999889373779,7.445000171661377,20827900,6.556000032424927,9.11682501077652,14.55155875135108,-17.62482859981782
2025-05-13,8.119999885559082,8.220000267028809,7.53000020980835,7.807000160217285,23967700,6.567000026702881,9.110275008678435,23.648543513649443,-10.869870801660964
2025-05-14,7.96999979019165,8.234999656677246,7.9120001792907715,8.225000381469727,20614500,6.575600023269653,9.102425007820129,21.205665824981935,-12.440917850524258
2025-05-15,7.75,7.789999961853027,7.349999904632568,7.78000020980835,20239700,6.56940001487732,9.092575006484985,17.971199537995062,-14.765619261072215
2025-05-16,8.40999984741211,8.619999885559082,7.849999904632568,7.869999885559082,25155400,6.58520001411438,9.087725005149842,27.710621232256383,-7.45758875135063
2025-05-19,8.539999961853027,8.720000267028809,8.109999656677246,8.1850004196167,15926200,6.602000017166137,9.080075006484986,29.354740073429486,-5.947913913114567
2025-05-20,8.609999656677246,8.649999618530273,8.270000457763672,8.579999923706055,13335200,6.641800012588501,9.076675004959107,29.63352766356,-5.141479099195346
2025-05-21,8.890000343322754,9.130000114440918,8.329999923706055,8.479999542236328,20713900,6.678600015640259,9.078025007247925,33.11173483220635,-2.0712067192484196
2025-05-22,9.279999732971191,9.670000076293945,9.1899995803833,9.350000381469727,21381600,6.723400011062622,9.082525005340576,38.02539961480744,2.1742271836796334
2025-05-23,9.119999885559082,9.220000267028809,8.779999732971191,8.949999809265137,15027900,6.770800008773803,9.088525004386902,34.69604586963306,0.3463145137080792
2025-05-27,9.239999771118164,9.430000305175781,8.869999885559082,9.430000305175781,18897300,6.811400003433228,9.100925002098084,35.65492800981915,1.5281388319101419
2025-05-28,8.859999656677246,9.220000267028809,8.720000267028809,9.220000267028809,10761900,6.841599998474121,9.107225000858307,29.501865918108173,-2.71460674527928
2025-05-29,8.600000381469727,9.048999786376953,8.5600004196167,9.039999961853027,9431800,6.881800003051758,9.112675001621247,24.96731055328587,-5.625950887750408
2025-05-30,8.390000343322754,8.5600004196167,8.279999732971191,8.369999885559082,11744500,6.9056000137329105,9.11672500371933,21.495602505761568,-7.971334663490404
2025-06-02,8.729999542236328,8.774999618530273,8.3149995803833,8.359999656677246,10105000,6.936000003814697,9.12362500190735,25.865045234068027,-4.3143537748288825
2025-06-03,8.890000343322754,8.949999809265137,8.609999656677246,8.845000267028809,13802100,6.970800008773804,9.131825003623963,27.531995353952876,-2.6481525894904934
2025-06-04,9.430000305175781,9.53499984741211,8.699999809265137,8.819999694824219,13650700,7.00560001373291,9.141625006198883,34.60660452624153,3.1545299526216874
2025-06-05,8.949999809265137,9.710000038146973,8.819999694824219,9.699999809265137,14140500,7.036600008010864,9.146525006294251,27.192106970354303,-2.1486323701501275
2025-06-06,9.75,10.0,9.079999923706055,9.170000076293945,26504500,7.097400007247924,9.154675006866455,37.374249584963756,6.502961521703643
2025-06-09,10.34000015258789,10.399999618530273,9.869999885559082,10.279999732971191,19349600,7.175000009536743,9.16572500705719,44.111500192952576,12.811590404758611
2025-06-10,10.489999771118164,10.600000381469727,10.210000038146973,10.569999694824219,14165200,7.263400001525879,9.174775004386902,44.422718959639404,14.335226379964517
2025-06-11,10.300000190734863,10.489999771118164,9.920000076293945,10.020000457763672,28921400,7.347600002288818,9.185775003433228,40.18183063212963,12.129898532080174
2025-06-12,10.170000076293945,10.5,9.899999618530273,10.0,13934100,7.418200006484986,9.193525004386903,37.09525312614028,10.621334813807493
2025-06-13,9.829999923706055,10.390000343322754,9.699999809265137,9.850000381469727,14358100,7.4796000003814695,9.202025003433228,31.42413930162993,6.824312257775134
2025-06-16,10.399999618530273,10.40999984741211,9.899999618530273,10.100000381469727,14675600,7.566799993515015,9.214725000858307,37.44250710265105,12.86283223386009
2025-06-17,9.770000457763672,10.329999923706055,9.520000457763672,10.319999694824219,15897900,7.643400001525879,9.226475002765655,27.822702669142686,5.890932938474269
2025-06-18,9.800000190734863,10.095000267028809,9.633000373840332,9.710000038146973,12109900,7.721800003051758,9.23287500143051,26.91341639076088,6.142454968972122
2025-06-20,10.470000267028809,10.899999618530273,10.1899995803833,10.244999885559082,31972100,7.825200004577637,9.245675003528595,33.798500497163,13.242140384914602
2025-06-23,10.65999984741211,10.819999694824219,9.824999809265137,10.720000267028809,27106000,7.92039999961853,9.264475002288819,34.58916024349183,15.06318323249316
2025-06-24,11.539999961853027,11.619999885559082,10.920000076293945,11.069999694824219,31954800,8.041400003433228,9.288575003147125,43.50734893085897,24.23864756373375
2025-06-25,11.869999885559082,12.234999656677246,11.75,11.979999542236328,26053200,8.166199998855591,9.314075002670288,45.35524340847077,27.44153211302278
2025-06-26,13.109999656677246,13.295000076293945,11.600000381469727,11.890000343322754,34235700,8.313399991989137,9.347425000667572,57.69720775266622,40.2525257569968
2025-06-27,14.0,14.289999961853027,13.09000015258789,13.390000343322754,37868700,8.484399995803834,9.381775000095367,65.00872197119467,49.22549304217687
2025-06-30,14.569999694824219,15.140000343322754,14.140000343322754,14.529999732971191,33223300,8.666399993896484,9.416974997520446,68.12055415265259,54.720594444188265
2025-07-01,15.229999542236328,16.229999542236328,13.989999771118164,14.0,41763600,8.859199981689454,9.455474994182588,71.91168021620797,61.07069768157047
2025-07-02,15.65999984741211,15.899999618530273,14.609999656677246,15.300000190734863,33730400,9.062199974060059,9.49682499408722,72.8057192760898,64.89721414432843
2025-07-03,16.81999969482422,18.540000915527344,15.789999961853027,15.970000267028809,42840900,9.277399969100951,9.543124992847442,81.30079279587426,76.25253475597127
2025-07-07,16.950000762939453,17.899999618530273,15.180000305175781,16.334999084472656,50888900,9.49439998626709,9.589224996566772,78.52629747489371,76.76090371232355
2025-07-08,16.889999389648438,18.299999237060547,16.809999465942383,17.459999084472656,28538800,9.706199970245361,9.63352499485016,74.01248110924175,75.3252251764272
2025-07-09,16.959999084472656,17.3799991607666,16.55500030517578,17.3700008392334,25177400,9.914599952697754,9.679724991321564,71.0608513241914,75.21157987110463
2025-07-10,17.030000686645508,17.665000915527344,16.584999084472656,16.8700008392334,22972800,10.127399969100953,9.725924994945526,68.1576785611769,75.09903372168552
2025-07-11,16.229999542236328,17.91699981689453,16.219999313354492,17.614999771118164,23514100,10.32659996032715,9.769524991512299,57.16692429830659,66.12885023925779
2025-07-14,17.280000686645508,18.635000228881836,16.719999313354492,16.7450008392334,42183400,10.54999997138977,9.816274995803832,63.79147614698224,76.03419519147741
2025-07-15,16.8799991607666,17.389999389648438,16.31999969482422,17.329999923706055,20618700,10.76019995689392,9.855774993896484,56.87440036792071,71.27013523766625
2025-07-16,17.309999465942383,17.815000534057617,16.799999237060547,17.135000228881836,20100200,10.975799942016602,9.898674993515014,57.71059565032477,74.87188413886506
2025-07-17,18.049999237060547,18.360000610351562,16.950000762939453,17.350000381469727,25370500,11.212999925613403,9.943274989128113,60.97386387945711,81.52971990411864
2025-07-18,17.940000534057617,18.860000610351562,17.264999389648438,18.469999313354492,27280400,11.441799936294556,9.988724989891052,56.79351705102014,79.6025073491716
2025-07-21,18.149999618530273,21.540000915527344,18.09000015258789,18.469999313354492,70400200,11.673399925231934,10.037274990081787,55.48169115065815,80.82596757053062
2025-07-22,18.59000015258789,18.975000381469727,17.489999771118164,18.975000381469727,39521600,11.907399930953979,10.09157499074936,56.12140568372197,84.21307050315517
2025-07-23,18.989999771118164,19.020000457763672,17.920000076293945,18.489999771118164,34218600,12.146399927139282,10.147524988651275,56.34261908903477,87.13922648484316
2025-07-24,18.139999389648438,19.360000610351562,17.920000076293945,19.125,40214700,12.358999910354614,10.199024984836578,46.77562522231584,77.86013287170215
2025-07-25,17.719999313354492,18.049999237060547,17.3700008392334,18.020000457763672,20278500,12.550999898910522,10.244224979877472,41.18396507112283,72.97549934877001
2025-07-28,16.579999923706055,17.84000015258789,16.34000015258789,17.84000015258789,24461500,12.723199901580811,10.285374977588653,30.313129181017185,61.19976140717371
2025-07-29,15.789999961853027,16.399999618530273,15.279999732971191,16.30500030517578,24144200,12.883999900817871,10.324074976444244,22.55510775695275,52.9434840204088
2025-07-30,16.139999389648438,16.45800018310547,15.539999961853027,15.994999885559082,15319600,13.038599891662598,10.367224972248078,23.786292422156464,55.6829280048754
2025-07-31,16.110000610351562,17.094999313354492,16.079999923706055,16.75,22905900,13.189999904632568,10.411124975681306,22.137988831170773,54.73832701059591
2025-08-01,15.399999618530273,15.869999885559082,14.720000267028809,15.295000076293945,23781300,13.32579990386963,10.449424974918365,15.565292362361859,47.37652699066901
2025-08-04,16.479999542236328,16.485000610351562,15.489999771118164,15.744999885559082,11044400,13.4775998878479,10.48917497396469,22.27696087858748,57.114354400050885
2025-08-05,16.450000762939453,16.479999542236328,15.90999984741211,16.389999389648438,8329300,13.620999908447265,10.527774980068207,20.76940660382607,56.253346923576416
2025-08-06,18.31999969482422,18.469999313354492,16.65999984741211,16.90999984741211,26736000,13.804999904632568,10.572624976634978,32.705540176617774,73.2776839745152
2025-08-07,18.56999969482422,18.959999084472656,17.600000381469727,18.700000762939453,21241000,13.991599903106689,10.620724976062775,32.72248937522109,74.84681824148254
2025-08-08,18.450000762939453,19.059999465942383,18.1299991607666,18.815000534057617,12842900,14.183399925231933,10.665524981021882,30.08165080445442,72.98727250434631
2025-08-11,17.969999313354492,19.84000015258789,17.940000534057617,19.06999969482422,18186500,14.37079990386963,10.707274978160859,25.045226664910313,67.82981057278421
2025-08-12,17.829999923706055,18.600000381469727,17.709999084472656,17.969999313354492,13768300,14.559599895477294,10.750024979114533,22.46215590886298,65.86007900769259
2025-08-13,17.729999542236328,18.424999237060547,17.610000610351562,17.959999084472656,17062100,14.739599895477294,10.795274975299835,20.28820095501107,64.23851715499154
2025-08-14,19.079999923706055,19.3799991607666,17.559999465942383,17.625,36247900,14.943399887084961,10.844474976062775,27.681786393176864,75.9421268970763
2025-08-15,19.690000534057617,20.34000015258789,18.079999923706055,19.1299991607666,25690200,15.148599891662597,10.896674978733063,29.979012416153992,80.69732806095809
2025-08-18,20.704999923706055,21.219999313354492,19.139999389648438,19.924999237060547,25197700,15.383699893951416,10.945699980258942,34.59050856710273,89.16104005270056
2025-08-19,18.729999542236328,20.920000076293945,18.549999237060547,20.899999618530273,26783300,15.563299884796143,10.986599977016448,20.34722508003426,70.48039959058106
2025-08-20,19.760000228881836,19.780000686645508,17.219999313354492,18.575000762939453,24060100,15.751699886322022,11.033799979686737,25.44677953165182,79.08608335532692
2025-08-21,19.59000015258789,20.06999969482422,19.079999923706055,19.135000228881836,16685800,15.933699893951417,11.086149981021881,22.946963247528206,76.70697389196025
2025-08-22,21.43000030517578,21.719999313354492,18.8700008392334,19.440000534057617,28734900,16.156299896240235,11.148049981594086,32.64175858831886,92.23093133379953
2025-08-25,23.1200008392334,23.3799991607666,20.739999771118164,21.299999237060547,30481900,16.415299911499023,11.221099984645843,40.844218283442316,106.04041378179652
2025-08-26,22.989999771118164,23.200000762939453,22.350000381469727,22.809999465942383,20461900,16.678499908447264,11.291349985599517,37.84213147055435,103.60718426440224
2025-08-27,22.354999542236328,23.18000030517578,22.040000915527344,23.18000030517578,15923400,16.917599906921385,11.347924983501434,32.140490762465525,96.99636342977156
2025-08-28,23.040000915527344,24.290000915527344,22.6299991607666,22.895000457763672,32177000,17.18299991607666,11.407074987888336,34.08602123061637,101.97991983037258
2025-08-29,26.479999542236328,29.5,25.6200008392334,27.5,76548800,17.51659990310669,11.484524986743928,51.1708875507279,130.5711343986887
2025-09-02,29.110000610351562,29.850000381469727,25.399999618530273,25.59000015258789,50917800,17.889399909973143,11.566324989795685,62.722063103542446,151.67890955885875
2025-09-03,28.209999084472656,30.014999389648438,27.610000610351562,30.0,32961700,18.240399894714354,11.645374987125397,54.65669199855241,142.24208422365413
2025-09-04,26.1299991607666,28.56999969482422,25.81999969482422,27.93000030517578,30079100,18.532199878692627,11.721624982357024,40.9978271970266,122.92130314778498
2025-09-05,26.149999618530273,27.299999237060547,25.309999465942383,27.155000686645508,23577500,18.81779987335205,11.800724980831147,38.964171128004054,121.59655157634629
2025-09-08,26.190000534057617,27.016000747680664,25.3799991607666,26.43000030517578,23531500,19.07939989089966,11.878324983119965,37.26847114593743,120.48563725336416
2025-09-09,30.190000534057617,30.5,27.049999237060547,28.524999618530273,50274600,19.40319990158081,11.978024985790253,55.59289543575743,152.04489529678358
2025-09-10,33.630001068115234,33.63999938964844,30.469999313354492,30.68000030517578,43774900,19.784399929046632,12.094124991893768,69.9824163923267,178.06890610652815
2025-09-11,32.849998474121094,33.755001068115234,31.739999771118164,33.26499938964844,38169100,20.136799907684328,12.207874982357025,63.13415549997758,169.088588485681
2025-09-12,33.959999084472656,34.08000183105469,32.34000015258789,33.279998779296875,21067800,20.502799892425536,12.329074976444245,65.635909547255,175.44644792375865
2025-09-15,37.13999938964844,37.22999954223633,34.099998474121094,34.76499938964844,38205300,20.90919988632202,12.46087497472763,77.62515826320053,198.05290130085945
2025-09-16,36.45000076293945,37.66999816894531,35.7599983215332,37.459999084472656,36440500,21.29919988632202,12.591074979305267,71.13319259634261,189.49077678314836
2025-09-17,37.900001525878906,38.474998474121094,34.619998931884766,35.755001068115234,34636100,21.71939992904663,12.732774984836578,74.49838232037436,197.65704311129272
2025-09-18,36.31999969482422,38.5,36.029998779296875,38.380001068115234,25890800,22.106599941253663,12.852374985218049,64.29482503569707,182.5936819972735
2025-09-19,38.63999938964844,39.869998931884766,36.630001068115234,36.709999084472656,36698900,22.53879991531372,12.978024981021882,71.43769648265499,197.73405002804938
2025-09-22,41.900001525878906,42.93000030517578,39.64500045776367,41.3849983215332,46224300,23.052199954986573,13.12442498922348,81.76140068061157,219.25209340815445
2025-09-23,41.77000045776367,44.25,40.58000183105469,43.02000045776367,32022700,23.541999950408936,13.268624989986419,77.42757856491333,214.8027809157822
2025-09-24,47.13999938964844,49.29999923706055,43.31999969482422,43.3849983215332,65566800,24.147199954986572,13.432974984645844,95.21931933111642,250.92747096998536
2025-09-25,46.290000915527344,49.38999938964844,43.56999969482422,44.275001525878906,61876700,24.72679998397827,13.593674991130829,87.20578864034549,240.52602365239113
2025-09-26,41.86000061035156,44.08000183105469,39.70000076293945,43.68000030517578,59655300,25.203000011444093,13.726024992465973,66.09134067906169,204.96812174921683
2025-09-29,45.93000030517578,46.220001220703125,43.209999084472656,43.625,37032600,25.762800006866456,13.883124992847442,78.28031228334747,230.83329818638688
2025-09-30,46.93000030517578,47.630001068115234,44.9900016784668,45.314998626708984,31035100,26.338400020599366,14.050974996089936,78.18090798405235,233.99817676876745
2025-10-01,47.08000183105469,48.150001525878906,45.93000030517578,46.61000061035156,28111600,26.908200054168702,14.218325006961823,74.96525868054451,231.1219979006146
2025-10-02,47.02000045776367,49.380001068115234,44.95000076293945,48.41999816894531,29215600,27.46880006790161,14.386275007724763,71.17602640644074,226.83929948868706
2025-10-03,50.459999084472656,52.185001373291016,46.66999816894531,47.540000915527344,40830100,28.115200061798095,14.573025004863739,79.47586705255516,246.25617582918892
2025-10-06,57.75,58.279998779296875,53.1510009765625,54.025001525878906,42021500,28.915800075531006,14.792225005626678,99.71780081876045,290.4077985430387
2025-10-07,61.68000030517578,63.400001525878906,55.459999084472656,60.224998474121094,76432900,29.8178000831604,15.031975009441375,106.85630775293032,310.32532495853286
2025-10-08,60.09000015258789,62.189998626708984,57.2599983215332,59.959999084472656,58446400,30.703800086975097,15.27177500963211,95.70867443889708,293.4709627053066
2025-10-09,63.849998474121094,65.20500183105469,60.915000915527344,62.4900016784668,57909000,31.65800006866455,15.533950002193452,101.6867721764918,311.0351743446144
2025-10-10,59.77000045776367,70.05000305175781,58.02000045776367,67.87999725341797,72743300,32.53120006561279,15.773750002384185,83.73131128643404,278.9206780171456
2025-10-13,64.13999938964844,67.79000091552734,61.790000915527344,63.48500061035156,47094500,33.50600006103516,16.038199999332427,91.42839871309559,299.9201867561085
2025-10-14,69.55999755859375,72.30000305175781,59.63100051879883,63.22999954223633,52129800,34.5676000213623,16.326949985027312,101.22888923618251,326.0440414307877
2025-10-15,67.9800033569336,74.1500015258789,66.54000091552734,71.38500213623047,48022500,35.59820007324219,16.610150001049043,90.96472073606769,309.26784738632824
2025-10-16,61.83000183105469,68.94000244140625,61.099998474121094,68.94000244140625,46540000,36.468400115966794,16.86575001001358,69.5440480921562,266.60096227173295
2025-10-17,60.720001220703125,61.95000076293945,57.63999938964844,59.279998779296875,38301400,37.311400146484374,17.11965001821518,62.738468624379415,254.6801550037384
2025-10-20,59.220001220703125,63.70000076293945,57.43000030517578,63.61000061035156,35132100,38.12680015563965,17.366650025844574,55.32381678755542,240.99841438949676
2025-10-21,55.19499969482422,58.2400016784668,52.64500045776367,57.244998931884766,41174200,38.87130016326904,17.59032502412796,41.994220576599226,213.78044248253173
2025-10-22,51.83000183105469,57.87300109863281,48.20000076293945,53.650001525878906,53283000,39.55130020141601,17.792775032520293,31.0450012189462,191.2980225755888
2025-10-23,55.86000061035156,57.779998779296875,52.06999969482422,52.72999954223633,31241100,40.31390022277832,18.013225033283234,38.562630511223325,210.1054947525411
2025-10-24,62.900001525878906,63.11000061035156,58.130001068115234,59.06999969482422,37485900,41.19030025482178,18.270825040340423,52.70585826456986,244.26470280899233
2025-10-27,64.98999786376953,66.4800033569336,62.560001373291016,64.98999786376953,33505200,42.096300201416014,18.54322502851486,54.38410870507673,250.47839717110213
2025-10-28,62.41999816894531,67.31999969482422,61.849998474121094,63.68000030517578,27360400,42.9306001663208,18.80032501935959,45.39745059961684,232.01552688407497
2025-10-29,60.41999816894531,63.0099983215332,58.02000045776367,61.45000076293945,28918700,43.76440013885498,19.05012501001358,38.0574119084135,217.16326342838124
2025-10-30,58.220001220703125,61.0099983215332,57.279998779296875,58.560001373291016,18455700,44.53360015869141,19.286375014781953,30.732752378522022,201.8711456978342
2025-10-31,60.75,63.18000030517578,59.459999084472656,61.79999923706055,20997100,45.35680015563965,19.53237501382828,33.93801985929197,211.02208490770323
