Date,Close,High,Low,Open,Volume,SMA50,SMA200,ext_sma50_pct,ext_sma200_pct
2021-04-21,69.0,70.73999786376953,64.83999633789062,65.5,23791600,,,,
2021-04-22,75.5,80.0,71.02999877929688,73.19999694824219,13263800,,,,
2021-04-23,74.83999633789062,77.4010009765625,72.56999969482422,76.58000183105469,3098300,,,,
2021-04-26,80.80999755859375,82.44000244140625,75.69999694824219,76.1500015258789,3557300,,,,
2021-04-27,75.37000274658203,83.4000015258789,75.0999984741211,82.4000015258789,2721900,,,,
2021-04-28,75.41000366210938,77.88999938964844,75.41000366210938,76.58000183105469,812000,,,,
2021-04-29,75.29000091552734,76.9800033569336,70.11000061035156,76.37000274658203,1901500,,,,
2021-04-30,72.0,74.5,71.66000366210938,73.37999725341797,1230000,,,,
2021-05-03,70.93000030517578,73.0,67.75,72.33000183105469,2526200,,,,
2021-05-04,73.9800033569336,76.58000183105469,69.25,70.31999969482422,2600000,,,,
2021-05-05,70.87000274658203,75.83999633789062,70.12000274658203,74.44000244140625,1159200,,,,
2021-05-06,69.29000091552734,70.48500061035156,65.55999755859375,70.06999969482422,2125300,,,,
2021-05-07,69.0199966430664,71.94000244140625,68.30999755859375,69.29000091552734,1797500,,,,
2021-05-10,65.4000015258789,68.9000015258789,62.0099983215332,68.5999984741211,3231000,,,,
2021-05-11,74.80999755859375,77.25,61.5,62.279998779296875,5735800,,,,
2021-05-12,71.76000213623047,74.55999755859375,70.25,71.61000061035156,3071100,,,,
2021-05-13,66.41999816894531,72.58999633789062,64.2699966430664,71.76000213623047,4605800,,,,
2021-05-14,70.4800033569336,71.2300033569336,67.4800033569336,68.51000213623047,1543300,,,,
2021-05-17,68.0,70.7699966430664,65.19999694824219,67.98999786376953,1543700,,,,
2021-05-18,73.26000213623047,74.6500015258789,67.81999969482422,68.4000015258789,2029700,,,,
2021-05-19,72.45999908447266,75.05999755859375,70.98999786376953,71.0,1380900,,,,
2021-05-20,75.4000015258789,78.86000061035156,74.0,74.0,1282900,,,,
2021-05-21,78.75,83.98999786376953,76.83999633789062,77.06999969482422,2107300,,,,
2021-05-24,85.12000274658203,88.62000274658203,79.91000366210938,80.4000015258789,2852900,,,,
2021-05-25,84.0,87.80999755859375,80.22000122070312,85.5,1789800,,,,
2021-05-26,85.0,86.0,82.66999816894531,84.19000244140625,1173600,,,,
2021-05-27,83.54000091552734,88.41999816894531,82.20999908447266,85.48999786376953,1829000,,,,
2021-05-28,79.81999969482422,90.0,78.55999755859375,84.98999786376953,2344800,,,,
2021-06-01,80.80999755859375,83.10900115966797,77.54000091552734,80.7300033569336,1019900,,,,
2021-06-02,81.0,82.30000305175781,77.76000213623047,80.0199966430664,881800,,,,
2021-06-03,73.5199966430664,79.98999786376953,73.5199966430664,79.80000305175781,1571900,,,,
2021-06-04,75.75,79.26000213623047,73.80000305175781,75.0,1828900,,,,
2021-06-07,73.87999725341797,77.01000213623047,70.62999725341797,76.75,2469800,,,,
2021-06-08,76.0,77.36000061035156,72.9000015258789,75.19999694824219,3033800,,,,
2021-06-09,68.70999908447266,74.94000244140625,68.62999725341797,69.88999938964844,7334700,,,,
2021-06-10,74.02999877929688,74.0999984741211,67.0,67.75,11847100,,,,
2021-06-11,71.5,73.5,70.5199966430664,73.38999938964844,3487900,,,,
2021-06-14,69.80000305175781,72.02999877929688,68.91000366210938,71.9800033569336,3666500,,,,
2021-06-15,70.0,72.4000015258789,69.37000274658203,69.51000213623047,4126400,,,,
2021-06-16,69.7699966430664,70.0,67.80000305175781,69.0,4769900,,,,
2021-06-17,70.0,70.91999816894531,68.0999984741211,68.5,3835000,,,,
2021-06-18,69.75,70.4000015258789,69.08000183105469,69.69999694824219,3175400,,,,
2021-06-21,69.31999969482422,69.62999725341797,67.4000015258789,69.51000213623047,1746100,,,,
2021-06-22,69.8499984741211,70.19000244140625,69.0,69.0,3710600,,,,
2021-06-23,69.25,69.88999938964844,67.25,68.69999694824219,3643300,,,,
2021-06-24,69.05000305175781,69.8499984741211,68.06999969482422,69.5,2191500,,,,
2021-06-25,69.7699966430664,69.7699966430664,68.16000366210938,69.05000305175781,2773100,,,,
2021-06-28,71.27999877929688,72.9000015258789,69.37999725341797,69.77999877929688,7147200,,,,
2021-06-29,68.9000015258789,70.51000213623047,66.0,70.51000213623047,7943400,,,,
2021-06-30,67.93000030517578,69.0780029296875,67.68000030517578,69.0199966430664,3116500,73.32800003051757,,-7.361444091063795,
2021-07-01,67.37999725341797,68.4000015258789,66.18099975585938,67.98999786376953,3224300,73.29559997558594,,-8.070883824047293,
2021-07-02,66.55000305175781,68.12999725341797,66.55000305175781,67.37999725341797,1510600,73.1166000366211,,-8.980993347029731,
2021-07-06,64.75,66.79000091552734,63.86000061035156,66.6500015258789,3322900,72.91480010986328,,-11.197726795604035,
2021-07-07,66.61000061035156,67.55000305175781,64.87999725341797,65.41000366210938,2532300,72.63080017089844,,-8.289595524736182,
2021-07-08,68.37999725341797,68.5,63.650001525878906,64.0,3806900,72.49100006103515,,-5.6710526881348695,
2021-07-09,68.48999786376953,69.5999984741211,67.08999633789062,68.41000366210938,2374400,72.35259994506836,,-5.338580899969592,
2021-07-12,66.4000015258789,67.08999633789062,64.10800170898438,66.20999908447266,3537000,72.1747999572754,,-8.001128419912407,
2021-07-13,64.36000061035156,66.5,64.36000061035156,66.19999694824219,2353900,72.02199996948242,,-10.63841515422711,
2021-07-14,61.9900016784668,65.13999938964844,61.81999969482422,64.79000091552734,3545100,71.84319999694824,,-13.714865594656123,
2021-07-15,59.58000183105469,62.86000061035156,58.22999954223633,62.150001525878906,4543900,71.55519996643066,,-16.73560851062398,
2021-07-16,59.36000061035156,60.65999984741211,58.88999938964844,60.0,2507100,71.32499992370606,,-16.77532327536355,
2021-07-19,60.16999816894531,60.47999954223633,57.0099983215332,58.0,2224400,71.14259986877441,,-15.423391498298534,
2021-07-20,62.279998779296875,62.689998626708984,59.54999923706055,60.79999923706055,1841400,71.00779991149902,,-12.291327351474191,
2021-07-21,62.79999923706055,62.97999954223633,61.400001525878906,62.349998474121094,2346100,70.95579986572265,,-11.494198704117508,
2021-07-22,62.25,63.58000183105469,61.25,63.0,1533400,70.70459991455078,,-11.957637727628034,
2021-07-23,63.689998626708984,63.775001525878906,61.630001068115234,63.2400016784668,1501600,70.54319984436034,,-9.714899852532344,
2021-07-26,62.38999938964844,63.56999969482422,60.7599983215332,62.97999954223633,2029200,70.46259986877442,,-11.456574827156452,
2021-07-27,59.83000183105469,62.68000030517578,58.459999084472656,62.099998474121094,3171800,70.24959983825684,,-14.832252470038698,
2021-07-28,63.060001373291016,63.209999084472656,59.79999923706055,60.0099983215332,2294400,70.15079986572266,,-10.107936767655268,
2021-07-29,63.04999923706055,63.790000915527344,62.20000076293945,62.720001220703125,2196500,69.94659980773926,,-9.85980818172042,
2021-07-30,62.560001373291016,64.37000274658203,61.900001525878906,62.70000076293945,1862000,69.74859985351563,,-10.30644126953364,
2021-08-02,59.66999816894531,62.0,59.16999816894531,61.97999954223633,3850000,69.43399978637696,,-14.06227733887132,
2021-08-03,60.54999923706055,60.70500183105469,59.209999084472656,60.0,1517100,69.06999977111816,,-12.335312816404965,
2021-08-04,62.0,62.0,60.25,60.369998931884766,2707400,68.60759971618653,,-9.63100260542653,
2021-08-05,64.58999633789062,65.38999938964844,63.380001068115234,63.93000030517578,3855000,68.21939964294434,,-5.320192385230249,
2021-08-06,63.060001373291016,64.5,62.439998626708984,64.05000305175781,1731400,67.78059967041015,,-6.964527195205584,
2021-08-09,64.5,64.69000244140625,62.2130012512207,63.0,1427300,67.3997996520996,,-4.302386159999916,
2021-08-10,64.83000183105469,65.45999908447266,63.86000061035156,65.0,1706000,67.09999969482422,,-3.383007263924964,
2021-08-11,64.51000213623047,66.06999969482422,63.38999938964844,65.29000091552734,1775000,66.77399978637695,,-3.390537720354403,
2021-08-12,62.150001525878906,63.650001525878906,62.040000915527344,63.349998474121094,2073800,66.39699981689454,,-6.396370773871906,
2021-08-13,62.0,62.95000076293945,61.400001525878906,62.779998779296875,1315300,66.1665998840332,,-6.297134643968083,
2021-08-16,60.029998779296875,61.380001068115234,58.744998931884766,61.20000076293945,2434500,65.85219985961913,,-8.841315996631504,
2021-08-17,59.91999816894531,60.380001068115234,58.529998779296875,59.04999923706055,1952300,65.57299987792969,,-8.62092891816445,
2021-08-18,60.54999923706055,61.25,59.150001525878906,60.0,1806000,65.2639998626709,,-7.222972290281926,
2021-08-19,60.369998931884766,61.619998931884766,58.900001525878906,59.34000015258789,1660900,65.09719985961914,,-7.261757706826854,
2021-08-20,60.7599983215332,62.0,60.22999954223633,60.279998779296875,1825900,64.83179985046387,,-6.28056222150607,
2021-08-23,60.189998626708984,61.75,60.0,60.81999969482422,1762400,64.60559982299804,,-6.834703506176898,
2021-08-24,62.060001373291016,62.060001373291016,60.29999923706055,60.5099983215332,3161100,64.45079978942871,,-3.7094937905329806,
2021-08-25,64.91999816894531,65.58999633789062,61.599998474121094,62.59000015258789,3607700,64.34919975280762,,0.8870326567080422,
2021-08-26,63.849998474121094,64.79000091552734,63.220001220703125,64.0,2326300,64.23079978942872,,-0.5928640411703157,
2021-08-27,64.97000122070312,65.08999633789062,62.11000061035156,63.66999816894531,2371400,64.13019981384278,,1.3095256358129692,
2021-08-30,64.55000305175781,65.5999984741211,62.939998626708984,65.5999984741211,1470300,64.02619987487793,,0.8181075526948467,
2021-08-31,63.20000076293945,64.55000305175781,62.52000045776367,64.55000305175781,1846100,63.90379989624024,,-1.1013416016630195,
2021-09-01,62.040000915527344,64.19999694824219,61.849998474121094,63.5,2613900,63.74759994506836,,-2.6786875600218085,
2021-09-02,61.54999923706055,62.400001525878906,60.810001373291016,62.130001068115234,2222500,63.59359992980957,,-3.21353201423511,
2021-09-03,63.369998931884766,64.05000305175781,61.2599983215332,61.75,3208200,63.47999984741211,,-0.17328436640162703,
2021-09-07,62.459999084472656,65.0,62.20000076293945,64.44000244140625,9054300,63.33379989624024,,-1.3796753284961993,
2021-09-08,56.45000076293945,58.45000076293945,55.279998779296875,56.58000183105469,18849700,63.03719993591309,,-10.449701413880252,
2021-09-09,54.400001525878906,56.75,53.56999969482422,56.220001220703125,21729500,62.74719993591309,,-13.302901832367976,
2021-09-10,55.34000015258789,55.5,53.8650016784668,54.869998931884766,13894500,62.495399932861325,,-11.449482342637163,
2021-09-13,55.540000915527344,56.029998779296875,53.52000045776367,54.40999984741211,8310200,62.258600006103514,,-10.791439399404279,
2021-09-14,55.88999938964844,56.525001525878906,55.0099983215332,55.051998138427734,6547200,62.04539993286133,,-9.920800816617481,
2021-09-15,53.560001373291016,56.02000045776367,52.689998626708984,55.70000076293945,14800500,61.82159996032715,,-13.363611734956482,
2021-09-16,53.900001525878906,54.290000915527344,53.11000061035156,53.380001068115234,9302700,61.567399978637695,,-12.45366615354746,
2021-09-17,54.279998779296875,55.34000015258789,53.915000915527344,54.849998474121094,26286600,61.285400009155275,,-11.430783235178165,
2021-09-20,51.88999938964844,53.7400016784668,51.040000915527344,53.0,11492800,60.95340003967285,,-14.869393084102445,
2021-09-21,53.36000061035156,54.20000076293945,51.0099983215332,52.0099983215332,14530000,60.6926000213623,,-12.081537796090203,
2021-09-22,53.0,53.83000183105469,51.25,52.11000061035156,7751100,60.465400009155275,,-12.346565156312394,
2021-09-23,53.79999923706055,53.90999984741211,52.7599983215332,53.599998474121094,5329500,60.301599960327145,,-10.781804674410045,
2021-09-24,52.70000076293945,53.7400016784668,52.34000015258789,53.5,4963600,60.16399993896484,,-12.406088663648474,
2021-09-27,54.459999084472656,54.63999938964844,51.27000045776367,52.08000183105469,4901600,60.06599990844727,,-9.333068345685225,
2021-09-28,52.349998474121094,53.34000015258789,51.42499923706055,53.0099983215332,7782000,59.90959991455078,,-12.618347395429064,
2021-09-29,52.0,53.689998626708984,51.709999084472656,52.79999923706055,6215900,59.70399993896484,,-12.90365795732381,
2021-09-30,52.61000061035156,52.95000076293945,51.755001068115234,52.08000183105469,3693100,59.500199966430664,,-11.58012806674007,
2021-10-01,52.15999984741211,52.93000030517578,50.959999084472656,52.75,2654600,59.298399963378905,,-12.038099038718208,
2021-10-04,51.349998474121094,51.61000061035156,49.22999954223633,51.4900016784668,4200000,59.051599960327145,,-13.042155490080276,
2021-10-05,51.31999969482422,53.400001525878906,50.88999938964844,51.20000076293945,5742500,58.83019996643066,,-12.765892816770751,
2021-10-06,51.31999969482422,51.65999984741211,49.400001525878906,49.5,5747000,58.65999992370605,,-12.512785950269912,
2021-10-07,52.31999969482422,52.5,50.7599983215332,51.560001373291016,3927500,58.44519989013672,,-10.480245095964158,
2021-10-08,51.380001068115234,53.0099983215332,51.31999969482422,52.66999816894531,3581700,58.21179992675781,,-11.736106540664192,
2021-10-11,48.08000183105469,50.630001068115234,48.0,50.279998779296875,8173800,57.922199935913085,,-16.99209994742622,
2021-10-12,48.09000015258789,48.84000015258789,47.20000076293945,48.40999984741211,4743300,57.69059997558594,,-16.641532289594707,
2021-10-13,49.9900016784668,50.0,48.70000076293945,49.0,3394600,57.47940002441406,,-13.029708630859371,
2021-10-14,51.29999923706055,51.529998779296875,50.45000076293945,50.560001373291016,4027500,57.26540000915527,,-10.417111853127736,
2021-10-15,49.9900016784668,51.11000061035156,49.90999984741211,51.099998474121094,3684400,56.9734001159668,,-12.257296252787453,
2021-10-18,49.9900016784668,50.56999969482422,49.400001525878906,49.7599983215332,2922300,56.712000122070314,,-11.852867874761397,
2021-10-19,51.720001220703125,51.97600173950195,48.79999923706055,49.599998474121094,3959500,56.45640014648438,,-8.3894809330598,
2021-10-20,51.70000076293945,52.20000076293945,50.720001220703125,51.939998626708984,2325700,56.19380012512207,,-7.996966484161316,
2021-10-21,50.95000076293945,52.279998779296875,50.849998474121094,51.09000015258789,2871600,55.92260009765625,,-8.89193157334114,
2021-10-22,50.79999923706055,51.869998931884766,50.5,50.81999969482422,1905700,55.695600051879886,,-8.789923818504764,
2021-10-25,54.369998931884766,55.08000183105469,51.220001220703125,51.34000015258789,8340000,55.543000030517575,,-2.1118792610919757,
2021-10-26,53.5,55.369998931884766,53.40999984741211,54.7400016784668,4035200,55.41240005493164,,-3.4512131815908176,
2021-10-27,51.189998626708984,54.689998626708984,51.18000030517578,53.75,2142200,55.23780006408691,,-7.327955553410281,
2021-10-28,51.189998626708984,52.2400016784668,50.75,52.189998626708984,2374500,55.05060005187988,,-7.012823514244449,
2021-10-29,50.25,51.59000015258789,50.130001068115234,50.65999984741211,2252200,54.84820007324219,,-8.383502224506778,
2021-11-01,52.779998779296875,53.04999923706055,50.150001525878906,50.16999816894531,2869500,54.688600082397464,,-3.489943608402779,
2021-11-02,52.709999084472656,53.470001220703125,52.29999923706055,53.20000076293945,2115400,54.53900009155274,,-3.353565345917231,
2021-11-03,54.36000061035156,54.470001220703125,52.18000030517578,52.459999084472656,2516600,54.38500007629395,,-0.045967575447858344,
2021-11-04,57.5099983215332,58.9900016784668,53.709999084472656,54.470001220703125,13606000,54.236800079345706,,6.0350135653264525,
2021-11-05,56.13999938964844,59.56999969482422,54.880001068115234,59.25,7152200,54.08260009765625,,3.8041796960152974,
2021-11-08,56.5,57.40999984741211,55.29999923706055,56.0,4560700,53.91320007324219,,4.798082701905271,
2021-11-09,57.47999954223633,57.97999954223633,55.689998626708984,57.34000015258789,4434000,53.77180000305176,,6.896178924592666,
2021-11-10,56.0099983215332,57.380001068115234,54.7599983215332,56.29999923706055,4380000,53.62799995422363,,4.441706514027799,
2021-11-11,57.45000076293945,58.4900016784668,56.380001068115234,56.63999938964844,3640200,53.536199951171874,,7.310568952105667,
2021-11-12,53.70000076293945,56.810001373291016,52.0099983215332,56.65999984741211,9733500,53.37919998168945,,0.6009846182783551,
2021-11-15,53.540000915527344,54.400001525878906,52.810001373291016,54.279998779296875,4215000,53.182600021362305,,0.6720259897437852,
2021-11-16,55.95000076293945,56.09000015258789,53.83000183105469,54.099998474121094,3418500,53.05240005493164,,5.461771201694132,
2021-11-17,55.29999923706055,56.11000061035156,54.59000015258789,56.0,2429900,53.02940002441406,,4.281774282947071,
2021-11-18,53.900001525878906,55.650001525878906,53.209999084472656,55.400001525878906,2307500,53.01940002441406,,1.6609043124957035,
2021-11-19,52.56999969482422,54.63800048828125,52.130001068115234,54.08000183105469,3163600,52.96400001525879,,-0.7439021228023979,
2021-11-22,48.900001525878906,52.650001525878906,48.2599983215332,52.5,4933100,52.83120002746582,,-7.441054716802132,
2021-11-23,47.869998931884766,49.439998626708984,46.65999984741211,48.439998626708984,4755400,52.670800018310544,,-9.114729764417518,
2021-11-24,49.15999984741211,49.33000183105469,46.72999954223633,47.970001220703125,2655600,52.58279998779297,,-6.509353136720475,
2021-11-26,49.66999816894531,49.88999938964844,48.04999923706055,48.16999816894531,1373000,52.498199920654294,,-5.387235669001078,
2021-11-29,49.4900016784668,51.150001525878906,48.41999816894531,50.560001373291016,2370500,52.402399978637696,,-5.557757471715352,
2021-11-30,48.25,50.209999084472656,47.61000061035156,49.56999969482422,3069500,52.32959999084473,,-7.795970142249264,
2021-12-01,43.93000030517578,48.93000030517578,43.880001068115234,48.38999938964844,4931400,52.140999984741214,,-15.74768355414805,
2021-12-02,43.27000045776367,45.09000015258789,42.540000915527344,43.459999084472656,6630700,51.946399993896485,,-16.7026002517061,
2021-12-03,44.31999969482422,45.29999923706055,42.02000045776367,44.90999984741211,9139800,51.75680000305176,,-14.368740547694292,
2021-12-06,45.15999984741211,45.779998779296875,42.130001068115234,43.25,5645700,51.60599998474121,,-12.490795913721364,
2021-12-07,46.97999954223633,48.04100036621094,45.72999954223633,45.88999938964844,5117000,51.45639999389648,,-8.699404645857701,
2021-12-08,47.709999084472656,48.150001525878906,45.2599983215332,46.81999969482422,6394200,51.36360000610352,,-7.11321036920447,
2021-12-09,47.04999923706055,48.599998474121094,45.400001525878906,46.84000015258789,10502400,51.26459999084473,,-8.221269169245172,
2021-12-10,44.04999923706055,48.68000030517578,44.0,46.564998626708984,10147200,51.09339996337891,,-13.785343569554387,
2021-12-13,43.5,44.54999923706055,42.27000045776367,43.900001525878906,6747000,50.920199966430665,,-14.57221293577492,
2021-12-14,42.720001220703125,43.66400146484375,41.54999923706055,42.25,5202300,50.7476000213623,,-15.818676739944237,
2021-12-15,42.150001525878906,42.53900146484375,39.63999938964844,42.0099983215332,7964100,50.5642000579834,,-16.64062424097621,
2021-12-16,39.810001373291016,42.3380012512207,39.349998474121094,41.310001373291016,5768800,50.33400009155273,,-20.908329755472575,
2021-12-17,41.310001373291016,42.08000183105469,39.29999923706055,39.58000183105469,9191600,50.11380012512207,,-17.567613571212103,
2021-12-20,41.459999084472656,41.939998626708984,39.7400016784668,40.470001220703125,4288600,49.91540008544922,,-16.939463545322532,
2021-12-21,43.43000030517578,43.75,41.79999923706055,42.0,5236400,49.82240005493164,,-12.830372970206028,
2021-12-22,44.15999984741211,44.779998779296875,42.65999984741211,43.16999816894531,3273100,49.74380004882813,,-11.22511789596895,
2021-12-23,44.400001525878906,45.084999084472656,43.27000045776367,43.77000045776367,2356900,49.632000045776365,,-10.541583081624573,
2021-12-27,44.209999084472656,45.06999969482422,43.400001525878906,44.75,2868000,49.49020004272461,,-10.669184916798857,
2021-12-28,43.880001068115234,45.25,43.65999984741211,44.099998474121094,2362600,49.36800003051758,,-11.116510612157382,
2021-12-29,43.279998779296875,43.904998779296875,42.29999923706055,43.70000076293945,2331400,49.23379997253418,,-12.092914210478822,
2021-12-30,44.41999816894531,44.97999954223633,43.220001220703125,43.22999954223633,2128500,49.087799911499026,,-9.509087290465956,
2021-12-31,43.130001068115234,44.66899871826172,43.040000915527344,44.2400016784668,2030900,48.91639991760254,,-11.829159257905797,
2022-01-03,43.869998931884766,44.130001068115234,42.060001373291016,43.810001373291016,3572100,48.77479988098145,,-10.056014501474541,
2022-01-04,42.4900016784668,44.11000061035156,41.31999969482422,43.560001373291016,3250400,48.60859992980957,,-12.587480939952977,
2022-01-05,38.099998474121094,42.150001525878906,38.09000015258789,41.689998626708984,4479500,48.2831999206543,,-21.090568693184508,
2022-01-06,39.61000061035156,40.5,37.79999923706055,38.40999984741211,4797400,48.00539993286133,,-17.48844782930936,
2022-01-07,39.20000076293945,41.150001525878906,38.68000030517578,39.369998931884766,3688300,47.765599975585936,,-17.93256908114742,
2022-01-10,38.81999969482422,39.310001373291016,37.27000045776367,38.5099983215332,6072100,47.51819999694824,,-18.30498693696867,
2022-01-11,41.439998626708984,42.13999938964844,38.59000015258789,38.790000915527344,5062500,47.34199996948242,,-12.46673428790077,
2022-01-12,39.75,42.790000915527344,39.619998931884766,41.31999969482422,3475500,47.08139999389648,,-15.571754439857155,
2022-01-13,37.61000061035156,40.189998626708984,37.33000183105469,40.130001068115234,3667100,46.77940002441406,,-19.601361730327895,
2022-01-14,36.72999954223633,38.540000915527344,35.611000061035156,37.63999938964844,4962700,46.42680000305176,,-20.886213265135734,
2022-01-18,35.5099983215332,37.08000183105469,35.209999084472656,36.040000915527344,3422900,45.986800003051755,,-22.78219332683138,
2022-01-19,35.2599983215332,36.970001220703125,35.0099983215332,35.540000915527344,3542400,45.56919998168945,,-22.623178954861345,
2022-01-20,35.31999969482422,38.380001068115234,35.20000076293945,36.54999923706055,4280800,45.14559997558594,,-21.764247869283516,
2022-01-21,34.72999954223633,35.79999923706055,33.59000015258789,35.209999084472656,6055000,44.69059997558594,,-22.287909401061956,
2022-01-24,36.4900016784668,36.68000030517578,32.16999816894531,33.0,7743000,44.30020004272461,,-17.630165003149866,
2022-01-25,35.29999923706055,37.04999923706055,34.66999816894531,36.13999938964844,4544500,43.85720001220703,,-19.511507284470298,
2022-01-26,34.099998474121094,37.310001373291016,33.88999938964844,36.459999084472656,4149700,43.46519996643067,,-21.5464359983218,
2022-01-27,32.849998474121094,35.04999923706055,32.83000183105469,34.63999938964844,3887300,43.05139991760254,,-23.695864624625994,
2022-01-28,33.43000030517578,34.099998474121094,31.469999313354492,32.93000030517578,5356100,42.600999908447264,,-21.52766278486572,
2022-01-31,36.529998779296875,36.56999969482422,33.54999923706055,33.7400016784668,3876800,42.22559989929199,,-13.488502551956916,
2022-02-01,37.13999938964844,37.650001525878906,35.459999084472656,37.290000915527344,2846800,41.890399856567385,,-11.340069522335206,
2022-02-02,34.77000045776367,37.31999969482422,34.40999984741211,37.119998931884766,3436900,41.534399871826174,57.580449962615965,-16.286257740420528,-39.61492054970385
2022-02-03,33.36000061035156,34.54999923706055,33.2400016784668,33.869998931884766,3330700,41.22359985351562,57.40224996566772,-19.075479266989436,-41.88381007660122
2022-02-04,35.31999969482422,35.66999816894531,32.900001525878906,33.59000015258789,3247100,40.97259986877442,57.20134996414185,-13.796049535675415,-38.253206057260044
2022-02-07,35.459999084472656,37.18000030517578,35.029998779296875,35.099998474121094,2223500,40.698599853515624,57.004449977874756,-12.871697768222967,-37.79433167369247
2022-02-08,36.4900016784668,36.51499938964844,34.650001525878906,35.130001068115234,2204000,40.43499992370605,56.78284999847412,-9.756394837845416,-35.737636135827344
2022-02-09,37.52000045776367,37.97999954223633,36.560001373291016,37.0,6705400,40.19559989929199,56.59359998703003,-6.656448586989361,-33.70275001702948
2022-02-10,36.869998931884766,38.7400016784668,36.119998931884766,36.2400016784668,3913200,39.967999877929685,56.400899963378905,-7.751203351448255,-34.62870458481257
2022-02-11,37.36000061035156,38.529998779296875,36.54999923706055,37.15999984741211,6691100,39.836599884033205,56.21124996185303,-6.216894215096613,-33.53643508069043
2022-02-14,37.2400016784668,38.33000183105469,36.224998474121094,36.939998626708984,3533900,39.715999908447266,56.03744997024536,-6.234258826891182,-33.54443912376382
2022-02-15,38.880001068115234,39.0,37.36000061035156,37.54999923706055,3700200,39.60719993591309,55.87719997406006,-1.8360269571555343,-30.418845099316815
2022-02-16,37.88999938964844,38.77000045776367,37.2599983215332,38.77000045776367,2332300,39.46179992675781,55.696749954223634,-3.983093878197852,-31.970897007833155
2022-02-17,36.56999969482422,37.939998626708984,36.04999923706055,37.560001373291016,3393000,39.25359992980957,55.52524993896484,-6.836571014592208,-34.138072795668364
2022-02-18,37.95000076293945,38.77000045776367,36.31999969482422,36.31999969482422,9586400,39.0583999633789,55.3685499382019,-2.8377998112536162,-31.459283645144552
2022-02-22,34.369998931884766,37.57899856567383,33.93000030517578,37.13999938964844,5347000,38.80479995727539,55.195299949646,-11.428485729274218,-37.73020716756663
2022-02-23,32.09000015258789,34.689998626708984,31.969999313354492,34.61000061035156,4390100,38.56559997558594,55.02874994277954,-16.79112947055782,-41.68502794274632
2022-02-24,32.400001525878906,32.7400016784668,28.799999237060547,29.360000610351562,7362300,38.343600006103514,54.816699962615964,-15.500887968992238,-40.893921837733494
2022-02-25,32.790000915527344,33.22999954223633,31.274999618530273,32.86000061035156,4685100,38.145,54.62184995651245,-14.038534760709553,-39.96907658449261
2022-02-28,34.709999084472656,34.7400016784668,32.22999954223633,32.540000915527344,4353000,37.996199951171874,54.46329996109009,-8.648761904933245,-36.26901214346114
2022-03-01,33.95000076293945,35.63999938964844,33.709999084472656,35.0,3855000,37.878999938964846,54.280649948120114,-10.372499755421904,-37.454690031552886
2022-03-02,33.93000030517578,34.47999954223633,32.630001068115234,34.189998626708984,2657600,37.73139991760254,54.110299949646,-10.074896825265467,-37.294747327679964
2022-03-03,31.260000228881836,34.47999954223633,31.040000915527344,34.290000915527344,3892900,37.527399940490724,53.90029994010925,-16.700863160110877,-42.00403288364618
2022-03-04,28.299999237060547,31.850000381469727,28.125,31.469999313354492,5409100,37.224799919128415,53.67949994087219,-23.975416124350346,-47.27968913974067
2022-03-07,27.190000534057617,29.290000915527344,26.959999084472656,28.6299991607666,4580800,36.885399932861326,53.438449935913084,-26.285195270896455,-49.11903214508344
2022-03-08,27.6200008392334,29.3700008392334,26.18000030517578,26.809999465942383,5225800,36.54979991912842,53.182799940109255,-24.431868572888106,-48.06591441154451
2022-03-09,29.190000534057617,29.479999542236328,28.059999465942383,28.059999465942383,2623400,36.249399948120114,52.903149929046634,-19.47452764505305,-44.82370034070361
2022-03-10,28.450000762939453,28.69499969482422,27.270000457763672,28.3799991607666,3123600,35.9407999420166,52.62539993286133,-20.842049122896753,-45.93865167915963
2022-03-11,26.209999084472656,28.959999084472656,26.09000015258789,28.959999084472656,4941200,35.599399948120116,52.33144992828369,-26.375166090807333,-49.91539672531243
2022-03-14,24.559999465942383,26.450000762939453,24.329999923706055,25.920000076293945,3986900,35.20219997406006,52.036549921035764,-30.231634715897716,-52.802406187167286
2022-03-15,24.889999389648438,24.93000030517578,23.93000030517578,24.020000457763672,5848400,34.83739994049072,51.76189991950989,-28.553797263384872,-51.91444010294723
2022-03-16,27.81999969482422,27.940000534057617,25.5,25.649999618530273,5142400,34.51639995574951,51.49694993019104,-19.400633523513953,-45.97738364595021
2022-03-17,28.610000610351562,28.8700008392334,27.10099983215332,27.219999313354492,3631200,34.23879993438721,51.2349999332428,-16.439826555902293,-44.15926486263439
2022-03-18,29.889999389648438,30.030000686645508,28.100000381469727,28.190000534057617,7140400,34.07459995269775,51.01684994697571,-12.280703423835826,-41.411515174467716
2022-03-21,29.450000762939453,30.479999542236328,28.43000030517578,29.600000381469727,4400200,33.87139995574951,50.785349950790405,-13.053488189405481,-42.01083424358464
2022-03-22,31.010000228881836,31.639999389648438,29.40999984741211,29.889999389648438,4010400,33.70759994506836,50.570999965667724,-8.002942127539992,-38.68027080750965
2022-03-23,30.239999771118164,31.850000381469727,29.80299949645996,30.59000015258789,4361500,33.53599994659424,50.34219996452332,-9.828244813707432,-39.931111885399105
2022-03-24,29.979999542236328,30.729999542236328,28.899999618530273,30.280000686645508,5989600,33.30679996490478,50.14854996681213,-9.988352006719015,-40.21761434363141
2022-03-25,28.799999237060547,30.15999984741211,28.059999465942383,30.1200008392334,5991600,33.087799949646,49.92239996910095,-12.958857098721444,-42.31046733553262
2022-03-28,29.43000030517578,29.760000228881836,28.079999923706055,28.8799991607666,6114800,32.92419994354248,49.71204997062683,-10.612861191337863,-40.79906114802151
2022-03-29,31.399999618530273,31.8799991607666,29.899999618530273,30.100000381469727,9363000,32.81759994506836,49.52004995346069,-4.319634369700809,-36.5913409860446
2022-03-30,29.040000915527344,30.91900062561035,28.959999084472656,30.75,13413400,32.68819999694824,49.31524995803833,-11.160599487770796,-41.113548161598935
2022-03-31,21.59000015258789,23.950000762939453,20.530000686645508,23.700000762939453,59238300,32.414800033569335,49.07434997558594,-33.3946218078504,-56.00553005118004
2022-04-01,22.18000030517578,23.209999084472656,21.1200008392334,21.520000457763672,18799000,32.15200004577637,48.835249977111815,-31.015177054002752,-54.58198675020371
2022-04-04,22.790000915527344,23.280000686645508,22.260000228881836,22.6299991607666,13291100,31.913200073242187,48.60044998168945,-28.5875410074098,-53.10742817378515
2022-04-05,22.059999465942383,23.09000015258789,21.959999084472656,22.850000381469727,11296600,31.6246000289917,48.364149980545044,-30.24417875413765,-54.38770354732537
2022-04-06,21.25,21.90999984741211,20.579999923706055,21.520000457763672,9951500,31.34360004425049,48.12114998817444,-32.20306547429293,-55.840623083151385
2022-04-07,21.079999923706055,21.68000030517578,20.459999084472656,21.1299991607666,8603500,31.08320007324219,47.88029998779297,-32.18201512703107,-55.97354250269865
2022-04-08,19.940000534057617,20.899999618530273,19.850000381469727,20.809999465942383,9398200,30.82500011444092,47.63474997520447,-35.31224506073526,-58.13980225688793
2022-04-11,20.229999542236328,20.489999771118164,18.899999618530273,19.600000381469727,11139600,30.561000099182127,47.387049989700316,-33.80452381603269,-57.30901259598695
2022-04-12,19.81999969482422,20.90999984741211,19.690000534057617,20.440000534057617,6903500,30.226800117492676,47.12974999427795,-34.429050981965815,-57.945884081221365
2022-04-13,20.209999084472656,20.549999237060547,19.489999771118164,19.8799991607666,7339600,29.88820011138916,46.88629998207092,-32.381344446461135,-56.895726273557834
2022-04-14,19.040000915527344,20.299999237060547,18.93000030517578,20.299999237060547,8179600,29.573600120544434,46.64184998512268,-35.618251285204614,-59.1782896227304
2022-04-18,18.700000762939453,19.010000228881836,18.1200008392334,18.899999618530273,5922900,29.28040012359619,46.39845000267029,-36.13474992143401,-59.69692788904965
2022-04-19,20.139999389648438,20.315000534057617,18.469999313354492,18.540000915527344,8061800,28.976800117492676,46.16639998435974,-30.496123422922917,-56.375200586418984
2022-04-20,19.09000015258789,19.979999542236328,18.889999389648438,19.81999969482422,6018100,28.64940013885498,45.93809998512268,-33.36684167883295,-58.44407984054565
2022-04-21,18.040000915527344,19.860000610351562,17.934999465942383,19.34000015258789,6595100,28.28040012359619,45.69524998664856,-36.21023452042537,-60.52105870785618
2022-04-22,17.950000762939453,18.8700008392334,17.65999984741211,18.100000381469727,8165400,27.889000129699706,45.44310000419617,-35.63770418637547,-60.50005223833328
2022-04-25,19.18000030517578,19.25,17.65999984741211,17.780000686645508,10746900,27.535200157165526,45.1965500164032,-30.34370480076376,-57.56313192441729
2022-04-26,18.190000534057617,19.44499969482422,18.040000915527344,19.260000228881836,7843400,27.15180015563965,44.955500011444094,-33.00628161010014,-59.53776394561938
2022-04-27,18.360000610351562,18.84000015258789,17.920000076293945,18.350000381469727,6311600,26.774200134277343,44.72550001144409,-31.426520612108234,-58.94959116017995
2022-04-28,18.889999389648438,19.149999618530273,17.610000610351562,18.540000915527344,7052500,26.37440010070801,44.51,-28.377520180482342,-57.560100225458456
2022-04-29,17.829999923706055,19.530000686645508,17.790000915527344,18.90999984741211,5085600,25.97320011138916,44.301249990463255,-31.352317591825507,-59.75282880834214
2022-05-02,18.56999969482422,18.729999542236328,17.670000076293945,18.0,6131700,25.613200111389162,44.09729998588562,-27.49832268492337,-57.88857889084369
2022-05-03,18.18000030517578,18.670000076293945,17.850000381469727,18.079999923706055,5353300,25.217800102233888,43.88734999656677,-27.908064020361046,-58.57576202117929
2022-05-04,19.1200008392334,19.190000534057617,17.18000030517578,18.25,8040300,24.91280014038086,43.671550006866454,-23.252301100260432,-56.218634703308744
2022-05-05,17.6299991607666,18.68000030517578,17.43000030517578,18.6200008392334,5252800,24.623600120544435,43.445700006484984,-28.402024584304375,-59.42061203264066
2022-05-06,17.1299991607666,17.71500015258789,16.100000381469727,17.489999771118164,6960200,24.31820007324219,43.22010000228882,-29.55893483409946,-60.36566514223834
2022-05-09,15.859999656677246,17.18000030517578,15.739999771118164,16.899999618530273,8660400,23.979600048065187,42.98095000743866,-33.86044961180692,-63.09993228643764
2022-05-10,15.670000076293945,16.8700008392334,14.6899995803833,16.399999618530273,10423900,23.59880006790161,42.747350010871884,-33.59831842633467,-63.34275675028134
2022-05-11,14.260000228881836,15.829999923706055,14.170000076293945,15.34000015258789,8636400,23.20500005722046,42.51950000286102,-38.54772594820701,-66.46244610608704
2022-05-12,15.279999732971191,15.75,13.65999984741211,14.0,13970800,22.83200004577637,42.280599994659426,-33.07638532613879,-63.86049456511675
2022-05-13,17.6299991607666,17.665000915527344,15.869999885559082,15.869999885559082,10184600,22.559400024414064,42.053499994277956,-21.850762246836364,-58.07721316141239
2022-05-16,16.639999389648438,17.68000030517578,16.559999465942383,17.31999969482422,5523200,22.32620002746582,41.82389998435974,-25.468734629369017,-60.21413738108821
2022-05-17,17.059999465942383,17.6299991607666,16.34000015258789,17.110000610351562,5215900,22.123600006103516,41.61084999084473,-22.887778384911016,-59.001079118316625
2022-05-18,16.540000915527344,17.40999984741211,16.209999084472656,16.690000534057617,4161600,21.902000007629393,41.39079999923706,-24.48177833181553,-60.039426839219786
2022-05-19,17.1299991607666,17.75,16.297000885009766,16.489999771118164,4953700,21.660799980163574,41.16644999504089,-20.917052110476842,-58.38844699304855
2022-05-20,17.40999984741211,17.829999923706055,16.469999313354492,17.399999618530273,5640900,21.439999961853026,40.9305500125885,-18.796642358261508,-57.46453482287062
2022-05-23,17.25,17.950000762939453,16.84000015258789,17.68000030517578,3994000,21.260799980163576,40.701500005722046,-18.86476512598618,-57.61826960290186
2022-05-24,15.949999809265137,17.09000015258789,15.720000267028809,16.90999984741211,5258800,21.08859998703003,40.45875000476837,-24.366720317732092,-60.57713150459343
2022-05-25,17.030000686645508,17.25,15.930000305175781,15.949999809265137,4648900,20.93140001296997,40.21974999904633,-18.638979351151818,-57.65761675035446
2022-05-26,17.979999542236328,18.360000610351562,16.809999465942383,17.030000686645508,5736800,20.734600009918214,39.98709998607635,-13.285042712973716,-55.03550007753244
2022-05-27,17.739999771118164,18.190000534057617,17.405000686645508,17.989999771118164,8884400,20.517199993133545,39.76504997730255,-13.535961159148524,-55.387960580348924
2022-05-31,17.06999969482422,18.014999389648438,16.854999542236328,17.360000610351562,9027300,20.26079999923706,39.54039997577667,-15.74863926662815,-56.82896555097652
2022-06-01,16.829999923706055,17.820999145507812,16.25,17.170000076293945,10340400,20.008399982452392,39.324399981498715,-15.88532846971188,-57.202144389681195
2022-06-02,19.639999389648438,20.280000686645508,18.049999237060547,18.489999771118164,18716400,19.780999965667725,39.122999987602235,-0.7128081303473532,-49.799352309709896
2022-06-03,18.93000030517578,19.860000610351562,18.604999542236328,19.399999618530273,7814200,19.55479997634888,38.91489999294281,-3.1951217702496537,-51.355392642384466
2022-06-06,19.389999389648438,19.639999389648438,18.65999984741211,19.149999618530273,6320600,19.34299997329712,38.70999999523163,0.24297894026883426,-49.90958565735744
2022-06-07,20.399999618530273,20.5,18.989999771118164,19.020000457763672,10245700,19.174999980926515,38.50820000171662,6.3885248439232045,-47.02427114842843
2022-06-08,21.360000610351562,21.56999969482422,20.290000915527344,20.350000381469727,7517400,19.01359998703003,38.314050011634826,12.34064367043648,-44.25021472836943
2022-06-09,20.420000076293945,21.739999771118164,20.420000076293945,21.110000610351562,6042000,18.793999996185303,38.10585000514984,8.651697778220058,-46.41242729519413
2022-06-10,18.850000381469727,20.149999618530273,18.700000762939453,19.75,6043600,18.59019998550415,37.87550001621246,1.3975126473526833,-50.23167912396917
2022-06-13,17.34000015258789,18.469999313354492,17.110000610351562,17.90999984741211,7310900,18.50519998550415,37.6429500246048,-6.296607622879002,-53.9355971270747
2022-06-14,17.75,17.809999465942383,16.84000015258789,17.510000228881836,4622800,18.416599979400633,37.40685001850128,-3.61956050599046,-52.54879790407125
2022-06-15,19.139999389648438,19.422000885009766,18.06999969482422,18.06999969482422,6335600,18.343599948883057,37.17980000019074,4.341565684950921,-48.520434780310154
2022-06-16,17.489999771118164,18.459999084472656,17.364999771118164,18.270000457763672,5726000,18.252199954986573,36.95124999523163,-4.175935973461497,-52.667366399309465
2022-06-17,18.450000762939453,18.6299991607666,17.56999969482422,17.6299991607666,10291700,18.19619997024536,36.73329999446869,1.3948010744502248,-49.77309208342932
2022-06-21,19.260000228881836,20.059999465942383,18.700000762939453,18.860000610351562,6441800,18.15979997634888,36.52184999942779,6.05843816543048,-47.264445176836354
2022-06-22,19.610000610351562,20.219999313354492,18.790000915527344,18.950000762939453,6128400,18.153199977874756,36.30305000782013,8.025034893310078,-45.982498423335436
2022-06-23,21.020000457763672,21.200000762939453,19.700000762939453,19.850000381469727,7232800,18.168999996185303,36.09585001468658,15.69156509536549,-41.766157469041154
2022-06-24,21.920000076293945,22.149999618530273,21.350000381469727,21.600000381469727,31350900,18.211000003814696,35.92320001125336,20.3668116616458,-38.98093691701393
2022-06-27,21.360000610351562,22.299999237060547,21.030000686645508,22.030000686645508,7821300,18.234000034332276,35.75800000667572,17.14380042850405,-40.26511380288655
2022-06-28,20.020000457763672,21.700000762939453,20.0,21.420000076293945,6487500,18.253600025177,35.5814000082016,9.676997579383206,-43.73464660426792
2022-06-29,19.75,20.264999389648438,19.360000610351562,19.920000076293945,7508100,18.274600009918213,35.40245000362396,8.073500866125883,-44.21290052530744
2022-06-30,18.190000534057617,19.395000457763672,18.010000228881836,19.389999389648438,12242600,18.235600032806396,35.21395000934601,-0.2500575723680232,-48.34433362565155
2022-07-01,18.709999084472656,19.100000381469727,18.139999389648438,18.139999389648438,5143600,18.22800001144409,35.03969999790192,2.6442784327734836,-46.60342672570553
2022-07-05,20.549999237060547,20.559999465942383,18.059999465942383,18.40999984741211,6488700,18.278199977874756,34.872949986457826,12.429009759909281,-41.071807102522996
2022-07-06,19.889999389648438,20.8700008392334,19.565000534057617,20.43000030517578,5788300,18.316999950408935,34.70099998950958,8.587647778010643,-42.681768837608836
2022-07-07,21.219999313354492,21.270000457763672,19.889999389648438,20.030000686645508,5068200,18.35779993057251,34.54764998912811,15.591189541266125,-38.577589734664244
2022-07-08,21.059999465942383,21.639999389648438,20.3799991607666,20.719999313354492,3784100,18.415199909210205,34.386149983406064,14.36204640607459,-38.75441281997131
2022-07-11,20.030000686645508,21.0,19.725000381469727,20.950000762939453,3950500,18.448599910736085,34.22129998683929,8.571928404112295,-41.46919990079694
2022-07-12,19.350000381469727,20.780000686645508,19.204999923706055,20.209999084472656,4774600,18.45779993057251,34.04904999256134,4.833731291124388,-43.170219475441755
2022-07-13,19.0,19.670000076293945,18.579999923706055,18.75,3316600,18.481199932098388,33.880549988746644,2.8071774008599615,-43.92062700779411
2022-07-14,18.299999237060547,18.899999618530273,18.149999618530273,18.690000534057617,3054800,18.475799922943114,33.699749989509584,-0.9515186709954548,-45.69692878209136
2022-07-15,18.780000686645508,19.06999969482422,18.049999237060547,18.59000015258789,3097700,18.48779993057251,33.53190000057221,1.5805058317934106,-43.993627899626816
2022-07-18,18.579999923706055,19.760000228881836,18.530000686645508,19.190000534057617,3862900,18.476999912261963,33.36480000019073,0.5574498670411154,-44.31256916390976
2022-07-19,18.8700008392334,18.989999771118164,17.90999984741211,18.889999389648438,3611200,18.501799945831298,33.19610000133515,1.9900814757488616,-43.15597061560109
2022-07-20,20.690000534057617,20.75,19.0,19.0,4982100,18.57299997329712,33.038750004768374,11.398269336155531,-37.376563789273206
2022-07-21,21.0,21.030000686645508,20.18000030517578,20.469999313354492,3613500,18.675799980163575,32.88700001239776,12.444982395961969,-36.144981323673775
2022-07-22,19.40999984741211,21.110000610351562,19.209999084472656,21.049999237060547,3528000,18.75059997558594,32.727450013160706,3.516686787008072,-40.69198840848659
2022-07-25,18.079999923706055,19.170000076293945,18.020000457763672,19.010000228881836,4871100,18.826999969482422,32.56125001430512,-3.967706203788257,-44.473876415177614
2022-07-26,17.34000015258789,18.0,17.165000915527344,17.899999618530273,4935300,18.868199977874756,32.38635001659393,-8.099340833141822,-46.45892438109475
2022-07-27,18.510000228881836,18.584999084472656,17.5,17.940000534057617,4148100,18.88579999923706,32.222000012397764,-1.9898535956666241,-42.554775551610966
2022-07-28,18.6200008392334,18.69499969482422,17.584999084472656,18.299999237060547,4385900,18.92540002822876,32.07470000743866,-1.6137000461804551,-41.948012499212425
2022-07-29,18.329999923706055,18.565000534057617,17.81999969482422,18.459999084472656,3583100,18.950800037384035,31.92590000629425,-3.275851744798819,-42.58580049398055
2022-08-01,18.760000228881836,19.020000457763672,17.81999969482422,18.020000457763672,3397100,18.995200023651122,31.769749999046326,-1.2382064651935032,-40.95011692114361
2022-08-02,19.239999771118164,19.469999313354492,18.360000610351562,18.399999618530273,3014800,19.037400035858155,31.609450001716613,1.0642195619065653,-39.132127354087785
2022-08-03,20.959999084472656,21.229999542236328,19.524999618530273,19.540000915527344,5190600,19.108400020599365,31.464299988746642,9.689974366651398,-33.38482314251675
2022-08-04,21.290000915527344,21.309999465942383,20.46500015258789,20.809999465942383,4533300,19.189200038909913,31.320799984931945,10.947829364213412,-32.025998934351286
2022-08-05,21.239999771118164,21.690000534057617,20.559999465942383,20.6299991607666,4132400,19.295000038146974,31.16839997768402,10.080330288291517,-31.85405800000771
2022-08-08,21.940000534057617,22.1299991607666,21.049999237060547,21.440000534057617,4802600,19.393200035095216,31.019599976539613,13.132440723313032,-29.27052395694649
2022-08-09,20.649999618530273,21.5,20.219999313354492,21.479999542236328,4639700,19.446600036621092,30.868099970817568,6.188226114811779,-33.10245969770539
2022-08-10,21.81999969482422,22.190000534057617,21.459999084472656,22.0,6285800,19.528200035095214,30.723199973106386,11.735846906577585,-28.978753144449797
2022-08-11,20.0,22.06999969482422,19.860000610351562,22.010000228881836,6111400,19.58680004119873,30.55134997844696,2.1095837907782133,-34.53644433352573
2022-08-12,20.700000762939453,20.719999313354492,19.989999771118164,20.200000762939453,3667500,19.664200057983397,30.387349982261657,5.267443892463519,-31.879546011669678
2022-08-15,20.81999969482422,20.948999404907227,20.25,20.459999084472656,2901900,19.687800064086915,30.235499987602235,5.750767617772512,-31.140547689433774
2022-08-16,20.799999237060547,20.96500015258789,19.809999465942383,20.68000030517578,2739000,19.72520004272461,30.083549990653992,5.448863342363741,-30.859226243171268
2022-08-17,19.510000228881836,20.399999618530273,19.43000030517578,20.1299991607666,3691800,19.727600059509278,29.929849991798402,-1.1030223137687423,-34.81423985008909
2022-08-18,19.459999084472656,19.565000534057617,18.981000900268555,19.549999237060547,2693100,19.708800048828124,29.76324999332428,-1.262385146427325,-34.61735835690855
2022-08-19,18.0,19.020000457763672,17.735000610351562,19.010000228881836,5788300,19.641600036621092,29.589699997901917,-8.357771431860872,-39.16802130039741
2022-08-22,17.059999465942383,17.790000915527344,16.940000534057617,17.670000076293945,6444300,19.57440002441406,29.40319999217987,-12.845351864351429,-41.97910611607006
2022-08-23,16.8700008392334,17.520000457763672,16.84000015258789,17.06999969482422,3830800,19.534800033569336,29.20000000476837,-13.641292410245542,-42.226024532607795
2022-08-24,17.239999771118164,17.690000534057617,16.809999465942383,17.010000228881836,3379500,19.53280002593994,29.00550000667572,-11.738205745089768,-40.562997475822456
2022-08-25,18.06999969482422,18.079999923706055,17.25,17.5,3213300,19.539200019836425,28.813350005149843,-7.519245022931631,-37.2860160599356
2022-08-26,16.950000762939453,18.09000015258789,16.8700008392334,18.0,4047100,19.495400047302248,28.610700011253357,-13.056409605275189,-40.75642764325038
2022-08-29,16.520000457763672,17.15999984741211,16.510000228881836,16.719999313354492,4330900,19.476000061035155,28.41325002193451,-15.177652464611723,-41.85811040619946
2022-08-30,16.450000762939453,16.989999771118164,16.280000686645508,16.670000076293945,4530700,19.436000061035156,28.20825002193451,-15.363239806126394,-41.68372461904563
2022-08-31,16.450000762939453,17.209999084472656,16.290000915527344,16.8799991607666,5200800,19.379800071716307,28.02200002193451,-15.117799450638946,-41.29612179693439
2022-09-01,16.15999984741211,16.18000030517578,15.399999618530273,16.09000015258789,8048100,19.31080005645752,27.835100016593934,-16.316259294455204,-41.94380534728346
2022-09-02,16.100000381469727,16.920000076293945,15.729999542236328,16.309999465942383,6344700,19.212400054931642,27.635850014686586,-16.19995245030822,-41.74233695394328
2022-09-06,15.59000015258789,16.209999084472656,15.545000076293945,16.110000610351562,9723900,19.08580005645752,27.43730001926422,-18.316234548872657,-43.17953974464736
2022-09-07,13.84000015258789,13.920000076293945,12.210000038146973,12.600000381469727,39549100,18.935400047302245,27.237000012397765,-26.90938602820966,-49.18676746231896
2022-09-08,13.949999809265137,14.0,13.005000114440918,13.5600004196167,17167200,18.814000034332274,27.04390001296997,-25.853089274961118,-48.417203870096905
2022-09-09,14.640000343322754,14.949999809265137,14.180000305175781,14.220000267028809,11778200,18.71180004119873,26.87260000705719,-21.760598600406624,-45.52071500532867
2022-09-12,15.5,15.574999809265137,14.65999984741211,14.699999809265137,8419400,18.658000030517577,26.710750012397767,-16.925715646651618,-41.97092933442269
2022-09-13,14.319999694824219,14.760000228881836,14.069999694824219,14.399999618530273,8184600,18.570200042724608,26.536550011634827,-22.887208205199293,-46.036693961552345
2022-09-14,14.329999923706055,14.399999618530273,13.779999732971191,14.319999694824219,9118300,18.445800056457518,26.35985002040863,-22.312939098082662,-45.63702026904054
2022-09-15,15.170000076293945,15.369999885559082,14.100000381469727,14.289999961853027,11319100,18.35140007019043,26.188250012397766,-17.33600696256562,-42.073257781209804
2022-09-16,14.029999732971191,14.640000343322754,13.699999809265137,14.579999923706055,16518200,18.207600078582765,26.017150011062622,-22.944266831330506,-46.07403298591288
2022-09-19,14.039999961853027,14.125,13.640000343322754,13.899999618530273,6538100,18.067200088500975,25.86770000934601,-22.290117488714223,-45.723817901164885
2022-09-20,13.789999961853027,14.104999542236328,13.640000343322754,13.789999961853027,6157500,17.94240007400513,25.720300006866456,-23.142946846715784,-46.38476239323973
2022-09-21,13.670000076293945,14.399999618530273,13.600000381469727,13.84000015258789,6134300,17.82880006790161,25.567050008773805,-23.326303373018543,-46.53274401386616
2022-09-22,13.039999961853027,13.779999732971191,13.029999732971191,13.5600004196167,7098300,17.709600067138673,25.40645000934601,-26.36762031656714,-48.67445094825867
2022-09-23,12.869999885559082,13.130000114440918,12.510000228881836,12.869999885559082,7840700,17.601000080108644,25.235900011062622,-26.879155576484493,-49.0012249219672
2022-09-26,12.75,13.430000305175781,12.729999542236328,12.9399995803833,5031800,17.480400066375733,25.06110001564026,-27.061165925343154,-49.124340144515145
2022-09-27,13.4399995803833,13.539999961853027,12.848999977111816,13.239999771118164,8179800,17.377600059509277,24.893050017356874,-22.65905801515592,-46.00902833918642
2022-09-28,12.9399995803833,13.380000114440918,12.460000038146973,13.229999542236328,14751500,17.259000034332274,24.737500019073487,-25.024627413856248,-47.69075464211782
2022-09-29,12.569999694824219,12.845000267028809,12.119999885559082,12.609999656677246,13643200,17.09660001754761,24.582850017547607,-26.476611244793567,-48.86679255720323
2022-09-30,12.609999656677246,13.020000457763672,12.40999984741211,12.5,9803100,16.92880001068115,24.432300009727477,-25.511556349410334,-48.38799600669319
2022-10-03,12.75,12.970000267028809,12.329999923706055,12.75,7654300,16.79560001373291,24.285300002098083,-24.087261011366234,-47.499104401022485
2022-10-04,13.75,13.960000038146973,13.220000267028809,13.239999771118164,10631000,16.709000015258788,24.154999995231627,-17.709019166656326,-43.07596769731173
2022-10-05,13.609999656677246,13.739999771118164,13.09000015258789,13.399999618530273,4883600,16.634400005340577,24.016499986648558,-18.18160166698125,-43.33062825872452
2022-10-06,13.670000076293945,14.029999732971191,13.515000343322754,13.600000381469727,4634200,16.53760000228882,23.877549991607665,-17.339879581063734,-42.7495698633294
2022-10-07,12.960000038146973,13.390000343322754,12.800000190734863,13.279999732971191,5809400,16.42439998626709,23.72519999027252,-21.09300766552691,-45.37453828224566
2022-10-10,12.210000038146973,13.050000190734863,12.074999809265137,12.930000305175781,6040900,16.30199998855591,23.565449991226195,-25.101214288317642,-48.18685812198385
2022-10-11,11.779999732971191,12.28499984741211,11.614999771118164,12.199999809265137,8291500,16.162399978637694,23.402349982261658,-27.114786488756902,-49.66317595497841
2022-10-12,11.979999542236328,12.210000038146973,11.604999542236328,11.880000114440918,5467700,16.01719997406006,23.241199984550477,-25.205406927315632,-48.45361018277886
2022-10-13,11.760000228881836,12.09000015258789,11.140000343322754,11.550000190734863,6352400,15.833199996948242,23.080599980354307,-25.7256888617051,-49.04811729811319
2022-10-14,11.119999885559082,12.010000228881836,11.100000381469727,11.949999809265137,7339500,15.629799976348878,22.91979998588562,-28.853856719945593,-51.4829977032655
2022-10-17,12.130000114440918,12.350000381469727,11.5,11.5,5965800,15.447599983215332,22.7583499956131,-21.476474483927397,-46.700880701900196
2022-10-18,12.260000228881836,12.850000381469727,12.119999885559082,12.510000228881836,5042500,15.253999977111816,22.60399999141693,-19.627637031089485,-45.7618110354931
2022-10-19,11.739999771118164,12.130000114440918,11.5600004196167,12.100000381469727,4617900,15.075799980163573,22.443349995613097,-22.126853722088292,-47.690519581912106
2022-10-20,11.59000015258789,12.319999694824219,11.550000190734863,11.680000305175781,7174000,14.871199989318848,22.288849987983703,-22.064122862228064,-48.000905570111264
2022-10-21,11.75,11.765000343322754,11.09000015258789,11.449999809265137,5051400,14.706199989318847,22.1570999956131,-20.101725744692324,-46.969594385879056
2022-10-24,11.6899995803833,11.869999885559082,11.225000381469727,11.680000305175781,4942200,14.525999965667724,22.017499990463257,-19.523615530685145,-46.90587221325423
2022-10-25,12.399999618530273,12.4399995803833,11.829999923706055,11.829999923706055,6320400,14.357599964141846,21.88349998474121,-13.634593180619925,-43.336305311415146
2022-10-26,12.050000190734863,12.739999771118164,11.920000076293945,12.020000457763672,4222300,14.182599983215333,21.749649987220764,-15.036733708941485,-44.59680869432396
2022-10-27,12.420000076293945,12.545000076293945,12.09000015258789,12.170000076293945,4763100,14.040799980163575,21.604549994468687,-11.543501126427614,-42.512109349772246
2022-10-28,12.859999656677246,12.890000343322754,12.09000015258789,12.140000343322754,5781300,13.908799991607665,21.470099992752075,-7.5405522803063345,-40.10274912078401
2022-10-31,12.649999618530273,13.0,12.520000457763672,12.710000038146973,4296700,13.801799983978272,21.34529998779297,-8.345290953245655,-40.736369946711434
2022-11-01,12.329999923706055,13.170000076293945,12.204999923706055,13.069999694824219,4704400,13.707199993133544,21.22329998970032,-10.047274936656514,-41.90347434334052
2022-11-02,11.15999984741211,12.300000190734863,11.130000114440918,12.289999961853027,7481800,13.592999973297118,21.101549997329712,-17.89891952228747,-47.11289052783162
2022-11-03,10.739999771118164,11.454999923706055,10.699999809265137,10.9399995803833,6532200,13.46299997329712,20.978950004577637,-20.22580559741386,-48.805827895225065
2022-11-04,10.789999961853027,11.15999984741211,10.395999908447266,11.0,6807200,13.317399978637695,20.856300005912782,-18.97817908029228,-48.26503282560161
2022-11-07,11.010000228881836,11.199999809265137,10.739999771118164,11.0,4336100,13.198599967956543,20.737700009346007,-16.58205979716161,-46.908286724565016
2022-11-08,11.270000457763672,11.6850004196167,10.6850004196167,11.149999618530273,5606100,13.093599967956543,20.611600003242494,-13.92741121353711,-45.32204944792863
2022-11-09,10.550000190734863,11.010000228881836,10.470000267028809,11.0,7414300,12.97559995651245,20.487850008010863,-18.6935461474379,-48.50606487938093
2022-11-10,11.869999885559082,12.069999694824219,11.369999885559082,11.510000228881836,9165800,12.883999938964843,20.376700015068053,-7.870227089485926,-41.74719225006248
2022-11-11,12.569999694824219,12.880000114440918,11.5600004196167,11.729999542236328,10806600,12.812199935913085,20.27530002117157,-1.8903876172738254,-38.00338499702317
2022-11-14,12.050000190734863,12.59000015258789,11.819999694824219,12.40999984741211,4743100,12.731199932098388,20.168400020599364,-5.3506326583251385,-40.25306827300442
2022-11-15,13.40999984741211,14.045000076293945,13.3149995803833,13.420000076293945,12324700,12.687599925994872,20.05280002593994,5.693747640459201,-33.12654676621133
2022-11-16,12.960000038146973,13.420000076293945,12.680000305175781,13.149999618530273,6811700,12.669999923706055,19.931900029182433,2.288872266670783,-34.978602044099425
2022-11-17,12.65999984741211,12.907999992370605,12.239999771118164,12.550000190734863,5786300,12.644199924468994,19.821350026130677,0.12495787030810668,-36.12947740329338
2022-11-18,12.5,12.970000267028809,12.369999885559082,12.90999984741211,3544500,12.601399917602539,19.71705002307892,-0.8046718480928083,-36.60309232177897
2022-11-21,11.800000190734863,12.449999809265137,11.630000114440918,12.279999732971191,6433900,12.527399921417237,19.599450025558472,-5.806470099503946,-39.79422802503546
2022-11-22,11.9399995803833,11.949999809265137,11.479999542236328,11.720000267028809,3952100,12.479799919128418,19.481850028038025,-4.325392572341946,-38.71218819978899
2022-11-23,12.489999771118164,12.680000305175781,11.84000015258789,11.970000267028809,5051800,12.44299991607666,19.361850018501283,0.3777212517761086,-35.491702708246876
2022-11-25,12.420000076293945,12.4399995803833,12.079999923706055,12.289999961853027,2220400,12.38799991607666,19.23635001659393,0.25831579297765916,-35.43473649845199
2022-11-28,12.079999923706055,12.640000343322754,12.020000457763672,12.239999771118164,4754400,12.348999919891357,19.11240002155304,-2.1783140167650816,-36.79496081034591
2022-11-29,11.770000457763672,12.260000228881836,11.699999809265137,12.130000114440918,6142000,12.30359992980957,18.9844500207901,-4.336937766913862,-38.00188867797485
2022-11-30,12.470000267028809,12.479999542236328,11.430000305175781,11.739999771118164,10092000,12.277199935913085,18.86060001373291,1.570393348012078,-33.88333214240763
2022-12-01,12.920000076293945,12.989999771118164,12.350000381469727,12.380000114440918,8427700,12.262199935913086,18.730800008773805,5.364454533597329,-31.02270020371788
2022-12-02,14.529999732971191,14.920000076293945,13.920000076293945,13.960000038146973,18555500,12.291999931335448,18.614000010490418,18.20696236688475,-21.940476389908557
2022-12-05,13.210000038146973,14.579999923706055,13.010000228881836,14.449999809265137,9347100,12.298799934387207,18.49720001220703,7.408853779400615,-28.583785494944248
2022-12-06,12.4399995803833,13.220000267028809,12.25,13.210000038146973,7023500,12.292599925994873,18.36965000629425,1.1990925864000967,-32.27960480400655
2022-12-07,12.5600004196167,12.779999732971191,12.260000228881836,12.359999656677246,5556400,12.27499994277954,18.260600013732912,2.321796156136058,-31.21803001998329
2022-12-08,13.100000381469727,13.3149995803833,12.329999923706055,12.619999885559082,6170900,12.27819995880127,18.16565001487732,6.6931669579087805,-27.885870471240626
2022-12-09,12.949999809265137,13.489999771118164,12.760000228881836,13.020000457763672,4182800,12.285799961090088,18.06840000629425,5.406240133150564,-28.327910580051828
2022-12-12,13.15999984741211,13.270000457763672,12.420000076293945,12.6899995803833,6091000,12.296799964904785,17.970250000953673,7.019711510075033,-26.76785327575457
2022-12-13,13.300000190734863,14.550000190734863,13.15999984741211,14.050000190734863,8824000,12.307799968719483,17.863200006484984,8.061556285746253,-25.545254008763905
2022-12-14,13.09000015258789,13.4399995803833,12.9399995803833,13.199999809265137,5367700,12.294599971771241,17.758900003433226,6.469508423559223,-26.290478858165333
2022-12-15,12.670000076293945,13.085000038146973,12.645000457763672,12.710000038146973,6066300,12.275799980163574,17.652600002288818,3.2111967999426394,-28.2258699871341
2022-12-16,12.729999542236328,12.880000114440918,12.569999694824219,12.59000015258789,7463300,12.256999969482422,17.55994999885559,3.8590158597665347,-27.505490943505173
2022-12-19,12.479999542236328,12.755000114440918,12.40999984741211,12.670000076293945,3280700,12.24739995956421,17.48085000038147,1.8991751999613449,-28.607593212206574
2022-12-20,12.59000015258789,12.84000015258789,12.220000267028809,12.289999961853027,5795200,12.254999961853027,17.40784999847412,2.7335796962679737,-27.676306070586175
2022-12-21,13.020000457763672,13.149999618530273,12.515000343322754,12.600000381469727,4391600,12.279799976348876,17.334849996566774,6.027789400808126,-24.891184750128627
2022-12-22,12.260000228881836,12.78499984741211,11.899999618530273,12.720000267028809,5706700,12.285399990081787,17.250199995040894,-0.20674753138243407,-28.928358903628048
2022-12-23,12.109999656677246,12.270000457763672,11.8100004196167,12.140000343322754,4710500,12.292399978637695,17.168499989509584,-1.4838462975288236,-29.463845623806495
2022-12-27,11.949999809265137,12.130000114440918,11.59000015258789,11.979999542236328,3964700,12.308999977111817,17.097199993133543,-2.9165664839891914,-30.105515440748132
2022-12-28,12.079999923706055,12.329000473022461,11.8100004196167,11.920000076293945,5435800,12.30799997329712,17.034799995422365,-1.8524540955941138,-29.086341330968235
2022-12-29,12.6899995803833,12.720000267028809,12.109999656677246,12.149999618530273,5036400,12.316599960327148,16.973799996376037,3.031677745959982,-25.237721764763
2022-12-30,12.710000038146973,12.739999771118164,12.3100004196167,12.380000114440918,3677100,12.335999965667725,16.898249998092652,3.031777509080147,-24.785110650028365
2023-01-03,12.289999961853027,13.291000366210938,12.135000228881836,12.979999542236328,4987800,12.349999961853028,16.81664999485016,-0.48582996101481646,-26.917668110969483
2023-01-04,12.449999809265137,12.75,12.130000114440918,12.489999771118164,4808600,12.36399995803833,16.729449996948244,0.6955665765017605,-25.58033999004006
2023-01-05,11.380000114440918,12.3100004196167,11.350000381469727,12.260000228881836,5567000,12.357799968719483,16.63909999370575,-7.912410435139005,-31.606877062186335
2023-01-06,11.699999809265137,11.869999885559082,10.979999542236328,11.420000076293945,5113800,12.34379997253418,16.542549991607665,-5.21557514461951,-29.27329936919787
2023-01-09,12.699999809265137,13.020000457763672,11.850000381469727,12.0,14356500,12.356799964904786,16.4548499917984,2.777416850115655,-22.819109164804274
2023-01-10,12.75,12.880000114440918,12.350000381469727,12.479999542236328,3749600,12.363399963378907,16.36869999408722,3.1269718505121835,-22.107436726156525
2023-01-11,13.229999542236328,13.25,12.574999809265137,12.920000076293945,5335900,12.370799961090087,16.290849995613097,6.9453841614825595,-18.788770716083047
2023-01-12,13.579999923706055,13.630000114440918,12.635000228881836,13.300000190734863,6055200,12.389399967193604,16.21159999370575,9.60982743042511,-16.232821381118644
2023-01-13,13.8100004196167,14.270000457763672,13.34000015258789,13.359999656677246,7457400,12.418999977111817,16.123649997711183,11.200583340594994,-14.349415786269958
2023-01-17,14.359999656677246,14.369999885559082,13.489999771118164,13.770000457763672,4245700,12.482999973297119,16.05024999141693,15.036447067173686,-10.530990705089117
2023-01-18,13.899999618530273,15.15999984741211,13.890000343322754,14.520000457763672,6668800,12.546199970245361,16.011799988746642,10.790515466799434,-13.189025416883648
2023-01-19,13.5600004196167,14.234999656677246,13.449999809265137,13.640000343322754,4370100,12.601599979400635,15.968699989318848,7.605386949139192,-15.0838801612735
2023-01-20,14.229999542236328,14.3149995803833,13.619999885559082,13.65999984741211,4161600,12.665999965667725,15.925899982452393,12.348015007168467,-10.64869452956917
2023-01-23,14.640000343322754,14.699999809265137,14.109999656677246,14.300000190734863,2831200,12.733399963378906,15.888799986839295,14.97322306239659,-7.859622152402467
2023-01-24,14.359999656677246,14.880000114440918,14.1899995803833,14.40999984741211,4501900,12.809599952697754,15.854349985122681,12.103420166942612,-9.425490984163309
2023-01-25,14.180000305175781,14.229999542236328,13.4399995803833,13.550000190734863,4679100,12.855799961090089,15.819849987030029,10.300411861522218,-10.365772641325199
2023-01-26,14.5600004196167,14.890000343322754,14.149999618530273,14.710000038146973,4595300,12.895599975585938,15.792949986457824,12.906731343883337,-7.806961763941233
2023-01-27,15.279999732971191,15.420000076293945,14.430000305175781,14.489999771118164,6708000,12.960199966430665,15.7681999874115,17.899413377488326,-3.0961064346600176
2023-01-30,14.569999694824219,15.159000396728516,14.479999542236328,14.899999618530273,3720800,12.983399963378906,15.741949987411498,12.220217631132746,-7.44475934381994
2023-01-31,15.359999656677246,15.739999771118164,14.550000190734863,14.600000381469727,7811100,13.031399955749512,15.717699990272521,17.869144595629916,-2.275780386549253
2023-02-01,17.100000381469727,17.1200008392334,15.425000190734863,15.529999732971191,12934600,13.120199966430665,15.707999987602234,30.333382305313773,8.86172902321205
2023-02-02,17.600000381469727,18.34000015258789,17.350000381469727,17.729999542236328,9507600,13.222199974060059,15.702499985694885,33.10947055708009,12.08406557875168
2023-02-03,16.90999984741211,17.665000915527344,16.610000610351562,16.84000015258789,6174500,13.324399967193603,15.686349987983704,26.910028887204795,7.800730318817095
2023-02-06,16.649999618530273,17.149999618530273,16.450000762939453,16.6299991607666,4138400,13.418599967956544,15.674149985313415,24.08149626853975,6.225853613313803
2023-02-07,16.81999969482422,16.889999389648438,16.030000686645508,16.670000076293945,6016100,13.505199966430665,15.6680499792099,24.54461790001643,7.352221349452237
2023-02-08,16.309999465942383,17.350000381469727,16.25,16.889999389648438,5106400,13.582999954223633,15.659849972724915,20.076562768969097,4.151696819253359
2023-02-09,15.75,16.600000381469727,15.635000228881836,16.5,4669800,13.656399955749512,15.642699971199036,15.330541365472072,0.6859431491911483
2023-02-10,15.0,15.640000343322754,14.880000114440918,15.40999984741211,4589200,13.720999946594238,15.626749968528747,9.321478451891018,-4.010750602594781
2023-02-13,15.399999618530273,15.569999694824219,15.020000457763672,15.130000114440918,3664300,13.779599933624267,15.611949963569641,11.759410234777512,-1.3576160923776448
2023-02-14,16.06999969482422,16.155000686645508,15.010000228881836,15.100000381469727,4577600,13.842599925994874,15.59784996509552,16.090906193471177,3.027018023543393
2023-02-15,16.84000015258789,17.139999389648438,15.899999618530273,16.06999969482422,5293900,13.888799934387206,15.59289996623993,21.24877766360378,7.997872038222842
2023-02-16,16.059999465942383,16.600000381469727,15.944999694824219,16.149999618530273,4321700,13.945799922943115,15.58034996509552,15.160116699516578,3.0785540884602502
2023-02-17,15.539999961853027,15.9399995803833,15.210000038146973,15.774999618530273,5432100,14.00779993057251,15.567149963378906,10.938191856498737,-0.17440572994894543
2023-02-21,14.710000038146973,15.229999542236328,14.670000076293945,15.0,4432500,14.050799922943115,15.545099959373474,4.691548657863032,-5.372110333217561
2023-02-22,15.1899995803833,15.289999961853027,14.710000038146973,14.779999732971191,3384300,14.092599906921386,15.532899961471557,7.787063286476625,-2.2075747731511886
2023-02-23,15.09000015258789,15.579999923706055,14.520000457763672,15.579999923706055,6782700,14.135399913787841,15.522699966430665,6.753259508907994,-2.787529326589633
2023-02-24,14.670000076293945,14.850000381469727,14.449999809265137,14.630000114440918,3213300,14.165599918365478,15.516749968528748,3.5607398263064027,-5.457005455086861
2023-02-27,14.720000267028809,14.989999771118164,14.600000381469727,14.989999771118164,3030700,14.193999919891358,15.511999969482423,3.705793645949784,-5.105722692185122
2023-02-28,14.84000015258789,15.109999656677246,14.720000267028809,14.720000267028809,3571700,14.228999919891358,15.514899969100952,4.294049027594604,-4.3500107500349605
2023-03-01,14.579999923706055,14.979999542236328,14.489999771118164,14.869999885559082,3008400,14.2671999168396,15.511399970054626,2.192441464966488,-6.004616270270102
2023-03-02,15.140000343322754,15.175000190734863,14.1899995803833,14.390000343322754,4200000,14.315399932861329,15.498949975967408,5.760233135845105,-2.3159609728480968
2023-03-03,15.6899995803833,15.770000457763672,15.15999984741211,15.199999809265137,4404600,14.379599933624268,15.494199976921081,9.112907541293168,1.2636961169590455
2023-03-06,15.270000457763672,16.079999923706055,15.270000457763672,15.829999923706055,3197400,14.433199939727784,15.485249981880187,5.797747703422096,-1.3900293787209472
2023-03-07,15.270000457763672,15.604999542236328,15.140000343322754,15.220000267028809,4785200,14.478199939727784,15.47889997959137,5.468915482118808,-1.3495760170498472
2023-03-08,15.4399995803833,15.53499984741211,15.109999656677246,15.279999732971191,2844100,14.541799926757813,15.470449981689454,6.176674539255256,-0.19682944802635882
2023-03-09,14.699999809265137,15.795000076293945,14.579999923706055,15.369999885559082,6407100,14.59359992980957,15.456899981498719,0.7290859004448036,-4.896843307128595
2023-03-10,13.880000114440918,14.760000228881836,13.529999732971191,14.539999961853027,8762000,14.632199935913086,15.440049982070922,-5.140715851113942,-10.10391721167706
2023-03-13,14.300000190734863,14.619999885559082,13.260000228881836,13.6899995803833,7547200,14.676599941253663,15.431799983978271,-2.565987708503492,-7.334204658033894
2023-03-14,14.359999656677246,14.850000381469727,14.03499984741211,14.770000457763672,6554800,14.709999942779541,15.41844997882843,-2.379335740746169,-6.864829626872848
2023-03-15,14.640000343322754,14.680000305175781,13.9399995803833,14.130000114440918,11591400,14.748599948883056,15.401749982833863,-0.7363384045719346,-4.945864206081274
2023-03-16,17.219999313354492,18.079999923706055,16.6299991607666,17.15999984741211,33893800,14.847199935913086,15.399149980545044,15.981460394440905,11.824349623906972
2023-03-17,17.049999237060547,17.209999084472656,16.655000686645508,16.940000534057617,13034400,14.939199924468994,15.399049978256226,14.12926611373788,10.721111114877191
2023-03-20,16.450000762939453,16.950000762939453,15.979999542236328,16.790000915527344,9294900,15.040599937438964,15.397149982452392,9.370642337159829,6.837958853988946
2023-03-21,17.399999618530273,17.514999389648438,16.489999771118164,16.56999969482422,6939300,15.154599933624267,15.385949983596802,14.816621321187284,13.090187067296345
2023-03-22,16.219999313354492,17.329999923706055,16.19499969482422,17.299999237060547,8377600,15.224999923706054,15.372399978637695,6.53529980055485,5.513773619569262
2023-03-23,16.530000686645508,16.84000015258789,16.219999313354492,16.40999984741211,6145200,15.300599937438966,15.358099985122681,8.034983949866747,7.630505743926919
2023-03-24,15.930000305175781,16.520000457763672,15.670000076293945,16.469999313354492,6464200,15.354599952697754,15.335749988555909,3.747413506380104,3.874934822642029
2023-03-27,16.09000015258789,16.350000381469727,15.899999618530273,15.979999542236328,4591000,15.40479995727539,15.30939998626709,4.447965551080668,5.098829261898041
2023-03-28,15.770000457763672,16.18000030517578,15.6899995803833,16.010000228881836,4052000,15.44399995803833,15.286149988174438,2.1108553523121687,3.1652866808421054
2023-03-29,16.549999237060547,16.604999542236328,15.550000190734863,15.760000228881836,7001300,15.487799949645996,15.274649982452393,6.858296794044194,8.349449945323006
2023-03-30,16.68000030517578,17.31999969482422,16.549999237060547,16.969999313354492,5471900,15.543399963378906,15.271349983215332,7.312430642425505,9.224137509183471
2023-03-31,17.559999465942383,18.1200008392334,16.579999923706055,16.829999923706055,10913900,15.62339994430542,15.270399980545044,12.395506282503078,14.993709976911918
2023-04-03,17.389999389648438,17.524999618530273,16.829999923706055,17.209999084472656,7596100,15.686599941253663,15.261649980545045,10.858946201050635,13.94573595788482
2023-04-04,17.280000686645508,17.559999465942383,17.06999969482422,17.540000915527344,4605700,15.739399948120116,15.260599985122681,9.788179623133587,13.232773963615507
2023-04-05,16.5,17.18000030517578,16.229999542236328,17.1299991607666,6782700,15.782199954986572,15.250849981307983,4.548162151415602,8.190691143267582
2023-04-06,16.549999237060547,16.7549991607666,16.010000228881836,16.450000762939453,4296400,15.829599933624268,15.237299976348877,4.550963425841559,8.615038509113958
2023-04-10,16.530000686645508,16.56999969482422,16.030000686645508,16.190000534057617,6594600,15.868999938964844,15.221899976730347,4.165358562121102,8.593544248187479
2023-04-11,16.520000457763672,16.799999237060547,16.229999542236328,16.360000610351562,4647700,15.893799953460693,15.199399976730346,3.9399042779988624,8.688504039995726
2023-04-12,16.170000076293945,17.020000457763672,16.06999969482422,16.979999542236328,3874600,15.925799961090087,15.170649976730347,1.5333616885838675,6.587391450573721
2023-04-13,16.59000015258789,16.649999618530273,16.229999542236328,16.280000686645508,4001500,15.9503999710083,15.146799974441528,4.009931931124844,9.528086332305152
2023-04-14,16.200000762939453,16.621000289916992,16.059999465942383,16.389999389648438,3264200,15.932399978637696,15.127699975967408,1.679601219279947,7.0883266370668
2023-04-17,16.209999084472656,16.43000030517578,15.90999984741211,16.149999618530273,3179600,15.904599952697755,15.10999997138977,1.9201937344114128,7.27994119897879
2023-04-18,15.949999809265137,16.520000457763672,15.84000015258789,16.469999313354492,3122100,15.885399951934815,15.098799967765808,0.4066618248566911,5.63753307094963
2023-04-19,15.899999618530273,15.970000267028809,15.510000228881836,15.75,3803000,15.870399951934814,15.084749970436096,0.1865086367395019,5.404462451760539
2023-04-20,15.460000038146973,15.789999961853027,15.359999656677246,15.569999694824219,3297300,15.84319995880127,15.059299974441528,-2.4187027977351283,2.6608146752206796
2023-04-21,15.34000015258789,15.440999984741211,15.079999923706055,15.369999885559082,3918500,15.82379997253418,15.036549978256225,-3.0574187033837297,2.018083767689216
2023-04-24,15.039999961853027,15.369999885559082,14.8100004196167,15.25,4545500,15.80959997177124,15.005649981498719,-4.867928418760547,0.22891364517139134
2023-04-25,14.420000076293945,14.9350004196167,14.390000343322754,14.899999618530273,4363900,15.797999973297118,14.972449984550476,-8.722622479632635,-3.68977628128051
2023-04-26,14.119999885559082,14.880000114440918,14.0,14.699999809265137,4373800,15.772399978637695,14.942899980545043,-10.476529223939545,-5.506963815975063
2023-04-27,14.229999542236328,14.460000038146973,14.0649995803833,14.34000015258789,3692100,15.735599975585938,14.917299976348877,-9.568115837245328,-4.607405061252723
2023-04-28,14.079999923706055,14.22599983215332,13.762999534606934,14.069999694824219,3877800,15.6803999710083,14.892699975967407,-10.206372606956759,-5.457036357227496
2023-05-01,14.149999618530273,14.300000190734863,13.880000114440918,13.970000267028809,2865300,15.642199974060059,14.871949977874756,-9.539581120330565,-4.854443165950261
2023-05-02,13.579999923706055,14.069999694824219,13.364999771118164,14.020000457763672,8704600,15.60299997329712,14.845949974060058,-12.965455701167826,-8.527241790292738
2023-05-03,12.65999984741211,13.539999961853027,12.619999885559082,13.479999542236328,12850500,15.561999969482422,14.816349973678589,-18.647989511381745,-14.553855234907786
2023-05-04,12.510000228881836,12.829999923706055,12.375,12.520000457763672,8158800,15.508399982452392,14.78454997062683,-19.33403676048604,-15.38463968307423
2023-05-05,12.869999885559082,12.979999542236328,12.649999618530273,12.710000038146973,5324700,15.463999977111817,14.745449967384339,-16.774444486498318,-12.718839275665307
2023-05-08,13.40999984741211,13.539999961853027,12.890000343322754,12.979999542236328,6289300,15.438799972534179,14.707499966621398,-13.140918521720145,-8.822030407302117
2023-05-09,13.850000381469727,13.9399995803833,13.3100004196167,13.3100004196167,6992400,15.421399974822998,14.679699969291686,-10.189733720146943,-5.652020065516328
2023-05-10,14.3100004196167,14.399999618530273,14.0,14.180000305175781,5497400,15.410799980163574,14.66084997177124,-7.143039699196663,-2.393105125760686
2023-05-11,14.609999656677246,14.6899995803833,14.199999809265137,14.420000076293945,7279400,15.411399974822999,14.647199969291687,-5.20004879151128,-0.2539755905048957
2023-05-12,14.25,14.819999694824219,13.949999809265137,14.649999618530273,6578900,15.393599967956543,14.625899968147278,-7.429061235429469,-2.5700980381783256
2023-05-15,14.8100004196167,14.989999771118164,14.100000381469727,14.229999542236328,4953600,15.375999984741211,14.606849966049195,-3.6810585697593434,1.3907889383384386
2023-05-16,14.899999618530273,15.020000457763672,14.640000343322754,14.710000038146973,6638800,15.368599967956543,14.589699964523316,-3.049076366118575,2.12684054340726
2023-05-17,15.119999885559082,15.239999771118164,14.609999656677246,14.970000267028809,6384700,15.365599956512451,14.571499962806701,-1.598376058523343,3.7641967138071664
2023-05-18,15.460000038146973,15.489999771118164,15.09000015258789,15.119999885559082,6385600,15.365999965667724,14.552599964141846,0.6117406787015112,6.235312426927098
2023-05-19,15.489999771118164,15.664999961853027,15.3100004196167,15.460000038146973,6080800,15.381799964904785,14.525249967575073,0.7034274692184761,6.641880901855157
2023-05-22,16.6299991607666,16.795000076293945,15.529999732971191,15.609999656677246,9855600,15.436799945831298,14.50194995880127,7.729576201818467,14.674228003895529
2023-05-23,16.6299991607666,17.614999771118164,16.579999923706055,16.579999923706055,13275300,15.483399925231934,14.478899955749512,7.4053453445076745,14.856786161872026
2023-05-24,16.34000015258789,16.625,16.100000381469727,16.280000686645508,13848300,15.522999935150146,14.450899953842162,5.263159317470167,13.072543611676313
2023-05-25,14.510000228881836,14.760000228881836,13.300000190734863,14.600000381469727,35767800,15.520399932861329,14.42019995689392,-6.5101396120609945,0.6227394367370298
2023-05-26,15.619999885559082,16.18000030517578,14.65999984741211,14.800000190734863,22730100,15.48839994430542,14.389199957847595,0.8496677624989069,8.553636972987032
2023-05-30,16.56999969482422,17.135000228881836,16.05500030517578,16.8799991607666,18579200,15.478799953460694,14.372049956321716,7.049640441406169,15.293223619332807
2023-05-31,17.889999389648438,17.899999618530273,16.43000030517578,16.489999771118164,41572000,15.507599925994873,14.35799994945526,15.362786472586443,24.599522584112975
2023-06-01,17.93000030517578,18.149999618530273,16.690000534057617,17.270000457763672,17971400,15.518199939727783,14.343549952507018,15.541753391600555,25.003924164825797
2023-06-02,18.239999771118164,19.530000686645508,18.190000534057617,18.729999542236328,20183200,15.558599948883057,14.330749955177307,17.234197363803318,27.278752529825233
2023-06-05,19.399999618530273,19.639999389648438,18.110000610351562,18.260000228881836,17861000,15.615999927520752,14.330199952125549,24.23155551083742,35.37842935438413
2023-06-06,19.459999084472656,19.709999084472656,18.81999969482422,19.040000915527344,15552500,15.68659990310669,14.330199952125549,24.05492079018765,35.79712180908001
2023-06-07,17.920000076293945,19.940000534057617,17.670000076293945,19.8799991607666,19583000,15.723199901580811,14.329799952507019,13.971711791899732,25.054084046433722
2023-06-08,18.270000457763672,18.6200008392334,17.860000610351562,17.93000030517578,9828500,15.77319990158081,14.335849957466126,15.829385107410122,27.442743276262014
2023-06-09,17.170000076293945,18.290000915527344,16.969999313354492,17.850000381469727,17312700,15.78559991836548,14.337349953651428,8.7700192902888,19.757138744605317
2023-06-12,17.690000534057617,17.809999465942383,17.170000076293945,17.309999465942383,8257300,15.805799922943116,14.339599957466126,11.920944338789607,23.364672560806387
2023-06-13,17.899999618530273,18.459999084472656,17.649999618530273,18.190000534057617,9702200,15.812599925994872,14.338749957084655,13.200863250222717,24.836542042397735
2023-06-14,17.989999771118164,18.3700008392334,17.55500030517578,17.81999969482422,11011400,15.824599933624267,14.343949952125548,13.683757229734672,25.418729367863758
2023-06-15,18.75,18.860000610351562,17.6200008392334,17.8799991607666,11214300,15.853999919891358,14.355099949836731,18.26668408440668,30.61560048708163
2023-06-16,18.100000381469727,18.6299991607666,17.889999389648438,18.450000762939453,14385900,15.885999927520752,14.363349947929382,13.936802618974342,26.015173668305835
2023-06-20,17.489999771118164,18.100000381469727,17.049999237060547,17.8700008392334,11396000,15.904799938201904,14.368549942970276,9.966801462926611,21.724181218961757
2023-06-21,16.420000076293945,17.389999389648438,16.3799991607666,17.299999237060547,11770100,15.902599925994872,14.369849944114685,3.2535569825492106,14.267025335354443
2023-06-22,16.079999923706055,16.420000076293945,16.040000915527344,16.31999969482422,8678900,15.893799915313721,14.369749941825866,1.1715260628953228,11.901737948147485
2023-06-23,15.729999542236328,15.920000076293945,15.600000381469727,15.789999961853027,12751500,15.884999904632569,14.370449938774108,-0.9757655859414682,9.46073093921649
2023-06-26,15.829999923706055,16.170000076293945,15.600000381469727,15.609999656677246,6037300,15.869799900054932,14.380399937629699,-0.25079066276532114,10.08038714057693
2023-06-27,16.90999984741211,17.040000915527344,16.0,16.020000457763672,11766900,15.883999881744385,14.395199937820434,6.459329975486305,17.46971157367918
2023-06-28,17.15999984741211,17.280000686645508,16.799999237060547,16.889999389648438,7263200,15.902999897003173,14.407799935340881,7.904168764069541,19.10215247589855
2023-06-29,16.65999984741211,17.229999542236328,16.43000030517578,17.100000381469727,7709000,15.917199897766114,14.413599934577942,4.6666496269249125,15.585280034345184
2023-06-30,16.56999969482422,17.07900047302246,16.520000457763672,16.989999771118164,6417200,15.930599899291993,14.424849934577942,4.013657988866082,14.871210237717047
2023-07-03,16.920000076293945,17.014999389648438,16.530000686645508,16.549999237060547,3904600,15.959799900054932,14.437799935340882,6.016367261820799,17.192371081948068
2023-07-05,17.219999313354492,17.43000030517578,16.584999084472656,16.760000228881836,7046800,15.997399883270264,14.448049931526183,7.64248839814774,19.185629859845733
2023-07-06,16.450000762939453,16.770000457763672,15.850000381469727,16.700000762939453,11237300,16.025599899291993,14.460149936676025,2.648268185368896,13.760928033093677
2023-07-07,16.489999771118164,17.1299991607666,16.450000762939453,16.81999969482422,6479500,16.066999893188477,14.47239993572235,2.6327247198714154,13.941017691307401
2023-07-10,17.06999969482422,17.09000015258789,15.9350004196167,16.25,7561900,16.12599988937378,14.488799934387208,5.853899367024584,17.81513839742437
2023-07-11,17.690000534057617,17.989999771118164,17.15999984741211,17.260000228881836,11834500,16.195199909210206,14.508899936676025,9.229899187581614,21.925167388744015
2023-07-12,17.56999969482422,18.280000686645508,17.045000076293945,18.239999771118164,9957400,16.264999904632568,14.531549935340882,8.023361806598995,20.90933020223669
2023-07-13,18.399999618530273,18.670000076293945,17.780000686645508,17.899999618530273,9690000,16.34999990463257,14.559199934005738,12.538224622966897,26.380568313741115
2023-07-14,17.540000915527344,18.540000915527344,17.440000534057617,18.450000762939453,7262600,16.429199924468993,14.583149938583373,6.761138680916345,20.27580453740574
2023-07-17,18.450000762939453,18.860000610351562,17.5,17.579999923706055,8748000,16.54499994277954,14.608199944496155,11.514057580829906,26.298933701894956
2023-07-18,18.239999771118164,18.670000076293945,18.110000610351562,18.56999969482422,9070900,16.659599933624268,14.63469994544983,9.486421305376957,24.63528353233699
2023-07-19,18.489999771118164,19.02899932861328,18.15999984741211,18.540000915527344,8774100,16.77199993133545,14.6642999458313,10.243261667160763,26.088526826501646
2023-07-20,17.3799991607666,18.489999771118164,17.3700008392334,18.34000015258789,9355700,16.85139991760254,14.688149943351746,3.1368268852957515,18.3266730513822
2023-07-21,17.469999313354492,17.809999465942383,17.200000762939453,17.56999969482422,5952700,16.923799896240233,14.711749939918517,3.2274041318321345,18.748615118530566
2023-07-24,17.0,17.573999404907227,16.8799991607666,17.479999542236328,5259700,16.9775998878479,14.727999939918519,0.13193921579064405,15.426399167231741
2023-07-25,17.0,17.209999084472656,16.899999618530273,17.06999969482422,5139200,17.025399894714354,14.744949941635133,-0.14918824151812782,15.293711184446357
2023-07-26,17.309999465942383,17.514999389648438,16.8799991607666,16.950000762939453,4818300,17.086599884033202,14.763149938583375,1.3074548677056486,17.25139646995548
2023-07-27,16.729999542236328,17.843000411987305,16.6299991607666,17.790000915527344,6971000,17.124999866485595,14.781999936103821,-2.306571254475165,13.178187082619841
2023-07-28,17.43000030517578,17.565000534057617,16.790000915527344,17.100000381469727,6118900,17.175599880218506,14.808099937438964,1.4811734479811323,17.705852734745054
2023-07-31,18.079999923706055,18.18000030517578,17.56999969482422,17.6299991607666,6911700,17.234799880981445,14.83959993839264,4.904031660137154,21.83616808246922
2023-08-01,17.790000915527344,17.8700008392334,17.325000762939453,17.860000610351562,6534400,17.281399898529052,14.868649945259094,2.943054497810582,19.647721757009485
2023-08-02,16.40999984741211,17.399999618530273,16.25,17.15999984741211,10301900,17.299799900054932,14.891899943351746,-5.143412396579206,10.194131775227877
2023-08-03,16.299999237060547,16.600000381469727,16.059999465942383,16.25,6811000,17.29319990158081,14.917799940109253,-5.743301819054736,9.265436609288447
2023-08-04,16.079999923706055,16.579999923706055,15.899999618530273,16.479999542236328,7245200,17.2821999168396,14.937549939155579,-6.956290280857891,7.648175163959037
2023-08-07,16.190000534057617,16.270000457763672,15.760000228881836,16.110000610351562,5340700,17.279199924468994,14.957199940681457,-6.303529070631142,8.242188365906088
2023-08-08,15.829999923706055,15.920000076293945,15.399999618530273,15.8100004196167,7275100,17.305599918365477,14.977649941444398,-8.526719683918326,5.690812547989488
2023-08-09,15.470000267028809,15.864999771118164,15.100000381469727,15.850000381469727,5767800,17.302599925994873,14.997049942016602,-10.591469876228398,3.1536223913421813
2023-08-10,15.420000076293945,15.899999618530273,15.300000190734863,15.800000190734863,4508800,17.27959993362427,15.015399942398071,-10.76182240603696,2.694567813364923
2023-08-11,15.1899995803833,15.380000114440918,15.039999961853027,15.0600004196167,3960700,17.225599937438965,15.032899942398071,-11.817297304295282,1.0450388054679571
2023-08-14,15.449999809265137,15.475000381469727,14.829999923706055,15.100000381469727,5505600,17.175999927520753,15.048149943351746,-10.04890618036206,2.67042704535867
2023-08-15,15.460000038146973,15.779999732971191,15.229999542236328,15.279999732971191,5774500,17.12039993286133,15.065199942588807,-9.698370956436264,2.6206097301243236
2023-08-16,15.289999961853027,15.5,15.210000038146973,15.300000190734863,4161800,17.038199939727782,15.079549942016602,-10.26047343063804,1.3955988119382923
2023-08-17,14.569999694824219,15.199999809265137,14.270000457763672,15.119999885559082,9658800,16.940399951934815,15.088099942207336,-13.9925873287299,-3.4338336130302793
2023-08-18,14.819999694824219,15.050000190734863,14.119999885559082,14.25,6563700,16.87839994430542,15.098949942588806,-12.195470283163202,-1.847481108456206
2023-08-21,15.100000381469727,15.229999542236328,14.720000267028809,14.819999694824219,4173700,16.81499994277954,15.112799944877624,-10.199224306546872,-0.08469352770222871
2023-08-22,15.289999961853027,15.479999542236328,15.0,15.449999809265137,5219400,16.777399940490724,15.13344994544983,-8.86549753783954,1.0344635028199045
2023-08-23,15.399999618530273,15.640000343322754,15.175000190734863,15.354999542236328,5120500,16.731599922180177,15.15674994468689,-7.958595172268446,1.6048933625684825
2023-08-24,14.640000343322754,15.630000114440918,14.630000114440918,15.630000114440918,5708700,16.666399936676026,15.175999946594239,-12.15859214378976,-3.5318898600271265
2023-08-25,15.029999732971191,15.15999984741211,14.593000411987305,14.630000114440918,4258000,16.607199935913087,15.196099944114685,-9.497086860086501,-1.0930450033518224
2023-08-28,15.079999923706055,15.40999984741211,15.031000137329102,15.140000343322754,4400400,16.533799934387208,15.215149941444396,-8.792897074177851,-0.8882595193505649
2023-08-29,15.640000343322754,15.680000305175781,14.9399995803833,15.100000381469727,5029400,16.484599933624267,15.240599942207336,-5.123567412629471,2.620634375483588
2023-08-30,15.609999656677246,15.770000457763672,15.390000343322754,15.600000381469727,5004000,16.446999931335448,15.259299941062928,-5.08907568646314,2.298268708059026
2023-08-31,15.8100004196167,16.084999084472656,15.675000190734863,15.680000305175781,6128500,16.434799938201905,15.27549994468689,-3.8016861837964266,3.4990702554106523
2023-09-01,15.890000343322754,16.350000381469727,15.779999732971191,16.0,4772200,16.430999946594238,15.294699945449828,-3.292554348669574,3.89220056618389
2023-09-05,16.18000030517578,16.219999313354492,15.649999618530273,15.75,7250400,16.439999961853026,15.308549947738648,-1.5815064311468507,5.692572845972665
2023-09-06,16.219999313354492,16.579999923706055,16.040000915527344,16.200000762939453,16910500,16.447799949645997,15.324849944114685,-1.384991530714763,5.841162376820375
2023-09-07,18.079999923706055,18.1200008392334,16.209999084472656,16.43000030517578,27601700,16.471199951171876,15.351949944496155,9.767351360577203,17.77005519867485
2023-09-08,18.479999542236328,18.770000457763672,17.8799991607666,18.079999923706055,18161000,16.49759994506836,15.381849942207337,12.016290877271341,20.141592927179452
2023-09-11,19.18000030517578,19.399999618530273,18.434999465942383,18.670000076293945,12223800,16.547999954223634,15.418749942779542,15.90524751168112,24.394003251590423
2023-09-12,18.670000076293945,19.014999389648438,18.010000228881836,18.549999237060547,11358200,16.589999961853028,15.452399945259094,12.537674015814716,20.82265630214959
2023-09-13,18.15999984741211,18.56999969482422,17.739999771118164,18.559999465942383,9578300,16.61479995727539,15.480749945640564,9.30014140471247,17.306977447342796
2023-09-14,17.75,18.40999984741211,17.440000534057617,18.3700008392334,7420800,16.6253999710083,15.507399945259094,6.764348713130519,14.461483308983158
2023-09-15,17.559999465942383,17.757999420166016,17.125,17.649999618530273,10950500,16.64759994506836,15.534799942970276,5.480667026386032,13.03653429980951
2023-09-18,17.40999984741211,17.690000534057617,17.059999465942383,17.3799991607666,7238100,16.665999946594237,15.562999939918518,4.464177986331452,11.867891246057937
2023-09-19,17.059999465942383,17.3799991607666,16.770000457763672,17.299999237060547,5805500,16.6657999420166,15.585949935913085,2.36532014843136,9.457553348306336
2023-09-20,16.799999237060547,17.389999389648438,16.760000228881836,17.209999084472656,5344000,16.64799991607666,15.605349931716919,0.91301851123331,7.655382997311566
2023-09-21,16.31999969482422,16.895000457763672,16.309999465942383,16.5,6382800,16.62299991607666,15.614299931526183,-1.822777012465726,4.519573508852526
2023-09-22,16.290000915527344,16.549999237060547,16.190000534057617,16.540000915527344,5326900,16.5807999420166,15.629699935913086,-1.753829896664738,4.22465551048139
2023-09-25,16.290000915527344,16.44499969482422,16.059999465942383,16.110000610351562,4505800,16.555799942016602,15.648949942588807,-1.6054737760794802,4.096447207578491
2023-09-26,15.779999732971191,16.420000076293945,15.75,16.049999237060547,5326900,16.502399921417236,15.665049939155578,-4.377546247127939,0.7337978127238021
2023-09-27,16.290000915527344,16.520000457763672,15.979999542236328,15.979999542236328,5839300,16.46339994430542,15.680999941825867,-1.0532394849464444,3.883687111541212
2023-09-28,16.770000457763672,16.989999771118164,16.049999237060547,16.190000534057617,7266700,16.42899995803833,15.70009994506836,2.075601074905964,6.814609565790586
2023-09-29,17.110000610351562,17.5,17.059999465942383,17.139999389648438,6168800,16.42359998703003,15.719849948883057,4.179355463257717,8.843282003256526
2023-10-02,17.239999771118164,17.420000076293945,17.0049991607666,17.149999618530273,5446300,16.418999996185303,15.739549946784972,5.000303155634378,9.532990647167017
2023-10-03,16.020000457763672,17.239999771118164,15.744999885559082,17.06999969482422,11905900,16.399400005340578,15.754199948310852,-2.3134965148319586,1.6871723751437973
2023-10-04,16.690000534057617,16.719999313354492,16.075000762939453,16.084999084472656,6518100,16.39320001602173,15.774299950599671,1.8105099537967684,5.805015666784863
2023-10-05,16.239999771118164,16.649999618530273,16.079999923706055,16.579999923706055,6224600,16.371800022125242,15.79184995174408,-0.8050443496070092,2.8378551008495956
2023-10-06,16.719999313354492,16.959999084472656,15.890000343322754,15.9350004196167,5730100,16.371600017547607,15.81304995059967,2.1280711441365563,5.735448667955612
2023-10-09,16.770000457763672,16.969999313354492,16.350000381469727,16.399999618530273,4385600,16.358400020599365,15.833949952125549,2.5161411668989553,5.911667704320789
2023-10-10,17.149999618530273,17.59000015258789,16.90999984741211,16.90999984741211,7960800,16.33980001449585,15.854599947929382,4.958442596088419,8.170497362628648
2023-10-11,17.020000457763672,17.44499969482422,16.90999984741211,17.209999084472656,4719200,16.324400005340575,15.878399949073792,4.261108844401806,7.1896445003986065
2023-10-12,16.3799991607666,17.100000381469727,16.15999984741211,17.030000686645508,4548800,16.323799991607665,15.899749946594238,0.34427749168595145,3.020482811273606
2023-10-13,15.390000343322754,16.31999969482422,15.390000343322754,16.170000076293945,8456300,16.30560001373291,15.916949949264527,-5.615246722837675,-3.3106192305776605
2023-10-16,16.209999084472656,16.350000381469727,15.329999923706055,15.449999809265137,6962800,16.308199996948243,15.93759994506836,-0.6021566604160089,1.709160352519623
2023-10-17,16.700000762939453,16.760000228881836,15.90999984741211,15.960000038146973,5710000,16.31840000152588,15.957649950981141,2.338469221111694,4.65200586702097
2023-10-18,16.25,16.709999084472656,15.975000381469727,16.610000610351562,6578000,16.32680000305176,15.975349950790406,-0.4703922571318464,1.7192114730231856
2023-10-19,16.040000915527344,16.700000762939453,16.030000686645508,16.450000762939453,5004800,16.33820001602173,15.994099955558777,-1.8251649520875213,0.2869868269931297
2023-10-20,15.529999732971191,16.149999618530273,15.399999618530273,15.970000267028809,5621800,16.340400009155275,16.009499955177308,-4.95948860327794,-2.995098057706991
2023-10-23,15.5600004196167,15.845000267028809,15.029999732971191,15.270000457763672,5006000,16.347800025939943,16.030399956703185,-4.8189946358115465,-2.9344217134756323
2023-10-24,16.0,16.343000411987305,15.770000457763672,15.770000457763672,3852600,16.35880002975464,16.05189995765686,-2.193315090972614,-0.3233259476682959
2023-10-25,15.140000343322754,15.829999923706055,15.09000015258789,15.75,5897500,16.352400035858153,16.064099960327148,-7.414200300119889,-5.752576361493055
2023-10-26,15.279999732971191,15.600000381469727,14.949999809265137,15.220000267028809,5984500,16.352200031280518,16.076749958992004,-6.55691770072705,-4.9559160156943065
2023-10-27,14.9399995803833,15.59000015258789,14.895000457763672,15.479999542236328,4177500,16.3596000289917,16.085299959182738,-8.677476503659332,-7.120167990063564
2023-10-30,15.079999923706055,15.420000076293945,14.920000076293945,15.1899995803833,4803400,16.364800033569335,16.092799959182738,-7.850997917651004,-6.293497949676352
2023-10-31,15.529999732971191,15.609999656677246,15.0,15.199999809265137,5438600,16.373400020599366,16.10139995574951,-5.151039408840519,-3.5487611285271004
2023-11-01,15.520000457763672,15.569999694824219,15.079999923706055,15.449999809265137,5178000,16.37800003051758,16.107199959754944,-5.238732269844748,-3.6455715671155353
2023-11-02,16.579999923706055,16.68000030517578,16.0,16.0,8389500,16.401600036621094,16.120599961280824,1.0876980702287264,2.849769633441923
2023-11-03,17.31999969482422,17.46500015258789,16.600000381469727,16.670000076293945,7347200,16.455200023651123,16.13939995765686,5.255479544035424,7.315016297165733
2023-11-06,16.6299991607666,17.31999969482422,16.290000915527344,17.190000534057617,7078700,16.48720001220703,16.15139995574951,0.8661212847169031,2.963205705563121
2023-11-07,17.260000228881836,17.549999237060547,16.809999465942383,16.8799991607666,6366300,16.530800018310547,16.164499955177305,4.411161043407352,6.777198655957517
2023-11-08,17.149999618530273,17.40999984741211,16.93000030517578,17.299999237060547,5305600,16.561000003814698,16.178449954986572,3.556546190326082,6.00520857218616
2023-11-09,16.59000015258789,17.4950008392334,16.520000457763672,17.309999465942383,5425200,16.58060001373291,16.190499954223633,0.056693598827517455,2.467497603494584
2023-11-10,17.299999237060547,17.299999237060547,16.5,16.559999465942383,5261200,16.61039999008179,16.20419994831085,4.151611324173565,6.762439936838249
2023-11-13,17.219999313354492,17.264999389648438,16.889999389648438,17.200000762939453,4798800,16.63699996948242,16.21389994621277,3.5042336054666112,6.205165755797859
2023-11-14,18.059999465942383,18.399999618530273,17.81999969482422,17.899999618530273,6610100,16.674599952697754,16.23134994506836,8.308442284520812,11.266157941654331
2023-11-15,18.670000076293945,19.09000015258789,18.1299991607666,18.200000762939453,7773400,16.72359996795654,16.24789994716644,11.638643067681764,14.907158075834337
2023-11-16,18.0,18.55500030517578,17.899999618530273,18.3700008392334,6214700,16.72199996948242,16.252399945259093,7.642626676533437,10.752873794806472
2023-11-17,18.270000457763672,18.43000030517578,17.8799991607666,18.06999969482422,4497000,16.71779998779297,16.255749945640563,9.284717313905478,12.391003299501957
2023-11-20,18.549999237060547,18.809999465942383,18.309999465942383,18.3700008392334,5124700,16.705199966430666,16.263949942588805,11.043263620531519,14.055929233313048
2023-11-21,18.170000076293945,18.489999771118164,17.940000534057617,18.270000457763672,4773000,16.695199966430664,16.271549944877624,8.833677421226982,11.667297447677782
2023-11-22,18.309999465942383,18.540000915527344,18.049999237060547,18.420000076293945,4015200,16.69819995880127,16.278999943733215,9.652534471486973,12.476193434665038
2023-11-24,18.350000381469727,18.530000686645508,18.139999389648438,18.209999084472656,2180200,16.710199966430665,16.289199948310852,9.813170508631131,12.651329959103208
2023-11-27,18.5,18.889999389648438,18.1200008392334,18.280000686645508,8021500,16.728999977111815,16.302949948310854,10.586406989725749,13.476395736078327
2023-11-28,18.979999542236328,19.299999237060547,18.350000381469727,18.350000381469727,9999100,16.7603999710083,16.322849946022032,13.24311815390702,16.27871116258015
2023-11-29,19.8700008392334,20.100000381469727,19.31999969482422,19.34000015258789,14842500,16.81659999847412,16.34519995212555,18.15706409759601,21.564746209479544
2023-11-30,19.760000228881836,20.30500030517578,19.360000610351562,20.100000381469727,21903800,16.875800018310546,16.363649954795836,17.09074655685585,20.7554566583148
2023-12-01,25.040000915527344,25.469999313354492,22.1299991607666,22.610000610351562,53677000,17.050200042724608,16.404649958610534,46.860452386375485,52.63965387072618
2023-12-04,25.25,25.40999984741211,23.139999389648438,24.260000228881836,28106800,17.229400024414062,16.450599961280822,46.55182399979538,53.48984267704524
2023-12-05,24.670000076293945,25.25,23.950000762939453,25.139999389648438,16287900,17.397000007629394,16.496249961853028,41.806058892194066,49.54914076437016
2023-12-06,23.360000610351562,24.670000076293945,23.209999084472656,24.649999618530273,17491600,17.548600025177002,16.53949996471405,33.11603533522296,41.23764720933891
2023-12-07,23.40999984741211,23.450000762939453,22.520000457763672,23.219999313354492,10812000,17.691000003814697,16.580599966049196,32.32717111731518,41.189099883882044
2023-12-08,24.6299991607666,24.670000076293945,23.079999923706055,23.440000534057617,11204600,17.848199977874756,16.62829996109009,37.99710442116739,48.120969782842124
2023-12-11,24.520000457763672,24.65999984741211,23.65999984741211,23.93000030517578,10614900,17.996399974823,16.677549962997436,36.24947485089909,47.02399640334654
2023-12-12,24.559999465942383,25.18000030517578,24.170000076293945,24.459999084472656,13298300,18.142799968719483,16.726749958992006,35.370502393715284,46.830672582269095
2023-12-13,24.969999313354492,25.079999923706055,22.940000534057617,24.200000762939453,13326900,18.321799945831298,16.777399954795836,36.2857327728646,48.83116204317937
2023-12-14,25.670000076293945,26.43000030517578,24.90999984741211,25.899999618530273,18189200,18.501399936676027,16.83284995555878,38.746257927257346,52.499429057269296
2023-12-15,25.68000030517578,25.950000762939453,25.219999313354492,25.68000030517578,12868900,18.69019994735718,16.88554995536804,37.39821070671301,52.08270013741494
2023-12-18,25.68000030517578,25.920000076293945,24.520000457763672,25.0,11323300,18.869399967193605,16.935499958992004,36.093359353361045,51.6341434699767
2023-12-19,26.260000228881836,26.524999618530273,25.360000610351562,25.799999237060547,12851200,19.059199962615967,16.990449957847595,37.781230483913376,54.55741486559511
2023-12-20,24.739999771118164,25.850000381469727,24.634000778198242,25.799999237060547,13174800,19.210999965667725,17.037799954414368,28.78038527578679,45.20653979569828
2023-12-21,25.25,25.43000030517578,24.760000228881836,25.149999618530273,6041600,19.375599956512453,17.086849956512452,30.31854526658446,47.77445851203404
2023-12-22,25.40999984741211,25.450000762939453,24.920000076293945,25.260000228881836,5109000,19.556199970245363,17.140399956703185,29.933217527297053,48.24624811321798
2023-12-26,25.719999313354492,25.929000854492188,25.31599998474121,25.540000915527344,5165600,19.762799949645995,17.199599952697753,30.1434987900852,49.538357776282574
2023-12-27,25.520000457763672,26.049999237060547,25.360000610351562,25.959999084472656,5555600,19.948999977111818,17.2556999540329,27.92621428163646,47.8931629881481
2023-12-28,25.520000457763672,25.614999771118164,25.239999771118164,25.479999542236328,3880800,20.1253999710083,17.31149995803833,26.80493552687937,47.416460269890436
2023-12-29,24.84000015258789,25.739999771118164,24.75,25.489999771118164,6344500,20.29719997406006,17.362499957084655,22.381413122664974,43.0669558760868
2024-01-02,23.799999237060547,24.613000869750977,23.6299991607666,24.520000457763672,9387900,20.45239994049072,17.395399956703187,16.36775784900628,36.81777536761606
2024-01-03,22.56999969482422,23.440000534057617,22.510000228881836,23.260000228881836,9323500,20.593199939727782,17.422999958992005,9.599284039790511,29.541409332184788
2024-01-04,22.56999969482422,22.760000228881836,22.290000915527344,22.5,7765200,20.733399925231932,17.453599953651427,8.858169794705017,29.314294785944163
2024-01-05,22.610000610351562,22.895000457763672,22.260000228881836,22.450000762939453,6864400,20.865599937438965,17.479649958610533,8.360175016020666,29.350419853309482
2024-01-08,23.100000381469727,23.389999389648438,22.84000015258789,22.889999389648438,8764600,21.024799938201905,17.51404996395111,9.87025060579625,31.894110322946958
2024-01-09,22.520000457763672,23.0049991607666,22.469999313354492,22.799999237060547,9310600,21.169599952697755,17.5439999628067,6.378960906598663,28.36297597757693
2024-01-10,22.739999771118164,23.174999237060547,22.59000015258789,22.600000381469727,8844800,21.325599956512452,17.578049960136415,6.632403390713426,29.365884285731592
2024-01-11,22.56999969482422,23.079999923706055,21.940000534057617,22.719999313354492,7481000,21.475399951934815,17.610449957847596,5.096993515088344,28.162538429442808
2024-01-12,22.170000076293945,22.93000030517578,22.139999389648438,22.56999969482422,6636100,21.60819995880127,17.642449955940247,2.5999394607779447,25.662819685818427
2024-01-16,22.09000015258789,22.25,21.389999389648438,21.799999237060547,8735800,21.739599952697755,17.670149960517882,1.6118061079898327,25.013088185135413
2024-01-17,21.6200008392334,21.84000015258789,21.29199981689453,21.729999542236328,8002900,21.8403999710083,17.694849963188172,-1.0091350527804743,22.182447911177494
2024-01-18,21.600000381469727,22.12700080871582,21.325000762939453,22.020000457763672,6102300,21.92599998474121,17.715049967765808,-1.4868174929232647,21.930225547051528
2024-01-19,22.229999542236328,22.280000686645508,21.549999237060547,21.899999618530273,8611000,22.037999992370604,17.739249968528746,0.8712203917424111,25.31532946248931
2024-01-22,23.489999771118164,23.969999313354492,22.950000762939453,23.25,12982700,22.162599983215333,17.77029996395111,5.989368525841399,32.1868500743941
2024-01-23,23.540000915527344,24.010000228881836,23.360000610351562,23.690000534057617,9084500,22.290400009155274,17.805499968528746,5.606004853474245,32.20634611291082
2024-01-24,22.6299991607666,24.08099937438965,22.5,23.8700008392334,8453200,22.41119998931885,17.835899968147277,0.9762938689228173,26.878930702577364
2024-01-25,22.829999923706055,23.299999237060547,22.665000915527344,22.989999771118164,6951200,22.52180000305176,17.86739996433258,1.368451547445293,27.774606094227238
2024-01-26,22.739999771118164,23.43000030517578,22.719999313354492,23.0,6953600,22.632200012207033,17.898499960899354,0.4763114449898298,27.049751771352003
2024-01-29,24.190000534057617,24.225000381469727,22.790000915527344,22.790000915527344,11153500,22.754800033569335,17.93859996318817,6.307242860279949,34.84887663305918
2024-01-30,23.850000381469727,24.399999618530273,23.639999389648438,24.200000762939453,8234100,22.85840003967285,17.97489996433258,4.338012897122545,32.685024277159
2024-01-31,22.979999542236328,24.040000915527344,22.920000076293945,23.5,10552700,22.958000030517578,18.008799958229066,0.09582503567169276,27.604280104936628
2024-02-01,23.110000610351562,23.5,22.65999984741211,23.100000381469727,5727800,23.054800033569336,18.04329996585846,0.23943203455181195,28.080787073763204
2024-02-02,23.440000534057617,23.489999771118164,22.610000610351562,22.799999237060547,7331800,23.15260005950928,18.080749969482422,1.2413313140192894,29.64064307963332
2024-02-05,22.510000228881836,23.6299991607666,22.15999984741211,23.40999984741211,7722700,23.239400062561035,18.11379997253418,-3.138634524624717,24.269895124234452
2024-02-06,23.149999618530273,23.190000534057617,22.579999923706055,22.799999237060547,5669100,23.336200065612793,18.152249970436095,-0.7979038856325893,27.53239767099853
2024-02-07,23.479999542236328,23.575000762939453,22.93199920654297,23.31999969482422,7445000,23.438800048828124,18.192949967384337,0.17577475520238472,29.060980128733505
2024-02-08,24.360000610351562,24.899999618530273,23.274999618530273,23.520000457763672,14569200,23.556000061035157,18.239549970626832,3.413145471358403,33.55593010562854
2024-02-09,26.350000381469727,26.940000534057617,25.040000915527344,25.219999313354492,21214100,23.703400077819825,18.29919997215271,11.165488052182116,43.995368221389654
2024-02-12,26.8799991607666,27.8700008392334,26.649999618530273,27.1299991607666,18309200,23.84360004425049,18.362999968528747,12.73465043399893,46.381305924057244
2024-02-13,24.940000534057617,25.950000762939453,24.270000457763672,25.010000228881836,15134800,23.947200050354002,18.416549973487854,4.145789410102418,35.42167544931494
2024-02-14,26.010000228881836,26.100000381469727,25.15999984741211,25.450000762939453,9810000,23.966600036621095,18.47619997501373,8.526032850460275,40.775702060252826
2024-02-15,25.670000076293945,26.559999465942383,25.50200080871582,26.299999237060547,8779700,23.975000038146973,18.53379997730255,7.069864589989705,38.503707322463576
2024-02-16,24.959999084472656,25.479999542236328,24.610000610351562,25.280000686645508,9171400,23.980800018310546,18.590699973106386,4.08326271606636,34.260673996031365
2024-02-20,23.81999969482422,24.600000381469727,23.315000534057617,24.5,9995600,23.99,18.646499972343445,-0.708629867343813,27.745151798751124
2024-02-21,22.899999618530273,23.360000610351562,22.66200065612793,23.209999084472656,7738000,23.979799995422365,18.698449969291687,-4.502958227750941,22.47004246950286
2024-02-22,23.420000076293945,23.959999084472656,23.170000076293945,23.770000457763672,8195100,23.95560001373291,18.751199970245363,-2.2358026395996045,24.898673756650737
2024-02-23,23.329999923706055,23.8700008392334,23.190000534057617,23.56999969482422,5939600,23.93180000305176,18.80079997062683,-2.5146461163345957,24.090464023633885
2024-02-26,24.010000228881836,24.238000869750977,23.3700008392334,23.459999084472656,8683400,23.920800018310548,18.85159996986389,0.37289810751734986,27.36319605372566
2024-02-27,23.68000030517578,24.34000015258789,23.479999542236328,24.170000076293945,10399300,23.89500003814697,18.898449969291686,-0.8997687073779237,25.301283140435828
2024-02-28,23.360000610351562,23.75,23.010000228881836,23.489999771118164,6763400,23.848800048828124,18.94219997406006,-2.0495766557470096,23.322531925232305
2024-02-29,23.75,23.961999893188477,23.450000762939453,23.84000015258789,9240900,23.81020004272461,18.98969997406006,-0.25283299853251506,25.06780008342688
2024-03-01,23.6299991607666,23.81999969482422,23.083999633789062,23.790000915527344,6316700,23.769200019836425,19.03379996776581,-0.5856354397861696,24.147564862426663
2024-03-04,23.65999984741211,24.0,23.420000076293945,23.670000076293945,7147700,23.71720001220703,19.077599968910217,-0.24117587559020492,24.019792248341474
2024-03-05,22.420000076293945,23.399999618530273,22.149999618530273,23.059999465942383,10968200,23.670800018310548,19.11409996986389,-5.2841473082829715,17.295609584768723
2024-03-06,23.190000534057617,23.5,22.65999984741211,23.020000457763672,6830500,23.6296000289917,19.152749972343443,-1.8603763686000918,21.079221352254685
2024-03-07,23.600000381469727,23.770000457763672,23.329999923706055,23.469999313354492,7431600,23.59340003967285,19.193299975395202,0.027975373561162087,22.959576579971564
2024-03-08,23.65999984741211,24.6299991607666,23.5,23.799999237060547,9596100,23.552200050354003,19.22844997882843,0.4577058484032559,23.046838790766078
2024-03-11,24.100000381469727,24.690000534057617,23.690000534057617,23.690000534057617,9919600,23.523800048828125,19.265799984931945,2.449435599034122,25.09213424990748
2024-03-12,24.639999389648438,25.045000076293945,23.680999755859375,24.43000030517578,12955500,23.50620002746582,19.30729998111725,4.823405573243789,27.620119922239915
2024-03-13,24.43000030517578,25.329999923706055,24.360000610351562,24.559999465942383,24895500,23.498000030517577,19.356899981498717,3.9662961675367647,26.208227187855094
2024-03-14,22.75,25.46500015258789,22.299999237060547,24.809999465942383,35861500,23.477000045776368,19.39254998207092,-3.096647971882416,17.313091991683184
2024-03-15,22.75,23.18000030517578,22.604999542236328,22.799999237060547,14180100,23.480600051879883,19.4234499835968,-3.111505030815387,17.12646321437483
2024-03-18,23.059999465942383,23.270000457763672,22.290000915527344,22.850000381469727,9937000,23.490400047302245,19.44929998397827,-1.8322403215491057,18.56467577207659
2024-03-19,23.1299991607666,23.170000076293945,22.354999542236328,22.540000915527344,8234600,23.500800018310546,19.475299978256224,-1.577822275220575,18.765817145773234
2024-03-20,23.31999969482422,23.489999771118164,22.71299934387207,23.170000076293945,7059200,23.505200004577638,19.500699977874756,-0.7879120778268245,19.58544934942228
2024-03-21,23.469999313354492,23.969999313354492,23.31999969482422,23.809999465942383,7276000,23.524199981689453,19.521049976348877,-0.23040387506121363,20.2291851196019
2024-03-22,22.969999313354492,23.639999389648438,22.719999313354492,23.579999923706055,6526600,23.52879997253418,19.538599977493288,-2.374964553364356,17.562155629440547
2024-03-25,23.06999969482422,23.239999771118164,22.820999145507812,22.899999618530273,4489100,23.53879997253418,19.564349975585937,-1.991606531586021,17.918559643499176
2024-03-26,22.709999084472656,23.350000381469727,22.649999618530273,23.299999237060547,5325300,23.549599952697754,19.58654996871948,-3.5652447171567236,15.946908060589804
2024-03-27,22.780000686645508,23.040000915527344,22.389999389648438,22.860000610351562,5453200,23.563399963378906,19.61459997177124,-3.3246444823366694,16.137982520315575
2024-03-28,22.670000076293945,23.040000915527344,22.59000015258789,22.8799991607666,5456000,23.58439994812012,19.639499969482422,-3.877138590922935,15.430637804020364
2024-04-01,22.190000534057617,22.829999923706055,21.959999084472656,22.600000381469727,5593700,23.596199951171876,19.66094997406006,-5.959431688255467,12.863318218775266
2024-04-02,21.56999969482422,21.68000030517578,21.299999237060547,21.600000381469727,6772200,23.582999954223634,19.678849973678588,-8.535810809934274,9.610062192024094
2024-04-03,21.540000915527344,21.739999771118164,21.31999969482422,21.43000030517578,6102900,23.543999977111817,19.692799978256225,-8.511718754386044,9.38008276786797
2024-04-04,21.350000381469727,22.110000610351562,21.25,21.8700008392334,7100100,23.500199966430664,19.709049978256225,-9.149707611137071,8.325872657605826
2024-04-05,21.209999084472656,21.479999542236328,21.1299991607666,21.200000762939453,6714300,23.471799964904786,19.727649974823,-9.63624810970608,7.514068383925476
2024-04-08,21.649999618530273,21.850000381469727,21.270000457763672,21.700000762939453,5172100,23.44819995880127,19.75379997253418,-7.668820393166431,9.599163951404721
2024-04-09,21.799999237060547,21.899999618530273,21.434999465942383,21.729999542236328,5856600,23.429399948120118,19.78239996910095,-6.954513195675361,10.198961051798449
2024-04-10,21.40999984741211,21.53499984741211,21.100000381469727,21.1200008392334,5337200,23.373799934387208,19.81079997062683,-8.401715136125487,8.072363958832485
2024-04-11,21.309999465942383,21.65999984741211,21.114999771118164,21.600000381469727,6356100,23.32299991607666,19.838199968338014,-8.630967102764108,7.419017350129442
2024-04-12,20.709999084472656,21.170000076293945,20.59000015258789,21.100000381469727,5603200,23.277599906921388,19.857199964523314,-11.030350348470751,4.2946594760235435
2024-04-15,19.479999542236328,20.780000686645508,19.3799991607666,20.579999923706055,11204000,23.204999885559083,19.868799962997436,-16.052576434791945,-1.9568389710762024
2024-04-16,19.40999984741211,19.520000457763672,19.149999618530273,19.309999465942383,7327100,23.12439987182617,19.882549962997437,-16.062687226489004,-2.3767077988727348
2024-04-17,19.1200008392334,19.59000015258789,19.110000610351562,19.440000534057617,4570900,23.056599884033204,19.89529996871948,-17.073632125289716,-3.8968959035804995
2024-04-18,19.040000915527344,19.399999618530273,18.93000030517578,19.149999618530273,4726100,22.974399909973144,19.90589997291565,-17.12514368106688,-4.34996186339961
2024-04-19,18.75,19.06999969482422,18.572999954223633,18.860000610351562,5614000,22.879799919128416,19.913549976348875,-18.049982664733623,-5.843006283313679
2024-04-22,18.889999389648438,19.049999237060547,18.489999771118164,18.950000762939453,5407700,22.770399894714355,19.92574996948242,-17.041424494115564,-5.198050670214682
2024-04-23,19.549999237060547,19.690000534057617,18.899999618530273,18.979999542236328,5821100,22.634399871826172,19.941049966812134,-13.627048440568046,-1.9610337991350146
2024-04-24,19.700000762939453,19.90999984741211,19.3799991607666,19.75,6159500,22.49079990386963,19.95419997215271,-12.408625539592332,-1.2739133093183863
2024-04-25,19.40999984741211,19.420000076293945,18.920000076293945,19.0,5230600,22.38019989013672,19.962799968719484,-13.271552789095598,-2.7691512321597167
2024-04-26,19.459999084472656,19.7450008392334,19.3700008392334,19.56999969482422,4693000,22.249199867248535,19.972249965667725,-12.536184669191918,-2.5648130885384868
2024-04-29,19.760000228881836,19.979999542236328,19.510000228881836,19.649999618530273,4743000,22.130999870300293,19.979049968719483,-10.713477273118277,-1.0963971769458847
2024-04-30,18.969999313354492,19.739999771118164,18.950000762939453,19.559999465942383,5190800,22.01119987487793,19.986199960708618,-13.81660508655167,-5.0845115597357164
2024-05-01,19.239999771118164,19.850000381469727,18.8799991607666,19.010000228881836,4793400,21.919599876403808,19.990149955749512,-12.224676182023753,-3.752599086509567
2024-05-02,19.299999237060547,19.56999969482422,18.881000518798828,19.510000228881836,4597000,21.847599868774413,19.995449953079223,-11.660780346654986,-3.478044843454897
2024-05-03,19.479999542236328,19.8799991607666,19.354999542236328,19.809999465942383,3862400,21.76879985809326,20.000399951934813,-10.514131834447438,-2.601950015745269
2024-05-06,19.850000381469727,19.899999618530273,19.600000381469727,19.65999984741211,4228100,21.699199867248534,20.01274995803833,-8.521970842666315,-0.8132294507743776
2024-05-07,20.020000457763672,20.079999923706055,19.53499984741211,19.68000030517578,5339800,21.61939987182617,20.025499963760375,-7.397982476594067,-0.027462515326237558
2024-05-08,19.899999618530273,19.93000030517578,19.59000015258789,19.649999618530273,4734700,21.543799858093262,20.039999961853027,-7.630038574395082,-0.698604508928391
2024-05-09,19.389999389648438,19.860000610351562,19.329999923706055,19.770000457763672,5736200,21.4643998336792,20.05194995880127,-9.664376642741612,-3.301178042598729
2024-05-10,19.219999313354492,19.55900001525879,19.110000610351562,19.459999084472656,5154800,21.37379981994629,20.06149995803833,-10.076825481362672,-4.194604822390968
2024-05-13,19.799999237060547,20.200000762939453,19.3700008392334,19.420000076293945,6976400,21.29719982147217,20.07684995651245,-7.030034919905859,-1.378954965801793
2024-05-14,20.200000762939453,20.469999313354492,19.950000762939453,19.979999542236328,5652200,21.227999839782715,20.09069995880127,-4.84265632467512,0.5440368148562191
2024-05-15,20.739999771118164,20.950000762939453,20.40999984741211,20.670000076293945,6552400,21.1943998336792,20.10399995803833,-2.143962868148619,3.1635486192166384
2024-05-16,20.190000534057617,20.8700008392334,20.190000534057617,20.670000076293945,5365700,21.1343998336792,20.11599995613098,-4.468540895666284,0.3678692487970592
2024-05-17,20.40999984741211,20.589000701904297,20.049999237060547,20.209999084472656,5148200,21.070599822998048,20.13599995613098,-3.135174039349886,1.3607463839793166
2024-05-20,20.309999465942383,20.5049991607666,20.149999618530273,20.3700008392334,3750700,21.003599815368652,20.15604995727539,-3.302292728500522,0.7637880884068027
2024-05-21,19.899999618530273,20.360000610351562,19.84000015258789,20.1200008392334,5105400,20.919599800109864,20.17514995574951,-4.873899077047527,-1.3638081393334334
2024-05-22,19.59000015258789,20.25,19.530000686645508,20.079999923706055,5163800,20.818599815368653,20.19214995384216,-5.901451940460422,-2.982098501797692
2024-05-23,19.040000915527344,19.829999923706055,18.860000610351562,19.81999969482422,6506500,20.710799827575684,20.20819995880127,-8.06728337851893,-5.780816924097887
2024-05-24,18.979999542236328,19.155000686645508,18.770000457763672,19.0,5200600,20.63539981842041,20.225749955177307,-8.022138125505919,-6.159229772452002
2024-05-28,18.75,19.09000015258789,18.489999771118164,18.969999313354492,10494800,20.555399818420412,20.242399954795836,-8.783092687900574,-7.372643353202079
2024-05-29,18.299999237060547,18.625,18.079999923706055,18.3799991607666,26483300,20.460199813842774,20.257949953079223,-10.55806197611373,-9.665098001296357
2024-05-30,12.069999694824219,12.699999809265137,11.710000038146973,12.600000381469727,86512200,20.238999824523926,20.24104995250702,-40.36266713042409,-40.36870753668956
2024-05-31,12.260000228881836,12.6899995803833,11.960000038146973,12.199999809265137,38660500,20.01779983520508,20.225049953460694,-38.75450683985604,-39.38210161609991
2024-06-03,11.920000076293945,12.289999961853027,11.630000114440918,12.25,33044800,19.78679985046387,20.2081999540329,-39.7578175026898,-41.01404329228689
2024-06-04,11.75,12.010000228881836,11.71500015258789,11.75,17823000,19.562399864196777,20.194099955558777,-39.93579478198418,-41.81468832055767
2024-06-05,11.869999885559082,11.96500015258789,11.625,11.829999923706055,16482100,19.338399868011475,20.17934995651245,-38.61953436388609,-41.17749129114887
2024-06-06,12.25,12.404999732971191,11.835000038146973,11.899999618530273,13704600,19.12919988632202,20.165099954605104,-35.96177533405809,-39.25147890376577
2024-06-07,12.0,12.149999618530273,11.90999984741211,12.100000381469727,13496600,18.91359987258911,20.148649954795836,-36.55359063934082,-40.44265979645088
2024-06-10,12.010000228881836,12.288000106811523,11.880000114440918,11.920000076293945,11935100,18.70039987564087,20.131699957847594,-35.77677317731555,-40.34284112107392
2024-06-11,11.8100004196167,12.038000106811523,11.75,11.970000267028809,11978000,18.49279987335205,20.117549958229066,-36.137304786200616,-41.29503620401932
2024-06-12,11.8100004196167,12.260000228881836,11.8100004196167,12.09000015258789,14367600,18.297599887847902,20.101449961662293,-35.45601340064197,-41.24801722193742
2024-06-13,11.529999732971191,11.869999885559082,11.529999732971191,11.859999656677246,12100800,18.097399864196777,20.083699960708618,-36.289191709900194,-42.59026098015669
2024-06-14,11.539999961853027,11.670000076293945,11.489999771118164,11.539999961853027,9360000,17.901199855804443,20.06319995880127,-35.535047623574826,-42.48175771786249
2024-06-17,11.430000305175781,11.545000076293945,11.270000457763672,11.470000267028809,10707500,17.705599880218507,20.042299962043764,-35.44415110190143,-42.97061551407778
2024-06-18,11.260000228881836,11.449999809265137,11.229999542236328,11.350000381469727,9808900,17.497799892425537,20.01954996109009,-35.64905132012582,-43.75497825492219
2024-06-20,11.369999885559082,11.40999984741211,11.069999694824219,11.210000038146973,12294000,17.289199905395506,19.99694995880127,-34.23640221771741,-43.14132950782928
2024-06-21,11.960000038146973,11.96500015258789,11.289999961853027,11.289999961853027,21017300,17.100199909210204,19.975849957466124,-30.059296957661353,-40.12770388437548
2024-06-24,12.029999732971191,12.095000267028809,11.800000190734863,11.800000190734863,9989200,16.91459991455078,19.95489995956421,-28.878011932032834,-39.71405641046415
2024-06-25,11.930000305175781,12.100000381469727,11.8100004196167,12.020000457763672,9342200,16.738999938964845,19.924149961471556,-28.729312690865903,-40.12291451205954
2024-06-26,12.220000267028809,12.25,11.869999885559082,11.899999618530273,9136600,16.593799953460692,19.89284996509552,-26.358035523501133,-38.5708921121392
2024-06-27,12.680000305175781,12.729999542236328,12.140000343322754,12.220000267028809,11537200,16.459199962615966,19.86034996509552,-22.961016732428906,-36.154195029489266
2024-06-28,12.680000305175781,12.720000267028809,12.449999809265137,12.710000038146973,13027100,16.330399951934815,19.83039996623993,-22.353400146372636,-36.057768240868945
2024-07-01,12.880000114440918,12.96500015258789,12.595000267028809,12.729999542236328,8149200,16.207199935913085,19.803999967575074,-20.52914651900799,-34.9626331269984
2024-07-02,12.960000038146973,13.15999984741211,12.8100004196167,12.880000114440918,8376100,16.091399936676027,19.78004996776581,-19.460083714605013,-34.479437315542704
2024-07-03,12.960000038146973,13.239999771118164,12.949999809265137,13.039999961853027,5835300,15.972799949645996,19.75704997062683,-18.862065016758667,-34.40316212483725
2024-07-05,13.239999771118164,13.25,12.90999984741211,12.920000076293945,7620100,15.846599960327149,19.736199970245362,-16.448955585013536,-32.915151898141396
2024-07-08,12.819999694824219,13.223999977111816,12.800000190734863,13.180000305175781,9601500,15.708999938964844,19.71499997138977,-18.390733053443487,-34.97337198362421
2024-07-09,11.930000305175781,12.75,11.789999961853027,12.65999984741211,23777700,15.559399948120117,19.690649976730345,-23.326090048754345,-39.41286692275675
2024-07-10,12.09000015258789,12.100000381469727,11.850000381469727,12.0,10946400,15.411999969482421,19.669499979019164,-21.55463160830835,-38.534278118488466
2024-07-11,12.350000381469727,12.619999885559082,12.199999809265137,12.380000114440918,10231000,15.26379997253418,19.649799976348877,-19.08960806815846,-37.1494855096002
2024-07-12,12.630000114440918,12.760000228881836,12.369999885559082,12.460000038146973,10688900,15.136999988555909,19.631499972343445,-16.56206564055208,-35.66461996162358
2024-07-15,12.470000267028809,12.739999771118164,12.350000381469727,12.710000038146973,12196700,15.001599998474122,19.614949975013733,-16.875531487993367,-36.42604093860261
2024-07-16,12.699999809265137,12.84000015258789,12.529999732971191,12.5600004196167,8014200,14.869600009918212,19.59699996948242,-14.590844402041247,-35.19416324415825
2024-07-17,12.569999694824219,12.970000267028809,12.461999893188477,12.5,10056700,14.73140001296997,19.575999965667723,-14.672063186409911,-35.788722329028346
2024-07-18,12.09000015258789,12.6899995803833,12.0600004196167,12.529999732971191,9905100,14.576200008392334,19.550899963378907,-17.05657067255525,-38.16141366773981
2024-07-19,12.050000190734863,12.15999984741211,11.9399995803833,12.069999694824219,6710400,14.416800003051758,19.52494996547699,-16.41695668814085,-38.28409183101081
2024-07-22,12.239999771118164,12.260000228881836,11.949999809265137,12.15999984741211,7371100,14.263600006103516,19.50604996204376,-14.187163367729294,-37.25023879803644
2024-07-23,12.3100004196167,12.430000305175781,12.220000267028809,12.229999542236328,5440700,14.122000026702882,19.48414996147156,-12.831040954963358,-36.82043895187217
2024-07-24,11.930000305175781,12.460000038146973,11.90999984741211,12.199999809265137,9735500,13.976200046539306,19.462599964141845,-14.640601412042553,-38.70294653768883
2024-07-25,12.199999809265137,12.5600004196167,11.899999618530273,11.9399995803833,8402800,13.824200057983399,19.4399999666214,-11.748963715121407,-37.24279922730138
2024-07-26,12.359999656677246,12.520000457763672,12.265000343322754,12.40999984741211,7086500,13.667400035858154,19.417949962615968,-9.56583092432195,-36.347556356499545
2024-07-29,12.319999694824219,12.5,12.210000038146973,12.4399995803833,5405000,13.499000034332276,19.393799962997438,-8.733982787684146,-36.47454486315077
2024-07-30,12.0600004196167,12.364999771118164,11.920000076293945,12.239999771118164,7883600,13.336400032043457,19.3689999628067,-9.570795787168528,-37.735554531597394
2024-07-31,12.170000076293945,12.425000190734863,12.100000381469727,12.270000457763672,8109300,13.171600036621093,19.347949967384338,-7.604239101873677,-37.09927875144688
2024-08-01,11.800000190734863,12.25,11.640000343322754,12.15999984741211,10249900,13.001400051116944,19.3299999666214,-9.240542215904423,-38.95499114790051
2024-08-02,11.40999984741211,11.479999542236328,11.1899995803833,11.329999923706055,11855600,12.83160005569458,19.305999970436098,-11.078900543284732,-40.89920302038428
2024-08-05,11.130000114440918,11.350000381469727,10.369999885559082,10.369999885559082,14810400,12.662400054931641,19.278149967193603,-12.101970667826889,-42.26624373510278
2024-08-06,10.890000343322754,11.359999656677246,10.819999694824219,11.34000015258789,15715000,12.49940004348755,19.25134996891022,-12.875815595671947,-43.43253662257736
2024-08-07,10.75,11.255000114440918,10.729999542236328,11.039999961853027,10206200,12.334800052642823,19.22489996433258,-12.848202207406413,-44.08293400774945
2024-08-08,11.130000114440918,11.170000076293945,10.84000015258789,10.920000076293945,7223200,12.182400054931641,19.20289996623993,-8.63869135593437,-42.040003676485036
2024-08-09,11.369999885559082,11.460000038146973,11.109999656677246,11.149999618530273,10309900,12.04380006790161,19.18194996356964,-5.5945812662425265,-40.7255263038795
2024-08-12,11.130000114440918,11.524999618530273,11.100000381469727,11.4399995803833,8328400,12.025000076293946,19.157599964141845,-7.442827078375059,-41.90295164700459
2024-08-13,11.529999732971191,11.619999885559082,11.119999885559082,11.199999809265137,10728400,12.010400066375732,19.139549961090086,-3.999869535982137,-39.75825055233167
2024-08-14,11.430000305175781,11.569999694824219,11.3149995803833,11.550000190734863,6444200,12.00060007095337,19.120299963951112,-4.75476028201861,-40.22060152442384
2024-08-15,11.789999961853027,11.885000228881836,11.579999923706055,11.579999923706055,6785800,12.00140007019043,19.10454996585846,-1.7614620552687588,-38.28695267398179
2024-08-16,11.850000381469727,11.854999542236328,11.670000076293945,11.699999809265137,5819200,12.001000080108643,19.08839996814728,-1.25822596142795,-37.920410295028574
2024-08-19,12.15999984741211,12.15999984741211,11.800000190734863,11.859999656677246,6005100,11.999200077056885,19.07154996871948,1.3400874168494115,-36.24010703190598
2024-08-20,12.09000015258789,12.279999732971191,12.0600004196167,12.100000381469727,5736300,12.001000080108643,19.054399967193604,0.7416054652542137,-36.550087258567466
2024-08-21,12.25,12.270000457763672,12.045000076293945,12.140000343322754,7764200,12.005800075531006,19.03274996757507,2.0340162499182135,-35.63725672396488
2024-08-22,12.0600004196167,12.357999801635742,12.050000190734863,12.279999732971191,5788800,12.010800075531005,19.006449971199036,0.4096341940278192,-36.54785381861668
2024-08-23,12.40999984741211,12.470000267028809,12.074000358581543,12.220000267028809,5810600,12.022800064086914,18.985349974632264,3.220545806810793,-34.633810469683034
2024-08-26,12.640000343322754,12.789999961853027,12.5,12.510000228881836,6816700,12.045000076293945,18.962249975204468,4.939811235035552,-33.34124188927397
2024-08-27,12.859999656677246,12.9399995803833,12.489999771118164,12.5,10555100,12.07140007019043,18.9407999753952,6.532793063782338,-32.10424230558972
2024-08-28,12.579999923706055,13.039999961853027,12.470000267028809,12.930000305175781,8988000,12.094400062561036,18.920749974250793,4.015080191106168,-33.51214967257562
2024-08-29,12.84000015258789,13.0600004196167,12.699999809265137,12.739999771118164,9595900,12.126000061035157,18.89844997882843,5.888174896576581,-32.0579192104522
2024-08-30,12.880000114440918,12.944999694824219,12.699999809265137,12.84000015258789,32708300,12.156200065612794,18.87674998283386,5.954163677147717,-31.767914889195794
2024-09-03,12.59000015258789,13.020000457763672,12.489999771118164,12.850000381469727,7655200,12.16880006790161,18.84939998626709,3.4613115700479424,-33.207422189775514
2024-09-04,12.720000267028809,12.819999694824219,12.40999984741211,12.4399995803833,9772800,12.182600078582764,18.819649987220764,4.411210948234312,-32.41106887925037
2024-09-05,12.739999771118164,12.800000190734863,12.4399995803833,12.600000381469727,19823200,12.198800067901612,18.793349986076354,4.4364994934263935,-32.21006483380028
2024-09-06,11.970000267028809,14.0600004196167,11.862000465393066,13.649999618530273,38813900,12.193800067901611,18.76184998512268,-1.8353573096702047,-36.20031992303269
2024-09-09,12.1899995803833,12.4399995803833,12.020000457763672,12.050000190734863,15675300,12.18400005340576,18.730049986839294,0.0492410288184697,-34.9174209948792
2024-09-10,12.029999732971191,12.3100004196167,11.899999618530273,12.260000228881836,10084800,12.171000041961669,18.69934998512268,-1.1584940309288805,-35.666214373535254
2024-09-11,12.020000457763672,12.055000305175781,11.65999984741211,11.930000305175781,10305100,12.153800048828124,18.667899990081786,-1.100886887450092,-35.61139461776701
2024-09-12,12.020000457763672,12.210000038146973,11.850000381469727,12.029999732971191,8434300,12.13500005722046,18.636249990463256,-0.9476687178782583,-35.50204325486792
2024-09-13,12.510000228881836,12.569999694824219,12.0,12.100000381469727,11382700,12.126000061035157,18.606299991607667,3.1667505023408316,-32.76470746723182
2024-09-16,12.479999542236328,12.9350004196167,12.362000465393066,12.5,8571300,12.110800056457519,18.573799991607665,3.048514417360493,-32.808582261705965
2024-09-17,12.270000457763672,12.579999923706055,12.220000267028809,12.579999923706055,9815300,12.09980007171631,18.53579998970032,1.4066380025998138,-33.80377181140457
2024-09-18,12.300000190734863,12.579999923706055,12.119999885559082,12.279999732971191,10223800,12.10720006942749,18.498499989509583,1.5924418544484231,-33.50812121139477
2024-09-19,12.449999809265137,12.725000381469727,12.380000114440918,12.649999618530273,12629600,12.114400062561035,18.435549983978273,2.770254779196679,-32.46743481976389
2024-09-20,12.489999771118164,12.609999656677246,12.135000228881836,12.380000114440918,26670700,12.117200050354004,18.37174998283386,3.076616043433811,-32.0151875418045
2024-09-23,12.90999984741211,12.9399995803833,12.319999694824219,12.489999771118164,10584600,12.122800045013427,18.312949981689453,6.493547690927115,-29.50343958608299
2024-09-24,12.949999809265137,13.08899974822998,12.8149995803833,13.0,6196500,12.132400035858154,18.26089997768402,6.738978033946363,-29.083452485414963
2024-09-25,12.479999542236328,12.960000038146973,12.460000038146973,12.899999618530273,5635200,12.128000030517578,18.20624997615814,2.9023706368157765,-31.452113650095882
2024-09-26,12.59000015258789,12.760000228881836,12.25,12.739999771118164,6153100,12.12840003967285,18.146049981117248,3.8059439943035622,-30.61850834926044
2024-09-27,12.800000190734863,12.850000381469727,12.65999984741211,12.75,4771700,12.142600040435791,18.087449979782104,5.413998222043714,-29.23269888766784
2024-09-30,12.800000190734863,12.920000076293945,12.635000228881836,12.75,5759700,12.15760004043579,18.028649983406066,5.283938837948865,-29.00189308397333
2024-10-01,12.399999618530273,12.809000015258789,12.34000015258789,12.770000457763672,5957000,12.160800037384034,17.965799984931945,1.9669724065103145,-30.97997512534789
2024-10-02,12.329999923706055,12.449999809265137,12.279999732971191,12.34000015258789,4528400,12.16120002746582,17.899099984169005,1.388020062650086,-31.113855251876256
2024-10-03,11.949999809265137,12.239999771118164,11.890000343322754,12.140000343322754,8500200,12.161600017547608,17.830449981689455,-1.739904354502364,-32.979819233183136
2024-10-04,12.489999771118164,12.604999542236328,12.09000015258789,12.170000076293945,7297700,12.167400016784669,17.764499979019163,2.6513450193835553,-29.69123934887258
2024-10-07,12.289999961853027,12.5,12.170000076293945,12.479999542236328,6726900,12.166000022888184,17.694649977684023,1.0192334270225256,-30.54397811003429
2024-10-08,12.170000076293945,12.380000114440918,12.119999885559082,12.265000343322754,4193000,12.163000030517578,17.6317999792099,0.057551967103552926,-30.97698425206786
2024-10-09,12.4399995803833,12.515000343322754,12.210000038146973,12.210000038146973,6705700,12.17060001373291,17.567749977111816,2.213527404946425,-29.188429954941398
2024-10-10,12.5600004196167,12.630000114440918,12.100000381469727,12.199999809265137,6667500,12.178400020599366,17.50349997997284,3.133419811895388,-28.242920364569347
2024-10-11,12.699999809265137,12.8100004196167,12.5,12.510000228881836,6781800,12.19640001296997,17.438399982452392,4.129085597058357,-27.172218655125068
2024-10-14,12.739999771118164,12.805000305175781,12.600000381469727,12.75,3647100,12.223000011444093,17.374499979019166,4.229728865172366,-26.67415012516885
2024-10-15,12.869999885559082,13.050000190734863,12.6899995803833,12.6899995803833,7048500,12.257800006866455,17.31124997615814,4.99436993873037,-25.65528252850462
2024-10-16,12.800000190734863,12.920000076293945,12.720000267028809,12.869999885559082,3549000,12.296000003814697,17.251049976348877,4.098895468150654,-25.801616665167547
2024-10-17,12.770000457763672,12.819999694824219,12.630000114440918,12.760000228881836,3838500,12.336400012969971,17.195899982452392,3.5148053268200696,-25.738109253979978
2024-10-18,13.0600004196167,13.180000305175781,12.84000015258789,12.850000381469727,5385900,12.375000019073486,17.148349986076354,5.53535676353476,-23.841066748574647
2024-10-21,13.050000190734863,13.390000343322754,12.914999961853027,13.0600004196167,5688200,12.408600025177002,17.100749988555908,5.168997020263877,-23.68755639683564
2024-10-22,12.640000343322754,13.0600004196167,12.59000015258789,12.930000305175781,6511900,12.438800029754638,17.050899987220763,1.6175218918772494,-25.86901364270433
2024-10-23,12.0600004196167,12.5,11.91100025177002,12.479999542236328,12144500,12.449400043487548,16.9956999874115,-3.127858551501439,-29.040872523347726
2024-10-24,12.479999542236328,12.579999923706055,12.170000076293945,12.180000305175781,5323000,12.47040002822876,16.945499982833862,0.07697839673017626,-26.352131510555466
2024-10-25,12.350000381469727,12.59000015258789,12.329999923706055,12.550000190734863,4538000,12.481600036621094,16.89354998588562,-1.0543492402036003,-26.895173650369408
2024-10-28,12.479999542236328,12.59000015258789,12.390000343322754,12.5,5681500,12.494200019836425,16.84309998512268,-0.11365655726298662,-25.90437892513985
2024-10-29,12.699999809265137,12.760000228881836,12.430000305175781,12.489999771118164,4148200,12.505000019073487,16.795749983787537,1.5593745693260441,-24.385634332946804
2024-10-30,12.609999656677246,12.979999542236328,12.539999961853027,12.600000381469727,4818200,12.515400009155274,16.74834998130798,0.7558659527683531,-24.709003151052777
2024-10-31,12.359999656677246,12.739999771118164,12.34000015258789,12.619999885559082,4409800,12.517600002288818,16.7020499753952,-1.2590300503511398,-25.997110085974427
2024-11-01,12.569999694824219,12.65999984741211,12.329999923706055,12.34000015258789,4385200,12.527799987792969,16.656899971961977,0.33684850550270706,-24.535779670989832
2024-11-04,12.319999694824219,12.529999732971191,12.130000114440918,12.479999542236328,5134100,12.525999984741212,16.607349972724915,-1.6445815916328987,-25.815980785266923
2024-11-05,12.539999961853027,12.569999694824219,12.274999618530273,12.319999694824219,5735600,12.523999977111817,16.55259997367859,0.1277545893520582,-24.24150899681179
2024-11-06,13.149999618530273,13.15999984741211,12.8100004196167,12.895000457763672,10399800,12.529799976348876,16.500649967193603,4.949796831171138,-20.306171910349303
2024-11-07,13.380000114440918,13.428999900817871,13.109999656677246,13.390000343322754,8583100,12.545799980163574,16.454399971961976,6.649238275728253,-18.684363226612845
2024-11-08,13.170000076293945,13.270000457763672,13.045000076293945,13.260000228881836,4776900,12.552399978637695,16.406099972724913,4.920175414321681,-19.724979744186456
2024-11-11,13.890000343322754,14.0600004196167,13.210000038146973,13.300000190734863,12806500,12.572599983215332,16.361849975585937,10.478344669091344,-15.107396999431677
2024-11-12,13.359999656677246,13.979999542236328,13.319999694824219,13.649999618530273,5815300,12.58799997329712,16.307699971199035,6.132822410373118,-18.07551230233394
2024-11-13,13.529999732971191,14.050000190734863,13.300000190734863,13.359999656677246,8523700,12.604199962615967,16.256099967956544,7.345168857215412,-16.769706389348894
2024-11-14,12.640000343322754,13.600000381469727,12.569999694824219,13.579999923706055,11227200,12.602199974060058,16.204399971961976,0.2999505589540208,-21.996492525527657
2024-11-15,12.369999885559082,12.65999984741211,12.199999809265137,12.65999984741211,10777700,12.610199966430663,16.150699968338014,-1.9048078659419598,-23.408893052255642
2024-11-18,12.520000457763672,12.579999923706055,12.295000076293945,12.420000076293945,5057700,12.616799983978272,16.096099967956544,-0.7672272393754564,-22.217180045551554
2024-11-19,12.760000228881836,12.789999961853027,12.319999694824219,12.350000381469727,6388500,12.631399993896485,16.047349967956542,1.0180996172038714,-20.48531218948243
2024-11-20,12.869999885559082,13.029999732971191,12.720000267028809,12.920000076293945,9694500,12.648399982452393,15.995949969291686,1.7519994893751223,-19.54213466367214
2024-11-21,13.680000305175781,13.760000228881836,13.050000190734863,13.109999656677246,11343500,12.681599979400636,15.946949973106385,7.87282620013956,-14.215568944241275
2024-11-22,14.239999771118164,14.649999618530273,13.739999771118164,13.774999618530273,13779000,12.716199970245361,15.896349968910217,11.983138079287393,-10.419688802973715
2024-11-25,14.5,14.904999732971191,14.449999809265137,14.663999557495117,11460200,12.756599979400635,15.83709996700287,13.666651172056877,-8.442833408823347
2024-11-26,14.180000305175781,14.5,14.069999694824219,14.420000076293945,6510800,12.794799976348877,15.773599972724915,10.826275763493287,-10.102954749104342
2024-11-27,14.09000015258789,14.359999656677246,13.779999732971191,14.25,5643700,12.830599975585937,15.719349970817566,9.815598486417931,-10.365249334447723
2024-11-29,14.210000038146973,14.260000228881836,14.005000114440918,14.100000381469727,4055600,12.865799980163574,15.660349969863892,10.447854467315508,-9.26128684549139
2024-12-02,14.520000457763672,14.845000267028809,14.4399995803833,14.470000267028809,9822100,12.906399993896484,15.60459997177124,12.502328028189647,-6.9505114900068605
2024-12-03,14.380000114440918,14.559000015258789,14.180000305175781,14.25,7246200,12.93579999923706,15.551699976921082,11.164366450386009,-7.5342236811344225
2024-12-04,15.329999923706055,15.670000076293945,14.520000457763672,14.630000114440918,15792300,12.98340000152588,15.50924997806549,18.07384754305028,-1.1557622361683895
2024-12-05,14.949999809265137,15.609999656677246,14.84000015258789,15.550000190734863,26744000,13.032800006866456,15.469499979019165,14.71057486793772,-3.358222117447951
2024-12-06,14.8100004196167,15.34000015258789,13.670000076293945,15.270000457763672,28324100,13.077200012207031,15.426449980735779,13.250546032730014,-3.9960558773333377
2024-12-09,15.5,15.930000305175781,15.0,15.119999885559082,21017500,13.131200008392334,15.387299981117248,18.03947841852789,0.7324223159427046
2024-12-10,14.710000038146973,15.869999885559082,14.494999885559082,15.529999732971191,13925200,13.169400005340576,15.340799980163574,11.698331223758407,-4.111910349083859
2024-12-11,14.640000343322754,14.859999656677246,14.300000190734863,14.800000190734863,9053400,13.214200019836426,15.295599980354309,10.789910258252444,-4.286197585407625
2024-12-12,14.229999542236328,14.479999542236328,13.920000076293945,14.149999618530273,8176900,13.252200012207032,15.249949975013733,7.378393995929833,-6.6882214987494475
2024-12-13,14.010000228881836,14.140000343322754,13.619999885559082,14.100000381469727,8646500,13.293400020599366,15.201249976158142,5.390646540178068,-7.836524951202561
2024-12-16,14.0600004196167,14.279999732971191,13.765000343322754,13.890000343322754,8331300,13.324800033569336,15.153399982452392,5.517534103289834,-7.215539509957147
2024-12-17,13.90999984741211,14.100000381469727,13.833000183105469,13.9399995803833,5974700,13.357200031280518,15.104649982452393,4.138590534221387,-7.909154706849552
2024-12-18,12.970000267028809,14.005000114440918,12.904999732971191,14.0,9863000,13.373200035095214,15.057399983406066,-3.014983452040576,-13.862949238764099
2024-12-19,12.739999771118164,13.210000038146973,12.640000343322754,13.079999923706055,10222900,13.379200038909913,15.00514997959137,-4.777567163453734,-15.095818512671011
2024-12-20,13.25,13.295000076293945,12.510000228881836,12.640000343322754,14161400,13.393000030517578,14.953399977684022,-1.06772216972848,-11.391389117031059
2024-12-23,13.050000190734863,13.300000190734863,12.920000076293945,13.270000457763672,6044300,13.400000038146972,14.900349979400636,-2.611939152356213,-12.41816327283477
2024-12-24,13.130000114440918,13.140000343322754,12.890000343322754,13.119999885559082,2583500,13.407800045013428,14.84549997806549,-2.071927755782932,-11.555689374957101
2024-12-26,13.180000305175781,13.274999618530273,12.975000381469727,13.050000190734863,4701200,13.414000053405761,14.788199982643128,-1.7444442172233954,-10.874884565767884
2024-12-27,12.880000114440918,13.239999771118164,12.732000350952148,13.180000305175781,6843600,13.415600051879883,14.730449981689453,-3.9923666132541946,-12.562072913921297
2024-12-30,12.739999771118164,12.800000190734863,12.479999542236328,12.729999542236328,6074100,13.415000038146973,14.680399980545044,-5.0316829303717725,-13.217624942088523
2024-12-31,12.710000038146973,12.84000015258789,12.529999732971191,12.800000190734863,5019400,13.408000030517577,14.630199980735778,-5.205847186619228,-13.124905641188889
2025-01-02,12.930000305175781,13.050000190734863,12.720000267028809,12.960000038146973,5678800,13.405600032806397,14.579549984931946,-3.5477690403019735,-11.314133025100116
2025-01-03,13.279999732971191,13.279999732971191,12.788999557495117,12.930000305175781,6630700,13.418400020599366,14.530299987792969,-1.0314216852658098,-8.604779363620608
2025-01-06,13.8100004196167,14.59000015258789,13.65999984741211,13.979999542236328,17191400,13.453400020599366,14.48274999141693,2.6506340291028163,-4.645178382551174
2025-01-07,13.199999809265137,14.100000381469727,13.130000114440918,14.0600004196167,9989300,13.467800025939942,14.431399993896484,-1.988448121883335,-8.53278396518804
2025-01-08,13.430000305175781,13.539999961853027,12.920000076293945,13.100000381469727,8690700,13.489400024414062,14.38369999885559,-0.4403436708139363,-6.630419806834742
2025-01-10,12.970000267028809,13.15999984741211,12.75,13.100000381469727,8808300,13.499200038909912,14.333200001716614,-3.920230608893449,-9.510784294676288
2025-01-13,12.829999923706055,12.890000343322754,12.619999885559082,12.8100004196167,6903000,13.501800041198731,14.28380000591278,-4.97563373359684,-10.177964418466557
2025-01-14,13.279999732971191,13.345000267028809,12.9399995803833,12.960000038146973,6944900,13.51520004272461,14.236300001144409,-1.7402651015885562,-6.717337145861945
2025-01-15,13.369999885559082,13.729999542236328,13.289999961853027,13.65999984741211,6796200,13.535400047302247,14.189800000190735,-1.2219820704607143,-5.777390200148225
2025-01-16,13.350000381469727,13.53499984741211,13.170000076293945,13.449999809265137,8252900,13.551000061035156,14.145599999427795,-1.4832829950564896,-5.624361059200389
2025-01-17,13.020000457763672,13.550000190734863,12.984999656677246,13.529999732971191,6117000,13.565000076293945,14.102850003242493,-4.0176897564689895,-7.678232025653353
2025-01-21,13.329999923706055,13.496999740600586,13.109999656677246,13.140000343322754,6522400,13.580800075531005,14.061799998283385,-1.8467258956033517,-5.204170694126398
2025-01-22,13.449999809265137,13.569999694824219,13.130000114440918,13.300000190734863,8826900,13.586800079345704,14.022299995422363,-1.0068615809584736,-4.081357454512147
2025-01-23,13.789999961853027,13.8100004196167,13.300000190734863,13.350000381469727,5664600,13.595000076293946,13.985199999809264,1.4343500144520682,-1.395761504725701
2025-01-24,13.920000076293945,14.079000473022461,13.789999961853027,13.850000381469727,6223000,13.610000076293945,13.946550002098084,2.2777369453506724,-0.19036912928390715
2025-01-27,13.760000228881836,14.329999923706055,13.5600004196167,13.649999618530273,12020300,13.607400074005128,13.90635000705719,1.1214497556239822,-1.052395330917777
2025-01-28,15.1899995803833,15.345000267028809,13.699999809265137,13.979999542236328,18161700,13.644000072479248,13.875250005722046,11.330984313188509,9.475501876499969
2025-01-29,14.399999618530273,15.050000190734863,13.989999771118164,15.0,14003000,13.66140007019043,13.840700006484985,5.406470380378425,4.040977781349442
2025-01-30,14.579999923706055,14.899999618530273,14.3100004196167,14.359999656677246,11324400,13.700200061798096,13.810050010681152,6.421803024331085,5.575286928210965
2025-01-31,14.220000267028809,15.069999694824219,14.119999885559082,14.90999984741211,9172300,13.737200069427491,13.783750014305115,3.51454586932749,3.1649605678494064
2025-02-03,14.210000038146973,14.40999984741211,13.680000305175781,13.720000267028809,6372800,13.771000061035156,13.75775001525879,3.187858362980922,3.2872382648804432
2025-02-04,14.430000305175781,14.649999618530273,14.265000343322754,14.390000343322754,6661100,13.804400062561035,13.7343000125885,4.531890120393123,5.065422278162113
2025-02-05,14.880000114440918,14.899999618530273,14.449999809265137,14.449999809265137,7823700,13.844600067138671,13.713500008583068,7.478728473781304,8.506217268587557
2025-02-06,14.289999961853027,15.0,14.1899995803833,14.989999771118164,6621800,13.856800060272217,13.691200008392334,3.1262621939881052,4.373611904680708
2025-02-07,13.960000038146973,14.680000305175781,13.899999618530273,14.460000038146973,8467000,13.851200065612794,13.666550011634827,0.7854913077480319,2.1472136439871115
2025-02-10,14.229999542236328,14.619999885559082,14.1899995803833,14.239999771118164,7257500,13.84580005645752,13.639950013160705,2.774844965348322,4.32589216607322
2025-02-11,13.979999542236328,14.180000305175781,13.835000038146973,14.0600004196167,8637700,13.84180004119873,13.61135000705719,0.998421452601983,2.7083980280280917
2025-02-12,14.119999885559082,14.220000267028809,13.611000061035156,13.739999771118164,5987300,13.842400035858155,13.584900007247924,2.0054314929623285,3.93893129891032
2025-02-13,15.140000343322754,15.399999618530273,13.970000267028809,14.25,11063100,13.86100004196167,13.563300013542175,9.227330621810403,11.62475450816789
2025-02-14,14.930000305175781,15.300000190734863,14.704999923706055,15.279999732971191,7500700,13.869200038909913,13.539150013923646,7.64860455750731,10.272803608954684
2025-02-18,14.899999618530273,15.0600004196167,14.581999778747559,15.0600004196167,8618200,13.8796000289917,13.518800015449523,7.351793909097992,10.21688020757976
2025-02-19,14.380000114440918,14.859999656677246,14.345000267028809,14.770000457763672,6921300,13.860600032806396,13.494500017166137,3.7473131062520038,6.561933351723659
2025-02-20,14.170000076293945,14.40999984741211,13.829999923706055,14.380000114440918,7075500,13.845000038146972,13.468850021362305,2.3474181094366386,5.2057158095871525
2025-02-21,13.430000305175781,14.380000114440918,13.300000190734863,14.300000190734863,8793500,13.817400035858155,13.438600025177003,-2.8037093062154628,-0.0639926776978994
2025-02-24,13.239999771118164,13.5600004196167,12.899999618530273,13.479999542236328,7148500,13.772200031280518,13.405550022125244,-3.8643082365459214,-1.2349381467664289
2025-02-25,12.630000114440918,13.119999885559082,12.369999885559082,12.989999771118164,11177100,13.730600032806397,13.36860002040863,-8.015672408604324,-5.524885962929238
2025-02-26,12.729999542236328,13.050000190734863,12.649999618530273,12.869999885559082,6426900,13.692400016784667,13.332750020027161,-7.0287201175001535,-4.520826362794173
2025-02-27,12.300000190734863,13.039999961853027,12.270000457763672,12.864999771118164,7859300,13.653800029754638,13.297300024032593,-9.915187245085965,-7.5000175335991575
2025-02-28,12.300000190734863,12.425000190734863,12.029999732971191,12.149999618530273,8248100,13.6196000289917,13.262700028419495,-9.688976441656417,-7.25870173962877
2025-03-03,11.760000228881836,12.604999542236328,11.720000267028809,12.430000305175781,8564200,13.573600025177003,13.222500033378601,-13.361229098626815,-11.060690495782655
2025-03-04,11.789999961853027,12.0600004196167,11.380000114440918,11.609999656677246,13345100,13.53120002746582,13.18045002937317,-12.868038770238266,-10.549336816432419
2025-03-05,12.069999694824219,12.1850004196167,11.789999961853027,11.869999885559082,7930600,13.51320001602173,13.1371000289917,-10.679930138578586,-8.122799794570668
2025-03-06,11.75,12.140000343322754,11.635000228881836,11.779999732971191,8654500,13.493400020599365,13.094900026321412,-12.920390842469997,-10.270410798235153
2025-03-07,12.3100004196167,12.369999885559082,11.579999923706055,11.614999771118164,16493200,13.474600028991699,13.054400029182434,-8.642925258406697,-5.702288943970368
2025-03-10,12.109999656677246,12.604999542236328,11.979999542236328,11.989999771118164,17364700,13.455800018310548,13.013400030136108,-10.001637656638373,-6.942077945554503
2025-03-11,11.739999771118164,12.180000305175781,11.5,11.960000038146973,15403000,13.428000011444091,12.972600030899049,-12.570749470414944,-9.501566816559448
2025-03-12,11.829999923706055,12.1899995803833,11.609999656677246,11.930000305175781,22922300,13.401000003814698,12.93380002975464,-11.723006340283904,-8.534228946707511
2025-03-13,9.970000267028809,10.329999923706055,9.5,9.800000190734863,49500300,13.342800006866455,12.888450026512146,-25.278050619824477,-22.64391570343951
2025-03-14,10.880000114440918,10.880000114440918,10.09000015258789,10.114999771118164,26745300,13.30560001373291,12.84795002937317,-18.22991745421848,-15.317228899809665
2025-03-17,10.779999732971191,11.079999923706055,10.717000007629395,10.789999961853027,14855500,13.267000007629395,12.808100028038025,-18.745762216235896,-15.834513242613257
2025-03-18,10.75,10.979999542236328,10.630000114440918,10.645000457763672,16445500,13.22340000152588,12.770350031852722,-18.704720429242617,-15.820631594384027
2025-03-19,10.800000190734863,11.0,10.619999885559082,10.800000190734863,11265700,13.173800010681152,12.764000034332275,-18.019097132350893,-15.38702474392586
2025-03-20,10.819999694824219,11.180000305175781,10.729999542236328,10.800000190734863,11237400,13.113999996185303,12.756800031661987,-17.49275813655925,-15.182493509584605
2025-03-21,10.8100004196167,10.8149995803833,10.520000457763672,10.670000076293945,11484100,13.066200008392334,12.751250033378602,-17.2674502711308,-15.2239945784166
2025-03-24,11.210000038146973,11.210000038146973,10.819999694824219,10.979999542236328,8619100,13.021800003051759,12.748550033569336,-13.91359078222808,-12.068431244110666
2025-03-25,11.34000015258789,11.40999984741211,11.21500015258789,11.260000228881836,6520300,12.98920000076294,12.74590003490448,-12.696700705803144,-11.030212683816377
2025-03-26,11.220000267028809,11.395000457763672,11.069999694824219,11.3100004196167,7968100,12.957000007629395,12.740750036239625,-13.405878981074315,-11.936108666171263
2025-03-27,10.869999885559082,11.199999809265137,10.770000457763672,11.199999809265137,8000100,12.908800010681153,12.73510003566742,-15.793878001325478,-14.645351390132145
2025-03-28,10.6899995803833,10.989999771118164,10.460000038146973,10.800000190734863,8165600,12.855200004577636,12.728500032424927,-16.842992901108687,-16.015244898053147
2025-03-31,10.300000190734863,10.449999809265137,10.130000114440918,10.359999656677246,12931400,12.79420000076294,12.720950031280518,-19.494769582149285,-19.03120313021115
2025-04-01,10.5,10.59000015258789,10.180000305175781,10.420000076293945,9937400,12.743799991607666,12.714400029182434,-17.606993150279383,-17.416472850467844
2025-04-02,10.819999694824219,10.880000114440918,10.289999961853027,10.289999961853027,8569100,12.69359998703003,12.710850028991699,-14.760196430643823,-14.875876356456974
2025-04-03,10.260000228881836,10.350000381469727,9.899999618530273,10.199999809265137,16090500,12.629799995422363,12.704450030326843,-18.763557359573824,-19.240894297744894
2025-04-04,10.039999961853027,10.210000038146973,9.574999809265137,9.920000076293945,21041100,12.554799995422364,12.697500028610229,-20.03058618605047,-20.929317273237057
2025-04-07,9.789999961853027,10.720000267028809,9.380000114440918,9.430000305175781,28734000,12.472199993133545,12.690150027275086,-21.505428334673738,-22.8535522368824
2025-04-08,9.869999885559082,10.359999656677246,9.770000457763672,10.15999984741211,19725000,12.39439998626709,12.682650027275086,-20.367263469833354,-22.17714859013824
2025-04-09,11.079999923706055,11.229999542236328,9.880000114440918,9.890000343322754,17428900,12.312199993133545,12.67825002670288,-10.007960154275287,-12.606235873488824
2025-04-10,10.630000114440918,10.949999809265137,10.300000190734863,10.890000343322754,19210200,12.236800003051759,12.67125002861023,-13.13088297765852,-16.109301841257995
2025-04-11,10.869999885559082,10.96500015258789,10.449999809265137,10.65999984741211,18596200,12.16260000228882,12.665950026512146,-10.627662806361215,-14.179355967723007
2025-04-14,10.710000038146973,11.170000076293945,10.619999885559082,11.0,14641200,12.092399997711182,12.658400025367737,-11.4319734695004,-15.3921505349501
2025-04-15,10.579999923706055,10.8100004196167,10.510000228881836,10.649999618530273,37979100,12.019799995422364,12.647900023460387,-11.97856929619997,-16.349750519205696
2025-04-16,10.380000114440918,10.729999542236328,10.220000267028809,10.479999542236328,17048400,11.938799991607667,12.636400022506713,-13.056587582190016,-17.85635073317493
2025-04-17,10.449999809265137,10.545000076293945,10.34000015258789,10.34000015258789,11977600,11.850199985504151,12.624250020980835,-11.815835833587784,-17.222806963599503
2025-04-21,10.210000038146973,10.444999694824219,10.109999656677246,10.279999732971191,16523000,11.76859998703003,12.610500020980835,-13.24371591014023,-19.03572403029228
2025-04-22,10.470000267028809,10.520000457763672,10.279999732971191,10.34000015258789,8940900,11.698799991607666,12.598050022125244,-10.503639052384505,-16.89189796324877
2025-04-23,10.869999885559082,11.069999694824219,10.760000228881836,10.850000381469727,11013900,11.63159999847412,12.586200022697449,-6.5476814283069285,-13.635570180383594
2025-04-24,11.319999694824219,11.479999542236328,10.960000038146973,11.0,16347900,11.578400001525878,12.578700022697449,-2.2317445127790214,-10.006601044638852
2025-04-25,11.59000015258789,11.670000076293945,11.192000389099121,11.25,10862800,11.527800006866455,12.57700002193451,0.5395664887002383,-7.847657371593176
2025-04-28,11.600000381469727,11.788999557495117,11.4399995803833,11.640000343322754,8910900,11.457000007629395,12.574550023078919,1.248148500873758,-7.75017507442044
2025-04-29,11.819999694824219,11.899999618530273,11.65999984741211,11.760000228881836,8684000,11.394799995422364,12.57190001964569,3.731524024754007,-5.980801021695226
2025-04-30,11.9399995803833,11.960000038146973,11.460000038146973,11.539999961853027,12225600,11.335599994659423,12.568450016975403,5.331871149375678,-5.00022226880239
2025-05-01,11.880000114440918,12.0649995803833,11.829999923706055,12.010000228881836,11389400,11.285599994659425,12.565500016212463,5.266889842478695,-5.455412843795216
2025-05-02,11.970000267028809,12.0600004196167,11.864999771118164,12.0,6653700,11.241599998474122,12.561850018501282,6.479507086656322,-4.711485574185237
2025-05-05,11.770000457763672,12.119999885559082,11.760000228881836,11.859999656677246,9595600,11.20840000152588,12.557850022315979,5.010531888238634,-6.273761536825617
2025-05-06,11.819999694824219,12.029999732971191,11.630000114440918,11.630000114440918,9393200,11.18,12.55650002002716,5.724505320431295,-5.865490574827781
2025-05-07,12.100000381469727,12.135000228881836,11.744999885559082,11.869999885559082,6806300,11.169400005340576,12.556750020980836,8.331695307574183,-3.637482937447467
2025-05-08,12.4399995803833,12.515000343322754,12.039999961853027,12.09000015258789,7378700,11.163600006103515,12.55775002002716,11.433583911837907,-0.9376714734412706
2025-05-09,12.5,12.595000267028809,12.350000381469727,12.5,5503700,11.167600002288818,12.558700017929077,11.930943062413624,-0.4674052079058799
2025-05-12,13.09000015258789,13.09000015258789,12.770000457763672,12.930000305175781,7729500,11.183400001525879,12.564500017166138,17.04848392082794,4.182419791506176
2025-05-13,13.260000228881836,13.345000267028809,13.029999732971191,13.074999809265137,6531800,11.213400001525878,12.569800019264221,18.25137984088201,5.490940258077526
2025-05-14,13.210000038146973,13.25,13.020000457763672,13.1850004196167,7426100,11.241800003051758,12.57405002117157,17.507872712207284,5.057638675721998
2025-05-15,13.069999694824219,13.210000038146973,12.885000228881836,13.0,4961200,11.261800003051757,12.57780002117157,16.056045137388963,3.9132413683168332
2025-05-16,12.920000076293945,13.125,12.899999618530273,13.039999961853027,8884400,11.285200004577638,12.582100019454955,14.486230381855702,2.6855616814086325
2025-05-19,12.59000015258789,12.760000228881836,12.5600004196167,12.640000343322754,6044800,11.290799999237061,12.584200019836425,11.506714789373817,0.046090595686032465
2025-05-20,12.4399995803833,12.600000381469727,12.359999656677246,12.579999923706055,9890100,11.297399997711182,12.587400016784668,10.11382780908534,-1.1710157475317895
2025-05-21,12.199999809265137,12.479999542236328,12.125,12.300000190734863,12093900,11.306599998474121,12.591350016593934,7.901577935998305,-3.108087749232946
2025-05-22,12.34000015258789,12.4399995803833,12.119999885559082,12.25,13123900,11.316800003051759,12.597400016784668,9.041426456774083,-2.0432776910618067
2025-05-23,12.369999885559082,12.555000305175781,12.088000297546387,12.109999656677246,9261400,11.364799995422363,12.604800014495849,8.844853323785774,-1.8627834528651022
2025-05-27,12.670000076293945,12.699999809265137,12.46500015258789,12.600000381469727,9175200,11.400599994659423,12.614400014877319,11.134502414163894,0.4407665949315964
2025-05-28,12.9399995803833,13.029999732971191,12.600000381469727,12.600000381469727,12938300,11.443799991607666,12.623450012207032,13.074324873493737,2.5076311774527626
2025-05-29,12.9399995803833,13.15999984741211,12.729999542236328,13.15999984741211,27061200,11.487599983215333,12.631300010681151,12.643194394739421,2.4439255614316036
2025-05-30,13.3100004196167,14.984999656677246,12.90999984741211,14.859999656677246,47394700,11.537799987792969,12.64220001220703,15.359951062583189,5.282311676487117
2025-06-02,12.489999771118164,13.498000144958496,12.425000190734863,13.289999961853027,25768900,11.571199989318847,12.647000012397767,7.940401882669423,-1.2414030293800615
2025-06-03,13.050000190734863,13.079999923706055,12.520000457763672,12.59000015258789,18182100,11.615999984741212,12.655100011825562,12.34504311189184,3.1204824816895016
2025-06-04,13.050000190734863,13.119999885559082,12.829999923706055,13.039999961853027,10939300,11.652799987792969,12.66140001296997,11.990253024213482,3.0691722666278842
2025-06-05,13.260000228881836,13.399999618530273,13.09000015258789,13.119999885559082,12284500,11.691199989318848,12.668450012207032,13.418641721946866,4.669475871987494
2025-06-06,13.210000038146973,13.390000343322754,12.979999542236328,13.289999961853027,10323900,11.73099998474121,12.673700013160705,12.607621305340832,4.231597910865492
2025-06-09,13.109999656677246,13.180000305175781,13.029999732971191,13.180000305175781,8346900,11.775799980163574,12.678800010681153,11.330013067147382,3.4009499765974116
2025-06-10,13.220000267028809,13.489999771118164,13.069999694824219,13.109999656677246,10644700,11.826399993896484,12.683650012016296,11.783808038384901,4.228674352448891
2025-06-11,12.970000267028809,13.220000267028809,12.899999618530273,13.220000267028809,8513200,11.879799995422363,12.688200011253358,9.176924460231085,2.220963221934702
2025-06-12,12.65999984741211,12.954999923706055,12.640000343322754,12.859999656677246,7421500,11.922999992370606,12.689450011253356,6.181328990296908,-0.23208384772491764
2025-06-13,12.239999771118164,12.550000190734863,12.220000267028809,12.399999618530273,9251200,11.951399993896484,12.687450008392334,2.4147779956245063,-3.5267152735829255
2025-06-16,12.479999542236328,12.489999771118164,12.164999961853027,12.25,12285400,11.995799980163575,12.68555000782013,4.036409100463767,-1.6203512299986067
2025-06-17,12.420000076293945,12.59000015258789,12.335000038146973,12.40999984741211,7554500,12.043399982452392,12.68475000858307,3.12702471387043,-2.08715135978228
2025-06-18,12.369999885559082,12.444999694824219,12.222000122070312,12.420000076293945,8000500,12.094999980926513,12.682400007247924,2.273666019563758,-2.463257124127194
2025-06-20,12.180000305175781,12.489999771118164,12.039999961853027,12.395000457763672,8156400,12.141199989318848,12.6789000082016,0.3195756258942195,-3.9348815962196637
2025-06-23,12.229999542236328,12.300000190734863,11.835000038146973,12.100000381469727,6601400,12.164199981689453,12.67710000514984,0.5409279742681017,-3.526835496540115
2025-06-24,12.510000228881836,12.609999656677246,12.399999618530273,12.430000305175781,7042000,12.20179998397827,12.676050004959107,2.5258588512207414,-1.3099488879604437
2025-06-25,12.470000267028809,12.649999618530273,12.359999656677246,12.600000381469727,4796300,12.233799991607667,12.674700007438659,1.9307187920611257,-1.61502631454562
2025-06-26,12.770000457763672,12.84000015258789,12.25,12.510000228881836,6964000,12.275,12.678700008392333,4.032590287280424,0.7201089174040387
2025-06-27,12.729999542236328,12.875,12.539999961853027,12.770000457763672,16074100,12.317999992370606,12.6814000082016,3.3446951625337062,0.3832347690578164
2025-06-30,12.800000190734863,12.869999885559082,12.65999984741211,12.800000190734863,8496700,12.366399993896485,12.685250010490417,3.5062766613758622,0.904595338283043
2025-07-01,12.6899995803833,12.949999809265137,12.630000114440918,12.75,9670000,12.411199989318847,12.688600006103515,2.246354835184272,0.011030171012671453
2025-07-02,12.850000381469727,12.869999885559082,12.399999618530273,12.59000015258789,8327200,12.463999996185303,12.692750005722045,3.0969222192118284,1.2388991800578397
2025-07-03,13.289999961853027,13.489999771118164,12.869999885559082,12.880000114440918,6853800,12.520399990081787,12.696650004386902,6.146768253257795,4.673279623058946
2025-07-07,13.15999984741211,13.28499984741211,12.960000038146973,13.170000076293945,6062800,12.566199989318848,12.70005000591278,4.725373291830359,3.6216380351667077
2025-07-08,13.220000267028809,13.484999656677246,13.130000114440918,13.229999542236328,7186900,12.604200000762939,12.704800004959106,4.885675141846324,4.055162315570526
2025-07-09,13.329999923706055,13.399999618530273,13.0600004196167,13.25,5217400,12.638999996185303,12.709950003623963,5.467204112107837,4.878460732774714
2025-07-10,12.890000343322754,13.399999618530273,12.845000267028809,13.399999618530273,6123400,12.664799995422364,12.71215000629425,1.7781595286288532,1.3990578850976654
2025-07-11,12.350000381469727,12.819999694824219,12.34000015258789,12.78499984741211,5904300,12.675400009155274,12.711450009346008,-2.5671744280300057,-2.84349643518661
2025-07-14,12.479999542236328,12.600000381469727,12.239999771118164,12.300000190734863,9715400,12.686200008392333,12.70930000782013,-1.6253918905550724,-1.804194294278294
2025-07-15,12.380000114440918,12.597000122070312,12.369999885559082,12.539999961853027,18037900,12.696200008392333,12.706450009346009,-2.4905081342638247,-2.5691667984761746
2025-07-16,12.399999618530273,12.5,12.25,12.430000305175781,7389600,12.704799995422363,12.706050009727479,-2.3990962234896385,-2.40869814744078
2025-07-17,12.329999923706055,12.529999732971191,12.329999923706055,12.449999809265137,13645100,12.715999984741211,12.70475000858307,-3.0355462527394184,-2.9496848393226194
2025-07-18,12.59000015258789,12.59000015258789,12.300000190734863,12.449999809265137,16542200,12.731399993896485,12.703700008392333,-1.1106385894432802,-0.8950137025380833
2025-07-21,12.449999809265137,12.819999694824219,12.350000381469727,12.630000114440918,24456600,12.738399982452393,12.701950006484985,-2.2640219618204616,-1.9835552579817728
2025-07-22,12.59000015258789,12.71500015258789,12.361000061035156,12.539999961853027,23919300,12.741399993896485,12.702900009155274,-1.188251223422221,-0.8887722999158743
2025-07-23,12.619999885559082,12.670000076293945,12.470000267028809,12.65999984741211,14496800,12.743799991607666,12.70435000896454,-0.971453617681628,-0.6639467847307179
2025-07-24,12.319999694824219,12.649999618530273,12.199999809265137,12.600000381469727,12793100,12.728399982452393,12.706200008392335,-3.2085752191257533,-3.0394635163387473
2025-07-25,12.180000305175781,12.380000114440918,12.149999618530273,12.229999542236328,19081100,12.706799983978271,12.704650011062622,-4.145809168844405,-4.129588028241626
2025-07-28,12.210000038146973,12.34000015258789,12.09000015258789,12.25,18318600,12.686799983978272,12.704250011444092,-3.7582364854292116,-3.890430154097213
2025-07-29,12.079999923706055,12.300000190734863,11.970000267028809,12.239999771118164,10665900,12.666999988555908,12.703800010681153,-4.634089092762162,-4.910342468006556
2025-07-30,12.010000228881836,12.15999984741211,11.895000457763672,12.069999694824219,23117500,12.648799991607666,12.701650013923645,-5.050279577111394,-5.44535382634238
2025-07-31,11.75,12.039999961853027,11.739999771118164,12.0,13049100,12.631999988555908,12.697600011825562,-6.982267173487688,-7.46282770714971
2025-08-01,11.109999656677246,11.640000343322754,11.020000457763672,11.640000343322754,19242800,12.605399990081787,12.689650011062621,-11.863172406914146,-12.448336660256686
2025-08-04,11.34000015258789,11.350000381469727,11.149999618530273,11.25,10598700,12.588199996948243,12.68265001296997,-9.915634043492737,-10.58650880540749
2025-08-05,11.220000267028809,11.40999984741211,11.199999809265137,11.350000381469727,7794700,12.565799999237061,12.67440001487732,-10.710020311400491,-11.47509741006536
2025-08-06,11.220000267028809,11.345000267028809,11.140000343322754,11.300000190734863,7802100,12.542800006866456,12.666500015258789,-10.546287424765532,-11.419885102336435
2025-08-07,10.930000305175781,11.414999961853027,10.8100004196167,11.335000038146973,11882700,12.508000011444091,12.65730001449585,-12.615923447589793,-13.646667988764328
2025-08-08,10.65999984741211,11.0,10.574999809265137,10.949999809265137,9083300,12.462400016784668,12.645300011634827,-14.462705152659538,-15.699905596514597
2025-08-11,10.4399995803833,10.729999542236328,10.40999984741211,10.640000343322754,10109400,12.412400016784668,12.63225000858307,-15.890564546213371,-17.35439392594533
2025-08-12,10.5,10.539999961853027,10.350000381469727,10.460000038146973,7938200,12.356200008392333,12.621550006866455,-15.022417953186274,-16.80894981767117
2025-08-13,10.989999771118164,10.989999771118164,10.46500015258789,10.649999618530273,11443100,12.326200008392334,12.616200003623963,-10.840325780568328,-12.889778475600245
2025-08-14,10.729999542236328,10.875,10.630000114440918,10.800000190734863,9977700,12.279799995422364,12.607450003623962,-12.620730417138448,-14.89159553159416
2025-08-15,10.960000038146973,11.029999732971191,10.704999923706055,10.760000228881836,12505400,12.237999992370606,12.60050000190735,-10.442882456450086,-13.019324340399606
2025-08-18,11.170000076293945,11.1899995803833,10.9399995803833,10.9399995803833,14893600,12.196199989318847,12.593950004577637,-8.414095488132567,-11.30661887466693
2025-08-19,10.989999771118164,11.270000457763672,10.930000305175781,11.229999542236328,7310600,12.151799983978272,12.585400004386901,-9.56072527849291,-12.67659536218656
2025-08-20,10.960000038146973,11.020000457763672,10.770000457763672,10.90999984741211,9340400,12.108799991607667,12.57715000629425,-9.487314632803423,-12.857841143168148
2025-08-21,10.890000343322754,10.956999778747559,10.739999771118164,10.845000267028809,6558000,12.062199993133545,12.569800009727478,-9.717958999834774,-13.363774006784245
2025-08-22,11.170000076293945,11.239999771118164,10.880000114440918,10.9399995803833,10224400,12.026199989318847,12.562800011634828,-7.119455137826924,-11.086699892149554
2025-08-25,11.029999732971191,11.239999771118164,10.960000038146973,11.180000305175781,8052400,11.993599987030029,12.556350011825561,-8.034287078949454,-12.156002958000167
2025-08-26,10.819999694824219,11.125,10.8100004196167,11.024999618530273,10391000,11.96519998550415,12.547750010490418,-9.571091933835973,-13.769403392813306
2025-08-27,11.140000343322754,11.180000305175781,10.930000305175781,10.9399995803833,7684200,11.93840000152588,12.53770001411438,-6.687660474612011,-11.147975060961413
2025-08-28,11.260000228881836,11.40999984741211,11.199999809265137,11.199999809265137,9160000,11.915200004577637,12.527100014686585,-5.498856716161571,-10.114869238045676
2025-08-29,11.119999885559082,11.444999694824219,11.100000381469727,11.300000190734863,7799600,11.890200004577636,12.51685001373291,-6.477604402970794,-11.159757659804725
2025-09-02,10.899999618530273,11.069999694824219,10.760000228881836,10.9399995803833,11563900,11.864599990844727,12.501900010108947,-8.13007074034341,-12.813255507429977
2025-09-03,10.880000114440918,11.039999961853027,10.779999732971191,10.930000305175781,7413700,11.837600002288818,12.489500012397766,-8.089476647823435,-12.886824103119976
2025-09-04,10.850000381469727,10.9350004196167,10.479999542236328,10.930000305175781,38006300,11.804400005340575,12.47610001564026,-8.085117612407721,-13.03371752496394
2025-09-05,11.489999771118164,11.550000190734863,10.890000343322754,11.15999984741211,34586700,11.784799995422363,12.470350012779235,-2.5015292955222757,-7.861449282950661
2025-09-08,11.800000190734863,11.84000015258789,11.34000015258789,11.529999732971191,16018900,11.765399990081788,12.467500014305115,0.2940843548221439,-5.353918771240163
2025-09-09,11.899999618530273,11.989999771118164,11.642000198364258,11.859999656677246,11779300,11.748799991607665,12.464400010108948,1.2869367682708965,-4.52809915536192
2025-09-10,11.609999656677246,12.050000190734863,11.529999732971191,11.859999656677246,13405500,11.724999980926514,12.458650007247925,-0.9808130015892758,-6.811736023381099
2025-09-11,11.6899995803833,11.718000411987305,11.420000076293945,11.640000343322754,11254500,11.704999980926514,12.452750005722045,-0.1281537852854009,-6.1251564914437395
2025-09-12,11.399999618530273,11.760000228881836,11.369999885559082,11.760000228881836,9219800,11.675999965667724,12.441350002288818,-2.3638262071686067,-8.370075462606296
2025-09-15,11.59000015258789,11.664999961853027,11.3100004196167,11.4399995803833,10316800,11.641999969482422,12.428100004196168,-0.4466570780865875,-6.743587928366401
2025-09-16,11.569999694824219,11.630000114440918,11.420000076293945,11.609999656677246,7286500,11.610199966430663,12.413450002670288,-0.3462496057146103,-6.794648608280795
2025-09-17,11.819999694824219,11.984999656677246,11.614999771118164,11.630000114440918,7677000,11.582199954986573,12.401649999618531,2.0531482858337613,-4.690104178171484
2025-09-18,12.149999618530273,12.170000076293945,11.829999923706055,12.0,11869200,11.558599948883057,12.391949996948242,5.116533769337406,-1.9524802672505337
2025-09-19,11.869999885559082,12.125,11.770000457763672,12.09000015258789,13039200,11.538199939727782,12.380249996185302,2.875664727293059,-4.121484709787304
2025-09-22,13.140000343322754,13.170000076293945,12.020000457763672,12.180000305175781,28233600,11.553999938964843,12.373349995613099,13.726851417137919,6.1959804578506805
2025-09-23,12.529999732971191,13.21500015258789,12.489999771118164,13.170000076293945,16141400,11.55499994277954,12.36409999370575,8.437903894589871,1.341785810126872
2025-09-24,12.319999694824219,12.635000228881836,12.220000267028809,12.619999885559082,12530300,11.553799934387207,12.34904999256134,6.631582377989731,-0.235243178662492
2025-09-25,12.140000343322754,12.210000038146973,11.880000114440918,12.15999984741211,8699000,11.548599948883057,12.334999995231628,5.120970481767317,-1.5808646289765416
2025-09-26,12.210000038146973,12.380000114440918,11.960000038146973,12.170000076293945,11597800,11.546199951171875,12.32199999332428,5.749078396201912,-0.9089429900826618
2025-09-29,12.5600004196167,12.680000305175781,12.170000076293945,12.3100004196167,13659600,11.54559995651245,12.307299995422364,8.786035086310617,2.053256394890246
2025-09-30,13.380000114440918,15.180000305175781,13.34000015258789,15.180000305175781,80835400,11.564199962615966,12.300649995803832,15.701908975069268,8.774740513755685
2025-10-01,12.989999771118164,13.640000343322754,12.970000267028809,13.520000457763672,31188000,11.572199954986573,12.29239999294281,12.251774266315252,5.675049449870273
2025-10-02,12.75,13.079999923706055,12.609999656677246,13.079999923706055,23590200,11.57479995727539,12.284999995231628,10.153091604714358,3.785103825387548
2025-10-03,12.899999618530273,13.364999771118164,12.75,12.75,23026200,11.586399955749512,12.27944999217987,11.33742722327582,5.053562063004446
2025-10-06,14.520000457763672,15.220000267028809,13.90999984741211,14.1899995803833,61163200,11.633199958801269,12.281749992370605,24.81518850519158,18.22419823545882
2025-10-07,14.819999694824219,15.260000228881836,14.170000076293945,15.010000228881836,42503600,11.685399951934814,12.286299991607667,26.824924741838995,20.622153984089863
2025-10-08,15.579999923706055,15.59000015258789,14.765000343322754,15.015000343322754,35929800,11.755399951934814,12.299349989891052,32.53483494742135,26.673360271163915
2025-10-09,18.510000228881836,18.739999771118164,16.190000534057617,16.440000534057617,99862100,11.885399951934815,12.32819999217987,55.73729368584359,50.14357522284889
2025-10-10,17.049999237060547,18.600000381469727,16.850000381469727,18.579999923706055,63675400,11.991399936676025,12.347199988365173,42.18522713859836,38.087981511005296
2025-10-13,17.139999389648438,17.469999313354492,16.610000610351562,17.31999969482422,40097200,12.111999931335449,12.36764998435974,41.51254530067199,38.58735823963211
2025-10-14,16.479999542236328,16.90999984741211,16.049999237060547,16.780000686645508,34401900,12.214799919128417,12.384399981498719,34.918292983486324,33.07063375582264
2025-10-15,16.690000534057617,17.200000762939453,16.18000030517578,17.020000457763672,33082300,12.324199924468994,12.401949982643128,35.4246169028837,34.57561558799813
2025-10-16,15.930000305175781,17.579999923706055,15.800000190734863,16.93000030517578,37932500,12.418399925231933,12.417199983596802,28.277398063247382,28.289794206579664
2025-10-17,15.4399995803833,15.960000038146973,15.274999618530273,15.515000343322754,23036600,12.508599910736084,12.430699982643127,23.43507419348514,24.20860934574909
2025-10-20,15.930000305175781,16.149999618530273,15.619999885559082,15.649999618530273,20296500,12.613999919891357,12.446799983978272,26.28825437088622,27.984705512108675
2025-10-21,16.280000686645508,16.59000015258789,15.425000190734863,15.680000305175781,19590200,12.730799942016601,12.46354998588562,27.8788509818237,30.620896173897783
2025-10-22,15.029999732971191,15.829999923706055,14.699999809265137,15.800000190734863,28047100,12.821399936676025,12.47229998588562,17.225886464842244,20.507041604034647
2025-10-23,15.4399995803833,15.729999542236328,14.989999771118164,15.0,16109200,12.910399932861328,12.480449981689453,19.593503382364542,23.713484714380616
2025-10-24,16.479999542236328,16.7549991607666,15.319999694824219,15.5600004196167,34811800,13.025399932861328,12.496849980354309,26.522023332730924,31.873228598756764
2025-10-27,17.389999389648438,17.5,16.549999237060547,16.834999084472656,30177200,13.153999919891357,12.516649975776673,32.203128292189234,38.93493405426454
2025-10-28,16.15999984741211,17.5,16.110000610351562,17.3799991607666,25832300,13.25379991531372,12.53259997367859,21.927295950352345,28.943713845107276
2025-10-29,16.209999084472656,16.68000030517578,16.020000457763672,16.450000762939453,19573000,13.35819990158081,12.549499969482422,21.34867874341635,29.168485787415822
2025-10-30,15.869999885559082,16.325000762939453,15.40999984741211,15.890000343322754,15449400,13.456399898529053,12.56244997024536,17.936446636769944,26.32886039863067
2025-10-31,15.859999656677246,16.0,15.479999542236328,15.800000190734863,15424000,13.555799884796143,12.574899969100953,16.99788866362242,26.124260993315573
