Date,Close,High,Low,Open,Volume,SMA50,SMA200,ext_sma50_pct,ext_sma200_pct
2021-04-26,9.899999618530273,9.949999809265137,9.800000190734863,9.800000190734863,17800,,,,
2021-04-27,9.920000076293945,10.25,9.850000381469727,9.850000381469727,72100,,,,
2021-04-28,9.920000076293945,9.960000038146973,9.920000076293945,9.920000076293945,22400,,,,
2021-04-29,10.0,10.050000190734863,9.920000076293945,9.920000076293945,132600,,,,
2021-04-30,9.920000076293945,10.0,9.920000076293945,10.0,33700,,,,
2021-05-03,9.899999618530273,9.920000076293945,9.899999618530273,9.920000076293945,15700,,,,
2021-05-04,9.899999618530273,9.90999984741211,9.899999618530273,9.899999618530273,6800,,,,
2021-05-05,9.869999885559082,9.899999618530273,9.859999656677246,9.899999618530273,3400,,,,
2021-05-06,9.869999885559082,9.899999618530273,9.869999885559082,9.869999885559082,10800,,,,
2021-05-07,9.819999694824219,9.880000114440918,9.819999694824219,9.880000114440918,4700,,,,
2021-05-10,9.869999885559082,9.899999618530273,9.869999885559082,9.899999618530273,11900,,,,
2021-05-11,9.8100004196167,9.901000022888184,9.800000190734863,9.869999885559082,295700,,,,
2021-05-12,9.84000015258789,9.859999656677246,9.819999694824219,9.819999694824219,32300,,,,
2021-05-13,9.84000015258789,9.84000015258789,9.84000015258789,9.84000015258789,0,,,,
2021-05-14,9.84000015258789,9.84000015258789,9.800000190734863,9.84000015258789,45900,,,,
2021-05-17,9.819999694824219,9.84000015258789,9.770000457763672,9.84000015258789,6400,,,,
2021-05-18,9.78499984741211,9.84000015258789,9.78499984741211,9.84000015258789,800,,,,
2021-05-19,9.779999732971191,9.819999694824219,9.779999732971191,9.779999732971191,275700,,,,
2021-05-20,9.789999961853027,9.8100004196167,9.574000358581543,9.8100004196167,4100,,,,
2021-05-21,9.789999961853027,9.930000305175781,9.789999961853027,9.789999961853027,217600,,,,
2021-05-24,9.819999694824219,9.819999694824219,9.819999694824219,9.819999694824219,1000,,,,
2021-05-25,9.819999694824219,9.819999694824219,9.819999694824219,9.819999694824219,0,,,,
2021-05-26,9.87600040435791,10.479999542236328,9.84000015258789,10.479999542236328,3500,,,,
2021-05-27,9.880000114440918,9.894000053405762,9.84000015258789,9.880000114440918,14200,,,,
2021-05-28,9.850000381469727,9.880000114440918,9.850000381469727,9.880000114440918,17800,,,,
2021-06-01,9.8100004196167,9.869999885559082,9.779999732971191,9.850000381469727,16300,,,,
2021-06-02,9.8100004196167,9.8100004196167,9.800000190734863,9.800000190734863,6700,,,,
2021-06-03,9.819999694824219,9.819999694824219,9.800000190734863,9.800000190734863,14100,,,,
2021-06-04,9.899999618530273,9.979999542236328,9.8100004196167,9.8100004196167,44300,,,,
2021-06-07,9.880000114440918,9.880000114440918,9.8100004196167,9.859999656677246,5400,,,,
2021-06-08,9.9399995803833,9.979999542236328,9.833999633789062,9.850000381469727,77300,,,,
2021-06-09,9.949999809265137,10.010000228881836,9.880000114440918,9.880000114440918,17400,,,,
2021-06-10,9.930000305175781,10.020000457763672,9.8100004196167,9.899999618530273,112300,,,,
2021-06-11,9.954999923706055,9.954999923706055,9.954999923706055,9.954999923706055,200,,,,
2021-06-14,9.920000076293945,10.449999809265137,9.829999923706055,10.449999809265137,23500,,,,
2021-06-15,9.871000289916992,9.920000076293945,9.859999656677246,9.920000076293945,900,,,,
2021-06-16,9.850000381469727,9.890000343322754,9.819999694824219,9.861000061035156,10300,,,,
2021-06-17,9.859999656677246,9.949999809265137,9.8100004196167,9.819999694824219,10500,,,,
2021-06-18,9.880000114440918,9.880000114440918,9.8100004196167,9.880000114440918,25200,,,,
2021-06-21,9.855999946594238,9.9399995803833,9.819999694824219,9.9399995803833,8100,,,,
2021-06-22,9.850000381469727,9.9399995803833,9.850000381469727,9.9399995803833,2600,,,,
2021-06-23,9.899999618530273,9.899999618530273,9.859999656677246,9.868000030517578,11800,,,,
2021-06-24,9.869999885559082,9.949999809265137,9.869999885559082,9.949999809265137,7700,,,,
2021-06-25,9.843000411987305,9.869999885559082,9.843000411987305,9.869999885559082,1000,,,,
2021-06-28,9.829999923706055,9.859999656677246,9.8100004196167,9.835000038146973,61900,,,,
2021-06-29,9.880000114440918,9.880000114440918,9.819999694824219,9.819999694824219,17900,,,,
2021-06-30,9.770000457763672,9.821999549865723,9.760000228881836,9.8100004196167,146600,,,,
2021-07-01,9.819999694824219,9.819999694824219,9.760000228881836,9.760000228881836,85200,,,,
2021-07-02,9.800000190734863,9.829999923706055,9.770000457763672,9.770000457763672,40300,,,,
2021-07-06,9.805999755859375,9.90999984741211,9.800000190734863,9.90999984741211,5800,9.860639991760253,,-0.5541246404547451,
2021-07-07,9.970000267028809,10.0600004196167,9.920000076293945,10.020000457763672,8624100,9.862040004730225,,1.094705175063182,
2021-07-08,9.949999809265137,9.960000038146973,9.899999618530273,9.949999809265137,705600,9.862639999389648,,0.8857649663872369,
2021-07-09,9.899999618530273,9.960000038146973,9.890000343322754,9.960000038146973,853600,9.862239990234375,,0.3828707102371043,
2021-07-12,9.930000305175781,9.949999809265137,9.899999618530273,9.949999809265137,656800,9.86083999633789,,0.7013632597585584,
2021-07-13,9.920000076293945,9.9399995803833,9.899999618530273,9.899999618530273,192000,9.86083999633789,,0.5999496998027043,
2021-07-14,9.899999618530273,9.913000106811523,9.899999618530273,9.899999618530273,141600,9.86083999633789,,0.3971225798910183,
2021-07-15,9.899999618530273,9.920000076293945,9.890000343322754,9.90999984741211,191000,9.86083999633789,,0.3971225798910183,
2021-07-16,9.899999618530273,9.930000305175781,9.890000343322754,9.930000305175781,55700,9.861439990997315,,0.3910141679933199,
2021-07-19,9.850000381469727,9.920000076293945,9.850000381469727,9.920000076293945,211300,9.861040000915528,,-0.1119518777408568,
2021-07-20,9.850000381469727,9.880000114440918,9.850000381469727,9.859999656677246,59400,9.861640014648437,,-0.11802938620169012,
2021-07-21,9.899999618530273,9.90999984741211,9.85099983215332,9.859999656677246,77400,9.862240009307861,,0.382870516097511,
2021-07-22,9.920000076293945,9.930999755859375,9.880000114440918,9.90999984741211,34900,9.864440002441405,,0.5632359651312147,
2021-07-23,9.890000343322754,9.949999809265137,9.880000114440918,9.949999809265137,24800,9.865440006256103,,0.24895328592617894,
2021-07-26,9.880000114440918,9.899999618530273,9.869999885559082,9.899999618530273,35900,9.866240005493164,,0.13946659456989252,
2021-07-27,9.875,9.890000343322754,9.869999885559082,9.890000343322754,23600,9.866940002441407,,0.0816869014770516,
2021-07-28,9.850000381469727,9.930000305175781,9.84000015258789,9.869999885559082,1389600,9.867540016174317,,-0.17775083430967564,
2021-07-29,9.859999656677246,9.869999885559082,9.800000190734863,9.800000190734863,307300,9.86904001235962,,-0.09160319211444223,
2021-07-30,9.859999656677246,9.890000343322754,9.850000381469727,9.890000343322754,30100,9.87064001083374,,-0.10779801659077659,
2021-08-02,9.899999618530273,9.9399995803833,9.854999542236328,9.9399995803833,24000,9.872840003967285,,0.2750942439265103,
2021-08-03,9.880000114440918,9.920000076293945,9.850000381469727,9.899999618530273,28700,9.874640007019043,,0.05428154766213833,
2021-08-04,9.880000114440918,9.949999809265137,9.850000381469727,9.949999809265137,34200,9.875840015411377,,0.04212400183729592,
2021-08-05,9.850000381469727,9.960000038146973,9.850000381469727,9.949999809265137,240800,9.876440029144288,,-0.2677042294241705,
2021-08-06,9.920000076293945,9.949999809265137,9.84000015258789,9.880000114440918,73900,9.877320022583008,,0.4321015580476928,
2021-08-09,9.90999984741211,9.949999809265137,9.899999618530273,9.949999809265137,136400,9.877920017242431,,0.32476300793771173,
2021-08-10,9.850000381469727,9.9399995803833,9.835000038146973,9.9399995803833,377100,9.877920017242431,,-0.2826469107258367,
2021-08-11,9.890000343322754,9.899999618530273,9.850000381469727,9.890000343322754,77900,9.879520015716553,,0.10608134392691149,
2021-08-12,9.880000114440918,9.930000305175781,9.859999656677246,9.930000305175781,150000,9.880920009613037,,-0.009309812965030417,
2021-08-13,9.875,9.920000076293945,9.869999885559082,9.920000076293945,588900,9.882020015716552,,-0.07103826652230527,
2021-08-16,9.890000343322754,9.890000343322754,9.850000381469727,9.859999656677246,119600,9.881820030212403,,0.08278144193418768,
2021-08-17,9.880000114440918,9.890000343322754,9.850000381469727,9.859999656677246,958800,9.881820030212403,,-0.018416807490118092,
2021-08-18,9.880999565124512,9.90999984741211,9.859999656677246,9.899999618530273,241200,9.880640029907227,,0.0036387846960916903,
2021-08-19,9.890000343322754,9.949999809265137,9.850000381469727,9.949999809265137,493600,9.87944004058838,,0.10689171340672043,
2021-08-20,9.880000114440918,9.90999984741211,9.864999771118164,9.90999984741211,32900,9.878440036773682,,0.015792753323684572,
2021-08-23,9.859999656677246,9.90999984741211,9.850000381469727,9.90999984741211,518300,9.876540031433105,,-0.16747134829826482,
2021-08-24,9.90999984741211,9.920000076293945,9.850000381469727,9.850000381469727,29900,9.876340026855468,,0.34081269443047013,
2021-08-25,9.899999618530273,9.920999526977539,9.859999656677246,9.90999984741211,40500,9.876920013427734,,0.23367208675542095,
2021-08-26,9.890000343322754,9.899999618530273,9.859999656677246,9.899999618530273,44800,9.877720012664795,,0.12432353460325452,
2021-08-27,9.890000343322754,9.899999618530273,9.869999885559082,9.880000114440918,22200,9.878320026397706,,0.118241936825636,
2021-08-30,9.869999885559082,9.90999984741211,9.859999656677246,9.869999885559082,23500,9.878120021820068,,-0.08220325571109965,
2021-08-31,9.90999984741211,9.930000305175781,9.850000381469727,9.930000305175781,99100,9.879200019836425,,0.3117643889570143,
2021-09-01,9.880000114440918,9.930000305175781,9.875,9.930000305175781,72700,9.87980001449585,,0.0020253440836448533,
2021-09-02,9.890000343322754,9.9399995803833,9.880000114440918,9.899999618530273,354400,9.8796000289917,,0.10527060104188468,
2021-09-03,9.899999618530273,9.9399995803833,9.890000343322754,9.9399995803833,803600,9.880200023651122,,0.2003967007930596,
2021-09-07,9.9399995803833,9.979999542236328,9.899999618530273,9.920000076293945,609500,9.882140007019043,,0.585496393728091,
2021-09-08,9.949999809265137,9.949999809265137,9.899999618530273,9.949999809265137,42300,9.884540004730225,,0.6622443179306936,
2021-09-09,9.970000267028809,9.979999542236328,9.949999809265137,9.979999542236328,69100,9.886340007781982,,0.8462207367031072,
2021-09-10,9.914999961853027,9.993000030517578,9.906000137329102,9.979999542236328,191600,9.88923999786377,,0.260484769252467,
2021-09-13,9.920000076293945,9.949999809265137,9.899999618530273,9.949999809265137,105300,9.891240005493165,,0.29076304674446884,
2021-09-14,9.920000076293945,9.949999809265137,9.90999984741211,9.920000076293945,34600,9.893640003204347,,0.2664345284552727,
2021-09-15,9.920000076293945,9.930000305175781,9.899999618530273,9.90999984741211,27200,9.895920009613038,,0.24333327934660254,
2021-09-16,9.989999771118164,10.0,9.92199993133545,9.930000305175781,343100,9.896319999694825,,0.9466121894424306,
2021-09-17,9.989999771118164,10.0,9.930999755859375,9.960000038146973,173200,9.897119998931885,,0.9384525215042627,
2021-09-20,9.970000267028809,9.979999542236328,9.930000305175781,9.979999542236328,152100,9.898520011901855,,0.7221307330894655,
2021-09-21,9.970000267028809,10.0,9.930000305175781,10.0,237000,9.899320011138917,,0.7139910196898525,
2021-09-22,9.979999542236328,9.989999771118164,9.949999809265137,9.970000267028809,186200,9.900520000457764,,0.8027814879914441,
2021-09-23,9.949999809265137,9.979999542236328,9.9399995803833,9.979999542236328,133300,9.901520004272461,,0.48961982576167795,
2021-09-24,9.949999809265137,9.967000007629395,9.930000305175781,9.930000305175781,74400,9.902520008087158,,0.4794719035074113,
2021-09-27,9.979999542236328,9.99899959564209,9.970000267028809,9.979999542236328,435300,9.904120006561278,,0.7661411172802834,
2021-09-28,9.979999542236328,10.050000190734863,9.956000328063965,10.050000190734863,127800,9.906719989776612,,0.7396954040826742,
2021-09-29,9.9399995803833,10.0,9.90999984741211,10.0,142600,9.908519973754883,,0.31770240875326206,
2021-09-30,9.90999984741211,9.979999542236328,9.899999618530273,9.970000267028809,214000,9.90871997833252,,0.012916593489253891,
2021-10-01,9.949999809265137,9.96399974822998,9.920000076293945,9.949999809265137,85900,9.909319972991943,,0.4105209679783117,
2021-10-04,9.949999809265137,9.973999977111816,9.9399995803833,9.949999809265137,51000,9.910519962310792,,0.3983630233780344,
2021-10-05,9.9399995803833,9.970000267028809,9.9350004196167,9.970000267028809,33600,9.911719951629639,,0.28531505017967973,
2021-10-06,9.9399995803833,9.9399995803833,9.90999984741211,9.930000305175781,91200,9.913019943237305,,0.27216365245388285,
2021-10-07,9.930000305175781,9.970000267028809,9.914999961853027,9.9399995803833,22400,9.914619941711425,,0.1551281194314802,
2021-10-08,9.9399995803833,9.970000267028809,9.920000076293945,9.970000267028809,49500,9.916219940185547,,0.23980549383930683,
2021-10-11,9.9399995803833,9.956999778747559,9.920000076293945,9.9399995803833,18600,9.917819938659669,,0.22363424483213823,
2021-10-12,9.920000076293945,9.960000038146973,9.920000076293945,9.949999809265137,48400,9.918219947814942,,0.01794806415233996,
2021-10-13,9.960000038146973,9.979999542236328,9.920000076293945,9.979999542236328,122500,9.919819946289062,,0.40504860043293345,
2021-10-14,9.944999694824219,9.979999542236328,9.930000305175781,9.979999542236328,859800,9.921119937896728,,0.24069618225532885,
2021-10-15,9.949999809265137,9.970000267028809,9.930000305175781,9.970000267028809,124300,9.923119926452637,,0.27088136605952773,
2021-10-18,9.960000038146973,9.979999542236328,9.930000305175781,9.979999542236328,32700,9.923919925689697,,0.3635671461221346,
2021-10-19,9.949999809265137,9.970000267028809,9.9399995803833,9.970000267028809,1235700,9.924719924926757,,0.25471634997866754,
2021-10-20,9.9399995803833,9.979999542236328,9.9399995803833,9.979999542236328,90800,9.926519908905028,,0.1357945342574718,
2021-10-21,9.970000267028809,9.979999542236328,9.9399995803833,9.960000038146973,74000,9.92811990737915,,0.4218357558164687,
2021-10-22,9.989999771118164,10.0,9.949999809265137,9.979999542236328,451800,9.930319900512695,,0.6009863851655917,
2021-10-25,9.989999771118164,10.0,9.979999542236328,10.0,204600,9.932619895935058,,0.5776912414275248,
2021-10-26,10.0,10.050000190734863,9.979999542236328,10.0,1387600,9.934819889068603,,0.6560774292759586,
2021-10-27,9.979999542236328,10.0,9.970000267028809,10.0,134800,9.936819877624512,,0.43454208835009833,
2021-10-28,10.039999961853027,10.1899995803833,9.989999771118164,10.0,1072100,9.939999885559082,,1.0060369964312255,
2021-10-29,10.130000114440918,10.170000076293945,10.09000015258789,10.100000381469727,1589100,9.944799880981446,,1.862282154250794,
2021-11-01,10.1899995803833,10.319999694824219,10.149999618530273,10.180000305175781,1302200,9.950999870300294,,2.4017657843240947,
2021-11-02,10.170000076293945,10.210000038146973,10.100000381469727,10.199999809265137,545400,9.957199878692627,,2.1371489996569126,
2021-11-03,10.15999984741211,10.199999809265137,10.109999656677246,10.199999809265137,660400,9.962199878692626,,1.985504919877612,
2021-11-04,10.140000343322754,10.220000267028809,10.130000114440918,10.15999984741211,520600,9.966999893188477,,1.7357324369242422,
2021-11-05,10.229999542236328,10.255000114440918,10.15999984741211,10.1899995803833,802700,9.973799877166748,,2.5687267463236685,
2021-11-08,10.359999656677246,10.4399995803833,10.270000457763672,10.390000343322754,2472700,9.983199863433837,,3.7743388732859096,
2021-11-09,10.489999771118164,10.640000343322754,10.260000228881836,10.489999771118164,2258200,9.995599861145019,,4.946175485625237,
2021-11-10,10.229999542236328,10.489999771118164,10.149999618530273,10.489999771118164,2030700,10.001999855041504,,2.2795409967927727,
2021-11-11,10.359999656677246,10.399999618530273,10.229999542236328,10.329999923706055,1335900,10.01159984588623,,3.4799614063098394,
2021-11-12,10.460000038146973,10.569999694824219,10.329999923706055,10.40999984741211,2533900,10.022999839782715,,4.359974113036924,
2021-11-15,10.539999961853027,10.75,10.430999755859375,10.5,2254000,10.03579984664917,,5.02401525447127,
2021-11-16,10.869999885559082,10.970000267028809,10.529999732971191,10.569999694824219,3295200,10.054399852752686,,8.111871864565856,
2021-11-17,11.399999618530273,11.489999771118164,10.90999984741211,11.020000457763672,5909200,10.083399848937988,,13.05710166527765,
2021-11-18,11.210000038146973,11.420000076293945,10.640000343322754,11.399999618530273,5122100,10.108199844360351,,10.900063421295991,
2021-11-19,11.399999618530273,11.760000228881836,11.220000267028809,11.359999656677246,3281200,10.137899837493897,,12.449321864165984,
2021-11-22,11.84000015258789,12.149999618530273,11.079999923706055,11.65999984741211,4736500,10.176299839019775,,16.34877450435237,
2021-11-23,11.40999984741211,11.899999618530273,11.0,11.539999961853027,4267300,10.206099834442139,,11.795887092023282,
2021-11-24,11.1899995803833,11.359999656677246,10.600000381469727,11.34000015258789,2684700,10.231499824523926,,9.368125614994804,
2021-11-26,10.739999771118164,11.15999984741211,10.649999618530273,10.899999618530273,2679800,10.246499824523926,,4.816278290593412,
2021-11-29,10.199999809265137,10.960000038146973,10.130000114440918,10.899999618530273,5430000,10.250699825286866,,-0.49460053348415745,
2021-11-30,10.0,10.199999809265137,9.800000190734863,10.170000076293945,5905500,10.25129981994629,,-2.4513946949178855,
2021-12-01,10.260000228881836,10.699999809265137,9.949999809265137,10.180000305175781,5429700,10.257099819183349,,0.02827709342423379,
2021-12-02,9.989999771118164,10.539999961853027,9.90999984741211,10.329999923706055,3464500,10.257299823760986,,-2.605949491927917,
2021-12-03,9.449999809265137,10.211999893188477,9.300000190734863,10.170000076293945,3527600,10.247299823760986,,-7.780586380883536,
2021-12-06,9.859999656677246,10.069999694824219,9.1899995803833,9.5,2723200,10.24549982070923,,-3.762629161856712,
2021-12-07,10.8100004196167,10.8100004196167,10.020000457763672,10.149999618530273,2581100,10.262099838256836,,5.339068903981081,
2021-12-08,11.350000381469727,11.649999618530273,10.010000228881836,11.25,8899000,10.289499855041504,,10.306628518086946,
2021-12-09,9.8100004196167,11.050000190734863,9.800000190734863,10.920000076293945,3742800,10.286899871826172,,-4.635988083403131,
2021-12-10,9.470000267028809,10.329000473022461,9.229999542236328,10.229999542236328,2679400,10.278099880218505,,-7.862344427543322,
2021-12-13,8.899999618530273,9.949999809265137,8.890000343322754,9.579999923706055,3843000,10.257099876403808,,-13.230837899858116,
2021-12-14,6.929999828338623,8.04699993133545,6.869999885559082,7.329999923706055,8250100,10.196699876785278,,-32.03683630900932,
2021-12-15,6.690000057220459,7.079999923706055,6.0,7.059999942779541,8012400,10.131699886322021,,-33.96961879761085,
2021-12-16,6.519999980926514,7.199999809265137,6.360000133514404,6.880000114440918,7154200,10.063299894332886,,-35.21011945000039,
2021-12-17,6.289999961853027,6.46999979019165,6.070000171661377,6.429999828338623,4836100,9.99049988746643,,-37.04018785141934,
2021-12-20,5.900000095367432,6.289999961853027,5.809999942779541,6.210000038146973,5998000,9.909699897766114,,-40.462373671906704,
2021-12-21,6.840000152587891,6.869999885559082,6.0,6.139999866485596,6251800,9.847699909210204,,-30.542154862063974,
2021-12-22,6.349999904632568,6.867000102996826,6.309999942779541,6.829999923706055,3031200,9.776299905776977,,-35.04700177129132,
2021-12-23,7.110000133514404,7.300000190734863,6.480000019073486,6.480000019073486,5286300,9.719299907684325,,-26.846581533171353,
2021-12-27,6.409999847412109,7.400000095367432,6.360000133514404,7.139999866485596,4557300,9.648599910736085,,-33.56549233345613,
2021-12-28,6.179999828338623,6.570000171661377,6.139999866485596,6.420000076293945,2863500,9.573199911117554,,-35.44478454731043,
2021-12-29,5.980000019073486,6.224999904632568,5.869999885559082,6.179999828338623,3728600,9.493599910736084,,-37.01019554962656,
2021-12-30,6.139999866485596,6.389999866485596,5.980000019073486,6.0,2432600,9.417399911880493,,-34.80153838704781,
2021-12-31,6.150000095367432,6.260000228881836,5.980000019073486,6.099999904632568,2300200,9.341599922180176,,-34.16545188618908,
2022-01-03,6.010000228881836,6.369999885559082,5.960000038146973,6.199999809265137,2223000,9.262399921417236,,-35.11400630645358,
2022-01-04,5.650000095367432,6.089000225067139,5.510000228881836,6.0,3504700,9.175599927902221,,-38.42364379699838,
2022-01-05,5.309999942779541,5.769999980926514,5.199999809265137,5.71999979019165,3845200,9.08199993133545,,-41.532702236006955,
2022-01-06,5.260000228881836,5.539999961853027,4.949999809265137,5.309999942779541,3393600,8.987199935913086,,-41.47231321890662,
2022-01-07,5.369999885559082,5.639999866485596,5.25,5.570000171661377,3360300,8.894999942779542,,-39.62900595723843,
2022-01-10,5.289999961853027,5.460000038146973,5.091000080108643,5.420000076293945,3580600,8.799999942779541,,-39.88636367897357,
2022-01-11,5.639999866485596,5.820000171661377,5.258999824523926,5.349999904632568,2331100,8.710199937820434,,-35.248330615279755,
2022-01-12,6.230000019073486,7.119999885559082,6.0,6.054999828338623,16502200,8.630999946594239,,-27.81832861055894,
2022-01-13,5.590000152587891,6.284999847412109,5.514999866485596,6.25,6977100,8.539399948120117,,-34.538724189648875,
2022-01-14,6.360000133514404,6.460000038146973,5.599999904632568,5.610000133514404,10091500,8.463399953842163,,-24.852894011854776,
2022-01-18,6.28000020980835,6.619999885559082,5.920000076293945,6.300000190734863,4620000,8.386199951171875,,-25.11506705810429,
2022-01-19,6.5,6.820000171661377,6.179999828338623,6.329999923706055,4018300,8.311599960327149,,-21.796043709685986,
2022-01-20,6.760000228881836,7.210000038146973,6.559999942779541,6.559999942779541,4934000,8.23959997177124,,-17.957179328589888,
2022-01-21,6.010000228881836,6.849999904632568,5.960000038146973,6.699999809265137,5540400,8.149999980926514,,-26.257665730710798,
2022-01-24,5.889999866485596,5.960000038146973,5.000999927520752,5.650000095367432,6615200,8.0631999874115,,-26.952080121028455,
2022-01-25,5.360000133514404,5.946000099182129,5.25,5.769999980926514,3271600,7.9631999969482425,,-32.69037402591256,
2022-01-26,5.5,5.928999900817871,5.400000095367432,5.590000152587891,3329200,7.863999996185303,,-30.06103760595168,
2022-01-27,5.389999866485596,5.929999828338623,5.360000133514404,5.679999828338623,3496500,7.760999994277954,,-30.550188500714526,
2022-01-28,5.550000190734863,5.724999904632568,5.130000114440918,5.409999847412109,2512300,7.654600000381469,,-27.494575935277123,
2022-01-31,6.099999904632568,6.199999809265137,5.579999923706055,5.610000133514404,3141300,7.5486000061035154,,-19.190314764322704,
2022-02-01,6.409999847412109,6.614999771118164,6.019999980926514,6.25,2129600,7.452600002288818,,-13.989750617992502,
2022-02-02,5.710000038146973,6.559999942779541,5.639999866485596,6.550000190734863,3279400,7.338800010681152,,-22.19436379467441,
2022-02-03,5.659999847412109,5.96999979019165,5.510000228881836,5.570000171661377,1809500,7.215200004577636,,-21.55449822844606,
2022-02-04,5.929999828338623,5.989999771118164,5.590000152587891,5.619999885559082,1564200,7.105600004196167,,-16.544699605428125,
2022-02-07,6.099999904632568,6.260000228881836,5.925000190734863,5.929999828338623,1834700,7.003800010681152,9.247964959144593,-12.904424807536518,-34.03954349328764
2022-02-08,6.190000057220459,6.21999979019165,5.679999828338623,6.019999980926514,2121500,6.912800016403199,9.229414961338044,-10.45596512943564,-32.93182630588909
2022-02-09,6.210000038146973,6.329999923706055,6.130000114440918,6.190000057220459,1981900,6.833000020980835,9.210864961147308,-9.117517648484286,-32.57962130221641
2022-02-10,6.269999980926514,6.730000019073486,6.020999908447266,6.059999942779541,2937400,6.758400020599365,9.192614960670472,-7.226563064989122,-31.79307511788566
2022-02-11,5.920000076293945,6.519999980926514,5.820000171661377,6.300000190734863,2104900,6.671600017547608,9.17221496105194,-11.265662498902929,-35.45724667997757
2022-02-14,5.650000095367432,6.150000095367432,5.610000133514404,5.920000076293945,2091600,6.584800024032592,9.150864961147308,-14.196329808853946,-38.257201703268805
2022-02-15,5.769999980926514,5.920000076293945,5.670000076293945,5.760000228881836,2791600,6.51120002746582,9.13021496295929,-11.383463008550576,-36.80324062100353
2022-02-16,5.800000190734863,5.909999847412109,5.610000133514404,5.659999847412109,1604700,6.430000038146972,9.109714965820313,-9.797820274876168,-36.3317050808232
2022-02-17,5.369999885559082,5.849999904632568,5.329999923706055,5.760000228881836,4093200,6.32120002746582,9.087214965820312,-15.047777918334216,-40.905988184969424
2022-02-18,5.210000038146973,5.489999771118164,5.159999847412109,5.320000171661377,2694500,6.198400020599365,9.063914966583251,-15.946050257608535,-42.51931910929056
2022-02-22,5.079999923706055,5.375,5.010000228881836,5.119999885559082,2748400,6.1038000106811525,9.04021496772766,-16.773159100618162,-43.80664683482678
2022-02-23,4.869999885559082,5.315000057220459,4.835000038146973,5.059999942779541,2873400,6.011800003051758,9.015214967727662,-18.99264973740088,-45.98021341706736
2022-02-24,5.119999885559082,5.150000095367432,4.460000038146973,4.550000190734863,5300600,5.936200008392334,8.991764965057373,-13.74953879046098,-43.05901115681115
2022-02-25,5.28000020980835,5.364999771118164,4.949999809265137,5.110000133514404,2925400,5.903200016021729,8.968964965343476,-10.556982730078058,-41.1303285249688
2022-02-28,5.639999866485596,5.699999809265137,5.210000038146973,5.25,2068400,5.882200012207031,8.947964963912964,-4.117509523967389,-36.968909810983305
2022-03-01,5.670000076293945,5.820000171661377,5.519999980926514,5.670000076293945,1657700,5.86520001411438,8.927114963531494,-3.328103685308137,-36.485638423424774
2022-03-02,5.570000171661377,5.71999979019165,5.420000076293945,5.670000076293945,1492600,5.850800018310547,8.90586496591568,-4.799341043453631,-37.45694334038577
2022-03-03,4.849999904632568,5.570000171661377,4.804999828338623,5.519999980926514,2979900,5.8298000144958495,8.881189966201783,-16.80675336078423,-45.390201953908125
2022-03-04,4.739999771118164,4.940000057220459,4.650000095367432,4.800000190734863,1972600,5.787800006866455,8.855989966392517,-18.103601273458224,-46.47690671391986
2022-03-07,4.5,4.849999904632568,4.480000019073486,4.71999979019165,2756100,5.750800008773804,8.829539966583251,-21.750017508268414,-49.03471735751873
2022-03-08,4.690000057220459,4.900000095367432,4.28000020980835,4.460000038146973,2346900,5.702400007247925,8.804039967060088,-17.75392727168691,-46.72900083634469
2022-03-09,5.059999942779541,5.199999809265137,4.769999980926514,4.800000190734863,1831800,5.675400009155274,8.780239968299865,-10.843289730820727,-42.37059623600107
2022-03-10,4.989999771118164,5.236000061035156,4.940000057220459,5.0,1504800,5.651600008010864,8.756089968681335,-11.706423596059778,-43.011095260940344
2022-03-11,4.699999809265137,5.21999979019165,4.699999809265137,5.090000152587891,1511000,5.626000003814697,8.730209965705871,-16.459299572017205,-46.16395450134946
2022-03-14,4.559999942779541,4.769999980926514,4.514999866485596,4.71999979019165,1628100,5.594400005340576,8.703609964847566,-18.4899195905471,-47.607947033511124
2022-03-15,4.880000114440918,4.929999828338623,4.53000020980835,4.650000095367432,1453300,5.569000005722046,8.678759963512421,-12.372057650802537,-43.77076754101273
2022-03-16,5.090000152587891,5.179999828338623,4.860000133514404,4.920000076293945,2500300,5.550600004196167,8.655159962177276,-8.298199316471555,-41.191148692444735
2022-03-17,5.329999923706055,5.349999904632568,5.019999980926514,5.059999942779541,1769800,5.544200000762939,8.632759959697724,-3.8634983771763,-38.25844864690661
2022-03-18,5.260000228881836,5.519999980926514,5.1579999923706055,5.329999923706055,13463300,5.543200006484986,8.609959962368011,-5.108958314183765,-38.90795948097336
2022-03-21,5.079999923706055,5.380000114440918,4.960000038146973,5.28000020980835,2551500,5.53960000038147,8.58585996389389,-8.296629298934333,-40.832951561416394
2022-03-22,5.340000152587891,5.414999961853027,5.059999942779541,5.099999904632568,1803000,5.539000005722046,8.563159964084626,-3.5927036094706377,-37.63984119198083
2022-03-23,5.309999942779541,5.434999942779541,5.065000057220459,5.269999980926514,2276600,5.5394000053405765,8.540009965896607,-4.1412438592603795,-37.82208728111186
2022-03-24,5.360000133514404,5.420000076293945,5.21999979019165,5.289999961853027,1344400,5.533800010681152,8.517059967517852,-3.140696751441785,-37.067483921021605
2022-03-25,5.159999847412109,5.389999866485596,5.099999904632568,5.349999904632568,1257200,5.5124000072479244,8.493209965229035,-6.392862625579876,-39.245587139173466
2022-03-28,5.25,5.420000076293945,5.159999847412109,5.239999771118164,1113000,5.505600004196167,8.469684965610504,-4.642545844255997,-38.01422341779421
2022-03-29,5.590000152587891,5.650000095367432,5.300000190734863,5.300000190734863,1611200,5.490200004577637,8.448034965991974,1.8177871102517562,-33.830764490313534
2022-03-30,5.579999923706055,5.800000190734863,5.4730000495910645,5.519999980926514,1553900,5.4761999988555905,8.426579964160918,1.8954735924940014,-33.78096514317376
2022-03-31,5.079999923706055,5.619999885559082,5.019999980926514,5.619999885559082,2928200,5.447799997329712,8.402729961872101,-6.751350523219246,-39.54345853363296
2022-04-01,5.599999904632568,5.849999904632568,4.949999809265137,5.21999979019165,4283300,5.424599990844727,8.381429963111877,3.233416548388268,-33.185626685671345
2022-04-04,5.789999961853027,5.900000095367432,5.53000020980835,5.539999961853027,2474600,5.4201999855041505,8.360979962348939,6.822626053242953,-30.749744791561717
2022-04-05,5.800000190734863,5.820000171661377,5.599999904632568,5.610000133514404,2484900,5.418399991989136,8.34069996356964,7.042673101098229,-30.46146946817414
2022-04-06,5.519999980926514,5.684999942779541,5.474999904632568,5.599999904632568,1688800,5.421599988937378,8.319049961566925,1.8149622286763645,-33.64626962900461
2022-04-07,5.400000095367432,5.559999942779541,5.239999771118164,5.53000020980835,1600500,5.419599990844727,8.296549963951112,-0.36164837830108265,-34.912703246160405
2022-04-08,5.25,5.369999885559082,5.150000095367432,5.349999904632568,1107600,5.416799993515014,8.273449964523316,-3.07930870098041,-36.54400494942155
2022-04-11,5.03000020980835,5.320000171661377,5.019999980926514,5.159999847412109,1709400,5.406399993896485,8.249384963512421,-6.962114984334655,-39.0257548646793
2022-04-12,5.059999942779541,5.230000019073486,5.014999866485596,5.090000152587891,1585200,5.385599994659424,8.225534963607789,-6.045752603289534,-38.48424491335233
2022-04-13,5.579999923706055,5.610000133514404,5.050000190734863,5.050000190734863,1867800,5.368999996185303,8.204034962654113,3.92996698958219,-31.984688642759618
2022-04-14,5.71999979019165,5.849999904632568,5.570000171661377,5.570000171661377,2445700,5.369199991226196,8.183784959316254,6.533558063374345,-30.105692920485172
2022-04-18,5.289999961853027,5.739999771118164,5.199999809265137,5.699999809265137,2426400,5.361799993515015,8.161134960651397,-1.3391031323217617,-35.18058471819714
2022-04-19,5.670000076293945,5.75,5.230000019073486,5.309999942779541,1352200,5.356599998474121,8.140484960079194,5.850727661372868,-30.348129084452168
2022-04-20,5.630000114440918,5.764999866485596,5.429999828338623,5.670000076293945,1332800,5.347200002670288,8.119604961872101,5.288751339568476,-30.661649909346888
2022-04-21,5.329999923706055,5.840000152587891,5.315000057220459,5.650000095367432,1832800,5.33,8.096404960155487,-1.4314061047571158e-06,-34.16831359181798
2022-04-22,5.269999980926514,5.480000019073486,5.21999979019165,5.349999904632568,1228800,5.3111999988555905,8.073004961013794,-0.7757195725627719,-34.72071420274816
2022-04-25,5.449999809265137,5.489999771118164,5.170000076293945,5.269999980926514,1188900,5.2947999954223635,8.050754961967469,2.9311742459951606,-32.30448777771211
2022-04-26,5.070000171661377,5.449999809265137,5.052999973297119,5.429999828338623,1370600,5.277799997329712,8.026454961299896,-3.937243278894065,-36.833880011702156
2022-04-27,5.130000114440918,5.289999961853027,5.065000057220459,5.119999885559082,1188500,5.267399997711181,8.002504961490631,-2.608495336028538,-35.895071116765045
2022-04-28,5.289999961853027,5.340000152587891,4.932000160217285,5.190000057220459,1503200,5.257799997329712,7.979454963207245,0.6124227726362674,-33.70474567191772
2022-04-29,5.03000020980835,5.380000114440918,5.025000095367432,5.28000020980835,1078000,5.242399997711182,7.955104966163635,-4.051575385235107,-36.77015914682421
2022-05-02,4.989999771118164,5.034999847412109,4.809999942779541,5.010000228881836,1677400,5.234799995422363,7.930554966926575,-4.676400712888129,-37.078807322711235
2022-05-03,4.800000190734863,5.034999847412109,4.724999904632568,4.96999979019165,1647300,5.226599998474121,7.9053049659729,-8.162090228136876,-39.281277428313224
2022-05-04,5.059999942779541,5.079999923706055,4.690000057220459,4.820000171661377,2054800,5.2261999988555905,7.881354963779449,-3.1801319527083427,-35.797842299529506
2022-05-05,4.760000228881836,5.050000190734863,4.699999809265137,5.039999961853027,1542700,5.224000005722046,7.8556549668312075,-8.882078413705463,-39.40670448256829
2022-05-06,4.710000038146973,4.769999980926514,4.460000038146973,4.739999771118164,2078200,5.215800008773804,7.829604966640472,-9.697457145135846,-39.84370784714136
2022-05-09,4.159999847412109,4.619999885559082,4.150000095367432,4.579999923706055,2072300,5.1934000015258786,7.800954964160919,-19.89833546058738,-46.67319749282049
2022-05-10,3.9700000286102295,4.369999885559082,3.7009999752044678,4.329999923706055,3886400,5.160000004768372,7.771404963731766,-23.06201502051278,-48.915285625472436
2022-05-11,3.869999885559082,4.260000228881836,3.819999933242798,3.9000000953674316,1793000,5.124000000953674,7.741379963159561,-24.47307016317718,-50.00891437991653
2022-05-12,4.239999771118164,4.284999847412109,3.765000104904175,3.869999885559082,2672600,5.09739999294281,7.713329960107803,-16.820344156073475,-45.03022957598323
2022-05-13,4.610000133514404,4.809999942779541,4.369999885559082,4.369999885559082,2284000,5.092599997520447,7.687079962491989,-9.476492641107036,-40.029241844650464
2022-05-16,4.559999942779541,4.820000171661377,4.449999809265137,4.599999904632568,1720800,5.089000000953674,7.6605799639225,-10.394970683336592,-40.47448151112762
2022-05-17,4.889999866485596,4.900000095367432,4.63700008392334,4.679999828338623,1296700,5.0967999982833865,7.635529965162277,-4.057450397650319,-35.95729584198326
2022-05-18,4.78000020980835,5.0289998054504395,4.704999923706055,4.800000190734863,1333400,5.098600001335144,7.610029965639114,-6.248770082833799,-37.188155218953725
2022-05-19,5.070000171661377,5.179999828338623,4.71999979019165,4.71999979019165,1952700,5.098800005912781,7.585979965925216,-0.5648355342042555,-33.16618031638817
2022-05-20,5.050000190734863,5.195000171661377,4.869999885559082,5.110000133514404,1406000,5.100000014305115,7.561979964971543,-0.9803886947060025,-33.21854574956061
2022-05-23,5.119999885559082,5.235000133514404,4.945000171661377,5.059999942779541,1233900,5.108400015830994,7.537979964017868,0.22707442040834636,-32.07729511090346
2022-05-24,5.019999980926514,5.170000076293945,4.909999847412109,5.03000020980835,1205100,5.117600016593933,7.51352996468544,-1.9071446645097079,-33.1871969031712
2022-05-25,5.730000019073486,5.860000133514404,4.949999809265137,4.949999809265137,8101900,5.134600014686584,7.4929299628734585,11.595840039805804,-23.52791167854327
2022-05-26,5.96999979019165,6.150000095367432,5.639999866485596,5.75,3859800,5.15220000743866,7.473329960107804,15.872826784136196,-20.115934636110556
2022-05-27,6.5,6.84499979019165,6.0,6.0,4403300,5.175600008964539,7.4564299595355985,25.589303438084432,-12.826915356624191
2022-05-31,6.079999923706055,6.454999923706055,5.829999923706055,6.389999866485596,5365100,5.192000002861023,7.437454959154129,17.103234213322516,-18.251606805057673
2022-06-01,5.940000057220459,6.170000076293945,5.710000038146973,6.110000133514404,2702900,5.2092000055313115,7.417704957723617,14.029026547515144,-19.92132214647485
2022-06-02,6.110000133514404,6.295000076293945,5.869999885559082,5.940000057220459,2674200,5.224600005149841,7.398854957818985,16.9467543446739,-17.419652522618257
2022-06-03,5.829999923706055,6.019999980926514,5.71999979019165,5.989999771118164,2470500,5.235000004768372,7.3785999596118925,11.365805508991777,-20.987721849434603
2022-06-06,6.010000228881836,6.239999771118164,5.874000072479248,6.090000152587891,3538900,5.248000006675721,7.359199959039688,14.519821288811219,-18.33351094775676
2022-06-07,5.75,6.03000020980835,5.539999961853027,5.900000095367432,2907400,5.259800009727478,7.338549958467484,9.319745795770684,-21.6466463737098
2022-06-08,5.900000095367432,6.014999866485596,5.650000095367432,5.670000076293945,1716100,5.272800011634827,7.318749960660934,11.895009906475519,-19.385139168839427
2022-06-09,5.389999866485596,5.840000152587891,5.380000114440918,5.809999942779541,1871900,5.268800005912781,7.296149960756302,2.3003313930458846,-26.125423744348574
2022-06-10,5.130000114440918,5.389999866485596,5.110000133514404,5.25,1691200,5.259800009727478,7.272299963235855,-2.4677724447033644,-29.45835374812712
2022-06-13,5.119999885559082,5.196000099182129,4.860000133514404,4.929999828338623,3479800,5.260600008964539,7.2484499609470365,-2.672701272970024,-29.36421009809751
2022-06-14,5.150000095367432,5.320000171661377,4.980000019073486,5.159999847412109,3253500,5.251600012779236,7.22474995970726,-1.9346469107428432,-28.717254934922277
2022-06-15,4.559999942779541,5.090000152587891,4.010000228881836,4.760000228881836,12148400,5.227000012397766,7.198199959993363,-12.760667075496212,-36.65082981685125
2022-06-16,4.630000114440918,4.855000019073486,4.400000095367432,4.400000095367432,7109700,5.203600010871887,7.171799961328507,-11.023135814292917,-35.44158873077025
2022-06-17,5.099999904632568,5.159999847412109,4.541999816894531,4.559999942779541,9269700,5.195200009346008,7.147899960279465,-1.8324627452682818,-28.6503737744929
2022-06-21,4.980000019073486,5.389999866485596,4.920000076293945,5.159999847412109,4708800,5.186800007820129,7.123349958658219,-3.987043811884994,-30.089072585568466
2022-06-22,4.869999885559082,5.199999809265137,4.800000190734863,4.940000057220459,4055700,5.179200005531311,7.098199959993362,-5.97003629213021,-31.39105811322289
2022-06-23,4.96999979019165,5.119999885559082,4.800000190734863,4.889999866485596,3479200,5.177999997138977,7.073349961042404,-4.016998977641062,-29.736266160097948
2022-06-24,4.800000190734863,5.105000019073486,4.684999942779541,5.059999942779541,21372600,5.172800002098083,7.047599962949753,-7.206924899706402,-31.891704750991046
2022-06-27,4.869999885559082,4.929999828338623,4.710000038146973,4.860000133514404,4035200,5.158600001335144,7.022099961042404,-5.594543397459917,-30.64752833800234
2022-06-28,4.519999980926514,5.025000095367432,4.510000228881836,4.869999885559082,3611200,5.134600005149841,6.995124961137772,-11.969774151967105,-35.38357061470813
2022-06-29,4.420000076293945,4.610000133514404,4.289999961853027,4.550000190734863,3042100,5.11720000743866,6.967624961137772,-13.624637108794346,-36.56374875303011
2022-06-30,4.329999923706055,4.369999885559082,4.170000076293945,4.289999961853027,3260100,5.090400004386902,6.939674960374832,-14.937923935752305,-37.60514795822398
2022-07-01,4.389999866485596,4.460000038146973,4.215000152587891,4.349999904632568,2152700,5.065599999427795,6.91202495932579,-13.337020945564493,-36.48749979465058
2022-07-05,4.610000133514404,4.610000133514404,4.129000186920166,4.300000190734863,3435900,5.051200003623962,6.885124961137771,-8.734555547058543,-33.044060063761
2022-07-06,4.71999979019165,4.760000228881836,4.550000190734863,4.570000171661377,2240700,5.040199999809265,6.858774961233139,-6.352926662230307,-31.183049205290715
2022-07-07,4.789999961853027,5.0,4.730000019073486,4.760000228881836,2466000,5.027000002861023,6.83287495970726,-4.714542289101075,-29.897737188238484
2022-07-08,4.840000152587891,4.8979997634887695,4.659999847412109,4.730000019073486,1597900,5.022400002479554,6.8072249591350555,-3.63172685970079,-28.899071477096093
2022-07-11,4.53000020980835,4.947999954223633,4.53000020980835,4.789999961853027,1517900,5.010400004386902,6.779974962472916,-9.588052733473052,-33.185590877815194
2022-07-12,4.519999980926514,4.679999828338623,4.414999961853027,4.579999923706055,2031400,4.995000004768372,6.752824963331222,-9.509509977745934,-33.06505047190262
2022-07-13,4.570000171661377,4.659999847412109,4.340000152587891,4.460000038146973,2013800,4.985800004005432,6.725924965143204,-8.339681335192239,-32.053952499541815
2022-07-14,4.559999942779541,4.599999904632568,4.400000095367432,4.489999771118164,1204200,4.977200007438659,6.69882496714592,-8.382224223169521,-31.928361091029366
2022-07-15,4.630000114440918,4.71999979019165,4.360000133514404,4.670000076293945,2317600,4.973800005912781,6.672074970006943,-6.9122178427592385,-30.606293615491253
2022-07-18,4.679999828338623,4.860000133514404,4.659999847412109,4.690000057220459,1716200,4.966200003623962,6.64577497124672,-5.762961118692189,-29.57932146985298
2022-07-19,4.920000076293945,4.929999828338623,4.730000019073486,4.789999961853027,1704800,4.969400000572205,6.620824972391128,-0.9940822689373241,-25.68901765549808
2022-07-20,5.099999904632568,5.210000038146973,4.909999847412109,4.940000057220459,2783900,4.977199997901916,6.596574972867966,2.467248790131338,-22.687153172530962
2022-07-21,5.28000020980835,5.28000020980835,4.989999771118164,5.099999904632568,2372500,4.9996000051498415,6.573224974870682,5.608452763614724,-19.674129061553604
2022-07-22,4.949999809265137,5.289000034332275,4.929999828338623,5.28000020980835,1825700,5.01920000076294,6.548274976015091,-1.3787095849395192,-24.40757562265008
2022-07-25,4.929999828338623,5.019999980926514,4.764999866485596,4.920000076293945,1229500,5.04039999961853,6.523224977254867,-2.1903057552627225,-24.42388779279405
2022-07-26,5.019999980926514,5.090000152587891,4.809999942779541,4.909999847412109,1394900,5.056000003814697,6.498674975633621,-0.7120257686119791,-22.753484367987443
2022-07-27,5.139999866485596,5.150000095367432,4.960000038146973,5.0,1312400,5.066599998474121,6.474674977064133,1.4487006677768033,-20.61377776191834
2022-07-28,5.110000133514404,5.25,4.934000015258789,5.139999866485596,2055100,5.077600002288818,6.450524979829789,0.6380993227308451,-20.781639486818282
2022-07-29,5.329999923706055,5.340000152587891,5.039999961853027,5.099999904632568,1291800,5.086400003433227,6.427574979066849,4.789240329278122,-17.07603659133261
2022-08-01,5.409999847412109,5.440000057220459,5.150000095367432,5.269999980926514,1262700,5.098999996185302,6.404824978113174,6.0992322310153835,-15.532432722215228
2022-08-02,5.730000019073486,5.909999847412109,5.340000152587891,5.340000152587891,2024400,5.112199993133545,6.383749979734421,12.084817236605371,-10.240845314059932
2022-08-03,5.829999923706055,5.909999847412109,5.730000019073486,5.78000020980835,1084100,5.127799987792969,6.363149980306625,13.693980607369905,-8.378712716981706
2022-08-04,5.829999923706055,5.989999771118164,5.78000020980835,5.849999904632568,1149200,5.1419999885559085,6.342499979734421,13.380006547673396,-8.080410842190123
2022-08-05,5.880000114440918,5.889999866485596,5.610000133514404,5.699999809265137,1122300,5.159199991226196,6.322149981260299,13.97116073113125,-6.993663043900778
2022-08-08,5.829999923706055,6.0,5.764999866485596,5.949999809265137,1098600,5.161199989318848,6.301599982976914,12.958225524515509,-7.483814595417593
2022-08-09,5.980000019073486,6.074999809265137,5.78000020980835,5.800000190734863,1603400,5.1613999938964845,6.281649981737137,15.860038480742089,-4.80208167504792
2022-08-10,6.070000171661377,6.164999961853027,5.860000133514404,6.090000152587891,1306100,5.152799997329712,6.262049983739853,17.80003444354481,-3.066884048788432
2022-08-11,5.96999979019165,6.269999980926514,5.925000190734863,6.099999904632568,1642300,5.150599994659424,6.24194998383522,15.908822202886054,-4.356814686882138
2022-08-12,6.230000019073486,6.289999961853027,5.920000076293945,6.039999961853027,1367500,5.156399993896485,6.223099983930588,20.820728152350434,0.1108777805388872
2022-08-15,6.159999847412109,6.369999885559082,6.144999980926514,6.239999771118164,1625600,5.157399988174438,6.203999985456466,19.44002523629278,-0.709222084904948
2022-08-16,6.46999979019165,6.539999961853027,6.070000171661377,6.170000076293945,2475200,5.1701999855041505,6.18614998459816,25.14022297651519,4.588472738297655
2022-08-17,6.210000038146973,6.400000095367432,6.120999813079834,6.400000095367432,1090900,5.174199981689453,6.16654998421669,20.018554754803187,0.7046088013799023
2022-08-18,6.369999885559082,6.409999847412109,6.110000133514404,6.21999979019165,1878000,5.1865999794006346,6.147449985742569,22.816486925124345,3.620198624350901
2022-08-19,5.840000152587891,6.28000020980835,5.710000038146973,6.28000020980835,2059600,5.185399980545044,6.125799986124039,12.623908946249518,-4.665510368989079
2022-08-22,5.699999809265137,5.730000019073486,5.519999980926514,5.710000038146973,1421100,5.1915999794006344,6.103499985933304,9.79273888361476,-6.610963833834871
2022-08-23,5.610000133514404,5.71999979019165,5.565000057220459,5.659999847412109,1068300,5.201199979782104,6.080849984884262,7.859727665180571,-7.743158481796019
2022-08-24,5.789999961853027,5.869999885559082,5.610000133514404,5.659999847412109,1027800,5.214599981307983,6.058649986982346,11.03440307228929,-4.434156548183865
2022-08-25,6.039999961853027,6.050000190734863,5.800000190734863,5.909999847412109,840100,5.232399978637695,6.037049988508224,15.434599543469885,0.048864484316313295
2022-08-26,5.71999979019165,5.980000019073486,5.710000038146973,5.980000019073486,1195100,5.2555999755859375,6.013199988603592,8.836285424366563,-4.875942908395259
2022-08-29,5.659999847412109,5.769999980926514,5.559999942779541,5.590000152587891,821800,5.2761999702453615,5.990349990129471,7.274172308311888,-5.514705205233284
2022-08-30,5.599999904632568,5.75,5.53000020980835,5.75,863500,5.286199970245361,5.966549991369248,5.9362100592770695,-6.14341767465122
2022-08-31,5.480000019073486,5.650000095367432,5.360000133514404,5.610000133514404,1543400,5.296199970245361,5.94164999127388,3.4704136902068417,-7.769726807846123
2022-09-01,5.050000190734863,5.389999866485596,4.809999942779541,5.380000114440918,3355000,5.299799976348877,5.914199992418289,-4.713381386633097,-14.612285732496144
2022-09-02,5.010000228881836,5.179999828338623,4.939000129699707,5.090000152587891,1884100,5.30059998512268,5.884899994134903,-5.482393635748362,-14.866858674319406
2022-09-06,5.190000057220459,5.25,4.980000019073486,4.980000019073486,2119100,5.308399982452393,5.8538499963283535,-2.2304258462685578,-11.340398874659819
2022-09-07,5.389999866485596,5.429999828338623,5.199999809265137,5.199999809265137,1522800,5.318799982070923,5.824749995470047,1.3386456466623953,-7.463841869995436
2022-09-08,5.210000038146973,5.489999771118164,5.175000190734863,5.269999980926514,1775000,5.332599983215332,5.79379999756813,-2.299065098718267,-10.076287750115643
2022-09-09,5.360000133514404,5.494999885559082,5.210000038146973,5.21999979019165,1602000,5.351399984359741,5.761399997472763,0.1607083974249468,-6.967054259979044
2022-09-12,5.420000076293945,5.53000020980835,5.369999885559082,5.400000095367432,2596900,5.373199987411499,5.7314499986171725,0.8709910107960184,-5.43405111094698
2022-09-13,6.150000095367432,6.440000057220459,5.800000190734863,5.820000171661377,7883400,5.4083999919891355,5.7062500011920925,13.712005481782906,7.77656243737368
2022-09-14,7.099999904632568,7.119999885559082,6.139999866485596,6.150000095367432,9772100,5.458199987411499,5.688050001859665,30.07951194546974,24.823092313029548
2022-09-15,7.210000038146973,7.514999866485596,6.659999847412109,6.949999809265137,8677900,5.507999992370605,5.673100003004074,30.90050922537926,27.091009048475524
2022-09-16,6.489999771118164,6.90500020980835,6.380000114440918,6.900000095367432,6707600,5.541999988555908,5.655550001859665,17.105734112592064,14.754529072930378
2022-09-19,6.679999828338623,6.710000038146973,6.309999942779541,6.320000171661377,4682500,5.578799982070922,5.637649999856949,19.739009281686435,18.489083722971866
2022-09-20,6.099999904632568,6.800000190734863,6.019999980926514,6.690000057220459,4815000,5.610199975967407,5.618200000524521,8.730525306822102,8.575698694654266
2022-09-21,6.059999942779541,6.440000057220459,5.949999809265137,6.110000133514404,2267600,5.640999975204468,5.601250001192093,7.427760493118685,8.190135085736472
2022-09-22,5.610000133514404,6.170000076293945,5.510000228881836,6.019999980926514,3462200,5.661799974441529,5.580000003576279,-0.9149005821639578,0.5376367368978174
2022-09-23,5.539999961853027,5.684999942779541,5.420000076293945,5.510000228881836,1646600,5.681399974822998,5.55365000128746,-2.488823416703312,-0.24578501402263697
2022-09-26,5.559999942779541,5.71999979019165,5.360000133514404,5.46999979019165,2283800,5.69999997138977,5.524699999094009,-2.4561408651392447,0.6389477019805634
2022-09-27,5.53000020980835,5.829999923706055,5.460000038146973,5.670000076293945,1832900,5.716999979019165,5.503299998044968,-3.270942275618094,0.4851672954930164
2022-09-28,5.809999942779541,5.829999923706055,5.5,5.53000020980835,1481800,5.734799976348877,5.4849999964237215,1.3112918801143847,5.925249709530034
2022-09-29,5.440000057220459,5.78000020980835,5.375,5.690000057220459,1644100,5.741599979400635,5.467699998617173,-5.252889843636588,-0.5066104834522633
2022-09-30,5.429999828338623,5.630000114440918,5.389999866485596,5.389999866485596,1136400,5.74459997177124,5.460199998617172,-5.476449970033615,-0.5530964119665471
2022-10-03,5.550000190734863,5.610000133514404,5.369999885559082,5.510000228881836,2125300,5.756599979400635,5.454499999284744,-3.5889203593278407,1.7508514339103831
2022-10-04,6.110000133514404,6.130000114440918,5.715000152587891,5.71999979019165,1825500,5.780199985504151,5.452450000047683,5.7056874993485,12.059718722060175
2022-10-05,6.079999923706055,6.15500020980835,5.835000038146973,6.0,1577500,5.801399984359741,5.451399999856949,4.802288070076255,11.530981470183832
2022-10-06,6.179999828338623,6.269999980926514,6.072000026702881,6.099999904632568,1351900,5.822199983596802,5.4527999985218045,6.145440653874301,13.336264488225403
2022-10-07,5.940000057220459,6.190000057220459,5.889999866485596,6.139999866485596,1097300,5.838799982070923,5.448299998044968,1.7332341484601166,9.024834523648284
2022-10-10,5.639999866485596,5.96999979019165,5.630000114440918,5.929999828338623,1494600,5.844999980926514,5.444749997854233,-3.5072731413152702,3.5860208220452883
2022-10-11,5.440000057220459,5.730000019073486,5.360000133514404,5.630000114440918,1780500,5.84559998512268,5.436399997472763,-6.938550857644921,0.06622139190217702
2022-10-12,5.360000133514404,5.460000038146973,5.239999771118164,5.409999847412109,1374900,5.838199987411499,5.431149998903274,-8.190878266044388,-1.3100331495767503
2022-10-13,5.309999942779541,5.425000190734863,5.005000114440918,5.199999809265137,2329000,5.827799987792969,5.426799999475479,-8.885000276228128,-2.1522823156782556
2022-10-14,4.900000095367432,5.429999828338623,4.880000114440918,5.429999828338623,2027400,5.809199991226197,5.421399999856948,-15.651034518211738,-9.617440227676887
2022-10-17,5.059999942779541,5.150000095367432,4.980000019073486,5.110000133514404,1905200,5.792799987792969,5.4160000002384185,-12.65018724205289,-6.573117751905578
2022-10-18,5.0,5.340000152587891,4.940000057220459,5.230000019073486,1818500,5.776199989318847,5.410249999761581,-13.437900189643193,-7.582828885535053
2022-10-19,4.760000228881836,4.965000152587891,4.739999771118164,4.949999809265137,1567100,5.751799993515014,5.403999999761582,-17.243293677655746,-11.917094206294564
2022-10-20,4.769999980926514,4.894999980926514,4.679999828338623,4.78000020980835,1606200,5.725799989700318,5.399599999189377,-16.6928640625435,-11.66012331204872
2022-10-21,4.769999980926514,4.824999809265137,4.579999923706055,4.820000171661377,1786500,5.7017999935150145,5.3968999993801114,-16.342207963244782,-11.615928005440225
2022-10-24,4.570000171661377,4.880000114440918,4.480000019073486,4.840000152587891,1962400,5.668599996566773,5.39344999909401,-19.38044359402269,-15.267589902028488
2022-10-25,4.840000152587891,4.940000057220459,4.570000171661377,4.579999923706055,1640800,5.642200002670288,5.390800000429153,-14.21785561842437,-10.217404611512471
2022-10-26,4.78000020980835,4.920000076293945,4.769999980926514,4.829999923706055,1304400,5.608400011062622,5.38825000166893,-14.770697518369701,-11.28844785732258
2022-10-27,4.840000152587891,4.920000076293945,4.670000076293945,4.840000152587891,1160300,5.58100001335144,5.384250003099441,-13.277187941065293,-10.108183130394266
2022-10-28,5.119999885559082,5.139999866485596,4.789999961853027,4.860000133514404,1372300,5.55600001335144,5.378700002431869,-7.847374491443848,-4.809714554740385
2022-10-31,5.25,5.28000020980835,5.034999847412109,5.130000114440918,1409600,5.544200010299683,5.37700000166893,-5.306446552309363,-2.361911877059908
2022-11-01,5.329999923706055,5.449999809265137,5.244999885559082,5.329999923706055,1839800,5.536800012588501,5.371850000619888,-3.735010988518006,-0.779062648975759
2022-11-02,5.119999885559082,5.429999828338623,5.079999923706055,5.300000190734863,1390400,5.527000007629394,5.366049998998642,-7.363852388429438,-4.585311606963705
2022-11-03,5.199999809265137,5.295000076293945,5.090000152587891,5.090000152587891,1210800,5.515200004577637,5.359549998044968,-5.715118129004981,-2.9769325566144755
2022-11-04,5.309999942779541,5.320000171661377,5.070000171661377,5.309999942779541,1293000,5.500600004196167,5.352299996614456,-3.46507765100581,-0.7903154505851995
2022-11-07,5.400000095367432,5.449999809265137,5.130000114440918,5.429999828338623,1673300,5.494200010299682,5.349249995946884,-1.7145337766309776,0.9487329898397068
2022-11-08,5.400000095367432,5.570000171661377,5.315000057220459,5.46999979019165,1419300,5.489000015258789,5.346799997091293,-1.6214232035698273,0.9949894947460125
2022-11-09,5.230000019073486,5.420000076293945,5.199999809265137,5.349999904632568,1587300,5.481600017547607,5.346149996519089,-4.589900716373019,-2.172591070606489
2022-11-10,5.380000114440918,5.53000020980835,5.289999961853027,5.489999771118164,2259700,5.479600019454956,5.345549997091293,-1.8176491835246278,0.6444634765060631
2022-11-11,5.46999979019165,5.664999961853027,5.340000152587891,5.340000152587891,2392300,5.488000011444091,5.345949996709823,-0.3279923690762576,2.3204443281021003
2022-11-14,5.349999904632568,5.460000038146973,5.230000019073486,5.429999828338623,2355200,5.494800004959107,5.344949995279312,-2.6352205757417035,0.09448001118281812
2022-11-15,5.599999904632568,5.690000057220459,5.420000076293945,5.420000076293945,2509100,5.503000001907349,5.3424499952793125,1.762673136318349,4.820820215085431
2022-11-16,5.599999904632568,5.639999866485596,5.460000038146973,5.599999904632568,1856800,5.507200002670288,5.338399995565414,1.6850650406247114,4.90034297325912
2022-11-17,5.110000133514404,5.510000228881836,5.099999904632568,5.5,1967000,5.505200004577636,5.335399996042252,-7.178665093631819,-4.224610389006389
2022-11-18,5.099999904632568,5.230000019073486,5.0,5.21999979019165,1312500,5.5,5.332599996328354,-7.272729006680578,-4.361851476876899
2022-11-21,5.03000020980835,5.119999885559082,4.949999809265137,5.050000190734863,1132100,5.492200002670288,5.328099998235703,-8.415567398077616,-5.594860992212292
2022-11-22,5.170000076293945,5.25,4.989999771118164,5.059999942779541,1299600,5.472600002288818,5.323449999094009,-5.529363115672902,-2.882527737203877
2022-11-23,5.360000133514404,5.440000057220459,5.159999847412109,5.170000076293945,1180200,5.437800006866455,5.319299999475479,-1.4307233302771505,0.7651407900088003
2022-11-25,5.329999923706055,5.449999809265137,5.269999980926514,5.409999847412109,383300,5.400200004577637,5.314899998903274,-1.2999533500995364,0.2841055298480999
2022-11-28,5.190000057220459,5.40500020980835,5.179999828338623,5.269999980926514,1093900,5.374200010299683,5.3094999992847445,-3.4274860021250353,-2.25068164761999
2022-11-29,5.190000057220459,5.275000095367432,5.179999828338623,5.230000019073486,915900,5.344400014877319,5.305849999189377,-2.8890045136414577,-2.183437940888211
2022-11-30,5.409999847412109,5.409999847412109,5.164999961853027,5.210000038146973,1185700,5.33060001373291,5.3046499979496,1.4895102516535808,1.9859905837940284
2022-12-01,5.71999979019165,5.769999980926514,5.449999809265137,5.449999809265137,1648200,5.323800010681152,5.304399996995926,7.442048512633859,7.835001007297593
2022-12-02,5.789999961853027,5.809999942779541,5.585000038146973,5.630000114440918,1045300,5.327400007247925,5.304349995851517,8.68340943003596,9.155692335184007
2022-12-05,5.309999942779541,5.804999828338623,5.269999980926514,5.699999809265137,1793900,5.322800006866455,5.304049996137619,-0.24047614169988574,0.11217742378475393
2022-12-06,5.239999771118164,5.315000057220459,5.150000095367432,5.300000190734863,1646500,5.316400003433228,5.304199994802475,-1.4370670428433874,-1.210365818544168
2022-12-07,5.320000171661377,5.389999866485596,5.110000133514404,5.190000057220459,1016300,5.312200002670288,5.305399996042252,0.1468350022056475,0.2751946249107906
2022-12-08,5.349999904632568,5.445000171661377,5.228000164031982,5.289999961853027,1011500,5.303000001907349,5.307799996137619,0.8862889441507704,0.7950546087956978
2022-12-09,5.269999980926514,5.375,5.230000019073486,5.300000190734863,1218800,5.29960000038147,5.308549996614456,-0.5585330865126692,-0.72618729620193
2022-12-12,5.349999904632568,5.369999885559082,5.150000095367432,5.300000190734863,1448700,5.298000001907349,5.308899995088577,0.9815006173367058,0.774169970841676
2022-12-13,5.25,5.599999904632568,5.21999979019165,5.489999771118164,1614100,5.291999998092652,5.306949995756149,-0.7936507578947372,-1.07312101681174
2022-12-14,5.210000038146973,5.340000152587891,5.110000133514404,5.239999771118164,2119600,5.273999996185303,5.3046499955654145,-1.2134993948544115,-1.784282799007797
2022-12-15,4.929999828338623,5.650000095367432,4.809999942779541,5.639999866485596,3734900,5.250999994277954,5.3014499938488004,-6.11312447703537,-7.006576803349384
2022-12-16,5.119999885559082,5.510000228881836,5.090000152587891,5.5,6204900,5.229799995422363,5.302799993753434,-2.0995087758497233,-3.447237467181219
2022-12-19,4.880000114440918,5.150000095367432,4.840000152587891,5.119999885559082,2248600,5.208599996566773,5.303499995470047,-6.308794730684831,-7.985290494783803
2022-12-20,4.78000020980835,5.03000020980835,4.769999980926514,4.829999923706055,1667400,5.191400003433228,5.304899996519088,-7.9246406239705465,-9.894621709271846
2022-12-21,4.829999923706055,4.885000228881836,4.760000228881836,4.809999942779541,1325000,5.17920000076294,5.305599995851517,-6.742355518331888,-8.964114756433517
2022-12-22,4.53000020980835,4.764999866485596,4.489999771118164,4.75,2932200,5.162600002288818,5.302949997186661,-12.253511645295168,-14.575845289666688
2022-12-23,4.510000228881836,4.534999847412109,4.349999904632568,4.46999979019165,1595500,5.146600008010864,5.3005499994754794,-12.369326898110177,-14.914485679257306
2022-12-27,4.190000057220459,4.5,4.175000190734863,4.5,1762200,5.132400007247925,5.2980000007152555,-18.361779064309435,-20.9135512145189
2022-12-28,4.289999961853027,4.369999885559082,4.150000095367432,4.199999809265137,1890500,5.117000007629395,5.296650000810623,-16.161814433131106,-19.00540981192893
2022-12-29,4.380000114440918,4.440000057220459,4.284999847412109,4.320000171661377,2487100,5.1046000099182125,5.294150000810623,-14.195037692853518,-17.267170107188747
2022-12-30,4.349999904632568,4.409999847412109,4.275000095367432,4.340000152587891,2158300,5.096400003433228,5.290449999570846,-14.645634139742592,-17.776372426061414
2023-01-03,4.5,4.71999979019165,4.349999904632568,4.460000038146973,2099200,5.091000003814697,5.286299999952316,-11.608721339066186,-14.874297712188278
2023-01-04,4.539999961853027,4.570000171661377,4.329999923706055,4.519999980926514,1611500,5.086400003433227,5.282699998617172,-10.742372625263252,-14.059099266635577
2023-01-05,4.78000020980835,4.795000076293945,4.460000038146973,4.5,1535000,5.090600004196167,5.281200000047684,-6.101437829171241,-9.490263391555121
2023-01-06,4.829999923706055,4.933000087738037,4.75600004196167,4.820000171661377,1514700,5.09039999961853,5.2786499989032745,-5.115513042825503,-8.499333641943185
2023-01-09,4.889999866485596,4.965000152587891,4.875,4.900000095367432,873400,5.092599992752075,5.276549998521805,-3.978323971150799,-7.325811982156882
2023-01-10,5.019999980926514,5.025000095367432,4.860000133514404,4.860000133514404,943200,5.096199989318848,5.274849997758865,-1.4952319091095734,-4.83141732827721
2023-01-11,5.039999961853027,5.099999904632568,5.0,5.079999923706055,1150100,5.094599990844727,5.2742499983310696,-1.0717235718175844,-4.441390464088091
2023-01-12,5.070000171661377,5.09499979019165,4.914999961853027,5.079999923706055,1670400,5.090999994277954,5.273349999189377,-0.41248915026871336,-3.856179232542112
2023-01-13,5.110000133514404,5.170000076293945,4.980000019073486,4.989999771118164,1299900,5.086599998474121,5.270949999094009,0.46003489653803076,-3.053526700258391
2023-01-17,5.039999961853027,5.159999847412109,5.010000228881836,5.119999885559082,1181700,5.085,5.268249999284745,-0.8849565023986705,-4.332558960996657
2023-01-18,4.960000038146973,5.150000095367432,4.949999809265137,5.079999923706055,1586200,5.0802000045776365,5.267649999856949,-2.36604791784486,-5.840364521529162
2023-01-19,4.78000020980835,4.949999809265137,4.769999980926514,4.900000095367432,844500,5.069600009918213,5.263550001382828,-5.712478293026823,-9.18676162376041
2023-01-20,4.929999828338623,4.934999942779541,4.699999809265137,4.820000171661377,984500,5.060200004577637,5.259250000715256,-2.5730243097353944,-6.260401622509959
2023-01-23,4.869999885559082,4.980000019073486,4.800000190734863,4.940000057220459,1605100,5.04960000038147,5.254599999189377,-3.556719637373651,-7.319303347345696
2023-01-24,4.760000228881836,4.820000171661377,4.690000057220459,4.820000171661377,1037600,5.0402000045776365,5.2508000004291535,-5.559298746901231,-9.347142749813441
2023-01-25,4.840000152587891,4.84499979019165,4.610000133514404,4.679999828338623,923400,5.029400005340576,5.248000000715256,-3.765853830507948,-7.774387348928324
2023-01-26,4.860000133514404,4.96999979019165,4.800000190734863,4.889999866485596,1244900,5.017200012207031,5.2460500013828275,-3.13321929183914,-7.358867486330912
2023-01-27,4.829999923706055,4.914999961853027,4.789999961853027,4.869999885559082,992700,5.006800012588501,5.245049999952316,-3.5311993376592077,-7.913176733301586
2023-01-30,4.769999980926514,4.860000133514404,4.699999809265137,4.769999980926514,1006100,4.99020001411438,5.243600000143051,-4.412649444211613,-9.03196313989657
2023-01-31,4.949999809265137,4.974999904632568,4.800000190734863,4.800000190734863,1076800,4.977200012207032,5.2404499995708465,-0.5464960796267793,-5.542466588355877
2023-02-01,4.909999847412109,4.96999979019165,4.760000228881836,4.920000076293945,1105500,4.973200006484985,5.236399999856949,-1.2708147468524,-6.233292958019943
2023-02-02,5.039999961853027,5.179999828338623,4.940000057220459,4.989999771118164,2403200,4.972000007629394,5.235149999856949,1.3676579670009792,-3.727687611802033
2023-02-03,4.960000038146973,5.099999904632568,4.900000095367432,5.010000228881836,1172900,4.970600004196167,5.231599999666214,-0.21325324991441352,-5.191527669098739
2023-02-06,4.789999961853027,4.960000038146973,4.739999771118164,4.909999847412109,1438600,4.963000001907349,5.227399998903275,-3.485795687846771,-8.367449155259122
2023-02-07,4.75,4.800000190734863,4.650000095367432,4.78000020980835,1390600,4.95079999923706,5.2244999992847445,-4.055910141148988,-9.082208811363868
2023-02-08,4.699999809265137,4.789999961853027,4.679999828338623,4.699999809265137,891000,4.938199996948242,5.221649998426438,-4.823623746108108,-9.990140842808348
2023-02-09,4.510000228881836,4.760000228881836,4.5,4.699999809265137,1425400,4.92460000038147,5.216950000524521,-8.418953244274018,-13.551016811961148
2023-02-10,4.579999923706055,4.579999923706055,4.440000057220459,4.5,1436700,4.912399997711182,5.214499999284744,-6.766551464864445,-12.167994547237926
2023-02-13,4.559999942779541,4.599999904632568,4.440000057220459,4.579999923706055,1154400,4.8953999996185305,5.211649998426437,-6.851330981434101,-12.503718704127287
2023-02-14,4.599999904632568,4.639999866485596,4.449999809265137,4.519999980926514,1238700,4.873000001907348,5.208199998140335,-5.602300372828328,-11.67774074968192
2023-02-15,4.840000152587891,4.880000114440918,4.619999885559082,4.639999866485596,1423200,4.854000005722046,5.207249997854233,-0.2884188940595833,-7.052663986128493
2023-02-16,4.739999771118164,4.809999942779541,4.679999828338623,4.75,987600,4.842600002288818,5.205999997854232,-2.118701340646778,-8.9512145011168
2023-02-17,4.699999809265137,4.739999771118164,4.610000133514404,4.739999771118164,890300,4.831800003051757,5.205499995946884,-2.7277659196029647,-9.710886314001355
2023-02-21,4.71999979019165,4.820000171661377,4.630000114440918,4.639999866485596,1920100,4.819799995422363,5.203799995183945,-2.070629597192797,-9.297056102080138
2023-02-22,4.679999828338623,4.75,4.630000114440918,4.699999809265137,1186700,4.806399993896484,5.203399993181229,-2.6298303453389904,-10.058810883816216
2023-02-23,4.730000019073486,4.829999923706055,4.619999885559082,4.789999961853027,1198500,4.795599994659423,5.203499993085861,-1.3679200863081165,-9.099643982733486
2023-02-24,4.639999866485596,4.679999828338623,4.570000171661377,4.659999847412109,1360700,4.781399993896485,5.205899993181228,-2.957295511594682,-10.870361079484002
2023-02-27,4.619999885559082,4.789999961853027,4.599999904632568,4.710000038146973,992900,4.768799991607666,5.2091499924659725,-3.120284061198797,-11.309908675292169
2023-02-28,4.610000133514404,4.659999847412109,4.525000095367432,4.630000114440918,1361100,4.756799993515014,5.212849993705749,-3.086105369171366,-11.564688431841608
2023-03-01,4.480000019073486,4.650000095367432,4.460000038146973,4.599999904632568,1272300,4.747799997329712,5.214049994945526,-5.640506727470473,-14.078307200422401
2023-03-02,4.5,4.510000228881836,4.389999866485596,4.429999828338623,1209100,4.73539999961853,5.213499994277954,-4.97106896223114,-13.685623766395928
2023-03-03,4.630000114440918,4.650000095367432,4.440000057220459,4.53000020980835,1397400,4.73039999961853,5.213849995136261,-2.122439649621788,-11.19805673811075
2023-03-06,4.590000152587891,4.670000076293945,4.565000057220459,4.630000114440918,986000,4.726599998474121,5.212349996566773,-2.8900233980097556,-11.939908954479383
2023-03-07,4.510000228881836,4.599999904632568,4.474999904632568,4.579999923706055,1076100,4.720200004577637,5.21099999666214,-4.453196379220159,-13.452307968323218
2023-03-08,4.539999961853027,4.579999923706055,4.46999979019165,4.53000020980835,907400,4.720399999618531,5.208349995613098,-3.8217108249318232,-12.832279595707085
2023-03-09,4.210000038146973,4.550000190734863,4.210000038146973,4.550000190734863,1621100,4.714399995803833,5.204149994850159,-10.69913367779175,-19.10302273545077
2023-03-10,4.079999923706055,4.21999979019165,3.9749999046325684,4.170000076293945,2141200,4.712199993133545,5.198949995040894,-13.416240192451735,-21.522616536073023
2023-03-13,4.039999961853027,4.184999942779541,3.9200000762939453,4.0,1529400,4.707199993133545,5.1940499949455265,-14.174031956444843,-22.218693201173213
2023-03-14,4.070000171661377,4.190000057220459,4.019999980926514,4.139999866485596,1207400,4.700999994277954,5.185749995708465,-13.422672269402858,-21.51568866548603
2023-03-15,4.010000228881836,4.03000020980835,3.930000066757202,3.990000009536743,1352400,4.694200000762939,5.175949997901917,-14.575428651738353,-22.526295066465117
2023-03-16,3.990000009536743,4.045000076293945,3.9100000858306885,3.9800000190734863,1261000,4.684000000953675,5.1633999979496,-14.816396056268811,-22.7253358035174
2023-03-17,3.869999885559082,3.9800000190734863,3.859999895095825,3.9800000190734863,6158600,4.670599999427796,5.152349997758865,-17.141269086772514,-24.888645234845676
2023-03-20,3.4600000381469727,3.9100000858306885,3.4600000381469727,3.890000104904175,5061100,4.644199995994568,5.139949997663498,-25.498470325759428,-32.684169306709045
2023-03-21,3.490000009536743,3.5399999618530273,3.375,3.5399999618530273,3893600,4.617399997711182,5.126849997043609,-24.416337954980815,-31.927011487575285
2023-03-22,3.299999952316284,3.4800000190734863,3.2899999618530273,3.4600000381469727,3033800,4.585599999427796,5.1141999971866605,-28.035590702894552,-35.47377978703168
2023-03-23,3.5,3.549999952316284,3.309999942779541,3.309999942779541,3611400,4.555199999809265,5.1016499960422514,-23.16473480535318,-31.39474478423209
2023-03-24,3.5199999809265137,3.559999942779541,3.319999933242798,3.4600000381469727,3653300,4.5248000001907345,5.090499995946884,-22.20650678973358,-30.851586607814973
2023-03-27,3.4000000953674316,3.509999990463257,3.315000057220459,3.509999990463257,1933200,4.491399998664856,5.077999995946884,-24.299770753481354,-33.044503779416786
2023-03-28,3.4100000858306885,3.424999952316284,3.299999952316284,3.369999885559082,2102700,4.457399997711182,5.06809999704361,-23.498001355461028,-32.71640086383745
2023-03-29,3.5399999618530273,3.565000057220459,3.4049999713897705,3.4800000190734863,2412900,4.4273999977111815,5.06014999628067,-20.04336713007432,-30.041600259774693
2023-03-30,3.569999933242798,4.060999870300293,3.549999952316284,3.690000057220459,5820100,4.399599995613098,5.052399996519089,-18.856261096406623,-29.340512712722834
2023-03-31,3.930000066757202,4.0,3.5999999046325684,3.609999895095825,4418100,4.382599992752075,5.046299996376038,-10.327201358631422,-22.12115669739211
2023-04-03,3.640000104904175,3.9100000858306885,3.5999999046325684,3.9100000858306885,2402100,4.356799998283386,5.041699997186661,-16.452439718638367,-27.802128112832058
2023-04-04,3.7200000286102295,3.740000009536743,3.6050000190734863,3.7100000381469727,1590600,4.333800001144409,5.037149996757507,-14.163089491256997,-26.1487144316756
2023-04-05,3.6600000858306885,3.700000047683716,3.5950000286102295,3.700000047683716,1608600,4.311799998283386,5.029949997663498,-15.116654592332491,-27.23585547508773
2023-04-06,4.150000095367432,4.179999828338623,3.8399999141693115,3.8399999141693115,3799400,4.297999997138977,5.025799998044968,-3.443459792230419,-17.426079490195022
2023-04-10,4.139999866485596,4.179999828338623,3.950000047683716,4.059999942779541,2114900,4.2835999917984005,5.0221499979496,-3.352323409929703,-17.565188849878254
2023-04-11,4.090000152587891,4.300000190734863,4.090000152587891,4.150000095367432,1386000,4.268799996376037,5.017749999761581,-4.188527078802884,-18.489359717358834
2023-04-12,4.090000152587891,4.275000095367432,4.054999828338623,4.130000114440918,2749400,4.255199999809265,5.014199999570846,-3.8823051144195153,-18.431651052252718
2023-04-13,4.329999923706055,4.409999847412109,4.110000133514404,4.119999885559082,2264400,4.242800002098083,5.011499999761582,2.055244686642088,-13.598724455511302
2023-04-14,4.260000228881836,4.349999904632568,4.175000190734863,4.320000171661377,1313000,4.229800009727478,5.010200001001358,0.7139869281030942,-14.973449602203193
2023-04-17,4.360000133514404,4.489999771118164,4.300000190734863,4.320000171661377,1548500,4.216200013160705,5.00990000128746,3.410656987449179,-12.972312174016299
2023-04-18,4.320000171661377,4.5,4.289999961853027,4.489999771118164,1181700,4.203400015830994,5.009850002527237,2.773948598544984,-13.769869966523206
2023-04-19,4.25,4.309999942779541,4.164999961853027,4.300000190734863,1902900,4.192600016593933,5.009150003194809,1.369078452007888,-15.15526591758336
2023-04-20,4.190000057220459,4.289999961853027,4.130000114440918,4.199999809265137,1114500,4.181400017738342,5.007050002813339,0.2056736845466478,-16.31799053602021
2023-04-21,4.099999904632568,4.199999809265137,4.039999961853027,4.199999809265137,1491000,4.169400019645691,5.003950003385544,-1.6645108333601444,-18.064730825475593
2023-04-24,4.059999942779541,4.125,3.994999885559082,4.079999923706055,1123200,4.1604000139236454,5.000300003290176,-2.413231199117749,-18.80487290546411
2023-04-25,4.0,4.045000076293945,3.9700000286102295,4.0,1430900,4.148800015449524,4.996100002527237,-3.586579610861318,-19.937551330505155
2023-04-26,3.9200000762939453,4.039999961853027,3.859999895095825,3.990000009536743,1377500,4.136000018119812,4.993050001859665,-5.2224357079200034,-21.490870813752338
2023-04-27,3.9700000286102295,4.0,3.8399999141693115,3.940000057220459,1134700,4.123400020599365,4.990300002098084,-3.7202306645678695,-20.445664049433642
2023-04-28,4.079999923706055,4.099999904632568,3.9019999504089355,3.9600000381469727,1662100,4.108200016021729,4.987850000858307,-0.686434258451285,-18.20123053010876
2023-05-01,4.010000228881836,4.110000133514404,3.9549999237060547,4.099999904632568,940800,4.093600025177002,4.985100002288818,-2.042207244992178,-19.560285108809904
2023-05-02,3.9200000762939453,4.079999923706055,3.882999897003174,4.03000020980835,1009800,4.078000030517578,4.981550002098084,-3.8744471074361297,-21.30963104569953
2023-05-03,3.930000066757202,4.019999980926514,3.9000000953674316,3.9200000762939453,1030100,4.062200036048889,4.977800003290176,-3.254393385813459,-21.0494583117122
2023-05-04,3.8299999237060547,3.9200000762939453,3.799999952316284,3.890000104904175,823600,4.045200037956238,4.972350002527237,-5.3198880705763285,-22.974048050530904
2023-05-05,3.9000000953674316,3.950000047683716,3.875,3.9000000953674316,848900,4.028600039482117,4.966350003480911,-3.192174523515545,-21.471501351416546
2023-05-08,3.950000047683716,3.9600000381469727,3.819999933242798,3.940000057220459,874100,4.014800043106079,4.959700002670288,-1.6140279646960964,-20.358085256022594
2023-05-09,3.9100000858306885,3.9649999141693115,3.8949999809265137,3.930000066757202,584600,4.0006000471115115,4.9545000040531155,-2.264659306451733,-21.08184311974882
2023-05-10,4.130000114440918,4.150000095367432,3.930000066757202,3.930000066757202,990500,3.9910000467300417,4.950500005483628,3.4828380376683787,-16.574081206622537
2023-05-11,4.059999942779541,4.204999923706055,3.940000057220459,3.9700000286102295,1162200,3.9826000452041628,4.945700005292893,1.9434514311469142,-17.90848740452261
2023-05-12,4.150000095367432,4.199999809265137,4.079999923706055,4.110000133514404,1374300,3.975600047111511,4.940750006437302,4.386760393129374,-16.004653342905474
2023-05-15,4.159999847412109,4.230000019073486,4.105000019073486,4.199999809265137,1081000,3.966200041770935,4.9360000050067905,4.886284191420698,-15.721234943426898
2023-05-16,4.039999961853027,4.184999942779541,4.019999980926514,4.159999847412109,907100,3.9552000379562378,4.929550005197525,2.144011000278212,-18.04525854097414
2023-05-17,4.150000095367432,4.190000057220459,4.010000228881836,4.079999923706055,1055500,3.9480000352859497,4.923250006437302,5.116516167073715,-15.706086630961702
2023-05-18,4.25,4.269999980926514,4.099999904632568,4.130000114440918,877800,3.9422000360488894,4.915850006341934,7.80782205713757,-13.544961817039203
2023-05-19,4.190000057220459,4.320000171661377,4.190000057220459,4.289999961853027,939500,3.941800036430359,4.907650007009506,6.296616228530616,-14.623087399550517
2023-05-22,4.349999904632568,4.360000133514404,4.179999828338623,4.190000057220459,1518900,3.9472000360488892,4.900250006914138,10.204698644735476,-11.229020999034333
2023-05-23,4.340000152587891,4.510000228881836,4.320000171661377,4.369999885559082,1220800,3.9532000398635865,4.892550007104874,9.784481150052082,-11.293698658461949
2023-05-24,4.349999904632568,4.369999885559082,4.235000133514404,4.300000190734863,961900,3.9588000345230103,4.885150007009506,9.881778991059686,-10.954629880537393
2023-05-25,4.239999771118164,4.5,4.21999979019165,4.429999828338623,942100,3.963400025367737,4.87645000576973,6.978850077712351,-13.05150742647887
2023-05-26,4.320000171661377,4.360000133514404,4.210000038146973,4.25,1056700,3.9700000286102295,4.86770000576973,8.816124446570118,-11.25171710374836
2023-05-30,4.409999847412109,4.449999809265137,4.28000020980835,4.360000133514404,1390400,3.98080002784729,4.859900006055832,10.781747803516751,-9.257395380215849
2023-05-31,4.590000152587891,4.599999904632568,4.380000114440918,4.400000095367432,1925700,4.003400030136109,4.851700006723404,14.652548284859712,-5.393982599353919
2023-06-01,4.590000152587891,4.65500020980835,4.485000133514404,4.599999904632568,1042900,4.025400032997132,4.843850008249283,14.025938166706453,-5.240663010396174
2023-06-02,4.679999828338623,4.748000144958496,4.579999923706055,4.650000095367432,1258200,4.053000030517578,4.834900008440018,15.47001710091218,-3.20379283606681
2023-06-05,4.679999828338623,4.78000020980835,4.619999885559082,4.639999866485596,896400,4.076600027084351,4.827250007390976,14.801545337913202,-3.050394713903337
2023-06-06,4.860000133514404,4.860000133514404,4.650000095367432,4.670000076293945,1381100,4.103400030136108,4.819700008630752,18.438370566400764,0.8361542173057623
2023-06-07,4.869999885559082,5.0,4.789999961853027,4.880000114440918,1978600,4.132800025939941,4.814850007295608,17.83778201200228,1.145412176493732
2023-06-08,4.900000095367432,4.980000019073486,4.739999771118164,4.869999885559082,3249400,4.162600026130677,4.81085000872612,17.714891284479272,1.853104679622275
2023-06-09,3.4100000858306885,4.050000190734863,3.3299999237060547,3.950000047683716,18960600,4.16000002861023,4.799850008487701,-18.02884465436172,-28.956111549304765
2023-06-12,3.490000009536743,3.688999891281128,3.3499999046325684,3.509999990463257,8057800,4.158400030136108,4.78835000872612,-16.07349018265296,-27.114768068819306
2023-06-13,3.5299999713897705,3.6700000762939453,3.430000066757202,3.4800000190734863,5390900,4.15040002822876,4.775800008773803,-14.947958091253044,-26.085682714839955
2023-06-14,3.490000009536743,3.5950000286102295,3.4200000762939453,3.5899999141693115,3083300,4.147400026321411,4.764650009870529,-15.850894840441931,-26.752227292523045
2023-06-15,3.450000047683716,3.515000104904175,3.4000000953674316,3.4800000190734863,2822600,4.142000026702881,4.753600010871887,-16.70690426262531,-27.423425618620143
2023-06-16,3.359999895095825,3.5850000381469727,3.3299999237060547,3.549999952316284,4832300,4.136000022888184,4.742400010824204,-18.762091960784733,-29.149799944609157
2023-06-20,3.1500000953674316,3.380000114440918,3.140000104904175,3.369999885559082,4913100,4.1160000228881835,4.730750011205673,-23.469385863679193,-33.41436161483776
2023-06-21,3.1700000762939453,3.2200000286102295,3.009999990463257,3.1600000858306885,3287600,4.09660002708435,4.7213500106334685,-22.61875566724264,-32.85818528271699
2023-06-22,3.1600000858306885,3.2100000381469727,3.059999942779541,3.1500000953674316,1610200,4.078000025749207,4.712100009918213,-22.51103320554453,-32.93860318797572
2023-06-23,3.069999933242798,3.1500000953674316,3.049999952316284,3.109999895095825,2733900,4.057600021362305,4.701500009298325,-24.339513084582652,-34.70169249875254
2023-06-26,3.0399999618530273,3.140000104904175,3.0199999809265137,3.069999933242798,1771400,4.031800022125244,4.689750009775162,-24.59943585568559,-35.17778228015245
2023-06-27,3.0199999809265137,3.0850000381469727,3.009999990463257,3.069999933242798,2080300,4.0070000171661375,4.678800009489059,-24.631894984059866,-35.45353563303279
2023-06-28,3.0299999713897705,3.140000104904175,3.0,3.0399999618530273,3105200,3.980400013923645,4.667150008678436,-23.876998271764794,-35.07815335364045
2023-06-29,3.0799999237060547,3.180000066757202,3.0399999618530273,3.049999952316284,1918400,3.9556000089645384,4.655450007915497,-22.135708445599146,-33.84098382606966
2023-06-30,3.2200000286102295,3.2790000438690186,3.109999895095825,3.119999885559082,2610900,3.935000009536743,4.640800007581711,-18.17026630733576,-30.615410632871686
2023-07-03,3.240000009536743,3.299999952316284,3.200000047683716,3.25,1176400,3.916000008583069,4.621500008106231,-17.262512705941578,-29.892891834822056
2023-07-05,3.259999990463257,3.259999990463257,3.180000066757202,3.200000047683716,1928400,3.8992000102996824,4.601750007867813,-16.393106743639407,-29.15738610551437
2023-07-06,3.180000066757202,3.299999952316284,3.130000114440918,3.25,2197100,3.881600012779236,4.585200009346008,-18.075019159938797,-30.6464263221798
2023-07-07,3.240000009536743,3.2699999809265137,3.119999885559082,3.1500000953674316,1449700,3.8664000129699705,4.568000010251999,-16.201117352885042,-29.071803803301542
2023-07-10,3.3299999237060547,3.3499999046325684,3.2149999141693115,3.240000009536743,1838700,3.854600009918213,4.554150010347366,-13.609715271683642,-26.879880633267504
2023-07-11,3.430000066757202,3.440000057220459,3.315000057220459,3.380000114440918,2381200,3.8438000106811523,4.541000010967255,-10.765386928926656,-24.46597536945182
2023-07-12,3.4100000858306885,3.5,3.3399999141693115,3.490000009536743,2056900,3.830400013923645,4.530000010728836,-10.975353137134169,-24.724060093720613
2023-07-13,3.4800000190734863,3.5399999618530273,3.4000000953674316,3.4100000858306885,2604000,3.8198000097274782,4.519700011014939,-8.895753437055854,-23.00373895186859
2023-07-14,3.2799999713897705,3.5799999237060547,3.2699999809265137,3.490000009536743,2228900,3.8070000076293944,4.508300011157989,-13.842921859298475,-27.245303922280918
2023-07-17,3.430000066757202,3.450000047683716,3.259999990463257,3.299999952316284,1698200,3.7970000076293946,4.497800010442734,-9.665523838155687,-23.740494046119764
2023-07-18,3.5399999618530273,3.565000057220459,3.390000104904175,3.4100000858306885,2098600,3.791200008392334,4.4864500105381016,-6.625871649695114,-21.09574488653575
2023-07-19,3.4700000286102295,3.5999999046325684,3.430000066757202,3.549999952316284,1942500,3.78260000705719,4.47660001039505,-8.264156343883656,-22.48581466844053
2023-07-20,3.3399999141693115,3.4600000381469727,3.319999933242798,3.440000057220459,1409800,3.770400004386902,4.466150010824204,-11.415236837386356,-25.215232222955876
2023-07-21,3.3399999141693115,3.4000000953674316,3.2750000953674316,3.359999895095825,1386800,3.7590000009536744,4.4551000094413755,-11.146583843523828,-25.02974328093448
2023-07-24,3.3399999141693115,3.380000114440918,3.2899999618530273,3.3499999046325684,996000,3.7431999969482423,4.4412500083446504,-10.771534598943466,-24.79594916084894
2023-07-25,3.3499999046325684,3.380000114440918,3.319999933242798,3.3499999046325684,1032500,3.7289999961853026,4.427600008249283,-10.163585195506686,-24.33824423184082
2023-07-26,3.4200000762939453,3.4200000762939453,3.311000108718872,3.3299999237060547,1381800,3.714399995803833,4.4138000094890595,-7.925907813979971,-22.5157445071952
2023-07-27,3.2899999618530273,3.4800000190734863,3.2699999809265137,3.450000047683716,1655500,3.6969999980926516,4.400550009012222,-11.008927142266778,-25.236619169985897
2023-07-28,3.450000047683716,3.4800000190734863,3.3299999237060547,3.3299999237060547,1914100,3.685199999809265,4.389600009918213,-6.38228460158804,-21.405138511743427
2023-07-31,3.7200000286102295,3.75,3.430000066757202,3.4600000381469727,3824800,3.676599998474121,4.381000009775161,1.180439268729816,-15.087879015979622
2023-08-01,3.7699999809265137,3.7699999809265137,3.630000114440918,3.75,2002500,3.6669999980926513,4.373050009012222,2.8088350937397477,-13.790147079107484
2023-08-02,3.4000000953674316,3.6700000762939453,3.390000104904175,3.6700000762939453,2019400,3.6511999988555908,4.363500009775162,-6.879927244930261,-22.080896350390443
2023-08-03,3.440000057220459,3.4700000286102295,3.3299999237060547,3.4100000858306885,1115100,3.6330000019073485,4.356200009584427,-5.3124124576262926,-21.032091050644198
2023-08-04,3.4100000858306885,3.509999990463257,3.3299999237060547,3.5,1369200,3.614400000572205,4.347950010299683,-5.655154789429984,-21.572233403031838
2023-08-07,3.380000114440918,3.4100000858306885,3.3350000381469727,3.4100000858306885,1090800,3.5950000047683717,4.339850010871888,-5.980525453192764,-22.11712142185608
2023-08-08,3.450000047683716,3.4700000286102295,3.319999933242798,3.3399999141693115,1278200,3.5792000102996826,4.333300009965897,-3.609744139589144,-20.384002036571037
2023-08-09,3.4100000858306885,3.4600000381469727,3.369999885559082,3.440000057220459,939300,3.561000008583069,4.326500010490418,-4.240379735704181,-21.183402806830042
2023-08-10,3.4200000762939453,3.5399999618530273,3.4000000953674316,3.4000000953674316,1161100,3.5412000131607058,4.319750010967255,-3.4225668252661934,-20.82875009870866
2023-08-11,3.5,3.5199999809265137,3.369999885559082,3.4000000953674316,1260600,3.5194000101089475,4.3144000101089475,-0.5512306090022179,-18.876321347134017
2023-08-14,3.509999990463257,3.5199999809265137,3.4000000953674316,3.4800000190734863,1521300,3.497800006866455,4.307750009298324,0.34879019877787076,-18.518948804204417
2023-08-15,3.390000104904175,3.5,3.380000114440918,3.4600000381469727,942600,3.472000012397766,4.300800008773804,-2.3617484792853416,-21.17745307876583
2023-08-16,3.309999942779541,3.390000104904175,3.2799999713897705,3.390000104904175,1311800,3.4446000146865843,4.293150007724762,-3.907567535654499,-22.900435884518757
2023-08-17,3.240000009536743,3.390000104904175,3.234999895095825,3.3299999237060547,1159600,3.4122000122070313,4.283750008344651,-5.046597563280242,-24.365334036176378
2023-08-18,3.2699999809265137,3.319999933242798,3.1549999713897705,3.1600000858306885,1108700,3.3802000141143798,4.2738500082492825,-3.2601630888028588,-23.48819039940947
2023-08-21,3.200000047683716,3.2799999713897705,3.140000104904175,3.2799999713897705,1421200,3.3462000131607055,4.2632000088691715,-4.369134089474058,-24.939011985681457
2023-08-22,3.2100000381469727,3.240000009536743,3.1600000858306885,3.200000047683716,610700,3.3422000122070314,4.253650009632111,-3.9554776368024736,-24.535398284340772
2023-08-23,3.2899999618530273,3.299999952316284,3.180000066757202,3.200000047683716,904800,3.338200011253357,4.24410001039505,-1.4438933927818365,-22.480621243730138
2023-08-24,3.109999895095825,3.299999952316284,3.0999999046325684,3.299999952316284,1093200,3.329800009727478,4.233100010156631,-6.601000480195262,-26.531386274033476
2023-08-25,3.119999885559082,3.180000066757202,3.069999933242798,3.130000114440918,839300,3.322400007247925,4.22170000910759,-6.091985349364926,-26.096125285353754
2023-08-28,3.140000104904175,3.180000066757202,3.0999999046325684,3.130000114440918,1094900,3.316200008392334,4.210400009155274,-5.313307491775188,-25.422760353495523
2023-08-29,3.2799999713897705,3.319999933242798,3.1050000190734863,3.140000104904175,943100,3.314600009918213,4.200650008916855,-1.0438676891603604,-21.916847049213604
2023-08-30,3.319999933242798,3.3299999237060547,3.2100000381469727,3.259999990463257,754600,3.31800000667572,4.190350008010864,0.060275062177628236,-20.77034312418253
2023-08-31,3.25,3.369999885559082,3.240000009536743,3.3299999237060547,825400,3.3196000051498413,4.179250009059906,-2.096638301056386,-22.234850919314464
2023-09-01,3.3299999237060547,3.3399999141693115,3.2699999809265137,3.2799999713897705,757100,3.3230000019073485,4.169150009155273,0.21065067092049805,-20.12760595340731
2023-09-05,3.299999952316284,3.3499999046325684,3.259999990463257,3.2699999809265137,948400,3.3276000022888184,4.157650009393692,-0.8294281149642369,-20.62824083652195
2023-09-06,3.1600000858306885,3.319999933242798,3.1600000858306885,3.299999952316284,1223200,3.3300000047683715,4.145450010299682,-5.105102663491079,-23.771844359974658
2023-09-07,3.0799999237060547,3.1500000953674316,3.049999952316284,3.1500000953674316,1656600,3.3312000036239624,4.135300009250641,-7.54082851959147,-25.51931137242489
2023-09-08,2.740000009536743,2.9000000953674316,2.509999990463257,2.880000114440918,8323200,3.3254000043869016,4.123500009775162,-17.603897097428668,-33.55159444546371
2023-09-11,2.8399999141693115,2.859999895095825,2.690000057220459,2.7799999713897705,2193100,3.320600004196167,4.112550008296966,-14.473290652879967,-30.9430910641893
2023-09-12,2.9100000858306885,2.934999942779541,2.799999952316284,2.809999942779541,1799800,3.314400005340576,4.101250008344651,-12.201300955173423,-29.046020605673228
2023-09-13,2.7300000190734863,2.930000066757202,2.7300000190734863,2.880000114440918,1735800,3.304200005531311,4.088100007772446,-17.377882255813816,-33.2208112843837
2023-09-14,2.819999933242798,2.8299999237060547,2.7100000381469727,2.759999990463257,1348500,3.295400004386902,4.075550007820129,-14.426171952152755,-30.806886731071703
2023-09-15,2.799999952316284,2.8299999237060547,2.740000009536743,2.8299999237060547,4713900,3.2878000020980833,4.063600007295609,-14.836670401804042,-31.09558157079222
2023-09-18,2.690000057220459,2.799999952316284,2.680000066757202,2.7899999618530273,1137100,3.2768000030517577,4.0511000072956085,-17.90771317397457,-33.598280655228216
2023-09-19,2.700000047683716,2.7200000286102295,2.640000104904175,2.6600000858306885,1280600,3.264200005531311,4.037550008296966,-17.284478796995806,-33.12776208008944
2023-09-20,2.700000047683716,2.8399999141693115,2.690000057220459,2.8299999237060547,2187200,3.2496000051498415,4.022450009584427,-16.91284947670916,-32.87672833098397
2023-09-21,2.680000066757202,2.7300000190734863,2.622999906539917,2.640000104904175,1405200,3.235000004768372,4.006900010108947,-17.156103158983083,-33.11537447912675
2023-09-22,2.5799999237060547,2.7149999141693115,2.569999933242798,2.690000057220459,1374500,3.217000002861023,3.9932500100135804,-19.801059328208126,-35.390974338286405
2023-09-25,2.5399999618530273,2.609999895095825,2.4800000190734863,2.549999952316284,1473700,3.202200002670288,3.979750010967255,-20.679534078604,-36.17689666804736
2023-09-26,2.4800000190734863,2.569999933242798,2.4600000381469727,2.5299999713897705,1325000,3.1832000017166138,3.965550010204315,-22.090977075393027,-37.4613858684962
2023-09-27,2.5,2.5299999713897705,2.4600000381469727,2.490000009536743,1219500,3.1624000024795533,3.951300010681152,-20.946116935244852,-36.72968407253306
2023-09-28,2.5899999141693115,2.6050000190734863,2.4639999866485596,2.509999990463257,2685900,3.144800000190735,3.9379000103473665,-17.641824153770493,-34.22890608284275
2023-09-29,2.5999999046325684,2.680000066757202,2.5899999141693115,2.630000114440918,1350700,3.13,3.9241500103473665,-16.93291039512561,-33.74361587154473
2023-10-02,2.569999933242798,2.6600000858306885,2.559999942779541,2.5999999046325684,1225500,3.11460000038147,3.9107500100135804,-17.485393535990834,-34.28370704692849
2023-10-03,2.5299999713897705,2.569999933242798,2.5,2.5399999618530273,876300,3.098400001525879,3.897350009679794,-18.344953197010927,-35.08409649874801
2023-10-04,2.5799999237060547,2.609999895095825,2.5,2.5399999618530273,1136600,3.0830000019073487,3.8856000101566313,-16.315279853717314,-33.60099040142701
2023-10-05,2.5899999141693115,2.619999885559082,2.505000114440918,2.5799999237060547,1158200,3.066399998664856,3.8729500102996828,-15.536136339126472,-33.125914166681916
2023-10-06,2.609999895095825,2.630000114440918,2.5299999713897705,2.549999952316284,928000,3.052799997329712,3.861600009202957,-14.504720342675725,-32.41143855200749
2023-10-09,2.5899999141693115,2.609999895095825,2.5299999713897705,2.549999952316284,1151800,3.0355999946594237,3.850650007724762,-14.679143539137662,-32.73863090715773
2023-10-10,2.5999999046325684,2.690000057220459,2.5999999046325684,2.5999999046325684,1679700,3.0131999921798704,3.8395000076293946,-13.712999091320732,-32.28285194774945
2023-10-11,2.4600000381469727,2.6500000953674316,2.450000047683716,2.619999885559082,1562800,2.9869999933242797,3.8291500067710875,-17.643118726317788,-35.755976292468205
2023-10-12,2.299999952316284,2.4649999141693115,2.260999917984009,2.450000047683716,2748000,2.964999990463257,3.81810000538826,-22.42833188148078,-39.76061525181558
2023-10-13,2.180000066757202,2.309999942779541,2.1700000762939453,2.309999942779541,2229400,2.9397999906539916,3.8080500054359434,-25.845293091784903,-42.75285083847955
2023-10-16,2.2899999618530273,2.2899999618530273,2.1500000953674316,2.190000057220459,2092400,2.9173999881744384,3.7980500054359436,-21.50545104766406,-39.705902803399795
2023-10-17,2.4200000762939453,2.430000066757202,2.2300000190734863,2.259999990463257,1743200,2.898199987411499,3.788250005245209,-16.499893492327754,-36.11825848496761
2023-10-18,2.259999990463257,2.4000000953674316,2.240000009536743,2.380000114440918,966400,2.8743999862670897,3.7778000056743624,-21.37489558653034,-40.1768228315773
2023-10-19,2.190000057220459,2.2750000953674316,2.180000066757202,2.259999990463257,1352000,2.849999985694885,3.7662500059604644,-23.157892343410147,-41.851973348700525
2023-10-20,2.140000104904175,2.2049999237060547,2.119999885559082,2.190000057220459,1530300,2.82439998626709,3.7542500066757203,-24.23169114469025,-42.99793297998599
2023-10-23,2.109999895095825,2.1649999618530273,2.069999933242798,2.109999895095825,1795200,2.7965999841690063,3.7409000051021577,-24.551244116423053,-43.59646362591816
2023-10-24,2.1700000762939453,2.200000047683716,2.0999999046325684,2.0999999046325684,1182200,2.76979998588562,3.727600005865097,-21.65498998657457,-41.785597358095984
2023-10-25,2.0899999141693115,2.180000066757202,2.0899999141693115,2.180000066757202,1189900,2.743799982070923,3.7136000061035155,-23.82826999685839,-43.72038155067115
2023-10-26,2.109999895095825,2.1600000858306885,2.049999952316284,2.0899999141693115,1363400,2.7197999811172484,3.699050005674362,-22.420769551256758,-42.958330061527306
2023-10-27,2.069999933242798,2.1500000953674316,2.069999933242798,2.119999885559082,1104900,2.69639997959137,3.684200005531311,-23.23097652758107,-43.81412707955642
2023-10-30,2.109999895095825,2.1700000762939453,2.069999933242798,2.0799999237060547,1131900,2.6731999778747557,3.6694000041484833,-21.068385733965368,-42.49741394477735
2023-10-31,2.1600000858306885,2.2200000286102295,2.119999885559082,2.119999885559082,1835400,2.6523999786376953,3.654650003910065,-18.564315215381257,-40.89721085412472
2023-11-01,2.059999942779541,2.200000047683716,2.0399999618530273,2.140000104904175,1342700,2.6293999767303466,3.6397500038146973,-21.655131930854175,-43.40270786123976
2023-11-02,2.259999990463257,2.2699999809265137,2.119999885559082,2.119999885559082,1415600,2.608799977302551,3.6262500035762786,-13.370131473243374,-37.676663544035826
2023-11-03,2.2799999713897705,2.359999895095825,2.240000009536743,2.3499999046325684,1460800,2.5921999788284302,3.6137500023841858,-12.043824164359474,-36.90764524702783
2023-11-06,2.259999990463257,2.299999952316284,2.2300000190734863,2.259999990463257,961300,2.574999980926514,3.600400003194809,-12.233009428991004,-37.22919707649568
2023-11-07,2.2899999618530273,2.359999895095825,2.25,2.259999990463257,1359100,2.5579999780654905,3.5875000035762787,-10.47693582918403,-36.16724851372292
2023-11-08,2.180000066757202,2.3299999237060547,2.1600000858306885,2.3299999237060547,873600,2.535999979972839,3.5746000027656555,-14.037851578352534,-39.01415360961943
2023-11-09,2.0999999046325684,2.2300000190734863,2.0799999237060547,2.2300000190734863,1174600,2.5115999794006347,3.5609000015258787,-16.387962977539527,-41.026147779137325
2023-11-10,2.1700000762939453,2.190000057220459,2.0850000381469727,2.130000114440918,1012400,2.489999980926514,3.5474500012397767,-12.851401890914815,-38.82929779036871
2023-11-13,2.240000009536743,2.259999990463257,2.1600000858306885,2.1700000762939453,953400,2.4681999826431276,3.53450000166893,-9.245603059360342,-36.62469915181627
2023-11-14,2.4200000762939453,2.440000057220459,2.319999933242798,2.319999933242798,1590400,2.4505999851226807,3.5227500021457674,-1.2486700813883922,-31.303666884681512
2023-11-15,2.380000114440918,2.549999952316284,2.359999895095825,2.4200000762939453,1665800,2.434999985694885,3.509900003671646,-2.258721625342097,-32.191797146607
2023-11-16,2.309999942779541,2.368000030517578,2.2699999809265137,2.359999895095825,931900,2.419599986076355,3.4969000041484835,-4.529676141821382,-33.941492749603505
2023-11-17,2.3499999046325684,2.4000000953674316,2.259999990463257,2.319999933242798,1446000,2.4117999839782716,3.483450003862381,-2.5624048327491766,-32.53814746797185
2023-11-20,2.430000066757202,2.444999933242798,2.325000047683716,2.3399999141693115,1009000,2.403599987030029,3.470800004005432,1.0983557942099154,-29.987320964823905
2023-11-21,2.359999895095825,2.450000047683716,2.3450000286102295,2.430000066757202,706500,2.392599983215332,3.458650003671646,-1.3625381738779696,-31.765287248189665
2023-11-22,2.4000000953674316,2.430000066757202,2.359999895095825,2.4000000953674316,701600,2.3859999847412108,3.446900004148483,0.5867607173408729,-30.372215832227955
2023-11-24,2.4700000286102295,2.4700000286102295,2.359999895095825,2.4100000858306885,363900,2.3789999866485596,3.435750005245209,3.8251383973258113,-28.108854694334894
2023-11-27,2.430000066757202,2.509999990463257,2.4149999618530273,2.4600000381469727,819200,2.371599988937378,3.4253500044345855,2.4624758851508943,-29.058342545689243
2023-11-28,2.4600000381469727,2.4800000190734863,2.375,2.4200000762939453,578700,2.366999988555908,3.4147500050067903,3.929026195213603,-27.959586073942155
2023-11-29,2.4700000286102295,2.559999942779541,2.440000057220459,2.5,1001400,2.3623999881744386,3.404300005435944,4.554691880054551,-27.444701563723406
2023-11-30,2.430000066757202,2.490000009536743,2.4200000762939453,2.4600000381469727,859300,2.3569999885559083,3.393450006246567,3.0971607363485587,-28.391458183143214
2023-12-01,2.5299999713897705,2.5399999618530273,2.38100004196167,2.4100000858306885,1069400,2.3539999866485597,3.3819000053405763,7.476634908217905,-25.18998292692024
2023-12-04,2.569999933242798,2.569999933242798,2.490000009536743,2.5,875000,2.3537999868392943,3.3710500061511994,9.185145195527799,-23.762628007496623
2023-12-05,2.559999942779541,2.5980000495910645,2.5250000953674316,2.549999952316284,1340500,2.3541999864578247,3.3603500068187713,8.741821319579856,-23.817461348227773
2023-12-06,2.5899999141693115,2.6600000858306885,2.565000057220459,2.5999999046325684,1507800,2.3563999843597414,3.34970000743866,9.913424349009304,-22.679645687144724
2023-12-07,2.569999933242798,2.5899999141693115,2.5250000953674316,2.5799999237060547,2178900,2.3577999830245973,3.3391500079631804,8.999913128593274,-23.034307320309633
2023-12-08,2.430000066757202,2.559999942779541,2.3399999141693115,2.490000009536743,3319600,2.354599986076355,3.327650008201599,3.2022458645509344,-26.97549138977884
2023-12-11,2.380000114440918,2.4600000381469727,2.309999942779541,2.4000000953674316,1907300,2.350199990272522,3.3163500094413756,1.267982481990404,-28.234350787303708
2023-12-12,2.2699999809265137,2.380000114440918,2.259999990463257,2.380000114440918,1497300,2.3441999912261964,3.3046000099182127,-3.165259388166386,-31.307874656131375
2023-12-13,2.450000047683716,2.450000047683716,2.2249999046325684,2.2899999618530273,2468300,2.342599992752075,3.2938000094890594,4.584651893790359,-25.617826199965176
2023-12-14,2.5199999809265137,2.6050000190734863,2.450000047683716,2.5,2297900,2.3413999938964842,3.2840000092983246,7.627914388639301,-23.26431261292995
2023-12-15,2.450000047683716,2.569999933242798,2.380000114440918,2.549999952316284,3952000,2.3385999965667725,3.273750009536743,4.763535930919627,-25.162274439201703
2023-12-18,2.430000066757202,2.559999942779541,2.4149999618530273,2.450000047683716,1474100,2.335,3.2627500092983244,4.068525342920859,-25.522946599277173
2023-12-19,2.4800000190734863,2.5,2.428999900817871,2.430000066757202,1889600,2.3328000020980837,3.2522000086307528,6.310014439429579,-23.743926803640203
2023-12-20,2.3499999046325684,2.4600000381469727,2.3399999141693115,2.4600000381469727,1657200,2.3278000020980834,3.2414000070095064,0.9536859916863927,-27.50046586195135
2023-12-21,2.369999885559082,2.4100000858306885,2.3350000381469727,2.359999895095825,2092100,2.3259999990463256,3.2305500066280364,1.8916546229921227,-26.637882691906512
2023-12-22,2.3499999046325684,2.4800000190734863,2.3299999237060547,2.369999885559082,3506200,2.3269999980926515,3.2212500059604645,0.9883930622590853,-27.046956917835374
2023-12-26,2.450000047683716,2.4600000381469727,2.319999933242798,2.369999885559082,2312500,2.332399997711182,3.213100006580353,5.04201895420755,-23.749648542959335
2023-12-27,2.390000104904175,2.4800000190734863,2.375,2.450000047683716,2007400,2.3344000005722045,3.2048500072956085,2.3817728032188956,-25.42552383220703
2023-12-28,2.559999942779541,2.569999933242798,2.369999885559082,2.380000114440918,2270500,2.3371999979019167,3.1973000061511994,9.532771909876336,-19.932444942469395
2023-12-29,2.4700000286102295,2.569999933242798,2.450000047683716,2.5399999618530273,1479500,2.341399998664856,3.1896000051498414,5.4924417023449745,-22.560821901735807
2024-01-02,2.380000114440918,2.5199999809265137,2.380000114440918,2.4600000381469727,1402300,2.345199999809265,3.181550005674362,1.4838868597340626,-25.19369143354223
2024-01-03,2.3399999141693115,2.4000000953674316,2.299999952316284,2.390000104904175,1324100,2.3491999959945677,3.1739000058174134,-0.3916261638405638,-26.273672457218368
2024-01-04,2.319999933242798,2.365000009536743,2.2899999618530273,2.3399999141693115,951100,2.353399996757507,3.1682000052928925,-1.419225952270231,-26.77230195799083
2024-01-05,2.259999990463257,2.3499999046325684,2.25,2.299999952316284,1357700,2.3551999950408935,3.162050005197525,-4.042119768091446,-28.527379809033704
2024-01-08,2.3299999237060547,2.359999895095825,2.240000009536743,2.25,1054900,2.3599999952316284,3.1572000050544737,-1.2711894739910523,-26.2004332960891
2024-01-09,2.25,2.299999952316284,2.240000009536743,2.299999952316284,938400,2.362799997329712,3.150950005054474,-4.773996845149464,-28.59296414126692
2024-01-10,2.240000009536743,2.3299999237060547,2.2100000381469727,2.25,1576100,2.3661999988555906,3.144550005197525,-5.333445582786068,-28.765641957217415
2024-01-11,2.180000066757202,2.2699999809265137,2.1500000953674316,2.2699999809265137,1446800,2.3676000022888184,3.138450005054474,-7.923633018679621,-30.53895829959655
2024-01-12,2.200000047683716,2.259999990463257,2.180000066757202,2.2100000381469727,1120200,2.368400001525879,3.132400004863739,-7.110283471274648,-29.76631195671905
2024-01-16,2.0999999046325684,2.2100000381469727,2.0999999046325684,2.2100000381469727,1030800,2.3692000007629392,3.125200004577637,-11.362489280925292,-32.80430367475383
2024-01-17,2.069999933242798,2.0799999237060547,2.0299999713897705,2.069999933242798,1124900,2.36539999961853,3.1177000045776366,-12.488376867479989,-33.60490328756867
2024-01-18,2.069999933242798,2.109999895095825,2.0199999809265137,2.0899999141693115,1137900,2.3611999988555907,3.1084000039100648,-12.332714965014802,-33.40625625276865
2024-01-19,2.109999895095825,2.115000009536743,1.9900000095367432,2.0999999046325684,1662500,2.358199996948242,3.100750002861023,-10.524981009821632,-31.95195055554447
2024-01-22,2.2799999713897705,2.2899999618530273,2.109999895095825,2.109999895095825,1782800,2.357999997138977,3.0935500025749207,-3.3078891367195107,-26.29826673265312
2024-01-23,2.2799999713897705,2.3299999237060547,2.259999990463257,2.299999952316284,1294900,2.3599999952316284,3.086650002002716,-3.389831525571929,-26.133511414950362
2024-01-24,2.2899999618530273,2.430000066757202,2.2699999809265137,2.3299999237060547,1611700,2.3637999963760374,3.077350001335144,-3.122093012782534,-25.585326308041523
2024-01-25,2.299999952316284,2.3380000591278076,2.25,2.319999933242798,766000,2.3663999938964846,3.0681500017642973,-2.8059517305384585,-25.03626123254401
2024-01-26,2.2899999618530273,2.3399999141693115,2.2699999809265137,2.319999933242798,680700,2.36739999294281,3.0591500008106234,-3.2694108017449985,-25.142606238784772
2024-01-29,2.450000047683716,2.4600000381469727,2.2699999809265137,2.2799999713897705,1380200,2.3679999923706054,3.050950000286102,3.462840184852367,-19.697141957293052
2024-01-30,2.369999885559082,2.427999973297119,2.3299999237060547,2.4100000858306885,787600,2.367799987792969,3.0411500000953673,0.09290893561342273,-22.06895794404218
2024-01-31,2.259999990463257,2.4000000953674316,2.259999990463257,2.3399999141693115,1062200,2.366799988746643,3.0311499989032744,-4.5124217843157455,-25.440839573067443
2024-02-01,2.309999942779541,2.359999895095825,2.1700000762939453,2.309999942779541,2331000,2.3659999895095827,3.0208999979496003,-2.3668658908848617,-23.532723878730643
2024-02-02,2.25,2.2799999713897705,2.2200000286102295,2.2699999809265137,753500,2.3623999881744386,3.0105499970912932,-4.757872872379099,-25.26282565730895
2024-02-05,2.1500000953674316,2.2100000381469727,2.130000114440918,2.200000047683716,1430700,2.3581999921798706,3.0000499975681305,-8.828763357766933,-28.33452452091657
2024-02-06,2.190000057220459,2.200000047683716,2.0999999046325684,2.109999895095825,1070600,2.353999991416931,2.9900499975681303,-6.9668621408004565,-26.757075667576412
2024-02-07,2.1700000762939453,2.2200000286102295,2.140000104904175,2.190000057220459,616100,2.3479999923706054,2.9803999984264373,-7.580916382241831,-27.190978478068683
2024-02-08,2.2100000381469727,2.240000009536743,2.1500000953674316,2.1700000762939453,686700,2.343599991798401,2.9711499989032744,-5.700629549367253,-25.618025378633224
2024-02-09,2.319999933242798,2.325000047683716,2.200000047683716,2.2300000190734863,1126300,2.3407999897003173,2.9627499985694885,-0.8885875149111877,-21.694373998380932
2024-02-12,2.4000000953674316,2.4200000762939453,2.2799999713897705,2.3299999237060547,1299500,2.3393999910354615,2.955149998664856,2.5904122665721507,-18.78584517023646
2024-02-13,2.1700000762939453,2.2899999618530273,2.1549999713897705,2.2799999713897705,1197300,2.334199991226196,2.9461499989032744,-7.034526413736886,-26.344548746610208
2024-02-14,2.259999990463257,2.259999990463257,2.180000066757202,2.2200000286102295,710800,2.328799991607666,2.9370499992370607,-2.9543112930412563,-23.052042319663503
2024-02-15,2.2899999618530273,2.3399999141693115,2.25,2.2899999618530273,1070300,2.3231999921798705,2.9284499979019163,-1.4290646710829025,-21.801636924185342
2024-02-16,2.259999990463257,2.2799999713897705,2.2149999141693115,2.2699999809265137,949400,2.3171999931335447,2.920149997472763,-2.468496583798818,-22.60671566805922
2024-02-20,2.2200000286102295,2.2699999809265137,2.190000057220459,2.25,764200,2.309799995422363,2.9115999972820283,-3.887781062867013,-23.753261757020393
2024-02-21,2.1600000858306885,2.200000047683716,2.140000104904175,2.200000047683716,934200,2.301599998474121,2.9032499980926514,-6.152238127272691,-25.600616989589454
2024-02-22,2.1600000858306885,2.190000057220459,2.140000104904175,2.1500000953674316,1106800,2.296199998855591,2.8945499980449676,-5.931535279713584,-25.376998590814036
2024-02-23,2.1600000858306885,2.200000047683716,2.130000114440918,2.1600000858306885,1807000,2.2917999982833863,2.8855999982357026,-5.750934311520162,-25.14554729860883
2024-02-26,2.2100000381469727,2.2200000286102295,2.1500000953674316,2.1500000953674316,1043100,2.2905999994277955,2.8770999979972838,-3.5187270278947524,-23.18654062474963
2024-02-27,2.2300000190734863,2.2699999809265137,2.190000057220459,2.240000009536743,716000,2.286199998855591,2.867599997520447,-2.4582267435148686,-22.234620553713203
2024-02-28,2.130000114440918,2.2100000381469727,2.130000114440918,2.200000047683716,786700,2.278400001525879,2.8579499983787535,-6.513337736375324,-25.471050380544934
2024-02-29,2.190000057220459,2.240000009536743,2.1500000953674316,2.180000066757202,871000,2.2732000017166136,2.8481499981880187,-3.6600362675226927,-23.107980316565914
2024-03-01,2.25,2.259999990463257,2.140000104904175,2.180000066757202,1376800,2.2696000003814696,2.8385999989509583,-0.8635883141599909,-20.735573845151944
2024-03-04,2.1500000953674316,2.2799999713897705,2.1500000953674316,2.259999990463257,882600,2.263000001907349,2.8291499996185303,-4.9933674964505625,-24.005439949902694
2024-03-05,2.1700000762939453,2.2300000190734863,2.130000114440918,2.130000114440918,2089000,2.2594000053405763,2.819249999523163,-3.9567995412638335,-23.02917170662514
2024-03-06,2.1700000762939453,2.2300000190734863,2.1449999809265137,2.200000047683716,729300,2.2554000091552733,2.8088499999046324,-3.786465040111142,-22.74418084384633
2024-03-07,2.2200000286102295,2.240000009536743,2.1600000858306885,2.200000047683716,623200,2.2528000116348266,2.7989999997615813,-1.4559651480467894,-20.685958242253342
2024-03-08,2.240000009536743,2.359999895095825,2.240000009536743,2.2699999809265137,1129200,2.248600010871887,2.7884500002861023,-0.3824602549836964,-19.66863277781874
2024-03-11,2.200000047683716,2.299999952316284,2.194999933242798,2.240000009536743,941600,2.244800009727478,2.7777499997615815,-1.9957217502507452,-20.799206268651062
2024-03-12,2.1500000953674316,2.200000047683716,2.140000104904175,2.200000047683716,998000,2.236600012779236,2.766750000715256,-3.8719447785477756,-22.29149381723622
2024-03-13,2.1700000762939453,2.2300000190734863,2.130000114440918,2.140000104904175,827800,2.2306000137329103,2.7564000022411346,-2.7167550016083286,-21.274122967290943
2024-03-14,2.1600000858306885,2.190000057220459,2.130000114440918,2.190000057220459,1123400,2.2262000131607054,2.7456000018119813,-2.973673836073154,-21.32866825447338
2024-03-15,2.2100000381469727,2.2300000190734863,2.1449999809265137,2.1700000762939453,2297800,2.2236000156402587,2.7346000027656556,-0.6116197786304678,-19.183791563231377
2024-03-18,2.2100000381469727,2.240000009536743,2.1700000762939453,2.2100000381469727,899100,2.2214000177383424,2.722700002193451,-0.5131889574294779,-18.8305712577015
2024-03-19,2.359999895095825,2.4000000953674316,2.190000057220459,2.190000057220459,1862300,2.2234000158309937,2.7115500009059907,6.143738341828575,-12.964913267050381
2024-03-20,2.4200000762939453,2.450000047683716,2.309999942779541,2.3399999141693115,1795600,2.2252000188827514,2.700250002145767,8.754271784924782,-10.378665887570405
2024-03-21,2.4700000286102295,2.4800000190734863,2.384999990463257,2.450000047683716,1765500,2.229600019454956,2.6892000031471253,10.782203402296409,-8.151122054156247
2024-03-22,2.390000104904175,2.4749999046325684,2.390000104904175,2.4700000286102295,846700,2.2326000213623045,2.6768500030040743,7.050079818857413,-10.715949634009537
2024-03-25,2.490000009536743,2.5399999618530273,2.4200000762939453,2.4200000762939453,1924600,2.2388000202178957,2.6649500036239626,11.220296009037867,-6.564850892110985
2024-03-26,2.509999990463257,2.5999999046325684,2.5,2.5299999713897705,1838500,2.2450000190734865,2.6530000030994416,11.80400753400155,-5.390124857486656
2024-03-27,2.549999952316284,2.559999942779541,2.4700000286102295,2.5299999713897705,1130300,2.254000020027161,2.6487000024318696,13.132206284787728,-3.726358214405756
2024-03-28,2.549999952316284,2.6700000762939453,2.5250000953674316,2.569999933242798,2518100,2.26360002040863,2.6440000021457672,12.652408964723039,-3.5552212463387356
2024-04-01,2.25,2.569999933242798,2.2200000286102295,2.549999952316284,3337600,2.267200021743774,2.6376000022888184,-0.758645976482708,-14.695177508055524
2024-04-02,2.1600000858306885,2.25,2.125,2.2200000286102295,1931100,2.2682000255584716,2.630950002670288,-4.770299731441996,-17.90037501136882
2024-04-03,2.140000104904175,2.2100000381469727,2.119999885559082,2.1500000953674316,1219800,2.26540002822876,2.6244000029563903,-5.535442825196357,-18.45754829700268
2024-04-04,2.0799999237060547,2.174999952316284,2.055000066757202,2.1600000858306885,1468800,2.2614000272750854,2.6180000030994415,-8.021584035603468,-20.55004120536479
2024-04-05,2.0999999046325684,2.0999999046325684,2.0399999618530273,2.059999942779541,1233700,2.2576000261306763,2.6127500021457672,-6.9808699359478865,-19.624919992042635
2024-04-08,2.0999999046325684,2.11899995803833,2.059999942779541,2.0999999046325684,1500400,2.253600025177002,2.6074000012874605,-6.815766721176242,-19.460002163241253
2024-04-09,2.1500000953674316,2.1600000858306885,2.069999933242798,2.109999895095825,1319500,2.25080002784729,2.602350001335144,-4.478404622034127,-17.382362316200073
2024-04-10,2.0399999618530273,2.0999999046325684,2.0199999809265137,2.0899999141693115,1370500,2.242600026130676,2.5972000014781953,-9.034159543251663,-21.453874915602867
2024-04-11,2.069999933242798,2.0799999237060547,2.0199999809265137,2.059999942779541,1155000,2.2366000270843505,2.592350001335144,-7.448810329253808,-20.14967376408737
2024-04-12,2.009999990463257,2.069999933242798,2.0,2.049999952316284,1403200,2.2316000270843506,2.5873000013828276,-9.930096519608867,-22.312836184865404
2024-04-15,1.809999942779541,2.009999990463257,1.7999999523162842,2.009999990463257,3420800,2.221600027084351,2.5812000012397767,-18.527191181438617,-29.877578571587648
2024-04-16,1.7300000190734863,1.8200000524520874,1.7100000381469727,1.7999999523162842,2479800,2.21120002746582,2.5744500017166136,-21.76193932775139,-32.801180138672635
2024-04-17,1.75,1.7899999618530273,1.7300000190734863,1.7400000095367432,1998400,2.2032000255584716,2.5671000015735626,-20.570080805241165,-31.82969113290104
2024-04-18,1.7599999904632568,1.840000033378601,1.7400000095367432,1.7999999523162842,1358000,2.1946000242233277,2.559700001478195,-19.80315451394732,-31.241942827406397
2024-04-19,1.75,1.7799999713897705,1.6799999475479126,1.6799999475479126,1645200,2.1862000226974487,2.552150001525879,-19.952429703080977,-31.430362676421442
2024-04-22,1.7400000095367432,1.7799999713897705,1.7100000381469727,1.7799999713897705,963000,2.176800022125244,2.5449500012397768,-20.06615252429326,-31.629304752977493
2024-04-23,1.7699999809265137,1.840000033378601,1.7300000190734863,1.7300000190734863,1116300,2.1658000230789183,2.5376000010967257,-18.275004060150124,-30.249055006244596
2024-04-24,1.8200000524520874,1.8300000429153442,1.7400000095367432,1.7699999809265137,1178200,2.1542000222206115,2.5300500017404555,-15.513878299194383,-28.06466073002174
2024-04-25,1.7599999904632568,1.8700000047683716,1.7400000095367432,1.7999999523162842,848100,2.146000020503998,2.521700001358986,-17.986953697702535,-30.205813954286242
2024-04-26,1.7699999809265137,1.7949999570846558,1.75,1.7599999904632568,585700,2.1362000203132627,2.513500000834465,-17.1425913259306,-29.580267342793487
2024-04-29,1.7400000095367432,1.8200000524520874,1.7100000381469727,1.7899999618530273,980600,2.125200021266937,2.5048000007867812,-18.125353278537848,-30.533375559318397
2024-04-30,1.690000057220459,1.7799999713897705,1.6699999570846558,1.7799999713897705,975400,2.1138000226020814,2.4968500012159347,-20.04919863989433,-32.31471428409996
2024-05-01,1.7599999904632568,1.784999966621399,1.690999984741211,1.7000000476837158,2036700,2.1046000218391416,2.488500000834465,-16.373659023093133,-29.274663858827466
2024-05-02,1.8200000524520874,1.8300000429153442,1.7599999904632568,1.7899999618530273,834700,2.0978000211715697,2.47990000128746,-13.242442840873736,-26.609941872365027
2024-05-03,1.809999942779541,1.899999976158142,1.784999966621399,1.850000023841858,990000,2.090800018310547,2.471600000858307,-13.430269421840935,-26.76808779126936
2024-05-06,1.8899999856948853,1.9299999475479126,1.809999942779541,1.809999942779541,1162900,2.085400016307831,2.464350001215935,-9.36990644887874,-23.306349148362028
2024-05-07,2.0,2.0399999618530273,1.899999976158142,1.909999966621399,1664500,2.0812000155448915,2.457650001645088,-3.9015959512969767,-18.621447372032186
2024-05-08,2.049999952316284,2.0789999961853027,1.9600000381469727,1.9800000190734863,1536600,2.0776000142097475,2.451200001835823,-1.32845888066484,-16.367495480542615
2024-05-09,2.0899999141693115,2.109999895095825,2.009999990463257,2.0399999618530273,1323900,2.076800010204315,2.4449000018835068,0.6355885930344307,-14.515934698383848
2024-05-10,1.940000057220459,2.0999999046325684,1.9299999475479126,2.0899999141693115,758100,2.0718000102043153,2.4375000017881394,-6.3616156161162785,-20.410254121137093
2024-05-13,1.9700000286102295,2.049999952316284,1.9600000381469727,1.9800000190734863,791400,2.06620001077652,2.430900002121925,-4.655889152286696,-18.960054840157035
2024-05-14,2.059999942779541,2.065000057220459,2.009999990463257,2.0199999809265137,870800,2.064400007724762,2.4239500015974045,-0.21314013411919408,-15.014751070691112
2024-05-15,2.0799999237060547,2.109999895095825,2.0199999809265137,2.0899999141693115,1194400,2.062600004673004,2.4157500010728836,0.8435915346470368,-13.898378442211134
2024-05-16,2.0299999713897705,2.0999999046325684,2.0199999809265137,2.0899999141693115,731200,2.059800002574921,2.4070500010252,-1.4467439143556526,-15.66440370889005
2024-05-17,1.9600000381469727,2.0350000858306885,1.9600000381469727,2.0299999713897705,872100,2.0546000027656555,2.3998500007390975,-4.604300812388962,-18.328227283232756
2024-05-20,1.940000057220459,2.0199999809265137,1.940000057220459,1.9800000190734863,1345900,2.0486000037193297,2.3923500007390976,-5.301178673323359,-18.90818414441402
2024-05-21,1.9199999570846558,2.0,1.899999976158142,1.9500000476837158,1121000,2.0430000019073487,2.3849000000953673,-6.020560191280467,-19.493481613154472
2024-05-22,1.909999966621399,1.9900000095367432,1.8899999856948853,1.9299999475479126,926900,2.038199999332428,2.37754999935627,-6.289865212099821,-19.665202955204386
2024-05-23,1.8600000143051147,1.9199999570846558,1.8300000429153442,1.9199999570846558,691700,2.0319999980926515,2.369599999189377,-8.46456613922173,-21.50573873474817
2024-05-24,1.899999976158142,1.909999966621399,1.850000023841858,1.8600000143051147,668000,2.0267999958992005,2.362049998641014,-6.256168344070023,-19.56139890132337
2024-05-28,1.840000033378601,1.9279999732971191,1.840000033378601,1.899999976158142,718800,2.019399995803833,2.3541499984264376,-8.883825037041305,-21.84015315045791
2024-05-29,1.8300000429153442,1.8600000143051147,1.809999942779541,1.8300000429153442,604500,2.0117999958992003,2.3457999986410143,-9.036681248356315,-21.988232416424548
2024-05-30,1.9299999475479126,1.940000057220459,1.8600000143051147,1.8600000143051147,842800,2.003199996948242,2.3378999984264373,-3.6541558262702445,-17.447283936569935
2024-05-31,1.8600000143051147,1.9700000286102295,1.840000033378601,1.9500000476837158,1249700,1.9919999957084655,2.330249997973442,-6.626505104805702,-20.180237488565233
2024-06-03,1.909999966621399,1.909999966621399,1.840000033378601,1.8799999952316284,1131900,1.980799994468689,2.3232499980926513,-3.5743148245656498,-17.7875834202313
2024-06-04,1.7799999713897705,1.9299999475479126,1.7799999713897705,1.9299999475479126,1219300,1.968599991798401,2.3159499979019165,-9.580413552493017,-23.141692480307352
2024-06-05,1.840000033378601,1.850000023841858,1.7899999618530273,1.7999999523162842,1006300,1.955599992275238,2.308799998164177,-5.9112272117644356,-20.304918795839335
2024-06-06,1.8200000524520874,1.850000023841858,1.7799999713897705,1.809999942779541,1246500,1.9417999935150148,2.3018999981880186,-6.272527627443603,-20.934877540956055
2024-06-07,2.0199999809265137,2.0399999618530273,1.7799999713897705,1.809999942779541,3184200,1.9311999940872193,2.2959499979019165,4.598176631688822,-12.018990710928868
2024-06-10,2.069999933242798,2.190000057220459,2.0,2.0299999713897705,3496000,1.9215999937057495,2.2898499977588656,7.7227279362581225,-9.601068398857592
2024-06-11,2.009999990463257,2.059999942779541,1.9600000381469727,2.0299999713897705,1333800,1.9167999935150146,2.2843499982357027,4.8622703079903795,-12.009981306907335
2024-06-12,2.0399999618530273,2.115000009536743,1.9900000095367432,2.069999933242798,1625000,1.9143999910354614,2.2789499986171724,6.560800846516468,-10.485093438168269
2024-06-13,1.899999976158142,2.049999952316284,1.899999976158142,2.0399999618530273,1524200,1.9095999884605408,2.2727499979734422,-0.5027237306457044,-16.40083696612793
2024-06-14,1.850000023841858,1.899999976158142,1.8350000381469727,1.8899999856948853,902200,1.9049999904632569,2.2655999982357025,-2.8871373699075,-18.343925437742136
2024-06-17,1.8700000047683716,1.8899999856948853,1.8200000524520874,1.8600000143051147,685300,1.900399992465973,2.25834999859333,-1.5996625877773285,-17.196182791279124
2024-06-18,1.8700000047683716,1.9199999570846558,1.850000023841858,1.850000023841858,2066300,1.895799994468689,2.251449998617172,-1.360902509525963,-16.942414625378532
2024-06-20,1.850000023841858,1.8849999904632568,1.8300000429153442,1.8600000143051147,1793100,1.8897999930381775,2.244049999117851,-2.10604134527137,-17.559768072498226
2024-06-21,1.9800000190734863,2.0199999809265137,1.8300000429153442,1.850000023841858,3406700,1.8885999941825866,2.2374499994516373,4.839565030839621,-11.506401503553054
2024-06-24,1.9800000190734863,2.0299999713897705,1.9700000286102295,1.9900000095367432,1944600,1.8867999958992003,2.2315499991178513,4.939581480647037,-11.272433068665489
2024-06-25,1.8600000143051147,2.0,1.850000023841858,1.9800000190734863,2160200,1.8837999963760377,2.2254499995708468,-1.2634028090406701,-16.421397260608195
2024-06-26,1.8600000143051147,1.8899999856948853,1.8300000429153442,1.8799999952316284,1051400,1.884799997806549,2.2210499995946886,-1.3157885998671182,-16.255824288307807
2024-06-27,1.840000033378601,1.8799999952316284,1.7899999618530273,1.8799999952316284,1326300,1.8869999980926513,2.216050000190735,-2.4907241527057256,-16.969380960707902
2024-06-28,1.8600000143051147,1.8600000143051147,1.7999999523162842,1.8600000143051147,7305500,1.8891999983787537,2.210799999833107,-1.545626937259026,-15.867558601161313
2024-07-01,1.7699999809265137,1.8799999952316284,1.7599999904632568,1.8600000143051147,1480800,1.8893999981880187,2.2059999996423723,-6.319467416958435,-19.764280090051734
2024-07-02,1.7799999713897705,1.8049999475479126,1.7300000190734863,1.7799999713897705,1116800,1.8899999976158142,2.200799999833107,-5.8201072150690925,-19.12032117753757
2024-07-03,1.809999942779541,1.8200000524520874,1.75,1.7799999713897705,823600,1.8913999962806702,2.1958499997854233,-4.303693225187577,-17.571785734161583
2024-07-05,1.840000033378601,1.840000033378601,1.7799999713897705,1.8200000524520874,995500,1.8927999973297118,2.191599999666214,-2.789516273541781,-16.043072017756998
2024-07-08,1.8200000524520874,1.8700000047683716,1.7899999618530273,1.8700000047683716,1233100,1.8927999973297118,2.1871999996900557,-3.846150939366433,-16.788585739301553
2024-07-09,1.7699999809265137,1.840000033378601,1.7699999809265137,1.8200000524520874,943300,1.892999997138977,2.18254999935627,-6.497623687182353,-18.90220240321805
2024-07-10,1.7699999809265137,1.7799999713897705,1.7300000190734863,1.75,908900,1.892999997138977,2.1779999989271164,-6.497623687182353,-18.732783204847735
2024-07-11,1.9600000381469727,1.9700000286102295,1.7899999618530273,1.7999999523162842,2177100,1.8973999977111817,2.174899999499321,3.2992537425584834,-9.880912290303922
2024-07-12,2.0199999809265137,2.059999942779541,1.9299999475479126,1.9700000286102295,2162400,1.9039999961853027,2.1722999995946886,6.092436185589234,-7.011003024287222
2024-07-15,2.119999885559082,2.1700000762939453,2.0299999713897705,2.0799999237060547,3143500,1.9111999940872193,2.1704999989271165,10.925067607672556,-2.3266580692465677
2024-07-16,2.2300000190734863,2.2300000190734863,2.109999895095825,2.130000114440918,2716500,1.9193999934196473,2.169149999022484,16.182141644195113,2.8052472202671153
2024-07-17,2.369999885559082,2.390000104904175,2.200000047683716,2.200000047683716,3342800,1.930599992275238,2.168049998879433,22.759758367449567,9.314816853118145
2024-07-18,2.1600000858306885,2.390000104904175,2.1600000858306885,2.359999895095825,2662600,1.935999994277954,2.1658499997854235,11.570252697044925,-0.27009783481379834
2024-07-19,2.140000104904175,2.240000009536743,2.109999895095825,2.190000057220459,1332000,1.9387999963760376,2.1637000006437304,10.377558742738602,-1.0953411162593962
2024-07-22,2.319999933242798,2.319999933242798,2.2100000381469727,2.2799999713897705,2096000,1.944199995994568,2.162650000452995,19.329283922562034,7.2757927892559415
2024-07-23,2.3499999046325684,2.4100000858306885,2.25,2.2899999618530273,1652400,1.949399995803833,2.161500000357628,20.549908161026153,8.72079131361334
2024-07-24,2.2899999618530273,2.4100000858306885,2.2699999809265137,2.3299999237060547,1409200,1.9563999938964844,2.1600000005960465,17.05172607837342,6.018516723199441
2024-07-25,2.390000104904175,2.4100000858306885,2.25,2.309999942779541,1375300,1.9647999954223634,2.158900001645088,21.640885101407402,10.70453022756903
2024-07-26,2.4700000286102295,2.5199999809265137,2.4049999713897705,2.450000047683716,2050000,1.9729999971389771,2.1583000022172927,25.190067521132598,14.441923090984442
2024-07-29,2.440000057220459,2.5,2.390000104904175,2.490000009536743,1498900,1.9801999998092652,2.1575000029802323,23.219879681622157,13.093861128621054
2024-07-30,2.5,2.5199999809265137,2.4200000762939453,2.440000057220459,1471500,1.9896000003814698,2.1577000027894973,25.653397643781183,15.864114416646146
2024-07-31,2.5399999618530273,2.630000114440918,2.4700000286102295,2.5199999809265137,2194500,2.001199998855591,2.158900002837181,26.923843858962403,17.652506300199768
2024-08-01,2.299999952316284,2.5299999713897705,2.25,2.5199999809265137,1752400,2.0083999967575075,2.1595000022649766,14.51901792618775,6.506133359756672
2024-08-02,2.0999999046325684,2.2090001106262207,2.0899999141693115,2.1700000762939453,1852500,2.0119999957084658,2.1585500019788744,4.373752937962405,-2.7124735258682753
2024-08-05,2.009999990463257,2.059999942779541,1.8600000143051147,1.899999976158142,1546500,2.013999996185303,2.1565000015497207,-0.19861001636655162,-6.793415765415478
2024-08-06,2.0399999618530273,2.115000009536743,2.009999990463257,2.069999933242798,1349600,2.017599995136261,2.1554000014066697,1.1102283292409254,-5.353996449769383
2024-08-07,2.009999990463257,2.134999990463257,2.009999990463257,2.130000114440918,1159300,2.019799995422363,2.1545000010728836,-0.4851968007385299,-6.706893039576222
2024-08-08,2.140000104904175,2.1600000858306885,2.0399999618530273,2.059999942779541,889400,2.0257999968528746,2.1545000010728836,5.637284442132118,-0.6730051595028264
2024-08-09,2.130000114440918,2.180000066757202,2.109999895095825,2.1500000953674316,1050700,2.031799998283386,2.1546000021696092,4.833158590436981,-1.1417380350840056
2024-08-12,2.069999933242798,2.1600000858306885,2.0399999618530273,2.119999885559082,1512700,2.034599997997284,2.154100001454353,1.7398965536399746,-3.9041858852780553
2024-08-13,2.130000114440918,2.1500000953674316,2.049999952316284,2.0899999141693115,1786800,2.04,2.1543000024557113,4.411770315731278,-1.1279714054260648
2024-08-14,2.0799999237060547,2.1500000953674316,2.065000057220459,2.1500000953674316,709000,2.043399999141693,2.1541500025987625,1.7911287354279715,-3.442196634554384
2024-08-15,2.1700000762939453,2.190000057220459,2.119999885559082,2.140000104904175,2495500,2.0512000012397764,2.154650003314018,5.79173532480326,0.7124160748296804
2024-08-16,2.5199999809265137,2.5799999237060547,2.2119998931884766,2.3399999141693115,9340700,2.064800000190735,2.156700003743172,22.04571777865798,16.84517904913978
2024-08-19,2.8399999141693115,2.8399999141693115,2.4600000381469727,2.5399999618530273,7345700,2.085199997425079,2.1601000028848647,36.19796267390662,31.475390508607216
2024-08-20,2.740000009536743,2.890000104904175,2.680000066757202,2.8299999237060547,5500400,2.099599997997284,2.1635000032186507,30.50104839732848,26.646637645501748
2024-08-21,2.759999990463257,2.799999952316284,2.6600000858306885,2.7799999713897705,3985100,2.113399999141693,2.1660000032186506,30.595248963005805,27.423822085038285
2024-08-22,2.559999942779541,2.7699999809265137,2.5399999618530273,2.759999990463257,2300900,2.124399998188019,2.1674000030755995,20.50461047651393,18.11386634432184
2024-08-23,2.740000009536743,2.759999990463257,2.549999952316284,2.5899999141693115,2190200,2.138399999141693,2.169800003170967,28.133184186144746,26.278919971079382
2024-08-26,2.75,2.799999952316284,2.700000047683716,2.7799999713897705,1770000,2.1553999996185302,2.172100003361702,27.586526885343975,26.605588865332976
2024-08-27,2.5799999237060547,2.740000009536743,2.569999933242798,2.690000057220459,1790600,2.169999997615814,2.1741000026464463,18.894005831369064,18.66979074401005
2024-08-28,2.509999990463257,2.640000104904175,2.494999885559082,2.619999885559082,1557500,2.182799997329712,2.1761500030755996,14.989920905892395,15.341313186858429
2024-08-29,2.75,2.805000066757202,2.549999952316284,2.559999942779541,2860000,2.2003999972343444,2.17905000269413,24.97727701583534,26.2017850255827
2024-08-30,2.690000057220459,2.809999942779541,2.609999895095825,2.759999990463257,1872900,2.2171999979019166,2.1813000029325487,21.32419537100585,23.32095785100683
2024-09-03,2.450000047683716,2.6649999618530273,2.450000047683716,2.6500000953674316,2088200,2.226599998474121,2.1814500027894974,10.033236744933527,12.310621125893961
2024-09-04,2.4800000190734863,2.559999942779541,2.390000104904175,2.450000047683716,2310400,2.236599998474121,2.1819500023126603,10.882590573433792,13.65980047411357
2024-09-05,2.4800000190734863,2.5260000228881836,2.430000066757202,2.4800000190734863,1920900,2.2489999985694884,2.18280000269413,10.271232576742072,13.615540407391236
2024-09-06,1.7799999713897705,2.319999933242798,1.7599999904632568,2.2300000190734863,11855100,2.247399997711182,2.179950003027916,-20.797367037350945,-18.346752498113318
2024-09-09,1.9199999570846558,2.009999990463257,1.7899999618530273,1.8700000047683716,5691200,2.2489999961853027,2.177400002479553,-14.628725640670904,-11.82144048414524
2024-09-10,1.899999976158142,1.9299999475479126,1.7899999618530273,1.9299999475479126,2556500,2.249799995422363,2.175100002884865,-15.548049603340486,-12.647695570863583
2024-09-11,1.940000057220459,2.015000104904175,1.840000033378601,1.8799999952316284,3465100,2.253199996948242,2.17280000269413,-13.900228126752367,-10.714283191504704
2024-09-12,2.049999952316284,2.0899999141693115,1.9249999523162842,1.9500000476837158,2130900,2.2585999965667725,2.1707000023126604,-9.235811766916434,-5.560420595558235
2024-09-13,2.1500000953674316,2.1600000858306885,2.049999952316284,2.0899999141693115,1911600,2.26539999961853,2.1693000024557114,-5.094018904852593,-0.8896836337266234
2024-09-16,2.119999885559082,2.178999900817871,2.0799999237060547,2.1500000953674316,2082800,2.2709999966621397,2.167600001692772,-6.649058182518452,-2.1959824735429456
2024-09-17,2.119999885559082,2.190000057220459,2.0899999141693115,2.1500000953674316,1721400,2.2769999933242797,2.165850000977516,-6.895042082805947,-2.1169571021880773
2024-09-18,2.049999952316284,2.190000057220459,2.049999952316284,2.119999885559082,2617000,2.282599992752075,2.1639500004053116,-10.190135861489713,-5.265835535372087
2024-09-19,2.119999885559082,2.180000066757202,2.109999895095825,2.140000104904175,1786400,2.2895999908447267,2.1618999999761583,-7.407412035456562,-1.9381152882898545
2024-09-20,2.059999942779541,2.109999895095825,2.0299999713897705,2.0999999046325684,7762700,2.291599988937378,2.1593500000238417,-10.106477887758702,-4.600924224567748
2024-09-23,2.049999952316284,2.109999895095825,2.0199999809265137,2.059999942779541,1741000,2.2921999883651734,2.1568000000715255,-10.566269840251996,-4.951782629437107
2024-09-24,2.0999999046325684,2.1050000190734863,2.049999952316284,2.0799999237060547,1351300,2.291799988746643,2.154350000023842,-8.368971335014608,-2.522807129327731
2024-09-25,2.180000066757202,2.2200000286102295,2.069999933242798,2.0799999237060547,2572500,2.2907999897003175,2.1524000006914137,-4.836734915369467,1.2822926062498796
2024-09-26,2.2100000381469727,2.255000114440918,2.180000066757202,2.25,1873300,2.2875999927520754,2.1513000005483627,-3.3921994601751493,2.7285844644469703
2024-09-27,2.240000009536743,2.3399999141693115,2.2200000286102295,2.2699999809265137,2412100,2.289199991226196,2.1506000000238417,-2.1492216441561074,4.156979889887036
2024-09-30,2.2300000190734863,2.2799999713897705,2.200000047683716,2.25,1917900,2.2909999895095825,2.1504000002145767,-2.6625914760110447,3.7016377813879675
2024-10-01,2.200000047683716,2.2699999809265137,2.194999933242798,2.2300000190734863,1953100,2.288599991798401,2.149150000214577,-3.8713599769377938,2.3660539033600214
2024-10-02,2.240000009536743,2.2699999809265137,2.1600000858306885,2.1700000762939453,1838100,2.2863999938964845,2.147750000357628,-2.029390504006534,4.295193070131731
2024-10-03,2.2100000381469727,2.265000104904175,2.180000066757202,2.200000047683716,1122000,2.2847999954223632,2.146550000309944,-3.2738076604190147,2.95590775094301
2024-10-04,2.240000009536743,2.2899999618530273,2.2200000286102295,2.2200000286102295,2368700,2.2817999935150146,2.1456000000238418,-1.8318864097234155,4.399702158456953
2024-10-07,2.259999990463257,2.259999990463257,2.190000057220459,2.25,1472600,2.277599992752075,2.1444999998807908,-0.7727433414482898,5.385870393513015
2024-10-08,2.140000104904175,2.259999990463257,2.140000104904175,2.259999990463257,1839400,2.2715999937057494,2.1434500008821487,-5.793268584531496,-0.16095061590212234
2024-10-09,2.140000104904175,2.1549999713897705,2.0799999237060547,2.119999885559082,1653300,2.264399995803833,2.142300001978874,-5.493724215252794,-0.10735644272860112
2024-10-10,2.0999999046325684,2.119999885559082,2.059999942779541,2.0899999141693115,1567000,2.255599994659424,2.1410500019788743,-6.898390246287878,-1.917288120705507
2024-10-11,2.259999990463257,2.2799999713897705,2.0950000286102295,2.0999999046325684,1474000,2.2547999954223634,2.140100001692772,0.2306189041799911,5.602541408141981
2024-10-14,2.2699999809265137,2.359999895095825,2.255000114440918,2.299999952316284,1410500,2.258199996948242,2.1395000010728835,0.5225393673819134,6.0995550263234
2024-10-15,2.25,2.3350000381469727,2.2249999046325684,2.2699999809265137,1757800,2.262999997138977,2.137950001358986,-0.5744585574640859,5.241001827441694
2024-10-16,2.3499999046325684,2.359999895095825,2.2300000190734863,2.2699999809265137,2468800,2.2691999959945677,2.1373500007390978,3.560722227244084,9.949231703742289
2024-10-17,2.299999952316284,2.380000114440918,2.2799999713897705,2.369999885559082,1302900,2.2749999952316284,2.1369499999284742,1.0988992148156296,7.6300312311129215
2024-10-18,2.319999933242798,2.3499999046325684,2.2699999809265137,2.319999933242798,1312900,2.278599991798401,2.1368500000238417,1.8169025539108263,8.571024321637587
2024-10-21,2.2799999713897705,2.3399999141693115,2.2200000286102295,2.319999933242798,1802900,2.281599988937378,2.1366500002145767,-0.07012699664119548,6.709099345274039
2024-10-22,2.309999942779541,2.3299999237060547,2.2699999809265137,2.2899999618530273,1417400,2.2863999891281126,2.136899999976158,1.0321883206633409,8.10051676752841
2024-10-23,2.2799999713897705,2.319000005722046,2.250999927520752,2.2899999618530273,882800,2.2893999862670897,2.1366500002145767,-0.41058857926552506,6.709099345274039
2024-10-24,2.309999942779541,2.3949999809265137,2.2799999713897705,2.299999952316284,1820600,2.2939999866485596,2.1369499999284742,0.6974697569356314,8.097987452062938
2024-10-25,2.299999952316284,2.380000114440918,2.2850000858306885,2.3399999141693115,1139700,2.2965999841690063,2.137249999642372,0.14804355006159398,7.614923509235938
2024-10-28,2.359999895095825,2.380000114440918,2.299999952316284,2.299999952316284,1715900,2.2933999824523927,2.138149998784065,2.9039815624405607,10.375787313234476
2024-10-29,2.380000114440918,2.4000000953674316,2.319999933242798,2.3499999046325684,1192500,2.284199986457825,2.139049999117851,4.194034171747507,11.264351717932497
2024-10-30,2.3499999046325684,2.4600000381469727,2.3499999046325684,2.369999885559082,1361300,2.2763999843597413,2.1402999991178513,3.233171708772775,9.797687501805697
2024-10-31,2.2100000381469727,2.380000114440918,2.194999933242798,2.3299999237060547,1588800,2.2653999853134157,2.1409999996423723,-2.4454819248521553,3.22279488632069
2024-11-01,2.2699999809265137,2.299999952316284,2.2300000190734863,2.259999990463257,1417000,2.259599986076355,2.141999999880791,0.46025822775019876,5.975722738228129
2024-11-04,2.2100000381469727,2.319999933242798,2.184999942779541,2.2699999809265137,1640600,2.2489999866485597,2.1425000005960464,-1.7341017667014014,3.1505268393067665
2024-11-05,2.319999933242798,2.319999933242798,2.2009999752044678,2.2200000286102295,1417500,2.2403999853134153,2.1427000004053114,3.552934674664665,8.274603668453295
2024-11-06,2.4700000286102295,2.5,2.3299999237060547,2.4100000858306885,2791300,2.238199987411499,2.143650000691414,10.356538401504034,15.224035071656017
2024-11-07,2.5299999713897705,2.569999933242798,2.4000000953674316,2.4700000286102295,1977200,2.2385999870300295,2.1448500007390976,13.017063613332013,17.956965313096653
2024-11-08,2.509999990463257,2.559999942779541,2.4700000286102295,2.5199999809265137,1505200,2.2337999868392946,2.1459000009298324,12.364580770491006,16.96723935764284
2024-11-11,2.609999895095825,2.630000114440918,2.4600000381469727,2.5899999141693115,2732600,2.232199983596802,2.1475000005960463,16.925002879458173,21.536665628470807
2024-11-12,2.630000114440918,2.6600000858306885,2.5399999618530273,2.5799999237060547,1788900,2.235799984931946,2.1484000009298323,17.631278833780417,22.416687455904306
2024-11-13,3.0,3.190000057220459,2.690000057220459,2.700000047683716,7939200,2.246199984550476,2.151550001502037,33.558900393295986,39.43436117708834
2024-11-14,3.0,3.299999952316284,2.9649999141693115,3.2300000190734863,5407200,2.2565999841690063,2.155250001549721,32.943367058683684,39.1949888803093
2024-11-15,2.930000066757202,3.0399999618530273,2.7200000286102295,3.0299999713897705,4217800,2.279599986076355,2.158350002169609,28.531324997957874,35.75185043259517
2024-11-18,3.049999952316284,3.0899999141693115,2.930000066757202,2.9800000190734863,2922200,2.3021999859809874,2.1623500019311903,32.48197249973715,41.05024392870422
2024-11-19,3.180000066757202,3.190000057220459,2.940000057220459,2.9700000286102295,3006400,2.327799987792969,2.1675000017881394,36.60967795485814,46.71280572704835
2024-11-20,3.140000104904175,3.240000009536743,3.065000057220459,3.200000047683716,2643700,2.351799988746643,2.172250002026558,33.51475975546676,44.55058588904468
2024-11-21,3.319999933242798,3.4100000858306885,3.1700000762939453,3.2200000286102295,5005500,2.3771999883651733,2.178000001311302,39.66010219973115,52.43342200385377
2024-11-22,3.509999990463257,3.5399999618530273,3.299999952316284,3.380000114440918,5033900,2.40439998626709,2.1845000010728834,45.98236610010331,60.677500056734935
2024-11-25,3.7799999713897705,3.8399999141693115,3.51200008392334,3.740000009536743,6509900,2.437599987983704,2.1918000012636183,55.07056079847015,72.46098956157138
2024-11-26,3.680000066757202,3.890000104904175,3.6500000953674316,3.7300000190734863,4596100,2.468799991607666,2.198200001120567,49.06027540776241,67.40970179607243
2024-11-27,3.819999933242798,3.8499999046325684,3.640000104904175,3.7100000381469727,3135400,2.504199991226196,2.2064500004053116,52.543724408061856,73.12877846953644
2024-11-29,3.930000066757202,4.005000114440918,3.809999942779541,3.9000000953674316,2927600,2.5403999948501585,2.214800000786781,54.70005017808257,77.44266143042789
2024-12-02,4.510000228881836,4.590000152587891,4.070000171661377,4.199999809265137,13657200,2.5894000005722044,2.2259000021219255,74.17163157044946,102.61468280616843
2024-12-03,4.400000095367432,4.989999771118164,4.269999980926514,4.610000133514404,15706700,2.6364000034332276,2.2366000026464463,66.89425313448535,96.72717920777754
2024-12-04,4.170000076293945,4.53000020980835,4.110000133514404,4.519999980926514,8300000,2.677800006866455,2.246350002884865,55.724851206257696,85.6344768597343
2024-12-05,4.090000152587891,4.150000095367432,3.755000114440918,4.130000114440918,8458400,2.7160000085830687,2.256000003218651,50.58910676225052,81.29433274612849
2024-12-06,4.159999847412109,4.300000190734863,4.045000076293945,4.190000057220459,4684000,2.7550000047683714,2.266000002026558,50.99817931803832,83.58339998639389
2024-12-09,4.039999961853027,4.5,3.950000047683716,4.440000057220459,10458000,2.7910000038146974,2.2754000014066698,44.75098374529614,77.55119800278933
2024-12-10,3.869999885559082,3.9590001106262207,3.4700000286102295,3.6429998874664307,8127300,2.8238000011444093,2.28370000064373,37.04936199414534,69.46183318597915
2024-12-11,3.950000047683716,3.9779999256134033,3.5350000858306885,3.9100000858306885,5627400,2.858800001144409,2.2923000007867813,38.169863092993126,72.31601650429549
2024-12-12,3.890000104904175,4.099999904632568,3.75,3.809999942779541,4017800,2.891800003051758,2.3011000007390976,34.51829659032444,69.04958948566917
2024-12-13,4.010000228881836,4.065000057220459,3.880000114440918,3.930000066757202,3234000,2.927800006866455,2.3102000015974045,36.96291479873417,73.57805497831755
2024-12-16,4.329999923706055,4.400000095367432,3.9200000762939453,4.019999980926514,5921000,2.9696000051498412,2.3206000012159347,45.81088079866063,86.58967169857993
2024-12-17,4.199999809265137,4.289999961853027,4.099999904632568,4.230000019073486,4173000,3.008400001525879,2.330849999785423,39.609088124414015,80.19176736605903
2024-12-18,3.869999885559082,4.349999904632568,3.819999933242798,4.230000019073486,6601600,3.042999997138977,2.3393499988317488,27.1771241931531,65.43056351087809
2024-12-19,3.880000114440918,3.990000009536743,3.759999990463257,3.9600000381469727,4620000,3.077799997329712,2.347899999022484,26.064075567197097,65.25406175971307
2024-12-20,4.039999961853027,4.199999809265137,3.6700000762939453,3.7100000381469727,15403500,3.116599998474121,2.356999998688698,29.628440089552722,71.40432601190732
2024-12-23,4.019999980926514,4.079999923706055,3.880000114440918,4.050000190734863,3003000,3.151799998283386,2.365899998545647,27.546163561012406,69.9141968552207
2024-12-24,4.139999866485596,4.139999866485596,3.950000047683716,4.070000171661377,2370700,3.189199995994568,2.375599997639656,29.813115254144364,74.27175747596434
2024-12-26,4.519999980926514,4.675000190734863,4.135000228881836,4.139999866485596,7924000,3.234599995613098,2.3874499970674514,39.73907089150836,89.32333604802247
2024-12-27,4.380000114440918,4.599999904632568,4.269999980926514,4.550000190734863,4530100,3.2751999998092653,2.3984999972581864,33.73229465974572,82.61413881375266
2024-12-30,4.210000038146973,4.289999961853027,4.019999980926514,4.25,5134900,3.313400001525879,2.408749997019768,27.059818802685864,74.77945172208847
2024-12-31,4.039999961853027,4.28000020980835,4.039999961853027,4.28000020980835,2902200,3.3478000020980834,2.417899996638298,20.676263794764882,67.08714038918066
2025-01-02,3.9700000286102295,4.15500020980835,3.9100000858306885,4.090000152587891,3689400,3.3816000032424927,2.426699996590614,17.400048048365903,63.596655300938345
2025-01-03,4.21999979019165,4.239999771118164,3.990000009536743,4.0,2724000,3.419800000190735,2.4359999960660934,23.399023041004895,73.23480283278103
2025-01-06,4.360000133514404,4.590000152587891,4.261000156402588,4.369999885559082,4595300,3.4614000034332277,2.4456999963521957,25.96059771161641,78.27207507124425
2025-01-07,4.110000133514404,4.431000232696533,4.079999923706055,4.420000076293945,3586000,3.4974000072479248,2.4538999968767166,17.51587250520221,67.48849336751883
2025-01-08,3.880000114440918,4.070000171661377,3.819999933242798,4.019999980926514,3245700,3.5290000104904173,2.4613499969244,9.94616330141984,57.637073934597005
2025-01-10,3.7100000381469727,3.799999952316284,3.6600000858306885,3.799999952316284,2819400,3.5560000133514404,2.4674499970674515,4.330709342444328,50.357658414812214
2025-01-13,3.569999933242798,3.7200000286102295,3.5399999618530273,3.5999999046325684,2630400,3.579800009727478,2.4727499967813493,-0.2737604463391885,44.37367052430217
2025-01-14,3.7300000190734863,3.8380000591278076,3.6500000953674316,3.680000066757202,2376800,3.6074000120162966,2.4786499971151352,3.3985697912293444,50.485144066922686
2025-01-15,3.8299999237060547,4.03000020980835,3.819999933242798,3.9700000286102295,2793900,3.639800009727478,2.485049996972084,5.225559466736129,54.12164456943436
2025-01-16,3.809999942779541,3.924999952316284,3.759999990463257,3.859999895095825,2495200,3.6706000089645388,2.492849996685982,3.7977424256130377,52.8371120542588
2025-01-17,3.819999933242798,4.019999980926514,3.809999942779541,3.859999895095825,2235900,3.7028000068664553,2.501149995923042,3.1651703078483084,52.72974189750814
2025-01-21,4.670000076293945,4.75,4.139999866485596,4.170000076293945,9623700,3.749800009727478,2.513799995779991,24.539977176898663,85.77452797094627
2025-01-22,4.440000057220459,4.670000076293945,4.409999847412109,4.650000095367432,4843000,3.7892000102996826,2.5255999964475633,17.175130506486667,75.79981245904483
2025-01-23,4.739999771118164,4.75,4.190000057220459,4.400000095367432,6766200,3.8334000062942506,2.538799995779991,23.650017304098768,86.70237037171187
2025-01-24,5.440000057220459,5.550000190734863,4.809999942779541,4.849999904632568,14452900,3.8920000076293944,2.5554999965429306,39.77389636579027,112.87419544432274
2025-01-27,5.150000095367432,5.28000020980835,4.914999961853027,5.159999847412109,9033300,3.9428000116348265,2.5704999965429307,30.61783707442105,100.3501304140702
2025-01-28,5.460000038146973,5.510000228881836,5.010000228881836,5.190000057220459,7539700,3.999400010108948,2.5875999969244003,36.52047868045678,111.00633964432998
2025-01-29,5.550000190734863,6.25,5.179999828338623,6.25,24549200,4.050400013923645,2.6049999982118606,37.023508089477495,113.05183088462675
2025-01-30,5.820000171661377,6.25,5.5,5.730000019073486,12573600,4.106800017356872,2.6240499991178514,41.71618162715205,121.7945608360334
2025-01-31,6.099999904632568,6.359000205993652,5.78000020980835,5.860000133514404,11064700,4.17020001411438,2.645499998927116,46.275955205664566,130.58022706885
2025-02-03,6.119999885559082,6.210000038146973,5.710000038146973,5.75,7410400,4.231600012779236,2.6674499982595443,44.626142997376085,129.43260003195016
2025-02-04,6.449999809265137,6.550000190734863,6.070000171661377,6.099999904632568,9515200,4.297000007629395,2.69094999730587,50.104719520899586,139.69229512710228
2025-02-05,6.369999885559082,6.550000190734863,6.21999979019165,6.46999979019165,6442100,4.361600003242493,2.7139999967813493,46.047319351235984,134.70891278973994
2025-02-06,6.179999828338623,6.539999961853027,6.159999847412109,6.369999885559082,5336100,4.418800001144409,2.7361499959230424,39.856970823257164,125.86480410602618
2025-02-07,6.0,6.269999980926514,5.940000057220459,6.159999847412109,6072200,4.468600001335144,2.7574499958753584,34.27024119874902,117.59234107508401
2025-02-10,6.489999771118164,6.710000038146973,5.910999774932861,6.010000228881836,9620500,4.522799997329712,2.7810499948263168,43.49517500110327,133.3650881210958
2025-02-11,6.190000057220459,6.420000076293945,6.070000171661377,6.300000190734863,4888800,4.572999997138977,2.8028999948501587,35.35972143216994,120.84270108079158
2025-02-12,6.110000133514404,6.364999771118164,6.070000171661377,6.099999904632568,4858100,4.618800001144409,2.8246499955654145,32.28544496407113,116.30999037427134
2025-02-13,6.239999771118164,6.260000228881836,6.050000190734863,6.170000076293945,3448500,4.664999995231629,2.8469999945163726,33.762053108176545,119.17807457453718
2025-02-14,6.059999942779541,6.599999904632568,5.849999904632568,6.28000020980835,5424500,4.695999989509582,2.8685999941825866,29.045995662627867,111.25287440106652
2025-02-18,6.190000057220459,6.375,6.090000152587891,6.110000133514404,6880600,4.731799988746643,2.8910999941825866,30.817026753915332,114.10536023229403
2025-02-19,5.630000114440918,6.179999828338623,5.630000114440918,6.110000133514404,5902900,4.760999989509583,2.910449994802475,18.25247063318831,93.4408811178703
2025-02-20,5.449999809265137,5.710000038146973,5.248000144958496,5.559999942779541,7131300,4.788199982643127,2.9285999935865403,13.82147422874953,86.09573930206625
2025-02-21,4.96999979019165,5.559999942779541,4.960000038146973,5.510000228881836,6165900,4.804399981498718,2.944399992823601,3.4468364276630137,68.79499396498616
2025-02-24,4.670000076293945,5.110000133514404,4.650000095367432,5.090000152587891,4888800,4.816999983787537,2.958299993276596,-3.0516900142899206,57.860936582076675
2025-02-25,4.389999866485596,4.659999847412109,4.289999961853027,4.59499979019165,5099300,4.827399983406067,2.9702499926090242,-9.06078051174568,47.799002690325196
2025-02-26,4.670000076293945,4.809999942779541,4.505000114440918,4.510000228881836,4043700,4.841799983978271,2.9833499932289125,-3.5482652784670887,56.535441262107945
2025-02-27,4.489999771118164,4.860000133514404,4.480000019073486,4.730000019073486,3495300,4.853799977302551,2.9953499925136566,-7.495162715513581,49.89900286577922
2025-02-28,4.619999885559082,4.639999866485596,4.269999980926514,4.349999904632568,3888400,4.865999970436096,3.0087499916553497,-5.055488828023302,53.55213621512158
2025-03-03,4.25,4.739999771118164,4.190000057220459,4.699999809265137,3593600,4.8643999719619755,3.0201499915122985,-12.630539748033243,40.72148773882158
2025-03-04,4.099999904632568,4.260000228881836,3.8299999237060547,4.059999942779541,5365600,4.862399973869324,3.0303499913215637,-15.67950134365571,35.29790012290035
2025-03-05,4.380000114440918,4.389999866485596,4.019999980926514,4.190000057220459,3336800,4.87259997844696,3.041849992275238,-10.109589668451457,43.99132519893831
2025-03-06,3.9700000286102295,4.355000019073486,3.940000057220459,4.190000057220459,4471100,4.874399976730347,3.0515499925613403,-18.55407747492177,30.097820395791118
2025-03-07,3.9800000190734863,4.010000228881836,3.680000066757202,3.950000047683716,4705300,4.873199977874756,3.061649992465973,-18.32881808373482,29.995264934508015
2025-03-10,3.640000104904175,3.799999952316284,3.5,3.7899999618530273,4878600,4.865599980354309,3.0701499927043914,-25.18908008053895,18.56098606106933
2025-03-11,3.8299999237060547,3.890000104904175,3.5899999141693115,3.630000114440918,4353200,4.8593999814987185,3.0796999925374986,-21.183686498578368,24.36276043077661
2025-03-12,4.0,4.130000114440918,3.880000114440918,4.039999961853027,4353200,4.848999981880188,3.0901499927043914,-17.508764385496868,29.443554825613493
2025-03-13,3.9700000286102295,4.045000076293945,3.8399999141693115,3.940000057220459,2988900,4.840799980163574,3.100699992775917,-17.988761260983143,28.03560608442055
2025-03-14,4.159999847412109,4.260000228881836,4.0,4.090000152587891,3673200,4.839799976348877,3.111999992132187,-14.04603769285534,33.676087979739535
2025-03-17,4.170000076293945,4.239999771118164,4.074999809265137,4.150000095367432,3287600,4.842399978637696,3.1236499923467638,-13.88567456860339,33.49767376341259
2025-03-18,4.119999885559082,4.210000038146973,3.990000009536743,4.099999904632568,3605500,4.845399975776672,3.1350999915599824,-14.9709021720403,31.415262564210188
2025-03-19,4.320000171661377,4.400000095367432,4.119999885559082,4.139999866485596,2734600,4.847399983406067,3.1470499926805497,-10.8800555669043,37.271418684447035
2025-03-20,4.239999771118164,4.329999923706055,4.210000038146973,4.210000038146973,3539200,4.844999976158142,3.158949991464615,-12.487104396638514,34.22180732757758
2025-03-21,3.7899999618530273,3.8350000381469727,3.1500000953674316,3.609999895095825,17295900,4.838599972724914,3.168349991440773,-21.671558235498345,19.620621840757103
2025-03-24,4.0,4.230000019073486,3.9000000953674316,3.9100000858306885,5325800,4.840999970436096,3.1794499915838244,-17.3724432053722,25.807923086955785
2025-03-25,3.990000009536743,4.005000114440918,3.8499999046325684,3.990000009536743,4788600,4.846599969863892,3.190199991464615,-17.674245154406766,25.0705291270765
2025-03-26,3.8299999237060547,4.03000020980835,3.7699999809265137,3.990000009536743,3439100,4.851799969673157,3.200249990820885,-21.060226150171147,19.67814810378721
2025-03-27,3.7200000286102295,3.799999952316284,3.6640000343322754,3.799999952316284,4519300,4.851599969863892,3.208749991059303,-23.32426309429234,15.932996929503606
2025-03-28,3.4600000381469727,3.765000104904175,3.430000066757202,3.75,3116700,4.84419997215271,3.2156999915838242,-28.57437640813606,7.597103187565191
2025-03-31,3.380000114440918,3.4200000762939453,3.2200000286102295,3.25,3709100,4.835599975585938,3.2225499922037124,-30.101742668832777,4.88588610318299
2025-04-01,3.430000066757202,3.4600000381469727,3.2709999084472656,3.359999895095825,2544000,4.827799978256226,3.2294999927282335,-28.953144657908993,6.208393698108949
2025-04-02,3.5799999237060547,3.634999990463257,3.309999942779541,3.309999942779541,3651700,4.805999975204468,3.237899992465973,-25.509780645520163,10.565487879060132
2025-04-03,3.3499999046325684,3.4149999618530273,3.200000047683716,3.25,3664300,4.7841999721527095,3.2453999918699266,-29.97784532143637,3.2230206761778346
2025-04-04,3.1700000762939453,3.25,2.9200000762939453,3.130000114440918,5635300,4.752799978256226,3.251899992227554,-33.30247242054148,-2.5185250508736434
2025-04-07,3.259999990463257,3.5,2.7899999618530273,2.805000066757202,7632100,4.709199976921082,3.2588499921560286,-30.773804331098408,0.03528847016573966
2025-04-08,3.0399999618530273,3.509999990463257,2.9200000762939453,3.509999990463257,7110300,4.6669999742507935,3.2647999918460844,-34.861796044019755,-6.885568198802394
2025-04-09,3.609999895095825,3.7200000286102295,2.990000009536743,3.0,5670900,4.62999997138977,3.2729499912261963,-22.030239364942705,10.298046251032233
2025-04-10,3.359999895095825,3.4749999046325684,3.25,3.359999895095825,4336600,4.58619996547699,3.279849990606308,-26.736733670827473,2.443706410935609
2025-04-11,3.1700000762939453,3.240000009536743,3.069999933242798,3.240000009536743,4178400,4.533199963569641,3.286399990916252,-30.071470445399285,-3.541866934762683
2025-04-14,3.140000104904175,3.322999954223633,3.059999942779541,3.2200000286102295,3722800,4.4739999675750735,3.2927999913692476,-29.816715966449415,-4.640424163799084
2025-04-15,3.2799999713897705,3.325000047683716,3.109999895095825,3.130000114440918,4183200,4.417199969291687,3.299999991059303,-25.744815851845402,-0.6060612037490531
2025-04-16,3.190000057220459,3.2699999809265137,3.140000104904175,3.190000057220459,2565500,4.351999974250793,3.30664999127388,-26.700365898563106,-3.527737570086209
2025-04-17,3.2300000190734863,3.265000104904175,3.140000104904175,3.190000057220459,2322800,4.289199976921082,3.313949991464615,-24.6945808903021,-2.533229910147994
2025-04-21,2.9600000381469727,3.190000057220459,2.9200000762939453,3.1500000953674316,3153900,4.224799981117249,3.319849991798401,-29.937510618805664,-10.839343781810252
2025-04-22,3.0399999618530273,3.1070001125335693,2.9800000190734863,3.0299999713897705,2756700,4.165599980354309,3.3259999918937684,-27.02131802885074,-8.598918542928125
2025-04-23,3.109999895095825,3.3399999141693115,3.0999999046325684,3.2300000190734863,3818700,4.097999982833862,3.3323499912023546,-24.109323862290786,-6.672471279834047
2025-04-24,3.3499999046325684,3.365000009536743,3.119999885559082,3.140000104904175,3799000,4.041199979782104,3.339999990463257,-17.103832490536742,0.29939862867858213
2025-04-25,3.390000104904175,3.440000057220459,3.305000066757202,3.3399999141693115,2127300,3.9867999792099,3.3480999910831453,-14.96939594205572,1.2514594526035872
2025-04-28,3.4100000858306885,3.5199999809265137,3.309999942779541,3.4100000858306885,3381900,3.9301999855041503,3.356299991607666,-13.235965131345163,1.599978975577221
2025-04-29,3.430000066757202,3.4800000190734863,3.359999895095825,3.450000047683716,2233800,3.8775999879837038,3.363649991750717,-11.543220616194795,1.9725618054555971
2025-04-30,3.2899999618530273,3.309999942779541,3.1700000762939453,3.2799999713897705,2414500,3.819599986076355,3.36999999165535,-13.865326896897223,-2.3738881305761184
2025-05-01,3.3499999046325684,3.4200000762939453,3.2899999618530273,3.380000114440918,2715600,3.773999981880188,3.376149991750717,-11.234766276718023,-0.7745534760613015
2025-05-02,3.509999990463257,3.5899999141693115,3.424999952316284,3.440000057220459,3613300,3.7351999855041504,3.3825499916076662,-6.029128183627841,3.767867412804038
2025-05-05,3.4700000286102295,3.509999990463257,3.4000000953674316,3.430000066757202,2152800,3.705199990272522,3.3880499923229217,-6.347834456433576,2.418796548840807
2025-05-06,3.5,3.509999990463257,3.380000114440918,3.4100000858306885,2050100,3.681799988746643,3.3947499918937685,-4.937801871430048,3.1003758261302083
2025-05-07,3.4600000381469727,3.5199999809265137,3.4000000953674316,3.5,2316900,3.663199992179871,3.4013499915599823,-5.547061434447631,1.7243167193180087
2025-05-08,3.609999895095825,3.634999990463257,3.493000030517578,3.549999952316284,3284200,3.641999988555908,3.4077999913692474,-0.8786406798636848,5.933443988458209
2025-05-09,3.559999942779541,3.6600000858306885,3.484999895095825,3.640000104904175,3245300,3.6233999919891358,3.4138499915599825,-1.7497391772855364,4.281088846343084
2025-05-12,3.740000009536743,3.880000114440918,3.690000057220459,3.7799999713897705,3678500,3.605799994468689,3.421099991798401,3.7217819977235944,9.321563780738916
2025-05-13,3.7799999713897705,3.8399999141693115,3.75,3.7699999809265137,3338500,3.5963999938964846,3.4280499911308286,5.1051044879567575,10.266769188591752
2025-05-14,3.890000104904175,3.9489998817443848,3.744999885559082,3.759999990463257,4136100,3.5921999979019166,3.4351499915122985,8.290187271760852,13.241055398330136
2025-05-15,3.890000104904175,3.9100000858306885,3.7200000286102295,3.825000047683716,3093200,3.582399997711182,3.442399991750717,8.586425507746775,13.002559674241109
2025-05-16,3.930000066757202,3.9600000381469727,3.869999885559082,3.880000114440918,3203800,3.581599998474121,3.449549992084503,9.72749800177326,13.92790583627319
2025-05-19,3.8299999237060547,3.8550000190734863,3.7699999809265137,3.809999942779541,2302600,3.5785999965667723,3.4559999918937683,7.025091582754972,10.821757311618141
2025-05-20,3.859999895095825,3.9100000858306885,3.740000009536743,3.819999933242798,2052600,3.5829999923706053,3.463799991607666,7.730949018002908,11.438301993420508
2025-05-21,3.7100000381469727,3.880000114440918,3.680000066757202,3.7799999713897705,2734900,3.580599994659424,3.471849992275238,3.613920674762694,6.859456670121444
2025-05-22,3.690000057220459,3.765000104904175,3.4700000286102295,3.5999999046325684,4410200,3.574399995803833,3.480249992609024,3.234110943160662,6.026867755387677
2025-05-23,3.680000066757202,3.740000009536743,3.5299999713897705,3.5299999713897705,4004400,3.5685999965667725,3.488449993133545,3.121674334405755,5.490979489477943
2025-05-27,3.9700000286102295,3.9800000190734863,3.75,3.7699999809265137,4820900,3.564800000190735,3.4982499933242797,11.366697385486258,13.485315120022623
2025-05-28,3.990000009536743,4.034999847412109,3.8949999809265137,4.0,5301300,3.561199998855591,3.5074999928474426,12.040885398712486,13.756237139649997
2025-05-29,3.940000057220459,4.11899995803833,3.9000000953674316,4.110000133514404,4625300,3.5576000022888183,3.51654999256134,10.748820965977623,12.041633577081367
2025-05-30,3.8399999141693115,3.950000047683716,3.7799999713897705,3.9000000953674316,4274600,3.547999997138977,3.5253999924659727,8.22998639418817,8.923807862247157
2025-06-02,3.7899999618530273,3.859999895095825,3.6600000858306885,3.8399999141693115,3110200,3.539000000953674,3.5336999917030334,7.09239787600211,7.253020085230055
2025-06-03,3.8399999141693115,3.880000114440918,3.759999990463257,3.8499999046325684,3972800,3.54,3.5424999916553497,8.474573846590715,8.398021826810087
2025-06-04,3.990000009536743,4.03000020980835,3.7799999713897705,4.019999980926514,8556800,3.539800000190735,3.551599991321564,12.718232931853501,12.34373294533231
2025-06-05,5.960000038146973,6.449999809265137,5.010000228881836,5.21999979019165,68278500,3.5792000007629396,3.568799991607666,66.51765860741348,67.00291560643396
2025-06-06,5.840000152587891,6.199999809265137,5.760000228881836,5.900000095367432,20528000,3.619400005340576,3.583799992799759,61.352714371739125,62.95552665665165
2025-06-09,5.829999923706055,6.150000095367432,5.639999866485596,5.900000095367432,13702400,3.6616000032424925,3.5992499923706056,59.22001088440459,61.978188124303934
2025-06-10,5.590000152587891,5.840000152587891,5.440000057220459,5.829999923706055,8996700,3.704200005531311,3.6133999931812286,50.90978198371041,54.7019472833526
2025-06-11,5.429999828338623,5.730000019073486,5.420000076293945,5.659999847412109,6863300,3.745199999809265,3.627749992609024,44.985576968257,49.6795490152685
2025-06-12,5.460000038146973,6.28000020980835,5.260000228881836,6.25,27345300,3.7857999992370606,3.641349992752075,44.22315070123377,49.944390102979106
2025-06-13,5.369999885559082,5.590000152587891,5.25,5.28000020980835,8412400,3.821599998474121,3.6544499921798708,40.51705797841747,46.94413378347777
2025-06-16,5.340000152587891,5.489999771118164,5.170000076293945,5.40500020980835,8207200,3.8614000034332276,3.6682499933242796,38.29181508882835,45.57350677587326
2025-06-17,5.099999904632568,5.28000020980835,5.019999980926514,5.255000114440918,7282300,3.9,3.6811999928951264,30.769228323912003,38.541777531125355
2025-06-18,5.110000133514404,5.21999979019165,5.03000020980835,5.099999904632568,5442300,3.937000002861023,3.6929999935626983,29.79426288547018,38.369892835680794
2025-06-20,5.03000020980835,5.210000038146973,4.960000038146973,5.150000095367432,10920800,3.9768000078201293,3.704699994325638,26.483609935555407,35.773482805966175
2025-06-23,5.300000190734863,5.364999771118164,4.900000095367432,4.96999979019165,8754300,4.01060001373291,3.7189499950408935,32.149807325259296,42.51334913893039
2025-06-24,5.570000171661377,5.639999866485596,5.409999847412109,5.5,6585800,4.0548000192642215,3.734399995803833,37.368061191636805,49.15381796058591
2025-06-25,5.420000076293945,5.739999771118164,5.420000076293945,5.730000019073486,5399600,4.099800019264221,3.749099996089935,32.20157204805947,44.5680318462204
2025-06-26,6.059999942779541,6.099999904632568,5.519999980926514,5.539999961853027,14505100,4.158200016021729,3.770499995946884,45.73613389038751,60.72138839129466
2025-06-27,6.070000171661377,6.59499979019165,5.909999847412109,6.110000133514404,26495100,4.214000020027161,3.7912499970197677,44.043667366243945,60.10551075325799
2025-06-30,6.099999904632568,6.230000019073486,5.980000019073486,6.150000095367432,12979300,4.272200016975403,3.81224999666214,42.783574748244014,60.010490129805085
2025-07-01,6.159999847412109,7.718999862670898,6.099999904632568,7.130000114440918,43956000,4.330800013542175,3.8333499956130983,42.236996124275564,60.69494970356577
2025-07-02,6.139999866485596,6.230000019073486,5.920000076293945,6.170000076293945,11868100,4.3944000101089475,3.8537999951839446,39.723280820158436,59.32326208310479
2025-07-03,6.849999904632568,6.96999979019165,6.079999923706055,6.099999904632568,15391900,4.470600008964539,3.8772999942302704,53.223278550906116,76.66932955473939
2025-07-07,6.829999923706055,6.909999847412109,6.429999828338623,6.809999942779541,8541400,4.545000009536743,3.900849994421005,50.27502550879455,75.09004277207067
2025-07-08,6.929999828338623,7.150000095367432,6.71999979019165,6.960000038146973,14810800,4.616600008010864,3.9248999941349028,50.11046693050032,76.56500391587893
2025-07-09,6.849999904632568,7.130000114440918,6.699999809265137,6.989999771118164,7649500,4.685800004005432,3.948899993896484,46.18634808948683,73.46602636734521
2025-07-10,6.599999904632568,6.949999809265137,6.599999904632568,6.820000171661377,6369600,4.74960000038147,3.9712999939918516,38.95906821842851,66.19242854021745
2025-07-11,6.139999866485596,6.534999847412109,6.114999771118164,6.510000228881836,9138900,4.803799996376037,3.991699993610382,27.815476729205635,53.81917168910621
2025-07-14,6.199999809265137,6.289999961853027,6.014999866485596,6.110000133514404,8888000,4.86199999332428,4.012449992895126,27.519535536363303,54.51905494756373
2025-07-15,6.429999828338623,6.650000095367432,6.198999881744385,6.230000019073486,9159400,4.923599991798401,4.0340999925136565,30.595495959248154,59.39118614489465
2025-07-16,6.449999809265137,6.534999847412109,6.215000152587891,6.449999809265137,6077000,4.982399988174438,4.0554499912261965,29.45568048679348,59.045231064849844
2025-07-17,6.630000114440918,6.889999866485596,6.605000019073486,6.630000114440918,8268500,5.045599989891052,4.077549991607666,31.4016197820723,62.59764142896238
2025-07-18,6.789999961853027,6.800000190734863,6.46999979019165,6.630000114440918,8332000,5.111399989128113,4.100299991369248,32.84031725741041,65.59763861535374
2025-07-21,7.03000020980835,7.25,6.840000152587891,7.0,14576100,5.18279999256134,4.124299992322921,35.64097051590301,70.45317321470732
2025-07-22,6.599999904632568,6.974999904632568,6.465000152587891,6.974999904632568,8596400,5.242599992752075,4.146299991607666,25.89173146448529,59.17806039098286
2025-07-23,6.860000133514404,6.869999885559082,6.559999942779541,6.590000152587891,6929900,5.308599996566772,4.169399992227555,29.224280185942963,64.53207047303135
2025-07-24,6.840000152587891,6.96999979019165,6.715000152587891,6.860000133514404,4577700,5.370599999427795,4.1925499927997585,27.360074355130727,63.14653765214096
2025-07-25,6.650000095367432,7.159999847412109,6.610000133514404,6.929999828338623,5460400,5.428000001907349,4.214599993228912,22.512897808229248,57.784845680519666
2025-07-28,6.360000133514404,6.690000057220459,6.320000171661377,6.670000076293945,5526600,5.477400002479553,4.235099993944168,16.113486884932794,50.17355298832762
2025-07-29,6.190000057220459,6.514999866485596,6.050000190734863,6.46999979019165,5052000,5.523400001525879,4.2553499937057495,12.068654370685227,45.46394694622826
2025-07-30,6.28000020980835,6.409999847412109,6.170000076293945,6.25,4933000,5.570400004386902,4.27604999423027,12.73876570556174,46.864517914477986
2025-07-31,6.25,6.510000228881836,6.179999828338623,6.320000171661377,4271400,5.618800005912781,4.296799994707108,11.2337152670142,45.457084521013
2025-08-01,6.179999828338623,6.309999942779541,5.869999885559082,6.0,6299500,5.6652000045776365,4.316399993896485,9.087054708483633,43.17486417100647
2025-08-04,6.539999961853027,6.570000171661377,6.239999771118164,6.25,5447100,5.721800003051758,4.337749993801117,14.29969517223386,50.769407439318705
2025-08-05,6.389999866485596,6.735000133514404,6.289999961853027,6.639999866485596,5000300,5.77579999923706,4.3584499931335445,10.634022426844192,46.61175134629574
2025-08-06,6.320000171661377,6.425000190734863,6.269999980926514,6.380000114440918,2914600,5.828600001335144,4.378299994468689,8.430843945607336,44.34826712755473
2025-08-07,6.269999980926514,6.480000019073486,6.15500020980835,6.340000152587891,4402200,5.87460000038147,4.39814999461174,6.730670692802376,42.559939715744456
2025-08-08,6.400000095367432,6.559999942779541,6.269999980926514,6.369999885559082,6790200,5.922800002098083,4.418549995422364,8.05700163943246,44.843899061860995
2025-08-11,6.420000076293945,6.539999961853027,6.269999980926514,6.355000019073486,4692800,5.972400002479553,4.439249995946884,7.49447581589584,44.619025334358774
2025-08-12,6.650000095367432,6.699999809265137,6.349999904632568,6.429999828338623,5579700,6.028600006103516,4.460949996709823,10.307535557754587,49.07138838749916
2025-08-13,6.739999771118164,6.880000114440918,6.5,6.800000190734863,5946300,6.087600002288818,4.483249995708466,10.71686327262067,50.33736190419771
2025-08-14,6.820000171661377,6.980000019073486,6.5,6.599999904632568,6072400,6.147200007438659,4.505799996852875,10.944823064298692,51.36047264469974
2025-08-15,6.78000020980835,6.855000019073486,6.519999980926514,6.840000152587891,5268000,6.203000011444092,4.528199998140335,9.301953849745814,49.7283735831632
2025-08-18,6.840000152587891,7.03000020980835,6.639999866485596,6.800000190734863,5669600,6.22060001373291,4.550599999427796,9.957241061755484,50.309852622686456
2025-08-19,6.380000114440918,6.800000190734863,6.374000072479248,6.769999980926514,5864600,6.231400012969971,4.570599999427795,2.3846984812667005,39.58780281012659
2025-08-20,6.429999828338623,6.440000057220459,6.099999904632568,6.340000152587891,4658400,6.243400011062622,4.590999999046326,2.9887531944992496,40.056628831938724
2025-08-21,6.480000019073486,6.480000019073486,6.3420000076293945,6.349999904632568,3640600,6.261200008392334,4.612349998950958,3.4945379541921673,40.49237418121585
2025-08-22,6.800000190734863,6.840000152587891,6.369999885559082,6.489999771118164,5216300,6.288600015640259,4.635,8.132178447074235,46.70982072782876
2025-08-25,7.059999942779541,7.210000038146973,6.730000019073486,6.78000020980835,9365300,6.320600013732911,4.659249999523163,11.698255346646192,51.526532027731406
2025-08-26,6.980000019073486,7.239999771118164,6.952000141143799,7.03000020980835,5638000,6.352800016403198,4.682549999952316,9.872812004955778,49.064078742235864
2025-08-27,7.079999923706055,7.135000228881836,6.849999904632568,6.980000019073486,5354600,6.387600011825562,4.705599999427795,10.839750619929722,50.45902593860483
2025-08-28,7.210000038146973,7.380000114440918,6.960000038146973,7.119999885559082,7811800,6.42980001449585,4.728999999761581,12.134125818721863,52.46352375788697
2025-08-29,7.090000152587891,7.1620001792907715,6.793000221252441,7.139999866485596,6413900,6.469400014877319,4.7519000005722045,9.592854612226965,49.20347969726091
2025-09-02,6.650000095367432,6.789999961853027,6.409999847412109,6.760000228881836,9985500,6.501800012588501,4.772100001573563,2.279370058937391,39.35165007385943
2025-09-03,6.440000057220459,6.760000228881836,6.429999828338623,6.760000228881836,7154800,6.524600009918213,4.79115000128746,-1.296630484154615,34.41449454702787
2025-09-04,6.460000038146973,6.550000190734863,6.289999961853027,6.550000190734863,7159800,6.542400007247925,4.808450001478195,-1.2594761709719071,34.34682769210586
2025-09-05,6.53000020980835,6.650000095367432,6.255000114440918,6.610000133514404,8951300,6.5646000099182125,4.826100002527237,-0.5270663872526504,35.30594489108903
2025-09-08,9.65999984741211,9.708000183105469,7.289999961853027,7.704999923706055,64238900,6.6366000080108645,4.859750001430512,45.55645715805954,98.77565398567005
2025-09-09,9.020000457763672,9.555000305175781,8.510000228881836,8.640000343322754,43488100,6.695600013732911,4.8896000039577485,34.71534200464983,84.4731767519365
2025-09-10,8.970000267028809,9.350000381469727,8.595000267028809,9.199999809265137,32549800,6.753000020980835,4.918550004959107,32.82985694002658,82.37082591383324
2025-09-11,9.670000076293945,10.079999923706055,9.130000114440918,9.1899995803833,26479200,6.823200025558472,4.951200004816055,41.72235959772359,95.30618974971506
2025-09-12,9.779999732971191,9.789999961853027,9.390000343322754,9.619999885559082,14954200,6.896000022888184,4.983500003814697,41.82134136471669,96.24761162807143
2025-09-15,9.859999656677246,10.109999656677246,9.484999656677246,9.970000267028809,11072100,6.956200017929077,5.015250002145767,41.74405036174702,96.60036194524022
2025-09-16,9.75,9.97599983215332,9.65999984741211,9.859999656677246,7932100,7.0146000194549565,5.045100002288819,38.99580835626302,93.25682336478368
2025-09-17,10.229999542236328,10.399999618530273,9.680000305175781,9.75,12872300,7.08060001373291,5.077849999666214,44.47927467156907,101.46320869873632
2025-09-18,10.609999656677246,10.710000038146973,10.220000267028809,10.479999542236328,10558200,7.155800008773804,5.111799998283386,48.27132736616746,107.5589745342195
2025-09-19,11.109999656677246,11.40999984741211,10.614999771118164,10.65999984741211,21936200,7.246000003814697,5.147699996232986,53.32596813177373,115.82453648828381
2025-09-22,11.109999656677246,11.149999618530273,10.720000267028809,10.859999656677246,10118800,7.345399999618531,5.180699993371963,51.25111848577644,114.44977842552274
2025-09-23,12.050000190734863,12.130000114440918,11.069999694824219,11.239999771118164,14719000,7.462400007247925,5.218949993848801,61.47620308521642,130.88935906527803
2025-09-24,11.930000305175781,12.229999542236328,11.670000076293945,12.140000343322754,11956700,7.572400016784668,5.25774999499321,57.545827990230805,126.90314899978783
2025-09-25,11.960000038146973,12.279999732971191,11.420000076293945,11.5,12749200,7.682600021362305,5.297099994421005,55.67646376084778,125.783920461072
2025-09-26,12.199999809265137,12.329999923706055,11.760000228881836,11.859999656677246,10358800,7.794000015258789,5.33729999423027,56.53066186015465,128.57999030321668
2025-09-29,12.789999961853027,13.0,12.359999656677246,12.390000343322754,17484300,7.9140000152587895,5.3810499942302705,61.612331781563576,137.68595303085576
2025-09-30,12.979999542236328,13.0600004196167,12.119999885559082,12.699999809265137,17939400,8.033000001907348,5.4265999925136565,61.58346245679533,139.19211956184486
2025-10-01,13.770000457763672,14.020000457763672,12.600000381469727,12.84000015258789,17927000,8.176400012969971,5.4756999945640565,68.41153118635029,151.47470590853578
2025-10-02,14.850000381469727,15.107000350952148,14.079999923706055,14.359999656677246,21246700,8.336200017929077,5.530499995946884,78.13872447315443,168.51099163462234
2025-10-03,15.3100004196167,15.5,14.760000228881836,14.949999809265137,18155300,8.505600023269654,5.586999996900558,79.99906388416503,174.02900354591137
2025-10-06,15.239999771118164,15.890000343322754,15.1899995803833,15.800000190734863,17077900,8.677400016784668,5.641549996137619,75.62864154746214,170.13852188763624
2025-10-07,15.680000305175781,16.010000228881836,14.779999732971191,15.0,16764400,8.863800020217896,5.698949998617172,76.89930130881184,175.1384081099233
2025-10-08,15.600000381469727,16.780000686645508,15.260000228881836,16.549999237060547,15536400,9.052000026702881,5.757600001096725,72.33760865500021,170.94623416871943
2025-10-09,15.65999984741211,15.800000190734863,15.079999923706055,15.59000015258789,10681100,9.239600019454956,5.816499999761581,69.48785460883937,169.2340728626152
2025-10-10,14.699999809265137,16.049999237060547,14.555000305175781,15.859999656677246,19306400,9.408600015640259,5.869799998998642,56.24003342504509,150.43442386065763
2025-10-13,15.25,15.949999809265137,15.15999984741211,15.210000038146973,11236000,9.590000019073486,5.925949999094009,59.01981198821042,157.3427045846067
2025-10-14,14.779999732971191,15.25,14.545000076293945,15.0,13581000,9.75480001449585,5.979149998426437,51.51514855258728,147.19232226756174
2025-10-15,15.09000015258789,15.664999961853027,14.850000381469727,15.449999809265137,11494700,9.928800020217896,6.031999999284745,51.98211386935285,150.16578505267267
2025-10-16,13.229999542236328,15.559000015258789,13.119999885559082,15.470000267028809,18607300,10.067000007629394,6.076249996423721,31.419484774111627,117.73296934825042
2025-10-17,13.109999656677246,13.579999923706055,12.571999549865723,13.0,13601500,10.203800001144408,6.120749994516372,28.481542711606387,114.18943215165784
2025-10-20,13.5600004196167,14.40999984741211,13.5,14.020000457763672,9701400,10.347000007629395,6.168349996805191,31.052482938225445,119.83189064563308
2025-10-21,12.90999984741211,13.336000442504883,12.8100004196167,13.180000305175781,7543200,10.476800003051757,6.2130499958992,23.224647255379427,107.78844296976682
2025-10-22,12.5,13.050000190734863,11.970000267028809,12.75,12319600,10.593800001144409,6.254449996948242,17.993543380559117,99.85770141417987
2025-10-23,12.949999809265137,13.305000305175781,12.59000015258789,12.630000114440918,7062300,10.718000001907349,6.2973999953269955,20.824778941599064,105.64042015553596
2025-10-24,13.609999656677246,13.71500015258789,13.140000343322754,13.300000190734863,7294100,10.853799991607666,6.3448999929428105,25.393868204690694,114.50298147827591
2025-10-27,13.3100004196167,13.960000038146973,13.270000457763672,13.949999809265137,6607300,10.984399995803834,6.392049994468689,21.171847572022795,108.22741422758591
2025-10-28,12.84000015258789,13.470000267028809,12.779999732971191,13.399999618530273,6461800,11.104399995803833,6.4376999950408935,15.629841841431436,99.45011669507487
2025-10-29,12.899999618530273,13.335000038146973,12.765000343322754,12.960000038146973,6692000,11.234799985885621,6.4843499934673305,14.821800430240483,98.94052035325669
2025-10-30,12.859999656677246,13.199999809265137,12.531000137329102,12.739999771118164,6048100,11.363399982452393,6.52999999165535,13.170351096819033,96.93720785774835
2025-10-31,13.449999809265137,13.729999542236328,12.890000343322754,12.890000343322754,8672500,11.502799978256226,6.578099991083145,16.92805086317859,104.46633264160022
2025-11-03,13.1899995803833,13.380000114440918,12.729999542236328,13.329999923706055,6522100,11.630599966049195,6.6249999892711635,13.407731491807295,99.09433361122726
2025-11-04,12.699999809265137,13.520000457763672,12.460000038146973,12.729999542236328,9895200,11.743399963378906,6.669399988651276,8.14585085128099,90.42192447409955
2025-11-05,13.25,13.345000267028809,12.529999732971191,12.84000015258789,6718000,11.868799962997436,6.712299988269806,11.637234103773242,97.39880552352045
2025-11-06,12.460000038146973,13.020000457763672,12.069999694824219,13.010000228881836,9772900,11.976399965286255,6.752399988174439,4.0379419045993625,84.52698388674136
2025-11-07,12.8100004196167,12.824999809265137,11.930000305175781,12.109999656677246,6879000,12.08839997291565,6.792749991416931,5.969362763623076,88.58342255791753
2025-11-10,13.390000343322754,13.800000190734863,12.92199993133545,13.229999542236328,10943900,12.214399976730347,6.832499992847443,9.624708285564942,95.97512414694455
2025-11-11,12.470000267028809,13.369999885559082,12.279999732971191,13.199999809265137,8585200,12.330799980163574,6.869099993705749,1.128882855039115,81.53761451216668
2025-11-12,12.4399995803833,12.899999618530273,12.329999923706055,12.630000114440918,5990800,12.45079997062683,6.903999991416931,-0.08674454869573855,80.18539391437915
2025-11-13,11.40999984741211,12.40999984741211,11.045000076293945,12.270000457763672,10883000,12.549799966812134,6.933299989700317,-9.082217425092187,64.56809692876556
2025-11-14,11.399999618530273,11.850000381469727,10.732000350952148,11.0,9106400,12.647199954986572,6.961199986934662,-9.861474009229598,63.764862953610105
2025-11-17,11.210000038146973,11.609999656677246,10.880000114440918,11.180000305175781,7325500,12.678199958801269,6.986749987602234,-11.580507685833307,60.446560389863116
2025-11-18,11.449999809265137,11.885000228881836,10.96500015258789,11.039999961853027,8449400,12.7267999458313,7.013399987220764,-10.03237374674364,63.25890196093731
2025-11-19,11.789999961853027,12.479999542236328,11.399999618530273,11.460000038146973,7431500,12.783199939727783,7.040099987983703,-7.769572427542782,67.46921182904539
2025-11-20,11.229999542236328,12.5,11.090999603271484,12.199999809265137,10283100,12.814399929046631,7.06439998626709,-12.36421834485526,58.966077289890094
2025-11-21,11.15999984741211,11.5,10.520000457763672,11.239999771118164,11250900,12.84199993133545,7.089299986362457,-13.097649064918093,57.420335842472106
2025-11-24,11.539999961853027,11.654999732971191,11.260000228881836,11.350000381469727,6034400,12.875599937438965,7.116999986171723,-10.373108686783228,62.1469718178328
2025-11-25,11.729999542236328,11.869000434875488,11.260000228881836,11.510000228881836,4527100,12.915199928283691,7.143199985027313,-9.176786984550112,64.21211175416191
2025-11-26,11.720000267028809,12.020000457763672,11.630000114440918,11.770000457763672,4688200,12.94499994277954,7.170849986076355,-9.463110708115629,63.43948471639405
2025-11-28,11.899999618530273,12.010000228881836,11.715999603271484,11.90999984741211,2046800,12.970799942016601,7.199799983501435,-8.255468654771715,65.28236403510503
2025-12-01,11.699999809265137,11.819999694824219,11.399999618530273,11.600000381469727,4982200,12.98259994506836,7.227099983692169,-9.879378100150415,61.890659263964686
2025-12-02,11.770000457763672,12.260000228881836,11.664999961853027,11.880000114440918,5645500,12.995799961090087,7.25564998626709,-9.432274327063395,62.21841571797124
2025-12-03,12.010000228881836,12.1899995803833,11.739999771118164,11.829999923706055,5612700,12.994999961853027,7.284749987125397,-7.579836366776993,64.86496105024256
2025-12-04,12.9399995803833,13.199999809265137,11.930000305175781,11.949999809265137,9919200,13.015199947357178,7.321299984455108,-0.5777887952397309,76.74456186548908
2025-12-05,12.770000457763672,12.875,12.510000228881836,12.760000228881836,5322800,13.031399955749512,7.357899987697602,-2.005920306900788,73.554961050233
2025-12-08,12.949999809265137,13.229999542236328,12.619999885559082,13.180000305175781,7012300,13.046399955749513,7.397799987792968,-0.7389022781100096,75.05204020970821
2025-12-09,12.84000015258789,13.0,12.559000015258789,12.619999885559082,5872500,13.04739995956421,7.438649988174438,-1.5895872558447044,72.61196820659966
2025-12-10,12.9399995803833,13.239999771118164,12.579999923706055,12.800000190734863,17700100,13.046599960327148,7.481399986743927,-0.8170740290037504,72.96227448487322
2025-12-11,17.469999313354492,17.975000381469727,15.010000228881836,15.789999961853027,58974700,13.120599937438964,7.545399982929229,33.14939405708681,131.5317856293736
2025-12-12,18.239999771118164,19.100000381469727,17.3700008392334,18.440000534057617,31327300,13.188399925231934,7.61414998292923,38.30335654457635,139.55398582917167
2025-12-15,18.049999237060547,19.690000534057617,17.639999389648438,18.809999465942383,18497300,13.24319990158081,7.681299979686737,36.296358668617245,134.98625603470663
2025-12-16,17.8799991607666,18.280000686645508,16.93000030517578,17.649999618530273,14143700,13.29599988937378,7.74944997549057,34.47652910298513,130.72604142637525
2025-12-17,16.469999313354492,18.549999237060547,16.43000030517578,18.18000030517578,13760100,13.311799869537353,7.811299972534179,23.724811631553642,110.84837826310255
2025-12-18,17.489999771118164,17.950000762939453,17.040000915527344,17.040000915527344,9282900,13.349599857330322,7.876849970817566,31.01516118862793,122.04307351181929
2025-12-19,19.18000030517578,19.829999923706055,17.989999771118164,17.989999771118164,23140600,13.419999866485595,7.9528999722003935,42.921017108762506,141.16989239422176
2025-12-22,20.600000381469727,20.760000228881836,19.610000610351562,19.780000686645508,16691800,13.537999877929687,8.035999974012375,52.16428251748517,156.34644659143953
2025-12-23,20.729999542236328,20.989999771118164,19.600000381469727,19.799999237060547,13811900,13.647599868774414,8.121449971199036,51.89483675929261,155.24998141650545
2025-12-24,20.31999969482422,20.93000030517578,20.110000610351562,20.729999542236328,3825200,13.758399868011475,8.203899970054627,47.691591244331974,147.68707284334326
2025-12-26,19.360000610351562,20.334999084472656,19.040000915527344,20.299999237060547,7814400,13.843799877166749,8.280699973106385,39.84600169121884,133.796667832767
2025-12-29,19.8700008392334,20.145000457763672,18.760000228881836,18.864999771118164,9867900,13.97659990310669,8.3601999771595,42.166199054011244,137.67375055045662
2025-12-30,19.739999771118164,20.235000610351562,19.440000534057617,20.030000686645508,7515100,14.109199905395508,8.43809997677803,39.9087113619347,133.93891783035744
2025-12-31,19.719999313354492,20.299999237060547,19.631000518798828,19.7450008392334,7908100,14.232399883270263,8.515849972963332,38.557091390712884,131.5681860996003
2026-01-02,20.40999984741211,20.809999465942383,18.972000122070312,19.854999542236328,10628900,14.382399883270264,8.597299972772598,41.90955621497636,137.40011296628003
2026-01-05,21.389999389648438,21.434999465942383,19.489999771118164,20.700000762939453,13813100,14.560199871063233,8.682649968862533,46.90731981062064,146.353353715244
2026-01-06,21.84000015258789,22.075000762939453,20.969999313354492,21.5,10968500,14.737999877929688,8.770649970769883,48.18835889185698,149.01233346872226
2026-01-07,22.610000610351562,22.860000610351562,21.40999984741211,21.719999313354492,11350900,14.917999897003174,8.864749974012375,51.561876702342715,155.05514173140065
2026-01-08,22.440000534057617,23.600000381469727,22.09000015258789,22.850000381469727,12651200,15.100599899291993,8.956949976682663,48.60337128136041,150.5317166275902
2026-01-09,22.709999084472656,23.777000427246094,21.812999725341797,22.600000381469727,13919100,15.297999877929687,9.050549972057343,48.450773079402396,150.92396765486606
2026-01-12,25.440000534057617,25.559999465942383,23.15999984741211,23.299999237060547,18300400,15.548799896240235,9.1585999751091,63.613916854181895,177.7717184198185
2026-01-13,25.31999969482422,26.59000015258789,25.1200008392334,26.260000228881836,16603600,15.797999897003173,9.26659997344017,60.27345144892258,173.2393733127159
2026-01-14,26.729999542236328,26.770000457763672,25.0,25.5,14427100,16.063599891662598,9.382949970960617,66.40105407574211,184.87841910021118
2026-01-15,28.280000686645508,29.3799991607666,26.260000228881836,26.809999465942383,21896600,16.36539991378784,9.50744997382164,72.80360294049169,197.45095440431757
2026-01-16,28.780000686645508,30.898000717163086,28.360000610351562,28.450000762939453,20012600,16.68699993133545,9.634199976921082,72.46959192827337,198.72745796836867
2026-01-20,28.0,29.719999313354492,27.434999465942383,27.59000015258789,16343900,16.981999931335448,9.756299977302552,64.88046233196579,186.99404554124334
2026-01-21,26.3799991607666,28.670000076293945,25.1299991607666,28.5,19381700,17.260399913787843,9.871449973583221,52.83538789674218,167.23530212239902
2026-01-22,26.059999465942383,26.91699981689453,25.139999389648438,26.75,14597000,17.525399894714354,9.985899970531463,48.69845836614579,160.96796025241412
2026-01-23,26.940000534057617,27.729999542236328,25.18000030517578,26.010000228881836,14841100,17.796399898529053,10.104299973249436,51.378934434285895,166.6191681301995
2026-01-26,25.8700008392334,26.700000762939453,25.219999313354492,26.600000381469727,12606000,18.064399909973144,10.218449977636338,43.209854565669104,153.16952077713717
2026-01-27,28.06999969482422,28.700000762939453,26.05900001525879,26.079999923706055,14616100,18.37699991226196,10.34074997663498,52.74527849398667,171.45032766722574
2026-01-28,27.8799991607666,28.399999618530273,26.809999465942383,28.049999237060547,12768900,18.706399898529053,10.463349972963334,49.03989710472778,166.45385304712966
2026-01-29,26.350000381469727,27.700000762939453,25.549999237060547,27.700000762939453,10728200,19.00539991378784,10.579249974489212,38.64480884905559,149.07248098882323
2026-01-30,24.969999313354492,27.25,24.44499969482422,25.71500015258789,15490900,19.280599899291992,10.688399970531464,29.508414902958613,133.61774804646367
2026-02-02,22.850000381469727,25.77199935913086,22.46500015258789,24.889999389648438,14969300,19.508599910736084,10.786249972581864,17.127833294150353,111.8437866687064
2026-02-03,23.950000762939453,23.98699951171875,22.90999984741211,23.979999542236328,9615400,19.751799926757812,10.890049976110458,21.25477602926875,119.92553583756415
2026-02-04,21.770000457763672,24.0,20.59000015258789,24.0,12233300,19.96259994506836,10.982749978303909,9.05393344388401,98.2199403680285
2026-02-05,20.43000030517578,21.54199981689453,20.149999618530273,21.0,11440000,20.147999954223632,11.070099979639053,1.399644389482102,84.55118149566985
2026-02-06,22.260000228881836,22.280000686645508,20.809999465942383,21.040000915527344,9450800,20.362399959564208,11.166199980974197,9.31913857446025,99.35161708378932
2026-02-09,24.020000457763672,24.094999313354492,21.649999618530273,21.959999084472656,10632100,20.608199977874754,11.270749983787537,16.55554819708598,113.11803111873968
2026-02-10,22.790000915527344,23.979999542236328,22.709999084472656,23.8700008392334,7622300,20.829599990844727,11.36794998884201,9.411611003304321,100.47590759896399
2026-02-11,21.649999618530273,23.524999618530273,20.90999984741211,23.524999618530273,8037400,21.024599990844727,11.459249986410141,2.974608924583011,88.93033701337907
2026-02-12,21.299999237060547,21.90999984741211,19.979999542236328,21.56999969482422,13350500,21.216599979400634,11.54869998216629,0.3930849322741903,84.436337163078
2026-02-13,22.420000076293945,22.93000030517578,21.128999710083008,21.5,6457700,21.42959997177124,11.643649982213974,4.621645321552159,92.55130573781565
2026-02-17,22.209999084472656,22.790000915527344,21.5,22.0,5585700,21.633599948883056,11.738249977827072,2.664369947450007,89.2104796407144
2026-02-18,23.739999771118164,24.600000381469727,22.239999771118164,22.399999618530273,9961700,21.849599952697755,11.8401999771595,8.651873821547952,100.50336832920168
