Date,Close,High,Low,Open,Volume,SMA50,SMA200,ext_sma50_pct,ext_sma200_pct
2020-08-03,5.909656524658203,5.96563446493692,5.757716727888993,5.805698037452761,190400,,,,
2020-08-04,5.8376851081848145,5.941643591565689,5.805697823864775,5.89366266508563,186000,,,,
2020-08-05,6.189545631408691,6.197542643659212,5.91765369730605,5.925650328238039,342900,,,,
2020-08-06,6.085586071014404,6.253519485552929,6.053598790275491,6.237525845183473,157400,,,,
2020-08-07,6.261516571044922,6.2735117068658885,5.969632517717594,6.069592872635472,393800,,,,
2020-08-10,6.485428333282471,6.509419370449595,6.277510968308397,6.293504611767942,309800,,,,
2020-08-11,6.47743034362793,6.7413255804847765,6.41345578697396,6.5973824466949065,293300,,,,
2020-08-12,6.557399272918701,6.6133775914851824,6.405459865694255,6.6133775914851824,290600,,,,
2020-08-13,6.397463321685791,6.469434906076685,6.317495106428424,6.357479023397843,195700,,,,
2020-08-14,6.461437225341797,6.517414779570822,6.269513528582016,6.3094974414143925,139800,,,,
2020-08-17,6.4374470710754395,6.4854276148202,6.309497556254926,6.421453048069191,146100,,,,
2020-08-18,6.245522499084473,6.429449554710299,6.17355092648179,6.397462273846544,316100,,,,
2020-08-19,6.197542667388916,6.293504526851393,6.173552011864031,6.221533322913802,87900,,,,
2020-08-20,6.117572784423828,6.173550329866466,5.9656330243452995,6.077588496549004,220700,,,,
2020-08-21,6.005620002746582,6.093584865370093,5.917654758804471,6.053600940900842,257200,,,,
2020-08-24,6.309498310089111,6.333488966146298,6.021612725314129,6.093583930848603,166300,,,,
2020-08-25,6.261516571044922,6.429449997812436,6.189544993482132,6.357478420249646,144400,,,,
2020-08-26,6.221532821655273,6.325491303704596,6.173551514471276,6.325491303704596,216200,,,,
2020-08-27,6.205540180206299,6.2775113899490576,6.145563727215675,6.245524100881484,93500,,,,
2020-08-28,6.405459403991699,6.421452663402906,6.165554411728024,6.253519626400502,192500,,,,
2020-08-31,6.221532821655273,6.389465871525256,6.173551514471276,6.389465871525256,506300,,,,
2020-09-01,6.189545631408691,6.277510859571753,6.10957741549615,6.269514228639765,211600,,,,
2020-09-02,6.101580619812012,6.197542476315943,6.077589965026768,6.157558178780044,179200,,,,
2020-09-03,6.138068199157715,6.255640161062727,6.0407669585224575,6.129959601338433,214000,,,,
2020-09-04,6.138068199157715,6.271856970062066,6.056983767521796,6.259694073333144,226200,,,,
2020-09-08,5.943465709686279,6.097525578265005,5.813731246310172,6.016441538654939,288700,,,,
2020-09-09,5.870490074157715,6.089417568277632,5.8461650547927535,5.984008119991571,289400,,,,
2020-09-10,5.602913856506348,5.886708651068271,5.594805643694485,5.8704914521659415,270900,,,,
2020-09-11,5.38398551940918,5.627238036760717,5.35155190198087,5.627238036760717,208700,,,,
2020-09-14,5.319118022918701,5.396148150501434,5.181274962308927,5.392093851862511,290500,,,,
2020-09-15,5.319118022918701,5.516963234155574,5.311009812280055,5.327226620196546,230800,,,,
2020-09-16,5.643454551696777,5.70832178317664,5.302901199788303,5.3920938363927124,636700,,,,
2020-09-17,5.643454551696777,5.70832178317664,5.485340384985215,5.5542619150923676,485500,,,,
2020-09-18,5.432636260986328,5.748864629232311,5.408311239822323,5.659671982806067,547400,,,,
2020-09-21,5.359661102294922,5.3677693142440726,5.132625368129765,5.278577049607102,323300,,,,
2020-09-22,5.238034725189209,5.408311425747933,5.043432615990986,5.3515523966819405,500100,,,,
2020-09-23,5.035323143005371,5.2704670255205395,4.986672724551111,5.238033413217699,322300,,,,
2020-09-24,5.035323143005371,5.205599800914859,4.946130515852983,5.027214546610082,333300,,,,
2020-09-25,5.0109992027282715,5.083975045024465,4.942077659812815,5.019107801489746,167600,,,,
2020-09-28,5.238034725189209,5.359660995108191,5.092083433269982,5.092083433269982,338700,,,,
2020-09-29,5.335334777832031,5.343443375029323,5.108299469256607,5.19749171859164,428100,,,,
2020-09-30,5.14073371887207,5.408311273161003,5.067757881651728,5.351552245696376,253100,,,,
2020-10-01,5.26235818862915,5.270466784653866,5.063702225693282,5.075865119730356,236300,,,,
2020-10-02,5.229925632476807,5.28668465617844,5.043432139330545,5.075866143330918,210000,,,,
2020-10-05,5.408310890197754,5.448852718396649,5.254251015107833,5.286684632322636,141800,,,,
2020-10-06,5.221817970275879,5.485341235691718,5.205601159890893,5.473178724562793,443100,,,,
2020-10-07,5.205601215362549,5.302902078709318,5.165058995648431,5.246143048437405,151000,,,,
2020-10-08,5.375877857208252,5.416419689813045,5.278576994989641,5.278576994989641,303600,,,,
2020-10-09,5.26235818862915,5.3920930185506295,5.254249979243573,5.375876213140336,171500,,,,
2020-10-12,5.286684036254883,5.319117649812831,5.148840985314014,5.246141825987861,152900,5.793284225463867,,-8.744611337767061,
2020-10-13,5.189383029937744,5.327226076478711,5.148840820964816,5.270467061244442,96400,5.778878755569458,,-10.20086682150203,
2020-10-14,5.246142864227295,5.375877730773478,5.189384222587635,5.189384222587635,155200,5.767047910690308,,-9.032438338121263,
2020-10-15,5.311009407043457,5.319117617063437,5.067756920217356,5.14073274359302,140200,5.749477186203003,,-7.626220001563533,
2020-10-16,5.09208345413208,5.327227396507172,5.075866643852393,5.2461429584694805,104500,5.729607133865357,,-11.12683059829942,
2020-10-19,5.035323143005371,5.286683831671959,5.027214546610082,5.108298964006339,132700,5.705083265304565,,-11.739708101586121,
2020-10-20,5.156949520111084,5.205599939863932,5.051540083993662,5.051540083993662,106800,5.678513689041138,,-9.184871209109014,
2020-10-21,4.905589580535889,5.165058525860612,4.905589580535889,5.124516696473237,134600,5.647076873779297,,-13.130462180996826,
2020-10-22,5.075865745544434,5.181274800387867,4.897480477398585,4.946130899627675,159600,5.617446203231811,,-9.641043956518836,
2020-10-23,5.108300685882568,5.189384743971011,5.010999429537151,5.100192086754081,131000,5.591662950515747,,-8.644338346405444,
2020-10-26,4.9299139976501465,5.027214840241856,4.865046769255673,5.019106630012137,200600,5.561032485961914,,-11.348944461391696,
2020-10-27,4.865046977996826,4.938022806391322,4.840721572985596,4.897480593585669,159800,5.529584484100342,,-12.017856097764923,
2020-10-28,4.694770812988281,4.829370370972024,4.597469955648654,4.79207167032791,190300,5.498569450378418,,-14.618322904602365,
2020-10-29,4.702878952026367,4.751529375947292,4.500168659036252,4.6299031228253815,206800,5.468676176071167,,-14.003338273998288,
2020-10-30,4.80828857421875,4.921806629981341,4.581253235972059,4.6136868557215855,230300,5.442490491867066,,-11.6527887112716,
2020-11-02,5.0109992027282715,5.148842288559184,4.79207206247896,4.824505684246319,151300,5.422598075866699,,-7.590436675922019,
2020-11-03,4.978565216064453,5.229925959658016,4.929914786979174,5.148841911182551,193000,5.395979413986206,,-7.735652156860128,
2020-11-04,4.832612991333008,5.059648283021874,4.67855313579598,4.9055888141240125,145800,5.367401342391968,,-9.963636347354521,
2020-11-05,4.74342155456543,5.010999123220205,4.735313342571875,4.840722418323664,166100,5.337839117050171,,-11.135921286687866,
2020-11-06,4.816397190093994,4.848830809962163,4.670445900687235,4.751529950357657,276400,5.310056257247925,,-9.296682431191083,
2020-11-09,5.26235818862915,5.546152863267977,5.156949146781819,5.254249979243573,323800,5.287194232940674,,-0.46973958620223355,
2020-11-10,5.529936790466309,5.619129038719579,5.270467482887874,5.408310540456442,198000,5.273362312316895,,4.865481697514662,
2020-11-11,5.432636260986328,5.5785879345273175,5.286684974084579,5.5785879345273175,138800,5.258224124908447,,3.3169399389364695,
2020-11-12,5.221817970275879,5.456961914177806,5.173167539120921,5.351552453355768,160300,5.240628871917725,,-0.35894359439656576,
2020-11-13,5.294793128967285,5.35155176469112,5.116407851048696,5.262359125731826,96300,5.223763370513916,,1.359743032280214,
2020-11-16,5.635345935821533,5.716430361542635,5.473177857657724,5.538045088923248,239300,5.213708925247192,,8.087083813455308,
2020-11-17,5.611021518707275,5.67588875692413,5.513720661381993,5.5866961110563365,219700,5.207060041427613,,7.75795696738133,
2020-11-18,5.570478916168213,5.854273257055301,5.570478916168213,5.643454747433743,316800,5.201059818267822,,7.102765797902766,
2020-11-19,5.667779445648193,5.71643025482832,5.469934239326042,5.513719967588155,231000,5.202357130050659,,8.946373806386521,
2020-11-20,5.586695194244385,5.692104632368038,5.529936563438705,5.611020597903372,283800,5.206411323547363,,7.3041457361827655,
2020-11-23,5.813731670379639,5.93535793198609,5.619129574481471,5.619129574481471,306300,5.216303596496582,,11.45309245965489,
2020-11-24,6.040767192840576,6.121851627621716,5.8785990965567745,5.984008552460865,291600,5.230736579895019,,15.48597602981976,
2020-11-25,5.814598560333252,6.160019919179995,5.707682229368908,6.0119821939599625,200800,5.234159460067749,,11.089442434716922,
2020-11-27,5.715905666351318,5.765251961010686,5.567867958872333,5.765251961010686,80400,5.23560848236084,,9.173665021145784,
2020-11-30,5.526745796203613,5.683008006070686,5.510297163173728,5.6747838856389174,255400,5.237490673065185,,5.522780682474138,
2020-12-01,5.674784183502197,5.732354206045407,5.485624697646578,5.666559670472386,340600,5.243793134689331,,8.219070389366156,
2020-12-02,5.880392551422119,5.905065307220087,5.674784422995936,5.674784422995936,274500,5.256640291213989,,11.865987125858268,
2020-12-03,5.9790849685668945,6.266936299279242,5.896841787244284,6.258712177230192,246300,5.2755155277252195,,13.336505923337727,
2020-12-04,6.291608810424805,6.382076496769832,5.970860239776921,6.086000681928349,236600,5.300641241073609,,18.695239392403806,
2020-12-07,6.35740327835083,6.456095084815596,6.102449248900331,6.192916934242888,190300,5.32756932258606,,19.33027790739057,
2020-12-08,6.752171516418457,6.760396030462289,6.2340388966494995,6.275160682535828,279100,5.357852058410645,,26.023851401776543,
2020-12-09,7.0564727783203125,7.220959167865535,6.785070039487453,6.785070039487453,385900,5.39227481842041,,30.862632487032716,
2020-12-10,7.525259971618652,7.5499335208805896,6.975875451514849,7.03180075137574,316100,5.439965343475341,,38.332866047472145,
2020-12-11,7.903575897216797,7.911800410305329,7.352546069608959,7.451238658005867,332600,5.492789697647095,,43.89001458771291,
2020-12-14,7.97759485244751,8.133857461959371,7.804884001284927,8.059838413699303,413200,5.547743082046509,,43.79892389509594,
2020-12-15,7.9611496925354,8.12563609437848,7.821336054885525,8.092738814009865,490600,5.598799858093262,,42.19386108305476,
2020-12-16,7.9693708419799805,8.018717138709228,7.878903546364599,8.018717138709228,320800,5.653750915527343,,40.957232836223234,
2020-12-17,7.632175922393799,7.985822266167328,7.517035836017683,7.985822266167328,482300,5.702282409667969,,33.84422892583818,
2020-12-18,7.1880598068237305,7.739089640358978,7.1880598068237305,7.632173322056181,728900,5.738526048660279,,25.25968769457554,
2020-12-21,6.900208950042725,7.167499355392736,6.842638141757502,6.924881705403391,395000,5.77128306388855,,19.56109020571124,
2020-12-22,6.678152561187744,6.875536195272227,6.612358016492917,6.826190678917527,351300,5.799112434387207,,15.158183890142585,
2020-12-23,6.974226951599121,6.990675977437504,6.735721567271621,6.752170593110003,497500,5.834809312820434,,19.52793275137752,
2020-12-24,6.8261895179748535,7.040022144032554,6.743945958927212,7.015348605718637,80700,5.866410245895386,,16.36058904593327,
2020-12-28,6.743946552276611,7.0153492229467265,6.719273796124631,6.883760144359129,127400,5.895068988800049,,14.399790148161662,
2020-12-29,6.653480052947998,6.900209996988419,6.587685505781602,6.785069147280791,275500,5.926296920776367,,12.270447159376685,
2020-12-30,6.776844501495361,6.8508635617066,6.669928168338333,6.669928168338333,146200,5.961127347946167,,13.683941072492601,
2020-12-31,6.694600582122803,6.850862406175493,6.694600582122803,6.7439460910519795,133100,5.9918803691864015,,11.727874550870233,
2021-01-04,6.867311954498291,6.966003764197737,6.624694294862359,6.826190171040326,337300,6.031114816665649,,13.864719264206272,
2021-01-05,7.1880598068237305,7.50058424855512,6.87142310850384,6.949554415019874,409300,6.073358697891235,,18.35394819211875,
2021-01-06,7.484136581420898,7.632173908314568,7.278528442198707,7.385443984381377,229500,6.120875415802002,,22.272323368964898,
2021-01-07,7.533481597900391,7.611612905256181,7.3607707409907634,7.52525708463499,186400,6.172946767807007,,22.040281267105843,
2021-01-08,7.459462642669678,7.60750074601097,7.434789886890384,7.582827990231676,322600,6.224835081100464,,19.833899942469625,
2021-01-11,7.837783336639404,7.837783336639404,7.344324191945192,7.344324191945192,279500,6.287695331573486,,24.652721280596946,
2021-01-12,8.183202743530273,8.28189454368649,7.862454589105743,7.952921876499099,297400,6.357301807403564,,28.72131906653084,
2021-01-13,8.133856773376465,8.216099543333154,7.730864298557839,8.216099543333154,208600,6.423813171386719,,26.62038195018981,
2021-01-14,8.775357246398926,8.882273594865161,8.142083671098833,8.142083671098833,327800,6.499100332260132,,35.024184852785645,
2021-01-15,8.520401000976562,8.841149980295947,8.347690132778865,8.800028195614056,315500,6.569937047958374,,29.687711446554886,
2021-01-19,8.52862548828125,8.693111842164953,8.29012007906668,8.693111842164953,274600,6.6438572978973385,,28.36858327737424,
2021-01-20,8.36413860321045,8.742457585283205,8.183203233262761,8.73423307202814,284100,6.716271638870239,,24.53544247381576,
2021-01-21,8.05983829498291,8.438157259369845,7.9035756877727,8.36413821220003,216000,6.781140460968017,,18.85667818525554,
2021-01-22,8.347689628601074,8.364138655213477,7.8131088130221364,7.8953523774186305,214800,6.8428470897674565,,21.99146815780677,
2021-01-25,8.076288223266602,8.397037233218976,7.8706800645534365,8.397037233218976,189000,6.893774118423462,,17.15336308572828,
2021-01-26,7.9611496925354,8.248178718659812,7.903578863640549,8.142084342396274,129500,6.944344387054444,,14.642207367717418,
2021-01-27,7.451239109039307,7.961147186402639,7.438902338659748,7.821333592765443,193200,6.988932809829712,,6.614833935152098,
2021-01-28,7.533481597900391,7.6321734040869265,7.368995254256164,7.508808842436945,187800,7.033706579208374,,7.105428881115827,
2021-01-29,7.484136581420898,7.722641991545329,7.418342039616422,7.517033852323137,214100,7.070682392120362,,5.847443943477004,
2021-02-01,7.722641944885254,7.796660215718468,7.344322939628906,7.58282834831229,191000,7.112914800643921,,8.572113702052707,
2021-02-02,7.829558849334717,7.977596186273444,7.673296213696294,7.944698913138964,160700,7.158096399307251,,9.380461125005922,
2021-02-03,7.97759485244751,8.043389387715852,7.813108514276652,7.829557540260102,157700,7.204292707443237,,10.733907913060259,
2021-02-04,8.100959777832031,8.207875303896714,7.817220368867189,8.010491708239732,320600,7.25457799911499,,11.666864410587262,
2021-02-05,8.150304794311523,8.281893850167318,8.051613002419678,8.224323834313568,154100,7.301309461593628,,11.627987242340332,
2021-02-08,8.495728492736816,8.577972064509478,8.199653046154328,8.257223075795492,456000,7.350408687591552,,15.5817159810272,
2021-02-09,9.120776176452637,9.29348702574312,8.347689218930386,8.586194602776033,1065300,7.41653223991394,,22.978986423963455,
2021-02-10,9.474421501159668,9.573113293755167,9.194794363306098,9.400402460629882,542600,7.491702556610107,,26.465532094572563,
2021-02-11,9.211243629455566,9.689899151386753,8.964513728312534,9.581338089003747,332100,7.565392513275146,,21.75499966845622,
2021-02-12,10.009004592895508,10.041901864825888,9.21946928223354,9.334610126156289,412200,7.652076921463013,,30.80114974826822,
2021-02-16,10.000778198242188,10.280405349234597,9.786945578738264,10.280405349234597,270400,7.734484634399414,,29.30115800816704,
2021-02-17,9.786949157714844,10.148819997566276,9.688257324391627,10.000781855414965,330800,7.810641918182373,,25.30275053234523,
2021-02-18,9.457975387573242,9.860967194108209,9.293489015960285,9.737602611481712,179900,7.8739692497253415,,20.116996747265105,
2021-02-19,9.573114395141602,9.58133812388788,9.38230977023865,9.457973565033582,202900,7.9382834720611575,,20.594262334347757,
2021-02-22,9.770499229431152,9.860966531657546,9.499096538419135,9.696480171094631,298200,7.998650026321411,,22.151853091197403,
2021-02-23,9.976106643676758,10.025452156055795,9.564890380298488,9.78694675466971,416300,8.05704270362854,,23.81846554175462,
2021-02-24,9.92676067352295,10.453117790322365,9.85274161818663,10.058349756639602,458900,8.105072717666626,,22.47589897479376,
2021-02-25,9.44152545928955,10.198163481000266,9.071430962314983,10.198163481000266,599200,8.13583170890808,,16.048681893847938,
2021-02-26,9.71292781829834,10.200629827632477,9.54021696818072,9.688254279472448,521900,8.170538368225097,,18.877451895600107,
2021-03-01,9.910311698913574,10.518911555579507,9.75404908599521,10.165265332553176,628900,8.209521608352661,,20.717286240290388,
2021-03-02,9.564891815185547,10.14881902815444,9.548442785703065,10.041902689516993,421700,8.241432027816773,,16.058614363399304,
2021-03-03,9.44152545928955,9.918537068048753,9.433301729741574,9.622460843002846,331200,8.277619018554688,,14.060884393518357,
2021-03-04,9.729375839233398,9.786945859856282,9.194795059451096,9.44152416745357,504300,8.328445339202881,,16.82103253336116,
2021-03-05,10.494236946105957,10.543582447747406,9.869188173541817,10.124142546464661,623400,8.400325899124146,,24.92654537605654,
2021-03-08,10.921903610229492,10.954800879548477,10.354425518393784,10.601155430452566,460000,8.48520092010498,,28.71708888296267,
2021-03-09,10.930130004882812,10.942466777125565,10.580595968000518,10.938354519711314,1022000,8.564318981170654,,27.62404143182411,
2021-03-10,11.530505180358887,11.59629972419645,10.946578015550896,11.028820803181434,603300,8.658405294418335,,33.17123405844791,
2021-03-11,11.87592601776123,12.089758675138615,11.398915187816495,11.530505058432993,701800,8.761044883728028,,35.553762997134065,
2021-03-12,12.11203670501709,12.12860621804356,11.68952360377655,11.962914248090343,607700,8.87021601676941,,36.54725749766319,
2021-03-15,12.228020668029785,12.261158903305834,11.598393407707007,12.087182970587115,585900,8.979239540100098,,36.18102750707406,
2021-03-16,12.012621879577637,12.286012521216968,11.57354005968384,11.99605236671326,1020400,9.085599966049195,,32.21605534544831,
2021-03-17,12.252873420715332,12.261158176562752,11.689522664335563,11.896636820054265,422800,9.193311195373536,,33.280307392199425,
2021-03-18,12.012621879577637,12.488984313338419,12.012621879577637,12.269443798430451,1318400,9.289802436828614,,29.309766932767502,
2021-03-19,10.794788360595703,12.037473155125726,10.77821964084238,12.012619680456885,682300,9.356015472412109,,15.378051612099997,
2021-03-22,10.405415534973145,10.769936101545051,10.148593634148222,10.728513112369702,413300,9.413454151153564,,10.53769814875043,
2021-03-23,10.504830360412598,10.761651474227081,10.090602043867342,10.12374027758785,963400,9.474361505508423,,10.87639366837605,
2021-03-24,10.62081241607666,10.952195500697437,10.504829008025443,10.595958941505359,404900,9.530022087097167,,11.445832118860766,
2021-03-25,10.67052173614502,10.753366927015525,9.905855970851846,10.537968798689949,346600,9.579768466949464,,11.38600868025874,
2021-03-26,10.827927589416504,10.935627043023954,10.620813437881665,10.836212345096566,259600,9.633649883270264,,12.396939068962997,
2021-03-29,10.314284324645996,11.044983007291819,10.305999569177805,10.877635055238741,170500,9.664428424835204,,6.724204176843207,
2021-03-30,10.156878471374512,10.372277384749836,10.082317248277068,10.231439694471955,203100,9.697157974243163,,4.740775579323575,
2021-03-31,10.165164947509766,10.27286363234512,10.02432723339837,10.181733672069841,264400,9.729888763427734,,4.473598770400411,
2021-04-01,10.62081241607666,10.63738192584267,10.06574648015874,10.18173067828767,215400,9.77502223968506,,8.652565238755416,
2021-04-05,10.239725112915039,10.670523000778527,9.96633444949318,10.64566951957961,322600,9.818619976043701,,4.288842402484128,
2021-04-06,10.173447608947754,10.557852082399334,10.148594130258711,10.25629359134835,147300,9.855135135650634,,3.2299148506410136,
2021-04-07,10.065747261047363,10.372276894877041,10.007755552522827,10.181731468174208,311300,9.89492431640625,,1.7263693907984878,
2021-04-08,10.198301315307617,10.248008269944505,9.692942272673198,10.065747592761053,212900,9.939667348861695,,2.602038452278199,
2021-04-09,9.726080894470215,10.098886229456353,9.692942660028733,9.916626335067113,245400,9.985164184570312,,-2.594682323806441,
2021-04-12,9.527253150939941,9.883489825930472,9.469261428063518,9.74265210744947,177000,10.025039615631103,,-4.965431397547892,
2021-04-13,9.320137977600098,9.494113918118416,9.204153753895257,9.494113918118416,246100,10.061759643554687,,-7.370695506820757,
2021-04-14,9.709511756896973,9.991187132637881,9.295283449061001,9.311852170533985,214800,10.101497039794921,,-3.880467235239682,
2021-04-15,9.527253150939941,9.734367349873418,9.311854194430413,9.734367349873418,127100,10.135450925827026,,-6.000697742389372,
2021-04-16,9.27871322631836,9.684656747264311,9.245574995834563,9.618380286296716,243000,10.161473293304443,,-8.687323594775853,
2021-04-19,9.253860473632812,9.402982917494125,9.11302278555886,9.187584007489518,170100,10.184531307220459,,-9.138082112112855,
2021-04-20,8.897624015808105,9.303567574854155,8.75678632551412,9.20415287407213,158600,10.19947769165039,,-12.763924930273863,
2021-04-21,8.541388511657715,8.682225416976598,8.127160181685674,8.632518459823542,1205700,10.200390892028809,,-16.264105934092555,
2021-04-22,8.417119026184082,8.624233178560965,8.335930632407194,8.417119026184082,417100,10.186317749023438,,-17.368383418129373,
2021-04-23,8.508252143859863,8.62423559605289,8.251430175287569,8.342560143450378,212800,10.16699436187744,,-16.31497135709312,
2021-04-26,8.615948677062988,8.632518188979367,8.359127562981644,8.45854226424647,320700,10.155088462829589,,-15.156340502599019,
2021-04-27,8.62423324584961,8.756786177992582,8.466826836449277,8.508249825263405,197800,10.127393035888671,,-14.842514600867974,
2021-04-28,9.113022804260254,9.212437503679212,8.657371506031682,8.657371506031682,211900,10.109637928009032,,-9.858069407091508,
2021-04-29,9.253860473632812,9.29528346249182,8.997038574769196,9.171014495914795,284800,10.098976154327392,,-8.368330291902403,
2021-04-30,9.063314437866211,9.237290347435966,9.030176206999483,9.055030472707838,351100,10.091082935333253,,-10.184917754152822,
2021-05-03,9.6349515914917,9.70122806480607,9.146162008239806,9.146162008239806,406700,10.092319679260253,,-4.531843048020434,
2021-05-04,8.789924621582031,9.726080714863691,8.789924621582031,9.668089003181459,510100,10.072708187103272,,-12.735240033694906,
2021-05-05,8.458540916442871,8.675596589478818,8.21828856248246,8.49167914491749,522500,10.042356872558594,,-15.771357025197986,
2021-05-06,8.40054988861084,8.458541595578149,8.135443249450818,8.408833853836347,349300,10.011832656860351,,-16.093784459585635,
2021-05-07,8.914194107055664,8.914194107055664,8.29285159422316,8.383981545010563,521000,10.001286029815674,,-10.869521374743096,
2021-05-10,8.54967212677002,9.15444587453919,8.54967212677002,8.914193484622677,300200,9.978020915985107,,-14.31495084287534,
2021-05-11,8.284564971923828,8.574525061972235,8.243141989048672,8.284564971923828,197300,9.945505981445313,,-16.700417380676214,
2021-05-12,8.425402641296387,8.72364669591586,8.284564973539991,8.284564973539991,302100,9.92271619796753,,-15.089754929984167,
2021-05-13,8.284564971923828,8.483394341631355,8.147869681490192,8.375694902187023,327700,9.899576988220215,,-16.31394975985474,
2021-05-14,8.557958602905273,8.707081078373017,8.363271541105247,8.367413919876903,231200,9.876148643493652,,-13.347207379840265,
2021-05-17,8.690509796142578,8.698794552001253,8.40055045178922,8.441972650926981,215700,9.840074100494384,,-11.68247609328521,
2021-05-18,8.367412567138672,8.723648393051706,8.359127810934735,8.6905101583138,156800,9.788984279632569,7.466645464897156,-14.522157477070296,12.063879374965381
2021-05-19,8.367412567138672,8.408834768002677,8.044314185885705,8.135444133895488,383500,9.737729930877686,7.478934245109558,-14.072246544791,11.879745066753134
2021-05-20,8.243143081665039,8.334273814085162,7.994605941548558,8.334273814085162,303600,9.671982688903809,7.490961534976959,-14.772975233692332,10.041188212968088
2021-05-21,8.27628231048584,8.483396487165132,8.241487280498673,8.35912829718871,157900,9.5999898147583,7.501395218372345,-13.788634465397998,10.32990623151877
2021-05-24,8.218290328979492,8.433689255402719,8.002891402556266,8.325989792191105,292600,9.52211488723755,7.51205873966217,-13.692594278667736,9.401305471542187
2021-05-25,8.036027908325195,8.255569165699585,7.828913782904042,8.185150331453285,302900,9.438275032043457,7.5209312963485715,-14.857027570796111,6.848840810800971
2021-05-26,8.259709358215332,8.334270550056958,7.9697493432928885,8.019457067879799,283400,9.363216781616211,7.529802701473236,-11.785558843062482,9.693569482229414
2021-05-27,8.359127044677734,8.491679971478616,8.226574117876853,8.267996314943804,353000,9.285341854095458,7.539211184978485,-9.975021102849336,10.875353396823439
2021-05-28,8.27628231048584,8.483396487165132,8.226575350526424,8.458543007185424,159400,9.210615062713623,7.5478056001663205,-10.144086424913635,9.651503349575762
2021-06-01,8.615948677062988,8.690509900531062,8.309419817310324,8.367412318939833,307300,9.167038269042969,7.558898026943207,-6.011642755337965,13.984189842910855
2021-06-02,9.113022804260254,9.137876281595544,8.582810283948014,8.59937979555674,254000,9.141190414428712,7.5721559548377995,-0.3081394095455825,20.349116666542045
2021-06-03,9.129591941833496,9.278713589813583,8.939046516528709,9.088168954586562,141800,9.113685646057128,7.585616679191589,0.1745319774470122,20.353984757458775
2021-06-04,9.096453666687012,9.17101489183655,8.95561676261079,9.113023178977057,177800,9.083198471069336,7.599871335029602,0.1459309257624941,19.692206166166383
2021-06-07,8.814779281616211,9.162731147343026,8.798209768925481,9.021893449783226,235500,9.04608362197876,7.612957518100739,-2.5569555846306935,15.786529225442191
2021-06-08,8.83963394165039,9.005325140306669,8.665657985541811,8.765072704735578,126700,9.006317749023438,7.626567823886871,-1.8507431340752056,15.905793349980101
2021-06-09,8.715363502502441,8.88933862386484,8.640802284731269,8.806493440846234,164400,8.974339332580566,7.640116541385651,-2.8857369938969812,14.073698421906244
2021-06-10,8.615948677062988,8.905908814977089,8.591095199266237,8.756786368040945,115600,8.943520736694335,7.65164879322052,-3.662674569393609,12.602511039148222
2021-06-11,8.657373428344727,8.831349388477575,8.607666462637042,8.607666462637042,101900,8.913364906311035,7.663628077507019,-2.87199593707933,12.967035205614707
2021-06-14,8.586237907409668,8.796290631593024,8.552763328355509,8.628081330751598,117400,8.872673416137696,7.675451602935791,-3.228288648684585,11.866224316045582
2021-06-15,8.879140853881836,8.887509698715586,8.611344203977582,8.611344203977582,286500,8.845461730957032,7.688819606304168,0.38075030958457656,15.481196185194769
2021-06-16,8.854034423828125,8.971195848030973,8.728504953544073,8.87077211218435,137600,8.819073467254638,7.701062481403351,0.3964243715997684,14.971595740314903
2021-06-17,7.883274078369141,8.874959375299637,7.824693741295659,8.787088869689416,326300,8.775424003601074,7.70937118768692,-10.166459476668388,2.255733787471148
2021-06-18,7.7828474044799805,8.059012888030503,7.707529400221303,7.8749022996311755,328300,8.727114925384521,7.717337696552277,-10.819927650522331,0.8488640837496453
2021-06-21,8.192911148071289,8.251491462915169,7.799584238741255,7.799584238741255,180500,8.696451530456542,7.727794349193573,-5.790182129133525,6.018752283777484
2021-06-22,8.343544006347656,8.385387414627367,7.937663983560086,8.151064647499641,260700,8.672777347564697,7.738821728229523,-3.7961696469642314,7.814138887735833
2021-06-23,8.519289016723633,8.644818492592899,8.326809582547554,8.46070790296729,250300,8.656760368347168,7.750727832317352,-1.5880230683777419,9.915987259953774
2021-06-24,8.502551078796387,8.586237925658107,8.276597869224815,8.527656813616135,151200,8.632621154785156,7.763523259162903,-1.5067274893288851,9.519232376373
2021-06-25,8.301704406738281,8.586238755863516,8.209649504767116,8.586238755863516,792400,8.608110179901123,7.775679330825806,-3.5595010607352817,6.76500474790811
2021-06-28,8.000432014465332,8.31844010210399,7.925114015462588,8.268228634833417,192000,8.582544555664063,7.7876669216156005,-6.782516972947894,2.7320774628814215
2021-06-29,8.218017578125,8.435602763223693,8.042275820637132,8.042275820637132,191100,8.561827697753905,7.80183708190918,-4.015615961520691,5.334391013891526
2021-06-30,8.151067733764648,8.30170374136875,8.008800570604539,8.218016893122709,163400,8.546896572113036,7.815996830463409,-4.631258083079015,4.286988730538832
2021-07-01,8.502551078796387,8.519288767407499,8.31007244835012,8.35191507368406,146200,8.546119823455811,7.831913995742798,-0.5098073226149413,8.562875989421336
2021-07-02,8.276597023010254,8.45233874497417,8.20127902815474,8.41886416927137,123700,8.543309383392334,7.845079708099365,-3.1218857753243956,5.500483500064179
2021-07-06,7.866535663604736,8.293337275493826,7.674056974770734,8.276600379902556,164000,8.530475053787232,7.856195113658905,-7.783146729767754,0.13162287591168553
2021-07-07,7.7075300216674805,7.975326682315305,7.648949701675019,7.791216877168426,209500,8.512306680679322,7.867569582462311,-9.454272375294826,-2.0341677199980035
2021-07-08,7.799585819244385,7.8330604056665765,7.548526820126499,7.573632560418869,177700,8.495813732147218,7.879769206047058,-8.19495265378034,-1.0175854737108248
2021-07-09,8.100859642028809,8.125965387735038,7.799587501164992,7.900011282087175,138500,8.475570468902587,7.894083330631256,-4.421069097928177,2.6193834386723847
2021-07-12,8.075751304626465,8.151069323114525,7.866534941313892,7.9585906519535605,83700,8.45200828552246,7.909285471439362,-4.451687317208264,2.1046886446091095
2021-07-13,8.033906936645508,8.201279831555432,7.961936152880936,8.042274982818316,121100,8.431420135498048,7.924278390407562,-4.714664818788073,1.3834514745298732
2021-07-14,7.757741928100586,8.228059671430293,7.715898502326856,8.075750048548217,149100,8.393875942230224,7.938012104034424,-7.5785491530700355,-2.270973810208954
2021-07-15,7.632211208343506,7.833058682698011,7.585346957280171,7.682423475980591,156400,8.370721673965454,7.949982986450196,-8.822542361178453,-3.997137838512288
2021-07-16,7.422994613647461,7.874901813187655,7.406257723788803,7.732634657953067,305700,8.350010747909545,7.960421285629272,-11.1019753416984,-6.7512340452635655
2021-07-19,7.138462543487549,7.322573178294729,6.996195343604337,7.063144520243832,260200,8.32476900100708,7.97040992975235,-14.250322830291385,-10.437949786738898
2021-07-20,7.255622863769531,7.406258886633,7.079881103127823,7.138461423976055,195400,8.291597576141358,7.9803762531280515,-12.49427149422676,-9.081694476177615
2021-07-21,7.5234174728393555,7.590366620688008,7.330938872298677,7.414624908061095,105000,8.271072483062744,7.991843712329865,-9.03939618174564,-5.861303803624418
2021-07-22,7.364414691925049,7.498313010271461,7.230516373578636,7.498313010271461,113000,8.252669477462769,8.001624231338502,-10.763241978410221,-7.963502421393532
2021-07-23,7.356046676635742,7.414626997990904,7.188673759837408,7.414626997990904,97900,8.231282358169556,8.0122953748703,-10.63304165073552,-8.19052053788245
2021-07-26,7.439733505249023,7.6322121592968575,7.247254053104172,7.247254053104172,243700,8.21438572883606,8.023466036319732,-9.430433986897778,-7.27531628386452
2021-07-27,7.623841285705566,7.6907904343541595,7.1635660882706915,7.389519265435491,233900,8.195703382492065,8.034705853462219,-6.977584108377188,-5.113623015578195
2021-07-28,7.657320022583008,7.925117560850115,7.473210162764843,7.640583125371011,267100,8.175039587020875,8.046680662631989,-6.332930365986556,-4.838773357281767
2021-07-29,7.26399040222168,7.707528747627857,7.096616718886333,7.682423014366304,241200,8.152971143722533,8.056567194461822,-10.903764110404513,-9.837648878358129
2021-07-30,7.280728340148926,7.314202922017085,7.113355430808132,7.272359495157639,185500,8.131237459182739,8.06702392101288,-10.459774705919067,-9.747034204470628
2021-08-02,6.9125075340271,7.4899442368976,6.79534610531417,7.222147597664549,261100,8.10462474822998,8.075355744361877,-14.709098215352101,-14.399962641233055
2021-08-03,7.029667854309082,7.197041544537743,6.862294962177323,6.945981807291655,476600,8.079692459106445,8.083949036598206,-12.995848667654464,-13.04166042507332
2021-08-04,6.602867126464844,7.197041922344783,6.569392546281252,7.11335507283733,347000,8.047383995056153,8.09150295495987,-17.95014217637355,-18.39751943219069
2021-08-05,6.703290939331055,6.912507254805081,6.5777610702369484,6.586129515350714,234500,8.020729255676269,8.099842793941498,-16.42541811784587,-17.24171555101085
2021-08-06,6.803715229034424,6.889912096253213,6.653079214235361,6.862295546746516,192300,7.991609373092651,8.108076622486115,-14.864266865417719,-16.087186322762513
2021-08-09,6.586129665374756,6.745134515691221,6.468968637774082,6.653078824003712,179500,7.956149425506592,8.116479322910308,-17.219633353537755,-18.854845760721016
2021-08-10,6.887401103973389,6.90413879322532,6.56939259010773,6.56939259010773,198400,7.9283718013763425,8.125536999702454,-13.129690729466603,-15.237588552909232
2021-08-11,6.887401103973389,6.912507637851285,6.67818517595443,6.812083896630551,386400,7.893800849914551,8.134432501792908,-12.749241652733822,-15.33028146148685
2021-08-12,6.703290939331055,6.94179741127594,6.690737673087727,6.862294987928676,174000,7.845606212615967,8.143299386501312,-14.559936381309013,-17.68335386952956
2021-08-13,6.468968868255615,6.728397066710165,6.460600023604592,6.678185195949459,207900,7.7923937511444095,8.151318995952606,-16.983547355964046,-20.638992640728837
2021-08-16,6.301596164703369,6.418757200177905,6.209540865877704,6.3936510644805455,213300,7.7364966011047365,8.159353122711181,-18.5471604317188,-22.76843433625677
2021-08-17,6.117486000061035,6.309965057203247,6.037983962980967,6.2513843357952625,195800,7.682550735473633,8.166426157951355,-20.371681090058047,-25.08980205368465
2021-08-18,6.050537109375,6.273980346463739,6.03379981664147,6.067274402108531,208700,7.626768798828125,8.172637400627137,-20.66709678803057,-25.965917576244056
2021-08-19,5.824582099914551,6.0421668547193566,5.757632944589995,5.983586543334592,200600,7.568953170776367,8.176705315113068,-23.046397982706658,-28.766148767169952
2021-08-20,5.866426467895508,5.940907275542454,5.74926502812847,5.7576338734183325,158600,7.513962726593018,8.181144621372223,-21.92632993595559,-28.293328875152767
2021-08-23,6.100747585296631,6.167696740842246,5.891531274692361,6.0170611408646115,229800,7.462830209732056,8.187485294342041,-18.251555859587608,-25.486918559566142
2021-08-24,6.217909336090088,6.234646626937698,6.042167582665942,6.125854435952481,396100,7.415463638305664,8.194857733249664,-16.149419114260553,-24.124255252636573
2021-08-25,6.1258544921875,6.251383975172681,6.1258544921875,6.217909393170166,148100,7.360397911071777,8.201405019760132,-16.772780952877998,-25.30725555647947
2021-08-26,6.05890417098999,6.1718811703981595,5.991955015362236,6.0672730149676815,142000,7.304495306015014,8.205387749671935,-17.05239147733205,-26.159441139972518
2021-08-27,6.301596164703369,6.376913773698469,6.0254302682263745,6.084010985487886,257200,7.2728617477416995,8.209246046543122,-13.354654835009317,-23.23782075752323
2021-08-30,6.1760663986206055,6.462274355625212,6.142591816436903,6.34343930953912,131800,7.240726127624511,8.212963197231293,-14.703770177718244,-24.800997516917576
2021-08-31,6.217909336090088,6.293227344428577,6.117485591004431,6.15096017269965,111400,7.201226091384887,8.217943654060363,-13.654851865728535,-24.337406073380517
2021-09-01,6.309964179992676,6.343438759272599,6.109116704313129,6.184434308168728,117100,7.160554494857788,8.22301950931549,-11.878833063500139,-23.264633230598562
2021-09-02,6.385283470153809,6.439679772211959,6.284859712068859,6.351808884125492,116400,7.117874383926392,8.226769196987153,-10.292270897993404,-22.384069404885476
2021-09-03,6.309964179992676,6.384445378272008,6.226277731792864,6.376913338552524,96000,7.0740226459503175,8.23026391029358,-10.80090500410038,-23.332176844283058
2021-09-07,6.25975227355957,6.460599748035484,6.217908850186191,6.343438721257868,95500,7.033183603286743,8.233710277080537,-10.996888085869582,-23.974100825671528
2021-09-08,6.084011554718018,6.293227908592844,6.058905416671687,6.2681217705465135,207100,6.994855194091797,8.235791437625885,-13.021622522552335,-26.12717793067567
2021-09-09,6.0337982177734375,6.176065367834005,5.9835863528782545,6.0589039506968145,107100,6.9511708068847655,8.23802695274353,-13.197382348923426,-26.756755563126834
2021-09-10,6.109117031097412,6.150960057911322,5.966849862023454,6.134222767376062,205200,6.910331792831421,8.239503879547119,-11.594447064975466,-25.85576607030863
2021-09-13,6.419030666351318,6.503938399066546,6.155816492498109,6.155816492498109,194800,6.86866138458252,8.241395196914674,-6.546118567446757,-22.11233033995983
2021-09-14,6.3426127433776855,6.5294101378080835,6.291668109861748,6.486956074108822,259200,6.829981698989868,8.244035267829895,-7.135728572805144,-23.064221132968633
2021-09-15,6.427520751953125,6.741679521929658,6.25770490516736,6.308649537741505,313900,6.8012014007568355,8.247593343257904,-5.494332938914692,-22.06792352089739
2021-09-16,6.351103782653809,6.43601150604384,6.206760450454774,6.43601150604384,198100,6.774072875976563,8.251715133190155,-6.243940699586559,-23.03292491147304
2021-09-17,6.274686336517334,6.3511034864402705,6.087889353771418,6.308649424289318,595300,6.743574886322022,8.25471464395523,-6.953115487094741,-23.986635430067025
2021-09-20,5.969018936157227,6.130343411167558,5.871374748785743,6.079398776184511,202200,6.70093807220459,8.255157775878907,-10.922636922781825,-27.69346028008871
2021-09-21,5.977510452270508,6.0539276192755,5.875621166178542,6.0539276192755,117100,6.658973255157471,8.255149903297424,-10.23375191301692,-27.59052806681487
2021-09-22,6.113362789154053,6.189779955601888,6.05392757513643,6.079399694037688,151200,6.620562372207641,8.254258673191071,-7.660974318175051,-25.936864457500153
2021-09-23,6.317140579223633,6.351103667966345,6.143079648199248,6.147324730638122,143200,6.5917503452301025,8.254057359695434,-4.16596126406974,-23.46623843359469
2021-09-24,6.274686336517334,6.436011205870233,6.274686336517334,6.283177310896302,94400,6.564599847793579,8.25166993379593,-4.416316576762669,-23.958587936019683
2021-09-27,6.8180975914001465,6.903005733705347,6.3595954043889895,6.452994118001493,248900,6.552501907348633,8.250478057861327,4.053347680122732,-17.361181454162665
2021-09-28,6.835079193115234,7.174710125424657,6.801116099884292,6.962440590295264,200600,6.546434240341187,8.24702715396881,4.409193496443109,-17.120690092236302
2021-09-29,7.021875381469727,7.081310581782822,6.733188329801829,6.869041083814483,182000,6.5417592906951905,8.242618651390076,7.339250336793035,-14.810138883648072
2021-09-30,7.081311225891113,7.174709521984795,6.953949029679061,7.030366185457503,162700,6.532917165756226,8.238137233257294,8.394321345591527,-14.0423250379477
2021-10-01,7.064330101013184,7.18320133608094,6.899609538815459,7.106784171376242,209300,6.526915473937988,8.233653135299683,8.23382238089485,-14.201752430805293
2021-10-04,7.149238586425781,7.378489281848704,7.0728214180367805,7.157729562856577,222800,6.522779312133789,8.229552474021911,9.604177058798257,-13.127249519416019
2021-10-05,7.072820663452148,7.3020721441607845,6.936968294029547,7.234145959449484,146200,6.515441055297852,8.226755697727203,8.55474868736752,-14.02661117788937
2021-10-06,6.784134387969971,6.979422788252263,6.605828344646875,6.962440836165088,182900,6.49864691734314,8.224736070632934,4.393029414553062,-17.51547612338279
2021-10-07,7.030367374420166,7.115275519587709,6.724699509356362,6.724699509356362,98100,6.486107864379883,8.225386862754823,8.39115724592283,-14.528428975733599
2021-10-08,7.166219234466553,7.259618349264687,7.0133857179911026,7.072820929412443,81700,6.48415244102478,8.227827196121217,10.518981465123844,-12.902652624439293
2021-10-11,7.072820663452148,7.344525402297352,7.038857571096498,7.276599217586051,83900,6.479994287490845,8.22832016468048,9.148563249595941,-14.042957470082861
2021-10-12,6.979422092437744,7.2001817793540415,6.919986075802158,7.081311365570796,61200,6.481332578659058,8.229086327552796,7.684986192789034,-15.185941493053734
2021-10-13,6.860551357269287,6.915741890234995,6.758662076883389,6.886023474929756,92300,6.477950248718262,8.229669351577758,5.906206344000986,-16.636366976833518
2021-10-14,6.945458889007568,7.081311250986717,6.910646377109233,6.919985963828515,122400,6.484802083969116,8.231129245758057,7.103637074402447,-15.619610850030853
2021-10-15,6.970931529998779,7.1492379709753715,6.962440554298938,7.132256019575691,114300,6.490154895782471,8.232099680900573,7.407783665205492,-15.320127303947139
2021-10-18,6.656773090362549,7.0728212060741935,6.478466639379835,7.004895016151641,290400,6.487216053009033,8.231910543441773,2.6137103492162694,-19.134530735809683
2021-10-19,6.962440490722656,6.970931466344963,6.56337394853029,6.750170958629015,182600,6.494742269515991,8.232386186122895,7.201182153168317,-15.426216247495173
2021-10-20,7.038857936859131,7.047348912825261,6.835079372136212,6.936968654497671,64600,6.497771406173706,8.231640176773071,8.3272632547726,-14.49021354552853
2021-10-21,7.098293781280518,7.174710952293038,7.038858563712605,7.106784758002822,169700,6.501989259719848,8.22971096277237,9.171108990517807,-13.747957693895819
2021-10-22,6.979422092437744,7.1577285228565755,6.903004935151964,7.115274456615147,115700,6.507511882781983,8.226940665245056,7.251776380222585,-15.163821201208972
2021-10-25,7.0473480224609375,7.310561766204186,7.021875907524738,7.021875907524738,84500,6.519079465866088,8.224880092144012,8.103422566956953,-14.316708043048475
2021-10-26,6.979422092437744,7.25112682079255,6.917439431038205,7.038857299329367,126200,6.532635984420776,8.220588285923004,6.839292883951842,-15.098264872486578
2021-10-27,6.724698543548584,6.996403273471689,6.70771699792839,6.877532859002314,126800,6.544780235290528,8.213295764923096,2.749035136243494,-18.12423738265866
2021-10-28,6.665263652801514,6.809607413502991,6.656773081508502,6.716208295175668,130000,6.557074766159058,8.20595279932022,1.6499565812611472,-18.775262107848555
2021-10-29,6.4445037841796875,6.716208553978392,6.393559139842431,6.656773338020947,197700,6.56947319984436,8.194298532009125,-1.90227453348365,-21.35380766266045
2021-11-01,6.733189582824707,6.970931642935859,6.461484833979974,6.461484833979974,304500,6.586808462142944,8.185362474918366,2.222337593738688,-17.741094503064648
2021-11-02,6.835079193115234,7.12376589045025,6.665263322088516,6.894514403833379,390100,6.601495094299317,8.176894743442535,3.5383514715875197,-16.40984251880422
2021-11-03,7.2341461181640625,7.344525563433616,6.6313002034450514,6.6313002034450514,244800,6.6218198299407955,8.171244781017304,9.24709979958398,-11.468248571260819
2021-11-04,7.1322550773620605,7.522831000773177,7.098291988793438,7.327543443939571,143500,6.641947841644287,8.1666068649292,7.381979615130385,-12.665624838745149
2021-11-05,7.106783390045166,7.3275438838670786,6.987912168046301,7.200181686780304,197400,6.66290542602539,8.16040233373642,6.661928027463548,-12.911360256533222
2021-11-08,7.166219234466553,7.3360355123744245,7.097444435463009,7.20867330394352,131400,6.680197887420654,8.155851988792419,7.275553138345137,-12.134020525210564
2021-11-09,7.098293781280518,7.115275734725126,6.8520611245424545,7.098293781280517,83600,6.698642435073853,8.151537709236145,5.966154337692431,-12.920800535121657
2021-11-10,6.750170707702637,7.098292597836316,6.724698591526605,7.030366414870914,133000,6.709287662506103,8.148032367229462,0.6093500122971829,-17.155818687575163
2021-11-11,6.6737542152404785,6.809606991354994,6.631300146791192,6.758661947267049,92800,6.71656346321106,8.143733730316162,-0.637368323921339,-18.050436860472054
2021-11-12,6.478466510772705,6.707717599646359,6.402049346190814,6.707717599646359,136400,6.718427124023438,8.138705379962921,-3.5716784423052372,-20.39929929491784
2021-11-15,6.427520751953125,6.546391561292796,6.223741816784597,6.4869559541869855,187600,6.720778255462647,8.13222977399826,-4.363445606484073,-20.962381406090113
2021-11-16,6.393558025360107,6.499692783780035,6.368085505195657,6.376576480207798,143900,6.723454370498657,8.125049769878387,-4.906649572667243,-21.310537086644775
2021-11-17,6.079399108886719,6.3689348110267225,6.0709085383608725,6.334122702613969,175400,6.723362121582031,8.115558791160584,-9.577990907676792,-25.089580824571655
2021-11-18,5.850147247314453,6.130342919693715,5.7567489597693235,6.079398288794934,219500,6.719689102172851,8.104304728507996,-12.94020960846577,-27.814322840850703
2021-11-19,5.620894908905029,5.790710710924035,5.527496642910012,5.7312751194866065,170800,6.709924659729004,8.091657679080964,-16.230133809996573,-30.53469224932115
2021-11-22,5.78222131729126,5.850147494695311,5.616650956214919,5.66335050683417,176100,6.697188472747802,8.078090143203735,-13.661959181524107,-28.42093595407619
2021-11-23,5.8756208419799805,6.087890378728552,5.833166772681462,5.858639295234975,100000,6.687848634719849,8.061864366531372,-12.144829183531492,-27.118336716597803
2021-11-24,6.045436382293701,6.164307615813465,5.8926024597465965,5.918074577735106,123700,6.68020694732666,8.044719440937042,-9.50225898745527,-24.852116637773836
2021-11-26,5.739767551422119,5.837411328394918,5.476553011599909,5.722785602516993,178100,6.667980222702027,8.027362060546874,-13.920447276068447,-28.497462701575337
2021-11-29,5.799202919006348,5.98600031358719,5.756749260144852,5.901092186120285,191300,6.658470554351807,8.006313052177429,-12.904880007074048,-27.56712257923548
2021-11-30,5.807694911956787,5.858639554445808,5.561462270823838,5.637879032121355,220500,6.655244073867798,7.9853476357460025,-12.735057535139271,-27.27060640467378
2021-12-01,5.502026557922363,6.002982807793018,5.485045010716851,6.002982807793018,263200,6.645734395980835,7.96392302274704,-17.20965313856292,-30.913112266314712
2021-12-02,5.714294910430908,5.756748972039683,5.424759246731221,5.502025412130907,144700,6.637753038406372,7.945204620361328,-13.912209788949504,-28.078694212773637
2021-12-03,5.459571838378906,5.799203146982092,5.408627202819225,5.790712576824799,396700,6.620601663589477,7.924636907577515,-17.53662105357805,-31.106347179660943
2021-12-06,5.567468166351318,5.671049285320035,5.360306751600174,5.463887458975746,304200,6.6064573001861575,7.903621752262115,-15.726872764402222,-29.558013517564408
2021-12-07,5.696945667266846,5.852317178402491,5.627891845248001,5.627891845248001,262900,6.584034261703491,7.882225947380066,-13.473328952682706,-27.724151714270196
2021-12-08,5.740103721618652,5.791894081003109,5.662417976745373,5.774630627874957,200900,6.562134752273559,7.861292662620545,-12.526884340040423,-26.98269905518056
2021-12-09,5.82642126083374,5.843684714772483,5.619259813568837,5.809157806894999,195000,6.538225669860839,7.843217141628266,-10.886813104483274,-25.71388556986751
2021-12-10,5.938633918762207,5.964528893880388,5.705577084732541,5.869580102989448,316000,6.515372123718262,7.824345672130585,-8.851961085331151,-24.10056805241958
2021-12-13,5.688312530517578,5.955896220675783,5.662417148815049,5.835052066447945,197000,6.48785177230835,7.803235676288605,-12.32363607940905,-27.103156094561687
2021-12-14,5.498415470123291,5.800526133348913,5.481152015413062,5.6365235193983505,259000,6.4548353099822995,7.782903294563294,-14.817106772343525,-29.352643068760987
2021-12-15,5.489782810211182,5.550204683371375,5.273989465283308,5.472519359080677,212900,6.42317455291748,7.763144581317902,-14.531626612612314,-29.28403235690846
2021-12-16,5.63652229309082,5.800524871360233,5.5070462051368985,5.5070462051368985,220700,6.400222311019897,7.742680313587189,-11.932398295198887,-27.201924077898344
2021-12-17,5.576100826263428,5.688313479710451,5.437993198385982,5.619259665771728,244800,6.371136980056763,7.718089632987976,-12.478717005802809,-27.752836629020848
2021-12-20,5.576100826263428,5.610627733232789,5.299885158915339,5.489783558840024,149700,6.3393346118927,7.691360619068146,-12.039651357059345,-27.501763310390647
2021-12-21,5.809156894683838,5.8695791797779355,5.636522382405193,5.636522382405193,226300,6.314061336517334,7.665755753517151,-7.9965083473830685,-24.21938447466815
2021-12-22,5.791893482208252,5.904106121736733,5.6710493228046595,5.7746300308648815,126700,6.2903107643127445,7.637062695026398,-7.923571676811225,-24.160718413635696
2021-12-23,5.714207172393799,5.869578630497934,5.679680273169126,5.835051731273261,92100,6.267383880615235,7.6062541007995605,-8.826277738186572,-24.874884579610246
2021-12-27,5.619259834289551,5.731472079508546,5.507047177477345,5.731472079508546,191000,6.240859899520874,7.573790216445923,-9.960166951977968,-25.806502772050045
2021-12-28,5.63652229309082,5.72283954786239,5.593363459908467,5.619258842136507,185000,6.214171714782715,7.540832724571228,-9.295678462147116,-25.253317518572683
2021-12-29,5.5329413414001465,5.6365224618198635,5.463887535515769,5.6365224618198635,183000,6.191695079803467,7.50843432188034,-10.639311689493447,-26.310318447128278
2021-12-30,5.5329413414001465,5.5761001758744575,5.437992564105702,5.50704636999008,290600,6.1631050968170165,7.474834661483765,-10.224777048542022,-25.979080582073365
2021-12-31,5.653785705566406,5.671049156403228,5.524309618493676,5.524309618493676,104900,6.135403652191162,7.443040480613709,-7.8498167997920305,-24.039299258248437
2022-01-03,6.050846576690674,6.072425585430108,5.696945153377673,5.696945153377673,167400,6.114454708099365,7.419320771694183,-1.0402911534275416,-18.44473688513971
2022-01-04,6.430642604827881,6.4910648998286264,6.094005044893925,6.094005044893925,220500,6.103479118347168,7.399446907043457,5.360278623666526,-13.092928625427147
2022-01-05,6.387484073638916,6.784543922243038,6.3356937122896655,6.491064796337416,285200,6.090281839370728,7.378860175609589,4.879942211326238,-13.435355574938402
2022-01-06,6.551486968994141,6.646435757245362,6.318430141443802,6.473801222612962,107300,6.081723136901855,7.358513548374176,7.724189699493489,-10.967250030522035
2022-01-07,6.629172325134277,6.7154900043216985,6.499696629539542,6.560118511058899,125200,6.079812612533569,7.338306801319122,9.035800074959543,-9.663461822792307
2022-01-10,6.577381610870361,6.680962326413239,6.473800895327484,6.672330805914587,104300,6.078054971694947,7.317054071426392,8.2152373004315,-10.108883347527842
2022-01-11,6.706857681274414,6.767279970869021,6.5083277715700465,6.611908486652367,127300,6.083302049636841,7.299016938209534,10.250282273503043,-8.11286316976787
2022-01-12,6.63780403137207,6.793175107744241,6.612771757087651,6.775911654813999,145100,6.081394338607788,7.281421566009522,9.149376964948797,-8.83917417502551
2022-01-13,6.870861053466797,6.888124506903921,6.603277319394764,6.603277319394764,162900,6.082109975814819,7.264950046539306,12.968379078780279,-5.42452447089069
2022-01-14,6.870861053466797,6.948546799730456,6.663699200628103,6.819070693155422,158400,6.074844274520874,7.246200289726257,13.103492747700196,-5.179807640586754
2022-01-18,6.732753753662109,7.034863997719312,6.672331457894739,6.983074046480446,130900,6.066854248046875,7.228665432929993,10.976026098362436,-6.860349034951474
2022-01-19,6.63780403137207,6.758648201883759,6.525591381528911,6.75001668121523,85300,6.057474660873413,7.210987215042114,9.580384615508741,-7.948747745307106
2022-01-20,6.491063594818115,6.767279215812145,6.482432075320902,6.551485877671127,138600,6.043971548080444,7.193113796710968,7.397322161115505,-9.760031910156396
2022-01-21,6.370219707489014,6.568749603356876,6.301165902246826,6.447905032589902,178300,6.029410066604615,7.173973388671875,5.652454172458055,-11.203744949096627
2022-01-24,6.60327672958374,6.629171701629865,6.076740829392333,6.232111896448563,156300,6.026472187042236,7.158359367847442,9.571180694763925,-7.754327629273783
2022-01-25,6.819070816040039,6.914020017451877,6.361588674322277,6.542855144475239,97400,6.029378519058228,7.144818456172943,13.097407875217604,-4.559215074967593
2022-01-26,6.663698673248291,6.983073153948893,6.560117960823148,6.862228577859729,108900,6.033083162307739,7.131536259651184,10.452624205155692,-6.560123504522086
2022-01-27,6.491063594818115,6.82683797628162,6.378850960202435,6.663698100693679,95900,6.034354019165039,7.1154440188407895,7.568491576771463,-8.7750029705721
2022-01-28,6.5860137939453125,6.655067606938768,6.3529569692958034,6.456537688785987,120800,6.038203134536743,7.100737822055817,9.07241189477801,-7.248880905188537
2022-01-31,6.65506649017334,6.737067776444397,6.439273154983785,6.516958887361824,105800,6.049716482162475,7.087619588375092,10.006254173988683,-6.102938974196825
2022-02-01,6.9140191078186035,6.974440982191469,6.646434992535645,6.672330375547694,107700,6.070993919372558,7.0759203815460205,13.886114854372522,-2.288059573842227
2022-02-02,6.758647918701172,6.896755536356489,6.715489493980469,6.8708605638427,235900,6.093748979568481,7.065225501060485,10.911163905208564,-4.339246954160158
2022-02-03,6.60327672958374,6.793174700430243,6.542854442154182,6.793174700430243,129500,6.110170087814331,7.055534942150116,8.070260478555657,-6.409977645558273
2022-02-04,6.801806926727295,6.862228805180269,6.586013562896555,6.646435441349529,693400,6.128693809509278,7.047458381652832,10.982978398653476,-3.4856744321479005
2022-02-07,6.939914703369141,6.948546635680509,6.637804069555464,6.724121334703202,181700,6.146583375930786,7.039616694450379,12.906866773253833,-1.416298577163122
2022-02-08,6.5860137939453125,6.892440397798667,6.573929417830778,6.879492499167499,249400,6.16350830078125,7.02946702003479,6.854951312558599,-6.3084900295511055
2022-02-09,6.508327960968018,6.724121329465878,6.473801054935815,6.646435585096828,143900,6.177690801620483,7.018887493610382,5.352115700915361,-7.274080587659382
2022-02-10,6.732753753662109,6.814755058581268,6.4910649821858435,6.4910649821858435,421100,6.19619197845459,7.006986148357392,8.659540844977908,-3.9136996832735194
2022-02-11,6.991704940795898,7.0262318442216385,6.732752753509697,6.775911176995294,681600,6.22598554611206,6.995675370693207,12.298766018851538,-0.0567554908842971
2022-02-14,6.896755695343018,7.111686359402491,6.784543459207899,7.026232207269368,191300,6.249634761810302,6.984842576980591,10.354540036276717,-1.261114773407701
2022-02-15,6.9140191078186035,6.983072913726535,6.758647632932608,6.767279564467675,357200,6.278723707199097,6.971237914562225,10.118225140104276,-0.8207840192069438
2022-02-16,7.276551723480225,7.380132428399803,7.000335687175081,7.000335687175081,162800,6.312905378341675,6.963671050071716,15.26470440131462,4.493042120438551
2022-02-17,7.431923866271973,7.475082707811809,7.216130481759223,7.2420262805949855,571500,6.3476049423217775,6.958537964820862,17.082331584951802,6.80295061756262
2022-02-18,7.267920970916748,7.466450481745022,7.23339406367764,7.302447878155856,217800,6.378161287307739,6.952874820232392,13.95009695630607,4.531163854231823
2022-02-22,7.112548351287842,7.397395496734074,6.905386940633541,7.181602154839275,458000,6.403883829116821,6.943866591453553,11.066167673887284,2.4292194789845345
2022-02-23,7.285183906555176,7.384449483706106,7.052127491891193,7.224762025565697,574000,6.4308148288726805,6.937544150352478,13.285549349774485,5.010991622806982
2022-02-24,7.3197102546691895,7.3801329542337575,6.931282377748745,7.3801329542337575,367400,6.463442783355713,6.932719876766205,13.247854123788127,5.582085888107424
2022-02-25,7.949828624725342,7.9739973793542545,7.362870332812452,7.362870332812452,653400,6.512471046447754,6.930342006683349,22.07084788594338,14.710480623594613
2022-02-28,8.977002143859863,9.028792904945268,7.984353161201226,7.984353161201226,884300,6.582215433120727,6.93380419254303,36.382685055990805,29.467200033052478
2022-03-01,8.381416320800781,9.184168092739757,8.243308666098711,9.097850396957686,412600,6.637113313674927,6.9329214811325075,26.281049074933517,20.892993575800013
2022-03-02,8.614471435546875,8.674894142422598,8.329624236459585,8.484995735302261,204400,6.697880725860596,6.932541289329529,28.614882649168404,24.261379428149233
2022-03-03,8.67489242553711,8.718051258139038,8.398676390796526,8.45909908571373,294500,6.759856557846069,6.934078688621521,28.3295340855759,25.105191548693796
2022-03-04,9.019447326660156,9.019447326660156,8.583303845346823,8.583303845346823,695900,6.824062366485595,6.937338862419129,32.17123235796551,30.013071374099965
2022-03-07,9.246240615844727,9.630046450248916,9.071782586510741,9.159011601177733,594100,6.893149309158325,6.942354350090027,34.13666527664003,33.1859503213751
2022-03-08,9.760891914367676,9.848120953824717,9.124122754715696,9.438145799381056,677400,6.974083003997802,6.949777398109436,39.95950304538061,40.44898642398178
2022-03-09,9.47303295135498,9.586430318455406,9.089227181988255,9.455587650504281,472000,7.051158466339111,6.9560511112213135,34.34718559478469,36.18406190364731
2022-03-10,9.682385444641113,9.865565736789815,9.455590638766024,9.55154190346195,251200,7.132075729370118,6.964282898902893,35.75830953068457,39.02918053725835
2022-03-11,9.342190742492676,9.656213660133355,9.176456632818342,9.499202617251733,176100,7.208260717391968,6.969695305824279,29.60395175429764,34.04016004380854
2022-03-14,9.211350440979004,9.268048725982377,8.661809569636613,9.141566720538286,358000,7.2818288993835445,6.973956422805786,26.497759948174647,32.082133620116046
2022-03-15,9.185179710388184,9.246240351661472,8.749036313269766,8.836265325444455,282800,7.35245677947998,6.978500909805298,24.92667397954873,31.621100707780126
2022-03-16,9.752167701721191,9.769613006954355,9.150289281441376,9.176458487107526,579300,7.426483201980591,6.984182004928589,31.316094529377736,39.63221025510639
2022-03-17,9.874287605285645,10.03566105048362,9.638770570962597,9.821950856270579,346500,7.495356101989746,6.9879883289337155,31.738738906139208,41.303722051183556
2022-03-18,9.74344539642334,9.935348760286606,9.525373656721614,9.935348760286606,395500,7.5624753284454345,6.991057596206665,28.83936771039004,39.37012050523108
2022-03-21,10.144697189331055,10.275539897287292,9.856842566325215,9.856842566325215,237600,7.634339532852173,6.996298813819886,32.88244707582475,45.00091347287931
2022-03-22,10.013853073120117,10.34532219032523,9.83939586192732,10.214479489900034,199000,7.70203314781189,7.002294182777405,30.0157098903814,43.00817434591417
2022-03-23,10.397659301757812,10.493610555626926,10.205755962142021,10.23192433467404,252200,7.778438701629638,7.010084309577942,33.67283205020859,48.32431169980931
2022-03-24,10.249369621276855,10.46482422874706,10.223201250914187,10.397658439794464,176200,7.8492889404296875,7.017754340171814,30.577045883544486,46.04913658214378
2022-03-25,10.449996948242188,10.554672111154709,10.092359442570254,10.127250886248548,331000,7.92553279876709,7.02692458152771,31.85229578341795,48.713663096840506
2022-03-28,9.560263633728027,10.249370192091412,9.490480754289523,10.249370192091412,278500,7.979320850372314,7.031439032554626,19.812999289055355,35.96453854559898
2022-03-29,9.595155715942383,9.686745439384223,9.089229390197447,9.394530132092108,307400,8.033806743621826,7.03648362159729,19.434734020209522,36.36293682957896
2022-03-30,9.534095764160156,9.883010179733342,9.490481254244111,9.638770088832112,204700,8.089833583831787,7.039758396148682,17.852804577029225,35.43214450905132
2022-03-31,9.848118782043457,9.917901665468936,9.411975344695424,9.411975344695424,291500,8.154039878845214,7.044728817939759,20.775945768837232,39.79415015897736
2022-04-01,9.952792167663574,10.109804056488175,9.778334975568193,9.787058043142338,155900,8.223274450302124,7.05507640838623,21.0319834004556,41.072776417175106
2022-04-04,9.917901992797852,10.083636970311446,9.638770449883525,10.013853252705248,189600,8.2942280960083,7.06575168132782,19.575949419222805,40.365844146592565
2022-04-05,9.577709197998047,10.140334614626967,9.551540825466663,9.917901368416294,187100,8.353716745376587,7.0726756715774535,14.652070329041077,35.41847021895015
2022-04-06,9.403250694274902,9.734719750717657,9.316022520607303,9.656213812102603,181000,8.405400342941284,7.07797420501709,11.871538661113213,32.85228826645883
2022-04-07,9.333470344543457,9.534096778756425,9.159013118191535,9.446867749641626,137500,8.458795776367188,7.082045111656189,10.34041477416916,31.790608466778814
2022-04-08,9.621323585510254,9.760889346421608,9.316023691486052,9.368360435889034,205200,8.521400976181031,7.087638974189758,12.907767307320949,35.74793553321669
2022-04-11,9.368361473083496,9.577710137628037,9.289855515909881,9.560264831521481,130400,8.577047929763793,7.092972259521485,9.225942886173133,32.0794884049852
2022-04-12,9.664937973022461,9.821949868024996,9.499203841980096,9.499203841980096,135100,8.637245359420776,7.10129478931427,11.89838392724094,36.10106691480901
2022-04-13,9.9091796875,10.031300162871796,9.717277152901339,9.821951489558158,201600,8.697148571014404,7.109750599861145,13.935959660675646,39.37450474976616
2022-04-14,9.935346603393555,10.040020915901016,9.760888584003633,9.917900468703568,137300,8.760682544708253,7.11867199420929,13.40836233581868,39.56741666810184
2022-04-18,9.917901992797852,10.258094184632899,9.76961315265521,9.987684878526434,494600,8.826975049972534,7.125748748779297,12.359012421007275,39.18399795525873
2022-04-19,10.031301498413086,10.205758749401234,9.708555376115564,9.874289556584857,198200,8.89156494140625,7.134522271156311,12.818177278324882,40.6022872613065
2022-04-20,10.2232027053833,10.292985590863518,9.7783361865387,10.092359171199682,269400,8.957230701446534,7.146305606365204,14.133520126173838,43.05577270971324
2022-04-21,9.778334617614746,10.292983939364598,9.638768869047494,10.26681556947761,218400,9.021077117919923,7.15665962934494,8.394313559193156,36.632662779154316
2022-04-22,9.481758117675781,9.98332289840819,9.394529930348778,9.65621532420737,234800,9.080545721054078,7.165070490837097,4.418373178733703,32.333075156780836
2022-04-25,8.897327423095703,9.124122247576016,8.461183913807897,9.07178466043528,255600,9.12383719444275,7.169052829742432,-2.482615225587448,24.107432800371264
2022-04-26,8.967110633850098,9.289856742264755,8.862436287759756,8.862436287759756,194300,9.163345308303834,7.17350962638855,-2.141517839297269,25.00311703581728
2022-04-27,9.14156436920166,9.272407875510892,8.705421011925763,8.967107192666788,136200,9.208241481781005,7.17904791355133,-0.7241025630275844,27.336723187845568
2022-04-28,9.307300567626953,9.490480835693631,8.914771659449086,9.185180111623318,146900,9.256107110977172,7.1867957067489625,0.5530776171449814,29.50556753528797
2022-04-29,9.813227653503418,10.205756593268031,9.638770439372214,9.944070356132418,347500,9.306840629577637,7.197700788974762,5.441019612138365,36.33836611456602
2022-05-02,10.205757141113281,10.284263099655929,9.639642764569459,9.8393965558327,952800,9.362317295074464,7.211614601612091,9.008879099649336,41.51833819338984
2022-05-03,10.624454498291016,10.816357013547671,10.249370872500794,10.292985383014615,541700,9.429447965621948,7.229044561386108,12.673133538949944,46.96899995666739
2022-05-04,10.964646339416504,10.99081554601904,10.423828547795301,10.816357496179345,552000,9.506489925384521,7.247589678764343,15.338536362810085,51.28679775489013
2022-05-05,10.720405578613281,11.016983246949012,10.249370702985233,11.016983246949012,275300,9.575194358825684,7.2635746192932125,11.960187719135229,47.591318882278365
2022-05-06,10.694239616394043,10.91841736547567,10.572119127819834,10.886142171739237,201800,9.64268494606018,7.280223743915558,10.905206135180311,46.89438116969615
2022-05-09,9.455588340759277,10.484886954288244,9.403250770631765,10.484886954288244,324900,9.67280014038086,7.290721452236175,-2.245593793619205,29.69345218721948
2022-05-10,10.275540351867676,10.585202661150495,9.778337041384981,9.90917975512958,311300,9.698770904541016,7.304900486469268,5.946830304617401,40.66639745333791
2022-05-11,10.101081848144531,10.798911507763208,10.092358779828372,10.432550957260341,222400,9.733164215087891,7.317286689281463,3.7800413609205608,38.044090344865644
2022-05-12,10.135972023010254,10.284260838345482,9.77833458551146,10.031297711928472,199000,9.763594226837158,7.3296799492836,3.8139417464681413,38.286693186391304
2022-05-13,10.572117805480957,10.711683585321866,10.27554010738019,10.292986245799137,242900,9.801538734436035,7.346220586299896,7.861817332187071,43.912338069416215
2022-05-16,11.060598373413086,11.156549634804124,10.668068595273324,10.668068595273324,362600,9.842361755371094,7.365119936466217,12.377482644114203,50.17540065640749
2022-05-17,11.060598373413086,11.33972992064347,11.043152235772373,11.226332521611718,293500,9.878648910522461,7.385860390663147,11.964687414203423,49.75368864804657
2022-05-18,10.903585433959961,11.395555321875582,10.720405165394332,11.139103278634721,252800,9.901502780914306,7.405229978561401,10.120510746886069,47.24168547805423
2022-05-19,10.990815162658691,11.392067165914552,10.598285396088478,10.598285396088478,374200,9.931858425140382,7.427169718742371,10.662221431165264,47.981203861862824
2022-05-20,11.034428596496582,11.226331941235308,10.859971388496643,11.112934548065951,210300,9.95889928817749,7.448825407028198,10.799680538951595,48.136491239078524
2022-05-23,11.19144058227539,11.235055092566832,10.84252616369905,11.069320119834876,366800,9.995884284973144,7.470764033794403,11.960485568040546,49.8031597792449
2022-05-24,11.217608451843262,11.365897281046985,10.868694048938943,11.060597386475097,429300,10.03600944519043,7.493921427726746,11.773594007716781,49.68943242905182
2022-05-25,11.505462646484375,11.557800221058677,11.069319241916123,11.243777269245445,269400,10.082415103912354,7.517011735439301,14.114153483125547,53.05899540160803
2022-05-26,12.063728332519531,12.168402665657942,11.557801973078389,11.557801973078389,1072700,10.12864631652832,7.542893371582031,19.10504084670692,59.935024111169554
2022-05-27,12.281800270080566,12.430089119104304,11.906716612917267,11.959054196287038,230300,10.17679656982422,7.570785918235779,20.684344880175853,62.22622595227993
2022-05-31,11.758427619934082,12.744111967662661,11.583970397300186,12.40392059149598,246100,10.217096214294434,7.597233211994171,15.085806899647448,54.772497984797994
2022-06-01,12.26435375213623,12.351581939966366,11.880547063675364,11.906715436836645,225700,10.259489345550538,7.627046999931335,19.541561368794504,60.80081520733573
2022-06-02,12.150956153869629,12.32541335845849,11.82821011741084,12.229462103904009,219800,10.302231407165527,7.657214350700379,17.944896339818726,58.686378588294616
2022-06-03,12.203291893005371,12.377749083208226,12.037557770282033,12.12478594944471,285200,10.33834405899048,7.68797812461853,18.039134926962387,58.73213600761758
2022-06-06,12.374676704406738,12.506508863153504,12.075856250534416,12.304366107986006,299400,10.380850200653077,7.720728597640991,19.206774639983017,60.278612930232065
2022-06-07,12.524085998535156,12.68228524778316,12.19889930476743,12.409831078319193,228400,10.422331981658935,7.754016895294189,20.165870944956055,61.51739372835079
2022-06-08,12.462563514709473,12.740290580698824,12.216475625683955,12.673495272587088,241600,10.480377979278565,7.785825974941254,18.91330197584491,60.06732689402945
2022-06-09,11.7067232131958,12.339519311742901,11.592468303863111,12.339519311742901,316500,10.522609329223632,7.813270044326782,11.253044249049715,49.831288906954605
2022-06-10,12.12858772277832,12.172532048220473,11.320015152048546,11.566102201088997,464800,10.574499168395995,7.843283710479736,14.696568883631201,54.63660592275672
2022-06-13,11.100295066833496,11.706724114248036,10.959673887036985,11.706724114248036,269500,10.599542694091797,7.868490664958954,4.724282803453583,41.07273604920012
2022-06-14,11.425480842590332,11.478214199888638,11.047560823429265,11.267281608863694,658600,10.628996467590332,7.894110088348389,7.4935049365066675,44.734247619047075
2022-06-15,11.504581451416016,12.093433274206465,11.443059894403637,11.592469270266793,1042900,10.660730056762695,7.920752663612365,7.915512260044699,45.246063600339696
2022-06-16,11.135449409484863,11.337592128613123,10.70479687364514,11.19697096084246,496700,10.691884860992431,7.94534036397934,4.1486094758717895,40.15069083721154
2022-06-17,9.614981651306152,11.135449993440092,9.597404423497188,11.135449993440092,514200,10.696119480133056,7.961865451335907,-10.107757592227784,20.76292559921209
2022-06-21,10.529021263122559,10.731164852814203,9.688809399591761,9.825915311590949,425400,10.720030498504638,7.982584140300751,-1.781797499631399,31.89990957897837
2022-06-22,9.632559776306152,10.036846076409393,9.597404482304494,9.966535488406075,341200,10.720255222320556,7.999197118282318,-10.14617118209763,20.41908248880069
2022-06-23,9.281007766723633,9.74242115152379,9.043708879796643,9.685294107357148,381600,10.71850814819336,8.014303395748138,-13.411384882998135,15.805545515628028
2022-06-24,9.702872276306152,9.887437815726452,9.386474567943562,9.421629868872738,1168200,10.719266834259033,8.032397699356078,-9.481941010223382,20.79671151098492
2022-06-27,10.063212394714355,10.181861826959206,9.755603779988993,9.9138021848138,234600,10.72234748840332,8.052544770240784,-6.14730211273089,24.96934424884234
2022-06-28,10.124735832214355,10.326878585177848,9.905015011253125,10.326878585177848,537000,10.726135272979736,8.072622864246368,-5.606860490379684,25.42064707440741
2022-06-29,9.931381225585938,10.326878533711417,9.685294142022949,10.300512270014627,194000,10.726404857635497,8.090184617042542,-7.411836888513756,22.75840040367911
2022-06-30,9.562250137329102,9.86107058508445,9.39086816683288,9.597405434819825,378900,10.717023830413819,8.106282804012299,-10.77513413572514,17.960973833729987
2022-07-01,9.694080352783203,9.843490546751436,9.23706157689138,9.641347836187498,138300,10.706441383361817,8.122615602016449,-9.455625770779996,19.346782216022085
2022-07-05,8.753678321838379,9.395262773982113,8.58669085179926,9.395262773982113,226000,10.68594825744629,8.134628474712372,-18.082344112619552,7.610056796698328
2022-07-06,8.551531791687012,8.84156397328712,8.164823613167208,8.525165534511803,281800,10.667343730926513,8.14601270198822,-19.83447794135843,4.9781298474997016
2022-07-07,8.613055229187012,8.999763454993312,8.577899935931892,8.674576782841392,435900,10.66165828704834,8.159232883453369,-19.214675641498914,5.562071241451871
2022-07-08,8.81519889831543,8.911876593729273,8.481223157601526,8.73609927049261,217000,10.658620052337646,8.173421325683593,-17.295120240428474,7.852006486135243
2022-07-11,8.586688995361328,8.70094307016782,8.314234843164758,8.595477190076076,213800,10.64752254486084,8.18578795671463,-19.355052227564418,4.897525330079522
2022-07-12,8.454856872558594,8.4900121694815,8.07693680201106,8.340601948017051,194500,10.630473670959473,8.196476538181305,-20.46585002457858,3.1523342154849976
2022-07-13,8.753678321838379,8.850355189948553,8.331813872096227,8.349391941662708,329700,10.609282684326171,8.20887149810791,-17.490384766815627,6.636805361809395
2022-07-14,8.191192626953125,8.46452523725373,8.015416123016713,8.349391899580137,169400,10.56899139404297,8.215736973285676,-22.497877786427654,-0.2987479566636475
2022-07-15,8.358179092407227,8.446066905923143,8.204374371043999,8.446066905923143,245800,10.523665885925293,8.223352472782135,-20.577304686328578,1.6395578332722982
2022-07-18,8.533955574035645,8.885508505112666,8.498800280927941,8.630632420539749,134200,10.475052070617675,8.230912873744964,-18.530662029134636,3.681762945849276
2022-07-19,8.823987007141113,8.84595875115832,8.507589367184451,8.63063247475011,281100,10.437123699188232,8.239626252651215,-15.455759062935925,7.092078409525815
2022-07-20,8.964609146118164,8.999764443233591,8.560322810206541,8.674577735373783,485900,10.402531089782714,8.24912764787674,-13.822808422816113,8.673420133407483
2022-07-21,8.33181095123291,8.665786612398577,8.1384572827961,8.665786612398577,340400,10.380055541992187,8.255040509700775,-19.73250126141587,0.9299826141606404
2022-07-22,8.261502265930176,8.529561927055257,8.164825409571677,8.375757189718433,218300,10.339774780273437,8.260983917713165,-20.09978513563234,0.0062746547163650135
2022-07-25,8.832776069641113,8.89429762363029,8.235135242883466,8.410911710115624,148300,10.31440866470337,8.271227126121522,-14.364687722065028,6.789185388781704
2022-07-26,8.692155838012695,9.078864107839399,8.674577770300008,8.964609182212136,83000,10.285532341003417,8.279536068439484,-15.491434474798204,4.983609783959575
2022-07-27,9.20190715789795,9.2282734186928,8.651725930123945,8.700943173785884,144700,10.258128128051759,8.28971450805664,-10.296429884371205,11.003909108748712
2022-07-28,9.219484329223633,9.404049829993516,9.052496894321507,9.404049829993516,217100,10.221305847167969,8.300447826385499,-9.801306534838815,11.07213155315183
2022-07-29,9.746813774108887,9.746813774108887,9.237061639971982,9.351316544267254,290700,10.195030155181884,8.314284784793854,-4.3964203562966375,17.229732038226686
2022-08-01,9.395261764526367,9.474361392739844,9.087653123679777,9.421628866043127,271200,10.164863681793213,8.326958336830138,-7.5711976211281335,12.829455660551625
2022-08-02,9.975324630737305,10.107156775145786,8.929453155934908,9.01734181098612,413100,10.144553871154786,8.342107665538787,-1.6681782419103786,19.577989528297877
2022-08-03,9.84349250793457,10.42355533506647,9.588616391826056,10.186257286770877,324500,10.120735149383545,8.356470470428468,-2.7393527975669074,17.794857802325925
2022-08-04,9.430418968200684,9.852283457902056,9.395263663906283,9.852283457902056,190900,10.08551471710205,8.370338699817658,-6.495412155717927,12.664723691600654
2022-08-05,9.606194496154785,9.887436876883354,9.298585013606607,9.298585013606607,124300,10.053286437988282,8.383557469844819,-4.4472217576938196,14.583749568219972
2022-08-08,9.298583030700684,9.742419091995979,9.223877934479333,9.641347737745983,201500,10.009148845672607,8.394856095314026,-7.099163234835215,10.76524630232929
2022-08-09,9.368894577026367,9.641348731979088,9.263428695867729,9.483149491156972,81700,9.955252170562744,8.406209099292756,-5.889932103078321,11.452076273175326
2022-08-10,9.193119049072266,9.386473603398043,9.070075089379788,9.386473603398043,113300,9.893478546142578,8.417277584075928,-7.079001524123985,9.217249368894521
2022-08-11,9.72044849395752,9.764391983120701,9.412839040805268,9.412839040805268,223500,9.852718963623047,8.430643086433411,-1.3424768346065652,15.299015677696781
2022-08-12,9.72044849395752,9.746814755089094,9.35131748544215,9.72044849395752,140900,9.801840858459473,8.444348218441009,-0.8303783511411256,15.111885991742092
2022-08-15,9.447994232177734,9.483149526026546,9.140384782374387,9.447994232177734,169900,9.747781620025634,8.457964696884154,-3.07544218298883,11.705292830771663
2022-08-16,9.078863143920898,9.641348678480812,8.973397263347474,9.52709376498419,228500,9.685293045043945,8.470032694339752,-6.26134798712531,7.188053122722993
2022-08-17,9.254640579223633,9.4128398357095,8.91187664106212,8.973398201620668,135600,9.622892322540283,8.484083378314972,-3.8268301356139234,9.08238599915434
2022-08-18,9.465571403503418,9.535881984555308,9.307372177052544,9.439204306982779,158600,9.561722030639649,8.497745287418365,-1.0055785644900062,11.389210706491792
2022-08-19,9.395261764526367,9.471725353122888,9.210696244751054,9.395261764526367,141500,9.500375995635986,8.51054620027542,-1.1064218001256343,10.395520374735945
2022-08-22,9.395261764526367,9.531489274524423,9.105230353189217,9.27221864345509,332400,9.454146766662598,8.521351778507233,-0.6228484028180326,10.255532323208772
2022-08-23,9.667715072631836,9.887435869737105,9.5798264185224,9.5798264185224,231700,9.404929313659668,8.53402907848358,2.794127953630654,13.284299639973817
2022-08-24,9.905013084411621,9.948956569520723,9.606192691927514,9.746813855880445,461300,9.38102367401123,8.548020226955414,5.58563146847213,15.874937370609544
2022-08-25,10.054424285888672,10.1203412019742,9.88743683262073,9.975325495289166,122600,9.353602542877198,8.562461252212524,7.49253284816076,17.42446464549696
2022-08-26,9.676504135131836,10.054423337348828,9.579826447683502,10.054423337348828,105900,9.317040996551514,8.57535230398178,3.8581255434356088,12.840893203172055
2022-08-29,9.81712532043457,10.010479857336907,9.645743366230413,9.667715110760264,144800,9.290674514770508,8.590687077045441,5.666443322571468,14.276369659258181
2022-08-30,9.272217750549316,9.817125223562265,9.166751869143743,9.711659342156693,160000,9.28381923675537,8.603679394721985,-0.1249645852659742,7.770377360149583
2022-08-31,9.404050827026367,9.62377164465861,9.096442185242267,9.096442185242267,285200,9.261319828033447,8.618307316303254,1.541151818997566,9.117144259136856
2022-09-01,8.999763488769531,9.307372934532507,8.780042695558352,9.237062347758394,169700,9.248663902282715,8.631168529987335,-2.6912040067944454,4.270510505056002
2022-09-02,9.208442687988281,9.346080698930434,9.084123965518328,9.199562597772138,107800,9.247212600708007,8.645242953300476,-0.419260531727772,6.514562259615775
2022-09-06,9.03972339630127,9.386038376798446,8.94204411720568,9.288359944554701,165300,9.233949623107911,8.66004457473755,-2.1033927488687154,4.384259437547144
2022-09-07,9.217321395874023,9.252840904559685,8.657888498935936,8.879885639934294,175500,9.217031803131103,8.676880445480347,0.003141930603089982,6.228516732360689
2022-09-08,9.057482719421387,9.304343419169852,9.048602630991855,9.208440835316063,98300,9.195686740875244,8.694063384532928,-1.5029222433114664,4.180086098003333
2022-09-09,9.306119918823242,9.403799204681011,9.24396098916968,9.270600409470935,78000,9.18318151473999,8.71168287754059,1.338734336089531,6.8234467397241705
2022-09-12,9.394918441772461,9.59915624103804,9.297240009772652,9.439318036991224,95100,9.179834880828857,8.72927936553955,2.343000323380373,7.625361136460396
2022-09-13,8.986443519592285,9.43487781377511,8.933164683822106,9.164041050245922,91300,9.16568214416504,8.743984401226044,-1.9555404797324205,2.7728676909835936
2022-09-14,9.492597579956055,9.587612669981567,9.101882976038508,9.101882976038508,125600,9.180460529327393,8.762748551368713,3.400015169517112,8.328996596317273
2022-09-15,9.155162811279297,9.341640450596588,9.039724192001744,9.252841252120957,95500,9.192533149719239,8.779528350830079,-0.40652927578600506,4.278526652444858
2022-09-16,8.853245735168457,9.146281877486155,8.835485558372552,9.075242864006219,229700,9.197336959838868,8.794756104946137,-3.74120493978769,0.6650511910094581
2022-09-19,9.528117179870605,9.590276957132065,8.737807875456951,8.737807875456951,227100,9.21159532546997,8.814886558055878,3.4361241806341036,8.091205906250831
2022-09-20,8.8976469039917,9.323881060257365,8.888766814023166,9.323881060257365,140900,9.217814483642577,8.830803318023682,-3.4733567291794554,0.7569366405385747
2022-09-21,8.915404319763184,9.243959956273017,8.897644990497364,9.01308274785471,114900,9.22702543258667,8.848082480430604,-3.3772651338203508,0.7608636049841966
2022-09-22,8.77332592010498,9.155161221659045,8.684526737047644,8.95092343936788,132400,9.227418384552003,8.864111769199372,-4.921121439635135,-1.0241956719211354
2022-09-23,8.098454475402832,8.435890184401089,8.009656139467566,8.427010096752031,192100,9.225563621520996,8.876119313240052,-12.217238884883875,-8.761315732622222
2022-09-26,7.796540260314941,8.249414683797582,7.734381324608221,7.8498199529578345,136100,9.21433084487915,8.886401495933534,-15.386799198252621,-12.264370860548201
2022-09-27,8.000778198242188,8.276054214398997,7.832059875053952,7.983018018179427,167800,9.203667297363282,8.897273280620574,-13.069671689085338,-10.076065487738472
2022-09-28,8.533570289611816,8.604609311099695,8.027417049797698,8.080696739339574,179300,9.197858963012695,8.910247962474823,-7.222209821570214,-4.22746566032024
2022-09-29,8.284934997558594,8.40925372784259,8.062937809313505,8.355974030048857,170300,9.184265480041503,8.923231074810028,-9.792078467649489,-7.153194531219997
2022-09-30,8.31157112121582,8.524688980876531,8.12509352329503,8.20501261481133,401900,9.183860683441162,8.93729685306549,-9.498070498805722,-7.0012862069703585
2022-10-03,8.764446258544922,8.799965764124414,8.560209313175793,8.649007653698618,330800,9.193919563293457,8.95367017030716,-4.671275420585575,-2.1133670122198134
2022-10-04,9.110764503479004,9.18180353358842,8.835487626665989,8.9509262623068,166600,9.199479331970215,8.9710413813591,-0.9643461905817552,1.5574905541092976
2022-10-05,9.421557426452637,9.492596436791725,9.110761967932074,9.110761967932074,131900,9.214067363739014,8.990268664360046,2.251883500767282,4.797284466062068
2022-10-06,9.412677764892578,9.514796231837538,9.32387858250893,9.332758670117649,96700,9.218282775878906,9.009451549053193,2.1087982842350694,4.475591146075497
2022-10-07,9.368280410766602,9.590277572884995,9.288361296907667,9.519238548755267,146900,9.221258697509766,9.027247166633606,1.5943779269151026,3.777821054834063
2022-10-10,9.03972339630127,9.465957479021439,9.030843307864972,9.252840437661353,82100,9.207116889953614,9.04348631620407,-1.8180880687525214,-0.041609173400958266
2022-10-11,8.959805488586426,9.13740304673021,8.71116890718513,8.871006286088555,105700,9.198407764434814,9.059714307785034,-2.5939519312345727,-1.1027811231614337
2022-10-12,9.030843734741211,9.075243332169567,8.640128293593934,8.897645789308026,74700,9.179518146514893,9.076772227287293,-1.6196319828631456,-0.5060002762657057
2022-10-13,9.528117179870605,9.554757447347766,8.89320604833273,8.933165602696558,130400,9.173210639953613,9.096230201721191,3.8689457142868644,4.747977662962977
2022-10-14,9.696833610534668,9.750112441477835,9.30167903477448,9.501475921088979,253200,9.178538932800294,9.117049663066863,5.646810255194357,6.359337383194341
2022-10-17,10.034271240234375,10.117742045779842,9.794513914353132,9.794513914353132,131500,9.187100467681885,9.139556312561036,9.221307370400943,9.789478800449869
2022-10-18,10.202988624572754,10.37170692973108,9.769650270203224,10.167469115094987,160100,9.205188579559326,9.162302327156066,10.83953942268061,11.35834924735246
2022-10-19,10.593706130981445,10.860102080322642,10.327309334788177,10.327309334788177,178600,9.229684810638428,9.18501662492752,14.778633813917486,15.336820428074516
2022-10-20,10.664741516113281,10.806819532994933,10.540422827915947,10.691380932565647,161100,9.259117259979249,9.206187119483948,15.180974780496337,15.84319738127473
2022-10-21,10.753540992736816,11.015497681690006,10.726901573461609,10.762421081445844,150900,9.279779109954834,9.228017404079438,15.881432794030758,16.53143380487112
2022-10-24,11.011055946350098,11.059895579897493,10.638100746365012,10.735780013459802,151300,9.305591259002686,9.250315248966217,18.327311396763335,19.03438585599182
2022-10-25,11.073217391967773,11.148696452157981,10.780181239900346,10.89561985235901,217300,9.338095722198487,9.272535474300385,18.58110819794405,19.419520396100175
2022-10-26,11.517210960388184,11.890166194194407,11.188655320483049,11.188655320483049,282900,9.386862678527832,9.297234621047973,22.69499783706712,23.87781345556683
2022-10-27,11.277454376220703,11.801367754386193,11.197535271503678,11.730328738382589,159300,9.427318954467774,9.320087604522705,19.625255395396568,21.001591988772272
2022-10-28,11.437294006347656,11.659291170647451,11.011059010529024,11.375135071336347,254300,9.466753406524658,9.344085054397583,20.81537899217767,22.401432989578286
2022-10-31,12.094405174255371,12.20096370942501,11.312975069492733,11.366254760503532,196200,9.520736274719239,9.370202775001525,27.03224651196452,29.07303571403663
2022-11-01,9.696833610534668,12.20984077045007,9.399357456071451,12.20096068300896,1275000,9.526767711639405,9.384332637786866,1.7851374573506495,3.33002872777004
2022-11-02,10.664741516113281,11.17977475073516,9.679073792006209,9.679073792006209,564300,9.546708240509034,9.403992576599121,11.711191412136767,13.40652844251926
2022-11-03,10.433865547180176,11.082096787452254,10.389465949949459,10.540424072422768,215900,9.557285289764405,9.422972884178161,9.171854044731354,10.727958951249605
2022-11-04,10.806821823120117,11.011058803955379,10.638103507180416,10.69138319822768,210700,9.572333240509034,9.444551675319671,12.896422968089617,14.423873092465623
2022-11-07,11.055458068847656,11.099857668893618,10.833460915469784,10.842341004849363,207700,9.59991231918335,9.467977867126464,15.16207337389648,16.766834734933678
2022-11-08,10.940017700195312,11.286333509020018,10.824579097253743,11.170894906078448,348400,9.622370166778564,9.489661571979523,13.693585993666657,15.283539009423786
2022-11-09,10.380587577819824,10.80682259613058,10.294453411981188,10.789062415560455,189800,9.644537563323974,9.50746915578842,7.631781302764429,9.183499917008131
2022-11-10,10.496025085449219,10.700262905844507,10.327307622385222,10.68250272717886,162700,9.666377048492432,9.526630787849426,8.582823045229526,10.17562577145521
2022-11-11,10.762421607971191,11.170896393199474,10.673623257092293,10.824580538271611,262200,9.701630210876464,9.547987577915192,10.934156157647369,12.719266967470988
2022-11-14,10.265148162841797,10.988858469209232,10.238507896213386,10.629223338244548,210900,9.722764320373535,9.566383249759674,5.578494187416694,7.304379250117088
2022-11-15,10.575942039489746,10.691380636724734,10.282905926066988,10.362825020064424,160300,9.753488693237305,9.585987627506256,8.43240169871422,10.327098786805156
2022-11-16,10.078668594360352,10.522662790643157,10.069788507190282,10.522662790643157,284800,9.770715637207031,9.601810874938964,3.151795309451355,4.966331097668264
2022-11-17,10.24738597869873,10.27402539325938,9.77675236948588,9.874430787442744,111300,9.794513702392578,9.619254565238952,4.6237341645203545,6.529938564362903
2022-11-18,10.18522834777832,10.362825878681011,9.865551945301648,10.194107589184584,142700,9.81209587097168,9.637164323329925,3.8027805854458085,5.686984325063604
2022-11-21,9.776754379272461,10.00763161119696,9.3327600933493,10.00763161119696,142900,9.81973258972168,9.652039060592651,-0.4376719025343312,1.2921136963587099
2022-11-22,10.069788932800293,10.256266536994808,9.9232708757083,9.954350335265426,119500,9.84139949798584,9.667688431739807,2.320700779001972,4.159220726852952
2022-11-23,9.794512748718262,9.989870452462707,9.608035133064886,9.954350946950244,104200,9.847437801361083,9.683730926513672,-0.537449981512006,1.1439993845892005
2022-11-25,9.705714225769043,9.874431662066195,9.679073961997023,9.821152828225745,31600,9.858448829650879,9.699717857837676,-1.5492762251041126,0.061820024244529925
2022-11-28,9.536995887756348,9.723473498828758,9.386037781323834,9.501476383116449,142600,9.872123832702636,9.713739068508149,-3.3946894368984237,-1.819517484516353
2022-11-29,9.61691665649414,9.847793900209796,9.544101786353645,9.732355278351967,171600,9.873899822235108,9.72686512708664,-2.6026511344814818,-1.1303587451451658
2022-11-30,9.741233825683594,9.812272836065368,9.439317608135152,9.794512660044024,177300,9.890771560668945,9.741087517738343,-1.5118915048042747,0.0015019672596539024
2022-12-01,9.687954902648926,9.883312619913365,9.670195572089542,9.856673200648356,95600,9.90622257232666,9.754957196712494,-2.203339043557051,-0.6868537986629897
2022-12-02,9.821152687072754,9.94547052881493,9.616914902014951,9.661314494145063,85200,9.927179107666015,9.767680201530457,-1.0680417814904253,0.5474430411216646
2022-12-05,9.027750968933105,9.91528624930491,8.902241568352057,9.86149589550684,174300,9.94576503753662,9.775659337043763,-9.230200644583997,-7.650720450911608
2022-12-06,9.000855445861816,9.22139459502475,8.8574156546877,9.027750192964815,185700,9.969851341247558,9.784324009418487,-9.719261222850772,-8.007385720285798
2022-12-07,8.687080383300781,9.00085557212212,8.54364059011455,8.964995623825562,151200,9.983577384948731,9.792196669578551,-12.986296911992213,-11.285683116547673
2022-12-08,8.570535659790039,9.045680158925,8.525710513463672,8.9112047199459,156600,9.984316692352294,9.798623428344726,-14.160017917352041,-12.533268346675786
2022-12-09,8.310552597045898,8.588467024181949,8.264830579023325,8.54364186836263,218300,9.98482904434204,9.80357764005661,-16.76820344004668,-15.229389696577034
2022-12-12,8.669151306152344,8.821556308409022,8.316827273682808,8.319516150098437,179500,9.991980648040771,9.807174253463746,-13.238910166902773,-11.60398416403654
2022-12-13,8.875346183776855,9.099471096043631,8.722941175037953,8.89327658714317,253200,9.99419864654541,9.80666597366333,-11.19501925404791,-9.496803423177836
2022-12-14,8.740872383117676,9.02775202364025,8.713977630560878,8.875347000870441,272300,9.986800804138184,9.808463253974914,-12.4757511985644,-10.884384670805524
2022-12-15,8.839485168457031,8.893275517115294,8.516745641413221,8.516745641413221,179100,9.97515935897827,9.809588322639465,-11.385023032229169,-9.889336048318576
2022-12-16,8.534677505493164,8.657497183958089,8.39123683614114,8.552607054806709,230500,9.957599353790282,9.808887248039246,-14.289808193131348,-12.990359765841852
2022-12-19,8.63329029083252,8.821555220101835,8.516745253192605,8.615359890440896,143900,9.942899551391601,9.806956462860107,-13.171301327043883,-11.967690245922624
2022-12-20,8.839485168457031,8.911205063355656,8.561570789467009,8.561570789467009,208300,9.938894786834716,9.804922685623168,-11.06168886941018,-9.846457214616755
2022-12-21,9.153261184692383,9.216015884710103,8.947065826826254,9.045681332532576,286400,9.942763900756836,9.801884531974792,-7.940475344127973,-6.61733307678265
2022-12-22,8.642255783081055,9.126365495423585,8.498815140006332,9.117400294924806,151800,9.934992141723633,9.797730646133424,-13.011951496302842,-11.793290760737186
2022-12-23,8.95603084564209,8.969478647501125,8.700528595100952,8.758801548188124,75900,9.923550415039063,9.794098873138427,-9.749731990384259,-8.55686713348225
2022-12-27,9.009820938110352,9.207051084841432,8.98292619013704,9.153260733926183,176000,9.909810161590576,9.792437024116516,-9.081800849914279,-7.992046148254639
2022-12-28,8.597433090209961,9.135332449183723,8.570538336003478,8.982928272034439,238800,9.881073398590088,9.789367437362671,-12.990899435716031,-12.175805584776644
2022-12-29,8.902241706848145,9.018786762749881,8.588466490576648,8.588466490576648,231600,9.855058460235595,9.78795274734497,-9.668301382807554,-9.048991789800775
2022-12-30,8.902241706848145,9.009821561149282,8.803626199178924,8.884311303646948,353700,9.821229171752929,9.783703117370605,-9.357153252750749,-9.009486489399476
2023-01-03,8.310552597045898,8.982927369429467,8.25676223906897,8.90224225994844,189800,9.774145393371581,9.775884442329406,-14.97412548536704,-14.989250884949568
2023-01-04,8.56157112121582,8.606396271006519,8.170697422381936,8.211935978810716,227800,9.730305995941162,9.76997507095337,-12.011285926802916,-12.368546909911737
2023-01-05,8.63329029083252,8.749835328472434,8.445025361563204,8.561570399203118,132400,9.682750682830811,9.762418036460877,-10.838453104644795,-11.566066331223146
2023-01-06,8.678115844726562,9.036715319728243,8.660185443492184,8.776730486609878,138700,9.634848651885987,9.755739350318908,-9.929920455700646,-11.046046505507745
2023-01-09,8.947065353393555,9.117400751526475,8.835002906452441,8.866381109769593,120900,9.583445739746093,9.748486380577088,-6.640413100198749,-8.220979092511083
2023-01-10,9.153261184692383,9.153261184692383,8.687080970364555,8.920171077528469,129800,9.540961875915528,9.743005838394165,-4.063538836706049,-6.053005237642184
2023-01-11,9.251874923706055,9.377385166341783,9.054645641666658,9.224980177058606,144000,9.497253494262695,9.737015228271485,-2.583679278486928,-4.982433458220569
2023-01-12,9.709091186523438,9.861496196133912,9.296701311395454,9.35049166683332,267000,9.449547214508057,9.737759366035462,2.746628659803907,-0.29440221753699314
2023-01-13,9.610475540161133,9.709090184152723,9.386350649751387,9.673230235885908,101000,9.447820053100585,9.737835965156556,1.721619232228777,-1.3078924871104625
2023-01-17,9.601511001586914,9.735985603120291,9.458071198626335,9.673230903067203,117500,9.42655544281006,9.738173041343689,1.8559861005251754,-1.4033642571001037
2023-01-18,9.117401123046875,9.81667058106239,9.090506374076302,9.682195981240863,162200,9.400226154327392,9.734519453048707,-3.0087045421808067,-6.339484275297835
2023-01-19,9.207053184509277,9.287737446829256,9.009822992799865,9.018788195825024,136800,9.368230781555177,9.730790758132935,-1.7204699671066748,-5.382271458112697
2023-01-20,9.090506553649902,9.287735856621715,9.009821450175673,9.278771510100212,169100,9.32893175125122,9.726653780937195,-2.5557609805574977,-6.540247464488214
2023-01-23,9.162225723266602,9.2429108202914,8.982925982638495,9.198085671392223,130700,9.293375911712646,9.724576363563537,-1.411222247888988,-5.782777771214542
2023-01-24,9.099470138549805,9.162225688759744,9.009820696057691,9.036715443308465,107800,9.267753562927247,9.723057460784911,-1.8157952003666544,-6.413490044157022
2023-01-25,9.35049057006836,9.359454915782619,8.875345193500218,9.072575333680039,121100,9.244842872619628,9.723142561912537,1.142774397622559,-3.832629105983998
2023-01-26,9.29670238494873,9.422212658818143,9.0546478949484,9.422212658818143,102500,9.21552848815918,9.721519455909728,0.8808382166453965,-4.369862889105791
2023-01-27,9.081542015075684,9.319114742095133,8.991891703567168,9.305666938878236,108600,9.191856365203858,9.72008535861969,-1.200131352637035,-6.569318272269609
2023-01-30,9.081542015075684,9.1622271244396,8.89327704488279,8.947066547812911,130700,9.161968364715577,9.717168378829957,-0.8778282835992912,-6.54127147924145
2023-01-31,9.493929862976074,9.516342008538656,9.063609657432378,9.108434803526093,553700,9.15027359008789,9.715092129707337,3.7556939637351627,-2.276481414468323
2023-02-01,9.359456062316895,9.493931524127182,9.09050684863372,9.493931524127182,217500,9.132514991760253,9.712212677001952,2.484978899694079,-3.632093184289187
2023-02-02,9.117401123046875,9.233946175210903,8.776731167867867,9.233946175210903,206700,9.111158447265625,9.708210172653198,0.06851681723440972,-6.08566398027267
2023-02-03,9.10843563079834,9.42221082698438,9.072575681660103,9.117400831825055,122400,9.097792072296143,9.703595843315124,0.11699056669594032,-6.133398609411323
2023-02-06,9.153261184692383,9.198086336834468,8.73190612250664,9.117401233972448,331000,9.079461517333984,9.69824613571167,0.8128198706223388,-5.619417608019861
2023-02-07,9.511859893798828,9.520825094468753,9.162225617357697,9.278770661160939,237300,9.073808460235595,9.69691376209259,4.827646907942995,-1.9083790248520027
2023-02-08,9.493929862976074,9.619439246076217,9.332559679026119,9.484964662763621,177200,9.069572772979736,9.696974620819091,4.678909366718931,-2.093898002033401
2023-02-09,9.090506553649902,9.700125720514361,9.081541352159727,9.547720715056078,177100,9.060642986297607,9.697940516471864,0.3295965573023807,-6.263535662961017
2023-02-10,9.50289535522461,9.50289535522461,9.171189776918512,9.251874871373046,267200,9.058362560272217,9.700619440078736,4.907429924498774,-2.0382624643248692
2023-02-13,9.664263725280762,9.744948811688008,9.341524234620262,9.475998808653348,225100,9.05682315826416,9.70323293685913,6.70699379243509,-0.4016105954783189
2023-02-14,9.305665969848633,9.72702102211159,9.233946070097744,9.619440317516611,202500,9.049177379608155,9.703224763870239,2.834385706909237,-4.09718216053191
2023-02-15,9.404281616210938,9.458071974216457,9.081542033084027,9.144296738283186,269000,9.040839958190919,9.701180033683777,4.01999880211068,-3.0604361164514926
2023-02-16,9.359456062316895,9.597028779703647,9.323596110161224,9.431176821596935,145900,9.047474060058594,9.696948528289795,3.4482773886646667,-3.4803986531258047
2023-02-17,8.947065353393555,9.323595243513186,8.785696011177013,9.323595243513186,187200,9.046398258209228,9.688561582565308,-1.0980381581756404,-7.653315952556728
2023-02-21,8.543642044067383,9.072577012681963,8.53467769669415,8.90224244302801,298400,9.043529491424561,9.676456561088562,-5.527570268125858,-11.706914714798678
2023-02-22,8.51674747467041,8.713977655580349,8.34641290136326,8.642257745243784,417400,9.042453727722169,9.665438270568847,-5.813756629354483,-11.884518464063731
2023-02-23,7.880232810974121,8.328482688401474,7.4319829335467675,8.256762776410602,592300,9.033847332000732,9.651368236541748,-12.769913843243131,-18.351133043103694
2023-02-24,8.247795104980469,8.3195149955045,7.880230452302673,7.880230452302673,177900,9.025420207977294,9.645329270362854,-8.615943469418818,-14.489232313474055
2023-02-27,8.014705657958984,8.24779574781339,7.990500641879067,8.21193579975645,217400,9.008207397460938,9.63402509689331,-11.02885064326985,-16.808337352748946
2023-02-28,8.005742073059082,8.238831330098334,7.987811669842157,8.068496774380955,164800,8.993504791259765,9.623548398017883,-10.983067681918946,-16.81091275326274
2023-03-01,8.211935997009277,8.225383798466876,7.960916354581148,8.032636252417756,152700,8.98095380783081,9.613928217887878,-8.56276323513655,-14.582927905265864
2023-03-02,8.49881649017334,8.57053725058893,8.140216962938956,8.176076915662394,206300,8.980236587524415,9.60356171131134,-5.360884344849848,-11.50349479023809
2023-03-03,9.072575569152832,9.287735261314097,8.79466118052002,8.884310624769572,646700,8.98902229309082,9.593621597290038,0.9295034914557299,-5.431171355397102
2023-03-06,8.947065353393555,9.09050600365182,8.897758458118126,9.000855704111482,302400,8.991173896789551,9.58305393218994,-0.49057602380202514,-6.6365960506605255
2023-03-07,8.947065353393555,9.036715652933893,8.866381109769593,8.911205404571144,231400,8.987049980163574,9.57327133178711,-0.44491381330107327,-6.541191163299631
2023-03-08,8.97396183013916,9.108436437576454,8.911206272362215,8.947066224676739,307800,8.993684101104737,9.563187065124511,-0.21929023461202402,-6.161389827186026
2023-03-09,8.63329029083252,9.135329532238329,8.615359890440896,9.063609640608927,295400,8.987229290008544,9.551181373596192,-3.9382437874319387,-9.610236125356607
2023-03-10,8.45398998260498,8.857414559125257,8.42709438386007,8.570535012260791,384900,8.976112670898438,9.53749412059784,-5.816801854395582,-11.36046978684735
2023-03-13,8.100231170654297,8.599124878562879,8.00952275191114,8.16372654473875,373800,8.966168632507324,9.521907234191895,-9.657831537023798,-14.930580907494562
2023-03-14,8.32699966430664,8.585517480737435,8.218150102917853,8.29978662516488,342700,8.954663791656493,9.506014919281006,-7.009354476654705,-12.402834047556288
2023-03-15,7.909743785858154,8.027664378274634,7.737397971918857,7.918813935229,554400,8.934813833236694,9.4852449965477,-11.472763355912042,-16.61002126210733
2023-03-16,7.746469020843506,7.909743821079455,7.329211870842399,7.6194774134311505,423000,8.923532161712647,9.462568340301514,-13.190551897369229,-18.135661035588633
2023-03-17,7.0843000411987305,7.673902568231766,7.075229459336873,7.673902568231766,863900,8.893986740112304,9.439197702407837,-20.347306014655953,-24.948070116259956
2023-03-20,7.365494728088379,7.664831271509914,7.075229198724348,7.102441375837348,471600,8.868630828857421,9.414703407287597,-16.948908233704174,-21.766046051041776
2023-03-21,7.528769493103027,7.991380827614476,7.519698479078997,7.565052684139641,513000,8.845643901824952,9.391592473983765,-14.887264548940738,-19.835006534206634
2023-03-22,7.301999092102051,7.728327221520242,7.292928078377104,7.501557068753468,618800,8.81274257659912,9.367086009979248,-17.142716598900964,-22.046204291037274
2023-03-23,7.428990840911865,7.6557610247194985,7.320141256491353,7.392707646105028,453500,8.77825716972351,9.342357580661774,-15.370549104727848,-20.48055561168506
2023-03-24,7.401778221130371,7.50155764971326,7.256645450529312,7.3019996576070305,342300,8.741255235671996,9.31674604177475,-15.323623191728608,-20.55404120771328
2023-03-27,7.655760765075684,7.714721495299401,7.438061603617888,7.510627990770487,552500,8.700188627243042,9.29271202802658,-12.0046576794545,-17.615430866832995
2023-03-28,7.728328227996826,7.823571289334026,7.628548794146889,7.628548794146889,293700,8.662545680999756,9.272820053100586,-10.784560190568715,-16.656117731814746
2023-03-29,7.692043304443359,7.800893740974093,7.5922647468596,7.800893740974093,391000,8.624356327056885,9.25063733100891,-10.810233103293909,-16.848504279170186
2023-03-30,7.628547668457031,8.024942137760707,7.619476654889291,7.909743033640702,364500,8.594579257965087,9.23327859401703,-11.240010249632393,-17.379860352094546
2023-03-31,7.746469020843506,7.755540035314292,7.474344642136774,7.692043799078339,406800,8.565367574691772,9.214883534908294,-9.560576901193107,-15.935247672985398
2023-04-03,8.045805931091309,8.435850919861487,7.955098377580294,8.390496710576183,420800,8.5444735622406,9.197589657306672,-5.836142244654885,-12.522669189752044
2023-04-04,7.84624719619751,8.082088370398791,7.701114432091955,8.082088370398791,204500,8.518153991699219,9.181143646240235,-7.887939055298476,-14.539544325606734
2023-04-05,7.710184574127197,7.864388334814494,7.6376182002813415,7.800892973964223,156600,8.490368280410767,9.17161966085434,-9.189044344326414,-15.934318482096865
2023-04-06,7.6376190185546875,7.864389177383367,7.628548004587259,7.701114386207676,120800,8.456110849380494,9.1571626496315,-9.679294008850059,-16.59404434776488
2023-04-10,7.6739020347595215,7.800893632235546,7.610406668551252,7.610406668551252,164500,8.42365484237671,9.147369360923767,-8.900564204570937,-16.10809914879663
2023-04-11,7.6466898918151855,7.855318018870037,7.6194768504136485,7.710185258299794,225000,8.394957799911499,9.139197771549226,-8.91330160235232,-16.330841251518713
2023-04-12,7.537839889526367,7.692042790002976,7.5106268496839315,7.692042790002976,133000,8.364083757400513,9.128372609615326,-9.878474341473298,-17.424055613303725
2023-04-13,7.5559821128845215,7.601336320602852,7.483415726559016,7.5287699342773475,141700,8.325324802398681,9.115836458206177,-9.24099308765104,-17.111477947999575
2023-04-14,7.474344730377197,7.624013010673916,7.4335260298363135,7.619477503384977,142600,8.287622575759888,9.102584502696992,-9.813162193961544,-17.8876644521934
2023-04-17,7.428990840911865,7.519699260458759,7.374566481231409,7.4743450506853115,209400,8.253854370117187,9.09007255077362,-9.99367679894757,-18.273580332649676
2023-04-18,7.283858299255371,7.428991083216382,7.179544218915848,7.39270788722613,204600,8.217362823486328,9.078680591583252,-11.360147340249782,-19.76963804621391
2023-04-19,7.265715599060059,7.392706325672003,7.138724007388669,7.229431978204145,243000,8.179611911773682,9.066538767814636,-11.172856641256622,-19.862300430979584
2023-04-20,7.020803928375244,7.292928292704569,6.957308560553554,7.147795529078131,315300,8.12979079246521,9.057874395847321,-13.641025856628296,-22.489497849583717
2023-04-21,7.020803928375244,7.238503506344655,6.984520737468634,7.075229147264912,188100,8.080328273773194,9.050220756530761,-13.11239233728797,-22.423948351658296
2023-04-24,7.401778221130371,7.456203442635542,6.993592087550007,6.993592087550007,185700,8.046553707122802,9.044164371490478,-8.013063846472267,-18.159622966797563
2023-04-25,6.99359130859375,7.2838568174656775,6.939166525680264,7.2838568174656775,191400,7.996367626190185,9.03505633354187,-12.540397896565958,-22.594934105384123
2023-04-26,6.76682186126709,7.002662611543676,6.721467654564399,6.94823782301831,177000,7.938418788909912,9.025956997871399,-14.758567906237952,-25.02931420055605
2023-04-27,6.757750988006592,6.871136074600862,6.64890140868324,6.794034181114376,172600,7.887460489273071,9.017471468448639,-14.322854647612893,-25.05935825079808
2023-04-28,6.966379165649414,7.002662356679117,6.657972041896934,6.6761136374117855,211900,7.838702440261841,9.008534972667695,-11.12841418921482,-22.669122262546292
2023-05-01,7.229433059692383,7.3156055367256405,6.830317928398594,6.875671704326177,454700,7.79610198020935,9.00372617483139,-7.268618624480217,-19.70620919257614
2023-05-02,6.558193206787109,7.07522934009215,6.485626822996177,7.066158325853401,628500,7.748324537277222,8.99472624540329,-15.359853924088828,-27.08846241831272
2023-05-03,6.603547096252441,6.6851840578375095,6.49469709325611,6.540051297215394,337700,7.709522638320923,8.985074203014374,-14.345577462489366,-26.50536938206879
2023-05-04,6.757750988006592,6.821246792210104,6.530980814818052,6.549122411371943,554500,7.6743427085876466,8.974743022918702,-11.94358599017714,-24.702568410600744
2023-05-05,6.948237419128418,7.075229017502226,6.902883647591841,6.902883647591841,321600,7.655702800750732,8.964661164283752,-9.241024632682171,-22.493027992948576
2023-05-08,6.930095672607422,7.111512052379602,6.902883496785924,7.038945673482624,320200,7.629348812103271,8.957652587890625,-9.165305673094238,-22.634913504282917
2023-05-09,6.93916654586792,7.097905388361632,6.862064661717075,6.875670749352598,278300,7.60783802986145,8.951040909290313,-8.789244478772218,-22.47642909702561
2023-05-10,7.102441310882568,7.1659371111151335,6.966379128972647,7.0389459431797565,349300,7.58977201461792,8.94238923549652,-6.4208872519062705,-20.57557411290418
2023-05-11,6.884742736816406,7.075229720781825,6.880207229452994,7.002662900556598,263500,7.563228149414062,8.93335216999054,-8.970844184440207,-22.93214679318193
2023-05-12,6.930095672607422,7.1024410387526125,6.893812483158933,6.893812483158933,250100,7.531853733062744,8.921993112564087,-7.9895080518328605,-22.325700264794467
2023-05-15,6.98452091217041,7.129654111956777,6.94823772035626,6.94823772035626,323000,7.490092639923096,8.91081829547882,-6.749872826110681,-21.61751389640363
2023-05-16,6.893813610076904,7.092464169659853,6.857530414697274,6.975451015945977,214900,7.449027605056763,8.896553294658661,-7.453509698406169,-22.511411085281395
2023-05-17,7.156866550445557,7.175008147013957,6.89381318393886,6.948237973644061,293300,7.413223628997803,8.885361318588258,-3.458105291056801,-19.45328621050755
2023-05-18,7.165937423706055,7.193149601757231,6.930096240437077,7.038946250231098,351800,7.377063140869141,8.8713143825531,-2.861920972228682,-19.223498179716746
2023-05-19,7.202221393585205,7.383637807805404,7.175008780066739,7.274788218791175,237200,7.348441762924194,8.858108026981354,-1.9898146308613196,-18.69345720725465
2023-05-22,7.329211711883545,7.428990273719503,7.175007929462815,7.175007929462815,340400,7.325946197509766,8.847601990699768,0.04457464313467607,-17.161602436595725
2023-05-23,7.528769493103027,7.610406889200284,7.338282523895932,7.383636728956576,243700,7.314516963958741,8.837214865684508,2.929141188679796,-14.806083052956664
2023-05-24,7.483415126800537,7.646689915477041,7.469808606057665,7.546910493481626,200500,7.2976452732086186,8.828139026165008,2.545613641621136,-15.232246517402503
2023-05-25,7.256645202636719,7.456203187925894,7.175007805697533,7.347353613693485,185300,7.284583301544189,8.81757777929306,-0.3835236382230378,-17.702509869796557
2023-05-26,7.193149566650391,7.311070590239126,7.120583182161725,7.311070590239126,184400,7.273516912460327,8.807577931880951,-1.104931036487422,-18.32999239651102
2023-05-30,6.957308769226074,7.1750079211952436,6.8938129669701835,7.1115125514691195,166900,7.270977087020874,8.793762233257294,-4.313977530677637,-20.883592429710028
2023-05-31,6.648900985717773,6.911954335280132,6.62168880888291,6.821246358281,199200,7.256645212173462,8.778404495716096,-8.375002617410043,-24.258434559919518
2023-06-01,6.784963607788086,6.85752999409655,6.603547642016927,6.667043013771942,533000,7.241769094467163,8.765089342594147,-6.307926705755973,-22.591050215353714
2023-06-02,7.392706394195557,7.442596103003792,6.902883347251779,6.975449724576783,338800,7.243583240509033,8.75665855884552,2.0586931734637437,-15.576171612540158
2023-06-05,7.346732139587402,7.484656301832746,7.199613734708259,7.438681581084298,214300,7.241938066482544,8.74711901664734,1.4470445914177343,-16.009692727339697
2023-06-06,7.493852138519287,7.558217112016437,7.208810387657083,7.208810387657083,210300,7.243779544830322,8.737260420322418,3.4522391541779385,-14.231100161682564
2023-06-07,7.889232158660889,7.971986483182384,7.567409980387272,7.567409980387272,232200,7.248448972702026,8.729730272293091,8.840280015380952,-9.62799636891214
2023-06-08,7.880037784576416,7.898428025941506,7.696139755400386,7.815673693588549,193600,7.251483163833618,8.72215415239334,8.667945667690159,-9.654912686745497
2023-06-09,7.686943531036377,7.889231772533211,7.6685541692065815,7.797282332699692,135400,7.251381168365478,8.712250294685363,6.006612430898839,-11.768564136345383
2023-06-12,7.558216094970703,7.705334511347614,7.466266646287669,7.539825854476124,179700,7.249974536895752,8.700516309738159,4.251622629931773,-13.129108366694542
2023-06-13,7.797283172607422,7.965550542862908,7.594995786215443,7.594995786215443,231500,7.2509908199310305,8.689230604171753,7.534037295631113,-10.26497594776805
2023-06-14,7.640970706939697,7.962792035482271,7.613385345174219,7.861648339693741,238300,7.242894115447998,8.679052937030793,5.496098453830234,-11.960777721056692
2023-06-15,7.815672397613525,7.852451997350031,7.640969518088829,7.640969518088829,247900,7.242282619476319,8.669045672416686,7.917252173993017,-9.843912548741528
2023-06-16,7.61338472366333,7.898427300372699,7.530630398912387,7.880037060696982,288900,7.240346622467041,8.660751507282257,5.152213293749486,-12.093255218536925
2023-06-20,7.5214362144470215,7.640970142583857,7.328342642377744,7.503045974628324,129800,7.238022966384888,8.65133843421936,3.9156168663511126,-13.060432537272405
2023-06-21,7.411096572875977,7.604189684785376,7.411096572875977,7.475460651214176,170400,7.232766857147217,8.643395099639893,2.4655808662287892,-14.257112078739254
2023-06-22,7.493852138519287,7.572008917348288,7.190420583135408,7.309954093302535,286100,7.229710102081299,8.634822146892548,3.653563320083153,-13.213590146542465
2023-06-23,7.245588302612305,7.378914025385972,7.218003383055649,7.337537303722121,1262500,7.223865070343018,8.625851471424102,0.30071481205358186,-16.001471546135026
2023-06-26,7.401902198791504,7.512241005714366,7.218003748805956,7.218003748805956,167100,7.220783472061157,8.61677437543869,2.50829743657508,-14.09892059040173
2023-06-27,7.4846577644348145,7.507644690853559,7.355928696562754,7.365123817888265,188200,7.22098973274231,8.608910250663758,3.6514112531824905,-13.05917303693882
2023-06-28,7.392706394195557,7.484655829894666,7.323744755868629,7.484655829894666,125300,7.220264043807983,8.599343183040618,2.38831086150455,-14.031731995819829
2023-06-29,7.66855525970459,7.677750380374492,7.453394171261712,7.484657230781392,116700,7.227957983016967,8.590711367130279,6.095736551358821,-10.734339311573615
2023-06-30,7.659359931945801,7.769698746316449,7.613385206734294,7.732919141526232,127700,7.2358308696746825,8.584075949192048,5.853219483696415,-10.772458476829804
2023-07-03,7.760502815246582,7.80647753565565,7.669473237132467,7.705333852271585,51300,7.2506248474121096,8.5754154753685,7.032193480765425,-9.502894203349365
2023-07-05,7.604190349578857,7.778893239010792,7.585800110220298,7.778893239010792,144500,7.262292575836182,8.567660613059997,4.707849073449233,-11.245429843620169
2023-07-06,7.512242794036865,7.604192260142337,7.291564689210301,7.539827283110468,158600,7.264501867294311,8.56095559835434,3.4102947630575198,-12.249950280305944
2023-07-07,8.091520309448242,8.12829991134549,7.5306302843966275,7.5306302843966275,273300,7.286460447311401,8.553772614002227,11.048709698738524,-5.404075200658176
2023-07-10,8.109910011291504,8.211054578412273,8.045545924501862,8.128300251457068,151100,7.31332221031189,8.549833929538726,10.892283671795756,-5.145408926918849
2023-07-11,8.211054801940918,8.270821330316187,8.091520868295442,8.18346944094162,87200,7.342388286590576,8.546312181949615,11.830844153758392,-3.922830957623835
2023-07-12,8.321394920349121,8.394954140760786,8.229445456387001,8.394954140760786,128000,7.36948860168457,8.544052526950836,12.916857194771382,-2.6059952920394314
2023-07-13,8.431733131408691,8.486902104216124,8.275419580295944,8.358173916402107,123200,7.393534603118897,8.545718920230865,14.041978350271588,-1.3338349866893862
2023-07-14,8.404147148132324,8.523681070451449,8.303002587841988,8.477706350037192,102900,7.430453681945801,8.548756954669953,13.104091726624478,-1.6915886988532525
2023-07-17,8.477705955505371,8.569654515159966,8.367367157782969,8.367367157782969,118400,7.46793685913086,8.551141593456268,13.52139306239437,-0.8587816860276765
2023-07-18,8.624824523925781,8.735163323841665,8.468511004821238,8.551265323981859,123000,7.505278329849244,8.551597864627839,14.916784493174484,0.8562921275897528
2023-07-19,8.753554344177246,8.856536882539613,8.67080001762468,8.689189380805855,108500,7.5413846683502195,8.553940961360931,16.073569100834707,2.3335838266594244
2023-07-20,8.753554344177246,8.87400725985393,8.707579620881942,8.863893153949029,134400,7.577853841781616,8.556150877475739,15.514953533587983,2.3071527083653454
2023-07-21,8.7351655960083,8.886881594968433,8.689190864860825,8.799529693477732,140200,7.613773822784424,8.556004474163055,14.728461855119491,2.093981161256586
2023-07-24,8.845503807067871,8.96503774894791,8.767347032642268,8.781139714092081,147000,7.64863507270813,8.554678170681,15.64813490227046,3.3996093200046262
2023-07-25,8.827113151550293,8.874926721312205,8.735163709117424,8.863892753144466,122900,7.6874824810028075,8.551705949306488,14.824497790579994,3.2204942952480664
2023-07-26,8.725968360900879,8.974231322828954,8.716773241519503,8.790333319675666,244800,7.723399934768676,8.54827240228653,12.980920768053306,2.0787353309753787
2023-07-27,8.450121879577637,8.891478014278732,8.440927636044554,8.707579990192837,286700,7.752711954116822,8.543681609630585,8.995689890045222,-1.095075101435039
2023-07-28,9.48914623260498,10.279909003251992,8.551265928563623,8.551265928563623,858000,7.804618606567383,8.545928723812104,21.58372767402257,11.037039264845783
2023-07-31,10.05003547668457,10.11439955689483,9.627069641956812,9.764992921520175,422300,7.862481985092163,8.551379873752595,27.822683673427395,17.525307319487872
2023-08-01,9.801773071289062,9.962684157740144,9.516731377022463,9.893722514088216,275000,7.915198698043823,8.555234520435333,23.834832771936497,14.570477850445872
2023-08-02,9.79257869720459,9.820164058281518,9.5535117061358,9.70982524465863,161300,7.967005844116211,8.556556828022003,22.914164854499262,14.44531829829867
2023-08-03,10.02245044708252,10.132790126616126,9.709824278053485,9.820163080692238,269700,8.02087061882019,8.558184912204743,24.95464549154822,17.10953373757562
2023-08-04,10.105206489562988,10.270715160160583,9.999465228634527,10.068426882418525,241200,8.07239935874939,8.558539588451385,25.18219231324712,18.07162174255319
2023-08-07,10.05003547668457,10.23393347506733,9.958086039045778,10.160374275714226,134700,8.12373176574707,8.557774822711945,23.712054588749144,17.437484449955765
2023-08-08,9.90291690826416,9.921306269339869,9.654653957030996,9.838551952262149,607300,8.17665719985962,8.554320876598359,21.11204696748419,15.765085868535621
2023-08-09,10.114400863647461,10.215544556601756,9.810968907889631,9.994866930031506,1265500,8.23508222579956,8.551569173336029,22.820884920374105,18.27537915713029
2023-08-10,10.206350326538086,10.353468744444339,10.10980331672777,10.123595997242084,334500,8.3000630569458,8.548833220005035,22.96714201462642,19.38881089239539
2023-08-11,10.059229850769043,10.371856890564443,10.004060888978582,10.252322970825329,205300,8.368269634246825,8.54407408952713,20.20680846135774,17.7334108455252
2023-08-14,10.353468894958496,10.413235424266169,9.940617105268892,9.994867088427606,266700,8.439639739990234,8.540475347042083,22.676668838123604,21.22825105448407
2023-08-15,10.013257026672363,10.344273461766724,9.985671666076637,10.335078341568149,150800,8.49205075263977,8.532955577373505,17.913297015561568,17.348050577271422
2023-08-16,9.939696311950684,10.390246610635371,9.93050119314615,10.215542860928382,141100,8.543910036087036,8.526266787052155,16.3366218741565,16.577355133256443
2023-08-17,9.994866371154785,10.160375020275298,9.856943081484284,10.123595417903505,195800,8.593930320739746,8.51905464887619,16.301459264036122,17.3236560053442
2023-08-18,10.12359619140625,10.17876516073173,9.847748714093976,9.893723439795181,255000,8.638617601394653,8.509200603961945,17.19000259684902,18.97235313376713
2023-08-21,9.939696311950684,10.252322459251728,9.93050119314615,10.18795838140957,133000,8.679810771942138,8.510414917469024,14.51512680531215,16.79449719364239
2023-08-22,9.746604919433594,9.999464592862953,9.73281223879574,9.948892307419102,137100,8.721003999710083,8.505824234485626,11.760124404914896,14.587424460493814
2023-08-23,9.663848876953125,9.755797434227272,9.461560647918336,9.608679041072804,124500,8.763116655349732,8.50197415113449,10.278674323632476,13.665940464704839
2023-08-24,9.581095695495605,9.737409225945516,9.553511212738238,9.608680178252973,103800,8.798792905807495,8.495845520496369,8.891024008211001,12.773892514653816
2023-08-25,9.433978080749512,9.636265473894376,9.38800335434569,9.636265473894376,100800,8.834653053283692,8.487738120555878,6.783798116928441,11.148317098780392
2023-08-28,9.581095695495605,9.728214106061428,9.489146250444518,9.498341370328607,153100,8.869961519241333,8.480943510532379,8.017331018986184,12.972049437624023
2023-08-29,9.479950904846191,9.627069298300734,9.470755786031583,9.627069298300734,95000,8.90729284286499,8.476440327167511,6.4290921168031145,11.83882076609879
2023-08-30,9.562705993652344,9.654655443875805,9.516732145435558,9.562705993652344,298000,8.948118238449096,8.471773731708527,6.868346381057311,12.877259196154256
2023-08-31,9.67304515838623,9.68223940139238,9.516731627648038,9.581095713165565,232500,8.993357210159301,8.466326849460602,7.5576665347966365,14.253150514765567
2023-09-01,9.886764526367188,10.016852961952424,9.663754133922058,9.775259773225125,161400,9.041215457916259,8.464434931278229,9.352161469734543,16.80359771959603
2023-09-05,9.905345916748047,10.081895732990724,9.821717149702653,9.979682401641552,129800,9.094410610198974,8.46108195066452,8.916853893089517,17.06949506581834
2023-09-06,9.645170211791992,10.010348291411427,9.617294245739458,9.82171917833935,127700,9.139275970458984,8.458914458751678,5.535386424134892,14.023735064645336
2023-09-07,9.570831298828125,9.756672502597837,9.524370776345508,9.663751457632602,210800,9.18099944114685,8.455531685352325,4.246072120799282,13.19017721153899
2023-09-08,9.72879695892334,9.877469928286393,9.60799994977566,9.645168192116424,176100,9.227721252441405,8.453249528408051,5.430113164172168,15.089433078115988
2023-09-11,9.793841361999512,9.998267142139541,9.74738083658212,9.74738083658212,120000,9.270226974487304,8.453334963321685,5.648344845851705,15.857722478692393
2023-09-12,10.128355026245117,10.137647308080316,9.75667261444486,9.868177337984935,211600,9.31960687637329,8.45362779378891,8.677921296467272,19.810751943522664
2023-09-13,9.951807022094727,10.119064565946003,9.905346494784833,10.119064565946003,127600,9.363432960510254,8.454414265155792,6.283742982578144,17.711371952878174
2023-09-14,10.17481517791748,10.19339974090961,9.988973978799864,10.072602739942976,90200,9.414845457077027,8.456759769916534,8.072036065862287,20.31576460422386
2023-09-15,10.044729232788086,10.156233979468686,9.905347634816621,10.137649411941442,387700,9.46549518585205,8.459298436641694,6.119426776549508,18.741870948529883
2023-09-18,9.840301513671875,10.221276212535189,9.804991551142201,10.221276212535189,137600,9.500470809936523,8.460415360927582,3.576988030739736,16.309910257089367
2023-09-19,9.654460906982422,9.947160717765478,9.635876341898628,9.933222293952632,124500,9.531361827850342,8.459981496334075,1.291516168994744,14.119172851216577
2023-09-20,9.645170211791992,9.854241286427468,9.598709677597114,9.598709677597114,121600,9.560044136047363,8.459767572879791,0.8904360119390109,14.01223649113421
2023-09-21,9.338530540466309,9.719505269220472,9.319945975082764,9.719505269220472,241900,9.580386848449708,8.457354462146759,-2.5244941755409034,10.419051043248784
2023-09-22,9.319945335388184,9.570831633880815,9.319945335388184,9.431450061553534,140300,9.598151092529298,8.458815433979034,-2.8985348788440612,10.180265879191474
2023-09-25,9.635875701904297,9.663751661517688,9.338529769599377,9.338529769599377,108900,9.622785663604736,8.461990535259247,0.1360316934946315,13.87244717130951
2023-09-26,9.682336807250977,9.831009782338304,9.412866818364986,9.542956114646815,323400,9.646878280639648,8.466966817378998,0.3675647767059642,14.35425478906276
2023-09-27,10.18410873413086,10.258445223082402,9.756673479579057,9.756673479579057,171600,9.67806396484375,8.475034682750701,5.228780995097293,20.165982976549323
2023-09-28,9.988975524902344,10.341144718201344,9.93322271345722,10.184109035718965,179100,9.702772388458252,8.483426797389985,2.9497047337165183,17.74694075247465
2023-09-29,9.905345916748047,10.146939935732341,9.831009431854541,10.081895732990724,185500,9.725808219909668,8.489607770442962,1.8459925671868271,16.676131390122116
2023-10-02,9.580124855041504,9.93322274609769,9.51507976044831,9.87747082063024,156400,9.742707405090332,8.493131663799286,-1.6687614981014676,12.798496882785471
2023-10-03,9.487203598022461,9.55224780508569,9.38499114604298,9.533664125707993,152600,9.755541400909424,8.49686331987381,-2.7506192825131004,11.655363171869393
2023-10-04,9.078351020812988,9.398926734408036,9.00401366023949,9.347820962099641,170800,9.760566158294678,8.498057649135589,-6.9895037482219475,6.828541245968434
2023-10-05,9.199149131774902,9.217733697508361,8.994724225672078,8.994724225672078,161100,9.770029773712158,8.501380007266999,-5.843182212947829,8.20771596977725
2023-10-06,9.236316680908203,9.287423346662258,8.985431265542694,9.171272478065442,143200,9.785753669738769,8.504395139217376,-5.614661960372369,8.606391515319256
2023-10-09,9.691629409790039,9.74738133420852,9.468619053633532,9.468619053633532,108200,9.789803333282471,8.508655860424042,-1.0028181379156953,13.903177761229157
2023-10-10,9.663752555847168,9.77525817694155,9.626584310869328,9.728797649179034,107300,9.782077674865723,8.511208317279817,-1.2096113213513116,13.541487831139175
2023-10-11,9.682336807250977,9.719505051022809,9.5197254084389,9.561539793452313,76500,9.77968894958496,8.516408722400666,-0.995452338370284,13.690372583734467
2023-10-12,9.468619346618652,9.791983885662901,9.422159703552616,9.756673918896874,216200,9.773209762573241,8.518971664905548,-3.116585270900718,11.147445009416334
2023-10-13,9.524371147155762,9.682336398050232,9.524371147155762,9.645168155849227,194000,9.763248176574708,8.521544415950775,-2.4466962746280685,11.768133594749308
2023-10-16,9.477910995483398,9.691629061161988,9.442601031080132,9.589415726470165,138900,9.750702266693116,8.525946805477142,-2.7976576840165635,11.165495301879048
2023-10-17,9.598709106445312,9.719506133699818,9.459328398315229,9.459328398315229,236100,9.74167573928833,8.529429142475129,-1.4675774134672914,12.536360242977441
2023-10-18,9.663752555847168,9.738089045802848,9.55503568298122,9.617292914245512,125900,9.73689245223999,8.533236696720124,-0.7511626194042664,13.24838275682163
2023-10-19,9.607999801635742,9.74738048672438,9.487202794350559,9.561539277885936,107300,9.726764430999756,8.539723932743073,-1.2210085913616275,12.509489502309057
2023-10-20,9.41286563873291,9.626582792097436,9.319944597867895,9.626582792097436,131800,9.710894737243652,8.543980405330657,-3.069017907976368,10.169560230500396
2023-10-23,9.264193534851074,9.30136177738549,9.171272485434637,9.292069495211685,111800,9.694994010925292,8.54713492155075,-4.443535247043462,8.389461730530678
2023-10-24,9.208440780639648,9.319945508880679,9.157334114552206,9.310654112814532,112200,9.672093448638917,8.549786546230315,-4.793715760309514,7.7037506240403175
2023-10-25,9.106228828430176,9.189857600686098,8.938971283918331,9.161980752493553,127400,9.653952884674073,8.5505823636055,-5.673572916576219,6.498346442339598
2023-10-26,8.920388221740723,9.031892963742367,8.753130665657798,9.031892963742367,106500,9.633566722869872,8.54941799879074,-7.403057679935721,4.339128382802815
2023-10-27,8.316402435302734,8.725254009710948,7.981888235827615,8.297818756190095,308000,9.599997444152832,8.544740636348724,-13.37078490194713,-2.6722660261290443
2023-10-30,8.409324645996094,8.446492895494467,8.18166900704843,8.307111295254838,203000,9.565712013244628,8.538241803646088,-12.088879172270783,-1.5098794413967331
2023-10-31,8.585872650146484,8.595164933022955,8.358217036638154,8.381447743829332,204400,9.538635540008546,8.533118789196015,-9.988460989685821,0.6182248513551869
2023-11-01,8.409324645996094,8.688086960314383,8.381448680412555,8.660210108569876,113700,9.511889934539795,8.52715785741806,-11.591442879716684,-1.3818579811966325
2023-11-02,8.650918960571289,8.650918960571289,8.372156638205025,8.49295367410244,124800,9.491631336212158,8.524825446605682,-8.85740654963506,1.4791330890630006
2023-11-03,8.650918960571289,8.855343895633686,8.623042108021966,8.706670893347946,131600,9.473027801513672,8.522044775485993,-8.678416850112269,1.5122448717473036
2023-11-06,8.46507453918457,8.734544504712751,8.381446662567484,8.734544504712751,182600,9.453649730682374,8.518917615413665,-10.457074459711835,-0.6320412834099232
2023-11-07,8.195605278015137,8.362862817945512,8.05622458551371,8.353570535469196,164100,9.425939922332764,8.514084513187408,-13.052646785946632,-3.7406163243855595
2023-11-08,8.177021980285645,8.223482508671532,8.111976886081052,8.111976886081052,117100,9.399881343841553,8.509472272396088,-13.00930638190534,-3.906826198715996
2023-11-09,8.065516471862793,8.251357681457625,8.056224189842855,8.195604875498782,133100,9.369937553405762,8.503047401905059,-13.921342315337437,-5.145577924736012
2023-11-10,8.177021980285645,8.223482508671532,8.056224960946686,8.130561451899757,211700,9.34001708984375,8.497448999881744,-12.451744984736013,-3.7708613443935834
2023-11-13,8.269941329956055,8.31454357456467,8.111976080821455,8.186313450556076,128500,9.307680625915527,8.493390996456146,-11.149279156292469,-2.6308651820377227
2023-11-14,8.641624450683594,8.641624450683594,8.38144676369394,8.455783245690984,164000,9.282406196594238,8.491191408634187,-6.90318579406437,1.771636450174019
2023-11-15,8.362862586975098,8.715961335875566,8.31640206203752,8.623040286000409,165100,9.2567600440979,8.485536072254181,-9.65669902713694,-1.4456774944390238
2023-11-16,7.954012870788574,8.30711077586575,7.8703840931057485,8.30711077586575,186700,9.224423675537109,8.47850885629654,-13.772251247713452,-6.186181961919512
2023-11-17,8.093390464782715,8.191886326238048,8.04692995213535,8.084098185021126,142400,9.191715545654297,8.473388803005218,-11.94907605023584,-4.484608779992849
2023-11-20,8.14914608001709,8.232773968357959,8.102685551276021,8.19560572259728,104000,9.158821640014649,8.468592355251312,-11.024077110381903,-3.7721295562908486
2023-11-21,8.065516471862793,8.121268391660848,7.972595423984983,8.056224189842855,118900,9.117564868927001,8.463153631687165,-11.538699336811176,-4.698451394472691
2023-11-22,8.111976623535156,8.139853471360972,7.842506631011511,7.963303646440847,102700,9.08076826095581,8.456154215335847,-10.668608751818132,-4.070143271234339
2023-11-24,8.2420654296875,8.302464376877987,8.093392461465978,8.111976139413272,47600,9.042113265991212,8.449894893169404,-8.848018298032335,-2.459550871454108
2023-11-27,7.991182327270508,8.15843902178624,7.981890042530454,8.15843902178624,84000,9.00104232788086,8.444398272037507,-11.219367311297901,-5.367060270804169
2023-11-28,7.926135540008545,8.04693255753863,7.833215370789075,8.04693255753863,119400,8.962759008407593,8.436514472961425,-11.565896923331698,-6.0496421192498095
2023-11-29,8.037639617919922,8.093392423824085,7.954011738304858,8.009763658048234,230600,8.930422582626342,8.428381352424621,-9.997096514147962,-4.6360234328065015
2023-11-30,8.065910339355469,8.273211116137038,8.02821920733814,8.131869595728926,246700,8.898837385177613,8.422182574272156,-9.359953550893207,-4.230165183132195
2023-12-01,8.122445106506348,8.226095475990954,8.037639850279255,8.05648586216408,202900,8.874515676498413,8.415773391723633,-8.474497058850282,-3.4854584547838963
2023-12-04,8.18840503692627,8.2119625537561,8.009372402156467,8.13186879378944,112800,8.851884870529174,8.40991813659668,-7.495350914604037,-2.633950724281986
2023-12-05,7.858607292175293,8.17898230771277,7.84918428615894,8.17898230771277,78300,8.816339502334595,8.404475846290588,-10.863150289365453,-6.494974393390873
2023-12-06,7.736111164093018,7.943412810129203,7.670151917065418,7.858607550449521,220700,8.777414989471435,8.400438191890716,-11.863445292577236,-7.908242553811062
2023-12-07,7.71726655960083,7.792649725336886,7.623039175028898,7.792649725336886,129900,8.728078145980835,8.396440787315369,-11.581147298107886,-8.088834839883319
2023-12-08,7.707843780517578,7.773803033850074,7.63717212494427,7.773803033850074,181200,8.68245551109314,8.395578842163086,-11.225070250349678,-8.19163365117439
2023-12-11,7.632461071014404,7.764379569919906,7.528809794871651,7.72668844185728,176600,8.636997814178466,8.392502171993256,-11.6306240290465,-9.056191888936238
2023-12-12,7.509963512420654,7.585346210648319,7.302662327907101,7.519386518191729,300700,8.59559458732605,8.389978461265564,-12.630087004174506,-10.488882097942431
2023-12-13,7.632461071014404,7.684285810458404,7.444004981387588,7.472273102777713,514600,8.558499736785889,8.388112056255341,-10.820105091447418,-9.008594307910068
2023-12-14,7.82091760635376,8.037641392858895,7.670153076849756,7.783226473977758,424000,8.533351068496705,8.386156964302064,-8.34881228282165,-6.740147606995639
2023-12-15,7.698420524597168,7.877453162984995,7.641883381690412,7.858608047767677,452200,8.50333649635315,8.382154984474182,-9.46588403388703,-8.157024788296797
2023-12-18,7.707843780517578,8.037640945807487,7.684286262450665,7.811494164129704,192800,8.472767038345337,8.375331325531006,-9.02802183001059,-7.96968524670405
2023-12-19,7.915143013000488,8.01879427514213,7.707842285971719,7.754955515715459,329000,8.437237310409547,8.370171713829041,-6.187976919470051,-5.4363126156272585
2023-12-20,7.698420524597168,8.028218577860544,7.688997517674808,7.9999495570934664,210000,8.397930669784547,8.363928489685058,-8.329553704273728,-7.95688253323349
2023-12-21,7.698420524597168,7.8114939117832805,7.67015240245749,7.764379775798884,162400,8.35825234413147,8.357550783157349,-7.894375431217815,-7.886643774734825
2023-12-22,7.7455339431762695,7.868030325938905,7.726687931077103,7.76437905664812,178100,8.323790636062622,8.353112001419067,-6.947035529474633,-7.273673071061171
2023-12-26,7.754954814910889,7.893470106161092,7.688995580328494,7.820914948120458,1081700,8.288402309417725,8.349616825580597,-6.436071447698732,-7.12202755038831
2023-12-27,7.444005489349365,7.962258760231721,7.368623228080201,7.80207123037789,1105000,8.247724199295044,8.346335697174073,-9.744733098790759,-10.811094120384123
2023-12-28,7.538232803344727,7.623038066162735,7.114207387882061,7.425159419129841,2432300,8.206514673233032,8.342391862869263,-8.143309267063426,-9.639430426467122
2023-12-29,7.500542163848877,7.681460129553886,7.4769850949412096,7.5665014176138845,549600,8.163250465393066,8.340345854759216,-8.118191452701918,-10.069171057590198
2024-01-02,7.509963512420654,7.641882448020187,7.434581263506635,7.538232080420234,441800,8.121289739608764,8.339163327217102,-7.527452495711106,-9.943441353284587
2024-01-03,7.387467861175537,7.552366873878572,7.293239597165996,7.4722726697449975,549700,8.080781784057617,8.340679166316987,-8.579787716207143,-11.428461473388163
2024-01-04,7.255549430847168,7.43458252710362,7.22256980367041,7.43458252710362,396600,8.040608901977539,8.34012943983078,-9.76368183928571,-13.004354630323567
2024-01-05,7.368622779846191,7.411024962245477,7.2414148847072575,7.264971952249322,427700,8.00381254196167,8.339328706264496,-7.936089941954072,-11.640096710531523
2024-01-08,7.246126174926758,7.29795136254386,6.925751144131674,7.199012041228535,672100,7.966610488891601,8.339049341678619,-9.043799931846353,-13.106088259838256
2024-01-09,6.972866058349609,7.255549544240569,6.911617857411469,7.255549544240569,310400,7.927660045623779,8.336768717765809,-12.043831115099767,-16.36008753019257
2024-01-10,6.77498722076416,6.935174750006776,6.727873082993844,6.935174750006776,354200,7.896831741333008,8.333634762763976,-14.206260907104973,-18.703093984441278
2024-01-11,6.614799499511719,6.80325514649519,6.605376941819397,6.80325514649519,366300,7.860941238403321,8.328429956436157,-15.852322274129005,-20.575672316246784
2024-01-12,6.614799499511719,6.822100711193538,6.577108370115024,6.765564017098496,245200,7.821519775390625,8.322862312793731,-15.42820718392468,-20.52254079292425
2024-01-16,6.3603835105896,6.6242218390972525,6.308558325219194,6.595953270241067,672700,7.780540952682495,8.316204013824462,-18.252682567055544,-23.51818810581847
2024-01-17,6.341537952423096,6.388652084113274,6.20961901272972,6.2755782579195785,596700,7.7343533325195315,8.309768965244293,-18.008168494711295,-23.68574891857219
2024-01-18,6.350960731506348,6.39807486484589,6.228464793588153,6.369806744293105,284500,7.688354167938233,8.302791423797608,-17.39505500421725,-23.508126275422125
2024-01-19,6.548839569091797,6.567685133130234,6.294424229916047,6.369806935383486,499100,7.650029468536377,8.29530659198761,-14.394583759103641,-21.05367660048533
2024-01-22,6.793831825256348,6.840945956363996,6.5111479372377685,6.548839062398425,684300,7.621993999481202,8.290044515132903,-10.865426741102446,-18.048307064519655
2024-01-23,6.991710662841797,7.005844722864735,6.803254582176733,6.831523151536277,642400,7.598287773132324,8.286452145576478,-7.983076298260173,-15.624798888458525
2024-01-24,7.1518988609313965,7.241415182090986,7.0199794570037675,7.057670586893458,410400,7.580015420913696,8.284023544788361,-5.64796423502123,-13.66636245945011
2024-01-25,7.368622779846191,7.368622779846191,7.114207438882015,7.264971952249322,333200,7.563847436904907,8.282497148513794,-2.5810231986725607,-11.033802394143756
2024-01-26,7.406313419342041,7.462850108123136,7.349776730560945,7.425158982269072,410300,7.546574878692627,8.281295266151428,-1.8586108480366015,-10.565760773990828
2024-01-29,7.378045082092285,7.378045082092285,7.184877943693022,7.321508391534965,350000,7.521303291320801,8.280496292114258,-1.9046992745769042,-10.8985159607088
2024-01-30,7.312086582183838,7.3592002711427265,7.057670774688209,7.255549436531217,204000,7.500287771224976,8.279276814460754,-2.5092529084440707,-11.6820617784829
2024-01-31,7.067093849182129,7.312086651624365,7.048248283556859,7.312086651624365,297000,7.482549390792847,8.277240560054778,-5.552326084501747,-14.620170841871015
2024-02-01,7.001132965087891,7.184877535957085,6.986998905579076,7.133052351548997,509500,7.46070424079895,8.275101270675659,-6.1598913571441205,-15.395198969978885
2024-02-02,6.859791278839111,6.972864650363307,6.737294901697746,6.831522711301243,761900,7.43491714477539,8.272980935573578,-7.735471085113932,-17.0819885569637
2024-02-05,6.916328430175781,6.9445965503028875,6.737295355220658,6.793832044788539,476700,7.41193338394165,8.271233999729157,-6.686581328963692,-16.380936261720347
2024-02-06,7.095361709594727,7.1518984007918,6.916328629480488,6.916328629480488,241800,7.391601085662842,8.271606788635253,-4.007783599722625,-14.220273147614137
2024-02-07,6.906905651092529,7.085938731936053,6.850368959665156,7.085938731936053,505700,7.364897890090942,8.27103729724884,-6.218582332480349,-16.492872624453724
2024-02-08,7.076516628265381,7.1094962547167935,6.878637970929484,6.897483535946535,349400,7.34660457611084,8.269410989284516,-3.6763642992806767,-14.425384861931345
2024-02-09,7.085938453674316,7.118918076716768,7.019978758275748,7.095361459865683,389800,7.3298006343841555,8.269872725009918,-3.3269960927160724,-14.31623328077497
2024-02-12,7.1424760818481445,7.288529551819197,7.095362392638632,7.114207958185182,300700,7.31189736366272,8.271750996112823,-2.3170631833063338,-13.65218700122094
2024-02-13,6.850369453430176,7.04824811234564,6.779698696380531,7.0294025471781545,539700,7.2875865459442135,8.272214088439942,-5.999477189843649,-17.188199190791398
2024-02-14,6.897482872009277,6.977576627950517,6.8032546066805235,6.9069054289539515,281300,7.263087301254273,8.271869606971741,-5.033733095592263,-16.615188588128802
2024-02-15,7.396890640258789,7.396890640258789,6.935174109717946,6.935174109717946,525400,7.247257013320922,8.272706894874572,2.064693257915784,-10.586815969007713
2024-02-16,7.227281093597412,7.3403544828422875,7.18958996384912,7.330931925062068,281400,7.234630489349366,8.276052334308623,-0.10158633205625822,-12.672361149330802
2024-02-20,7.340354919433594,7.420448687240976,7.104785119838642,7.217858515808922,346200,7.226715364456177,8.27973637342453,1.572492470595166,-11.345547872829254
2024-02-21,7.330931663513184,7.471330959556684,7.260260460771223,7.349777227714967,310300,7.218988666534424,8.282602276802063,1.5506742308337707,-11.489995311670597
2024-02-22,7.2743940353393555,7.387467862305367,7.236702909455239,7.3215081673513325,322800,7.2103196716308595,8.284233059883118,0.8886480298591737,-12.189891535451435
2024-02-23,7.32150936126709,7.32150936126709,7.085939561420255,7.208435965175905,347200,7.204100637435913,8.286190128326416,1.6297485243482734,-11.642030319356977
2024-02-26,7.264971733093262,7.378045114707756,7.217857599430384,7.321508423900509,224300,7.199200801849365,8.287819154262543,0.9135865640391705,-12.341575052867992
2024-02-27,7.886874198913574,7.915142313988821,7.057668668146536,7.057668668146536,544000,7.204289064407349,8.291741318702698,9.474704976491344,-4.882775574244135
2024-02-28,7.726687908172607,7.951892899502561,7.646594154243206,7.717264902150957,296000,7.202404470443725,8.295951044559478,7.2792834654089145,-6.8619394368316105
2024-02-29,7.981103897094727,8.032928634375402,7.748360314861753,7.78322525836916,906000,7.208058137893676,8.301206085681915,10.724743674541838,-3.8560925398455903
2024-03-01,8.018795013427734,8.197827639368235,7.896298627835882,8.0659091461365,294800,7.21427716255188,8.306377456188201,11.151745805553116,-3.4621884723793683
2024-03-04,7.679575443267822,8.065910686349865,7.670153333828756,8.018796544644493,501900,7.209565811157226,8.310306265354157,6.519250179854508,-7.589742206203221
2024-03-05,7.65130615234375,7.778514045985276,7.547655775280676,7.641883145712368,554800,7.208623523712158,8.312778463363648,6.141014677426626,-7.957295072100868
2024-03-06,7.632461071014404,7.915144082170409,7.561789419598027,7.764379569919906,597900,7.207304334640503,8.31511108160019,5.8989702201205585,-8.209752147465165
2024-03-07,7.5947699546813965,7.806782213375838,7.585346947994342,7.6418831908619085,401300,7.204289054870605,8.31707382440567,5.420117055780804,-8.684591299463285
2024-03-08,7.958247661590576,7.9917257221723235,7.620596334883434,7.68085684393058,618700,7.208354911804199,8.320219004154206,10.4031052710567,-4.35050258151739
2024-03-11,7.977376937866211,8.029985829719617,7.853029228527244,7.853029228527244,358200,7.219022340774536,8.32246204137802,10.50494874920016,-4.1464304889118
2024-03-12,8.17824649810791,8.245202608785561,7.853029539601728,7.958246415267837,713500,7.2318226146698,8.325936198234558,13.086934426714002,-1.7738509713533968
2024-03-13,8.034768104553223,8.33128972324946,7.9630292828035465,8.206942006519336,267600,7.242507133483887,8.329826812744141,10.939043020151384,-3.5421949918513995
2024-03-14,7.939117908477783,8.139987188636924,7.891291715638225,8.111290925607936,783800,7.251090221405029,8.333556654453277,9.488610209837333,-4.733138110541479
2024-03-15,8.168681144714355,8.206941910011505,7.929551133555026,7.929551133555026,418100,7.266714487075806,8.339613516330719,12.412303514094859,-2.049643802817025
2024-03-18,8.120855331420898,8.202159575421591,8.025203869908028,8.159116098467775,286900,7.284020605087281,8.346973288059235,11.488637549283688,-2.7089814335671814
2024-03-19,8.426942825317383,8.450855463907079,8.101725832128864,8.101725832128864,540300,7.305187005996704,8.355183184146881,15.355607165153318,0.8588637686203882
2024-03-20,8.45563793182373,8.4747678597057,8.235637831824752,8.359985555787885,947900,7.329377241134644,8.360497841835022,15.366389989700302,1.1379715872018803
2024-03-21,8.522594451904297,8.55128980119245,8.398246722044021,8.484333682117189,296300,7.360371809005738,8.366377153396606,15.790270832195308,1.8672036371713219
2024-03-22,8.216507911682129,8.560854823759925,8.216507911682129,8.532159475805608,173000,7.389202222824097,8.369990432262421,11.196143560702843,-1.8337239668600902
2024-03-25,8.3599853515625,8.3599853515625,8.202159573504932,8.254768470260336,508400,7.424105939865112,8.372344198226928,12.605954431118915,-0.14761512871204197
2024-03-26,8.111289978027344,8.398246189333019,8.092160050451579,8.398246189333019,266000,7.454035749435425,8.373500459194183,8.817427909997622,-3.1314320987339217
2024-03-27,8.235636711120605,8.25476754860792,8.130419841566003,8.130419841566003,149800,7.491540813446045,8.376243925094604,9.93248139740539,-1.6786427810769666
2024-03-28,8.293028831481934,8.336072306319375,8.197376462463486,8.264333485659838,675900,7.530570631027222,8.37991798877716,10.124839641145588,-1.0368735996174827
2024-04-01,8.331289291381836,8.388680893131745,8.216507000090582,8.35041921715943,166000,7.570177202224731,8.382588019371033,10.054085509827004,-0.6119676628584481
2024-04-02,8.283464431762695,8.369551392034154,8.063465233032263,8.321725201637932,577900,7.604869699478149,8.385800487995148,8.9231605418711,-1.2203492842329577
2024-04-03,8.417378425598145,8.493899973013772,8.302596104474704,8.302596104474704,252300,7.637340631484985,8.38880901813507,10.213473927003447,0.3405657156017261
2024-04-04,8.3599853515625,8.484333072487953,8.259551180166158,8.446072305450016,404600,7.664706125259399,8.392542021274567,9.071179180787837,-0.38792382128725045
2024-04-05,8.551290512084961,8.6086821276411,8.350421225951651,8.436508193181467,202600,7.6926939582824705,8.397691292762756,11.16119474476256,1.8290648461271486
2024-04-08,8.570419311523438,8.699549731584044,8.536941257183702,8.579984730537237,192700,7.716729888916015,8.403487906455993,11.062839245334022,1.9864538025835543
2024-04-09,8.560853958129883,8.680418960093172,8.527375903533533,8.608680141356913,168400,7.739820699691773,8.408822915554047,10.607910574347112,1.807994342402175
2024-04-10,8.570419311523438,8.66607167724431,8.38868091130406,8.45563701998353,192500,7.763668184280395,8.415447070598603,10.39136537128833,1.841521188651618
2024-04-11,8.426942825317383,8.57998590159229,8.379116635929302,8.570420481272935,129300,7.785965309143067,8.420572273731231,8.232473312225208,0.0756546156135407
2024-04-12,8.1591157913208,8.522593520687463,8.139985864621822,8.436506570020542,137100,7.80780574798584,8.423944563865662,4.4994721266674365,-3.143762052766097
2024-04-15,8.139986038208008,8.364767926913997,8.111289779234678,8.254768337475447,267200,7.830582809448242,8.427680962085724,3.951215845472511,-3.413690256809576
2024-04-16,7.977376937866211,8.053898464811953,7.910420829840827,8.053898464811953,245900,7.852934522628784,8.429225070476532,1.5846613120080955,-5.360494337645871
2024-04-17,7.805203914642334,8.082594708738885,7.795638494657604,7.996507753293635,875300,7.8707120323181154,8.429954290390015,-0.8323023051382994,-7.411076670485439
2024-04-18,7.94868278503418,8.120855790371165,7.843464985552402,7.843464985552402,397800,7.887778453826904,8.430895190238953,0.7721354189116125,-5.719587236276702
2024-04-19,8.226073265075684,8.226073265075684,7.891290863556491,7.891290863556491,216600,7.914161806106567,8.434004604816437,3.941181221850254,-2.4653927699068268
2024-04-22,8.053899765014648,8.168682073963447,7.948682876530426,8.168682073963447,167700,7.933709468841553,8.436712889671325,1.5149319072638834,-4.537467727808265
2024-04-23,8.226073265075684,8.254768612797465,7.977377818930492,8.063464774304494,204200,7.95651216506958,8.437385654449463,3.3879304702068014,-2.5044770741555866
2024-04-24,8.130420684814453,8.216507638018811,8.053899151345831,8.11128984534298,151800,7.976271057128907,8.437488207817077,1.9326026733729629,-3.639323877432332
2024-04-25,8.09216022491455,8.139986413198047,8.025204108642857,8.06346487682792,256600,8.001106872558594,8.436893734931946,1.1380094505204275,-4.086024084789253
2024-04-26,9.220853805541992,9.239983732598377,8.101725250380463,8.101725250380463,1062800,8.047574291229248,8.44139102935791,14.579293981684117,9.233819088266703
2024-04-29,8.838244438171387,9.192156722984233,8.761722912385288,9.192156722984233,612500,8.0764013671875,8.443423585891724,9.43295208283077,4.676075388890544
2024-04-30,8.426942825317383,8.742594398186549,8.38389934608898,8.742594398186549,349700,8.100394601821899,8.44353756427765,4.03126316120499,-0.19653775249931504
2024-05-01,8.484333038330078,8.613463468641475,8.38868157722465,8.38868157722465,373300,8.12327416419983,8.443570699691772,4.444745638667169,0.4827618561871416
2024-05-02,8.58954906463623,8.651723374767256,8.393462539838778,8.541723794945963,332400,8.14844651222229,8.443394322395324,5.413333102847373,1.7309951029202075
2024-05-03,8.618246078491211,8.723462958148462,8.579985312051427,8.685202191708678,218100,8.175323553085327,8.442717781066895,5.4177981156321,2.07904968490058
2024-05-06,8.618246078491211,8.785637273743502,8.618246078491211,8.685202191708678,142400,8.201258287429809,8.442041239738465,5.084436758936439,2.0872302533102127
2024-05-07,8.646941184997559,8.857375850673368,8.60868041962092,8.60868041962092,209400,8.228897676467895,8.44160011768341,5.080188440368372,2.432489865090859
2024-05-08,8.666072845458984,8.713898122557858,8.493898928835241,8.570420466843863,214300,8.244481649398804,8.440702962875367,5.113616768022333,2.6700368864401414
2024-05-09,8.962593078613281,8.991288425718059,8.656506943605951,8.685202290710729,259700,8.269199752807618,8.441380362510682,8.385253065996356,6.17449627572022
2024-05-10,8.666072845458984,9.067810463899907,8.646942004852486,8.972158997493473,126900,8.282899131774903,8.441080884933472,4.626082095025752,2.6654401680607176
2024-05-13,8.570419311523438,8.780853968784214,8.551288473495836,8.752157711742814,344400,8.293931617736817,8.4416823720932,3.33361434033701,1.5250152014226304
2024-05-14,8.81911563873291,8.838245566517411,8.64694172762911,8.64694172762911,199600,8.316722421646118,8.43833221912384,6.040759708165844,4.512543589432272
2024-05-15,8.685202598571777,8.914767207964564,8.579985713985584,8.857376511720702,126200,8.337400350570679,8.431508054733277,4.171591064081404,3.00888692973591
2024-05-16,8.7999849319458,8.843028410373304,8.608681090161719,8.637376438377164,146100,8.360750827789307,8.42649911403656,5.253524631981321,4.4322774245249885
2024-05-17,8.752159118652344,8.838246079197893,8.71389834865529,8.838246079197893,125900,8.383898611068725,8.421297016143798,4.39247329514969,3.928873448760628
2024-05-20,8.857376098632812,8.97215839797602,8.713897540297332,8.799984492856895,237600,8.401881179809571,8.415471644401551,5.421344447453436,5.251095516734838
2024-05-21,8.838244438171387,8.962592145625935,8.742592987043034,8.819114512829133,140600,8.419098529815674,8.409136834144592,4.9785129235788705,5.102873368458449
2024-05-22,8.551290512084961,8.819116835068563,8.498682519384682,8.819116835068563,158800,8.426559410095216,8.401643109321594,1.4802138799414832,1.78116828834749
2024-05-23,8.532158851623535,8.656506566606962,8.42215926567194,8.570419616833158,179700,8.436507225036621,8.394789319038392,1.1337823110380674,1.6363666479825234
2024-05-24,8.532158851623535,8.589549543333671,8.455637321204287,8.579985036187715,137700,8.448368043899537,8.386878108978271,0.9917987389825189,1.7322386322717431
2024-05-28,8.579985618591309,8.689985212009601,8.508246792979756,8.618246386398047,256600,8.456594133377076,8.378746285438538,1.4591156116529502,2.4017833491688956
2024-05-29,8.446073532104492,8.584769402890725,8.37911740811598,8.522595077293872,385500,8.463098497390748,8.370680503845215,-0.20116704646063743,0.9006797980719128
2024-05-30,8.522594451904297,8.59720308982046,8.426942983540883,8.426942983540883,116700,8.465011529922485,8.361526131629944,0.6802462321316982,1.9263028990014641
2024-05-31,8.761723518371582,8.771288937808553,8.484332740159681,8.551288851801264,141800,8.471133241653442,8.35526846408844,3.4303589428776426,4.864655827997821
2024-06-03,8.350419044494629,8.855462392825164,8.293028356139972,8.790418274784022,285500,8.46768973350525,8.34732207775116,-1.384919531789175,0.03710132081429229
2024-06-04,8.226073265075684,8.326507438206248,8.111290049771243,8.254768612797465,263500,8.46788104057312,8.338478112220765,-2.855587771472412,-1.3480259302994568
2024-06-05,8.187812805175781,8.26433434344959,8.106508556733774,8.245203502776793,182200,8.464437589645385,8.328799195289612,-3.2680822741017246,-1.6927577050190656
2024-06-06,8.168681144714355,8.18781198346723,8.101725033496495,8.18781198346723,170400,8.465585412979125,8.31994411945343,-3.5071912192813914,-1.8180768111818901
2024-06-07,8.091069221496582,8.197785626800277,8.052263171821673,8.110471783729434,260200,8.462694063186646,8.311666440963744,-4.3913302184308005,-2.654067280418726
2024-06-10,8.246294021606445,8.30935350997371,8.072636867255557,8.11047237523406,156600,8.461759366989135,8.304578666687013,-2.54634214987558,-0.7018374732768784
2024-06-11,8.246294021606445,8.280249201897224,8.023159451004604,8.168681916596304,138800,8.460059461593628,8.297904658317567,-2.526760490958957,-0.6219719174453076
2024-06-12,8.236591339111328,8.420920761424068,8.236591339111328,8.420920761424068,312200,8.459121999740601,8.291917724609375,-2.630659075919428,-0.6672326877272927
2024-06-13,8.071666717529297,8.217190115448089,8.037711535577706,8.197786625641857,200300,8.452207765579224,8.284370579719543,-4.502268029894429,-2.567531958444169
2024-06-14,7.906741142272949,8.028010183873512,7.877636831347436,7.974652434711632,160500,8.443142881393433,8.276504530906678,-6.353105077761723,-4.467627453750955
2024-06-17,8.032859802246094,8.110471902734716,7.849500914148729,7.867933857405468,231300,8.432774267196656,8.268855299949646,-4.742383138443806,-2.8540286308431306
2024-06-18,7.98435115814209,8.16868057108618,7.98435115814209,8.110471039311962,182600,8.421052904129029,8.260411829948426,-5.185833065753743,-3.3419722586405243
2024-06-20,7.926144123077393,7.994054485937496,7.90674063356919,7.974651921638596,196400,8.408358707427979,8.250608727931976,-5.73494306236717,-3.9326141325321418
2024-06-21,7.935846328735352,7.964950639478693,7.858234216613534,7.926144583417785,233900,8.395667247772217,8.240761229991913,-5.476883557514478,-3.7000817369496897
2024-06-24,8.13957691192627,8.207487266695987,7.9358449224079255,7.984351789981042,163400,8.389919929504394,8.233233263492584,-2.983854669432018,-1.1375403631717962
2024-06-25,8.275397300720215,8.285099043942486,8.066814447487166,8.139576596445044,146400,8.392245559692382,8.226756093502045,-1.3923360337951163,0.591256221350589
2024-06-26,8.178383827209473,8.255995933796692,8.144428646228727,8.255995933796692,194900,8.393013515472411,8.219004027843475,-2.5572422571138675,-0.49422290701396365
2024-06-27,8.217188835144043,8.396666461841052,8.144427610126089,8.275397445074738,184100,8.397809753417969,8.211120765209198,-2.1508098370579543,0.07390062950425325
2024-06-28,8.323906898498535,8.36271295460212,8.226891295634893,8.28510084239495,902900,8.408183813095093,8.202098524570465,-1.002320078508545,1.48508791455233
2024-07-01,8.275397300720215,8.348158524468936,8.14442746805618,8.314203348400142,228800,8.414718103408813,8.193716475963592,-1.6556799761617502,0.9968715050884924
2024-07-02,8.275397300720215,8.406368058593406,8.251143867873694,8.304502530387028,208100,8.415704584121704,8.184219386577606,-1.6672078017830216,1.1140697705653402
2024-07-03,8.420921325683594,8.469428195133819,8.275397941705235,8.275397941705235,123800,8.423045015335083,8.176100347042084,-0.025212849362943324,2.9943489958520475
2024-07-05,8.061965942382812,8.450026488558564,8.023159887765237,8.391816944027541,224000,8.419762868881225,8.167208669185639,-4.2494893510695135,-1.2886009292244593
2024-07-08,8.178383827209473,8.226890699919517,8.05226392270292,8.05226392270292,137900,8.420722131729127,8.159828283786773,-2.877880313928516,0.22740115082531265
2024-07-09,8.02315902709961,8.144428050421846,7.994053795351632,8.071665896261125,377100,8.419342107772827,8.151718227863311,-4.705629912668085,-1.577081017401638
2024-07-10,11.020928382873535,11.054884486198764,8.391815949718918,8.488831537372576,2789800,8.455343599319457,8.160130217075348,30.34276198734931,35.05824159290829
2024-07-11,11.447794914245605,11.864959686252343,10.86570328674481,10.972420609405132,1322100,8.507534608840942,8.170769464969634,34.56066229044987,40.106693296457486
2024-07-12,11.670930862426758,12.020186251213605,11.46719886070418,11.651528299277071,930300,8.57241436958313,8.180944740772247,36.14520203127214,42.65994004654614
2024-07-15,11.758243560791016,12.020185076788305,11.603019369922619,11.864959960710749,808300,8.637892580032348,8.191324274539948,36.12398454655224,43.54508705433222
2024-07-16,11.806753158569336,12.194813695126621,11.72914105125788,11.806753158569336,552200,8.70223666191101,8.19943749666214,35.674926082469625,43.99467235863042
2024-07-17,12.04928970336914,12.35973809340468,11.758243875106231,11.80675166735158,613000,8.77085753440857,8.209739067554473,37.378695938214655,46.76824201379153
2024-07-18,12.514962196350098,12.611977780127052,11.864960190588354,11.932871469315893,679100,8.848791856765747,8.222787148952484,41.43130948188383,52.19854253365175
2024-07-19,12.534367561340332,12.88362204989319,12.156007838167751,12.45675545277303,560700,8.926540384292602,8.237558362483979,40.41685828695927,52.161198862337166
2024-07-22,11.85525894165039,12.524663484721083,11.709735571272143,12.524663484721083,723600,8.99032410621643,8.249398639202118,31.86686933180727,43.71058376683117
2024-07-23,12.447052001953125,12.74779957533906,11.573915437635172,11.74854219537325,675300,9.060013284683228,8.266242144107819,37.38447848631736,50.57691009965622
2024-07-24,12.01048469543457,12.641083273643769,11.981380387648876,12.641083273643769,380400,9.12690152168274,8.280298821926117,31.59432767956698,45.04892822987225
2024-07-25,12.864217758178711,13.019441954472583,11.903767349703486,12.02018549692389,787600,9.212777490615844,8.29843832731247,39.63452141639405,55.01974288148881
2024-07-26,12.728395462036133,12.985486102036822,12.485857436634813,12.903023136392008,390000,9.29096308708191,8.3136221575737,36.99758940742759,53.10288609208176
2024-07-29,12.553770065307617,12.980637585577526,12.340337230381973,12.80600987953899,226900,9.368334436416626,8.328072245121001,34.00215535120685,50.740407813611846
2024-07-30,12.81571102142334,13.155264672698966,12.563471219059121,12.563471219059121,629100,9.448648958206176,8.343739116191864,35.63538108051798,53.596736941992404
2024-07-31,12.757501602172852,12.941831046124932,12.660486933174793,12.893323249021265,475000,9.528755807876587,8.360183527469635,33.884232730860234,52.598343807341585
2024-08-01,12.262723922729492,12.80600862693878,11.981379826747377,12.786606064393059,462700,9.596862764358521,8.373875291347504,27.778464940351412,46.4402501360419
2024-08-02,11.544811248779297,12.054141728266462,11.525408685150532,11.932872698656556,535500,9.650994100570678,8.384209792613984,19.623026690034283,37.69707025878128
2024-08-05,11.127646446228027,11.263467167625366,10.768690228634771,11.195556806926698,520000,9.70252121925354,8.391854479312897,14.688194900790208,32.600564912788265
2024-08-06,11.253766059875488,11.35078072621366,10.875406363091642,11.069436620977235,346800,9.75695336341858,8.399804546833039,15.340984431358029,33.97652287181459
2024-08-07,11.07913875579834,11.612722677703582,11.030630958314356,11.399288923899629,297600,9.807892961502075,8.407160241603851,12.961456648091051,31.78217659004381
2024-08-08,11.331377029418945,11.360481333887826,11.088839000023569,11.11794330449245,515300,9.862920789718627,8.416752798557281,14.888654902623522,34.62884440851417
2024-08-09,11.341078758239746,11.787348805175629,11.156750248187835,11.593318551118557,856000,9.920820894241333,8.427137224674224,14.315930900665897,34.57807148355969
2024-08-12,11.331377029418945,11.447795172503627,11.079137256797555,11.350779590661814,341200,9.976996545791627,8.437751905918121,13.575032099200302,34.293792419652405
2024-08-13,11.341078758239746,11.476900398684313,11.253765837820987,11.331377939443817,271400,10.02858365058899,8.44892615556717,13.087542103452176,34.2310081709837
2024-08-14,11.088838577270508,11.428391250353368,10.972420438624173,11.428391250353368,464800,10.083352041244506,8.459768407344818,9.971748798546386,31.077330292435867
2024-08-15,11.31197452545166,11.438094422716311,11.069436474991,11.399288371650975,620200,10.145070066452027,8.474746267795563,11.502182354150348,33.47862187258277
2024-08-16,11.544811248779297,11.64182684255093,11.170332796214224,11.25376631788294,339300,10.212210035324096,8.49042370080948,13.04909719684304,35.974500868297184
2024-08-19,11.661230087280273,11.719438702157333,11.47690064801466,11.544811007107647,268200,10.282061014175415,8.505800487995147,13.413352354196896,37.09738552813005
2024-08-20,11.467198371887207,11.719438158545545,11.360481966089852,11.670930364925217,334800,10.349583597183228,8.521089856624604,10.798644836379223,34.57431578393921
2024-08-21,11.593318939208984,11.690334532089768,11.447796475097073,11.612722427868846,271600,10.416524095535278,8.535801856517791,11.297385124641558,35.819916325219346
2024-08-22,11.476900100708008,11.700035580987269,11.41869148860678,11.603019993872946,207900,10.48113621711731,8.549931762218476,9.500533749045847,34.23382103964374
2024-08-23,11.986549377441406,12.110041619873453,11.653318196851936,11.67291959114991,310600,10.556135377883912,8.56753913640976,13.550546183353674,39.90656110926605
2024-08-26,12.358983993530273,12.40798887646367,12.045354238261176,12.104160284719331,248400,10.64188172340393,8.588356029987334,16.135325638416397,43.90395496387567
2024-08-27,12.162965774536133,12.270776707278662,12.025753219686264,12.270776707278662,115900,10.727006216049194,8.608285748958588,13.38639625600786,41.2937038713844
2024-08-28,11.927743911743164,12.055156242378152,11.888540189600898,12.025753684444066,201700,10.804903898239136,8.62759688615799,10.391948175374477,38.25105726578266
2024-08-29,12.427592277526855,12.476596230004859,11.859137829629615,12.104161330781546,376800,10.89376872062683,8.648849737644195,14.079824863509383,43.690694768758085
2024-08-30,12.427592277526855,12.48639739437665,12.24137389322472,12.378587390358375,317800,10.98379768371582,8.66963799238205,13.144766822786181,43.34614995974333
2024-09-03,11.761126518249512,12.260974619600802,11.48670049453699,12.221770901927584,381000,11.060303287506104,8.685235502719879,6.336383483580144,35.41517112076447
2024-09-04,11.535706520080566,11.82973396446319,11.525905356017025,11.751326521335763,248400,11.12822587966919,8.701099722385406,3.6616855626181,32.577569366347326
2024-09-05,11.320084571838379,11.672918034359727,11.177970509696912,11.672918034359727,373500,11.189119625091553,8.717930080890655,1.1704669458814099,29.848306499401044
2024-09-06,11.202473640441895,11.53570571790626,11.104463876002827,11.329885960336528,254300,11.249601421356202,8.733475496768952,-0.4189284504323876,28.27051091614532
2024-09-09,11.055459976196289,11.339687196698192,11.04565974663382,11.182872307413069,296600,11.306366844177246,8.748007066249848,-2.2191644003676902,26.37689810343986
2024-09-10,11.192673683166504,11.261279964852536,10.928047851479551,11.124067401480472,269400,11.363742179870606,8.763642852306367,-1.5053887530740329,27.717136261673183
2024-09-11,11.0946626663208,11.241677312365882,10.839838962285345,11.231876149024801,415200,11.420127487182617,8.778556282520293,-2.8499228334105897,26.383682114248085
2024-09-12,11.29068374633789,11.555308650088351,10.741830674769865,10.741830674769865,223700,11.480433216094971,8.793799374103546,-1.6528075742913706,28.39369271474743
2024-09-13,11.486701011657715,11.525904731095848,11.192672648526518,11.427894965155316,424800,11.541748809814454,8.811276967525481,-0.4769450372194006,30.363635758956132
2024-09-16,11.751326560974121,11.810132610863274,11.408294229807163,11.623914231789668,269900,11.61553602218628,8.83040292263031,1.169042380209362,33.078033515980906
2024-09-17,12.466794967651367,12.564803799179405,11.849335683732152,11.849335683732152,453600,11.701304244995118,8.852548699378968,6.541926494934658,40.827183119884445
2024-09-18,12.388387680053711,12.741221160312271,12.339382796345197,12.407989072722868,269100,11.788608818054199,8.87416108608246,5.087783225794662,39.600662641595385
2024-09-19,12.917637825012207,12.947040380125712,12.447192269744274,12.829429224981322,320800,11.826543006896973,8.898137049674988,9.225813642067116,45.17238555551395
2024-09-20,13.192065238952637,13.525297347532243,12.5844070728859,12.819629407874869,939400,11.861428413391113,8.92315535068512,11.21818367220666,47.84081101916207
2024-09-23,13.564501762390137,14.005543896678756,13.39788569959591,13.427288259297681,337100,11.899299831390381,8.951684823036194,13.994116919442167,51.53015360285424
2024-09-24,13.642909049987793,13.819326275492367,13.486094153846176,13.760520222094005,201400,11.936993141174316,8.981218812465668,14.291001834702023,51.90487321221742
2024-09-25,13.270472526550293,13.564500909144321,13.069553334293973,13.525297187111148,263400,11.966267528533935,9.008984842300414,10.899012535917652,47.302640184726094
2024-09-26,12.319781303405762,13.167563325319316,12.29037874506538,13.084255297779503,284900,11.971677360534668,9.032044529914856,2.907729070770304,36.40080341280048
2024-09-27,12.44719409942627,12.594208765985039,12.329582926993563,12.50600015298788,269400,11.97032199859619,9.056118195056916,3.983786742629003,37.445137434494825
2024-09-30,12.505998611450195,12.770623483132475,12.231571641576961,12.48639628444908,320900,11.969754619598389,9.081098370552063,4.479991519406767,37.71460346695841
2024-10-01,12.72161865234375,12.829429581909972,12.339382621162855,12.417790060107162,268200,11.987081813812257,9.10654415845871,6.127736924971305,39.69754531445542
2024-10-02,12.966642379760742,13.143059588091772,12.780424942392756,12.898036103049972,222400,11.997473621368409,9.132272782325744,8.07810701634859,41.987024356695656
2024-10-03,13.18226432800293,13.290075267962726,12.839231983223963,12.956843152978793,154900,12.020909214019776,9.159692001342773,9.6611254049626,43.91602169669531
2024-10-04,13.329277992248535,13.417485661936047,13.08425450661669,13.08425450661669,151400,12.030210418701172,9.187799172401428,10.798377819958493,45.07585268393108
2024-10-07,13.515495300292969,13.701712736321378,13.32927786426456,13.32927786426456,229100,12.045952415466308,9.21580093383789,12.199474430430701,46.655677540383735
2024-10-08,13.162662506103516,13.299875065681245,12.800027844134506,13.13325901360218,273800,12.058130264282227,9.243122143745422,9.160062278420234,42.404939601607914
2024-10-09,13.221467018127441,13.51549538688435,13.009767116049101,13.0940546938431,324900,12.066245384216309,9.270737376213074,9.573994205540215,42.61505295200336
2024-10-10,13.241069793701172,13.36848212229769,12.947041414993086,13.113657465104653,342400,12.075916748046875,9.298215055465699,9.648568054617845,42.40442616906108
2024-10-11,13.682112693786621,13.819326194451124,13.275373708795618,13.51549663394062,185600,12.104304523468018,9.327850844860077,13.03509976355539,46.68022593141992
2024-10-14,13.584101676940918,13.642907724626475,13.299874471623301,13.623305397167817,183400,12.14509033203125,9.358551325798034,11.848502609440814,45.15175697647369
2024-10-15,13.446890830993652,13.631148245988252,13.290075930173522,13.476293391224793,398700,12.191475219726563,9.388094615936279,10.297487290428563,43.23343959665227
2024-10-16,13.838927268981934,14.113353329274302,13.654669864826104,13.721316100285204,246500,12.243178443908691,9.419786541461944,13.033779033639492,46.913385012163374
2024-10-17,13.407686233520508,13.780122066083909,13.309676459538911,13.721316014756855,274100,12.289749393463135,9.449275155067443,9.096498262625264,41.89116110488382
2024-10-18,13.045051574707031,13.388083914509208,12.966643194650885,13.36848252051303,215000,12.324022884368896,9.477563073635102,5.8505951920346355,37.64141133490369
2024-10-21,12.947041511535645,13.172462678255462,12.751022902498747,13.172462678255462,190600,12.356142139434814,9.506020534038544,4.782231908897883,36.19833310033063
2024-10-22,13.045051574707031,13.196965883266703,12.947041800654707,13.035250410363703,199200,12.390415630340577,9.534402678012848,5.283405850917844,36.82085826718902
2024-10-23,12.878434181213379,13.123457656189117,12.790225580671652,12.947040455105665,158400,12.42116273880005,9.562564218044281,3.6813899956801066,34.67553145329103
2024-10-24,12.996045112609863,13.035248830541356,12.594206770139468,12.907836513591413,177600,12.459306869506836,9.592680113315582,4.307930198080689,35.47877088666884
2024-10-25,13.152861595153809,13.305756394218616,13.089154961531566,13.192065317886543,151600,12.496124610900878,9.62456948518753,5.255525250444704,36.65922008663778
2024-10-28,13.064653396606445,13.13325967987583,12.807868677481812,12.89803733607465,164600,12.526521453857422,9.656818754673004,4.2959407743904165,35.28941288542218
2024-10-29,12.956842422485352,13.059751839709968,12.790226374387027,13.005847307459641,128100,12.552433700561524,9.688528969287873,3.2217554903774204,33.73384611387198
2024-10-30,12.966642379760742,13.260670748748987,12.907837266777344,13.005847034670232,225400,12.582422580718994,9.721560263633728,3.053623390701543,33.380260247587735
2024-10-31,12.878434181213379,13.13325788482346,12.819628135955435,13.074452774255894,221100,12.608124885559082,9.75424474477768,2.1439293955907823,32.02902447273899
2024-11-01,12.66281509399414,12.976444888248443,12.525601591662626,12.976444888248443,227000,12.631843185424804,9.785804016590118,0.24518914709987794,29.399843615573683
2024-11-04,13.358680725097656,13.476291887590136,12.6040079307412,12.662813979332658,388300,12.659285812377929,9.819853222370147,5.524758055749679,36.03747859149129
2024-11-05,13.740917205810547,14.877826003357416,12.760823285899052,12.917638163534427,1319600,12.686924476623535,9.85458864927292,8.307708705360861,39.43674053634256
2024-11-06,16.19115447998047,16.519485096024717,14.87782827704131,15.191458080242109,810400,12.767488250732422,9.900585868358611,26.815503269029016,63.53733703503297
2024-11-07,16.17154884338379,16.566526553069707,16.044137462902818,16.259757441170883,527500,12.852364349365235,9.945684118270874,25.825477739296154,62.59865737818471
2024-11-08,16.808610916137695,16.84781557155133,16.161749056859644,16.161749056859644,318800,12.939984722137451,9.992884058952331,29.896682856061506,68.20580341947785
2024-11-11,17.592687606811523,17.61228806559074,16.857617125235237,16.857617125235237,1326800,13.043286628723145,10.043815929889679,34.879253270950585,75.15939887405685
2024-11-12,18.014127731323242,18.38166299833598,17.435873964387092,17.641692816611325,847500,13.168346652984619,10.096996343135833,36.798705304741674,78.41075820107288
2024-11-13,17.465274810791016,18.18074298336412,17.445672482106037,18.112136702347648,667700,13.286938018798828,10.147762284278869,31.446950276132313,72.10961709113539
2024-11-14,17.847509384155273,17.87691287472949,17.308458475960204,17.651491721802884,357200,13.417486515045166,10.201664361953735,33.0167864461252,74.94703561034693
2024-11-15,18.366960525512695,18.39636401719286,17.868093808191094,17.93571866110799,421700,13.560776252746582,10.25849349975586,35.44180792594875,79.04149889016168
2024-11-18,19.366655349731445,19.484265568821996,18.278750541549833,18.58257912181128,492300,13.727000160217285,10.321027820110322,41.08439661754102,87.64270077826836
2024-11-19,19.827301025390625,20.04292290020714,18.964819134267373,18.964819134267373,739000,13.899692707061767,10.385582683086396,42.64560694437025,90.9117825202113
2024-11-20,20.101728439331055,20.160533556708884,19.376459093734592,19.690088878924307,571200,14.079834022521972,10.450614516735078,42.76964065894893,92.34972648872638
2024-11-21,21.31704330444336,21.669877722856707,19.915508663946838,20.062522381825453,760200,14.280361213684081,10.52266520500183,49.27523880850026,102.5821680073081
2024-11-22,22.845991134643555,23.11061696929581,21.238637536396087,21.503263371048337,929100,14.507547016143798,10.601512577533722,57.476595521081904,115.49746762606135
2024-11-25,22.27753448486328,23.051809583550874,21.98350705487454,22.845988887054105,646000,14.718071174621581,10.677470557689666,51.36177981851662,108.64056111884585
2024-11-26,22.74798011779785,23.100814544756144,22.145222551331358,22.17952569068776,725300,14.923694877624511,10.755498077869415,52.42860634938668,111.50094540581294
2024-11-27,23.98289680480957,24.14951284081176,22.41474807700159,22.708775496120403,747700,15.155585060119629,10.841160714626312,58.24461219856243,121.22074781580477
2024-11-29,24.15931510925293,24.29848864235431,23.757476745696586,24.227921385560478,380800,15.380418605804444,10.92746987581253,57.07839772407366,121.08791315662653
2024-12-02,24.24752426147461,24.453344964434553,23.718274496999218,24.1593156558319,507800,15.601527786254882,11.01172304391861,55.41762700212569,120.1973675215676
2024-12-03,23.639869689941406,24.590560260803,23.07141520654501,24.453347689791098,798100,15.803035144805909,11.093785986900329,49.59069237855416,113.09109187662028
2024-12-04,23.688871383666992,23.95349720482154,23.365440447605064,23.630066268759613,776700,16.003954391479493,11.175528569221497,48.018863364662856,111.97092591135664
2024-12-05,27.87387466430664,28.60894518489947,25.306027489841394,25.53144866750509,1422300,16.29602243423462,11.278243284225464,71.04710537062905,147.1473079791866
2024-12-06,26.062854766845703,27.982136774334634,25.738053398518538,27.667178099266085,869900,16.570883903503418,11.372185587882996,57.28101722645882,129.18070203335
2024-12-09,25.344358444213867,27.022499384554198,25.285304154066093,26.39750235880899,423000,16.82882719039917,11.46229983329773,50.60085980722886,121.11058699222875
2024-12-10,28.59237289428711,29.74394189071803,25.733136731239632,25.944749973806577,2301800,17.150554676055908,11.5689368391037,66.71398350868067,147.14780011282608
2024-12-11,31.38763427734375,32.09629327474738,27.94276999157136,28.641586294310827,2070000,17.523874988555907,11.68644063949585,79.1135482183117,168.58164299628706
2024-12-12,28.356151580810547,31.121886615881277,28.14946064080628,30.885665716873675,1043600,17.831665172576905,11.78958795785904,59.021332592197375,140.51859727555697
2024-12-13,27.588441848754883,28.710482737034855,27.386671305208008,28.208516582461705,873600,18.11978872299194,11.88762464761734,52.25586937307003,132.07699323080905
2024-12-16,28.661270141601562,29.1829197896222,27.14552903630684,27.588440885854506,752000,18.426428565979005,11.990837023258209,55.544358685542015,139.02643398461922
2024-12-17,28.11993408203125,28.69079721806244,27.401434284101,28.375838505397233,670800,18.71851734161377,12.093038816452026,50.22522120123731,132.52992493313894
2024-12-18,26.801042556762695,29.212448205513898,26.653405897662044,28.34630988479999,608700,18.991284942626955,12.18878749847412,41.12284996896825,119.88276159640851
2024-12-19,26.15144157409668,28.277414869484375,26.023490294589077,27.952613445947424,490000,19.249884433746338,12.281382400989532,35.85246012309273,112.93565105496279
2024-12-20,26.446714401245117,27.39159050171157,25.39356866631006,25.63963038546927,758600,19.51399732589722,12.37564212322235,35.52689364237753,113.69973483330628
2024-12-23,27.51954460144043,27.775449040974976,26.198686088218338,26.417189037463135,467000,19.79074596405029,12.4734486079216,39.05258877775213,120.62498885804041
2024-12-24,28.26757049560547,28.544144011661636,27.381748654690842,28.09040762926414,376500,20.084415340423583,12.574899575710297,40.74380566464277,124.79360829415423
2024-12-26,28.484106063842773,28.543160352721088,27.391591394433018,27.88371484879028,415600,20.385159645080567,12.67642887353897,39.72961978110718,124.70134410883702
2024-12-27,27.745920181274414,29.26165940620085,27.48017307208342,28.621899307161083,785200,20.663299503326417,12.774984633922577,34.27632976431389,117.18946031135063
2024-12-30,28.041194915771484,28.523475688007117,27.49001715854534,27.58844222737552,415200,20.955969676971435,12.875495018959045,33.81005674285748,117.78731516327015
2024-12-31,28.32662582397461,29.17307686246855,27.932925570942707,28.306940435862625,1017500,21.261601161956786,12.976284742355347,33.22903391988754,118.29534713826723
2025-01-02,28.986072540283203,29.114023813849844,27.204584263710778,28.434892913513938,624900,21.582381782531737,13.080610828399658,34.30432670662806,121.59571078554512
2025-01-03,29.15339469909668,29.89157989169671,28.37583872845301,29.33055756838699,525000,21.90454864501953,13.184243087768555,33.09288025765977,121.12300649358643
2025-01-06,30.787246704101562,31.584486245045863,28.80891001728987,29.29119081995011,1059900,22.262724895477294,13.295901131629943,38.29055898883267,131.5544196614175
2025-01-07,28.82859230041504,30.846297673379052,28.188830320268536,30.846297673379052,636300,22.5793758392334,13.397431120872497,27.676657254285765,115.18000010839091
2025-01-08,28.631742477416992,28.956543879395618,27.55891320599929,28.45457773501011,474700,22.888953456878664,13.499507293701171,25.089784167534688,112.0947220849792
2025-01-10,28.188831329345703,29.80299756280127,28.080565444168446,29.163235559753172,557500,23.19143701553345,13.598651523590087,21.548446137533595,107.29137209263348
2025-01-13,28.41520881652832,28.877804183496362,27.67702364185265,28.149461703092605,508800,23.500604343414306,13.700171117782594,20.9126727181008,107.40769273783633
2025-01-14,28.82859230041504,29.724256819857793,28.24985389776141,28.7596934412024,462500,23.81784334182739,13.803135895729065,21.0377945923764,108.85538270571628
2025-01-15,31.358108520507812,31.476217103568068,28.838434969396012,29.468354295825,978200,24.187436828613283,13.918461294174195,29.64626530171135,125.2986724447283
2025-01-16,30.659292221069336,31.40732013088371,29.980161297620405,31.397477436074066,664300,24.547366371154784,14.030101308822632,24.898499323726142,118.52509505251878
2025-01-17,30.826614379882812,32.450623360090205,30.521498348985958,30.875827854093327,690700,24.896725044250488,14.142817058563232,23.817949248717518,117.96657803204651
2025-01-21,30.993934631347656,31.176019782059896,29.064811609969823,31.112045085267635,624900,25.24178539276123,14.25569983959198,22.788202772043253,117.41433237299943
2025-01-22,34.01557540893555,35.04903393926884,31.37779144673088,31.37779144673088,1665700,25.59827381134033,14.383977789878845,32.882301594360854,136.48239663488843
2025-01-23,33.09038162231445,34.32069031779347,32.27345860091056,33.81872602206387,943500,25.936650466918945,14.506673245429992,27.581553618574528,128.10454928209572
2025-01-24,34.428955078125,35.94469615973774,33.454552778948134,33.454552778948134,1966000,26.289057350158693,14.635965924263001,30.96306428772415,135.23527764607502
2025-01-27,23.966411590576172,29.428980952340936,23.759718772277562,28.59138703359839,3494500,26.416531829833986,14.712993712425233,-9.274950455421727,62.8928283326619
2025-01-28,23.621925354003906,24.81286318949666,22.667206546774953,24.556960650187342,1792900,26.528687782287598,14.788251242637635,-10.957053180083975,59.73440649897084
2025-01-29,25.639631271362305,25.83648140441196,23.7695625165986,24.01562424425967,1479700,26.692174911499023,14.874314684867858,-3.9432666825635176,72.37521065388219
2025-01-30,28.031352996826172,28.808908997068436,26.17112684139902,26.20065492605577,1322700,26.89585178375244,14.973675870895386,4.221845146245484,87.20421918115136
2025-01-31,26.86009979248047,28.730168595972547,26.430967317263203,28.444736083343237,1059100,27.065714569091796,15.067276439666749,-0.7596872274938327,78.2677838296471
2025-02-03,26.64356231689453,27.263638892708006,25.682937542516438,26.151438884732308,576200,27.211252708435058,15.160607366561889,-2.086233947489491,75.74205091320651
2025-02-04,26.28923225402832,27.135685139055994,25.974273564892965,26.09238401196966,730000,27.34049133300781,15.25302750825882,-3.845062863630111,72.3541915845487
2025-02-05,27.52938461303711,27.52938461303711,26.156361639430212,26.7026170819932,496000,27.489044456481935,15.350931017398834,0.14674994112304773,79.33364811447036
2025-02-06,26.131755828857422,27.77544831405232,25.354201712850177,27.745922106960926,859600,27.585338706970216,15.440459430217743,-5.269403771161619,69.24208730289646
2025-02-07,25.541210174560547,27.194743542972198,25.265620341174195,26.673093839068734,755800,27.639243087768556,15.527895982265472,-7.590775574228625,64.48596901815517
2025-02-10,27.027420043945312,27.824661416196044,25.560892330105574,26.249865938329208,826900,27.734240798950196,15.62190271615982,-2.548549138693712,73.00978334724388
2025-02-11,27.106159210205078,27.45064410662737,26.579585417169817,26.75182974268285,461200,27.82140438079834,15.716781408786774,-2.5708449537756195,72.46634985360838
2025-02-12,26.72230339050293,27.47033127184297,26.190811032128327,26.535295950842418,596400,27.87619251251221,15.809932124614715,-4.139335461581983,69.02225246684384
2025-02-13,26.84041404724121,27.6474962239277,26.48116414553574,26.56482423290596,433700,27.929814491271973,15.898029925823211,-3.9004929458847593,68.82855405652657
2025-02-14,27.716392517089844,27.952611547500602,26.74789430467554,26.96836464880479,496900,27.99919185638428,15.992420666217804,-1.0100267920052586,73.30955141542528
2025-02-18,29.802997589111328,30.16716790036891,28.00182578998587,28.05103738535515,1000300,28.122454414367677,16.099300940036773,5.9758054897408375,85.11982414711761
2025-02-19,29.547094345092773,30.29512226390169,29.212450226749255,29.783313391458414,606400,28.239618873596193,16.204614746570588,4.629933135248709,82.33753043308776
2025-02-20,28.877803802490234,29.556934679876132,28.346309582631196,29.52740659744998,924200,28.259697456359863,16.306056020259856,2.1872362472559637,77.09864216466755
2025-02-21,35.393516540527344,38.41023559971971,33.51360516920099,34.44864044652751,3602900,28.446310691833496,16.439932372570038,24.422168217013418,115.28991566644939
2025-02-24,33.27739334106445,36.77146953667992,30.117959407576674,36.29903141417965,2488700,28.60497138977051,16.563228108882903,16.334300383061606,100.91127841931788
2025-02-25,31.938814163208008,34.015575820953174,29.930949491345977,33.46439617928395,1879800,28.671900215148927,16.679687473773956,11.394131269796315,91.48328896105818
2025-02-26,32.411251068115234,33.97620380623494,31.658302782203638,32.23408632382968,940600,28.692372550964354,16.79841336488724,12.961209501045223,92.94233546998323
2025-02-27,31.988025665283203,33.85809635986448,31.78625323964605,33.28723133039714,810000,28.76501003265381,16.913540527820587,11.204639348189538,89.12672726722732
2025-02-28,33.61203384399414,33.82856561341899,30.797087050034765,31.584483835679755,1449700,28.885481872558593,17.038270332813262,16.363071221345304,97.27374426770416
2025-03-03,31.072673797607422,35.570681752790236,30.629763826614848,34.25179077931538,1254900,28.93370994567871,17.150781605243683,7.392635980468754,81.17351449514847
2025-03-04,28.110090255737305,30.44275617810432,27.214425748671548,30.324645726959613,1678000,28.93351306915283,17.247236478328706,-2.8459137037645466,62.98315553948521
2025-03-05,28.218358993530273,28.377807638791538,26.741988628073095,27.932926488436927,1083200,28.961859397888183,17.3449022603035,-2.567170823335063,62.689639699569646
2025-03-06,24.07468032836914,27.371908100343816,23.27252038803889,27.362065405227217,2458100,28.920324172973633,17.421275737285615,-16.755150514989037,38.191259305101745
2025-03-07,23.651451110839844,24.73412108126277,22.079608862323287,24.114046427705972,2913800,28.86441890716553,17.495772197246552,-18.06018618663956,35.18380808914545
2025-03-10,21.04319953918457,23.262677523285753,20.836508575149672,22.982167285065746,1822700,28.73489200592041,17.55670131444931,-26.7677792738914,19.858503954076177
2025-03-11,22.003305435180664,22.666473074580757,20.835338378813503,21.251055434674726,2493600,28.609606704711915,17.622526619434357,-23.091199182557144,24.85897119267293
2025-03-12,24.98261070251465,25.378531258834585,22.7852501990154,23.37913197744437,2960300,28.539576797485353,17.704683220386507,-12.463275542628615,41.10735781901924
2025-03-13,22.775352478027344,24.958855859959886,21.745957119791946,24.834141306599964,2173100,28.440165443420412,17.775899188518522,-19.918354471821875,28.124896729488526
2025-03-14,24.359037399291992,25.022205075488955,23.11188616250823,23.260356143290007,1576100,28.36652229309082,17.855033581256865,-14.127515711627868,36.426724085596994
2025-03-17,20.251358032226562,24.542152806604378,19.697069166629227,24.339243371740274,6025800,28.20501693725586,17.913390443325042,-28.19944736329284,13.051508011833146
2025-03-18,22.735759735107422,22.805047486768313,19.113083215787174,20.300846813684846,3562700,28.080010681152345,17.984838874340056,-19.032225474301733,26.41625479083809
2025-03-19,24.05219841003418,24.586692631007452,22.16167591063314,22.725862996394937,2001800,27.977986755371095,18.062486894130707,-14.031704209679274,33.161056675145836
2025-03-20,22.31014633178711,24.052196842089263,22.151776215679625,23.79484988717282,1187200,27.808444747924806,18.130229008197784,-19.772045743579405,23.05496153247335
2025-03-21,22.240859985351562,22.98321180995086,21.80534827420676,21.943920010671167,1947800,27.676690101623535,18.199681212902068,-19.640463134546216,22.204667901461008
2025-03-24,23.646379470825195,23.913626580272286,22.904027647626595,23.260357126889385,1047200,27.5769828414917,18.276782743930816,-14.253203090631828,29.37933224969511
2025-03-25,23.50780487060547,23.864134306455718,23.11188432404857,23.210864932662318,813600,27.483362312316896,18.353382704257964,-14.465324135139568,28.084316931677588
2025-03-26,23.131683349609375,24.322414783007442,22.745659122647083,23.685972175324046,1046900,27.377691802978514,18.42819771528244,-15.509008151327064,25.52330785134973
2025-03-27,23.01290512084961,23.38507026855168,22.468514572074813,22.973312119826904,1085100,27.26137805938721,18.502806894779205,-15.584219291051859,24.375211024566145
2025-03-28,22.626882553100586,23.052497869952504,21.949857723776155,22.97331186877245,1346200,27.086753540039062,18.574709837436675,-16.46513665931205,21.815537099249326
2025-03-31,21.538101196289062,22.70606837079281,21.132282349269737,21.785551804856862,1988400,26.90432971954346,18.64116887331009,-19.94559455371355,15.540507908421564
2025-04-01,20.964014053344727,21.419322227681903,19.647577004724496,21.270852252915354,1551500,26.707077713012694,18.704805986881254,-21.503901405393112,12.078222399355454
2025-04-02,22.65657615661621,22.75060859214372,20.23156142811348,20.498806639243572,919500,26.540330543518067,18.777730534076692,-14.633406243881097,20.65662629198146
2025-04-03,18.202465057373047,20.973912837866255,18.14307744353267,20.389929286057605,1539700,26.224068336486816,18.82920915365219,-30.588706436342395,-3.328573660023193
2025-04-04,15.797245979309082,17.03449800697269,14.569891258017057,16.509903955263756,2915900,25.87820562362671,18.868031084537506,-38.95540436974404,-16.275069144575216
2025-04-07,16.76725196838379,18.341037821259675,14.124479676563727,14.421419619865619,2008500,25.524971561431883,18.911945588588715,-34.3103990222695,-11.340417674948334
2025-04-08,16.480209350585938,18.03419879466156,16.039747590845828,17.697665832363857,1752300,25.37524751663208,18.954715914726258,-35.05399567123801,-13.05483329464111
2025-04-09,19.261554718017578,20.380032540675177,15.682429838889611,15.935819778903483,2431000,25.288040103912355,19.011344456672667,-23.83136597826895,1.3161102935941527
2025-04-10,16.95531463623047,18.415273584369725,16.21296282069169,18.380630650676448,1880200,25.114353771209718,19.05542314529419,-32.48755356919638,-11.021054179961098
2025-04-11,17.28194808959961,17.3512358397929,15.886326929974823,16.787046915607892,1347700,24.899365673065187,19.100455899238586,-30.592817839153618,-9.520756044945866
2025-04-14,17.27205467224121,18.964616069672285,16.91572516208794,17.935222433971752,1315600,24.7076047706604,19.145924253463747,-30.094176134987794,-9.78730280353809
2025-04-15,17.45021629333496,18.212364629895557,17.00480632534767,17.75705641089988,1002000,24.52373785018921,19.1920893907547,-28.84357025860018,-9.075995124631097
2025-04-16,18.014402389526367,18.469710535632498,17.22255942670547,17.22255942670547,853600,24.35824125289917,19.24054186820984,-26.043911781265184,-6.372686835339902
2025-04-17,18.855735778808594,19.142779393390907,18.09358933271079,18.242059321540317,761000,24.184768276214598,19.29344356060028,-22.034664283498795,-2.268686667659181
2025-04-21,17.539297103881836,18.479610099128514,16.846436586030016,18.479610099128514,1439100,24.012919101715088,19.33976305961609,-26.958913118442496,-9.309658811145717
2025-04-22,18.459814071655273,19.261553473546734,17.95501462960562,18.370731706123085,1059400,23.871291179656982,19.38995752334595,-22.669394241285733,-4.797037077418875
2025-04-23,19.142780303955078,20.45921753988629,18.75675793705672,19.281352048400965,1411000,23.71359838485718,19.44536159515381,-19.2750927409688,-1.5560589589351803
2025-04-24,19.914823532104492,20.21176347328863,18.64787588139609,18.64787588139609,1007100,23.569771671295165,19.504043793678285,-15.506930615038206,2.1061260053125475
2025-04-25,20.518604278564453,20.518604278564453,18.85573586510714,19.895029567467134,794100,23.445697689056395,19.566521019935607,-12.484565182541797,4.865879108804294
2025-04-28,20.3602352142334,21.379732373302446,20.1721722282521,20.5482982002147,1824800,23.31609411239624,19.613217554092408,-12.677333021191261,3.808746107469352
2025-04-29,20.964014053344727,23.90372635015581,20.785849328465602,23.90372635015581,2883300,23.181046543121337,19.660798649787903,-9.563987914231964,6.628496770505721
2025-04-30,20.924423217773438,20.993709087305398,19.56839491662356,20.310746755148898,1544000,23.00347505569458,19.707066111564636,-9.037990272719544,6.177261999920036
2025-05-01,22.715967178344727,23.438522519973535,21.09268986259022,21.310447611721024,4978000,22.866852512359618,19.761854729652406,-0.659843036698371,14.948558670759349
2025-05-02,23.141578674316406,23.151476924604562,21.904325706769807,22.95351758253603,1429100,22.75212800979614,19.81852885723114,1.7117109412912113,16.767388947100347
2025-05-05,22.191370010375977,23.260356532971056,21.889479974586457,22.785251831350635,930500,22.488085079193116,19.869239258766175,-1.319432347272964,11.687064217042398
2025-05-06,22.033000946044922,22.369533902316174,21.280750919550243,21.72616274046755,2165800,22.263197231292725,19.916829452514648,-1.0339767592960292,10.625041995643002
2025-05-07,21.57769203186035,22.20126861457984,21.33024142650462,21.943919758462084,1400600,22.05597478866577,19.96204607486725,-2.168495209974586,8.093588958434704
2025-05-08,22.34973907470703,22.626884438232736,21.419324250204905,21.874634355432967,1089500,21.85474454879761,20.014518475532533,2.26492936032352,11.667633183527615
2025-05-09,21.607385635375977,22.765454482387256,21.06299508769556,22.646677367456117,1545600,21.647131748199463,20.060320143699645,-0.18360914178291443,7.712067806466294
2025-05-12,22.29035186767578,23.302918606905862,21.993409996731874,22.76545659570799,965400,21.420698108673097,20.11171947956085,4.059875894756981,10.8326510337867
2025-05-13,22.428922653198242,22.87433449670282,22.20126855002848,22.66647500710125,792800,21.247823085784912,20.15954300403595,5.5586850598520865,11.257098678814103
2025-05-14,23.05249786376953,23.22076245253749,21.82514127638233,22.92382249978463,1285500,21.146671237945558,20.211163516044618,9.012419044015596,14.058242344481165
2025-05-15,22.359636306762695,23.077243422408078,22.21611450605397,22.626883407137928,1258400,21.029496784210206,20.260192847251894,6.325113416652051,10.36240610017476
2025-05-16,21.8746337890625,22.790200269451674,21.538100816315517,22.44871911529589,1218100,20.985495853424073,20.305487461090088,4.236916496273069,7.72769592938487
2025-05-19,21.607385635375977,21.726162750307115,21.003605586280894,21.46881390787148,898500,20.944614543914795,20.349736881256103,3.164398609826602,6.180172065410239
2025-05-20,22.27055549621582,22.52790436405323,21.409426519686853,21.706368392375428,820100,20.96916166305542,20.399776039123534,6.206227287823651,9.170588213833476
2025-05-21,21.508405685424805,22.577392201238926,21.171872718603854,22.14188050479861,1487500,20.959263668060302,20.44959401130676,2.6200444159750536,5.177665989518498
2025-05-22,25.17067527770996,25.566595859243897,21.45891628602009,22.122083968051278,2592900,20.96302495956421,20.519809155464174,20.07177077860629,22.66525037835121
2025-05-23,26.774154663085938,26.902830034703502,24.250159251275736,24.566895723106224,2068200,21.04300100326538,20.597411098480226,27.23543879949071,29.987960793099198
2025-05-27,27.99161148071289,28.130183207283835,26.497009687347038,27.30864732223089,1516600,21.1156524848938,20.681973462104796,32.56332713724177,35.343039347775054
2025-05-28,28.021305084228516,28.29845043259654,27.417526911134868,28.199469816186657,1658400,21.271051425933837,20.765423102378847,31.73446165460685,34.94213407584481
2025-05-29,27.59568977355957,28.86263751107311,27.13048333039123,28.7042692798712,1265400,21.36825002670288,20.846696157455444,29.143424188104095,32.37440391095483
2025-05-30,27.150279998779297,28.058917872498803,26.615785799251412,27.130483497782357,1327800,21.430211658477784,20.925790672302245,26.69160917054525,29.745539482605544
2025-06-02,27.387832641601562,27.853039092643414,26.398030235888314,27.714467359971003,1118300,21.531765384674074,21.006024441719056,27.197339151278932,30.380847254504296
2025-06-03,27.83518409729004,28.203007007154806,26.900716671681298,27.367951332546387,1248000,21.64365186691284,21.089756169319152,28.60668924287375,31.98438082363402
2025-06-04,27.63636016845703,27.89980158895736,26.92059898532793,27.68606699125021,1284800,21.723451480865478,21.17137809753418,27.219011181532473,30.53642536229526
2025-06-05,26.970304489135742,28.372006583955798,26.930540926171712,27.805360168716373,1303500,21.792701473236082,21.24850556373596,23.75842674786486,26.928006340196298
2025-06-06,29.82341194152832,30.15544556375535,27.80536038421451,28.481358024935254,2349000,21.926536045074464,21.3393164730072,36.01515478879207,39.75804697986896
2025-06-09,28.928709030151367,30.12164433169201,28.869062739104685,30.091822134229375,1507400,22.044852123260497,21.426624026298523,31.226595979872364,35.01291194844771
2025-06-10,25.06160545349121,29.574882559221624,24.882666580328657,29.137472000540992,3414200,22.09354658126831,21.493965458869933,13.434053520132094,16.598333152847864
2025-06-11,26.324129104614258,26.691951990912276,25.10633949915842,25.429427195178587,1970200,22.189267139434815,21.568201603889467,18.634513430283395,22.05064468549449
2025-06-12,27.73577308654785,27.82524347522393,25.584511383798183,25.747545597962034,1056200,22.324702320098876,21.646947722434998,24.238042186915987,28.127870229955644
2025-06-13,26.98024559020996,28.71994458964605,26.860953006362347,28.466446426878793,1253300,22.411175708770752,21.720054030418396,20.38746177716626,24.21813294029931
2025-06-16,28.113534927368164,28.70006213720536,27.41268487440966,27.775536132000244,989900,22.609397106170654,21.799806876182558,24.34446967051278,28.9623118546233
2025-06-17,29.07782554626465,29.36611942763084,27.904771084095746,28.501239679653658,900200,22.875008697509767,21.885557284355162,27.116128919461957,32.8630802883455
2025-06-18,28.81935691833496,30.042116355967412,28.521123556612423,29.067885351810894,2334800,23.116050796508787,21.967516107559206,24.67249346366527,31.19078541801081
2025-06-20,28.630474090576172,29.147413674863817,28.25271171505608,29.06788465390583,1034000,23.359056091308595,22.04853051662445,22.56691357160172,29.852073674429146
2025-06-23,27.546890258789062,28.952568514464076,27.198951973841233,28.44159412328761,936400,23.524762802124023,22.12745933532715,17.09741981458741,24.491880614642604
2025-06-24,28.17318344116211,28.322300122397266,27.23871599803553,27.735772866233702,885500,23.749120178222658,22.210646719932555,18.628324879993684,26.84539894949831
2025-06-25,27.248655319213867,28.15827022993134,26.375823266250038,28.10359367515099,799100,23.948454322814943,22.290289573669433,13.780434227251682,22.244510234633918
2025-06-26,28.59071159362793,28.77959373648763,27.089599607998743,27.17906999692589,710700,24.174827461242675,22.377230763435364,18.266455632268098,27.766978389235987
2025-06-27,28.809415817260742,29.503307164372398,28.242771287126445,28.978415229416715,2702300,24.40201145172119,22.466000542640685,18.061643706132593,28.235623259156405
2025-06-30,28.123477935791016,29.386000914059295,28.103595206401863,29.07782619301316,1567000,24.604192962646483,22.55065456390381,14.30359849025502,24.712468350286688
2025-07-01,28.90882682800293,31.314582100110222,27.487243908650242,31.27481664127338,3043000,24.80525478363037,22.639725384712218,16.543156198825315,27.690713278368694
2025-07-02,31.48358154296875,31.51340563712958,27.48724393924668,28.82929783854098,2021500,25.08414047241211,22.740689873695374,25.511900946316413,38.44602656222167
2025-07-03,32.46775436401367,32.61687294084213,31.225112197919696,31.81163945200577,879200,25.364299278259278,22.845595140457153,28.005721773843927,42.11822526136202
2025-07-07,31.49352264404297,32.08998935329476,30.668408340381806,31.901109113555023,1037500,25.611314125061035,22.944306120872497,22.96722647755942,37.260732480348246
2025-07-08,32.278873443603516,32.96481053970681,31.30464056474759,31.930931369042217,989900,25.858595123291014,23.04336651325226,24.828411171222964,40.07880933994565
2025-07-09,30.887113571166992,32.676517543139504,30.499409819667964,32.676517543139504,1404300,26.065965309143067,23.135860142707823,18.495951348223528,33.503199710957276
2025-07-10,30.519290924072266,30.93681874811132,29.912880968745657,30.608761307517877,1232900,26.269146423339844,23.223868408203124,16.17922574353696,31.41346819418016
2025-07-11,31.016347885131836,31.56310965616007,30.34532000673749,30.678349078856474,552400,26.470193099975585,23.31298982143402,17.17461889297831,33.043200905168035
2025-07-14,31.612815856933594,31.94087520812454,29.98246994642118,31.026288604518232,1487200,26.683960952758788,23.40323139190674,18.471226640230952,35.07885012778995
2025-07-15,30.21111488342285,32.25899048060705,30.14152722746326,31.7221681698535,1038300,26.83386390686035,23.486072421073914,12.585779626388693,28.63417238002979
2025-07-16,29.704116821289062,30.24590886909819,28.46147468375633,30.052056999022515,1498100,26.965114669799803,23.568240642547607,10.157576502194022,26.03451089880844
2025-07-17,28.8392391204834,29.42576636444612,27.964417988824476,29.296530519574908,1190700,27.098072052001953,23.650837931632996,6.425427850144083,21.93749415495725
2025-07-18,29.018178939819336,29.773705566489497,28.69012150025005,29.515235781355912,1030400,27.237775611877442,23.73369285583496,6.536522487414587,22.265755759475823
2025-07-21,28.381946563720703,29.41582576510441,28.004184176212952,29.127531869907287,1261300,27.373860702514648,23.813072595596314,3.682658694589791,19.186410950468023
2025-07-22,28.103595733642578,28.541004411681396,27.49718574874682,28.053888909237163,1247000,27.48893783569336,23.889982481002807,2.2360190911091093,17.637573639873594
2025-07-23,29.23688507080078,30.66840939363545,27.835184842901533,28.580770151193537,2546200,27.641527824401855,23.971333694458007,5.771595754524639,21.966034278518798
2025-07-24,33.64080810546875,36.185740568834404,32.169520269415166,33.75016122035159,4581500,27.868536949157715,24.073626413345337,20.712501581413267,39.7413398706719
2025-07-25,32.30869674682617,34.45598228661782,32.24109622330781,34.396334096646974,2066000,28.066132431030272,24.168523507118223,15.116312609945748,33.68088761115451
2025-07-28,32.41804885864258,34.197513318945596,32.07010678298532,32.93498844560315,1338700,28.253443450927733,24.26303627490997,14.740169335281838,33.61084940620387
2025-07-29,33.601043701171875,33.66069189086388,30.33438664467497,30.86723091229743,3408100,28.47827159881592,24.365228180885314,17.98835327692061,37.90572143105197
2025-07-30,33.0642204284668,34.68462684261583,32.06016724684247,33.799866244733145,2450900,28.702063331604005,24.46444194793701,15.198061012079211,35.152154702040804
2025-07-31,32.477691650390625,33.28789671527699,31.80169595020162,32.39816452907083,1371600,28.9194694519043,24.56062505722046,12.303898605069419,32.23479278204553
2025-08-01,29.83335304260254,31.47364030565956,28.769651662805607,31.47364030565956,2676000,29.070725402832032,24.64138125896454,2.6233526312219757,21.070132916145525
2025-08-04,30.678348541259766,30.80758248439622,29.74388115816073,30.211113901649572,1286900,29.254124259948732,24.72685249328613,4.868456388082398,24.06895924012
2025-08-05,30.539173126220703,31.254936225882766,29.376059985391322,30.926878770578142,1269700,29.361494216918945,24.812313904762267,4.010963817444768,23.0807140496448
2025-08-06,31.463699340820312,31.64760985092394,30.20614607251263,30.459644240702954,1478000,29.455285110473632,24.90043776512146,6.818519063095185,26.35801682527905
2025-08-07,30.429821014404297,31.811638452945257,29.515236333037265,31.56311002753162,3484100,29.50404930114746,24.98554843902588,3.137778492055432,21.789686100605255
2025-08-08,29.81346893310547,30.698229498503004,28.98835465738876,30.618700480221445,2198300,29.539892578125,25.06939052581787,0.9261250840941093,18.92378836414823
2025-08-11,30.181291580200195,30.509349014936227,29.172264917384354,29.763763763616033,1241400,29.59160461425781,25.155561776161193,1.9927508954964201,19.978602937826917
2025-08-12,30.47952651977539,31.135641423635803,30.101764140267235,30.419880227457565,1482100,29.658189544677736,25.242734150886534,2.7693429292451333,20.74574147786974
2025-08-13,27.795419692993164,30.737997395187698,27.06971710656426,30.320469542042577,3079200,29.666341285705567,25.317319078445436,-6.306546448361283,9.78816361586059
2025-08-14,27.208892822265625,27.76559596373981,26.552776035376432,27.437538518355915,2223200,29.653815460205077,25.388383316993714,-8.244883837024275,7.17063974708998
2025-08-15,27.536951065063477,27.815301695800333,26.43348421858105,27.010070105834988,1494300,29.65182727813721,25.460303764343262,-7.132363861545443,8.156412114880274
2025-08-18,27.248655319213867,27.93956401080994,26.93053925080601,27.238713955060955,1244700,29.65739429473877,25.5312237739563,-8.121883371096473,6.726788972056541
2025-08-19,26.652189254760742,27.37789373734769,26.254544131774306,27.33812827698829,1211400,29.593969841003418,25.599700508117675,-9.940473015440944,4.111332264646306
2025-08-20,27.00012969970703,27.18404021527711,25.757487493733322,26.26448574130518,1534400,29.555398254394532,25.669867944717407,-8.645691500054697,5.182191656982704
2025-08-21,27.91471290588379,28.113536406367466,26.711836226709693,27.01006958131378,1324600,29.612460403442384,25.74504933834076,-5.733219983845839,8.42749819209654
2025-08-22,28.49129867553711,29.217001226185886,27.55683126054798,27.825242416362105,1324800,29.65580379486084,25.824191756248474,-3.9267359852358186,10.327939571015987
2025-08-25,28.451534271240234,29.097707782093373,28.043945919221294,28.163240394759754,1149800,29.670119018554686,25.899656023979187,-4.107111085575321,9.852942621702754
2025-08-26,29.684236526489258,29.86317730091864,28.431653001605042,28.431653001605042,1423200,29.724198837280273,25.97937262058258,-0.13444369353664554,14.260790512590905
2025-08-27,29.455589294433594,29.709089360069434,29.05794417748878,29.415825730799856,1341700,29.751039924621583,26.045694794654846,-0.9930766485358289,13.091969811757664
2025-08-28,31.533287048339844,31.602876602657105,29.241856477783493,29.455589186761344,1939400,29.800149154663085,26.122503485679626,5.815869862535772,20.713112606632112
2025-08-29,31.404052734375,31.83152193963967,30.55905568863338,31.69234472873305,1657700,29.851843070983886,26.19548069477081,5.199711320001765,19.883475704432986
2025-09-02,29.694177627563477,30.5988209603691,28.630474355250023,30.13158629881532,1522300,29.873117141723633,26.25598814487457,-0.5989984684598992,13.094877495060398
2025-09-03,26.821186065673828,29.86317522752586,26.65218666779316,29.684234465520294,2921200,29.858603057861327,26.300023436546326,-10.172669452423666,1.981605189002611
2025-09-04,26.33407211303711,27.07170506683455,25.926485641109068,26.831128971107542,2168500,29.82182083129883,26.344367423057555,-11.695290968287331,-0.03907973896323247
2025-09-05,26.294307708740234,26.473246579176067,25.47913289485502,26.39371756027524,1802500,29.802733879089356,26.38660141468048,-11.772162193518621,-0.3497748894971342
2025-09-08,25.797252655029297,26.860954067616767,25.618311876066635,26.841071337482802,1764200,29.74686470031738,26.423752875328063,-13.277406157180472,-2.370973658642306
2025-09-09,24.773313522338867,26.50307113577138,24.42537334751776,25.916543900075585,2256200,29.666142654418945,26.4507861661911,-16.492973788593513,-6.341863086082289
2025-09-10,29.197120666503906,30.71811343811666,26.035838746970942,26.035838746970942,3180000,29.687615509033204,26.497635264396667,-1.6521867254042477,10.187646464189882
2025-09-11,30.121644973754883,31.682405107736482,28.262653378182875,28.898885552566263,3747000,29.711871871948244,26.547734847068785,1.3791561284750786,13.462203639120274
2025-09-12,30.887113571166992,31.110789541693926,29.823412173685,30.429822161308802,2260000,29.69994251251221,26.595585198402404,3.997216688734806,16.13624344322524
2025-09-15,32.01046371459961,33.639816100666934,31.205230206706336,31.811640204870564,3361200,29.690796699523926,26.641407561302184,7.812747628671346,20.153049875248396
2025-09-16,32.10026550292969,32.37966115478886,29.82520891829996,32.045388224515854,2988900,29.70293155670166,26.69052121639252,8.071034812343747,20.268410057180407
2025-09-17,33.187904357910156,34.12087903371484,31.84083212389117,32.698968607488446,3762400,29.721112174987795,26.74272083759308,11.664409334721615,24.100702241399752
2025-09-18,36.151466369628906,36.52066328135498,34.00612905434821,34.046039456330284,3618100,29.82639923095703,26.803563685417174,21.206271295755496,34.875596371901764
2025-09-19,37.548431396484375,37.977499600073685,36.141487972704695,36.77011959583749,5761300,29.966982040405274,26.870509266853333,25.299342275631332,39.73844344961117
2025-09-22,39.853424072265625,40.53694062605928,37.46860528200109,38.137154959053674,5317800,30.143723564147948,26.948538765907287,32.211350689488505,47.88714304125597
2025-09-23,38.915462493896484,43.365793957860795,38.416546308077294,40.51199276594651,6697800,30.289776496887207,27.024916729927064,28.477219030968136,43.998454769712495
2025-09-24,37.318931579589844,39.28465872951606,36.899840011371495,39.01524353703891,3445400,30.431932830810545,27.093067030906678,22.63082922490751,37.743473402320646
2025-09-25,38.11719512939453,39.25472335752948,35.31827518607018,36.05168254537514,3838000,30.600194396972658,27.144283633232117,24.56520581178252,40.42439153829256
2025-09-26,39.62392044067383,39.70374885321234,38.21697702432241,38.2868249820795,1955000,30.815888023376466,27.212088961601257,28.582763575126325,45.61146149634745
2025-09-29,41.28032302856445,41.79919630450601,39.57902086043579,39.9033171337028,2975200,31.061130905151366,27.29176878452301,32.9002577356843,51.25557949169737
2025-09-30,39.88336181640625,41.245400896133454,38.80570100892985,40.77143203381078,2718900,31.291159210205077,27.348223729133608,27.45888239064973,45.835291576612235
2025-10-01,42.22826385498047,43.05646651506179,39.01025611681523,39.41437699196696,3296500,31.573652572631836,27.40242687702179,33.74526041242403,54.10410196328572
2025-10-02,45.31156539916992,47.15755366453389,43.23607615748268,43.23607615748268,4695200,31.89514617919922,27.487203946113585,42.06414087144197,64.8460334052148
2025-10-03,44.543235778808594,46.13876874217995,43.8497425956538,45.45126307083756,2509100,32.11319473266602,27.571977915763856,38.7069587738605,61.55255859733473
