Date,Close,High,Low,Open,Volume,SMA50,SMA200,ext_sma50_pct,ext_sma200_pct
2020-06-01,0.8600000143051147,0.949999988079071,0.8600000143051147,0.9200000166893005,18200,,,,
2020-06-02,0.8999999761581421,0.8999999761581421,0.8500000238418579,0.8999999761581421,20800,,,,
2020-06-03,0.8999999761581421,0.8999999761581421,0.8600000143051147,0.8600000143051147,4200,,,,
2020-06-04,0.9100000262260437,0.9100000262260437,0.8600000143051147,0.8600000143051147,47500,,,,
2020-06-05,0.9100000262260437,0.9100000262260437,0.8999999761581421,0.9100000262260437,3500,,,,
2020-06-08,0.8999999761581421,0.9200000166893005,0.8999999761581421,0.8999999761581421,56700,,,,
2020-06-09,0.9200000166893005,0.9200000166893005,0.8999999761581421,0.8999999761581421,9400,,,,
2020-06-10,0.9200000166893005,0.9200000166893005,0.8799999952316284,0.8799999952316284,2200,,,,
2020-06-11,0.9200000166893005,0.9200000166893005,0.8600000143051147,0.8799999952316284,30900,,,,
2020-06-12,0.9200000166893005,0.9200000166893005,0.8500000238418579,0.9200000166893005,13800,,,,
2020-06-15,0.8700000047683716,0.9200000166893005,0.8700000047683716,0.9100000262260437,9100,,,,
2020-06-16,0.949999988079071,0.949999988079071,0.8700000047683716,0.8700000047683716,83100,,,,
2020-06-17,0.9599999785423279,0.9599999785423279,0.949999988079071,0.949999988079071,12100,,,,
2020-06-18,0.9900000095367432,1.0,0.9399999976158142,0.9599999785423279,9700,,,,
2020-06-19,0.9300000071525574,1.0199999809265137,0.9300000071525574,1.0199999809265137,14800,,,,
2020-06-22,0.8799999952316284,0.949999988079071,0.8799999952316284,0.949999988079071,5200,,,,
2020-06-23,0.8999999761581421,0.8999999761581421,0.8999999761581421,0.8999999761581421,1500,,,,
2020-06-24,0.8799999952316284,0.8799999952316284,0.8799999952316284,0.8799999952316284,500,,,,
2020-06-25,0.8799999952316284,0.8799999952316284,0.8799999952316284,0.8799999952316284,0,,,,
2020-06-26,0.8999999761581421,0.8999999761581421,0.8500000238418579,0.8999999761581421,7100,,,,
2020-06-29,0.8999999761581421,0.8999999761581421,0.8399999737739563,0.8399999737739563,5500,,,,
2020-06-30,0.8399999737739563,0.8899999856948853,0.8399999737739563,0.8399999737739563,2000,,,,
2020-07-01,0.8999999761581421,0.8999999761581421,0.8999999761581421,0.8999999761581421,800,,,,
2020-07-02,0.8500000238418579,0.8999999761581421,0.8299999833106995,0.8299999833106995,1300,,,,
2020-07-06,0.8600000143051147,0.949999988079071,0.8500000238418579,0.8500000238418579,9600,,,,
2020-07-07,0.9200000166893005,0.9200000166893005,0.8600000143051147,0.8600000143051147,5100,,,,
2020-07-08,0.8700000047683716,0.8700000047683716,0.8700000047683716,0.8700000047683716,500,,,,
2020-07-09,0.8500000238418579,0.8700000047683716,0.8500000238418579,0.8600000143051147,2400,,,,
2020-07-10,0.8500000238418579,0.8899999856948853,0.8500000238418579,0.8899999856948853,4200,,,,
2020-07-13,0.9200000166893005,0.9200000166893005,0.8799999952316284,0.8799999952316284,8100,,,,
2020-07-14,0.9100000262260437,0.9399999976158142,0.9100000262260437,0.9399999976158142,6000,,,,
2020-07-15,0.9200000166893005,0.949999988079071,0.8999999761581421,0.9100000262260437,69800,,,,
2020-07-16,0.949999988079071,0.949999988079071,0.9100000262260437,0.9200000166893005,4200,,,,
2020-07-17,0.9399999976158142,0.949999988079071,0.9399999976158142,0.949999988079071,5100,,,,
2020-07-20,0.9200000166893005,0.9200000166893005,0.8999999761581421,0.8999999761581421,1000,,,,
2020-07-21,0.9399999976158142,0.9399999976158142,0.9200000166893005,0.9200000166893005,4100,,,,
2020-07-22,0.9300000071525574,0.9300000071525574,0.9200000166893005,0.9300000071525574,2700,,,,
2020-07-23,0.9399999976158142,0.9399999976158142,0.9399999976158142,0.9399999976158142,3600,,,,
2020-07-24,0.9399999976158142,0.9399999976158142,0.9300000071525574,0.9300000071525574,77000,,,,
2020-07-27,0.9300000071525574,1.0299999713897705,0.9300000071525574,1.0299999713897705,26700,,,,
2020-07-28,1.0,1.0,1.0,1.0,1700,,,,
2020-07-29,0.9700000286102295,0.9900000095367432,0.949999988079071,0.9900000095367432,24200,,,,
2020-07-30,0.949999988079071,0.949999988079071,0.949999988079071,0.949999988079071,100,,,,
2020-07-31,0.9200000166893005,0.9599999785423279,0.9200000166893005,0.9300000071525574,15100,,,,
2020-08-03,0.9399999976158142,1.0,0.9399999976158142,1.0,1200,,,,
2020-08-04,0.9200000166893005,0.9300000071525574,0.9200000166893005,0.9300000071525574,23000,,,,
2020-08-05,0.9100000262260437,0.9300000071525574,0.9100000262260437,0.9300000071525574,3100,,,,
2020-08-06,0.8600000143051147,0.8700000047683716,0.8600000143051147,0.8700000047683716,4500,,,,
2020-08-07,0.9200000166893005,0.9300000071525574,0.9200000166893005,0.9300000071525574,1200,,,,
2020-08-10,0.9200000166893005,0.9200000166893005,0.8799999952316284,0.8799999952316284,1500,0.9118000042438507,,0.8993213870677863,
2020-08-11,0.8999999761581421,0.9200000166893005,0.8299999833106995,0.8299999833106995,10700,0.9126000034809113,,-1.3806736001215403,
2020-08-12,0.8600000143051147,0.8999999761581421,0.8600000143051147,0.8700000047683716,55800,0.9118000042438507,,-5.681069280285134,
2020-08-13,0.9100000262260437,0.9200000166893005,0.8700000047683716,0.9100000262260437,7000,0.9120000052452087,,-0.2192959438226394,
2020-08-14,0.9100000262260437,0.9200000166893005,0.8999999761581421,0.9200000166893005,8100,0.9120000052452087,,-0.2192959438226394,
2020-08-17,0.8500000238418579,0.9100000262260437,0.7900000214576721,0.9100000262260437,201300,0.910800005197525,,-6.6754480685890405,
2020-08-18,0.8799999952316284,0.949999988079071,0.8799999952316284,0.8999999761581421,91600,0.9104000055789947,,-3.3391926802584515,
2020-08-19,0.949999988079071,0.949999988079071,0.8999999761581421,0.9300000071525574,133200,0.9110000050067901,,4.281007997578468,
2020-08-20,0.8999999761581421,0.9399999976158142,0.8999999761581421,0.8999999761581421,19500,0.910600004196167,,-1.1640707214121027,
2020-08-21,0.9200000166893005,0.9200000166893005,0.8999999761581421,0.8999999761581421,4000,0.910600004196167,,1.032287771778706,
2020-08-24,0.9100000262260437,0.9100000262260437,0.8999999761581421,0.8999999761581421,4600,0.9104000043869018,,-0.04393433204423758,
2020-08-25,0.8999999761581421,0.9300000071525574,0.8799999952316284,0.9100000262260437,9400,0.9110000038146973,,-1.2074673557073479,
2020-08-26,0.8999999761581421,0.8999999761581421,0.8799999952316284,0.8799999952316284,5500,0.9100000035762786,,-1.098904107564469,
2020-08-27,0.8600000143051147,0.8999999761581421,0.7799999713897705,0.8799999952316284,63900,0.9080000042915344,,-5.286342484532424,
2020-08-28,0.8500000238418579,0.8899999856948853,0.8199999928474426,0.8600000143051147,110500,0.9052000045776367,,-6.098097708421346,
2020-08-31,0.8399999737739563,0.8700000047683716,0.8399999737739563,0.8399999737739563,2000,0.9034000039100647,,-7.017935561401655,
2020-09-01,0.8899999856948853,0.9200000166893005,0.8399999737739563,0.8399999737739563,60500,0.9036000037193298,,-1.505092736660596,
2020-09-02,0.8600000143051147,0.9100000262260437,0.8600000143051147,0.8899999856948853,53900,0.9028000044822693,,-4.740805268570991,
2020-09-03,0.800000011920929,0.8500000238418579,0.7900000214576721,0.8500000238418579,45200,0.9012000048160553,,-11.229470966967249,
2020-09-04,0.800000011920929,0.8500000238418579,0.800000011920929,0.8500000238418579,18300,0.8996000051498413,,-11.071586556107516,
2020-09-08,0.8100000023841858,0.8299999833106995,0.699999988079071,0.8100000023841858,111000,0.8978000056743621,,-9.779461209094931,
2020-09-09,0.7400000095367432,0.8100000023841858,0.7400000095367432,0.7799999713897705,42600,0.8946000063419342,,-17.28146609760919,
2020-09-10,0.7599999904632568,0.7599999904632568,0.7200000286102295,0.7400000095367432,33500,0.8930000066757202,,-14.893618725443126,
2020-09-11,0.75,0.75,0.699999988079071,0.75,37200,0.8900000071525573,,-15.730337755891677,
2020-09-14,0.699999988079071,0.75,0.6800000071525574,0.6800000071525574,56000,0.8870000064373016,,-21.082301803957073,
2020-09-15,0.7200000286102295,0.7200000286102295,0.699999988079071,0.699999988079071,8100,0.8842000067234039,,-18.570456555599147,
2020-09-16,0.6899999976158142,0.699999988079071,0.6700000166893005,0.6899999976158142,28100,0.8796000063419342,,-21.5552532240905,
2020-09-17,0.6700000166893005,0.6899999976158142,0.6399999856948853,0.6899999976158142,54200,0.8756000065803528,,-23.481040240511298,
2020-09-18,0.6499999761581421,0.6700000166893005,0.6499999761581421,0.6700000166893005,48200,0.8716000056266785,,-25.42450987126904,
2020-09-21,0.6499999761581421,0.6499999761581421,0.5699999928474426,0.6499999761581421,170500,0.8676000046730041,,-25.080685493642296,
2020-09-22,0.6000000238418579,0.6700000166893005,0.5899999737739563,0.6200000047683716,426900,0.8612000048160553,,-30.329770031757885,
2020-09-23,0.6399999856948853,0.7099999785423279,0.5799999833106995,0.6399999856948853,211400,0.8558000040054321,,-25.216174024366687,
2020-09-24,0.5799999833106995,0.6299999952316284,0.5799999833106995,0.6100000143051147,21400,0.8490000033378601,,-31.68433674553378,
2020-09-25,0.5699999928474426,0.5899999737739563,0.5699999928474426,0.5899999737739563,9700,0.8414000034332275,,-32.25576532901962,
2020-09-28,0.5899999737739563,0.5899999737739563,0.5799999833106995,0.5799999833106995,57000,0.8344000029563904,,-29.290511543203767,
2020-09-29,0.6399999856948853,0.6399999856948853,0.5899999737739563,0.5899999737739563,100200,0.8288000023365021,,-22.779924723620105,
2020-09-30,0.699999988079071,0.699999988079071,0.6200000047683716,0.6399999856948853,6200,0.8240000021457672,,-15.048545357255993,
2020-10-01,0.699999988079071,0.699999988079071,0.6299999952316284,0.6499999761581421,14400,0.8194000017642975,,-14.571639422521287,
2020-10-02,0.6700000166893005,0.6700000166893005,0.6299999952316284,0.6299999952316284,7400,0.8140000021457672,,-17.69041585710952,
2020-10-05,0.6499999761581421,0.6499999761581421,0.6399999856948853,0.6399999856948853,4800,0.8082000017166138,,-19.574365902308266,
2020-10-06,0.6700000166893005,0.6700000166893005,0.6600000262260437,0.6700000166893005,13800,0.8030000019073487,,-16.562887285446593,
2020-10-07,0.699999988079071,0.699999988079071,0.6700000166893005,0.6700000166893005,4600,0.79700000166893,,-12.170641579264686,
2020-10-08,0.6800000071525574,0.6800000071525574,0.6399999856948853,0.6800000071525574,19600,0.7912000012397766,,-14.05459983733236,
2020-10-09,0.6800000071525574,0.6800000071525574,0.6800000071525574,0.6800000071525574,0,0.7858000016212463,,-13.463985015322544,
2020-10-12,0.6800000071525574,0.6800000071525574,0.6800000071525574,0.6800000071525574,1000,0.7810000014305115,,-12.932137527907607,
2020-10-13,0.6499999761581421,0.699999988079071,0.6499999761581421,0.6499999761581421,34800,0.775200001001358,,-16.15067397852036,
2020-10-14,0.6499999761581421,0.6600000262260437,0.6499999761581421,0.6600000262260437,9700,0.7698000001907349,,-15.562486880087,
2020-10-15,0.6499999761581421,0.6499999761581421,0.6499999761581421,0.6499999761581421,0,0.7645999991893768,,-14.988232167503634,
2020-10-16,0.6700000166893005,0.6700000166893005,0.6399999856948853,0.6600000262260437,28400,0.7607999992370605,,-11.93480318596416,
2020-10-19,0.6499999761581421,0.6700000166893005,0.6499999761581421,0.6700000166893005,7400,0.7553999984264373,,-13.952875627197848,
2020-10-20,0.6600000262260437,0.6600000262260437,0.6499999761581421,0.6499999761581421,3700,0.7501999986171722,,-12.02345675251829,
2020-10-21,0.6700000166893005,0.6700000166893005,0.6299999952316284,0.6600000262260437,17100,0.7455999994277954,,-10.139482671206201,
2020-10-22,0.6200000047683716,0.6399999856948853,0.6200000047683716,0.6399999856948853,22100,0.7407999992370605,,-16.306694734489625,
2020-10-23,0.6299999952316284,0.6299999952316284,0.6299999952316284,0.6299999952316284,3800,0.7351999986171722,,-14.309032043445736,
2020-10-26,0.6200000047683716,0.6399999856948853,0.6100000143051147,0.6399999856948853,4300,0.7293999981880188,,-14.998628145245341,
2020-10-27,0.6200000047683716,0.6200000047683716,0.6200000047683716,0.6200000047683716,8500,0.724799997806549,,-14.459160231144041,
2020-10-28,0.6200000047683716,0.6200000047683716,0.6200000047683716,0.6200000047683716,10500,0.7195999979972839,,-13.84102188800843,
2020-10-29,0.6499999761581421,0.6499999761581421,0.6100000143051147,0.6200000047683716,9900,0.7135999977588654,,-8.91255910880966,
2020-10-30,0.6299999952316284,0.6299999952316284,0.6299999952316284,0.6299999952316284,17300,0.7081999981403351,,-11.042078948609479,
2020-11-02,0.6700000166893005,0.6700000166893005,0.5899999737739563,0.6299999952316284,20600,0.7031999981403351,,-4.721271549891126,
2020-11-03,0.6200000047683716,0.6700000166893005,0.6100000143051147,0.6700000166893005,75900,0.6973999977111817,,-11.09836438153592,
2020-11-04,0.6200000047683716,0.6200000047683716,0.6200000047683716,0.6200000047683716,16900,0.6917999982833862,,-10.378721262384683,
2020-11-05,0.6200000047683716,0.6200000047683716,0.5699999928474426,0.6100000143051147,27100,0.6861999988555908,,-9.647332293445665,
2020-11-06,0.6200000047683716,0.6299999952316284,0.550000011920929,0.6000000238418579,38400,0.681399998664856,,-9.01085911605406,
2020-11-09,0.6299999952316284,0.6399999856948853,0.6000000238418579,0.6000000238418579,92700,0.6769999980926513,,-6.942393352058874,
2020-11-10,0.6499999761581421,0.6499999761581421,0.6399999856948853,0.6399999856948853,20500,0.673199998140335,,-3.4462302504874143,
2020-11-11,0.6399999856948853,0.6600000262260437,0.6399999856948853,0.6499999761581421,14900,0.668199998140335,,-4.220295199630819,
2020-11-12,0.6399999856948853,0.6600000262260437,0.6399999856948853,0.6499999761581421,11000,0.6637999975681305,,-3.5854190961792543,
2020-11-13,0.699999988079071,0.699999988079071,0.6499999761581421,0.6600000262260437,26300,0.6617999970912933,,5.77213526075433,
2020-11-16,0.6499999761581421,0.699999988079071,0.6399999856948853,0.6800000071525574,193500,0.6587999963760376,,-1.335765067744854,
2020-11-17,0.6100000143051147,0.7599999904632568,0.5299999713897705,0.7400000095367432,1227800,0.6547999966144562,,-6.8417810844491385,
2020-11-18,0.6100000143051147,0.6299999952316284,0.6000000238418579,0.6200000047683716,75400,0.6521999967098236,,-6.4704051851574125,
2020-11-19,0.5400000214576721,0.6200000047683716,0.5299999713897705,0.6200000047683716,181900,0.6477999973297119,,-16.640934905279515,
2020-11-20,0.6000000238418579,0.6000000238418579,0.5099999904632568,0.5099999904632568,67400,0.6447999978065491,,-6.9478868047595626,
2020-11-23,0.6200000047683716,0.6200000047683716,0.5799999833106995,0.6200000047683716,124400,0.6431999981403351,,-3.6069641540797615,
2020-11-24,0.6100000143051147,0.6100000143051147,0.5799999833106995,0.5799999833106995,48100,0.6409999978542328,,-4.836190897486958,
2020-11-25,0.5799999833106995,0.6000000238418579,0.550000011920929,0.5899999737739563,34600,0.6387999975681304,,-9.204761189930933,
2020-11-27,0.6100000143051147,0.6100000143051147,0.5699999928474426,0.5699999928474426,13300,0.6375999975204468,,-4.32873013216205,
2020-11-30,0.5799999833106995,0.6100000143051147,0.5600000023841858,0.5699999928474426,83900,0.6361999976634979,,-8.833702382772412,
2020-12-01,0.5799999833106995,0.6000000238418579,0.5799999833106995,0.6000000238418579,21400,0.634799997806549,,-8.632642514997224,
2020-12-02,0.5699999928474426,0.5899999737739563,0.5699999928474426,0.5799999833106995,11000,0.6341999971866608,,-10.122990322297731,
2020-12-03,0.5899999737739563,0.6000000238418579,0.5600000023841858,0.5699999928474426,43100,0.6331999969482421,,-6.822492637790867,
2020-12-04,0.5899999737739563,0.5899999737739563,0.5899999737739563,0.5899999737739563,0,0.6333999967575074,,-6.8519139889049345,
2020-12-07,0.5899999737739563,0.5899999737739563,0.5799999833106995,0.5899999737739563,23100,0.6337999963760376,,-6.9107009865134845,
2020-12-08,0.5799999833106995,0.5899999737739563,0.5799999833106995,0.5799999833106995,26400,0.6335999965667725,,-8.459598097618414,
2020-12-09,0.5899999737739563,0.6000000238418579,0.5699999928474426,0.5699999928474426,29100,0.6325999963283538,,-6.734116788120536,
2020-12-10,0.5699999928474426,0.5899999737739563,0.5699999928474426,0.5699999928474426,15300,0.6299999964237213,,-9.523810145535982,
2020-12-11,0.5699999928474426,0.5799999833106995,0.5699999928474426,0.5799999833106995,14800,0.6273999965190887,,-9.148868981528546,
2020-12-14,0.5899999737739563,0.6100000143051147,0.5799999833106995,0.5899999737739563,94000,0.6257999956607818,,-5.720681069839939,
2020-12-15,0.550000011920929,0.6100000143051147,0.550000011920929,0.5699999928474426,171600,0.6237999963760376,,-11.830712549510935,
2020-12-16,0.5299999713897705,0.6000000238418579,0.5199999809265137,0.5899999737739563,188200,0.620999995470047,,-14.653788203556562,
2020-12-17,0.550000011920929,0.5899999737739563,0.5199999809265137,0.5199999809265137,38500,0.6179999959468842,,-11.00323373332185,
2020-12-18,0.6100000143051147,0.6100000143051147,0.5299999713897705,0.5600000023841858,327100,0.6165999960899353,,-1.0703830403297476,
2020-12-21,0.5799999833106995,0.5899999737739563,0.550000011920929,0.5799999833106995,12300,0.6145999956130982,,-5.629679881120609,
2020-12-22,0.6000000238418579,0.6299999952316284,0.5600000023841858,0.5799999833106995,258000,0.6129999959468841,,-2.1207132448582744,
2020-12-23,0.5799999833106995,0.6100000143051147,0.5699999928474426,0.6100000143051147,25500,0.6115999960899353,,-5.166777792881005,
2020-12-24,0.5799999833106995,0.6000000238418579,0.5699999928474426,0.5699999928474426,33700,0.6101999962329865,,-4.949199132862015,
2020-12-28,0.6000000238418579,0.6200000047683716,0.5699999928474426,0.5799999833106995,58100,0.6091999971866607,,-1.5101729132122599,
2020-12-29,0.6399999856948853,0.6399999856948853,0.6000000238418579,0.6399999856948853,76400,0.6085999965667724,,5.159380431358218,
2020-12-30,0.6399999856948853,0.6600000262260437,0.6100000143051147,0.6299999952316284,66400,0.6083999967575073,,5.193949557164923,
2020-12-31,0.7099999785423279,0.7200000286102295,0.6499999761581421,0.6499999761581421,206800,0.609399995803833,,16.508037976895263,
2021-01-04,0.6399999856948853,0.7300000190734863,0.6100000143051147,0.7300000190734863,107300,0.6087999951839447,,5.12483422433565,
2021-01-05,0.6100000143051147,0.6899999976158142,0.6100000143051147,0.6399999856948853,96500,0.6085999953746796,,0.23003926077476144,
2021-01-06,0.6499999761581421,0.699999988079071,0.6200000047683716,0.6499999761581421,154300,0.6089999949932099,,6.732345074221113,
2021-01-07,0.6600000262260437,0.6700000166893005,0.6200000047683716,0.6499999761581421,17000,0.6097999954223633,,8.232212394313088,
2021-01-08,0.6000000238418579,0.6700000166893005,0.5899999737739563,0.6700000166893005,198900,0.609399995803833,,-1.5424962301773482,
2021-01-11,0.6100000143051147,0.6299999952316284,0.5899999737739563,0.6200000047683716,39300,0.6091999959945679,,0.13132277015872607,
2021-01-12,0.6100000143051147,0.6299999952316284,0.6100000143051147,0.6299999952316284,17400,0.6083999967575073,,0.26298776399322765,
2021-01-13,0.6200000047683716,0.6200000047683716,0.6000000238418579,0.6100000143051147,47700,0.6081999969482422,,1.9401525615485138,
2021-01-14,0.5799999833106995,0.6200000047683716,0.5799999833106995,0.6200000047683716,142300,0.6063999962806702,,-4.353564170826873,
2021-01-15,0.6200000047683716,0.6200000047683716,0.5899999737739563,0.6000000238418579,71600,0.6063999962806702,,2.2427454767672383,
2021-01-19,0.6700000166893005,0.6899999976158142,0.6200000047683716,0.6899999976158142,66400,0.6073999965190887,,10.30622662643439,
2021-01-20,0.6899999976158142,0.6899999976158142,0.6399999856948853,0.6399999856948853,3400,0.6087999963760375,,13.337713817859797,
2021-01-21,0.699999988079071,0.7200000286102295,0.6499999761581421,0.6499999761581421,88800,0.6103999960422516,,14.678897873160768,
2021-01-22,0.7599999904632568,0.8299999833106995,0.7099999785423279,0.7099999785423279,43200,0.6129999959468841,,23.98042340755744,
2021-01-25,0.8500000238418579,0.8700000047683716,0.7599999904632568,0.7699999809265137,78200,0.6169999969005585,,37.7633757069292,
2021-01-26,0.8500000238418579,0.8799999952316284,0.800000011920929,0.8799999952316284,29500,0.6211999976634979,,36.831942536854335,
2021-01-27,0.8600000143051147,0.8700000047683716,0.8399999737739563,0.8700000047683716,90200,0.6255999982357026,,37.4680333648433,
2021-01-28,0.8700000047683716,0.8700000047683716,0.8399999737739563,0.8500000238418579,30200,0.6289999985694885,,38.314786446260804,
2021-01-29,0.8399999737739563,0.8799999952316284,0.8399999737739563,0.8799999952316284,17500,0.6327999985218048,,32.74335899749721,
2021-02-01,0.8399999737739563,0.8600000143051147,0.8399999737739563,0.8600000143051147,34800,0.6373999977111816,,31.785374457214346,
2021-02-02,0.8500000238418579,0.8700000047683716,0.8399999737739563,0.8700000047683716,10100,0.6421999979019165,,32.35752516643247,
2021-02-03,0.8399999737739563,0.8500000238418579,0.8399999737739563,0.8500000238418579,14700,0.6481999969482422,,29.589629393507867,
2021-02-04,0.800000011920929,0.8700000047683716,0.800000011920929,0.8399999737739563,6000,0.6521999967098236,,22.661762642857596,
2021-02-05,0.8600000143051147,0.8700000047683716,0.8500000238418579,0.8500000238418579,26500,0.6569999969005584,,30.898024103839038,
2021-02-08,0.9300000071525574,0.9300000071525574,0.8700000047683716,0.8899999856948853,60000,0.6633999967575073,,40.186917651207125,
2021-02-09,0.8999999761581421,0.9300000071525574,0.8799999952316284,0.9300000071525574,55500,0.6697999966144562,,34.36846531908708,
2021-02-10,0.9200000166893005,0.9399999976158142,0.8999999761581421,0.8999999761581421,5300,0.67599999666214,,36.09467769703409,
2021-02-11,0.9200000166893005,0.9200000166893005,0.8999999761581421,0.9200000166893005,10100,0.6827999973297119,,34.739311699945574,
2021-02-12,0.9300000071525574,0.9300000071525574,0.8999999761581421,0.9300000071525574,27300,0.6897999978065491,,34.82168891125035,
2021-02-16,0.9300000071525574,0.9300000071525574,0.8999999761581421,0.9100000262260437,17800,0.6969999980926513,,33.42898273995887,
2021-02-17,0.9300000071525574,0.9300000071525574,0.9100000262260437,0.9300000071525574,2400,0.7037999987602234,,32.13981369576526,
2021-02-18,0.9100000262260437,0.9300000071525574,0.9100000262260437,0.9200000166893005,9100,0.7101999998092652,,28.13292403132044,
2021-02-19,0.8999999761581421,0.8999999761581421,0.800000011920929,0.8999999761581421,7700,0.7163999998569488,,25.628137400593886,
2021-02-22,0.8500000238418579,0.9200000166893005,0.8500000238418579,0.8999999761581421,33600,0.721800000667572,,17.761155868068368,
2021-02-23,0.8299999833106995,0.8999999761581421,0.8100000023841858,0.8999999761581421,56200,0.7266000008583069,,14.230660931771233,
2021-02-24,0.8100000023841858,0.8399999737739563,0.8100000023841858,0.8399999737739563,5300,0.7314000010490418,,10.746513702817694,
2021-02-25,0.8199999928474426,0.8399999737739563,0.800000011920929,0.8299999833106995,19800,0.7364000010490418,,11.352524671280296,
2021-02-26,0.7099999785423279,0.8100000023841858,0.6000000238418579,0.8100000023841858,18300,0.7388000011444091,,-3.8982163721534513,
2021-03-01,0.7400000095367432,0.7400000095367432,0.6800000071525574,0.7099999785423279,18900,0.7426000010967254,,-0.3501200587318065,
2021-03-02,0.7200000286102295,0.7200000286102295,0.699999988079071,0.7200000286102295,9000,0.7464000022411347,,-3.536973948504396,
2021-03-03,0.7099999785423279,0.7400000095367432,0.7099999785423279,0.7200000286102295,16200,0.7496000015735627,,-5.282820564048329,
2021-03-04,0.7200000286102295,0.75,0.6800000071525574,0.6800000071525574,30100,0.7518000018596649,,-4.229844795261306,
2021-03-05,0.75,0.75,0.6600000262260437,0.7099999785423279,99700,0.755200002193451,,-0.688559610480366,
2021-03-08,0.8199999928474426,0.8199999928474426,0.7300000190734863,0.7300000190734863,58800,0.7596000015735627,,7.951552283933294,
2021-03-09,0.8199999928474426,0.8199999928474426,0.800000011920929,0.8100000023841858,12100,0.7644000017642975,,7.273677518945032,
2021-03-10,0.8199999928474426,0.8199999928474426,0.8199999928474426,0.8199999928474426,1000,0.7692000019550324,,6.604262969747121,
2021-03-11,0.8100000023841858,0.8100000023841858,0.8100000023841858,0.8100000023841858,800,0.773400001525879,,4.732350761067616,
2021-03-12,0.8100000023841858,0.8100000023841858,0.8100000023841858,0.8100000023841858,500,0.7768000018596649,,4.273944444521094,
2021-03-15,0.8899999856948853,0.8899999856948853,0.800000011920929,0.8100000023841858,45100,0.7818000018596649,,13.839854640297444,
2021-03-16,0.8500000238418579,0.8799999952316284,0.8500000238418579,0.8700000047683716,1500,0.7846000027656556,0.7640000003576278,8.335460214844792,11.256547571200715
2021-03-17,0.8600000143051147,0.8799999952316284,0.8600000143051147,0.8700000047683716,4700,0.7890000033378601,0.7640000003576278,8.998733924827551,12.565446845883432
2021-03-18,0.8500000238418579,0.8500000238418579,0.8500000238418579,0.8500000238418579,1500,0.7938000035285949,0.7637500005960465,7.079871512149527,11.292965391620303
2021-03-19,0.8500000238418579,0.8799999952316284,0.8500000238418579,0.8799999952316284,7100,0.7978000044822693,0.763500000834465,6.542995621247671,11.329407061277408
2021-03-22,0.8600000143051147,0.8600000143051147,0.8600000143051147,0.8600000143051147,2900,0.8018000042438507,0.7632500007748604,7.258669213421931,12.67605809787522
2021-03-23,0.8600000143051147,0.8600000143051147,0.8399999737739563,0.8500000238418579,9500,0.8070000040531159,0.7630000007152558,6.567535314226647,12.71297686748738
2021-03-24,0.8500000238418579,0.8600000143051147,0.8500000238418579,0.8600000143051147,16100,0.8118000042438507,0.7627500009536743,4.70559490001341,11.438875487262411
2021-03-25,0.8500000238418579,0.8500000238418579,0.8500000238418579,0.8500000238418579,0,0.8166000044345856,0.762400000989437,4.090132160897864,11.490034462058517
2021-03-26,0.8399999737739563,0.8500000238418579,0.8199999928474426,0.8299999833106995,10800,0.8210000038146973,0.7620000007748604,2.314247243724421,10.236216918606234
2021-03-29,0.800000011920929,0.8500000238418579,0.800000011920929,0.8500000238418579,18500,0.8254000043869019,0.7614000007510185,-3.0772949274260997,5.069610077730058
2021-03-30,0.6499999761581421,0.7300000190734863,0.5400000214576721,0.699999988079071,301800,0.8260000038146973,0.7600500005483627,-21.307509303116014,-14.479313770254777
2021-03-31,0.6299999952316284,0.6499999761581421,0.38999998569488525,0.6399999856948853,25800,0.8252000033855438,0.758850000500679,-23.65487243735692,-16.97964092825157
2021-04-01,0.5600000023841858,0.6299999952316284,0.5600000023841858,0.6299999952316284,72800,0.8226000034809112,0.7569000005722046,-31.923170433443737,-26.01400423294563
2021-04-05,0.5699999928474426,0.6100000143051147,0.5600000023841858,0.5600000023841858,41700,0.8200000035762787,0.7549500006437302,-30.487806053476486,-24.498312158233592
2021-04-06,0.6200000047683716,0.6299999952316284,0.6100000143051147,0.6100000143051147,32000,0.817200003862381,0.7531000006198884,-24.13117941286972,-17.67361515628204
2021-04-07,0.6399999856948853,0.6399999856948853,0.6000000238418579,0.6299999952316284,33600,0.8130000030994415,0.7516500005125999,-21.27921485178591,-14.85398985452978
2021-04-08,0.6399999856948853,0.6399999856948853,0.6399999856948853,0.6399999856948853,3900,0.8088000023365021,0.7504500004649163,-20.870427318741203,-14.717837924126243
2021-04-09,0.6399999856948853,0.6700000166893005,0.6299999952316284,0.6399999856948853,48900,0.8044000017642975,0.7491500005126,-20.437595190058712,-14.56984779323629
2021-04-12,0.6399999856948853,0.6700000166893005,0.6299999952316284,0.6399999856948853,57500,0.7998000013828278,0.7479500004649162,-19.979996925688127,-14.432784905799934
2021-04-13,0.6299999952316284,0.6600000262260437,0.5899999737739563,0.6600000262260437,9000,0.7956000018119812,0.7467000004649162,-20.814480417697123,-15.628767264045418
2021-04-14,0.6100000143051147,0.6200000047683716,0.6100000143051147,0.6200000047683716,4500,0.7910000026226044,0.7452500006556511,-22.882425754408864,-18.14827054432029
2021-04-15,0.6299999952316284,0.6299999952316284,0.6100000143051147,0.6100000143051147,6200,0.7866000020503998,0.7439000007510185,-19.908467634193773,-15.31119846812745
2021-04-16,0.6100000143051147,0.6200000047683716,0.6000000238418579,0.6000000238418579,44900,0.782000002861023,0.7427500009536743,-21.99488336657668,-17.872768290556916
2021-04-19,0.6000000238418579,0.6299999952316284,0.5799999833106995,0.6100000143051147,47500,0.7780000030994415,0.7412500011920929,-22.879174620624287,-19.05564615488351
2021-04-20,0.5600000023841858,0.6000000238418579,0.5099999904632568,0.6000000238418579,19700,0.772000002861023,0.7398000010848045,-27.461139856368867,-24.303865698427852
2021-04-21,0.5699999928474426,0.5699999928474426,0.5199999809265137,0.5199999809265137,35700,0.7648000025749206,0.7383500009775161,-25.470712483214875,-22.800840781091836
2021-04-22,0.550000011920929,0.5699999928474426,0.550000011920929,0.5699999928474426,15500,0.7578000032901764,0.7365000009536743,-27.421481982981298,-25.322469625424503
2021-04-23,0.5600000023841858,0.5600000023841858,0.550000011920929,0.550000011920929,21600,0.7506000030040741,0.7349500009417533,-25.393018899155773,-23.804340204556684
2021-04-26,0.5600000023841858,0.5799999833106995,0.550000011920929,0.550000011920929,9500,0.7434000027179718,0.733500000834465,-24.670433099710863,-23.65371482657086
2021-04-27,0.5600000023841858,0.5899999737739563,0.550000011920929,0.550000011920929,3200,0.7360000026226043,0.7320500007271766,-23.913043425444847,-23.502492749414138
2021-04-28,0.5899999737739563,0.5899999737739563,0.550000011920929,0.550000011920929,10500,0.7292000019550323,0.7304000005125999,-19.089416868879837,-19.22234756847069
2021-04-29,0.5799999833106995,0.5799999833106995,0.550000011920929,0.550000011920929,3300,0.7222000014781952,0.7287500002980232,-19.689839085632986,-20.411666130564964
2021-04-30,0.5899999737739563,0.5899999737739563,0.5799999833106995,0.5799999833106995,3000,0.7158000004291535,0.7271000000834466,-17.574745261214662,-18.855731851706203
2021-05-03,0.5799999833106995,0.5899999737739563,0.5799999833106995,0.5799999833106995,4600,0.7094000005722045,0.7252500000596046,-18.240769263762413,-20.027579005441954
2021-05-04,0.5600000023841858,0.5899999737739563,0.5600000023841858,0.5899999737739563,8100,0.7036000001430511,0.7233500000834465,-20.40932315657612,-22.582428655618504
2021-05-05,0.5899999737739563,0.5899999737739563,0.5600000023841858,0.5600000023841858,11600,0.6987999999523162,0.7216999998688698,-15.56955154347225,-18.248583361347226
2021-05-06,0.5600000023841858,0.5899999737739563,0.550000011920929,0.5899999737739563,3600,0.6937999999523163,0.7197999998927116,-19.285096220427555,-22.200610938086207
2021-05-07,0.5799999833106995,0.5799999833106995,0.5600000023841858,0.5600000023841858,1100,0.6889999997615814,0.7180499997735024,-15.820031420696646,-19.225682961680747
2021-05-10,0.5799999833106995,0.5799999833106995,0.550000011920929,0.5799999833106995,5000,0.6863999998569489,0.7162499997019768,-15.501167914980185,-19.022689905475655
2021-05-11,0.5799999833106995,0.5799999833106995,0.550000011920929,0.550000011920929,5100,0.683199999332428,0.7144499996304512,-15.105388776722473,-18.81867399948155
2021-05-12,0.5799999833106995,0.5799999833106995,0.5799999833106995,0.5799999833106995,6000,0.6803999984264374,0.712699999511242,-14.756028122859089,-18.61933720942136
2021-05-13,0.5799999833106995,0.5799999833106995,0.550000011920929,0.550000011920929,33900,0.6777999985218048,0.7105999994277954,-14.429037389258593,-18.378837070399733
2021-05-14,0.5600000023841858,0.5600000023841858,0.5400000214576721,0.5600000023841858,6800,0.674599997997284,0.7085499992966652,-16.98784404881656,-20.965351359810313
2021-05-17,0.5600000023841858,0.5799999833106995,0.5600000023841858,0.5799999833106995,1200,0.6707999980449677,0.7065999993681907,-16.517590337463652,-20.74723989740842
2021-05-18,0.5299999713897705,0.5400000214576721,0.5199999809265137,0.5299999713897705,10300,0.6649999976158142,0.7046499991416931,-20.300755896248333,-24.785358399866187
2021-05-19,0.5299999713897705,0.5299999713897705,0.46000000834465027,0.5199999809265137,15900,0.6591999971866608,0.7025999990105629,-19.59951856011699,-24.565902058618928
2021-05-20,0.5,0.5,0.47999998927116394,0.49000000953674316,1800,0.652799997329712,0.7004999989271163,-23.406862431792675,-28.622412453133695
2021-05-21,0.41999998688697815,0.5,0.4000000059604645,0.49000000953674316,163800,0.6449999970197677,0.6980499987304211,-34.883722662388465,-39.8323919990182
2021-05-24,0.4300000071525574,0.4699999988079071,0.41999998688697815,0.41999998688697815,81100,0.6373999971151352,0.6958999986946582,-32.53843597446936,-38.20951171732513
2021-05-25,0.44999998807907104,0.44999998807907104,0.44999998807907104,0.44999998807907104,400,0.6285999971628189,0.6935499985516071,-28.412346466728856,-35.116431545117145
2021-05-26,0.41999998688697815,0.4399999976158142,0.41999998688697815,0.41999998688697815,12100,0.6199999964237213,0.6910499984025955,-32.25806624038411,-39.222923398041544
2021-05-27,0.4399999976158142,0.46000000834465027,0.4300000071525574,0.4300000071525574,10500,0.6115999960899353,0.6887499985098838,-28.057553886721653,-36.1161526580388
2021-05-28,0.4300000071525574,0.4300000071525574,0.41999998688697815,0.41999998688697815,2400,0.6031999957561492,0.6865999984741211,-28.713526164149716,-37.37255926184441
2021-06-01,0.4300000071525574,0.44999998807907104,0.41999998688697815,0.41999998688697815,3300,0.5947999954223633,0.6841999983787537,-27.706790440168483,-37.1528780807565
2021-06-02,0.4300000071525574,0.46000000834465027,0.4300000071525574,0.46000000834465027,2200,0.5861999952793121,0.6817999982833862,-26.64619402672098,-36.931650302845796
2021-06-03,0.4300000071525574,0.4399999976158142,0.4300000071525574,0.4300000071525574,11600,0.577599995136261,0.6796999981999398,-25.55401475529505,-36.73679442528569
2021-06-04,0.46000000834465027,0.46000000834465027,0.4399999976158142,0.4399999976158142,14300,0.5697999948263168,0.6775999982655049,-19.26991707241682,-32.11333979897564
2021-06-07,0.4300000071525574,0.4300000071525574,0.4300000071525574,0.4300000071525574,500,0.5613999944925309,0.6749999983608723,-23.405769260605446,-36.29629508196408
2021-06-08,0.47999998927116394,0.47999998927116394,0.44999998807907104,0.44999998807907104,7400,0.554199994802475,0.6728999984264373,-13.388669474411852,-28.666965315257254
2021-06-09,0.47999998927116394,0.47999998927116394,0.44999998807907104,0.46000000834465027,22800,0.5477999943494797,0.6706999982893467,-12.376780901363315,-28.43298188527993
2021-06-10,0.47999998927116394,0.49000000953674316,0.47999998927116394,0.47999998927116394,25700,0.5443999946117402,0.6685499981045723,-11.82953820315622,-28.20282841492372
2021-06-11,0.5099999904632568,0.5099999904632568,0.49000000953674316,0.49000000953674316,13500,0.5419999945163727,0.6665999981760978,-5.90405984813146,-23.492350456243393
2021-06-14,0.5099999904632568,0.5099999904632568,0.5099999904632568,0.5099999904632568,9100,0.5409999942779541,0.6646499982476235,-5.73013015574454,-23.267886585738008
2021-06-15,0.5299999713897705,0.5600000023841858,0.5299999713897705,0.5299999713897705,6900,0.5401999938488007,0.6629999980330468,-1.8881937384629288,-20.060335903145354
2021-06-16,0.5,0.5099999904632568,0.47999998927116394,0.5099999904632568,11600,0.5377999937534332,0.6612499979138374,-7.028634100498621,-24.385633031767316
2021-06-17,0.49000000953674316,0.49000000953674316,0.47999998927116394,0.47999998927116394,19900,0.5347999942302704,0.6594999980926514,-8.376960579067905,-25.701287194256462
2021-06-18,0.49000000953674316,0.49000000953674316,0.49000000953674316,0.49000000953674316,0,0.5317999947071076,0.6574999982118607,-7.8600950707767625,-25.47528351796975
2021-06-21,0.5,0.5,0.41999998688697815,0.5,10500,0.5289999949932098,0.6556999981403351,-5.482040693324031,-23.745615156614907
2021-06-22,0.5,0.5,0.5,0.5,100,0.5261999952793122,0.6541999980807305,-4.979094548529018,-23.570773239547105
2021-06-23,0.4300000071525574,0.5,0.4300000071525574,0.5,20400,0.5221999955177307,0.6523499980568885,-17.656068394593227,-34.084462568656434
2021-06-24,0.44999998807907104,0.4699999988079071,0.4300000071525574,0.4300000071525574,41100,0.5189999949932098,0.6505499979853631,-13.294799148320124,-30.827762743426256
2021-06-25,0.4699999988079071,0.4699999988079071,0.4300000071525574,0.44999998807907104,11600,0.5157999950647354,0.6491999979317188,-8.879409983530573,-27.603203896291372
2021-06-28,0.4300000071525574,0.4300000071525574,0.4300000071525574,0.4300000071525574,2000,0.5121999949216842,0.6475499980151653,-16.04841635769545,-33.59586001535484
2021-06-29,0.46000000834465027,0.4699999988079071,0.46000000834465027,0.46000000834465027,4000,0.5093999946117401,0.6460999980568886,-9.697680955953302,-28.803589269760742
2021-06-30,0.44999998807907104,0.44999998807907104,0.44999998807907104,0.44999998807907104,200,0.5071999943256378,0.6448499980568886,-11.277603881407494,-30.216331017283792
2021-07-01,0.46000000834465027,0.46000000834465027,0.46000000834465027,0.46000000834465027,4900,0.504999994635582,0.6435499979555607,-8.910888469098822,-28.521480878566507
2021-07-02,0.46000000834465027,0.46000000834465027,0.46000000834465027,0.46000000834465027,0,0.5031999945640564,0.6423999980092049,-8.585052998029564,-28.39352276304662
2021-07-06,0.4300000071525574,0.4699999988079071,0.4300000071525574,0.4699999988079071,8500,0.5005999946594238,0.6411999979615212,-14.103073963254465,-32.93823946980705
2021-07-07,0.4399999976158142,0.44999998807907104,0.4399999976158142,0.44999998807907104,1000,0.4981999945640564,0.6401499980688095,-11.682054914346063,-31.266109670671472
2021-07-08,0.4399999976158142,0.44999998807907104,0.4399999976158142,0.44999998807907104,7200,0.49579999446868894,0.6390999981760979,-11.25453761101215,-31.153184341806796
2021-07-09,0.4399999976158142,0.44999998807907104,0.4399999976158142,0.44999998807907104,10000,0.4927999949455261,0.6382999980449676,-10.714285282317915,-31.06689660606632
2021-07-12,0.44999998807907104,0.46000000834465027,0.4399999976158142,0.4399999976158142,6900,0.49019999504089357,0.6373499980568886,-8.200735897287991,-29.395153455557875
2021-07-13,0.44999998807907104,0.44999998807907104,0.44999998807907104,0.44999998807907104,0,0.48739999532699585,0.6366999980807304,-7.6733704568120125,-29.32307374971701
2021-07-14,0.44999998807907104,0.44999998807907104,0.44999998807907104,0.44999998807907104,6000,0.4847999954223633,0.6360999980568885,-7.1782194042667165,-29.25640788339917
2021-07-15,0.44999998807907104,0.44999998807907104,0.44999998807907104,0.44999998807907104,0,0.482599995136261,0.6353999981284142,-6.7550781984540675,-29.178471922480842
2021-07-16,0.44999998807907104,0.44999998807907104,0.44999998807907104,0.44999998807907104,0,0.4797999954223633,0.6344499981403351,-6.210922806920749,-29.07242660602313
2021-07-19,0.4399999976158142,0.4399999976158142,0.4399999976158142,0.4399999976158142,800,0.47739999532699584,0.6331499981880188,-7.834100979738057,-30.506199340594044
2021-07-20,0.4699999988079071,0.4699999988079071,0.4699999988079071,0.4699999988079071,3000,0.47519999563694,0.631999998241663,-1.094275437032155,-25.632911374124813
2021-07-21,0.4699999988079071,0.4699999988079071,0.4699999988079071,0.4699999988079071,1000,0.47299999594688413,0.630999998152256,-0.6342488720261885,-25.515055438320424
2021-07-22,0.4699999988079071,0.4699999988079071,0.4699999988079071,0.4699999988079071,0,0.47079999625682833,0.6300999982655049,-0.1699229939001179,-25.408665275084886
2021-07-23,0.4399999976158142,0.44999998807907104,0.4399999976158142,0.4399999976158142,2100,0.4679999965429306,0.6289499981701374,-5.982905797852478,-30.042133890460764
2021-07-26,0.4399999976158142,0.4399999976158142,0.4399999976158142,0.4399999976158142,10000,0.4651999968290329,0.6276499982178211,-5.417024803308424,-29.89723590135093
2021-07-27,0.4399999976158142,0.4399999976158142,0.4399999976158142,0.4399999976158142,0,0.46279999673366545,0.6264499981701374,-4.926533984176384,-29.762950131525944
2021-07-28,0.44999998807907104,0.4699999988079071,0.44999998807907104,0.46000000834465027,6500,0.46059999644756316,0.62529999807477,-2.3013479049600605,-28.034545104018616
2021-07-29,0.44999998807907104,0.44999998807907104,0.44999998807907104,0.44999998807907104,16500,0.4589999967813492,0.6241499979794025,-1.9607862233962936,-27.90194832397942
2021-07-30,0.4399999976158142,0.4399999976158142,0.4399999976158142,0.4399999976158142,400,0.4571999973058701,0.6230999980866909,-3.7620297006583203,-29.385331573280205
2021-08-02,0.4399999976158142,0.4399999976158142,0.4300000071525574,0.4399999976158142,5700,0.45599999725818635,0.6220499981939792,-3.5087718724947647,-29.266136340602444
2021-08-03,0.4300000071525574,0.4300000071525574,0.4300000071525574,0.4300000071525574,2100,0.45619999766349795,0.6209499983489514,-5.743093083105666,-30.751266882053685
2021-08-04,0.41999998688697815,0.4300000071525574,0.41999998688697815,0.4300000071525574,6000,0.45599999725818635,0.6196999981999397,-7.894739163962116,-32.225272211237034
2021-08-05,0.41999998688697815,0.41999998688697815,0.41999998688697815,0.41999998688697815,0,0.4553999972343445,0.6185499982535839,-7.773388353612532,-32.099266336948105
2021-08-06,0.4300000071525574,0.4300000071525574,0.4300000071525574,0.4300000071525574,1000,0.4555999976396561,0.6173999981582164,-5.618961944628076,-30.35309225213757
2021-08-09,0.4300000071525574,0.4300000071525574,0.4300000071525574,0.4300000071525574,6100,0.4553999978303909,0.6161999981105327,-5.577512252710537,-30.217460488303203
2021-08-10,0.41999998688697815,0.4300000071525574,0.41999998688697815,0.41999998688697815,12200,0.45519999742507933,0.6151999980211258,-7.732867033659129,-31.72952076756095
2021-08-11,0.4300000071525574,0.4300000071525574,0.4000000059604645,0.41999998688697815,13900,0.45519999742507933,0.6141999980807304,-5.5360260138554995,-29.990229811749657
2021-08-12,0.4099999964237213,0.4099999964237213,0.4099999964237213,0.4099999964237213,100,0.4547999972105026,0.6131499980390072,-9.850483962524248,-33.13218662072994
2021-08-13,0.4099999964237213,0.4099999964237213,0.4099999964237213,0.4099999964237213,1900,0.4543999969959259,0.612099997997284,-9.771126951086373,-33.01748116889544
2021-08-16,0.4099999964237213,0.4300000071525574,0.38999998569488525,0.4300000071525574,7900,0.4533999967575073,0.6110499979555607,-9.572121888875461,-32.902381507979484
2021-08-17,0.5099999904632568,0.5199999809265137,0.38999998569488525,0.38999998569488525,292000,0.4549999964237213,0.6103499980270862,12.087910872930308,-16.44138738235501
2021-08-18,0.5400000214576721,0.5400000214576721,0.5099999904632568,0.5099999904632568,22300,0.45619999706745146,0.6098999981582165,18.369141808177258,-11.46089144312661
2021-08-19,0.5799999833106995,0.5799999833106995,0.5199999809265137,0.5199999809265137,14700,0.4581999969482422,0.6094499979913235,26.58227568172935,-4.832228202098266
2021-08-20,0.5299999713897705,0.5299999713897705,0.5199999809265137,0.5199999809265137,8000,0.45919999659061433,0.6089999978244305,15.418113093383944,-12.972089772886175
2021-08-23,0.5600000023841858,0.5699999928474426,0.5299999713897705,0.5299999713897705,25700,0.4601999968290329,0.6086999978125095,21.686224737682736,-8.000656415859586
2021-08-24,0.6299999952316284,0.6299999952316284,0.5799999833106995,0.5799999833106995,43600,0.46259999692440035,0.6087499977648259,36.186770302677964,3.490759350279604
2021-08-25,0.6100000143051147,0.6499999761581421,0.6000000238418579,0.6499999761581421,10200,0.4641999977827072,0.6086999978125095,31.40887919406168,0.21357261331971245
2021-08-26,0.6299999952316284,0.6499999761581421,0.6100000143051147,0.6100000143051147,28900,0.46679999768733976,0.6086999978125095,34.96143923582433,3.4992603081427376
2021-08-27,0.6499999761581421,0.6700000166893005,0.6000000238418579,0.6299999952316284,28900,0.46999999701976775,0.6086999978125095,38.29786814462548,6.784948002965785
2021-08-30,0.6000000238418579,0.6499999761581421,0.5600000023841858,0.6299999952316284,34700,0.47219999730587003,0.6084999980032444,27.064808823623252,-1.3968733260934507
2021-08-31,0.6100000143051147,0.6499999761581421,0.5699999928474426,0.5699999928474426,44100,0.4743999975919724,0.6083499981462955,28.583477529814584,0.2712281028761421
2021-09-01,0.6399999856948853,0.6499999761581421,0.6100000143051147,0.6299999952316284,18300,0.47719999730587004,0.6080499981343747,34.11567252894714,5.254500067188528
2021-09-02,0.6399999856948853,0.6399999856948853,0.6399999856948853,0.6399999856948853,0,0.48139999687671664,0.6079999981820583,32.945573296043264,5.263155856662505
2021-09-03,0.6200000047683716,0.6299999952316284,0.6200000047683716,0.6299999952316284,10400,0.4847999972105026,0.6080499981343747,27.887790498308206,1.965300003398096
2021-09-07,0.6200000047683716,0.6200000047683716,0.6200000047683716,0.6200000047683716,0,0.4877999973297119,0.6080999980866909,27.101272686006904,1.9569160860257506
2021-09-08,0.6200000047683716,0.6200000047683716,0.6200000047683716,0.6200000047683716,1600,0.4915999972820282,0.6084999980032444,26.118797436176756,1.889894297923389
2021-09-09,0.5899999737739563,0.5899999737739563,0.5899999737739563,0.5899999737739563,1400,0.4941999965906143,0.6084499977529049,19.38485994420207,-3.0322991284554512
2021-09-10,0.5899999737739563,0.6100000143051147,0.5899999737739563,0.6100000143051147,4000,0.496999996304512,0.6082999975979329,18.712269247676836,-3.0083879494065546
2021-09-13,0.6200000047683716,0.6200000047683716,0.5899999737739563,0.5899999737739563,12800,0.5001999962329865,0.6083499975502491,23.950421718832615,1.9150172211778838
2021-09-14,0.6200000047683716,0.6200000047683716,0.6200000047683716,0.6200000047683716,0,0.5033999961614609,0.6085499976575375,23.162496920145447,1.8815228255538718
2021-09-15,0.550000011920929,0.5899999737739563,0.550000011920929,0.5899999737739563,5500,0.5057999962568283,0.6082499976456165,8.738635031870867,-9.576652026331056
2021-09-16,0.550000011920929,0.5600000023841858,0.550000011920929,0.5600000023841858,18200,0.5079999965429306,0.6080999977886676,8.267719618862035,-9.554347324291568
2021-09-17,0.5099999904632568,0.5299999713897705,0.5099999904632568,0.5299999713897705,2100,0.5093999963998794,0.6077499978244305,0.11778446557082489,-16.083917352709253
2021-09-20,0.5199999809265137,0.5199999809265137,0.47999998927116394,0.5,49300,0.5109999960660935,0.6074999977648258,1.761249497007067,-14.403295005802608
2021-09-21,0.5199999809265137,0.5400000214576721,0.5199999809265137,0.5199999809265137,6400,0.5123999959230423,0.6071499978005886,1.4832133223929178,-14.353951608297354
2021-09-22,0.550000011920929,0.5600000023841858,0.5400000214576721,0.5400000214576721,18200,0.5143999963998794,0.6069499979913234,6.920687358126476,-9.382978212186865
2021-09-23,0.550000011920929,0.550000011920929,0.5199999809265137,0.5199999809265137,1800,0.5163999968767166,0.6067499981820583,6.506586996016961,-9.353108600109339
2021-09-24,0.5699999928474426,0.5699999928474426,0.5699999928474426,0.5699999928474426,1500,0.518799996972084,0.6066999982297421,9.868927558631736,-6.049119085113642
2021-09-27,0.6800000071525574,0.6800000071525574,0.550000011920929,0.550000011920929,34300,0.5233999973535538,0.6071499983966351,29.91975746863085,11.998683842263858
2021-09-28,0.6299999952316284,0.6800000071525574,0.6000000238418579,0.6299999952316284,1600,0.5271999973058701,0.607449998408556,19.499240980859867,3.712239177241039
2021-09-29,0.5899999737739563,0.6100000143051147,0.5899999737739563,0.6000000238418579,11500,0.529599996805191,0.6075499983131886,11.404829556859486,-2.8886551868913535
2021-09-30,0.5899999737739563,0.5899999737739563,0.5799999833106995,0.5799999833106995,900,0.531999996304512,0.6075499983131886,10.902251479762338,-2.8886551868913535
2021-10-01,0.6000000238418579,0.6000000238418579,0.6000000238418579,0.6000000238418579,3000,0.534599996805191,0.6077999983727932,12.233450697250703,-1.2833126936191874
2021-10-04,0.5899999737739563,0.5899999737739563,0.5899999737739563,0.5899999737739563,200,0.5375999963283539,0.6080999983847142,9.74701968070657,-2.9764881859622894
2021-10-05,0.5899999737739563,0.5899999737739563,0.5899999737739563,0.5899999737739563,1700,0.5405999958515167,0.6082999981939793,9.13799080679385,-3.0083880444443656
2021-10-06,0.6399999856948853,0.6399999856948853,0.5899999737739563,0.6299999952316284,11600,0.5445999956130981,0.6084499980509281,17.517442315508646,5.185304913307975
2021-10-07,0.6299999952316284,0.6399999856948853,0.6100000143051147,0.6399999856948853,1700,0.5481999957561493,0.6086999981105328,14.921561493748259,3.4992602574688725
2021-10-08,0.6299999952316284,0.6299999952316284,0.6299999952316284,0.6299999952316284,2000,0.5517999958992005,0.6088499979674816,14.171801361650083,3.473761572596157
2021-10-11,0.6299999952316284,0.6299999952316284,0.6299999952316284,0.6299999952316284,0,0.5555999958515168,0.6090999980270863,13.390928714116646,3.431291622432875
2021-10-12,0.6299999952316284,0.6299999952316284,0.6299999952316284,0.6299999952316284,0,0.559399995803833,0.6093499980866909,12.620664990593422,3.388856520846284
2021-10-13,0.6100000143051147,0.6100000143051147,0.6100000143051147,0.6100000143051147,500,0.5629999959468841,0.6093999980390072,8.348138312005403,0.09846016869679008
2021-10-14,0.6100000143051147,0.6100000143051147,0.6100000143051147,0.6100000143051147,400,0.5667999964952469,0.6092499981820584,7.621739251409831,0.12310482155015734
2021-10-15,0.6000000238418579,0.6000000238418579,0.6000000238418579,0.6000000238418579,6000,0.5703999972343445,0.6090499983727932,5.18934550333674,-1.485916518366992
2021-10-18,0.6200000047683716,0.6200000047683716,0.6000000238418579,0.6000000238418579,10700,0.5741999971866608,0.6085999985039234,7.976316232342673,1.8731525291606932
2021-10-19,0.6100000143051147,0.6200000047683716,0.6000000238418579,0.6100000143051147,10000,0.5777999973297119,0.6084499986469746,5.572865545900729,0.25474823922868595
2021-10-20,0.6100000143051147,0.6100000143051147,0.6100000143051147,0.6100000143051147,1800,0.5815999978780746,0.6084499986469746,4.883083997705562,0.25474823922868595
2021-10-21,0.6000000238418579,0.6200000047683716,0.6000000238418579,0.6200000047683716,6300,0.5849999982118607,0.6081999988853931,2.564106953136247,-1.3482366094315634
2021-10-22,0.5899999737739563,0.5899999737739563,0.5799999833106995,0.5799999833106995,2800,0.5885999977588654,0.6078499986231327,0.23784845742802485,-2.9365838429891045
2021-10-25,0.6200000047683716,0.6200000047683716,0.5799999833106995,0.5799999833106995,12500,0.5927999979257583,0.6079499985277653,4.588395232420317,1.982071925287765
2021-10-26,0.6200000047683716,0.6200000047683716,0.6200000047683716,0.6200000047683716,0,0.5969999980926514,0.6079999984800816,3.8525974454275858,1.973685249718482
2021-10-27,0.6200000047683716,0.6399999856948853,0.6000000238418579,0.6200000047683716,5300,0.5991999983787537,0.6080499984323978,3.4712961358304595,1.9652999534218951
2021-10-28,0.6700000166893005,0.6700000166893005,0.6700000166893005,0.6700000166893005,19100,0.6017999982833863,0.6082999984920024,11.332671751487622,10.143024552072122
2021-10-29,0.6899999976158142,0.6899999976158142,0.6600000262260437,0.6700000166893005,17500,0.6039999985694885,0.6088499985635281,14.23841047185559,13.328405887122429
2021-11-01,0.699999988079071,0.7300000190734863,0.699999988079071,0.699999988079071,23700,0.6073999989032746,0.6092499984800815,15.245306115079948,14.89536148139301
2021-11-02,0.699999988079071,0.699999988079071,0.699999988079071,0.699999988079071,0,0.6101999986171722,0.6093999983370304,14.716484704261301,14.867080733389514
2021-11-03,0.6800000071525574,0.6800000071525574,0.6800000071525574,0.6800000071525574,15300,0.6111999988555908,0.6093499983847142,11.2565458811825,11.594323287950225
2021-11-04,0.7099999785423279,0.7099999785423279,0.6600000262260437,0.6800000071525574,16100,0.6131999981403351,0.6093999983370304,15.786037295427292,16.508037492586336
2021-11-05,0.6899999976158142,0.699999988079071,0.6899999976158142,0.699999988079071,10100,0.6143999981880188,0.6090499983727932,12.304687443156581,13.291191110630685
2021-11-08,0.6399999856948853,0.6800000071525574,0.6399999856948853,0.6399999856948853,11000,0.6141999983787536,0.6079999981820583,4.200584074280922,5.263155856662505
2021-11-09,0.6499999761581421,0.6499999761581421,0.6299999952316284,0.6399999856948853,29700,0.6151999974250794,0.6069999979436398,5.6566935758644465,7.084016204312227
2021-11-10,0.6200000047683716,0.6499999761581421,0.5799999833106995,0.6499999761581421,11800,0.6153999972343445,0.6057999978959561,0.7474825405752172,2.344009065984576
2021-11-11,0.6499999761581421,0.6499999761581421,0.6499999761581421,0.6499999761581421,5200,0.6155999970436096,0.6046999977529048,5.588040818670703,7.491314465615062
2021-11-12,0.6399999856948853,0.6600000262260437,0.6399999856948853,0.6600000262260437,34600,0.6155999970436096,0.6036999978125095,3.9636109110551487,6.012918339226059
2021-11-15,0.6000000238418579,0.6200000047683716,0.6000000238418579,0.6200000047683716,4700,0.6151999974250794,0.602499998062849,-2.470736938693263,-0.4149334819965156
2021-11-16,0.6100000143051147,0.6499999761581421,0.6000000238418579,0.6499999761581421,38800,0.6149999976158143,0.6012999980151653,-0.813005419525703,1.446867839459065
2021-11-17,0.6499999761581421,0.6499999761581421,0.6399999856948853,0.6399999856948853,200,0.6155999970436096,0.6003499980270862,5.588040818670703,8.27017211530261
2021-11-18,0.5799999833106995,0.5899999737739563,0.5799999833106995,0.5899999737739563,700,0.6153999972343445,0.5992499978840351,-5.752358479482522,-3.2123512125670217
2021-11-19,0.5899999737739563,0.5899999737739563,0.5400000214576721,0.5799999833106995,24900,0.6153999972343445,0.5978999976813794,-4.127400645846258,-1.3212951895064218
2021-11-22,0.5899999737739563,0.5899999737739563,0.5899999737739563,0.5899999737739563,0,0.6147999966144562,0.5961999975144863,-4.033835877857372,-1.039923476413518
2021-11-23,0.5899999737739563,0.5899999737739563,0.5899999737739563,0.5899999737739563,0,0.6141999959945679,0.5946499975025654,-3.9400883064847125,-0.7819765825508251
2021-11-24,0.5899999737739563,0.5899999737739563,0.5899999737739563,0.5899999737739563,0,0.6149999952316284,0.5929999972879887,-4.065044170976995,-0.5059061598233772
2021-11-26,0.5400000214576721,0.5400000214576721,0.5400000214576721,0.5400000214576721,4000,0.6147999954223633,0.5910999973118305,-12.166554086147007,-8.644895294628284
2021-11-29,0.5400000214576721,0.5400000214576721,0.5400000214576721,0.5400000214576721,0,0.6153999960422516,0.589149997383356,-12.25218964405107,-8.342523320712559
2021-11-30,0.5400000214576721,0.5400000214576721,0.5400000214576721,0.5400000214576721,3900,0.6157999968528748,0.5871999974548817,-12.309187363200424,-8.038143086135873
2021-12-01,0.5199999809265137,0.550000011920929,0.5199999809265137,0.550000011920929,5300,0.6157999968528748,0.5851499973237515,-15.557001691451678,-11.133900144443077
2021-12-02,0.5199999809265137,0.5199999809265137,0.5199999809265137,0.5199999809265137,0,0.6151999962329865,0.5831999970972538,-15.474644975520935,-10.836765515312742
2021-12-03,0.5199999809265137,0.5199999809265137,0.5199999809265137,0.5199999809265137,25000,0.6145999956130982,0.5812999971210957,-15.39212745880606,-10.545332272178232
2021-12-06,0.5,0.5299999713897705,0.5,0.5199999809265137,13300,0.6131999957561493,0.5795499970018864,-18.46053433457058,-13.726166407283657
2021-12-07,0.5099999904632568,0.5299999713897705,0.5,0.5,32500,0.6097999954223633,0.5779499970376492,-16.36602258253256,-11.75707360890701
2021-12-08,0.5,0.5299999713897705,0.5,0.5,18900,0.6071999955177307,0.5763999970257282,-17.654808351295582,-13.25468379943764
2021-12-09,0.5099999904632568,0.5099999904632568,0.5099999904632568,0.5099999904632568,12200,0.6055999958515167,0.5748499970138073,-15.785998355868458,-11.281204990419935
2021-12-10,0.5400000214576721,0.5400000214576721,0.5400000214576721,0.5400000214576721,25100,0.604599996805191,0.573999997228384,-10.684746227071805,-5.923340755206297
2021-12-13,0.5199999809265137,0.5199999809265137,0.4099999964237213,0.5199999809265137,47700,0.6029999959468841,0.5728999970853329,-13.76451336289588,-9.233726030363343
2021-12-14,0.5199999809265137,0.5299999713897705,0.5199999809265137,0.5199999809265137,13000,0.6015999960899353,0.5718999968469143,-13.56383239590696,-9.075015947988053
2021-12-15,0.5199999809265137,0.5299999713897705,0.5099999904632568,0.5299999713897705,6500,0.6001999962329865,0.5709499968588352,-13.362215229894915,-8.923726458119008
2021-12-16,0.5199999809265137,0.5199999809265137,0.5199999809265137,0.5199999809265137,400,0.597799996137619,0.5699499966204167,-13.014388710901748,-8.763929465757926
2021-12-17,0.5199999809265137,0.5199999809265137,0.5199999809265137,0.5199999809265137,2000,0.5955999958515167,0.5687999965250492,-12.693085200062715,-8.579468336263684
2021-12-20,0.5199999809265137,0.5199999809265137,0.5199999809265137,0.5199999809265137,0,0.5933999955654145,0.5672999964654446,-12.369399256392377,-8.337742963799233
2021-12-21,0.5,0.5,0.5,0.5,8000,0.5907999956607819,0.5656999965012074,-15.368990576790099,-11.613929098029818
2021-12-22,0.47999998927116394,0.5,0.47999998927116394,0.5,19900,0.5877999955415726,0.563999996483326,-18.339572488612653,-14.89361839289398
2021-12-23,0.4699999988079071,0.5,0.4000000059604645,0.49000000953674316,73500,0.5849999952316284,0.5622999964654446,-19.658119207024527,-16.41472492223458
2021-12-27,0.44999998807907104,0.44999998807907104,0.44999998807907104,0.44999998807907104,16800,0.5817999947071075,0.560499996393919,-22.65383427760047,-19.714542199066965
2021-12-28,0.47999998927116394,0.47999998927116394,0.44999998807907104,0.44999998807907104,11100,0.5793999940156936,0.5584499964118004,-17.155679283945137,-14.047812274097948
2021-12-29,0.49000000953674316,0.49000000953674316,0.49000000953674316,0.49000000953674316,4500,0.5767999941110611,0.5566499963402748,-15.048541168605635,-11.973410085641877
2021-12-30,0.49000000953674316,0.49000000953674316,0.49000000953674316,0.49000000953674316,0,0.5743999940156936,0.554799996316433,-14.693590765713783,-11.679882337766056
2021-12-31,0.44999998807907104,0.47999998927116394,0.44999998807907104,0.44999998807907104,13700,0.5711999934911728,0.552799996137619,-21.21848858423958,-18.59623892489246
2022-01-03,0.44999998807907104,0.46000000834465027,0.44999998807907104,0.46000000834465027,12400,0.568199992775917,0.5507999959588051,-20.80253541000324,-18.300655159640378
2022-01-04,0.44999998807907104,0.44999998807907104,0.44999998807907104,0.44999998807907104,2000,0.5653999930620194,0.5487499958276749,-20.41033010240769,-17.995445740215466
2022-01-05,0.4699999988079071,0.4699999988079071,0.4699999988079071,0.4699999988079071,100,0.5623999929428101,0.5467999957501888,-16.429586645513883,-14.045354341474525
2022-01-06,0.4699999988079071,0.4699999988079071,0.4699999988079071,0.4699999988079071,0,0.5593999928236008,0.5448999956250191,-15.981407787376344,-13.745640928332016
2022-01-07,0.4699999988079071,0.4699999988079071,0.4699999988079071,0.4699999988079071,0,0.5563999927043914,0.5429999954998493,-15.52839594345351,-13.443830073100338
2022-01-10,0.4699999988079071,0.4699999988079071,0.4699999988079071,0.4699999988079071,1900,0.5523999923467636,0.5411499956250191,-14.916726046428098,-13.14792523188233
2022-01-11,0.47999998927116394,0.49000000953674316,0.47999998927116394,0.49000000953674316,9600,0.5481999921798706,0.5395499955117703,-12.440715775553945,-11.036976505601192
2022-01-12,0.46000000834465027,0.46000000834465027,0.46000000834465027,0.46000000834465027,600,0.5433999925851822,0.5385999956727028,-15.347807393916801,-14.593388035564757
2022-01-13,0.46000000834465027,0.46000000834465027,0.46000000834465027,0.46000000834465027,0,0.5385999929904938,0.5377499957382679,-14.593387610242836,-14.458389216140477
2022-01-14,0.49000000953674316,0.49000000953674316,0.49000000953674316,0.49000000953674316,4800,0.5347999930381775,0.5373999957740306,-8.376960374836095,-8.820243135472317
2022-01-18,0.5,0.5099999904632568,0.41999998688697815,0.41999998688697815,28000,0.5305999934673309,0.5370499958097935,-5.767055002652377,-6.8987982681067646
2022-01-19,0.5,0.5,0.5,0.5,0,0.5267999935150146,0.5364499957859516,-5.087318497518312,-6.7946679228785944
2022-01-20,0.46000000834465027,0.46000000834465027,0.41999998688697815,0.41999998688697815,2400,0.52319999396801,0.5355499958992005,-12.079508094800161,-14.10699059528515
2022-01-21,0.4300000071525574,0.44999998807907104,0.4300000071525574,0.44999998807907104,45800,0.5187999945878983,0.5344999960064888,-17.11642027018099,-19.550980287128528
2022-01-24,0.41999998688697815,0.4300000071525574,0.4000000059604645,0.4300000071525574,22900,0.5147999942302703,0.5333999960124493,-18.414920047743454,-21.259844389429727
2022-01-25,0.41999998688697815,0.41999998688697815,0.41999998688697815,0.41999998688697815,5000,0.5101999944448471,0.5322999960184097,-17.679343108581634,-21.09712755428006
2022-01-26,0.41999998688697815,0.41999998688697815,0.4099999964237213,0.4099999964237213,8500,0.505799994468689,0.5312499959766864,-16.9632282562277,-20.941178340185896
2022-01-27,0.4699999988079071,0.4699999988079071,0.41999998688697815,0.41999998688697815,5000,0.50319999396801,0.5305499958992005,-6.597773362098547,-11.412684489549463
2022-01-28,0.4699999988079071,0.4699999988079071,0.4699999988079071,0.4699999988079071,200,0.5003999936580658,0.5297499959170818,-6.07513893593924,-11.278904685169078
2022-01-31,0.4300000071525574,0.4699999988079071,0.4300000071525574,0.4699999988079071,6500,0.4959999942779541,0.5288499958813191,-13.306449170725376,-18.691498439747544
2022-02-01,0.4099999964237213,0.4399999976158142,0.4099999964237213,0.41999998688697815,6400,0.4925999945402145,0.5278999957442284,-16.76816870320732,-22.333775387569908
2022-02-02,0.4099999964237213,0.4099999964237213,0.4099999964237213,0.4099999964237213,0,0.48899999499320984,0.527149995714426,-16.155419095778424,-22.22327615348566
2022-02-03,0.4099999964237213,0.4099999964237213,0.4099999964237213,0.4099999964237213,0,0.48539999544620516,0.5263499957323075,-15.533580496467081,-22.10506321876361
2022-02-04,0.4399999976158142,0.4399999976158142,0.4399999976158142,0.4399999976158142,500,0.4823999959230423,0.5257999956607818,-8.78938612470307,-16.317991394644515
2022-02-07,0.41999998688697815,0.41999998688697815,0.3499999940395355,0.3499999940395355,39000,0.47899999618530276,0.5250999955832958,-12.317329805468358,-20.015237017774034
2022-02-08,0.41999998688697815,0.41999998688697815,0.4000000059604645,0.41999998688697815,7000,0.4765999954938889,0.5243999955058097,-11.87578874151216,-19.908468633401235
2022-02-09,0.41999998688697815,0.41999998688697815,0.41999998688697815,0.41999998688697815,0,0.474199994802475,0.5236999954283238,-11.429778260135471,-19.80141482654234
2022-02-10,0.4000000059604645,0.4000000059604645,0.4000000059604645,0.4000000059604645,41100,0.47139999449253084,0.5227499955892563,-15.146370251643626,-23.481585971210784
2022-02-11,0.4000000059604645,0.4000000059604645,0.4000000059604645,0.4000000059604645,35500,0.4689999949932098,0.5218499957025051,-14.712151336748802,-23.349619765351992
2022-02-14,0.3799999952316284,0.3799999952316284,0.3799999952316284,0.3799999952316284,3000,0.4661999952793121,0.5207999958097935,-18.489918687373454,-27.035330589669982
2022-02-15,0.41999998688697815,0.41999998688697815,0.38999998569488525,0.4000000059604645,17400,0.4641999953985214,0.5199999958276749,-9.521759790970485,-19.230771104435963
2022-02-16,0.4099999964237213,0.4099999964237213,0.4099999964237213,0.4099999964237213,3000,0.4623999953269958,0.5192499957978726,-11.332179808137488,-21.039961532648487
2022-02-17,0.4099999964237213,0.4099999964237213,0.4099999964237213,0.4099999964237213,0,0.46039999544620513,0.5183499959111214,-10.947002502386594,-20.902864925647314
2022-02-18,0.38999998569488525,0.4099999964237213,0.38999998569488525,0.4099999964237213,1400,0.45819999516010285,0.5174999958276749,-14.884332209865558,-24.63768331608771
2022-02-22,0.38999998569488525,0.38999998569488525,0.38999998569488525,0.38999998569488525,800,0.4557999950647354,0.5165499958395958,-14.436158420867217,-24.499082598774834
2022-02-23,0.4300000071525574,0.4300000071525574,0.38999998569488525,0.4099999964237213,22600,0.4535999947786331,0.5157999959588051,-5.202819201440478,-16.63435236108459
2022-02-24,0.38999998569488525,0.4300000071525574,0.38999998569488525,0.4300000071525574,21800,0.45099999487400055,0.514849995970726,-13.525501080361957,-24.24978367542604
2022-02-25,0.4000000059604645,0.41999998688697815,0.33000001311302185,0.33000001311302185,6600,0.44859999537467954,0.5139499960839748,-10.833702611526641,-22.171415700311037
2022-02-28,0.4000000059604645,0.4000000059604645,0.4000000059604645,0.4000000059604645,0,0.4461999958753586,0.5130499961972237,-10.354099135357142,-22.03488764734367
2022-03-01,0.38999998569488525,0.38999998569488525,0.38999998569488525,0.38999998569488525,1000,0.443599995970726,0.5121999961137772,-12.082960045693492,-23.857870235466994
2022-03-02,0.4300000071525574,0.4300000071525574,0.4099999964237213,0.4099999964237213,27000,0.44179999649524687,0.511549996137619,-2.6708894151873164,-15.941743642027662
2022-03-03,0.4300000071525574,0.4300000071525574,0.4300000071525574,0.4300000071525574,0,0.4399999970197678,0.511049996316433,-2.2727249852142917,-15.859502934756097
2022-03-04,0.49000000953674316,0.49000000953674316,0.47999998927116394,0.47999998927116394,1100,0.4397999972105026,0.5108499965071678,11.414282092915329,-4.081430383279261
2022-03-07,0.49000000953674316,0.49000000953674316,0.49000000953674316,0.49000000953674316,0,0.4399999976158142,0.5107999965548515,11.363639134513459,-4.07204133876199
2022-03-08,0.49000000953674316,0.49000000953674316,0.49000000953674316,0.49000000953674316,5500,0.4403999978303909,0.5111499966681003,11.262491360287076,-4.137726160466027
2022-03-09,0.49000000953674316,0.49000000953674316,0.49000000953674316,0.49000000953674316,0,0.44119999825954437,0.5114499966800213,11.060746026678636,-4.193955867145682
2022-03-10,0.4300000071525574,0.46000000834465027,0.4300000071525574,0.4300000071525574,8900,0.44019999861717224,0.5113499967753887,-2.3171266462191586,-15.90886675189801
2022-03-11,0.4300000071525574,0.4300000071525574,0.4300000071525574,0.4300000071525574,0,0.4389999985694885,0.5113999968767167,-2.0501119467558615,-15.917088428098369
2022-03-14,0.4399999976158142,0.4399999976158142,0.4399999976158142,0.4399999976158142,400,0.43799999833106995,0.5113999968767167,0.45662084300568395,-13.961673777271233
2022-03-15,0.44999998807907104,0.44999998807907104,0.4099999964237213,0.41999998688697815,6500,0.43799999833106995,0.5114999967813492,2.739723697197527,-12.023462187540835
2022-03-16,0.4399999976158142,0.4399999976158142,0.4399999976158142,0.4399999976158142,2000,0.4377999985218048,0.5115499967336654,0.5025123575691071,-13.986902467932804
2022-03-17,0.5,0.5,0.47999998927116394,0.47999998927116394,40200,0.4387999987602234,0.5118999966979026,13.947128854304891,-2.3246721575826523
2022-03-18,0.4699999988079071,0.4699999988079071,0.4699999988079071,0.4699999988079071,2800,0.4387999987602234,0.5120999966561794,7.110300851375473,-8.221050209562486
2022-03-21,0.4699999988079071,0.4699999988079071,0.4699999988079071,0.4699999988079071,3500,0.4387999987602234,0.5121499966084957,7.110300851375473,-8.230010364094454
2022-03-22,0.5199999809265137,0.5199999809265137,0.47999998927116394,0.47999998927116394,31500,0.43979999840259554,0.5125999964773655,18.235557711508356,1.443617733125535
2022-03-23,0.4699999988079071,0.47999998927116394,0.4699999988079071,0.4699999988079071,5500,0.43979999840259554,0.5125499965250492,6.866757734197693,-8.301628720245747
2022-03-24,0.4699999988079071,0.4699999988079071,0.4699999988079071,0.4699999988079071,0,0.4395999985933304,0.5124999965727329,6.915377686954782,-8.292682546153795
2022-03-25,0.4699999988079071,0.4699999988079071,0.4699999988079071,0.4699999988079071,0,0.43979999840259554,0.5124499966204167,6.866757734197693,-8.283734626298234
2022-03-28,0.3799999952316284,0.41999998688697815,0.3799999952316284,0.41999998688697815,20000,0.43819999814033506,0.5117999966442585,-13.281607292492026,-25.75224741633625
2022-03-29,0.3799999952316284,0.3799999952316284,0.3799999952316284,0.3799999952316284,0,0.43599999785423277,0.5111499966681003,-12.844037361974191,-25.65783083074735
2022-03-30,0.44999998807907104,0.46000000834465027,0.41999998688697815,0.41999998688697815,15000,0.4349999976158142,0.5107499967515469,3.448273688613823,-11.894274901391244
2022-03-31,0.4699999988079071,0.5,0.38999998569488525,0.41999998688697815,49800,0.43439999759197234,0.5105999967455864,8.195212111712191,-7.951429337338767
2022-04-01,0.4699999988079071,0.4699999988079071,0.4699999988079071,0.4699999988079071,0,0.4345999974012375,0.5104999966919422,8.145421449229119,-7.933398265715286
2022-04-04,0.46000000834465027,0.46000000834465027,0.4300000071525574,0.4300000071525574,5000,0.43519999742507937,0.5103499966859818,5.698531954573438,-9.865776167000128
2022-04-05,0.46000000834465027,0.46000000834465027,0.46000000834465027,0.46000000834465027,0,0.43599999785423277,0.510149996727705,5.504589589113107,-9.830439812748349
2022-04-06,0.4000000059604645,0.4000000059604645,0.4000000059604645,0.4000000059604645,7600,0.4355999982357025,0.5096499967575073,-8.17263370510275,-21.514763365968303
2022-04-07,0.4000000059604645,0.4000000059604645,0.4000000059604645,0.4000000059604645,1600,0.43519999861717223,0.5094999967515469,-8.088233632480257,-21.4916568182981
2022-04-08,0.4000000059604645,0.4000000059604645,0.4000000059604645,0.4000000059604645,0,0.4337999987602234,0.5092499968409538,-7.791607398883693,-21.45311567171393
2022-04-11,0.4000000059604645,0.4000000059604645,0.4000000059604645,0.4000000059604645,0,0.4323999989032745,0.5088999968767166,-7.493060366556048,-21.399094435961185
2022-04-12,0.4000000059604645,0.4000000059604645,0.4000000059604645,0.4000000059604645,0,0.43179999887943266,0.5087499968707562,-7.36451899061894,-21.375919720726554
2022-04-13,0.4000000059604645,0.4000000059604645,0.4000000059604645,0.4000000059604645,0,0.43159999907016755,0.5084499968588352,-7.321592487901207,-21.329529269026725
2022-04-14,0.4000000059604645,0.4000000059604645,0.4000000059604645,0.4000000059604645,0,0.4313999992609024,0.5081999969482421,-7.278626183178972,-21.29082873623026
2022-04-18,0.4000000059604645,0.4000000059604645,0.4000000059604645,0.4000000059604645,200,0.4311999994516373,0.5078999969363213,-7.235620021069167,-21.24433778828806
2022-04-19,0.4000000059604645,0.4000000059604645,0.4000000059604645,0.4000000059604645,0,0.43039999961853026,0.5075999969244003,-7.063195558784785,-21.19779188650415
2022-04-20,0.4000000059604645,0.4000000059604645,0.4000000059604645,0.4000000059604645,100,0.43,0.5074499969184398,-6.976742799891977,-21.17449829746384
2022-04-21,0.4000000059604645,0.4000000059604645,0.4000000059604645,0.4000000059604645,0,0.4296000003814697,0.5072499969601632,-6.89012904905063,-21.143418756515352
2022-04-22,0.4000000059604645,0.4000000059604645,0.4000000059604645,0.4000000059604645,0,0.42920000076293946,0.5070499970018864,-6.803353856143879,-21.112314697641864
2022-04-25,0.4000000059604645,0.4000000059604645,0.4000000059604645,0.4000000059604645,400,0.42920000076293946,0.5068499970436097,-6.803353856143879,-21.081186091819536
2022-04-26,0.4000000059604645,0.4000000059604645,0.38999998569488525,0.4000000059604645,72500,0.42920000076293946,0.5065999971330166,-6.803353856143879,-21.042240776910713
2022-04-27,0.4000000059604645,0.4000000059604645,0.4000000059604645,0.4000000059604645,0,0.42960000097751616,0.5063499972224236,-6.89012917823546,-21.003257005103315
2022-04-28,0.4000000059604645,0.4000000059604645,0.3799999952316284,0.3799999952316284,2700,0.4292000013589859,0.5060999973118305,-6.803353985569616,-20.964234719407273
2022-04-29,0.4300000071525574,0.44999998807907104,0.4099999964237213,0.44999998807907104,14900,0.4296000015735626,0.5059999974071979,0.0931111679538299,-15.019760996852416
2022-05-02,0.41999998688697815,0.41999998688697815,0.41999998688697815,0.41999998688697815,4300,0.42980000138282776,0.5058499974012375,-2.280133658520078,-16.9714363853527
2022-05-03,0.41999998688697815,0.41999998688697815,0.41999998688697815,0.41999998688697815,0,0.4304000014066696,0.5057499973475933,-2.416360242960336,-16.95501945829584
2022-05-04,0.41999998688697815,0.41999998688697815,0.41999998688697815,0.41999998688697815,0,0.4310000014305115,0.5054999972879887,-2.552207542232876,-16.913948735849406
2022-05-05,0.41999998688697815,0.41999998688697815,0.41999998688697815,0.41999998688697815,0,0.4308000010251999,0.505249997228384,-2.5069670641876263,-16.87283736943219
2022-05-06,0.41999998688697815,0.41999998688697815,0.41999998688697815,0.41999998688697815,2000,0.43140000104904175,0.5049999971687794,-2.6425623862637915,-16.831685298681865
2022-05-09,0.41999998688697815,0.41999998688697815,0.41999998688697815,0.41999998688697815,0,0.431800000667572,0.5048999971151352,-2.732749829168779,-16.81521305471444
2022-05-10,0.41999998688697815,0.41999998688697815,0.41999998688697815,0.41999998688697815,0,0.4322000002861023,0.504799997061491,-2.822770335735336,-16.79873428449786
2022-05-11,0.41999998688697815,0.41999998688697815,0.41999998688697815,0.41999998688697815,0,0.43280000030994414,0.5046999970078468,-2.957489236090438,-16.782248984152826
2022-05-12,0.41999998688697815,0.41999998688697815,0.41999998688697815,0.41999998688697815,0,0.43259999990463255,0.5045499970018864,-2.9126243690319242,-16.757508793443144
2022-05-13,0.41999998688697815,0.41999998688697815,0.41999998688697815,0.41999998688697815,0,0.432399999499321,0.5043999969959259,-2.8677179987744994,-16.732753888107066
2022-05-16,0.41999998688697815,0.41999998688697815,0.41999998688697815,0.41999998688697815,0,0.4309999990463257,0.5042999969422817,-2.5522070031756994,-16.71624242840356
2022-05-17,0.4000000059604645,0.4399999976158142,0.3799999952316284,0.4000000059604645,39600,0.4291999989748001,0.504099996984005,-6.803353467866636,-20.650662893545622
2022-05-18,0.4000000059604645,0.4000000059604645,0.4000000059604645,0.4000000059604645,0,0.4273999989032745,0.5039499969780445,-6.4108547059240735,-20.62704467524956
2022-05-19,0.4000000059604645,0.4000000059604645,0.4000000059604645,0.4000000059604645,0,0.425599998831749,0.5038499970734119,-6.0150359355158,-20.6112913994552
2022-05-20,0.4000000059604645,0.4000000059604645,0.4000000059604645,0.4000000059604645,0,0.4249999988079071,0.5037499971687793,-5.882351274721353,-20.595531869264484
2022-05-23,0.4000000059604645,0.4000000059604645,0.4000000059604645,0.4000000059604645,0,0.42439999878406526,0.5035999971628189,-5.749291445218763,-20.57188081533279
2022-05-24,0.4300000071525574,0.4300000071525574,0.4300000071525574,0.4300000071525574,2000,0.4241999989748001,0.5035999971628189,1.3672815162127927,-14.614771728536347
2022-05-25,0.4000000059604645,0.4000000059604645,0.4000000059604645,0.4000000059604645,800,0.42319999933242797,0.5034999972581864,-5.482040030378088,-20.55610563283655
2022-05-26,0.4000000059604645,0.4000000059604645,0.4000000059604645,0.4000000059604645,0,0.422399999499321,0.5033499972522258,-5.303028779689312,-20.532431082933588
2022-05-27,0.4000000059604645,0.4000000059604645,0.4000000059604645,0.4000000059604645,8000,0.42039999961853025,0.5032999972999096,-4.852519904038221,-20.5245364382329
2022-05-31,0.41999998688697815,0.41999998688697815,0.41999998688697815,0.41999998688697815,3000,0.4193999993801117,0.5033499972522258,0.14305853785248068,-16.559056485597136
2022-06-01,0.41999998688697815,0.41999998688697815,0.41999998688697815,0.41999998688697815,0,0.4183999991416931,0.5033999972045422,0.3824062496575742,-16.56734421547421
2022-06-02,0.41999998688697815,0.41999998688697815,0.41999998688697815,0.41999998688697815,0,0.41639999926090243,0.5029499971866608,0.8645503440119162,-16.492695250756164
2022-06-03,0.4000000059604645,0.4000000059604645,0.4000000059604645,0.4000000059604645,17400,0.41499999940395355,0.5022499971091747,-3.614456256634435,-20.358385612192254
2022-06-06,0.4000000059604645,0.4000000059604645,0.4000000059604645,0.4000000059604645,0,0.4135999995470047,0.5013499972224236,-3.288199613499909,-20.21541673949492
2022-06-07,0.41999998688697815,0.41999998688697815,0.41999998688697815,0.41999998688697815,51900,0.4125999993085861,0.5007999972999095,1.7935015973806534,-16.134187469762185
2022-06-08,0.4300000071525574,0.4300000071525574,0.4300000071525574,0.4300000071525574,40300,0.4135999995470047,0.5001499973237514,3.965185595627352,-14.025790372200152
2022-06-09,0.4399999976158142,0.4399999976158142,0.4300000071525574,0.4300000071525574,19600,0.41479999959468844,0.4991999973356724,6.075216500903879,-11.858974366149866
2022-06-10,0.44999998807907104,0.44999998807907104,0.44999998807907104,0.44999998807907104,2500,0.41479999959468844,0.49839999720454214,8.486014589869196,-9.711077326833905
2022-06-13,0.44999998807907104,0.44999998807907104,0.44999998807907104,0.44999998807907104,0,0.4143999993801117,0.49749999716877935,8.590730876499109,-9.547740574879581
2022-06-14,0.44999998807907104,0.44999998807907104,0.44999998807907104,0.44999998807907104,0,0.413999999165535,0.496499997228384,8.695649513550286,-9.365560807430073
2022-06-15,0.44999998807907104,0.44999998807907104,0.44999998807907104,0.44999998807907104,0,0.4137999987602234,0.49574999704957007,8.748184975182593,-9.228443619319771
2022-06-16,0.4300000071525574,0.4300000071525574,0.4099999964237213,0.4300000071525574,23900,0.4131999987363815,0.4948499970138073,4.065829735612891,-13.104979337696243
2022-06-17,0.4300000071525574,0.4300000071525574,0.4300000071525574,0.4300000071525574,2300,0.4137999987602234,0.4937999971210957,3.914936790930512,-12.920208655427047
2022-06-21,0.4300000071525574,0.4300000071525574,0.4300000071525574,0.4300000071525574,0,0.41439999878406525,0.49274999722838403,3.7644807949483106,-12.734650518271383
2022-06-22,0.4300000071525574,0.4300000071525574,0.4300000071525574,0.4300000071525574,0,0.4149999988079071,0.49179999724030493,3.614459852466978,-12.566081828900588
2022-06-23,0.4300000071525574,0.4300000071525574,0.4300000071525574,0.4300000071525574,0,0.415599998831749,0.4908499972522259,3.4648720792316734,-12.396860637731743
2022-06-24,0.4300000071525574,0.4300000071525574,0.4300000071525574,0.4300000071525574,0,0.41619999885559084,0.4898999972641468,3.315715601852931,-12.226983148826642
2022-06-27,0.4300000071525574,0.4300000071525574,0.4300000071525574,0.4300000071525574,0,0.4167999988794327,0.4890999974310398,3.166988557728634,-12.083416599652551
2022-06-28,0.4300000071525574,0.4300000071525574,0.4300000071525574,0.4300000071525574,0,0.41739999890327456,0.4882999975979328,3.0186890949663425,-11.939379629770086
2022-06-29,0.41999998688697815,0.41999998688697815,0.41999998688697815,0.41999998688697815,200,0.4177999985218048,0.4872999975085259,0.5265649528379601,-13.810796422253258
2022-06-30,0.4099999964237213,0.4099999964237213,0.4099999964237213,0.4099999964237213,13800,0.41799999833106993,0.4862499974668026,-1.9138760620310724,-15.681234229371288
2022-07-01,0.4099999964237213,0.4099999964237213,0.4099999964237213,0.4099999964237213,0,0.4181999981403351,0.48554999738931653,-1.9607847329215278,-15.55967487834602
2022-07-05,0.4099999964237213,0.4099999964237213,0.4099999964237213,0.4099999964237213,0,0.4183999979496002,0.48484999731183054,-2.007648558088837,-15.437764525750753
2022-07-06,0.4099999964237213,0.4099999964237213,0.4099999964237213,0.4099999964237213,0,0.41859999775886536,0.48434999734163287,-2.0544676018125707,-15.350469975427561
2022-07-07,0.4099999964237213,0.4099999964237213,0.4099999964237213,0.4099999964237213,7900,0.41879999756813047,0.4837999974191189,-2.101241928249431,-15.25423757525658
2022-07-08,0.4099999964237213,0.4099999964237213,0.4099999964237213,0.4099999964237213,0,0.4189999973773956,0.4832499974966049,-2.1479716014336736,-15.157786125678818
2022-07-11,0.4300000071525574,0.4300000071525574,0.4300000071525574,0.4300000071525574,2000,0.4195999974012375,0.48264999747276305,2.478553340260148,-10.908523898454348
2022-07-12,0.4300000071525574,0.4300000071525574,0.4300000071525574,0.4300000071525574,0,0.42019999742507935,0.4820499974489212,2.3322250803262667,-10.79763314424229
2022-07-13,0.44999998807907104,0.49000000953674316,0.44999998807907104,0.44999998807907104,11500,0.4205999970436096,0.4814499974250793,6.990012183098782,-6.532352168285627
2022-07-14,0.5199999809265137,0.5199999809265137,0.44999998807907104,0.44999998807907104,16100,0.4225999969244003,0.48064999729394914,23.047795719586194,8.186826974743422
2022-07-15,0.44999998807907104,0.5199999809265137,0.44999998807907104,0.44999998807907104,29700,0.4231999969482422,0.47974999725818634,6.332701163536769,-6.201148379184829
2022-07-18,0.4699999988079071,0.5199999809265137,0.4699999988079071,0.5099999904632568,30400,0.4241999971866608,0.4791499973833561,10.79679441890542,-1.9096313524819553
2022-07-19,0.4699999988079071,0.4699999988079071,0.4699999988079071,0.4699999988079071,0,0.42519999742507936,0.47854999750852584,10.536218639258465,-1.7866469010829777
2022-07-20,0.4699999988079071,0.4699999988079071,0.4699999988079071,0.4699999988079071,0,0.4261999976634979,0.4778999973833561,10.276865646299482,-1.653065205838844
2022-07-21,0.4699999988079071,0.4699999988079071,0.44999998807907104,0.44999998807907104,3100,0.4271999979019165,0.47729999750852586,10.018726853041171,-1.52943614890515
2022-07-22,0.4699999988079071,0.4699999988079071,0.4699999988079071,0.4699999988079071,0,0.4281999981403351,0.4766999976336956,9.761793752711046,-1.4054958798084272
2022-07-25,0.4699999988079071,0.4699999988079071,0.46000000834465027,0.46000000834465027,10900,0.42919999837875367,0.47584999769926073,9.50605791781689,-1.229378778951018
2022-07-26,0.4699999988079071,0.4699999988079071,0.4699999988079071,0.4699999988079071,0,0.43019999861717223,0.4750499977171421,9.25151099922532,-1.0630457706563234
2022-07-27,0.4699999988079071,0.4699999988079071,0.4699999988079071,0.4699999988079071,0,0.4311999988555908,0.4742499977350235,8.998144725253221,-0.8961515967135569
2022-07-28,0.4699999988079071,0.4699999988079071,0.4399999976158142,0.4399999976158142,1500,0.4321999990940094,0.4734499977529049,8.745950900771682,-0.7286934124769773
2022-07-29,0.4699999988079071,0.4699999988079071,0.4099999964237213,0.4099999964237213,1000,0.43359999895095824,0.4726499977707863,8.394833935658252,-0.5606683540416157
2022-08-01,0.4699999988079071,0.4699999988079071,0.4699999988079071,0.4699999988079071,0,0.43499999880790713,0.47194999769330026,8.045977033543794,-0.4131791280694852
2022-08-02,0.4699999988079071,0.4699999988079071,0.4699999988079071,0.4699999988079071,0,0.43639999866485596,0.4712499976158142,7.699358443136717,-0.2652517377678909
2022-08-03,0.4699999988079071,0.4699999988079071,0.4399999976158142,0.4699999988079071,2200,0.4377999985218048,0.47059999749064446,7.354956691371162,-0.12749653334821476
2022-08-04,0.4699999988079071,0.4699999988079071,0.4699999988079071,0.4699999988079071,0,0.4391999983787537,0.4698499974608421,7.012750578972549,0.03192536934673029
2022-08-05,0.4699999988079071,0.4699999988079071,0.4699999988079071,0.4699999988079071,0,0.43999999821186064,0.4691499973833561,6.8181819813556865,0.18117903214149855
2022-08-08,0.4699999988079071,0.4699999988079071,0.4699999988079071,0.4699999988079071,0,0.44139999806880953,0.46844999730587006,6.479383974677577,0.33087875140385137
2022-08-09,0.4699999988079071,0.4699999988079071,0.4699999988079071,0.4699999988079071,0,0.44279999792575836,0.4677999971807003,6.142728321943047,0.4702867978763514
2022-08-10,0.4699999988079071,0.4699999988079071,0.4699999988079071,0.4699999988079071,0,0.4441999977827072,0.46719999730587003,5.80819476676826,0.5993153934467976
2022-08-11,0.4699999988079071,0.4699999988079071,0.4699999988079071,0.4699999988079071,0,0.4451999980211258,0.46644999727606773,5.570530300317844,0.7610679713946578
2022-08-12,0.46000000834465027,0.46000000834465027,0.46000000834465027,0.46000000834465027,1000,0.4459999984502792,0.4656499972939491,3.1390156822908244,-1.2133553059449964
2022-08-15,0.41999998688697815,0.41999998688697815,0.41999998688697815,0.41999998688697815,3500,0.4459999984502792,0.46464999720454214,-5.829599025480626,-9.609385685180316
2022-08-16,0.5600000023841858,0.6000000238418579,0.46000000834465027,0.4699999988079071,730100,0.4491999983787537,0.4640999971330166,24.66607399940559,20.66365133453838
2022-08-17,0.5699999928474426,0.5699999928474426,0.550000011920929,0.5600000023841858,129600,0.4525999981164932,0.4634999971091747,25.93901794509779,22.97734550215811
2022-08-18,0.6399999856948853,0.6700000166893005,0.5699999928474426,0.5699999928474426,43300,0.45699999809265135,0.4631999970972538,40.04376113041752,38.169255117786726
2022-08-19,0.6800000071525574,0.699999988079071,0.6200000047683716,0.6399999856948853,117300,0.46199999809265135,0.46309999719262124,47.18614934197194,46.8365388198694
2022-08-22,0.6600000262260437,0.7099999785423279,0.6600000262260437,0.6800000071525574,255700,0.46639999866485593,0.4629999972879887,41.5094399904371,42.548602611658296
2022-08-23,0.6399999856948853,0.6700000166893005,0.6399999856948853,0.6700000166893005,98800,0.47019999861717227,0.46264999732375145,36.11228999937979,38.3335111633057
2022-08-24,0.6499999761581421,0.6499999761581421,0.6299999952316284,0.6499999761581421,47500,0.47419999837875365,0.46244999721646307,37.07296043450705,40.555731445683385
2022-08-25,0.6499999761581421,0.6700000166893005,0.6399999856948853,0.6499999761581421,32500,0.4781999981403351,0.4624999971687794,35.92638617438675,40.54053624587128
2022-08-26,0.6499999761581421,0.6600000262260437,0.6000000238418579,0.6600000262260437,47300,0.4821999979019165,0.4624999971687794,34.79883429828583,40.54053624587128
2022-08-29,0.6499999761581421,0.6700000166893005,0.6200000047683716,0.6600000262260437,40100,0.4865999972820282,0.46264999702572823,33.57993830431714,40.494970352716805
2022-08-30,0.6399999856948853,0.6499999761581421,0.6299999952316284,0.6499999761581421,10700,0.49079999685287473,0.46259999707341193,30.39934592475877,38.34846297963139
2022-08-31,0.6100000143051147,0.6499999761581421,0.6000000238418579,0.6399999856948853,34800,0.4943999969959259,0.46244999721646307,23.381880665776265,31.90615590372392
2022-09-01,0.6200000047683716,0.6200000047683716,0.6000000238418579,0.6000000238418579,43600,0.4981999969482422,0.4625499971210957,24.448014565681177,34.03956515560316
2022-09-02,0.6499999761581421,0.6499999761581421,0.6100000143051147,0.6200000047683716,13700,0.5025999963283538,0.4627499969303608,29.327493216591737,40.464609501869006
2022-09-06,0.6299999952316284,0.6299999952316284,0.6200000047683716,0.6299999952316284,29800,0.5065999960899353,0.46264999702572823,24.3584682380823,36.172052152113984
2022-09-07,0.6399999856948853,0.6399999856948853,0.6100000143051147,0.6200000047683716,21600,0.5107999956607818,0.46294999703764916,25.29365527244525,38.243868622994626
2022-09-08,0.6299999952316284,0.6299999952316284,0.6000000238418579,0.6100000143051147,77900,0.5147999954223633,0.46314999714493754,22.377622539555418,36.02504569043041
2022-09-09,0.6700000166893005,0.6700000166893005,0.6100000143051147,0.6200000047683716,14400,0.5197999960184098,0.46354999735951424,28.89573332462494,44.5367318532569
2022-09-12,0.6299999952316284,0.6700000166893005,0.6299999952316284,0.6700000166893005,45900,0.5241999959945679,0.4637499974668026,20.183136216230892,35.84905631761792
2022-09-13,0.6200000047683716,0.6200000047683716,0.6200000047683716,0.6200000047683716,14000,0.5283999961614608,0.4638999976217747,17.33535376085069,33.64949513836122
2022-09-14,0.6100000143051147,0.6100000143051147,0.6100000143051147,0.6100000143051147,2000,0.5323999965190888,0.4642499975860119,14.575510573513629,31.39472643553427
2022-09-15,0.6200000047683716,0.6200000047683716,0.6000000238418579,0.6100000143051147,43500,0.5365999966859818,0.46464999750256536,15.542304993936739,33.43376909518836
2022-09-16,0.6299999952316284,0.6299999952316284,0.5600000023841858,0.6000000238418579,23600,0.5409999966621399,0.46509999737143515,16.451016472939074,35.45474065623395
2022-09-19,0.6299999952316284,0.6299999952316284,0.5799999833106995,0.5899999737739563,3700,0.5453999966382981,0.46564999744296076,15.511550992809386,35.29474899413041
2022-09-20,0.6299999952316284,0.6299999952316284,0.5799999833106995,0.5799999833106995,1500,0.5493999963998795,0.4661999975144863,14.670549574063774,35.135134832782214
2022-09-21,0.6200000047683716,0.6200000047683716,0.6200000047683716,0.6200000047683716,200,0.5531999963521957,0.46669999763369563,12.075200444080902,32.84765543431571
2022-09-22,0.6200000047683716,0.6200000047683716,0.550000011920929,0.5899999737739563,15800,0.5565999966859817,0.46729999765753744,11.390587218806324,32.67708278970309
2022-09-23,0.6100000143051147,0.6100000143051147,0.550000011920929,0.5899999737739563,52100,0.5583999973535537,0.46779999777674675,9.240690758615866,30.39760949212993
2022-09-26,0.5799999833106995,0.5899999737739563,0.5600000023841858,0.5600000023841858,6200,0.5609999972581864,0.46819999769330023,3.3868067995317386,23.878681368690447
2022-09-27,0.5899999737739563,0.5899999737739563,0.5799999833106995,0.5799999833106995,18100,0.5633999967575073,0.46859999760985377,4.7213307010184336,25.906951938394496
2022-09-28,0.6100000143051147,0.6200000047683716,0.5899999737739563,0.5899999737739563,8800,0.5661999970674515,0.46894999757409095,7.735785493556846,30.077837181082145
2022-09-29,0.6000000238418579,0.6000000238418579,0.550000011920929,0.550000011920929,33700,0.5687999975681305,0.4693499977886677,5.48523671011274,27.836375129166925
2022-09-30,0.6000000238418579,0.6000000238418579,0.6000000238418579,0.6000000238418579,0,0.5713999980688095,0.4697499980032444,5.005254789938651,27.72752025380827
2022-10-03,0.6000000238418579,0.6100000143051147,0.5400000214576721,0.5600000023841858,19100,0.5739999985694886,0.4701499982178211,4.529621138879114,27.618850604329293
2022-10-04,0.6000000238418579,0.6000000238418579,0.5400000214576721,0.550000011920929,17600,0.5765999990701676,0.47054999843239786,4.058276935384231,27.510365708365335
2022-10-05,0.550000011920929,0.6000000238418579,0.5400000214576721,0.5400000214576721,26000,0.5781999993324279,0.47069999858736994,-4.877202947778936,16.84725166168437
2022-10-06,0.6100000143051147,0.6200000047683716,0.550000011920929,0.5600000023841858,78500,0.5809999996423721,0.47114999875426294,4.9913966748009075,29.470448035227868
2022-10-07,0.6100000143051147,0.6100000143051147,0.5799999833106995,0.6000000238418579,17200,0.5837999999523162,0.4716999988257885,4.487840759667439,29.319486076658684
2022-10-10,0.6100000143051147,0.6100000143051147,0.5699999928474426,0.5899999737739563,8000,0.5866000002622604,0.47234999895095825,3.989092061437516,29.141529725809946
2022-10-11,0.6100000143051147,0.6100000143051147,0.5799999833106995,0.5899999737739563,25500,0.5894000005722045,0.4730499990284443,3.495082068698885,28.950431361999797
2022-10-12,0.6100000143051147,0.6100000143051147,0.6100000143051147,0.6100000143051147,1300,0.5922000008821487,0.4738499991595745,3.005743565763397,28.732724572547717
2022-10-13,0.6100000143051147,0.6100000143051147,0.6100000143051147,0.6100000143051147,0,0.5950000011920928,0.4744999992847443,2.521010602179685,28.55637834027853
2022-10-14,0.5899999737739563,0.5899999737739563,0.5899999737739563,0.5899999737739563,4500,0.5974000006914139,0.4749999991059303,-1.2387055421648752,24.210521028312606
2022-10-17,0.6100000143051147,0.6100000143051147,0.5600000023841858,0.5600000023841858,400,0.6002000010013581,0.4755999991297722,1.6327912841397119,28.25904445358718
2022-10-18,0.6100000143051147,0.6100000143051147,0.6100000143051147,0.6100000143051147,0,0.6030000013113022,0.47639999926090243,1.160864507228876,28.04366399065541
2022-10-19,0.6100000143051147,0.6100000143051147,0.5600000023841858,0.5699999928474426,11800,0.6058000016212464,0.4771999993920326,0.6933002100739882,27.829005675245888
2022-10-20,0.6000000238418579,0.6000000238418579,0.5600000023841858,0.5799999833106995,5100,0.6084000021219254,0.47794999957084655,-1.3806670366158347,25.536149049189373
2022-10-21,0.6100000143051147,0.6100000143051147,0.5699999928474426,0.5799999833106995,15100,0.6112000024318696,0.4786499996483326,-0.19633313514074713,27.441766374863864
2022-10-24,0.6100000143051147,0.6100000143051147,0.5799999833106995,0.5799999833106995,5600,0.6142000025510788,0.47934999972581865,-0.6838144299119775,27.255661761557537
2022-10-25,0.6200000047683716,0.6299999952316284,0.6000000238418579,0.6100000143051147,18300,0.6182000029087067,0.48009999975562095,0.2911682062755938,29.139763608407023
2022-10-26,0.6000000238418579,0.6000000238418579,0.6000000238418579,0.6000000238418579,3400,0.6190000033378601,0.4807499998807907,-3.0694635530771897,24.804997189940114
2022-10-27,0.6000000238418579,0.6000000238418579,0.6000000238418579,0.6000000238418579,0,0.6196000039577484,0.4813500000536442,-3.163327952016448,24.649428435647813
2022-10-28,0.6000000238418579,0.6000000238418579,0.5699999928474426,0.5899999737739563,14100,0.6188000047206879,0.4820500001311302,-3.038135219038307,24.46842105147644
2022-10-31,0.6000000238418579,0.6000000238418579,0.5600000023841858,0.5600000023841858,6500,0.6172000050544739,0.48275000020861625,-2.7867759351521637,24.287938598150816
2022-11-01,0.5899999737739563,0.6100000143051147,0.5699999928474426,0.5699999928474426,59900,0.6158000040054321,0.48325000002980234,-4.189676853468849,22.090010085374168
2022-11-02,0.6100000143051147,0.6399999856948853,0.6100000143051147,0.6200000047683716,72100,0.6152000045776367,0.4838000001013279,-0.8452519885938536,26.08516208709286
2022-11-03,0.6100000143051147,0.6100000143051147,0.6100000143051147,0.6100000143051147,3700,0.6144000053405761,0.48435000017285346,-0.71614436803632,25.941987010925914
2022-11-04,0.6399999856948853,0.6399999856948853,0.6100000143051147,0.6100000143051147,36100,0.614200005531311,0.48525000005960467,4.20058286083147,31.890774985321425
2022-11-07,0.6299999952316284,0.6399999856948853,0.6299999952316284,0.6399999856948853,8500,0.6138000059127807,0.48625,2.639294422090588,29.562981024499415
2022-11-08,0.6399999856948853,0.6399999856948853,0.6100000143051147,0.6200000047683716,12700,0.6136000061035156,0.48734999999403955,4.302473814988184,31.322455258584725
2022-11-09,0.6800000071525574,0.6800000071525574,0.6299999952316284,0.6299999952316284,38400,0.614400006532669,0.4886500000953674,10.677083320701474,39.158908629867014
2022-11-10,0.6800000071525574,0.6800000071525574,0.6200000047683716,0.6399999856948853,21300,0.615800006389618,0.4899500001966953,10.42546282831962,38.78967381968865
2022-11-11,0.6600000262260437,0.6800000071525574,0.6299999952316284,0.6299999952316284,4000,0.6166000068187714,0.490900000333786,7.038601837062308,34.44693945350961
2022-11-14,0.6600000262260437,0.6600000262260437,0.6600000262260437,0.6600000262260437,100,0.6168000078201294,0.4918500004708767,7.003893945882078,34.187257414696994
2022-11-15,0.5899999737739563,0.6399999856948853,0.5199999809265137,0.6399999856948853,152100,0.6160000073909759,0.4926500003039837,-4.220784627445207,19.760473644555752
2022-11-16,0.6200000047683716,0.6200000047683716,0.5899999737739563,0.5899999737739563,66800,0.6156000077724457,0.49370000034570694,0.7147493405413208,25.582338329800436
2022-11-17,0.6000000238418579,0.6200000047683716,0.5799999833106995,0.6200000047683716,3400,0.6150000083446503,0.4946500004827976,-2.4390218372787875,21.2978920966814
2022-11-18,0.6100000143051147,0.6100000143051147,0.6000000238418579,0.6000000238418579,1300,0.6138000082969666,0.4956500005722046,-0.6190931802681487,23.07071796648814
2022-11-21,0.6200000047683716,0.6200000047683716,0.5799999833106995,0.6000000238418579,1200,0.6136000084877015,0.4965500006079674,1.043024151261629,24.861545465563207
2022-11-22,0.6200000047683716,0.6200000047683716,0.6200000047683716,0.6200000047683716,4000,0.6136000084877015,0.4975500006973743,1.043024151261629,24.61059268402559
2022-11-23,0.6200000047683716,0.6200000047683716,0.5799999833106995,0.5899999737739563,35800,0.6138000082969666,0.4985500007867813,1.0101004215701037,24.360646633221393
2022-11-25,0.6200000047683716,0.6200000047683716,0.6000000238418579,0.6000000238418579,12900,0.6138000082969666,0.4995500008761883,1.0101004215701037,24.11170126732447
2022-11-28,0.5799999833106995,0.6200000047683716,0.5799999833106995,0.6200000047683716,8700,0.612800008058548,0.5004500007629394,-5.352484385854428,15.895690363969539
2022-11-29,0.5799999833106995,0.5799999833106995,0.5799999833106995,0.5799999833106995,100,0.6118000078201294,0.5013500006496906,-5.197780991003064,15.6876398841304
2022-11-30,0.5799999833106995,0.6000000238418579,0.5799999833106995,0.5799999833106995,6900,0.6108000075817108,0.5023500005900859,-5.042571036132648,15.457346995003851
2022-12-01,0.5799999833106995,0.6100000143051147,0.5799999833106995,0.6000000238418579,14600,0.6100000071525574,0.5031500005722046,-4.918036637720091,15.273771768080625
2022-12-02,0.5799999833106995,0.6200000047683716,0.5799999833106995,0.6000000238418579,15100,0.6092000067234039,0.5040000005066395,-4.793175162580421,15.079361652313871
2022-12-05,0.5799999833106995,0.5799999833106995,0.5799999833106995,0.5799999833106995,100,0.6086000061035156,0.5048500004410744,-4.699313589548604,14.885606180839538
2022-12-06,0.5799999833106995,0.6100000143051147,0.5799999833106995,0.6100000143051147,6100,0.6086000061035156,0.5058000004291534,-4.699313589548604,14.669826575442869
2022-12-07,0.5799999833106995,0.6000000238418579,0.5799999833106995,0.6000000238418579,8000,0.6084000062942505,0.5067500004172325,-4.667985320469481,14.454856010489703
2022-12-08,0.5600000023841858,0.6000000238418579,0.5099999904632568,0.5099999904632568,59600,0.6074000060558319,0.5074000003933906,-7.803754230995041,10.366575078836027
2022-12-09,0.5600000023841858,0.6000000238418579,0.5600000023841858,0.6000000238418579,700,0.6066000056266785,0.5082500004768371,-7.682163338318837,10.181997414421474
2022-12-12,0.5699999928474426,0.6000000238418579,0.5699999928474426,0.6000000238418579,200,0.6060000050067902,0.509100000411272,-5.9405960168175564,11.96228489235378
2022-12-13,0.5699999928474426,0.6000000238418579,0.5699999928474426,0.6000000238418579,22300,0.6054000043869019,0.5099500003457069,-5.847375500981277,11.77566280243678
2022-12-14,0.6000000238418579,0.6000000238418579,0.5799999833106995,0.6000000238418579,600,0.6054000043869019,0.5110000005364418,-0.8919690297182314,17.41683428805967
2022-12-15,0.5899999737739563,0.5899999737739563,0.5699999928474426,0.5799999833106995,2100,0.6062000036239624,0.5118000003695488,-2.672390259511659,15.279400810461642
2022-12-16,0.5899999737739563,0.5899999737739563,0.5600000023841858,0.5699999928474426,2100,0.6058000028133392,0.5126000002026558,-2.6081262736889266,15.099487620113239
2022-12-19,0.5600000023841858,0.5699999928474426,0.5600000023841858,0.5699999928474426,14000,0.6048000025749206,0.512950000166893,-7.407407407407396,9.17243438970361
2022-12-20,0.5600000023841858,0.5600000023841858,0.5600000023841858,0.5600000023841858,4500,0.6038000023365021,0.5133000001311302,-7.254057599010455,9.097993812804472
2022-12-21,0.5600000023841858,0.5600000023841858,0.5600000023841858,0.5600000023841858,15400,0.6028000020980835,0.5136500000953674,-7.100198998827068,9.023654683191417
2022-12-22,0.5699999928474426,0.5699999928474426,0.5699999928474426,0.5699999928474426,1000,0.6020000016689301,0.5140500000119209,-5.315616068567031,10.884153843833122
2022-12-23,0.5699999928474426,0.5699999928474426,0.5699999928474426,0.5699999928474426,0,0.6012000012397766,0.5147499999403954,-5.189622143711614,10.733364334812002
2022-12-27,0.5299999713897705,0.5699999928474426,0.5299999713897705,0.5699999928474426,5500,0.6000000011920928,0.5152499997615814,-11.666671610540803,2.8626825104346
2022-12-28,0.5600000023841858,0.5600000023841858,0.5400000214576721,0.5400000214576721,10400,0.5990000009536743,0.5158499997854232,-6.5108511698491185,8.558690048876127
2022-12-29,0.5600000023841858,0.5600000023841858,0.5299999713897705,0.5299999713897705,11000,0.5980000007152557,0.5163999998569488,-6.354514763481422,8.443067881354537
2022-12-30,0.5600000023841858,0.5600000023841858,0.5600000023841858,0.5600000023841858,0,0.5970000004768372,0.5169999998807907,-6.1976546169344555,8.317215186326887
2023-01-03,0.5699999928474426,0.5699999928474426,0.5199999809265137,0.5299999713897705,12100,0.5963999998569488,0.5173499998450279,-4.426560532501411,10.176861509265667
2023-01-04,0.5799999833106995,0.5799999833106995,0.550000011920929,0.550000011920929,15500,0.5957999992370605,0.5178999997675419,-2.651899286101611,11.990728629278058
2023-01-05,0.5799999833106995,0.5799999833106995,0.5799999833106995,0.5799999833106995,0,0.5951999986171722,0.5184499996900559,-2.5537660184453803,11.871922780873746
2023-01-06,0.550000011920929,0.550000011920929,0.550000011920929,0.550000011920929,7000,0.5937999987602234,0.5185999998450279,-7.376218748862085,6.0547651533521485
2023-01-09,0.5600000023841858,0.5600000023841858,0.5600000023841858,0.5600000023841858,200,0.59299999833107,0.5190499998629093,-5.564923446839609,7.889413839146919
2023-01-10,0.5600000023841858,0.5699999928474426,0.5199999809265137,0.550000011920929,27400,0.5921999979019165,0.5194999998807908,-5.437351508242294,7.79595813526246
2023-01-11,0.5600000023841858,0.5600000023841858,0.5600000023841858,0.5600000023841858,0,0.5913999974727631,0.5199499998986721,-5.309434430632276,7.70266419719563
2023-01-12,0.5799999833106995,0.5799999833106995,0.5699999928474426,0.5799999833106995,3700,0.5909999966621399,0.5209499998390674,-1.8612543846982188,11.3350577771137
2023-01-13,0.5799999833106995,0.5799999833106995,0.5799999833106995,0.5799999833106995,0,0.5907999968528748,0.5219499997794628,-1.8280320920287307,11.121751806832902
2023-01-17,0.5600000023841858,0.5799999833106995,0.5600000023841858,0.5600000023841858,21200,0.5897999966144561,0.5224999998509884,-5.052559240645471,7.177033979692249
2023-01-18,0.4699999988079071,0.5899999737739563,0.4699999988079071,0.5899999737739563,31800,0.586999996304512,0.5224999998509884,-19.931856598498175,-10.047847092450478
2023-01-19,0.5400000214576721,0.550000011920929,0.49000000953674316,0.5299999713897705,16000,0.5849999970197678,0.5228499999642372,-7.69230355407593,3.2801035659573374
2023-01-20,0.5299999713897705,0.5299999713897705,0.5299999713897705,0.5299999713897705,7000,0.5829999965429306,0.5231999997794629,-9.090913459252015,1.2996887639858512
2023-01-23,0.5400000214576721,0.5400000214576721,0.5400000214576721,0.5400000214576721,2700,0.5809999972581863,0.5235999998450279,-7.056794491221741,3.132166084319743
2023-01-24,0.5299999713897705,0.5299999713897705,0.5299999713897705,0.5299999713897705,7000,0.5779999965429305,0.5242499996721744,-8.304502671323954,1.0967995653202944
2023-01-25,0.5299999713897705,0.5299999713897705,0.5199999809265137,0.5299999713897705,3000,0.5749999958276749,0.524899999499321,-7.826091263379887,0.9716082864001052
2023-01-26,0.5299999713897705,0.5299999713897705,0.5299999713897705,0.5299999713897705,200,0.5723999947309494,0.5255499993264675,-7.407411553368126,0.8467266804311535
2023-01-27,0.5299999713897705,0.5299999713897705,0.5299999713897705,0.5299999713897705,3500,0.569799993634224,0.526199999153614,-6.984910966847535,0.7221535998230166
2023-01-30,0.5299999713897705,0.5299999713897705,0.5299999713897705,0.5299999713897705,1500,0.5685999935865402,0.5268499989807606,-6.788607568089045,0.5978879026485417
2023-01-31,0.5899999737739563,0.5899999737739563,0.5299999713897705,0.5299999713897705,42300,0.5679999929666519,0.5277999988198281,3.873236105584965,11.784762238197931
2023-02-01,0.5699999928474426,0.5899999737739563,0.5600000023841858,0.5699999928474426,5000,0.5673999923467636,0.5286499987542629,0.45823061962433354,7.821809172537386
2023-02-02,0.5899999737739563,0.5899999737739563,0.5600000023841858,0.5699999928474426,10200,0.5669999915361404,0.5295999985933304,4.056434317662561,11.404829180712639
2023-02-03,0.5899999737739563,0.5899999737739563,0.550000011920929,0.5699999928474426,61300,0.5663999909162521,0.5305499984323978,4.166663706955043,11.205348321027952
2023-02-06,0.5600000023841858,0.5600000023841858,0.5600000023841858,0.5600000023841858,18700,0.5651999908685684,0.5313499984145165,-0.9200262859862307,5.39192698883173
2023-02-07,0.5400000214576721,0.550000011920929,0.5400000214576721,0.5400000214576721,22300,0.5635999912023544,0.5320499984920025,-4.187361624036812,1.4942247886857496
2023-02-08,0.5400000214576721,0.5400000214576721,0.5400000214576721,0.5400000214576721,0,0.5619999915361404,0.5327499985694886,-3.91458548216963,1.360867744279859
2023-02-09,0.4699999988079071,0.5199999809265137,0.4699999988079071,0.5199999809265137,15000,0.5597999918460846,0.5330999985337257,-16.041442362662227,-11.836428418565582
2023-02-10,0.5199999809265137,0.5199999809265137,0.47999998927116394,0.47999998927116394,7600,0.5585999917984009,0.533699998408556,-6.910134521773859,-2.5669884809620513
2023-02-13,0.49000000953674316,0.5199999809265137,0.49000000953674316,0.5,41900,0.5567999923229218,0.5341499984264374,-11.997123510633468,-8.265466445709357
2023-02-14,0.49000000953674316,0.5,0.49000000953674316,0.5,8600,0.5549999928474426,0.5345999984443188,-11.711708855565073,-8.342684069839358
2023-02-15,0.550000011920929,0.550000011920929,0.5,0.5,18500,0.5543999934196472,0.5351999984681606,-0.7936474658988169,2.765323896698191
2023-02-16,0.550000011920929,0.5600000023841858,0.550000011920929,0.550000011920929,14000,0.5537999939918518,0.5358499985933304,-0.6861650617819848,2.6406668591479
2023-02-17,0.550000011920929,0.550000011920929,0.550000011920929,0.550000011920929,0,0.5531999945640564,0.5364999987185002,-0.5784495073340001,2.5163118797158157
2023-02-21,0.5899999737739563,0.5899999737739563,0.5899999737739563,0.5899999737739563,200,0.5533999943733215,0.537349998652935,6.6136573496140105,9.7980785806286
2023-02-22,0.5299999713897705,0.5299999713897705,0.5299999713897705,0.5299999713897705,2200,0.5527999937534332,0.537899998575449,-4.124461400379875,-1.4686795327385371
2023-02-23,0.5899999737739563,0.5899999737739563,0.5899999737739563,0.5899999737739563,100,0.5533999931812287,0.5387499985098839,6.613657579273191,9.512756455837312
2023-02-24,0.5899999737739563,0.5899999737739563,0.5899999737739563,0.5899999737739563,0,0.5537999927997589,0.5395999984443187,6.536652481916239,9.340247493502973
2023-02-27,0.5899999737739563,0.5899999737739563,0.5899999737739563,0.5899999737739563,200,0.5541999924182892,0.5404499983787536,6.459758543021876,9.168281162705716
2023-02-28,0.5899999737739563,0.5899999737739563,0.5899999737739563,0.5899999737739563,0,0.5539999914169311,0.5412999983131885,6.498191861871749,8.996854907173057
2023-03-01,0.5199999809265137,0.5299999713897705,0.5199999809265137,0.5299999713897705,22200,0.5525999915599823,0.5417999982833862,-5.899386741110735,-4.023628170162919
2023-03-02,0.5,0.5099999904632568,0.4699999988079071,0.5,24200,0.5507999920845031,0.5421999983489514,-9.222947134085913,-7.78310558418559
2023-03-03,0.5,0.5,0.4699999988079071,0.5,10900,0.5495999920368194,0.5425999984145164,-9.024743951141934,-7.851087087908981
2023-03-06,0.5,0.5,0.5,0.5,0,0.5483999919891357,0.5430999983847141,-8.825673358159813,-7.935923128871658
2023-03-07,0.5,0.5,0.49000000953674316,0.5,52200,0.5471999919414521,0.5435999983549118,-8.625729648494273,-8.020603106485979
2023-03-08,0.5199999809265137,0.5199999809265137,0.5099999904632568,0.5099999904632568,4500,0.5461999917030335,0.5441999982297421,-4.796779782956239,-4.446897718109144
2023-03-09,0.4699999988079071,0.5199999809265137,0.4399999976158142,0.5199999809265137,110300,0.5441999918222428,0.5445499981939793,-13.634692048759224,-13.690202852505761
2023-03-10,0.4699999988079071,0.4699999988079071,0.4699999988079071,0.4699999988079071,0,0.5429999923706055,0.5448999981582164,-13.443829574287513,-13.745641329321767
2023-03-13,0.49000000953674316,0.49000000953674316,0.49000000953674316,0.49000000953674316,400,0.5415999925136566,0.5451999981701374,-9.527323428759537,-10.124722820737853
2023-03-14,0.49000000953674316,0.49000000953674316,0.46000000834465027,0.46000000834465027,3500,0.5401999926567078,0.5456499981880188,-9.292851499882616,-10.19884336774064
2023-03-15,0.44999998807907104,0.44999998807907104,0.41999998688697815,0.4300000071525574,3000,0.5379999923706055,0.5458999980986118,-16.356878353060445,-17.567321918586508
2023-03-16,0.49000000953674316,0.49000000953674316,0.44999998807907104,0.46000000834465027,1300,0.5363999927043914,0.5463499981164932,-8.650257978884646,-10.313899290567042
2023-03-17,0.49000000953674316,0.49000000953674316,0.49000000953674316,0.49000000953674316,23000,0.5345999932289124,0.546699998229742,-8.342683175656497,-10.371316787378436
2023-03-20,0.4399999976158142,0.49000000953674316,0.41999998688697815,0.44999998807907104,24600,0.5317999935150146,0.5467999982833862,-17.262128059166393,-19.531821690354413
2023-03-21,0.46000000834465027,0.46000000834465027,0.46000000834465027,0.46000000834465027,500,0.529999993443489,0.5469999983906746,-13.207544521659031,-15.904934241679424
2023-03-22,0.46000000834465027,0.46000000834465027,0.46000000834465027,0.46000000834465027,0,0.5279999935626983,0.5472999984025955,-12.878785236192103,-15.951030570573298
2023-03-23,0.46000000834465027,0.46000000834465027,0.46000000834465027,0.46000000834465027,0,0.5259999936819076,0.5475999984145165,-12.547525880232257,-15.9970763921653
2023-03-24,0.4699999988079071,0.4699999988079071,0.4300000071525574,0.4300000071525574,29600,0.524199993610382,0.5478499984741211,-10.339564186023198,-14.210093982484773
2023-03-27,0.49000000953674316,0.49000000953674316,0.49000000953674316,0.49000000953674316,700,0.5223999941349029,0.5481499984860421,-6.202141072343292,-10.608408120022938
2023-03-28,0.49000000953674316,0.49000000953674316,0.41999998688697815,0.4300000071525574,16600,0.5205999946594239,0.5483999985456467,-5.8778304718768215,-10.649159220237037
2023-03-29,0.49000000953674316,0.49000000953674316,0.49000000953674316,0.49000000953674316,0,0.519199994802475,0.5485999986529351,-5.624034198390304,-10.681733368589462
2023-03-30,0.49000000953674316,0.49000000953674316,0.49000000953674316,0.49000000953674316,9900,0.5195999950170517,0.5487999987602233,-5.696687021588042,-10.71428377483844
2023-03-31,0.5199999809265137,0.5199999809265137,0.49000000953674316,0.5,22800,0.5191999942064285,0.5491499987244606,0.154080648885202,-5.308206840691099
2023-04-03,0.5,0.5,0.5,0.5,2700,0.5185999947786332,0.5493999987840652,-3.5865782811225544,-8.991627028284954
2023-04-04,0.5,0.5,0.5,0.5,0,0.5177999943494797,0.5497499987483024,-3.437619649231949,-9.049567778367562
2023-04-05,0.49000000953674316,0.49000000953674316,0.41999998688697815,0.41999998688697815,400,0.5169999951124191,0.5500499987602234,-5.222434396697617,-10.917187411840557
2023-04-06,0.49000000953674316,0.49000000953674316,0.49000000953674316,0.49000000953674316,0,0.5161999958753586,0.5503499987721443,-5.075549505610932,-10.9657471372844
2023-04-10,0.49000000953674316,0.49000000953674316,0.49000000953674316,0.49000000953674316,0,0.515399996638298,0.5506499987840653,-4.928208627711794,-11.01425395101212
2023-04-11,0.49000000953674316,0.49000000953674316,0.41999998688697815,0.41999998688697815,2700,0.5145999974012375,0.5509499987959862,-4.780409636363359,-11.062707939457217
2023-04-12,0.46000000834465027,0.46000000834465027,0.41999998688697815,0.41999998688697815,2100,0.5131999981403351,0.5510999988019466,-10.366326965795746,-16.53057351757239
2023-04-13,0.41999998688697815,0.4399999976158142,0.41999998688697815,0.4300000071525574,7700,0.5097999984025955,0.5510499987006188,-17.61475319674307,-23.78187317351562
2023-04-14,0.41999998688697815,0.4399999976158142,0.41999998688697815,0.41999998688697815,5500,0.5067999982833862,0.5509999985992908,-17.127074129915897,-23.77495681403461
2023-04-17,0.4300000071525574,0.4399999976158142,0.4300000071525574,0.4300000071525574,25800,0.5035999989509583,0.5510499987006188,-14.614772031714852,-21.96715213383512
2023-04-18,0.4300000071525574,0.4300000071525574,0.4000000059604645,0.4300000071525574,37300,0.5003999996185303,0.551149998754263,-14.068743509120896,-21.9813103285013
2023-04-19,0.44999998807907104,0.44999998807907104,0.3799999952316284,0.3799999952316284,3500,0.498199999332428,0.5513499987125396,-9.674831657555883,-18.38215486898187
2023-04-20,0.44999998807907104,0.44999998807907104,0.44999998807907104,0.44999998807907104,0,0.49639999866485596,0.5515499986708164,-9.347302721713312,-18.411750672916572
2023-04-21,0.4300000071525574,0.4300000071525574,0.4300000071525574,0.4300000071525574,1000,0.49419999837875367,0.5516499987244606,-12.990690294780938,-22.052024264150372
2023-04-24,0.4300000071525574,0.4300000071525574,0.3799999952316284,0.3799999952316284,5500,0.49339999854564665,0.5517499987781048,-12.849613210370503,-22.066151680140045
2023-04-25,0.3499999940395355,0.3799999952316284,0.3499999940395355,0.3799999952316284,7700,0.4899999988079071,0.5514499987661838,-28.571429614075427,-36.53096476151478
2023-04-26,0.3499999940395355,0.36000001430511475,0.3499999940395355,0.36000001430511475,7700,0.48719999849796297,0.5510499987006188,-28.160920542162337,-36.48489340988314
2023-04-27,0.3100000023841858,0.3499999940395355,0.28999999165534973,0.30000001192092896,51500,0.4835999983549118,0.5504499986767769,-35.897435186366934,-43.68244107014393
2023-04-28,0.3700000047683716,0.3700000047683716,0.25,0.3100000023841858,60300,0.4799999982118607,0.5500499987602234,-22.916665386098124,-32.73338685531728
2023-05-01,0.3199999928474426,0.33000001311302185,0.25,0.3100000023841858,34300,0.47539999783039094,0.5490499988198281,-32.688263713116505,-41.717513243734416
2023-05-02,0.3199999928474426,0.3199999928474426,0.2800000011920929,0.2800000011920929,700,0.4707999974489212,0.5483999988436699,-32.03058738712916,-41.64843298282651
2023-05-03,0.30000001192092896,0.30000001192092896,0.25,0.30000001192092896,53800,0.46499999821186067,0.547549998909235,-35.483868156007034,-45.21048077462261
2023-05-04,0.30000001192092896,0.30000001192092896,0.25999999046325684,0.28999999165534973,77100,0.46039999902248385,0.5466999989748001,-34.83926747222292,-45.12529495454466
2023-05-05,0.28999999165534973,0.28999999165534973,0.2800000011920929,0.2800000011920929,11400,0.4543999993801117,0.5457999989390373,-36.17957921413621,-46.86698566891331
2023-05-08,0.28999999165534973,0.28999999165534973,0.27000001072883606,0.27000001072883606,12400,0.4483999997377396,0.5448999989032746,-35.32560396410235,-46.77922697026327
2023-05-09,0.28999999165534973,0.28999999165534973,0.28999999165534973,0.28999999165534973,0,0.44240000009536745,0.5439999988675117,-34.44846482982936,-46.691177893554055
2023-05-10,0.25,0.28999999165534973,0.25,0.27000001072883606,22600,0.4356000006198883,0.5428999988734722,-42.60789723502455,-53.95100377256313
2023-05-11,0.2800000011920929,0.30000001192092896,0.25999999046325684,0.2800000011920929,53600,0.4308000010251999,0.5419499988853932,-35.00464240349105,-48.334716898614694
2023-05-12,0.30000001192092896,0.30000001192092896,0.2800000011920929,0.2800000011920929,9000,0.42680000126361844,0.5410999989509583,-29.709463206952957,-44.55738079790331
2023-05-15,0.30000001192092896,0.30000001192092896,0.25999999046325684,0.2800000011920929,6500,0.42280000150203706,0.5402499990165234,-29.044462900863177,-44.47015039943507
2023-05-16,0.3799999952316284,0.3799999952316284,0.27000001072883606,0.30000001192092896,120200,0.4204000014066696,0.539799998998642,-9.609896774467575,-29.60355762568565
2023-05-17,0.3799999952316284,0.3799999952316284,0.3799999952316284,0.3799999952316284,0,0.41800000131130216,0.5393499989807605,-9.09091051685752,-29.544823222446393
2023-05-18,0.4000000059604645,0.4000000059604645,0.4000000059604645,0.4000000059604645,1000,0.4156000018119812,0.5389999990165234,-3.7536082250967384,-25.7884959758224
2023-05-19,0.4399999976158142,0.4399999976158142,0.38999998569488525,0.4000000059604645,22700,0.41500000178813934,0.5388499990105629,6.024095354206183,-18.344623100353928
2023-05-22,0.4399999976158142,0.4399999976158142,0.4000000059604645,0.4399999976158142,19700,0.4144000017642975,0.5386999990046024,6.17760515022332,-18.321886313562985
2023-05-23,0.4399999976158142,0.4399999976158142,0.4399999976158142,0.4399999976158142,0,0.4134000015258789,0.538549998998642,6.434445087506879,-18.29913686121394
2023-05-24,0.4300000071525574,0.4300000071525574,0.3799999952316284,0.3799999952316284,400,0.4122000014781952,0.5383499990403652,4.318293452336097,-20.126310407903205
2023-05-25,0.4399999976158142,0.4399999976158142,0.3799999952316284,0.38999998569488525,1800,0.41200000166893,0.5381999990344047,6.796115493558674,-18.24600549884301
2023-05-26,0.4000000059604645,0.4399999976158142,0.3400000035762787,0.3799999952316284,55900,0.4102000015974045,0.5378499990701675,-2.486590833061708,-25.62982120442827
2023-05-30,0.4000000059604645,0.4000000059604645,0.4000000059604645,0.4000000059604645,2500,0.4084000015258789,0.5374999991059304,-2.0568059583815024,-25.581394116126766
2023-05-31,0.4000000059604645,0.4000000059604645,0.4000000059604645,0.4000000059604645,0,0.4076000016927719,0.5371999990940094,-1.8645720561198398,-25.539834952519247
2023-06-01,0.4099999964237213,0.4099999964237213,0.3499999940395355,0.3499999940395355,26200,0.4066000014543533,0.5371499991416931,0.8362014159386755,-23.671228320049075
2023-06-02,0.4099999964237213,0.4099999964237213,0.4099999964237213,0.4099999964237213,0,0.40560000121593476,0.5363999991118908,1.0848114385098473,-23.564504641582406
2023-06-05,0.4099999964237213,0.4099999964237213,0.4099999964237213,0.4099999964237213,0,0.4046000009775162,0.5355999991297722,1.3346503789319675,-23.45033661503402
2023-06-06,0.4099999964237213,0.4099999964237213,0.4099999964237213,0.4099999964237213,1000,0.40340000092983247,0.5344499991834164,1.6360920869300744,-23.285621283532908
2023-06-07,0.4099999964237213,0.4099999964237213,0.4099999964237213,0.4099999964237213,0,0.40180000066757204,0.5330999991297722,2.0408152669301627,-23.091353012004934
2023-06-08,0.4099999964237213,0.4099999964237213,0.4099999964237213,0.4099999964237213,0,0.40020000040531156,0.5318499989807606,2.4487746148137424,-22.910595617289285
2023-06-09,0.4099999964237213,0.4099999964237213,0.4099999964237213,0.4099999964237213,0,0.39860000014305114,0.5306999990344048,2.8600091009982176,-22.743546792970427
2023-06-12,0.4099999964237213,0.4099999964237213,0.4099999964237213,0.4099999964237213,0,0.3969999998807907,0.5294999991357326,3.274558324139587,-22.568461361107307
2023-06-13,0.4099999964237213,0.4099999964237213,0.3799999952316284,0.3799999952316284,700,0.39480000019073486,0.5282999992370605,3.850049702543834,-22.392580538364758
2023-06-14,0.4099999964237213,0.4099999964237213,0.4099999964237213,0.4099999964237213,0,0.39300000011920927,0.5270999993383885,4.32569880390723,-22.215898892363896
2023-06-15,0.4099999964237213,0.4099999964237213,0.4099999964237213,0.4099999964237213,0,0.39120000004768374,0.5258999994397163,4.805725044413611,-22.038410941143304
2023-06-16,0.4099999964237213,0.4099999964237213,0.4099999964237213,0.4099999964237213,0,0.38959999978542326,0.5247499994933605,5.236138770414156,-21.867556585122227
2023-06-20,0.4000000059604645,0.4000000059604645,0.3499999940395355,0.3499999940395355,8100,0.3877999997138977,0.5236999994516373,3.1459531344939062,-23.620392136852818
2023-06-21,0.4000000059604645,0.4000000059604645,0.3799999952316284,0.3799999952316284,1500,0.38599999964237214,0.5225999994575977,3.6269446453531806,-23.459623732181168
2023-06-22,0.38999998569488525,0.38999998569488525,0.38999998569488525,0.38999998569488525,800,0.38399999916553496,0.5212999995052815,1.5624964954137566,-25.187035092077725
2023-06-23,0.3799999952316284,0.38999998569488525,0.3799999952316284,0.38999998569488525,1500,0.38239999890327453,0.5200499995052814,-0.6276160247200124,-26.93010372211926
2023-06-26,0.3799999952316284,0.3799999952316284,0.3799999952316284,0.3799999952316284,0,0.38159999907016756,0.5187499995529652,-0.4192882186681901,-26.74698880788533
2023-06-27,0.3799999952316284,0.3799999952316284,0.3799999952316284,0.3799999952316284,0,0.38079999923706054,0.5174999995529652,-0.2100850858810288,-26.570049167171817
2023-06-28,0.3799999952316284,0.3799999952316284,0.3799999952316284,0.3799999952316284,600,0.379799998998642,0.5160499994456768,0.052658302662922374,-26.363725290221605
2023-06-29,0.4000000059604645,0.4000000059604645,0.3499999940395355,0.3799999952316284,6000,0.3791999989748001,0.514899999499321,5.485233924551425,-22.31501139067451
2023-06-30,0.3799999952316284,0.3799999952316284,0.3799999952316284,0.3799999952316284,200,0.3777999991178513,0.5136999994516372,0.5823176598501956,-26.026864777638792
2023-07-03,0.4000000059604645,0.4000000059604645,0.3700000047683716,0.3700000047683716,2600,0.37679999947547915,0.5126499994099141,6.157114256178531,-21.97405512125532
2023-07-05,0.4000000059604645,0.4000000059604645,0.4000000059604645,0.4000000059604645,0,0.3761999994516373,0.5115499994158745,6.326423855268182,-21.806273791962873
2023-07-06,0.4000000059604645,0.4000000059604645,0.4000000059604645,0.4000000059604645,0,0.37559999942779543,0.5103999994695186,6.496274379616884,-21.630092794631228
2023-07-07,0.4000000059604645,0.4000000059604645,0.4000000059604645,0.4000000059604645,0,0.376599999666214,0.5092499995231629,6.21349078996023,-21.45311608541871
2023-07-10,0.4000000059604645,0.4000000059604645,0.4000000059604645,0.4000000059604645,100,0.37759999990463256,0.5080999995768071,5.932204995097812,-21.275338261440336
2023-07-11,0.4000000059604645,0.4000000059604645,0.3499999940395355,0.4000000059604645,4200,0.37939999997615814,0.5069999995827675,5.429627302477824,-21.104535248591326
2023-07-12,0.4000000059604645,0.4000000059604645,0.4000000059604645,0.4000000059604645,0,0.38,0.505899999588728,5.2631594632801315,-20.932989467158535
2023-07-13,0.41999998688697815,0.44999998807907104,0.3700000047683716,0.3700000047683716,63700,0.3819999998807907,0.5049499994516373,9.947640580640304,-16.823450372692882
2023-07-14,0.41999998688697815,0.41999998688697815,0.41999998688697815,0.41999998688697815,300,0.38399999976158145,0.5041499994695187,9.374996653059497,-16.69146338809593
2023-07-17,0.41999998688697815,0.41999998688697815,0.41999998688697815,0.41999998688697815,500,0.3863999992609024,0.5032999995350838,8.695648988184534,-16.5507674796449
2023-07-18,0.41999998688697815,0.41999998688697815,0.3799999952316284,0.38999998569488525,6100,0.38879999876022336,0.5023499993979931,8.024688329795016,-16.39295563047709
2023-07-19,0.41999998688697815,0.41999998688697815,0.41999998688697815,0.41999998688697815,0,0.391399998664856,0.5014499992132186,7.307099723986332,-16.24289808635688
2023-07-20,0.41999998688697815,0.4399999976158142,0.4099999964237213,0.4099999964237213,18000,0.39399999856948853,0.5005499990284443,6.598981830428641,-16.092300928540972
2023-07-21,0.4000000059604645,0.41999998688697815,0.4000000059604645,0.4099999964237213,13000,0.3961999988555908,0.49954999893903734,0.9591133558429776,-19.92793377840072
2023-07-24,0.4000000059604645,0.4000000059604645,0.4000000059604645,0.4000000059604645,0,0.39919999897480013,0.49854999884963036,0.20040255203379598,-19.76732386251393
2023-07-25,0.3499999940395355,0.4000000059604645,0.3499999940395355,0.3499999940395355,70800,0.40059999883174896,0.4975499987602234,-12.631054652964524,-29.655312046698324
2023-07-26,0.38999998569488525,0.4000000059604645,0.3499999940395355,0.3499999940395355,17900,0.4023999983072281,0.49644999861717226,-3.0815140816366493,-21.442242565977697
2023-07-27,0.4000000059604645,0.41999998688697815,0.3700000047683716,0.41999998688697815,500,0.4043999981880188,0.495399998575449,-1.0880297347352186,-19.2571644911814
2023-07-28,0.4000000059604645,0.4000000059604645,0.4000000059604645,0.4000000059604645,100,0.4047999984025955,0.49434999853372574,-1.1857688886048767,-19.085666603238494
2023-07-31,0.3499999940395355,0.4000000059604645,0.3499999940395355,0.3499999940395355,4800,0.40419999837875364,0.49304999843239783,-13.409204491987714,-29.013285639930064
2023-08-01,0.4000000059604645,0.4000000059604645,0.4000000059604645,0.4000000059604645,500,0.40419999837875364,0.4919999983906746,-1.0390876880592148,-18.699185514459526
2023-08-02,0.4000000059604645,0.4000000059604645,0.4000000059604645,0.4000000059604645,0,0.4033999985456467,0.49094999834895137,-0.8428340598512607,-18.52530658811462
2023-08-03,0.4000000059604645,0.4000000059604645,0.4000000059604645,0.4000000059604645,2500,0.40259999871253965,0.4899999985098839,-0.6458004869323353,-18.367345474104933
2023-08-04,0.4000000059604645,0.4000000059604645,0.4000000059604645,0.4000000059604645,100,0.4017999988794327,0.4889499984681606,-0.44798231059933746,-18.19204270096513
2023-08-07,0.4000000059604645,0.4000000059604645,0.3499999940395355,0.3499999940395355,800,0.4011999988555908,0.4878999984264374,-0.2991009218717089,-18.015985396488155
2023-08-08,0.4000000059604645,0.4000000059604645,0.4000000059604645,0.4000000059604645,0,0.4003999990224838,0.4868499983847141,-0.09989836738157898,-17.839168678731276
2023-08-09,0.4000000059604645,0.4000000059604645,0.4000000059604645,0.4000000059604645,100,0.4003999990224838,0.4858499982953072,-0.09989836738157898,-17.670061260895952
2023-08-10,0.38999998569488525,0.38999998569488525,0.3799999952316284,0.3799999952316284,1200,0.40019999861717226,0.484749998152256,-2.5487288749454162,-19.54616045766555
2023-08-11,0.3700000047683716,0.38999998569488525,0.36000001430511475,0.36000001430511475,3200,0.3995999985933304,0.4835499981045723,-7.40740588817731,-23.482575489876112
2023-08-14,0.38999998569488525,0.38999998569488525,0.3499999940395355,0.3499999940395355,2300,0.39919999837875364,0.48239999800920486,-2.3046124051181893,-19.154231487487795
2023-08-15,0.3700000047683716,0.4000000059604645,0.30000001192092896,0.3700000047683716,60200,0.39839999854564667,0.48124999791383744,-7.128512520318486,-23.116881792773313
2023-08-16,0.36000001430511475,0.36000001430511475,0.36000001430511475,0.36000001430511475,20500,0.39739999890327454,0.4800499978661537,-9.411168772363986,-25.007808373016804
2023-08-17,0.3400000035762787,0.3700000047683716,0.3400000035762787,0.36000001430511475,28500,0.39599999904632566,0.4787499977648258,-14.141413031542927,-28.981722159026447
2023-08-18,0.3100000023841858,0.3400000035762787,0.28999999165534973,0.3400000035762787,61600,0.39399999916553496,0.47729999765753744,-21.319796182552142,-35.05132958190151
2023-08-21,0.3100000023841858,0.3100000023841858,0.27000001072883606,0.27000001072883606,35200,0.39199999928474427,0.4758999978005886,-20.918366594433234,-34.860263959471204
2023-08-22,0.3100000023841858,0.3100000023841858,0.27000001072883606,0.2800000011920929,64500,0.3899999994039536,0.47439999774098396,-20.51281978000864,-34.654299354899734
2023-08-23,0.30000001192092896,0.30000001192092896,0.28999999165534973,0.28999999165534973,17000,0.3877999997138977,0.47284999772906305,-22.640533227886507,-36.554930028185154
2023-08-24,0.28999999165534973,0.28999999165534973,0.28999999165534973,0.28999999165534973,5000,0.3853999996185303,0.47109999775886535,-24.753504944890416,-38.44194586394638
2023-08-25,0.3499999940395355,0.3499999940395355,0.28999999165534973,0.3100000023841858,13400,0.38419999957084655,0.4696999977529049,-8.90161519248116,-25.484352626362995
2023-08-28,0.3499999940395355,0.3499999940395355,0.3400000035762787,0.3400000035762787,9500,0.3829999995231628,0.46824999779462817,-8.61618943203981,-25.253604764982065
2023-08-29,0.3700000047683716,0.3700000047683716,0.3400000035762787,0.3400000035762787,39600,0.38219999969005586,0.4666999977827072,-3.192044723071119,-20.71994717672113
2023-08-30,0.36000001430511475,0.3700000047683716,0.3499999940395355,0.3499999940395355,2500,0.38139999985694883,0.46509999781847,-5.6109033979707785,-22.597287466420525
2023-08-31,0.4000000059604645,0.4000000059604645,0.36000001430511475,0.36000001430511475,45500,0.38139999985694883,0.4637999977171421,4.876771397611934,-13.755927570225502
2023-09-01,0.4000000059604645,0.4000000059604645,0.38999998569488525,0.4000000059604645,29300,0.38160000026226043,0.46249999761581423,4.821804424936671,-13.513511778926912
2023-09-05,0.3799999952316284,0.4000000059604645,0.3700000047683716,0.38999998569488525,6600,0.38160000026226043,0.4614499977231026,-0.4192885297516713,-17.65088371294109
2023-09-06,0.36000001430511475,0.4000000059604645,0.3400000035762787,0.38999998569488525,9400,0.38120000064373016,0.4601499977707863,-5.561381506509743,-21.764638476768848
2023-09-07,0.38999998569488525,0.38999998569488525,0.38999998569488525,0.38999998569488525,6500,0.3814000004529953,0.45909999758005143,2.254846678467648,-15.051189773338535
2023-09-08,0.3799999952316284,0.4000000059604645,0.3799999952316284,0.3799999952316284,9300,0.3814000004529953,0.457949997484684,-0.36707006284847354,-17.021509483830187
2023-09-11,0.3400000035762787,0.3499999940395355,0.33000001311302185,0.33000001311302185,1900,0.3802000004053116,0.45654999747872355,-10.57338158500204,-25.528418474665838
2023-09-12,0.3400000035762787,0.3400000035762787,0.3400000035762787,0.3400000035762787,0,0.3794000005722046,0.4551499974727631,-10.384817326437402,-25.299350661509155
2023-09-13,0.3100000023841858,0.3499999940395355,0.3100000023841858,0.3400000035762787,1500,0.377600000500679,0.4535999974608421,-17.90254185033341,-31.65784741633577
2023-09-14,0.4000000059604645,0.4000000059604645,0.33000001311302185,0.3400000035762787,6600,0.377600000500679,0.4524999974668026,5.932204827882459,-11.602208132650816
2023-09-15,0.4000000059604645,0.4000000059604645,0.4000000059604645,0.4000000059604645,0,0.377600000500679,0.4515999975800514,5.932204827882459,-11.426038949533046
2023-09-18,0.3400000035762787,0.4000000059604645,0.33000001311302185,0.3400000035762787,8700,0.3764000004529953,0.45039999768137934,-9.670562389189541,-24.511544110441918
2023-09-19,0.3400000035762787,0.3400000035762787,0.33000001311302185,0.3400000035762787,12200,0.3752000004053116,0.4491999977827072,-9.381662257731326,-24.309883068889093
2023-09-20,0.4000000059604645,0.4000000059604645,0.3400000035762787,0.3400000035762787,5200,0.3752000004053116,0.44829999789595604,6.609809575789605,-10.774033495913892
2023-09-21,0.4000000059604645,0.4000000059604645,0.3400000035762787,0.3700000047683716,9200,0.3752000004053116,0.4473999980092049,6.609809575789605,-10.594544537249906
2023-09-22,0.4000000059604645,0.4000000059604645,0.4000000059604645,0.4000000059604645,0,0.37480000078678133,0.44649999812245367,6.723587278757526,-10.414331994965975
2023-09-25,0.36000001430511475,0.36000001430511475,0.36000001430511475,0.36000001430511475,100,0.37360000133514404,0.44539999827742577,-3.6402534746859394,-19.173772856442184
2023-09-26,0.3400000035762787,0.3400000035762787,0.3400000035762787,0.3400000035762787,10100,0.37200000166893005,0.4441999983787537,-8.602149986313846,-23.45790076154556
2023-09-27,0.4000000059604645,0.4000000059604645,0.4000000059604645,0.4000000059604645,300,0.3716000020503998,0.4433999983966351,7.642627490140019,-9.78800013376363
2023-09-28,0.4000000059604645,0.4000000059604645,0.3400000035762787,0.3400000035762787,2900,0.3712000024318695,0.44259999841451647,7.75862158941687,-9.624941845154511
2023-09-29,0.4000000059604645,0.4000000059604645,0.4000000059604645,0.4000000059604645,0,0.37080000281333925,0.44174999848008156,7.874865945409537,-9.451045311435259
2023-10-02,0.4000000059604645,0.4000000059604645,0.4000000059604645,0.4000000059604645,0,0.37080000281333925,0.44089999854564665,7.874865945409537,-9.276478276274657
2023-10-03,0.4000000059604645,0.4000000059604645,0.4000000059604645,0.4000000059604645,0,0.37080000281333925,0.4398999984562397,7.874865945409537,-9.070241563036607
2023-10-04,0.4000000059604645,0.4000000059604645,0.4000000059604645,0.4000000059604645,0,0.3718000030517578,0.43894999861717227,7.584723689413475,-8.873446355943104
2023-10-05,0.4000000059604645,0.4000000059604645,0.4000000059604645,0.4000000059604645,0,0.3720000034570694,0.4379999987781048,7.5268823234369675,-8.675797471152846
2023-10-06,0.38999998569488525,0.38999998569488525,0.38999998569488525,0.38999998569488525,100,0.3718000030517578,0.43714999869465826,4.895100186589785,-10.785774480284626
2023-10-09,0.38999998569488525,0.38999998569488525,0.38999998569488525,0.38999998569488525,0,0.3716000026464462,0.43629999861121177,4.951556221043796,-10.61196723898792
2023-10-10,0.38999998569488525,0.38999998569488525,0.38999998569488525,0.38999998569488525,0,0.37240000247955324,0.4354499985277653,4.726096428073556,-10.43748145287502
2023-10-11,0.36000001430511475,0.36000001430511475,0.36000001430511475,0.36000001430511475,1000,0.3716000026464462,0.43439999863505363,-3.121633008266722,-17.127068269731627
2023-10-12,0.36000001430511475,0.36000001430511475,0.36000001430511475,0.36000001430511475,0,0.37080000281333925,0.433349998742342,-2.912618237940312,-16.926268524311016
2023-10-13,0.36000001430511475,0.36000001430511475,0.36000001430511475,0.36000001430511475,0,0.3700000029802322,0.4324999989569187,-2.7026996201542586,-16.763002272059126
2023-10-16,0.3400000035762787,0.3400000035762787,0.3400000035762787,0.3400000035762787,500,0.3688000029325485,0.43139999896287917,-7.809110392425122,-21.18683254666981
2023-10-17,0.38999998569488525,0.38999998569488525,0.33000001311302185,0.33000001311302185,1000,0.36860000252723696,0.4305499988794327,5.805746885763252,-9.418189127879362
2023-10-18,0.38999998569488525,0.38999998569488525,0.38999998569488525,0.38999998569488525,0,0.36840000212192536,0.4296999987959862,5.863187689616556,-9.239007031030921
2023-10-19,0.38999998569488525,0.38999998569488525,0.33000001311302185,0.3499999940395355,11000,0.36820000171661377,0.4287999987602234,5.920690895338421,-9.048510535802112
2023-10-20,0.38999998569488525,0.38999998569488525,0.38999998569488525,0.38999998569488525,2000,0.36820000171661377,0.4278499987721443,5.920690895338421,-8.84656145515532
2023-10-23,0.38999998569488525,0.38999998569488525,0.33000001311302185,0.33000001311302185,800,0.36860000133514403,0.42689999878406526,5.805747227950664,-8.643713561555854
2023-10-24,0.33000001311302185,0.33000001311302185,0.33000001311302185,0.33000001311302185,800,0.3674000018835068,0.4257999987900257,-10.179637609894066,-22.4988224399328
2023-10-25,0.33000001311302185,0.3799999952316284,0.33000001311302185,0.33000001311302185,2600,0.3666000020503998,0.4246499988436699,-9.983630314422697,-22.288940536531676
2023-10-26,0.38999998569488525,0.38999998569488525,0.33000001311302185,0.3400000035762787,7900,0.3672000014781952,0.4237999987602234,6.20914600351492,-7.975463228932533
2023-10-27,0.3499999940395355,0.3499999940395355,0.3499999940395355,0.3499999940395355,400,0.3674000012874603,0.42274999871850016,-4.735984536459137,-17.208753376580677
2023-10-30,0.3400000035762787,0.3400000035762787,0.3400000035762787,0.3400000035762787,2000,0.36800000131130217,0.421549998819828,-7.608695009578936,-19.345272321636063
2023-10-31,0.38999998569488525,0.38999998569488525,0.3400000035762787,0.3400000035762787,2300,0.36960000097751616,0.420599998831749,5.5194763699716765,-7.275324113613357
2023-11-01,0.38999998569488525,0.38999998569488525,0.38999998569488525,0.38999998569488525,0,0.37120000064373015,0.41974999874830243,5.064651136463483,-7.087555245296473
2023-11-02,0.38999998569488525,0.38999998569488525,0.38999998569488525,0.38999998569488525,0,0.3730000001192093,0.41934999868273737,4.5576368821026225,-6.998930029819106
2023-11-03,0.38999998569488525,0.38999998569488525,0.38999998569488525,0.38999998569488525,0,0.375,0.41859999850392343,3.9999961853027344,-6.832301221035508
2023-11-06,0.3799999952316284,0.38999998569488525,0.3400000035762787,0.3400000035762787,22000,0.37560000002384186,0.4178499986231327,1.1714577229785084,-9.058275341922872
2023-11-07,0.38999998569488525,0.38999998569488525,0.3499999940395355,0.3499999940395355,1200,0.37639999985694883,0.4170999984443188,3.6131737096453564,-6.497245948336117
2023-11-08,0.38999998569488525,0.38999998569488525,0.36000001430511475,0.36000001430511475,3000,0.37679999947547915,0.41639999851584436,3.503181060982219,-6.340060738485942
2023-11-09,0.3700000047683716,0.3700000047683716,0.3700000047683716,0.3700000047683716,200,0.37699999928474426,0.41559999868273734,-1.856762474709095,-10.972087117155194
2023-11-10,0.36000001430511475,0.36000001430511475,0.36000001430511475,0.36000001430511475,1000,0.3761999994516373,0.41474999889731406,-4.306216153677889,-13.200719647441062
2023-11-13,0.36000001430511475,0.36000001430511475,0.36000001430511475,0.36000001430511475,0,0.37539999961853027,0.4138999991118908,-4.1022869816367935,-13.022465552652761
2023-11-14,0.4000000059604645,0.44999998807907104,0.3799999952316284,0.3799999952316284,35100,0.37579999983310697,0.41324999928474426,6.4395971628804505,-3.2062899811767576
2023-11-15,0.3799999952316284,0.3799999952316284,0.3400000035762787,0.3700000047683716,30300,0.3761999994516373,0.4121999993920326,1.010099889827254,-7.811742893715923
2023-11-16,0.3499999940395355,0.3499999940395355,0.3499999940395355,0.3499999940395355,300,0.37539999961853027,0.4110999993979931,-6.766117635803259,-14.862565178285392
2023-11-17,0.3799999952316284,0.3799999952316284,0.3799999952316284,0.3799999952316284,4600,0.37539999961853027,0.4100499995052814,1.225358449060332,-7.32837563953368
2023-11-20,0.38999998569488525,0.4000000059604645,0.3400000035762787,0.4000000059604645,9200,0.3763999992609024,0.4090499995648861,3.613173873721509,-4.657135775642263
2023-11-21,0.38999998569488525,0.38999998569488525,0.38999998569488525,0.38999998569488525,0,0.3773999989032745,0.4081999994814396,3.3386292602613388,-4.458602109180521
2023-11-22,0.38999998569488525,0.38999998569488525,0.38999998569488525,0.38999998569488525,0,0.3789999985694885,0.40744999930262565,2.9023712841465654,-4.282737424863692
2023-11-24,0.38999998569488525,0.38999998569488525,0.30000001192092896,0.3100000023841858,1500,0.3787999981641769,0.4066999991238117,2.956702107969411,-4.106224112344414
2023-11-27,0.38999998569488525,0.38999998569488525,0.30000001192092896,0.30000001192092896,15200,0.3785999977588654,0.4062999990582466,3.011090333730171,-4.011817228930048
2023-11-28,0.3199999928474426,0.3499999940395355,0.27000001072883606,0.27000001072883606,97700,0.3781999975442886,0.40529999911785125,-15.388684578198752,-21.04614025562963
2023-11-29,0.3100000023841858,0.33000001311302185,0.3100000023841858,0.33000001311302185,38000,0.37759999752044676,0.40439999908208846,-17.902541202373946,-23.34322376661049
2023-11-30,0.33000001311302185,0.33000001311302185,0.33000001311302185,0.33000001311302185,500,0.37619999766349793,0.40359999909996985,-12.280697723927393,-18.235873674696823
2023-12-01,0.33000001311302185,0.33000001311302185,0.3199999928474426,0.3199999928474426,1500,0.37479999780654905,0.4024999991059303,-11.953037608247385,-18.012418920236527
2023-12-04,0.33000001311302185,0.33000001311302185,0.33000001311302185,0.33000001311302185,1500,0.3733999979496002,0.4013999991118908,-11.622920480689524,-17.787739451131912
2023-12-05,0.3199999928474426,0.3199999928474426,0.30000001192092896,0.3100000023841858,10000,0.37259999752044676,0.40024999901652336,-14.117016914396963,-20.04997036009182
2023-12-06,0.33000001311302185,0.33000001311302185,0.25,0.30000001192092896,12000,0.37239999771118165,0.39894999921321866,-11.385602808473571,-17.28286407724656
2023-12-07,0.30000001192092896,0.3199999928474426,0.25999999046325684,0.25999999046325684,11500,0.3703999978303909,0.39779999941587446,-19.0064757888305,-24.585215595413278
2023-12-08,0.28999999165534973,0.33000001311302185,0.27000001072883606,0.2800000011920929,13000,0.3681999975442886,0.39629999950528144,-21.238459101166253,-26.82311581696458
2023-12-11,0.27000001072883606,0.30000001192092896,0.27000001072883606,0.30000001192092896,15300,0.36559999763965606,0.39469999969005587,-26.148793087533218,-31.593612632161726
2023-12-12,0.2800000011920929,0.33000001311302185,0.25999999046325684,0.25999999046325684,31000,0.3631999975442886,0.39314999982714655,-22.9074881373176,-28.780363394328244
2023-12-13,0.2800000011920929,0.2800000011920929,0.2800000011920929,0.2800000011920929,3000,0.3607999974489212,0.3915999999642372,-22.394677613119228,-28.4984675133647
2023-12-14,0.30000001192092896,0.30000001192092896,0.30000001192092896,0.30000001192092896,500,0.35879999756813047,0.39050000011920927,-16.387955977072245,-23.175413103880427
2023-12-15,0.30000001192092896,0.30000001192092896,0.30000001192092896,0.30000001192092896,400,0.3567999976873398,0.3895000001788139,-15.919278625159649,-22.978174124979923
2023-12-18,0.30000001192092896,0.30000001192092896,0.2800000011920929,0.2800000011920929,15500,0.3549999982118607,0.3885000002384186,-15.492953962807698,-22.779919758861787
2023-12-19,0.33000001311302185,0.33000001311302185,0.25999999046325684,0.25999999046325684,5800,0.3537999987602234,0.38765000030398367,-6.726960353476774,-14.871659266285153
2023-12-20,0.33000001311302185,0.33000001311302185,0.33000001311302185,0.33000001311302185,0,0.3525999993085861,0.3868000003695488,-6.409525309098296,-14.684588211546078
2023-12-21,0.3199999928474426,0.3199999928474426,0.2800000011920929,0.2800000011920929,2300,0.3517999988794327,0.38580000042915347,-9.03922857682794,-17.055471101222576
2023-12-22,0.25999999046325684,0.3199999928474426,0.25999999046325684,0.3199999928474426,7000,0.3497999984025955,0.3847500003874302,-25.67181485117822,-32.423654268630095
2023-12-26,0.3199999928474426,0.3199999928474426,0.25999999046325684,0.25999999046325684,2700,0.34899999797344206,0.3840000003576279,-8.309457104411289,-16.66666860692203
2023-12-27,0.3100000023841858,0.3199999928474426,0.27000001072883606,0.27000001072883606,14600,0.3483999979496002,0.3831000003218651,-11.021812798910913,-19.081179294247885
2023-12-28,0.30000001192092896,0.3100000023841858,0.27000001072883606,0.27000001072883606,3000,0.3465999984741211,0.382150000333786,-13.444889428258765,-21.49679140157105
2023-12-29,0.27000001072883606,0.27000001072883606,0.27000001072883606,0.27000001072883606,1000,0.34419999897480014,0.38125000044703483,-21.557230815505168,-29.180325137771156
2024-01-02,0.28999999165534973,0.28999999165534973,0.25999999046325684,0.27000001072883606,42400,0.3421999990940094,0.38025000035762785,-15.254239502297384,-23.734387539092005
2024-01-03,0.28999999165534973,0.28999999165534973,0.28999999165534973,0.28999999165534973,0,0.3401999992132187,0.3792500002682209,-14.756028122859089,-23.533291641331566
2024-01-04,0.25,0.3100000023841858,0.25,0.3100000023841858,372100,0.337399999499321,0.3783000002801418,-25.903971437171524,-33.9148824174285
2024-01-05,0.30000001192092896,0.30000001192092896,0.27000001072883606,0.27000001072883606,2000,0.3367999994754791,0.3775000002980232,-10.926362117535993,-20.529798229380315
2024-01-08,0.25999999046325684,0.28999999165534973,0.25,0.25999999046325684,44400,0.33539999902248385,0.37650000020861624,-22.4806227725041,-30.94289765758499
2024-01-09,0.3100000023841858,0.3400000035762787,0.27000001072883606,0.30000001192092896,66000,0.33379999935626986,0.37575000017881394,-7.130017081480567,-17.49833606476079
2024-01-10,0.3499999940395355,0.3499999940395355,0.3499999940395355,0.3499999940395355,500,0.33379999935626986,0.3751500001549721,4.853203928851757,-6.703986699999264
2024-01-11,0.28999999165534973,0.3199999928474426,0.28999999165534973,0.3199999928474426,1600,0.33279999911785124,0.3741500000655651,-12.860579199504496,-22.49098179753284
2024-01-12,0.30000001192092896,0.3199999928474426,0.2800000011920929,0.3100000023841858,53400,0.33099999964237214,0.37320000007748605,-9.365555212971909,-19.614144732411276
2024-01-16,0.3100000023841858,0.3499999940395355,0.2800000011920929,0.2800000011920929,600,0.32939999997615815,0.37230000004172326,-5.889495322822258,-16.733816183334827
2024-01-17,0.33000001311302185,0.33000001311302185,0.25999999046325684,0.28999999165534973,20700,0.32820000052452086,0.37150000005960465,0.5484499042121449,-11.170925152065792
2024-01-18,0.2800000011920929,0.33000001311302185,0.25999999046325684,0.25999999046325684,9900,0.326000000834465,0.37030000016093256,-14.110429302032369,-24.385632981257153
2024-01-19,0.3100000023841858,0.3199999928474426,0.25,0.3199999928474426,45400,0.3246000009775162,0.36935000017285347,-4.497843052792128,-16.068768853632665
2024-01-22,0.3199999928474426,0.3199999928474426,0.25999999046325684,0.25999999046325684,5500,0.32320000112056735,0.36845000013709067,-0.9901015662221457,-13.149683070055929
2024-01-23,0.3100000023841858,0.3100000023841858,0.25,0.27000001072883606,44700,0.32160000145435336,0.3675500001013279,-3.6069648686907763,-15.657733016263487
2024-01-24,0.3199999928474426,0.3199999928474426,0.25999999046325684,0.27000001072883606,6600,0.32060000121593474,0.3667000000178814,-0.1871517049957805,-12.735207845149043
2024-01-25,0.3199999928474426,0.3199999928474426,0.3199999928474426,0.3199999928474426,0,0.31980000078678134,0.3658499999344349,0.06253660418051865,-12.532460597296492
2024-01-26,0.3100000023841858,0.3199999928474426,0.30000001192092896,0.3199999928474426,6800,0.3188000005483627,0.3649499998986721,-2.760350736838202,-15.056856426837406
2024-01-29,0.30000001192092896,0.30000001192092896,0.2800000011920929,0.2800000011920929,28200,0.316800000667572,0.3641499999165535,-5.303026739659577,-17.61636358926947
2024-01-30,0.30000001192092896,0.30000001192092896,0.30000001192092896,0.30000001192092896,0,0.31520000100135803,0.3635500000417233,-4.822331545729785,-17.480398325815138
2024-01-31,0.28999999165534973,0.28999999165534973,0.25999999046325684,0.25999999046325684,42500,0.3140000009536743,0.3629000000655651,-7.643315039946574,-20.08818087546006
2024-02-01,0.25999999046325684,0.3400000035762787,0.25,0.2800000011920929,121200,0.31160000085830686,0.3620499999821186,-16.55969520311843,-28.18671717273912
2024-02-02,0.27000001072883606,0.2800000011920929,0.25999999046325684,0.25999999046325684,18900,0.3092000013589859,0.36125,-12.677875309786323,-25.259512601014244
2024-02-05,0.27000001072883606,0.27000001072883606,0.27000001072883606,0.27000001072883606,5000,0.30680000185966494,0.3603500001132488,-11.99478191257044,-25.072842890528115
2024-02-06,0.27000001072883606,0.27000001072883606,0.25999999046325684,0.25999999046325684,8000,0.3044000023603439,0.35945000022649765,-11.300917005508326,-24.885238403476727
2024-02-07,0.25999999046325684,0.30000001192092896,0.25999999046325684,0.27000001072883606,96900,0.30180000245571137,0.35860000014305116,-13.850235802628463,-27.495819754729844
2024-02-08,0.3199999928474426,0.3400000035762787,0.25999999046325684,0.25999999046325684,103500,0.30040000259876254,0.3580500000715256,6.524630519014796,-10.62700941669653
2024-02-09,0.30000001192092896,0.30000001192092896,0.2800000011920929,0.28999999165534973,32600,0.3000000029802322,0.35780000016093255,2.9802322165650708e-06,-16.154272837899974
2024-02-12,0.27000001072883606,0.2800000011920929,0.27000001072883606,0.27000001072883606,46600,0.29920000314712525,0.35740000024437907,-9.759355652122338,-24.454389886900273
2024-02-13,0.27000001072883606,0.3400000035762787,0.23999999463558197,0.27000001072883606,241900,0.2980000030994415,0.35720000028610227,-9.3959704964372,-24.41209112189884
2024-02-14,0.30000001192092896,0.30000001192092896,0.2800000011920929,0.30000001192092896,86200,0.29740000307559966,0.3568500003218651,0.874246408352719,-15.931060207274662
2024-02-15,0.2800000011920929,0.30000001192092896,0.2800000011920929,0.30000001192092896,13500,0.2964000028371811,0.35665000036358835,-5.533063929860038,-21.491658234502818
2024-02-16,0.3100000023841858,0.33000001311302185,0.30000001192092896,0.30000001192092896,81900,0.29620000302791594,0.35660000041127204,4.659013914651866,-13.06786258366287
2024-02-20,0.3100000023841858,0.3499999940395355,0.27000001072883606,0.27000001072883606,70000,0.29580000281333924,0.35665000036358835,4.800540715277579,-13.080049889764478
2024-02-21,0.3400000035762787,0.3400000035762787,0.3100000023841858,0.3100000023841858,22100,0.2966000026464462,0.3568500003218651,14.632501868709102,-4.721871018744106
2024-02-22,0.3799999952316284,0.4099999964237213,0.3199999928474426,0.3199999928474426,64200,0.2984000027179718,0.35730000033974646,27.345841746114054,6.353203154295328
2024-02-23,0.41999998688697815,0.41999998688697815,0.38999998569488525,0.38999998569488525,54500,0.30140000224113467,0.3579500003159046,39.34969600662368,17.334819532424085
2024-02-26,0.4699999988079071,0.49000000953674316,0.41999998688697815,0.41999998688697815,80600,0.30520000219345095,0.3588500003516674,53.99737727065863,30.973944084524007
2024-02-27,0.47999998927116394,0.49000000953674316,0.4300000071525574,0.4699999988079071,60800,0.30920000195503233,0.3600000002980232,55.23932284482049,33.333330242722134
2024-02-28,0.44999998807907104,0.49000000953674316,0.4300000071525574,0.49000000953674316,28800,0.3122000014781952,0.3608500002324581,44.13836833709948,24.70555294143906
2024-02-29,0.44999998807907104,0.44999998807907104,0.4300000071525574,0.4300000071525574,11400,0.31520000100135803,0.36160000011324883,42.766493226353845,24.446899319174875
2024-03-01,0.49000000953674316,0.5,0.4399999976158142,0.44999998807907104,128500,0.3190000009536743,0.3625500001013279,53.60501820434218,35.153774486221124
2024-03-04,0.49000000953674316,0.5099999904632568,0.49000000953674316,0.5099999904632568,20800,0.32220000088214873,0.3631000001728535,52.07945629893735,34.949052410762604
2024-03-05,0.49000000953674316,0.5099999904632568,0.49000000953674316,0.5099999904632568,40500,0.32540000081062315,0.36365000024437905,50.58389929811777,34.744949596440186
2024-03-06,0.44999998807907104,0.47999998927116394,0.44999998807907104,0.46000000834465027,20700,0.32800000071525576,0.3639000001549721,37.19511801761435,23.66034292042649
2024-03-07,0.46000000834465027,0.46000000834465027,0.44999998807907104,0.44999998807907104,2900,0.33200000107288363,0.3640000002086163,38.554218933170105,26.37362859368524
2024-03-08,0.44999998807907104,0.44999998807907104,0.4399999976158142,0.4399999976158142,1300,0.3346000009775162,0.36405000016093253,34.488938064680184,23.60939098479422
2024-03-11,0.4399999976158142,0.47999998927116394,0.4399999976158142,0.47999998927116394,11000,0.33720000088214874,0.36405000016093253,30.48635719594617,20.862518176433763
2024-03-12,0.46000000834465027,0.47999998927116394,0.4399999976158142,0.47999998927116394,27000,0.34040000081062316,0.364200000166893,35.13513726475133,26.304230679257913
2024-03-13,0.44999998807907104,0.47999998927116394,0.4399999976158142,0.4399999976158142,6500,0.34400000035762784,0.36425000011920927,30.813949886989512,23.541520365627488
2024-03-14,0.47999998927116394,0.47999998927116394,0.44999998807907104,0.44999998807907104,1800,0.3478000003099442,0.3646500000357628,38.01034756854771,31.633069854405104
2024-03-15,0.47999998927116394,0.47999998927116394,0.47999998927116394,0.47999998927116394,1000,0.35160000026226046,0.3650499999523163,36.51876817779556,31.488834223767338
2024-03-18,0.47999998927116394,0.47999998927116394,0.4699999988079071,0.47999998927116394,7500,0.3562000000476837,0.3654499998688698,34.7557521636461,31.344914336679942
2024-03-19,0.4699999988079071,0.4699999988079071,0.44999998807907104,0.4699999988079071,10700,0.3595999997854233,0.3657499998807907,30.700778389421735,28.503075587449
2024-03-20,0.4699999988079071,0.4699999988079071,0.4699999988079071,0.4699999988079071,0,0.36379999995231627,0.36604999989271164,29.19186335060764,28.397759580839498
2024-03-21,0.44999998807907104,0.47999998927116394,0.4300000071525574,0.44999998807907104,37500,0.366599999666214,0.3662499998509884,22.74958769470594,22.866890993080414
2024-03-22,0.5199999809265137,0.5400000214576721,0.4399999976158142,0.4399999976158142,235000,0.36999999940395356,0.36679999977350236,40.54053561194608,41.76662520382
2024-03-25,0.5199999809265137,0.5199999809265137,0.5,0.5199999809265137,61800,0.3745999991893768,0.36734999969601634,38.81473092679606,41.55437086070937
2024-03-26,0.550000011920929,0.550000011920929,0.5199999809265137,0.5199999809265137,118700,0.3795999991893768,0.36804999977350233,44.88936066792299,49.43622123608164
2024-03-27,0.6200000047683716,0.6299999952316284,0.550000011920929,0.550000011920929,97000,0.38579999923706054,0.3690999998152256,60.7050300659548,67.9761595986856
2024-03-28,0.6299999952316284,0.6700000166893005,0.6299999952316284,0.6399999856948853,136200,0.3917999988794327,0.37019999980926516,60.7963238982796,70.1782808093511
2024-04-01,0.6000000238418579,0.699999988079071,0.5699999928474426,0.6299999952316284,238900,0.398199999332428,0.37114999994635584,50.67805747055309,61.659712765345255
2024-04-02,0.5799999833106995,0.6299999952316284,0.5699999928474426,0.5799999833106995,171700,0.40359999895095827,0.3719999998807907,43.70663647627404,55.913974058215985
2024-04-03,0.6000000238418579,0.6200000047683716,0.5400000214576721,0.5799999833106995,130200,0.4091999995708466,0.37295000001788137,46.627571962638115,60.8794808454459
2024-04-04,0.5600000023841858,0.5899999737739563,0.550000011920929,0.5899999737739563,21200,0.4141999995708466,0.3737000000476837,35.200387002511555,49.85282373902338
2024-04-05,0.5600000023841858,0.6000000238418579,0.5600000023841858,0.5799999833106995,34600,0.4189999997615814,0.3745000000298023,33.65155195771741,49.532710905105894
2024-04-08,0.5699999928474426,0.6000000238418579,0.5600000023841858,0.6000000238418579,113200,0.4239999997615814,0.37534999996423724,34.43396065282032,51.85826372765454
2024-04-09,0.5699999928474426,0.5899999737739563,0.550000011920929,0.5899999737739563,52100,0.42919999957084654,0.37625,32.80521747842051,51.49501471028377
2024-04-10,0.550000011920929,0.5799999833106995,0.5,0.5799999833106995,104900,0.43419999957084654,0.3771000000834465,26.669740318870684,45.84991031535992
2024-04-11,0.5799999833106995,0.5799999833106995,0.47999998927116394,0.5299999713897705,136100,0.43979999899864197,0.37810000002384186,31.87812292661929,53.3985673827364
2024-04-12,0.550000011920929,0.5600000023841858,0.5400000214576721,0.5400000214576721,3500,0.44499999940395357,0.37895000010728835,23.595508462385517,45.137884091625004
2024-04-15,0.5600000023841858,0.5699999928474426,0.5400000214576721,0.5600000023841858,65100,0.45099999964237214,0.37985000014305115,24.16851503952262,47.42661634152701
2024-04-16,0.6000000238418579,0.6000000238418579,0.5600000023841858,0.5600000023841858,133400,0.45759999990463257,0.38085000023245813,31.118886356403543,57.54234566775316
2024-04-17,0.6899999976158142,0.75,0.6000000238418579,0.6000000238418579,140700,0.46599999964237215,0.38240000024437903,48.06866912990322,80.43932980514077
2024-04-18,0.7599999904632568,0.8100000023841858,0.699999988079071,0.7300000190734863,152000,0.47579999923706057,0.384200000166893,59.73097765487756,97.81363616166574
2024-04-19,0.7200000286102295,0.8100000023841858,0.6800000071525574,0.800000011920929,333100,0.485,0.38580000028014183,48.45361414643907,86.62520168154853
2024-04-22,0.800000011920929,0.8399999737739563,0.7300000190734863,0.7400000095367432,75600,0.49460000038146973,0.38780000030994416,61.746868439934,106.29190595191832
2024-04-23,0.8299999833106995,0.8399999737739563,0.8100000023841858,0.8199999928474426,109600,0.5051999998092651,0.38995000019669535,64.2913665130761,112.84779661290875
2024-04-24,0.8299999833106995,0.8399999737739563,0.8199999928474426,0.8299999833106995,58300,0.5163999992609024,0.3921000000834465,60.72811473637434,111.68068939914804
2024-04-25,0.8100000023841858,0.8299999833106995,0.8100000023841858,0.8299999833106995,27500,0.5271999990940094,0.3941500000655651,53.641882355115115,105.50551877443763
2024-04-26,0.800000011920929,0.8299999833106995,0.800000011920929,0.8100000023841858,30000,0.5371999990940094,0.39615000009536744,48.92033009496151,101.94371115192236
2024-04-29,0.8299999833106995,0.8399999737739563,0.800000011920929,0.8399999737739563,179900,0.5481999987363815,0.398200000077486,51.40459416706968,108.43796663716452
2024-04-30,0.8299999833106995,0.8299999833106995,0.8199999928474426,0.8299999833106995,26500,0.5585999983549118,0.40025000005960465,48.585747539395996,107.37038930345962
2024-05-01,0.8100000023841858,0.8299999833106995,0.75,0.8299999833106995,35400,0.5685999983549118,0.4022000001370907,42.45515383884957,101.39234264249022
2024-05-02,0.8399999737739563,0.8399999737739563,0.8100000023841858,0.8100000023841858,101900,0.5785999977588654,0.40430000007152556,45.1780119301056,107.76650349377941
2024-05-03,0.8299999833106995,0.8399999737739563,0.8100000023841858,0.8399999737739563,149500,0.5875999975204468,0.4063500000536442,41.25255051278618,104.2574094256496
2024-05-06,0.8999999761581421,0.9200000166893005,0.8399999737739563,0.8399999737739563,84000,0.59719999730587,0.40875,50.70327867017485,120.18348040566167
2024-05-07,0.8600000143051147,0.9100000262260437,0.8600000143051147,0.9100000262260437,48400,0.6049999976158142,0.41105000004172326,42.14876325524055,109.22029296139671
2024-05-08,0.9100000262260437,0.9100000262260437,0.8899999856948853,0.9100000262260437,4200,0.6135999983549119,0.41360000014305115,48.30508941750213,120.01934862458982
2024-05-09,0.9100000262260437,0.9100000262260437,0.8799999952316284,0.8999999761581421,88100,0.6227999991178512,0.41640000030398366,46.11432683284995,118.53987165267009
2024-05-10,0.9200000166893005,0.9399999976158142,0.8999999761581421,0.9100000262260437,299600,0.6321999996900558,0.41905000045895574,45.52357120220538,119.54421087738689
2024-05-13,0.9300000071525574,0.9399999976158142,0.9300000071525574,0.9399999976158142,37700,0.6409999996423721,0.42170000046491624,45.08580462892742,120.53592746674178
2024-05-14,1.399999976158142,1.4900000095367432,0.9200000166893005,0.9300000071525574,170100,0.6591999989748001,0.4267000003159046,112.37863749020747,228.09936140652943
2024-05-15,1.2799999713897705,1.3899999856948853,1.0800000429153442,1.2100000381469727,621800,0.6749999982118606,0.4313500002026558,89.62962589342408,196.7427775097726
2024-05-16,1.4600000381469727,1.7000000476837158,1.2799999713897705,1.309999942779541,416500,0.6951999992132187,0.4366500003635883,110.011513204733,234.3639154772162
2024-05-17,1.399999976158142,1.4800000190734863,1.3700000047683716,1.4600000381469727,106000,0.7139999985694885,0.44165000021457673,96.0784284261998,216.99308852664979
2024-05-20,1.4800000190734863,1.4800000190734863,1.25,1.2599999904632568,238000,0.7345999991893768,0.44705000028014186,101.47019067610272,231.05916970049236
2024-05-21,1.3300000429153442,1.4800000190734863,1.3200000524520874,1.4800000190734863,82100,0.7524000000953674,0.4517000004649162,76.76768244906505,194.4432237207062
2024-05-22,1.399999976158142,1.4500000476837158,1.340000033378601,1.3899999856948853,103600,0.7711999994516373,0.45670000031590463,81.53526674709721,206.54696194213838
2024-05-23,1.4800000190734863,1.4800000190734863,1.399999976158142,1.399999976158142,195300,0.7918000000715256,0.4621000003814697,86.9158902424594,220.27700018431653
2024-05-24,1.9800000190734863,2.140000104904175,1.4700000286102295,1.4800000190734863,561700,0.821800000667572,0.4700000004470348,140.9345360750882,321.2765994021772
2024-05-28,2.009999990463257,2.190000057220459,1.7100000381469727,1.940000057220459,531800,0.8524000006914139,0.4781000004708767,135.80478517513725,320.41413689262174
2024-05-29,2.2699999809265137,2.5899999141693115,1.8600000143051147,1.9900000095367432,614700,0.8882000005245209,0.4876000003516674,155.57306683021613,365.5455248747625
2024-05-30,2.390000104904175,2.430000066757202,2.0799999237060547,2.299999952316284,292900,0.9266000026464463,0.49760000094771384,157.9322359246856,380.30548640519555
2024-05-31,2.0899999141693115,2.390000104904175,1.909999966621399,2.309999942779541,299000,0.9590000009536743,0.5062000004947186,117.93534015546592,312.88026711314035
2024-06-03,1.649999976158142,2.240000009536743,1.4800000190734863,2.240000009536743,502500,0.9830000007152557,0.5126500003039837,67.8535071167406,221.8570126167462
2024-06-04,1.9500000476837158,1.9900000095367432,1.4800000190734863,1.7000000476837158,123300,1.0116000020503997,0.5207000005245209,92.76394263852161,274.49587972333524
2024-06-05,1.7999999523162842,2.059999942779541,1.7999999523162842,1.909999966621399,114000,1.0372000014781952,0.5281500002741814,73.54415250202109,240.81226003632312
2024-06-06,1.9500000476837158,2.0,1.75,1.8899999856948853,48800,1.065200002193451,0.536350000500679,83.06421739281751,263.56857385352924
2024-06-07,1.8799999952316284,1.9500000476837158,1.8799999952316284,1.9500000476837158,21000,1.090400002002716,0.5442000004649162,72.41379234947449,245.46122631854522
2024-06-10,1.9500000476837158,1.9500000476837158,1.840000033378601,1.8700000047683716,194100,1.1168000030517578,0.5524500006437302,74.60602098452391,252.97312795936668
2024-06-11,1.8899999856948853,1.940000057220459,1.850000023841858,1.899999976158142,51300,1.1426000022888183,0.5604500006139278,65.41221616566604,237.2290094789085
2024-06-12,1.9800000190734863,2.0399999618530273,1.8200000524520874,1.8200000524520874,212300,1.1706000030040742,0.5686000007390976,69.14402989853701,248.22371025321374
2024-06-13,2.049999952316284,2.190000057220459,1.8200000524520874,1.9800000190734863,370200,1.1996000015735626,0.5771000005304814,70.89029256645702,255.22438926215298
2024-06-14,2.049999952316284,2.190000057220459,2.0199999809265137,2.0899999141693115,180700,1.2294000005722046,0.5855000002682209,66.74800320173617,250.12808734025063
2024-06-17,1.9900000095367432,2.140000104904175,1.9900000095367432,2.140000104904175,61200,1.2580000007152556,0.5936500002443791,58.18760003221761,235.21435335931096
2024-06-18,1.9900000095367432,2.069999933242798,1.9700000286102295,2.049999952316284,93300,1.2864000010490417,0.6016000002622605,54.695274247040196,230.78457590911339
2024-06-20,1.9900000095367432,2.240000009536743,1.909999966621399,2.0,340400,1.3148000013828278,0.6095500002801418,51.353818637342584,226.4703483917912
2024-06-21,1.9800000190734863,2.0899999141693115,1.850000023841858,1.9900000095367432,94600,1.343400001525879,0.6175500003993512,47.38722769275985,220.62181488026548
2024-06-24,2.0799999237060547,2.240000009536743,2.049999952316284,2.0899999141693115,155000,1.373400000333786,0.6261499999463558,51.44895319648604,232.18876050215678
2024-06-25,2.069999933242798,2.190000057220459,2.049999952316284,2.0799999237060547,70000,1.4037999987602234,0.6345499996840954,47.45689806745506,226.21541789824713
2024-06-26,2.069999933242798,2.1500000953674316,2.0299999713897705,2.069999933242798,24300,1.4339999973773956,0.6429999993741512,44.351460043833036,221.9284502733411
2024-06-27,2.200000047683716,2.200000047683716,2.0299999713897705,2.0399999618530273,74700,1.4659999978542329,0.6522999995946884,50.06821629630493,237.26813568154262
2024-06-28,2.190000057220459,2.259999990463257,2.1500000953674316,2.200000047683716,169000,1.4959999990463257,0.6615499998629093,46.39037824976915,231.04074637960625
2024-07-01,2.200000047683716,2.299999952316284,2.109999895095825,2.1500000953674316,77200,1.524800000190735,0.671000000089407,44.28122031797752,227.86885952169573
2024-07-02,2.2799999713897705,2.390000104904175,2.119999885559082,2.299999952316284,43800,1.5559999990463256,0.6803999999165535,46.529561233109604,235.0969975998526
2024-07-03,2.25,2.369999885559082,2.2200000286102295,2.2699999809265137,33300,1.584999998807907,0.6896499998867511,41.95583606891138,226.2524469469263
2024-07-05,2.5,2.5,2.2799999713897705,2.319999933242798,117700,1.618399999141693,0.7004499998688698,54.47355420945732,256.9134128728705
2024-07-08,2.7699999809265137,2.880000114440918,2.5,2.5,273500,1.6571999990940094,0.7125999997556209,67.1494075815153,288.7173704569825
2024-07-09,2.890000104904175,3.2100000381469727,2.700000047683716,2.7699999809265137,370000,1.698800001144409,0.7250500002503395,70.1200908263071,298.5932147998536
2024-07-10,2.7100000381469727,2.990000009536743,2.25,2.9200000762939453,322000,1.73700000166893,0.736600000411272,56.016121792928786,267.90660285553565
2024-07-11,2.9800000190734863,3.0899999141693115,2.559999942779541,2.7799999713897705,260500,1.7800000023841858,0.7495000004768372,67.41573118438113,297.5984012244949
2024-07-12,3.4000000953674316,3.619999885559082,2.8499999046325684,2.9200000762939453,601700,1.8314000046253205,0.7647000008821487,85.65032689639122,344.61881671835124
2024-07-15,3.119999885559082,3.5999999046325684,3.0199999809265137,3.5999999046325684,588900,1.8776000022888184,0.7786000002920628,66.16957188729029,300.7192248123209
2024-07-16,3.140000104904175,3.390000104904175,2.9600000381469727,3.1500000953674316,249100,1.9236000049114228,0.7923000007867813,63.23560495357581,296.31454017241526
2024-07-17,2.990000009536743,3.2300000190734863,2.9600000381469727,3.2200000286102295,255300,1.9668000054359436,0.8052500008046627,52.02359168562265,271.3132575658397
2024-07-18,2.9800000190734863,3.1500000953674316,2.950000047683716,3.0999999046325684,203100,2.0084000062942504,0.8181500008702278,48.3768178517366,264.2363889144778
2024-07-19,2.9800000190734863,2.990000009536743,2.390000104904175,2.990000009536743,402400,2.050800006389618,0.831050000935793,45.30914812701321,258.5825179854276
2024-07-22,2.8499999046325684,2.9800000190734863,2.799999952316284,2.9800000190734863,86300,2.0896000039577483,0.8433000004291534,36.38973484085979,237.9580105753836
2024-07-23,2.700000047683716,2.809999942779541,2.450000047683716,2.809999942779541,258200,2.125400004386902,0.8548000006377697,27.03491305687489,215.86336519293812
2024-07-24,2.759999990463257,2.9800000190734863,2.75,2.7699999809265137,142100,2.162200003862381,0.8666000005602836,27.647765495005714,218.48603608110218
2024-07-25,2.890000104904175,2.9200000762939453,2.6600000858306885,2.890000104904175,94000,2.2014000058174132,0.8791000011563301,31.28009890374621,228.74531920177384
2024-07-26,2.869999885559082,2.950000047683716,2.809999942779541,2.9000000953674316,55900,2.2308000040054323,0.891500000655651,28.65339252312882,221.92931951187313
2024-07-29,2.9000000953674316,2.950000047683716,2.859999895095825,2.950000047683716,33000,2.2632000064849853,0.9040500012040138,28.13715478339325,220.7787281129596
2024-07-30,2.809999942779541,2.950000047683716,2.809999942779541,2.9100000858306885,59500,2.2902000045776365,0.916300000846386,22.696704967379787,206.6681152661732
2024-07-31,2.7899999618530273,2.869999885559082,2.6600000858306885,2.869999885559082,100500,2.3180000042915343,0.9284500005841255,20.362379494721083,200.50083042681086
2024-08-01,2.6600000858306885,2.7699999809265137,2.5199999809265137,2.7699999809265137,271400,2.3416000056266784,0.9399500009417534,13.597543535997602,182.99378511256822
2024-08-02,2.440000057220459,2.700000047683716,2.2899999618530273,2.700000047683716,208100,2.363800005912781,0.9504500012099742,3.223625142443187,156.72050650893857
2024-08-05,2.2899999618530273,2.390000104904175,2.1700000762939453,2.299999952316284,177900,2.3816000056266784,0.959950001090765,-3.8461556750604697,138.55408711401248
2024-08-06,2.369999885559082,2.5,2.25,2.3399999141693115,61400,2.39940000295639,0.969850000590086,-1.2253112178496006,144.3676737760584
2024-08-07,2.3299999237060547,2.640000104904175,2.240000009536743,2.3499999046325684,162400,2.406400001049042,0.9795500002801418,-3.174870233946203,137.86431759886653
2024-08-08,2.369999885559082,2.390000104904175,2.25,2.3499999046325684,68800,2.4135999989509584,0.9894499997794628,-1.8064349275284552,139.52699844229906
2024-08-09,2.440000057220459,2.5,2.25,2.25,45400,2.417000000476837,0.9997000001370907,0.951595231240554,144.0732276568828
2024-08-12,2.240000009536743,2.690000057220459,2.119999885559082,2.4700000286102295,160400,2.4139999985694884,1.0092500001192093,-7.207953153929402,121.94699125807892
2024-08-13,2.559999942779541,2.6500000953674316,2.2799999713897705,2.299999952316284,260200,2.4233999991416932,1.020399999767542,5.636706432542216,150.88200150556023
2024-08-14,2.75,2.7699999809265137,2.509999990463257,2.549999952316284,199300,2.4453999996185303,1.0321999998390674,12.456039929213446,166.42123623607426
2024-08-15,3.25,3.4700000286102295,2.700000047683716,2.9000000953674316,1367800,2.471399998664856,1.0466999998688697,31.504410526655867,210.49966565464402
2024-08-16,3.799999952316284,3.890000104904175,3.109999895095825,3.2699999809265137,736600,2.511399998664856,1.0639999996125697,51.31002446191331,257.14285279135
2024-08-19,4.349999904632568,4.489999771118164,3.880000114440918,3.990000009536743,672700,2.559399995803833,1.0837999992072582,69.96170632821932,301.3655570967301
2024-08-20,4.550000190734863,4.599999904632568,4.070000171661377,4.289999961853027,483000,2.6127999997138978,1.104600000232458,74.14268949912315,311.9138321362788
2024-08-21,4.539999961853027,4.639999866485596,4.199999809265137,4.510000228881836,556300,2.664599997997284,1.1253500001132488,70.38204478215478,303.430040555929
2024-08-22,4.170000076293945,4.579999923706055,4.150000095367432,4.579999923706055,233900,2.710199999809265,1.1442500005662442,53.86318635478622,264.430856388934
2024-08-23,4.460000038146973,4.550000190734863,4.130000114440918,4.199999809265137,605700,2.759800000190735,1.164650000780821,61.605914843058706,282.94766969963825
2024-08-26,4.599999904632568,4.849999904632568,4.449999809265137,4.5,478100,2.8107999992370605,1.1857000003755092,63.65447224566505,287.95647323739195
2024-08-27,4.929999828338623,5.230000019073486,4.639999866485596,4.650000095367432,522500,2.8683999967575073,1.208399999588728,71.87281529464462,307.97747683023175
2024-08-28,5.190000057220459,5.639999866485596,4.710000038146973,4.929999828338623,755400,2.9323999977111814,1.2324999998509885,76.98813467710394,321.0953393791431
2024-08-29,4.909999847412109,5.199999809265137,4.760000228881836,5.150000095367432,896900,2.990799994468689,1.2552499990165233,64.17011690828103,291.1571281624416
2024-08-30,4.789999961853027,5.110000133514404,4.429999828338623,5.0,827400,3.0467999935150147,1.277399998754263,57.214125379031785,274.9804263757865
2024-09-03,5.039999961853027,5.320000171661377,4.800000190734863,4.849999904632568,542000,3.1079999923706056,1.3005999985337258,62.162161332851284,287.5134528321572
2024-09-04,5.050000190734863,5.190000057220459,5.010000228881836,5.059999942779541,175600,3.1673999977111817,1.3239499995112418,59.436768150030986,281.43435874460175
2024-09-05,4.929999828338623,5.139999866485596,4.929999828338623,5.099999904632568,262600,3.224599995613098,1.3468499986827374,52.8871746897486,266.03926444372587
2024-09-06,4.829999923706055,4.940000057220459,4.679999828338623,4.920000076293945,198400,3.2797999954223633,1.3690999983251095,47.26507501821193,252.78649694067946
2024-09-09,5.0,5.25,4.809999942779541,4.909999847412109,313600,3.335799994468689,1.392149998396635,49.889082327802356,259.1567004818872
2024-09-10,4.869999885559082,5.139999866485596,4.769999980926514,4.96999979019165,121100,3.3893999910354613,1.4145499978959561,43.68324477605541,244.2790917820413
2024-09-11,4.829999923706055,4.949999809265137,4.610000133514404,4.949999809265137,211800,3.4419999885559083,1.4367499975860119,40.32539046382979,236.1753911133662
2024-09-12,4.900000095367432,4.929999828338623,4.800000190734863,4.849999904632568,71500,3.4943999910354613,1.4592999981343746,40.22436206324116,235.77743449816904
2024-09-13,5.159999847412109,5.25,4.889999866485596,4.900000095367432,320500,3.5525999879837036,1.4831499974429607,45.24573171382276,247.9081587370298
2024-09-16,5.300000190734863,5.400000095367432,5.199999809265137,5.300000190734863,166100,3.608599991798401,1.5080499984323978,46.871368474773156,251.44724619503052
2024-09-17,5.449999809265137,5.539999961853027,5.28000020980835,5.300000190734863,212300,3.6621999883651735,1.5337499974668025,48.81764585712991,255.33821145992212
2024-09-18,5.559999942779541,5.800000190734863,5.329999923706055,5.329999923706055,274800,3.715599985122681,1.5598999971151353,49.63935744003298,256.4331016771686
2024-09-19,5.920000076293945,6.099999904632568,5.519999980926514,5.519999980926514,322900,3.77979998588562,1.5878499974310398,56.622046097681775,272.8311922330088
2024-09-20,6.0,6.03000020980835,5.769999980926514,5.900000095367432,170800,3.8401999855041504,1.6161999973654746,56.24186299277605,271.24118362705383
2024-09-23,6.739999771118164,6.75,6.099999904632568,6.150000095367432,760000,3.906999979019165,1.6482999962568283,72.51087297958499,308.9061327685629
2024-09-24,6.639999866485596,6.869999885559082,5.849999904632568,6.820000171661377,572200,3.9773999786376955,1.6798499955236912,66.94322678504842,295.27338061012904
2024-09-25,6.96999979019165,7.0,6.599999904632568,6.900000095367432,380800,4.053999972343445,1.713199994415045,71.92895505035214,306.8409883792632
2024-09-26,7.079999923706055,7.340000152587891,6.900000095367432,6.900000095367432,398800,4.135799970626831,1.7471499940752984,71.18816127446787,305.23137382106887
2024-09-27,7.150000095367432,7.300000190734863,7.050000190734863,7.099999904632568,154100,4.21919997215271,1.7815499944984914,69.46340876370873,301.33592194701026
2024-09-30,7.130000114440918,7.190000057220459,7.090000152587891,7.150000095367432,123100,4.302199974060058,1.8157999950647354,65.72916548349606,292.66439772111164
2024-10-01,6.579999923706055,7.150000095367432,6.260000228881836,7.150000095367432,364800,4.3767999744415285,1.8472999946773052,50.33814572587705,256.1955255056166
2024-10-02,6.480000019073486,6.900000095367432,6.409999847412109,6.550000190734863,110600,4.452399973869324,1.878199994713068,45.53948560560459,245.01118290458913
2024-10-03,6.300000190734863,6.550000190734863,6.099999904632568,6.449999809265137,151900,4.523199977874756,1.9081999956071376,39.281929199489966,230.15408265580538
2024-10-04,5.829999923706055,6.480000019073486,5.409999847412109,6.300000190734863,464600,4.5819999742507935,1.9358499951660633,27.237013454137404,201.15969410150188
2024-10-07,5.699999809265137,5.840000152587891,5.039999961853027,5.699999809265137,430900,4.638599972724915,1.962699994146824,22.881900633408335,190.41625445884299
2024-10-08,6.599999904632568,6.78000020980835,5.650000095367432,5.650000095367432,660500,4.712599968910217,1.9940499936044216,40.05007741318665,230.9846757002559
2024-10-09,6.5,6.75,6.389999866485596,6.610000133514404,181400,4.786399970054626,2.0249499936401842,35.80143825560438,220.99558114594075
2024-10-10,6.400000095367432,6.5,6.25,6.400000095367432,67000,4.858599972724915,2.055649994164705,31.72519102818898,211.3370521992979
2024-10-11,6.449999809265137,6.5,6.199999809265137,6.400000095367432,70400,4.934399967193603,2.0862999932467936,30.71497754839516,209.1597483652079
2024-10-14,6.039999961853027,6.550000190734863,5.840000152587891,6.440000057220459,223900,5.0063999652862545,2.1149499930441378,20.645573740284927,185.5859467939191
2024-10-15,5.889999866485596,6.139999866485596,5.25,6.039999961853027,263200,5.0783999633789065,2.1428999923169614,15.981409675473701,174.86116419820266
2024-10-16,6.110000133514404,6.179999828338623,5.789999961853027,5.860000133514404,116500,5.153199968338012,2.1720999929308893,18.56710725481463,181.2946067584104
2024-10-17,6.0,6.449999809265137,5.900000095367432,6.239999771118164,88200,5.226599969863892,2.2006499929726124,14.797383281587727,172.64671888578113
2024-10-18,6.0,6.150000095367432,5.820000171661377,6.0,122100,5.29919997215271,2.2291999930143356,13.224638276154765,169.15485460264915
2024-10-21,6.369999885559082,6.429999828338623,6.0,6.0,103000,5.377799968719483,2.2597999924421313,18.449922321596745,181.8833483876208
2024-10-22,6.289999961853027,6.440000057220459,6.059999942779541,6.340000152587891,71200,5.458799967765808,2.2897499921917914,15.226789752243208,174.70247770727676
2024-10-23,6.0,6.480000019073486,5.75,6.480000019073486,135700,5.527599968910217,2.3184499922394752,8.54620511156341,158.79359141166472
2024-10-24,6.869999885559082,7.25,6.010000228881836,6.079999923706055,670700,5.609999966621399,2.3512499916553495,22.45989173680001,192.1850041442169
2024-10-25,7.130000114440918,7.46999979019165,6.960000038146973,7.0,306400,5.6875999689102175,2.3851499922573565,25.360435920514888,198.93298692267712
2024-10-28,7.400000095367432,7.789999961853027,6.929999828338623,7.230000019073486,590500,5.75959997177124,2.420699992775917,28.481146809432367,205.69670415380736
2024-10-29,7.46999979019165,7.599999904632568,7.300000190734863,7.480000019073486,225500,5.821999969482422,2.456549991667271,28.30642097814604,204.0849897429415
2024-10-30,7.840000152587891,8.0,7.480000019073486,7.489999771118164,416900,5.887799968719483,2.4941999924182894,33.15670019769685,214.32925091890885
2024-10-31,7.800000190734863,7.849999904632568,7.409999847412109,7.849999904632568,166200,5.9529999732971195,2.5315499933063985,31.026377048927944,208.11163956305933
2024-11-01,7.900000095367432,7.960000038146973,7.53000020980835,7.599999904632568,228000,6.027599973678589,2.569649993777275,31.063775463953604,207.43486912607776
2024-11-04,8.479999542236328,8.569999694824219,8.0,8.0,490600,6.107999963760376,2.610499991476536,38.83430898083431,224.84196781934943
2024-11-05,8.479999542236328,8.670000076293945,8.119999885559082,8.569999694824219,136600,6.185599956512451,2.6512999892234803,37.09259573613777,219.8430798741855
2024-11-06,8.65999984741211,8.970000267028809,8.529999732971191,8.739999771118164,218500,6.260199956893921,2.6930499884486196,38.33423703783545,221.5684775461914
2024-11-07,8.649999618530273,8.989999771118164,8.390000343322754,8.489999771118164,221200,6.329399948120117,2.734699986577034,36.66381788844602,216.3052496064585
2024-11-08,9.0,9.390000343322754,8.619999885559082,8.699999809265137,485900,6.411199951171875,2.778099986612797,40.37933723085534,223.96242192035947
2024-11-11,8.979999542236328,9.350000381469727,8.920000076293945,9.050000190734863,425400,6.494999942779541,2.8214499843120575,38.26019432408694,218.27604927137793
2024-11-12,9.270000457763672,9.359999656677246,8.949999809265137,8.949999809265137,351500,6.5795999526977536,2.866299986541271,40.89003167985625,223.41347735027787
2024-11-13,11.319999694824219,11.6899995803833,9.649999618530273,9.699999809265137,1365800,6.704999942779541,2.9213999849557877,68.82922880580283,287.4854437296622
2024-11-14,11.979999542236328,12.989999771118164,11.0,11.850000381469727,2319000,6.8459999370574955,2.9798499827086924,74.99269138739572,302.03364638331465
2024-11-15,9.0600004196167,9.489999771118164,7.5,7.800000190734863,4773400,6.930599946975708,3.0238499848544595,30.72461964234703,199.61805198655597
2024-11-18,7.420000076293945,9.050000190734863,7.21999979019165,9.050000190734863,1966500,6.978999948501587,3.0595999851822855,6.318958748338188,142.51536515326123
2024-11-19,8.029999732971191,8.34000015258789,7.5,7.710000038146973,1226800,7.042199945449829,3.098399983793497,14.026863695621273,159.16601390953198
2024-11-20,7.53000020980835,8.199999809265137,7.260000228881836,8.100000381469727,1186400,7.096199951171875,3.1346999847888948,6.113134658287578,140.21438244002974
2024-11-21,7.309999942779541,7.900000095367432,7.289999961853027,7.650000095367432,1124900,7.1443999481201175,3.169949984550476,2.317899275823687,130.6030056753768
2024-11-22,7.389999866485596,7.559999942779541,6.730000019073486,7.400000095367432,1681300,7.1889999485015865,3.2052999839186667,2.7959371181509596,130.55563920887332
2024-11-25,8.100000381469727,8.479999542236328,7.590000152587891,7.590000152587891,1814800,7.2449999523162845,3.244299985766411,11.801248237138928,149.66866248517516
2024-11-26,9.4399995803833,9.819999694824219,8.220000267028809,8.300000190734863,1966700,7.324799947738647,3.290149983614683,28.877234159789843,186.91699853792562
2024-11-27,9.699999809265137,10.550000190734863,8.880000114440918,9.569999694824219,1467500,7.407599945068359,3.3372999826073646,30.946593784710963,190.65411739482659
2024-11-29,10.1899995803833,10.470000267028809,9.8100004196167,10.199999809265137,594100,7.492999935150147,3.3867499804496766,35.99358959795735,200.87841261404012
2024-12-02,11.010000228881836,11.5,10.399999618530273,10.399999618530273,1378000,7.593199939727783,3.440399981588125,44.99816041030713,220.02093616450674
2024-12-03,10.8100004196167,11.680000305175781,10.649999618530273,11.010000228881836,1142700,7.674599952697754,3.492899983674288,40.85425281114225,209.48496865476608
2024-12-04,9.25,11.0,9.100000381469727,10.989999771118164,1792800,7.726799955368042,3.537599983662367,19.71320667585996,161.47670857980282
2024-12-05,9.960000038146973,9.989999771118164,9.25,9.350000381469727,714000,7.786599960327148,3.5856999838352204,27.91205518317792,177.77003327238438
2024-12-06,9.899999618530273,10.6899995803833,9.770000457763672,10.65999984741211,1013400,7.842999954223632,3.6332999819517138,26.227204849069263,172.47955488696678
2024-12-09,9.600000381469727,10.140000343322754,9.149999618530273,10.0,979500,7.891999959945679,3.679199983924627,21.64217473634913,160.92629983188198
2024-12-10,9.149999618530273,9.710000038146973,8.920000076293945,9.710000038146973,828200,7.932399950027466,3.722599982023239,15.349700924984134,145.79594000742554
2024-12-11,9.260000228881836,9.680000305175781,8.579999923706055,9.069999694824219,895500,7.985999956130981,3.7664999832212924,15.952921108805974,145.8515935253566
2024-12-12,9.40999984741211,9.989999771118164,9.300000190734863,9.34000015258789,519200,8.044599952697753,3.8112999825179577,16.972875006127186,146.89738122359336
2024-12-13,8.90999984741211,9.6899995803833,8.850000381469727,9.6899995803833,559800,8.096799945831298,3.853599981814623,10.043472816683497,131.212369977656
2024-12-16,9.59000015258789,10.100000381469727,9.0,9.050000190734863,725900,8.171999950408935,3.8990999825298784,17.351936010572256,145.95419957314223
2024-12-17,9.34000015258789,10.020000457763672,9.109999656677246,9.59000015258789,473700,8.24479995727539,3.943349983245134,13.283526598435813,136.85445604048684
2024-12-18,9.470000267028809,10.680000305175781,9.140000343322754,9.4399995803833,1320200,8.302199964523316,3.9882499845325947,14.06615484444722,137.44750965350158
2024-12-19,10.130000114440918,10.75,9.699999809265137,9.75,957400,8.374799966812134,4.036649985164404,20.958114278362892,150.9506682935341
2024-12-20,10.0600004196167,10.729999542236328,9.75,10.079999923706055,1404800,8.447999973297119,4.0846499872207644,19.081444737391994,146.2879426900815
2024-12-23,10.119999885559082,11.350000381469727,10.119999885559082,10.489999771118164,1107600,8.521399974822998,4.132999986708164,18.759827205145243,144.8584543456392
2024-12-24,10.779999732971191,10.829999923706055,10.0600004196167,10.239999771118164,479900,8.616199970245361,4.184699985384941,25.113156266082015,157.60507970990338
2024-12-26,12.1899995803833,12.199999809265137,10.75,10.789999961853027,1340700,8.742199964523316,4.2433499832451345,39.43858101909685,187.27301845276747
2024-12-27,11.970000267028809,12.489999771118164,11.270000457763672,12.489999771118164,856800,8.859399967193603,4.300949984639883,35.11073336065391,178.31061299893383
2024-12-30,11.859999656677246,11.9399995803833,11.149999618530273,11.739999771118164,760100,8.976599960327148,4.357849982976913,32.12128989922165,172.15254547554437
2024-12-31,11.859999656677246,12.359999656677246,11.180000305175781,11.960000038146973,678400,9.093799953460694,4.4147499813139435,30.41852380053578,168.644876989102
2025-01-02,13.670000076293945,13.760000228881836,11.710000038146973,12.100000381469727,1941500,9.239799957275391,4.480699981749058,47.94692676793535,205.086261788896
2025-01-03,13.739999771118164,14.489999771118164,13.199999809265137,13.850000381469727,1266400,9.388799953460694,4.547049980610609,46.34457906469321,202.17393320301844
2025-01-06,13.5600004196167,14.449999809265137,13.109999656677246,14.300000190734863,1025500,9.539999961853027,4.612499982714653,42.138369746731485,193.98375003648368
2025-01-07,12.609999656677246,13.609999656677246,12.300000190734863,13.5600004196167,1218400,9.65479995727539,4.673299981057644,30.60860621120338,169.83073433739636
2025-01-08,11.789999961853027,12.800000190734863,11.539999961853027,12.65999984741211,1020500,9.747999954223634,4.729649980962276,20.947886922636183,149.27848803420923
2025-01-10,11.15999984741211,11.960000038146973,10.569999694824219,11.729999542236328,1101600,9.823199949264527,4.782849980294705,13.60859908229466,133.33367957161943
2025-01-13,11.34000015258789,11.380000114440918,10.479999542236328,10.90999984741211,725300,9.900599956512451,4.836799980998039,14.538514861704165,134.45253467454657
2025-01-14,10.880000114440918,12.039999961853027,10.869999885559082,11.539999961853027,610700,9.961399955749512,4.888099981546402,9.221596992109626,122.5813742663855
2025-01-15,11.460000038146973,11.729999542236328,11.100000381469727,11.420000076293945,466300,10.034599952697754,4.942249981760979,14.204852133303113,131.87819475824344
2025-01-16,11.789999961853027,12.789999961853027,11.5,11.5,629400,10.112399950027466,4.998199981451035,16.589533840787276,135.8849186828706
2025-01-17,12.010000228881836,13.319999694824219,12.010000228881836,12.1899995803833,1156600,10.182999963760375,5.05534998267889,17.94167015244481,137.5701043455273
2025-01-21,13.199999809265137,13.390000343322754,11.670000076293945,12.430000305175781,987100,10.277399969100951,5.1183499816060065,28.4371518959172,157.89560809054555
2025-01-22,15.220000267028809,16.3700008392334,13.609999656677246,13.869999885559082,2790400,10.408599977493287,5.1916499829292295,46.225239705044906,193.16306602089898
2025-01-23,16.229999542236328,16.25,14.529999732971191,14.979999542236328,1361300,10.560199975967407,5.269999980628491,53.690267032556996,207.9696319145103
2025-01-24,16.540000915527344,18.260000228881836,16.010000228881836,16.75,2133300,10.710999994277953,5.34984998524189,54.42069764133477,209.1675647196582
2025-01-27,12.789999961853027,15.010000228881836,12.3100004196167,14.0,3218900,10.787200002670287,5.410949985086918,18.566448741906715,136.37254081267537
2025-01-28,12.739999771118164,13.600000381469727,11.890000343322754,13.260000228881836,1758700,10.856599988937377,5.471899983882904,17.347970673138246,132.82588878895697
2025-01-29,12.020000457763672,13.0600004196167,11.90999984741211,12.800000190734863,1096900,10.870600004196167,5.529099986255169,10.573477573674172,117.39524493397266
2025-01-30,13.449999809265137,13.550000190734863,12.149999618530273,12.149999618530273,1355600,10.900000009536743,5.59359998524189,23.3944935550213,140.45337251057478
2025-01-31,14.40999984741211,15.5,14.010000228881836,14.210000038146973,1648100,11.00699999809265,5.662849984467029,30.916688015891225,154.46550565418758
2025-02-03,13.930000305175781,14.449999809265137,12.609999656677246,13.09000015258789,1600800,11.137200002670289,5.729499985873699,25.07632350892399,143.12767849761286
2025-02-04,15.109999656677246,15.140000343322754,13.5,13.989999771118164,1043000,11.27880000114441,5.801599984169006,33.968149582793394,160.4453891669253
2025-02-05,15.430000305175781,15.699999809265137,14.550000190734863,15.109999656677246,993300,11.436800003051758,5.874949985742569,34.91536357248961,162.6405389428263
2025-02-06,14.850000381469727,15.770000457763672,14.390000343322754,15.710000038146973,783200,11.587600011825561,5.945599987506866,28.15423699743491,149.76453869539063
2025-02-07,14.920000076293945,16.469999313354492,14.640000343322754,15.1899995803833,912400,11.738200016021729,6.016199987828731,27.106371129554006,147.99707633520057
2025-02-10,14.050000190734863,15.270000457763672,13.890000343322754,15.270000457763672,967800,11.85720001220703,6.082299988865852,18.493406337671093,130.99814570893474
2025-02-11,13.649999618530273,14.470000267028809,13.260000228881836,14.020000457763672,678900,11.941400012969972,6.14639998704195,14.308201749414074,122.08121253591808
2025-02-12,14.760000228881836,15.149999618530273,13.100000381469727,13.149999618530273,980300,12.042600021362304,6.216149988174439,22.56489630726879,137.44601171080427
2025-02-13,14.229999542236328,15.100000381469727,14.0,14.9399995803833,786800,12.123400020599366,6.283299985826016,17.376309600092,126.47334321672727
2025-02-14,15.739999771118164,15.960000038146973,13.359999656677246,14.140000343322754,2398500,12.218000011444092,6.3578499847650525,28.82631982628221,147.5679641519541
2025-02-18,15.4399995803833,16.989999771118164,15.130000114440918,16.399999618530273,1164500,12.310599994659423,6.430899982750415,25.420366083549716,140.09080566947034
2025-02-19,15.140000343322754,16.25,14.989999771118164,15.600000381469727,993600,12.42840000152588,6.502549984455109,21.817774946605837,132.83174107874905
2025-02-20,13.920000076293945,15.34000015258789,13.859999656677246,15.34000015258789,1146700,12.507600002288818,6.567949984967709,11.2923348503843,111.93827766887878
2025-02-21,13.170000076293945,14.25,12.8100004196167,14.130000114440918,1559800,12.573000011444092,6.629649985432625,4.748270614065508,98.65302248583976
2025-02-24,12.300000190734863,13.25,12.260000228881836,13.170000076293945,1372800,12.627000007629395,6.6866499865055085,-2.5896873105009433,83.94861725315059
2025-02-25,10.960000038146973,12.100000381469727,10.510000228881836,12.069999694824219,2045600,12.663200016021728,6.7371499866247175,-13.44999664950276,62.68006590184114
2025-02-26,11.3100004196167,12.130000114440918,10.75,11.59000015258789,1233100,12.704200019836426,6.789149988591671,-10.974320288115846,66.58934385927193
2025-02-27,10.710000038146973,12.199999809265137,10.680000305175781,11.680000305175781,953300,12.730200023651124,6.838149988651276,-15.869349906135577,56.62130921260125
2025-02-28,10.890000343322754,11.15999984741211,9.770000457763672,10.239999771118164,1744900,12.769800033569336,6.887999990284443,-14.72066661423791,58.1010505035301
2025-03-03,9.220000267028809,11.350000381469727,8.949999809265137,11.199999809265137,1717300,12.762400035858155,6.929449991583824,-27.7565329317085,33.05529700375898
2025-03-04,9.729999542236328,10.220000267028809,8.890000343322754,8.949999809265137,1405600,12.770200023651123,6.971099989414215,-23.80699187001123,39.576244165362276
2025-03-05,9.789999961853027,9.890000343322754,9.010000228881836,9.800000190734863,827200,12.776600017547608,7.013649989366531,-23.37554632369121,39.58495186808224
2025-03-06,8.789999961853027,9.600000381469727,8.640000343322754,9.380000114440918,1030300,12.74980001449585,7.050299988985062,-31.05774245980909,24.675545375174977
2025-03-07,9.5,9.619999885559082,8.8100004196167,8.819999694824219,1114200,12.738600006103516,7.090799989104271,-25.423515963699206,33.976420355921874
2025-03-10,8.600000381469727,9.319999694824219,8.449999809265137,9.069999694824219,1368200,12.708200016021728,7.126399990916252,-32.3271559258796,20.67804771598305
2025-03-11,9.25,9.449999809265137,8.550000190734863,8.600000381469727,1071200,12.677600021362304,7.165999990701676,-27.03666321375221,29.081775216333263
2025-03-12,9.619999885559082,10.279999732971191,9.399999618530273,9.789999961853027,633600,12.62620002746582,7.20709999024868,-23.80922316585623,33.479484100055416
2025-03-13,9.010000228881836,9.59000015258789,8.880000114440918,9.529999732971191,498700,12.56700002670288,7.244749991297722,-28.304287341951017,24.365923457738425
2025-03-14,9.649999618530273,9.850000381469727,9.239999771118164,9.279999732971191,553700,12.522800025939942,7.283099989295006,-22.940559630904435,32.49851893718654
2025-03-17,9.369999885559082,9.800000190734863,9.25,9.640000343322754,610900,12.473000030517579,7.3198999887704845,-24.8777370108748,28.007211846250236
2025-03-18,8.75,9.210000038146973,8.569999694824219,9.210000038146973,637000,12.374600028991699,7.352299988865853,-29.290643903640067,19.010377885162335
2025-03-19,9.180000305175781,9.260000228881836,8.630000114440918,8.84000015258789,620900,12.283400039672852,7.386249989867211,-25.26498953444265,24.284993302004644
2025-03-20,9.100000381469727,9.4399995803833,8.850000381469727,8.989999771118164,718900,12.194200038909912,7.421299992203712,-25.374355411318874,22.620031409989316
2025-03-21,9.380000114440918,9.40999984741211,8.75,8.949999809265137,849500,12.129600048065186,7.459949992895126,-22.66851275168682,25.73810981808795
2025-03-24,10.149999618530273,10.199999809265137,9.609999656677246,9.609999656677246,759000,12.09680004119873,7.500949990749359,-16.093515773081577,35.31618836344581
2025-03-25,10.149999618530273,10.329999923706055,9.699999809265137,10.149999618530273,631900,12.076600036621095,7.542699989080429,-15.953169039701542,34.56719256001741
2025-03-26,9.350000381469727,10.220000267028809,9.300000190734863,10.220000267028809,578200,12.036800041198731,7.579699990749359,-22.321544351761357,23.35581082207647
2025-03-27,8.510000228881836,9.390000343322754,8.430000305175781,9.300000190734863,2001500,11.98940004348755,7.61284999191761,-29.020633242575535,11.784682975714865
2025-03-28,8.25,9.5,7.849999904632568,9.109999656677246,1676000,11.92520004272461,7.644349991679191,-30.818770582945444,7.922845094482245
2025-03-31,7.849999904632568,8.270000457763672,7.480000019073486,7.789999961853027,1795500,11.8464000415802,7.67414999127388,-33.735144203475244,2.2914578625469195
2025-04-01,7.389999866485596,7.869999885559082,7.210000038146973,7.760000228881836,1069300,11.754000034332275,7.701199990510941,-37.12778760506947,-4.040930301885304
2025-04-02,7.670000076293945,8.0,7.110000133514404,7.170000076293945,734400,11.643400039672851,7.729299991130829,-34.12577039215555,-0.7672093838371974
2025-04-03,6.690000057220459,7.320000171661377,6.510000228881836,6.829999923706055,1293200,11.472800035476684,7.75249999165535,-41.688166476070755,-13.705255537936756
2025-04-04,6.239999771118164,6.429999828338623,5.699999809265137,6.25,1133700,11.27300004005432,7.773749990463257,-44.6465027149233,-19.729862951943133
2025-04-07,6.78000020980835,7.130000114440918,5.630000114440918,5.78000020980835,1263600,11.077800025939942,7.797699991464615,-38.79651019216631,-13.05128156726012
2025-04-08,6.519999980926514,7.730000019073486,6.380000114440918,7.619999885559082,663900,10.952400026321412,7.820349991321564,-40.46966906561767,-16.627772565653466
2025-04-09,7.559999942779541,7.869999885559082,6.329999923706055,6.5,1139100,10.848800029754639,7.848249990940094,-30.314874252959,-3.672793915755801
2025-04-10,6.96999979019165,7.519999980926514,6.690000057220459,7.329999923706055,524700,10.747800016403199,7.872699990272522,-35.149521022403675,-11.466208558642455
2025-04-11,7.059999942779541,7.239999771118164,6.78000020980835,7.0,460700,10.620000019073487,7.897649990320206,-33.52165790866476,-10.606320216359732
2025-04-14,7.340000152587891,7.489999771118164,6.960000038146973,7.480000019073486,488100,10.478600025177002,7.923999991416931,-29.95247327933098,-7.370013117890128
2025-04-15,7.539999961853027,7.739999771118164,7.340000152587891,7.460000038146973,700000,10.350800018310547,7.950699990987777,-27.155389452846347,-5.165583276947738
2025-04-16,7.070000171661377,7.510000228881836,6.78000020980835,7.329999923706055,499700,10.19000002861023,7.975099991559983,-30.618251699596676,-11.349071746516904
2025-04-17,7.380000114440918,7.440000057220459,6.949999809265137,7.179999828338623,330100,10.029000024795533,8.000999991893769,-26.41340017753785,-7.7615282849896055
2025-04-21,6.710000038146973,7.28000020980835,6.610000133514404,7.28000020980835,526500,9.866200017929078,8.023149992227554,-31.990026292256267,-16.36701239977687
2025-04-22,6.71999979019165,6.989999771118164,6.599999904632568,6.809999942779541,737300,9.702200012207031,8.045499991178513,-30.737360786865477,-16.47505067976145
2025-04-23,7.349999904632568,7.809999942779541,7.099999904632568,7.139999866485596,823500,9.568200006484986,8.069749990701675,-23.183044881471957,-8.919112573480403
2025-04-24,7.489999771118164,7.699999809265137,7.210000038146973,7.329999923706055,417100,9.445000009536743,8.093349989652634,-20.698784927946946,-7.454888511010327
2025-04-25,7.53000020980835,7.610000133514404,7.170000076293945,7.46999979019165,434100,9.300400009155274,8.116549990177155,-19.035738222056576,-7.22658988213788
2025-04-28,7.300000190734863,7.769999980926514,7.130000114440918,7.630000114440918,486800,9.161800022125243,8.139499990940093,-20.321332346200915,-10.313898902139684
2025-04-29,7.269999980926514,7.420000076293945,7.039999961853027,7.25,378400,8.99240002632141,8.160949990749359,-19.15395267507347,-10.917234033203972
2025-04-30,6.840000152587891,6.980000019073486,6.5,6.980000019073486,591300,8.820400037765502,8.178149991035461,-22.452495087505262,-16.36250056448455
2025-05-01,7.53000020980835,7.639999866485596,7.179999828338623,7.199999809265137,626200,8.668200035095214,8.200199992656708,-13.130751720987044,-8.172968750134435
2025-05-02,7.610000133514404,8.579999923706055,7.5,7.739999771118164,1526400,8.542000036239624,8.22254999279976,-10.910792540051395,-7.449633748919093
2025-05-05,6.869999885559082,7.460000038146973,6.829999923706055,7.380000114440918,1151000,8.416000032424927,8.24194999217987,-18.369773537422283,-16.645940680573446
2025-05-06,7.150000095367432,7.21999979019165,6.670000076293945,6.769999980926514,692900,8.313000030517578,8.262799992561341,-13.990135100212875,-13.467588446963708
2025-05-07,6.949999809265137,7.139999866485596,6.800000190734863,7.130000114440918,753200,8.232800025939941,8.282649991512299,-15.581578717240207,-16.089659512508735
2025-05-08,7.360000133514404,7.380000114440918,6.920000076293945,6.949999809265137,755400,8.153800020217895,8.305199992656707,-9.735336710922649,-11.380819967948153
2025-05-09,7.329999923706055,7.539999961853027,7.230000019073486,7.389999866485596,570500,8.086200017929077,8.32834999203682,-9.351736199282012,-11.98736927825249
2025-05-12,8.229999542236328,8.350000381469727,7.699999809265137,7.889999866485596,1035900,8.033000001907348,8.355699989795685,2.452378193479454,-1.50436764978239
2025-05-13,9.069999694824219,9.270000457763672,8.3100004196167,8.319999694824219,1468600,8.029999990463256,8.386599987745285,12.951428463214288,8.148709942974918
2025-05-14,9.050000190734863,9.59000015258789,8.90999984741211,9.319999694824219,1047200,8.016400003433228,8.417499989271164,12.893570516178965,7.5141099170760395
2025-05-15,8.869999885559082,9.210000038146973,8.479999542236328,9.210000038146973,4603300,7.998000001907348,8.447349988222122,10.902724224103277,5.003343035700514
2025-05-16,15.4399995803833,16.399999618530273,12.4399995803833,13.0,29157900,8.130999994277953,8.51049998641014,89.89053734164219,81.42294348203308
2025-05-19,13.960000038146973,15.289999961853027,13.260000228881836,14.220000267028809,4679900,8.220199995040893,8.56634998679161,69.82555225625657,62.963223072508015
2025-05-20,11.699999809265137,14.170000076293945,11.460000038146973,13.989999771118164,5238400,8.282199983596803,8.611549985408782,41.26681114241882,35.864041073782936
2025-05-21,11.34000015258789,12.729999542236328,11.010000228881836,11.510000228881836,3933700,8.323999986648559,8.65604998588562,36.23258254176962,31.006638952855692
2025-05-22,12.25,12.59000015258789,11.050000190734863,11.300000190734863,2139000,8.376599988937379,8.705849986076355,46.24071838428547,40.70998259322132
2025-05-23,13.180000305175781,13.380000114440918,11.680000305175781,11.6899995803833,2291300,8.459999990463256,8.759899988174439,55.79196595783997,50.458342252403845
2025-05-27,12.8100004196167,13.600000381469727,12.600000381469727,13.460000038146973,1875400,8.523200006484986,8.812299990653992,50.29566840940076,45.365006107401285
2025-05-28,12.739999771118164,13.520000457763672,12.369999885559082,12.970000267028809,1646700,8.590600004196167,8.864149990081787,48.30162927962167,43.725002232285284
2025-05-29,12.239999771118164,13.199999809265137,12.069999694824219,12.979999542236328,1834200,8.66039999961853,8.913149988651275,41.3329611987588,37.32518567176386
2025-05-30,14.4399995803833,14.479999542236328,12.100000381469727,12.34000015258789,5051400,8.76559998512268,8.974149986505509,64.7348681766386,60.906599534182384
2025-06-02,14.460000038146973,14.529999732971191,13.470000267028809,14.0600004196167,2262500,8.872799978256225,9.033649986982345,62.96997648524476,60.068190144449886
2025-06-03,15.140000343322754,15.760000228881836,14.09000015258789,14.960000038146973,2093600,8.987999982833863,9.09559998869896,68.44682212103434,66.45411366082283
2025-06-04,17.170000076293945,17.5,15.100000381469727,15.329999923706055,4650000,9.128399991989136,9.16519998908043,88.09430011132207,87.33906621514606
2025-06-05,16.940000534057617,18.479999542236328,16.6200008392334,17.280000686645508,3092000,9.264200010299682,9.230899991989135,82.85443443820506,83.51407282885397
2025-06-06,19.84000015258789,20.579999923706055,16.649999618530273,17.0,5150600,9.474000005722045,9.308349993228912,109.41524319828008,113.14196572990829
2025-06-09,20.809999465942383,21.399999618530273,19.350000381469727,21.219999313354492,3213200,9.719999990463258,9.38964998960495,114.09464492139958,121.62699875906577
2025-06-10,20.420000076293945,21.530000686645508,19.600000381469727,20.489999771118164,2619700,9.963399991989135,9.469049990177155,104.95011836032097,115.64993423286292
2025-06-11,20.440000534057617,20.84000015258789,19.65999984741211,20.299999237060547,1760600,10.215200004577637,9.550399992465973,100.09398274040686,114.02245508232247
2025-06-12,20.459999084472656,20.56999969482422,18.860000610351562,20.139999389648438,1731500,10.476599988937378,9.6303999876976,95.29235731131389,112.4522253552228
2025-06-13,18.389999389648438,21.399999618530273,18.100000381469727,19.690000534057617,2730300,10.690999975204468,9.69934998512268,72.01383810962663,89.60032804111498
2025-06-16,21.600000381469727,21.899999618530273,18.979999542236328,19.0,2789500,10.989199981689453,9.782699987888336,96.55662302497288,120.79794339202911
2025-06-17,21.790000915527344,22.200000762939453,20.93000030517578,21.3799991607666,1749800,11.300200004577636,9.86569999217987,92.82845353799365,120.86624297109552
2025-06-18,23.770000457763672,24.200000762939453,21.75,21.850000381469727,2887800,11.640000009536744,9.959999995231628,104.20962575849417,138.6546231841728
2025-06-20,25.610000610351562,27.040000915527344,24.309999465942383,24.530000686645508,4172400,12.021800022125245,10.064099998474122,113.0296674642585,154.46886074496922
2025-06-23,26.959999084472656,27.170000076293945,22.59000015258789,25.399999618530273,3247400,12.409800004959106,10.173699994087219,117.24765164385498,164.9969932290253
2025-06-24,28.479999542236328,29.809999465942383,28.100000381469727,28.549999237060547,2826400,12.84,10.290849990844727,121.80685001741689,176.75070152196963
2025-06-25,27.170000076293945,29.200000762939453,26.75,29.0,2511200,13.242200002670288,10.402049992084503,105.17738797794264,161.19851468671183
2025-06-26,31.100000381469727,31.940000534057617,27.889999389648438,27.989999771118164,3372900,13.717400007247925,10.53339999437332,126.71935180892353,195.2512996571152
2025-06-27,30.25,31.600000381469727,29.309999465942383,30.860000610351562,5074800,14.171600008010865,10.659649994373321,113.45507905176832,183.7804244601597
2025-06-30,28.829999923706055,31.700000762939453,27.530000686645508,31.399999618530273,3126300,14.606800003051758,10.779449994564056,97.37382532575707,167.45334816010714
2025-07-01,26.610000610351562,28.59000015258789,25.75,27.889999389648438,2777200,14.99140001296997,10.888349997997285,77.50177159791372,144.389651464602
2025-07-02,28.299999237060547,28.639999389648438,26.309999465942383,27.079999923706055,1975600,15.423199996948242,11.00534999370575,83.48980265223955,157.14765321635446
2025-07-03,28.09000015258789,29.06999969482422,26.899999618530273,28.329999923706055,1555200,15.850600004196167,11.119999995231629,77.21726713910866,152.6079151495789
2025-07-07,28.959999084472656,29.479999542236328,26.18000030517578,27.40999984741211,2287600,16.28279998779297,11.238299989700318,77.85638284683003,157.6902121407502
2025-07-08,26.739999771118164,29.790000915527344,26.049999237060547,29.030000686645508,2604400,16.667799987792968,11.344749989509582,60.429089566120275,135.703737815681
2025-07-09,24.59000015258789,27.299999237060547,24.5,26.850000381469727,2796300,17.00899998664856,11.439899990558624,44.5705224992071,114.94943288736854
2025-07-10,22.920000076293945,24.399999618530273,22.3700008392334,24.270000457763672,3366700,17.32139998435974,11.524899990558625,32.32186830735062,98.87374376411388
2025-07-11,20.510000228881836,22.700000762939453,20.43000030517578,22.450000762939453,2646000,17.586199989318846,11.597449991703034,16.62553730390186,76.84922326507082
2025-07-14,21.31999969482422,21.31999969482422,19.790000915527344,20.440000534057617,2490200,17.875799980163574,11.670349991321563,19.26738785666995,82.68517834236708
2025-07-15,20.579999923706055,22.530000686645508,20.559999465942383,22.530000686645508,2107500,18.13679997444153,11.740049991607666,13.470953821553389,75.29737895850184
2025-07-16,22.1200008392334,22.219999313354492,20.31999969482422,20.690000534057617,1578500,18.42699998855591,11.815799996852874,20.041248455912665,87.20696732447264
2025-07-17,21.540000915527344,23.200000762939453,21.40999984741211,22.200000762939453,2595700,18.720400009155274,11.888100001811981,15.061648816227935,81.18960062789027
2025-07-18,23.18000030517578,23.489999771118164,21.149999618530273,21.600000381469727,1937100,19.04100001335144,11.968250002861023,21.737305230408577,93.67911181362838
2025-07-21,25.260000228881836,26.8700008392334,24.200000762939453,24.239999771118164,4092500,19.407200021743776,12.058900003433228,30.157880583394814,109.47184421207731
2025-07-22,25.399999618530273,25.889999389648438,23.309999465942383,25.100000381469727,2550400,19.76800001144409,12.15300000190735,28.490487676172126,109.00188936512696
2025-07-23,25.84000015258789,26.739999771118164,24.15999984741211,26.09000015258789,2460300,20.138200016021727,12.24980000257492,28.313355374511495,110.94222066610308
2025-07-24,26.950000762939453,27.399999618530273,25.3799991607666,26.020000457763672,2502500,20.512600040435792,12.353050005435943,31.382665824000043,118.16475081927251
2025-07-25,28.950000762939453,29.5,26.510000228881836,27.469999313354492,3216300,20.910200061798097,12.46865000963211,38.44918115264557,132.1823191811094
2025-07-28,27.260000228881836,30.399999618530273,27.1200008392334,29.600000381469727,2648500,21.274400062561035,12.576450011730195,28.135224254122846,116.7543321323277
2025-07-29,23.690000534057617,27.299999237060547,23.649999618530273,27.299999237060547,3882900,21.570800075531007,12.66190001487732,9.82439432522737,87.09672723858692
2025-07-30,25.110000610351562,25.969999313354492,23.5,23.799999237060547,2079300,21.76420009613037,12.754950017929078,15.372954206647215,96.8647511362689
2025-07-31,27.200000762939453,29.260000228881836,26.190000534057617,26.399999618530273,3182100,22.02900011062622,12.858950021266937,23.473605821168775,111.52583000909395
2025-08-01,27.09000015258789,29.06999969482422,25.770000457763672,26.09000015258789,2831600,22.336800117492675,12.96215002298355,21.279682005001387,108.99310766002439
